// Auto-generated from pop up_btn_n.png by convert_dvr_images.py
// LVGL version: 9.2.2   Image: 180x60 ARGB8888

#include "../ui.h"

#ifndef LV_ATTRIBUTE_MEM_ALIGN
    #define LV_ATTRIBUTE_MEM_ALIGN
#endif

// IMAGE DATA: pop up_btn_n.png
const LV_ATTRIBUTE_MEM_ALIGN uint8_t ui_img_pop_up_btn_n_png_data[] = {
    0x00,0x00,0x00,0x00,0x00,0x00,0x00,0x00,0x00,0x00,0x00,0x00,0x00,0x00,0x00,0x00,0xEA,0xCF,0xB3,0x25,0xE9,0xD8,0xC2,0x68,0xEA,0xD8,0xC3,0x91,0xEC,0xDB,0xC8,0xA3,0xED,0xDA,0xC8,0xA6,0xED,0xDA,0xC8,0xA6,0xED,0xDA,0xC8,0xA6,0xED,0xDA,0xC8,0xA6,0xED,0xDA,0xC8,0xA6,0xED,0xDA,0xC8,0xA6,0xED,0xDA,0xC8,0xA6,0xED,0xDA,0xC8,0xA6,
    0xED,0xDA,0xC8,0xA6,0xED,0xDA,0xC8,0xA6,0xED,0xDA,0xC8,0xA6,0xED,0xDA,0xC8,0xA6,0xED,0xDA,0xC8,0xA6,0xED,0xDA,0xC8,0xA6,0xED,0xDA,0xC8,0xA6,0xED,0xDA,0xC8,0xA6,0xED,0xDA,0xC8,0xA6,0xED,0xDA,0xC8,0xA6,0xED,0xDA,0xC8,0xA6,0xED,0xDA,0xC8,0xA6,0xED,0xDA,0xC8,0xA6,0xED,0xDA,0xC8,0xA6,0xED,0xDA,0xC8,0xA6,0xED,0xDA,0xC8,0xA6,
    0xED,0xDA,0xC8,0xA6,0xED,0xDA,0xC8,0xA6,0xED,0xDA,0xC8,0xA6,0xED,0xDA,0xC8,0xA6,0xED,0xDA,0xC8,0xA6,0xED,0xDA,0xC8,0xA6,0xED,0xDA,0xC8,0xA6,0xED,0xDA,0xC8,0xA6,0xED,0xDA,0xC8,0xA6,0xED,0xDA,0xC8,0xA6,0xED,0xDA,0xC8,0xA6,0xED,0xDA,0xC8,0xA6,0xED,0xDA,0xC8,0xA6,0xED,0xDA,0xC8,0xA6,0xED,0xDA,0xC8,0xA6,0xED,0xDA,0xC8,0xA6,
    0xED,0xDA,0xC8,0xA6,0xED,0xDA,0xC8,0xA6,0xED,0xDA,0xC8,0xA6,0xED,0xDA,0xC8,0xA6,0xED,0xDA,0xC8,0xA6,0xED,0xDA,0xC8,0xA6,0xED,0xDA,0xC8,0xA6,0xED,0xDA,0xC8,0xA6,0xED,0xDA,0xC8,0xA6,0xED,0xDA,0xC8,0xA6,0xED,0xDA,0xC8,0xA6,0xED,0xDA,0xC8,0xA6,0xED,0xDA,0xC8,0xA6,0xED,0xDA,0xC8,0xA6,0xED,0xDA,0xC8,0xA6,0xED,0xDA,0xC8,0xA6,
    0xED,0xDA,0xC8,0xA6,0xED,0xDA,0xC8,0xA6,0xED,0xDA,0xC8,0xA6,0xED,0xDA,0xC8,0xA6,0xED,0xDA,0xC8,0xA6,0xED,0xDA,0xC8,0xA6,0xED,0xDA,0xC8,0xA6,0xED,0xDA,0xC8,0xA6,0xED,0xDA,0xC8,0xA6,0xED,0xDA,0xC8,0xA6,0xED,0xDA,0xC8,0xA6,0xED,0xDA,0xC8,0xA6,0xED,0xDA,0xC8,0xA6,0xED,0xDA,0xC8,0xA6,0xED,0xDA,0xC8,0xA6,0xED,0xDA,0xC8,0xA6,
    0xED,0xDA,0xC8,0xA6,0xED,0xDA,0xC8,0xA6,0xED,0xDA,0xC8,0xA6,0xED,0xDA,0xC8,0xA6,0xED,0xDA,0xC8,0xA6,0xED,0xDA,0xC8,0xA6,0xED,0xDA,0xC8,0xA6,0xED,0xDA,0xC8,0xA6,0xED,0xDA,0xC8,0xA6,0xED,0xDA,0xC8,0xA6,0xED,0xDA,0xC8,0xA6,0xED,0xDA,0xC8,0xA6,0xED,0xDA,0xC8,0xA6,0xED,0xDA,0xC8,0xA6,0xED,0xDA,0xC8,0xA6,0xED,0xDA,0xC8,0xA6,
    0xED,0xDA,0xC8,0xA6,0xED,0xDA,0xC8,0xA6,0xED,0xDA,0xC8,0xA6,0xED,0xDA,0xC8,0xA6,0xED,0xDA,0xC8,0xA6,0xED,0xDA,0xC8,0xA6,0xED,0xDA,0xC8,0xA6,0xED,0xDA,0xC8,0xA6,0xED,0xDA,0xC8,0xA6,0xED,0xDA,0xC8,0xA6,0xED,0xDA,0xC8,0xA6,0xED,0xDA,0xC8,0xA6,0xED,0xDA,0xC8,0xA6,0xED,0xDA,0xC8,0xA6,0xED,0xDA,0xC8,0xA6,0xED,0xDA,0xC8,0xA6,
    0xED,0xDA,0xC8,0xA6,0xED,0xDA,0xC8,0xA6,0xED,0xDA,0xC8,0xA6,0xED,0xDA,0xC8,0xA6,0xED,0xDA,0xC8,0xA6,0xED,0xDA,0xC8,0xA6,0xED,0xDA,0xC8,0xA6,0xED,0xDA,0xC8,0xA6,0xED,0xDA,0xC8,0xA6,0xED,0xDA,0xC8,0xA6,0xED,0xDA,0xC8,0xA6,0xED,0xDA,0xC8,0xA6,0xED,0xDA,0xC8,0xA6,0xED,0xDA,0xC8,0xA6,0xED,0xDA,0xC8,0xA6,0xED,0xDA,0xC8,0xA6,
    0xED,0xDA,0xC8,0xA6,0xED,0xDA,0xC8,0xA6,0xED,0xDA,0xC8,0xA6,0xED,0xDA,0xC8,0xA6,0xED,0xDA,0xC8,0xA6,0xED,0xDA,0xC8,0xA6,0xED,0xDA,0xC8,0xA6,0xED,0xDA,0xC8,0xA6,0xED,0xDA,0xC8,0xA6,0xED,0xDA,0xC8,0xA6,0xED,0xDA,0xC8,0xA6,0xED,0xDA,0xC8,0xA6,0xED,0xDA,0xC8,0xA6,0xED,0xDA,0xC8,0xA6,0xED,0xDA,0xC8,0xA6,0xED,0xDA,0xC8,0xA6,
    0xED,0xDA,0xC8,0xA6,0xED,0xDA,0xC8,0xA6,0xED,0xDA,0xC8,0xA6,0xED,0xDA,0xC8,0xA6,0xED,0xDA,0xC8,0xA6,0xED,0xDA,0xC8,0xA6,0xED,0xDA,0xC8,0xA6,0xED,0xDA,0xC8,0xA6,0xED,0xDA,0xC8,0xA6,0xED,0xDA,0xC8,0xA6,0xED,0xDA,0xC8,0xA6,0xED,0xDA,0xC8,0xA6,0xED,0xDA,0xC8,0xA6,0xED,0xDA,0xC8,0xA6,0xED,0xDA,0xC8,0xA6,0xED,0xDA,0xC8,0xA6,
    0xED,0xDA,0xC8,0xA6,0xED,0xDA,0xC8,0xA6,0xED,0xDA,0xC8,0xA6,0xED,0xDA,0xC8,0xA6,0xED,0xDA,0xC8,0xA6,0xED,0xDA,0xC8,0xA6,0xED,0xDA,0xC8,0xA6,0xED,0xDA,0xC8,0xA6,0xED,0xDA,0xC8,0xA6,0xED,0xDA,0xC8,0xA6,0xED,0xDA,0xC8,0xA6,0xED,0xDA,0xC8,0xA6,0xEC,0xDB,0xC8,0xA3,0xEA,0xD8,0xC3,0x91,0xE9,0xD8,0xC2,0x68,0xEA,0xCF,0xB3,0x25,
    0x00,0x00,0x00,0x00,0x00,0x00,0x00,0x00,0x00,0x00,0x00,0x00,0x00,0x00,0x00,0x00,0x00,0x00,0x00,0x00,0x00,0x00,0x00,0x00,0xE6,0xB3,0x99,0x0A,0xE9,0xD5,0xBF,0x67,0xEA,0xD6,0xBF,0x9C,0xD6,0xB2,0x89,0x77,0xC2,0x88,0x48,0x5C,0xB2,0x67,0x17,0x4F,0xB0,0x63,0x11,0x4D,0xB0,0x63,0x11,0x4D,0xB0,0x63,0x11,0x4D,0xB0,0x63,0x11,0x4D,
    0xB0,0x63,0x11,0x4D,0xB0,0x63,0x11,0x4D,0xB0,0x63,0x11,0x4D,0xB0,0x63,0x11,0x4D,0xB0,0x63,0x11,0x4D,0xB0,0x63,0x11,0x4D,0xB0,0x63,0x11,0x4D,0xB0,0x63,0x11,0x4D,0xB0,0x63,0x11,0x4D,0xB0,0x63,0x11,0x4D,0xB0,0x63,0x11,0x4D,0xB0,0x63,0x11,0x4D,0xB0,0x63,0x11,0x4D,0xB0,0x63,0x11,0x4D,0xB0,0x63,0x11,0x4D,0xB0,0x63,0x11,0x4D,
    0xB0,0x63,0x11,0x4D,0xB0,0x63,0x11,0x4D,0xB0,0x63,0x11,0x4D,0xB0,0x63,0x11,0x4D,0xB0,0x63,0x11,0x4D,0xB0,0x63,0x11,0x4D,0xB0,0x63,0x11,0x4D,0xB0,0x63,0x11,0x4D,0xB0,0x63,0x11,0x4D,0xB0,0x63,0x11,0x4D,0xB0,0x63,0x11,0x4D,0xB0,0x63,0x11,0x4D,0xB0,0x63,0x11,0x4D,0xB0,0x63,0x11,0x4D,0xB0,0x63,0x11,0x4D,0xB0,0x63,0x11,0x4D,
    0xB0,0x63,0x11,0x4D,0xB0,0x63,0x11,0x4D,0xB0,0x63,0x11,0x4D,0xB0,0x63,0x11,0x4D,0xB0,0x63,0x11,0x4D,0xB0,0x63,0x11,0x4D,0xB0,0x63,0x11,0x4D,0xB0,0x63,0x11,0x4D,0xB0,0x63,0x11,0x4D,0xB0,0x63,0x11,0x4D,0xB0,0x63,0x11,0x4D,0xB0,0x63,0x11,0x4D,0xB0,0x63,0x11,0x4D,0xB0,0x63,0x11,0x4D,0xB0,0x63,0x11,0x4D,0xB0,0x63,0x11,0x4D,
    0xB0,0x63,0x11,0x4D,0xB0,0x63,0x11,0x4D,0xB0,0x63,0x11,0x4D,0xB0,0x63,0x11,0x4D,0xB0,0x63,0x11,0x4D,0xB0,0x63,0x11,0x4D,0xB0,0x63,0x11,0x4D,0xB0,0x63,0x11,0x4D,0xB0,0x63,0x11,0x4D,0xB0,0x63,0x11,0x4D,0xB0,0x63,0x11,0x4D,0xB0,0x63,0x11,0x4D,0xB0,0x63,0x11,0x4D,0xB0,0x63,0x11,0x4D,0xB0,0x63,0x11,0x4D,0xB0,0x63,0x11,0x4D,
    0xB0,0x63,0x11,0x4D,0xB0,0x63,0x11,0x4D,0xB0,0x63,0x11,0x4D,0xB0,0x63,0x11,0x4D,0xB0,0x63,0x11,0x4D,0xB0,0x63,0x11,0x4D,0xB0,0x63,0x11,0x4D,0xB0,0x63,0x11,0x4D,0xB0,0x63,0x11,0x4D,0xB0,0x63,0x11,0x4D,0xB0,0x63,0x11,0x4D,0xB0,0x63,0x11,0x4D,0xB0,0x63,0x11,0x4D,0xB0,0x63,0x11,0x4D,0xB0,0x63,0x11,0x4D,0xB0,0x63,0x11,0x4D,
    0xB0,0x63,0x11,0x4D,0xB0,0x63,0x11,0x4D,0xB0,0x63,0x11,0x4D,0xB0,0x63,0x11,0x4D,0xB0,0x63,0x11,0x4D,0xB0,0x63,0x11,0x4D,0xB0,0x63,0x11,0x4D,0xB0,0x63,0x11,0x4D,0xB0,0x63,0x11,0x4D,0xB0,0x63,0x11,0x4D,0xB0,0x63,0x11,0x4D,0xB0,0x63,0x11,0x4D,0xB0,0x63,0x11,0x4D,0xB0,0x63,0x11,0x4D,0xB0,0x63,0x11,0x4D,0xB0,0x63,0x11,0x4D,
    0xB0,0x63,0x11,0x4D,0xB0,0x63,0x11,0x4D,0xB0,0x63,0x11,0x4D,0xB0,0x63,0x11,0x4D,0xB0,0x63,0x11,0x4D,0xB0,0x63,0x11,0x4D,0xB0,0x63,0x11,0x4D,0xB0,0x63,0x11,0x4D,0xB0,0x63,0x11,0x4D,0xB0,0x63,0x11,0x4D,0xB0,0x63,0x11,0x4D,0xB0,0x63,0x11,0x4D,0xB0,0x63,0x11,0x4D,0xB0,0x63,0x11,0x4D,0xB0,0x63,0x11,0x4D,0xB0,0x63,0x11,0x4D,
    0xB0,0x63,0x11,0x4D,0xB0,0x63,0x11,0x4D,0xB0,0x63,0x11,0x4D,0xB0,0x63,0x11,0x4D,0xB0,0x63,0x11,0x4D,0xB0,0x63,0x11,0x4D,0xB0,0x63,0x11,0x4D,0xB0,0x63,0x11,0x4D,0xB0,0x63,0x11,0x4D,0xB0,0x63,0x11,0x4D,0xB0,0x63,0x11,0x4D,0xB0,0x63,0x11,0x4D,0xB0,0x63,0x11,0x4D,0xB0,0x63,0x11,0x4D,0xB0,0x63,0x11,0x4D,0xB0,0x63,0x11,0x4D,
    0xB0,0x63,0x11,0x4D,0xB0,0x63,0x11,0x4D,0xB0,0x63,0x11,0x4D,0xB0,0x63,0x11,0x4D,0xB0,0x63,0x11,0x4D,0xB0,0x63,0x11,0x4D,0xB0,0x63,0x11,0x4D,0xB0,0x63,0x11,0x4D,0xB0,0x63,0x11,0x4D,0xB0,0x63,0x11,0x4D,0xB0,0x63,0x11,0x4D,0xB0,0x63,0x11,0x4D,0xB0,0x63,0x11,0x4D,0xB0,0x63,0x11,0x4D,0xB0,0x63,0x11,0x4D,0xB0,0x63,0x11,0x4D,
    0xB0,0x63,0x11,0x4D,0xB0,0x63,0x11,0x4D,0xB0,0x63,0x11,0x4D,0xB0,0x63,0x11,0x4D,0xB0,0x63,0x11,0x4D,0xB0,0x63,0x11,0x4D,0xB0,0x63,0x11,0x4D,0xB0,0x63,0x11,0x4D,0xB0,0x63,0x11,0x4D,0xB0,0x63,0x11,0x4D,0xB0,0x63,0x11,0x4D,0xB0,0x63,0x11,0x4D,0xB0,0x63,0x11,0x4D,0xB0,0x63,0x11,0x4D,0xB0,0x63,0x11,0x4D,0xB0,0x63,0x11,0x4D,
    0xB2,0x67,0x17,0x4F,0xC2,0x88,0x48,0x5C,0xD6,0xB2,0x89,0x77,0xEA,0xD6,0xBF,0x9C,0xE9,0xD5,0xBF,0x67,0xE6,0xB3,0x99,0x0A,0x00,0x00,0x00,0x00,0x00,0x00,0x00,0x00,0x00,0x00,0x00,0x00,0xE6,0xB3,0x99,0x0A,0xEB,0xDA,0xC6,0x82,0xDE,0xBF,0x9E,0x84,0xB7,0x70,0x25,0x52,0xB0,0x63,0x11,0x4D,0xB0,0x63,0x11,0x4D,0xB0,0x63,0x11,0x4D,
    0xB0,0x63,0x11,0x4D,0xB0,0x63,0x11,0x4D,0xB0,0x63,0x11,0x4D,0xB0,0x63,0x11,0x4D,0xB0,0x63,0x11,0x4D,0xB0,0x63,0x11,0x4D,0xB0,0x63,0x11,0x4D,0xB0,0x63,0x11,0x4D,0xB0,0x63,0x11,0x4D,0xB0,0x63,0x11,0x4D,0xB0,0x63,0x11,0x4D,0xB0,0x63,0x11,0x4D,0xB0,0x63,0x11,0x4D,0xB0,0x63,0x11,0x4D,0xB0,0x63,0x11,0x4D,0xB0,0x63,0x11,0x4D,
    0xB0,0x63,0x11,0x4D,0xB0,0x63,0x11,0x4D,0xB0,0x63,0x11,0x4D,0xB0,0x63,0x11,0x4D,0xB0,0x63,0x11,0x4D,0xB0,0x63,0x11,0x4D,0xB0,0x63,0x11,0x4D,0xB0,0x63,0x11,0x4D,0xB0,0x63,0x11,0x4D,0xB0,0x63,0x11,0x4D,0xB0,0x63,0x11,0x4D,0xB0,0x63,0x11,0x4D,0xB0,0x63,0x11,0x4D,0xB0,0x63,0x11,0x4D,0xB0,0x63,0x11,0x4D,0xB0,0x63,0x11,0x4D,
    0xB0,0x63,0x11,0x4D,0xB0,0x63,0x11,0x4D,0xB0,0x63,0x11,0x4D,0xB0,0x63,0x11,0x4D,0xB0,0x63,0x11,0x4D,0xB0,0x63,0x11,0x4D,0xB0,0x63,0x11,0x4D,0xB0,0x63,0x11,0x4D,0xB0,0x63,0x11,0x4D,0xB0,0x63,0x11,0x4D,0xB0,0x63,0x11,0x4D,0xB0,0x63,0x11,0x4D,0xB0,0x63,0x11,0x4D,0xB0,0x63,0x11,0x4D,0xB0,0x63,0x11,0x4D,0xB0,0x63,0x11,0x4D,
    0xB0,0x63,0x11,0x4D,0xB0,0x63,0x11,0x4D,0xB0,0x63,0x11,0x4D,0xB0,0x63,0x11,0x4D,0xB0,0x63,0x11,0x4D,0xB0,0x63,0x11,0x4D,0xB0,0x63,0x11,0x4D,0xB0,0x63,0x11,0x4D,0xB0,0x63,0x11,0x4D,0xB0,0x63,0x11,0x4D,0xB0,0x63,0x11,0x4D,0xB0,0x63,0x11,0x4D,0xB0,0x63,0x11,0x4D,0xB0,0x63,0x11,0x4D,0xB0,0x63,0x11,0x4D,0xB0,0x63,0x11,0x4D,
    0xB0,0x63,0x11,0x4D,0xB0,0x63,0x11,0x4D,0xB0,0x63,0x11,0x4D,0xB0,0x63,0x11,0x4D,0xB0,0x63,0x11,0x4D,0xB0,0x63,0x11,0x4D,0xB0,0x63,0x11,0x4D,0xB0,0x63,0x11,0x4D,0xB0,0x63,0x11,0x4D,0xB0,0x63,0x11,0x4D,0xB0,0x63,0x11,0x4D,0xB0,0x63,0x11,0x4D,0xB0,0x63,0x11,0x4D,0xB0,0x63,0x11,0x4D,0xB0,0x63,0x11,0x4D,0xB0,0x63,0x11,0x4D,
    0xB0,0x63,0x11,0x4D,0xB0,0x63,0x11,0x4D,0xB0,0x63,0x11,0x4D,0xB0,0x63,0x11,0x4D,0xB0,0x63,0x11,0x4D,0xB0,0x63,0x11,0x4D,0xB0,0x63,0x11,0x4D,0xB0,0x63,0x11,0x4D,0xB0,0x63,0x11,0x4D,0xB0,0x63,0x11,0x4D,0xB0,0x63,0x11,0x4D,0xB0,0x63,0x11,0x4D,0xB0,0x63,0x11,0x4D,0xB0,0x63,0x11,0x4D,0xB0,0x63,0x11,0x4D,0xB0,0x63,0x11,0x4D,
    0xB0,0x63,0x11,0x4D,0xB0,0x63,0x11,0x4D,0xB0,0x63,0x11,0x4D,0xB0,0x63,0x11,0x4D,0xB0,0x63,0x11,0x4D,0xB0,0x63,0x11,0x4D,0xB0,0x63,0x11,0x4D,0xB0,0x63,0x11,0x4D,0xB0,0x63,0x11,0x4D,0xB0,0x63,0x11,0x4D,0xB0,0x63,0x11,0x4D,0xB0,0x63,0x11,0x4D,0xB0,0x63,0x11,0x4D,0xB0,0x63,0x11,0x4D,0xB0,0x63,0x11,0x4D,0xB0,0x63,0x11,0x4D,
    0xB0,0x63,0x11,0x4D,0xB0,0x63,0x11,0x4D,0xB0,0x63,0x11,0x4D,0xB0,0x63,0x11,0x4D,0xB0,0x63,0x11,0x4D,0xB0,0x63,0x11,0x4D,0xB0,0x63,0x11,0x4D,0xB0,0x63,0x11,0x4D,0xB0,0x63,0x11,0x4D,0xB0,0x63,0x11,0x4D,0xB0,0x63,0x11,0x4D,0xB0,0x63,0x11,0x4D,0xB0,0x63,0x11,0x4D,0xB0,0x63,0x11,0x4D,0xB0,0x63,0x11,0x4D,0xB0,0x63,0x11,0x4D,
    0xB0,0x63,0x11,0x4D,0xB0,0x63,0x11,0x4D,0xB0,0x63,0x11,0x4D,0xB0,0x63,0x11,0x4D,0xB0,0x63,0x11,0x4D,0xB0,0x63,0x11,0x4D,0xB0,0x63,0x11,0x4D,0xB0,0x63,0x11,0x4D,0xB0,0x63,0x11,0x4D,0xB0,0x63,0x11,0x4D,0xB0,0x63,0x11,0x4D,0xB0,0x63,0x11,0x4D,0xB0,0x63,0x11,0x4D,0xB0,0x63,0x11,0x4D,0xB0,0x63,0x11,0x4D,0xB0,0x63,0x11,0x4D,
    0xB0,0x63,0x11,0x4D,0xB0,0x63,0x11,0x4D,0xB0,0x63,0x11,0x4D,0xB0,0x63,0x11,0x4D,0xB0,0x63,0x11,0x4D,0xB0,0x63,0x11,0x4D,0xB0,0x63,0x11,0x4D,0xB0,0x63,0x11,0x4D,0xB0,0x63,0x11,0x4D,0xB0,0x63,0x11,0x4D,0xB0,0x63,0x11,0x4D,0xB0,0x63,0x11,0x4D,0xB0,0x63,0x11,0x4D,0xB0,0x63,0x11,0x4D,0xB0,0x63,0x11,0x4D,0xB0,0x63,0x11,0x4D,
    0xB0,0x63,0x11,0x4D,0xB0,0x63,0x11,0x4D,0xB0,0x63,0x11,0x4D,0xB0,0x63,0x11,0x4D,0xB0,0x63,0x11,0x4D,0xB0,0x63,0x11,0x4D,0xB0,0x63,0x11,0x4D,0xB7,0x70,0x25,0x52,0xDE,0xBF,0x9E,0x84,0xEB,0xDA,0xC6,0x82,0xE6,0xB3,0x99,0x0A,0x00,0x00,0x00,0x00,0x00,0x00,0x00,0x00,0xE9,0xD5,0xBF,0x67,0xDE,0xBF,0x9E,0x84,0xB0,0x63,0x11,0x4D,
    0xB0,0x63,0x11,0x4D,0xB0,0x63,0x11,0x4D,0xB0,0x63,0x11,0x4D,0xB0,0x63,0x11,0x4D,0xB0,0x63,0x11,0x4D,0xB0,0x63,0x11,0x4D,0xB0,0x63,0x11,0x4D,0xB0,0x63,0x11,0x4D,0xB0,0x63,0x11,0x4D,0xB0,0x63,0x11,0x4D,0xB0,0x63,0x11,0x4D,0xB0,0x63,0x11,0x4D,0xB0,0x63,0x11,0x4D,0xB0,0x63,0x11,0x4D,0xB0,0x63,0x11,0x4D,0xB0,0x63,0x11,0x4D,
    0xB0,0x63,0x11,0x4D,0xB0,0x63,0x11,0x4D,0xB0,0x63,0x11,0x4D,0xB0,0x63,0x11,0x4D,0xB0,0x63,0x11,0x4D,0xB0,0x63,0x11,0x4D,0xB0,0x63,0x11,0x4D,0xB0,0x63,0x11,0x4D,0xB0,0x63,0x11,0x4D,0xB0,0x63,0x11,0x4D,0xB0,0x63,0x11,0x4D,0xB0,0x63,0x11,0x4D,0xB0,0x63,0x11,0x4D,0xB0,0x63,0x11,0x4D,0xB0,0x63,0x11,0x4D,0xB0,0x63,0x11,0x4D,
    0xB0,0x63,0x11,0x4D,0xB0,0x63,0x11,0x4D,0xB0,0x63,0x11,0x4D,0xB0,0x63,0x11,0x4D,0xB0,0x63,0x11,0x4D,0xB0,0x63,0x11,0x4D,0xB0,0x63,0x11,0x4D,0xB0,0x63,0x11,0x4D,0xB0,0x63,0x11,0x4D,0xB0,0x63,0x11,0x4D,0xB0,0x63,0x11,0x4D,0xB0,0x63,0x11,0x4D,0xB0,0x63,0x11,0x4D,0xB0,0x63,0x11,0x4D,0xB0,0x63,0x11,0x4D,0xB0,0x63,0x11,0x4D,
    0xB0,0x63,0x11,0x4D,0xB0,0x63,0x11,0x4D,0xB0,0x63,0x11,0x4D,0xB0,0x63,0x11,0x4D,0xB0,0x63,0x11,0x4D,0xB0,0x63,0x11,0x4D,0xB0,0x63,0x11,0x4D,0xB0,0x63,0x11,0x4D,0xB0,0x63,0x11,0x4D,0xB0,0x63,0x11,0x4D,0xB0,0x63,0x11,0x4D,0xB0,0x63,0x11,0x4D,0xB0,0x63,0x11,0x4D,0xB0,0x63,0x11,0x4D,0xB0,0x63,0x11,0x4D,0xB0,0x63,0x11,0x4D,
    0xB0,0x63,0x11,0x4D,0xB0,0x63,0x11,0x4D,0xB0,0x63,0x11,0x4D,0xB0,0x63,0x11,0x4D,0xB0,0x63,0x11,0x4D,0xB0,0x63,0x11,0x4D,0xB0,0x63,0x11,0x4D,0xB0,0x63,0x11,0x4D,0xB0,0x63,0x11,0x4D,0xB0,0x63,0x11,0x4D,0xB0,0x63,0x11,0x4D,0xB0,0x63,0x11,0x4D,0xB0,0x63,0x11,0x4D,0xB0,0x63,0x11,0x4D,0xB0,0x63,0x11,0x4D,0xB0,0x63,0x11,0x4D,
    0xB0,0x63,0x11,0x4D,0xB0,0x63,0x11,0x4D,0xB0,0x63,0x11,0x4D,0xB0,0x63,0x11,0x4D,0xB0,0x63,0x11,0x4D,0xB0,0x63,0x11,0x4D,0xB0,0x63,0x11,0x4D,0xB0,0x63,0x11,0x4D,0xB0,0x63,0x11,0x4D,0xB0,0x63,0x11,0x4D,0xB0,0x63,0x11,0x4D,0xB0,0x63,0x11,0x4D,0xB0,0x63,0x11,0x4D,0xB0,0x63,0x11,0x4D,0xB0,0x63,0x11,0x4D,0xB0,0x63,0x11,0x4D,
    0xB0,0x63,0x11,0x4D,0xB0,0x63,0x11,0x4D,0xB0,0x63,0x11,0x4D,0xB0,0x63,0x11,0x4D,0xB0,0x63,0x11,0x4D,0xB0,0x63,0x11,0x4D,0xB0,0x63,0x11,0x4D,0xB0,0x63,0x11,0x4D,0xB0,0x63,0x11,0x4D,0xB0,0x63,0x11,0x4D,0xB0,0x63,0x11,0x4D,0xB0,0x63,0x11,0x4D,0xB0,0x63,0x11,0x4D,0xB0,0x63,0x11,0x4D,0xB0,0x63,0x11,0x4D,0xB0,0x63,0x11,0x4D,
    0xB0,0x63,0x11,0x4D,0xB0,0x63,0x11,0x4D,0xB0,0x63,0x11,0x4D,0xB0,0x63,0x11,0x4D,0xB0,0x63,0x11,0x4D,0xB0,0x63,0x11,0x4D,0xB0,0x63,0x11,0x4D,0xB0,0x63,0x11,0x4D,0xB0,0x63,0x11,0x4D,0xB0,0x63,0x11,0x4D,0xB0,0x63,0x11,0x4D,0xB0,0x63,0x11,0x4D,0xB0,0x63,0x11,0x4D,0xB0,0x63,0x11,0x4D,0xB0,0x63,0x11,0x4D,0xB0,0x63,0x11,0x4D,
    0xB0,0x63,0x11,0x4D,0xB0,0x63,0x11,0x4D,0xB0,0x63,0x11,0x4D,0xB0,0x63,0x11,0x4D,0xB0,0x63,0x11,0x4D,0xB0,0x63,0x11,0x4D,0xB0,0x63,0x11,0x4D,0xB0,0x63,0x11,0x4D,0xB0,0x63,0x11,0x4D,0xB0,0x63,0x11,0x4D,0xB0,0x63,0x11,0x4D,0xB0,0x63,0x11,0x4D,0xB0,0x63,0x11,0x4D,0xB0,0x63,0x11,0x4D,0xB0,0x63,0x11,0x4D,0xB0,0x63,0x11,0x4D,
    0xB0,0x63,0x11,0x4D,0xB0,0x63,0x11,0x4D,0xB0,0x63,0x11,0x4D,0xB0,0x63,0x11,0x4D,0xB0,0x63,0x11,0x4D,0xB0,0x63,0x11,0x4D,0xB0,0x63,0x11,0x4D,0xB0,0x63,0x11,0x4D,0xB0,0x63,0x11,0x4D,0xB0,0x63,0x11,0x4D,0xB0,0x63,0x11,0x4D,0xB0,0x63,0x11,0x4D,0xB0,0x63,0x11,0x4D,0xB0,0x63,0x11,0x4D,0xB0,0x63,0x11,0x4D,0xB0,0x63,0x11,0x4D,
    0xB0,0x63,0x11,0x4D,0xB0,0x63,0x11,0x4D,0xB0,0x63,0x11,0x4D,0xB0,0x63,0x11,0x4D,0xB0,0x63,0x11,0x4D,0xB0,0x63,0x11,0x4D,0xB0,0x63,0x11,0x4D,0xB0,0x63,0x11,0x4D,0xB0,0x63,0x11,0x4D,0xB0,0x63,0x11,0x4D,0xB0,0x63,0x11,0x4D,0xB0,0x63,0x11,0x4D,0xB0,0x63,0x11,0x4D,0xDE,0xBF,0x9E,0x84,0xE9,0xD5,0xBF,0x67,0x00,0x00,0x00,0x00,
    0xEA,0xCF,0xB3,0x25,0xEA,0xD6,0xBF,0x9C,0xB7,0x70,0x25,0x52,0xB0,0x63,0x11,0x4D,0xB0,0x63,0x11,0x4D,0xB0,0x63,0x11,0x4D,0xB0,0x63,0x11,0x4D,0xB0,0x63,0x11,0x4D,0xB0,0x63,0x11,0x4D,0xB0,0x63,0x11,0x4D,0xB0,0x63,0x11,0x4D,0xB0,0x63,0x11,0x4D,0xB0,0x63,0x11,0x4D,0xB0,0x63,0x11,0x4D,0xB0,0x63,0x11,0x4D,0xB0,0x63,0x11,0x4D,
    0xB0,0x63,0x11,0x4D,0xB0,0x63,0x11,0x4D,0xB0,0x63,0x11,0x4D,0xB0,0x63,0x11,0x4D,0xB0,0x63,0x11,0x4D,0xB0,0x63,0x11,0x4D,0xB0,0x63,0x11,0x4D,0xB0,0x63,0x11,0x4D,0xB0,0x63,0x11,0x4D,0xB0,0x63,0x11,0x4D,0xB0,0x63,0x11,0x4D,0xB0,0x63,0x11,0x4D,0xB0,0x63,0x11,0x4D,0xB0,0x63,0x11,0x4D,0xB0,0x63,0x11,0x4D,0xB0,0x63,0x11,0x4D,
    0xB0,0x63,0x11,0x4D,0xB0,0x63,0x11,0x4D,0xB0,0x63,0x11,0x4D,0xB0,0x63,0x11,0x4D,0xB0,0x63,0x11,0x4D,0xB0,0x63,0x11,0x4D,0xB0,0x63,0x11,0x4D,0xB0,0x63,0x11,0x4D,0xB0,0x63,0x11,0x4D,0xB0,0x63,0x11,0x4D,0xB0,0x63,0x11,0x4D,0xB0,0x63,0x11,0x4D,0xB0,0x63,0x11,0x4D,0xB0,0x63,0x11,0x4D,0xB0,0x63,0x11,0x4D,0xB0,0x63,0x11,0x4D,
    0xB0,0x63,0x11,0x4D,0xB0,0x63,0x11,0x4D,0xB0,0x63,0x11,0x4D,0xB0,0x63,0x11,0x4D,0xB0,0x63,0x11,0x4D,0xB0,0x63,0x11,0x4D,0xB0,0x63,0x11,0x4D,0xB0,0x63,0x11,0x4D,0xB0,0x63,0x11,0x4D,0xB0,0x63,0x11,0x4D,0xB0,0x63,0x11,0x4D,0xB0,0x63,0x11,0x4D,0xB0,0x63,0x11,0x4D,0xB0,0x63,0x11,0x4D,0xB0,0x63,0x11,0x4D,0xB0,0x63,0x11,0x4D,
    0xB0,0x63,0x11,0x4D,0xB0,0x63,0x11,0x4D,0xB0,0x63,0x11,0x4D,0xB0,0x63,0x11,0x4D,0xB0,0x63,0x11,0x4D,0xB0,0x63,0x11,0x4D,0xB0,0x63,0x11,0x4D,0xB0,0x63,0x11,0x4D,0xB0,0x63,0x11,0x4D,0xB0,0x63,0x11,0x4D,0xB0,0x63,0x11,0x4D,0xB0,0x63,0x11,0x4D,0xB0,0x63,0x11,0x4D,0xB0,0x63,0x11,0x4D,0xB0,0x63,0x11,0x4D,0xB0,0x63,0x11,0x4D,
    0xB0,0x63,0x11,0x4D,0xB0,0x63,0x11,0x4D,0xB0,0x63,0x11,0x4D,0xB0,0x63,0x11,0x4D,0xB0,0x63,0x11,0x4D,0xB0,0x63,0x11,0x4D,0xB0,0x63,0x11,0x4D,0xB0,0x63,0x11,0x4D,0xB0,0x63,0x11,0x4D,0xB0,0x63,0x11,0x4D,0xB0,0x63,0x11,0x4D,0xB0,0x63,0x11,0x4D,0xB0,0x63,0x11,0x4D,0xB0,0x63,0x11,0x4D,0xB0,0x63,0x11,0x4D,0xB0,0x63,0x11,0x4D,
    0xB0,0x63,0x11,0x4D,0xB0,0x63,0x11,0x4D,0xB0,0x63,0x11,0x4D,0xB0,0x63,0x11,0x4D,0xB0,0x63,0x11,0x4D,0xB0,0x63,0x11,0x4D,0xB0,0x63,0x11,0x4D,0xB0,0x63,0x11,0x4D,0xB0,0x63,0x11,0x4D,0xB0,0x63,0x11,0x4D,0xB0,0x63,0x11,0x4D,0xB0,0x63,0x11,0x4D,0xB0,0x63,0x11,0x4D,0xB0,0x63,0x11,0x4D,0xB0,0x63,0x11,0x4D,0xB0,0x63,0x11,0x4D,
    0xB0,0x63,0x11,0x4D,0xB0,0x63,0x11,0x4D,0xB0,0x63,0x11,0x4D,0xB0,0x63,0x11,0x4D,0xB0,0x63,0x11,0x4D,0xB0,0x63,0x11,0x4D,0xB0,0x63,0x11,0x4D,0xB0,0x63,0x11,0x4D,0xB0,0x63,0x11,0x4D,0xB0,0x63,0x11,0x4D,0xB0,0x63,0x11,0x4D,0xB0,0x63,0x11,0x4D,0xB0,0x63,0x11,0x4D,0xB0,0x63,0x11,0x4D,0xB0,0x63,0x11,0x4D,0xB0,0x63,0x11,0x4D,
    0xB0,0x63,0x11,0x4D,0xB0,0x63,0x11,0x4D,0xB0,0x63,0x11,0x4D,0xB0,0x63,0x11,0x4D,0xB0,0x63,0x11,0x4D,0xB0,0x63,0x11,0x4D,0xB0,0x63,0x11,0x4D,0xB0,0x63,0x11,0x4D,0xB0,0x63,0x11,0x4D,0xB0,0x63,0x11,0x4D,0xB0,0x63,0x11,0x4D,0xB0,0x63,0x11,0x4D,0xB0,0x63,0x11,0x4D,0xB0,0x63,0x11,0x4D,0xB0,0x63,0x11,0x4D,0xB0,0x63,0x11,0x4D,
    0xB0,0x63,0x11,0x4D,0xB0,0x63,0x11,0x4D,0xB0,0x63,0x11,0x4D,0xB0,0x63,0x11,0x4D,0xB0,0x63,0x11,0x4D,0xB0,0x63,0x11,0x4D,0xB0,0x63,0x11,0x4D,0xB0,0x63,0x11,0x4D,0xB0,0x63,0x11,0x4D,0xB0,0x63,0x11,0x4D,0xB0,0x63,0x11,0x4D,0xB0,0x63,0x11,0x4D,0xB0,0x63,0x11,0x4D,0xB0,0x63,0x11,0x4D,0xB0,0x63,0x11,0x4D,0xB0,0x63,0x11,0x4D,
    0xB0,0x63,0x11,0x4D,0xB0,0x63,0x11,0x4D,0xB0,0x63,0x11,0x4D,0xB0,0x63,0x11,0x4D,0xB0,0x63,0x11,0x4D,0xB0,0x63,0x11,0x4D,0xB0,0x63,0x11,0x4D,0xB0,0x63,0x11,0x4D,0xB0,0x63,0x11,0x4D,0xB0,0x63,0x11,0x4D,0xB0,0x63,0x11,0x4D,0xB0,0x63,0x11,0x4D,0xB0,0x63,0x11,0x4D,0xB0,0x63,0x11,0x4D,0xB0,0x63,0x11,0x4D,0xB0,0x63,0x11,0x4D,
    0xB0,0x63,0x11,0x4D,0xB7,0x70,0x25,0x52,0xEA,0xD6,0xBF,0x9C,0xEA,0xCF,0xB3,0x25,0xE9,0xD8,0xC2,0x68,0xD6,0xB2,0x89,0x77,0xB0,0x63,0x11,0x4D,0xB0,0x63,0x11,0x4D,0xB0,0x63,0x11,0x4D,0xB0,0x63,0x11,0x4D,0xB0,0x63,0x11,0x4D,0xB0,0x63,0x11,0x4D,0xB0,0x63,0x11,0x4D,0xB0,0x63,0x11,0x4D,0xB0,0x63,0x11,0x4D,0xB0,0x63,0x11,0x4D,
    0xB0,0x63,0x11,0x4D,0xB0,0x63,0x11,0x4D,0xB0,0x63,0x11,0x4D,0xB0,0x63,0x11,0x4D,0xB0,0x63,0x11,0x4D,0xB0,0x63,0x11,0x4D,0xB0,0x63,0x11,0x4D,0xB0,0x63,0x11,0x4D,0xB0,0x63,0x11,0x4D,0xB0,0x63,0x11,0x4D,0xB0,0x63,0x11,0x4D,0xB0,0x63,0x11,0x4D,0xB0,0x63,0x11,0x4D,0xB0,0x63,0x11,0x4D,0xB0,0x63,0x11,0x4D,0xB0,0x63,0x11,0x4D,
    0xB0,0x63,0x11,0x4D,0xB0,0x63,0x11,0x4D,0xB0,0x63,0x11,0x4D,0xB0,0x63,0x11,0x4D,0xB0,0x63,0x11,0x4D,0xB0,0x63,0x11,0x4D,0xB0,0x63,0x11,0x4D,0xB0,0x63,0x11,0x4D,0xB0,0x63,0x11,0x4D,0xB0,0x63,0x11,0x4D,0xB0,0x63,0x11,0x4D,0xB0,0x63,0x11,0x4D,0xB0,0x63,0x11,0x4D,0xB0,0x63,0x11,0x4D,0xB0,0x63,0x11,0x4D,0xB0,0x63,0x11,0x4D,
    0xB0,0x63,0x11,0x4D,0xB0,0x63,0x11,0x4D,0xB0,0x63,0x11,0x4D,0xB0,0x63,0x11,0x4D,0xB0,0x63,0x11,0x4D,0xB0,0x63,0x11,0x4D,0xB0,0x63,0x11,0x4D,0xB0,0x63,0x11,0x4D,0xB0,0x63,0x11,0x4D,0xB0,0x63,0x11,0x4D,0xB0,0x63,0x11,0x4D,0xB0,0x63,0x11,0x4D,0xB0,0x63,0x11,0x4D,0xB0,0x63,0x11,0x4D,0xB0,0x63,0x11,0x4D,0xB0,0x63,0x11,0x4D,
    0xB0,0x63,0x11,0x4D,0xB0,0x63,0x11,0x4D,0xB0,0x63,0x11,0x4D,0xB0,0x63,0x11,0x4D,0xB0,0x63,0x11,0x4D,0xB0,0x63,0x11,0x4D,0xB0,0x63,0x11,0x4D,0xB0,0x63,0x11,0x4D,0xB0,0x63,0x11,0x4D,0xB0,0x63,0x11,0x4D,0xB0,0x63,0x11,0x4D,0xB0,0x63,0x11,0x4D,0xB0,0x63,0x11,0x4D,0xB0,0x63,0x11,0x4D,0xB0,0x63,0x11,0x4D,0xB0,0x63,0x11,0x4D,
    0xB0,0x63,0x11,0x4D,0xB0,0x63,0x11,0x4D,0xB0,0x63,0x11,0x4D,0xB0,0x63,0x11,0x4D,0xB0,0x63,0x11,0x4D,0xB0,0x63,0x11,0x4D,0xB0,0x63,0x11,0x4D,0xB0,0x63,0x11,0x4D,0xB0,0x63,0x11,0x4D,0xB0,0x63,0x11,0x4D,0xB0,0x63,0x11,0x4D,0xB0,0x63,0x11,0x4D,0xB0,0x63,0x11,0x4D,0xB0,0x63,0x11,0x4D,0xB0,0x63,0x11,0x4D,0xB0,0x63,0x11,0x4D,
    0xB0,0x63,0x11,0x4D,0xB0,0x63,0x11,0x4D,0xB0,0x63,0x11,0x4D,0xB0,0x63,0x11,0x4D,0xB0,0x63,0x11,0x4D,0xB0,0x63,0x11,0x4D,0xB0,0x63,0x11,0x4D,0xB0,0x63,0x11,0x4D,0xB0,0x63,0x11,0x4D,0xB0,0x63,0x11,0x4D,0xB0,0x63,0x11,0x4D,0xB0,0x63,0x11,0x4D,0xB0,0x63,0x11,0x4D,0xB0,0x63,0x11,0x4D,0xB0,0x63,0x11,0x4D,0xB0,0x63,0x11,0x4D,
    0xB0,0x63,0x11,0x4D,0xB0,0x63,0x11,0x4D,0xB0,0x63,0x11,0x4D,0xB0,0x63,0x11,0x4D,0xB0,0x63,0x11,0x4D,0xB0,0x63,0x11,0x4D,0xB0,0x63,0x11,0x4D,0xB0,0x63,0x11,0x4D,0xB0,0x63,0x11,0x4D,0xB0,0x63,0x11,0x4D,0xB0,0x63,0x11,0x4D,0xB0,0x63,0x11,0x4D,0xB0,0x63,0x11,0x4D,0xB0,0x63,0x11,0x4D,0xB0,0x63,0x11,0x4D,0xB0,0x63,0x11,0x4D,
    0xB0,0x63,0x11,0x4D,0xB0,0x63,0x11,0x4D,0xB0,0x63,0x11,0x4D,0xB0,0x63,0x11,0x4D,0xB0,0x63,0x11,0x4D,0xB0,0x63,0x11,0x4D,0xB0,0x63,0x11,0x4D,0xB0,0x63,0x11,0x4D,0xB0,0x63,0x11,0x4D,0xB0,0x63,0x11,0x4D,0xB0,0x63,0x11,0x4D,0xB0,0x63,0x11,0x4D,0xB0,0x63,0x11,0x4D,0xB0,0x63,0x11,0x4D,0xB0,0x63,0x11,0x4D,0xB0,0x63,0x11,0x4D,
    0xB0,0x63,0x11,0x4D,0xB0,0x63,0x11,0x4D,0xB0,0x63,0x11,0x4D,0xB0,0x63,0x11,0x4D,0xB0,0x63,0x11,0x4D,0xB0,0x63,0x11,0x4D,0xB0,0x63,0x11,0x4D,0xB0,0x63,0x11,0x4D,0xB0,0x63,0x11,0x4D,0xB0,0x63,0x11,0x4D,0xB0,0x63,0x11,0x4D,0xB0,0x63,0x11,0x4D,0xB0,0x63,0x11,0x4D,0xB0,0x63,0x11,0x4D,0xB0,0x63,0x11,0x4D,0xB0,0x63,0x11,0x4D,
    0xB0,0x63,0x11,0x4D,0xB0,0x63,0x11,0x4D,0xB0,0x63,0x11,0x4D,0xB0,0x63,0x11,0x4D,0xB0,0x63,0x11,0x4D,0xB0,0x63,0x11,0x4D,0xB0,0x63,0x11,0x4D,0xB0,0x63,0x11,0x4D,0xB0,0x63,0x11,0x4D,0xB0,0x63,0x11,0x4D,0xB0,0x63,0x11,0x4D,0xB0,0x63,0x11,0x4D,0xB0,0x63,0x11,0x4D,0xB0,0x63,0x11,0x4D,0xB0,0x63,0x11,0x4D,0xB0,0x63,0x11,0x4D,
    0xB0,0x63,0x11,0x4D,0xB0,0x63,0x11,0x4D,0xB0,0x63,0x11,0x4D,0xB0,0x63,0x11,0x4D,0xB0,0x63,0x11,0x4D,0xB0,0x63,0x11,0x4D,0xD6,0xB2,0x89,0x77,0xE9,0xD8,0xC2,0x68,0xEA,0xD8,0xC3,0x91,0xC2,0x88,0x48,0x5C,0xB0,0x63,0x11,0x4D,0xB0,0x63,0x11,0x4D,0xB0,0x63,0x11,0x4D,0xB0,0x63,0x11,0x4D,0xB0,0x63,0x11,0x4D,0xB0,0x63,0x11,0x4D,
    0xB0,0x63,0x11,0x4D,0xB0,0x63,0x11,0x4D,0xB0,0x63,0x11,0x4D,0xB0,0x63,0x11,0x4D,0xB0,0x63,0x11,0x4D,0xB0,0x63,0x11,0x4D,0xB0,0x63,0x11,0x4D,0xB0,0x63,0x11,0x4D,0xB0,0x63,0x11,0x4D,0xB0,0x63,0x11,0x4D,0xB0,0x63,0x11,0x4D,0xB0,0x63,0x11,0x4D,0xB0,0x63,0x11,0x4D,0xB0,0x63,0x11,0x4D,0xB0,0x63,0x11,0x4D,0xB0,0x63,0x11,0x4D,
    0xB0,0x63,0x11,0x4D,0xB0,0x63,0x11,0x4D,0xB0,0x63,0x11,0x4D,0xB0,0x63,0x11,0x4D,0xB0,0x63,0x11,0x4D,0xB0,0x63,0x11,0x4D,0xB0,0x63,0x11,0x4D,0xB0,0x63,0x11,0x4D,0xB0,0x63,0x11,0x4D,0xB0,0x63,0x11,0x4D,0xB0,0x63,0x11,0x4D,0xB0,0x63,0x11,0x4D,0xB0,0x63,0x11,0x4D,0xB0,0x63,0x11,0x4D,0xB0,0x63,0x11,0x4D,0xB0,0x63,0x11,0x4D,
    0xB0,0x63,0x11,0x4D,0xB0,0x63,0x11,0x4D,0xB0,0x63,0x11,0x4D,0xB0,0x63,0x11,0x4D,0xB0,0x63,0x11,0x4D,0xB0,0x63,0x11,0x4D,0xB0,0x63,0x11,0x4D,0xB0,0x63,0x11,0x4D,0xB0,0x63,0x11,0x4D,0xB0,0x63,0x11,0x4D,0xB0,0x63,0x11,0x4D,0xB0,0x63,0x11,0x4D,0xB0,0x63,0x11,0x4D,0xB0,0x63,0x11,0x4D,0xB0,0x63,0x11,0x4D,0xB0,0x63,0x11,0x4D,
    0xB0,0x63,0x11,0x4D,0xB0,0x63,0x11,0x4D,0xB0,0x63,0x11,0x4D,0xB0,0x63,0x11,0x4D,0xB0,0x63,0x11,0x4D,0xB0,0x63,0x11,0x4D,0xB0,0x63,0x11,0x4D,0xB0,0x63,0x11,0x4D,0xB0,0x63,0x11,0x4D,0xB0,0x63,0x11,0x4D,0xB0,0x63,0x11,0x4D,0xB0,0x63,0x11,0x4D,0xB0,0x63,0x11,0x4D,0xB0,0x63,0x11,0x4D,0xB0,0x63,0x11,0x4D,0xB0,0x63,0x11,0x4D,
    0xB0,0x63,0x11,0x4D,0xB0,0x63,0x11,0x4D,0xB0,0x63,0x11,0x4D,0xB0,0x63,0x11,0x4D,0xB0,0x63,0x11,0x4D,0xB0,0x63,0x11,0x4D,0xB0,0x63,0x11,0x4D,0xB0,0x63,0x11,0x4D,0xB0,0x63,0x11,0x4D,0xB0,0x63,0x11,0x4D,0xB0,0x63,0x11,0x4D,0xB0,0x63,0x11,0x4D,0xB0,0x63,0x11,0x4D,0xB0,0x63,0x11,0x4D,0xB0,0x63,0x11,0x4D,0xB0,0x63,0x11,0x4D,
    0xB0,0x63,0x11,0x4D,0xB0,0x63,0x11,0x4D,0xB0,0x63,0x11,0x4D,0xB0,0x63,0x11,0x4D,0xB0,0x63,0x11,0x4D,0xB0,0x63,0x11,0x4D,0xB0,0x63,0x11,0x4D,0xB0,0x63,0x11,0x4D,0xB0,0x63,0x11,0x4D,0xB0,0x63,0x11,0x4D,0xB0,0x63,0x11,0x4D,0xB0,0x63,0x11,0x4D,0xB0,0x63,0x11,0x4D,0xB0,0x63,0x11,0x4D,0xB0,0x63,0x11,0x4D,0xB0,0x63,0x11,0x4D,
    0xB0,0x63,0x11,0x4D,0xB0,0x63,0x11,0x4D,0xB0,0x63,0x11,0x4D,0xB0,0x63,0x11,0x4D,0xB0,0x63,0x11,0x4D,0xB0,0x63,0x11,0x4D,0xB0,0x63,0x11,0x4D,0xB0,0x63,0x11,0x4D,0xB0,0x63,0x11,0x4D,0xB0,0x63,0x11,0x4D,0xB0,0x63,0x11,0x4D,0xB0,0x63,0x11,0x4D,0xB0,0x63,0x11,0x4D,0xB0,0x63,0x11,0x4D,0xB0,0x63,0x11,0x4D,0xB0,0x63,0x11,0x4D,
    0xB0,0x63,0x11,0x4D,0xB0,0x63,0x11,0x4D,0xB0,0x63,0x11,0x4D,0xB0,0x63,0x11,0x4D,0xB0,0x63,0x11,0x4D,0xB0,0x63,0x11,0x4D,0xB0,0x63,0x11,0x4D,0xB0,0x63,0x11,0x4D,0xB0,0x63,0x11,0x4D,0xB0,0x63,0x11,0x4D,0xB0,0x63,0x11,0x4D,0xB0,0x63,0x11,0x4D,0xB0,0x63,0x11,0x4D,0xB0,0x63,0x11,0x4D,0xB0,0x63,0x11,0x4D,0xB0,0x63,0x11,0x4D,
    0xB0,0x63,0x11,0x4D,0xB0,0x63,0x11,0x4D,0xB0,0x63,0x11,0x4D,0xB0,0x63,0x11,0x4D,0xB0,0x63,0x11,0x4D,0xB0,0x63,0x11,0x4D,0xB0,0x63,0x11,0x4D,0xB0,0x63,0x11,0x4D,0xB0,0x63,0x11,0x4D,0xB0,0x63,0x11,0x4D,0xB0,0x63,0x11,0x4D,0xB0,0x63,0x11,0x4D,0xB0,0x63,0x11,0x4D,0xB0,0x63,0x11,0x4D,0xB0,0x63,0x11,0x4D,0xB0,0x63,0x11,0x4D,
    0xB0,0x63,0x11,0x4D,0xB0,0x63,0x11,0x4D,0xB0,0x63,0x11,0x4D,0xB0,0x63,0x11,0x4D,0xB0,0x63,0x11,0x4D,0xB0,0x63,0x11,0x4D,0xB0,0x63,0x11,0x4D,0xB0,0x63,0x11,0x4D,0xB0,0x63,0x11,0x4D,0xB0,0x63,0x11,0x4D,0xB0,0x63,0x11,0x4D,0xB0,0x63,0x11,0x4D,0xB0,0x63,0x11,0x4D,0xB0,0x63,0x11,0x4D,0xB0,0x63,0x11,0x4D,0xB0,0x63,0x11,0x4D,
    0xB0,0x63,0x11,0x4D,0xB0,0x63,0x11,0x4D,0xB0,0x63,0x11,0x4D,0xB0,0x63,0x11,0x4D,0xB0,0x63,0x11,0x4D,0xB0,0x63,0x11,0x4D,0xB0,0x63,0x11,0x4D,0xB0,0x63,0x11,0x4D,0xB0,0x63,0x11,0x4D,0xB0,0x63,0x11,0x4D,0xC2,0x88,0x48,0x5C,0xEA,0xD8,0xC3,0x91,0xEC,0xDB,0xC8,0xA3,0xB2,0x67,0x17,0x4F,0xB0,0x63,0x11,0x4D,0xB0,0x63,0x11,0x4D,
    0xB0,0x63,0x11,0x4D,0xB0,0x63,0x11,0x4D,0xB0,0x63,0x11,0x4D,0xB0,0x63,0x11,0x4D,0xB0,0x63,0x11,0x4D,0xB0,0x63,0x11,0x4D,0xB0,0x63,0x11,0x4D,0xB0,0x63,0x11,0x4D,0xB0,0x63,0x11,0x4D,0xB0,0x63,0x11,0x4D,0xB0,0x63,0x11,0x4D,0xB0,0x63,0x11,0x4D,0xB0,0x63,0x11,0x4D,0xB0,0x63,0x11,0x4D,0xB0,0x63,0x11,0x4D,0xB0,0x63,0x11,0x4D,
    0xB0,0x63,0x11,0x4D,0xB0,0x63,0x11,0x4D,0xB0,0x63,0x11,0x4D,0xB0,0x63,0x11,0x4D,0xB0,0x63,0x11,0x4D,0xB0,0x63,0x11,0x4D,0xB0,0x63,0x11,0x4D,0xB0,0x63,0x11,0x4D,0xB0,0x63,0x11,0x4D,0xB0,0x63,0x11,0x4D,0xB0,0x63,0x11,0x4D,0xB0,0x63,0x11,0x4D,0xB0,0x63,0x11,0x4D,0xB0,0x63,0x11,0x4D,0xB0,0x63,0x11,0x4D,0xB0,0x63,0x11,0x4D,
    0xB0,0x63,0x11,0x4D,0xB0,0x63,0x11,0x4D,0xB0,0x63,0x11,0x4D,0xB0,0x63,0x11,0x4D,0xB0,0x63,0x11,0x4D,0xB0,0x63,0x11,0x4D,0xB0,0x63,0x11,0x4D,0xB0,0x63,0x11,0x4D,0xB0,0x63,0x11,0x4D,0xB0,0x63,0x11,0x4D,0xB0,0x63,0x11,0x4D,0xB0,0x63,0x11,0x4D,0xB0,0x63,0x11,0x4D,0xB0,0x63,0x11,0x4D,0xB0,0x63,0x11,0x4D,0xB0,0x63,0x11,0x4D,
    0xB0,0x63,0x11,0x4D,0xB0,0x63,0x11,0x4D,0xB0,0x63,0x11,0x4D,0xB0,0x63,0x11,0x4D,0xB0,0x63,0x11,0x4D,0xB0,0x63,0x11,0x4D,0xB0,0x63,0x11,0x4D,0xB0,0x63,0x11,0x4D,0xB0,0x63,0x11,0x4D,0xB0,0x63,0x11,0x4D,0xB0,0x63,0x11,0x4D,0xB0,0x63,0x11,0x4D,0xB0,0x63,0x11,0x4D,0xB0,0x63,0x11,0x4D,0xB0,0x63,0x11,0x4D,0xB0,0x63,0x11,0x4D,
    0xB0,0x63,0x11,0x4D,0xB0,0x63,0x11,0x4D,0xB0,0x63,0x11,0x4D,0xB0,0x63,0x11,0x4D,0xB0,0x63,0x11,0x4D,0xB0,0x63,0x11,0x4D,0xB0,0x63,0x11,0x4D,0xB0,0x63,0x11,0x4D,0xB0,0x63,0x11,0x4D,0xB0,0x63,0x11,0x4D,0xB0,0x63,0x11,0x4D,0xB0,0x63,0x11,0x4D,0xB0,0x63,0x11,0x4D,0xB0,0x63,0x11,0x4D,0xB0,0x63,0x11,0x4D,0xB0,0x63,0x11,0x4D,
    0xB0,0x63,0x11,0x4D,0xB0,0x63,0x11,0x4D,0xB0,0x63,0x11,0x4D,0xB0,0x63,0x11,0x4D,0xB0,0x63,0x11,0x4D,0xB0,0x63,0x11,0x4D,0xB0,0x63,0x11,0x4D,0xB0,0x63,0x11,0x4D,0xB0,0x63,0x11,0x4D,0xB0,0x63,0x11,0x4D,0xB0,0x63,0x11,0x4D,0xB0,0x63,0x11,0x4D,0xB0,0x63,0x11,0x4D,0xB0,0x63,0x11,0x4D,0xB0,0x63,0x11,0x4D,0xB0,0x63,0x11,0x4D,
    0xB0,0x63,0x11,0x4D,0xB0,0x63,0x11,0x4D,0xB0,0x63,0x11,0x4D,0xB0,0x63,0x11,0x4D,0xB0,0x63,0x11,0x4D,0xB0,0x63,0x11,0x4D,0xB0,0x63,0x11,0x4D,0xB0,0x63,0x11,0x4D,0xB0,0x63,0x11,0x4D,0xB0,0x63,0x11,0x4D,0xB0,0x63,0x11,0x4D,0xB0,0x63,0x11,0x4D,0xB0,0x63,0x11,0x4D,0xB0,0x63,0x11,0x4D,0xB0,0x63,0x11,0x4D,0xB0,0x63,0x11,0x4D,
    0xB0,0x63,0x11,0x4D,0xB0,0x63,0x11,0x4D,0xB0,0x63,0x11,0x4D,0xB0,0x63,0x11,0x4D,0xB0,0x63,0x11,0x4D,0xB0,0x63,0x11,0x4D,0xB0,0x63,0x11,0x4D,0xB0,0x63,0x11,0x4D,0xB0,0x63,0x11,0x4D,0xB0,0x63,0x11,0x4D,0xB0,0x63,0x11,0x4D,0xB0,0x63,0x11,0x4D,0xB0,0x63,0x11,0x4D,0xB0,0x63,0x11,0x4D,0xB0,0x63,0x11,0x4D,0xB0,0x63,0x11,0x4D,
    0xB0,0x63,0x11,0x4D,0xB0,0x63,0x11,0x4D,0xB0,0x63,0x11,0x4D,0xB0,0x63,0x11,0x4D,0xB0,0x63,0x11,0x4D,0xB0,0x63,0x11,0x4D,0xB0,0x63,0x11,0x4D,0xB0,0x63,0x11,0x4D,0xB0,0x63,0x11,0x4D,0xB0,0x63,0x11,0x4D,0xB0,0x63,0x11,0x4D,0xB0,0x63,0x11,0x4D,0xB0,0x63,0x11,0x4D,0xB0,0x63,0x11,0x4D,0xB0,0x63,0x11,0x4D,0xB0,0x63,0x11,0x4D,
    0xB0,0x63,0x11,0x4D,0xB0,0x63,0x11,0x4D,0xB0,0x63,0x11,0x4D,0xB0,0x63,0x11,0x4D,0xB0,0x63,0x11,0x4D,0xB0,0x63,0x11,0x4D,0xB0,0x63,0x11,0x4D,0xB0,0x63,0x11,0x4D,0xB0,0x63,0x11,0x4D,0xB0,0x63,0x11,0x4D,0xB0,0x63,0x11,0x4D,0xB0,0x63,0x11,0x4D,0xB0,0x63,0x11,0x4D,0xB0,0x63,0x11,0x4D,0xB0,0x63,0x11,0x4D,0xB0,0x63,0x11,0x4D,
    0xB0,0x63,0x11,0x4D,0xB0,0x63,0x11,0x4D,0xB0,0x63,0x11,0x4D,0xB0,0x63,0x11,0x4D,0xB0,0x63,0x11,0x4D,0xB0,0x63,0x11,0x4D,0xB0,0x63,0x11,0x4D,0xB0,0x63,0x11,0x4D,0xB0,0x63,0x11,0x4D,0xB0,0x63,0x11,0x4D,0xB0,0x63,0x11,0x4D,0xB0,0x63,0x11,0x4D,0xB0,0x63,0x11,0x4D,0xB0,0x63,0x11,0x4D,0xB2,0x67,0x17,0x4F,0xEC,0xDB,0xC8,0xA3,
    0xED,0xDA,0xC8,0xA6,0xB0,0x63,0x11,0x4D,0xB0,0x63,0x11,0x4D,0xB0,0x63,0x11,0x4D,0xB0,0x63,0x11,0x4D,0xB0,0x63,0x11,0x4D,0xB0,0x63,0x11,0x4D,0xB0,0x63,0x11,0x4D,0xB0,0x63,0x11,0x4D,0xB0,0x63,0x11,0x4D,0xB0,0x63,0x11,0x4D,0xB0,0x63,0x11,0x4D,0xB0,0x63,0x11,0x4D,0xB0,0x63,0x11,0x4D,0xB0,0x63,0x11,0x4D,0xB0,0x63,0x11,0x4D,
    0xB0,0x63,0x11,0x4D,0xB0,0x63,0x11,0x4D,0xB0,0x63,0x11,0x4D,0xB0,0x63,0x11,0x4D,0xB0,0x63,0x11,0x4D,0xB0,0x63,0x11,0x4D,0xB0,0x63,0x11,0x4D,0xB0,0x63,0x11,0x4D,0xB0,0x63,0x11,0x4D,0xB0,0x63,0x11,0x4D,0xB0,0x63,0x11,0x4D,0xB0,0x63,0x11,0x4D,0xB0,0x63,0x11,0x4D,0xB0,0x63,0x11,0x4D,0xB0,0x63,0x11,0x4D,0xB0,0x63,0x11,0x4D,
    0xB0,0x63,0x11,0x4D,0xB0,0x63,0x11,0x4D,0xB0,0x63,0x11,0x4D,0xB0,0x63,0x11,0x4D,0xB0,0x63,0x11,0x4D,0xB0,0x63,0x11,0x4D,0xB0,0x63,0x11,0x4D,0xB0,0x63,0x11,0x4D,0xB0,0x63,0x11,0x4D,0xB0,0x63,0x11,0x4D,0xB0,0x63,0x11,0x4D,0xB0,0x63,0x11,0x4D,0xB0,0x63,0x11,0x4D,0xB0,0x63,0x11,0x4D,0xB0,0x63,0x11,0x4D,0xB0,0x63,0x11,0x4D,
    0xB0,0x63,0x11,0x4D,0xB0,0x63,0x11,0x4D,0xB0,0x63,0x11,0x4D,0xB0,0x63,0x11,0x4D,0xB0,0x63,0x11,0x4D,0xB0,0x63,0x11,0x4D,0xB0,0x63,0x11,0x4D,0xB0,0x63,0x11,0x4D,0xB0,0x63,0x11,0x4D,0xB0,0x63,0x11,0x4D,0xB0,0x63,0x11,0x4D,0xB0,0x63,0x11,0x4D,0xB0,0x63,0x11,0x4D,0xB0,0x63,0x11,0x4D,0xB0,0x63,0x11,0x4D,0xB0,0x63,0x11,0x4D,
    0xB0,0x63,0x11,0x4D,0xB0,0x63,0x11,0x4D,0xB0,0x63,0x11,0x4D,0xB0,0x63,0x11,0x4D,0xB0,0x63,0x11,0x4D,0xB0,0x63,0x11,0x4D,0xB0,0x63,0x11,0x4D,0xB0,0x63,0x11,0x4D,0xB0,0x63,0x11,0x4D,0xB0,0x63,0x11,0x4D,0xB0,0x63,0x11,0x4D,0xB0,0x63,0x11,0x4D,0xB0,0x63,0x11,0x4D,0xB0,0x63,0x11,0x4D,0xB0,0x63,0x11,0x4D,0xB0,0x63,0x11,0x4D,
    0xB0,0x63,0x11,0x4D,0xB0,0x63,0x11,0x4D,0xB0,0x63,0x11,0x4D,0xB0,0x63,0x11,0x4D,0xB0,0x63,0x11,0x4D,0xB0,0x63,0x11,0x4D,0xB0,0x63,0x11,0x4D,0xB0,0x63,0x11,0x4D,0xB0,0x63,0x11,0x4D,0xB0,0x63,0x11,0x4D,0xB0,0x63,0x11,0x4D,0xB0,0x63,0x11,0x4D,0xB0,0x63,0x11,0x4D,0xB0,0x63,0x11,0x4D,0xB0,0x63,0x11,0x4D,0xB0,0x63,0x11,0x4D,
    0xB0,0x63,0x11,0x4D,0xB0,0x63,0x11,0x4D,0xB0,0x63,0x11,0x4D,0xB0,0x63,0x11,0x4D,0xB0,0x63,0x11,0x4D,0xB0,0x63,0x11,0x4D,0xB0,0x63,0x11,0x4D,0xB0,0x63,0x11,0x4D,0xB0,0x63,0x11,0x4D,0xB0,0x63,0x11,0x4D,0xB0,0x63,0x11,0x4D,0xB0,0x63,0x11,0x4D,0xB0,0x63,0x11,0x4D,0xB0,0x63,0x11,0x4D,0xB0,0x63,0x11,0x4D,0xB0,0x63,0x11,0x4D,
    0xB0,0x63,0x11,0x4D,0xB0,0x63,0x11,0x4D,0xB0,0x63,0x11,0x4D,0xB0,0x63,0x11,0x4D,0xB0,0x63,0x11,0x4D,0xB0,0x63,0x11,0x4D,0xB0,0x63,0x11,0x4D,0xB0,0x63,0x11,0x4D,0xB0,0x63,0x11,0x4D,0xB0,0x63,0x11,0x4D,0xB0,0x63,0x11,0x4D,0xB0,0x63,0x11,0x4D,0xB0,0x63,0x11,0x4D,0xB0,0x63,0x11,0x4D,0xB0,0x63,0x11,0x4D,0xB0,0x63,0x11,0x4D,
    0xB0,0x63,0x11,0x4D,0xB0,0x63,0x11,0x4D,0xB0,0x63,0x11,0x4D,0xB0,0x63,0x11,0x4D,0xB0,0x63,0x11,0x4D,0xB0,0x63,0x11,0x4D,0xB0,0x63,0x11,0x4D,0xB0,0x63,0x11,0x4D,0xB0,0x63,0x11,0x4D,0xB0,0x63,0x11,0x4D,0xB0,0x63,0x11,0x4D,0xB0,0x63,0x11,0x4D,0xB0,0x63,0x11,0x4D,0xB0,0x63,0x11,0x4D,0xB0,0x63,0x11,0x4D,0xB0,0x63,0x11,0x4D,
    0xB0,0x63,0x11,0x4D,0xB0,0x63,0x11,0x4D,0xB0,0x63,0x11,0x4D,0xB0,0x63,0x11,0x4D,0xB0,0x63,0x11,0x4D,0xB0,0x63,0x11,0x4D,0xB0,0x63,0x11,0x4D,0xB0,0x63,0x11,0x4D,0xB0,0x63,0x11,0x4D,0xB0,0x63,0x11,0x4D,0xB0,0x63,0x11,0x4D,0xB0,0x63,0x11,0x4D,0xB0,0x63,0x11,0x4D,0xB0,0x63,0x11,0x4D,0xB0,0x63,0x11,0x4D,0xB0,0x63,0x11,0x4D,
    0xB0,0x63,0x11,0x4D,0xB0,0x63,0x11,0x4D,0xB0,0x63,0x11,0x4D,0xB0,0x63,0x11,0x4D,0xB0,0x63,0x11,0x4D,0xB0,0x63,0x11,0x4D,0xB0,0x63,0x11,0x4D,0xB0,0x63,0x11,0x4D,0xB0,0x63,0x11,0x4D,0xB0,0x63,0x11,0x4D,0xB0,0x63,0x11,0x4D,0xB0,0x63,0x11,0x4D,0xB0,0x63,0x11,0x4D,0xB0,0x63,0x11,0x4D,0xB0,0x63,0x11,0x4D,0xB0,0x63,0x11,0x4D,
    0xB0,0x63,0x11,0x4D,0xB0,0x63,0x11,0x4D,0xB0,0x63,0x11,0x4D,0xED,0xDA,0xC8,0xA6,0xED,0xDA,0xC8,0xA6,0xB0,0x63,0x11,0x4D,0xB0,0x63,0x11,0x4D,0xB0,0x63,0x11,0x4D,0xB0,0x63,0x11,0x4D,0xB0,0x63,0x11,0x4D,0xB0,0x63,0x11,0x4D,0xB0,0x63,0x11,0x4D,0xB0,0x63,0x11,0x4D,0xB0,0x63,0x11,0x4D,0xB0,0x63,0x11,0x4D,0xB0,0x63,0x11,0x4D,
    0xB0,0x63,0x11,0x4D,0xB0,0x63,0x11,0x4D,0xB0,0x63,0x11,0x4D,0xB0,0x63,0x11,0x4D,0xB0,0x63,0x11,0x4D,0xB0,0x63,0x11,0x4D,0xB0,0x63,0x11,0x4D,0xB0,0x63,0x11,0x4D,0xB0,0x63,0x11,0x4D,0xB0,0x63,0x11,0x4D,0xB0,0x63,0x11,0x4D,0xB0,0x63,0x11,0x4D,0xB0,0x63,0x11,0x4D,0xB0,0x63,0x11,0x4D,0xB0,0x63,0x11,0x4D,0xB0,0x63,0x11,0x4D,
    0xB0,0x63,0x11,0x4D,0xB0,0x63,0x11,0x4D,0xB0,0x63,0x11,0x4D,0xB0,0x63,0x11,0x4D,0xB0,0x63,0x11,0x4D,0xB0,0x63,0x11,0x4D,0xB0,0x63,0x11,0x4D,0xB0,0x63,0x11,0x4D,0xB0,0x63,0x11,0x4D,0xB0,0x63,0x11,0x4D,0xB0,0x63,0x11,0x4D,0xB0,0x63,0x11,0x4D,0xB0,0x63,0x11,0x4D,0xB0,0x63,0x11,0x4D,0xB0,0x63,0x11,0x4D,0xB0,0x63,0x11,0x4D,
    0xB0,0x63,0x11,0x4D,0xB0,0x63,0x11,0x4D,0xB0,0x63,0x11,0x4D,0xB0,0x63,0x11,0x4D,0xB0,0x63,0x11,0x4D,0xB0,0x63,0x11,0x4D,0xB0,0x63,0x11,0x4D,0xB0,0x63,0x11,0x4D,0xB0,0x63,0x11,0x4D,0xB0,0x63,0x11,0x4D,0xB0,0x63,0x11,0x4D,0xB0,0x63,0x11,0x4D,0xB0,0x63,0x11,0x4D,0xB0,0x63,0x11,0x4D,0xB0,0x63,0x11,0x4D,0xB0,0x63,0x11,0x4D,
    0xB0,0x63,0x11,0x4D,0xB0,0x63,0x11,0x4D,0xB0,0x63,0x11,0x4D,0xB0,0x63,0x11,0x4D,0xB0,0x63,0x11,0x4D,0xB0,0x63,0x11,0x4D,0xB0,0x63,0x11,0x4D,0xB0,0x63,0x11,0x4D,0xB0,0x63,0x11,0x4D,0xB0,0x63,0x11,0x4D,0xB0,0x63,0x11,0x4D,0xB0,0x63,0x11,0x4D,0xB0,0x63,0x11,0x4D,0xB0,0x63,0x11,0x4D,0xB0,0x63,0x11,0x4D,0xB0,0x63,0x11,0x4D,
    0xB0,0x63,0x11,0x4D,0xB0,0x63,0x11,0x4D,0xB0,0x63,0x11,0x4D,0xB0,0x63,0x11,0x4D,0xB0,0x63,0x11,0x4D,0xB0,0x63,0x11,0x4D,0xB0,0x63,0x11,0x4D,0xB0,0x63,0x11,0x4D,0xB0,0x63,0x11,0x4D,0xB0,0x63,0x11,0x4D,0xB0,0x63,0x11,0x4D,0xB0,0x63,0x11,0x4D,0xB0,0x63,0x11,0x4D,0xB0,0x63,0x11,0x4D,0xB0,0x63,0x11,0x4D,0xB0,0x63,0x11,0x4D,
    0xB0,0x63,0x11,0x4D,0xB0,0x63,0x11,0x4D,0xB0,0x63,0x11,0x4D,0xB0,0x63,0x11,0x4D,0xB0,0x63,0x11,0x4D,0xB0,0x63,0x11,0x4D,0xB0,0x63,0x11,0x4D,0xB0,0x63,0x11,0x4D,0xB0,0x63,0x11,0x4D,0xB0,0x63,0x11,0x4D,0xB0,0x63,0x11,0x4D,0xB0,0x63,0x11,0x4D,0xB0,0x63,0x11,0x4D,0xB0,0x63,0x11,0x4D,0xB0,0x63,0x11,0x4D,0xB0,0x63,0x11,0x4D,
    0xB0,0x63,0x11,0x4D,0xB0,0x63,0x11,0x4D,0xB0,0x63,0x11,0x4D,0xB0,0x63,0x11,0x4D,0xB0,0x63,0x11,0x4D,0xB0,0x63,0x11,0x4D,0xB0,0x63,0x11,0x4D,0xB0,0x63,0x11,0x4D,0xB0,0x63,0x11,0x4D,0xB0,0x63,0x11,0x4D,0xB0,0x63,0x11,0x4D,0xB0,0x63,0x11,0x4D,0xB0,0x63,0x11,0x4D,0xB0,0x63,0x11,0x4D,0xB0,0x63,0x11,0x4D,0xB0,0x63,0x11,0x4D,
    0xB0,0x63,0x11,0x4D,0xB0,0x63,0x11,0x4D,0xB0,0x63,0x11,0x4D,0xB0,0x63,0x11,0x4D,0xB0,0x63,0x11,0x4D,0xB0,0x63,0x11,0x4D,0xB0,0x63,0x11,0x4D,0xB0,0x63,0x11,0x4D,0xB0,0x63,0x11,0x4D,0xB0,0x63,0x11,0x4D,0xB0,0x63,0x11,0x4D,0xB0,0x63,0x11,0x4D,0xB0,0x63,0x11,0x4D,0xB0,0x63,0x11,0x4D,0xB0,0x63,0x11,0x4D,0xB0,0x63,0x11,0x4D,
    0xB0,0x63,0x11,0x4D,0xB0,0x63,0x11,0x4D,0xB0,0x63,0x11,0x4D,0xB0,0x63,0x11,0x4D,0xB0,0x63,0x11,0x4D,0xB0,0x63,0x11,0x4D,0xB0,0x63,0x11,0x4D,0xB0,0x63,0x11,0x4D,0xB0,0x63,0x11,0x4D,0xB0,0x63,0x11,0x4D,0xB0,0x63,0x11,0x4D,0xB0,0x63,0x11,0x4D,0xB0,0x63,0x11,0x4D,0xB0,0x63,0x11,0x4D,0xB0,0x63,0x11,0x4D,0xB0,0x63,0x11,0x4D,
    0xB0,0x63,0x11,0x4D,0xB0,0x63,0x11,0x4D,0xB0,0x63,0x11,0x4D,0xB0,0x63,0x11,0x4D,0xB0,0x63,0x11,0x4D,0xB0,0x63,0x11,0x4D,0xB0,0x63,0x11,0x4D,0xB0,0x63,0x11,0x4D,0xB0,0x63,0x11,0x4D,0xB0,0x63,0x11,0x4D,0xB0,0x63,0x11,0x4D,0xB0,0x63,0x11,0x4D,0xB0,0x63,0x11,0x4D,0xB0,0x63,0x11,0x4D,0xB0,0x63,0x11,0x4D,0xB0,0x63,0x11,0x4D,
    0xB0,0x63,0x11,0x4D,0xB0,0x63,0x11,0x4D,0xB0,0x63,0x11,0x4D,0xB0,0x63,0x11,0x4D,0xB0,0x63,0x11,0x4D,0xB0,0x63,0x11,0x4D,0xB0,0x63,0x11,0x4D,0xED,0xDA,0xC8,0xA6,0xED,0xDA,0xC8,0xA6,0xB0,0x63,0x11,0x4D,0xB0,0x63,0x11,0x4D,0xB0,0x63,0x11,0x4D,0xB0,0x63,0x11,0x4D,0xB0,0x63,0x11,0x4D,0xB0,0x63,0x11,0x4D,0xB0,0x63,0x11,0x4D,
    0xB0,0x63,0x11,0x4D,0xB0,0x63,0x11,0x4D,0xB0,0x63,0x11,0x4D,0xB0,0x63,0x11,0x4D,0xB0,0x63,0x11,0x4D,0xB0,0x63,0x11,0x4D,0xB0,0x63,0x11,0x4D,0xB0,0x63,0x11,0x4D,0xB0,0x63,0x11,0x4D,0xB0,0x63,0x11,0x4D,0xB0,0x63,0x11,0x4D,0xB0,0x63,0x11,0x4D,0xB0,0x63,0x11,0x4D,0xB0,0x63,0x11,0x4D,0xB0,0x63,0x11,0x4D,0xB0,0x63,0x11,0x4D,
    0xB0,0x63,0x11,0x4D,0xB0,0x63,0x11,0x4D,0xB0,0x63,0x11,0x4D,0xB0,0x63,0x11,0x4D,0xB0,0x63,0x11,0x4D,0xB0,0x63,0x11,0x4D,0xB0,0x63,0x11,0x4D,0xB0,0x63,0x11,0x4D,0xB0,0x63,0x11,0x4D,0xB0,0x63,0x11,0x4D,0xB0,0x63,0x11,0x4D,0xB0,0x63,0x11,0x4D,0xB0,0x63,0x11,0x4D,0xB0,0x63,0x11,0x4D,0xB0,0x63,0x11,0x4D,0xB0,0x63,0x11,0x4D,
    0xB0,0x63,0x11,0x4D,0xB0,0x63,0x11,0x4D,0xB0,0x63,0x11,0x4D,0xB0,0x63,0x11,0x4D,0xB0,0x63,0x11,0x4D,0xB0,0x63,0x11,0x4D,0xB0,0x63,0x11,0x4D,0xB0,0x63,0x11,0x4D,0xB0,0x63,0x11,0x4D,0xB0,0x63,0x11,0x4D,0xB0,0x63,0x11,0x4D,0xB0,0x63,0x11,0x4D,0xB0,0x63,0x11,0x4D,0xB0,0x63,0x11,0x4D,0xB0,0x63,0x11,0x4D,0xB0,0x63,0x11,0x4D,
    0xB0,0x63,0x11,0x4D,0xB0,0x63,0x11,0x4D,0xB0,0x63,0x11,0x4D,0xB0,0x63,0x11,0x4D,0xB0,0x63,0x11,0x4D,0xB0,0x63,0x11,0x4D,0xB0,0x63,0x11,0x4D,0xB0,0x63,0x11,0x4D,0xB0,0x63,0x11,0x4D,0xB0,0x63,0x11,0x4D,0xB0,0x63,0x11,0x4D,0xB0,0x63,0x11,0x4D,0xB0,0x63,0x11,0x4D,0xB0,0x63,0x11,0x4D,0xB0,0x63,0x11,0x4D,0xB0,0x63,0x11,0x4D,
    0xB0,0x63,0x11,0x4D,0xB0,0x63,0x11,0x4D,0xB0,0x63,0x11,0x4D,0xB0,0x63,0x11,0x4D,0xB0,0x63,0x11,0x4D,0xB0,0x63,0x11,0x4D,0xB0,0x63,0x11,0x4D,0xB0,0x63,0x11,0x4D,0xB0,0x63,0x11,0x4D,0xB0,0x63,0x11,0x4D,0xB0,0x63,0x11,0x4D,0xB0,0x63,0x11,0x4D,0xB0,0x63,0x11,0x4D,0xB0,0x63,0x11,0x4D,0xB0,0x63,0x11,0x4D,0xB0,0x63,0x11,0x4D,
    0xB0,0x63,0x11,0x4D,0xB0,0x63,0x11,0x4D,0xB0,0x63,0x11,0x4D,0xB0,0x63,0x11,0x4D,0xB0,0x63,0x11,0x4D,0xB0,0x63,0x11,0x4D,0xB0,0x63,0x11,0x4D,0xB0,0x63,0x11,0x4D,0xB0,0x63,0x11,0x4D,0xB0,0x63,0x11,0x4D,0xB0,0x63,0x11,0x4D,0xB0,0x63,0x11,0x4D,0xB0,0x63,0x11,0x4D,0xB0,0x63,0x11,0x4D,0xB0,0x63,0x11,0x4D,0xB0,0x63,0x11,0x4D,
    0xB0,0x63,0x11,0x4D,0xB0,0x63,0x11,0x4D,0xB0,0x63,0x11,0x4D,0xB0,0x63,0x11,0x4D,0xB0,0x63,0x11,0x4D,0xB0,0x63,0x11,0x4D,0xB0,0x63,0x11,0x4D,0xB0,0x63,0x11,0x4D,0xB0,0x63,0x11,0x4D,0xB0,0x63,0x11,0x4D,0xB0,0x63,0x11,0x4D,0xB0,0x63,0x11,0x4D,0xB0,0x63,0x11,0x4D,0xB0,0x63,0x11,0x4D,0xB0,0x63,0x11,0x4D,0xB0,0x63,0x11,0x4D,
    0xB0,0x63,0x11,0x4D,0xB0,0x63,0x11,0x4D,0xB0,0x63,0x11,0x4D,0xB0,0x63,0x11,0x4D,0xB0,0x63,0x11,0x4D,0xB0,0x63,0x11,0x4D,0xB0,0x63,0x11,0x4D,0xB0,0x63,0x11,0x4D,0xB0,0x63,0x11,0x4D,0xB0,0x63,0x11,0x4D,0xB0,0x63,0x11,0x4D,0xB0,0x63,0x11,0x4D,0xB0,0x63,0x11,0x4D,0xB0,0x63,0x11,0x4D,0xB0,0x63,0x11,0x4D,0xB0,0x63,0x11,0x4D,
    0xB0,0x63,0x11,0x4D,0xB0,0x63,0x11,0x4D,0xB0,0x63,0x11,0x4D,0xB0,0x63,0x11,0x4D,0xB0,0x63,0x11,0x4D,0xB0,0x63,0x11,0x4D,0xB0,0x63,0x11,0x4D,0xB0,0x63,0x11,0x4D,0xB0,0x63,0x11,0x4D,0xB0,0x63,0x11,0x4D,0xB0,0x63,0x11,0x4D,0xB0,0x63,0x11,0x4D,0xB0,0x63,0x11,0x4D,0xB0,0x63,0x11,0x4D,0xB0,0x63,0x11,0x4D,0xB0,0x63,0x11,0x4D,
    0xB0,0x63,0x11,0x4D,0xB0,0x63,0x11,0x4D,0xB0,0x63,0x11,0x4D,0xB0,0x63,0x11,0x4D,0xB0,0x63,0x11,0x4D,0xB0,0x63,0x11,0x4D,0xB0,0x63,0x11,0x4D,0xB0,0x63,0x11,0x4D,0xB0,0x63,0x11,0x4D,0xB0,0x63,0x11,0x4D,0xB0,0x63,0x11,0x4D,0xB0,0x63,0x11,0x4D,0xB0,0x63,0x11,0x4D,0xB0,0x63,0x11,0x4D,0xB0,0x63,0x11,0x4D,0xB0,0x63,0x11,0x4D,
    0xB0,0x63,0x11,0x4D,0xB0,0x63,0x11,0x4D,0xB0,0x63,0x11,0x4D,0xB0,0x63,0x11,0x4D,0xB0,0x63,0x11,0x4D,0xB0,0x63,0x11,0x4D,0xB0,0x63,0x11,0x4D,0xB0,0x63,0x11,0x4D,0xB0,0x63,0x11,0x4D,0xB0,0x63,0x11,0x4D,0xB0,0x63,0x11,0x4D,0xED,0xDA,0xC8,0xA6,0xED,0xDA,0xC8,0xA6,0xB0,0x63,0x11,0x4D,0xB0,0x63,0x11,0x4D,0xB0,0x63,0x11,0x4D,
    0xB0,0x63,0x11,0x4D,0xB0,0x63,0x11,0x4D,0xB0,0x63,0x11,0x4D,0xB0,0x63,0x11,0x4D,0xB0,0x63,0x11,0x4D,0xB0,0x63,0x11,0x4D,0xB0,0x63,0x11,0x4D,0xB0,0x63,0x11,0x4D,0xB0,0x63,0x11,0x4D,0xB0,0x63,0x11,0x4D,0xB0,0x63,0x11,0x4D,0xB0,0x63,0x11,0x4D,0xB0,0x63,0x11,0x4D,0xB0,0x63,0x11,0x4D,0xB0,0x63,0x11,0x4D,0xB0,0x63,0x11,0x4D,
    0xB0,0x63,0x11,0x4D,0xB0,0x63,0x11,0x4D,0xB0,0x63,0x11,0x4D,0xB0,0x63,0x11,0x4D,0xB0,0x63,0x11,0x4D,0xB0,0x63,0x11,0x4D,0xB0,0x63,0x11,0x4D,0xB0,0x63,0x11,0x4D,0xB0,0x63,0x11,0x4D,0xB0,0x63,0x11,0x4D,0xB0,0x63,0x11,0x4D,0xB0,0x63,0x11,0x4D,0xB0,0x63,0x11,0x4D,0xB0,0x63,0x11,0x4D,0xB0,0x63,0x11,0x4D,0xB0,0x63,0x11,0x4D,
    0xB0,0x63,0x11,0x4D,0xB0,0x63,0x11,0x4D,0xB0,0x63,0x11,0x4D,0xB0,0x63,0x11,0x4D,0xB0,0x63,0x11,0x4D,0xB0,0x63,0x11,0x4D,0xB0,0x63,0x11,0x4D,0xB0,0x63,0x11,0x4D,0xB0,0x63,0x11,0x4D,0xB0,0x63,0x11,0x4D,0xB0,0x63,0x11,0x4D,0xB0,0x63,0x11,0x4D,0xB0,0x63,0x11,0x4D,0xB0,0x63,0x11,0x4D,0xB0,0x63,0x11,0x4D,0xB0,0x63,0x11,0x4D,
    0xB0,0x63,0x11,0x4D,0xB0,0x63,0x11,0x4D,0xB0,0x63,0x11,0x4D,0xB0,0x63,0x11,0x4D,0xB0,0x63,0x11,0x4D,0xB0,0x63,0x11,0x4D,0xB0,0x63,0x11,0x4D,0xB0,0x63,0x11,0x4D,0xB0,0x63,0x11,0x4D,0xB0,0x63,0x11,0x4D,0xB0,0x63,0x11,0x4D,0xB0,0x63,0x11,0x4D,0xB0,0x63,0x11,0x4D,0xB0,0x63,0x11,0x4D,0xB0,0x63,0x11,0x4D,0xB0,0x63,0x11,0x4D,
    0xB0,0x63,0x11,0x4D,0xB0,0x63,0x11,0x4D,0xB0,0x63,0x11,0x4D,0xB0,0x63,0x11,0x4D,0xB0,0x63,0x11,0x4D,0xB0,0x63,0x11,0x4D,0xB0,0x63,0x11,0x4D,0xB0,0x63,0x11,0x4D,0xB0,0x63,0x11,0x4D,0xB0,0x63,0x11,0x4D,0xB0,0x63,0x11,0x4D,0xB0,0x63,0x11,0x4D,0xB0,0x63,0x11,0x4D,0xB0,0x63,0x11,0x4D,0xB0,0x63,0x11,0x4D,0xB0,0x63,0x11,0x4D,
    0xB0,0x63,0x11,0x4D,0xB0,0x63,0x11,0x4D,0xB0,0x63,0x11,0x4D,0xB0,0x63,0x11,0x4D,0xB0,0x63,0x11,0x4D,0xB0,0x63,0x11,0x4D,0xB0,0x63,0x11,0x4D,0xB0,0x63,0x11,0x4D,0xB0,0x63,0x11,0x4D,0xB0,0x63,0x11,0x4D,0xB0,0x63,0x11,0x4D,0xB0,0x63,0x11,0x4D,0xB0,0x63,0x11,0x4D,0xB0,0x63,0x11,0x4D,0xB0,0x63,0x11,0x4D,0xB0,0x63,0x11,0x4D,
    0xB0,0x63,0x11,0x4D,0xB0,0x63,0x11,0x4D,0xB0,0x63,0x11,0x4D,0xB0,0x63,0x11,0x4D,0xB0,0x63,0x11,0x4D,0xB0,0x63,0x11,0x4D,0xB0,0x63,0x11,0x4D,0xB0,0x63,0x11,0x4D,0xB0,0x63,0x11,0x4D,0xB0,0x63,0x11,0x4D,0xB0,0x63,0x11,0x4D,0xB0,0x63,0x11,0x4D,0xB0,0x63,0x11,0x4D,0xB0,0x63,0x11,0x4D,0xB0,0x63,0x11,0x4D,0xB0,0x63,0x11,0x4D,
    0xB0,0x63,0x11,0x4D,0xB0,0x63,0x11,0x4D,0xB0,0x63,0x11,0x4D,0xB0,0x63,0x11,0x4D,0xB0,0x63,0x11,0x4D,0xB0,0x63,0x11,0x4D,0xB0,0x63,0x11,0x4D,0xB0,0x63,0x11,0x4D,0xB0,0x63,0x11,0x4D,0xB0,0x63,0x11,0x4D,0xB0,0x63,0x11,0x4D,0xB0,0x63,0x11,0x4D,0xB0,0x63,0x11,0x4D,0xB0,0x63,0x11,0x4D,0xB0,0x63,0x11,0x4D,0xB0,0x63,0x11,0x4D,
    0xB0,0x63,0x11,0x4D,0xB0,0x63,0x11,0x4D,0xB0,0x63,0x11,0x4D,0xB0,0x63,0x11,0x4D,0xB0,0x63,0x11,0x4D,0xB0,0x63,0x11,0x4D,0xB0,0x63,0x11,0x4D,0xB0,0x63,0x11,0x4D,0xB0,0x63,0x11,0x4D,0xB0,0x63,0x11,0x4D,0xB0,0x63,0x11,0x4D,0xB0,0x63,0x11,0x4D,0xB0,0x63,0x11,0x4D,0xB0,0x63,0x11,0x4D,0xB0,0x63,0x11,0x4D,0xB0,0x63,0x11,0x4D,
    0xB0,0x63,0x11,0x4D,0xB0,0x63,0x11,0x4D,0xB0,0x63,0x11,0x4D,0xB0,0x63,0x11,0x4D,0xB0,0x63,0x11,0x4D,0xB0,0x63,0x11,0x4D,0xB0,0x63,0x11,0x4D,0xB0,0x63,0x11,0x4D,0xB0,0x63,0x11,0x4D,0xB0,0x63,0x11,0x4D,0xB0,0x63,0x11,0x4D,0xB0,0x63,0x11,0x4D,0xB0,0x63,0x11,0x4D,0xB0,0x63,0x11,0x4D,0xB0,0x63,0x11,0x4D,0xB0,0x63,0x11,0x4D,
    0xB0,0x63,0x11,0x4D,0xB0,0x63,0x11,0x4D,0xB0,0x63,0x11,0x4D,0xB0,0x63,0x11,0x4D,0xB0,0x63,0x11,0x4D,0xB0,0x63,0x11,0x4D,0xB0,0x63,0x11,0x4D,0xB0,0x63,0x11,0x4D,0xB0,0x63,0x11,0x4D,0xB0,0x63,0x11,0x4D,0xB0,0x63,0x11,0x4D,0xB0,0x63,0x11,0x4D,0xB0,0x63,0x11,0x4D,0xB0,0x63,0x11,0x4D,0xB0,0x63,0x11,0x4D,0xED,0xDA,0xC8,0xA6,
    0xED,0xDA,0xC8,0xA6,0xB0,0x63,0x11,0x4D,0xB0,0x63,0x11,0x4D,0xB0,0x63,0x11,0x4D,0xB0,0x63,0x11,0x4D,0xB0,0x63,0x11,0x4D,0xB0,0x63,0x11,0x4D,0xB0,0x63,0x11,0x4D,0xB0,0x63,0x11,0x4D,0xB0,0x63,0x11,0x4D,0xB0,0x63,0x11,0x4D,0xB0,0x63,0x11,0x4D,0xB0,0x63,0x11,0x4D,0xB0,0x63,0x11,0x4D,0xB0,0x63,0x11,0x4D,0xB0,0x63,0x11,0x4D,
    0xB0,0x63,0x11,0x4D,0xB0,0x63,0x11,0x4D,0xB0,0x63,0x11,0x4D,0xB0,0x63,0x11,0x4D,0xB0,0x63,0x11,0x4D,0xB0,0x63,0x11,0x4D,0xB0,0x63,0x11,0x4D,0xB0,0x63,0x11,0x4D,0xB0,0x63,0x11,0x4D,0xB0,0x63,0x11,0x4D,0xB0,0x63,0x11,0x4D,0xB0,0x63,0x11,0x4D,0xB0,0x63,0x11,0x4D,0xB0,0x63,0x11,0x4D,0xB0,0x63,0x11,0x4D,0xB0,0x63,0x11,0x4D,
    0xB0,0x63,0x11,0x4D,0xB0,0x63,0x11,0x4D,0xB0,0x63,0x11,0x4D,0xB0,0x63,0x11,0x4D,0xB0,0x63,0x11,0x4D,0xB0,0x63,0x11,0x4D,0xB0,0x63,0x11,0x4D,0xB0,0x63,0x11,0x4D,0xB0,0x63,0x11,0x4D,0xB0,0x63,0x11,0x4D,0xB0,0x63,0x11,0x4D,0xB0,0x63,0x11,0x4D,0xB0,0x63,0x11,0x4D,0xB0,0x63,0x11,0x4D,0xB0,0x63,0x11,0x4D,0xB0,0x63,0x11,0x4D,
    0xB0,0x63,0x11,0x4D,0xB0,0x63,0x11,0x4D,0xB0,0x63,0x11,0x4D,0xB0,0x63,0x11,0x4D,0xB0,0x63,0x11,0x4D,0xB0,0x63,0x11,0x4D,0xB0,0x63,0x11,0x4D,0xB0,0x63,0x11,0x4D,0xB0,0x63,0x11,0x4D,0xB0,0x63,0x11,0x4D,0xB0,0x63,0x11,0x4D,0xB0,0x63,0x11,0x4D,0xB0,0x63,0x11,0x4D,0xB0,0x63,0x11,0x4D,0xB0,0x63,0x11,0x4D,0xB0,0x63,0x11,0x4D,
    0xB0,0x63,0x11,0x4D,0xB0,0x63,0x11,0x4D,0xB0,0x63,0x11,0x4D,0xB0,0x63,0x11,0x4D,0xB0,0x63,0x11,0x4D,0xB0,0x63,0x11,0x4D,0xB0,0x63,0x11,0x4D,0xB0,0x63,0x11,0x4D,0xB0,0x63,0x11,0x4D,0xB0,0x63,0x11,0x4D,0xB0,0x63,0x11,0x4D,0xB0,0x63,0x11,0x4D,0xB0,0x63,0x11,0x4D,0xB0,0x63,0x11,0x4D,0xB0,0x63,0x11,0x4D,0xB0,0x63,0x11,0x4D,
    0xB0,0x63,0x11,0x4D,0xB0,0x63,0x11,0x4D,0xB0,0x63,0x11,0x4D,0xB0,0x63,0x11,0x4D,0xB0,0x63,0x11,0x4D,0xB0,0x63,0x11,0x4D,0xB0,0x63,0x11,0x4D,0xB0,0x63,0x11,0x4D,0xB0,0x63,0x11,0x4D,0xB0,0x63,0x11,0x4D,0xB0,0x63,0x11,0x4D,0xB0,0x63,0x11,0x4D,0xB0,0x63,0x11,0x4D,0xB0,0x63,0x11,0x4D,0xB0,0x63,0x11,0x4D,0xB0,0x63,0x11,0x4D,
    0xB0,0x63,0x11,0x4D,0xB0,0x63,0x11,0x4D,0xB0,0x63,0x11,0x4D,0xB0,0x63,0x11,0x4D,0xB0,0x63,0x11,0x4D,0xB0,0x63,0x11,0x4D,0xB0,0x63,0x11,0x4D,0xB0,0x63,0x11,0x4D,0xB0,0x63,0x11,0x4D,0xB0,0x63,0x11,0x4D,0xB0,0x63,0x11,0x4D,0xB0,0x63,0x11,0x4D,0xB0,0x63,0x11,0x4D,0xB0,0x63,0x11,0x4D,0xB0,0x63,0x11,0x4D,0xB0,0x63,0x11,0x4D,
    0xB0,0x63,0x11,0x4D,0xB0,0x63,0x11,0x4D,0xB0,0x63,0x11,0x4D,0xB0,0x63,0x11,0x4D,0xB0,0x63,0x11,0x4D,0xB0,0x63,0x11,0x4D,0xB0,0x63,0x11,0x4D,0xB0,0x63,0x11,0x4D,0xB0,0x63,0x11,0x4D,0xB0,0x63,0x11,0x4D,0xB0,0x63,0x11,0x4D,0xB0,0x63,0x11,0x4D,0xB0,0x63,0x11,0x4D,0xB0,0x63,0x11,0x4D,0xB0,0x63,0x11,0x4D,0xB0,0x63,0x11,0x4D,
    0xB0,0x63,0x11,0x4D,0xB0,0x63,0x11,0x4D,0xB0,0x63,0x11,0x4D,0xB0,0x63,0x11,0x4D,0xB0,0x63,0x11,0x4D,0xB0,0x63,0x11,0x4D,0xB0,0x63,0x11,0x4D,0xB0,0x63,0x11,0x4D,0xB0,0x63,0x11,0x4D,0xB0,0x63,0x11,0x4D,0xB0,0x63,0x11,0x4D,0xB0,0x63,0x11,0x4D,0xB0,0x63,0x11,0x4D,0xB0,0x63,0x11,0x4D,0xB0,0x63,0x11,0x4D,0xB0,0x63,0x11,0x4D,
    0xB0,0x63,0x11,0x4D,0xB0,0x63,0x11,0x4D,0xB0,0x63,0x11,0x4D,0xB0,0x63,0x11,0x4D,0xB0,0x63,0x11,0x4D,0xB0,0x63,0x11,0x4D,0xB0,0x63,0x11,0x4D,0xB0,0x63,0x11,0x4D,0xB0,0x63,0x11,0x4D,0xB0,0x63,0x11,0x4D,0xB0,0x63,0x11,0x4D,0xB0,0x63,0x11,0x4D,0xB0,0x63,0x11,0x4D,0xB0,0x63,0x11,0x4D,0xB0,0x63,0x11,0x4D,0xB0,0x63,0x11,0x4D,
    0xB0,0x63,0x11,0x4D,0xB0,0x63,0x11,0x4D,0xB0,0x63,0x11,0x4D,0xB0,0x63,0x11,0x4D,0xB0,0x63,0x11,0x4D,0xB0,0x63,0x11,0x4D,0xB0,0x63,0x11,0x4D,0xB0,0x63,0x11,0x4D,0xB0,0x63,0x11,0x4D,0xB0,0x63,0x11,0x4D,0xB0,0x63,0x11,0x4D,0xB0,0x63,0x11,0x4D,0xB0,0x63,0x11,0x4D,0xB0,0x63,0x11,0x4D,0xB0,0x63,0x11,0x4D,0xB0,0x63,0x11,0x4D,
    0xB0,0x63,0x11,0x4D,0xB0,0x63,0x11,0x4D,0xB0,0x63,0x11,0x4D,0xED,0xDA,0xC8,0xA6,0xED,0xDA,0xC8,0xA6,0xB0,0x63,0x11,0x4D,0xB0,0x63,0x11,0x4D,0xB0,0x63,0x11,0x4D,0xB0,0x63,0x11,0x4D,0xB0,0x63,0x11,0x4D,0xB0,0x63,0x11,0x4D,0xB0,0x63,0x11,0x4D,0xB0,0x63,0x11,0x4D,0xB0,0x63,0x11,0x4D,0xB0,0x63,0x11,0x4D,0xB0,0x63,0x11,0x4D,
    0xB0,0x63,0x11,0x4D,0xB0,0x63,0x11,0x4D,0xB0,0x63,0x11,0x4D,0xB0,0x63,0x11,0x4D,0xB0,0x63,0x11,0x4D,0xB0,0x63,0x11,0x4D,0xB0,0x63,0x11,0x4D,0xB0,0x63,0x11,0x4D,0xB0,0x63,0x11,0x4D,0xB0,0x63,0x11,0x4D,0xB0,0x63,0x11,0x4D,0xB0,0x63,0x11,0x4D,0xB0,0x63,0x11,0x4D,0xB0,0x63,0x11,0x4D,0xB0,0x63,0x11,0x4D,0xB0,0x63,0x11,0x4D,
    0xB0,0x63,0x11,0x4D,0xB0,0x63,0x11,0x4D,0xB0,0x63,0x11,0x4D,0xB0,0x63,0x11,0x4D,0xB0,0x63,0x11,0x4D,0xB0,0x63,0x11,0x4D,0xB0,0x63,0x11,0x4D,0xB0,0x63,0x11,0x4D,0xB0,0x63,0x11,0x4D,0xB0,0x63,0x11,0x4D,0xB0,0x63,0x11,0x4D,0xB0,0x63,0x11,0x4D,0xB0,0x63,0x11,0x4D,0xB0,0x63,0x11,0x4D,0xB0,0x63,0x11,0x4D,0xB0,0x63,0x11,0x4D,
    0xB0,0x63,0x11,0x4D,0xB0,0x63,0x11,0x4D,0xB0,0x63,0x11,0x4D,0xB0,0x63,0x11,0x4D,0xB0,0x63,0x11,0x4D,0xB0,0x63,0x11,0x4D,0xB0,0x63,0x11,0x4D,0xB0,0x63,0x11,0x4D,0xB0,0x63,0x11,0x4D,0xB0,0x63,0x11,0x4D,0xB0,0x63,0x11,0x4D,0xB0,0x63,0x11,0x4D,0xB0,0x63,0x11,0x4D,0xB0,0x63,0x11,0x4D,0xB0,0x63,0x11,0x4D,0xB0,0x63,0x11,0x4D,
    0xB0,0x63,0x11,0x4D,0xB0,0x63,0x11,0x4D,0xB0,0x63,0x11,0x4D,0xB0,0x63,0x11,0x4D,0xB0,0x63,0x11,0x4D,0xB0,0x63,0x11,0x4D,0xB0,0x63,0x11,0x4D,0xB0,0x63,0x11,0x4D,0xB0,0x63,0x11,0x4D,0xB0,0x63,0x11,0x4D,0xB0,0x63,0x11,0x4D,0xB0,0x63,0x11,0x4D,0xB0,0x63,0x11,0x4D,0xB0,0x63,0x11,0x4D,0xB0,0x63,0x11,0x4D,0xB0,0x63,0x11,0x4D,
    0xB0,0x63,0x11,0x4D,0xB0,0x63,0x11,0x4D,0xB0,0x63,0x11,0x4D,0xB0,0x63,0x11,0x4D,0xB0,0x63,0x11,0x4D,0xB0,0x63,0x11,0x4D,0xB0,0x63,0x11,0x4D,0xB0,0x63,0x11,0x4D,0xB0,0x63,0x11,0x4D,0xB0,0x63,0x11,0x4D,0xB0,0x63,0x11,0x4D,0xB0,0x63,0x11,0x4D,0xB0,0x63,0x11,0x4D,0xB0,0x63,0x11,0x4D,0xB0,0x63,0x11,0x4D,0xB0,0x63,0x11,0x4D,
    0xB0,0x63,0x11,0x4D,0xB0,0x63,0x11,0x4D,0xB0,0x63,0x11,0x4D,0xB0,0x63,0x11,0x4D,0xB0,0x63,0x11,0x4D,0xB0,0x63,0x11,0x4D,0xB0,0x63,0x11,0x4D,0xB0,0x63,0x11,0x4D,0xB0,0x63,0x11,0x4D,0xB0,0x63,0x11,0x4D,0xB0,0x63,0x11,0x4D,0xB0,0x63,0x11,0x4D,0xB0,0x63,0x11,0x4D,0xB0,0x63,0x11,0x4D,0xB0,0x63,0x11,0x4D,0xB0,0x63,0x11,0x4D,
    0xB0,0x63,0x11,0x4D,0xB0,0x63,0x11,0x4D,0xB0,0x63,0x11,0x4D,0xB0,0x63,0x11,0x4D,0xB0,0x63,0x11,0x4D,0xB0,0x63,0x11,0x4D,0xB0,0x63,0x11,0x4D,0xB0,0x63,0x11,0x4D,0xB0,0x63,0x11,0x4D,0xB0,0x63,0x11,0x4D,0xB0,0x63,0x11,0x4D,0xB0,0x63,0x11,0x4D,0xB0,0x63,0x11,0x4D,0xB0,0x63,0x11,0x4D,0xB0,0x63,0x11,0x4D,0xB0,0x63,0x11,0x4D,
    0xB0,0x63,0x11,0x4D,0xB0,0x63,0x11,0x4D,0xB0,0x63,0x11,0x4D,0xB0,0x63,0x11,0x4D,0xB0,0x63,0x11,0x4D,0xB0,0x63,0x11,0x4D,0xB0,0x63,0x11,0x4D,0xB0,0x63,0x11,0x4D,0xB0,0x63,0x11,0x4D,0xB0,0x63,0x11,0x4D,0xB0,0x63,0x11,0x4D,0xB0,0x63,0x11,0x4D,0xB0,0x63,0x11,0x4D,0xB0,0x63,0x11,0x4D,0xB0,0x63,0x11,0x4D,0xB0,0x63,0x11,0x4D,
    0xB0,0x63,0x11,0x4D,0xB0,0x63,0x11,0x4D,0xB0,0x63,0x11,0x4D,0xB0,0x63,0x11,0x4D,0xB0,0x63,0x11,0x4D,0xB0,0x63,0x11,0x4D,0xB0,0x63,0x11,0x4D,0xB0,0x63,0x11,0x4D,0xB0,0x63,0x11,0x4D,0xB0,0x63,0x11,0x4D,0xB0,0x63,0x11,0x4D,0xB0,0x63,0x11,0x4D,0xB0,0x63,0x11,0x4D,0xB0,0x63,0x11,0x4D,0xB0,0x63,0x11,0x4D,0xB0,0x63,0x11,0x4D,
    0xB0,0x63,0x11,0x4D,0xB0,0x63,0x11,0x4D,0xB0,0x63,0x11,0x4D,0xB0,0x63,0x11,0x4D,0xB0,0x63,0x11,0x4D,0xB0,0x63,0x11,0x4D,0xB0,0x63,0x11,0x4D,0xB0,0x63,0x11,0x4D,0xB0,0x63,0x11,0x4D,0xB0,0x63,0x11,0x4D,0xB0,0x63,0x11,0x4D,0xB0,0x63,0x11,0x4D,0xB0,0x63,0x11,0x4D,0xB0,0x63,0x11,0x4D,0xB0,0x63,0x11,0x4D,0xB0,0x63,0x11,0x4D,
    0xB0,0x63,0x11,0x4D,0xB0,0x63,0x11,0x4D,0xB0,0x63,0x11,0x4D,0xB0,0x63,0x11,0x4D,0xB0,0x63,0x11,0x4D,0xB0,0x63,0x11,0x4D,0xB0,0x63,0x11,0x4D,0xED,0xDA,0xC8,0xA6,0xED,0xDA,0xC8,0xA6,0xB0,0x63,0x11,0x4D,0xB0,0x63,0x11,0x4D,0xB0,0x63,0x11,0x4D,0xB0,0x63,0x11,0x4D,0xB0,0x63,0x11,0x4D,0xB0,0x63,0x11,0x4D,0xB0,0x63,0x11,0x4D,
    0xB0,0x63,0x11,0x4D,0xB0,0x63,0x11,0x4D,0xB0,0x63,0x11,0x4D,0xB0,0x63,0x11,0x4D,0xB0,0x63,0x11,0x4D,0xB0,0x63,0x11,0x4D,0xB0,0x63,0x11,0x4D,0xB0,0x63,0x11,0x4D,0xB0,0x63,0x11,0x4D,0xB0,0x63,0x11,0x4D,0xB0,0x63,0x11,0x4D,0xB0,0x63,0x11,0x4D,0xB0,0x63,0x11,0x4D,0xB0,0x63,0x11,0x4D,0xB0,0x63,0x11,0x4D,0xB0,0x63,0x11,0x4D,
    0xB0,0x63,0x11,0x4D,0xB0,0x63,0x11,0x4D,0xB0,0x63,0x11,0x4D,0xB0,0x63,0x11,0x4D,0xB0,0x63,0x11,0x4D,0xB0,0x63,0x11,0x4D,0xB0,0x63,0x11,0x4D,0xB0,0x63,0x11,0x4D,0xB0,0x63,0x11,0x4D,0xB0,0x63,0x11,0x4D,0xB0,0x63,0x11,0x4D,0xB0,0x63,0x11,0x4D,0xB0,0x63,0x11,0x4D,0xB0,0x63,0x11,0x4D,0xB0,0x63,0x11,0x4D,0xB0,0x63,0x11,0x4D,
    0xB0,0x63,0x11,0x4D,0xB0,0x63,0x11,0x4D,0xB0,0x63,0x11,0x4D,0xB0,0x63,0x11,0x4D,0xB0,0x63,0x11,0x4D,0xB0,0x63,0x11,0x4D,0xB0,0x63,0x11,0x4D,0xB0,0x63,0x11,0x4D,0xB0,0x63,0x11,0x4D,0xB0,0x63,0x11,0x4D,0xB0,0x63,0x11,0x4D,0xB0,0x63,0x11,0x4D,0xB0,0x63,0x11,0x4D,0xB0,0x63,0x11,0x4D,0xB0,0x63,0x11,0x4D,0xB0,0x63,0x11,0x4D,
    0xB0,0x63,0x11,0x4D,0xB0,0x63,0x11,0x4D,0xB0,0x63,0x11,0x4D,0xB0,0x63,0x11,0x4D,0xB0,0x63,0x11,0x4D,0xB0,0x63,0x11,0x4D,0xB0,0x63,0x11,0x4D,0xB0,0x63,0x11,0x4D,0xB0,0x63,0x11,0x4D,0xB0,0x63,0x11,0x4D,0xB0,0x63,0x11,0x4D,0xB0,0x63,0x11,0x4D,0xB0,0x63,0x11,0x4D,0xB0,0x63,0x11,0x4D,0xB0,0x63,0x11,0x4D,0xB0,0x63,0x11,0x4D,
    0xB0,0x63,0x11,0x4D,0xB0,0x63,0x11,0x4D,0xB0,0x63,0x11,0x4D,0xB0,0x63,0x11,0x4D,0xB0,0x63,0x11,0x4D,0xB0,0x63,0x11,0x4D,0xB0,0x63,0x11,0x4D,0xB0,0x63,0x11,0x4D,0xB0,0x63,0x11,0x4D,0xB0,0x63,0x11,0x4D,0xB0,0x63,0x11,0x4D,0xB0,0x63,0x11,0x4D,0xB0,0x63,0x11,0x4D,0xB0,0x63,0x11,0x4D,0xB0,0x63,0x11,0x4D,0xB0,0x63,0x11,0x4D,
    0xB0,0x63,0x11,0x4D,0xB0,0x63,0x11,0x4D,0xB0,0x63,0x11,0x4D,0xB0,0x63,0x11,0x4D,0xB0,0x63,0x11,0x4D,0xB0,0x63,0x11,0x4D,0xB0,0x63,0x11,0x4D,0xB0,0x63,0x11,0x4D,0xB0,0x63,0x11,0x4D,0xB0,0x63,0x11,0x4D,0xB0,0x63,0x11,0x4D,0xB0,0x63,0x11,0x4D,0xB0,0x63,0x11,0x4D,0xB0,0x63,0x11,0x4D,0xB0,0x63,0x11,0x4D,0xB0,0x63,0x11,0x4D,
    0xB0,0x63,0x11,0x4D,0xB0,0x63,0x11,0x4D,0xB0,0x63,0x11,0x4D,0xB0,0x63,0x11,0x4D,0xB0,0x63,0x11,0x4D,0xB0,0x63,0x11,0x4D,0xB0,0x63,0x11,0x4D,0xB0,0x63,0x11,0x4D,0xB0,0x63,0x11,0x4D,0xB0,0x63,0x11,0x4D,0xB0,0x63,0x11,0x4D,0xB0,0x63,0x11,0x4D,0xB0,0x63,0x11,0x4D,0xB0,0x63,0x11,0x4D,0xB0,0x63,0x11,0x4D,0xB0,0x63,0x11,0x4D,
    0xB0,0x63,0x11,0x4D,0xB0,0x63,0x11,0x4D,0xB0,0x63,0x11,0x4D,0xB0,0x63,0x11,0x4D,0xB0,0x63,0x11,0x4D,0xB0,0x63,0x11,0x4D,0xB0,0x63,0x11,0x4D,0xB0,0x63,0x11,0x4D,0xB0,0x63,0x11,0x4D,0xB0,0x63,0x11,0x4D,0xB0,0x63,0x11,0x4D,0xB0,0x63,0x11,0x4D,0xB0,0x63,0x11,0x4D,0xB0,0x63,0x11,0x4D,0xB0,0x63,0x11,0x4D,0xB0,0x63,0x11,0x4D,
    0xB0,0x63,0x11,0x4D,0xB0,0x63,0x11,0x4D,0xB0,0x63,0x11,0x4D,0xB0,0x63,0x11,0x4D,0xB0,0x63,0x11,0x4D,0xB0,0x63,0x11,0x4D,0xB0,0x63,0x11,0x4D,0xB0,0x63,0x11,0x4D,0xB0,0x63,0x11,0x4D,0xB0,0x63,0x11,0x4D,0xB0,0x63,0x11,0x4D,0xB0,0x63,0x11,0x4D,0xB0,0x63,0x11,0x4D,0xB0,0x63,0x11,0x4D,0xB0,0x63,0x11,0x4D,0xB0,0x63,0x11,0x4D,
    0xB0,0x63,0x11,0x4D,0xB0,0x63,0x11,0x4D,0xB0,0x63,0x11,0x4D,0xB0,0x63,0x11,0x4D,0xB0,0x63,0x11,0x4D,0xB0,0x63,0x11,0x4D,0xB0,0x63,0x11,0x4D,0xB0,0x63,0x11,0x4D,0xB0,0x63,0x11,0x4D,0xB0,0x63,0x11,0x4D,0xB0,0x63,0x11,0x4D,0xB0,0x63,0x11,0x4D,0xB0,0x63,0x11,0x4D,0xB0,0x63,0x11,0x4D,0xB0,0x63,0x11,0x4D,0xB0,0x63,0x11,0x4D,
    0xB0,0x63,0x11,0x4D,0xB0,0x63,0x11,0x4D,0xB0,0x63,0x11,0x4D,0xB0,0x63,0x11,0x4D,0xB0,0x63,0x11,0x4D,0xB0,0x63,0x11,0x4D,0xB0,0x63,0x11,0x4D,0xB0,0x63,0x11,0x4D,0xB0,0x63,0x11,0x4D,0xB0,0x63,0x11,0x4D,0xB0,0x63,0x11,0x4D,0xED,0xDA,0xC8,0xA6,0xED,0xDA,0xC8,0xA6,0xB0,0x63,0x11,0x4D,0xB0,0x63,0x11,0x4D,0xB0,0x63,0x11,0x4D,
    0xB0,0x63,0x11,0x4D,0xB0,0x63,0x11,0x4D,0xB0,0x63,0x11,0x4D,0xB0,0x63,0x11,0x4D,0xB0,0x63,0x11,0x4D,0xB0,0x63,0x11,0x4D,0xB0,0x63,0x11,0x4D,0xB0,0x63,0x11,0x4D,0xB0,0x63,0x11,0x4D,0xB0,0x63,0x11,0x4D,0xB0,0x63,0x11,0x4D,0xB0,0x63,0x11,0x4D,0xB0,0x63,0x11,0x4D,0xB0,0x63,0x11,0x4D,0xB0,0x63,0x11,0x4D,0xB0,0x63,0x11,0x4D,
    0xB0,0x63,0x11,0x4D,0xB0,0x63,0x11,0x4D,0xB0,0x63,0x11,0x4D,0xB0,0x63,0x11,0x4D,0xB0,0x63,0x11,0x4D,0xB0,0x63,0x11,0x4D,0xB0,0x63,0x11,0x4D,0xB0,0x63,0x11,0x4D,0xB0,0x63,0x11,0x4D,0xB0,0x63,0x11,0x4D,0xB0,0x63,0x11,0x4D,0xB0,0x63,0x11,0x4D,0xB0,0x63,0x11,0x4D,0xB0,0x63,0x11,0x4D,0xB0,0x63,0x11,0x4D,0xB0,0x63,0x11,0x4D,
    0xB0,0x63,0x11,0x4D,0xB0,0x63,0x11,0x4D,0xB0,0x63,0x11,0x4D,0xB0,0x63,0x11,0x4D,0xB0,0x63,0x11,0x4D,0xB0,0x63,0x11,0x4D,0xB0,0x63,0x11,0x4D,0xB0,0x63,0x11,0x4D,0xB0,0x63,0x11,0x4D,0xB0,0x63,0x11,0x4D,0xB0,0x63,0x11,0x4D,0xB0,0x63,0x11,0x4D,0xB0,0x63,0x11,0x4D,0xB0,0x63,0x11,0x4D,0xB0,0x63,0x11,0x4D,0xB0,0x63,0x11,0x4D,
    0xB0,0x63,0x11,0x4D,0xB0,0x63,0x11,0x4D,0xB0,0x63,0x11,0x4D,0xB0,0x63,0x11,0x4D,0xB0,0x63,0x11,0x4D,0xB0,0x63,0x11,0x4D,0xB0,0x63,0x11,0x4D,0xB0,0x63,0x11,0x4D,0xB0,0x63,0x11,0x4D,0xB0,0x63,0x11,0x4D,0xB0,0x63,0x11,0x4D,0xB0,0x63,0x11,0x4D,0xB0,0x63,0x11,0x4D,0xB0,0x63,0x11,0x4D,0xB0,0x63,0x11,0x4D,0xB0,0x63,0x11,0x4D,
    0xB0,0x63,0x11,0x4D,0xB0,0x63,0x11,0x4D,0xB0,0x63,0x11,0x4D,0xB0,0x63,0x11,0x4D,0xB0,0x63,0x11,0x4D,0xB0,0x63,0x11,0x4D,0xB0,0x63,0x11,0x4D,0xB0,0x63,0x11,0x4D,0xB0,0x63,0x11,0x4D,0xB0,0x63,0x11,0x4D,0xB0,0x63,0x11,0x4D,0xB0,0x63,0x11,0x4D,0xB0,0x63,0x11,0x4D,0xB0,0x63,0x11,0x4D,0xB0,0x63,0x11,0x4D,0xB0,0x63,0x11,0x4D,
    0xB0,0x63,0x11,0x4D,0xB0,0x63,0x11,0x4D,0xB0,0x63,0x11,0x4D,0xB0,0x63,0x11,0x4D,0xB0,0x63,0x11,0x4D,0xB0,0x63,0x11,0x4D,0xB0,0x63,0x11,0x4D,0xB0,0x63,0x11,0x4D,0xB0,0x63,0x11,0x4D,0xB0,0x63,0x11,0x4D,0xB0,0x63,0x11,0x4D,0xB0,0x63,0x11,0x4D,0xB0,0x63,0x11,0x4D,0xB0,0x63,0x11,0x4D,0xB0,0x63,0x11,0x4D,0xB0,0x63,0x11,0x4D,
    0xB0,0x63,0x11,0x4D,0xB0,0x63,0x11,0x4D,0xB0,0x63,0x11,0x4D,0xB0,0x63,0x11,0x4D,0xB0,0x63,0x11,0x4D,0xB0,0x63,0x11,0x4D,0xB0,0x63,0x11,0x4D,0xB0,0x63,0x11,0x4D,0xB0,0x63,0x11,0x4D,0xB0,0x63,0x11,0x4D,0xB0,0x63,0x11,0x4D,0xB0,0x63,0x11,0x4D,0xB0,0x63,0x11,0x4D,0xB0,0x63,0x11,0x4D,0xB0,0x63,0x11,0x4D,0xB0,0x63,0x11,0x4D,
    0xB0,0x63,0x11,0x4D,0xB0,0x63,0x11,0x4D,0xB0,0x63,0x11,0x4D,0xB0,0x63,0x11,0x4D,0xB0,0x63,0x11,0x4D,0xB0,0x63,0x11,0x4D,0xB0,0x63,0x11,0x4D,0xB0,0x63,0x11,0x4D,0xB0,0x63,0x11,0x4D,0xB0,0x63,0x11,0x4D,0xB0,0x63,0x11,0x4D,0xB0,0x63,0x11,0x4D,0xB0,0x63,0x11,0x4D,0xB0,0x63,0x11,0x4D,0xB0,0x63,0x11,0x4D,0xB0,0x63,0x11,0x4D,
    0xB0,0x63,0x11,0x4D,0xB0,0x63,0x11,0x4D,0xB0,0x63,0x11,0x4D,0xB0,0x63,0x11,0x4D,0xB0,0x63,0x11,0x4D,0xB0,0x63,0x11,0x4D,0xB0,0x63,0x11,0x4D,0xB0,0x63,0x11,0x4D,0xB0,0x63,0x11,0x4D,0xB0,0x63,0x11,0x4D,0xB0,0x63,0x11,0x4D,0xB0,0x63,0x11,0x4D,0xB0,0x63,0x11,0x4D,0xB0,0x63,0x11,0x4D,0xB0,0x63,0x11,0x4D,0xB0,0x63,0x11,0x4D,
    0xB0,0x63,0x11,0x4D,0xB0,0x63,0x11,0x4D,0xB0,0x63,0x11,0x4D,0xB0,0x63,0x11,0x4D,0xB0,0x63,0x11,0x4D,0xB0,0x63,0x11,0x4D,0xB0,0x63,0x11,0x4D,0xB0,0x63,0x11,0x4D,0xB0,0x63,0x11,0x4D,0xB0,0x63,0x11,0x4D,0xB0,0x63,0x11,0x4D,0xB0,0x63,0x11,0x4D,0xB0,0x63,0x11,0x4D,0xB0,0x63,0x11,0x4D,0xB0,0x63,0x11,0x4D,0xB0,0x63,0x11,0x4D,
    0xB0,0x63,0x11,0x4D,0xB0,0x63,0x11,0x4D,0xB0,0x63,0x11,0x4D,0xB0,0x63,0x11,0x4D,0xB0,0x63,0x11,0x4D,0xB0,0x63,0x11,0x4D,0xB0,0x63,0x11,0x4D,0xB0,0x63,0x11,0x4D,0xB0,0x63,0x11,0x4D,0xB0,0x63,0x11,0x4D,0xB0,0x63,0x11,0x4D,0xB0,0x63,0x11,0x4D,0xB0,0x63,0x11,0x4D,0xB0,0x63,0x11,0x4D,0xB0,0x63,0x11,0x4D,0xED,0xDA,0xC8,0xA6,
    0xED,0xDA,0xC8,0xA6,0xB0,0x63,0x11,0x4D,0xB0,0x63,0x11,0x4D,0xB0,0x63,0x11,0x4D,0xB0,0x63,0x11,0x4D,0xB0,0x63,0x11,0x4D,0xB0,0x63,0x11,0x4D,0xB0,0x63,0x11,0x4D,0xB0,0x63,0x11,0x4D,0xB0,0x63,0x11,0x4D,0xB0,0x63,0x11,0x4D,0xB0,0x63,0x11,0x4D,0xB0,0x63,0x11,0x4D,0xB0,0x63,0x11,0x4D,0xB0,0x63,0x11,0x4D,0xB0,0x63,0x11,0x4D,
    0xB0,0x63,0x11,0x4D,0xB0,0x63,0x11,0x4D,0xB0,0x63,0x11,0x4D,0xB0,0x63,0x11,0x4D,0xB0,0x63,0x11,0x4D,0xB0,0x63,0x11,0x4D,0xB0,0x63,0x11,0x4D,0xB0,0x63,0x11,0x4D,0xB0,0x63,0x11,0x4D,0xB0,0x63,0x11,0x4D,0xB0,0x63,0x11,0x4D,0xB0,0x63,0x11,0x4D,0xB0,0x63,0x11,0x4D,0xB0,0x63,0x11,0x4D,0xB0,0x63,0x11,0x4D,0xB0,0x63,0x11,0x4D,
    0xB0,0x63,0x11,0x4D,0xB0,0x63,0x11,0x4D,0xB0,0x63,0x11,0x4D,0xB0,0x63,0x11,0x4D,0xB0,0x63,0x11,0x4D,0xB0,0x63,0x11,0x4D,0xB0,0x63,0x11,0x4D,0xB0,0x63,0x11,0x4D,0xB0,0x63,0x11,0x4D,0xB0,0x63,0x11,0x4D,0xB0,0x63,0x11,0x4D,0xB0,0x63,0x11,0x4D,0xB0,0x63,0x11,0x4D,0xB0,0x63,0x11,0x4D,0xB0,0x63,0x11,0x4D,0xB0,0x63,0x11,0x4D,
    0xB0,0x63,0x11,0x4D,0xB0,0x63,0x11,0x4D,0xB0,0x63,0x11,0x4D,0xB0,0x63,0x11,0x4D,0xB0,0x63,0x11,0x4D,0xB0,0x63,0x11,0x4D,0xB0,0x63,0x11,0x4D,0xB0,0x63,0x11,0x4D,0xB0,0x63,0x11,0x4D,0xB0,0x63,0x11,0x4D,0xB0,0x63,0x11,0x4D,0xB0,0x63,0x11,0x4D,0xB0,0x63,0x11,0x4D,0xB0,0x63,0x11,0x4D,0xB0,0x63,0x11,0x4D,0xB0,0x63,0x11,0x4D,
    0xB0,0x63,0x11,0x4D,0xB0,0x63,0x11,0x4D,0xB0,0x63,0x11,0x4D,0xB0,0x63,0x11,0x4D,0xB0,0x63,0x11,0x4D,0xB0,0x63,0x11,0x4D,0xB0,0x63,0x11,0x4D,0xB0,0x63,0x11,0x4D,0xB0,0x63,0x11,0x4D,0xB0,0x63,0x11,0x4D,0xB0,0x63,0x11,0x4D,0xB0,0x63,0x11,0x4D,0xB0,0x63,0x11,0x4D,0xB0,0x63,0x11,0x4D,0xB0,0x63,0x11,0x4D,0xB0,0x63,0x11,0x4D,
    0xB0,0x63,0x11,0x4D,0xB0,0x63,0x11,0x4D,0xB0,0x63,0x11,0x4D,0xB0,0x63,0x11,0x4D,0xB0,0x63,0x11,0x4D,0xB0,0x63,0x11,0x4D,0xB0,0x63,0x11,0x4D,0xB0,0x63,0x11,0x4D,0xB0,0x63,0x11,0x4D,0xB0,0x63,0x11,0x4D,0xB0,0x63,0x11,0x4D,0xB0,0x63,0x11,0x4D,0xB0,0x63,0x11,0x4D,0xB0,0x63,0x11,0x4D,0xB0,0x63,0x11,0x4D,0xB0,0x63,0x11,0x4D,
    0xB0,0x63,0x11,0x4D,0xB0,0x63,0x11,0x4D,0xB0,0x63,0x11,0x4D,0xB0,0x63,0x11,0x4D,0xB0,0x63,0x11,0x4D,0xB0,0x63,0x11,0x4D,0xB0,0x63,0x11,0x4D,0xB0,0x63,0x11,0x4D,0xB0,0x63,0x11,0x4D,0xB0,0x63,0x11,0x4D,0xB0,0x63,0x11,0x4D,0xB0,0x63,0x11,0x4D,0xB0,0x63,0x11,0x4D,0xB0,0x63,0x11,0x4D,0xB0,0x63,0x11,0x4D,0xB0,0x63,0x11,0x4D,
    0xB0,0x63,0x11,0x4D,0xB0,0x63,0x11,0x4D,0xB0,0x63,0x11,0x4D,0xB0,0x63,0x11,0x4D,0xB0,0x63,0x11,0x4D,0xB0,0x63,0x11,0x4D,0xB0,0x63,0x11,0x4D,0xB0,0x63,0x11,0x4D,0xB0,0x63,0x11,0x4D,0xB0,0x63,0x11,0x4D,0xB0,0x63,0x11,0x4D,0xB0,0x63,0x11,0x4D,0xB0,0x63,0x11,0x4D,0xB0,0x63,0x11,0x4D,0xB0,0x63,0x11,0x4D,0xB0,0x63,0x11,0x4D,
    0xB0,0x63,0x11,0x4D,0xB0,0x63,0x11,0x4D,0xB0,0x63,0x11,0x4D,0xB0,0x63,0x11,0x4D,0xB0,0x63,0x11,0x4D,0xB0,0x63,0x11,0x4D,0xB0,0x63,0x11,0x4D,0xB0,0x63,0x11,0x4D,0xB0,0x63,0x11,0x4D,0xB0,0x63,0x11,0x4D,0xB0,0x63,0x11,0x4D,0xB0,0x63,0x11,0x4D,0xB0,0x63,0x11,0x4D,0xB0,0x63,0x11,0x4D,0xB0,0x63,0x11,0x4D,0xB0,0x63,0x11,0x4D,
    0xB0,0x63,0x11,0x4D,0xB0,0x63,0x11,0x4D,0xB0,0x63,0x11,0x4D,0xB0,0x63,0x11,0x4D,0xB0,0x63,0x11,0x4D,0xB0,0x63,0x11,0x4D,0xB0,0x63,0x11,0x4D,0xB0,0x63,0x11,0x4D,0xB0,0x63,0x11,0x4D,0xB0,0x63,0x11,0x4D,0xB0,0x63,0x11,0x4D,0xB0,0x63,0x11,0x4D,0xB0,0x63,0x11,0x4D,0xB0,0x63,0x11,0x4D,0xB0,0x63,0x11,0x4D,0xB0,0x63,0x11,0x4D,
    0xB0,0x63,0x11,0x4D,0xB0,0x63,0x11,0x4D,0xB0,0x63,0x11,0x4D,0xB0,0x63,0x11,0x4D,0xB0,0x63,0x11,0x4D,0xB0,0x63,0x11,0x4D,0xB0,0x63,0x11,0x4D,0xB0,0x63,0x11,0x4D,0xB0,0x63,0x11,0x4D,0xB0,0x63,0x11,0x4D,0xB0,0x63,0x11,0x4D,0xB0,0x63,0x11,0x4D,0xB0,0x63,0x11,0x4D,0xB0,0x63,0x11,0x4D,0xB0,0x63,0x11,0x4D,0xB0,0x63,0x11,0x4D,
    0xB0,0x63,0x11,0x4D,0xB0,0x63,0x11,0x4D,0xB0,0x63,0x11,0x4D,0xED,0xDA,0xC8,0xA6,0xED,0xDA,0xC8,0xA6,0xB0,0x63,0x11,0x4D,0xB0,0x63,0x11,0x4D,0xB0,0x63,0x11,0x4D,0xB0,0x63,0x11,0x4D,0xB0,0x63,0x11,0x4D,0xB0,0x63,0x11,0x4D,0xB0,0x63,0x11,0x4D,0xB0,0x63,0x11,0x4D,0xB0,0x63,0x11,0x4D,0xB0,0x63,0x11,0x4D,0xB0,0x63,0x11,0x4D,
    0xB0,0x63,0x11,0x4D,0xB0,0x63,0x11,0x4D,0xB0,0x63,0x11,0x4D,0xB0,0x63,0x11,0x4D,0xB0,0x63,0x11,0x4D,0xB0,0x63,0x11,0x4D,0xB0,0x63,0x11,0x4D,0xB0,0x63,0x11,0x4D,0xB0,0x63,0x11,0x4D,0xB0,0x63,0x11,0x4D,0xB0,0x63,0x11,0x4D,0xB0,0x63,0x11,0x4D,0xB0,0x63,0x11,0x4D,0xB0,0x63,0x11,0x4D,0xB0,0x63,0x11,0x4D,0xB0,0x63,0x11,0x4D,
    0xB0,0x63,0x11,0x4D,0xB0,0x63,0x11,0x4D,0xB0,0x63,0x11,0x4D,0xB0,0x63,0x11,0x4D,0xB0,0x63,0x11,0x4D,0xB0,0x63,0x11,0x4D,0xB0,0x63,0x11,0x4D,0xB0,0x63,0x11,0x4D,0xB0,0x63,0x11,0x4D,0xB0,0x63,0x11,0x4D,0xB0,0x63,0x11,0x4D,0xB0,0x63,0x11,0x4D,0xB0,0x63,0x11,0x4D,0xB0,0x63,0x11,0x4D,0xB0,0x63,0x11,0x4D,0xB0,0x63,0x11,0x4D,
    0xB0,0x63,0x11,0x4D,0xB0,0x63,0x11,0x4D,0xB0,0x63,0x11,0x4D,0xB0,0x63,0x11,0x4D,0xB0,0x63,0x11,0x4D,0xB0,0x63,0x11,0x4D,0xB0,0x63,0x11,0x4D,0xB0,0x63,0x11,0x4D,0xB0,0x63,0x11,0x4D,0xB0,0x63,0x11,0x4D,0xB0,0x63,0x11,0x4D,0xB0,0x63,0x11,0x4D,0xB0,0x63,0x11,0x4D,0xB0,0x63,0x11,0x4D,0xB0,0x63,0x11,0x4D,0xB0,0x63,0x11,0x4D,
    0xB0,0x63,0x11,0x4D,0xB0,0x63,0x11,0x4D,0xB0,0x63,0x11,0x4D,0xB0,0x63,0x11,0x4D,0xB0,0x63,0x11,0x4D,0xB0,0x63,0x11,0x4D,0xB0,0x63,0x11,0x4D,0xB0,0x63,0x11,0x4D,0xB0,0x63,0x11,0x4D,0xB0,0x63,0x11,0x4D,0xB0,0x63,0x11,0x4D,0xB0,0x63,0x11,0x4D,0xB0,0x63,0x11,0x4D,0xB0,0x63,0x11,0x4D,0xB0,0x63,0x11,0x4D,0xB0,0x63,0x11,0x4D,
    0xB0,0x63,0x11,0x4D,0xB0,0x63,0x11,0x4D,0xB0,0x63,0x11,0x4D,0xB0,0x63,0x11,0x4D,0xB0,0x63,0x11,0x4D,0xB0,0x63,0x11,0x4D,0xB0,0x63,0x11,0x4D,0xB0,0x63,0x11,0x4D,0xB0,0x63,0x11,0x4D,0xB0,0x63,0x11,0x4D,0xB0,0x63,0x11,0x4D,0xB0,0x63,0x11,0x4D,0xB0,0x63,0x11,0x4D,0xB0,0x63,0x11,0x4D,0xB0,0x63,0x11,0x4D,0xB0,0x63,0x11,0x4D,
    0xB0,0x63,0x11,0x4D,0xB0,0x63,0x11,0x4D,0xB0,0x63,0x11,0x4D,0xB0,0x63,0x11,0x4D,0xB0,0x63,0x11,0x4D,0xB0,0x63,0x11,0x4D,0xB0,0x63,0x11,0x4D,0xB0,0x63,0x11,0x4D,0xB0,0x63,0x11,0x4D,0xB0,0x63,0x11,0x4D,0xB0,0x63,0x11,0x4D,0xB0,0x63,0x11,0x4D,0xB0,0x63,0x11,0x4D,0xB0,0x63,0x11,0x4D,0xB0,0x63,0x11,0x4D,0xB0,0x63,0x11,0x4D,
    0xB0,0x63,0x11,0x4D,0xB0,0x63,0x11,0x4D,0xB0,0x63,0x11,0x4D,0xB0,0x63,0x11,0x4D,0xB0,0x63,0x11,0x4D,0xB0,0x63,0x11,0x4D,0xB0,0x63,0x11,0x4D,0xB0,0x63,0x11,0x4D,0xB0,0x63,0x11,0x4D,0xB0,0x63,0x11,0x4D,0xB0,0x63,0x11,0x4D,0xB0,0x63,0x11,0x4D,0xB0,0x63,0x11,0x4D,0xB0,0x63,0x11,0x4D,0xB0,0x63,0x11,0x4D,0xB0,0x63,0x11,0x4D,
    0xB0,0x63,0x11,0x4D,0xB0,0x63,0x11,0x4D,0xB0,0x63,0x11,0x4D,0xB0,0x63,0x11,0x4D,0xB0,0x63,0x11,0x4D,0xB0,0x63,0x11,0x4D,0xB0,0x63,0x11,0x4D,0xB0,0x63,0x11,0x4D,0xB0,0x63,0x11,0x4D,0xB0,0x63,0x11,0x4D,0xB0,0x63,0x11,0x4D,0xB0,0x63,0x11,0x4D,0xB0,0x63,0x11,0x4D,0xB0,0x63,0x11,0x4D,0xB0,0x63,0x11,0x4D,0xB0,0x63,0x11,0x4D,
    0xB0,0x63,0x11,0x4D,0xB0,0x63,0x11,0x4D,0xB0,0x63,0x11,0x4D,0xB0,0x63,0x11,0x4D,0xB0,0x63,0x11,0x4D,0xB0,0x63,0x11,0x4D,0xB0,0x63,0x11,0x4D,0xB0,0x63,0x11,0x4D,0xB0,0x63,0x11,0x4D,0xB0,0x63,0x11,0x4D,0xB0,0x63,0x11,0x4D,0xB0,0x63,0x11,0x4D,0xB0,0x63,0x11,0x4D,0xB0,0x63,0x11,0x4D,0xB0,0x63,0x11,0x4D,0xB0,0x63,0x11,0x4D,
    0xB0,0x63,0x11,0x4D,0xB0,0x63,0x11,0x4D,0xB0,0x63,0x11,0x4D,0xB0,0x63,0x11,0x4D,0xB0,0x63,0x11,0x4D,0xB0,0x63,0x11,0x4D,0xB0,0x63,0x11,0x4D,0xB0,0x63,0x11,0x4D,0xB0,0x63,0x11,0x4D,0xB0,0x63,0x11,0x4D,0xB0,0x63,0x11,0x4D,0xB0,0x63,0x11,0x4D,0xB0,0x63,0x11,0x4D,0xB0,0x63,0x11,0x4D,0xB0,0x63,0x11,0x4D,0xB0,0x63,0x11,0x4D,
    0xB0,0x63,0x11,0x4D,0xB0,0x63,0x11,0x4D,0xB0,0x63,0x11,0x4D,0xB0,0x63,0x11,0x4D,0xB0,0x63,0x11,0x4D,0xB0,0x63,0x11,0x4D,0xB0,0x63,0x11,0x4D,0xED,0xDA,0xC8,0xA6,0xED,0xDA,0xC8,0xA6,0xB0,0x63,0x11,0x4D,0xB0,0x63,0x11,0x4D,0xB0,0x63,0x11,0x4D,0xB0,0x63,0x11,0x4D,0xB0,0x63,0x11,0x4D,0xB0,0x63,0x11,0x4D,0xB0,0x63,0x11,0x4D,
    0xB0,0x63,0x11,0x4D,0xB0,0x63,0x11,0x4D,0xB0,0x63,0x11,0x4D,0xB0,0x63,0x11,0x4D,0xB0,0x63,0x11,0x4D,0xB0,0x63,0x11,0x4D,0xB0,0x63,0x11,0x4D,0xB0,0x63,0x11,0x4D,0xB0,0x63,0x11,0x4D,0xB0,0x63,0x11,0x4D,0xB0,0x63,0x11,0x4D,0xB0,0x63,0x11,0x4D,0xB0,0x63,0x11,0x4D,0xB0,0x63,0x11,0x4D,0xB0,0x63,0x11,0x4D,0xB0,0x63,0x11,0x4D,
    0xB0,0x63,0x11,0x4D,0xB0,0x63,0x11,0x4D,0xB0,0x63,0x11,0x4D,0xB0,0x63,0x11,0x4D,0xB0,0x63,0x11,0x4D,0xB0,0x63,0x11,0x4D,0xB0,0x63,0x11,0x4D,0xB0,0x63,0x11,0x4D,0xB0,0x63,0x11,0x4D,0xB0,0x63,0x11,0x4D,0xB0,0x63,0x11,0x4D,0xB0,0x63,0x11,0x4D,0xB0,0x63,0x11,0x4D,0xB0,0x63,0x11,0x4D,0xB0,0x63,0x11,0x4D,0xB0,0x63,0x11,0x4D,
    0xB0,0x63,0x11,0x4D,0xB0,0x63,0x11,0x4D,0xB0,0x63,0x11,0x4D,0xB0,0x63,0x11,0x4D,0xB0,0x63,0x11,0x4D,0xB0,0x63,0x11,0x4D,0xB0,0x63,0x11,0x4D,0xB0,0x63,0x11,0x4D,0xB0,0x63,0x11,0x4D,0xB0,0x63,0x11,0x4D,0xB0,0x63,0x11,0x4D,0xB0,0x63,0x11,0x4D,0xB0,0x63,0x11,0x4D,0xB0,0x63,0x11,0x4D,0xB0,0x63,0x11,0x4D,0xB0,0x63,0x11,0x4D,
    0xB0,0x63,0x11,0x4D,0xB0,0x63,0x11,0x4D,0xB0,0x63,0x11,0x4D,0xB0,0x63,0x11,0x4D,0xB0,0x63,0x11,0x4D,0xB0,0x63,0x11,0x4D,0xB0,0x63,0x11,0x4D,0xB0,0x63,0x11,0x4D,0xB0,0x63,0x11,0x4D,0xB0,0x63,0x11,0x4D,0xB0,0x63,0x11,0x4D,0xB0,0x63,0x11,0x4D,0xB0,0x63,0x11,0x4D,0xB0,0x63,0x11,0x4D,0xB0,0x63,0x11,0x4D,0xB0,0x63,0x11,0x4D,
    0xB0,0x63,0x11,0x4D,0xB0,0x63,0x11,0x4D,0xB0,0x63,0x11,0x4D,0xB0,0x63,0x11,0x4D,0xB0,0x63,0x11,0x4D,0xB0,0x63,0x11,0x4D,0xB0,0x63,0x11,0x4D,0xB0,0x63,0x11,0x4D,0xB0,0x63,0x11,0x4D,0xB0,0x63,0x11,0x4D,0xB0,0x63,0x11,0x4D,0xB0,0x63,0x11,0x4D,0xB0,0x63,0x11,0x4D,0xB0,0x63,0x11,0x4D,0xB0,0x63,0x11,0x4D,0xB0,0x63,0x11,0x4D,
    0xB0,0x63,0x11,0x4D,0xB0,0x63,0x11,0x4D,0xB0,0x63,0x11,0x4D,0xB0,0x63,0x11,0x4D,0xB0,0x63,0x11,0x4D,0xB0,0x63,0x11,0x4D,0xB0,0x63,0x11,0x4D,0xB0,0x63,0x11,0x4D,0xB0,0x63,0x11,0x4D,0xB0,0x63,0x11,0x4D,0xB0,0x63,0x11,0x4D,0xB0,0x63,0x11,0x4D,0xB0,0x63,0x11,0x4D,0xB0,0x63,0x11,0x4D,0xB0,0x63,0x11,0x4D,0xB0,0x63,0x11,0x4D,
    0xB0,0x63,0x11,0x4D,0xB0,0x63,0x11,0x4D,0xB0,0x63,0x11,0x4D,0xB0,0x63,0x11,0x4D,0xB0,0x63,0x11,0x4D,0xB0,0x63,0x11,0x4D,0xB0,0x63,0x11,0x4D,0xB0,0x63,0x11,0x4D,0xB0,0x63,0x11,0x4D,0xB0,0x63,0x11,0x4D,0xB0,0x63,0x11,0x4D,0xB0,0x63,0x11,0x4D,0xB0,0x63,0x11,0x4D,0xB0,0x63,0x11,0x4D,0xB0,0x63,0x11,0x4D,0xB0,0x63,0x11,0x4D,
    0xB0,0x63,0x11,0x4D,0xB0,0x63,0x11,0x4D,0xB0,0x63,0x11,0x4D,0xB0,0x63,0x11,0x4D,0xB0,0x63,0x11,0x4D,0xB0,0x63,0x11,0x4D,0xB0,0x63,0x11,0x4D,0xB0,0x63,0x11,0x4D,0xB0,0x63,0x11,0x4D,0xB0,0x63,0x11,0x4D,0xB0,0x63,0x11,0x4D,0xB0,0x63,0x11,0x4D,0xB0,0x63,0x11,0x4D,0xB0,0x63,0x11,0x4D,0xB0,0x63,0x11,0x4D,0xB0,0x63,0x11,0x4D,
    0xB0,0x63,0x11,0x4D,0xB0,0x63,0x11,0x4D,0xB0,0x63,0x11,0x4D,0xB0,0x63,0x11,0x4D,0xB0,0x63,0x11,0x4D,0xB0,0x63,0x11,0x4D,0xB0,0x63,0x11,0x4D,0xB0,0x63,0x11,0x4D,0xB0,0x63,0x11,0x4D,0xB0,0x63,0x11,0x4D,0xB0,0x63,0x11,0x4D,0xB0,0x63,0x11,0x4D,0xB0,0x63,0x11,0x4D,0xB0,0x63,0x11,0x4D,0xB0,0x63,0x11,0x4D,0xB0,0x63,0x11,0x4D,
    0xB0,0x63,0x11,0x4D,0xB0,0x63,0x11,0x4D,0xB0,0x63,0x11,0x4D,0xB0,0x63,0x11,0x4D,0xB0,0x63,0x11,0x4D,0xB0,0x63,0x11,0x4D,0xB0,0x63,0x11,0x4D,0xB0,0x63,0x11,0x4D,0xB0,0x63,0x11,0x4D,0xB0,0x63,0x11,0x4D,0xB0,0x63,0x11,0x4D,0xB0,0x63,0x11,0x4D,0xB0,0x63,0x11,0x4D,0xB0,0x63,0x11,0x4D,0xB0,0x63,0x11,0x4D,0xB0,0x63,0x11,0x4D,
    0xB0,0x63,0x11,0x4D,0xB0,0x63,0x11,0x4D,0xB0,0x63,0x11,0x4D,0xB0,0x63,0x11,0x4D,0xB0,0x63,0x11,0x4D,0xB0,0x63,0x11,0x4D,0xB0,0x63,0x11,0x4D,0xB0,0x63,0x11,0x4D,0xB0,0x63,0x11,0x4D,0xB0,0x63,0x11,0x4D,0xB0,0x63,0x11,0x4D,0xED,0xDA,0xC8,0xA6,0xED,0xDA,0xC8,0xA6,0xB0,0x63,0x11,0x4D,0xB0,0x63,0x11,0x4D,0xB0,0x63,0x11,0x4D,
    0xB0,0x63,0x11,0x4D,0xB0,0x63,0x11,0x4D,0xB0,0x63,0x11,0x4D,0xB0,0x63,0x11,0x4D,0xB0,0x63,0x11,0x4D,0xB0,0x63,0x11,0x4D,0xB0,0x63,0x11,0x4D,0xB0,0x63,0x11,0x4D,0xB0,0x63,0x11,0x4D,0xB0,0x63,0x11,0x4D,0xB0,0x63,0x11,0x4D,0xB0,0x63,0x11,0x4D,0xB0,0x63,0x11,0x4D,0xB0,0x63,0x11,0x4D,0xB0,0x63,0x11,0x4D,0xB0,0x63,0x11,0x4D,
    0xB0,0x63,0x11,0x4D,0xB0,0x63,0x11,0x4D,0xB0,0x63,0x11,0x4D,0xB0,0x63,0x11,0x4D,0xB0,0x63,0x11,0x4D,0xB0,0x63,0x11,0x4D,0xB0,0x63,0x11,0x4D,0xB0,0x63,0x11,0x4D,0xB0,0x63,0x11,0x4D,0xB0,0x63,0x11,0x4D,0xB0,0x63,0x11,0x4D,0xB0,0x63,0x11,0x4D,0xB0,0x63,0x11,0x4D,0xB0,0x63,0x11,0x4D,0xB0,0x63,0x11,0x4D,0xB0,0x63,0x11,0x4D,
    0xB0,0x63,0x11,0x4D,0xB0,0x63,0x11,0x4D,0xB0,0x63,0x11,0x4D,0xB0,0x63,0x11,0x4D,0xB0,0x63,0x11,0x4D,0xB0,0x63,0x11,0x4D,0xB0,0x63,0x11,0x4D,0xB0,0x63,0x11,0x4D,0xB0,0x63,0x11,0x4D,0xB0,0x63,0x11,0x4D,0xB0,0x63,0x11,0x4D,0xB0,0x63,0x11,0x4D,0xB0,0x63,0x11,0x4D,0xB0,0x63,0x11,0x4D,0xB0,0x63,0x11,0x4D,0xB0,0x63,0x11,0x4D,
    0xB0,0x63,0x11,0x4D,0xB0,0x63,0x11,0x4D,0xB0,0x63,0x11,0x4D,0xB0,0x63,0x11,0x4D,0xB0,0x63,0x11,0x4D,0xB0,0x63,0x11,0x4D,0xB0,0x63,0x11,0x4D,0xB0,0x63,0x11,0x4D,0xB0,0x63,0x11,0x4D,0xB0,0x63,0x11,0x4D,0xB0,0x63,0x11,0x4D,0xB0,0x63,0x11,0x4D,0xB0,0x63,0x11,0x4D,0xB0,0x63,0x11,0x4D,0xB0,0x63,0x11,0x4D,0xB0,0x63,0x11,0x4D,
    0xB0,0x63,0x11,0x4D,0xB0,0x63,0x11,0x4D,0xB0,0x63,0x11,0x4D,0xB0,0x63,0x11,0x4D,0xB0,0x63,0x11,0x4D,0xB0,0x63,0x11,0x4D,0xB0,0x63,0x11,0x4D,0xB0,0x63,0x11,0x4D,0xB0,0x63,0x11,0x4D,0xB0,0x63,0x11,0x4D,0xB0,0x63,0x11,0x4D,0xB0,0x63,0x11,0x4D,0xB0,0x63,0x11,0x4D,0xB0,0x63,0x11,0x4D,0xB0,0x63,0x11,0x4D,0xB0,0x63,0x11,0x4D,
    0xB0,0x63,0x11,0x4D,0xB0,0x63,0x11,0x4D,0xB0,0x63,0x11,0x4D,0xB0,0x63,0x11,0x4D,0xB0,0x63,0x11,0x4D,0xB0,0x63,0x11,0x4D,0xB0,0x63,0x11,0x4D,0xB0,0x63,0x11,0x4D,0xB0,0x63,0x11,0x4D,0xB0,0x63,0x11,0x4D,0xB0,0x63,0x11,0x4D,0xB0,0x63,0x11,0x4D,0xB0,0x63,0x11,0x4D,0xB0,0x63,0x11,0x4D,0xB0,0x63,0x11,0x4D,0xB0,0x63,0x11,0x4D,
    0xB0,0x63,0x11,0x4D,0xB0,0x63,0x11,0x4D,0xB0,0x63,0x11,0x4D,0xB0,0x63,0x11,0x4D,0xB0,0x63,0x11,0x4D,0xB0,0x63,0x11,0x4D,0xB0,0x63,0x11,0x4D,0xB0,0x63,0x11,0x4D,0xB0,0x63,0x11,0x4D,0xB0,0x63,0x11,0x4D,0xB0,0x63,0x11,0x4D,0xB0,0x63,0x11,0x4D,0xB0,0x63,0x11,0x4D,0xB0,0x63,0x11,0x4D,0xB0,0x63,0x11,0x4D,0xB0,0x63,0x11,0x4D,
    0xB0,0x63,0x11,0x4D,0xB0,0x63,0x11,0x4D,0xB0,0x63,0x11,0x4D,0xB0,0x63,0x11,0x4D,0xB0,0x63,0x11,0x4D,0xB0,0x63,0x11,0x4D,0xB0,0x63,0x11,0x4D,0xB0,0x63,0x11,0x4D,0xB0,0x63,0x11,0x4D,0xB0,0x63,0x11,0x4D,0xB0,0x63,0x11,0x4D,0xB0,0x63,0x11,0x4D,0xB0,0x63,0x11,0x4D,0xB0,0x63,0x11,0x4D,0xB0,0x63,0x11,0x4D,0xB0,0x63,0x11,0x4D,
    0xB0,0x63,0x11,0x4D,0xB0,0x63,0x11,0x4D,0xB0,0x63,0x11,0x4D,0xB0,0x63,0x11,0x4D,0xB0,0x63,0x11,0x4D,0xB0,0x63,0x11,0x4D,0xB0,0x63,0x11,0x4D,0xB0,0x63,0x11,0x4D,0xB0,0x63,0x11,0x4D,0xB0,0x63,0x11,0x4D,0xB0,0x63,0x11,0x4D,0xB0,0x63,0x11,0x4D,0xB0,0x63,0x11,0x4D,0xB0,0x63,0x11,0x4D,0xB0,0x63,0x11,0x4D,0xB0,0x63,0x11,0x4D,
    0xB0,0x63,0x11,0x4D,0xB0,0x63,0x11,0x4D,0xB0,0x63,0x11,0x4D,0xB0,0x63,0x11,0x4D,0xB0,0x63,0x11,0x4D,0xB0,0x63,0x11,0x4D,0xB0,0x63,0x11,0x4D,0xB0,0x63,0x11,0x4D,0xB0,0x63,0x11,0x4D,0xB0,0x63,0x11,0x4D,0xB0,0x63,0x11,0x4D,0xB0,0x63,0x11,0x4D,0xB0,0x63,0x11,0x4D,0xB0,0x63,0x11,0x4D,0xB0,0x63,0x11,0x4D,0xB0,0x63,0x11,0x4D,
    0xB0,0x63,0x11,0x4D,0xB0,0x63,0x11,0x4D,0xB0,0x63,0x11,0x4D,0xB0,0x63,0x11,0x4D,0xB0,0x63,0x11,0x4D,0xB0,0x63,0x11,0x4D,0xB0,0x63,0x11,0x4D,0xB0,0x63,0x11,0x4D,0xB0,0x63,0x11,0x4D,0xB0,0x63,0x11,0x4D,0xB0,0x63,0x11,0x4D,0xB0,0x63,0x11,0x4D,0xB0,0x63,0x11,0x4D,0xB0,0x63,0x11,0x4D,0xB0,0x63,0x11,0x4D,0xED,0xDA,0xC8,0xA6,
    0xED,0xDA,0xC8,0xA6,0xB0,0x63,0x11,0x4D,0xB0,0x63,0x11,0x4D,0xB0,0x63,0x11,0x4D,0xB0,0x63,0x11,0x4D,0xB0,0x63,0x11,0x4D,0xB0,0x63,0x11,0x4D,0xB0,0x63,0x11,0x4D,0xB0,0x63,0x11,0x4D,0xB0,0x63,0x11,0x4D,0xB0,0x63,0x11,0x4D,0xB0,0x63,0x11,0x4D,0xB0,0x63,0x11,0x4D,0xB0,0x63,0x11,0x4D,0xB0,0x63,0x11,0x4D,0xB0,0x63,0x11,0x4D,
    0xB0,0x63,0x11,0x4D,0xB0,0x63,0x11,0x4D,0xB0,0x63,0x11,0x4D,0xB0,0x63,0x11,0x4D,0xB0,0x63,0x11,0x4D,0xB0,0x63,0x11,0x4D,0xB0,0x63,0x11,0x4D,0xB0,0x63,0x11,0x4D,0xB0,0x63,0x11,0x4D,0xB0,0x63,0x11,0x4D,0xB0,0x63,0x11,0x4D,0xB0,0x63,0x11,0x4D,0xB0,0x63,0x11,0x4D,0xB0,0x63,0x11,0x4D,0xB0,0x63,0x11,0x4D,0xB0,0x63,0x11,0x4D,
    0xB0,0x63,0x11,0x4D,0xB0,0x63,0x11,0x4D,0xB0,0x63,0x11,0x4D,0xB0,0x63,0x11,0x4D,0xB0,0x63,0x11,0x4D,0xB0,0x63,0x11,0x4D,0xB0,0x63,0x11,0x4D,0xB0,0x63,0x11,0x4D,0xB0,0x63,0x11,0x4D,0xB0,0x63,0x11,0x4D,0xB0,0x63,0x11,0x4D,0xB0,0x63,0x11,0x4D,0xB0,0x63,0x11,0x4D,0xB0,0x63,0x11,0x4D,0xB0,0x63,0x11,0x4D,0xB0,0x63,0x11,0x4D,
    0xB0,0x63,0x11,0x4D,0xB0,0x63,0x11,0x4D,0xB0,0x63,0x11,0x4D,0xB0,0x63,0x11,0x4D,0xB0,0x63,0x11,0x4D,0xB0,0x63,0x11,0x4D,0xB0,0x63,0x11,0x4D,0xB0,0x63,0x11,0x4D,0xB0,0x63,0x11,0x4D,0xB0,0x63,0x11,0x4D,0xB0,0x63,0x11,0x4D,0xB0,0x63,0x11,0x4D,0xB0,0x63,0x11,0x4D,0xB0,0x63,0x11,0x4D,0xB0,0x63,0x11,0x4D,0xB0,0x63,0x11,0x4D,
    0xB0,0x63,0x11,0x4D,0xB0,0x63,0x11,0x4D,0xB0,0x63,0x11,0x4D,0xB0,0x63,0x11,0x4D,0xB0,0x63,0x11,0x4D,0xB0,0x63,0x11,0x4D,0xB0,0x63,0x11,0x4D,0xB0,0x63,0x11,0x4D,0xB0,0x63,0x11,0x4D,0xB0,0x63,0x11,0x4D,0xB0,0x63,0x11,0x4D,0xB0,0x63,0x11,0x4D,0xB0,0x63,0x11,0x4D,0xB0,0x63,0x11,0x4D,0xB0,0x63,0x11,0x4D,0xB0,0x63,0x11,0x4D,
    0xB0,0x63,0x11,0x4D,0xB0,0x63,0x11,0x4D,0xB0,0x63,0x11,0x4D,0xB0,0x63,0x11,0x4D,0xB0,0x63,0x11,0x4D,0xB0,0x63,0x11,0x4D,0xB0,0x63,0x11,0x4D,0xB0,0x63,0x11,0x4D,0xB0,0x63,0x11,0x4D,0xB0,0x63,0x11,0x4D,0xB0,0x63,0x11,0x4D,0xB0,0x63,0x11,0x4D,0xB0,0x63,0x11,0x4D,0xB0,0x63,0x11,0x4D,0xB0,0x63,0x11,0x4D,0xB0,0x63,0x11,0x4D,
    0xB0,0x63,0x11,0x4D,0xB0,0x63,0x11,0x4D,0xB0,0x63,0x11,0x4D,0xB0,0x63,0x11,0x4D,0xB0,0x63,0x11,0x4D,0xB0,0x63,0x11,0x4D,0xB0,0x63,0x11,0x4D,0xB0,0x63,0x11,0x4D,0xB0,0x63,0x11,0x4D,0xB0,0x63,0x11,0x4D,0xB0,0x63,0x11,0x4D,0xB0,0x63,0x11,0x4D,0xB0,0x63,0x11,0x4D,0xB0,0x63,0x11,0x4D,0xB0,0x63,0x11,0x4D,0xB0,0x63,0x11,0x4D,
    0xB0,0x63,0x11,0x4D,0xB0,0x63,0x11,0x4D,0xB0,0x63,0x11,0x4D,0xB0,0x63,0x11,0x4D,0xB0,0x63,0x11,0x4D,0xB0,0x63,0x11,0x4D,0xB0,0x63,0x11,0x4D,0xB0,0x63,0x11,0x4D,0xB0,0x63,0x11,0x4D,0xB0,0x63,0x11,0x4D,0xB0,0x63,0x11,0x4D,0xB0,0x63,0x11,0x4D,0xB0,0x63,0x11,0x4D,0xB0,0x63,0x11,0x4D,0xB0,0x63,0x11,0x4D,0xB0,0x63,0x11,0x4D,
    0xB0,0x63,0x11,0x4D,0xB0,0x63,0x11,0x4D,0xB0,0x63,0x11,0x4D,0xB0,0x63,0x11,0x4D,0xB0,0x63,0x11,0x4D,0xB0,0x63,0x11,0x4D,0xB0,0x63,0x11,0x4D,0xB0,0x63,0x11,0x4D,0xB0,0x63,0x11,0x4D,0xB0,0x63,0x11,0x4D,0xB0,0x63,0x11,0x4D,0xB0,0x63,0x11,0x4D,0xB0,0x63,0x11,0x4D,0xB0,0x63,0x11,0x4D,0xB0,0x63,0x11,0x4D,0xB0,0x63,0x11,0x4D,
    0xB0,0x63,0x11,0x4D,0xB0,0x63,0x11,0x4D,0xB0,0x63,0x11,0x4D,0xB0,0x63,0x11,0x4D,0xB0,0x63,0x11,0x4D,0xB0,0x63,0x11,0x4D,0xB0,0x63,0x11,0x4D,0xB0,0x63,0x11,0x4D,0xB0,0x63,0x11,0x4D,0xB0,0x63,0x11,0x4D,0xB0,0x63,0x11,0x4D,0xB0,0x63,0x11,0x4D,0xB0,0x63,0x11,0x4D,0xB0,0x63,0x11,0x4D,0xB0,0x63,0x11,0x4D,0xB0,0x63,0x11,0x4D,
    0xB0,0x63,0x11,0x4D,0xB0,0x63,0x11,0x4D,0xB0,0x63,0x11,0x4D,0xB0,0x63,0x11,0x4D,0xB0,0x63,0x11,0x4D,0xB0,0x63,0x11,0x4D,0xB0,0x63,0x11,0x4D,0xB0,0x63,0x11,0x4D,0xB0,0x63,0x11,0x4D,0xB0,0x63,0x11,0x4D,0xB0,0x63,0x11,0x4D,0xB0,0x63,0x11,0x4D,0xB0,0x63,0x11,0x4D,0xB0,0x63,0x11,0x4D,0xB0,0x63,0x11,0x4D,0xB0,0x63,0x11,0x4D,
    0xB0,0x63,0x11,0x4D,0xB0,0x63,0x11,0x4D,0xB0,0x63,0x11,0x4D,0xED,0xDA,0xC8,0xA6,0xED,0xDA,0xC8,0xA6,0xB0,0x63,0x11,0x4D,0xB0,0x63,0x11,0x4D,0xB0,0x63,0x11,0x4D,0xB0,0x63,0x11,0x4D,0xB0,0x63,0x11,0x4D,0xB0,0x63,0x11,0x4D,0xB0,0x63,0x11,0x4D,0xB0,0x63,0x11,0x4D,0xB0,0x63,0x11,0x4D,0xB0,0x63,0x11,0x4D,0xB0,0x63,0x11,0x4D,
    0xB0,0x63,0x11,0x4D,0xB0,0x63,0x11,0x4D,0xB0,0x63,0x11,0x4D,0xB0,0x63,0x11,0x4D,0xB0,0x63,0x11,0x4D,0xB0,0x63,0x11,0x4D,0xB0,0x63,0x11,0x4D,0xB0,0x63,0x11,0x4D,0xB0,0x63,0x11,0x4D,0xB0,0x63,0x11,0x4D,0xB0,0x63,0x11,0x4D,0xB0,0x63,0x11,0x4D,0xB0,0x63,0x11,0x4D,0xB0,0x63,0x11,0x4D,0xB0,0x63,0x11,0x4D,0xB0,0x63,0x11,0x4D,
    0xB0,0x63,0x11,0x4D,0xB0,0x63,0x11,0x4D,0xB0,0x63,0x11,0x4D,0xB0,0x63,0x11,0x4D,0xB0,0x63,0x11,0x4D,0xB0,0x63,0x11,0x4D,0xB0,0x63,0x11,0x4D,0xB0,0x63,0x11,0x4D,0xB0,0x63,0x11,0x4D,0xB0,0x63,0x11,0x4D,0xB0,0x63,0x11,0x4D,0xB0,0x63,0x11,0x4D,0xB0,0x63,0x11,0x4D,0xB0,0x63,0x11,0x4D,0xB0,0x63,0x11,0x4D,0xB0,0x63,0x11,0x4D,
    0xB0,0x63,0x11,0x4D,0xB0,0x63,0x11,0x4D,0xB0,0x63,0x11,0x4D,0xB0,0x63,0x11,0x4D,0xB0,0x63,0x11,0x4D,0xB0,0x63,0x11,0x4D,0xB0,0x63,0x11,0x4D,0xB0,0x63,0x11,0x4D,0xB0,0x63,0x11,0x4D,0xB0,0x63,0x11,0x4D,0xB0,0x63,0x11,0x4D,0xB0,0x63,0x11,0x4D,0xB0,0x63,0x11,0x4D,0xB0,0x63,0x11,0x4D,0xB0,0x63,0x11,0x4D,0xB0,0x63,0x11,0x4D,
    0xB0,0x63,0x11,0x4D,0xB0,0x63,0x11,0x4D,0xB0,0x63,0x11,0x4D,0xB0,0x63,0x11,0x4D,0xB0,0x63,0x11,0x4D,0xB0,0x63,0x11,0x4D,0xB0,0x63,0x11,0x4D,0xB0,0x63,0x11,0x4D,0xB0,0x63,0x11,0x4D,0xB0,0x63,0x11,0x4D,0xB0,0x63,0x11,0x4D,0xB0,0x63,0x11,0x4D,0xB0,0x63,0x11,0x4D,0xB0,0x63,0x11,0x4D,0xB0,0x63,0x11,0x4D,0xB0,0x63,0x11,0x4D,
    0xB0,0x63,0x11,0x4D,0xB0,0x63,0x11,0x4D,0xB0,0x63,0x11,0x4D,0xB0,0x63,0x11,0x4D,0xB0,0x63,0x11,0x4D,0xB0,0x63,0x11,0x4D,0xB0,0x63,0x11,0x4D,0xB0,0x63,0x11,0x4D,0xB0,0x63,0x11,0x4D,0xB0,0x63,0x11,0x4D,0xB0,0x63,0x11,0x4D,0xB0,0x63,0x11,0x4D,0xB0,0x63,0x11,0x4D,0xB0,0x63,0x11,0x4D,0xB0,0x63,0x11,0x4D,0xB0,0x63,0x11,0x4D,
    0xB0,0x63,0x11,0x4D,0xB0,0x63,0x11,0x4D,0xB0,0x63,0x11,0x4D,0xB0,0x63,0x11,0x4D,0xB0,0x63,0x11,0x4D,0xB0,0x63,0x11,0x4D,0xB0,0x63,0x11,0x4D,0xB0,0x63,0x11,0x4D,0xB0,0x63,0x11,0x4D,0xB0,0x63,0x11,0x4D,0xB0,0x63,0x11,0x4D,0xB0,0x63,0x11,0x4D,0xB0,0x63,0x11,0x4D,0xB0,0x63,0x11,0x4D,0xB0,0x63,0x11,0x4D,0xB0,0x63,0x11,0x4D,
    0xB0,0x63,0x11,0x4D,0xB0,0x63,0x11,0x4D,0xB0,0x63,0x11,0x4D,0xB0,0x63,0x11,0x4D,0xB0,0x63,0x11,0x4D,0xB0,0x63,0x11,0x4D,0xB0,0x63,0x11,0x4D,0xB0,0x63,0x11,0x4D,0xB0,0x63,0x11,0x4D,0xB0,0x63,0x11,0x4D,0xB0,0x63,0x11,0x4D,0xB0,0x63,0x11,0x4D,0xB0,0x63,0x11,0x4D,0xB0,0x63,0x11,0x4D,0xB0,0x63,0x11,0x4D,0xB0,0x63,0x11,0x4D,
    0xB0,0x63,0x11,0x4D,0xB0,0x63,0x11,0x4D,0xB0,0x63,0x11,0x4D,0xB0,0x63,0x11,0x4D,0xB0,0x63,0x11,0x4D,0xB0,0x63,0x11,0x4D,0xB0,0x63,0x11,0x4D,0xB0,0x63,0x11,0x4D,0xB0,0x63,0x11,0x4D,0xB0,0x63,0x11,0x4D,0xB0,0x63,0x11,0x4D,0xB0,0x63,0x11,0x4D,0xB0,0x63,0x11,0x4D,0xB0,0x63,0x11,0x4D,0xB0,0x63,0x11,0x4D,0xB0,0x63,0x11,0x4D,
    0xB0,0x63,0x11,0x4D,0xB0,0x63,0x11,0x4D,0xB0,0x63,0x11,0x4D,0xB0,0x63,0x11,0x4D,0xB0,0x63,0x11,0x4D,0xB0,0x63,0x11,0x4D,0xB0,0x63,0x11,0x4D,0xB0,0x63,0x11,0x4D,0xB0,0x63,0x11,0x4D,0xB0,0x63,0x11,0x4D,0xB0,0x63,0x11,0x4D,0xB0,0x63,0x11,0x4D,0xB0,0x63,0x11,0x4D,0xB0,0x63,0x11,0x4D,0xB0,0x63,0x11,0x4D,0xB0,0x63,0x11,0x4D,
    0xB0,0x63,0x11,0x4D,0xB0,0x63,0x11,0x4D,0xB0,0x63,0x11,0x4D,0xB0,0x63,0x11,0x4D,0xB0,0x63,0x11,0x4D,0xB0,0x63,0x11,0x4D,0xB0,0x63,0x11,0x4D,0xB0,0x63,0x11,0x4D,0xB0,0x63,0x11,0x4D,0xB0,0x63,0x11,0x4D,0xB0,0x63,0x11,0x4D,0xB0,0x63,0x11,0x4D,0xB0,0x63,0x11,0x4D,0xB0,0x63,0x11,0x4D,0xB0,0x63,0x11,0x4D,0xB0,0x63,0x11,0x4D,
    0xB0,0x63,0x11,0x4D,0xB0,0x63,0x11,0x4D,0xB0,0x63,0x11,0x4D,0xB0,0x63,0x11,0x4D,0xB0,0x63,0x11,0x4D,0xB0,0x63,0x11,0x4D,0xB0,0x63,0x11,0x4D,0xED,0xDA,0xC8,0xA6,0xED,0xDA,0xC8,0xA6,0xB0,0x63,0x11,0x4D,0xB0,0x63,0x11,0x4D,0xB0,0x63,0x11,0x4D,0xB0,0x63,0x11,0x4D,0xB0,0x63,0x11,0x4D,0xB0,0x63,0x11,0x4D,0xB0,0x63,0x11,0x4D,
    0xB0,0x63,0x11,0x4D,0xB0,0x63,0x11,0x4D,0xB0,0x63,0x11,0x4D,0xB0,0x63,0x11,0x4D,0xB0,0x63,0x11,0x4D,0xB0,0x63,0x11,0x4D,0xB0,0x63,0x11,0x4D,0xB0,0x63,0x11,0x4D,0xB0,0x63,0x11,0x4D,0xB0,0x63,0x11,0x4D,0xB0,0x63,0x11,0x4D,0xB0,0x63,0x11,0x4D,0xB0,0x63,0x11,0x4D,0xB0,0x63,0x11,0x4D,0xB0,0x63,0x11,0x4D,0xB0,0x63,0x11,0x4D,
    0xB0,0x63,0x11,0x4D,0xB0,0x63,0x11,0x4D,0xB0,0x63,0x11,0x4D,0xB0,0x63,0x11,0x4D,0xB0,0x63,0x11,0x4D,0xB0,0x63,0x11,0x4D,0xB0,0x63,0x11,0x4D,0xB0,0x63,0x11,0x4D,0xB0,0x63,0x11,0x4D,0xB0,0x63,0x11,0x4D,0xB0,0x63,0x11,0x4D,0xB0,0x63,0x11,0x4D,0xB0,0x63,0x11,0x4D,0xB0,0x63,0x11,0x4D,0xB0,0x63,0x11,0x4D,0xB0,0x63,0x11,0x4D,
    0xB0,0x63,0x11,0x4D,0xB0,0x63,0x11,0x4D,0xB0,0x63,0x11,0x4D,0xB0,0x63,0x11,0x4D,0xB0,0x63,0x11,0x4D,0xB0,0x63,0x11,0x4D,0xB0,0x63,0x11,0x4D,0xB0,0x63,0x11,0x4D,0xB0,0x63,0x11,0x4D,0xB0,0x63,0x11,0x4D,0xB0,0x63,0x11,0x4D,0xB0,0x63,0x11,0x4D,0xB0,0x63,0x11,0x4D,0xB0,0x63,0x11,0x4D,0xB0,0x63,0x11,0x4D,0xB0,0x63,0x11,0x4D,
    0xB0,0x63,0x11,0x4D,0xB0,0x63,0x11,0x4D,0xB0,0x63,0x11,0x4D,0xB0,0x63,0x11,0x4D,0xB0,0x63,0x11,0x4D,0xB0,0x63,0x11,0x4D,0xB0,0x63,0x11,0x4D,0xB0,0x63,0x11,0x4D,0xB0,0x63,0x11,0x4D,0xB0,0x63,0x11,0x4D,0xB0,0x63,0x11,0x4D,0xB0,0x63,0x11,0x4D,0xB0,0x63,0x11,0x4D,0xB0,0x63,0x11,0x4D,0xB0,0x63,0x11,0x4D,0xB0,0x63,0x11,0x4D,
    0xB0,0x63,0x11,0x4D,0xB0,0x63,0x11,0x4D,0xB0,0x63,0x11,0x4D,0xB0,0x63,0x11,0x4D,0xB0,0x63,0x11,0x4D,0xB0,0x63,0x11,0x4D,0xB0,0x63,0x11,0x4D,0xB0,0x63,0x11,0x4D,0xB0,0x63,0x11,0x4D,0xB0,0x63,0x11,0x4D,0xB0,0x63,0x11,0x4D,0xB0,0x63,0x11,0x4D,0xB0,0x63,0x11,0x4D,0xB0,0x63,0x11,0x4D,0xB0,0x63,0x11,0x4D,0xB0,0x63,0x11,0x4D,
    0xB0,0x63,0x11,0x4D,0xB0,0x63,0x11,0x4D,0xB0,0x63,0x11,0x4D,0xB0,0x63,0x11,0x4D,0xB0,0x63,0x11,0x4D,0xB0,0x63,0x11,0x4D,0xB0,0x63,0x11,0x4D,0xB0,0x63,0x11,0x4D,0xB0,0x63,0x11,0x4D,0xB0,0x63,0x11,0x4D,0xB0,0x63,0x11,0x4D,0xB0,0x63,0x11,0x4D,0xB0,0x63,0x11,0x4D,0xB0,0x63,0x11,0x4D,0xB0,0x63,0x11,0x4D,0xB0,0x63,0x11,0x4D,
    0xB0,0x63,0x11,0x4D,0xB0,0x63,0x11,0x4D,0xB0,0x63,0x11,0x4D,0xB0,0x63,0x11,0x4D,0xB0,0x63,0x11,0x4D,0xB0,0x63,0x11,0x4D,0xB0,0x63,0x11,0x4D,0xB0,0x63,0x11,0x4D,0xB0,0x63,0x11,0x4D,0xB0,0x63,0x11,0x4D,0xB0,0x63,0x11,0x4D,0xB0,0x63,0x11,0x4D,0xB0,0x63,0x11,0x4D,0xB0,0x63,0x11,0x4D,0xB0,0x63,0x11,0x4D,0xB0,0x63,0x11,0x4D,
    0xB0,0x63,0x11,0x4D,0xB0,0x63,0x11,0x4D,0xB0,0x63,0x11,0x4D,0xB0,0x63,0x11,0x4D,0xB0,0x63,0x11,0x4D,0xB0,0x63,0x11,0x4D,0xB0,0x63,0x11,0x4D,0xB0,0x63,0x11,0x4D,0xB0,0x63,0x11,0x4D,0xB0,0x63,0x11,0x4D,0xB0,0x63,0x11,0x4D,0xB0,0x63,0x11,0x4D,0xB0,0x63,0x11,0x4D,0xB0,0x63,0x11,0x4D,0xB0,0x63,0x11,0x4D,0xB0,0x63,0x11,0x4D,
    0xB0,0x63,0x11,0x4D,0xB0,0x63,0x11,0x4D,0xB0,0x63,0x11,0x4D,0xB0,0x63,0x11,0x4D,0xB0,0x63,0x11,0x4D,0xB0,0x63,0x11,0x4D,0xB0,0x63,0x11,0x4D,0xB0,0x63,0x11,0x4D,0xB0,0x63,0x11,0x4D,0xB0,0x63,0x11,0x4D,0xB0,0x63,0x11,0x4D,0xB0,0x63,0x11,0x4D,0xB0,0x63,0x11,0x4D,0xB0,0x63,0x11,0x4D,0xB0,0x63,0x11,0x4D,0xB0,0x63,0x11,0x4D,
    0xB0,0x63,0x11,0x4D,0xB0,0x63,0x11,0x4D,0xB0,0x63,0x11,0x4D,0xB0,0x63,0x11,0x4D,0xB0,0x63,0x11,0x4D,0xB0,0x63,0x11,0x4D,0xB0,0x63,0x11,0x4D,0xB0,0x63,0x11,0x4D,0xB0,0x63,0x11,0x4D,0xB0,0x63,0x11,0x4D,0xB0,0x63,0x11,0x4D,0xB0,0x63,0x11,0x4D,0xB0,0x63,0x11,0x4D,0xB0,0x63,0x11,0x4D,0xB0,0x63,0x11,0x4D,0xB0,0x63,0x11,0x4D,
    0xB0,0x63,0x11,0x4D,0xB0,0x63,0x11,0x4D,0xB0,0x63,0x11,0x4D,0xB0,0x63,0x11,0x4D,0xB0,0x63,0x11,0x4D,0xB0,0x63,0x11,0x4D,0xB0,0x63,0x11,0x4D,0xB0,0x63,0x11,0x4D,0xB0,0x63,0x11,0x4D,0xB0,0x63,0x11,0x4D,0xB0,0x63,0x11,0x4D,0xED,0xDA,0xC8,0xA6,0xED,0xDA,0xC8,0xA6,0xB0,0x63,0x11,0x4D,0xB0,0x63,0x11,0x4D,0xB0,0x63,0x11,0x4D,
    0xB0,0x63,0x11,0x4D,0xB0,0x63,0x11,0x4D,0xB0,0x63,0x11,0x4D,0xB0,0x63,0x11,0x4D,0xB0,0x63,0x11,0x4D,0xB0,0x63,0x11,0x4D,0xB0,0x63,0x11,0x4D,0xB0,0x63,0x11,0x4D,0xB0,0x63,0x11,0x4D,0xB0,0x63,0x11,0x4D,0xB0,0x63,0x11,0x4D,0xB0,0x63,0x11,0x4D,0xB0,0x63,0x11,0x4D,0xB0,0x63,0x11,0x4D,0xB0,0x63,0x11,0x4D,0xB0,0x63,0x11,0x4D,
    0xB0,0x63,0x11,0x4D,0xB0,0x63,0x11,0x4D,0xB0,0x63,0x11,0x4D,0xB0,0x63,0x11,0x4D,0xB0,0x63,0x11,0x4D,0xB0,0x63,0x11,0x4D,0xB0,0x63,0x11,0x4D,0xB0,0x63,0x11,0x4D,0xB0,0x63,0x11,0x4D,0xB0,0x63,0x11,0x4D,0xB0,0x63,0x11,0x4D,0xB0,0x63,0x11,0x4D,0xB0,0x63,0x11,0x4D,0xB0,0x63,0x11,0x4D,0xB0,0x63,0x11,0x4D,0xB0,0x63,0x11,0x4D,
    0xB0,0x63,0x11,0x4D,0xB0,0x63,0x11,0x4D,0xB0,0x63,0x11,0x4D,0xB0,0x63,0x11,0x4D,0xB0,0x63,0x11,0x4D,0xB0,0x63,0x11,0x4D,0xB0,0x63,0x11,0x4D,0xB0,0x63,0x11,0x4D,0xB0,0x63,0x11,0x4D,0xB0,0x63,0x11,0x4D,0xB0,0x63,0x11,0x4D,0xB0,0x63,0x11,0x4D,0xB0,0x63,0x11,0x4D,0xB0,0x63,0x11,0x4D,0xB0,0x63,0x11,0x4D,0xB0,0x63,0x11,0x4D,
    0xB0,0x63,0x11,0x4D,0xB0,0x63,0x11,0x4D,0xB0,0x63,0x11,0x4D,0xB0,0x63,0x11,0x4D,0xB0,0x63,0x11,0x4D,0xB0,0x63,0x11,0x4D,0xB0,0x63,0x11,0x4D,0xB0,0x63,0x11,0x4D,0xB0,0x63,0x11,0x4D,0xB0,0x63,0x11,0x4D,0xB0,0x63,0x11,0x4D,0xB0,0x63,0x11,0x4D,0xB0,0x63,0x11,0x4D,0xB0,0x63,0x11,0x4D,0xB0,0x63,0x11,0x4D,0xB0,0x63,0x11,0x4D,
    0xB0,0x63,0x11,0x4D,0xB0,0x63,0x11,0x4D,0xB0,0x63,0x11,0x4D,0xB0,0x63,0x11,0x4D,0xB0,0x63,0x11,0x4D,0xB0,0x63,0x11,0x4D,0xB0,0x63,0x11,0x4D,0xB0,0x63,0x11,0x4D,0xB0,0x63,0x11,0x4D,0xB0,0x63,0x11,0x4D,0xB0,0x63,0x11,0x4D,0xB0,0x63,0x11,0x4D,0xB0,0x63,0x11,0x4D,0xB0,0x63,0x11,0x4D,0xB0,0x63,0x11,0x4D,0xB0,0x63,0x11,0x4D,
    0xB0,0x63,0x11,0x4D,0xB0,0x63,0x11,0x4D,0xB0,0x63,0x11,0x4D,0xB0,0x63,0x11,0x4D,0xB0,0x63,0x11,0x4D,0xB0,0x63,0x11,0x4D,0xB0,0x63,0x11,0x4D,0xB0,0x63,0x11,0x4D,0xB0,0x63,0x11,0x4D,0xB0,0x63,0x11,0x4D,0xB0,0x63,0x11,0x4D,0xB0,0x63,0x11,0x4D,0xB0,0x63,0x11,0x4D,0xB0,0x63,0x11,0x4D,0xB0,0x63,0x11,0x4D,0xB0,0x63,0x11,0x4D,
    0xB0,0x63,0x11,0x4D,0xB0,0x63,0x11,0x4D,0xB0,0x63,0x11,0x4D,0xB0,0x63,0x11,0x4D,0xB0,0x63,0x11,0x4D,0xB0,0x63,0x11,0x4D,0xB0,0x63,0x11,0x4D,0xB0,0x63,0x11,0x4D,0xB0,0x63,0x11,0x4D,0xB0,0x63,0x11,0x4D,0xB0,0x63,0x11,0x4D,0xB0,0x63,0x11,0x4D,0xB0,0x63,0x11,0x4D,0xB0,0x63,0x11,0x4D,0xB0,0x63,0x11,0x4D,0xB0,0x63,0x11,0x4D,
    0xB0,0x63,0x11,0x4D,0xB0,0x63,0x11,0x4D,0xB0,0x63,0x11,0x4D,0xB0,0x63,0x11,0x4D,0xB0,0x63,0x11,0x4D,0xB0,0x63,0x11,0x4D,0xB0,0x63,0x11,0x4D,0xB0,0x63,0x11,0x4D,0xB0,0x63,0x11,0x4D,0xB0,0x63,0x11,0x4D,0xB0,0x63,0x11,0x4D,0xB0,0x63,0x11,0x4D,0xB0,0x63,0x11,0x4D,0xB0,0x63,0x11,0x4D,0xB0,0x63,0x11,0x4D,0xB0,0x63,0x11,0x4D,
    0xB0,0x63,0x11,0x4D,0xB0,0x63,0x11,0x4D,0xB0,0x63,0x11,0x4D,0xB0,0x63,0x11,0x4D,0xB0,0x63,0x11,0x4D,0xB0,0x63,0x11,0x4D,0xB0,0x63,0x11,0x4D,0xB0,0x63,0x11,0x4D,0xB0,0x63,0x11,0x4D,0xB0,0x63,0x11,0x4D,0xB0,0x63,0x11,0x4D,0xB0,0x63,0x11,0x4D,0xB0,0x63,0x11,0x4D,0xB0,0x63,0x11,0x4D,0xB0,0x63,0x11,0x4D,0xB0,0x63,0x11,0x4D,
    0xB0,0x63,0x11,0x4D,0xB0,0x63,0x11,0x4D,0xB0,0x63,0x11,0x4D,0xB0,0x63,0x11,0x4D,0xB0,0x63,0x11,0x4D,0xB0,0x63,0x11,0x4D,0xB0,0x63,0x11,0x4D,0xB0,0x63,0x11,0x4D,0xB0,0x63,0x11,0x4D,0xB0,0x63,0x11,0x4D,0xB0,0x63,0x11,0x4D,0xB0,0x63,0x11,0x4D,0xB0,0x63,0x11,0x4D,0xB0,0x63,0x11,0x4D,0xB0,0x63,0x11,0x4D,0xB0,0x63,0x11,0x4D,
    0xB0,0x63,0x11,0x4D,0xB0,0x63,0x11,0x4D,0xB0,0x63,0x11,0x4D,0xB0,0x63,0x11,0x4D,0xB0,0x63,0x11,0x4D,0xB0,0x63,0x11,0x4D,0xB0,0x63,0x11,0x4D,0xB0,0x63,0x11,0x4D,0xB0,0x63,0x11,0x4D,0xB0,0x63,0x11,0x4D,0xB0,0x63,0x11,0x4D,0xB0,0x63,0x11,0x4D,0xB0,0x63,0x11,0x4D,0xB0,0x63,0x11,0x4D,0xB0,0x63,0x11,0x4D,0xED,0xDA,0xC8,0xA6,
    0xED,0xDA,0xC8,0xA6,0xB0,0x63,0x11,0x4D,0xB0,0x63,0x11,0x4D,0xB0,0x63,0x11,0x4D,0xB0,0x63,0x11,0x4D,0xB0,0x63,0x11,0x4D,0xB0,0x63,0x11,0x4D,0xB0,0x63,0x11,0x4D,0xB0,0x63,0x11,0x4D,0xB0,0x63,0x11,0x4D,0xB0,0x63,0x11,0x4D,0xB0,0x63,0x11,0x4D,0xB0,0x63,0x11,0x4D,0xB0,0x63,0x11,0x4D,0xB0,0x63,0x11,0x4D,0xB0,0x63,0x11,0x4D,
    0xB0,0x63,0x11,0x4D,0xB0,0x63,0x11,0x4D,0xB0,0x63,0x11,0x4D,0xB0,0x63,0x11,0x4D,0xB0,0x63,0x11,0x4D,0xB0,0x63,0x11,0x4D,0xB0,0x63,0x11,0x4D,0xB0,0x63,0x11,0x4D,0xB0,0x63,0x11,0x4D,0xB0,0x63,0x11,0x4D,0xB0,0x63,0x11,0x4D,0xB0,0x63,0x11,0x4D,0xB0,0x63,0x11,0x4D,0xB0,0x63,0x11,0x4D,0xB0,0x63,0x11,0x4D,0xB0,0x63,0x11,0x4D,
    0xB0,0x63,0x11,0x4D,0xB0,0x63,0x11,0x4D,0xB0,0x63,0x11,0x4D,0xB0,0x63,0x11,0x4D,0xB0,0x63,0x11,0x4D,0xB0,0x63,0x11,0x4D,0xB0,0x63,0x11,0x4D,0xB0,0x63,0x11,0x4D,0xB0,0x63,0x11,0x4D,0xB0,0x63,0x11,0x4D,0xB0,0x63,0x11,0x4D,0xB0,0x63,0x11,0x4D,0xB0,0x63,0x11,0x4D,0xB0,0x63,0x11,0x4D,0xB0,0x63,0x11,0x4D,0xB0,0x63,0x11,0x4D,
    0xB0,0x63,0x11,0x4D,0xB0,0x63,0x11,0x4D,0xB0,0x63,0x11,0x4D,0xB0,0x63,0x11,0x4D,0xB0,0x63,0x11,0x4D,0xB0,0x63,0x11,0x4D,0xB0,0x63,0x11,0x4D,0xB0,0x63,0x11,0x4D,0xB0,0x63,0x11,0x4D,0xB0,0x63,0x11,0x4D,0xB0,0x63,0x11,0x4D,0xB0,0x63,0x11,0x4D,0xB0,0x63,0x11,0x4D,0xB0,0x63,0x11,0x4D,0xB0,0x63,0x11,0x4D,0xB0,0x63,0x11,0x4D,
    0xB0,0x63,0x11,0x4D,0xB0,0x63,0x11,0x4D,0xB0,0x63,0x11,0x4D,0xB0,0x63,0x11,0x4D,0xB0,0x63,0x11,0x4D,0xB0,0x63,0x11,0x4D,0xB0,0x63,0x11,0x4D,0xB0,0x63,0x11,0x4D,0xB0,0x63,0x11,0x4D,0xB0,0x63,0x11,0x4D,0xB0,0x63,0x11,0x4D,0xB0,0x63,0x11,0x4D,0xB0,0x63,0x11,0x4D,0xB0,0x63,0x11,0x4D,0xB0,0x63,0x11,0x4D,0xB0,0x63,0x11,0x4D,
    0xB0,0x63,0x11,0x4D,0xB0,0x63,0x11,0x4D,0xB0,0x63,0x11,0x4D,0xB0,0x63,0x11,0x4D,0xB0,0x63,0x11,0x4D,0xB0,0x63,0x11,0x4D,0xB0,0x63,0x11,0x4D,0xB0,0x63,0x11,0x4D,0xB0,0x63,0x11,0x4D,0xB0,0x63,0x11,0x4D,0xB0,0x63,0x11,0x4D,0xB0,0x63,0x11,0x4D,0xB0,0x63,0x11,0x4D,0xB0,0x63,0x11,0x4D,0xB0,0x63,0x11,0x4D,0xB0,0x63,0x11,0x4D,
    0xB0,0x63,0x11,0x4D,0xB0,0x63,0x11,0x4D,0xB0,0x63,0x11,0x4D,0xB0,0x63,0x11,0x4D,0xB0,0x63,0x11,0x4D,0xB0,0x63,0x11,0x4D,0xB0,0x63,0x11,0x4D,0xB0,0x63,0x11,0x4D,0xB0,0x63,0x11,0x4D,0xB0,0x63,0x11,0x4D,0xB0,0x63,0x11,0x4D,0xB0,0x63,0x11,0x4D,0xB0,0x63,0x11,0x4D,0xB0,0x63,0x11,0x4D,0xB0,0x63,0x11,0x4D,0xB0,0x63,0x11,0x4D,
    0xB0,0x63,0x11,0x4D,0xB0,0x63,0x11,0x4D,0xB0,0x63,0x11,0x4D,0xB0,0x63,0x11,0x4D,0xB0,0x63,0x11,0x4D,0xB0,0x63,0x11,0x4D,0xB0,0x63,0x11,0x4D,0xB0,0x63,0x11,0x4D,0xB0,0x63,0x11,0x4D,0xB0,0x63,0x11,0x4D,0xB0,0x63,0x11,0x4D,0xB0,0x63,0x11,0x4D,0xB0,0x63,0x11,0x4D,0xB0,0x63,0x11,0x4D,0xB0,0x63,0x11,0x4D,0xB0,0x63,0x11,0x4D,
    0xB0,0x63,0x11,0x4D,0xB0,0x63,0x11,0x4D,0xB0,0x63,0x11,0x4D,0xB0,0x63,0x11,0x4D,0xB0,0x63,0x11,0x4D,0xB0,0x63,0x11,0x4D,0xB0,0x63,0x11,0x4D,0xB0,0x63,0x11,0x4D,0xB0,0x63,0x11,0x4D,0xB0,0x63,0x11,0x4D,0xB0,0x63,0x11,0x4D,0xB0,0x63,0x11,0x4D,0xB0,0x63,0x11,0x4D,0xB0,0x63,0x11,0x4D,0xB0,0x63,0x11,0x4D,0xB0,0x63,0x11,0x4D,
    0xB0,0x63,0x11,0x4D,0xB0,0x63,0x11,0x4D,0xB0,0x63,0x11,0x4D,0xB0,0x63,0x11,0x4D,0xB0,0x63,0x11,0x4D,0xB0,0x63,0x11,0x4D,0xB0,0x63,0x11,0x4D,0xB0,0x63,0x11,0x4D,0xB0,0x63,0x11,0x4D,0xB0,0x63,0x11,0x4D,0xB0,0x63,0x11,0x4D,0xB0,0x63,0x11,0x4D,0xB0,0x63,0x11,0x4D,0xB0,0x63,0x11,0x4D,0xB0,0x63,0x11,0x4D,0xB0,0x63,0x11,0x4D,
    0xB0,0x63,0x11,0x4D,0xB0,0x63,0x11,0x4D,0xB0,0x63,0x11,0x4D,0xB0,0x63,0x11,0x4D,0xB0,0x63,0x11,0x4D,0xB0,0x63,0x11,0x4D,0xB0,0x63,0x11,0x4D,0xB0,0x63,0x11,0x4D,0xB0,0x63,0x11,0x4D,0xB0,0x63,0x11,0x4D,0xB0,0x63,0x11,0x4D,0xB0,0x63,0x11,0x4D,0xB0,0x63,0x11,0x4D,0xB0,0x63,0x11,0x4D,0xB0,0x63,0x11,0x4D,0xB0,0x63,0x11,0x4D,
    0xB0,0x63,0x11,0x4D,0xB0,0x63,0x11,0x4D,0xB0,0x63,0x11,0x4D,0xED,0xDA,0xC8,0xA6,0xED,0xDA,0xC8,0xA6,0xB0,0x63,0x11,0x4D,0xB0,0x63,0x11,0x4D,0xB0,0x63,0x11,0x4D,0xB0,0x63,0x11,0x4D,0xB0,0x63,0x11,0x4D,0xB0,0x63,0x11,0x4D,0xB0,0x63,0x11,0x4D,0xB0,0x63,0x11,0x4D,0xB0,0x63,0x11,0x4D,0xB0,0x63,0x11,0x4D,0xB0,0x63,0x11,0x4D,
    0xB0,0x63,0x11,0x4D,0xB0,0x63,0x11,0x4D,0xB0,0x63,0x11,0x4D,0xB0,0x63,0x11,0x4D,0xB0,0x63,0x11,0x4D,0xB0,0x63,0x11,0x4D,0xB0,0x63,0x11,0x4D,0xB0,0x63,0x11,0x4D,0xB0,0x63,0x11,0x4D,0xB0,0x63,0x11,0x4D,0xB0,0x63,0x11,0x4D,0xB0,0x63,0x11,0x4D,0xB0,0x63,0x11,0x4D,0xB0,0x63,0x11,0x4D,0xB0,0x63,0x11,0x4D,0xB0,0x63,0x11,0x4D,
    0xB0,0x63,0x11,0x4D,0xB0,0x63,0x11,0x4D,0xB0,0x63,0x11,0x4D,0xB0,0x63,0x11,0x4D,0xB0,0x63,0x11,0x4D,0xB0,0x63,0x11,0x4D,0xB0,0x63,0x11,0x4D,0xB0,0x63,0x11,0x4D,0xB0,0x63,0x11,0x4D,0xB0,0x63,0x11,0x4D,0xB0,0x63,0x11,0x4D,0xB0,0x63,0x11,0x4D,0xB0,0x63,0x11,0x4D,0xB0,0x63,0x11,0x4D,0xB0,0x63,0x11,0x4D,0xB0,0x63,0x11,0x4D,
    0xB0,0x63,0x11,0x4D,0xB0,0x63,0x11,0x4D,0xB0,0x63,0x11,0x4D,0xB0,0x63,0x11,0x4D,0xB0,0x63,0x11,0x4D,0xB0,0x63,0x11,0x4D,0xB0,0x63,0x11,0x4D,0xB0,0x63,0x11,0x4D,0xB0,0x63,0x11,0x4D,0xB0,0x63,0x11,0x4D,0xB0,0x63,0x11,0x4D,0xB0,0x63,0x11,0x4D,0xB0,0x63,0x11,0x4D,0xB0,0x63,0x11,0x4D,0xB0,0x63,0x11,0x4D,0xB0,0x63,0x11,0x4D,
    0xB0,0x63,0x11,0x4D,0xB0,0x63,0x11,0x4D,0xB0,0x63,0x11,0x4D,0xB0,0x63,0x11,0x4D,0xB0,0x63,0x11,0x4D,0xB0,0x63,0x11,0x4D,0xB0,0x63,0x11,0x4D,0xB0,0x63,0x11,0x4D,0xB0,0x63,0x11,0x4D,0xB0,0x63,0x11,0x4D,0xB0,0x63,0x11,0x4D,0xB0,0x63,0x11,0x4D,0xB0,0x63,0x11,0x4D,0xB0,0x63,0x11,0x4D,0xB0,0x63,0x11,0x4D,0xB0,0x63,0x11,0x4D,
    0xB0,0x63,0x11,0x4D,0xB0,0x63,0x11,0x4D,0xB0,0x63,0x11,0x4D,0xB0,0x63,0x11,0x4D,0xB0,0x63,0x11,0x4D,0xB0,0x63,0x11,0x4D,0xB0,0x63,0x11,0x4D,0xB0,0x63,0x11,0x4D,0xB0,0x63,0x11,0x4D,0xB0,0x63,0x11,0x4D,0xB0,0x63,0x11,0x4D,0xB0,0x63,0x11,0x4D,0xB0,0x63,0x11,0x4D,0xB0,0x63,0x11,0x4D,0xB0,0x63,0x11,0x4D,0xB0,0x63,0x11,0x4D,
    0xB0,0x63,0x11,0x4D,0xB0,0x63,0x11,0x4D,0xB0,0x63,0x11,0x4D,0xB0,0x63,0x11,0x4D,0xB0,0x63,0x11,0x4D,0xB0,0x63,0x11,0x4D,0xB0,0x63,0x11,0x4D,0xB0,0x63,0x11,0x4D,0xB0,0x63,0x11,0x4D,0xB0,0x63,0x11,0x4D,0xB0,0x63,0x11,0x4D,0xB0,0x63,0x11,0x4D,0xB0,0x63,0x11,0x4D,0xB0,0x63,0x11,0x4D,0xB0,0x63,0x11,0x4D,0xB0,0x63,0x11,0x4D,
    0xB0,0x63,0x11,0x4D,0xB0,0x63,0x11,0x4D,0xB0,0x63,0x11,0x4D,0xB0,0x63,0x11,0x4D,0xB0,0x63,0x11,0x4D,0xB0,0x63,0x11,0x4D,0xB0,0x63,0x11,0x4D,0xB0,0x63,0x11,0x4D,0xB0,0x63,0x11,0x4D,0xB0,0x63,0x11,0x4D,0xB0,0x63,0x11,0x4D,0xB0,0x63,0x11,0x4D,0xB0,0x63,0x11,0x4D,0xB0,0x63,0x11,0x4D,0xB0,0x63,0x11,0x4D,0xB0,0x63,0x11,0x4D,
    0xB0,0x63,0x11,0x4D,0xB0,0x63,0x11,0x4D,0xB0,0x63,0x11,0x4D,0xB0,0x63,0x11,0x4D,0xB0,0x63,0x11,0x4D,0xB0,0x63,0x11,0x4D,0xB0,0x63,0x11,0x4D,0xB0,0x63,0x11,0x4D,0xB0,0x63,0x11,0x4D,0xB0,0x63,0x11,0x4D,0xB0,0x63,0x11,0x4D,0xB0,0x63,0x11,0x4D,0xB0,0x63,0x11,0x4D,0xB0,0x63,0x11,0x4D,0xB0,0x63,0x11,0x4D,0xB0,0x63,0x11,0x4D,
    0xB0,0x63,0x11,0x4D,0xB0,0x63,0x11,0x4D,0xB0,0x63,0x11,0x4D,0xB0,0x63,0x11,0x4D,0xB0,0x63,0x11,0x4D,0xB0,0x63,0x11,0x4D,0xB0,0x63,0x11,0x4D,0xB0,0x63,0x11,0x4D,0xB0,0x63,0x11,0x4D,0xB0,0x63,0x11,0x4D,0xB0,0x63,0x11,0x4D,0xB0,0x63,0x11,0x4D,0xB0,0x63,0x11,0x4D,0xB0,0x63,0x11,0x4D,0xB0,0x63,0x11,0x4D,0xB0,0x63,0x11,0x4D,
    0xB0,0x63,0x11,0x4D,0xB0,0x63,0x11,0x4D,0xB0,0x63,0x11,0x4D,0xB0,0x63,0x11,0x4D,0xB0,0x63,0x11,0x4D,0xB0,0x63,0x11,0x4D,0xB0,0x63,0x11,0x4D,0xB0,0x63,0x11,0x4D,0xB0,0x63,0x11,0x4D,0xB0,0x63,0x11,0x4D,0xB0,0x63,0x11,0x4D,0xB0,0x63,0x11,0x4D,0xB0,0x63,0x11,0x4D,0xB0,0x63,0x11,0x4D,0xB0,0x63,0x11,0x4D,0xB0,0x63,0x11,0x4D,
    0xB0,0x63,0x11,0x4D,0xB0,0x63,0x11,0x4D,0xB0,0x63,0x11,0x4D,0xB0,0x63,0x11,0x4D,0xB0,0x63,0x11,0x4D,0xB0,0x63,0x11,0x4D,0xB0,0x63,0x11,0x4D,0xED,0xDA,0xC8,0xA6,0xED,0xDA,0xC8,0xA6,0xB0,0x63,0x11,0x4D,0xB0,0x63,0x11,0x4D,0xB0,0x63,0x11,0x4D,0xB0,0x63,0x11,0x4D,0xB0,0x63,0x11,0x4D,0xB0,0x63,0x11,0x4D,0xB0,0x63,0x11,0x4D,
    0xB0,0x63,0x11,0x4D,0xB0,0x63,0x11,0x4D,0xB0,0x63,0x11,0x4D,0xB0,0x63,0x11,0x4D,0xB0,0x63,0x11,0x4D,0xB0,0x63,0x11,0x4D,0xB0,0x63,0x11,0x4D,0xB0,0x63,0x11,0x4D,0xB0,0x63,0x11,0x4D,0xB0,0x63,0x11,0x4D,0xB0,0x63,0x11,0x4D,0xB0,0x63,0x11,0x4D,0xB0,0x63,0x11,0x4D,0xB0,0x63,0x11,0x4D,0xB0,0x63,0x11,0x4D,0xB0,0x63,0x11,0x4D,
    0xB0,0x63,0x11,0x4D,0xB0,0x63,0x11,0x4D,0xB0,0x63,0x11,0x4D,0xB0,0x63,0x11,0x4D,0xB0,0x63,0x11,0x4D,0xB0,0x63,0x11,0x4D,0xB0,0x63,0x11,0x4D,0xB0,0x63,0x11,0x4D,0xB0,0x63,0x11,0x4D,0xB0,0x63,0x11,0x4D,0xB0,0x63,0x11,0x4D,0xB0,0x63,0x11,0x4D,0xB0,0x63,0x11,0x4D,0xB0,0x63,0x11,0x4D,0xB0,0x63,0x11,0x4D,0xB0,0x63,0x11,0x4D,
    0xB0,0x63,0x11,0x4D,0xB0,0x63,0x11,0x4D,0xB0,0x63,0x11,0x4D,0xB0,0x63,0x11,0x4D,0xB0,0x63,0x11,0x4D,0xB0,0x63,0x11,0x4D,0xB0,0x63,0x11,0x4D,0xB0,0x63,0x11,0x4D,0xB0,0x63,0x11,0x4D,0xB0,0x63,0x11,0x4D,0xB0,0x63,0x11,0x4D,0xB0,0x63,0x11,0x4D,0xB0,0x63,0x11,0x4D,0xB0,0x63,0x11,0x4D,0xB0,0x63,0x11,0x4D,0xB0,0x63,0x11,0x4D,
    0xB0,0x63,0x11,0x4D,0xB0,0x63,0x11,0x4D,0xB0,0x63,0x11,0x4D,0xB0,0x63,0x11,0x4D,0xB0,0x63,0x11,0x4D,0xB0,0x63,0x11,0x4D,0xB0,0x63,0x11,0x4D,0xB0,0x63,0x11,0x4D,0xB0,0x63,0x11,0x4D,0xB0,0x63,0x11,0x4D,0xB0,0x63,0x11,0x4D,0xB0,0x63,0x11,0x4D,0xB0,0x63,0x11,0x4D,0xB0,0x63,0x11,0x4D,0xB0,0x63,0x11,0x4D,0xB0,0x63,0x11,0x4D,
    0xB0,0x63,0x11,0x4D,0xB0,0x63,0x11,0x4D,0xB0,0x63,0x11,0x4D,0xB0,0x63,0x11,0x4D,0xB0,0x63,0x11,0x4D,0xB0,0x63,0x11,0x4D,0xB0,0x63,0x11,0x4D,0xB0,0x63,0x11,0x4D,0xB0,0x63,0x11,0x4D,0xB0,0x63,0x11,0x4D,0xB0,0x63,0x11,0x4D,0xB0,0x63,0x11,0x4D,0xB0,0x63,0x11,0x4D,0xB0,0x63,0x11,0x4D,0xB0,0x63,0x11,0x4D,0xB0,0x63,0x11,0x4D,
    0xB0,0x63,0x11,0x4D,0xB0,0x63,0x11,0x4D,0xB0,0x63,0x11,0x4D,0xB0,0x63,0x11,0x4D,0xB0,0x63,0x11,0x4D,0xB0,0x63,0x11,0x4D,0xB0,0x63,0x11,0x4D,0xB0,0x63,0x11,0x4D,0xB0,0x63,0x11,0x4D,0xB0,0x63,0x11,0x4D,0xB0,0x63,0x11,0x4D,0xB0,0x63,0x11,0x4D,0xB0,0x63,0x11,0x4D,0xB0,0x63,0x11,0x4D,0xB0,0x63,0x11,0x4D,0xB0,0x63,0x11,0x4D,
    0xB0,0x63,0x11,0x4D,0xB0,0x63,0x11,0x4D,0xB0,0x63,0x11,0x4D,0xB0,0x63,0x11,0x4D,0xB0,0x63,0x11,0x4D,0xB0,0x63,0x11,0x4D,0xB0,0x63,0x11,0x4D,0xB0,0x63,0x11,0x4D,0xB0,0x63,0x11,0x4D,0xB0,0x63,0x11,0x4D,0xB0,0x63,0x11,0x4D,0xB0,0x63,0x11,0x4D,0xB0,0x63,0x11,0x4D,0xB0,0x63,0x11,0x4D,0xB0,0x63,0x11,0x4D,0xB0,0x63,0x11,0x4D,
    0xB0,0x63,0x11,0x4D,0xB0,0x63,0x11,0x4D,0xB0,0x63,0x11,0x4D,0xB0,0x63,0x11,0x4D,0xB0,0x63,0x11,0x4D,0xB0,0x63,0x11,0x4D,0xB0,0x63,0x11,0x4D,0xB0,0x63,0x11,0x4D,0xB0,0x63,0x11,0x4D,0xB0,0x63,0x11,0x4D,0xB0,0x63,0x11,0x4D,0xB0,0x63,0x11,0x4D,0xB0,0x63,0x11,0x4D,0xB0,0x63,0x11,0x4D,0xB0,0x63,0x11,0x4D,0xB0,0x63,0x11,0x4D,
    0xB0,0x63,0x11,0x4D,0xB0,0x63,0x11,0x4D,0xB0,0x63,0x11,0x4D,0xB0,0x63,0x11,0x4D,0xB0,0x63,0x11,0x4D,0xB0,0x63,0x11,0x4D,0xB0,0x63,0x11,0x4D,0xB0,0x63,0x11,0x4D,0xB0,0x63,0x11,0x4D,0xB0,0x63,0x11,0x4D,0xB0,0x63,0x11,0x4D,0xB0,0x63,0x11,0x4D,0xB0,0x63,0x11,0x4D,0xB0,0x63,0x11,0x4D,0xB0,0x63,0x11,0x4D,0xB0,0x63,0x11,0x4D,
    0xB0,0x63,0x11,0x4D,0xB0,0x63,0x11,0x4D,0xB0,0x63,0x11,0x4D,0xB0,0x63,0x11,0x4D,0xB0,0x63,0x11,0x4D,0xB0,0x63,0x11,0x4D,0xB0,0x63,0x11,0x4D,0xB0,0x63,0x11,0x4D,0xB0,0x63,0x11,0x4D,0xB0,0x63,0x11,0x4D,0xB0,0x63,0x11,0x4D,0xB0,0x63,0x11,0x4D,0xB0,0x63,0x11,0x4D,0xB0,0x63,0x11,0x4D,0xB0,0x63,0x11,0x4D,0xB0,0x63,0x11,0x4D,
    0xB0,0x63,0x11,0x4D,0xB0,0x63,0x11,0x4D,0xB0,0x63,0x11,0x4D,0xB0,0x63,0x11,0x4D,0xB0,0x63,0x11,0x4D,0xB0,0x63,0x11,0x4D,0xB0,0x63,0x11,0x4D,0xB0,0x63,0x11,0x4D,0xB0,0x63,0x11,0x4D,0xB0,0x63,0x11,0x4D,0xB0,0x63,0x11,0x4D,0xED,0xDA,0xC8,0xA6,0xED,0xDA,0xC8,0xA6,0xB0,0x63,0x11,0x4D,0xB0,0x63,0x11,0x4D,0xB0,0x63,0x11,0x4D,
    0xB0,0x63,0x11,0x4D,0xB0,0x63,0x11,0x4D,0xB0,0x63,0x11,0x4D,0xB0,0x63,0x11,0x4D,0xB0,0x63,0x11,0x4D,0xB0,0x63,0x11,0x4D,0xB0,0x63,0x11,0x4D,0xB0,0x63,0x11,0x4D,0xB0,0x63,0x11,0x4D,0xB0,0x63,0x11,0x4D,0xB0,0x63,0x11,0x4D,0xB0,0x63,0x11,0x4D,0xB0,0x63,0x11,0x4D,0xB0,0x63,0x11,0x4D,0xB0,0x63,0x11,0x4D,0xB0,0x63,0x11,0x4D,
    0xB0,0x63,0x11,0x4D,0xB0,0x63,0x11,0x4D,0xB0,0x63,0x11,0x4D,0xB0,0x63,0x11,0x4D,0xB0,0x63,0x11,0x4D,0xB0,0x63,0x11,0x4D,0xB0,0x63,0x11,0x4D,0xB0,0x63,0x11,0x4D,0xB0,0x63,0x11,0x4D,0xB0,0x63,0x11,0x4D,0xB0,0x63,0x11,0x4D,0xB0,0x63,0x11,0x4D,0xB0,0x63,0x11,0x4D,0xB0,0x63,0x11,0x4D,0xB0,0x63,0x11,0x4D,0xB0,0x63,0x11,0x4D,
    0xB0,0x63,0x11,0x4D,0xB0,0x63,0x11,0x4D,0xB0,0x63,0x11,0x4D,0xB0,0x63,0x11,0x4D,0xB0,0x63,0x11,0x4D,0xB0,0x63,0x11,0x4D,0xB0,0x63,0x11,0x4D,0xB0,0x63,0x11,0x4D,0xB0,0x63,0x11,0x4D,0xB0,0x63,0x11,0x4D,0xB0,0x63,0x11,0x4D,0xB0,0x63,0x11,0x4D,0xB0,0x63,0x11,0x4D,0xB0,0x63,0x11,0x4D,0xB0,0x63,0x11,0x4D,0xB0,0x63,0x11,0x4D,
    0xB0,0x63,0x11,0x4D,0xB0,0x63,0x11,0x4D,0xB0,0x63,0x11,0x4D,0xB0,0x63,0x11,0x4D,0xB0,0x63,0x11,0x4D,0xB0,0x63,0x11,0x4D,0xB0,0x63,0x11,0x4D,0xB0,0x63,0x11,0x4D,0xB0,0x63,0x11,0x4D,0xB0,0x63,0x11,0x4D,0xB0,0x63,0x11,0x4D,0xB0,0x63,0x11,0x4D,0xB0,0x63,0x11,0x4D,0xB0,0x63,0x11,0x4D,0xB0,0x63,0x11,0x4D,0xB0,0x63,0x11,0x4D,
    0xB0,0x63,0x11,0x4D,0xB0,0x63,0x11,0x4D,0xB0,0x63,0x11,0x4D,0xB0,0x63,0x11,0x4D,0xB0,0x63,0x11,0x4D,0xB0,0x63,0x11,0x4D,0xB0,0x63,0x11,0x4D,0xB0,0x63,0x11,0x4D,0xB0,0x63,0x11,0x4D,0xB0,0x63,0x11,0x4D,0xB0,0x63,0x11,0x4D,0xB0,0x63,0x11,0x4D,0xB0,0x63,0x11,0x4D,0xB0,0x63,0x11,0x4D,0xB0,0x63,0x11,0x4D,0xB0,0x63,0x11,0x4D,
    0xB0,0x63,0x11,0x4D,0xB0,0x63,0x11,0x4D,0xB0,0x63,0x11,0x4D,0xB0,0x63,0x11,0x4D,0xB0,0x63,0x11,0x4D,0xB0,0x63,0x11,0x4D,0xB0,0x63,0x11,0x4D,0xB0,0x63,0x11,0x4D,0xB0,0x63,0x11,0x4D,0xB0,0x63,0x11,0x4D,0xB0,0x63,0x11,0x4D,0xB0,0x63,0x11,0x4D,0xB0,0x63,0x11,0x4D,0xB0,0x63,0x11,0x4D,0xB0,0x63,0x11,0x4D,0xB0,0x63,0x11,0x4D,
    0xB0,0x63,0x11,0x4D,0xB0,0x63,0x11,0x4D,0xB0,0x63,0x11,0x4D,0xB0,0x63,0x11,0x4D,0xB0,0x63,0x11,0x4D,0xB0,0x63,0x11,0x4D,0xB0,0x63,0x11,0x4D,0xB0,0x63,0x11,0x4D,0xB0,0x63,0x11,0x4D,0xB0,0x63,0x11,0x4D,0xB0,0x63,0x11,0x4D,0xB0,0x63,0x11,0x4D,0xB0,0x63,0x11,0x4D,0xB0,0x63,0x11,0x4D,0xB0,0x63,0x11,0x4D,0xB0,0x63,0x11,0x4D,
    0xB0,0x63,0x11,0x4D,0xB0,0x63,0x11,0x4D,0xB0,0x63,0x11,0x4D,0xB0,0x63,0x11,0x4D,0xB0,0x63,0x11,0x4D,0xB0,0x63,0x11,0x4D,0xB0,0x63,0x11,0x4D,0xB0,0x63,0x11,0x4D,0xB0,0x63,0x11,0x4D,0xB0,0x63,0x11,0x4D,0xB0,0x63,0x11,0x4D,0xB0,0x63,0x11,0x4D,0xB0,0x63,0x11,0x4D,0xB0,0x63,0x11,0x4D,0xB0,0x63,0x11,0x4D,0xB0,0x63,0x11,0x4D,
    0xB0,0x63,0x11,0x4D,0xB0,0x63,0x11,0x4D,0xB0,0x63,0x11,0x4D,0xB0,0x63,0x11,0x4D,0xB0,0x63,0x11,0x4D,0xB0,0x63,0x11,0x4D,0xB0,0x63,0x11,0x4D,0xB0,0x63,0x11,0x4D,0xB0,0x63,0x11,0x4D,0xB0,0x63,0x11,0x4D,0xB0,0x63,0x11,0x4D,0xB0,0x63,0x11,0x4D,0xB0,0x63,0x11,0x4D,0xB0,0x63,0x11,0x4D,0xB0,0x63,0x11,0x4D,0xB0,0x63,0x11,0x4D,
    0xB0,0x63,0x11,0x4D,0xB0,0x63,0x11,0x4D,0xB0,0x63,0x11,0x4D,0xB0,0x63,0x11,0x4D,0xB0,0x63,0x11,0x4D,0xB0,0x63,0x11,0x4D,0xB0,0x63,0x11,0x4D,0xB0,0x63,0x11,0x4D,0xB0,0x63,0x11,0x4D,0xB0,0x63,0x11,0x4D,0xB0,0x63,0x11,0x4D,0xB0,0x63,0x11,0x4D,0xB0,0x63,0x11,0x4D,0xB0,0x63,0x11,0x4D,0xB0,0x63,0x11,0x4D,0xB0,0x63,0x11,0x4D,
    0xB0,0x63,0x11,0x4D,0xB0,0x63,0x11,0x4D,0xB0,0x63,0x11,0x4D,0xB0,0x63,0x11,0x4D,0xB0,0x63,0x11,0x4D,0xB0,0x63,0x11,0x4D,0xB0,0x63,0x11,0x4D,0xB0,0x63,0x11,0x4D,0xB0,0x63,0x11,0x4D,0xB0,0x63,0x11,0x4D,0xB0,0x63,0x11,0x4D,0xB0,0x63,0x11,0x4D,0xB0,0x63,0x11,0x4D,0xB0,0x63,0x11,0x4D,0xB0,0x63,0x11,0x4D,0xED,0xDA,0xC8,0xA6,
    0xED,0xDA,0xC8,0xA6,0xB0,0x63,0x11,0x4D,0xB0,0x63,0x11,0x4D,0xB0,0x63,0x11,0x4D,0xB0,0x63,0x11,0x4D,0xB0,0x63,0x11,0x4D,0xB0,0x63,0x11,0x4D,0xB0,0x63,0x11,0x4D,0xB0,0x63,0x11,0x4D,0xB0,0x63,0x11,0x4D,0xB0,0x63,0x11,0x4D,0xB0,0x63,0x11,0x4D,0xB0,0x63,0x11,0x4D,0xB0,0x63,0x11,0x4D,0xB0,0x63,0x11,0x4D,0xB0,0x63,0x11,0x4D,
    0xB0,0x63,0x11,0x4D,0xB0,0x63,0x11,0x4D,0xB0,0x63,0x11,0x4D,0xB0,0x63,0x11,0x4D,0xB0,0x63,0x11,0x4D,0xB0,0x63,0x11,0x4D,0xB0,0x63,0x11,0x4D,0xB0,0x63,0x11,0x4D,0xB0,0x63,0x11,0x4D,0xB0,0x63,0x11,0x4D,0xB0,0x63,0x11,0x4D,0xB0,0x63,0x11,0x4D,0xB0,0x63,0x11,0x4D,0xB0,0x63,0x11,0x4D,0xB0,0x63,0x11,0x4D,0xB0,0x63,0x11,0x4D,
    0xB0,0x63,0x11,0x4D,0xB0,0x63,0x11,0x4D,0xB0,0x63,0x11,0x4D,0xB0,0x63,0x11,0x4D,0xB0,0x63,0x11,0x4D,0xB0,0x63,0x11,0x4D,0xB0,0x63,0x11,0x4D,0xB0,0x63,0x11,0x4D,0xB0,0x63,0x11,0x4D,0xB0,0x63,0x11,0x4D,0xB0,0x63,0x11,0x4D,0xB0,0x63,0x11,0x4D,0xB0,0x63,0x11,0x4D,0xB0,0x63,0x11,0x4D,0xB0,0x63,0x11,0x4D,0xB0,0x63,0x11,0x4D,
    0xB0,0x63,0x11,0x4D,0xB0,0x63,0x11,0x4D,0xB0,0x63,0x11,0x4D,0xB0,0x63,0x11,0x4D,0xB0,0x63,0x11,0x4D,0xB0,0x63,0x11,0x4D,0xB0,0x63,0x11,0x4D,0xB0,0x63,0x11,0x4D,0xB0,0x63,0x11,0x4D,0xB0,0x63,0x11,0x4D,0xB0,0x63,0x11,0x4D,0xB0,0x63,0x11,0x4D,0xB0,0x63,0x11,0x4D,0xB0,0x63,0x11,0x4D,0xB0,0x63,0x11,0x4D,0xB0,0x63,0x11,0x4D,
    0xB0,0x63,0x11,0x4D,0xB0,0x63,0x11,0x4D,0xB0,0x63,0x11,0x4D,0xB0,0x63,0x11,0x4D,0xB0,0x63,0x11,0x4D,0xB0,0x63,0x11,0x4D,0xB0,0x63,0x11,0x4D,0xB0,0x63,0x11,0x4D,0xB0,0x63,0x11,0x4D,0xB0,0x63,0x11,0x4D,0xB0,0x63,0x11,0x4D,0xB0,0x63,0x11,0x4D,0xB0,0x63,0x11,0x4D,0xB0,0x63,0x11,0x4D,0xB0,0x63,0x11,0x4D,0xB0,0x63,0x11,0x4D,
    0xB0,0x63,0x11,0x4D,0xB0,0x63,0x11,0x4D,0xB0,0x63,0x11,0x4D,0xB0,0x63,0x11,0x4D,0xB0,0x63,0x11,0x4D,0xB0,0x63,0x11,0x4D,0xB0,0x63,0x11,0x4D,0xB0,0x63,0x11,0x4D,0xB0,0x63,0x11,0x4D,0xB0,0x63,0x11,0x4D,0xB0,0x63,0x11,0x4D,0xB0,0x63,0x11,0x4D,0xB0,0x63,0x11,0x4D,0xB0,0x63,0x11,0x4D,0xB0,0x63,0x11,0x4D,0xB0,0x63,0x11,0x4D,
    0xB0,0x63,0x11,0x4D,0xB0,0x63,0x11,0x4D,0xB0,0x63,0x11,0x4D,0xB0,0x63,0x11,0x4D,0xB0,0x63,0x11,0x4D,0xB0,0x63,0x11,0x4D,0xB0,0x63,0x11,0x4D,0xB0,0x63,0x11,0x4D,0xB0,0x63,0x11,0x4D,0xB0,0x63,0x11,0x4D,0xB0,0x63,0x11,0x4D,0xB0,0x63,0x11,0x4D,0xB0,0x63,0x11,0x4D,0xB0,0x63,0x11,0x4D,0xB0,0x63,0x11,0x4D,0xB0,0x63,0x11,0x4D,
    0xB0,0x63,0x11,0x4D,0xB0,0x63,0x11,0x4D,0xB0,0x63,0x11,0x4D,0xB0,0x63,0x11,0x4D,0xB0,0x63,0x11,0x4D,0xB0,0x63,0x11,0x4D,0xB0,0x63,0x11,0x4D,0xB0,0x63,0x11,0x4D,0xB0,0x63,0x11,0x4D,0xB0,0x63,0x11,0x4D,0xB0,0x63,0x11,0x4D,0xB0,0x63,0x11,0x4D,0xB0,0x63,0x11,0x4D,0xB0,0x63,0x11,0x4D,0xB0,0x63,0x11,0x4D,0xB0,0x63,0x11,0x4D,
    0xB0,0x63,0x11,0x4D,0xB0,0x63,0x11,0x4D,0xB0,0x63,0x11,0x4D,0xB0,0x63,0x11,0x4D,0xB0,0x63,0x11,0x4D,0xB0,0x63,0x11,0x4D,0xB0,0x63,0x11,0x4D,0xB0,0x63,0x11,0x4D,0xB0,0x63,0x11,0x4D,0xB0,0x63,0x11,0x4D,0xB0,0x63,0x11,0x4D,0xB0,0x63,0x11,0x4D,0xB0,0x63,0x11,0x4D,0xB0,0x63,0x11,0x4D,0xB0,0x63,0x11,0x4D,0xB0,0x63,0x11,0x4D,
    0xB0,0x63,0x11,0x4D,0xB0,0x63,0x11,0x4D,0xB0,0x63,0x11,0x4D,0xB0,0x63,0x11,0x4D,0xB0,0x63,0x11,0x4D,0xB0,0x63,0x11,0x4D,0xB0,0x63,0x11,0x4D,0xB0,0x63,0x11,0x4D,0xB0,0x63,0x11,0x4D,0xB0,0x63,0x11,0x4D,0xB0,0x63,0x11,0x4D,0xB0,0x63,0x11,0x4D,0xB0,0x63,0x11,0x4D,0xB0,0x63,0x11,0x4D,0xB0,0x63,0x11,0x4D,0xB0,0x63,0x11,0x4D,
    0xB0,0x63,0x11,0x4D,0xB0,0x63,0x11,0x4D,0xB0,0x63,0x11,0x4D,0xB0,0x63,0x11,0x4D,0xB0,0x63,0x11,0x4D,0xB0,0x63,0x11,0x4D,0xB0,0x63,0x11,0x4D,0xB0,0x63,0x11,0x4D,0xB0,0x63,0x11,0x4D,0xB0,0x63,0x11,0x4D,0xB0,0x63,0x11,0x4D,0xB0,0x63,0x11,0x4D,0xB0,0x63,0x11,0x4D,0xB0,0x63,0x11,0x4D,0xB0,0x63,0x11,0x4D,0xB0,0x63,0x11,0x4D,
    0xB0,0x63,0x11,0x4D,0xB0,0x63,0x11,0x4D,0xB0,0x63,0x11,0x4D,0xED,0xDA,0xC8,0xA6,0xED,0xDA,0xC8,0xA6,0xB0,0x63,0x11,0x4D,0xB0,0x63,0x11,0x4D,0xB0,0x63,0x11,0x4D,0xB0,0x63,0x11,0x4D,0xB0,0x63,0x11,0x4D,0xB0,0x63,0x11,0x4D,0xB0,0x63,0x11,0x4D,0xB0,0x63,0x11,0x4D,0xB0,0x63,0x11,0x4D,0xB0,0x63,0x11,0x4D,0xB0,0x63,0x11,0x4D,
    0xB0,0x63,0x11,0x4D,0xB0,0x63,0x11,0x4D,0xB0,0x63,0x11,0x4D,0xB0,0x63,0x11,0x4D,0xB0,0x63,0x11,0x4D,0xB0,0x63,0x11,0x4D,0xB0,0x63,0x11,0x4D,0xB0,0x63,0x11,0x4D,0xB0,0x63,0x11,0x4D,0xB0,0x63,0x11,0x4D,0xB0,0x63,0x11,0x4D,0xB0,0x63,0x11,0x4D,0xB0,0x63,0x11,0x4D,0xB0,0x63,0x11,0x4D,0xB0,0x63,0x11,0x4D,0xB0,0x63,0x11,0x4D,
    0xB0,0x63,0x11,0x4D,0xB0,0x63,0x11,0x4D,0xB0,0x63,0x11,0x4D,0xB0,0x63,0x11,0x4D,0xB0,0x63,0x11,0x4D,0xB0,0x63,0x11,0x4D,0xB0,0x63,0x11,0x4D,0xB0,0x63,0x11,0x4D,0xB0,0x63,0x11,0x4D,0xB0,0x63,0x11,0x4D,0xB0,0x63,0x11,0x4D,0xB0,0x63,0x11,0x4D,0xB0,0x63,0x11,0x4D,0xB0,0x63,0x11,0x4D,0xB0,0x63,0x11,0x4D,0xB0,0x63,0x11,0x4D,
    0xB0,0x63,0x11,0x4D,0xB0,0x63,0x11,0x4D,0xB0,0x63,0x11,0x4D,0xB0,0x63,0x11,0x4D,0xB0,0x63,0x11,0x4D,0xB0,0x63,0x11,0x4D,0xB0,0x63,0x11,0x4D,0xB0,0x63,0x11,0x4D,0xB0,0x63,0x11,0x4D,0xB0,0x63,0x11,0x4D,0xB0,0x63,0x11,0x4D,0xB0,0x63,0x11,0x4D,0xB0,0x63,0x11,0x4D,0xB0,0x63,0x11,0x4D,0xB0,0x63,0x11,0x4D,0xB0,0x63,0x11,0x4D,
    0xB0,0x63,0x11,0x4D,0xB0,0x63,0x11,0x4D,0xB0,0x63,0x11,0x4D,0xB0,0x63,0x11,0x4D,0xB0,0x63,0x11,0x4D,0xB0,0x63,0x11,0x4D,0xB0,0x63,0x11,0x4D,0xB0,0x63,0x11,0x4D,0xB0,0x63,0x11,0x4D,0xB0,0x63,0x11,0x4D,0xB0,0x63,0x11,0x4D,0xB0,0x63,0x11,0x4D,0xB0,0x63,0x11,0x4D,0xB0,0x63,0x11,0x4D,0xB0,0x63,0x11,0x4D,0xB0,0x63,0x11,0x4D,
    0xB0,0x63,0x11,0x4D,0xB0,0x63,0x11,0x4D,0xB0,0x63,0x11,0x4D,0xB0,0x63,0x11,0x4D,0xB0,0x63,0x11,0x4D,0xB0,0x63,0x11,0x4D,0xB0,0x63,0x11,0x4D,0xB0,0x63,0x11,0x4D,0xB0,0x63,0x11,0x4D,0xB0,0x63,0x11,0x4D,0xB0,0x63,0x11,0x4D,0xB0,0x63,0x11,0x4D,0xB0,0x63,0x11,0x4D,0xB0,0x63,0x11,0x4D,0xB0,0x63,0x11,0x4D,0xB0,0x63,0x11,0x4D,
    0xB0,0x63,0x11,0x4D,0xB0,0x63,0x11,0x4D,0xB0,0x63,0x11,0x4D,0xB0,0x63,0x11,0x4D,0xB0,0x63,0x11,0x4D,0xB0,0x63,0x11,0x4D,0xB0,0x63,0x11,0x4D,0xB0,0x63,0x11,0x4D,0xB0,0x63,0x11,0x4D,0xB0,0x63,0x11,0x4D,0xB0,0x63,0x11,0x4D,0xB0,0x63,0x11,0x4D,0xB0,0x63,0x11,0x4D,0xB0,0x63,0x11,0x4D,0xB0,0x63,0x11,0x4D,0xB0,0x63,0x11,0x4D,
    0xB0,0x63,0x11,0x4D,0xB0,0x63,0x11,0x4D,0xB0,0x63,0x11,0x4D,0xB0,0x63,0x11,0x4D,0xB0,0x63,0x11,0x4D,0xB0,0x63,0x11,0x4D,0xB0,0x63,0x11,0x4D,0xB0,0x63,0x11,0x4D,0xB0,0x63,0x11,0x4D,0xB0,0x63,0x11,0x4D,0xB0,0x63,0x11,0x4D,0xB0,0x63,0x11,0x4D,0xB0,0x63,0x11,0x4D,0xB0,0x63,0x11,0x4D,0xB0,0x63,0x11,0x4D,0xB0,0x63,0x11,0x4D,
    0xB0,0x63,0x11,0x4D,0xB0,0x63,0x11,0x4D,0xB0,0x63,0x11,0x4D,0xB0,0x63,0x11,0x4D,0xB0,0x63,0x11,0x4D,0xB0,0x63,0x11,0x4D,0xB0,0x63,0x11,0x4D,0xB0,0x63,0x11,0x4D,0xB0,0x63,0x11,0x4D,0xB0,0x63,0x11,0x4D,0xB0,0x63,0x11,0x4D,0xB0,0x63,0x11,0x4D,0xB0,0x63,0x11,0x4D,0xB0,0x63,0x11,0x4D,0xB0,0x63,0x11,0x4D,0xB0,0x63,0x11,0x4D,
    0xB0,0x63,0x11,0x4D,0xB0,0x63,0x11,0x4D,0xB0,0x63,0x11,0x4D,0xB0,0x63,0x11,0x4D,0xB0,0x63,0x11,0x4D,0xB0,0x63,0x11,0x4D,0xB0,0x63,0x11,0x4D,0xB0,0x63,0x11,0x4D,0xB0,0x63,0x11,0x4D,0xB0,0x63,0x11,0x4D,0xB0,0x63,0x11,0x4D,0xB0,0x63,0x11,0x4D,0xB0,0x63,0x11,0x4D,0xB0,0x63,0x11,0x4D,0xB0,0x63,0x11,0x4D,0xB0,0x63,0x11,0x4D,
    0xB0,0x63,0x11,0x4D,0xB0,0x63,0x11,0x4D,0xB0,0x63,0x11,0x4D,0xB0,0x63,0x11,0x4D,0xB0,0x63,0x11,0x4D,0xB0,0x63,0x11,0x4D,0xB0,0x63,0x11,0x4D,0xB0,0x63,0x11,0x4D,0xB0,0x63,0x11,0x4D,0xB0,0x63,0x11,0x4D,0xB0,0x63,0x11,0x4D,0xB0,0x63,0x11,0x4D,0xB0,0x63,0x11,0x4D,0xB0,0x63,0x11,0x4D,0xB0,0x63,0x11,0x4D,0xB0,0x63,0x11,0x4D,
    0xB0,0x63,0x11,0x4D,0xB0,0x63,0x11,0x4D,0xB0,0x63,0x11,0x4D,0xB0,0x63,0x11,0x4D,0xB0,0x63,0x11,0x4D,0xB0,0x63,0x11,0x4D,0xB0,0x63,0x11,0x4D,0xED,0xDA,0xC8,0xA6,0xED,0xDA,0xC8,0xA6,0xB0,0x63,0x11,0x4D,0xB0,0x63,0x11,0x4D,0xB0,0x63,0x11,0x4D,0xB0,0x63,0x11,0x4D,0xB0,0x63,0x11,0x4D,0xB0,0x63,0x11,0x4D,0xB0,0x63,0x11,0x4D,
    0xB0,0x63,0x11,0x4D,0xB0,0x63,0x11,0x4D,0xB0,0x63,0x11,0x4D,0xB0,0x63,0x11,0x4D,0xB0,0x63,0x11,0x4D,0xB0,0x63,0x11,0x4D,0xB0,0x63,0x11,0x4D,0xB0,0x63,0x11,0x4D,0xB0,0x63,0x11,0x4D,0xB0,0x63,0x11,0x4D,0xB0,0x63,0x11,0x4D,0xB0,0x63,0x11,0x4D,0xB0,0x63,0x11,0x4D,0xB0,0x63,0x11,0x4D,0xB0,0x63,0x11,0x4D,0xB0,0x63,0x11,0x4D,
    0xB0,0x63,0x11,0x4D,0xB0,0x63,0x11,0x4D,0xB0,0x63,0x11,0x4D,0xB0,0x63,0x11,0x4D,0xB0,0x63,0x11,0x4D,0xB0,0x63,0x11,0x4D,0xB0,0x63,0x11,0x4D,0xB0,0x63,0x11,0x4D,0xB0,0x63,0x11,0x4D,0xB0,0x63,0x11,0x4D,0xB0,0x63,0x11,0x4D,0xB0,0x63,0x11,0x4D,0xB0,0x63,0x11,0x4D,0xB0,0x63,0x11,0x4D,0xB0,0x63,0x11,0x4D,0xB0,0x63,0x11,0x4D,
    0xB0,0x63,0x11,0x4D,0xB0,0x63,0x11,0x4D,0xB0,0x63,0x11,0x4D,0xB0,0x63,0x11,0x4D,0xB0,0x63,0x11,0x4D,0xB0,0x63,0x11,0x4D,0xB0,0x63,0x11,0x4D,0xB0,0x63,0x11,0x4D,0xB0,0x63,0x11,0x4D,0xB0,0x63,0x11,0x4D,0xB0,0x63,0x11,0x4D,0xB0,0x63,0x11,0x4D,0xB0,0x63,0x11,0x4D,0xB0,0x63,0x11,0x4D,0xB0,0x63,0x11,0x4D,0xB0,0x63,0x11,0x4D,
    0xB0,0x63,0x11,0x4D,0xB0,0x63,0x11,0x4D,0xB0,0x63,0x11,0x4D,0xB0,0x63,0x11,0x4D,0xB0,0x63,0x11,0x4D,0xB0,0x63,0x11,0x4D,0xB0,0x63,0x11,0x4D,0xB0,0x63,0x11,0x4D,0xB0,0x63,0x11,0x4D,0xB0,0x63,0x11,0x4D,0xB0,0x63,0x11,0x4D,0xB0,0x63,0x11,0x4D,0xB0,0x63,0x11,0x4D,0xB0,0x63,0x11,0x4D,0xB0,0x63,0x11,0x4D,0xB0,0x63,0x11,0x4D,
    0xB0,0x63,0x11,0x4D,0xB0,0x63,0x11,0x4D,0xB0,0x63,0x11,0x4D,0xB0,0x63,0x11,0x4D,0xB0,0x63,0x11,0x4D,0xB0,0x63,0x11,0x4D,0xB0,0x63,0x11,0x4D,0xB0,0x63,0x11,0x4D,0xB0,0x63,0x11,0x4D,0xB0,0x63,0x11,0x4D,0xB0,0x63,0x11,0x4D,0xB0,0x63,0x11,0x4D,0xB0,0x63,0x11,0x4D,0xB0,0x63,0x11,0x4D,0xB0,0x63,0x11,0x4D,0xB0,0x63,0x11,0x4D,
    0xB0,0x63,0x11,0x4D,0xB0,0x63,0x11,0x4D,0xB0,0x63,0x11,0x4D,0xB0,0x63,0x11,0x4D,0xB0,0x63,0x11,0x4D,0xB0,0x63,0x11,0x4D,0xB0,0x63,0x11,0x4D,0xB0,0x63,0x11,0x4D,0xB0,0x63,0x11,0x4D,0xB0,0x63,0x11,0x4D,0xB0,0x63,0x11,0x4D,0xB0,0x63,0x11,0x4D,0xB0,0x63,0x11,0x4D,0xB0,0x63,0x11,0x4D,0xB0,0x63,0x11,0x4D,0xB0,0x63,0x11,0x4D,
    0xB0,0x63,0x11,0x4D,0xB0,0x63,0x11,0x4D,0xB0,0x63,0x11,0x4D,0xB0,0x63,0x11,0x4D,0xB0,0x63,0x11,0x4D,0xB0,0x63,0x11,0x4D,0xB0,0x63,0x11,0x4D,0xB0,0x63,0x11,0x4D,0xB0,0x63,0x11,0x4D,0xB0,0x63,0x11,0x4D,0xB0,0x63,0x11,0x4D,0xB0,0x63,0x11,0x4D,0xB0,0x63,0x11,0x4D,0xB0,0x63,0x11,0x4D,0xB0,0x63,0x11,0x4D,0xB0,0x63,0x11,0x4D,
    0xB0,0x63,0x11,0x4D,0xB0,0x63,0x11,0x4D,0xB0,0x63,0x11,0x4D,0xB0,0x63,0x11,0x4D,0xB0,0x63,0x11,0x4D,0xB0,0x63,0x11,0x4D,0xB0,0x63,0x11,0x4D,0xB0,0x63,0x11,0x4D,0xB0,0x63,0x11,0x4D,0xB0,0x63,0x11,0x4D,0xB0,0x63,0x11,0x4D,0xB0,0x63,0x11,0x4D,0xB0,0x63,0x11,0x4D,0xB0,0x63,0x11,0x4D,0xB0,0x63,0x11,0x4D,0xB0,0x63,0x11,0x4D,
    0xB0,0x63,0x11,0x4D,0xB0,0x63,0x11,0x4D,0xB0,0x63,0x11,0x4D,0xB0,0x63,0x11,0x4D,0xB0,0x63,0x11,0x4D,0xB0,0x63,0x11,0x4D,0xB0,0x63,0x11,0x4D,0xB0,0x63,0x11,0x4D,0xB0,0x63,0x11,0x4D,0xB0,0x63,0x11,0x4D,0xB0,0x63,0x11,0x4D,0xB0,0x63,0x11,0x4D,0xB0,0x63,0x11,0x4D,0xB0,0x63,0x11,0x4D,0xB0,0x63,0x11,0x4D,0xB0,0x63,0x11,0x4D,
    0xB0,0x63,0x11,0x4D,0xB0,0x63,0x11,0x4D,0xB0,0x63,0x11,0x4D,0xB0,0x63,0x11,0x4D,0xB0,0x63,0x11,0x4D,0xB0,0x63,0x11,0x4D,0xB0,0x63,0x11,0x4D,0xB0,0x63,0x11,0x4D,0xB0,0x63,0x11,0x4D,0xB0,0x63,0x11,0x4D,0xB0,0x63,0x11,0x4D,0xB0,0x63,0x11,0x4D,0xB0,0x63,0x11,0x4D,0xB0,0x63,0x11,0x4D,0xB0,0x63,0x11,0x4D,0xB0,0x63,0x11,0x4D,
    0xB0,0x63,0x11,0x4D,0xB0,0x63,0x11,0x4D,0xB0,0x63,0x11,0x4D,0xB0,0x63,0x11,0x4D,0xB0,0x63,0x11,0x4D,0xB0,0x63,0x11,0x4D,0xB0,0x63,0x11,0x4D,0xB0,0x63,0x11,0x4D,0xB0,0x63,0x11,0x4D,0xB0,0x63,0x11,0x4D,0xB0,0x63,0x11,0x4D,0xED,0xDA,0xC8,0xA6,0xED,0xDA,0xC8,0xA6,0xB0,0x63,0x11,0x4D,0xB0,0x63,0x11,0x4D,0xB0,0x63,0x11,0x4D,
    0xB0,0x63,0x11,0x4D,0xB0,0x63,0x11,0x4D,0xB0,0x63,0x11,0x4D,0xB0,0x63,0x11,0x4D,0xB0,0x63,0x11,0x4D,0xB0,0x63,0x11,0x4D,0xB0,0x63,0x11,0x4D,0xB0,0x63,0x11,0x4D,0xB0,0x63,0x11,0x4D,0xB0,0x63,0x11,0x4D,0xB0,0x63,0x11,0x4D,0xB0,0x63,0x11,0x4D,0xB0,0x63,0x11,0x4D,0xB0,0x63,0x11,0x4D,0xB0,0x63,0x11,0x4D,0xB0,0x63,0x11,0x4D,
    0xB0,0x63,0x11,0x4D,0xB0,0x63,0x11,0x4D,0xB0,0x63,0x11,0x4D,0xB0,0x63,0x11,0x4D,0xB0,0x63,0x11,0x4D,0xB0,0x63,0x11,0x4D,0xB0,0x63,0x11,0x4D,0xB0,0x63,0x11,0x4D,0xB0,0x63,0x11,0x4D,0xB0,0x63,0x11,0x4D,0xB0,0x63,0x11,0x4D,0xB0,0x63,0x11,0x4D,0xB0,0x63,0x11,0x4D,0xB0,0x63,0x11,0x4D,0xB0,0x63,0x11,0x4D,0xB0,0x63,0x11,0x4D,
    0xB0,0x63,0x11,0x4D,0xB0,0x63,0x11,0x4D,0xB0,0x63,0x11,0x4D,0xB0,0x63,0x11,0x4D,0xB0,0x63,0x11,0x4D,0xB0,0x63,0x11,0x4D,0xB0,0x63,0x11,0x4D,0xB0,0x63,0x11,0x4D,0xB0,0x63,0x11,0x4D,0xB0,0x63,0x11,0x4D,0xB0,0x63,0x11,0x4D,0xB0,0x63,0x11,0x4D,0xB0,0x63,0x11,0x4D,0xB0,0x63,0x11,0x4D,0xB0,0x63,0x11,0x4D,0xB0,0x63,0x11,0x4D,
    0xB0,0x63,0x11,0x4D,0xB0,0x63,0x11,0x4D,0xB0,0x63,0x11,0x4D,0xB0,0x63,0x11,0x4D,0xB0,0x63,0x11,0x4D,0xB0,0x63,0x11,0x4D,0xB0,0x63,0x11,0x4D,0xB0,0x63,0x11,0x4D,0xB0,0x63,0x11,0x4D,0xB0,0x63,0x11,0x4D,0xB0,0x63,0x11,0x4D,0xB0,0x63,0x11,0x4D,0xB0,0x63,0x11,0x4D,0xB0,0x63,0x11,0x4D,0xB0,0x63,0x11,0x4D,0xB0,0x63,0x11,0x4D,
    0xB0,0x63,0x11,0x4D,0xB0,0x63,0x11,0x4D,0xB0,0x63,0x11,0x4D,0xB0,0x63,0x11,0x4D,0xB0,0x63,0x11,0x4D,0xB0,0x63,0x11,0x4D,0xB0,0x63,0x11,0x4D,0xB0,0x63,0x11,0x4D,0xB0,0x63,0x11,0x4D,0xB0,0x63,0x11,0x4D,0xB0,0x63,0x11,0x4D,0xB0,0x63,0x11,0x4D,0xB0,0x63,0x11,0x4D,0xB0,0x63,0x11,0x4D,0xB0,0x63,0x11,0x4D,0xB0,0x63,0x11,0x4D,
    0xB0,0x63,0x11,0x4D,0xB0,0x63,0x11,0x4D,0xB0,0x63,0x11,0x4D,0xB0,0x63,0x11,0x4D,0xB0,0x63,0x11,0x4D,0xB0,0x63,0x11,0x4D,0xB0,0x63,0x11,0x4D,0xB0,0x63,0x11,0x4D,0xB0,0x63,0x11,0x4D,0xB0,0x63,0x11,0x4D,0xB0,0x63,0x11,0x4D,0xB0,0x63,0x11,0x4D,0xB0,0x63,0x11,0x4D,0xB0,0x63,0x11,0x4D,0xB0,0x63,0x11,0x4D,0xB0,0x63,0x11,0x4D,
    0xB0,0x63,0x11,0x4D,0xB0,0x63,0x11,0x4D,0xB0,0x63,0x11,0x4D,0xB0,0x63,0x11,0x4D,0xB0,0x63,0x11,0x4D,0xB0,0x63,0x11,0x4D,0xB0,0x63,0x11,0x4D,0xB0,0x63,0x11,0x4D,0xB0,0x63,0x11,0x4D,0xB0,0x63,0x11,0x4D,0xB0,0x63,0x11,0x4D,0xB0,0x63,0x11,0x4D,0xB0,0x63,0x11,0x4D,0xB0,0x63,0x11,0x4D,0xB0,0x63,0x11,0x4D,0xB0,0x63,0x11,0x4D,
    0xB0,0x63,0x11,0x4D,0xB0,0x63,0x11,0x4D,0xB0,0x63,0x11,0x4D,0xB0,0x63,0x11,0x4D,0xB0,0x63,0x11,0x4D,0xB0,0x63,0x11,0x4D,0xB0,0x63,0x11,0x4D,0xB0,0x63,0x11,0x4D,0xB0,0x63,0x11,0x4D,0xB0,0x63,0x11,0x4D,0xB0,0x63,0x11,0x4D,0xB0,0x63,0x11,0x4D,0xB0,0x63,0x11,0x4D,0xB0,0x63,0x11,0x4D,0xB0,0x63,0x11,0x4D,0xB0,0x63,0x11,0x4D,
    0xB0,0x63,0x11,0x4D,0xB0,0x63,0x11,0x4D,0xB0,0x63,0x11,0x4D,0xB0,0x63,0x11,0x4D,0xB0,0x63,0x11,0x4D,0xB0,0x63,0x11,0x4D,0xB0,0x63,0x11,0x4D,0xB0,0x63,0x11,0x4D,0xB0,0x63,0x11,0x4D,0xB0,0x63,0x11,0x4D,0xB0,0x63,0x11,0x4D,0xB0,0x63,0x11,0x4D,0xB0,0x63,0x11,0x4D,0xB0,0x63,0x11,0x4D,0xB0,0x63,0x11,0x4D,0xB0,0x63,0x11,0x4D,
    0xB0,0x63,0x11,0x4D,0xB0,0x63,0x11,0x4D,0xB0,0x63,0x11,0x4D,0xB0,0x63,0x11,0x4D,0xB0,0x63,0x11,0x4D,0xB0,0x63,0x11,0x4D,0xB0,0x63,0x11,0x4D,0xB0,0x63,0x11,0x4D,0xB0,0x63,0x11,0x4D,0xB0,0x63,0x11,0x4D,0xB0,0x63,0x11,0x4D,0xB0,0x63,0x11,0x4D,0xB0,0x63,0x11,0x4D,0xB0,0x63,0x11,0x4D,0xB0,0x63,0x11,0x4D,0xB0,0x63,0x11,0x4D,
    0xB0,0x63,0x11,0x4D,0xB0,0x63,0x11,0x4D,0xB0,0x63,0x11,0x4D,0xB0,0x63,0x11,0x4D,0xB0,0x63,0x11,0x4D,0xB0,0x63,0x11,0x4D,0xB0,0x63,0x11,0x4D,0xB0,0x63,0x11,0x4D,0xB0,0x63,0x11,0x4D,0xB0,0x63,0x11,0x4D,0xB0,0x63,0x11,0x4D,0xB0,0x63,0x11,0x4D,0xB0,0x63,0x11,0x4D,0xB0,0x63,0x11,0x4D,0xB0,0x63,0x11,0x4D,0xED,0xDA,0xC8,0xA6,
    0xED,0xDA,0xC8,0xA6,0xB0,0x63,0x11,0x4D,0xB0,0x63,0x11,0x4D,0xB0,0x63,0x11,0x4D,0xB0,0x63,0x11,0x4D,0xB0,0x63,0x11,0x4D,0xB0,0x63,0x11,0x4D,0xB0,0x63,0x11,0x4D,0xB0,0x63,0x11,0x4D,0xB0,0x63,0x11,0x4D,0xB0,0x63,0x11,0x4D,0xB0,0x63,0x11,0x4D,0xB0,0x63,0x11,0x4D,0xB0,0x63,0x11,0x4D,0xB0,0x63,0x11,0x4D,0xB0,0x63,0x11,0x4D,
    0xB0,0x63,0x11,0x4D,0xB0,0x63,0x11,0x4D,0xB0,0x63,0x11,0x4D,0xB0,0x63,0x11,0x4D,0xB0,0x63,0x11,0x4D,0xB0,0x63,0x11,0x4D,0xB0,0x63,0x11,0x4D,0xB0,0x63,0x11,0x4D,0xB0,0x63,0x11,0x4D,0xB0,0x63,0x11,0x4D,0xB0,0x63,0x11,0x4D,0xB0,0x63,0x11,0x4D,0xB0,0x63,0x11,0x4D,0xB0,0x63,0x11,0x4D,0xB0,0x63,0x11,0x4D,0xB0,0x63,0x11,0x4D,
    0xB0,0x63,0x11,0x4D,0xB0,0x63,0x11,0x4D,0xB0,0x63,0x11,0x4D,0xB0,0x63,0x11,0x4D,0xB0,0x63,0x11,0x4D,0xB0,0x63,0x11,0x4D,0xB0,0x63,0x11,0x4D,0xB0,0x63,0x11,0x4D,0xB0,0x63,0x11,0x4D,0xB0,0x63,0x11,0x4D,0xB0,0x63,0x11,0x4D,0xB0,0x63,0x11,0x4D,0xB0,0x63,0x11,0x4D,0xB0,0x63,0x11,0x4D,0xB0,0x63,0x11,0x4D,0xB0,0x63,0x11,0x4D,
    0xB0,0x63,0x11,0x4D,0xB0,0x63,0x11,0x4D,0xB0,0x63,0x11,0x4D,0xB0,0x63,0x11,0x4D,0xB0,0x63,0x11,0x4D,0xB0,0x63,0x11,0x4D,0xB0,0x63,0x11,0x4D,0xB0,0x63,0x11,0x4D,0xB0,0x63,0x11,0x4D,0xB0,0x63,0x11,0x4D,0xB0,0x63,0x11,0x4D,0xB0,0x63,0x11,0x4D,0xB0,0x63,0x11,0x4D,0xB0,0x63,0x11,0x4D,0xB0,0x63,0x11,0x4D,0xB0,0x63,0x11,0x4D,
    0xB0,0x63,0x11,0x4D,0xB0,0x63,0x11,0x4D,0xB0,0x63,0x11,0x4D,0xB0,0x63,0x11,0x4D,0xB0,0x63,0x11,0x4D,0xB0,0x63,0x11,0x4D,0xB0,0x63,0x11,0x4D,0xB0,0x63,0x11,0x4D,0xB0,0x63,0x11,0x4D,0xB0,0x63,0x11,0x4D,0xB0,0x63,0x11,0x4D,0xB0,0x63,0x11,0x4D,0xB0,0x63,0x11,0x4D,0xB0,0x63,0x11,0x4D,0xB0,0x63,0x11,0x4D,0xB0,0x63,0x11,0x4D,
    0xB0,0x63,0x11,0x4D,0xB0,0x63,0x11,0x4D,0xB0,0x63,0x11,0x4D,0xB0,0x63,0x11,0x4D,0xB0,0x63,0x11,0x4D,0xB0,0x63,0x11,0x4D,0xB0,0x63,0x11,0x4D,0xB0,0x63,0x11,0x4D,0xB0,0x63,0x11,0x4D,0xB0,0x63,0x11,0x4D,0xB0,0x63,0x11,0x4D,0xB0,0x63,0x11,0x4D,0xB0,0x63,0x11,0x4D,0xB0,0x63,0x11,0x4D,0xB0,0x63,0x11,0x4D,0xB0,0x63,0x11,0x4D,
    0xB0,0x63,0x11,0x4D,0xB0,0x63,0x11,0x4D,0xB0,0x63,0x11,0x4D,0xB0,0x63,0x11,0x4D,0xB0,0x63,0x11,0x4D,0xB0,0x63,0x11,0x4D,0xB0,0x63,0x11,0x4D,0xB0,0x63,0x11,0x4D,0xB0,0x63,0x11,0x4D,0xB0,0x63,0x11,0x4D,0xB0,0x63,0x11,0x4D,0xB0,0x63,0x11,0x4D,0xB0,0x63,0x11,0x4D,0xB0,0x63,0x11,0x4D,0xB0,0x63,0x11,0x4D,0xB0,0x63,0x11,0x4D,
    0xB0,0x63,0x11,0x4D,0xB0,0x63,0x11,0x4D,0xB0,0x63,0x11,0x4D,0xB0,0x63,0x11,0x4D,0xB0,0x63,0x11,0x4D,0xB0,0x63,0x11,0x4D,0xB0,0x63,0x11,0x4D,0xB0,0x63,0x11,0x4D,0xB0,0x63,0x11,0x4D,0xB0,0x63,0x11,0x4D,0xB0,0x63,0x11,0x4D,0xB0,0x63,0x11,0x4D,0xB0,0x63,0x11,0x4D,0xB0,0x63,0x11,0x4D,0xB0,0x63,0x11,0x4D,0xB0,0x63,0x11,0x4D,
    0xB0,0x63,0x11,0x4D,0xB0,0x63,0x11,0x4D,0xB0,0x63,0x11,0x4D,0xB0,0x63,0x11,0x4D,0xB0,0x63,0x11,0x4D,0xB0,0x63,0x11,0x4D,0xB0,0x63,0x11,0x4D,0xB0,0x63,0x11,0x4D,0xB0,0x63,0x11,0x4D,0xB0,0x63,0x11,0x4D,0xB0,0x63,0x11,0x4D,0xB0,0x63,0x11,0x4D,0xB0,0x63,0x11,0x4D,0xB0,0x63,0x11,0x4D,0xB0,0x63,0x11,0x4D,0xB0,0x63,0x11,0x4D,
    0xB0,0x63,0x11,0x4D,0xB0,0x63,0x11,0x4D,0xB0,0x63,0x11,0x4D,0xB0,0x63,0x11,0x4D,0xB0,0x63,0x11,0x4D,0xB0,0x63,0x11,0x4D,0xB0,0x63,0x11,0x4D,0xB0,0x63,0x11,0x4D,0xB0,0x63,0x11,0x4D,0xB0,0x63,0x11,0x4D,0xB0,0x63,0x11,0x4D,0xB0,0x63,0x11,0x4D,0xB0,0x63,0x11,0x4D,0xB0,0x63,0x11,0x4D,0xB0,0x63,0x11,0x4D,0xB0,0x63,0x11,0x4D,
    0xB0,0x63,0x11,0x4D,0xB0,0x63,0x11,0x4D,0xB0,0x63,0x11,0x4D,0xB0,0x63,0x11,0x4D,0xB0,0x63,0x11,0x4D,0xB0,0x63,0x11,0x4D,0xB0,0x63,0x11,0x4D,0xB0,0x63,0x11,0x4D,0xB0,0x63,0x11,0x4D,0xB0,0x63,0x11,0x4D,0xB0,0x63,0x11,0x4D,0xB0,0x63,0x11,0x4D,0xB0,0x63,0x11,0x4D,0xB0,0x63,0x11,0x4D,0xB0,0x63,0x11,0x4D,0xB0,0x63,0x11,0x4D,
    0xB0,0x63,0x11,0x4D,0xB0,0x63,0x11,0x4D,0xB0,0x63,0x11,0x4D,0xED,0xDA,0xC8,0xA6,0xED,0xDA,0xC8,0xA6,0xB0,0x63,0x11,0x4D,0xB0,0x63,0x11,0x4D,0xB0,0x63,0x11,0x4D,0xB0,0x63,0x11,0x4D,0xB0,0x63,0x11,0x4D,0xB0,0x63,0x11,0x4D,0xB0,0x63,0x11,0x4D,0xB0,0x63,0x11,0x4D,0xB0,0x63,0x11,0x4D,0xB0,0x63,0x11,0x4D,0xB0,0x63,0x11,0x4D,
    0xB0,0x63,0x11,0x4D,0xB0,0x63,0x11,0x4D,0xB0,0x63,0x11,0x4D,0xB0,0x63,0x11,0x4D,0xB0,0x63,0x11,0x4D,0xB0,0x63,0x11,0x4D,0xB0,0x63,0x11,0x4D,0xB0,0x63,0x11,0x4D,0xB0,0x63,0x11,0x4D,0xB0,0x63,0x11,0x4D,0xB0,0x63,0x11,0x4D,0xB0,0x63,0x11,0x4D,0xB0,0x63,0x11,0x4D,0xB0,0x63,0x11,0x4D,0xB0,0x63,0x11,0x4D,0xB0,0x63,0x11,0x4D,
    0xB0,0x63,0x11,0x4D,0xB0,0x63,0x11,0x4D,0xB0,0x63,0x11,0x4D,0xB0,0x63,0x11,0x4D,0xB0,0x63,0x11,0x4D,0xB0,0x63,0x11,0x4D,0xB0,0x63,0x11,0x4D,0xB0,0x63,0x11,0x4D,0xB0,0x63,0x11,0x4D,0xB0,0x63,0x11,0x4D,0xB0,0x63,0x11,0x4D,0xB0,0x63,0x11,0x4D,0xB0,0x63,0x11,0x4D,0xB0,0x63,0x11,0x4D,0xB0,0x63,0x11,0x4D,0xB0,0x63,0x11,0x4D,
    0xB0,0x63,0x11,0x4D,0xB0,0x63,0x11,0x4D,0xB0,0x63,0x11,0x4D,0xB0,0x63,0x11,0x4D,0xB0,0x63,0x11,0x4D,0xB0,0x63,0x11,0x4D,0xB0,0x63,0x11,0x4D,0xB0,0x63,0x11,0x4D,0xB0,0x63,0x11,0x4D,0xB0,0x63,0x11,0x4D,0xB0,0x63,0x11,0x4D,0xB0,0x63,0x11,0x4D,0xB0,0x63,0x11,0x4D,0xB0,0x63,0x11,0x4D,0xB0,0x63,0x11,0x4D,0xB0,0x63,0x11,0x4D,
    0xB0,0x63,0x11,0x4D,0xB0,0x63,0x11,0x4D,0xB0,0x63,0x11,0x4D,0xB0,0x63,0x11,0x4D,0xB0,0x63,0x11,0x4D,0xB0,0x63,0x11,0x4D,0xB0,0x63,0x11,0x4D,0xB0,0x63,0x11,0x4D,0xB0,0x63,0x11,0x4D,0xB0,0x63,0x11,0x4D,0xB0,0x63,0x11,0x4D,0xB0,0x63,0x11,0x4D,0xB0,0x63,0x11,0x4D,0xB0,0x63,0x11,0x4D,0xB0,0x63,0x11,0x4D,0xB0,0x63,0x11,0x4D,
    0xB0,0x63,0x11,0x4D,0xB0,0x63,0x11,0x4D,0xB0,0x63,0x11,0x4D,0xB0,0x63,0x11,0x4D,0xB0,0x63,0x11,0x4D,0xB0,0x63,0x11,0x4D,0xB0,0x63,0x11,0x4D,0xB0,0x63,0x11,0x4D,0xB0,0x63,0x11,0x4D,0xB0,0x63,0x11,0x4D,0xB0,0x63,0x11,0x4D,0xB0,0x63,0x11,0x4D,0xB0,0x63,0x11,0x4D,0xB0,0x63,0x11,0x4D,0xB0,0x63,0x11,0x4D,0xB0,0x63,0x11,0x4D,
    0xB0,0x63,0x11,0x4D,0xB0,0x63,0x11,0x4D,0xB0,0x63,0x11,0x4D,0xB0,0x63,0x11,0x4D,0xB0,0x63,0x11,0x4D,0xB0,0x63,0x11,0x4D,0xB0,0x63,0x11,0x4D,0xB0,0x63,0x11,0x4D,0xB0,0x63,0x11,0x4D,0xB0,0x63,0x11,0x4D,0xB0,0x63,0x11,0x4D,0xB0,0x63,0x11,0x4D,0xB0,0x63,0x11,0x4D,0xB0,0x63,0x11,0x4D,0xB0,0x63,0x11,0x4D,0xB0,0x63,0x11,0x4D,
    0xB0,0x63,0x11,0x4D,0xB0,0x63,0x11,0x4D,0xB0,0x63,0x11,0x4D,0xB0,0x63,0x11,0x4D,0xB0,0x63,0x11,0x4D,0xB0,0x63,0x11,0x4D,0xB0,0x63,0x11,0x4D,0xB0,0x63,0x11,0x4D,0xB0,0x63,0x11,0x4D,0xB0,0x63,0x11,0x4D,0xB0,0x63,0x11,0x4D,0xB0,0x63,0x11,0x4D,0xB0,0x63,0x11,0x4D,0xB0,0x63,0x11,0x4D,0xB0,0x63,0x11,0x4D,0xB0,0x63,0x11,0x4D,
    0xB0,0x63,0x11,0x4D,0xB0,0x63,0x11,0x4D,0xB0,0x63,0x11,0x4D,0xB0,0x63,0x11,0x4D,0xB0,0x63,0x11,0x4D,0xB0,0x63,0x11,0x4D,0xB0,0x63,0x11,0x4D,0xB0,0x63,0x11,0x4D,0xB0,0x63,0x11,0x4D,0xB0,0x63,0x11,0x4D,0xB0,0x63,0x11,0x4D,0xB0,0x63,0x11,0x4D,0xB0,0x63,0x11,0x4D,0xB0,0x63,0x11,0x4D,0xB0,0x63,0x11,0x4D,0xB0,0x63,0x11,0x4D,
    0xB0,0x63,0x11,0x4D,0xB0,0x63,0x11,0x4D,0xB0,0x63,0x11,0x4D,0xB0,0x63,0x11,0x4D,0xB0,0x63,0x11,0x4D,0xB0,0x63,0x11,0x4D,0xB0,0x63,0x11,0x4D,0xB0,0x63,0x11,0x4D,0xB0,0x63,0x11,0x4D,0xB0,0x63,0x11,0x4D,0xB0,0x63,0x11,0x4D,0xB0,0x63,0x11,0x4D,0xB0,0x63,0x11,0x4D,0xB0,0x63,0x11,0x4D,0xB0,0x63,0x11,0x4D,0xB0,0x63,0x11,0x4D,
    0xB0,0x63,0x11,0x4D,0xB0,0x63,0x11,0x4D,0xB0,0x63,0x11,0x4D,0xB0,0x63,0x11,0x4D,0xB0,0x63,0x11,0x4D,0xB0,0x63,0x11,0x4D,0xB0,0x63,0x11,0x4D,0xB0,0x63,0x11,0x4D,0xB0,0x63,0x11,0x4D,0xB0,0x63,0x11,0x4D,0xB0,0x63,0x11,0x4D,0xB0,0x63,0x11,0x4D,0xB0,0x63,0x11,0x4D,0xB0,0x63,0x11,0x4D,0xB0,0x63,0x11,0x4D,0xB0,0x63,0x11,0x4D,
    0xB0,0x63,0x11,0x4D,0xB0,0x63,0x11,0x4D,0xB0,0x63,0x11,0x4D,0xB0,0x63,0x11,0x4D,0xB0,0x63,0x11,0x4D,0xB0,0x63,0x11,0x4D,0xB0,0x63,0x11,0x4D,0xED,0xDA,0xC8,0xA6,0xED,0xDA,0xC8,0xA6,0xB0,0x63,0x11,0x4D,0xB0,0x63,0x11,0x4D,0xB0,0x63,0x11,0x4D,0xB0,0x63,0x11,0x4D,0xB0,0x63,0x11,0x4D,0xB0,0x63,0x11,0x4D,0xB0,0x63,0x11,0x4D,
    0xB0,0x63,0x11,0x4D,0xB0,0x63,0x11,0x4D,0xB0,0x63,0x11,0x4D,0xB0,0x63,0x11,0x4D,0xB0,0x63,0x11,0x4D,0xB0,0x63,0x11,0x4D,0xB0,0x63,0x11,0x4D,0xB0,0x63,0x11,0x4D,0xB0,0x63,0x11,0x4D,0xB0,0x63,0x11,0x4D,0xB0,0x63,0x11,0x4D,0xB0,0x63,0x11,0x4D,0xB0,0x63,0x11,0x4D,0xB0,0x63,0x11,0x4D,0xB0,0x63,0x11,0x4D,0xB0,0x63,0x11,0x4D,
    0xB0,0x63,0x11,0x4D,0xB0,0x63,0x11,0x4D,0xB0,0x63,0x11,0x4D,0xB0,0x63,0x11,0x4D,0xB0,0x63,0x11,0x4D,0xB0,0x63,0x11,0x4D,0xB0,0x63,0x11,0x4D,0xB0,0x63,0x11,0x4D,0xB0,0x63,0x11,0x4D,0xB0,0x63,0x11,0x4D,0xB0,0x63,0x11,0x4D,0xB0,0x63,0x11,0x4D,0xB0,0x63,0x11,0x4D,0xB0,0x63,0x11,0x4D,0xB0,0x63,0x11,0x4D,0xB0,0x63,0x11,0x4D,
    0xB0,0x63,0x11,0x4D,0xB0,0x63,0x11,0x4D,0xB0,0x63,0x11,0x4D,0xB0,0x63,0x11,0x4D,0xB0,0x63,0x11,0x4D,0xB0,0x63,0x11,0x4D,0xB0,0x63,0x11,0x4D,0xB0,0x63,0x11,0x4D,0xB0,0x63,0x11,0x4D,0xB0,0x63,0x11,0x4D,0xB0,0x63,0x11,0x4D,0xB0,0x63,0x11,0x4D,0xB0,0x63,0x11,0x4D,0xB0,0x63,0x11,0x4D,0xB0,0x63,0x11,0x4D,0xB0,0x63,0x11,0x4D,
    0xB0,0x63,0x11,0x4D,0xB0,0x63,0x11,0x4D,0xB0,0x63,0x11,0x4D,0xB0,0x63,0x11,0x4D,0xB0,0x63,0x11,0x4D,0xB0,0x63,0x11,0x4D,0xB0,0x63,0x11,0x4D,0xB0,0x63,0x11,0x4D,0xB0,0x63,0x11,0x4D,0xB0,0x63,0x11,0x4D,0xB0,0x63,0x11,0x4D,0xB0,0x63,0x11,0x4D,0xB0,0x63,0x11,0x4D,0xB0,0x63,0x11,0x4D,0xB0,0x63,0x11,0x4D,0xB0,0x63,0x11,0x4D,
    0xB0,0x63,0x11,0x4D,0xB0,0x63,0x11,0x4D,0xB0,0x63,0x11,0x4D,0xB0,0x63,0x11,0x4D,0xB0,0x63,0x11,0x4D,0xB0,0x63,0x11,0x4D,0xB0,0x63,0x11,0x4D,0xB0,0x63,0x11,0x4D,0xB0,0x63,0x11,0x4D,0xB0,0x63,0x11,0x4D,0xB0,0x63,0x11,0x4D,0xB0,0x63,0x11,0x4D,0xB0,0x63,0x11,0x4D,0xB0,0x63,0x11,0x4D,0xB0,0x63,0x11,0x4D,0xB0,0x63,0x11,0x4D,
    0xB0,0x63,0x11,0x4D,0xB0,0x63,0x11,0x4D,0xB0,0x63,0x11,0x4D,0xB0,0x63,0x11,0x4D,0xB0,0x63,0x11,0x4D,0xB0,0x63,0x11,0x4D,0xB0,0x63,0x11,0x4D,0xB0,0x63,0x11,0x4D,0xB0,0x63,0x11,0x4D,0xB0,0x63,0x11,0x4D,0xB0,0x63,0x11,0x4D,0xB0,0x63,0x11,0x4D,0xB0,0x63,0x11,0x4D,0xB0,0x63,0x11,0x4D,0xB0,0x63,0x11,0x4D,0xB0,0x63,0x11,0x4D,
    0xB0,0x63,0x11,0x4D,0xB0,0x63,0x11,0x4D,0xB0,0x63,0x11,0x4D,0xB0,0x63,0x11,0x4D,0xB0,0x63,0x11,0x4D,0xB0,0x63,0x11,0x4D,0xB0,0x63,0x11,0x4D,0xB0,0x63,0x11,0x4D,0xB0,0x63,0x11,0x4D,0xB0,0x63,0x11,0x4D,0xB0,0x63,0x11,0x4D,0xB0,0x63,0x11,0x4D,0xB0,0x63,0x11,0x4D,0xB0,0x63,0x11,0x4D,0xB0,0x63,0x11,0x4D,0xB0,0x63,0x11,0x4D,
    0xB0,0x63,0x11,0x4D,0xB0,0x63,0x11,0x4D,0xB0,0x63,0x11,0x4D,0xB0,0x63,0x11,0x4D,0xB0,0x63,0x11,0x4D,0xB0,0x63,0x11,0x4D,0xB0,0x63,0x11,0x4D,0xB0,0x63,0x11,0x4D,0xB0,0x63,0x11,0x4D,0xB0,0x63,0x11,0x4D,0xB0,0x63,0x11,0x4D,0xB0,0x63,0x11,0x4D,0xB0,0x63,0x11,0x4D,0xB0,0x63,0x11,0x4D,0xB0,0x63,0x11,0x4D,0xB0,0x63,0x11,0x4D,
    0xB0,0x63,0x11,0x4D,0xB0,0x63,0x11,0x4D,0xB0,0x63,0x11,0x4D,0xB0,0x63,0x11,0x4D,0xB0,0x63,0x11,0x4D,0xB0,0x63,0x11,0x4D,0xB0,0x63,0x11,0x4D,0xB0,0x63,0x11,0x4D,0xB0,0x63,0x11,0x4D,0xB0,0x63,0x11,0x4D,0xB0,0x63,0x11,0x4D,0xB0,0x63,0x11,0x4D,0xB0,0x63,0x11,0x4D,0xB0,0x63,0x11,0x4D,0xB0,0x63,0x11,0x4D,0xB0,0x63,0x11,0x4D,
    0xB0,0x63,0x11,0x4D,0xB0,0x63,0x11,0x4D,0xB0,0x63,0x11,0x4D,0xB0,0x63,0x11,0x4D,0xB0,0x63,0x11,0x4D,0xB0,0x63,0x11,0x4D,0xB0,0x63,0x11,0x4D,0xB0,0x63,0x11,0x4D,0xB0,0x63,0x11,0x4D,0xB0,0x63,0x11,0x4D,0xB0,0x63,0x11,0x4D,0xB0,0x63,0x11,0x4D,0xB0,0x63,0x11,0x4D,0xB0,0x63,0x11,0x4D,0xB0,0x63,0x11,0x4D,0xB0,0x63,0x11,0x4D,
    0xB0,0x63,0x11,0x4D,0xB0,0x63,0x11,0x4D,0xB0,0x63,0x11,0x4D,0xB0,0x63,0x11,0x4D,0xB0,0x63,0x11,0x4D,0xB0,0x63,0x11,0x4D,0xB0,0x63,0x11,0x4D,0xB0,0x63,0x11,0x4D,0xB0,0x63,0x11,0x4D,0xB0,0x63,0x11,0x4D,0xB0,0x63,0x11,0x4D,0xED,0xDA,0xC8,0xA6,0xED,0xDA,0xC8,0xA6,0xB0,0x63,0x11,0x4D,0xB0,0x63,0x11,0x4D,0xB0,0x63,0x11,0x4D,
    0xB0,0x63,0x11,0x4D,0xB0,0x63,0x11,0x4D,0xB0,0x63,0x11,0x4D,0xB0,0x63,0x11,0x4D,0xB0,0x63,0x11,0x4D,0xB0,0x63,0x11,0x4D,0xB0,0x63,0x11,0x4D,0xB0,0x63,0x11,0x4D,0xB0,0x63,0x11,0x4D,0xB0,0x63,0x11,0x4D,0xB0,0x63,0x11,0x4D,0xB0,0x63,0x11,0x4D,0xB0,0x63,0x11,0x4D,0xB0,0x63,0x11,0x4D,0xB0,0x63,0x11,0x4D,0xB0,0x63,0x11,0x4D,
    0xB0,0x63,0x11,0x4D,0xB0,0x63,0x11,0x4D,0xB0,0x63,0x11,0x4D,0xB0,0x63,0x11,0x4D,0xB0,0x63,0x11,0x4D,0xB0,0x63,0x11,0x4D,0xB0,0x63,0x11,0x4D,0xB0,0x63,0x11,0x4D,0xB0,0x63,0x11,0x4D,0xB0,0x63,0x11,0x4D,0xB0,0x63,0x11,0x4D,0xB0,0x63,0x11,0x4D,0xB0,0x63,0x11,0x4D,0xB0,0x63,0x11,0x4D,0xB0,0x63,0x11,0x4D,0xB0,0x63,0x11,0x4D,
    0xB0,0x63,0x11,0x4D,0xB0,0x63,0x11,0x4D,0xB0,0x63,0x11,0x4D,0xB0,0x63,0x11,0x4D,0xB0,0x63,0x11,0x4D,0xB0,0x63,0x11,0x4D,0xB0,0x63,0x11,0x4D,0xB0,0x63,0x11,0x4D,0xB0,0x63,0x11,0x4D,0xB0,0x63,0x11,0x4D,0xB0,0x63,0x11,0x4D,0xB0,0x63,0x11,0x4D,0xB0,0x63,0x11,0x4D,0xB0,0x63,0x11,0x4D,0xB0,0x63,0x11,0x4D,0xB0,0x63,0x11,0x4D,
    0xB0,0x63,0x11,0x4D,0xB0,0x63,0x11,0x4D,0xB0,0x63,0x11,0x4D,0xB0,0x63,0x11,0x4D,0xB0,0x63,0x11,0x4D,0xB0,0x63,0x11,0x4D,0xB0,0x63,0x11,0x4D,0xB0,0x63,0x11,0x4D,0xB0,0x63,0x11,0x4D,0xB0,0x63,0x11,0x4D,0xB0,0x63,0x11,0x4D,0xB0,0x63,0x11,0x4D,0xB0,0x63,0x11,0x4D,0xB0,0x63,0x11,0x4D,0xB0,0x63,0x11,0x4D,0xB0,0x63,0x11,0x4D,
    0xB0,0x63,0x11,0x4D,0xB0,0x63,0x11,0x4D,0xB0,0x63,0x11,0x4D,0xB0,0x63,0x11,0x4D,0xB0,0x63,0x11,0x4D,0xB0,0x63,0x11,0x4D,0xB0,0x63,0x11,0x4D,0xB0,0x63,0x11,0x4D,0xB0,0x63,0x11,0x4D,0xB0,0x63,0x11,0x4D,0xB0,0x63,0x11,0x4D,0xB0,0x63,0x11,0x4D,0xB0,0x63,0x11,0x4D,0xB0,0x63,0x11,0x4D,0xB0,0x63,0x11,0x4D,0xB0,0x63,0x11,0x4D,
    0xB0,0x63,0x11,0x4D,0xB0,0x63,0x11,0x4D,0xB0,0x63,0x11,0x4D,0xB0,0x63,0x11,0x4D,0xB0,0x63,0x11,0x4D,0xB0,0x63,0x11,0x4D,0xB0,0x63,0x11,0x4D,0xB0,0x63,0x11,0x4D,0xB0,0x63,0x11,0x4D,0xB0,0x63,0x11,0x4D,0xB0,0x63,0x11,0x4D,0xB0,0x63,0x11,0x4D,0xB0,0x63,0x11,0x4D,0xB0,0x63,0x11,0x4D,0xB0,0x63,0x11,0x4D,0xB0,0x63,0x11,0x4D,
    0xB0,0x63,0x11,0x4D,0xB0,0x63,0x11,0x4D,0xB0,0x63,0x11,0x4D,0xB0,0x63,0x11,0x4D,0xB0,0x63,0x11,0x4D,0xB0,0x63,0x11,0x4D,0xB0,0x63,0x11,0x4D,0xB0,0x63,0x11,0x4D,0xB0,0x63,0x11,0x4D,0xB0,0x63,0x11,0x4D,0xB0,0x63,0x11,0x4D,0xB0,0x63,0x11,0x4D,0xB0,0x63,0x11,0x4D,0xB0,0x63,0x11,0x4D,0xB0,0x63,0x11,0x4D,0xB0,0x63,0x11,0x4D,
    0xB0,0x63,0x11,0x4D,0xB0,0x63,0x11,0x4D,0xB0,0x63,0x11,0x4D,0xB0,0x63,0x11,0x4D,0xB0,0x63,0x11,0x4D,0xB0,0x63,0x11,0x4D,0xB0,0x63,0x11,0x4D,0xB0,0x63,0x11,0x4D,0xB0,0x63,0x11,0x4D,0xB0,0x63,0x11,0x4D,0xB0,0x63,0x11,0x4D,0xB0,0x63,0x11,0x4D,0xB0,0x63,0x11,0x4D,0xB0,0x63,0x11,0x4D,0xB0,0x63,0x11,0x4D,0xB0,0x63,0x11,0x4D,
    0xB0,0x63,0x11,0x4D,0xB0,0x63,0x11,0x4D,0xB0,0x63,0x11,0x4D,0xB0,0x63,0x11,0x4D,0xB0,0x63,0x11,0x4D,0xB0,0x63,0x11,0x4D,0xB0,0x63,0x11,0x4D,0xB0,0x63,0x11,0x4D,0xB0,0x63,0x11,0x4D,0xB0,0x63,0x11,0x4D,0xB0,0x63,0x11,0x4D,0xB0,0x63,0x11,0x4D,0xB0,0x63,0x11,0x4D,0xB0,0x63,0x11,0x4D,0xB0,0x63,0x11,0x4D,0xB0,0x63,0x11,0x4D,
    0xB0,0x63,0x11,0x4D,0xB0,0x63,0x11,0x4D,0xB0,0x63,0x11,0x4D,0xB0,0x63,0x11,0x4D,0xB0,0x63,0x11,0x4D,0xB0,0x63,0x11,0x4D,0xB0,0x63,0x11,0x4D,0xB0,0x63,0x11,0x4D,0xB0,0x63,0x11,0x4D,0xB0,0x63,0x11,0x4D,0xB0,0x63,0x11,0x4D,0xB0,0x63,0x11,0x4D,0xB0,0x63,0x11,0x4D,0xB0,0x63,0x11,0x4D,0xB0,0x63,0x11,0x4D,0xB0,0x63,0x11,0x4D,
    0xB0,0x63,0x11,0x4D,0xB0,0x63,0x11,0x4D,0xB0,0x63,0x11,0x4D,0xB0,0x63,0x11,0x4D,0xB0,0x63,0x11,0x4D,0xB0,0x63,0x11,0x4D,0xB0,0x63,0x11,0x4D,0xB0,0x63,0x11,0x4D,0xB0,0x63,0x11,0x4D,0xB0,0x63,0x11,0x4D,0xB0,0x63,0x11,0x4D,0xB0,0x63,0x11,0x4D,0xB0,0x63,0x11,0x4D,0xB0,0x63,0x11,0x4D,0xB0,0x63,0x11,0x4D,0xED,0xDA,0xC8,0xA6,
    0xED,0xDA,0xC8,0xA6,0xB0,0x63,0x11,0x4D,0xB0,0x63,0x11,0x4D,0xB0,0x63,0x11,0x4D,0xB0,0x63,0x11,0x4D,0xB0,0x63,0x11,0x4D,0xB0,0x63,0x11,0x4D,0xB0,0x63,0x11,0x4D,0xB0,0x63,0x11,0x4D,0xB0,0x63,0x11,0x4D,0xB0,0x63,0x11,0x4D,0xB0,0x63,0x11,0x4D,0xB0,0x63,0x11,0x4D,0xB0,0x63,0x11,0x4D,0xB0,0x63,0x11,0x4D,0xB0,0x63,0x11,0x4D,
    0xB0,0x63,0x11,0x4D,0xB0,0x63,0x11,0x4D,0xB0,0x63,0x11,0x4D,0xB0,0x63,0x11,0x4D,0xB0,0x63,0x11,0x4D,0xB0,0x63,0x11,0x4D,0xB0,0x63,0x11,0x4D,0xB0,0x63,0x11,0x4D,0xB0,0x63,0x11,0x4D,0xB0,0x63,0x11,0x4D,0xB0,0x63,0x11,0x4D,0xB0,0x63,0x11,0x4D,0xB0,0x63,0x11,0x4D,0xB0,0x63,0x11,0x4D,0xB0,0x63,0x11,0x4D,0xB0,0x63,0x11,0x4D,
    0xB0,0x63,0x11,0x4D,0xB0,0x63,0x11,0x4D,0xB0,0x63,0x11,0x4D,0xB0,0x63,0x11,0x4D,0xB0,0x63,0x11,0x4D,0xB0,0x63,0x11,0x4D,0xB0,0x63,0x11,0x4D,0xB0,0x63,0x11,0x4D,0xB0,0x63,0x11,0x4D,0xB0,0x63,0x11,0x4D,0xB0,0x63,0x11,0x4D,0xB0,0x63,0x11,0x4D,0xB0,0x63,0x11,0x4D,0xB0,0x63,0x11,0x4D,0xB0,0x63,0x11,0x4D,0xB0,0x63,0x11,0x4D,
    0xB0,0x63,0x11,0x4D,0xB0,0x63,0x11,0x4D,0xB0,0x63,0x11,0x4D,0xB0,0x63,0x11,0x4D,0xB0,0x63,0x11,0x4D,0xB0,0x63,0x11,0x4D,0xB0,0x63,0x11,0x4D,0xB0,0x63,0x11,0x4D,0xB0,0x63,0x11,0x4D,0xB0,0x63,0x11,0x4D,0xB0,0x63,0x11,0x4D,0xB0,0x63,0x11,0x4D,0xB0,0x63,0x11,0x4D,0xB0,0x63,0x11,0x4D,0xB0,0x63,0x11,0x4D,0xB0,0x63,0x11,0x4D,
    0xB0,0x63,0x11,0x4D,0xB0,0x63,0x11,0x4D,0xB0,0x63,0x11,0x4D,0xB0,0x63,0x11,0x4D,0xB0,0x63,0x11,0x4D,0xB0,0x63,0x11,0x4D,0xB0,0x63,0x11,0x4D,0xB0,0x63,0x11,0x4D,0xB0,0x63,0x11,0x4D,0xB0,0x63,0x11,0x4D,0xB0,0x63,0x11,0x4D,0xB0,0x63,0x11,0x4D,0xB0,0x63,0x11,0x4D,0xB0,0x63,0x11,0x4D,0xB0,0x63,0x11,0x4D,0xB0,0x63,0x11,0x4D,
    0xB0,0x63,0x11,0x4D,0xB0,0x63,0x11,0x4D,0xB0,0x63,0x11,0x4D,0xB0,0x63,0x11,0x4D,0xB0,0x63,0x11,0x4D,0xB0,0x63,0x11,0x4D,0xB0,0x63,0x11,0x4D,0xB0,0x63,0x11,0x4D,0xB0,0x63,0x11,0x4D,0xB0,0x63,0x11,0x4D,0xB0,0x63,0x11,0x4D,0xB0,0x63,0x11,0x4D,0xB0,0x63,0x11,0x4D,0xB0,0x63,0x11,0x4D,0xB0,0x63,0x11,0x4D,0xB0,0x63,0x11,0x4D,
    0xB0,0x63,0x11,0x4D,0xB0,0x63,0x11,0x4D,0xB0,0x63,0x11,0x4D,0xB0,0x63,0x11,0x4D,0xB0,0x63,0x11,0x4D,0xB0,0x63,0x11,0x4D,0xB0,0x63,0x11,0x4D,0xB0,0x63,0x11,0x4D,0xB0,0x63,0x11,0x4D,0xB0,0x63,0x11,0x4D,0xB0,0x63,0x11,0x4D,0xB0,0x63,0x11,0x4D,0xB0,0x63,0x11,0x4D,0xB0,0x63,0x11,0x4D,0xB0,0x63,0x11,0x4D,0xB0,0x63,0x11,0x4D,
    0xB0,0x63,0x11,0x4D,0xB0,0x63,0x11,0x4D,0xB0,0x63,0x11,0x4D,0xB0,0x63,0x11,0x4D,0xB0,0x63,0x11,0x4D,0xB0,0x63,0x11,0x4D,0xB0,0x63,0x11,0x4D,0xB0,0x63,0x11,0x4D,0xB0,0x63,0x11,0x4D,0xB0,0x63,0x11,0x4D,0xB0,0x63,0x11,0x4D,0xB0,0x63,0x11,0x4D,0xB0,0x63,0x11,0x4D,0xB0,0x63,0x11,0x4D,0xB0,0x63,0x11,0x4D,0xB0,0x63,0x11,0x4D,
    0xB0,0x63,0x11,0x4D,0xB0,0x63,0x11,0x4D,0xB0,0x63,0x11,0x4D,0xB0,0x63,0x11,0x4D,0xB0,0x63,0x11,0x4D,0xB0,0x63,0x11,0x4D,0xB0,0x63,0x11,0x4D,0xB0,0x63,0x11,0x4D,0xB0,0x63,0x11,0x4D,0xB0,0x63,0x11,0x4D,0xB0,0x63,0x11,0x4D,0xB0,0x63,0x11,0x4D,0xB0,0x63,0x11,0x4D,0xB0,0x63,0x11,0x4D,0xB0,0x63,0x11,0x4D,0xB0,0x63,0x11,0x4D,
    0xB0,0x63,0x11,0x4D,0xB0,0x63,0x11,0x4D,0xB0,0x63,0x11,0x4D,0xB0,0x63,0x11,0x4D,0xB0,0x63,0x11,0x4D,0xB0,0x63,0x11,0x4D,0xB0,0x63,0x11,0x4D,0xB0,0x63,0x11,0x4D,0xB0,0x63,0x11,0x4D,0xB0,0x63,0x11,0x4D,0xB0,0x63,0x11,0x4D,0xB0,0x63,0x11,0x4D,0xB0,0x63,0x11,0x4D,0xB0,0x63,0x11,0x4D,0xB0,0x63,0x11,0x4D,0xB0,0x63,0x11,0x4D,
    0xB0,0x63,0x11,0x4D,0xB0,0x63,0x11,0x4D,0xB0,0x63,0x11,0x4D,0xB0,0x63,0x11,0x4D,0xB0,0x63,0x11,0x4D,0xB0,0x63,0x11,0x4D,0xB0,0x63,0x11,0x4D,0xB0,0x63,0x11,0x4D,0xB0,0x63,0x11,0x4D,0xB0,0x63,0x11,0x4D,0xB0,0x63,0x11,0x4D,0xB0,0x63,0x11,0x4D,0xB0,0x63,0x11,0x4D,0xB0,0x63,0x11,0x4D,0xB0,0x63,0x11,0x4D,0xB0,0x63,0x11,0x4D,
    0xB0,0x63,0x11,0x4D,0xB0,0x63,0x11,0x4D,0xB0,0x63,0x11,0x4D,0xED,0xDA,0xC8,0xA6,0xED,0xDA,0xC8,0xA6,0xB0,0x63,0x11,0x4D,0xB0,0x63,0x11,0x4D,0xB0,0x63,0x11,0x4D,0xB0,0x63,0x11,0x4D,0xB0,0x63,0x11,0x4D,0xB0,0x63,0x11,0x4D,0xB0,0x63,0x11,0x4D,0xB0,0x63,0x11,0x4D,0xB0,0x63,0x11,0x4D,0xB0,0x63,0x11,0x4D,0xB0,0x63,0x11,0x4D,
    0xB0,0x63,0x11,0x4D,0xB0,0x63,0x11,0x4D,0xB0,0x63,0x11,0x4D,0xB0,0x63,0x11,0x4D,0xB0,0x63,0x11,0x4D,0xB0,0x63,0x11,0x4D,0xB0,0x63,0x11,0x4D,0xB0,0x63,0x11,0x4D,0xB0,0x63,0x11,0x4D,0xB0,0x63,0x11,0x4D,0xB0,0x63,0x11,0x4D,0xB0,0x63,0x11,0x4D,0xB0,0x63,0x11,0x4D,0xB0,0x63,0x11,0x4D,0xB0,0x63,0x11,0x4D,0xB0,0x63,0x11,0x4D,
    0xB0,0x63,0x11,0x4D,0xB0,0x63,0x11,0x4D,0xB0,0x63,0x11,0x4D,0xB0,0x63,0x11,0x4D,0xB0,0x63,0x11,0x4D,0xB0,0x63,0x11,0x4D,0xB0,0x63,0x11,0x4D,0xB0,0x63,0x11,0x4D,0xB0,0x63,0x11,0x4D,0xB0,0x63,0x11,0x4D,0xB0,0x63,0x11,0x4D,0xB0,0x63,0x11,0x4D,0xB0,0x63,0x11,0x4D,0xB0,0x63,0x11,0x4D,0xB0,0x63,0x11,0x4D,0xB0,0x63,0x11,0x4D,
    0xB0,0x63,0x11,0x4D,0xB0,0x63,0x11,0x4D,0xB0,0x63,0x11,0x4D,0xB0,0x63,0x11,0x4D,0xB0,0x63,0x11,0x4D,0xB0,0x63,0x11,0x4D,0xB0,0x63,0x11,0x4D,0xB0,0x63,0x11,0x4D,0xB0,0x63,0x11,0x4D,0xB0,0x63,0x11,0x4D,0xB0,0x63,0x11,0x4D,0xB0,0x63,0x11,0x4D,0xB0,0x63,0x11,0x4D,0xB0,0x63,0x11,0x4D,0xB0,0x63,0x11,0x4D,0xB0,0x63,0x11,0x4D,
    0xB0,0x63,0x11,0x4D,0xB0,0x63,0x11,0x4D,0xB0,0x63,0x11,0x4D,0xB0,0x63,0x11,0x4D,0xB0,0x63,0x11,0x4D,0xB0,0x63,0x11,0x4D,0xB0,0x63,0x11,0x4D,0xB0,0x63,0x11,0x4D,0xB0,0x63,0x11,0x4D,0xB0,0x63,0x11,0x4D,0xB0,0x63,0x11,0x4D,0xB0,0x63,0x11,0x4D,0xB0,0x63,0x11,0x4D,0xB0,0x63,0x11,0x4D,0xB0,0x63,0x11,0x4D,0xB0,0x63,0x11,0x4D,
    0xB0,0x63,0x11,0x4D,0xB0,0x63,0x11,0x4D,0xB0,0x63,0x11,0x4D,0xB0,0x63,0x11,0x4D,0xB0,0x63,0x11,0x4D,0xB0,0x63,0x11,0x4D,0xB0,0x63,0x11,0x4D,0xB0,0x63,0x11,0x4D,0xB0,0x63,0x11,0x4D,0xB0,0x63,0x11,0x4D,0xB0,0x63,0x11,0x4D,0xB0,0x63,0x11,0x4D,0xB0,0x63,0x11,0x4D,0xB0,0x63,0x11,0x4D,0xB0,0x63,0x11,0x4D,0xB0,0x63,0x11,0x4D,
    0xB0,0x63,0x11,0x4D,0xB0,0x63,0x11,0x4D,0xB0,0x63,0x11,0x4D,0xB0,0x63,0x11,0x4D,0xB0,0x63,0x11,0x4D,0xB0,0x63,0x11,0x4D,0xB0,0x63,0x11,0x4D,0xB0,0x63,0x11,0x4D,0xB0,0x63,0x11,0x4D,0xB0,0x63,0x11,0x4D,0xB0,0x63,0x11,0x4D,0xB0,0x63,0x11,0x4D,0xB0,0x63,0x11,0x4D,0xB0,0x63,0x11,0x4D,0xB0,0x63,0x11,0x4D,0xB0,0x63,0x11,0x4D,
    0xB0,0x63,0x11,0x4D,0xB0,0x63,0x11,0x4D,0xB0,0x63,0x11,0x4D,0xB0,0x63,0x11,0x4D,0xB0,0x63,0x11,0x4D,0xB0,0x63,0x11,0x4D,0xB0,0x63,0x11,0x4D,0xB0,0x63,0x11,0x4D,0xB0,0x63,0x11,0x4D,0xB0,0x63,0x11,0x4D,0xB0,0x63,0x11,0x4D,0xB0,0x63,0x11,0x4D,0xB0,0x63,0x11,0x4D,0xB0,0x63,0x11,0x4D,0xB0,0x63,0x11,0x4D,0xB0,0x63,0x11,0x4D,
    0xB0,0x63,0x11,0x4D,0xB0,0x63,0x11,0x4D,0xB0,0x63,0x11,0x4D,0xB0,0x63,0x11,0x4D,0xB0,0x63,0x11,0x4D,0xB0,0x63,0x11,0x4D,0xB0,0x63,0x11,0x4D,0xB0,0x63,0x11,0x4D,0xB0,0x63,0x11,0x4D,0xB0,0x63,0x11,0x4D,0xB0,0x63,0x11,0x4D,0xB0,0x63,0x11,0x4D,0xB0,0x63,0x11,0x4D,0xB0,0x63,0x11,0x4D,0xB0,0x63,0x11,0x4D,0xB0,0x63,0x11,0x4D,
    0xB0,0x63,0x11,0x4D,0xB0,0x63,0x11,0x4D,0xB0,0x63,0x11,0x4D,0xB0,0x63,0x11,0x4D,0xB0,0x63,0x11,0x4D,0xB0,0x63,0x11,0x4D,0xB0,0x63,0x11,0x4D,0xB0,0x63,0x11,0x4D,0xB0,0x63,0x11,0x4D,0xB0,0x63,0x11,0x4D,0xB0,0x63,0x11,0x4D,0xB0,0x63,0x11,0x4D,0xB0,0x63,0x11,0x4D,0xB0,0x63,0x11,0x4D,0xB0,0x63,0x11,0x4D,0xB0,0x63,0x11,0x4D,
    0xB0,0x63,0x11,0x4D,0xB0,0x63,0x11,0x4D,0xB0,0x63,0x11,0x4D,0xB0,0x63,0x11,0x4D,0xB0,0x63,0x11,0x4D,0xB0,0x63,0x11,0x4D,0xB0,0x63,0x11,0x4D,0xB0,0x63,0x11,0x4D,0xB0,0x63,0x11,0x4D,0xB0,0x63,0x11,0x4D,0xB0,0x63,0x11,0x4D,0xB0,0x63,0x11,0x4D,0xB0,0x63,0x11,0x4D,0xB0,0x63,0x11,0x4D,0xB0,0x63,0x11,0x4D,0xB0,0x63,0x11,0x4D,
    0xB0,0x63,0x11,0x4D,0xB0,0x63,0x11,0x4D,0xB0,0x63,0x11,0x4D,0xB0,0x63,0x11,0x4D,0xB0,0x63,0x11,0x4D,0xB0,0x63,0x11,0x4D,0xB0,0x63,0x11,0x4D,0xED,0xDA,0xC8,0xA6,0xED,0xDA,0xC8,0xA6,0xB0,0x63,0x11,0x4D,0xB0,0x63,0x11,0x4D,0xB0,0x63,0x11,0x4D,0xB0,0x63,0x11,0x4D,0xB0,0x63,0x11,0x4D,0xB0,0x63,0x11,0x4D,0xB0,0x63,0x11,0x4D,
    0xB0,0x63,0x11,0x4D,0xB0,0x63,0x11,0x4D,0xB0,0x63,0x11,0x4D,0xB0,0x63,0x11,0x4D,0xB0,0x63,0x11,0x4D,0xB0,0x63,0x11,0x4D,0xB0,0x63,0x11,0x4D,0xB0,0x63,0x11,0x4D,0xB0,0x63,0x11,0x4D,0xB0,0x63,0x11,0x4D,0xB0,0x63,0x11,0x4D,0xB0,0x63,0x11,0x4D,0xB0,0x63,0x11,0x4D,0xB0,0x63,0x11,0x4D,0xB0,0x63,0x11,0x4D,0xB0,0x63,0x11,0x4D,
    0xB0,0x63,0x11,0x4D,0xB0,0x63,0x11,0x4D,0xB0,0x63,0x11,0x4D,0xB0,0x63,0x11,0x4D,0xB0,0x63,0x11,0x4D,0xB0,0x63,0x11,0x4D,0xB0,0x63,0x11,0x4D,0xB0,0x63,0x11,0x4D,0xB0,0x63,0x11,0x4D,0xB0,0x63,0x11,0x4D,0xB0,0x63,0x11,0x4D,0xB0,0x63,0x11,0x4D,0xB0,0x63,0x11,0x4D,0xB0,0x63,0x11,0x4D,0xB0,0x63,0x11,0x4D,0xB0,0x63,0x11,0x4D,
    0xB0,0x63,0x11,0x4D,0xB0,0x63,0x11,0x4D,0xB0,0x63,0x11,0x4D,0xB0,0x63,0x11,0x4D,0xB0,0x63,0x11,0x4D,0xB0,0x63,0x11,0x4D,0xB0,0x63,0x11,0x4D,0xB0,0x63,0x11,0x4D,0xB0,0x63,0x11,0x4D,0xB0,0x63,0x11,0x4D,0xB0,0x63,0x11,0x4D,0xB0,0x63,0x11,0x4D,0xB0,0x63,0x11,0x4D,0xB0,0x63,0x11,0x4D,0xB0,0x63,0x11,0x4D,0xB0,0x63,0x11,0x4D,
    0xB0,0x63,0x11,0x4D,0xB0,0x63,0x11,0x4D,0xB0,0x63,0x11,0x4D,0xB0,0x63,0x11,0x4D,0xB0,0x63,0x11,0x4D,0xB0,0x63,0x11,0x4D,0xB0,0x63,0x11,0x4D,0xB0,0x63,0x11,0x4D,0xB0,0x63,0x11,0x4D,0xB0,0x63,0x11,0x4D,0xB0,0x63,0x11,0x4D,0xB0,0x63,0x11,0x4D,0xB0,0x63,0x11,0x4D,0xB0,0x63,0x11,0x4D,0xB0,0x63,0x11,0x4D,0xB0,0x63,0x11,0x4D,
    0xB0,0x63,0x11,0x4D,0xB0,0x63,0x11,0x4D,0xB0,0x63,0x11,0x4D,0xB0,0x63,0x11,0x4D,0xB0,0x63,0x11,0x4D,0xB0,0x63,0x11,0x4D,0xB0,0x63,0x11,0x4D,0xB0,0x63,0x11,0x4D,0xB0,0x63,0x11,0x4D,0xB0,0x63,0x11,0x4D,0xB0,0x63,0x11,0x4D,0xB0,0x63,0x11,0x4D,0xB0,0x63,0x11,0x4D,0xB0,0x63,0x11,0x4D,0xB0,0x63,0x11,0x4D,0xB0,0x63,0x11,0x4D,
    0xB0,0x63,0x11,0x4D,0xB0,0x63,0x11,0x4D,0xB0,0x63,0x11,0x4D,0xB0,0x63,0x11,0x4D,0xB0,0x63,0x11,0x4D,0xB0,0x63,0x11,0x4D,0xB0,0x63,0x11,0x4D,0xB0,0x63,0x11,0x4D,0xB0,0x63,0x11,0x4D,0xB0,0x63,0x11,0x4D,0xB0,0x63,0x11,0x4D,0xB0,0x63,0x11,0x4D,0xB0,0x63,0x11,0x4D,0xB0,0x63,0x11,0x4D,0xB0,0x63,0x11,0x4D,0xB0,0x63,0x11,0x4D,
    0xB0,0x63,0x11,0x4D,0xB0,0x63,0x11,0x4D,0xB0,0x63,0x11,0x4D,0xB0,0x63,0x11,0x4D,0xB0,0x63,0x11,0x4D,0xB0,0x63,0x11,0x4D,0xB0,0x63,0x11,0x4D,0xB0,0x63,0x11,0x4D,0xB0,0x63,0x11,0x4D,0xB0,0x63,0x11,0x4D,0xB0,0x63,0x11,0x4D,0xB0,0x63,0x11,0x4D,0xB0,0x63,0x11,0x4D,0xB0,0x63,0x11,0x4D,0xB0,0x63,0x11,0x4D,0xB0,0x63,0x11,0x4D,
    0xB0,0x63,0x11,0x4D,0xB0,0x63,0x11,0x4D,0xB0,0x63,0x11,0x4D,0xB0,0x63,0x11,0x4D,0xB0,0x63,0x11,0x4D,0xB0,0x63,0x11,0x4D,0xB0,0x63,0x11,0x4D,0xB0,0x63,0x11,0x4D,0xB0,0x63,0x11,0x4D,0xB0,0x63,0x11,0x4D,0xB0,0x63,0x11,0x4D,0xB0,0x63,0x11,0x4D,0xB0,0x63,0x11,0x4D,0xB0,0x63,0x11,0x4D,0xB0,0x63,0x11,0x4D,0xB0,0x63,0x11,0x4D,
    0xB0,0x63,0x11,0x4D,0xB0,0x63,0x11,0x4D,0xB0,0x63,0x11,0x4D,0xB0,0x63,0x11,0x4D,0xB0,0x63,0x11,0x4D,0xB0,0x63,0x11,0x4D,0xB0,0x63,0x11,0x4D,0xB0,0x63,0x11,0x4D,0xB0,0x63,0x11,0x4D,0xB0,0x63,0x11,0x4D,0xB0,0x63,0x11,0x4D,0xB0,0x63,0x11,0x4D,0xB0,0x63,0x11,0x4D,0xB0,0x63,0x11,0x4D,0xB0,0x63,0x11,0x4D,0xB0,0x63,0x11,0x4D,
    0xB0,0x63,0x11,0x4D,0xB0,0x63,0x11,0x4D,0xB0,0x63,0x11,0x4D,0xB0,0x63,0x11,0x4D,0xB0,0x63,0x11,0x4D,0xB0,0x63,0x11,0x4D,0xB0,0x63,0x11,0x4D,0xB0,0x63,0x11,0x4D,0xB0,0x63,0x11,0x4D,0xB0,0x63,0x11,0x4D,0xB0,0x63,0x11,0x4D,0xB0,0x63,0x11,0x4D,0xB0,0x63,0x11,0x4D,0xB0,0x63,0x11,0x4D,0xB0,0x63,0x11,0x4D,0xB0,0x63,0x11,0x4D,
    0xB0,0x63,0x11,0x4D,0xB0,0x63,0x11,0x4D,0xB0,0x63,0x11,0x4D,0xB0,0x63,0x11,0x4D,0xB0,0x63,0x11,0x4D,0xB0,0x63,0x11,0x4D,0xB0,0x63,0x11,0x4D,0xB0,0x63,0x11,0x4D,0xB0,0x63,0x11,0x4D,0xB0,0x63,0x11,0x4D,0xB0,0x63,0x11,0x4D,0xED,0xDA,0xC8,0xA6,0xED,0xDA,0xC8,0xA6,0xB0,0x63,0x11,0x4D,0xB0,0x63,0x11,0x4D,0xB0,0x63,0x11,0x4D,
    0xB0,0x63,0x11,0x4D,0xB0,0x63,0x11,0x4D,0xB0,0x63,0x11,0x4D,0xB0,0x63,0x11,0x4D,0xB0,0x63,0x11,0x4D,0xB0,0x63,0x11,0x4D,0xB0,0x63,0x11,0x4D,0xB0,0x63,0x11,0x4D,0xB0,0x63,0x11,0x4D,0xB0,0x63,0x11,0x4D,0xB0,0x63,0x11,0x4D,0xB0,0x63,0x11,0x4D,0xB0,0x63,0x11,0x4D,0xB0,0x63,0x11,0x4D,0xB0,0x63,0x11,0x4D,0xB0,0x63,0x11,0x4D,
    0xB0,0x63,0x11,0x4D,0xB0,0x63,0x11,0x4D,0xB0,0x63,0x11,0x4D,0xB0,0x63,0x11,0x4D,0xB0,0x63,0x11,0x4D,0xB0,0x63,0x11,0x4D,0xB0,0x63,0x11,0x4D,0xB0,0x63,0x11,0x4D,0xB0,0x63,0x11,0x4D,0xB0,0x63,0x11,0x4D,0xB0,0x63,0x11,0x4D,0xB0,0x63,0x11,0x4D,0xB0,0x63,0x11,0x4D,0xB0,0x63,0x11,0x4D,0xB0,0x63,0x11,0x4D,0xB0,0x63,0x11,0x4D,
    0xB0,0x63,0x11,0x4D,0xB0,0x63,0x11,0x4D,0xB0,0x63,0x11,0x4D,0xB0,0x63,0x11,0x4D,0xB0,0x63,0x11,0x4D,0xB0,0x63,0x11,0x4D,0xB0,0x63,0x11,0x4D,0xB0,0x63,0x11,0x4D,0xB0,0x63,0x11,0x4D,0xB0,0x63,0x11,0x4D,0xB0,0x63,0x11,0x4D,0xB0,0x63,0x11,0x4D,0xB0,0x63,0x11,0x4D,0xB0,0x63,0x11,0x4D,0xB0,0x63,0x11,0x4D,0xB0,0x63,0x11,0x4D,
    0xB0,0x63,0x11,0x4D,0xB0,0x63,0x11,0x4D,0xB0,0x63,0x11,0x4D,0xB0,0x63,0x11,0x4D,0xB0,0x63,0x11,0x4D,0xB0,0x63,0x11,0x4D,0xB0,0x63,0x11,0x4D,0xB0,0x63,0x11,0x4D,0xB0,0x63,0x11,0x4D,0xB0,0x63,0x11,0x4D,0xB0,0x63,0x11,0x4D,0xB0,0x63,0x11,0x4D,0xB0,0x63,0x11,0x4D,0xB0,0x63,0x11,0x4D,0xB0,0x63,0x11,0x4D,0xB0,0x63,0x11,0x4D,
    0xB0,0x63,0x11,0x4D,0xB0,0x63,0x11,0x4D,0xB0,0x63,0x11,0x4D,0xB0,0x63,0x11,0x4D,0xB0,0x63,0x11,0x4D,0xB0,0x63,0x11,0x4D,0xB0,0x63,0x11,0x4D,0xB0,0x63,0x11,0x4D,0xB0,0x63,0x11,0x4D,0xB0,0x63,0x11,0x4D,0xB0,0x63,0x11,0x4D,0xB0,0x63,0x11,0x4D,0xB0,0x63,0x11,0x4D,0xB0,0x63,0x11,0x4D,0xB0,0x63,0x11,0x4D,0xB0,0x63,0x11,0x4D,
    0xB0,0x63,0x11,0x4D,0xB0,0x63,0x11,0x4D,0xB0,0x63,0x11,0x4D,0xB0,0x63,0x11,0x4D,0xB0,0x63,0x11,0x4D,0xB0,0x63,0x11,0x4D,0xB0,0x63,0x11,0x4D,0xB0,0x63,0x11,0x4D,0xB0,0x63,0x11,0x4D,0xB0,0x63,0x11,0x4D,0xB0,0x63,0x11,0x4D,0xB0,0x63,0x11,0x4D,0xB0,0x63,0x11,0x4D,0xB0,0x63,0x11,0x4D,0xB0,0x63,0x11,0x4D,0xB0,0x63,0x11,0x4D,
    0xB0,0x63,0x11,0x4D,0xB0,0x63,0x11,0x4D,0xB0,0x63,0x11,0x4D,0xB0,0x63,0x11,0x4D,0xB0,0x63,0x11,0x4D,0xB0,0x63,0x11,0x4D,0xB0,0x63,0x11,0x4D,0xB0,0x63,0x11,0x4D,0xB0,0x63,0x11,0x4D,0xB0,0x63,0x11,0x4D,0xB0,0x63,0x11,0x4D,0xB0,0x63,0x11,0x4D,0xB0,0x63,0x11,0x4D,0xB0,0x63,0x11,0x4D,0xB0,0x63,0x11,0x4D,0xB0,0x63,0x11,0x4D,
    0xB0,0x63,0x11,0x4D,0xB0,0x63,0x11,0x4D,0xB0,0x63,0x11,0x4D,0xB0,0x63,0x11,0x4D,0xB0,0x63,0x11,0x4D,0xB0,0x63,0x11,0x4D,0xB0,0x63,0x11,0x4D,0xB0,0x63,0x11,0x4D,0xB0,0x63,0x11,0x4D,0xB0,0x63,0x11,0x4D,0xB0,0x63,0x11,0x4D,0xB0,0x63,0x11,0x4D,0xB0,0x63,0x11,0x4D,0xB0,0x63,0x11,0x4D,0xB0,0x63,0x11,0x4D,0xB0,0x63,0x11,0x4D,
    0xB0,0x63,0x11,0x4D,0xB0,0x63,0x11,0x4D,0xB0,0x63,0x11,0x4D,0xB0,0x63,0x11,0x4D,0xB0,0x63,0x11,0x4D,0xB0,0x63,0x11,0x4D,0xB0,0x63,0x11,0x4D,0xB0,0x63,0x11,0x4D,0xB0,0x63,0x11,0x4D,0xB0,0x63,0x11,0x4D,0xB0,0x63,0x11,0x4D,0xB0,0x63,0x11,0x4D,0xB0,0x63,0x11,0x4D,0xB0,0x63,0x11,0x4D,0xB0,0x63,0x11,0x4D,0xB0,0x63,0x11,0x4D,
    0xB0,0x63,0x11,0x4D,0xB0,0x63,0x11,0x4D,0xB0,0x63,0x11,0x4D,0xB0,0x63,0x11,0x4D,0xB0,0x63,0x11,0x4D,0xB0,0x63,0x11,0x4D,0xB0,0x63,0x11,0x4D,0xB0,0x63,0x11,0x4D,0xB0,0x63,0x11,0x4D,0xB0,0x63,0x11,0x4D,0xB0,0x63,0x11,0x4D,0xB0,0x63,0x11,0x4D,0xB0,0x63,0x11,0x4D,0xB0,0x63,0x11,0x4D,0xB0,0x63,0x11,0x4D,0xB0,0x63,0x11,0x4D,
    0xB0,0x63,0x11,0x4D,0xB0,0x63,0x11,0x4D,0xB0,0x63,0x11,0x4D,0xB0,0x63,0x11,0x4D,0xB0,0x63,0x11,0x4D,0xB0,0x63,0x11,0x4D,0xB0,0x63,0x11,0x4D,0xB0,0x63,0x11,0x4D,0xB0,0x63,0x11,0x4D,0xB0,0x63,0x11,0x4D,0xB0,0x63,0x11,0x4D,0xB0,0x63,0x11,0x4D,0xB0,0x63,0x11,0x4D,0xB0,0x63,0x11,0x4D,0xB0,0x63,0x11,0x4D,0xED,0xDA,0xC8,0xA6,
    0xED,0xDA,0xC8,0xA6,0xB0,0x63,0x11,0x4D,0xB0,0x63,0x11,0x4D,0xB0,0x63,0x11,0x4D,0xB0,0x63,0x11,0x4D,0xB0,0x63,0x11,0x4D,0xB0,0x63,0x11,0x4D,0xB0,0x63,0x11,0x4D,0xB0,0x63,0x11,0x4D,0xB0,0x63,0x11,0x4D,0xB0,0x63,0x11,0x4D,0xB0,0x63,0x11,0x4D,0xB0,0x63,0x11,0x4D,0xB0,0x63,0x11,0x4D,0xB0,0x63,0x11,0x4D,0xB0,0x63,0x11,0x4D,
    0xB0,0x63,0x11,0x4D,0xB0,0x63,0x11,0x4D,0xB0,0x63,0x11,0x4D,0xB0,0x63,0x11,0x4D,0xB0,0x63,0x11,0x4D,0xB0,0x63,0x11,0x4D,0xB0,0x63,0x11,0x4D,0xB0,0x63,0x11,0x4D,0xB0,0x63,0x11,0x4D,0xB0,0x63,0x11,0x4D,0xB0,0x63,0x11,0x4D,0xB0,0x63,0x11,0x4D,0xB0,0x63,0x11,0x4D,0xB0,0x63,0x11,0x4D,0xB0,0x63,0x11,0x4D,0xB0,0x63,0x11,0x4D,
    0xB0,0x63,0x11,0x4D,0xB0,0x63,0x11,0x4D,0xB0,0x63,0x11,0x4D,0xB0,0x63,0x11,0x4D,0xB0,0x63,0x11,0x4D,0xB0,0x63,0x11,0x4D,0xB0,0x63,0x11,0x4D,0xB0,0x63,0x11,0x4D,0xB0,0x63,0x11,0x4D,0xB0,0x63,0x11,0x4D,0xB0,0x63,0x11,0x4D,0xB0,0x63,0x11,0x4D,0xB0,0x63,0x11,0x4D,0xB0,0x63,0x11,0x4D,0xB0,0x63,0x11,0x4D,0xB0,0x63,0x11,0x4D,
    0xB0,0x63,0x11,0x4D,0xB0,0x63,0x11,0x4D,0xB0,0x63,0x11,0x4D,0xB0,0x63,0x11,0x4D,0xB0,0x63,0x11,0x4D,0xB0,0x63,0x11,0x4D,0xB0,0x63,0x11,0x4D,0xB0,0x63,0x11,0x4D,0xB0,0x63,0x11,0x4D,0xB0,0x63,0x11,0x4D,0xB0,0x63,0x11,0x4D,0xB0,0x63,0x11,0x4D,0xB0,0x63,0x11,0x4D,0xB0,0x63,0x11,0x4D,0xB0,0x63,0x11,0x4D,0xB0,0x63,0x11,0x4D,
    0xB0,0x63,0x11,0x4D,0xB0,0x63,0x11,0x4D,0xB0,0x63,0x11,0x4D,0xB0,0x63,0x11,0x4D,0xB0,0x63,0x11,0x4D,0xB0,0x63,0x11,0x4D,0xB0,0x63,0x11,0x4D,0xB0,0x63,0x11,0x4D,0xB0,0x63,0x11,0x4D,0xB0,0x63,0x11,0x4D,0xB0,0x63,0x11,0x4D,0xB0,0x63,0x11,0x4D,0xB0,0x63,0x11,0x4D,0xB0,0x63,0x11,0x4D,0xB0,0x63,0x11,0x4D,0xB0,0x63,0x11,0x4D,
    0xB0,0x63,0x11,0x4D,0xB0,0x63,0x11,0x4D,0xB0,0x63,0x11,0x4D,0xB0,0x63,0x11,0x4D,0xB0,0x63,0x11,0x4D,0xB0,0x63,0x11,0x4D,0xB0,0x63,0x11,0x4D,0xB0,0x63,0x11,0x4D,0xB0,0x63,0x11,0x4D,0xB0,0x63,0x11,0x4D,0xB0,0x63,0x11,0x4D,0xB0,0x63,0x11,0x4D,0xB0,0x63,0x11,0x4D,0xB0,0x63,0x11,0x4D,0xB0,0x63,0x11,0x4D,0xB0,0x63,0x11,0x4D,
    0xB0,0x63,0x11,0x4D,0xB0,0x63,0x11,0x4D,0xB0,0x63,0x11,0x4D,0xB0,0x63,0x11,0x4D,0xB0,0x63,0x11,0x4D,0xB0,0x63,0x11,0x4D,0xB0,0x63,0x11,0x4D,0xB0,0x63,0x11,0x4D,0xB0,0x63,0x11,0x4D,0xB0,0x63,0x11,0x4D,0xB0,0x63,0x11,0x4D,0xB0,0x63,0x11,0x4D,0xB0,0x63,0x11,0x4D,0xB0,0x63,0x11,0x4D,0xB0,0x63,0x11,0x4D,0xB0,0x63,0x11,0x4D,
    0xB0,0x63,0x11,0x4D,0xB0,0x63,0x11,0x4D,0xB0,0x63,0x11,0x4D,0xB0,0x63,0x11,0x4D,0xB0,0x63,0x11,0x4D,0xB0,0x63,0x11,0x4D,0xB0,0x63,0x11,0x4D,0xB0,0x63,0x11,0x4D,0xB0,0x63,0x11,0x4D,0xB0,0x63,0x11,0x4D,0xB0,0x63,0x11,0x4D,0xB0,0x63,0x11,0x4D,0xB0,0x63,0x11,0x4D,0xB0,0x63,0x11,0x4D,0xB0,0x63,0x11,0x4D,0xB0,0x63,0x11,0x4D,
    0xB0,0x63,0x11,0x4D,0xB0,0x63,0x11,0x4D,0xB0,0x63,0x11,0x4D,0xB0,0x63,0x11,0x4D,0xB0,0x63,0x11,0x4D,0xB0,0x63,0x11,0x4D,0xB0,0x63,0x11,0x4D,0xB0,0x63,0x11,0x4D,0xB0,0x63,0x11,0x4D,0xB0,0x63,0x11,0x4D,0xB0,0x63,0x11,0x4D,0xB0,0x63,0x11,0x4D,0xB0,0x63,0x11,0x4D,0xB0,0x63,0x11,0x4D,0xB0,0x63,0x11,0x4D,0xB0,0x63,0x11,0x4D,
    0xB0,0x63,0x11,0x4D,0xB0,0x63,0x11,0x4D,0xB0,0x63,0x11,0x4D,0xB0,0x63,0x11,0x4D,0xB0,0x63,0x11,0x4D,0xB0,0x63,0x11,0x4D,0xB0,0x63,0x11,0x4D,0xB0,0x63,0x11,0x4D,0xB0,0x63,0x11,0x4D,0xB0,0x63,0x11,0x4D,0xB0,0x63,0x11,0x4D,0xB0,0x63,0x11,0x4D,0xB0,0x63,0x11,0x4D,0xB0,0x63,0x11,0x4D,0xB0,0x63,0x11,0x4D,0xB0,0x63,0x11,0x4D,
    0xB0,0x63,0x11,0x4D,0xB0,0x63,0x11,0x4D,0xB0,0x63,0x11,0x4D,0xB0,0x63,0x11,0x4D,0xB0,0x63,0x11,0x4D,0xB0,0x63,0x11,0x4D,0xB0,0x63,0x11,0x4D,0xB0,0x63,0x11,0x4D,0xB0,0x63,0x11,0x4D,0xB0,0x63,0x11,0x4D,0xB0,0x63,0x11,0x4D,0xB0,0x63,0x11,0x4D,0xB0,0x63,0x11,0x4D,0xB0,0x63,0x11,0x4D,0xB0,0x63,0x11,0x4D,0xB0,0x63,0x11,0x4D,
    0xB0,0x63,0x11,0x4D,0xB0,0x63,0x11,0x4D,0xB0,0x63,0x11,0x4D,0xED,0xDA,0xC8,0xA6,0xED,0xDA,0xC8,0xA6,0xB0,0x63,0x11,0x4D,0xB0,0x63,0x11,0x4D,0xB0,0x63,0x11,0x4D,0xB0,0x63,0x11,0x4D,0xB0,0x63,0x11,0x4D,0xB0,0x63,0x11,0x4D,0xB0,0x63,0x11,0x4D,0xB0,0x63,0x11,0x4D,0xB0,0x63,0x11,0x4D,0xB0,0x63,0x11,0x4D,0xB0,0x63,0x11,0x4D,
    0xB0,0x63,0x11,0x4D,0xB0,0x63,0x11,0x4D,0xB0,0x63,0x11,0x4D,0xB0,0x63,0x11,0x4D,0xB0,0x63,0x11,0x4D,0xB0,0x63,0x11,0x4D,0xB0,0x63,0x11,0x4D,0xB0,0x63,0x11,0x4D,0xB0,0x63,0x11,0x4D,0xB0,0x63,0x11,0x4D,0xB0,0x63,0x11,0x4D,0xB0,0x63,0x11,0x4D,0xB0,0x63,0x11,0x4D,0xB0,0x63,0x11,0x4D,0xB0,0x63,0x11,0x4D,0xB0,0x63,0x11,0x4D,
    0xB0,0x63,0x11,0x4D,0xB0,0x63,0x11,0x4D,0xB0,0x63,0x11,0x4D,0xB0,0x63,0x11,0x4D,0xB0,0x63,0x11,0x4D,0xB0,0x63,0x11,0x4D,0xB0,0x63,0x11,0x4D,0xB0,0x63,0x11,0x4D,0xB0,0x63,0x11,0x4D,0xB0,0x63,0x11,0x4D,0xB0,0x63,0x11,0x4D,0xB0,0x63,0x11,0x4D,0xB0,0x63,0x11,0x4D,0xB0,0x63,0x11,0x4D,0xB0,0x63,0x11,0x4D,0xB0,0x63,0x11,0x4D,
    0xB0,0x63,0x11,0x4D,0xB0,0x63,0x11,0x4D,0xB0,0x63,0x11,0x4D,0xB0,0x63,0x11,0x4D,0xB0,0x63,0x11,0x4D,0xB0,0x63,0x11,0x4D,0xB0,0x63,0x11,0x4D,0xB0,0x63,0x11,0x4D,0xB0,0x63,0x11,0x4D,0xB0,0x63,0x11,0x4D,0xB0,0x63,0x11,0x4D,0xB0,0x63,0x11,0x4D,0xB0,0x63,0x11,0x4D,0xB0,0x63,0x11,0x4D,0xB0,0x63,0x11,0x4D,0xB0,0x63,0x11,0x4D,
    0xB0,0x63,0x11,0x4D,0xB0,0x63,0x11,0x4D,0xB0,0x63,0x11,0x4D,0xB0,0x63,0x11,0x4D,0xB0,0x63,0x11,0x4D,0xB0,0x63,0x11,0x4D,0xB0,0x63,0x11,0x4D,0xB0,0x63,0x11,0x4D,0xB0,0x63,0x11,0x4D,0xB0,0x63,0x11,0x4D,0xB0,0x63,0x11,0x4D,0xB0,0x63,0x11,0x4D,0xB0,0x63,0x11,0x4D,0xB0,0x63,0x11,0x4D,0xB0,0x63,0x11,0x4D,0xB0,0x63,0x11,0x4D,
    0xB0,0x63,0x11,0x4D,0xB0,0x63,0x11,0x4D,0xB0,0x63,0x11,0x4D,0xB0,0x63,0x11,0x4D,0xB0,0x63,0x11,0x4D,0xB0,0x63,0x11,0x4D,0xB0,0x63,0x11,0x4D,0xB0,0x63,0x11,0x4D,0xB0,0x63,0x11,0x4D,0xB0,0x63,0x11,0x4D,0xB0,0x63,0x11,0x4D,0xB0,0x63,0x11,0x4D,0xB0,0x63,0x11,0x4D,0xB0,0x63,0x11,0x4D,0xB0,0x63,0x11,0x4D,0xB0,0x63,0x11,0x4D,
    0xB0,0x63,0x11,0x4D,0xB0,0x63,0x11,0x4D,0xB0,0x63,0x11,0x4D,0xB0,0x63,0x11,0x4D,0xB0,0x63,0x11,0x4D,0xB0,0x63,0x11,0x4D,0xB0,0x63,0x11,0x4D,0xB0,0x63,0x11,0x4D,0xB0,0x63,0x11,0x4D,0xB0,0x63,0x11,0x4D,0xB0,0x63,0x11,0x4D,0xB0,0x63,0x11,0x4D,0xB0,0x63,0x11,0x4D,0xB0,0x63,0x11,0x4D,0xB0,0x63,0x11,0x4D,0xB0,0x63,0x11,0x4D,
    0xB0,0x63,0x11,0x4D,0xB0,0x63,0x11,0x4D,0xB0,0x63,0x11,0x4D,0xB0,0x63,0x11,0x4D,0xB0,0x63,0x11,0x4D,0xB0,0x63,0x11,0x4D,0xB0,0x63,0x11,0x4D,0xB0,0x63,0x11,0x4D,0xB0,0x63,0x11,0x4D,0xB0,0x63,0x11,0x4D,0xB0,0x63,0x11,0x4D,0xB0,0x63,0x11,0x4D,0xB0,0x63,0x11,0x4D,0xB0,0x63,0x11,0x4D,0xB0,0x63,0x11,0x4D,0xB0,0x63,0x11,0x4D,
    0xB0,0x63,0x11,0x4D,0xB0,0x63,0x11,0x4D,0xB0,0x63,0x11,0x4D,0xB0,0x63,0x11,0x4D,0xB0,0x63,0x11,0x4D,0xB0,0x63,0x11,0x4D,0xB0,0x63,0x11,0x4D,0xB0,0x63,0x11,0x4D,0xB0,0x63,0x11,0x4D,0xB0,0x63,0x11,0x4D,0xB0,0x63,0x11,0x4D,0xB0,0x63,0x11,0x4D,0xB0,0x63,0x11,0x4D,0xB0,0x63,0x11,0x4D,0xB0,0x63,0x11,0x4D,0xB0,0x63,0x11,0x4D,
    0xB0,0x63,0x11,0x4D,0xB0,0x63,0x11,0x4D,0xB0,0x63,0x11,0x4D,0xB0,0x63,0x11,0x4D,0xB0,0x63,0x11,0x4D,0xB0,0x63,0x11,0x4D,0xB0,0x63,0x11,0x4D,0xB0,0x63,0x11,0x4D,0xB0,0x63,0x11,0x4D,0xB0,0x63,0x11,0x4D,0xB0,0x63,0x11,0x4D,0xB0,0x63,0x11,0x4D,0xB0,0x63,0x11,0x4D,0xB0,0x63,0x11,0x4D,0xB0,0x63,0x11,0x4D,0xB0,0x63,0x11,0x4D,
    0xB0,0x63,0x11,0x4D,0xB0,0x63,0x11,0x4D,0xB0,0x63,0x11,0x4D,0xB0,0x63,0x11,0x4D,0xB0,0x63,0x11,0x4D,0xB0,0x63,0x11,0x4D,0xB0,0x63,0x11,0x4D,0xB0,0x63,0x11,0x4D,0xB0,0x63,0x11,0x4D,0xB0,0x63,0x11,0x4D,0xB0,0x63,0x11,0x4D,0xB0,0x63,0x11,0x4D,0xB0,0x63,0x11,0x4D,0xB0,0x63,0x11,0x4D,0xB0,0x63,0x11,0x4D,0xB0,0x63,0x11,0x4D,
    0xB0,0x63,0x11,0x4D,0xB0,0x63,0x11,0x4D,0xB0,0x63,0x11,0x4D,0xB0,0x63,0x11,0x4D,0xB0,0x63,0x11,0x4D,0xB0,0x63,0x11,0x4D,0xB0,0x63,0x11,0x4D,0xED,0xDA,0xC8,0xA6,0xED,0xDA,0xC8,0xA6,0xB0,0x63,0x11,0x4D,0xB0,0x63,0x11,0x4D,0xB0,0x63,0x11,0x4D,0xB0,0x63,0x11,0x4D,0xB0,0x63,0x11,0x4D,0xB0,0x63,0x11,0x4D,0xB0,0x63,0x11,0x4D,
    0xB0,0x63,0x11,0x4D,0xB0,0x63,0x11,0x4D,0xB0,0x63,0x11,0x4D,0xB0,0x63,0x11,0x4D,0xB0,0x63,0x11,0x4D,0xB0,0x63,0x11,0x4D,0xB0,0x63,0x11,0x4D,0xB0,0x63,0x11,0x4D,0xB0,0x63,0x11,0x4D,0xB0,0x63,0x11,0x4D,0xB0,0x63,0x11,0x4D,0xB0,0x63,0x11,0x4D,0xB0,0x63,0x11,0x4D,0xB0,0x63,0x11,0x4D,0xB0,0x63,0x11,0x4D,0xB0,0x63,0x11,0x4D,
    0xB0,0x63,0x11,0x4D,0xB0,0x63,0x11,0x4D,0xB0,0x63,0x11,0x4D,0xB0,0x63,0x11,0x4D,0xB0,0x63,0x11,0x4D,0xB0,0x63,0x11,0x4D,0xB0,0x63,0x11,0x4D,0xB0,0x63,0x11,0x4D,0xB0,0x63,0x11,0x4D,0xB0,0x63,0x11,0x4D,0xB0,0x63,0x11,0x4D,0xB0,0x63,0x11,0x4D,0xB0,0x63,0x11,0x4D,0xB0,0x63,0x11,0x4D,0xB0,0x63,0x11,0x4D,0xB0,0x63,0x11,0x4D,
    0xB0,0x63,0x11,0x4D,0xB0,0x63,0x11,0x4D,0xB0,0x63,0x11,0x4D,0xB0,0x63,0x11,0x4D,0xB0,0x63,0x11,0x4D,0xB0,0x63,0x11,0x4D,0xB0,0x63,0x11,0x4D,0xB0,0x63,0x11,0x4D,0xB0,0x63,0x11,0x4D,0xB0,0x63,0x11,0x4D,0xB0,0x63,0x11,0x4D,0xB0,0x63,0x11,0x4D,0xB0,0x63,0x11,0x4D,0xB0,0x63,0x11,0x4D,0xB0,0x63,0x11,0x4D,0xB0,0x63,0x11,0x4D,
    0xB0,0x63,0x11,0x4D,0xB0,0x63,0x11,0x4D,0xB0,0x63,0x11,0x4D,0xB0,0x63,0x11,0x4D,0xB0,0x63,0x11,0x4D,0xB0,0x63,0x11,0x4D,0xB0,0x63,0x11,0x4D,0xB0,0x63,0x11,0x4D,0xB0,0x63,0x11,0x4D,0xB0,0x63,0x11,0x4D,0xB0,0x63,0x11,0x4D,0xB0,0x63,0x11,0x4D,0xB0,0x63,0x11,0x4D,0xB0,0x63,0x11,0x4D,0xB0,0x63,0x11,0x4D,0xB0,0x63,0x11,0x4D,
    0xB0,0x63,0x11,0x4D,0xB0,0x63,0x11,0x4D,0xB0,0x63,0x11,0x4D,0xB0,0x63,0x11,0x4D,0xB0,0x63,0x11,0x4D,0xB0,0x63,0x11,0x4D,0xB0,0x63,0x11,0x4D,0xB0,0x63,0x11,0x4D,0xB0,0x63,0x11,0x4D,0xB0,0x63,0x11,0x4D,0xB0,0x63,0x11,0x4D,0xB0,0x63,0x11,0x4D,0xB0,0x63,0x11,0x4D,0xB0,0x63,0x11,0x4D,0xB0,0x63,0x11,0x4D,0xB0,0x63,0x11,0x4D,
    0xB0,0x63,0x11,0x4D,0xB0,0x63,0x11,0x4D,0xB0,0x63,0x11,0x4D,0xB0,0x63,0x11,0x4D,0xB0,0x63,0x11,0x4D,0xB0,0x63,0x11,0x4D,0xB0,0x63,0x11,0x4D,0xB0,0x63,0x11,0x4D,0xB0,0x63,0x11,0x4D,0xB0,0x63,0x11,0x4D,0xB0,0x63,0x11,0x4D,0xB0,0x63,0x11,0x4D,0xB0,0x63,0x11,0x4D,0xB0,0x63,0x11,0x4D,0xB0,0x63,0x11,0x4D,0xB0,0x63,0x11,0x4D,
    0xB0,0x63,0x11,0x4D,0xB0,0x63,0x11,0x4D,0xB0,0x63,0x11,0x4D,0xB0,0x63,0x11,0x4D,0xB0,0x63,0x11,0x4D,0xB0,0x63,0x11,0x4D,0xB0,0x63,0x11,0x4D,0xB0,0x63,0x11,0x4D,0xB0,0x63,0x11,0x4D,0xB0,0x63,0x11,0x4D,0xB0,0x63,0x11,0x4D,0xB0,0x63,0x11,0x4D,0xB0,0x63,0x11,0x4D,0xB0,0x63,0x11,0x4D,0xB0,0x63,0x11,0x4D,0xB0,0x63,0x11,0x4D,
    0xB0,0x63,0x11,0x4D,0xB0,0x63,0x11,0x4D,0xB0,0x63,0x11,0x4D,0xB0,0x63,0x11,0x4D,0xB0,0x63,0x11,0x4D,0xB0,0x63,0x11,0x4D,0xB0,0x63,0x11,0x4D,0xB0,0x63,0x11,0x4D,0xB0,0x63,0x11,0x4D,0xB0,0x63,0x11,0x4D,0xB0,0x63,0x11,0x4D,0xB0,0x63,0x11,0x4D,0xB0,0x63,0x11,0x4D,0xB0,0x63,0x11,0x4D,0xB0,0x63,0x11,0x4D,0xB0,0x63,0x11,0x4D,
    0xB0,0x63,0x11,0x4D,0xB0,0x63,0x11,0x4D,0xB0,0x63,0x11,0x4D,0xB0,0x63,0x11,0x4D,0xB0,0x63,0x11,0x4D,0xB0,0x63,0x11,0x4D,0xB0,0x63,0x11,0x4D,0xB0,0x63,0x11,0x4D,0xB0,0x63,0x11,0x4D,0xB0,0x63,0x11,0x4D,0xB0,0x63,0x11,0x4D,0xB0,0x63,0x11,0x4D,0xB0,0x63,0x11,0x4D,0xB0,0x63,0x11,0x4D,0xB0,0x63,0x11,0x4D,0xB0,0x63,0x11,0x4D,
    0xB0,0x63,0x11,0x4D,0xB0,0x63,0x11,0x4D,0xB0,0x63,0x11,0x4D,0xB0,0x63,0x11,0x4D,0xB0,0x63,0x11,0x4D,0xB0,0x63,0x11,0x4D,0xB0,0x63,0x11,0x4D,0xB0,0x63,0x11,0x4D,0xB0,0x63,0x11,0x4D,0xB0,0x63,0x11,0x4D,0xB0,0x63,0x11,0x4D,0xB0,0x63,0x11,0x4D,0xB0,0x63,0x11,0x4D,0xB0,0x63,0x11,0x4D,0xB0,0x63,0x11,0x4D,0xB0,0x63,0x11,0x4D,
    0xB0,0x63,0x11,0x4D,0xB0,0x63,0x11,0x4D,0xB0,0x63,0x11,0x4D,0xB0,0x63,0x11,0x4D,0xB0,0x63,0x11,0x4D,0xB0,0x63,0x11,0x4D,0xB0,0x63,0x11,0x4D,0xB0,0x63,0x11,0x4D,0xB0,0x63,0x11,0x4D,0xB0,0x63,0x11,0x4D,0xB0,0x63,0x11,0x4D,0xED,0xDA,0xC8,0xA6,0xED,0xDA,0xC8,0xA6,0xB0,0x63,0x11,0x4D,0xB0,0x63,0x11,0x4D,0xB0,0x63,0x11,0x4D,
    0xB0,0x63,0x11,0x4D,0xB0,0x63,0x11,0x4D,0xB0,0x63,0x11,0x4D,0xB0,0x63,0x11,0x4D,0xB0,0x63,0x11,0x4D,0xB0,0x63,0x11,0x4D,0xB0,0x63,0x11,0x4D,0xB0,0x63,0x11,0x4D,0xB0,0x63,0x11,0x4D,0xB0,0x63,0x11,0x4D,0xB0,0x63,0x11,0x4D,0xB0,0x63,0x11,0x4D,0xB0,0x63,0x11,0x4D,0xB0,0x63,0x11,0x4D,0xB0,0x63,0x11,0x4D,0xB0,0x63,0x11,0x4D,
    0xB0,0x63,0x11,0x4D,0xB0,0x63,0x11,0x4D,0xB0,0x63,0x11,0x4D,0xB0,0x63,0x11,0x4D,0xB0,0x63,0x11,0x4D,0xB0,0x63,0x11,0x4D,0xB0,0x63,0x11,0x4D,0xB0,0x63,0x11,0x4D,0xB0,0x63,0x11,0x4D,0xB0,0x63,0x11,0x4D,0xB0,0x63,0x11,0x4D,0xB0,0x63,0x11,0x4D,0xB0,0x63,0x11,0x4D,0xB0,0x63,0x11,0x4D,0xB0,0x63,0x11,0x4D,0xB0,0x63,0x11,0x4D,
    0xB0,0x63,0x11,0x4D,0xB0,0x63,0x11,0x4D,0xB0,0x63,0x11,0x4D,0xB0,0x63,0x11,0x4D,0xB0,0x63,0x11,0x4D,0xB0,0x63,0x11,0x4D,0xB0,0x63,0x11,0x4D,0xB0,0x63,0x11,0x4D,0xB0,0x63,0x11,0x4D,0xB0,0x63,0x11,0x4D,0xB0,0x63,0x11,0x4D,0xB0,0x63,0x11,0x4D,0xB0,0x63,0x11,0x4D,0xB0,0x63,0x11,0x4D,0xB0,0x63,0x11,0x4D,0xB0,0x63,0x11,0x4D,
    0xB0,0x63,0x11,0x4D,0xB0,0x63,0x11,0x4D,0xB0,0x63,0x11,0x4D,0xB0,0x63,0x11,0x4D,0xB0,0x63,0x11,0x4D,0xB0,0x63,0x11,0x4D,0xB0,0x63,0x11,0x4D,0xB0,0x63,0x11,0x4D,0xB0,0x63,0x11,0x4D,0xB0,0x63,0x11,0x4D,0xB0,0x63,0x11,0x4D,0xB0,0x63,0x11,0x4D,0xB0,0x63,0x11,0x4D,0xB0,0x63,0x11,0x4D,0xB0,0x63,0x11,0x4D,0xB0,0x63,0x11,0x4D,
    0xB0,0x63,0x11,0x4D,0xB0,0x63,0x11,0x4D,0xB0,0x63,0x11,0x4D,0xB0,0x63,0x11,0x4D,0xB0,0x63,0x11,0x4D,0xB0,0x63,0x11,0x4D,0xB0,0x63,0x11,0x4D,0xB0,0x63,0x11,0x4D,0xB0,0x63,0x11,0x4D,0xB0,0x63,0x11,0x4D,0xB0,0x63,0x11,0x4D,0xB0,0x63,0x11,0x4D,0xB0,0x63,0x11,0x4D,0xB0,0x63,0x11,0x4D,0xB0,0x63,0x11,0x4D,0xB0,0x63,0x11,0x4D,
    0xB0,0x63,0x11,0x4D,0xB0,0x63,0x11,0x4D,0xB0,0x63,0x11,0x4D,0xB0,0x63,0x11,0x4D,0xB0,0x63,0x11,0x4D,0xB0,0x63,0x11,0x4D,0xB0,0x63,0x11,0x4D,0xB0,0x63,0x11,0x4D,0xB0,0x63,0x11,0x4D,0xB0,0x63,0x11,0x4D,0xB0,0x63,0x11,0x4D,0xB0,0x63,0x11,0x4D,0xB0,0x63,0x11,0x4D,0xB0,0x63,0x11,0x4D,0xB0,0x63,0x11,0x4D,0xB0,0x63,0x11,0x4D,
    0xB0,0x63,0x11,0x4D,0xB0,0x63,0x11,0x4D,0xB0,0x63,0x11,0x4D,0xB0,0x63,0x11,0x4D,0xB0,0x63,0x11,0x4D,0xB0,0x63,0x11,0x4D,0xB0,0x63,0x11,0x4D,0xB0,0x63,0x11,0x4D,0xB0,0x63,0x11,0x4D,0xB0,0x63,0x11,0x4D,0xB0,0x63,0x11,0x4D,0xB0,0x63,0x11,0x4D,0xB0,0x63,0x11,0x4D,0xB0,0x63,0x11,0x4D,0xB0,0x63,0x11,0x4D,0xB0,0x63,0x11,0x4D,
    0xB0,0x63,0x11,0x4D,0xB0,0x63,0x11,0x4D,0xB0,0x63,0x11,0x4D,0xB0,0x63,0x11,0x4D,0xB0,0x63,0x11,0x4D,0xB0,0x63,0x11,0x4D,0xB0,0x63,0x11,0x4D,0xB0,0x63,0x11,0x4D,0xB0,0x63,0x11,0x4D,0xB0,0x63,0x11,0x4D,0xB0,0x63,0x11,0x4D,0xB0,0x63,0x11,0x4D,0xB0,0x63,0x11,0x4D,0xB0,0x63,0x11,0x4D,0xB0,0x63,0x11,0x4D,0xB0,0x63,0x11,0x4D,
    0xB0,0x63,0x11,0x4D,0xB0,0x63,0x11,0x4D,0xB0,0x63,0x11,0x4D,0xB0,0x63,0x11,0x4D,0xB0,0x63,0x11,0x4D,0xB0,0x63,0x11,0x4D,0xB0,0x63,0x11,0x4D,0xB0,0x63,0x11,0x4D,0xB0,0x63,0x11,0x4D,0xB0,0x63,0x11,0x4D,0xB0,0x63,0x11,0x4D,0xB0,0x63,0x11,0x4D,0xB0,0x63,0x11,0x4D,0xB0,0x63,0x11,0x4D,0xB0,0x63,0x11,0x4D,0xB0,0x63,0x11,0x4D,
    0xB0,0x63,0x11,0x4D,0xB0,0x63,0x11,0x4D,0xB0,0x63,0x11,0x4D,0xB0,0x63,0x11,0x4D,0xB0,0x63,0x11,0x4D,0xB0,0x63,0x11,0x4D,0xB0,0x63,0x11,0x4D,0xB0,0x63,0x11,0x4D,0xB0,0x63,0x11,0x4D,0xB0,0x63,0x11,0x4D,0xB0,0x63,0x11,0x4D,0xB0,0x63,0x11,0x4D,0xB0,0x63,0x11,0x4D,0xB0,0x63,0x11,0x4D,0xB0,0x63,0x11,0x4D,0xB0,0x63,0x11,0x4D,
    0xB0,0x63,0x11,0x4D,0xB0,0x63,0x11,0x4D,0xB0,0x63,0x11,0x4D,0xB0,0x63,0x11,0x4D,0xB0,0x63,0x11,0x4D,0xB0,0x63,0x11,0x4D,0xB0,0x63,0x11,0x4D,0xB0,0x63,0x11,0x4D,0xB0,0x63,0x11,0x4D,0xB0,0x63,0x11,0x4D,0xB0,0x63,0x11,0x4D,0xB0,0x63,0x11,0x4D,0xB0,0x63,0x11,0x4D,0xB0,0x63,0x11,0x4D,0xB0,0x63,0x11,0x4D,0xED,0xDA,0xC8,0xA6,
    0xED,0xDA,0xC8,0xA6,0xB0,0x63,0x11,0x4D,0xB0,0x63,0x11,0x4D,0xB0,0x63,0x11,0x4D,0xB0,0x63,0x11,0x4D,0xB0,0x63,0x11,0x4D,0xB0,0x63,0x11,0x4D,0xB0,0x63,0x11,0x4D,0xB0,0x63,0x11,0x4D,0xB0,0x63,0x11,0x4D,0xB0,0x63,0x11,0x4D,0xB0,0x63,0x11,0x4D,0xB0,0x63,0x11,0x4D,0xB0,0x63,0x11,0x4D,0xB0,0x63,0x11,0x4D,0xB0,0x63,0x11,0x4D,
    0xB0,0x63,0x11,0x4D,0xB0,0x63,0x11,0x4D,0xB0,0x63,0x11,0x4D,0xB0,0x63,0x11,0x4D,0xB0,0x63,0x11,0x4D,0xB0,0x63,0x11,0x4D,0xB0,0x63,0x11,0x4D,0xB0,0x63,0x11,0x4D,0xB0,0x63,0x11,0x4D,0xB0,0x63,0x11,0x4D,0xB0,0x63,0x11,0x4D,0xB0,0x63,0x11,0x4D,0xB0,0x63,0x11,0x4D,0xB0,0x63,0x11,0x4D,0xB0,0x63,0x11,0x4D,0xB0,0x63,0x11,0x4D,
    0xB0,0x63,0x11,0x4D,0xB0,0x63,0x11,0x4D,0xB0,0x63,0x11,0x4D,0xB0,0x63,0x11,0x4D,0xB0,0x63,0x11,0x4D,0xB0,0x63,0x11,0x4D,0xB0,0x63,0x11,0x4D,0xB0,0x63,0x11,0x4D,0xB0,0x63,0x11,0x4D,0xB0,0x63,0x11,0x4D,0xB0,0x63,0x11,0x4D,0xB0,0x63,0x11,0x4D,0xB0,0x63,0x11,0x4D,0xB0,0x63,0x11,0x4D,0xB0,0x63,0x11,0x4D,0xB0,0x63,0x11,0x4D,
    0xB0,0x63,0x11,0x4D,0xB0,0x63,0x11,0x4D,0xB0,0x63,0x11,0x4D,0xB0,0x63,0x11,0x4D,0xB0,0x63,0x11,0x4D,0xB0,0x63,0x11,0x4D,0xB0,0x63,0x11,0x4D,0xB0,0x63,0x11,0x4D,0xB0,0x63,0x11,0x4D,0xB0,0x63,0x11,0x4D,0xB0,0x63,0x11,0x4D,0xB0,0x63,0x11,0x4D,0xB0,0x63,0x11,0x4D,0xB0,0x63,0x11,0x4D,0xB0,0x63,0x11,0x4D,0xB0,0x63,0x11,0x4D,
    0xB0,0x63,0x11,0x4D,0xB0,0x63,0x11,0x4D,0xB0,0x63,0x11,0x4D,0xB0,0x63,0x11,0x4D,0xB0,0x63,0x11,0x4D,0xB0,0x63,0x11,0x4D,0xB0,0x63,0x11,0x4D,0xB0,0x63,0x11,0x4D,0xB0,0x63,0x11,0x4D,0xB0,0x63,0x11,0x4D,0xB0,0x63,0x11,0x4D,0xB0,0x63,0x11,0x4D,0xB0,0x63,0x11,0x4D,0xB0,0x63,0x11,0x4D,0xB0,0x63,0x11,0x4D,0xB0,0x63,0x11,0x4D,
    0xB0,0x63,0x11,0x4D,0xB0,0x63,0x11,0x4D,0xB0,0x63,0x11,0x4D,0xB0,0x63,0x11,0x4D,0xB0,0x63,0x11,0x4D,0xB0,0x63,0x11,0x4D,0xB0,0x63,0x11,0x4D,0xB0,0x63,0x11,0x4D,0xB0,0x63,0x11,0x4D,0xB0,0x63,0x11,0x4D,0xB0,0x63,0x11,0x4D,0xB0,0x63,0x11,0x4D,0xB0,0x63,0x11,0x4D,0xB0,0x63,0x11,0x4D,0xB0,0x63,0x11,0x4D,0xB0,0x63,0x11,0x4D,
    0xB0,0x63,0x11,0x4D,0xB0,0x63,0x11,0x4D,0xB0,0x63,0x11,0x4D,0xB0,0x63,0x11,0x4D,0xB0,0x63,0x11,0x4D,0xB0,0x63,0x11,0x4D,0xB0,0x63,0x11,0x4D,0xB0,0x63,0x11,0x4D,0xB0,0x63,0x11,0x4D,0xB0,0x63,0x11,0x4D,0xB0,0x63,0x11,0x4D,0xB0,0x63,0x11,0x4D,0xB0,0x63,0x11,0x4D,0xB0,0x63,0x11,0x4D,0xB0,0x63,0x11,0x4D,0xB0,0x63,0x11,0x4D,
    0xB0,0x63,0x11,0x4D,0xB0,0x63,0x11,0x4D,0xB0,0x63,0x11,0x4D,0xB0,0x63,0x11,0x4D,0xB0,0x63,0x11,0x4D,0xB0,0x63,0x11,0x4D,0xB0,0x63,0x11,0x4D,0xB0,0x63,0x11,0x4D,0xB0,0x63,0x11,0x4D,0xB0,0x63,0x11,0x4D,0xB0,0x63,0x11,0x4D,0xB0,0x63,0x11,0x4D,0xB0,0x63,0x11,0x4D,0xB0,0x63,0x11,0x4D,0xB0,0x63,0x11,0x4D,0xB0,0x63,0x11,0x4D,
    0xB0,0x63,0x11,0x4D,0xB0,0x63,0x11,0x4D,0xB0,0x63,0x11,0x4D,0xB0,0x63,0x11,0x4D,0xB0,0x63,0x11,0x4D,0xB0,0x63,0x11,0x4D,0xB0,0x63,0x11,0x4D,0xB0,0x63,0x11,0x4D,0xB0,0x63,0x11,0x4D,0xB0,0x63,0x11,0x4D,0xB0,0x63,0x11,0x4D,0xB0,0x63,0x11,0x4D,0xB0,0x63,0x11,0x4D,0xB0,0x63,0x11,0x4D,0xB0,0x63,0x11,0x4D,0xB0,0x63,0x11,0x4D,
    0xB0,0x63,0x11,0x4D,0xB0,0x63,0x11,0x4D,0xB0,0x63,0x11,0x4D,0xB0,0x63,0x11,0x4D,0xB0,0x63,0x11,0x4D,0xB0,0x63,0x11,0x4D,0xB0,0x63,0x11,0x4D,0xB0,0x63,0x11,0x4D,0xB0,0x63,0x11,0x4D,0xB0,0x63,0x11,0x4D,0xB0,0x63,0x11,0x4D,0xB0,0x63,0x11,0x4D,0xB0,0x63,0x11,0x4D,0xB0,0x63,0x11,0x4D,0xB0,0x63,0x11,0x4D,0xB0,0x63,0x11,0x4D,
    0xB0,0x63,0x11,0x4D,0xB0,0x63,0x11,0x4D,0xB0,0x63,0x11,0x4D,0xB0,0x63,0x11,0x4D,0xB0,0x63,0x11,0x4D,0xB0,0x63,0x11,0x4D,0xB0,0x63,0x11,0x4D,0xB0,0x63,0x11,0x4D,0xB0,0x63,0x11,0x4D,0xB0,0x63,0x11,0x4D,0xB0,0x63,0x11,0x4D,0xB0,0x63,0x11,0x4D,0xB0,0x63,0x11,0x4D,0xB0,0x63,0x11,0x4D,0xB0,0x63,0x11,0x4D,0xB0,0x63,0x11,0x4D,
    0xB0,0x63,0x11,0x4D,0xB0,0x63,0x11,0x4D,0xB0,0x63,0x11,0x4D,0xED,0xDA,0xC8,0xA6,0xED,0xDA,0xC8,0xA6,0xB0,0x63,0x11,0x4D,0xB0,0x63,0x11,0x4D,0xB0,0x63,0x11,0x4D,0xB0,0x63,0x11,0x4D,0xB0,0x63,0x11,0x4D,0xB0,0x63,0x11,0x4D,0xB0,0x63,0x11,0x4D,0xB0,0x63,0x11,0x4D,0xB0,0x63,0x11,0x4D,0xB0,0x63,0x11,0x4D,0xB0,0x63,0x11,0x4D,
    0xB0,0x63,0x11,0x4D,0xB0,0x63,0x11,0x4D,0xB0,0x63,0x11,0x4D,0xB0,0x63,0x11,0x4D,0xB0,0x63,0x11,0x4D,0xB0,0x63,0x11,0x4D,0xB0,0x63,0x11,0x4D,0xB0,0x63,0x11,0x4D,0xB0,0x63,0x11,0x4D,0xB0,0x63,0x11,0x4D,0xB0,0x63,0x11,0x4D,0xB0,0x63,0x11,0x4D,0xB0,0x63,0x11,0x4D,0xB0,0x63,0x11,0x4D,0xB0,0x63,0x11,0x4D,0xB0,0x63,0x11,0x4D,
    0xB0,0x63,0x11,0x4D,0xB0,0x63,0x11,0x4D,0xB0,0x63,0x11,0x4D,0xB0,0x63,0x11,0x4D,0xB0,0x63,0x11,0x4D,0xB0,0x63,0x11,0x4D,0xB0,0x63,0x11,0x4D,0xB0,0x63,0x11,0x4D,0xB0,0x63,0x11,0x4D,0xB0,0x63,0x11,0x4D,0xB0,0x63,0x11,0x4D,0xB0,0x63,0x11,0x4D,0xB0,0x63,0x11,0x4D,0xB0,0x63,0x11,0x4D,0xB0,0x63,0x11,0x4D,0xB0,0x63,0x11,0x4D,
    0xB0,0x63,0x11,0x4D,0xB0,0x63,0x11,0x4D,0xB0,0x63,0x11,0x4D,0xB0,0x63,0x11,0x4D,0xB0,0x63,0x11,0x4D,0xB0,0x63,0x11,0x4D,0xB0,0x63,0x11,0x4D,0xB0,0x63,0x11,0x4D,0xB0,0x63,0x11,0x4D,0xB0,0x63,0x11,0x4D,0xB0,0x63,0x11,0x4D,0xB0,0x63,0x11,0x4D,0xB0,0x63,0x11,0x4D,0xB0,0x63,0x11,0x4D,0xB0,0x63,0x11,0x4D,0xB0,0x63,0x11,0x4D,
    0xB0,0x63,0x11,0x4D,0xB0,0x63,0x11,0x4D,0xB0,0x63,0x11,0x4D,0xB0,0x63,0x11,0x4D,0xB0,0x63,0x11,0x4D,0xB0,0x63,0x11,0x4D,0xB0,0x63,0x11,0x4D,0xB0,0x63,0x11,0x4D,0xB0,0x63,0x11,0x4D,0xB0,0x63,0x11,0x4D,0xB0,0x63,0x11,0x4D,0xB0,0x63,0x11,0x4D,0xB0,0x63,0x11,0x4D,0xB0,0x63,0x11,0x4D,0xB0,0x63,0x11,0x4D,0xB0,0x63,0x11,0x4D,
    0xB0,0x63,0x11,0x4D,0xB0,0x63,0x11,0x4D,0xB0,0x63,0x11,0x4D,0xB0,0x63,0x11,0x4D,0xB0,0x63,0x11,0x4D,0xB0,0x63,0x11,0x4D,0xB0,0x63,0x11,0x4D,0xB0,0x63,0x11,0x4D,0xB0,0x63,0x11,0x4D,0xB0,0x63,0x11,0x4D,0xB0,0x63,0x11,0x4D,0xB0,0x63,0x11,0x4D,0xB0,0x63,0x11,0x4D,0xB0,0x63,0x11,0x4D,0xB0,0x63,0x11,0x4D,0xB0,0x63,0x11,0x4D,
    0xB0,0x63,0x11,0x4D,0xB0,0x63,0x11,0x4D,0xB0,0x63,0x11,0x4D,0xB0,0x63,0x11,0x4D,0xB0,0x63,0x11,0x4D,0xB0,0x63,0x11,0x4D,0xB0,0x63,0x11,0x4D,0xB0,0x63,0x11,0x4D,0xB0,0x63,0x11,0x4D,0xB0,0x63,0x11,0x4D,0xB0,0x63,0x11,0x4D,0xB0,0x63,0x11,0x4D,0xB0,0x63,0x11,0x4D,0xB0,0x63,0x11,0x4D,0xB0,0x63,0x11,0x4D,0xB0,0x63,0x11,0x4D,
    0xB0,0x63,0x11,0x4D,0xB0,0x63,0x11,0x4D,0xB0,0x63,0x11,0x4D,0xB0,0x63,0x11,0x4D,0xB0,0x63,0x11,0x4D,0xB0,0x63,0x11,0x4D,0xB0,0x63,0x11,0x4D,0xB0,0x63,0x11,0x4D,0xB0,0x63,0x11,0x4D,0xB0,0x63,0x11,0x4D,0xB0,0x63,0x11,0x4D,0xB0,0x63,0x11,0x4D,0xB0,0x63,0x11,0x4D,0xB0,0x63,0x11,0x4D,0xB0,0x63,0x11,0x4D,0xB0,0x63,0x11,0x4D,
    0xB0,0x63,0x11,0x4D,0xB0,0x63,0x11,0x4D,0xB0,0x63,0x11,0x4D,0xB0,0x63,0x11,0x4D,0xB0,0x63,0x11,0x4D,0xB0,0x63,0x11,0x4D,0xB0,0x63,0x11,0x4D,0xB0,0x63,0x11,0x4D,0xB0,0x63,0x11,0x4D,0xB0,0x63,0x11,0x4D,0xB0,0x63,0x11,0x4D,0xB0,0x63,0x11,0x4D,0xB0,0x63,0x11,0x4D,0xB0,0x63,0x11,0x4D,0xB0,0x63,0x11,0x4D,0xB0,0x63,0x11,0x4D,
    0xB0,0x63,0x11,0x4D,0xB0,0x63,0x11,0x4D,0xB0,0x63,0x11,0x4D,0xB0,0x63,0x11,0x4D,0xB0,0x63,0x11,0x4D,0xB0,0x63,0x11,0x4D,0xB0,0x63,0x11,0x4D,0xB0,0x63,0x11,0x4D,0xB0,0x63,0x11,0x4D,0xB0,0x63,0x11,0x4D,0xB0,0x63,0x11,0x4D,0xB0,0x63,0x11,0x4D,0xB0,0x63,0x11,0x4D,0xB0,0x63,0x11,0x4D,0xB0,0x63,0x11,0x4D,0xB0,0x63,0x11,0x4D,
    0xB0,0x63,0x11,0x4D,0xB0,0x63,0x11,0x4D,0xB0,0x63,0x11,0x4D,0xB0,0x63,0x11,0x4D,0xB0,0x63,0x11,0x4D,0xB0,0x63,0x11,0x4D,0xB0,0x63,0x11,0x4D,0xB0,0x63,0x11,0x4D,0xB0,0x63,0x11,0x4D,0xB0,0x63,0x11,0x4D,0xB0,0x63,0x11,0x4D,0xB0,0x63,0x11,0x4D,0xB0,0x63,0x11,0x4D,0xB0,0x63,0x11,0x4D,0xB0,0x63,0x11,0x4D,0xB0,0x63,0x11,0x4D,
    0xB0,0x63,0x11,0x4D,0xB0,0x63,0x11,0x4D,0xB0,0x63,0x11,0x4D,0xB0,0x63,0x11,0x4D,0xB0,0x63,0x11,0x4D,0xB0,0x63,0x11,0x4D,0xB0,0x63,0x11,0x4D,0xED,0xDA,0xC8,0xA6,0xED,0xDA,0xC8,0xA6,0xB0,0x63,0x11,0x4D,0xB0,0x63,0x11,0x4D,0xB0,0x63,0x11,0x4D,0xB0,0x63,0x11,0x4D,0xB0,0x63,0x11,0x4D,0xB0,0x63,0x11,0x4D,0xB0,0x63,0x11,0x4D,
    0xB0,0x63,0x11,0x4D,0xB0,0x63,0x11,0x4D,0xB0,0x63,0x11,0x4D,0xB0,0x63,0x11,0x4D,0xB0,0x63,0x11,0x4D,0xB0,0x63,0x11,0x4D,0xB0,0x63,0x11,0x4D,0xB0,0x63,0x11,0x4D,0xB0,0x63,0x11,0x4D,0xB0,0x63,0x11,0x4D,0xB0,0x63,0x11,0x4D,0xB0,0x63,0x11,0x4D,0xB0,0x63,0x11,0x4D,0xB0,0x63,0x11,0x4D,0xB0,0x63,0x11,0x4D,0xB0,0x63,0x11,0x4D,
    0xB0,0x63,0x11,0x4D,0xB0,0x63,0x11,0x4D,0xB0,0x63,0x11,0x4D,0xB0,0x63,0x11,0x4D,0xB0,0x63,0x11,0x4D,0xB0,0x63,0x11,0x4D,0xB0,0x63,0x11,0x4D,0xB0,0x63,0x11,0x4D,0xB0,0x63,0x11,0x4D,0xB0,0x63,0x11,0x4D,0xB0,0x63,0x11,0x4D,0xB0,0x63,0x11,0x4D,0xB0,0x63,0x11,0x4D,0xB0,0x63,0x11,0x4D,0xB0,0x63,0x11,0x4D,0xB0,0x63,0x11,0x4D,
    0xB0,0x63,0x11,0x4D,0xB0,0x63,0x11,0x4D,0xB0,0x63,0x11,0x4D,0xB0,0x63,0x11,0x4D,0xB0,0x63,0x11,0x4D,0xB0,0x63,0x11,0x4D,0xB0,0x63,0x11,0x4D,0xB0,0x63,0x11,0x4D,0xB0,0x63,0x11,0x4D,0xB0,0x63,0x11,0x4D,0xB0,0x63,0x11,0x4D,0xB0,0x63,0x11,0x4D,0xB0,0x63,0x11,0x4D,0xB0,0x63,0x11,0x4D,0xB0,0x63,0x11,0x4D,0xB0,0x63,0x11,0x4D,
    0xB0,0x63,0x11,0x4D,0xB0,0x63,0x11,0x4D,0xB0,0x63,0x11,0x4D,0xB0,0x63,0x11,0x4D,0xB0,0x63,0x11,0x4D,0xB0,0x63,0x11,0x4D,0xB0,0x63,0x11,0x4D,0xB0,0x63,0x11,0x4D,0xB0,0x63,0x11,0x4D,0xB0,0x63,0x11,0x4D,0xB0,0x63,0x11,0x4D,0xB0,0x63,0x11,0x4D,0xB0,0x63,0x11,0x4D,0xB0,0x63,0x11,0x4D,0xB0,0x63,0x11,0x4D,0xB0,0x63,0x11,0x4D,
    0xB0,0x63,0x11,0x4D,0xB0,0x63,0x11,0x4D,0xB0,0x63,0x11,0x4D,0xB0,0x63,0x11,0x4D,0xB0,0x63,0x11,0x4D,0xB0,0x63,0x11,0x4D,0xB0,0x63,0x11,0x4D,0xB0,0x63,0x11,0x4D,0xB0,0x63,0x11,0x4D,0xB0,0x63,0x11,0x4D,0xB0,0x63,0x11,0x4D,0xB0,0x63,0x11,0x4D,0xB0,0x63,0x11,0x4D,0xB0,0x63,0x11,0x4D,0xB0,0x63,0x11,0x4D,0xB0,0x63,0x11,0x4D,
    0xB0,0x63,0x11,0x4D,0xB0,0x63,0x11,0x4D,0xB0,0x63,0x11,0x4D,0xB0,0x63,0x11,0x4D,0xB0,0x63,0x11,0x4D,0xB0,0x63,0x11,0x4D,0xB0,0x63,0x11,0x4D,0xB0,0x63,0x11,0x4D,0xB0,0x63,0x11,0x4D,0xB0,0x63,0x11,0x4D,0xB0,0x63,0x11,0x4D,0xB0,0x63,0x11,0x4D,0xB0,0x63,0x11,0x4D,0xB0,0x63,0x11,0x4D,0xB0,0x63,0x11,0x4D,0xB0,0x63,0x11,0x4D,
    0xB0,0x63,0x11,0x4D,0xB0,0x63,0x11,0x4D,0xB0,0x63,0x11,0x4D,0xB0,0x63,0x11,0x4D,0xB0,0x63,0x11,0x4D,0xB0,0x63,0x11,0x4D,0xB0,0x63,0x11,0x4D,0xB0,0x63,0x11,0x4D,0xB0,0x63,0x11,0x4D,0xB0,0x63,0x11,0x4D,0xB0,0x63,0x11,0x4D,0xB0,0x63,0x11,0x4D,0xB0,0x63,0x11,0x4D,0xB0,0x63,0x11,0x4D,0xB0,0x63,0x11,0x4D,0xB0,0x63,0x11,0x4D,
    0xB0,0x63,0x11,0x4D,0xB0,0x63,0x11,0x4D,0xB0,0x63,0x11,0x4D,0xB0,0x63,0x11,0x4D,0xB0,0x63,0x11,0x4D,0xB0,0x63,0x11,0x4D,0xB0,0x63,0x11,0x4D,0xB0,0x63,0x11,0x4D,0xB0,0x63,0x11,0x4D,0xB0,0x63,0x11,0x4D,0xB0,0x63,0x11,0x4D,0xB0,0x63,0x11,0x4D,0xB0,0x63,0x11,0x4D,0xB0,0x63,0x11,0x4D,0xB0,0x63,0x11,0x4D,0xB0,0x63,0x11,0x4D,
    0xB0,0x63,0x11,0x4D,0xB0,0x63,0x11,0x4D,0xB0,0x63,0x11,0x4D,0xB0,0x63,0x11,0x4D,0xB0,0x63,0x11,0x4D,0xB0,0x63,0x11,0x4D,0xB0,0x63,0x11,0x4D,0xB0,0x63,0x11,0x4D,0xB0,0x63,0x11,0x4D,0xB0,0x63,0x11,0x4D,0xB0,0x63,0x11,0x4D,0xB0,0x63,0x11,0x4D,0xB0,0x63,0x11,0x4D,0xB0,0x63,0x11,0x4D,0xB0,0x63,0x11,0x4D,0xB0,0x63,0x11,0x4D,
    0xB0,0x63,0x11,0x4D,0xB0,0x63,0x11,0x4D,0xB0,0x63,0x11,0x4D,0xB0,0x63,0x11,0x4D,0xB0,0x63,0x11,0x4D,0xB0,0x63,0x11,0x4D,0xB0,0x63,0x11,0x4D,0xB0,0x63,0x11,0x4D,0xB0,0x63,0x11,0x4D,0xB0,0x63,0x11,0x4D,0xB0,0x63,0x11,0x4D,0xB0,0x63,0x11,0x4D,0xB0,0x63,0x11,0x4D,0xB0,0x63,0x11,0x4D,0xB0,0x63,0x11,0x4D,0xB0,0x63,0x11,0x4D,
    0xB0,0x63,0x11,0x4D,0xB0,0x63,0x11,0x4D,0xB0,0x63,0x11,0x4D,0xB0,0x63,0x11,0x4D,0xB0,0x63,0x11,0x4D,0xB0,0x63,0x11,0x4D,0xB0,0x63,0x11,0x4D,0xB0,0x63,0x11,0x4D,0xB0,0x63,0x11,0x4D,0xB0,0x63,0x11,0x4D,0xB0,0x63,0x11,0x4D,0xED,0xDA,0xC8,0xA6,0xED,0xDA,0xC8,0xA6,0xB0,0x63,0x11,0x4D,0xB0,0x63,0x11,0x4D,0xB0,0x63,0x11,0x4D,
    0xB0,0x63,0x11,0x4D,0xB0,0x63,0x11,0x4D,0xB0,0x63,0x11,0x4D,0xB0,0x63,0x11,0x4D,0xB0,0x63,0x11,0x4D,0xB0,0x63,0x11,0x4D,0xB0,0x63,0x11,0x4D,0xB0,0x63,0x11,0x4D,0xB0,0x63,0x11,0x4D,0xB0,0x63,0x11,0x4D,0xB0,0x63,0x11,0x4D,0xB0,0x63,0x11,0x4D,0xB0,0x63,0x11,0x4D,0xB0,0x63,0x11,0x4D,0xB0,0x63,0x11,0x4D,0xB0,0x63,0x11,0x4D,
    0xB0,0x63,0x11,0x4D,0xB0,0x63,0x11,0x4D,0xB0,0x63,0x11,0x4D,0xB0,0x63,0x11,0x4D,0xB0,0x63,0x11,0x4D,0xB0,0x63,0x11,0x4D,0xB0,0x63,0x11,0x4D,0xB0,0x63,0x11,0x4D,0xB0,0x63,0x11,0x4D,0xB0,0x63,0x11,0x4D,0xB0,0x63,0x11,0x4D,0xB0,0x63,0x11,0x4D,0xB0,0x63,0x11,0x4D,0xB0,0x63,0x11,0x4D,0xB0,0x63,0x11,0x4D,0xB0,0x63,0x11,0x4D,
    0xB0,0x63,0x11,0x4D,0xB0,0x63,0x11,0x4D,0xB0,0x63,0x11,0x4D,0xB0,0x63,0x11,0x4D,0xB0,0x63,0x11,0x4D,0xB0,0x63,0x11,0x4D,0xB0,0x63,0x11,0x4D,0xB0,0x63,0x11,0x4D,0xB0,0x63,0x11,0x4D,0xB0,0x63,0x11,0x4D,0xB0,0x63,0x11,0x4D,0xB0,0x63,0x11,0x4D,0xB0,0x63,0x11,0x4D,0xB0,0x63,0x11,0x4D,0xB0,0x63,0x11,0x4D,0xB0,0x63,0x11,0x4D,
    0xB0,0x63,0x11,0x4D,0xB0,0x63,0x11,0x4D,0xB0,0x63,0x11,0x4D,0xB0,0x63,0x11,0x4D,0xB0,0x63,0x11,0x4D,0xB0,0x63,0x11,0x4D,0xB0,0x63,0x11,0x4D,0xB0,0x63,0x11,0x4D,0xB0,0x63,0x11,0x4D,0xB0,0x63,0x11,0x4D,0xB0,0x63,0x11,0x4D,0xB0,0x63,0x11,0x4D,0xB0,0x63,0x11,0x4D,0xB0,0x63,0x11,0x4D,0xB0,0x63,0x11,0x4D,0xB0,0x63,0x11,0x4D,
    0xB0,0x63,0x11,0x4D,0xB0,0x63,0x11,0x4D,0xB0,0x63,0x11,0x4D,0xB0,0x63,0x11,0x4D,0xB0,0x63,0x11,0x4D,0xB0,0x63,0x11,0x4D,0xB0,0x63,0x11,0x4D,0xB0,0x63,0x11,0x4D,0xB0,0x63,0x11,0x4D,0xB0,0x63,0x11,0x4D,0xB0,0x63,0x11,0x4D,0xB0,0x63,0x11,0x4D,0xB0,0x63,0x11,0x4D,0xB0,0x63,0x11,0x4D,0xB0,0x63,0x11,0x4D,0xB0,0x63,0x11,0x4D,
    0xB0,0x63,0x11,0x4D,0xB0,0x63,0x11,0x4D,0xB0,0x63,0x11,0x4D,0xB0,0x63,0x11,0x4D,0xB0,0x63,0x11,0x4D,0xB0,0x63,0x11,0x4D,0xB0,0x63,0x11,0x4D,0xB0,0x63,0x11,0x4D,0xB0,0x63,0x11,0x4D,0xB0,0x63,0x11,0x4D,0xB0,0x63,0x11,0x4D,0xB0,0x63,0x11,0x4D,0xB0,0x63,0x11,0x4D,0xB0,0x63,0x11,0x4D,0xB0,0x63,0x11,0x4D,0xB0,0x63,0x11,0x4D,
    0xB0,0x63,0x11,0x4D,0xB0,0x63,0x11,0x4D,0xB0,0x63,0x11,0x4D,0xB0,0x63,0x11,0x4D,0xB0,0x63,0x11,0x4D,0xB0,0x63,0x11,0x4D,0xB0,0x63,0x11,0x4D,0xB0,0x63,0x11,0x4D,0xB0,0x63,0x11,0x4D,0xB0,0x63,0x11,0x4D,0xB0,0x63,0x11,0x4D,0xB0,0x63,0x11,0x4D,0xB0,0x63,0x11,0x4D,0xB0,0x63,0x11,0x4D,0xB0,0x63,0x11,0x4D,0xB0,0x63,0x11,0x4D,
    0xB0,0x63,0x11,0x4D,0xB0,0x63,0x11,0x4D,0xB0,0x63,0x11,0x4D,0xB0,0x63,0x11,0x4D,0xB0,0x63,0x11,0x4D,0xB0,0x63,0x11,0x4D,0xB0,0x63,0x11,0x4D,0xB0,0x63,0x11,0x4D,0xB0,0x63,0x11,0x4D,0xB0,0x63,0x11,0x4D,0xB0,0x63,0x11,0x4D,0xB0,0x63,0x11,0x4D,0xB0,0x63,0x11,0x4D,0xB0,0x63,0x11,0x4D,0xB0,0x63,0x11,0x4D,0xB0,0x63,0x11,0x4D,
    0xB0,0x63,0x11,0x4D,0xB0,0x63,0x11,0x4D,0xB0,0x63,0x11,0x4D,0xB0,0x63,0x11,0x4D,0xB0,0x63,0x11,0x4D,0xB0,0x63,0x11,0x4D,0xB0,0x63,0x11,0x4D,0xB0,0x63,0x11,0x4D,0xB0,0x63,0x11,0x4D,0xB0,0x63,0x11,0x4D,0xB0,0x63,0x11,0x4D,0xB0,0x63,0x11,0x4D,0xB0,0x63,0x11,0x4D,0xB0,0x63,0x11,0x4D,0xB0,0x63,0x11,0x4D,0xB0,0x63,0x11,0x4D,
    0xB0,0x63,0x11,0x4D,0xB0,0x63,0x11,0x4D,0xB0,0x63,0x11,0x4D,0xB0,0x63,0x11,0x4D,0xB0,0x63,0x11,0x4D,0xB0,0x63,0x11,0x4D,0xB0,0x63,0x11,0x4D,0xB0,0x63,0x11,0x4D,0xB0,0x63,0x11,0x4D,0xB0,0x63,0x11,0x4D,0xB0,0x63,0x11,0x4D,0xB0,0x63,0x11,0x4D,0xB0,0x63,0x11,0x4D,0xB0,0x63,0x11,0x4D,0xB0,0x63,0x11,0x4D,0xB0,0x63,0x11,0x4D,
    0xB0,0x63,0x11,0x4D,0xB0,0x63,0x11,0x4D,0xB0,0x63,0x11,0x4D,0xB0,0x63,0x11,0x4D,0xB0,0x63,0x11,0x4D,0xB0,0x63,0x11,0x4D,0xB0,0x63,0x11,0x4D,0xB0,0x63,0x11,0x4D,0xB0,0x63,0x11,0x4D,0xB0,0x63,0x11,0x4D,0xB0,0x63,0x11,0x4D,0xB0,0x63,0x11,0x4D,0xB0,0x63,0x11,0x4D,0xB0,0x63,0x11,0x4D,0xB0,0x63,0x11,0x4D,0xED,0xDA,0xC8,0xA6,
    0xED,0xDA,0xC8,0xA6,0xB0,0x63,0x11,0x4D,0xB0,0x63,0x11,0x4D,0xB0,0x63,0x11,0x4D,0xB0,0x63,0x11,0x4D,0xB0,0x63,0x11,0x4D,0xB0,0x63,0x11,0x4D,0xB0,0x63,0x11,0x4D,0xB0,0x63,0x11,0x4D,0xB0,0x63,0x11,0x4D,0xB0,0x63,0x11,0x4D,0xB0,0x63,0x11,0x4D,0xB0,0x63,0x11,0x4D,0xB0,0x63,0x11,0x4D,0xB0,0x63,0x11,0x4D,0xB0,0x63,0x11,0x4D,
    0xB0,0x63,0x11,0x4D,0xB0,0x63,0x11,0x4D,0xB0,0x63,0x11,0x4D,0xB0,0x63,0x11,0x4D,0xB0,0x63,0x11,0x4D,0xB0,0x63,0x11,0x4D,0xB0,0x63,0x11,0x4D,0xB0,0x63,0x11,0x4D,0xB0,0x63,0x11,0x4D,0xB0,0x63,0x11,0x4D,0xB0,0x63,0x11,0x4D,0xB0,0x63,0x11,0x4D,0xB0,0x63,0x11,0x4D,0xB0,0x63,0x11,0x4D,0xB0,0x63,0x11,0x4D,0xB0,0x63,0x11,0x4D,
    0xB0,0x63,0x11,0x4D,0xB0,0x63,0x11,0x4D,0xB0,0x63,0x11,0x4D,0xB0,0x63,0x11,0x4D,0xB0,0x63,0x11,0x4D,0xB0,0x63,0x11,0x4D,0xB0,0x63,0x11,0x4D,0xB0,0x63,0x11,0x4D,0xB0,0x63,0x11,0x4D,0xB0,0x63,0x11,0x4D,0xB0,0x63,0x11,0x4D,0xB0,0x63,0x11,0x4D,0xB0,0x63,0x11,0x4D,0xB0,0x63,0x11,0x4D,0xB0,0x63,0x11,0x4D,0xB0,0x63,0x11,0x4D,
    0xB0,0x63,0x11,0x4D,0xB0,0x63,0x11,0x4D,0xB0,0x63,0x11,0x4D,0xB0,0x63,0x11,0x4D,0xB0,0x63,0x11,0x4D,0xB0,0x63,0x11,0x4D,0xB0,0x63,0x11,0x4D,0xB0,0x63,0x11,0x4D,0xB0,0x63,0x11,0x4D,0xB0,0x63,0x11,0x4D,0xB0,0x63,0x11,0x4D,0xB0,0x63,0x11,0x4D,0xB0,0x63,0x11,0x4D,0xB0,0x63,0x11,0x4D,0xB0,0x63,0x11,0x4D,0xB0,0x63,0x11,0x4D,
    0xB0,0x63,0x11,0x4D,0xB0,0x63,0x11,0x4D,0xB0,0x63,0x11,0x4D,0xB0,0x63,0x11,0x4D,0xB0,0x63,0x11,0x4D,0xB0,0x63,0x11,0x4D,0xB0,0x63,0x11,0x4D,0xB0,0x63,0x11,0x4D,0xB0,0x63,0x11,0x4D,0xB0,0x63,0x11,0x4D,0xB0,0x63,0x11,0x4D,0xB0,0x63,0x11,0x4D,0xB0,0x63,0x11,0x4D,0xB0,0x63,0x11,0x4D,0xB0,0x63,0x11,0x4D,0xB0,0x63,0x11,0x4D,
    0xB0,0x63,0x11,0x4D,0xB0,0x63,0x11,0x4D,0xB0,0x63,0x11,0x4D,0xB0,0x63,0x11,0x4D,0xB0,0x63,0x11,0x4D,0xB0,0x63,0x11,0x4D,0xB0,0x63,0x11,0x4D,0xB0,0x63,0x11,0x4D,0xB0,0x63,0x11,0x4D,0xB0,0x63,0x11,0x4D,0xB0,0x63,0x11,0x4D,0xB0,0x63,0x11,0x4D,0xB0,0x63,0x11,0x4D,0xB0,0x63,0x11,0x4D,0xB0,0x63,0x11,0x4D,0xB0,0x63,0x11,0x4D,
    0xB0,0x63,0x11,0x4D,0xB0,0x63,0x11,0x4D,0xB0,0x63,0x11,0x4D,0xB0,0x63,0x11,0x4D,0xB0,0x63,0x11,0x4D,0xB0,0x63,0x11,0x4D,0xB0,0x63,0x11,0x4D,0xB0,0x63,0x11,0x4D,0xB0,0x63,0x11,0x4D,0xB0,0x63,0x11,0x4D,0xB0,0x63,0x11,0x4D,0xB0,0x63,0x11,0x4D,0xB0,0x63,0x11,0x4D,0xB0,0x63,0x11,0x4D,0xB0,0x63,0x11,0x4D,0xB0,0x63,0x11,0x4D,
    0xB0,0x63,0x11,0x4D,0xB0,0x63,0x11,0x4D,0xB0,0x63,0x11,0x4D,0xB0,0x63,0x11,0x4D,0xB0,0x63,0x11,0x4D,0xB0,0x63,0x11,0x4D,0xB0,0x63,0x11,0x4D,0xB0,0x63,0x11,0x4D,0xB0,0x63,0x11,0x4D,0xB0,0x63,0x11,0x4D,0xB0,0x63,0x11,0x4D,0xB0,0x63,0x11,0x4D,0xB0,0x63,0x11,0x4D,0xB0,0x63,0x11,0x4D,0xB0,0x63,0x11,0x4D,0xB0,0x63,0x11,0x4D,
    0xB0,0x63,0x11,0x4D,0xB0,0x63,0x11,0x4D,0xB0,0x63,0x11,0x4D,0xB0,0x63,0x11,0x4D,0xB0,0x63,0x11,0x4D,0xB0,0x63,0x11,0x4D,0xB0,0x63,0x11,0x4D,0xB0,0x63,0x11,0x4D,0xB0,0x63,0x11,0x4D,0xB0,0x63,0x11,0x4D,0xB0,0x63,0x11,0x4D,0xB0,0x63,0x11,0x4D,0xB0,0x63,0x11,0x4D,0xB0,0x63,0x11,0x4D,0xB0,0x63,0x11,0x4D,0xB0,0x63,0x11,0x4D,
    0xB0,0x63,0x11,0x4D,0xB0,0x63,0x11,0x4D,0xB0,0x63,0x11,0x4D,0xB0,0x63,0x11,0x4D,0xB0,0x63,0x11,0x4D,0xB0,0x63,0x11,0x4D,0xB0,0x63,0x11,0x4D,0xB0,0x63,0x11,0x4D,0xB0,0x63,0x11,0x4D,0xB0,0x63,0x11,0x4D,0xB0,0x63,0x11,0x4D,0xB0,0x63,0x11,0x4D,0xB0,0x63,0x11,0x4D,0xB0,0x63,0x11,0x4D,0xB0,0x63,0x11,0x4D,0xB0,0x63,0x11,0x4D,
    0xB0,0x63,0x11,0x4D,0xB0,0x63,0x11,0x4D,0xB0,0x63,0x11,0x4D,0xB0,0x63,0x11,0x4D,0xB0,0x63,0x11,0x4D,0xB0,0x63,0x11,0x4D,0xB0,0x63,0x11,0x4D,0xB0,0x63,0x11,0x4D,0xB0,0x63,0x11,0x4D,0xB0,0x63,0x11,0x4D,0xB0,0x63,0x11,0x4D,0xB0,0x63,0x11,0x4D,0xB0,0x63,0x11,0x4D,0xB0,0x63,0x11,0x4D,0xB0,0x63,0x11,0x4D,0xB0,0x63,0x11,0x4D,
    0xB0,0x63,0x11,0x4D,0xB0,0x63,0x11,0x4D,0xB0,0x63,0x11,0x4D,0xED,0xDA,0xC8,0xA6,0xED,0xDA,0xC8,0xA6,0xB0,0x63,0x11,0x4D,0xB0,0x63,0x11,0x4D,0xB0,0x63,0x11,0x4D,0xB0,0x63,0x11,0x4D,0xB0,0x63,0x11,0x4D,0xB0,0x63,0x11,0x4D,0xB0,0x63,0x11,0x4D,0xB0,0x63,0x11,0x4D,0xB0,0x63,0x11,0x4D,0xB0,0x63,0x11,0x4D,0xB0,0x63,0x11,0x4D,
    0xB0,0x63,0x11,0x4D,0xB0,0x63,0x11,0x4D,0xB0,0x63,0x11,0x4D,0xB0,0x63,0x11,0x4D,0xB0,0x63,0x11,0x4D,0xB0,0x63,0x11,0x4D,0xB0,0x63,0x11,0x4D,0xB0,0x63,0x11,0x4D,0xB0,0x63,0x11,0x4D,0xB0,0x63,0x11,0x4D,0xB0,0x63,0x11,0x4D,0xB0,0x63,0x11,0x4D,0xB0,0x63,0x11,0x4D,0xB0,0x63,0x11,0x4D,0xB0,0x63,0x11,0x4D,0xB0,0x63,0x11,0x4D,
    0xB0,0x63,0x11,0x4D,0xB0,0x63,0x11,0x4D,0xB0,0x63,0x11,0x4D,0xB0,0x63,0x11,0x4D,0xB0,0x63,0x11,0x4D,0xB0,0x63,0x11,0x4D,0xB0,0x63,0x11,0x4D,0xB0,0x63,0x11,0x4D,0xB0,0x63,0x11,0x4D,0xB0,0x63,0x11,0x4D,0xB0,0x63,0x11,0x4D,0xB0,0x63,0x11,0x4D,0xB0,0x63,0x11,0x4D,0xB0,0x63,0x11,0x4D,0xB0,0x63,0x11,0x4D,0xB0,0x63,0x11,0x4D,
    0xB0,0x63,0x11,0x4D,0xB0,0x63,0x11,0x4D,0xB0,0x63,0x11,0x4D,0xB0,0x63,0x11,0x4D,0xB0,0x63,0x11,0x4D,0xB0,0x63,0x11,0x4D,0xB0,0x63,0x11,0x4D,0xB0,0x63,0x11,0x4D,0xB0,0x63,0x11,0x4D,0xB0,0x63,0x11,0x4D,0xB0,0x63,0x11,0x4D,0xB0,0x63,0x11,0x4D,0xB0,0x63,0x11,0x4D,0xB0,0x63,0x11,0x4D,0xB0,0x63,0x11,0x4D,0xB0,0x63,0x11,0x4D,
    0xB0,0x63,0x11,0x4D,0xB0,0x63,0x11,0x4D,0xB0,0x63,0x11,0x4D,0xB0,0x63,0x11,0x4D,0xB0,0x63,0x11,0x4D,0xB0,0x63,0x11,0x4D,0xB0,0x63,0x11,0x4D,0xB0,0x63,0x11,0x4D,0xB0,0x63,0x11,0x4D,0xB0,0x63,0x11,0x4D,0xB0,0x63,0x11,0x4D,0xB0,0x63,0x11,0x4D,0xB0,0x63,0x11,0x4D,0xB0,0x63,0x11,0x4D,0xB0,0x63,0x11,0x4D,0xB0,0x63,0x11,0x4D,
    0xB0,0x63,0x11,0x4D,0xB0,0x63,0x11,0x4D,0xB0,0x63,0x11,0x4D,0xB0,0x63,0x11,0x4D,0xB0,0x63,0x11,0x4D,0xB0,0x63,0x11,0x4D,0xB0,0x63,0x11,0x4D,0xB0,0x63,0x11,0x4D,0xB0,0x63,0x11,0x4D,0xB0,0x63,0x11,0x4D,0xB0,0x63,0x11,0x4D,0xB0,0x63,0x11,0x4D,0xB0,0x63,0x11,0x4D,0xB0,0x63,0x11,0x4D,0xB0,0x63,0x11,0x4D,0xB0,0x63,0x11,0x4D,
    0xB0,0x63,0x11,0x4D,0xB0,0x63,0x11,0x4D,0xB0,0x63,0x11,0x4D,0xB0,0x63,0x11,0x4D,0xB0,0x63,0x11,0x4D,0xB0,0x63,0x11,0x4D,0xB0,0x63,0x11,0x4D,0xB0,0x63,0x11,0x4D,0xB0,0x63,0x11,0x4D,0xB0,0x63,0x11,0x4D,0xB0,0x63,0x11,0x4D,0xB0,0x63,0x11,0x4D,0xB0,0x63,0x11,0x4D,0xB0,0x63,0x11,0x4D,0xB0,0x63,0x11,0x4D,0xB0,0x63,0x11,0x4D,
    0xB0,0x63,0x11,0x4D,0xB0,0x63,0x11,0x4D,0xB0,0x63,0x11,0x4D,0xB0,0x63,0x11,0x4D,0xB0,0x63,0x11,0x4D,0xB0,0x63,0x11,0x4D,0xB0,0x63,0x11,0x4D,0xB0,0x63,0x11,0x4D,0xB0,0x63,0x11,0x4D,0xB0,0x63,0x11,0x4D,0xB0,0x63,0x11,0x4D,0xB0,0x63,0x11,0x4D,0xB0,0x63,0x11,0x4D,0xB0,0x63,0x11,0x4D,0xB0,0x63,0x11,0x4D,0xB0,0x63,0x11,0x4D,
    0xB0,0x63,0x11,0x4D,0xB0,0x63,0x11,0x4D,0xB0,0x63,0x11,0x4D,0xB0,0x63,0x11,0x4D,0xB0,0x63,0x11,0x4D,0xB0,0x63,0x11,0x4D,0xB0,0x63,0x11,0x4D,0xB0,0x63,0x11,0x4D,0xB0,0x63,0x11,0x4D,0xB0,0x63,0x11,0x4D,0xB0,0x63,0x11,0x4D,0xB0,0x63,0x11,0x4D,0xB0,0x63,0x11,0x4D,0xB0,0x63,0x11,0x4D,0xB0,0x63,0x11,0x4D,0xB0,0x63,0x11,0x4D,
    0xB0,0x63,0x11,0x4D,0xB0,0x63,0x11,0x4D,0xB0,0x63,0x11,0x4D,0xB0,0x63,0x11,0x4D,0xB0,0x63,0x11,0x4D,0xB0,0x63,0x11,0x4D,0xB0,0x63,0x11,0x4D,0xB0,0x63,0x11,0x4D,0xB0,0x63,0x11,0x4D,0xB0,0x63,0x11,0x4D,0xB0,0x63,0x11,0x4D,0xB0,0x63,0x11,0x4D,0xB0,0x63,0x11,0x4D,0xB0,0x63,0x11,0x4D,0xB0,0x63,0x11,0x4D,0xB0,0x63,0x11,0x4D,
    0xB0,0x63,0x11,0x4D,0xB0,0x63,0x11,0x4D,0xB0,0x63,0x11,0x4D,0xB0,0x63,0x11,0x4D,0xB0,0x63,0x11,0x4D,0xB0,0x63,0x11,0x4D,0xB0,0x63,0x11,0x4D,0xB0,0x63,0x11,0x4D,0xB0,0x63,0x11,0x4D,0xB0,0x63,0x11,0x4D,0xB0,0x63,0x11,0x4D,0xB0,0x63,0x11,0x4D,0xB0,0x63,0x11,0x4D,0xB0,0x63,0x11,0x4D,0xB0,0x63,0x11,0x4D,0xB0,0x63,0x11,0x4D,
    0xB0,0x63,0x11,0x4D,0xB0,0x63,0x11,0x4D,0xB0,0x63,0x11,0x4D,0xB0,0x63,0x11,0x4D,0xB0,0x63,0x11,0x4D,0xB0,0x63,0x11,0x4D,0xB0,0x63,0x11,0x4D,0xED,0xDA,0xC8,0xA6,0xED,0xDA,0xC8,0xA6,0xB0,0x63,0x11,0x4D,0xB0,0x63,0x11,0x4D,0xB0,0x63,0x11,0x4D,0xB0,0x63,0x11,0x4D,0xB0,0x63,0x11,0x4D,0xB0,0x63,0x11,0x4D,0xB0,0x63,0x11,0x4D,
    0xB0,0x63,0x11,0x4D,0xB0,0x63,0x11,0x4D,0xB0,0x63,0x11,0x4D,0xB0,0x63,0x11,0x4D,0xB0,0x63,0x11,0x4D,0xB0,0x63,0x11,0x4D,0xB0,0x63,0x11,0x4D,0xB0,0x63,0x11,0x4D,0xB0,0x63,0x11,0x4D,0xB0,0x63,0x11,0x4D,0xB0,0x63,0x11,0x4D,0xB0,0x63,0x11,0x4D,0xB0,0x63,0x11,0x4D,0xB0,0x63,0x11,0x4D,0xB0,0x63,0x11,0x4D,0xB0,0x63,0x11,0x4D,
    0xB0,0x63,0x11,0x4D,0xB0,0x63,0x11,0x4D,0xB0,0x63,0x11,0x4D,0xB0,0x63,0x11,0x4D,0xB0,0x63,0x11,0x4D,0xB0,0x63,0x11,0x4D,0xB0,0x63,0x11,0x4D,0xB0,0x63,0x11,0x4D,0xB0,0x63,0x11,0x4D,0xB0,0x63,0x11,0x4D,0xB0,0x63,0x11,0x4D,0xB0,0x63,0x11,0x4D,0xB0,0x63,0x11,0x4D,0xB0,0x63,0x11,0x4D,0xB0,0x63,0x11,0x4D,0xB0,0x63,0x11,0x4D,
    0xB0,0x63,0x11,0x4D,0xB0,0x63,0x11,0x4D,0xB0,0x63,0x11,0x4D,0xB0,0x63,0x11,0x4D,0xB0,0x63,0x11,0x4D,0xB0,0x63,0x11,0x4D,0xB0,0x63,0x11,0x4D,0xB0,0x63,0x11,0x4D,0xB0,0x63,0x11,0x4D,0xB0,0x63,0x11,0x4D,0xB0,0x63,0x11,0x4D,0xB0,0x63,0x11,0x4D,0xB0,0x63,0x11,0x4D,0xB0,0x63,0x11,0x4D,0xB0,0x63,0x11,0x4D,0xB0,0x63,0x11,0x4D,
    0xB0,0x63,0x11,0x4D,0xB0,0x63,0x11,0x4D,0xB0,0x63,0x11,0x4D,0xB0,0x63,0x11,0x4D,0xB0,0x63,0x11,0x4D,0xB0,0x63,0x11,0x4D,0xB0,0x63,0x11,0x4D,0xB0,0x63,0x11,0x4D,0xB0,0x63,0x11,0x4D,0xB0,0x63,0x11,0x4D,0xB0,0x63,0x11,0x4D,0xB0,0x63,0x11,0x4D,0xB0,0x63,0x11,0x4D,0xB0,0x63,0x11,0x4D,0xB0,0x63,0x11,0x4D,0xB0,0x63,0x11,0x4D,
    0xB0,0x63,0x11,0x4D,0xB0,0x63,0x11,0x4D,0xB0,0x63,0x11,0x4D,0xB0,0x63,0x11,0x4D,0xB0,0x63,0x11,0x4D,0xB0,0x63,0x11,0x4D,0xB0,0x63,0x11,0x4D,0xB0,0x63,0x11,0x4D,0xB0,0x63,0x11,0x4D,0xB0,0x63,0x11,0x4D,0xB0,0x63,0x11,0x4D,0xB0,0x63,0x11,0x4D,0xB0,0x63,0x11,0x4D,0xB0,0x63,0x11,0x4D,0xB0,0x63,0x11,0x4D,0xB0,0x63,0x11,0x4D,
    0xB0,0x63,0x11,0x4D,0xB0,0x63,0x11,0x4D,0xB0,0x63,0x11,0x4D,0xB0,0x63,0x11,0x4D,0xB0,0x63,0x11,0x4D,0xB0,0x63,0x11,0x4D,0xB0,0x63,0x11,0x4D,0xB0,0x63,0x11,0x4D,0xB0,0x63,0x11,0x4D,0xB0,0x63,0x11,0x4D,0xB0,0x63,0x11,0x4D,0xB0,0x63,0x11,0x4D,0xB0,0x63,0x11,0x4D,0xB0,0x63,0x11,0x4D,0xB0,0x63,0x11,0x4D,0xB0,0x63,0x11,0x4D,
    0xB0,0x63,0x11,0x4D,0xB0,0x63,0x11,0x4D,0xB0,0x63,0x11,0x4D,0xB0,0x63,0x11,0x4D,0xB0,0x63,0x11,0x4D,0xB0,0x63,0x11,0x4D,0xB0,0x63,0x11,0x4D,0xB0,0x63,0x11,0x4D,0xB0,0x63,0x11,0x4D,0xB0,0x63,0x11,0x4D,0xB0,0x63,0x11,0x4D,0xB0,0x63,0x11,0x4D,0xB0,0x63,0x11,0x4D,0xB0,0x63,0x11,0x4D,0xB0,0x63,0x11,0x4D,0xB0,0x63,0x11,0x4D,
    0xB0,0x63,0x11,0x4D,0xB0,0x63,0x11,0x4D,0xB0,0x63,0x11,0x4D,0xB0,0x63,0x11,0x4D,0xB0,0x63,0x11,0x4D,0xB0,0x63,0x11,0x4D,0xB0,0x63,0x11,0x4D,0xB0,0x63,0x11,0x4D,0xB0,0x63,0x11,0x4D,0xB0,0x63,0x11,0x4D,0xB0,0x63,0x11,0x4D,0xB0,0x63,0x11,0x4D,0xB0,0x63,0x11,0x4D,0xB0,0x63,0x11,0x4D,0xB0,0x63,0x11,0x4D,0xB0,0x63,0x11,0x4D,
    0xB0,0x63,0x11,0x4D,0xB0,0x63,0x11,0x4D,0xB0,0x63,0x11,0x4D,0xB0,0x63,0x11,0x4D,0xB0,0x63,0x11,0x4D,0xB0,0x63,0x11,0x4D,0xB0,0x63,0x11,0x4D,0xB0,0x63,0x11,0x4D,0xB0,0x63,0x11,0x4D,0xB0,0x63,0x11,0x4D,0xB0,0x63,0x11,0x4D,0xB0,0x63,0x11,0x4D,0xB0,0x63,0x11,0x4D,0xB0,0x63,0x11,0x4D,0xB0,0x63,0x11,0x4D,0xB0,0x63,0x11,0x4D,
    0xB0,0x63,0x11,0x4D,0xB0,0x63,0x11,0x4D,0xB0,0x63,0x11,0x4D,0xB0,0x63,0x11,0x4D,0xB0,0x63,0x11,0x4D,0xB0,0x63,0x11,0x4D,0xB0,0x63,0x11,0x4D,0xB0,0x63,0x11,0x4D,0xB0,0x63,0x11,0x4D,0xB0,0x63,0x11,0x4D,0xB0,0x63,0x11,0x4D,0xB0,0x63,0x11,0x4D,0xB0,0x63,0x11,0x4D,0xB0,0x63,0x11,0x4D,0xB0,0x63,0x11,0x4D,0xB0,0x63,0x11,0x4D,
    0xB0,0x63,0x11,0x4D,0xB0,0x63,0x11,0x4D,0xB0,0x63,0x11,0x4D,0xB0,0x63,0x11,0x4D,0xB0,0x63,0x11,0x4D,0xB0,0x63,0x11,0x4D,0xB0,0x63,0x11,0x4D,0xB0,0x63,0x11,0x4D,0xB0,0x63,0x11,0x4D,0xB0,0x63,0x11,0x4D,0xB0,0x63,0x11,0x4D,0xED,0xDA,0xC8,0xA6,0xED,0xDA,0xC8,0xA6,0xB0,0x63,0x11,0x4D,0xB0,0x63,0x11,0x4D,0xB0,0x63,0x11,0x4D,
    0xB0,0x63,0x11,0x4D,0xB0,0x63,0x11,0x4D,0xB0,0x63,0x11,0x4D,0xB0,0x63,0x11,0x4D,0xB0,0x63,0x11,0x4D,0xB0,0x63,0x11,0x4D,0xB0,0x63,0x11,0x4D,0xB0,0x63,0x11,0x4D,0xB0,0x63,0x11,0x4D,0xB0,0x63,0x11,0x4D,0xB0,0x63,0x11,0x4D,0xB0,0x63,0x11,0x4D,0xB0,0x63,0x11,0x4D,0xB0,0x63,0x11,0x4D,0xB0,0x63,0x11,0x4D,0xB0,0x63,0x11,0x4D,
    0xB0,0x63,0x11,0x4D,0xB0,0x63,0x11,0x4D,0xB0,0x63,0x11,0x4D,0xB0,0x63,0x11,0x4D,0xB0,0x63,0x11,0x4D,0xB0,0x63,0x11,0x4D,0xB0,0x63,0x11,0x4D,0xB0,0x63,0x11,0x4D,0xB0,0x63,0x11,0x4D,0xB0,0x63,0x11,0x4D,0xB0,0x63,0x11,0x4D,0xB0,0x63,0x11,0x4D,0xB0,0x63,0x11,0x4D,0xB0,0x63,0x11,0x4D,0xB0,0x63,0x11,0x4D,0xB0,0x63,0x11,0x4D,
    0xB0,0x63,0x11,0x4D,0xB0,0x63,0x11,0x4D,0xB0,0x63,0x11,0x4D,0xB0,0x63,0x11,0x4D,0xB0,0x63,0x11,0x4D,0xB0,0x63,0x11,0x4D,0xB0,0x63,0x11,0x4D,0xB0,0x63,0x11,0x4D,0xB0,0x63,0x11,0x4D,0xB0,0x63,0x11,0x4D,0xB0,0x63,0x11,0x4D,0xB0,0x63,0x11,0x4D,0xB0,0x63,0x11,0x4D,0xB0,0x63,0x11,0x4D,0xB0,0x63,0x11,0x4D,0xB0,0x63,0x11,0x4D,
    0xB0,0x63,0x11,0x4D,0xB0,0x63,0x11,0x4D,0xB0,0x63,0x11,0x4D,0xB0,0x63,0x11,0x4D,0xB0,0x63,0x11,0x4D,0xB0,0x63,0x11,0x4D,0xB0,0x63,0x11,0x4D,0xB0,0x63,0x11,0x4D,0xB0,0x63,0x11,0x4D,0xB0,0x63,0x11,0x4D,0xB0,0x63,0x11,0x4D,0xB0,0x63,0x11,0x4D,0xB0,0x63,0x11,0x4D,0xB0,0x63,0x11,0x4D,0xB0,0x63,0x11,0x4D,0xB0,0x63,0x11,0x4D,
    0xB0,0x63,0x11,0x4D,0xB0,0x63,0x11,0x4D,0xB0,0x63,0x11,0x4D,0xB0,0x63,0x11,0x4D,0xB0,0x63,0x11,0x4D,0xB0,0x63,0x11,0x4D,0xB0,0x63,0x11,0x4D,0xB0,0x63,0x11,0x4D,0xB0,0x63,0x11,0x4D,0xB0,0x63,0x11,0x4D,0xB0,0x63,0x11,0x4D,0xB0,0x63,0x11,0x4D,0xB0,0x63,0x11,0x4D,0xB0,0x63,0x11,0x4D,0xB0,0x63,0x11,0x4D,0xB0,0x63,0x11,0x4D,
    0xB0,0x63,0x11,0x4D,0xB0,0x63,0x11,0x4D,0xB0,0x63,0x11,0x4D,0xB0,0x63,0x11,0x4D,0xB0,0x63,0x11,0x4D,0xB0,0x63,0x11,0x4D,0xB0,0x63,0x11,0x4D,0xB0,0x63,0x11,0x4D,0xB0,0x63,0x11,0x4D,0xB0,0x63,0x11,0x4D,0xB0,0x63,0x11,0x4D,0xB0,0x63,0x11,0x4D,0xB0,0x63,0x11,0x4D,0xB0,0x63,0x11,0x4D,0xB0,0x63,0x11,0x4D,0xB0,0x63,0x11,0x4D,
    0xB0,0x63,0x11,0x4D,0xB0,0x63,0x11,0x4D,0xB0,0x63,0x11,0x4D,0xB0,0x63,0x11,0x4D,0xB0,0x63,0x11,0x4D,0xB0,0x63,0x11,0x4D,0xB0,0x63,0x11,0x4D,0xB0,0x63,0x11,0x4D,0xB0,0x63,0x11,0x4D,0xB0,0x63,0x11,0x4D,0xB0,0x63,0x11,0x4D,0xB0,0x63,0x11,0x4D,0xB0,0x63,0x11,0x4D,0xB0,0x63,0x11,0x4D,0xB0,0x63,0x11,0x4D,0xB0,0x63,0x11,0x4D,
    0xB0,0x63,0x11,0x4D,0xB0,0x63,0x11,0x4D,0xB0,0x63,0x11,0x4D,0xB0,0x63,0x11,0x4D,0xB0,0x63,0x11,0x4D,0xB0,0x63,0x11,0x4D,0xB0,0x63,0x11,0x4D,0xB0,0x63,0x11,0x4D,0xB0,0x63,0x11,0x4D,0xB0,0x63,0x11,0x4D,0xB0,0x63,0x11,0x4D,0xB0,0x63,0x11,0x4D,0xB0,0x63,0x11,0x4D,0xB0,0x63,0x11,0x4D,0xB0,0x63,0x11,0x4D,0xB0,0x63,0x11,0x4D,
    0xB0,0x63,0x11,0x4D,0xB0,0x63,0x11,0x4D,0xB0,0x63,0x11,0x4D,0xB0,0x63,0x11,0x4D,0xB0,0x63,0x11,0x4D,0xB0,0x63,0x11,0x4D,0xB0,0x63,0x11,0x4D,0xB0,0x63,0x11,0x4D,0xB0,0x63,0x11,0x4D,0xB0,0x63,0x11,0x4D,0xB0,0x63,0x11,0x4D,0xB0,0x63,0x11,0x4D,0xB0,0x63,0x11,0x4D,0xB0,0x63,0x11,0x4D,0xB0,0x63,0x11,0x4D,0xB0,0x63,0x11,0x4D,
    0xB0,0x63,0x11,0x4D,0xB0,0x63,0x11,0x4D,0xB0,0x63,0x11,0x4D,0xB0,0x63,0x11,0x4D,0xB0,0x63,0x11,0x4D,0xB0,0x63,0x11,0x4D,0xB0,0x63,0x11,0x4D,0xB0,0x63,0x11,0x4D,0xB0,0x63,0x11,0x4D,0xB0,0x63,0x11,0x4D,0xB0,0x63,0x11,0x4D,0xB0,0x63,0x11,0x4D,0xB0,0x63,0x11,0x4D,0xB0,0x63,0x11,0x4D,0xB0,0x63,0x11,0x4D,0xB0,0x63,0x11,0x4D,
    0xB0,0x63,0x11,0x4D,0xB0,0x63,0x11,0x4D,0xB0,0x63,0x11,0x4D,0xB0,0x63,0x11,0x4D,0xB0,0x63,0x11,0x4D,0xB0,0x63,0x11,0x4D,0xB0,0x63,0x11,0x4D,0xB0,0x63,0x11,0x4D,0xB0,0x63,0x11,0x4D,0xB0,0x63,0x11,0x4D,0xB0,0x63,0x11,0x4D,0xB0,0x63,0x11,0x4D,0xB0,0x63,0x11,0x4D,0xB0,0x63,0x11,0x4D,0xB0,0x63,0x11,0x4D,0xED,0xDA,0xC8,0xA6,
    0xEC,0xDB,0xC8,0xA3,0xB2,0x67,0x17,0x4F,0xB0,0x63,0x11,0x4D,0xB0,0x63,0x11,0x4D,0xB0,0x63,0x11,0x4D,0xB0,0x63,0x11,0x4D,0xB0,0x63,0x11,0x4D,0xB0,0x63,0x11,0x4D,0xB0,0x63,0x11,0x4D,0xB0,0x63,0x11,0x4D,0xB0,0x63,0x11,0x4D,0xB0,0x63,0x11,0x4D,0xB0,0x63,0x11,0x4D,0xB0,0x63,0x11,0x4D,0xB0,0x63,0x11,0x4D,0xB0,0x63,0x11,0x4D,
    0xB0,0x63,0x11,0x4D,0xB0,0x63,0x11,0x4D,0xB0,0x63,0x11,0x4D,0xB0,0x63,0x11,0x4D,0xB0,0x63,0x11,0x4D,0xB0,0x63,0x11,0x4D,0xB0,0x63,0x11,0x4D,0xB0,0x63,0x11,0x4D,0xB0,0x63,0x11,0x4D,0xB0,0x63,0x11,0x4D,0xB0,0x63,0x11,0x4D,0xB0,0x63,0x11,0x4D,0xB0,0x63,0x11,0x4D,0xB0,0x63,0x11,0x4D,0xB0,0x63,0x11,0x4D,0xB0,0x63,0x11,0x4D,
    0xB0,0x63,0x11,0x4D,0xB0,0x63,0x11,0x4D,0xB0,0x63,0x11,0x4D,0xB0,0x63,0x11,0x4D,0xB0,0x63,0x11,0x4D,0xB0,0x63,0x11,0x4D,0xB0,0x63,0x11,0x4D,0xB0,0x63,0x11,0x4D,0xB0,0x63,0x11,0x4D,0xB0,0x63,0x11,0x4D,0xB0,0x63,0x11,0x4D,0xB0,0x63,0x11,0x4D,0xB0,0x63,0x11,0x4D,0xB0,0x63,0x11,0x4D,0xB0,0x63,0x11,0x4D,0xB0,0x63,0x11,0x4D,
    0xB0,0x63,0x11,0x4D,0xB0,0x63,0x11,0x4D,0xB0,0x63,0x11,0x4D,0xB0,0x63,0x11,0x4D,0xB0,0x63,0x11,0x4D,0xB0,0x63,0x11,0x4D,0xB0,0x63,0x11,0x4D,0xB0,0x63,0x11,0x4D,0xB0,0x63,0x11,0x4D,0xB0,0x63,0x11,0x4D,0xB0,0x63,0x11,0x4D,0xB0,0x63,0x11,0x4D,0xB0,0x63,0x11,0x4D,0xB0,0x63,0x11,0x4D,0xB0,0x63,0x11,0x4D,0xB0,0x63,0x11,0x4D,
    0xB0,0x63,0x11,0x4D,0xB0,0x63,0x11,0x4D,0xB0,0x63,0x11,0x4D,0xB0,0x63,0x11,0x4D,0xB0,0x63,0x11,0x4D,0xB0,0x63,0x11,0x4D,0xB0,0x63,0x11,0x4D,0xB0,0x63,0x11,0x4D,0xB0,0x63,0x11,0x4D,0xB0,0x63,0x11,0x4D,0xB0,0x63,0x11,0x4D,0xB0,0x63,0x11,0x4D,0xB0,0x63,0x11,0x4D,0xB0,0x63,0x11,0x4D,0xB0,0x63,0x11,0x4D,0xB0,0x63,0x11,0x4D,
    0xB0,0x63,0x11,0x4D,0xB0,0x63,0x11,0x4D,0xB0,0x63,0x11,0x4D,0xB0,0x63,0x11,0x4D,0xB0,0x63,0x11,0x4D,0xB0,0x63,0x11,0x4D,0xB0,0x63,0x11,0x4D,0xB0,0x63,0x11,0x4D,0xB0,0x63,0x11,0x4D,0xB0,0x63,0x11,0x4D,0xB0,0x63,0x11,0x4D,0xB0,0x63,0x11,0x4D,0xB0,0x63,0x11,0x4D,0xB0,0x63,0x11,0x4D,0xB0,0x63,0x11,0x4D,0xB0,0x63,0x11,0x4D,
    0xB0,0x63,0x11,0x4D,0xB0,0x63,0x11,0x4D,0xB0,0x63,0x11,0x4D,0xB0,0x63,0x11,0x4D,0xB0,0x63,0x11,0x4D,0xB0,0x63,0x11,0x4D,0xB0,0x63,0x11,0x4D,0xB0,0x63,0x11,0x4D,0xB0,0x63,0x11,0x4D,0xB0,0x63,0x11,0x4D,0xB0,0x63,0x11,0x4D,0xB0,0x63,0x11,0x4D,0xB0,0x63,0x11,0x4D,0xB0,0x63,0x11,0x4D,0xB0,0x63,0x11,0x4D,0xB0,0x63,0x11,0x4D,
    0xB0,0x63,0x11,0x4D,0xB0,0x63,0x11,0x4D,0xB0,0x63,0x11,0x4D,0xB0,0x63,0x11,0x4D,0xB0,0x63,0x11,0x4D,0xB0,0x63,0x11,0x4D,0xB0,0x63,0x11,0x4D,0xB0,0x63,0x11,0x4D,0xB0,0x63,0x11,0x4D,0xB0,0x63,0x11,0x4D,0xB0,0x63,0x11,0x4D,0xB0,0x63,0x11,0x4D,0xB0,0x63,0x11,0x4D,0xB0,0x63,0x11,0x4D,0xB0,0x63,0x11,0x4D,0xB0,0x63,0x11,0x4D,
    0xB0,0x63,0x11,0x4D,0xB0,0x63,0x11,0x4D,0xB0,0x63,0x11,0x4D,0xB0,0x63,0x11,0x4D,0xB0,0x63,0x11,0x4D,0xB0,0x63,0x11,0x4D,0xB0,0x63,0x11,0x4D,0xB0,0x63,0x11,0x4D,0xB0,0x63,0x11,0x4D,0xB0,0x63,0x11,0x4D,0xB0,0x63,0x11,0x4D,0xB0,0x63,0x11,0x4D,0xB0,0x63,0x11,0x4D,0xB0,0x63,0x11,0x4D,0xB0,0x63,0x11,0x4D,0xB0,0x63,0x11,0x4D,
    0xB0,0x63,0x11,0x4D,0xB0,0x63,0x11,0x4D,0xB0,0x63,0x11,0x4D,0xB0,0x63,0x11,0x4D,0xB0,0x63,0x11,0x4D,0xB0,0x63,0x11,0x4D,0xB0,0x63,0x11,0x4D,0xB0,0x63,0x11,0x4D,0xB0,0x63,0x11,0x4D,0xB0,0x63,0x11,0x4D,0xB0,0x63,0x11,0x4D,0xB0,0x63,0x11,0x4D,0xB0,0x63,0x11,0x4D,0xB0,0x63,0x11,0x4D,0xB0,0x63,0x11,0x4D,0xB0,0x63,0x11,0x4D,
    0xB0,0x63,0x11,0x4D,0xB0,0x63,0x11,0x4D,0xB0,0x63,0x11,0x4D,0xB0,0x63,0x11,0x4D,0xB0,0x63,0x11,0x4D,0xB0,0x63,0x11,0x4D,0xB0,0x63,0x11,0x4D,0xB0,0x63,0x11,0x4D,0xB0,0x63,0x11,0x4D,0xB0,0x63,0x11,0x4D,0xB0,0x63,0x11,0x4D,0xB0,0x63,0x11,0x4D,0xB0,0x63,0x11,0x4D,0xB0,0x63,0x11,0x4D,0xB0,0x63,0x11,0x4D,0xB0,0x63,0x11,0x4D,
    0xB0,0x63,0x11,0x4D,0xB0,0x63,0x11,0x4D,0xB2,0x67,0x17,0x4F,0xEC,0xDB,0xC8,0xA3,0xEA,0xD8,0xC3,0x91,0xC2,0x88,0x48,0x5C,0xB0,0x63,0x11,0x4D,0xB0,0x63,0x11,0x4D,0xB0,0x63,0x11,0x4D,0xB0,0x63,0x11,0x4D,0xB0,0x63,0x11,0x4D,0xB0,0x63,0x11,0x4D,0xB0,0x63,0x11,0x4D,0xB0,0x63,0x11,0x4D,0xB0,0x63,0x11,0x4D,0xB0,0x63,0x11,0x4D,
    0xB0,0x63,0x11,0x4D,0xB0,0x63,0x11,0x4D,0xB0,0x63,0x11,0x4D,0xB0,0x63,0x11,0x4D,0xB0,0x63,0x11,0x4D,0xB0,0x63,0x11,0x4D,0xB0,0x63,0x11,0x4D,0xB0,0x63,0x11,0x4D,0xB0,0x63,0x11,0x4D,0xB0,0x63,0x11,0x4D,0xB0,0x63,0x11,0x4D,0xB0,0x63,0x11,0x4D,0xB0,0x63,0x11,0x4D,0xB0,0x63,0x11,0x4D,0xB0,0x63,0x11,0x4D,0xB0,0x63,0x11,0x4D,
    0xB0,0x63,0x11,0x4D,0xB0,0x63,0x11,0x4D,0xB0,0x63,0x11,0x4D,0xB0,0x63,0x11,0x4D,0xB0,0x63,0x11,0x4D,0xB0,0x63,0x11,0x4D,0xB0,0x63,0x11,0x4D,0xB0,0x63,0x11,0x4D,0xB0,0x63,0x11,0x4D,0xB0,0x63,0x11,0x4D,0xB0,0x63,0x11,0x4D,0xB0,0x63,0x11,0x4D,0xB0,0x63,0x11,0x4D,0xB0,0x63,0x11,0x4D,0xB0,0x63,0x11,0x4D,0xB0,0x63,0x11,0x4D,
    0xB0,0x63,0x11,0x4D,0xB0,0x63,0x11,0x4D,0xB0,0x63,0x11,0x4D,0xB0,0x63,0x11,0x4D,0xB0,0x63,0x11,0x4D,0xB0,0x63,0x11,0x4D,0xB0,0x63,0x11,0x4D,0xB0,0x63,0x11,0x4D,0xB0,0x63,0x11,0x4D,0xB0,0x63,0x11,0x4D,0xB0,0x63,0x11,0x4D,0xB0,0x63,0x11,0x4D,0xB0,0x63,0x11,0x4D,0xB0,0x63,0x11,0x4D,0xB0,0x63,0x11,0x4D,0xB0,0x63,0x11,0x4D,
    0xB0,0x63,0x11,0x4D,0xB0,0x63,0x11,0x4D,0xB0,0x63,0x11,0x4D,0xB0,0x63,0x11,0x4D,0xB0,0x63,0x11,0x4D,0xB0,0x63,0x11,0x4D,0xB0,0x63,0x11,0x4D,0xB0,0x63,0x11,0x4D,0xB0,0x63,0x11,0x4D,0xB0,0x63,0x11,0x4D,0xB0,0x63,0x11,0x4D,0xB0,0x63,0x11,0x4D,0xB0,0x63,0x11,0x4D,0xB0,0x63,0x11,0x4D,0xB0,0x63,0x11,0x4D,0xB0,0x63,0x11,0x4D,
    0xB0,0x63,0x11,0x4D,0xB0,0x63,0x11,0x4D,0xB0,0x63,0x11,0x4D,0xB0,0x63,0x11,0x4D,0xB0,0x63,0x11,0x4D,0xB0,0x63,0x11,0x4D,0xB0,0x63,0x11,0x4D,0xB0,0x63,0x11,0x4D,0xB0,0x63,0x11,0x4D,0xB0,0x63,0x11,0x4D,0xB0,0x63,0x11,0x4D,0xB0,0x63,0x11,0x4D,0xB0,0x63,0x11,0x4D,0xB0,0x63,0x11,0x4D,0xB0,0x63,0x11,0x4D,0xB0,0x63,0x11,0x4D,
    0xB0,0x63,0x11,0x4D,0xB0,0x63,0x11,0x4D,0xB0,0x63,0x11,0x4D,0xB0,0x63,0x11,0x4D,0xB0,0x63,0x11,0x4D,0xB0,0x63,0x11,0x4D,0xB0,0x63,0x11,0x4D,0xB0,0x63,0x11,0x4D,0xB0,0x63,0x11,0x4D,0xB0,0x63,0x11,0x4D,0xB0,0x63,0x11,0x4D,0xB0,0x63,0x11,0x4D,0xB0,0x63,0x11,0x4D,0xB0,0x63,0x11,0x4D,0xB0,0x63,0x11,0x4D,0xB0,0x63,0x11,0x4D,
    0xB0,0x63,0x11,0x4D,0xB0,0x63,0x11,0x4D,0xB0,0x63,0x11,0x4D,0xB0,0x63,0x11,0x4D,0xB0,0x63,0x11,0x4D,0xB0,0x63,0x11,0x4D,0xB0,0x63,0x11,0x4D,0xB0,0x63,0x11,0x4D,0xB0,0x63,0x11,0x4D,0xB0,0x63,0x11,0x4D,0xB0,0x63,0x11,0x4D,0xB0,0x63,0x11,0x4D,0xB0,0x63,0x11,0x4D,0xB0,0x63,0x11,0x4D,0xB0,0x63,0x11,0x4D,0xB0,0x63,0x11,0x4D,
    0xB0,0x63,0x11,0x4D,0xB0,0x63,0x11,0x4D,0xB0,0x63,0x11,0x4D,0xB0,0x63,0x11,0x4D,0xB0,0x63,0x11,0x4D,0xB0,0x63,0x11,0x4D,0xB0,0x63,0x11,0x4D,0xB0,0x63,0x11,0x4D,0xB0,0x63,0x11,0x4D,0xB0,0x63,0x11,0x4D,0xB0,0x63,0x11,0x4D,0xB0,0x63,0x11,0x4D,0xB0,0x63,0x11,0x4D,0xB0,0x63,0x11,0x4D,0xB0,0x63,0x11,0x4D,0xB0,0x63,0x11,0x4D,
    0xB0,0x63,0x11,0x4D,0xB0,0x63,0x11,0x4D,0xB0,0x63,0x11,0x4D,0xB0,0x63,0x11,0x4D,0xB0,0x63,0x11,0x4D,0xB0,0x63,0x11,0x4D,0xB0,0x63,0x11,0x4D,0xB0,0x63,0x11,0x4D,0xB0,0x63,0x11,0x4D,0xB0,0x63,0x11,0x4D,0xB0,0x63,0x11,0x4D,0xB0,0x63,0x11,0x4D,0xB0,0x63,0x11,0x4D,0xB0,0x63,0x11,0x4D,0xB0,0x63,0x11,0x4D,0xB0,0x63,0x11,0x4D,
    0xB0,0x63,0x11,0x4D,0xB0,0x63,0x11,0x4D,0xB0,0x63,0x11,0x4D,0xB0,0x63,0x11,0x4D,0xB0,0x63,0x11,0x4D,0xB0,0x63,0x11,0x4D,0xB0,0x63,0x11,0x4D,0xB0,0x63,0x11,0x4D,0xB0,0x63,0x11,0x4D,0xB0,0x63,0x11,0x4D,0xB0,0x63,0x11,0x4D,0xB0,0x63,0x11,0x4D,0xB0,0x63,0x11,0x4D,0xB0,0x63,0x11,0x4D,0xB0,0x63,0x11,0x4D,0xB0,0x63,0x11,0x4D,
    0xB0,0x63,0x11,0x4D,0xB0,0x63,0x11,0x4D,0xB0,0x63,0x11,0x4D,0xB0,0x63,0x11,0x4D,0xB0,0x63,0x11,0x4D,0xB0,0x63,0x11,0x4D,0xC2,0x88,0x48,0x5C,0xEA,0xD8,0xC3,0x91,0xE9,0xD8,0xC2,0x68,0xD6,0xB2,0x89,0x77,0xB0,0x63,0x11,0x4D,0xB0,0x63,0x11,0x4D,0xB0,0x63,0x11,0x4D,0xB0,0x63,0x11,0x4D,0xB0,0x63,0x11,0x4D,0xB0,0x63,0x11,0x4D,
    0xB0,0x63,0x11,0x4D,0xB0,0x63,0x11,0x4D,0xB0,0x63,0x11,0x4D,0xB0,0x63,0x11,0x4D,0xB0,0x63,0x11,0x4D,0xB0,0x63,0x11,0x4D,0xB0,0x63,0x11,0x4D,0xB0,0x63,0x11,0x4D,0xB0,0x63,0x11,0x4D,0xB0,0x63,0x11,0x4D,0xB0,0x63,0x11,0x4D,0xB0,0x63,0x11,0x4D,0xB0,0x63,0x11,0x4D,0xB0,0x63,0x11,0x4D,0xB0,0x63,0x11,0x4D,0xB0,0x63,0x11,0x4D,
    0xB0,0x63,0x11,0x4D,0xB0,0x63,0x11,0x4D,0xB0,0x63,0x11,0x4D,0xB0,0x63,0x11,0x4D,0xB0,0x63,0x11,0x4D,0xB0,0x63,0x11,0x4D,0xB0,0x63,0x11,0x4D,0xB0,0x63,0x11,0x4D,0xB0,0x63,0x11,0x4D,0xB0,0x63,0x11,0x4D,0xB0,0x63,0x11,0x4D,0xB0,0x63,0x11,0x4D,0xB0,0x63,0x11,0x4D,0xB0,0x63,0x11,0x4D,0xB0,0x63,0x11,0x4D,0xB0,0x63,0x11,0x4D,
    0xB0,0x63,0x11,0x4D,0xB0,0x63,0x11,0x4D,0xB0,0x63,0x11,0x4D,0xB0,0x63,0x11,0x4D,0xB0,0x63,0x11,0x4D,0xB0,0x63,0x11,0x4D,0xB0,0x63,0x11,0x4D,0xB0,0x63,0x11,0x4D,0xB0,0x63,0x11,0x4D,0xB0,0x63,0x11,0x4D,0xB0,0x63,0x11,0x4D,0xB0,0x63,0x11,0x4D,0xB0,0x63,0x11,0x4D,0xB0,0x63,0x11,0x4D,0xB0,0x63,0x11,0x4D,0xB0,0x63,0x11,0x4D,
    0xB0,0x63,0x11,0x4D,0xB0,0x63,0x11,0x4D,0xB0,0x63,0x11,0x4D,0xB0,0x63,0x11,0x4D,0xB0,0x63,0x11,0x4D,0xB0,0x63,0x11,0x4D,0xB0,0x63,0x11,0x4D,0xB0,0x63,0x11,0x4D,0xB0,0x63,0x11,0x4D,0xB0,0x63,0x11,0x4D,0xB0,0x63,0x11,0x4D,0xB0,0x63,0x11,0x4D,0xB0,0x63,0x11,0x4D,0xB0,0x63,0x11,0x4D,0xB0,0x63,0x11,0x4D,0xB0,0x63,0x11,0x4D,
    0xB0,0x63,0x11,0x4D,0xB0,0x63,0x11,0x4D,0xB0,0x63,0x11,0x4D,0xB0,0x63,0x11,0x4D,0xB0,0x63,0x11,0x4D,0xB0,0x63,0x11,0x4D,0xB0,0x63,0x11,0x4D,0xB0,0x63,0x11,0x4D,0xB0,0x63,0x11,0x4D,0xB0,0x63,0x11,0x4D,0xB0,0x63,0x11,0x4D,0xB0,0x63,0x11,0x4D,0xB0,0x63,0x11,0x4D,0xB0,0x63,0x11,0x4D,0xB0,0x63,0x11,0x4D,0xB0,0x63,0x11,0x4D,
    0xB0,0x63,0x11,0x4D,0xB0,0x63,0x11,0x4D,0xB0,0x63,0x11,0x4D,0xB0,0x63,0x11,0x4D,0xB0,0x63,0x11,0x4D,0xB0,0x63,0x11,0x4D,0xB0,0x63,0x11,0x4D,0xB0,0x63,0x11,0x4D,0xB0,0x63,0x11,0x4D,0xB0,0x63,0x11,0x4D,0xB0,0x63,0x11,0x4D,0xB0,0x63,0x11,0x4D,0xB0,0x63,0x11,0x4D,0xB0,0x63,0x11,0x4D,0xB0,0x63,0x11,0x4D,0xB0,0x63,0x11,0x4D,
    0xB0,0x63,0x11,0x4D,0xB0,0x63,0x11,0x4D,0xB0,0x63,0x11,0x4D,0xB0,0x63,0x11,0x4D,0xB0,0x63,0x11,0x4D,0xB0,0x63,0x11,0x4D,0xB0,0x63,0x11,0x4D,0xB0,0x63,0x11,0x4D,0xB0,0x63,0x11,0x4D,0xB0,0x63,0x11,0x4D,0xB0,0x63,0x11,0x4D,0xB0,0x63,0x11,0x4D,0xB0,0x63,0x11,0x4D,0xB0,0x63,0x11,0x4D,0xB0,0x63,0x11,0x4D,0xB0,0x63,0x11,0x4D,
    0xB0,0x63,0x11,0x4D,0xB0,0x63,0x11,0x4D,0xB0,0x63,0x11,0x4D,0xB0,0x63,0x11,0x4D,0xB0,0x63,0x11,0x4D,0xB0,0x63,0x11,0x4D,0xB0,0x63,0x11,0x4D,0xB0,0x63,0x11,0x4D,0xB0,0x63,0x11,0x4D,0xB0,0x63,0x11,0x4D,0xB0,0x63,0x11,0x4D,0xB0,0x63,0x11,0x4D,0xB0,0x63,0x11,0x4D,0xB0,0x63,0x11,0x4D,0xB0,0x63,0x11,0x4D,0xB0,0x63,0x11,0x4D,
    0xB0,0x63,0x11,0x4D,0xB0,0x63,0x11,0x4D,0xB0,0x63,0x11,0x4D,0xB0,0x63,0x11,0x4D,0xB0,0x63,0x11,0x4D,0xB0,0x63,0x11,0x4D,0xB0,0x63,0x11,0x4D,0xB0,0x63,0x11,0x4D,0xB0,0x63,0x11,0x4D,0xB0,0x63,0x11,0x4D,0xB0,0x63,0x11,0x4D,0xB0,0x63,0x11,0x4D,0xB0,0x63,0x11,0x4D,0xB0,0x63,0x11,0x4D,0xB0,0x63,0x11,0x4D,0xB0,0x63,0x11,0x4D,
    0xB0,0x63,0x11,0x4D,0xB0,0x63,0x11,0x4D,0xB0,0x63,0x11,0x4D,0xB0,0x63,0x11,0x4D,0xB0,0x63,0x11,0x4D,0xB0,0x63,0x11,0x4D,0xB0,0x63,0x11,0x4D,0xB0,0x63,0x11,0x4D,0xB0,0x63,0x11,0x4D,0xB0,0x63,0x11,0x4D,0xB0,0x63,0x11,0x4D,0xB0,0x63,0x11,0x4D,0xB0,0x63,0x11,0x4D,0xB0,0x63,0x11,0x4D,0xB0,0x63,0x11,0x4D,0xB0,0x63,0x11,0x4D,
    0xB0,0x63,0x11,0x4D,0xB0,0x63,0x11,0x4D,0xB0,0x63,0x11,0x4D,0xB0,0x63,0x11,0x4D,0xB0,0x63,0x11,0x4D,0xB0,0x63,0x11,0x4D,0xB0,0x63,0x11,0x4D,0xB0,0x63,0x11,0x4D,0xB0,0x63,0x11,0x4D,0xB0,0x63,0x11,0x4D,0xD6,0xB2,0x89,0x77,0xE9,0xD8,0xC2,0x68,0xEA,0xCF,0xB3,0x25,0xEA,0xD6,0xBF,0x9C,0xB7,0x70,0x25,0x52,0xB0,0x63,0x11,0x4D,
    0xB0,0x63,0x11,0x4D,0xB0,0x63,0x11,0x4D,0xB0,0x63,0x11,0x4D,0xB0,0x63,0x11,0x4D,0xB0,0x63,0x11,0x4D,0xB0,0x63,0x11,0x4D,0xB0,0x63,0x11,0x4D,0xB0,0x63,0x11,0x4D,0xB0,0x63,0x11,0x4D,0xB0,0x63,0x11,0x4D,0xB0,0x63,0x11,0x4D,0xB0,0x63,0x11,0x4D,0xB0,0x63,0x11,0x4D,0xB0,0x63,0x11,0x4D,0xB0,0x63,0x11,0x4D,0xB0,0x63,0x11,0x4D,
    0xB0,0x63,0x11,0x4D,0xB0,0x63,0x11,0x4D,0xB0,0x63,0x11,0x4D,0xB0,0x63,0x11,0x4D,0xB0,0x63,0x11,0x4D,0xB0,0x63,0x11,0x4D,0xB0,0x63,0x11,0x4D,0xB0,0x63,0x11,0x4D,0xB0,0x63,0x11,0x4D,0xB0,0x63,0x11,0x4D,0xB0,0x63,0x11,0x4D,0xB0,0x63,0x11,0x4D,0xB0,0x63,0x11,0x4D,0xB0,0x63,0x11,0x4D,0xB0,0x63,0x11,0x4D,0xB0,0x63,0x11,0x4D,
    0xB0,0x63,0x11,0x4D,0xB0,0x63,0x11,0x4D,0xB0,0x63,0x11,0x4D,0xB0,0x63,0x11,0x4D,0xB0,0x63,0x11,0x4D,0xB0,0x63,0x11,0x4D,0xB0,0x63,0x11,0x4D,0xB0,0x63,0x11,0x4D,0xB0,0x63,0x11,0x4D,0xB0,0x63,0x11,0x4D,0xB0,0x63,0x11,0x4D,0xB0,0x63,0x11,0x4D,0xB0,0x63,0x11,0x4D,0xB0,0x63,0x11,0x4D,0xB0,0x63,0x11,0x4D,0xB0,0x63,0x11,0x4D,
    0xB0,0x63,0x11,0x4D,0xB0,0x63,0x11,0x4D,0xB0,0x63,0x11,0x4D,0xB0,0x63,0x11,0x4D,0xB0,0x63,0x11,0x4D,0xB0,0x63,0x11,0x4D,0xB0,0x63,0x11,0x4D,0xB0,0x63,0x11,0x4D,0xB0,0x63,0x11,0x4D,0xB0,0x63,0x11,0x4D,0xB0,0x63,0x11,0x4D,0xB0,0x63,0x11,0x4D,0xB0,0x63,0x11,0x4D,0xB0,0x63,0x11,0x4D,0xB0,0x63,0x11,0x4D,0xB0,0x63,0x11,0x4D,
    0xB0,0x63,0x11,0x4D,0xB0,0x63,0x11,0x4D,0xB0,0x63,0x11,0x4D,0xB0,0x63,0x11,0x4D,0xB0,0x63,0x11,0x4D,0xB0,0x63,0x11,0x4D,0xB0,0x63,0x11,0x4D,0xB0,0x63,0x11,0x4D,0xB0,0x63,0x11,0x4D,0xB0,0x63,0x11,0x4D,0xB0,0x63,0x11,0x4D,0xB0,0x63,0x11,0x4D,0xB0,0x63,0x11,0x4D,0xB0,0x63,0x11,0x4D,0xB0,0x63,0x11,0x4D,0xB0,0x63,0x11,0x4D,
    0xB0,0x63,0x11,0x4D,0xB0,0x63,0x11,0x4D,0xB0,0x63,0x11,0x4D,0xB0,0x63,0x11,0x4D,0xB0,0x63,0x11,0x4D,0xB0,0x63,0x11,0x4D,0xB0,0x63,0x11,0x4D,0xB0,0x63,0x11,0x4D,0xB0,0x63,0x11,0x4D,0xB0,0x63,0x11,0x4D,0xB0,0x63,0x11,0x4D,0xB0,0x63,0x11,0x4D,0xB0,0x63,0x11,0x4D,0xB0,0x63,0x11,0x4D,0xB0,0x63,0x11,0x4D,0xB0,0x63,0x11,0x4D,
    0xB0,0x63,0x11,0x4D,0xB0,0x63,0x11,0x4D,0xB0,0x63,0x11,0x4D,0xB0,0x63,0x11,0x4D,0xB0,0x63,0x11,0x4D,0xB0,0x63,0x11,0x4D,0xB0,0x63,0x11,0x4D,0xB0,0x63,0x11,0x4D,0xB0,0x63,0x11,0x4D,0xB0,0x63,0x11,0x4D,0xB0,0x63,0x11,0x4D,0xB0,0x63,0x11,0x4D,0xB0,0x63,0x11,0x4D,0xB0,0x63,0x11,0x4D,0xB0,0x63,0x11,0x4D,0xB0,0x63,0x11,0x4D,
    0xB0,0x63,0x11,0x4D,0xB0,0x63,0x11,0x4D,0xB0,0x63,0x11,0x4D,0xB0,0x63,0x11,0x4D,0xB0,0x63,0x11,0x4D,0xB0,0x63,0x11,0x4D,0xB0,0x63,0x11,0x4D,0xB0,0x63,0x11,0x4D,0xB0,0x63,0x11,0x4D,0xB0,0x63,0x11,0x4D,0xB0,0x63,0x11,0x4D,0xB0,0x63,0x11,0x4D,0xB0,0x63,0x11,0x4D,0xB0,0x63,0x11,0x4D,0xB0,0x63,0x11,0x4D,0xB0,0x63,0x11,0x4D,
    0xB0,0x63,0x11,0x4D,0xB0,0x63,0x11,0x4D,0xB0,0x63,0x11,0x4D,0xB0,0x63,0x11,0x4D,0xB0,0x63,0x11,0x4D,0xB0,0x63,0x11,0x4D,0xB0,0x63,0x11,0x4D,0xB0,0x63,0x11,0x4D,0xB0,0x63,0x11,0x4D,0xB0,0x63,0x11,0x4D,0xB0,0x63,0x11,0x4D,0xB0,0x63,0x11,0x4D,0xB0,0x63,0x11,0x4D,0xB0,0x63,0x11,0x4D,0xB0,0x63,0x11,0x4D,0xB0,0x63,0x11,0x4D,
    0xB0,0x63,0x11,0x4D,0xB0,0x63,0x11,0x4D,0xB0,0x63,0x11,0x4D,0xB0,0x63,0x11,0x4D,0xB0,0x63,0x11,0x4D,0xB0,0x63,0x11,0x4D,0xB0,0x63,0x11,0x4D,0xB0,0x63,0x11,0x4D,0xB0,0x63,0x11,0x4D,0xB0,0x63,0x11,0x4D,0xB0,0x63,0x11,0x4D,0xB0,0x63,0x11,0x4D,0xB0,0x63,0x11,0x4D,0xB0,0x63,0x11,0x4D,0xB0,0x63,0x11,0x4D,0xB0,0x63,0x11,0x4D,
    0xB0,0x63,0x11,0x4D,0xB0,0x63,0x11,0x4D,0xB0,0x63,0x11,0x4D,0xB0,0x63,0x11,0x4D,0xB0,0x63,0x11,0x4D,0xB0,0x63,0x11,0x4D,0xB0,0x63,0x11,0x4D,0xB0,0x63,0x11,0x4D,0xB0,0x63,0x11,0x4D,0xB0,0x63,0x11,0x4D,0xB0,0x63,0x11,0x4D,0xB0,0x63,0x11,0x4D,0xB0,0x63,0x11,0x4D,0xB7,0x70,0x25,0x52,0xEA,0xD6,0xBF,0x9C,0xEA,0xCF,0xB3,0x25,
    0x00,0x00,0x00,0x00,0xE9,0xD5,0xBF,0x67,0xDE,0xBF,0x9E,0x84,0xB0,0x63,0x11,0x4D,0xB0,0x63,0x11,0x4D,0xB0,0x63,0x11,0x4D,0xB0,0x63,0x11,0x4D,0xB0,0x63,0x11,0x4D,0xB0,0x63,0x11,0x4D,0xB0,0x63,0x11,0x4D,0xB0,0x63,0x11,0x4D,0xB0,0x63,0x11,0x4D,0xB0,0x63,0x11,0x4D,0xB0,0x63,0x11,0x4D,0xB0,0x63,0x11,0x4D,0xB0,0x63,0x11,0x4D,
    0xB0,0x63,0x11,0x4D,0xB0,0x63,0x11,0x4D,0xB0,0x63,0x11,0x4D,0xB0,0x63,0x11,0x4D,0xB0,0x63,0x11,0x4D,0xB0,0x63,0x11,0x4D,0xB0,0x63,0x11,0x4D,0xB0,0x63,0x11,0x4D,0xB0,0x63,0x11,0x4D,0xB0,0x63,0x11,0x4D,0xB0,0x63,0x11,0x4D,0xB0,0x63,0x11,0x4D,0xB0,0x63,0x11,0x4D,0xB0,0x63,0x11,0x4D,0xB0,0x63,0x11,0x4D,0xB0,0x63,0x11,0x4D,
    0xB0,0x63,0x11,0x4D,0xB0,0x63,0x11,0x4D,0xB0,0x63,0x11,0x4D,0xB0,0x63,0x11,0x4D,0xB0,0x63,0x11,0x4D,0xB0,0x63,0x11,0x4D,0xB0,0x63,0x11,0x4D,0xB0,0x63,0x11,0x4D,0xB0,0x63,0x11,0x4D,0xB0,0x63,0x11,0x4D,0xB0,0x63,0x11,0x4D,0xB0,0x63,0x11,0x4D,0xB0,0x63,0x11,0x4D,0xB0,0x63,0x11,0x4D,0xB0,0x63,0x11,0x4D,0xB0,0x63,0x11,0x4D,
    0xB0,0x63,0x11,0x4D,0xB0,0x63,0x11,0x4D,0xB0,0x63,0x11,0x4D,0xB0,0x63,0x11,0x4D,0xB0,0x63,0x11,0x4D,0xB0,0x63,0x11,0x4D,0xB0,0x63,0x11,0x4D,0xB0,0x63,0x11,0x4D,0xB0,0x63,0x11,0x4D,0xB0,0x63,0x11,0x4D,0xB0,0x63,0x11,0x4D,0xB0,0x63,0x11,0x4D,0xB0,0x63,0x11,0x4D,0xB0,0x63,0x11,0x4D,0xB0,0x63,0x11,0x4D,0xB0,0x63,0x11,0x4D,
    0xB0,0x63,0x11,0x4D,0xB0,0x63,0x11,0x4D,0xB0,0x63,0x11,0x4D,0xB0,0x63,0x11,0x4D,0xB0,0x63,0x11,0x4D,0xB0,0x63,0x11,0x4D,0xB0,0x63,0x11,0x4D,0xB0,0x63,0x11,0x4D,0xB0,0x63,0x11,0x4D,0xB0,0x63,0x11,0x4D,0xB0,0x63,0x11,0x4D,0xB0,0x63,0x11,0x4D,0xB0,0x63,0x11,0x4D,0xB0,0x63,0x11,0x4D,0xB0,0x63,0x11,0x4D,0xB0,0x63,0x11,0x4D,
    0xB0,0x63,0x11,0x4D,0xB0,0x63,0x11,0x4D,0xB0,0x63,0x11,0x4D,0xB0,0x63,0x11,0x4D,0xB0,0x63,0x11,0x4D,0xB0,0x63,0x11,0x4D,0xB0,0x63,0x11,0x4D,0xB0,0x63,0x11,0x4D,0xB0,0x63,0x11,0x4D,0xB0,0x63,0x11,0x4D,0xB0,0x63,0x11,0x4D,0xB0,0x63,0x11,0x4D,0xB0,0x63,0x11,0x4D,0xB0,0x63,0x11,0x4D,0xB0,0x63,0x11,0x4D,0xB0,0x63,0x11,0x4D,
    0xB0,0x63,0x11,0x4D,0xB0,0x63,0x11,0x4D,0xB0,0x63,0x11,0x4D,0xB0,0x63,0x11,0x4D,0xB0,0x63,0x11,0x4D,0xB0,0x63,0x11,0x4D,0xB0,0x63,0x11,0x4D,0xB0,0x63,0x11,0x4D,0xB0,0x63,0x11,0x4D,0xB0,0x63,0x11,0x4D,0xB0,0x63,0x11,0x4D,0xB0,0x63,0x11,0x4D,0xB0,0x63,0x11,0x4D,0xB0,0x63,0x11,0x4D,0xB0,0x63,0x11,0x4D,0xB0,0x63,0x11,0x4D,
    0xB0,0x63,0x11,0x4D,0xB0,0x63,0x11,0x4D,0xB0,0x63,0x11,0x4D,0xB0,0x63,0x11,0x4D,0xB0,0x63,0x11,0x4D,0xB0,0x63,0x11,0x4D,0xB0,0x63,0x11,0x4D,0xB0,0x63,0x11,0x4D,0xB0,0x63,0x11,0x4D,0xB0,0x63,0x11,0x4D,0xB0,0x63,0x11,0x4D,0xB0,0x63,0x11,0x4D,0xB0,0x63,0x11,0x4D,0xB0,0x63,0x11,0x4D,0xB0,0x63,0x11,0x4D,0xB0,0x63,0x11,0x4D,
    0xB0,0x63,0x11,0x4D,0xB0,0x63,0x11,0x4D,0xB0,0x63,0x11,0x4D,0xB0,0x63,0x11,0x4D,0xB0,0x63,0x11,0x4D,0xB0,0x63,0x11,0x4D,0xB0,0x63,0x11,0x4D,0xB0,0x63,0x11,0x4D,0xB0,0x63,0x11,0x4D,0xB0,0x63,0x11,0x4D,0xB0,0x63,0x11,0x4D,0xB0,0x63,0x11,0x4D,0xB0,0x63,0x11,0x4D,0xB0,0x63,0x11,0x4D,0xB0,0x63,0x11,0x4D,0xB0,0x63,0x11,0x4D,
    0xB0,0x63,0x11,0x4D,0xB0,0x63,0x11,0x4D,0xB0,0x63,0x11,0x4D,0xB0,0x63,0x11,0x4D,0xB0,0x63,0x11,0x4D,0xB0,0x63,0x11,0x4D,0xB0,0x63,0x11,0x4D,0xB0,0x63,0x11,0x4D,0xB0,0x63,0x11,0x4D,0xB0,0x63,0x11,0x4D,0xB0,0x63,0x11,0x4D,0xB0,0x63,0x11,0x4D,0xB0,0x63,0x11,0x4D,0xB0,0x63,0x11,0x4D,0xB0,0x63,0x11,0x4D,0xB0,0x63,0x11,0x4D,
    0xB0,0x63,0x11,0x4D,0xB0,0x63,0x11,0x4D,0xB0,0x63,0x11,0x4D,0xB0,0x63,0x11,0x4D,0xB0,0x63,0x11,0x4D,0xB0,0x63,0x11,0x4D,0xB0,0x63,0x11,0x4D,0xB0,0x63,0x11,0x4D,0xB0,0x63,0x11,0x4D,0xB0,0x63,0x11,0x4D,0xB0,0x63,0x11,0x4D,0xB0,0x63,0x11,0x4D,0xB0,0x63,0x11,0x4D,0xB0,0x63,0x11,0x4D,0xB0,0x63,0x11,0x4D,0xB0,0x63,0x11,0x4D,
    0xB0,0x63,0x11,0x4D,0xDE,0xBF,0x9E,0x84,0xE9,0xD5,0xBF,0x67,0x00,0x00,0x00,0x00,0x00,0x00,0x00,0x00,0xE6,0xB3,0x99,0x0A,0xEB,0xDA,0xC6,0x82,0xDE,0xBF,0x9E,0x84,0xB7,0x70,0x25,0x52,0xB0,0x63,0x11,0x4D,0xB0,0x63,0x11,0x4D,0xB0,0x63,0x11,0x4D,0xB0,0x63,0x11,0x4D,0xB0,0x63,0x11,0x4D,0xB0,0x63,0x11,0x4D,0xB0,0x63,0x11,0x4D,
    0xB0,0x63,0x11,0x4D,0xB0,0x63,0x11,0x4D,0xB0,0x63,0x11,0x4D,0xB0,0x63,0x11,0x4D,0xB0,0x63,0x11,0x4D,0xB0,0x63,0x11,0x4D,0xB0,0x63,0x11,0x4D,0xB0,0x63,0x11,0x4D,0xB0,0x63,0x11,0x4D,0xB0,0x63,0x11,0x4D,0xB0,0x63,0x11,0x4D,0xB0,0x63,0x11,0x4D,0xB0,0x63,0x11,0x4D,0xB0,0x63,0x11,0x4D,0xB0,0x63,0x11,0x4D,0xB0,0x63,0x11,0x4D,
    0xB0,0x63,0x11,0x4D,0xB0,0x63,0x11,0x4D,0xB0,0x63,0x11,0x4D,0xB0,0x63,0x11,0x4D,0xB0,0x63,0x11,0x4D,0xB0,0x63,0x11,0x4D,0xB0,0x63,0x11,0x4D,0xB0,0x63,0x11,0x4D,0xB0,0x63,0x11,0x4D,0xB0,0x63,0x11,0x4D,0xB0,0x63,0x11,0x4D,0xB0,0x63,0x11,0x4D,0xB0,0x63,0x11,0x4D,0xB0,0x63,0x11,0x4D,0xB0,0x63,0x11,0x4D,0xB0,0x63,0x11,0x4D,
    0xB0,0x63,0x11,0x4D,0xB0,0x63,0x11,0x4D,0xB0,0x63,0x11,0x4D,0xB0,0x63,0x11,0x4D,0xB0,0x63,0x11,0x4D,0xB0,0x63,0x11,0x4D,0xB0,0x63,0x11,0x4D,0xB0,0x63,0x11,0x4D,0xB0,0x63,0x11,0x4D,0xB0,0x63,0x11,0x4D,0xB0,0x63,0x11,0x4D,0xB0,0x63,0x11,0x4D,0xB0,0x63,0x11,0x4D,0xB0,0x63,0x11,0x4D,0xB0,0x63,0x11,0x4D,0xB0,0x63,0x11,0x4D,
    0xB0,0x63,0x11,0x4D,0xB0,0x63,0x11,0x4D,0xB0,0x63,0x11,0x4D,0xB0,0x63,0x11,0x4D,0xB0,0x63,0x11,0x4D,0xB0,0x63,0x11,0x4D,0xB0,0x63,0x11,0x4D,0xB0,0x63,0x11,0x4D,0xB0,0x63,0x11,0x4D,0xB0,0x63,0x11,0x4D,0xB0,0x63,0x11,0x4D,0xB0,0x63,0x11,0x4D,0xB0,0x63,0x11,0x4D,0xB0,0x63,0x11,0x4D,0xB0,0x63,0x11,0x4D,0xB0,0x63,0x11,0x4D,
    0xB0,0x63,0x11,0x4D,0xB0,0x63,0x11,0x4D,0xB0,0x63,0x11,0x4D,0xB0,0x63,0x11,0x4D,0xB0,0x63,0x11,0x4D,0xB0,0x63,0x11,0x4D,0xB0,0x63,0x11,0x4D,0xB0,0x63,0x11,0x4D,0xB0,0x63,0x11,0x4D,0xB0,0x63,0x11,0x4D,0xB0,0x63,0x11,0x4D,0xB0,0x63,0x11,0x4D,0xB0,0x63,0x11,0x4D,0xB0,0x63,0x11,0x4D,0xB0,0x63,0x11,0x4D,0xB0,0x63,0x11,0x4D,
    0xB0,0x63,0x11,0x4D,0xB0,0x63,0x11,0x4D,0xB0,0x63,0x11,0x4D,0xB0,0x63,0x11,0x4D,0xB0,0x63,0x11,0x4D,0xB0,0x63,0x11,0x4D,0xB0,0x63,0x11,0x4D,0xB0,0x63,0x11,0x4D,0xB0,0x63,0x11,0x4D,0xB0,0x63,0x11,0x4D,0xB0,0x63,0x11,0x4D,0xB0,0x63,0x11,0x4D,0xB0,0x63,0x11,0x4D,0xB0,0x63,0x11,0x4D,0xB0,0x63,0x11,0x4D,0xB0,0x63,0x11,0x4D,
    0xB0,0x63,0x11,0x4D,0xB0,0x63,0x11,0x4D,0xB0,0x63,0x11,0x4D,0xB0,0x63,0x11,0x4D,0xB0,0x63,0x11,0x4D,0xB0,0x63,0x11,0x4D,0xB0,0x63,0x11,0x4D,0xB0,0x63,0x11,0x4D,0xB0,0x63,0x11,0x4D,0xB0,0x63,0x11,0x4D,0xB0,0x63,0x11,0x4D,0xB0,0x63,0x11,0x4D,0xB0,0x63,0x11,0x4D,0xB0,0x63,0x11,0x4D,0xB0,0x63,0x11,0x4D,0xB0,0x63,0x11,0x4D,
    0xB0,0x63,0x11,0x4D,0xB0,0x63,0x11,0x4D,0xB0,0x63,0x11,0x4D,0xB0,0x63,0x11,0x4D,0xB0,0x63,0x11,0x4D,0xB0,0x63,0x11,0x4D,0xB0,0x63,0x11,0x4D,0xB0,0x63,0x11,0x4D,0xB0,0x63,0x11,0x4D,0xB0,0x63,0x11,0x4D,0xB0,0x63,0x11,0x4D,0xB0,0x63,0x11,0x4D,0xB0,0x63,0x11,0x4D,0xB0,0x63,0x11,0x4D,0xB0,0x63,0x11,0x4D,0xB0,0x63,0x11,0x4D,
    0xB0,0x63,0x11,0x4D,0xB0,0x63,0x11,0x4D,0xB0,0x63,0x11,0x4D,0xB0,0x63,0x11,0x4D,0xB0,0x63,0x11,0x4D,0xB0,0x63,0x11,0x4D,0xB0,0x63,0x11,0x4D,0xB0,0x63,0x11,0x4D,0xB0,0x63,0x11,0x4D,0xB0,0x63,0x11,0x4D,0xB0,0x63,0x11,0x4D,0xB0,0x63,0x11,0x4D,0xB0,0x63,0x11,0x4D,0xB0,0x63,0x11,0x4D,0xB0,0x63,0x11,0x4D,0xB0,0x63,0x11,0x4D,
    0xB0,0x63,0x11,0x4D,0xB0,0x63,0x11,0x4D,0xB0,0x63,0x11,0x4D,0xB0,0x63,0x11,0x4D,0xB0,0x63,0x11,0x4D,0xB0,0x63,0x11,0x4D,0xB0,0x63,0x11,0x4D,0xB0,0x63,0x11,0x4D,0xB0,0x63,0x11,0x4D,0xB0,0x63,0x11,0x4D,0xB0,0x63,0x11,0x4D,0xB0,0x63,0x11,0x4D,0xB0,0x63,0x11,0x4D,0xB0,0x63,0x11,0x4D,0xB0,0x63,0x11,0x4D,0xB0,0x63,0x11,0x4D,
    0xB0,0x63,0x11,0x4D,0xB0,0x63,0x11,0x4D,0xB0,0x63,0x11,0x4D,0xB7,0x70,0x25,0x52,0xDE,0xBF,0x9E,0x84,0xEB,0xDA,0xC6,0x82,0xE6,0xB3,0x99,0x0A,0x00,0x00,0x00,0x00,0x00,0x00,0x00,0x00,0x00,0x00,0x00,0x00,0xE6,0xB3,0x99,0x0A,0xE9,0xD5,0xBF,0x67,0xEA,0xD6,0xBF,0x9C,0xD6,0xB2,0x89,0x77,0xC2,0x88,0x48,0x5C,0xB2,0x67,0x17,0x4F,
    0xB0,0x63,0x11,0x4D,0xB0,0x63,0x11,0x4D,0xB0,0x63,0x11,0x4D,0xB0,0x63,0x11,0x4D,0xB0,0x63,0x11,0x4D,0xB0,0x63,0x11,0x4D,0xB0,0x63,0x11,0x4D,0xB0,0x63,0x11,0x4D,0xB0,0x63,0x11,0x4D,0xB0,0x63,0x11,0x4D,0xB0,0x63,0x11,0x4D,0xB0,0x63,0x11,0x4D,0xB0,0x63,0x11,0x4D,0xB0,0x63,0x11,0x4D,0xB0,0x63,0x11,0x4D,0xB0,0x63,0x11,0x4D,
    0xB0,0x63,0x11,0x4D,0xB0,0x63,0x11,0x4D,0xB0,0x63,0x11,0x4D,0xB0,0x63,0x11,0x4D,0xB0,0x63,0x11,0x4D,0xB0,0x63,0x11,0x4D,0xB0,0x63,0x11,0x4D,0xB0,0x63,0x11,0x4D,0xB0,0x63,0x11,0x4D,0xB0,0x63,0x11,0x4D,0xB0,0x63,0x11,0x4D,0xB0,0x63,0x11,0x4D,0xB0,0x63,0x11,0x4D,0xB0,0x63,0x11,0x4D,0xB0,0x63,0x11,0x4D,0xB0,0x63,0x11,0x4D,
    0xB0,0x63,0x11,0x4D,0xB0,0x63,0x11,0x4D,0xB0,0x63,0x11,0x4D,0xB0,0x63,0x11,0x4D,0xB0,0x63,0x11,0x4D,0xB0,0x63,0x11,0x4D,0xB0,0x63,0x11,0x4D,0xB0,0x63,0x11,0x4D,0xB0,0x63,0x11,0x4D,0xB0,0x63,0x11,0x4D,0xB0,0x63,0x11,0x4D,0xB0,0x63,0x11,0x4D,0xB0,0x63,0x11,0x4D,0xB0,0x63,0x11,0x4D,0xB0,0x63,0x11,0x4D,0xB0,0x63,0x11,0x4D,
    0xB0,0x63,0x11,0x4D,0xB0,0x63,0x11,0x4D,0xB0,0x63,0x11,0x4D,0xB0,0x63,0x11,0x4D,0xB0,0x63,0x11,0x4D,0xB0,0x63,0x11,0x4D,0xB0,0x63,0x11,0x4D,0xB0,0x63,0x11,0x4D,0xB0,0x63,0x11,0x4D,0xB0,0x63,0x11,0x4D,0xB0,0x63,0x11,0x4D,0xB0,0x63,0x11,0x4D,0xB0,0x63,0x11,0x4D,0xB0,0x63,0x11,0x4D,0xB0,0x63,0x11,0x4D,0xB0,0x63,0x11,0x4D,
    0xB0,0x63,0x11,0x4D,0xB0,0x63,0x11,0x4D,0xB0,0x63,0x11,0x4D,0xB0,0x63,0x11,0x4D,0xB0,0x63,0x11,0x4D,0xB0,0x63,0x11,0x4D,0xB0,0x63,0x11,0x4D,0xB0,0x63,0x11,0x4D,0xB0,0x63,0x11,0x4D,0xB0,0x63,0x11,0x4D,0xB0,0x63,0x11,0x4D,0xB0,0x63,0x11,0x4D,0xB0,0x63,0x11,0x4D,0xB0,0x63,0x11,0x4D,0xB0,0x63,0x11,0x4D,0xB0,0x63,0x11,0x4D,
    0xB0,0x63,0x11,0x4D,0xB0,0x63,0x11,0x4D,0xB0,0x63,0x11,0x4D,0xB0,0x63,0x11,0x4D,0xB0,0x63,0x11,0x4D,0xB0,0x63,0x11,0x4D,0xB0,0x63,0x11,0x4D,0xB0,0x63,0x11,0x4D,0xB0,0x63,0x11,0x4D,0xB0,0x63,0x11,0x4D,0xB0,0x63,0x11,0x4D,0xB0,0x63,0x11,0x4D,0xB0,0x63,0x11,0x4D,0xB0,0x63,0x11,0x4D,0xB0,0x63,0x11,0x4D,0xB0,0x63,0x11,0x4D,
    0xB0,0x63,0x11,0x4D,0xB0,0x63,0x11,0x4D,0xB0,0x63,0x11,0x4D,0xB0,0x63,0x11,0x4D,0xB0,0x63,0x11,0x4D,0xB0,0x63,0x11,0x4D,0xB0,0x63,0x11,0x4D,0xB0,0x63,0x11,0x4D,0xB0,0x63,0x11,0x4D,0xB0,0x63,0x11,0x4D,0xB0,0x63,0x11,0x4D,0xB0,0x63,0x11,0x4D,0xB0,0x63,0x11,0x4D,0xB0,0x63,0x11,0x4D,0xB0,0x63,0x11,0x4D,0xB0,0x63,0x11,0x4D,
    0xB0,0x63,0x11,0x4D,0xB0,0x63,0x11,0x4D,0xB0,0x63,0x11,0x4D,0xB0,0x63,0x11,0x4D,0xB0,0x63,0x11,0x4D,0xB0,0x63,0x11,0x4D,0xB0,0x63,0x11,0x4D,0xB0,0x63,0x11,0x4D,0xB0,0x63,0x11,0x4D,0xB0,0x63,0x11,0x4D,0xB0,0x63,0x11,0x4D,0xB0,0x63,0x11,0x4D,0xB0,0x63,0x11,0x4D,0xB0,0x63,0x11,0x4D,0xB0,0x63,0x11,0x4D,0xB0,0x63,0x11,0x4D,
    0xB0,0x63,0x11,0x4D,0xB0,0x63,0x11,0x4D,0xB0,0x63,0x11,0x4D,0xB0,0x63,0x11,0x4D,0xB0,0x63,0x11,0x4D,0xB0,0x63,0x11,0x4D,0xB0,0x63,0x11,0x4D,0xB0,0x63,0x11,0x4D,0xB0,0x63,0x11,0x4D,0xB0,0x63,0x11,0x4D,0xB0,0x63,0x11,0x4D,0xB0,0x63,0x11,0x4D,0xB0,0x63,0x11,0x4D,0xB0,0x63,0x11,0x4D,0xB0,0x63,0x11,0x4D,0xB0,0x63,0x11,0x4D,
    0xB0,0x63,0x11,0x4D,0xB0,0x63,0x11,0x4D,0xB0,0x63,0x11,0x4D,0xB0,0x63,0x11,0x4D,0xB0,0x63,0x11,0x4D,0xB0,0x63,0x11,0x4D,0xB0,0x63,0x11,0x4D,0xB0,0x63,0x11,0x4D,0xB0,0x63,0x11,0x4D,0xB0,0x63,0x11,0x4D,0xB0,0x63,0x11,0x4D,0xB0,0x63,0x11,0x4D,0xB0,0x63,0x11,0x4D,0xB0,0x63,0x11,0x4D,0xB0,0x63,0x11,0x4D,0xB0,0x63,0x11,0x4D,
    0xB0,0x63,0x11,0x4D,0xB0,0x63,0x11,0x4D,0xB0,0x63,0x11,0x4D,0xB0,0x63,0x11,0x4D,0xB2,0x67,0x17,0x4F,0xC2,0x88,0x48,0x5C,0xD6,0xB2,0x89,0x77,0xEA,0xD6,0xBF,0x9C,0xE9,0xD5,0xBF,0x67,0xE6,0xB3,0x99,0x0A,0x00,0x00,0x00,0x00,0x00,0x00,0x00,0x00,0x00,0x00,0x00,0x00,0x00,0x00,0x00,0x00,0x00,0x00,0x00,0x00,0x00,0x00,0x00,0x00,
    0xEA,0xCF,0xB3,0x25,0xE9,0xD8,0xC2,0x68,0xEA,0xD8,0xC3,0x91,0xEC,0xDB,0xC8,0xA3,0xED,0xDA,0xC8,0xA6,0xED,0xDA,0xC8,0xA6,0xED,0xDA,0xC8,0xA6,0xED,0xDA,0xC8,0xA6,0xED,0xDA,0xC8,0xA6,0xED,0xDA,0xC8,0xA6,0xED,0xDA,0xC8,0xA6,0xED,0xDA,0xC8,0xA6,0xED,0xDA,0xC8,0xA6,0xED,0xDA,0xC8,0xA6,0xED,0xDA,0xC8,0xA6,0xED,0xDA,0xC8,0xA6,
    0xED,0xDA,0xC8,0xA6,0xED,0xDA,0xC8,0xA6,0xED,0xDA,0xC8,0xA6,0xED,0xDA,0xC8,0xA6,0xED,0xDA,0xC8,0xA6,0xED,0xDA,0xC8,0xA6,0xED,0xDA,0xC8,0xA6,0xED,0xDA,0xC8,0xA6,0xED,0xDA,0xC8,0xA6,0xED,0xDA,0xC8,0xA6,0xED,0xDA,0xC8,0xA6,0xED,0xDA,0xC8,0xA6,0xED,0xDA,0xC8,0xA6,0xED,0xDA,0xC8,0xA6,0xED,0xDA,0xC8,0xA6,0xED,0xDA,0xC8,0xA6,
    0xED,0xDA,0xC8,0xA6,0xED,0xDA,0xC8,0xA6,0xED,0xDA,0xC8,0xA6,0xED,0xDA,0xC8,0xA6,0xED,0xDA,0xC8,0xA6,0xED,0xDA,0xC8,0xA6,0xED,0xDA,0xC8,0xA6,0xED,0xDA,0xC8,0xA6,0xED,0xDA,0xC8,0xA6,0xED,0xDA,0xC8,0xA6,0xED,0xDA,0xC8,0xA6,0xED,0xDA,0xC8,0xA6,0xED,0xDA,0xC8,0xA6,0xED,0xDA,0xC8,0xA6,0xED,0xDA,0xC8,0xA6,0xED,0xDA,0xC8,0xA6,
    0xED,0xDA,0xC8,0xA6,0xED,0xDA,0xC8,0xA6,0xED,0xDA,0xC8,0xA6,0xED,0xDA,0xC8,0xA6,0xED,0xDA,0xC8,0xA6,0xED,0xDA,0xC8,0xA6,0xED,0xDA,0xC8,0xA6,0xED,0xDA,0xC8,0xA6,0xED,0xDA,0xC8,0xA6,0xED,0xDA,0xC8,0xA6,0xED,0xDA,0xC8,0xA6,0xED,0xDA,0xC8,0xA6,0xED,0xDA,0xC8,0xA6,0xED,0xDA,0xC8,0xA6,0xED,0xDA,0xC8,0xA6,0xED,0xDA,0xC8,0xA6,
    0xED,0xDA,0xC8,0xA6,0xED,0xDA,0xC8,0xA6,0xED,0xDA,0xC8,0xA6,0xED,0xDA,0xC8,0xA6,0xED,0xDA,0xC8,0xA6,0xED,0xDA,0xC8,0xA6,0xED,0xDA,0xC8,0xA6,0xED,0xDA,0xC8,0xA6,0xED,0xDA,0xC8,0xA6,0xED,0xDA,0xC8,0xA6,0xED,0xDA,0xC8,0xA6,0xED,0xDA,0xC8,0xA6,0xED,0xDA,0xC8,0xA6,0xED,0xDA,0xC8,0xA6,0xED,0xDA,0xC8,0xA6,0xED,0xDA,0xC8,0xA6,
    0xED,0xDA,0xC8,0xA6,0xED,0xDA,0xC8,0xA6,0xED,0xDA,0xC8,0xA6,0xED,0xDA,0xC8,0xA6,0xED,0xDA,0xC8,0xA6,0xED,0xDA,0xC8,0xA6,0xED,0xDA,0xC8,0xA6,0xED,0xDA,0xC8,0xA6,0xED,0xDA,0xC8,0xA6,0xED,0xDA,0xC8,0xA6,0xED,0xDA,0xC8,0xA6,0xED,0xDA,0xC8,0xA6,0xED,0xDA,0xC8,0xA6,0xED,0xDA,0xC8,0xA6,0xED,0xDA,0xC8,0xA6,0xED,0xDA,0xC8,0xA6,
    0xED,0xDA,0xC8,0xA6,0xED,0xDA,0xC8,0xA6,0xED,0xDA,0xC8,0xA6,0xED,0xDA,0xC8,0xA6,0xED,0xDA,0xC8,0xA6,0xED,0xDA,0xC8,0xA6,0xED,0xDA,0xC8,0xA6,0xED,0xDA,0xC8,0xA6,0xED,0xDA,0xC8,0xA6,0xED,0xDA,0xC8,0xA6,0xED,0xDA,0xC8,0xA6,0xED,0xDA,0xC8,0xA6,0xED,0xDA,0xC8,0xA6,0xED,0xDA,0xC8,0xA6,0xED,0xDA,0xC8,0xA6,0xED,0xDA,0xC8,0xA6,
    0xED,0xDA,0xC8,0xA6,0xED,0xDA,0xC8,0xA6,0xED,0xDA,0xC8,0xA6,0xED,0xDA,0xC8,0xA6,0xED,0xDA,0xC8,0xA6,0xED,0xDA,0xC8,0xA6,0xED,0xDA,0xC8,0xA6,0xED,0xDA,0xC8,0xA6,0xED,0xDA,0xC8,0xA6,0xED,0xDA,0xC8,0xA6,0xED,0xDA,0xC8,0xA6,0xED,0xDA,0xC8,0xA6,0xED,0xDA,0xC8,0xA6,0xED,0xDA,0xC8,0xA6,0xED,0xDA,0xC8,0xA6,0xED,0xDA,0xC8,0xA6,
    0xED,0xDA,0xC8,0xA6,0xED,0xDA,0xC8,0xA6,0xED,0xDA,0xC8,0xA6,0xED,0xDA,0xC8,0xA6,0xED,0xDA,0xC8,0xA6,0xED,0xDA,0xC8,0xA6,0xED,0xDA,0xC8,0xA6,0xED,0xDA,0xC8,0xA6,0xED,0xDA,0xC8,0xA6,0xED,0xDA,0xC8,0xA6,0xED,0xDA,0xC8,0xA6,0xED,0xDA,0xC8,0xA6,0xED,0xDA,0xC8,0xA6,0xED,0xDA,0xC8,0xA6,0xED,0xDA,0xC8,0xA6,0xED,0xDA,0xC8,0xA6,
    0xED,0xDA,0xC8,0xA6,0xED,0xDA,0xC8,0xA6,0xED,0xDA,0xC8,0xA6,0xED,0xDA,0xC8,0xA6,0xED,0xDA,0xC8,0xA6,0xED,0xDA,0xC8,0xA6,0xED,0xDA,0xC8,0xA6,0xED,0xDA,0xC8,0xA6,0xED,0xDA,0xC8,0xA6,0xED,0xDA,0xC8,0xA6,0xED,0xDA,0xC8,0xA6,0xED,0xDA,0xC8,0xA6,0xED,0xDA,0xC8,0xA6,0xED,0xDA,0xC8,0xA6,0xED,0xDA,0xC8,0xA6,0xED,0xDA,0xC8,0xA6,
    0xED,0xDA,0xC8,0xA6,0xED,0xDA,0xC8,0xA6,0xED,0xDA,0xC8,0xA6,0xED,0xDA,0xC8,0xA6,0xED,0xDA,0xC8,0xA6,0xED,0xDA,0xC8,0xA6,0xED,0xDA,0xC8,0xA6,0xED,0xDA,0xC8,0xA6,0xEC,0xDB,0xC8,0xA3,0xEA,0xD8,0xC3,0x91,0xE9,0xD8,0xC2,0x68,0xEA,0xCF,0xB3,0x25,0x00,0x00,0x00,0x00,0x00,0x00,0x00,0x00,0x00,0x00,0x00,0x00,0x00,0x00,0x00,0x00
};

const lv_image_dsc_t ui_img_pop_up_btn_n_png = {
    .header.w = 180,
    .header.h = 60,
    .data_size = sizeof(ui_img_pop_up_btn_n_png_data),
    .header.cf = LV_COLOR_FORMAT_NATIVE_WITH_ALPHA,
    .header.magic = LV_IMAGE_HEADER_MAGIC,
    .data = ui_img_pop_up_btn_n_png_data
};
