// Auto-generated from icon_playback_p.png by convert_dvr_images.py
// LVGL version: 9.2.2   Image: 160x100 ARGB8888

#include "../ui.h"

#ifndef LV_ATTRIBUTE_MEM_ALIGN
    #define LV_ATTRIBUTE_MEM_ALIGN
#endif

// IMAGE DATA: icon_playback_p.png
const LV_ATTRIBUTE_MEM_ALIGN uint8_t ui_img_icon_playback_p_png_data[] = {
    0x00,0x00,0x00,0x00,0x00,0x00,0x00,0x00,0x00,0x00,0x00,0x00,0x00,0x00,0x00,0x00,0x00,0x00,0x00,0x00,0x00,0x00,0x00,0x00,0x00,0x00,0x00,0x00,0x00,0x00,0x00,0x00,0x00,0x00,0x00,0x00,0x00,0x00,0x00,0x00,0x00,0x00,0x00,0x00,0x00,0x00,0x00,0x00,0x00,0x00,0x00,0x00,0x00,0x00,0x00,0x00,0x00,0x00,0x00,0x00,0x00,0x00,0x00,0x00,
    0x00,0x00,0x00,0x00,0x00,0x00,0x00,0x00,0x00,0x00,0x00,0x00,0x00,0x00,0x00,0x00,0x00,0x00,0x00,0x00,0x00,0x00,0x00,0x00,0x00,0x00,0x00,0x00,0x00,0x00,0x00,0x00,0x00,0x00,0x00,0x00,0x00,0x00,0x00,0x00,0x00,0x00,0x00,0x00,0x00,0x00,0x00,0x00,0x00,0x00,0x00,0x00,0x00,0x00,0x00,0x00,0x00,0x00,0x00,0x00,0x00,0x00,0x00,0x00,
    0x00,0x00,0x00,0x00,0x00,0x00,0x00,0x00,0x00,0x00,0x00,0x00,0x00,0x00,0x00,0x00,0x00,0x00,0x00,0x00,0x00,0x00,0x00,0x00,0x00,0x00,0x00,0x00,0x00,0x00,0x00,0x00,0xE4,0xAE,0x7D,0x2F,0xF0,0xC9,0xA5,0x55,0xF5,0xDB,0xC7,0x64,0xF1,0xD6,0xBD,0x8F,0xF2,0xD5,0xBB,0xB0,0xF4,0xDA,0xC3,0xBF,0xF6,0xDF,0xCA,0xC6,0xF6,0xE2,0xD0,0xCA,
    0xF7,0xE5,0xD6,0xCB,0xF8,0xE6,0xD8,0xCC,0xF8,0xE7,0xD8,0xCC,0xF8,0xE7,0xD8,0xCC,0xF8,0xE6,0xD8,0xCC,0xF8,0xE6,0xD8,0xCC,0xF8,0xE6,0xD8,0xCC,0xF8,0xE6,0xD8,0xCC,0xF8,0xE6,0xD8,0xCC,0xF8,0xE6,0xD8,0xCC,0xF8,0xE6,0xD8,0xCC,0xF8,0xE6,0xD8,0xCC,0xF8,0xE6,0xD8,0xCC,0xF8,0xE6,0xD8,0xCC,0xF8,0xE6,0xD8,0xCC,0xF8,0xE6,0xD8,0xCC,
    0xF8,0xE6,0xD8,0xCC,0xF8,0xE6,0xD8,0xCC,0xF8,0xE6,0xD8,0xCC,0xF8,0xE6,0xD8,0xCC,0xF8,0xE6,0xD8,0xCC,0xF8,0xE6,0xD8,0xCC,0xF8,0xE6,0xD8,0xCC,0xF8,0xE6,0xD8,0xCC,0xF8,0xE6,0xD8,0xCC,0xF8,0xE6,0xD8,0xCC,0xF8,0xE6,0xD8,0xCC,0xF8,0xE6,0xD8,0xCC,0xF8,0xE6,0xD8,0xCC,0xF8,0xE6,0xD8,0xCC,0xF8,0xE6,0xD8,0xCC,0xF8,0xE6,0xD8,0xCC,
    0xF8,0xE6,0xD8,0xCC,0xF8,0xE6,0xD8,0xCC,0xF8,0xE6,0xD8,0xCC,0xF8,0xE6,0xD8,0xCC,0xF8,0xE6,0xD8,0xCC,0xF8,0xE6,0xD8,0xCC,0xF8,0xE6,0xD8,0xCC,0xF8,0xE6,0xD8,0xCC,0xF8,0xE6,0xD8,0xCC,0xF8,0xE6,0xD8,0xCC,0xF8,0xE6,0xD8,0xCC,0xF8,0xE6,0xD8,0xCC,0xF8,0xE6,0xD8,0xCC,0xF8,0xE6,0xD8,0xCC,0xF8,0xE6,0xD8,0xCC,0xF8,0xE6,0xD8,0xCC,
    0xF8,0xE6,0xD8,0xCC,0xF8,0xE6,0xD8,0xCC,0xF8,0xE6,0xD8,0xCC,0xF8,0xE6,0xD8,0xCC,0xF8,0xE6,0xD8,0xCC,0xF8,0xE6,0xD8,0xCC,0xF8,0xE6,0xD8,0xCC,0xF8,0xE6,0xD8,0xCC,0xF8,0xE6,0xD8,0xCC,0xF8,0xE6,0xD8,0xCC,0xF8,0xE6,0xD8,0xCC,0xF8,0xE6,0xD8,0xCC,0xF8,0xE7,0xD8,0xCC,0xF8,0xE7,0xD8,0xCC,0xF8,0xE6,0xD8,0xCC,0xF7,0xE5,0xD6,0xCB,
    0xF6,0xE2,0xD0,0xCA,0xF6,0xDF,0xCA,0xC6,0xF4,0xDA,0xC3,0xBF,0xF2,0xD5,0xBB,0xB0,0xF1,0xD6,0xBD,0x8F,0xF5,0xDB,0xC7,0x64,0xF0,0xC9,0xA5,0x55,0xE4,0xAE,0x7D,0x2F,0x00,0x00,0x00,0x00,0x00,0x00,0x00,0x00,0x00,0x00,0x00,0x00,0x00,0x00,0x00,0x00,0x00,0x00,0x00,0x00,0x00,0x00,0x00,0x00,0x00,0x00,0x00,0x00,0x00,0x00,0x00,0x00,
    0x00,0x00,0x00,0x00,0x00,0x00,0x00,0x00,0x00,0x00,0x00,0x00,0x00,0x00,0x00,0x00,0x00,0x00,0x00,0x00,0x00,0x00,0x00,0x00,0x00,0x00,0x00,0x00,0x00,0x00,0x00,0x00,0x00,0x00,0x00,0x00,0x00,0x00,0x00,0x00,0x00,0x00,0x00,0x00,0x00,0x00,0x00,0x00,0x00,0x00,0x00,0x00,0x00,0x00,0x00,0x00,0x00,0x00,0x00,0x00,0x00,0x00,0x00,0x00,
    0x00,0x00,0x00,0x00,0x00,0x00,0x00,0x00,0x00,0x00,0x00,0x00,0x00,0x00,0x00,0x00,0x00,0x00,0x00,0x00,0x00,0x00,0x00,0x00,0x00,0x00,0x00,0x00,0x00,0x00,0x00,0x00,0x00,0x00,0x00,0x00,0x00,0x00,0x00,0x00,0x00,0x00,0x00,0x00,0x00,0x00,0x00,0x00,0x00,0x00,0x00,0x00,0x00,0x00,0x00,0x00,0x00,0x00,0x00,0x00,0x00,0x00,0x00,0x00,
    0x00,0x00,0x00,0x00,0x00,0x00,0x00,0x00,0x00,0x00,0x00,0x00,0x00,0x00,0x00,0x00,0x00,0x00,0x00,0x00,0x00,0x00,0x00,0x00,0x00,0x00,0x00,0x00,0x00,0x00,0x00,0x00,0x00,0x00,0x00,0x00,0x00,0x00,0x00,0x00,0x00,0x00,0x00,0x00,0x00,0x00,0x00,0x00,0x00,0x00,0x00,0x00,0x00,0x00,0x00,0x00,0x00,0x00,0x00,0x00,0x00,0x00,0x00,0x00,
    0x00,0x00,0x00,0x00,0x00,0x00,0x00,0x00,0x00,0x00,0x00,0x00,0x00,0x00,0x00,0x00,0x00,0x00,0x00,0x00,0x00,0x00,0x00,0x00,0x00,0x00,0x00,0x00,0x00,0x00,0x00,0x00,0x00,0x00,0x00,0x00,0x00,0x00,0x00,0x00,0x00,0x00,0x00,0x00,0x00,0x00,0x00,0x00,0x00,0x00,0x00,0x00,0x00,0x00,0x00,0x00,0x00,0x00,0x00,0x00,0x00,0x00,0x00,0x00,
    0x00,0x00,0x00,0x00,0x00,0x00,0x00,0x00,0x00,0x00,0x00,0x00,0x00,0x00,0x00,0x00,0xEA,0xB8,0x8A,0x3D,0xF5,0xD7,0xBD,0x65,0xF1,0xD5,0xBB,0xA8,0xF5,0xDF,0xCA,0xC6,0xF8,0xE7,0xD8,0xCC,0xF8,0xE6,0xD8,0xCC,0xF6,0xE6,0xD8,0xCC,0xF6,0xE6,0xD7,0xCC,0xF6,0xE6,0xD7,0xCC,0xF6,0xE6,0xD7,0xCC,0xF6,0xE6,0xD7,0xCC,0xF6,0xE6,0xD7,0xCC,
    0xF6,0xE6,0xD7,0xCC,0xF6,0xE6,0xD7,0xCC,0xF6,0xE6,0xD7,0xCC,0xF6,0xE6,0xD7,0xCC,0xF6,0xE6,0xD7,0xCC,0xF6,0xE6,0xD7,0xCC,0xF6,0xE6,0xD7,0xCC,0xF6,0xE6,0xD7,0xCC,0xF6,0xE6,0xD7,0xCC,0xF6,0xE6,0xD7,0xCC,0xF6,0xE6,0xD7,0xCC,0xF6,0xE6,0xD7,0xCC,0xF6,0xE6,0xD7,0xCC,0xF6,0xE6,0xD7,0xCC,0xF6,0xE6,0xD7,0xCC,0xF6,0xE6,0xD7,0xCC,
    0xF6,0xE6,0xD7,0xCC,0xF6,0xE6,0xD7,0xCC,0xF6,0xE6,0xD7,0xCC,0xF6,0xE6,0xD7,0xCC,0xF6,0xE6,0xD7,0xCC,0xF6,0xE6,0xD7,0xCC,0xF6,0xE6,0xD7,0xCC,0xF6,0xE6,0xD7,0xCC,0xF6,0xE6,0xD7,0xCC,0xF6,0xE6,0xD7,0xCC,0xF6,0xE6,0xD7,0xCC,0xF6,0xE6,0xD7,0xCC,0xF6,0xE6,0xD7,0xCC,0xF6,0xE6,0xD7,0xCC,0xF6,0xE6,0xD7,0xCC,0xF6,0xE6,0xD7,0xCC,
    0xF6,0xE6,0xD7,0xCC,0xF6,0xE6,0xD7,0xCC,0xF6,0xE6,0xD7,0xCC,0xF6,0xE6,0xD7,0xCC,0xF6,0xE6,0xD7,0xCC,0xF6,0xE6,0xD7,0xCC,0xF6,0xE6,0xD7,0xCC,0xF6,0xE6,0xD7,0xCC,0xF6,0xE6,0xD7,0xCC,0xF6,0xE6,0xD7,0xCC,0xF6,0xE6,0xD7,0xCC,0xF6,0xE6,0xD7,0xCC,0xF6,0xE6,0xD7,0xCC,0xF6,0xE6,0xD7,0xCC,0xF6,0xE6,0xD7,0xCC,0xF6,0xE6,0xD7,0xCC,
    0xF6,0xE6,0xD7,0xCC,0xF6,0xE6,0xD7,0xCC,0xF6,0xE6,0xD7,0xCC,0xF6,0xE6,0xD7,0xCC,0xF6,0xE6,0xD7,0xCC,0xF6,0xE6,0xD7,0xCC,0xF6,0xE6,0xD7,0xCC,0xF6,0xE6,0xD7,0xCC,0xF6,0xE6,0xD7,0xCC,0xF6,0xE6,0xD7,0xCC,0xF6,0xE6,0xD7,0xCC,0xF6,0xE6,0xD7,0xCC,0xF6,0xE6,0xD7,0xCC,0xF6,0xE6,0xD7,0xCC,0xF6,0xE6,0xD7,0xCC,0xF6,0xE6,0xD7,0xCC,
    0xF6,0xE6,0xD7,0xCC,0xF6,0xE6,0xD7,0xCC,0xF6,0xE6,0xD7,0xCC,0xF6,0xE6,0xD7,0xCC,0xF6,0xE6,0xD7,0xCC,0xF6,0xE6,0xD8,0xCC,0xF8,0xE6,0xD8,0xCC,0xF8,0xE7,0xD8,0xCC,0xF5,0xDF,0xCA,0xC6,0xF1,0xD5,0xBB,0xA8,0xF5,0xD7,0xBD,0x65,0xEA,0xB8,0x8A,0x3D,0x00,0x00,0x00,0x00,0x00,0x00,0x00,0x00,0x00,0x00,0x00,0x00,0x00,0x00,0x00,0x00,
    0x00,0x00,0x00,0x00,0x00,0x00,0x00,0x00,0x00,0x00,0x00,0x00,0x00,0x00,0x00,0x00,0x00,0x00,0x00,0x00,0x00,0x00,0x00,0x00,0x00,0x00,0x00,0x00,0x00,0x00,0x00,0x00,0x00,0x00,0x00,0x00,0x00,0x00,0x00,0x00,0x00,0x00,0x00,0x00,0x00,0x00,0x00,0x00,0x00,0x00,0x00,0x00,0x00,0x00,0x00,0x00,0x00,0x00,0x00,0x00,0x00,0x00,0x00,0x00,
    0x00,0x00,0x00,0x00,0x00,0x00,0x00,0x00,0x00,0x00,0x00,0x00,0x00,0x00,0x00,0x00,0x00,0x00,0x00,0x00,0x00,0x00,0x00,0x00,0x00,0x00,0x00,0x00,0x00,0x00,0x00,0x00,0x00,0x00,0x00,0x00,0x00,0x00,0x00,0x00,0x00,0x00,0x00,0x00,0x00,0x00,0x00,0x00,0x00,0x00,0x00,0x00,0x00,0x00,0x00,0x00,0x00,0x00,0x00,0x00,0x00,0x00,0x00,0x00,
    0x00,0x00,0x00,0x00,0x00,0x00,0x00,0x00,0x00,0x00,0x00,0x00,0x00,0x00,0x00,0x00,0x00,0x00,0x00,0x00,0x00,0x00,0x00,0x00,0x00,0x00,0x00,0x00,0x00,0x00,0x00,0x00,0x00,0x00,0x00,0x00,0x00,0x00,0x00,0x00,0x00,0x00,0x00,0x00,0x00,0x00,0x00,0x00,0x00,0x00,0x00,0x00,0x00,0x00,0x00,0x00,0x00,0x00,0x00,0x00,0x00,0x00,0x00,0x00,
    0x00,0x00,0x00,0x00,0x00,0x00,0x00,0x00,0x00,0x00,0x00,0x00,0x00,0x00,0x00,0x00,0x00,0x00,0x00,0x00,0x00,0x00,0x00,0x00,0x00,0x00,0x00,0x00,0x00,0x00,0x00,0x00,0x00,0x00,0x00,0x00,0x00,0x00,0x00,0x00,0x00,0x00,0x00,0x00,0x00,0x00,0x00,0x00,0x00,0x00,0x00,0x00,0x00,0x00,0x00,0x00,0x00,0x00,0x00,0x00,0x00,0x00,0x00,0x00,
    0xAA,0x55,0x00,0x03,0xEA,0xC0,0x96,0x49,0xF0,0xD4,0xBB,0x87,0xF4,0xDD,0xC8,0xC2,0xF8,0xE7,0xD8,0xCC,0xF6,0xE6,0xD8,0xCC,0xF6,0xE6,0xD7,0xCC,0xF6,0xE6,0xD7,0xCC,0xF4,0xE0,0xCE,0xCC,0xEC,0xCD,0xB0,0xCC,0xE6,0xBC,0x95,0xCC,0xE0,0xAD,0x7C,0xCC,0xDB,0x9F,0x68,0xCC,0xD7,0x95,0x56,0xCC,0xD2,0x8B,0x48,0xCC,0xD1,0x85,0x3D,0xCC,
    0xCE,0x80,0x37,0xCC,0xCD,0x7D,0x33,0xCC,0xCD,0x7D,0x33,0xCC,0xCD,0x7D,0x32,0xCC,0xCD,0x7D,0x32,0xCC,0xCD,0x7D,0x32,0xCC,0xCD,0x7D,0x32,0xCC,0xCD,0x7D,0x32,0xCC,0xCD,0x7C,0x32,0xCC,0xCD,0x7C,0x32,0xCC,0xCD,0x7C,0x32,0xCC,0xCD,0x7C,0x32,0xCC,0xCD,0x7C,0x32,0xCC,0xCD,0x7C,0x32,0xCC,0xCD,0x7C,0x32,0xCC,0xCD,0x7C,0x32,0xCC,
    0xCD,0x7C,0x32,0xCC,0xCD,0x7C,0x32,0xCC,0xCD,0x7C,0x32,0xCC,0xCD,0x7C,0x32,0xCC,0xCD,0x7C,0x32,0xCC,0xCD,0x7C,0x32,0xCC,0xCD,0x7C,0x32,0xCC,0xCD,0x7C,0x32,0xCC,0xCD,0x7C,0x32,0xCC,0xCD,0x7C,0x32,0xCC,0xCD,0x7C,0x32,0xCC,0xCD,0x7C,0x32,0xCC,0xCD,0x7C,0x32,0xCC,0xCD,0x7C,0x32,0xCC,0xCD,0x7C,0x32,0xCC,0xCD,0x7C,0x32,0xCC,
    0xCD,0x7C,0x32,0xCC,0xCD,0x7C,0x32,0xCC,0xCD,0x7C,0x32,0xCC,0xCD,0x7C,0x32,0xCC,0xCD,0x7C,0x32,0xCC,0xCD,0x7C,0x32,0xCC,0xCD,0x7C,0x32,0xCC,0xCD,0x7C,0x32,0xCC,0xCD,0x7C,0x32,0xCC,0xCD,0x7C,0x32,0xCC,0xCD,0x7C,0x32,0xCC,0xCD,0x7C,0x32,0xCC,0xCD,0x7C,0x32,0xCC,0xCD,0x7C,0x32,0xCC,0xCD,0x7C,0x32,0xCC,0xCD,0x7C,0x32,0xCC,
    0xCD,0x7C,0x32,0xCC,0xCD,0x7C,0x32,0xCC,0xCD,0x7C,0x32,0xCC,0xCD,0x7C,0x32,0xCC,0xCD,0x7C,0x32,0xCC,0xCD,0x7C,0x32,0xCC,0xCD,0x7C,0x32,0xCC,0xCD,0x7C,0x32,0xCC,0xCD,0x7D,0x32,0xCC,0xCD,0x7D,0x32,0xCC,0xCD,0x7D,0x32,0xCC,0xCD,0x7D,0x32,0xCC,0xCD,0x7D,0x32,0xCC,0xCD,0x7D,0x33,0xCC,0xCD,0x7D,0x33,0xCC,0xCE,0x80,0x37,0xCC,
    0xD1,0x85,0x3D,0xCC,0xD2,0x8B,0x48,0xCC,0xD7,0x95,0x56,0xCC,0xDB,0x9F,0x68,0xCC,0xE0,0xAD,0x7C,0xCC,0xE6,0xBC,0x95,0xCC,0xEC,0xCD,0xB0,0xCC,0xF4,0xE0,0xCE,0xCC,0xF6,0xE6,0xD7,0xCC,0xF6,0xE6,0xD7,0xCC,0xF6,0xE6,0xD8,0xCC,0xF8,0xE7,0xD8,0xCC,0xF4,0xDD,0xC8,0xC2,0xF0,0xD4,0xBB,0x87,0xEA,0xC0,0x96,0x49,0xAA,0x55,0x00,0x03,
    0x00,0x00,0x00,0x00,0x00,0x00,0x00,0x00,0x00,0x00,0x00,0x00,0x00,0x00,0x00,0x00,0x00,0x00,0x00,0x00,0x00,0x00,0x00,0x00,0x00,0x00,0x00,0x00,0x00,0x00,0x00,0x00,0x00,0x00,0x00,0x00,0x00,0x00,0x00,0x00,0x00,0x00,0x00,0x00,0x00,0x00,0x00,0x00,0x00,0x00,0x00,0x00,0x00,0x00,0x00,0x00,0x00,0x00,0x00,0x00,0x00,0x00,0x00,0x00,
    0x00,0x00,0x00,0x00,0x00,0x00,0x00,0x00,0x00,0x00,0x00,0x00,0x00,0x00,0x00,0x00,0x00,0x00,0x00,0x00,0x00,0x00,0x00,0x00,0x00,0x00,0x00,0x00,0x00,0x00,0x00,0x00,0x00,0x00,0x00,0x00,0x00,0x00,0x00,0x00,0x00,0x00,0x00,0x00,0x00,0x00,0x00,0x00,0x00,0x00,0x00,0x00,0x00,0x00,0x00,0x00,0x00,0x00,0x00,0x00,0x00,0x00,0x00,0x00,
    0x00,0x00,0x00,0x00,0x00,0x00,0x00,0x00,0x00,0x00,0x00,0x00,0x00,0x00,0x00,0x00,0x00,0x00,0x00,0x00,0x00,0x00,0x00,0x00,0x00,0x00,0x00,0x00,0x00,0x00,0x00,0x00,0x00,0x00,0x00,0x00,0x00,0x00,0x00,0x00,0x00,0x00,0x00,0x00,0x00,0x00,0x00,0x00,0x00,0x00,0x00,0x00,0x00,0x00,0x00,0x00,0x00,0x00,0x00,0x00,0x00,0x00,0x00,0x00,
    0x00,0x00,0x00,0x00,0x00,0x00,0x00,0x00,0x00,0x00,0x00,0x00,0x00,0x00,0x00,0x00,0x00,0x00,0x00,0x00,0x00,0x00,0x00,0x00,0x00,0x00,0x00,0x00,0x00,0x00,0x00,0x00,0x00,0x00,0x00,0x00,0x00,0x00,0x00,0x00,0x00,0x00,0x00,0x00,0x00,0x00,0x00,0x00,0x00,0x00,0x00,0x00,0x00,0x00,0x00,0x00,0xE4,0xAE,0x79,0x26,0xF2,0xD4,0xB8,0x76,
    0xF4,0xDC,0xC7,0xC0,0xF8,0xE6,0xD8,0xCC,0xF6,0xE6,0xD8,0xCC,0xF6,0xE6,0xD7,0xCC,0xF4,0xDE,0xCC,0xCC,0xE8,0xC3,0xA0,0xCC,0xDD,0xA8,0x74,0xCC,0xD4,0x8F,0x4D,0xCC,0xCD,0x7D,0x33,0xCC,0xCC,0x7C,0x31,0xCC,0xCC,0x7C,0x31,0xCC,0xCA,0x7B,0x31,0xCC,0xCA,0x7B,0x2F,0xCC,0xC9,0x7B,0x2E,0xCC,0xC9,0x7B,0x2E,0xCC,0xC9,0x79,0x2D,0xCC,
    0xC9,0x79,0x2E,0xCC,0xC9,0x79,0x2E,0xCC,0xC9,0x79,0x2E,0xCC,0xC9,0x79,0x2E,0xCC,0xC8,0x79,0x2D,0xCC,0xC8,0x79,0x2D,0xCC,0xC8,0x79,0x2D,0xCC,0xC8,0x79,0x2D,0xCC,0xC8,0x79,0x2D,0xCC,0xC8,0x79,0x2D,0xCC,0xC8,0x79,0x2D,0xCC,0xC8,0x79,0x2D,0xCC,0xC8,0x79,0x2D,0xCC,0xC8,0x79,0x2D,0xCC,0xC8,0x79,0x2D,0xCC,0xC8,0x79,0x2D,0xCC,
    0xC8,0x79,0x2D,0xCC,0xC8,0x79,0x2D,0xCC,0xC8,0x79,0x2D,0xCC,0xC8,0x79,0x2D,0xCC,0xC8,0x79,0x2D,0xCC,0xC8,0x79,0x2D,0xCC,0xC8,0x79,0x2D,0xCC,0xC8,0x79,0x2D,0xCC,0xC8,0x79,0x2D,0xCC,0xC8,0x79,0x2D,0xCC,0xC8,0x79,0x2D,0xCC,0xC8,0x79,0x2D,0xCC,0xC8,0x79,0x2D,0xCC,0xC8,0x79,0x2D,0xCC,0xC8,0x79,0x2D,0xCC,0xC8,0x79,0x2D,0xCC,
    0xC8,0x79,0x2D,0xCC,0xC8,0x79,0x2D,0xCC,0xC8,0x79,0x2D,0xCC,0xC8,0x79,0x2D,0xCC,0xC8,0x79,0x2D,0xCC,0xC8,0x79,0x2D,0xCC,0xC8,0x79,0x2D,0xCC,0xC8,0x79,0x2D,0xCC,0xC8,0x79,0x2D,0xCC,0xC8,0x79,0x2D,0xCC,0xC8,0x79,0x2D,0xCC,0xC8,0x79,0x2D,0xCC,0xC8,0x79,0x2D,0xCC,0xC8,0x79,0x2D,0xCC,0xC8,0x79,0x2D,0xCC,0xC8,0x79,0x2D,0xCC,
    0xC8,0x79,0x2D,0xCC,0xC8,0x79,0x2D,0xCC,0xC8,0x79,0x2D,0xCC,0xC8,0x79,0x2D,0xCC,0xC8,0x79,0x2D,0xCC,0xC8,0x79,0x2D,0xCC,0xC8,0x79,0x2D,0xCC,0xC8,0x79,0x2D,0xCC,0xC8,0x79,0x2D,0xCC,0xC8,0x79,0x2D,0xCC,0xC8,0x79,0x2D,0xCC,0xC8,0x79,0x2D,0xCC,0xC9,0x79,0x2E,0xCC,0xC9,0x79,0x2E,0xCC,0xC9,0x79,0x2E,0xCC,0xC9,0x79,0x2E,0xCC,
    0xC9,0x79,0x2D,0xCC,0xC9,0x7B,0x2E,0xCC,0xC9,0x7B,0x2E,0xCC,0xCA,0x7B,0x2F,0xCC,0xCA,0x7B,0x31,0xCC,0xCC,0x7C,0x31,0xCC,0xCC,0x7C,0x31,0xCC,0xCD,0x7D,0x33,0xCC,0xD4,0x8F,0x4D,0xCC,0xDD,0xA8,0x74,0xCC,0xE8,0xC3,0xA0,0xCC,0xF4,0xDE,0xCC,0xCC,0xF6,0xE6,0xD7,0xCC,0xF6,0xE6,0xD8,0xCC,0xF8,0xE6,0xD8,0xCC,0xF4,0xDC,0xC7,0xC0,
    0xF2,0xD4,0xB8,0x76,0xE4,0xAE,0x79,0x26,0x00,0x00,0x00,0x00,0x00,0x00,0x00,0x00,0x00,0x00,0x00,0x00,0x00,0x00,0x00,0x00,0x00,0x00,0x00,0x00,0x00,0x00,0x00,0x00,0x00,0x00,0x00,0x00,0x00,0x00,0x00,0x00,0x00,0x00,0x00,0x00,0x00,0x00,0x00,0x00,0x00,0x00,0x00,0x00,0x00,0x00,0x00,0x00,0x00,0x00,0x00,0x00,0x00,0x00,0x00,0x00,
    0x00,0x00,0x00,0x00,0x00,0x00,0x00,0x00,0x00,0x00,0x00,0x00,0x00,0x00,0x00,0x00,0x00,0x00,0x00,0x00,0x00,0x00,0x00,0x00,0x00,0x00,0x00,0x00,0x00,0x00,0x00,0x00,0x00,0x00,0x00,0x00,0x00,0x00,0x00,0x00,0x00,0x00,0x00,0x00,0x00,0x00,0x00,0x00,0x00,0x00,0x00,0x00,0x00,0x00,0x00,0x00,0x00,0x00,0x00,0x00,0x00,0x00,0x00,0x00,
    0x00,0x00,0x00,0x00,0x00,0x00,0x00,0x00,0x00,0x00,0x00,0x00,0x00,0x00,0x00,0x00,0x00,0x00,0x00,0x00,0x00,0x00,0x00,0x00,0x00,0x00,0x00,0x00,0x00,0x00,0x00,0x00,0x00,0x00,0x00,0x00,0x00,0x00,0x00,0x00,0x00,0x00,0x00,0x00,0x00,0x00,0x00,0x00,0x00,0x00,0x00,0x00,0x00,0x00,0x00,0x00,0x00,0x00,0x00,0x00,0x00,0x00,0x00,0x00,
    0x00,0x00,0x00,0x00,0x00,0x00,0x00,0x00,0x00,0x00,0x00,0x00,0x00,0x00,0x00,0x00,0x00,0x00,0x00,0x00,0x00,0x00,0x00,0x00,0x00,0x00,0x00,0x00,0x00,0x00,0x00,0x00,0x00,0x00,0x00,0x00,0x00,0x00,0x00,0x00,0x00,0x00,0x00,0x00,0x00,0x00,0x00,0x00,0xEA,0xB7,0x8C,0x3C,0xF0,0xD4,0xBB,0x99,0xF6,0xE4,0xD4,0xCA,0xF6,0xE6,0xD8,0xCC,
    0xF6,0xE6,0xD7,0xCC,0xF3,0xDD,0xC9,0xCC,0xE5,0xB9,0x91,0xCC,0xD7,0x97,0x5B,0xCC,0xCD,0x7E,0x34,0xCC,0xCC,0x7C,0x31,0xCC,0xCA,0x7B,0x2F,0xCC,0xC9,0x7B,0x2E,0xCC,0xC9,0x79,0x2E,0xCC,0xC8,0x78,0x2C,0xCC,0xC7,0x78,0x2C,0xCC,0xC7,0x77,0x2C,0xCC,0xC6,0x77,0x2A,0xCC,0xC6,0x77,0x29,0xCC,0xC4,0x75,0x29,0xCC,0xC4,0x75,0x29,0xCC,
    0xC4,0x75,0x29,0xCC,0xC4,0x75,0x29,0xCC,0xC4,0x75,0x29,0xCC,0xC4,0x75,0x29,0xCC,0xC4,0x75,0x28,0xCC,0xC4,0x75,0x28,0xCC,0xC4,0x75,0x28,0xCC,0xC4,0x75,0x28,0xCC,0xC4,0x75,0x28,0xCC,0xC4,0x75,0x28,0xCC,0xC4,0x75,0x28,0xCC,0xC4,0x75,0x28,0xCC,0xC4,0x75,0x28,0xCC,0xC4,0x75,0x28,0xCC,0xC4,0x75,0x28,0xCC,0xC4,0x75,0x28,0xCC,
    0xC4,0x75,0x28,0xCC,0xC4,0x75,0x28,0xCC,0xC4,0x75,0x28,0xCC,0xC4,0x75,0x28,0xCC,0xC4,0x75,0x28,0xCC,0xC4,0x75,0x28,0xCC,0xC4,0x75,0x28,0xCC,0xC4,0x75,0x28,0xCC,0xC4,0x75,0x28,0xCC,0xC4,0x75,0x28,0xCC,0xC4,0x75,0x28,0xCC,0xC4,0x75,0x28,0xCC,0xC4,0x75,0x28,0xCC,0xC4,0x75,0x28,0xCC,0xC4,0x75,0x28,0xCC,0xC4,0x75,0x28,0xCC,
    0xC4,0x75,0x28,0xCC,0xC4,0x75,0x28,0xCC,0xC4,0x75,0x28,0xCC,0xC4,0x75,0x28,0xCC,0xC4,0x75,0x28,0xCC,0xC4,0x75,0x28,0xCC,0xC4,0x75,0x28,0xCC,0xC4,0x75,0x28,0xCC,0xC4,0x75,0x28,0xCC,0xC4,0x75,0x28,0xCC,0xC4,0x75,0x28,0xCC,0xC4,0x75,0x28,0xCC,0xC4,0x75,0x28,0xCC,0xC4,0x75,0x28,0xCC,0xC4,0x75,0x28,0xCC,0xC4,0x75,0x28,0xCC,
    0xC4,0x75,0x28,0xCC,0xC4,0x75,0x28,0xCC,0xC4,0x75,0x28,0xCC,0xC4,0x75,0x28,0xCC,0xC4,0x75,0x28,0xCC,0xC4,0x75,0x28,0xCC,0xC4,0x75,0x28,0xCC,0xC4,0x75,0x28,0xCC,0xC4,0x75,0x28,0xCC,0xC4,0x75,0x28,0xCC,0xC4,0x75,0x28,0xCC,0xC4,0x75,0x28,0xCC,0xC4,0x75,0x29,0xCC,0xC4,0x75,0x29,0xCC,0xC4,0x75,0x29,0xCC,0xC4,0x75,0x29,0xCC,
    0xC4,0x75,0x29,0xCC,0xC4,0x75,0x29,0xCC,0xC6,0x77,0x29,0xCC,0xC6,0x77,0x2A,0xCC,0xC7,0x77,0x2C,0xCC,0xC7,0x78,0x2C,0xCC,0xC8,0x78,0x2C,0xCC,0xC9,0x79,0x2E,0xCC,0xC9,0x7B,0x2E,0xCC,0xCA,0x7B,0x2F,0xCC,0xCC,0x7C,0x31,0xCC,0xCD,0x7E,0x34,0xCC,0xD7,0x97,0x5B,0xCC,0xE5,0xB9,0x91,0xCC,0xF3,0xDD,0xC9,0xCC,0xF6,0xE6,0xD7,0xCC,
    0xF6,0xE6,0xD8,0xCC,0xF6,0xE4,0xD4,0xCA,0xF0,0xD4,0xBB,0x99,0xEA,0xB7,0x8C,0x3C,0x00,0x00,0x00,0x00,0x00,0x00,0x00,0x00,0x00,0x00,0x00,0x00,0x00,0x00,0x00,0x00,0x00,0x00,0x00,0x00,0x00,0x00,0x00,0x00,0x00,0x00,0x00,0x00,0x00,0x00,0x00,0x00,0x00,0x00,0x00,0x00,0x00,0x00,0x00,0x00,0x00,0x00,0x00,0x00,0x00,0x00,0x00,0x00,
    0x00,0x00,0x00,0x00,0x00,0x00,0x00,0x00,0x00,0x00,0x00,0x00,0x00,0x00,0x00,0x00,0x00,0x00,0x00,0x00,0x00,0x00,0x00,0x00,0x00,0x00,0x00,0x00,0x00,0x00,0x00,0x00,0x00,0x00,0x00,0x00,0x00,0x00,0x00,0x00,0x00,0x00,0x00,0x00,0x00,0x00,0x00,0x00,0x00,0x00,0x00,0x00,0x00,0x00,0x00,0x00,0x00,0x00,0x00,0x00,0x00,0x00,0x00,0x00,
    0x00,0x00,0x00,0x00,0x00,0x00,0x00,0x00,0x00,0x00,0x00,0x00,0x00,0x00,0x00,0x00,0x00,0x00,0x00,0x00,0x00,0x00,0x00,0x00,0x00,0x00,0x00,0x00,0x00,0x00,0x00,0x00,0x00,0x00,0x00,0x00,0x00,0x00,0x00,0x00,0x00,0x00,0x00,0x00,0x00,0x00,0x00,0x00,0x00,0x00,0x00,0x00,0x00,0x00,0x00,0x00,0x00,0x00,0x00,0x00,0x00,0x00,0x00,0x00,
    0x00,0x00,0x00,0x00,0x00,0x00,0x00,0x00,0x00,0x00,0x00,0x00,0x00,0x00,0x00,0x00,0x00,0x00,0x00,0x00,0x00,0x00,0x00,0x00,0x00,0x00,0x00,0x00,0x00,0x00,0x00,0x00,0x00,0x00,0x00,0x00,0x00,0x00,0x00,0x00,0xE9,0xB9,0x8D,0x3A,0xF1,0xD5,0xBC,0xA4,0xF7,0xE7,0xD9,0xCB,0xF6,0xE6,0xD8,0xCC,0xF6,0xE6,0xD7,0xCC,0xEB,0xC8,0xA8,0xCC,
    0xD9,0x9E,0x64,0xCC,0xCD,0x7E,0x34,0xCC,0xCC,0x7C,0x31,0xCC,0xCA,0x7B,0x2E,0xCC,0xC9,0x79,0x2E,0xCC,0xC7,0x78,0x2C,0xCC,0xC7,0x77,0x2C,0xCC,0xC6,0x77,0x29,0xCC,0xC4,0x75,0x29,0xCC,0xC4,0x74,0x28,0xCC,0xC3,0x74,0x27,0xCC,0xC3,0x74,0x27,0xCC,0xC2,0x74,0x27,0xCC,0xC2,0x73,0x25,0xCC,0xC2,0x73,0x25,0xCC,0xC1,0x73,0x25,0xCC,
    0xC1,0x72,0x24,0xCC,0xC1,0x73,0x24,0xCC,0xC1,0x73,0x24,0xCC,0xC1,0x73,0x24,0xCC,0xC1,0x72,0x24,0xCC,0xBF,0x72,0x24,0xCC,0xBF,0x72,0x24,0xCC,0xBF,0x72,0x24,0xCC,0xBF,0x72,0x24,0xCC,0xBF,0x72,0x24,0xCC,0xBF,0x72,0x24,0xCC,0xBF,0x72,0x24,0xCC,0xBF,0x72,0x24,0xCC,0xBF,0x72,0x24,0xCC,0xBF,0x72,0x24,0xCC,0xBF,0x72,0x24,0xCC,
    0xBF,0x72,0x24,0xCC,0xBF,0x72,0x24,0xCC,0xBF,0x72,0x24,0xCC,0xBF,0x72,0x24,0xCC,0xBF,0x72,0x24,0xCC,0xBF,0x72,0x24,0xCC,0xBF,0x72,0x24,0xCC,0xBF,0x72,0x24,0xCC,0xBF,0x72,0x24,0xCC,0xBF,0x72,0x24,0xCC,0xBF,0x72,0x24,0xCC,0xBF,0x72,0x24,0xCC,0xBF,0x72,0x24,0xCC,0xBF,0x72,0x24,0xCC,0xBF,0x72,0x24,0xCC,0xBF,0x72,0x24,0xCC,
    0xBF,0x72,0x24,0xCC,0xBF,0x72,0x24,0xCC,0xBF,0x72,0x24,0xCC,0xBF,0x72,0x24,0xCC,0xBF,0x72,0x24,0xCC,0xBF,0x72,0x24,0xCC,0xBF,0x72,0x24,0xCC,0xBF,0x72,0x24,0xCC,0xBF,0x72,0x24,0xCC,0xBF,0x72,0x24,0xCC,0xBF,0x72,0x24,0xCC,0xBF,0x72,0x24,0xCC,0xBF,0x72,0x24,0xCC,0xBF,0x72,0x24,0xCC,0xBF,0x72,0x24,0xCC,0xBF,0x72,0x24,0xCC,
    0xBF,0x72,0x24,0xCC,0xBF,0x72,0x24,0xCC,0xBF,0x72,0x24,0xCC,0xBF,0x72,0x24,0xCC,0xBF,0x72,0x24,0xCC,0xBF,0x72,0x24,0xCC,0xBF,0x72,0x24,0xCC,0xBF,0x72,0x24,0xCC,0xBF,0x72,0x24,0xCC,0xBF,0x72,0x24,0xCC,0xBF,0x72,0x24,0xCC,0xC1,0x72,0x24,0xCC,0xC1,0x73,0x24,0xCC,0xC1,0x73,0x24,0xCC,0xC1,0x73,0x24,0xCC,0xC1,0x72,0x24,0xCC,
    0xC1,0x73,0x25,0xCC,0xC2,0x73,0x25,0xCC,0xC2,0x73,0x25,0xCC,0xC2,0x74,0x27,0xCC,0xC3,0x74,0x27,0xCC,0xC3,0x74,0x27,0xCC,0xC4,0x74,0x28,0xCC,0xC4,0x75,0x29,0xCC,0xC6,0x77,0x29,0xCC,0xC7,0x77,0x2C,0xCC,0xC7,0x78,0x2C,0xCC,0xC9,0x79,0x2E,0xCC,0xCA,0x7B,0x2E,0xCC,0xCC,0x7C,0x31,0xCC,0xCD,0x7E,0x34,0xCC,0xD9,0x9E,0x64,0xCC,
    0xEB,0xC8,0xA8,0xCC,0xF6,0xE6,0xD7,0xCC,0xF6,0xE6,0xD8,0xCC,0xF7,0xE7,0xD9,0xCB,0xF1,0xD5,0xBC,0xA4,0xE9,0xB9,0x8D,0x3A,0x00,0x00,0x00,0x00,0x00,0x00,0x00,0x00,0x00,0x00,0x00,0x00,0x00,0x00,0x00,0x00,0x00,0x00,0x00,0x00,0x00,0x00,0x00,0x00,0x00,0x00,0x00,0x00,0x00,0x00,0x00,0x00,0x00,0x00,0x00,0x00,0x00,0x00,0x00,0x00,
    0x00,0x00,0x00,0x00,0x00,0x00,0x00,0x00,0x00,0x00,0x00,0x00,0x00,0x00,0x00,0x00,0x00,0x00,0x00,0x00,0x00,0x00,0x00,0x00,0x00,0x00,0x00,0x00,0x00,0x00,0x00,0x00,0x00,0x00,0x00,0x00,0x00,0x00,0x00,0x00,0x00,0x00,0x00,0x00,0x00,0x00,0x00,0x00,0x00,0x00,0x00,0x00,0x00,0x00,0x00,0x00,0x00,0x00,0x00,0x00,0x00,0x00,0x00,0x00,
    0x00,0x00,0x00,0x00,0x00,0x00,0x00,0x00,0x00,0x00,0x00,0x00,0x00,0x00,0x00,0x00,0x00,0x00,0x00,0x00,0x00,0x00,0x00,0x00,0x00,0x00,0x00,0x00,0x00,0x00,0x00,0x00,0x00,0x00,0x00,0x00,0x00,0x00,0x00,0x00,0x00,0x00,0x00,0x00,0x00,0x00,0x00,0x00,0x00,0x00,0x00,0x00,0x00,0x00,0x00,0x00,0x00,0x00,0x00,0x00,0x00,0x00,0x00,0x00,
    0x00,0x00,0x00,0x00,0x00,0x00,0x00,0x00,0x00,0x00,0x00,0x00,0x00,0x00,0x00,0x00,0x00,0x00,0x00,0x00,0x00,0x00,0x00,0x00,0x00,0x00,0x00,0x00,0x00,0x00,0x00,0x00,0xEA,0xB8,0x8E,0x24,0xF1,0xD4,0xB8,0x94,0xF7,0xE6,0xD7,0xCB,0xF6,0xE6,0xD8,0xCC,0xF5,0xE2,0xD2,0xCC,0xE6,0xBC,0x95,0xCC,0xD3,0x8D,0x4B,0xCC,0xCC,0x7C,0x31,0xCC,
    0xCA,0x7B,0x2F,0xCC,0xC9,0x79,0x2D,0xCC,0xC7,0x78,0x2C,0xCC,0xC6,0x77,0x2A,0xCC,0xC4,0x75,0x29,0xCC,0xC4,0x74,0x28,0xCC,0xC3,0x74,0x27,0xCC,0xC2,0x73,0x25,0xCC,0xC1,0x72,0x24,0xCC,0xBF,0x72,0x24,0xCC,0xBF,0x72,0x23,0xCC,0xBF,0x70,0x23,0xCC,0xBF,0x70,0x22,0xCC,0xBE,0x70,0x22,0xCC,0xBE,0x6F,0x22,0xCC,0xBE,0x70,0x22,0xCC,
    0xBE,0x70,0x22,0xCC,0xBD,0x6F,0x20,0xCC,0xBD,0x6F,0x20,0xCC,0xBD,0x6F,0x20,0xCC,0xBD,0x6F,0x20,0xCC,0xBD,0x6F,0x20,0xCC,0xBD,0x6F,0x20,0xCC,0xBD,0x6F,0x20,0xCC,0xBD,0x6F,0x20,0xCC,0xBD,0x6F,0x20,0xCC,0xBD,0x6F,0x20,0xCC,0xBD,0x6F,0x20,0xCC,0xBD,0x6F,0x20,0xCC,0xBD,0x6F,0x20,0xCC,0xBD,0x6F,0x20,0xCC,0xBD,0x6F,0x20,0xCC,
    0xBD,0x6F,0x20,0xCC,0xBD,0x6F,0x20,0xCC,0xBD,0x6F,0x20,0xCC,0xBD,0x6F,0x20,0xCC,0xBD,0x6F,0x20,0xCC,0xBD,0x6F,0x20,0xCC,0xBD,0x6F,0x20,0xCC,0xBD,0x6F,0x20,0xCC,0xBD,0x6F,0x20,0xCC,0xBD,0x6F,0x20,0xCC,0xBD,0x6F,0x20,0xCC,0xBD,0x6F,0x20,0xCC,0xBD,0x6F,0x20,0xCC,0xBD,0x6F,0x20,0xCC,0xBD,0x6F,0x20,0xCC,0xBD,0x6F,0x20,0xCC,
    0xBD,0x6F,0x20,0xCC,0xBD,0x6F,0x20,0xCC,0xBD,0x6F,0x20,0xCC,0xBD,0x6F,0x20,0xCC,0xBD,0x6F,0x20,0xCC,0xBD,0x6F,0x20,0xCC,0xBD,0x6F,0x20,0xCC,0xBD,0x6F,0x20,0xCC,0xBD,0x6F,0x20,0xCC,0xBD,0x6F,0x20,0xCC,0xBD,0x6F,0x20,0xCC,0xBD,0x6F,0x20,0xCC,0xBD,0x6F,0x20,0xCC,0xBD,0x6F,0x20,0xCC,0xBD,0x6F,0x20,0xCC,0xBD,0x6F,0x20,0xCC,
    0xBD,0x6F,0x20,0xCC,0xBD,0x6F,0x20,0xCC,0xBD,0x6F,0x20,0xCC,0xBD,0x6F,0x20,0xCC,0xBD,0x6F,0x20,0xCC,0xBD,0x6F,0x20,0xCC,0xBD,0x6F,0x20,0xCC,0xBD,0x6F,0x20,0xCC,0xBD,0x6F,0x20,0xCC,0xBD,0x6F,0x20,0xCC,0xBD,0x6F,0x20,0xCC,0xBD,0x6F,0x20,0xCC,0xBD,0x6F,0x20,0xCC,0xBD,0x6F,0x20,0xCC,0xBD,0x6F,0x20,0xCC,0xBE,0x70,0x22,0xCC,
    0xBE,0x70,0x22,0xCC,0xBE,0x6F,0x22,0xCC,0xBE,0x70,0x22,0xCC,0xBF,0x70,0x22,0xCC,0xBF,0x70,0x23,0xCC,0xBF,0x72,0x23,0xCC,0xBF,0x72,0x24,0xCC,0xC1,0x72,0x24,0xCC,0xC2,0x73,0x25,0xCC,0xC3,0x74,0x27,0xCC,0xC4,0x74,0x28,0xCC,0xC4,0x75,0x29,0xCC,0xC6,0x77,0x2A,0xCC,0xC7,0x78,0x2C,0xCC,0xC9,0x79,0x2D,0xCC,0xCA,0x7B,0x2F,0xCC,
    0xCC,0x7C,0x31,0xCC,0xD3,0x8D,0x4B,0xCC,0xE6,0xBC,0x95,0xCC,0xF5,0xE2,0xD2,0xCC,0xF6,0xE6,0xD8,0xCC,0xF7,0xE6,0xD7,0xCB,0xF1,0xD4,0xB8,0x94,0xEA,0xB8,0x8E,0x24,0x00,0x00,0x00,0x00,0x00,0x00,0x00,0x00,0x00,0x00,0x00,0x00,0x00,0x00,0x00,0x00,0x00,0x00,0x00,0x00,0x00,0x00,0x00,0x00,0x00,0x00,0x00,0x00,0x00,0x00,0x00,0x00,
    0x00,0x00,0x00,0x00,0x00,0x00,0x00,0x00,0x00,0x00,0x00,0x00,0x00,0x00,0x00,0x00,0x00,0x00,0x00,0x00,0x00,0x00,0x00,0x00,0x00,0x00,0x00,0x00,0x00,0x00,0x00,0x00,0x00,0x00,0x00,0x00,0x00,0x00,0x00,0x00,0x00,0x00,0x00,0x00,0x00,0x00,0x00,0x00,0x00,0x00,0x00,0x00,0x00,0x00,0x00,0x00,0x00,0x00,0x00,0x00,0x00,0x00,0x00,0x00,
    0x00,0x00,0x00,0x00,0x00,0x00,0x00,0x00,0x00,0x00,0x00,0x00,0x00,0x00,0x00,0x00,0x00,0x00,0x00,0x00,0x00,0x00,0x00,0x00,0x00,0x00,0x00,0x00,0x00,0x00,0x00,0x00,0x00,0x00,0x00,0x00,0x00,0x00,0x00,0x00,0x00,0x00,0x00,0x00,0x00,0x00,0x00,0x00,0x00,0x00,0x00,0x00,0x00,0x00,0x00,0x00,0x00,0x00,0x00,0x00,0x00,0x00,0x00,0x00,
    0x00,0x00,0x00,0x00,0x00,0x00,0x00,0x00,0x00,0x00,0x00,0x00,0x00,0x00,0x00,0x00,0x00,0x00,0x00,0x00,0x00,0x00,0x00,0x00,0xBF,0x80,0x20,0x08,0xF0,0xCD,0xAE,0x75,0xF6,0xE3,0xD1,0xC7,0xF6,0xE6,0xD8,0xCC,0xF5,0xE5,0xD4,0xCC,0xE6,0xBC,0x95,0xCC,0xD2,0x88,0x45,0xCC,0xCC,0x7C,0x31,0xCC,0xC9,0x79,0x2E,0xCC,0xC8,0x78,0x2C,0xCC,
    0xC7,0x77,0x2A,0xCC,0xC4,0x75,0x29,0xCC,0xC3,0x74,0x28,0xCC,0xC2,0x74,0x27,0xCC,0xC1,0x73,0x24,0xCC,0xBF,0x72,0x24,0xCC,0xBF,0x70,0x23,0xCC,0xBE,0x70,0x22,0xCC,0xBE,0x70,0x22,0xCC,0xBD,0x6F,0x20,0xCC,0xBC,0x6E,0x1F,0xCC,0xBC,0x6E,0x1F,0xCC,0xBC,0x6E,0x1F,0xCC,0xBC,0x6E,0x1E,0xCC,0xBA,0x6D,0x1E,0xCC,0xBA,0x6D,0x1E,0xCC,
    0xBA,0x6B,0x1D,0xCC,0xBA,0x6D,0x1D,0xCC,0xBA,0x6D,0x1D,0xCC,0xBA,0x6D,0x1D,0xCC,0xBA,0x6B,0x1E,0xCC,0xBA,0x6B,0x1E,0xCC,0xBA,0x6B,0x1E,0xCC,0xBA,0x6B,0x1E,0xCC,0xBA,0x6B,0x1E,0xCC,0xBA,0x6B,0x1E,0xCC,0xBA,0x6B,0x1E,0xCC,0xBA,0x6B,0x1E,0xCC,0xBA,0x6B,0x1E,0xCC,0xBA,0x6B,0x1E,0xCC,0xBA,0x6B,0x1E,0xCC,0xBA,0x6B,0x1E,0xCC,
    0xBA,0x6B,0x1E,0xCC,0xBA,0x6B,0x1E,0xCC,0xBA,0x6B,0x1E,0xCC,0xBA,0x6B,0x1E,0xCC,0xBA,0x6B,0x1E,0xCC,0xBA,0x6B,0x1E,0xCC,0xBA,0x6B,0x1E,0xCC,0xBA,0x6B,0x1E,0xCC,0xBA,0x6B,0x1E,0xCC,0xBA,0x6B,0x1E,0xCC,0xBA,0x6B,0x1E,0xCC,0xBA,0x6B,0x1E,0xCC,0xBA,0x6B,0x1E,0xCC,0xBA,0x6B,0x1E,0xCC,0xBA,0x6B,0x1E,0xCC,0xBA,0x6B,0x1E,0xCC,
    0xBA,0x6B,0x1E,0xCC,0xBA,0x6B,0x1E,0xCC,0xBA,0x6B,0x1E,0xCC,0xBA,0x6B,0x1E,0xCC,0xBA,0x6B,0x1E,0xCC,0xBA,0x6B,0x1E,0xCC,0xBA,0x6B,0x1E,0xCC,0xBA,0x6B,0x1E,0xCC,0xBA,0x6B,0x1E,0xCC,0xBA,0x6B,0x1E,0xCC,0xBA,0x6B,0x1E,0xCC,0xBA,0x6B,0x1E,0xCC,0xBA,0x6B,0x1E,0xCC,0xBA,0x6B,0x1E,0xCC,0xBA,0x6B,0x1E,0xCC,0xBA,0x6B,0x1E,0xCC,
    0xBA,0x6B,0x1E,0xCC,0xBA,0x6B,0x1E,0xCC,0xBA,0x6B,0x1E,0xCC,0xBA,0x6B,0x1E,0xCC,0xBA,0x6B,0x1E,0xCC,0xBA,0x6B,0x1E,0xCC,0xBA,0x6B,0x1E,0xCC,0xBA,0x6B,0x1E,0xCC,0xBA,0x6B,0x1E,0xCC,0xBA,0x6B,0x1E,0xCC,0xBA,0x6B,0x1E,0xCC,0xBA,0x6B,0x1E,0xCC,0xBA,0x6D,0x1D,0xCC,0xBA,0x6D,0x1D,0xCC,0xBA,0x6D,0x1D,0xCC,0xBA,0x6B,0x1D,0xCC,
    0xBA,0x6D,0x1E,0xCC,0xBA,0x6D,0x1E,0xCC,0xBC,0x6E,0x1E,0xCC,0xBC,0x6E,0x1F,0xCC,0xBC,0x6E,0x1F,0xCC,0xBC,0x6E,0x1F,0xCC,0xBD,0x6F,0x20,0xCC,0xBE,0x70,0x22,0xCC,0xBE,0x70,0x22,0xCC,0xBF,0x70,0x23,0xCC,0xBF,0x72,0x24,0xCC,0xC1,0x73,0x24,0xCC,0xC2,0x74,0x27,0xCC,0xC3,0x74,0x28,0xCC,0xC4,0x75,0x29,0xCC,0xC7,0x77,0x2A,0xCC,
    0xC8,0x78,0x2C,0xCC,0xC9,0x79,0x2E,0xCC,0xCC,0x7C,0x31,0xCC,0xD2,0x88,0x45,0xCC,0xE6,0xBC,0x95,0xCC,0xF5,0xE5,0xD4,0xCC,0xF6,0xE6,0xD8,0xCC,0xF6,0xE3,0xD1,0xC7,0xF0,0xCD,0xAE,0x75,0xBF,0x80,0x20,0x08,0x00,0x00,0x00,0x00,0x00,0x00,0x00,0x00,0x00,0x00,0x00,0x00,0x00,0x00,0x00,0x00,0x00,0x00,0x00,0x00,0x00,0x00,0x00,0x00,
    0x00,0x00,0x00,0x00,0x00,0x00,0x00,0x00,0x00,0x00,0x00,0x00,0x00,0x00,0x00,0x00,0x00,0x00,0x00,0x00,0x00,0x00,0x00,0x00,0x00,0x00,0x00,0x00,0x00,0x00,0x00,0x00,0x00,0x00,0x00,0x00,0x00,0x00,0x00,0x00,0x00,0x00,0x00,0x00,0x00,0x00,0x00,0x00,0x00,0x00,0x00,0x00,0x00,0x00,0x00,0x00,0x00,0x00,0x00,0x00,0x00,0x00,0x00,0x00,
    0x00,0x00,0x00,0x00,0x00,0x00,0x00,0x00,0x00,0x00,0x00,0x00,0x00,0x00,0x00,0x00,0x00,0x00,0x00,0x00,0x00,0x00,0x00,0x00,0x00,0x00,0x00,0x00,0x00,0x00,0x00,0x00,0x00,0x00,0x00,0x00,0x00,0x00,0x00,0x00,0x00,0x00,0x00,0x00,0x00,0x00,0x00,0x00,0x00,0x00,0x00,0x00,0x00,0x00,0x00,0x00,0x00,0x00,0x00,0x00,0x00,0x00,0x00,0x00,
    0x00,0x00,0x00,0x00,0x00,0x00,0x00,0x00,0x00,0x00,0x00,0x00,0x00,0x00,0x00,0x00,0x00,0x00,0x00,0x00,0xE5,0xB8,0x8F,0x32,0xF4,0xD9,0xC4,0xB4,0xF8,0xE6,0xD8,0xCC,0xF6,0xE6,0xD7,0xCC,0xEB,0xC9,0xAA,0xCC,0xD3,0x8F,0x4C,0xCC,0xCC,0x7C,0x31,0xCC,0xC9,0x79,0x2E,0xCC,0xC7,0x78,0x2C,0xCC,0xC6,0x77,0x2A,0xCC,0xC4,0x75,0x28,0xCC,
    0xC2,0x74,0x27,0xCC,0xC2,0x73,0x25,0xCC,0xBF,0x72,0x24,0xCC,0xBF,0x70,0x22,0xCC,0xBE,0x6F,0x22,0xCC,0xBD,0x6F,0x20,0xCC,0xBC,0x6F,0x1F,0xCC,0xBC,0x6E,0x1F,0xCC,0xBC,0x6D,0x1E,0xCC,0xBA,0x6D,0x1E,0xCC,0xBA,0x6B,0x1D,0xCC,0xB9,0x6B,0x1D,0xCC,0xB9,0x6B,0x1B,0xCC,0xB9,0x6B,0x1B,0xCC,0xB8,0x6B,0x1B,0xCC,0xB8,0x6A,0x1A,0xCC,
    0xB8,0x6A,0x1A,0xCC,0xB8,0x6A,0x1A,0xCC,0xB8,0x6B,0x1A,0xCC,0xB8,0x6B,0x1A,0xCC,0xB8,0x6B,0x1A,0xCC,0xB8,0x6B,0x1A,0xCC,0xB8,0x6B,0x1A,0xCC,0xB8,0x6B,0x1A,0xCC,0xB7,0x6B,0x1A,0xCC,0xB7,0x6A,0x1A,0xCC,0xB7,0x6A,0x1A,0xCC,0xB7,0x6A,0x1A,0xCC,0xB7,0x6A,0x1A,0xCC,0xB7,0x6A,0x1A,0xCC,0xB7,0x6A,0x1A,0xCC,0xB7,0x6A,0x1A,0xCC,
    0xB7,0x6A,0x1A,0xCC,0xB7,0x6A,0x1A,0xCC,0xB7,0x6A,0x1A,0xCC,0xB7,0x6A,0x1A,0xCC,0xB7,0x6A,0x1A,0xCC,0xB7,0x6A,0x1A,0xCC,0xB7,0x6A,0x1A,0xCC,0xB7,0x6A,0x1A,0xCC,0xB7,0x6A,0x1A,0xCC,0xB7,0x6A,0x1A,0xCC,0xB7,0x6A,0x1A,0xCC,0xB7,0x6A,0x1A,0xCC,0xB7,0x6A,0x1A,0xCC,0xB7,0x6A,0x1A,0xCC,0xB7,0x6A,0x1A,0xCC,0xB7,0x6A,0x1A,0xCC,
    0xB7,0x6A,0x1A,0xCC,0xB7,0x6A,0x1A,0xCC,0xB7,0x6A,0x1A,0xCC,0xB7,0x6A,0x1A,0xCC,0xB7,0x6A,0x1A,0xCC,0xB7,0x6A,0x1A,0xCC,0xB7,0x6A,0x1A,0xCC,0xB7,0x6A,0x1A,0xCC,0xB7,0x6A,0x1A,0xCC,0xB7,0x6A,0x1A,0xCC,0xB7,0x6A,0x1A,0xCC,0xB7,0x6A,0x1A,0xCC,0xB7,0x6A,0x1A,0xCC,0xB7,0x6A,0x1A,0xCC,0xB7,0x6A,0x1A,0xCC,0xB7,0x6A,0x1A,0xCC,
    0xB7,0x6A,0x1A,0xCC,0xB7,0x6A,0x1A,0xCC,0xB7,0x6A,0x1A,0xCC,0xB7,0x6A,0x1A,0xCC,0xB7,0x6A,0x1A,0xCC,0xB7,0x6A,0x1A,0xCC,0xB7,0x6A,0x1A,0xCC,0xB7,0x6B,0x1A,0xCC,0xB8,0x6B,0x1A,0xCC,0xB8,0x6B,0x1A,0xCC,0xB8,0x6B,0x1A,0xCC,0xB8,0x6B,0x1A,0xCC,0xB8,0x6B,0x1A,0xCC,0xB8,0x6B,0x1A,0xCC,0xB8,0x6A,0x1A,0xCC,0xB8,0x6A,0x1A,0xCC,
    0xB8,0x6A,0x1A,0xCC,0xB8,0x6B,0x1B,0xCC,0xB9,0x6B,0x1B,0xCC,0xB9,0x6B,0x1B,0xCC,0xB9,0x6B,0x1D,0xCC,0xBA,0x6B,0x1D,0xCC,0xBA,0x6D,0x1E,0xCC,0xBC,0x6D,0x1E,0xCC,0xBC,0x6E,0x1F,0xCC,0xBC,0x6F,0x1F,0xCC,0xBD,0x6F,0x20,0xCC,0xBE,0x6F,0x22,0xCC,0xBF,0x70,0x22,0xCC,0xBF,0x72,0x24,0xCC,0xC2,0x73,0x25,0xCC,0xC2,0x74,0x27,0xCC,
    0xC4,0x75,0x28,0xCC,0xC6,0x77,0x2A,0xCC,0xC7,0x78,0x2C,0xCC,0xC9,0x79,0x2E,0xCC,0xCC,0x7C,0x31,0xCC,0xD3,0x8F,0x4C,0xCC,0xEB,0xC9,0xAA,0xCC,0xF6,0xE6,0xD7,0xCC,0xF8,0xE6,0xD8,0xCC,0xF4,0xD9,0xC4,0xB4,0xE5,0xB8,0x8F,0x32,0x00,0x00,0x00,0x00,0x00,0x00,0x00,0x00,0x00,0x00,0x00,0x00,0x00,0x00,0x00,0x00,0x00,0x00,0x00,0x00,
    0x00,0x00,0x00,0x00,0x00,0x00,0x00,0x00,0x00,0x00,0x00,0x00,0x00,0x00,0x00,0x00,0x00,0x00,0x00,0x00,0x00,0x00,0x00,0x00,0x00,0x00,0x00,0x00,0x00,0x00,0x00,0x00,0x00,0x00,0x00,0x00,0x00,0x00,0x00,0x00,0x00,0x00,0x00,0x00,0x00,0x00,0x00,0x00,0x00,0x00,0x00,0x00,0x00,0x00,0x00,0x00,0x00,0x00,0x00,0x00,0x00,0x00,0x00,0x00,
    0x00,0x00,0x00,0x00,0x00,0x00,0x00,0x00,0x00,0x00,0x00,0x00,0x00,0x00,0x00,0x00,0x00,0x00,0x00,0x00,0x00,0x00,0x00,0x00,0x00,0x00,0x00,0x00,0x00,0x00,0x00,0x00,0x00,0x00,0x00,0x00,0x00,0x00,0x00,0x00,0x00,0x00,0x00,0x00,0x00,0x00,0x00,0x00,0x00,0x00,0x00,0x00,0x00,0x00,0x00,0x00,0x00,0x00,0x00,0x00,0x00,0x00,0x00,0x00,
    0x00,0x00,0x00,0x00,0x00,0x00,0x00,0x00,0x00,0x00,0x00,0x00,0x00,0x00,0x00,0x00,0xEF,0xC9,0xAA,0x72,0xF6,0xE2,0xD1,0xC9,0xF6,0xE6,0xD8,0xCC,0xF3,0xDC,0xC7,0xCC,0xDB,0xA1,0x6A,0xCC,0xCC,0x7C,0x31,0xCC,0xCA,0x7B,0x2F,0xCC,0xC8,0x78,0x2C,0xCC,0xC6,0x77,0x2A,0xCC,0xC4,0x75,0x28,0xCC,0xC2,0x73,0x27,0xCC,0xC1,0x72,0x24,0xCC,
    0xBF,0x70,0x23,0xCC,0xBE,0x70,0x22,0xCC,0xBD,0x6F,0x20,0xCC,0xBC,0x6E,0x1F,0xCC,0xBC,0x6D,0x1E,0xCC,0xBA,0x6D,0x1D,0xCC,0xB9,0x6B,0x1D,0xCC,0xB9,0x6B,0x1B,0xCC,0xB8,0x6B,0x1B,0xCC,0xB8,0x6B,0x1A,0xCC,0xB7,0x6A,0x1A,0xCC,0xB7,0x69,0x19,0xCC,0xB7,0x6A,0x1A,0xCC,0xB7,0x69,0x19,0xCC,0xB7,0x69,0x19,0xCC,0xB7,0x69,0x19,0xCC,
    0xB7,0x69,0x19,0xCC,0xB7,0x6A,0x19,0xCC,0xB7,0x69,0x19,0xCC,0xB7,0x69,0x19,0xCC,0xB7,0x69,0x19,0xCC,0xB7,0x69,0x19,0xCC,0xB7,0x69,0x19,0xCC,0xB7,0x69,0x19,0xCC,0xB7,0x69,0x18,0xCC,0xB5,0x68,0x18,0xCC,0xB5,0x68,0x18,0xCC,0xB5,0x68,0x18,0xCC,0xB5,0x68,0x18,0xCC,0xB5,0x68,0x18,0xCC,0xB5,0x68,0x18,0xCC,0xB5,0x68,0x18,0xCC,
    0xB5,0x68,0x18,0xCC,0xB5,0x68,0x18,0xCC,0xB5,0x68,0x18,0xCC,0xB5,0x68,0x18,0xCC,0xB5,0x68,0x18,0xCC,0xB5,0x68,0x18,0xCC,0xB5,0x68,0x18,0xCC,0xB5,0x68,0x18,0xCC,0xB5,0x68,0x18,0xCC,0xB5,0x68,0x18,0xCC,0xB5,0x68,0x18,0xCC,0xB5,0x68,0x18,0xCC,0xB5,0x68,0x18,0xCC,0xB5,0x68,0x18,0xCC,0xB5,0x68,0x18,0xCC,0xB5,0x68,0x18,0xCC,
    0xB5,0x68,0x18,0xCC,0xB5,0x68,0x18,0xCC,0xB5,0x68,0x18,0xCC,0xB5,0x68,0x18,0xCC,0xB5,0x68,0x18,0xCC,0xB5,0x68,0x18,0xCC,0xB5,0x68,0x18,0xCC,0xB5,0x68,0x18,0xCC,0xB5,0x68,0x18,0xCC,0xB5,0x68,0x18,0xCC,0xB5,0x68,0x18,0xCC,0xB5,0x68,0x18,0xCC,0xB5,0x68,0x18,0xCC,0xB5,0x68,0x18,0xCC,0xB5,0x68,0x18,0xCC,0xB5,0x68,0x18,0xCC,
    0xB5,0x68,0x18,0xCC,0xB5,0x68,0x18,0xCC,0xB5,0x68,0x18,0xCC,0xB5,0x68,0x18,0xCC,0xB5,0x68,0x18,0xCC,0xB5,0x68,0x18,0xCC,0xB5,0x68,0x18,0xCC,0xB7,0x69,0x18,0xCC,0xB7,0x69,0x19,0xCC,0xB7,0x69,0x19,0xCC,0xB7,0x69,0x19,0xCC,0xB7,0x69,0x19,0xCC,0xB7,0x69,0x19,0xCC,0xB7,0x69,0x19,0xCC,0xB7,0x6A,0x19,0xCC,0xB7,0x69,0x19,0xCC,
    0xB7,0x69,0x19,0xCC,0xB7,0x69,0x19,0xCC,0xB7,0x69,0x19,0xCC,0xB7,0x6A,0x1A,0xCC,0xB7,0x69,0x19,0xCC,0xB7,0x6A,0x1A,0xCC,0xB8,0x6B,0x1A,0xCC,0xB8,0x6B,0x1B,0xCC,0xB9,0x6B,0x1B,0xCC,0xB9,0x6B,0x1D,0xCC,0xBA,0x6D,0x1D,0xCC,0xBC,0x6D,0x1E,0xCC,0xBC,0x6E,0x1F,0xCC,0xBD,0x6F,0x20,0xCC,0xBE,0x70,0x22,0xCC,0xBF,0x70,0x23,0xCC,
    0xC1,0x72,0x24,0xCC,0xC2,0x73,0x27,0xCC,0xC4,0x75,0x28,0xCC,0xC6,0x77,0x2A,0xCC,0xC8,0x78,0x2C,0xCC,0xCA,0x7B,0x2F,0xCC,0xCC,0x7C,0x31,0xCC,0xDB,0xA1,0x6A,0xCC,0xF3,0xDC,0xC7,0xCC,0xF6,0xE6,0xD8,0xCC,0xF6,0xE2,0xD1,0xC9,0xEF,0xC9,0xAA,0x72,0x00,0x00,0x00,0x00,0x00,0x00,0x00,0x00,0x00,0x00,0x00,0x00,0x00,0x00,0x00,0x00,
    0x00,0x00,0x00,0x00,0x00,0x00,0x00,0x00,0x00,0x00,0x00,0x00,0x00,0x00,0x00,0x00,0x00,0x00,0x00,0x00,0x00,0x00,0x00,0x00,0x00,0x00,0x00,0x00,0x00,0x00,0x00,0x00,0x00,0x00,0x00,0x00,0x00,0x00,0x00,0x00,0x00,0x00,0x00,0x00,0x00,0x00,0x00,0x00,0x00,0x00,0x00,0x00,0x00,0x00,0x00,0x00,0x00,0x00,0x00,0x00,0x00,0x00,0x00,0x00,
    0x00,0x00,0x00,0x00,0x00,0x00,0x00,0x00,0x00,0x00,0x00,0x00,0x00,0x00,0x00,0x00,0x00,0x00,0x00,0x00,0x00,0x00,0x00,0x00,0x00,0x00,0x00,0x00,0x00,0x00,0x00,0x00,0x00,0x00,0x00,0x00,0x00,0x00,0x00,0x00,0x00,0x00,0x00,0x00,0x00,0x00,0x00,0x00,0x00,0x00,0x00,0x00,0x00,0x00,0x00,0x00,0x00,0x00,0x00,0x00,0x00,0x00,0x00,0x00,
    0x00,0x00,0x00,0x00,0x00,0x00,0x00,0x00,0xE0,0xA3,0x70,0x19,0xF0,0xD2,0xB8,0x9A,0xF8,0xE6,0xD8,0xCC,0xF6,0xE6,0xD7,0xCC,0xE7,0xC2,0x9E,0xCC,0xD1,0x86,0x40,0xCC,0xCA,0x7B,0x2F,0xCC,0xC8,0x79,0x2D,0xCC,0xC7,0x77,0x2A,0xCC,0xC4,0x75,0x28,0xCC,0xC2,0x73,0x27,0xCC,0xC1,0x72,0x24,0xCC,0xBF,0x70,0x23,0xCC,0xBD,0x6F,0x22,0xCC,
    0xBC,0x6E,0x1F,0xCC,0xBC,0x6D,0x1F,0xCC,0xBA,0x6D,0x1E,0xCC,0xB9,0x6B,0x1D,0xCC,0xB9,0x6B,0x1B,0xCC,0xB8,0x6B,0x1A,0xCC,0xB7,0x6A,0x1A,0xCC,0xB7,0x6A,0x19,0xCC,0xB7,0x69,0x19,0xCC,0xB7,0x69,0x19,0xCC,0xB5,0x68,0x18,0xCC,0xB5,0x69,0x18,0xCC,0xB5,0x68,0x16,0xCC,0xB5,0x68,0x16,0xCC,0xB4,0x68,0x16,0xCC,0xB4,0x68,0x16,0xCC,
    0xB4,0x68,0x16,0xCC,0xB4,0x68,0x16,0xCC,0xB4,0x68,0x16,0xCC,0xB4,0x68,0x16,0xCC,0xB4,0x68,0x16,0xCC,0xB4,0x68,0x16,0xCC,0xB4,0x68,0x16,0xCC,0xB4,0x68,0x16,0xCC,0xB4,0x68,0x16,0xCC,0xB4,0x66,0x16,0xCC,0xB4,0x66,0x16,0xCC,0xB4,0x66,0x16,0xCC,0xB4,0x66,0x16,0xCC,0xB4,0x66,0x16,0xCC,0xB4,0x66,0x16,0xCC,0xB4,0x66,0x16,0xCC,
    0xB4,0x66,0x16,0xCC,0xB4,0x66,0x16,0xCC,0xB4,0x66,0x16,0xCC,0xB4,0x66,0x16,0xCC,0xB4,0x66,0x16,0xCC,0xB4,0x66,0x16,0xCC,0xB4,0x66,0x16,0xCC,0xB4,0x66,0x16,0xCC,0xB4,0x66,0x16,0xCC,0xB4,0x66,0x16,0xCC,0xB4,0x66,0x16,0xCC,0xB4,0x66,0x16,0xCC,0xB4,0x66,0x16,0xCC,0xB4,0x66,0x16,0xCC,0xB4,0x66,0x16,0xCC,0xB4,0x66,0x16,0xCC,
    0xB4,0x66,0x16,0xCC,0xB4,0x66,0x16,0xCC,0xB4,0x66,0x16,0xCC,0xB4,0x66,0x16,0xCC,0xB4,0x66,0x16,0xCC,0xB4,0x66,0x16,0xCC,0xB4,0x66,0x16,0xCC,0xB4,0x66,0x16,0xCC,0xB4,0x66,0x16,0xCC,0xB4,0x66,0x16,0xCC,0xB4,0x66,0x16,0xCC,0xB4,0x66,0x16,0xCC,0xB4,0x66,0x16,0xCC,0xB4,0x66,0x16,0xCC,0xB4,0x66,0x16,0xCC,0xB4,0x66,0x16,0xCC,
    0xB4,0x66,0x16,0xCC,0xB4,0x66,0x16,0xCC,0xB4,0x66,0x16,0xCC,0xB4,0x66,0x16,0xCC,0xB4,0x66,0x16,0xCC,0xB4,0x66,0x16,0xCC,0xB4,0x66,0x16,0xCC,0xB4,0x68,0x16,0xCC,0xB4,0x68,0x16,0xCC,0xB4,0x68,0x16,0xCC,0xB4,0x68,0x16,0xCC,0xB4,0x68,0x16,0xCC,0xB4,0x68,0x16,0xCC,0xB4,0x68,0x16,0xCC,0xB4,0x68,0x16,0xCC,0xB4,0x68,0x16,0xCC,
    0xB4,0x68,0x16,0xCC,0xB4,0x68,0x16,0xCC,0xB5,0x68,0x16,0xCC,0xB5,0x68,0x16,0xCC,0xB5,0x69,0x18,0xCC,0xB5,0x68,0x18,0xCC,0xB7,0x69,0x19,0xCC,0xB7,0x69,0x19,0xCC,0xB7,0x6A,0x19,0xCC,0xB7,0x6A,0x1A,0xCC,0xB8,0x6B,0x1A,0xCC,0xB9,0x6B,0x1B,0xCC,0xB9,0x6B,0x1D,0xCC,0xBA,0x6D,0x1E,0xCC,0xBC,0x6D,0x1F,0xCC,0xBC,0x6E,0x1F,0xCC,
    0xBD,0x6F,0x22,0xCC,0xBF,0x70,0x23,0xCC,0xC1,0x72,0x24,0xCC,0xC2,0x73,0x27,0xCC,0xC4,0x75,0x28,0xCC,0xC7,0x77,0x2A,0xCC,0xC8,0x79,0x2D,0xCC,0xCA,0x7B,0x2F,0xCC,0xD1,0x86,0x40,0xCC,0xE7,0xC2,0x9E,0xCC,0xF6,0xE6,0xD7,0xCC,0xF8,0xE6,0xD8,0xCC,0xF0,0xD2,0xB8,0x9A,0xE0,0xA3,0x70,0x19,0x00,0x00,0x00,0x00,0x00,0x00,0x00,0x00,
    0x00,0x00,0x00,0x00,0x00,0x00,0x00,0x00,0x00,0x00,0x00,0x00,0x00,0x00,0x00,0x00,0x00,0x00,0x00,0x00,0x00,0x00,0x00,0x00,0x00,0x00,0x00,0x00,0x00,0x00,0x00,0x00,0x00,0x00,0x00,0x00,0x00,0x00,0x00,0x00,0x00,0x00,0x00,0x00,0x00,0x00,0x00,0x00,0x00,0x00,0x00,0x00,0x00,0x00,0x00,0x00,0x00,0x00,0x00,0x00,0x00,0x00,0x00,0x00,
    0x00,0x00,0x00,0x00,0x00,0x00,0x00,0x00,0x00,0x00,0x00,0x00,0x00,0x00,0x00,0x00,0x00,0x00,0x00,0x00,0x00,0x00,0x00,0x00,0x00,0x00,0x00,0x00,0x00,0x00,0x00,0x00,0x00,0x00,0x00,0x00,0x00,0x00,0x00,0x00,0x00,0x00,0x00,0x00,0x00,0x00,0x00,0x00,0x00,0x00,0x00,0x00,0x00,0x00,0x00,0x00,0x00,0x00,0x00,0x00,0x00,0x00,0x00,0x00,
    0x00,0x00,0x00,0x00,0xEC,0xBF,0x93,0x28,0xF5,0xDD,0xC9,0xB9,0xF8,0xE6,0xD8,0xCC,0xF4,0xE1,0xCE,0xCC,0xDE,0xA8,0x75,0xCC,0xCC,0x7C,0x31,0xCC,0xC9,0x79,0x2E,0xCC,0xC7,0x78,0x2C,0xCC,0xC6,0x75,0x29,0xCC,0xC3,0x74,0x27,0xCC,0xC1,0x73,0x24,0xCC,0xBF,0x70,0x23,0xCC,0xBE,0x6F,0x22,0xCC,0xBC,0x6E,0x1F,0xCC,0xBC,0x6D,0x1E,0xCC,
    0xBA,0x6B,0x1D,0xCC,0xB9,0x6B,0x1B,0xCC,0xB8,0x6B,0x1A,0xCC,0xB7,0x6A,0x1A,0xCC,0xB7,0x6A,0x1A,0xCC,0xB7,0x69,0x19,0xCC,0xB5,0x69,0x18,0xCC,0xB5,0x68,0x18,0xCC,0xB5,0x68,0x16,0xCC,0xB4,0x68,0x16,0xCC,0xB4,0x68,0x16,0xCC,0xB4,0x66,0x16,0xCC,0xB3,0x66,0x16,0xCC,0xB3,0x66,0x16,0xCC,0xB3,0x66,0x15,0xCC,0xB3,0x66,0x15,0xCC,
    0xB3,0x66,0x15,0xCC,0xB3,0x66,0x15,0xCC,0xB3,0x66,0x15,0xCC,0xB3,0x66,0x15,0xCC,0xB3,0x66,0x15,0xCC,0xB3,0x66,0x15,0xCC,0xB3,0x66,0x15,0xCC,0xB3,0x66,0x15,0xCC,0xB3,0x66,0x15,0xCC,0xB3,0x66,0x15,0xCC,0xB3,0x66,0x15,0xCC,0xB3,0x66,0x15,0xCC,0xB3,0x66,0x15,0xCC,0xB3,0x66,0x15,0xCC,0xB3,0x66,0x15,0xCC,0xB3,0x66,0x15,0xCC,
    0xB3,0x66,0x15,0xCC,0xB3,0x66,0x15,0xCC,0xB3,0x66,0x15,0xCC,0xB3,0x66,0x15,0xCC,0xB3,0x66,0x15,0xCC,0xB3,0x66,0x15,0xCC,0xB3,0x66,0x15,0xCC,0xB3,0x66,0x15,0xCC,0xB3,0x66,0x15,0xCC,0xB3,0x66,0x15,0xCC,0xB3,0x66,0x15,0xCC,0xB3,0x66,0x15,0xCC,0xB3,0x66,0x15,0xCC,0xB3,0x66,0x15,0xCC,0xB3,0x66,0x15,0xCC,0xB3,0x66,0x15,0xCC,
    0xB3,0x66,0x15,0xCC,0xB3,0x66,0x15,0xCC,0xB3,0x66,0x15,0xCC,0xB3,0x66,0x15,0xCC,0xB3,0x66,0x15,0xCC,0xB3,0x66,0x15,0xCC,0xB3,0x66,0x15,0xCC,0xB3,0x66,0x15,0xCC,0xB3,0x66,0x15,0xCC,0xB3,0x66,0x15,0xCC,0xB3,0x66,0x15,0xCC,0xB3,0x66,0x15,0xCC,0xB3,0x66,0x15,0xCC,0xB3,0x66,0x15,0xCC,0xB3,0x66,0x15,0xCC,0xB3,0x66,0x15,0xCC,
    0xB3,0x66,0x15,0xCC,0xB3,0x66,0x15,0xCC,0xB3,0x66,0x15,0xCC,0xB3,0x66,0x15,0xCC,0xB3,0x66,0x15,0xCC,0xB3,0x66,0x15,0xCC,0xB3,0x66,0x15,0xCC,0xB3,0x66,0x15,0xCC,0xB3,0x66,0x15,0xCC,0xB3,0x66,0x15,0xCC,0xB3,0x66,0x15,0xCC,0xB3,0x66,0x15,0xCC,0xB3,0x66,0x15,0xCC,0xB3,0x66,0x15,0xCC,0xB3,0x66,0x15,0xCC,0xB3,0x66,0x15,0xCC,
    0xB3,0x66,0x15,0xCC,0xB3,0x66,0x15,0xCC,0xB3,0x66,0x16,0xCC,0xB3,0x66,0x16,0xCC,0xB4,0x66,0x16,0xCC,0xB4,0x68,0x16,0xCC,0xB4,0x68,0x16,0xCC,0xB5,0x68,0x16,0xCC,0xB5,0x68,0x18,0xCC,0xB5,0x69,0x18,0xCC,0xB7,0x69,0x19,0xCC,0xB7,0x6A,0x1A,0xCC,0xB7,0x6A,0x1A,0xCC,0xB8,0x6B,0x1A,0xCC,0xB9,0x6B,0x1B,0xCC,0xBA,0x6B,0x1D,0xCC,
    0xBC,0x6D,0x1E,0xCC,0xBC,0x6E,0x1F,0xCC,0xBE,0x6F,0x22,0xCC,0xBF,0x70,0x23,0xCC,0xC1,0x73,0x24,0xCC,0xC3,0x74,0x27,0xCC,0xC6,0x75,0x29,0xCC,0xC7,0x78,0x2C,0xCC,0xC9,0x79,0x2E,0xCC,0xCC,0x7C,0x31,0xCC,0xDE,0xA8,0x75,0xCC,0xF4,0xE1,0xCE,0xCC,0xF8,0xE6,0xD8,0xCC,0xF5,0xDD,0xC9,0xB9,0xEC,0xBF,0x93,0x28,0x00,0x00,0x00,0x00,
    0x00,0x00,0x00,0x00,0x00,0x00,0x00,0x00,0x00,0x00,0x00,0x00,0x00,0x00,0x00,0x00,0x00,0x00,0x00,0x00,0x00,0x00,0x00,0x00,0x00,0x00,0x00,0x00,0x00,0x00,0x00,0x00,0x00,0x00,0x00,0x00,0x00,0x00,0x00,0x00,0x00,0x00,0x00,0x00,0x00,0x00,0x00,0x00,0x00,0x00,0x00,0x00,0x00,0x00,0x00,0x00,0x00,0x00,0x00,0x00,0x00,0x00,0x00,0x00,
    0x00,0x00,0x00,0x00,0x00,0x00,0x00,0x00,0x00,0x00,0x00,0x00,0x00,0x00,0x00,0x00,0x00,0x00,0x00,0x00,0x00,0x00,0x00,0x00,0x00,0x00,0x00,0x00,0x00,0x00,0x00,0x00,0x00,0x00,0x00,0x00,0x00,0x00,0x00,0x00,0x00,0x00,0x00,0x00,0x00,0x00,0x00,0x00,0x00,0x00,0x00,0x00,0x00,0x00,0x00,0x00,0x00,0x00,0x00,0x00,0x00,0x00,0x00,0x00,
    0xE6,0xB8,0x8E,0x3D,0xF6,0xE0,0xCC,0xC4,0xF6,0xE6,0xD8,0xCC,0xF1,0xD8,0xC2,0xCC,0xD4,0x8F,0x4D,0xCC,0xCC,0x7C,0x31,0xCC,0xC8,0x79,0x2D,0xCC,0xC7,0x77,0x2A,0xCC,0xC4,0x75,0x28,0xCC,0xC2,0x73,0x25,0xCC,0xBF,0x70,0x24,0xCC,0xBE,0x70,0x22,0xCC,0xBC,0x6E,0x1F,0xCC,0xBC,0x6D,0x1E,0xCC,0xBA,0x6B,0x1D,0xCC,0xB9,0x6B,0x1B,0xCC,
    0xB8,0x6A,0x1A,0xCC,0xB7,0x6A,0x1A,0xCC,0xB7,0x69,0x19,0xCC,0xB5,0x69,0x18,0xCC,0xB5,0x68,0x16,0xCC,0xB4,0x68,0x16,0xCC,0xB4,0x68,0x16,0xCC,0xB4,0x66,0x16,0xCC,0xB3,0x66,0x16,0xCC,0xB3,0x66,0x15,0xCC,0xB3,0x66,0x15,0xCC,0xB3,0x66,0x15,0xCC,0xB2,0x66,0x14,0xCC,0xB2,0x66,0x15,0xCC,0xB2,0x66,0x15,0xCC,0xB2,0x66,0x15,0xCC,
    0xB2,0x66,0x15,0xCC,0xB2,0x66,0x14,0xCC,0xB2,0x66,0x14,0xCC,0xB2,0x66,0x14,0xCC,0xB2,0x66,0x14,0xCC,0xB2,0x66,0x14,0xCC,0xB2,0x66,0x14,0xCC,0xB2,0x66,0x14,0xCC,0xB2,0x66,0x14,0xCC,0xB2,0x66,0x14,0xCC,0xB2,0x66,0x14,0xCC,0xB2,0x66,0x14,0xCC,0xB2,0x66,0x14,0xCC,0xB2,0x66,0x14,0xCC,0xB2,0x66,0x14,0xCC,0xB2,0x66,0x14,0xCC,
    0xB2,0x66,0x14,0xCC,0xB2,0x66,0x14,0xCC,0xB2,0x66,0x14,0xCC,0xB2,0x66,0x14,0xCC,0xB2,0x66,0x14,0xCC,0xB2,0x66,0x14,0xCC,0xB2,0x66,0x14,0xCC,0xB2,0x66,0x14,0xCC,0xB2,0x66,0x14,0xCC,0xB2,0x66,0x14,0xCC,0xB2,0x66,0x14,0xCC,0xB2,0x66,0x14,0xCC,0xB2,0x66,0x14,0xCC,0xB2,0x66,0x14,0xCC,0xB2,0x66,0x14,0xCC,0xB2,0x66,0x14,0xCC,
    0xB2,0x66,0x14,0xCC,0xB2,0x66,0x14,0xCC,0xB2,0x66,0x14,0xCC,0xB2,0x66,0x14,0xCC,0xB2,0x66,0x14,0xCC,0xB2,0x66,0x14,0xCC,0xB2,0x66,0x14,0xCC,0xB2,0x66,0x14,0xCC,0xB2,0x66,0x14,0xCC,0xB2,0x66,0x14,0xCC,0xB2,0x66,0x14,0xCC,0xB2,0x66,0x14,0xCC,0xB2,0x66,0x14,0xCC,0xB2,0x66,0x14,0xCC,0xB2,0x66,0x14,0xCC,0xB2,0x66,0x14,0xCC,
    0xB2,0x66,0x14,0xCC,0xB2,0x66,0x14,0xCC,0xB2,0x66,0x14,0xCC,0xB2,0x66,0x14,0xCC,0xB2,0x66,0x14,0xCC,0xB2,0x66,0x14,0xCC,0xB2,0x66,0x14,0xCC,0xB2,0x66,0x14,0xCC,0xB2,0x66,0x14,0xCC,0xB2,0x66,0x14,0xCC,0xB2,0x66,0x14,0xCC,0xB2,0x66,0x14,0xCC,0xB2,0x66,0x14,0xCC,0xB2,0x66,0x14,0xCC,0xB2,0x66,0x14,0xCC,0xB2,0x66,0x15,0xCC,
    0xB2,0x66,0x15,0xCC,0xB2,0x66,0x15,0xCC,0xB2,0x66,0x15,0xCC,0xB2,0x66,0x14,0xCC,0xB3,0x66,0x15,0xCC,0xB3,0x66,0x15,0xCC,0xB3,0x66,0x15,0xCC,0xB3,0x66,0x16,0xCC,0xB4,0x66,0x16,0xCC,0xB4,0x68,0x16,0xCC,0xB4,0x68,0x16,0xCC,0xB5,0x68,0x16,0xCC,0xB5,0x69,0x18,0xCC,0xB7,0x69,0x19,0xCC,0xB7,0x6A,0x1A,0xCC,0xB8,0x6A,0x1A,0xCC,
    0xB9,0x6B,0x1B,0xCC,0xBA,0x6B,0x1D,0xCC,0xBC,0x6D,0x1E,0xCC,0xBC,0x6E,0x1F,0xCC,0xBE,0x70,0x22,0xCC,0xBF,0x70,0x24,0xCC,0xC2,0x73,0x25,0xCC,0xC4,0x75,0x28,0xCC,0xC7,0x77,0x2A,0xCC,0xC8,0x79,0x2D,0xCC,0xCC,0x7C,0x31,0xCC,0xD4,0x8F,0x4D,0xCC,0xF1,0xD8,0xC2,0xCC,0xF6,0xE6,0xD8,0xCC,0xF6,0xE0,0xCC,0xC4,0xE6,0xB8,0x8E,0x3D,
    0x00,0x00,0x00,0x00,0x00,0x00,0x00,0x00,0x00,0x00,0x00,0x00,0x00,0x00,0x00,0x00,0x00,0x00,0x00,0x00,0x00,0x00,0x00,0x00,0x00,0x00,0x00,0x00,0x00,0x00,0x00,0x00,0x00,0x00,0x00,0x00,0x00,0x00,0x00,0x00,0x00,0x00,0x00,0x00,0x00,0x00,0x00,0x00,0x00,0x00,0x00,0x00,0x00,0x00,0x00,0x00,0x00,0x00,0x00,0x00,0x00,0x00,0x00,0x00,
    0x00,0x00,0x00,0x00,0x00,0x00,0x00,0x00,0x00,0x00,0x00,0x00,0x00,0x00,0x00,0x00,0x00,0x00,0x00,0x00,0x00,0x00,0x00,0x00,0x00,0x00,0x00,0x00,0x00,0x00,0x00,0x00,0x00,0x00,0x00,0x00,0x00,0x00,0x00,0x00,0x00,0x00,0x00,0x00,0x00,0x00,0x00,0x00,0x00,0x00,0x00,0x00,0x00,0x00,0x00,0x00,0x00,0x00,0x00,0x00,0xE8,0xBB,0x91,0x4F,
    0xF6,0xE2,0xD0,0xC8,0xF6,0xE6,0xD7,0xCC,0xEC,0xCE,0xB2,0xCC,0xD1,0x86,0x40,0xCC,0xCA,0x7B,0x2F,0xCC,0xC8,0x78,0x2D,0xCC,0xC6,0x75,0x29,0xCC,0xC3,0x74,0x27,0xCC,0xC1,0x72,0x24,0xCC,0xBF,0x70,0x23,0xCC,0xBD,0x6F,0x20,0xCC,0xBC,0x6E,0x1F,0xCC,0xBA,0x6D,0x1D,0xCC,0xB9,0x6B,0x1B,0xCC,0xB8,0x6A,0x1A,0xCC,0xB7,0x6A,0x1A,0xCC,
    0xB7,0x69,0x19,0xCC,0xB5,0x69,0x18,0xCC,0xB5,0x68,0x16,0xCC,0xB4,0x68,0x16,0xCC,0xB4,0x66,0x16,0xCC,0xB3,0x66,0x15,0xCC,0xB3,0x66,0x15,0xCC,0xB3,0x66,0x15,0xCC,0xB2,0x66,0x15,0xCC,0xB2,0x66,0x14,0xCC,0xB2,0x66,0x14,0xCC,0xB2,0x66,0x14,0xCC,0xB2,0x66,0x14,0xCC,0xB2,0x66,0x14,0xCC,0xB2,0x65,0x14,0xCC,0xB2,0x65,0x14,0xCC,
    0xB2,0x65,0x14,0xCC,0xB2,0x65,0x14,0xCC,0xB2,0x65,0x14,0xCC,0xB2,0x65,0x14,0xCC,0xB2,0x65,0x14,0xCC,0xB2,0x65,0x14,0xCC,0xB2,0x65,0x14,0xCC,0xB2,0x65,0x14,0xCC,0xB2,0x65,0x14,0xCC,0xB2,0x65,0x14,0xCC,0xB2,0x65,0x14,0xCC,0xB2,0x65,0x14,0xCC,0xB2,0x65,0x14,0xCC,0xB2,0x65,0x14,0xCC,0xB2,0x65,0x14,0xCC,0xB2,0x65,0x14,0xCC,
    0xB2,0x65,0x14,0xCC,0xB2,0x65,0x14,0xCC,0xB2,0x65,0x14,0xCC,0xB2,0x65,0x14,0xCC,0xB2,0x65,0x14,0xCC,0xB2,0x65,0x14,0xCC,0xB2,0x65,0x14,0xCC,0xB2,0x65,0x14,0xCC,0xB2,0x65,0x14,0xCC,0xB2,0x65,0x14,0xCC,0xB2,0x65,0x14,0xCC,0xB2,0x65,0x14,0xCC,0xB2,0x65,0x14,0xCC,0xB2,0x65,0x14,0xCC,0xB2,0x65,0x14,0xCC,0xB2,0x65,0x14,0xCC,
    0xB2,0x65,0x14,0xCC,0xB2,0x65,0x14,0xCC,0xB2,0x65,0x14,0xCC,0xB2,0x65,0x14,0xCC,0xB2,0x65,0x14,0xCC,0xB2,0x65,0x14,0xCC,0xB2,0x65,0x14,0xCC,0xB2,0x65,0x14,0xCC,0xB2,0x65,0x14,0xCC,0xB2,0x65,0x14,0xCC,0xB2,0x65,0x14,0xCC,0xB2,0x65,0x14,0xCC,0xB2,0x65,0x14,0xCC,0xB2,0x65,0x14,0xCC,0xB2,0x65,0x14,0xCC,0xB2,0x65,0x14,0xCC,
    0xB2,0x65,0x14,0xCC,0xB2,0x65,0x14,0xCC,0xB2,0x65,0x14,0xCC,0xB2,0x65,0x14,0xCC,0xB2,0x65,0x14,0xCC,0xB2,0x65,0x14,0xCC,0xB2,0x65,0x14,0xCC,0xB2,0x65,0x14,0xCC,0xB2,0x65,0x14,0xCC,0xB2,0x65,0x14,0xCC,0xB2,0x65,0x14,0xCC,0xB2,0x65,0x14,0xCC,0xB2,0x65,0x14,0xCC,0xB2,0x65,0x14,0xCC,0xB2,0x65,0x14,0xCC,0xB2,0x65,0x14,0xCC,
    0xB2,0x65,0x14,0xCC,0xB2,0x65,0x14,0xCC,0xB2,0x66,0x14,0xCC,0xB2,0x66,0x14,0xCC,0xB2,0x66,0x14,0xCC,0xB2,0x66,0x14,0xCC,0xB2,0x66,0x14,0xCC,0xB2,0x66,0x15,0xCC,0xB3,0x66,0x15,0xCC,0xB3,0x66,0x15,0xCC,0xB3,0x66,0x15,0xCC,0xB4,0x66,0x16,0xCC,0xB4,0x68,0x16,0xCC,0xB5,0x68,0x16,0xCC,0xB5,0x69,0x18,0xCC,0xB7,0x69,0x19,0xCC,
    0xB7,0x6A,0x1A,0xCC,0xB8,0x6A,0x1A,0xCC,0xB9,0x6B,0x1B,0xCC,0xBA,0x6D,0x1D,0xCC,0xBC,0x6E,0x1F,0xCC,0xBD,0x6F,0x20,0xCC,0xBF,0x70,0x23,0xCC,0xC1,0x72,0x24,0xCC,0xC3,0x74,0x27,0xCC,0xC6,0x75,0x29,0xCC,0xC8,0x78,0x2D,0xCC,0xCA,0x7B,0x2F,0xCC,0xD1,0x86,0x40,0xCC,0xEC,0xCE,0xB2,0xCC,0xF6,0xE6,0xD7,0xCC,0xF6,0xE2,0xD0,0xC8,
    0xE8,0xBB,0x91,0x4F,0x00,0x00,0x00,0x00,0x00,0x00,0x00,0x00,0x00,0x00,0x00,0x00,0x00,0x00,0x00,0x00,0x00,0x00,0x00,0x00,0x00,0x00,0x00,0x00,0x00,0x00,0x00,0x00,0x00,0x00,0x00,0x00,0x00,0x00,0x00,0x00,0x00,0x00,0x00,0x00,0x00,0x00,0x00,0x00,0x00,0x00,0x00,0x00,0x00,0x00,0x00,0x00,0x00,0x00,0x00,0x00,0x00,0x00,0x00,0x00,
    0x00,0x00,0x00,0x00,0x00,0x00,0x00,0x00,0x00,0x00,0x00,0x00,0x00,0x00,0x00,0x00,0x00,0x00,0x00,0x00,0x00,0x00,0x00,0x00,0x00,0x00,0x00,0x00,0x00,0x00,0x00,0x00,0x00,0x00,0x00,0x00,0x00,0x00,0x00,0x00,0x00,0x00,0x00,0x00,0x00,0x00,0x00,0x00,0x00,0x00,0x00,0x00,0x00,0x00,0x00,0x00,0xEA,0xBF,0x95,0x57,0xF6,0xE3,0xD3,0xC9,
    0xF6,0xE6,0xD7,0xCC,0xE7,0xC2,0x9E,0xCC,0xCE,0x80,0x37,0xCC,0xCA,0x7B,0x2F,0xCC,0xC7,0x78,0x2C,0xCC,0xC4,0x75,0x29,0xCC,0xC2,0x73,0x27,0xCC,0xC1,0x72,0x24,0xCC,0xBE,0x70,0x22,0xCC,0xBC,0x6E,0x1F,0xCC,0xBC,0x6D,0x1E,0xCC,0xB9,0x6B,0x1D,0xCC,0xB8,0x6B,0x1B,0xCC,0xB7,0x6A,0x1A,0xCC,0xB7,0x69,0x19,0xCC,0xB5,0x69,0x18,0xCC,
    0xB4,0x68,0x16,0xCC,0xB4,0x66,0x16,0xCC,0xB3,0x66,0x16,0xCC,0xB3,0x66,0x15,0xCC,0xB2,0x66,0x14,0xCC,0xB2,0x66,0x15,0xCC,0xB2,0x66,0x14,0xCC,0xB2,0x66,0x14,0xCC,0xB2,0x65,0x14,0xCC,0xB2,0x65,0x14,0xCC,0xB2,0x65,0x14,0xCC,0xB2,0x65,0x14,0xCC,0xB2,0x65,0x14,0xCC,0xB2,0x65,0x14,0xCC,0xB2,0x65,0x13,0xCC,0xB2,0x65,0x13,0xCC,
    0xB2,0x65,0x13,0xCC,0xB2,0x65,0x13,0xCC,0xB2,0x65,0x13,0xCC,0xB2,0x65,0x13,0xCC,0xB2,0x65,0x13,0xCC,0xB2,0x65,0x13,0xCC,0xB2,0x65,0x13,0xCC,0xB2,0x65,0x13,0xCC,0xB2,0x65,0x13,0xCC,0xB2,0x65,0x13,0xCC,0xB2,0x65,0x13,0xCC,0xB2,0x65,0x13,0xCC,0xB2,0x65,0x13,0xCC,0xB2,0x65,0x13,0xCC,0xB2,0x65,0x13,0xCC,0xB2,0x65,0x13,0xCC,
    0xB2,0x65,0x13,0xCC,0xB2,0x65,0x13,0xCC,0xB2,0x65,0x13,0xCC,0xB2,0x65,0x13,0xCC,0xB2,0x65,0x13,0xCC,0xB2,0x65,0x13,0xCC,0xB2,0x65,0x13,0xCC,0xB2,0x65,0x13,0xCC,0xB2,0x65,0x13,0xCC,0xB2,0x65,0x13,0xCC,0xB2,0x65,0x13,0xCC,0xB2,0x65,0x13,0xCC,0xB2,0x65,0x13,0xCC,0xB2,0x65,0x13,0xCC,0xB2,0x65,0x13,0xCC,0xB2,0x65,0x13,0xCC,
    0xB2,0x65,0x13,0xCC,0xB2,0x65,0x13,0xCC,0xB2,0x65,0x13,0xCC,0xB2,0x65,0x13,0xCC,0xB2,0x65,0x13,0xCC,0xB2,0x65,0x13,0xCC,0xB2,0x65,0x13,0xCC,0xB2,0x65,0x13,0xCC,0xB2,0x65,0x13,0xCC,0xB2,0x65,0x13,0xCC,0xB2,0x65,0x13,0xCC,0xB2,0x65,0x13,0xCC,0xB2,0x65,0x13,0xCC,0xB2,0x65,0x13,0xCC,0xB2,0x65,0x13,0xCC,0xB2,0x65,0x13,0xCC,
    0xB2,0x65,0x13,0xCC,0xB2,0x65,0x13,0xCC,0xB2,0x65,0x13,0xCC,0xB2,0x65,0x13,0xCC,0xB2,0x65,0x13,0xCC,0xB2,0x65,0x13,0xCC,0xB2,0x65,0x13,0xCC,0xB2,0x65,0x13,0xCC,0xB2,0x65,0x13,0xCC,0xB2,0x65,0x13,0xCC,0xB2,0x65,0x13,0xCC,0xB2,0x65,0x13,0xCC,0xB2,0x65,0x13,0xCC,0xB2,0x65,0x13,0xCC,0xB2,0x65,0x13,0xCC,0xB2,0x65,0x13,0xCC,
    0xB2,0x65,0x13,0xCC,0xB2,0x65,0x13,0xCC,0xB2,0x65,0x14,0xCC,0xB2,0x65,0x14,0xCC,0xB2,0x65,0x14,0xCC,0xB2,0x65,0x14,0xCC,0xB2,0x65,0x14,0xCC,0xB2,0x65,0x14,0xCC,0xB2,0x66,0x14,0xCC,0xB2,0x66,0x14,0xCC,0xB2,0x66,0x15,0xCC,0xB2,0x66,0x14,0xCC,0xB3,0x66,0x15,0xCC,0xB3,0x66,0x16,0xCC,0xB4,0x66,0x16,0xCC,0xB4,0x68,0x16,0xCC,
    0xB5,0x69,0x18,0xCC,0xB7,0x69,0x19,0xCC,0xB7,0x6A,0x1A,0xCC,0xB8,0x6B,0x1B,0xCC,0xB9,0x6B,0x1D,0xCC,0xBC,0x6D,0x1E,0xCC,0xBC,0x6E,0x1F,0xCC,0xBE,0x70,0x22,0xCC,0xC1,0x72,0x24,0xCC,0xC2,0x73,0x27,0xCC,0xC4,0x75,0x29,0xCC,0xC7,0x78,0x2C,0xCC,0xCA,0x7B,0x2F,0xCC,0xCE,0x80,0x37,0xCC,0xE7,0xC2,0x9E,0xCC,0xF6,0xE6,0xD7,0xCC,
    0xF6,0xE3,0xD3,0xC9,0xEA,0xBF,0x95,0x57,0x00,0x00,0x00,0x00,0x00,0x00,0x00,0x00,0x00,0x00,0x00,0x00,0x00,0x00,0x00,0x00,0x00,0x00,0x00,0x00,0x00,0x00,0x00,0x00,0x00,0x00,0x00,0x00,0x00,0x00,0x00,0x00,0x00,0x00,0x00,0x00,0x00,0x00,0x00,0x00,0x00,0x00,0x00,0x00,0x00,0x00,0x00,0x00,0x00,0x00,0x00,0x00,0x00,0x00,0x00,0x00,
    0x00,0x00,0x00,0x00,0x00,0x00,0x00,0x00,0x00,0x00,0x00,0x00,0x00,0x00,0x00,0x00,0x00,0x00,0x00,0x00,0x00,0x00,0x00,0x00,0x00,0x00,0x00,0x00,0x00,0x00,0x00,0x00,0x00,0x00,0x00,0x00,0x00,0x00,0x00,0x00,0x00,0x00,0x00,0x00,0x00,0x00,0x00,0x00,0x00,0x00,0x00,0x00,0xE8,0xBB,0x91,0x4F,0xF6,0xE3,0xD3,0xC9,0xF6,0xE6,0xD7,0xCC,
    0xE6,0xBC,0x94,0xCC,0xCD,0x7D,0x32,0xCC,0xC9,0x7B,0x2E,0xCC,0xC7,0x77,0x2A,0xCC,0xC4,0x75,0x28,0xCC,0xC2,0x73,0x25,0xCC,0xBF,0x70,0x23,0xCC,0xBD,0x6F,0x20,0xCC,0xBC,0x6E,0x1F,0xCC,0xBA,0x6B,0x1D,0xCC,0xB8,0x6B,0x1B,0xCC,0xB7,0x6A,0x1A,0xCC,0xB7,0x69,0x19,0xCC,0xB5,0x69,0x18,0xCC,0xB5,0x68,0x16,0xCC,0xB4,0x66,0x16,0xCC,
    0xB3,0x66,0x16,0xCC,0xB3,0x66,0x15,0xCC,0xB2,0x66,0x15,0xCC,0xB2,0x66,0x14,0xCC,0xB2,0x66,0x14,0xCC,0xB2,0x65,0x14,0xCC,0xB2,0x65,0x14,0xCC,0xB2,0x65,0x14,0xCC,0xB2,0x65,0x14,0xCC,0xB2,0x65,0x14,0xCC,0xB2,0x65,0x13,0xCC,0xB2,0x65,0x13,0xCC,0xB2,0x65,0x13,0xCC,0xB2,0x64,0x13,0xCC,0xB2,0x64,0x13,0xCC,0xB2,0x64,0x13,0xCC,
    0xB2,0x64,0x13,0xCC,0xB2,0x64,0x13,0xCC,0xB2,0x64,0x13,0xCC,0xB2,0x64,0x13,0xCC,0xB2,0x64,0x13,0xCC,0xB2,0x64,0x13,0xCC,0xB2,0x64,0x13,0xCC,0xB2,0x64,0x13,0xCC,0xB2,0x64,0x13,0xCC,0xB2,0x64,0x13,0xCC,0xB2,0x64,0x13,0xCC,0xB2,0x64,0x13,0xCC,0xB2,0x64,0x13,0xCC,0xB2,0x64,0x13,0xCC,0xB2,0x64,0x13,0xCC,0xB2,0x64,0x13,0xCC,
    0xB2,0x64,0x13,0xCC,0xB2,0x64,0x13,0xCC,0xB2,0x64,0x13,0xCC,0xB2,0x64,0x13,0xCC,0xB2,0x64,0x13,0xCC,0xB2,0x64,0x13,0xCC,0xB2,0x64,0x13,0xCC,0xB2,0x64,0x13,0xCC,0xB2,0x64,0x13,0xCC,0xB2,0x64,0x13,0xCC,0xB2,0x64,0x13,0xCC,0xB2,0x64,0x13,0xCC,0xB2,0x64,0x13,0xCC,0xB2,0x64,0x13,0xCC,0xB2,0x64,0x13,0xCC,0xB2,0x64,0x13,0xCC,
    0xB2,0x64,0x13,0xCC,0xB2,0x64,0x13,0xCC,0xB2,0x64,0x13,0xCC,0xB2,0x64,0x13,0xCC,0xB2,0x64,0x13,0xCC,0xB2,0x64,0x13,0xCC,0xB2,0x64,0x13,0xCC,0xB2,0x64,0x13,0xCC,0xB2,0x64,0x13,0xCC,0xB2,0x64,0x13,0xCC,0xB2,0x64,0x13,0xCC,0xB2,0x64,0x13,0xCC,0xB2,0x64,0x13,0xCC,0xB2,0x64,0x13,0xCC,0xB2,0x64,0x13,0xCC,0xB2,0x64,0x13,0xCC,
    0xB2,0x64,0x13,0xCC,0xB2,0x64,0x13,0xCC,0xB2,0x64,0x13,0xCC,0xB2,0x64,0x13,0xCC,0xB2,0x64,0x13,0xCC,0xB2,0x64,0x13,0xCC,0xB2,0x64,0x13,0xCC,0xB2,0x64,0x13,0xCC,0xB2,0x64,0x13,0xCC,0xB2,0x64,0x13,0xCC,0xB2,0x64,0x13,0xCC,0xB2,0x64,0x13,0xCC,0xB2,0x64,0x13,0xCC,0xB2,0x64,0x13,0xCC,0xB2,0x64,0x13,0xCC,0xB2,0x64,0x13,0xCC,
    0xB2,0x64,0x13,0xCC,0xB2,0x64,0x13,0xCC,0xB2,0x64,0x13,0xCC,0xB2,0x65,0x13,0xCC,0xB2,0x65,0x13,0xCC,0xB2,0x65,0x13,0xCC,0xB2,0x65,0x14,0xCC,0xB2,0x65,0x14,0xCC,0xB2,0x65,0x14,0xCC,0xB2,0x65,0x14,0xCC,0xB2,0x65,0x14,0xCC,0xB2,0x66,0x14,0xCC,0xB2,0x66,0x14,0xCC,0xB2,0x66,0x15,0xCC,0xB3,0x66,0x15,0xCC,0xB3,0x66,0x16,0xCC,
    0xB4,0x66,0x16,0xCC,0xB5,0x68,0x16,0xCC,0xB5,0x69,0x18,0xCC,0xB7,0x69,0x19,0xCC,0xB7,0x6A,0x1A,0xCC,0xB8,0x6B,0x1B,0xCC,0xBA,0x6B,0x1D,0xCC,0xBC,0x6E,0x1F,0xCC,0xBD,0x6F,0x20,0xCC,0xBF,0x70,0x23,0xCC,0xC2,0x73,0x25,0xCC,0xC4,0x75,0x28,0xCC,0xC7,0x77,0x2A,0xCC,0xC9,0x7B,0x2E,0xCC,0xCD,0x7D,0x32,0xCC,0xE6,0xBC,0x94,0xCC,
    0xF6,0xE6,0xD7,0xCC,0xF6,0xE3,0xD3,0xC9,0xE8,0xBB,0x91,0x4F,0x00,0x00,0x00,0x00,0x00,0x00,0x00,0x00,0x00,0x00,0x00,0x00,0x00,0x00,0x00,0x00,0x00,0x00,0x00,0x00,0x00,0x00,0x00,0x00,0x00,0x00,0x00,0x00,0x00,0x00,0x00,0x00,0x00,0x00,0x00,0x00,0x00,0x00,0x00,0x00,0x00,0x00,0x00,0x00,0x00,0x00,0x00,0x00,0x00,0x00,0x00,0x00,
    0x00,0x00,0x00,0x00,0x00,0x00,0x00,0x00,0x00,0x00,0x00,0x00,0x00,0x00,0x00,0x00,0x00,0x00,0x00,0x00,0x00,0x00,0x00,0x00,0x00,0x00,0x00,0x00,0x00,0x00,0x00,0x00,0x00,0x00,0x00,0x00,0x00,0x00,0x00,0x00,0x00,0x00,0x00,0x00,0x00,0x00,0x00,0x00,0xE6,0xB8,0x8E,0x3D,0xF6,0xE2,0xD0,0xC8,0xF6,0xE6,0xD7,0xCC,0xE6,0xBC,0x94,0xCC,
    0xCD,0x7D,0x32,0xCC,0xC9,0x7B,0x2E,0xCC,0xC7,0x77,0x2A,0xCC,0xC4,0x75,0x28,0xCC,0xC1,0x73,0x25,0xCC,0xBF,0x70,0x23,0xCC,0xBD,0x6F,0x20,0xCC,0xBC,0x6E,0x1E,0xCC,0xBA,0x6B,0x1D,0xCC,0xB8,0x6B,0x1B,0xCC,0xB7,0x6A,0x19,0xCC,0xB7,0x69,0x19,0xCC,0xB5,0x68,0x16,0xCC,0xB4,0x68,0x16,0xCC,0xB3,0x66,0x16,0xCC,0xB3,0x66,0x15,0xCC,
    0xB2,0x66,0x14,0xCC,0xB2,0x66,0x14,0xCC,0xB2,0x66,0x14,0xCC,0xB2,0x65,0x14,0xCC,0xB2,0x65,0x14,0xCC,0xB2,0x65,0x14,0xCC,0xB2,0x65,0x13,0xCC,0xB2,0x65,0x13,0xCC,0xB2,0x65,0x13,0xCC,0xB2,0x64,0x13,0xCC,0xB2,0x64,0x13,0xCC,0xB2,0x64,0x13,0xCC,0xB2,0x64,0x13,0xCC,0xB0,0x64,0x11,0xCC,0xB0,0x64,0x11,0xCC,0xB0,0x64,0x11,0xCC,
    0xB0,0x64,0x11,0xCC,0xB0,0x64,0x11,0xCC,0xB0,0x64,0x11,0xCC,0xB0,0x64,0x11,0xCC,0xB0,0x64,0x11,0xCC,0xB0,0x64,0x11,0xCC,0xB0,0x64,0x11,0xCC,0xB0,0x64,0x11,0xCC,0xB0,0x64,0x11,0xCC,0xB0,0x64,0x11,0xCC,0xB0,0x64,0x11,0xCC,0xB0,0x64,0x11,0xCC,0xB0,0x64,0x11,0xCC,0xB0,0x64,0x11,0xCC,0xB0,0x64,0x11,0xCC,0xB0,0x64,0x11,0xCC,
    0xB0,0x64,0x11,0xCC,0xB0,0x64,0x11,0xCC,0xB0,0x64,0x11,0xCC,0xB0,0x64,0x11,0xCC,0xB0,0x64,0x11,0xCC,0xB0,0x64,0x11,0xCC,0xB0,0x64,0x11,0xCC,0xB0,0x64,0x11,0xCC,0xB0,0x64,0x11,0xCC,0xB0,0x64,0x11,0xCC,0xB0,0x64,0x11,0xCC,0xB0,0x64,0x11,0xCC,0xB0,0x64,0x11,0xCC,0xB0,0x64,0x11,0xCC,0xB0,0x64,0x11,0xCC,0xB0,0x64,0x11,0xCC,
    0xB0,0x64,0x11,0xCC,0xB0,0x64,0x11,0xCC,0xB0,0x64,0x11,0xCC,0xB0,0x64,0x11,0xCC,0xB0,0x64,0x11,0xCC,0xB0,0x64,0x11,0xCC,0xB0,0x64,0x11,0xCC,0xB0,0x64,0x11,0xCC,0xB0,0x64,0x11,0xCC,0xB0,0x64,0x11,0xCC,0xB0,0x64,0x11,0xCC,0xB0,0x64,0x11,0xCC,0xB0,0x64,0x11,0xCC,0xB0,0x64,0x11,0xCC,0xB0,0x64,0x11,0xCC,0xB0,0x64,0x11,0xCC,
    0xB0,0x64,0x11,0xCC,0xB0,0x64,0x11,0xCC,0xB0,0x64,0x11,0xCC,0xB0,0x64,0x11,0xCC,0xB0,0x64,0x11,0xCC,0xB0,0x64,0x11,0xCC,0xB0,0x64,0x11,0xCC,0xB0,0x64,0x11,0xCC,0xB0,0x64,0x11,0xCC,0xB0,0x64,0x11,0xCC,0xB0,0x64,0x11,0xCC,0xB0,0x64,0x11,0xCC,0xB0,0x64,0x11,0xCC,0xB0,0x64,0x11,0xCC,0xB0,0x64,0x11,0xCC,0xB0,0x64,0x11,0xCC,
    0xB0,0x64,0x11,0xCC,0xB0,0x64,0x11,0xCC,0xB0,0x64,0x11,0xCC,0xB2,0x64,0x13,0xCC,0xB2,0x64,0x13,0xCC,0xB2,0x64,0x13,0xCC,0xB2,0x64,0x13,0xCC,0xB2,0x65,0x13,0xCC,0xB2,0x65,0x13,0xCC,0xB2,0x65,0x13,0xCC,0xB2,0x65,0x14,0xCC,0xB2,0x65,0x14,0xCC,0xB2,0x65,0x14,0xCC,0xB2,0x66,0x14,0xCC,0xB2,0x66,0x14,0xCC,0xB2,0x66,0x14,0xCC,
    0xB3,0x66,0x15,0xCC,0xB3,0x66,0x16,0xCC,0xB4,0x68,0x16,0xCC,0xB5,0x68,0x16,0xCC,0xB7,0x69,0x19,0xCC,0xB7,0x6A,0x19,0xCC,0xB8,0x6B,0x1B,0xCC,0xBA,0x6B,0x1D,0xCC,0xBC,0x6E,0x1E,0xCC,0xBD,0x6F,0x20,0xCC,0xBF,0x70,0x23,0xCC,0xC1,0x73,0x25,0xCC,0xC4,0x75,0x28,0xCC,0xC7,0x77,0x2A,0xCC,0xC9,0x7B,0x2E,0xCC,0xCD,0x7D,0x32,0xCC,
    0xE6,0xBC,0x94,0xCC,0xF6,0xE6,0xD7,0xCC,0xF6,0xE2,0xD0,0xC8,0xE6,0xB8,0x8E,0x3D,0x00,0x00,0x00,0x00,0x00,0x00,0x00,0x00,0x00,0x00,0x00,0x00,0x00,0x00,0x00,0x00,0x00,0x00,0x00,0x00,0x00,0x00,0x00,0x00,0x00,0x00,0x00,0x00,0x00,0x00,0x00,0x00,0x00,0x00,0x00,0x00,0x00,0x00,0x00,0x00,0x00,0x00,0x00,0x00,0x00,0x00,0x00,0x00,
    0x00,0x00,0x00,0x00,0x00,0x00,0x00,0x00,0x00,0x00,0x00,0x00,0x00,0x00,0x00,0x00,0x00,0x00,0x00,0x00,0x00,0x00,0x00,0x00,0x00,0x00,0x00,0x00,0x00,0x00,0x00,0x00,0x00,0x00,0x00,0x00,0x00,0x00,0x00,0x00,0x00,0x00,0x00,0x00,0xEC,0xBF,0x93,0x28,0xF6,0xE0,0xCE,0xC4,0xF6,0xE6,0xD8,0xCC,0xE7,0xC2,0x9E,0xCC,0xCD,0x7D,0x32,0xCC,
    0xC9,0x7B,0x2E,0xCC,0xC6,0x77,0x2A,0xCC,0xC4,0x75,0x28,0xCC,0xC1,0x72,0x25,0xCC,0xBF,0x70,0x22,0xCC,0xBD,0x6F,0x1F,0xCC,0xBC,0x6D,0x1E,0xCC,0xB9,0x6B,0x1B,0xCC,0xB8,0x6A,0x1A,0xCC,0xB7,0x6A,0x1A,0xCC,0xB5,0x69,0x18,0xCC,0xB4,0x68,0x16,0xCC,0xB4,0x66,0x16,0xCC,0xB3,0x66,0x15,0xCC,0xB3,0x66,0x15,0xCC,0xB2,0x66,0x14,0xCC,
    0xB2,0x66,0x14,0xCC,0xB2,0x65,0x14,0xCC,0xB2,0x65,0x14,0xCC,0xB2,0x65,0x14,0xCC,0xB2,0x65,0x13,0xCC,0xB2,0x65,0x13,0xCC,0xB2,0x64,0x13,0xCC,0xB2,0x64,0x13,0xCC,0xB2,0x64,0x13,0xCC,0xB0,0x65,0x11,0xCC,0xB0,0x65,0x11,0xCC,0xB0,0x65,0x11,0xCC,0xB0,0x65,0x11,0xCC,0xB0,0x65,0x11,0xCC,0xB0,0x65,0x11,0xCC,0xB0,0x65,0x11,0xCC,
    0xB0,0x65,0x11,0xCC,0xB0,0x65,0x11,0xCC,0xB0,0x65,0x11,0xCC,0xB0,0x65,0x11,0xCC,0xB0,0x65,0x11,0xCC,0xB0,0x65,0x11,0xCC,0xB0,0x65,0x11,0xCC,0xB0,0x65,0x11,0xCC,0xB0,0x65,0x11,0xCC,0xB0,0x65,0x11,0xCC,0xB0,0x65,0x11,0xCC,0xB0,0x65,0x11,0xCC,0xB0,0x65,0x11,0xCC,0xB0,0x65,0x11,0xCC,0xB0,0x65,0x11,0xCC,0xB0,0x65,0x11,0xCC,
    0xB0,0x65,0x11,0xCC,0xB0,0x65,0x11,0xCC,0xB0,0x65,0x11,0xCC,0xB0,0x65,0x11,0xCC,0xB0,0x65,0x11,0xCC,0xB0,0x65,0x11,0xCC,0xB0,0x65,0x11,0xCC,0xB0,0x65,0x11,0xCC,0xB0,0x65,0x11,0xCC,0xB0,0x65,0x11,0xCC,0xB0,0x65,0x11,0xCC,0xB0,0x65,0x11,0xCC,0xB0,0x65,0x11,0xCC,0xB0,0x65,0x11,0xCC,0xB0,0x65,0x11,0xCC,0xB0,0x65,0x11,0xCC,
    0xB0,0x65,0x11,0xCC,0xB0,0x65,0x11,0xCC,0xB0,0x65,0x11,0xCC,0xB0,0x65,0x11,0xCC,0xB0,0x65,0x11,0xCC,0xB0,0x65,0x11,0xCC,0xB0,0x65,0x11,0xCC,0xB0,0x65,0x11,0xCC,0xB0,0x65,0x11,0xCC,0xB0,0x65,0x11,0xCC,0xB0,0x65,0x11,0xCC,0xB0,0x65,0x11,0xCC,0xB0,0x65,0x11,0xCC,0xB0,0x65,0x11,0xCC,0xB0,0x65,0x11,0xCC,0xB0,0x65,0x11,0xCC,
    0xB0,0x65,0x11,0xCC,0xB0,0x65,0x11,0xCC,0xB0,0x65,0x11,0xCC,0xB0,0x65,0x11,0xCC,0xB0,0x65,0x11,0xCC,0xB0,0x65,0x11,0xCC,0xB0,0x65,0x11,0xCC,0xB0,0x65,0x11,0xCC,0xB0,0x65,0x11,0xCC,0xB0,0x65,0x11,0xCC,0xB0,0x65,0x11,0xCC,0xB0,0x65,0x11,0xCC,0xB0,0x65,0x11,0xCC,0xB0,0x65,0x11,0xCC,0xB0,0x65,0x11,0xCC,0xB0,0x65,0x11,0xCC,
    0xB0,0x65,0x11,0xCC,0xB0,0x65,0x11,0xCC,0xB0,0x65,0x11,0xCC,0xB0,0x65,0x11,0xCC,0xB0,0x65,0x11,0xCC,0xB0,0x65,0x11,0xCC,0xB0,0x65,0x11,0xCC,0xB2,0x64,0x13,0xCC,0xB2,0x64,0x13,0xCC,0xB2,0x64,0x13,0xCC,0xB2,0x65,0x13,0xCC,0xB2,0x65,0x13,0xCC,0xB2,0x65,0x14,0xCC,0xB2,0x65,0x14,0xCC,0xB2,0x65,0x14,0xCC,0xB2,0x66,0x14,0xCC,
    0xB2,0x66,0x14,0xCC,0xB3,0x66,0x15,0xCC,0xB3,0x66,0x15,0xCC,0xB4,0x66,0x16,0xCC,0xB4,0x68,0x16,0xCC,0xB5,0x69,0x18,0xCC,0xB7,0x6A,0x1A,0xCC,0xB8,0x6A,0x1A,0xCC,0xB9,0x6B,0x1B,0xCC,0xBC,0x6D,0x1E,0xCC,0xBD,0x6F,0x1F,0xCC,0xBF,0x70,0x22,0xCC,0xC1,0x72,0x25,0xCC,0xC4,0x75,0x28,0xCC,0xC6,0x77,0x2A,0xCC,0xC9,0x7B,0x2E,0xCC,
    0xCD,0x7D,0x32,0xCC,0xE7,0xC2,0x9E,0xCC,0xF6,0xE6,0xD8,0xCC,0xF6,0xE0,0xCE,0xC4,0xEC,0xBF,0x93,0x28,0x00,0x00,0x00,0x00,0x00,0x00,0x00,0x00,0x00,0x00,0x00,0x00,0x00,0x00,0x00,0x00,0x00,0x00,0x00,0x00,0x00,0x00,0x00,0x00,0x00,0x00,0x00,0x00,0x00,0x00,0x00,0x00,0x00,0x00,0x00,0x00,0x00,0x00,0x00,0x00,0x00,0x00,0x00,0x00,
    0x00,0x00,0x00,0x00,0x00,0x00,0x00,0x00,0x00,0x00,0x00,0x00,0x00,0x00,0x00,0x00,0x00,0x00,0x00,0x00,0x00,0x00,0x00,0x00,0x00,0x00,0x00,0x00,0x00,0x00,0x00,0x00,0x00,0x00,0x00,0x00,0x00,0x00,0x00,0x00,0xE0,0xA3,0x70,0x19,0xF5,0xDD,0xC9,0xB9,0xF6,0xE6,0xD8,0xCC,0xEC,0xCE,0xB2,0xCC,0xCE,0x80,0x37,0xCC,0xC9,0x7B,0x2E,0xCC,
    0xC6,0x77,0x2A,0xCC,0xC4,0x75,0x28,0xCC,0xC1,0x72,0x25,0xCC,0xBF,0x70,0x22,0xCC,0xBC,0x6E,0x1F,0xCC,0xBC,0x6D,0x1E,0xCC,0xB9,0x6B,0x1B,0xCC,0xB7,0x6A,0x1A,0xCC,0xB7,0x69,0x19,0xCC,0xB5,0x68,0x18,0xCC,0xB4,0x68,0x16,0xCC,0xB3,0x66,0x16,0xCC,0xB3,0x66,0x15,0xCC,0xB2,0x66,0x14,0xCC,0xB2,0x66,0x14,0xCC,0xB2,0x65,0x14,0xCC,
    0xB2,0x65,0x14,0xCC,0xB2,0x65,0x13,0xCC,0xB2,0x65,0x13,0xCC,0xB2,0x65,0x13,0xCC,0xB2,0x64,0x13,0xCC,0xB0,0x64,0x11,0xCC,0xB0,0x65,0x11,0xCC,0xB0,0x65,0x11,0xCC,0xB0,0x65,0x11,0xCC,0xB0,0x65,0x11,0xCC,0xB0,0x65,0x11,0xCC,0xB0,0x64,0x11,0xCC,0xB0,0x64,0x11,0xCC,0xB0,0x64,0x11,0xCC,0xB0,0x64,0x11,0xCC,0xB0,0x64,0x11,0xCC,
    0xB0,0x64,0x11,0xCC,0xB0,0x64,0x11,0xCC,0xB0,0x64,0x11,0xCC,0xB0,0x64,0x11,0xCC,0xB0,0x64,0x11,0xCC,0xB0,0x64,0x11,0xCC,0xB0,0x64,0x11,0xCC,0xB0,0x64,0x11,0xCC,0xB0,0x64,0x11,0xCC,0xB0,0x64,0x11,0xCC,0xB0,0x64,0x11,0xCC,0xB0,0x64,0x11,0xCC,0xB0,0x64,0x11,0xCC,0xB0,0x64,0x11,0xCC,0xB0,0x64,0x11,0xCC,0xB0,0x64,0x11,0xCC,
    0xB0,0x64,0x11,0xCC,0xB0,0x64,0x11,0xCC,0xB0,0x64,0x11,0xCC,0xB0,0x64,0x11,0xCC,0xB0,0x64,0x11,0xCC,0xB0,0x64,0x11,0xCC,0xB0,0x64,0x11,0xCC,0xB0,0x64,0x11,0xCC,0xB0,0x64,0x11,0xCC,0xB0,0x64,0x11,0xCC,0xB0,0x64,0x11,0xCC,0xB0,0x64,0x11,0xCC,0xB0,0x64,0x11,0xCC,0xB0,0x64,0x11,0xCC,0xB0,0x64,0x11,0xCC,0xB0,0x64,0x11,0xCC,
    0xB0,0x64,0x11,0xCC,0xB0,0x64,0x11,0xCC,0xB0,0x64,0x11,0xCC,0xB0,0x64,0x11,0xCC,0xB0,0x64,0x11,0xCC,0xB0,0x64,0x11,0xCC,0xB0,0x64,0x11,0xCC,0xB0,0x64,0x11,0xCC,0xB0,0x64,0x11,0xCC,0xB0,0x64,0x11,0xCC,0xB0,0x64,0x11,0xCC,0xB0,0x64,0x11,0xCC,0xB0,0x64,0x11,0xCC,0xB0,0x64,0x11,0xCC,0xB0,0x64,0x11,0xCC,0xB0,0x64,0x11,0xCC,
    0xB0,0x64,0x11,0xCC,0xB0,0x64,0x11,0xCC,0xB0,0x64,0x11,0xCC,0xB0,0x64,0x11,0xCC,0xB0,0x64,0x11,0xCC,0xB0,0x64,0x11,0xCC,0xB0,0x64,0x11,0xCC,0xB0,0x64,0x11,0xCC,0xB0,0x64,0x11,0xCC,0xB0,0x64,0x11,0xCC,0xB0,0x64,0x11,0xCC,0xB0,0x64,0x11,0xCC,0xB0,0x64,0x11,0xCC,0xB0,0x64,0x11,0xCC,0xB0,0x64,0x11,0xCC,0xB0,0x64,0x11,0xCC,
    0xB0,0x64,0x11,0xCC,0xB0,0x64,0x11,0xCC,0xB0,0x64,0x11,0xCC,0xB0,0x64,0x11,0xCC,0xB0,0x64,0x11,0xCC,0xB0,0x65,0x11,0xCC,0xB0,0x65,0x11,0xCC,0xB0,0x65,0x11,0xCC,0xB0,0x65,0x11,0xCC,0xB0,0x65,0x11,0xCC,0xB0,0x64,0x11,0xCC,0xB2,0x64,0x13,0xCC,0xB2,0x65,0x13,0xCC,0xB2,0x65,0x13,0xCC,0xB2,0x65,0x13,0xCC,0xB2,0x65,0x14,0xCC,
    0xB2,0x65,0x14,0xCC,0xB2,0x66,0x14,0xCC,0xB2,0x66,0x14,0xCC,0xB3,0x66,0x15,0xCC,0xB3,0x66,0x16,0xCC,0xB4,0x68,0x16,0xCC,0xB5,0x68,0x18,0xCC,0xB7,0x69,0x19,0xCC,0xB7,0x6A,0x1A,0xCC,0xB9,0x6B,0x1B,0xCC,0xBC,0x6D,0x1E,0xCC,0xBC,0x6E,0x1F,0xCC,0xBF,0x70,0x22,0xCC,0xC1,0x72,0x25,0xCC,0xC4,0x75,0x28,0xCC,0xC6,0x77,0x2A,0xCC,
    0xC9,0x7B,0x2E,0xCC,0xCE,0x80,0x37,0xCC,0xEC,0xCE,0xB2,0xCC,0xF6,0xE6,0xD8,0xCC,0xF5,0xDD,0xC9,0xB9,0xE0,0xA3,0x70,0x19,0x00,0x00,0x00,0x00,0x00,0x00,0x00,0x00,0x00,0x00,0x00,0x00,0x00,0x00,0x00,0x00,0x00,0x00,0x00,0x00,0x00,0x00,0x00,0x00,0x00,0x00,0x00,0x00,0x00,0x00,0x00,0x00,0x00,0x00,0x00,0x00,0x00,0x00,0x00,0x00,
    0x00,0x00,0x00,0x00,0x00,0x00,0x00,0x00,0x00,0x00,0x00,0x00,0x00,0x00,0x00,0x00,0x00,0x00,0x00,0x00,0x00,0x00,0x00,0x00,0x00,0x00,0x00,0x00,0x00,0x00,0x00,0x00,0x00,0x00,0x00,0x00,0xFF,0x00,0x00,0x01,0xF0,0xD4,0xB8,0x9A,0xF8,0xE6,0xD8,0xCC,0xF1,0xD8,0xC2,0xCC,0xD1,0x86,0x40,0xCC,0xCA,0x7B,0x2F,0xCC,0xC7,0x77,0x2A,0xCC,
    0xC4,0x75,0x28,0xCC,0xC1,0x72,0x25,0xCC,0xBF,0x70,0x22,0xCC,0xBC,0x6E,0x1F,0xCC,0xBC,0x6D,0x1E,0xCC,0xB9,0x6B,0x1B,0xCC,0xB7,0x6A,0x1A,0xCC,0xB7,0x69,0x19,0xCC,0xB5,0x68,0x18,0xCC,0xB4,0x68,0x16,0xCC,0xB3,0x66,0x15,0xCC,0xB3,0x66,0x15,0xCC,0xB2,0x66,0x14,0xCC,0xB2,0x66,0x14,0xCC,0xB2,0x65,0x14,0xCC,0xB2,0x65,0x14,0xCC,
    0xB2,0x65,0x13,0xCC,0xB2,0x64,0x13,0xCC,0xB2,0x64,0x13,0xCC,0xB2,0x64,0x13,0xCC,0xB0,0x65,0x11,0xCC,0xB0,0x65,0x11,0xCC,0xB0,0x65,0x11,0xCC,0xB0,0x64,0x11,0xCC,0xB0,0x64,0x11,0xCC,0xB0,0x64,0x11,0xCC,0xB0,0x64,0x11,0xCC,0xB0,0x64,0x11,0xCC,0xB0,0x64,0x11,0xCC,0xB0,0x64,0x11,0xCC,0xB0,0x64,0x11,0xCC,0xB0,0x64,0x11,0xCC,
    0xB0,0x64,0x11,0xCC,0xB0,0x64,0x11,0xCC,0xB0,0x64,0x11,0xCC,0xB0,0x64,0x11,0xCC,0xB0,0x64,0x11,0xCC,0xB0,0x64,0x11,0xCC,0xB0,0x64,0x11,0xCC,0xB0,0x64,0x11,0xCC,0xB0,0x64,0x11,0xCC,0xB0,0x64,0x11,0xCC,0xB0,0x64,0x11,0xCC,0xB0,0x64,0x11,0xCC,0xB0,0x64,0x11,0xCC,0xB0,0x64,0x11,0xCC,0xB0,0x64,0x11,0xCC,0xB0,0x64,0x11,0xCC,
    0xB0,0x64,0x11,0xCC,0xB0,0x64,0x11,0xCC,0xB0,0x64,0x11,0xCC,0xB0,0x64,0x11,0xCC,0xB0,0x64,0x11,0xCC,0xB0,0x64,0x11,0xCC,0xB0,0x64,0x11,0xCC,0xB0,0x64,0x11,0xCC,0xB0,0x64,0x11,0xCC,0xB0,0x64,0x11,0xCC,0xB0,0x64,0x11,0xCC,0xB0,0x64,0x11,0xCC,0xB0,0x64,0x11,0xCC,0xB0,0x64,0x11,0xCC,0xB0,0x64,0x11,0xCC,0xB0,0x64,0x11,0xCC,
    0xB0,0x64,0x11,0xCC,0xB0,0x64,0x11,0xCC,0xB0,0x64,0x11,0xCC,0xB0,0x64,0x11,0xCC,0xB0,0x64,0x11,0xCC,0xB0,0x64,0x11,0xCC,0xB0,0x64,0x11,0xCC,0xB0,0x64,0x11,0xCC,0xB0,0x64,0x11,0xCC,0xB0,0x64,0x11,0xCC,0xB0,0x64,0x11,0xCC,0xB0,0x64,0x11,0xCC,0xB0,0x64,0x11,0xCC,0xB0,0x64,0x11,0xCC,0xB0,0x64,0x11,0xCC,0xB0,0x64,0x11,0xCC,
    0xB0,0x64,0x11,0xCC,0xB0,0x64,0x11,0xCC,0xB0,0x64,0x11,0xCC,0xB0,0x64,0x11,0xCC,0xB0,0x64,0x11,0xCC,0xB0,0x64,0x11,0xCC,0xB0,0x64,0x11,0xCC,0xB0,0x64,0x11,0xCC,0xB0,0x64,0x11,0xCC,0xB0,0x64,0x11,0xCC,0xB0,0x64,0x11,0xCC,0xB0,0x64,0x11,0xCC,0xB0,0x64,0x11,0xCC,0xB0,0x64,0x11,0xCC,0xB0,0x64,0x11,0xCC,0xB0,0x64,0x11,0xCC,
    0xB0,0x64,0x11,0xCC,0xB0,0x64,0x11,0xCC,0xB0,0x64,0x11,0xCC,0xB0,0x64,0x11,0xCC,0xB0,0x64,0x11,0xCC,0xB0,0x64,0x11,0xCC,0xB0,0x64,0x11,0xCC,0xB0,0x64,0x11,0xCC,0xB0,0x64,0x11,0xCC,0xB0,0x65,0x11,0xCC,0xB0,0x65,0x11,0xCC,0xB0,0x65,0x11,0xCC,0xB2,0x64,0x13,0xCC,0xB2,0x64,0x13,0xCC,0xB2,0x64,0x13,0xCC,0xB2,0x65,0x13,0xCC,
    0xB2,0x65,0x14,0xCC,0xB2,0x65,0x14,0xCC,0xB2,0x66,0x14,0xCC,0xB2,0x66,0x14,0xCC,0xB3,0x66,0x15,0xCC,0xB3,0x66,0x15,0xCC,0xB4,0x68,0x16,0xCC,0xB5,0x68,0x18,0xCC,0xB7,0x69,0x19,0xCC,0xB7,0x6A,0x1A,0xCC,0xB9,0x6B,0x1B,0xCC,0xBC,0x6D,0x1E,0xCC,0xBC,0x6E,0x1F,0xCC,0xBF,0x70,0x22,0xCC,0xC1,0x72,0x25,0xCC,0xC4,0x75,0x28,0xCC,
    0xC7,0x77,0x2A,0xCC,0xCA,0x7B,0x2F,0xCC,0xD1,0x86,0x40,0xCC,0xF1,0xD8,0xC2,0xCC,0xF8,0xE6,0xD8,0xCC,0xF0,0xD4,0xB8,0x9A,0xFF,0x00,0x00,0x01,0x00,0x00,0x00,0x00,0x00,0x00,0x00,0x00,0x00,0x00,0x00,0x00,0x00,0x00,0x00,0x00,0x00,0x00,0x00,0x00,0x00,0x00,0x00,0x00,0x00,0x00,0x00,0x00,0x00,0x00,0x00,0x00,0x00,0x00,0x00,0x00,
    0x00,0x00,0x00,0x00,0x00,0x00,0x00,0x00,0x00,0x00,0x00,0x00,0x00,0x00,0x00,0x00,0x00,0x00,0x00,0x00,0x00,0x00,0x00,0x00,0x00,0x00,0x00,0x00,0x00,0x00,0x00,0x00,0x00,0x00,0x00,0x00,0xEF,0xCC,0xAA,0x72,0xF8,0xE7,0xD8,0xCC,0xF4,0xE1,0xCF,0xCC,0xD4,0x8F,0x4D,0xCC,0xCA,0x7B,0x2F,0xCC,0xC7,0x78,0x2C,0xCC,0xC4,0x75,0x28,0xCC,
    0xC1,0x73,0x25,0xCC,0xBF,0x70,0x22,0xCC,0xBC,0x6E,0x1F,0xCC,0xBC,0x6D,0x1E,0xCC,0xB9,0x6B,0x1B,0xCC,0xB7,0x69,0x19,0xCC,0xB7,0x69,0x18,0xCC,0xB5,0x68,0x16,0xCC,0xB4,0x66,0x16,0xCC,0xB3,0x66,0x15,0xCC,0xB2,0x66,0x14,0xCC,0xB2,0x66,0x14,0xCC,0xB2,0x65,0x14,0xCC,0xB2,0x65,0x14,0xCC,0xB2,0x65,0x13,0xCC,0xB2,0x65,0x13,0xCC,
    0xB2,0x64,0x13,0xCC,0xB2,0x64,0x13,0xCC,0xB0,0x65,0x11,0xCC,0xB0,0x65,0x11,0xCC,0xB0,0x65,0x11,0xCC,0xB0,0x65,0x11,0xCC,0xB0,0x64,0x11,0xCC,0xB0,0x64,0x11,0xCC,0xB0,0x64,0x11,0xCC,0xB0,0x64,0x11,0xCC,0xB0,0x64,0x11,0xCC,0xB0,0x64,0x11,0xCC,0xB0,0x64,0x11,0xCC,0xB0,0x64,0x11,0xCC,0xB0,0x64,0x11,0xCC,0xB0,0x64,0x11,0xCC,
    0xB0,0x64,0x11,0xCC,0xB0,0x64,0x11,0xCC,0xB0,0x64,0x11,0xCC,0xB0,0x64,0x11,0xCC,0xB0,0x64,0x11,0xCC,0xB0,0x64,0x11,0xCC,0xB0,0x64,0x11,0xCC,0xB0,0x64,0x11,0xCC,0xB0,0x64,0x11,0xCC,0xB0,0x64,0x11,0xCC,0xB0,0x64,0x11,0xCC,0xB0,0x64,0x11,0xCC,0xB0,0x64,0x11,0xCC,0xB0,0x64,0x11,0xCC,0xB0,0x64,0x11,0xCC,0xB0,0x64,0x11,0xCC,
    0xB0,0x64,0x11,0xCC,0xB0,0x64,0x11,0xCC,0xB0,0x64,0x11,0xCC,0xB0,0x64,0x11,0xCC,0xB0,0x64,0x11,0xCC,0xB0,0x64,0x11,0xCC,0xB0,0x64,0x11,0xCC,0xB0,0x64,0x11,0xCC,0xB0,0x64,0x11,0xCC,0xB0,0x64,0x11,0xCC,0xB0,0x64,0x11,0xCC,0xB0,0x64,0x11,0xCC,0xB0,0x64,0x11,0xCC,0xB0,0x64,0x11,0xCC,0xB0,0x64,0x11,0xCC,0xB0,0x64,0x11,0xCC,
    0xB0,0x64,0x11,0xCC,0xB0,0x64,0x11,0xCC,0xB0,0x64,0x11,0xCC,0xB0,0x64,0x11,0xCC,0xB0,0x64,0x11,0xCC,0xB0,0x64,0x11,0xCC,0xB0,0x64,0x11,0xCC,0xB0,0x64,0x11,0xCC,0xB0,0x64,0x11,0xCC,0xB0,0x64,0x11,0xCC,0xB0,0x64,0x11,0xCC,0xB0,0x64,0x11,0xCC,0xB0,0x64,0x11,0xCC,0xB0,0x64,0x11,0xCC,0xB0,0x64,0x11,0xCC,0xB0,0x64,0x11,0xCC,
    0xB0,0x64,0x11,0xCC,0xB0,0x64,0x11,0xCC,0xB0,0x64,0x11,0xCC,0xB0,0x64,0x11,0xCC,0xB0,0x64,0x11,0xCC,0xB0,0x64,0x11,0xCC,0xB0,0x64,0x11,0xCC,0xB0,0x64,0x11,0xCC,0xB0,0x64,0x11,0xCC,0xB0,0x64,0x11,0xCC,0xB0,0x64,0x11,0xCC,0xB0,0x64,0x11,0xCC,0xB0,0x64,0x11,0xCC,0xB0,0x64,0x11,0xCC,0xB0,0x64,0x11,0xCC,0xB0,0x64,0x11,0xCC,
    0xB0,0x64,0x11,0xCC,0xB0,0x64,0x11,0xCC,0xB0,0x64,0x11,0xCC,0xB0,0x64,0x11,0xCC,0xB0,0x64,0x11,0xCC,0xB0,0x64,0x11,0xCC,0xB0,0x64,0x11,0xCC,0xB0,0x64,0x11,0xCC,0xB0,0x64,0x11,0xCC,0xB0,0x64,0x11,0xCC,0xB0,0x65,0x11,0xCC,0xB0,0x65,0x11,0xCC,0xB0,0x65,0x11,0xCC,0xB0,0x65,0x11,0xCC,0xB2,0x64,0x13,0xCC,0xB2,0x64,0x13,0xCC,
    0xB2,0x65,0x13,0xCC,0xB2,0x65,0x13,0xCC,0xB2,0x65,0x14,0xCC,0xB2,0x65,0x14,0xCC,0xB2,0x66,0x14,0xCC,0xB2,0x66,0x14,0xCC,0xB3,0x66,0x15,0xCC,0xB4,0x66,0x16,0xCC,0xB5,0x68,0x16,0xCC,0xB7,0x69,0x18,0xCC,0xB7,0x69,0x19,0xCC,0xB9,0x6B,0x1B,0xCC,0xBC,0x6D,0x1E,0xCC,0xBC,0x6E,0x1F,0xCC,0xBF,0x70,0x22,0xCC,0xC1,0x73,0x25,0xCC,
    0xC4,0x75,0x28,0xCC,0xC7,0x78,0x2C,0xCC,0xCA,0x7B,0x2F,0xCC,0xD4,0x8F,0x4D,0xCC,0xF4,0xE1,0xCF,0xCC,0xF8,0xE7,0xD8,0xCC,0xEF,0xCC,0xAA,0x72,0x00,0x00,0x00,0x00,0x00,0x00,0x00,0x00,0x00,0x00,0x00,0x00,0x00,0x00,0x00,0x00,0x00,0x00,0x00,0x00,0x00,0x00,0x00,0x00,0x00,0x00,0x00,0x00,0x00,0x00,0x00,0x00,0x00,0x00,0x00,0x00,
    0x00,0x00,0x00,0x00,0x00,0x00,0x00,0x00,0x00,0x00,0x00,0x00,0x00,0x00,0x00,0x00,0x00,0x00,0x00,0x00,0x00,0x00,0x00,0x00,0x00,0x00,0x00,0x00,0x00,0x00,0x00,0x00,0xEB,0xB8,0x8F,0x32,0xF6,0xE2,0xD1,0xC9,0xF6,0xE6,0xD7,0xCC,0xDE,0xA8,0x75,0xCC,0xCC,0x7C,0x31,0xCC,0xC8,0x78,0x2D,0xCC,0xC4,0x75,0x29,0xCC,0xC2,0x73,0x25,0xCC,
    0xBF,0x70,0x23,0xCC,0xBD,0x6E,0x1F,0xCC,0xBC,0x6D,0x1E,0xCC,0xB9,0x6B,0x1B,0xCC,0xB7,0x6A,0x1A,0xCC,0xB7,0x69,0x19,0xCC,0xB5,0x68,0x16,0xCC,0xB4,0x66,0x16,0xCC,0xB3,0x66,0x15,0xCC,0xB2,0x66,0x14,0xCC,0xB2,0x66,0x14,0xCC,0xB2,0x65,0x14,0xCC,0xB2,0x65,0x13,0xCC,0xB2,0x65,0x13,0xCC,0xB2,0x64,0x13,0xCC,0xB0,0x64,0x11,0xCC,
    0xB0,0x65,0x11,0xCC,0xB0,0x65,0x11,0xCC,0xB0,0x65,0x11,0xCC,0xB0,0x65,0x11,0xCC,0xB0,0x64,0x11,0xCC,0xB0,0x64,0x11,0xCC,0xB0,0x64,0x11,0xCC,0xB0,0x64,0x11,0xCC,0xB0,0x64,0x11,0xCC,0xB0,0x64,0x11,0xCC,0xB0,0x64,0x11,0xCC,0xB0,0x64,0x11,0xCC,0xB0,0x64,0x11,0xCC,0xB0,0x64,0x11,0xCC,0xB0,0x64,0x11,0xCC,0xB0,0x64,0x11,0xCC,
    0xB0,0x64,0x11,0xCC,0xB0,0x64,0x11,0xCC,0xB0,0x64,0x11,0xCC,0xB0,0x64,0x11,0xCC,0xB0,0x64,0x11,0xCC,0xB0,0x64,0x11,0xCC,0xB0,0x64,0x11,0xCC,0xB0,0x64,0x11,0xCC,0xB0,0x64,0x11,0xCC,0xB0,0x64,0x11,0xCC,0xB0,0x64,0x11,0xCC,0xB0,0x64,0x11,0xCC,0xB0,0x64,0x11,0xCC,0xB0,0x64,0x11,0xCC,0xB0,0x64,0x11,0xCC,0xB0,0x64,0x11,0xCC,
    0xB0,0x64,0x11,0xCC,0xB0,0x64,0x11,0xCC,0xB0,0x64,0x11,0xCC,0xB0,0x64,0x11,0xCC,0xB0,0x64,0x11,0xCC,0xB0,0x64,0x11,0xCC,0xB0,0x64,0x11,0xCC,0xB0,0x64,0x11,0xCC,0xB0,0x64,0x11,0xCC,0xB0,0x64,0x11,0xCC,0xB0,0x64,0x11,0xCC,0xB0,0x64,0x11,0xCC,0xB0,0x64,0x11,0xCC,0xB0,0x64,0x11,0xCC,0xB0,0x64,0x11,0xCC,0xB0,0x64,0x11,0xCC,
    0xB0,0x64,0x11,0xCC,0xB0,0x64,0x11,0xCC,0xB0,0x64,0x11,0xCC,0xB0,0x64,0x11,0xCC,0xB0,0x64,0x11,0xCC,0xB0,0x64,0x11,0xCC,0xB0,0x64,0x11,0xCC,0xB0,0x64,0x11,0xCC,0xB0,0x64,0x11,0xCC,0xB0,0x64,0x11,0xCC,0xB0,0x64,0x11,0xCC,0xB0,0x64,0x11,0xCC,0xB0,0x64,0x11,0xCC,0xB0,0x64,0x11,0xCC,0xB0,0x64,0x11,0xCC,0xB0,0x64,0x11,0xCC,
    0xB0,0x64,0x11,0xCC,0xB0,0x64,0x11,0xCC,0xB0,0x64,0x11,0xCC,0xB0,0x64,0x11,0xCC,0xB0,0x64,0x11,0xCC,0xB0,0x64,0x11,0xCC,0xB0,0x64,0x11,0xCC,0xB0,0x64,0x11,0xCC,0xB0,0x64,0x11,0xCC,0xB0,0x64,0x11,0xCC,0xB0,0x64,0x11,0xCC,0xB0,0x64,0x11,0xCC,0xB0,0x64,0x11,0xCC,0xB0,0x64,0x11,0xCC,0xB0,0x64,0x11,0xCC,0xB0,0x64,0x11,0xCC,
    0xB0,0x64,0x11,0xCC,0xB0,0x64,0x11,0xCC,0xB0,0x64,0x11,0xCC,0xB0,0x64,0x11,0xCC,0xB0,0x64,0x11,0xCC,0xB0,0x64,0x11,0xCC,0xB0,0x64,0x11,0xCC,0xB0,0x64,0x11,0xCC,0xB0,0x64,0x11,0xCC,0xB0,0x64,0x11,0xCC,0xB0,0x64,0x11,0xCC,0xB0,0x64,0x11,0xCC,0xB0,0x65,0x11,0xCC,0xB0,0x65,0x11,0xCC,0xB0,0x65,0x11,0xCC,0xB0,0x65,0x11,0xCC,
    0xB0,0x64,0x11,0xCC,0xB2,0x64,0x13,0xCC,0xB2,0x65,0x13,0xCC,0xB2,0x65,0x13,0xCC,0xB2,0x65,0x14,0xCC,0xB2,0x66,0x14,0xCC,0xB2,0x66,0x14,0xCC,0xB3,0x66,0x15,0xCC,0xB4,0x66,0x16,0xCC,0xB5,0x68,0x16,0xCC,0xB7,0x69,0x19,0xCC,0xB7,0x6A,0x1A,0xCC,0xB9,0x6B,0x1B,0xCC,0xBC,0x6D,0x1E,0xCC,0xBD,0x6E,0x1F,0xCC,0xBF,0x70,0x23,0xCC,
    0xC2,0x73,0x25,0xCC,0xC4,0x75,0x29,0xCC,0xC8,0x78,0x2D,0xCC,0xCC,0x7C,0x31,0xCC,0xDE,0xA8,0x75,0xCC,0xF6,0xE6,0xD7,0xCC,0xF6,0xE2,0xD1,0xC9,0xEB,0xB8,0x8F,0x32,0x00,0x00,0x00,0x00,0x00,0x00,0x00,0x00,0x00,0x00,0x00,0x00,0x00,0x00,0x00,0x00,0x00,0x00,0x00,0x00,0x00,0x00,0x00,0x00,0x00,0x00,0x00,0x00,0x00,0x00,0x00,0x00,
    0x00,0x00,0x00,0x00,0x00,0x00,0x00,0x00,0x00,0x00,0x00,0x00,0x00,0x00,0x00,0x00,0x00,0x00,0x00,0x00,0x00,0x00,0x00,0x00,0x00,0x00,0x00,0x00,0xDF,0x80,0x20,0x08,0xF4,0xD9,0xC4,0xB4,0xF6,0xE6,0xD8,0xCC,0xE7,0xC2,0x9E,0xCC,0xCC,0x7C,0x31,0xCC,0xC8,0x79,0x2D,0xCC,0xC6,0x75,0x29,0xCC,0xC2,0x73,0x27,0xCC,0xBF,0x70,0x23,0xCC,
    0xBD,0x6F,0x20,0xCC,0xBC,0x6D,0x1E,0xCC,0xB9,0x6B,0x1B,0xCC,0xB7,0x6A,0x1A,0xCC,0xB7,0x69,0x19,0xCC,0xB5,0x68,0x16,0xCC,0xB4,0x66,0x16,0xCC,0xB3,0x66,0x15,0xCC,0xB2,0x66,0x14,0xCC,0xB2,0x66,0x14,0xCC,0xB2,0x65,0x14,0xCC,0xB2,0x65,0x13,0xCC,0xB2,0x64,0x13,0xCC,0xB2,0x64,0x13,0xCC,0xB0,0x65,0x11,0xCC,0xB0,0x65,0x11,0xCC,
    0xB0,0x65,0x11,0xCC,0xB0,0x65,0x11,0xCC,0xB0,0x65,0x11,0xCC,0xB0,0x64,0x11,0xCC,0xB0,0x64,0x11,0xCC,0xB0,0x64,0x11,0xCC,0xB0,0x64,0x11,0xCC,0xB0,0x64,0x11,0xCC,0xB0,0x64,0x11,0xCC,0xB0,0x64,0x11,0xCC,0xB0,0x64,0x11,0xCC,0xB0,0x64,0x11,0xCC,0xB0,0x64,0x11,0xCC,0xB0,0x64,0x11,0xCC,0xB0,0x64,0x11,0xCC,0xB0,0x64,0x11,0xCC,
    0xB0,0x64,0x11,0xCC,0xB0,0x64,0x11,0xCC,0xB0,0x64,0x11,0xCC,0xB0,0x64,0x11,0xCC,0xB0,0x64,0x11,0xCC,0xB0,0x64,0x11,0xCC,0xB0,0x64,0x11,0xCC,0xB0,0x64,0x11,0xCC,0xB0,0x64,0x11,0xCC,0xB0,0x64,0x11,0xCC,0xB0,0x64,0x11,0xCC,0xB0,0x64,0x11,0xCC,0xB0,0x64,0x11,0xCC,0xB0,0x64,0x11,0xCC,0xB0,0x64,0x11,0xCC,0xB0,0x64,0x11,0xCC,
    0xB0,0x64,0x11,0xCC,0xB0,0x64,0x11,0xCC,0xB0,0x64,0x11,0xCC,0xB0,0x64,0x11,0xCC,0xB0,0x64,0x11,0xCC,0xB0,0x64,0x11,0xCC,0xB0,0x64,0x11,0xCC,0xB0,0x64,0x11,0xCC,0xB0,0x64,0x11,0xCC,0xB0,0x64,0x11,0xCC,0xB0,0x64,0x11,0xCC,0xB0,0x64,0x11,0xCC,0xB0,0x64,0x11,0xCC,0xB0,0x64,0x11,0xCC,0xB0,0x64,0x11,0xCC,0xB0,0x64,0x11,0xCC,
    0xB0,0x64,0x11,0xCC,0xB0,0x64,0x11,0xCC,0xB0,0x64,0x11,0xCC,0xB0,0x64,0x11,0xCC,0xB0,0x64,0x11,0xCC,0xB0,0x64,0x11,0xCC,0xB0,0x64,0x11,0xCC,0xB0,0x64,0x11,0xCC,0xB0,0x64,0x11,0xCC,0xB0,0x64,0x11,0xCC,0xB0,0x64,0x11,0xCC,0xB0,0x64,0x11,0xCC,0xB0,0x64,0x11,0xCC,0xB0,0x64,0x11,0xCC,0xB0,0x64,0x11,0xCC,0xB0,0x64,0x11,0xCC,
    0xB0,0x64,0x11,0xCC,0xB0,0x64,0x11,0xCC,0xB0,0x64,0x11,0xCC,0xB0,0x64,0x11,0xCC,0xB0,0x64,0x11,0xCC,0xB0,0x64,0x11,0xCC,0xB0,0x64,0x11,0xCC,0xB0,0x64,0x11,0xCC,0xB0,0x64,0x11,0xCC,0xB0,0x64,0x11,0xCC,0xB0,0x64,0x11,0xCC,0xB0,0x64,0x11,0xCC,0xB0,0x64,0x11,0xCC,0xB0,0x64,0x11,0xCC,0xB0,0x64,0x11,0xCC,0xB0,0x64,0x11,0xCC,
    0xB0,0x64,0x11,0xCC,0xB0,0x64,0x11,0xCC,0xB0,0x64,0x11,0xCC,0xB0,0x64,0x11,0xCC,0xB0,0x64,0x11,0xCC,0xB0,0x64,0x11,0xCC,0xB0,0x64,0x11,0xCC,0xB0,0x64,0x11,0xCC,0xB0,0x64,0x11,0xCC,0xB0,0x64,0x11,0xCC,0xB0,0x64,0x11,0xCC,0xB0,0x64,0x11,0xCC,0xB0,0x64,0x11,0xCC,0xB0,0x65,0x11,0xCC,0xB0,0x65,0x11,0xCC,0xB0,0x65,0x11,0xCC,
    0xB0,0x65,0x11,0xCC,0xB0,0x65,0x11,0xCC,0xB2,0x64,0x13,0xCC,0xB2,0x64,0x13,0xCC,0xB2,0x65,0x13,0xCC,0xB2,0x65,0x14,0xCC,0xB2,0x66,0x14,0xCC,0xB2,0x66,0x14,0xCC,0xB3,0x66,0x15,0xCC,0xB4,0x66,0x16,0xCC,0xB5,0x68,0x16,0xCC,0xB7,0x69,0x19,0xCC,0xB7,0x6A,0x1A,0xCC,0xB9,0x6B,0x1B,0xCC,0xBC,0x6D,0x1E,0xCC,0xBD,0x6F,0x20,0xCC,
    0xBF,0x70,0x23,0xCC,0xC2,0x73,0x27,0xCC,0xC6,0x75,0x29,0xCC,0xC8,0x79,0x2D,0xCC,0xCC,0x7C,0x31,0xCC,0xE7,0xC2,0x9E,0xCC,0xF6,0xE6,0xD8,0xCC,0xF4,0xD9,0xC4,0xB4,0xDF,0x80,0x20,0x08,0x00,0x00,0x00,0x00,0x00,0x00,0x00,0x00,0x00,0x00,0x00,0x00,0x00,0x00,0x00,0x00,0x00,0x00,0x00,0x00,0x00,0x00,0x00,0x00,0x00,0x00,0x00,0x00,
    0x00,0x00,0x00,0x00,0x00,0x00,0x00,0x00,0x00,0x00,0x00,0x00,0x00,0x00,0x00,0x00,0x00,0x00,0x00,0x00,0x00,0x00,0x00,0x00,0x00,0x00,0x00,0x00,0xF0,0xCD,0xAE,0x75,0xF8,0xE6,0xD8,0xCC,0xF3,0xDC,0xC7,0xCC,0xD1,0x86,0x40,0xCC,0xC9,0x79,0x2E,0xCC,0xC6,0x77,0x2A,0xCC,0xC3,0x74,0x27,0xCC,0xC1,0x72,0x24,0xCC,0xBD,0x6F,0x20,0xCC,
    0xBC,0x6E,0x1E,0xCC,0xB9,0x6B,0x1B,0xCC,0xB7,0x6A,0x1A,0xCC,0xB7,0x69,0x19,0xCC,0xB5,0x68,0x16,0xCC,0xB4,0x66,0x16,0xCC,0xB3,0x66,0x15,0xCC,0xB2,0x66,0x14,0xCC,0xB2,0x66,0x14,0xCC,0xB2,0x65,0x14,0xCC,0xB2,0x65,0x13,0xCC,0xB2,0x64,0x13,0xCC,0xB2,0x64,0x13,0xCC,0xB0,0x65,0x11,0xCC,0xB0,0x65,0x11,0xCC,0xB0,0x65,0x11,0xCC,
    0xB0,0x64,0x11,0xCC,0xB0,0x64,0x11,0xCC,0xB0,0x64,0x11,0xCC,0xB0,0x64,0x11,0xCC,0xB0,0x64,0x11,0xCC,0xB0,0x64,0x11,0xCC,0xB0,0x64,0x11,0xCC,0xB0,0x64,0x11,0xCC,0xB0,0x64,0x11,0xCC,0xB0,0x64,0x11,0xCC,0xB0,0x64,0x11,0xCC,0xB0,0x64,0x11,0xCC,0xB0,0x64,0x11,0xCC,0xB0,0x64,0x11,0xCC,0xB0,0x64,0x11,0xCC,0xB0,0x64,0x11,0xCC,
    0xB0,0x64,0x11,0xCC,0xB0,0x64,0x11,0xCC,0xB0,0x64,0x11,0xCC,0xB0,0x64,0x11,0xCC,0xB0,0x64,0x11,0xCC,0xB0,0x64,0x11,0xCC,0xB0,0x64,0x11,0xCC,0xB0,0x64,0x11,0xCC,0xB0,0x64,0x11,0xCC,0xB0,0x64,0x11,0xCC,0xB0,0x64,0x11,0xCC,0xB0,0x64,0x11,0xCC,0xB0,0x64,0x11,0xCC,0xB0,0x64,0x11,0xCC,0xB0,0x64,0x11,0xCC,0xB0,0x64,0x11,0xCC,
    0xB0,0x64,0x11,0xCC,0xB0,0x64,0x11,0xCC,0xB0,0x64,0x11,0xCC,0xB0,0x64,0x11,0xCC,0xB0,0x64,0x11,0xCC,0xB0,0x64,0x11,0xCC,0xB0,0x64,0x11,0xCC,0xB0,0x64,0x11,0xCC,0xB0,0x64,0x11,0xCC,0xB0,0x64,0x11,0xCC,0xB0,0x64,0x11,0xCC,0xB0,0x64,0x11,0xCC,0xB0,0x64,0x11,0xCC,0xB0,0x64,0x11,0xCC,0xB0,0x64,0x11,0xCC,0xB0,0x64,0x11,0xCC,
    0xB0,0x64,0x11,0xCC,0xB0,0x64,0x11,0xCC,0xB0,0x64,0x11,0xCC,0xB0,0x64,0x11,0xCC,0xB0,0x64,0x11,0xCC,0xB0,0x64,0x11,0xCC,0xB0,0x64,0x11,0xCC,0xB0,0x64,0x11,0xCC,0xB0,0x64,0x11,0xCC,0xB0,0x64,0x11,0xCC,0xB0,0x64,0x11,0xCC,0xB0,0x64,0x11,0xCC,0xB0,0x64,0x11,0xCC,0xB0,0x64,0x11,0xCC,0xB0,0x64,0x11,0xCC,0xB0,0x64,0x11,0xCC,
    0xB0,0x64,0x11,0xCC,0xB0,0x64,0x11,0xCC,0xB0,0x64,0x11,0xCC,0xB0,0x64,0x11,0xCC,0xB0,0x64,0x11,0xCC,0xB0,0x64,0x11,0xCC,0xB0,0x64,0x11,0xCC,0xB0,0x64,0x11,0xCC,0xB0,0x64,0x11,0xCC,0xB0,0x64,0x11,0xCC,0xB0,0x64,0x11,0xCC,0xB0,0x64,0x11,0xCC,0xB0,0x64,0x11,0xCC,0xB0,0x64,0x11,0xCC,0xB0,0x64,0x11,0xCC,0xB0,0x64,0x11,0xCC,
    0xB0,0x64,0x11,0xCC,0xB0,0x64,0x11,0xCC,0xB0,0x64,0x11,0xCC,0xB0,0x64,0x11,0xCC,0xB0,0x64,0x11,0xCC,0xB0,0x64,0x11,0xCC,0xB0,0x64,0x11,0xCC,0xB0,0x64,0x11,0xCC,0xB0,0x64,0x11,0xCC,0xB0,0x64,0x11,0xCC,0xB0,0x64,0x11,0xCC,0xB0,0x64,0x11,0xCC,0xB0,0x64,0x11,0xCC,0xB0,0x64,0x11,0xCC,0xB0,0x64,0x11,0xCC,0xB0,0x64,0x11,0xCC,
    0xB0,0x65,0x11,0xCC,0xB0,0x65,0x11,0xCC,0xB0,0x65,0x11,0xCC,0xB2,0x64,0x13,0xCC,0xB2,0x64,0x13,0xCC,0xB2,0x65,0x13,0xCC,0xB2,0x65,0x14,0xCC,0xB2,0x66,0x14,0xCC,0xB2,0x66,0x14,0xCC,0xB3,0x66,0x15,0xCC,0xB4,0x66,0x16,0xCC,0xB5,0x68,0x16,0xCC,0xB7,0x69,0x19,0xCC,0xB7,0x6A,0x1A,0xCC,0xB9,0x6B,0x1B,0xCC,0xBC,0x6E,0x1E,0xCC,
    0xBD,0x6F,0x20,0xCC,0xC1,0x72,0x24,0xCC,0xC3,0x74,0x27,0xCC,0xC6,0x77,0x2A,0xCC,0xC9,0x79,0x2E,0xCC,0xD1,0x86,0x40,0xCC,0xF3,0xDC,0xC7,0xCC,0xF8,0xE6,0xD8,0xCC,0xF0,0xCD,0xAE,0x75,0x00,0x00,0x00,0x00,0x00,0x00,0x00,0x00,0x00,0x00,0x00,0x00,0x00,0x00,0x00,0x00,0x00,0x00,0x00,0x00,0x00,0x00,0x00,0x00,0x00,0x00,0x00,0x00,
    0x00,0x00,0x00,0x00,0x00,0x00,0x00,0x00,0x00,0x00,0x00,0x00,0x00,0x00,0x00,0x00,0x00,0x00,0x00,0x00,0x00,0x00,0x00,0x00,0xEA,0xB3,0x8A,0x25,0xF6,0xE3,0xD1,0xC7,0xF6,0xE6,0xD7,0xCC,0xDB,0xA1,0x6A,0xCC,0xCA,0x7B,0x2F,0xCC,0xC7,0x78,0x2C,0xCC,0xC4,0x75,0x28,0xCC,0xC1,0x72,0x24,0xCC,0xBE,0x70,0x22,0xCC,0xBC,0x6D,0x1E,0xCC,
    0xBA,0x6B,0x1D,0xCC,0xB8,0x6A,0x1A,0xCC,0xB7,0x69,0x19,0xCC,0xB5,0x69,0x18,0xCC,0xB4,0x66,0x16,0xCC,0xB3,0x66,0x15,0xCC,0xB2,0x66,0x14,0xCC,0xB2,0x66,0x14,0xCC,0xB2,0x65,0x14,0xCC,0xB2,0x65,0x13,0xCC,0xB2,0x64,0x13,0xCC,0xB2,0x64,0x13,0xCC,0xB0,0x65,0x11,0xCC,0xB0,0x65,0x11,0xCC,0xB0,0x65,0x11,0xCC,0xB0,0x64,0x11,0xCC,
    0xB0,0x64,0x11,0xCC,0xB0,0x64,0x11,0xCC,0xB0,0x64,0x11,0xCC,0xB0,0x64,0x11,0xCC,0xB0,0x64,0x11,0xCC,0xB0,0x64,0x11,0xCC,0xB0,0x64,0x11,0xCC,0xB0,0x64,0x11,0xCC,0xB0,0x64,0x11,0xCC,0xB0,0x64,0x11,0xCC,0xB0,0x64,0x11,0xCC,0xB0,0x64,0x11,0xCC,0xB0,0x64,0x11,0xCC,0xB0,0x64,0x11,0xCC,0xB0,0x64,0x11,0xCC,0xB0,0x64,0x11,0xCC,
    0xB0,0x64,0x11,0xCC,0xB0,0x64,0x11,0xCC,0xB0,0x64,0x11,0xCC,0xB0,0x64,0x11,0xCC,0xB0,0x64,0x11,0xCC,0xB0,0x64,0x11,0xCC,0xB0,0x64,0x11,0xCC,0xB0,0x64,0x11,0xCC,0xB0,0x64,0x11,0xCC,0xB0,0x64,0x11,0xCC,0xB0,0x64,0x11,0xCC,0xB0,0x64,0x11,0xCC,0xB0,0x64,0x11,0xCC,0xB0,0x64,0x11,0xCC,0xB0,0x64,0x11,0xCC,0xB0,0x64,0x11,0xCC,
    0xB0,0x64,0x11,0xCC,0xB0,0x64,0x11,0xCC,0xB0,0x64,0x11,0xCC,0xB0,0x64,0x11,0xCC,0xB0,0x64,0x11,0xCC,0xB0,0x64,0x11,0xCC,0xB0,0x64,0x11,0xCC,0xB0,0x64,0x11,0xCC,0xB0,0x64,0x11,0xCC,0xB0,0x64,0x11,0xCC,0xB0,0x64,0x11,0xCC,0xB0,0x64,0x11,0xCC,0xB0,0x64,0x11,0xCC,0xB0,0x64,0x11,0xCC,0xB0,0x64,0x11,0xCC,0xB0,0x64,0x11,0xCC,
    0xB0,0x64,0x11,0xCC,0xB0,0x64,0x11,0xCC,0xB0,0x64,0x11,0xCC,0xB0,0x64,0x11,0xCC,0xB0,0x64,0x11,0xCC,0xB0,0x64,0x11,0xCC,0xB0,0x64,0x11,0xCC,0xB0,0x64,0x11,0xCC,0xB0,0x64,0x11,0xCC,0xB0,0x64,0x11,0xCC,0xB0,0x64,0x11,0xCC,0xB0,0x64,0x11,0xCC,0xB0,0x64,0x11,0xCC,0xB0,0x64,0x11,0xCC,0xB0,0x64,0x11,0xCC,0xB0,0x64,0x11,0xCC,
    0xB0,0x64,0x11,0xCC,0xB0,0x64,0x11,0xCC,0xB0,0x64,0x11,0xCC,0xB0,0x64,0x11,0xCC,0xB0,0x64,0x11,0xCC,0xB0,0x64,0x11,0xCC,0xB0,0x64,0x11,0xCC,0xB0,0x64,0x11,0xCC,0xB0,0x64,0x11,0xCC,0xB0,0x64,0x11,0xCC,0xB0,0x64,0x11,0xCC,0xB0,0x64,0x11,0xCC,0xB0,0x64,0x11,0xCC,0xB0,0x64,0x11,0xCC,0xB0,0x64,0x11,0xCC,0xB0,0x64,0x11,0xCC,
    0xB0,0x64,0x11,0xCC,0xB0,0x64,0x11,0xCC,0xB0,0x64,0x11,0xCC,0xB0,0x64,0x11,0xCC,0xB0,0x64,0x11,0xCC,0xB0,0x64,0x11,0xCC,0xB0,0x64,0x11,0xCC,0xB0,0x64,0x11,0xCC,0xB0,0x64,0x11,0xCC,0xB0,0x64,0x11,0xCC,0xB0,0x64,0x11,0xCC,0xB0,0x64,0x11,0xCC,0xB0,0x64,0x11,0xCC,0xB0,0x64,0x11,0xCC,0xB0,0x64,0x11,0xCC,0xB0,0x64,0x11,0xCC,
    0xB0,0x64,0x11,0xCC,0xB0,0x65,0x11,0xCC,0xB0,0x65,0x11,0xCC,0xB0,0x65,0x11,0xCC,0xB2,0x64,0x13,0xCC,0xB2,0x64,0x13,0xCC,0xB2,0x65,0x13,0xCC,0xB2,0x65,0x14,0xCC,0xB2,0x66,0x14,0xCC,0xB2,0x66,0x14,0xCC,0xB3,0x66,0x15,0xCC,0xB4,0x66,0x16,0xCC,0xB5,0x69,0x18,0xCC,0xB7,0x69,0x19,0xCC,0xB8,0x6A,0x1A,0xCC,0xBA,0x6B,0x1D,0xCC,
    0xBC,0x6D,0x1E,0xCC,0xBE,0x70,0x22,0xCC,0xC1,0x72,0x24,0xCC,0xC4,0x75,0x28,0xCC,0xC7,0x78,0x2C,0xCC,0xCA,0x7B,0x2F,0xCC,0xDB,0xA1,0x6A,0xCC,0xF6,0xE6,0xD7,0xCC,0xF6,0xE3,0xD1,0xC7,0xEA,0xB3,0x8A,0x25,0x00,0x00,0x00,0x00,0x00,0x00,0x00,0x00,0x00,0x00,0x00,0x00,0x00,0x00,0x00,0x00,0x00,0x00,0x00,0x00,0x00,0x00,0x00,0x00,
    0x00,0x00,0x00,0x00,0x00,0x00,0x00,0x00,0x00,0x00,0x00,0x00,0x00,0x00,0x00,0x00,0x00,0x00,0x00,0x00,0x00,0x00,0x00,0x00,0xF1,0xD3,0xB7,0x95,0xF6,0xE6,0xD8,0xCC,0xEB,0xC9,0xAA,0xCC,0xCC,0x7C,0x31,0xCC,0xC8,0x79,0x2D,0xCC,0xC4,0x75,0x29,0xCC,0xC2,0x73,0x25,0xCC,0xBF,0x70,0x22,0xCC,0xBC,0x6E,0x1F,0xCC,0xBA,0x6B,0x1D,0xCC,
    0xB8,0x6A,0x1A,0xCC,0xB7,0x6A,0x1A,0xCC,0xB5,0x68,0x18,0xCC,0xB4,0x68,0x16,0xCC,0xB3,0x66,0x15,0xCC,0xB2,0x66,0x14,0xCC,0xB2,0x66,0x14,0xCC,0xB2,0x65,0x14,0xCC,0xB2,0x65,0x13,0xCC,0xB2,0x64,0x13,0xCC,0xB2,0x64,0x13,0xCC,0xB0,0x65,0x11,0xCC,0xB0,0x65,0x11,0xCC,0xB0,0x65,0x11,0xCC,0xB0,0x64,0x11,0xCC,0xB0,0x64,0x11,0xCC,
    0xB0,0x64,0x11,0xCC,0xB0,0x64,0x11,0xCC,0xB0,0x64,0x11,0xCC,0xB0,0x64,0x11,0xCC,0xB0,0x64,0x11,0xCC,0xB0,0x64,0x11,0xCC,0xB0,0x64,0x11,0xCC,0xB0,0x64,0x11,0xCC,0xB0,0x64,0x11,0xCC,0xB0,0x64,0x11,0xCC,0xB0,0x64,0x11,0xCC,0xB0,0x64,0x11,0xCC,0xB0,0x64,0x11,0xCC,0xB0,0x64,0x11,0xCC,0xB0,0x64,0x11,0xCC,0xB0,0x64,0x11,0xCC,
    0xB0,0x64,0x11,0xCC,0xB0,0x64,0x11,0xCC,0xB0,0x64,0x11,0xCC,0xB0,0x64,0x11,0xCC,0xB0,0x64,0x11,0xCC,0xB0,0x64,0x11,0xCC,0xB0,0x64,0x11,0xCC,0xB0,0x64,0x11,0xCC,0xB0,0x64,0x11,0xCC,0xB0,0x64,0x11,0xCC,0xB0,0x64,0x11,0xCC,0xB0,0x64,0x11,0xCC,0xB0,0x64,0x11,0xCC,0xB0,0x64,0x11,0xCC,0xB0,0x64,0x11,0xCC,0xB0,0x64,0x11,0xCC,
    0xB0,0x64,0x11,0xCC,0xB0,0x64,0x11,0xCC,0xB0,0x64,0x11,0xCC,0xB0,0x64,0x11,0xCC,0xB0,0x64,0x11,0xCC,0xB0,0x64,0x11,0xCC,0xB0,0x64,0x11,0xCC,0xB0,0x64,0x11,0xCC,0xB0,0x64,0x11,0xCC,0xB0,0x64,0x11,0xCC,0xB0,0x64,0x11,0xCC,0xB0,0x64,0x11,0xCC,0xB0,0x64,0x11,0xCC,0xB0,0x64,0x11,0xCC,0xB0,0x64,0x11,0xCC,0xB0,0x64,0x11,0xCC,
    0xB0,0x64,0x11,0xCC,0xB0,0x64,0x11,0xCC,0xB0,0x64,0x11,0xCC,0xB0,0x64,0x11,0xCC,0xB0,0x64,0x11,0xCC,0xB0,0x64,0x11,0xCC,0xB0,0x64,0x11,0xCC,0xB0,0x64,0x11,0xCC,0xB0,0x64,0x11,0xCC,0xB0,0x64,0x11,0xCC,0xB0,0x64,0x11,0xCC,0xB0,0x64,0x11,0xCC,0xB0,0x64,0x11,0xCC,0xB0,0x64,0x11,0xCC,0xB0,0x64,0x11,0xCC,0xB0,0x64,0x11,0xCC,
    0xB0,0x64,0x11,0xCC,0xB0,0x64,0x11,0xCC,0xB0,0x64,0x11,0xCC,0xB0,0x64,0x11,0xCC,0xB0,0x64,0x11,0xCC,0xB0,0x64,0x11,0xCC,0xB0,0x64,0x11,0xCC,0xB0,0x64,0x11,0xCC,0xB0,0x64,0x11,0xCC,0xB0,0x64,0x11,0xCC,0xB0,0x64,0x11,0xCC,0xB0,0x64,0x11,0xCC,0xB0,0x64,0x11,0xCC,0xB0,0x64,0x11,0xCC,0xB0,0x64,0x11,0xCC,0xB0,0x64,0x11,0xCC,
    0xB0,0x64,0x11,0xCC,0xB0,0x64,0x11,0xCC,0xB0,0x64,0x11,0xCC,0xB0,0x64,0x11,0xCC,0xB0,0x64,0x11,0xCC,0xB0,0x64,0x11,0xCC,0xB0,0x64,0x11,0xCC,0xB0,0x64,0x11,0xCC,0xB0,0x64,0x11,0xCC,0xB0,0x64,0x11,0xCC,0xB0,0x64,0x11,0xCC,0xB0,0x64,0x11,0xCC,0xB0,0x64,0x11,0xCC,0xB0,0x64,0x11,0xCC,0xB0,0x64,0x11,0xCC,0xB0,0x64,0x11,0xCC,
    0xB0,0x64,0x11,0xCC,0xB0,0x64,0x11,0xCC,0xB0,0x65,0x11,0xCC,0xB0,0x65,0x11,0xCC,0xB0,0x65,0x11,0xCC,0xB2,0x64,0x13,0xCC,0xB2,0x64,0x13,0xCC,0xB2,0x65,0x13,0xCC,0xB2,0x65,0x14,0xCC,0xB2,0x66,0x14,0xCC,0xB2,0x66,0x14,0xCC,0xB3,0x66,0x15,0xCC,0xB4,0x68,0x16,0xCC,0xB5,0x68,0x18,0xCC,0xB7,0x6A,0x1A,0xCC,0xB8,0x6A,0x1A,0xCC,
    0xBA,0x6B,0x1D,0xCC,0xBC,0x6E,0x1F,0xCC,0xBF,0x70,0x22,0xCC,0xC2,0x73,0x25,0xCC,0xC4,0x75,0x29,0xCC,0xC8,0x79,0x2D,0xCC,0xCC,0x7C,0x31,0xCC,0xEB,0xC9,0xAA,0xCC,0xF6,0xE6,0xD8,0xCC,0xF1,0xD3,0xB7,0x95,0x00,0x00,0x00,0x00,0x00,0x00,0x00,0x00,0x00,0x00,0x00,0x00,0x00,0x00,0x00,0x00,0x00,0x00,0x00,0x00,0x00,0x00,0x00,0x00,
    0x00,0x00,0x00,0x00,0x00,0x00,0x00,0x00,0x00,0x00,0x00,0x00,0x00,0x00,0x00,0x00,0x00,0x00,0x00,0x00,0xE9,0xB9,0x8D,0x3A,0xF7,0xE6,0xD7,0xCB,0xF5,0xE5,0xD4,0xCC,0xD3,0x8F,0x4C,0xCC,0xCA,0x7B,0x2F,0xCC,0xC7,0x77,0x2A,0xCC,0xC3,0x74,0x27,0xCC,0xBF,0x70,0x24,0xCC,0xBD,0x6F,0x20,0xCC,0xBC,0x6D,0x1E,0xCC,0xB8,0x6B,0x1B,0xCC,
    0xB7,0x6A,0x19,0xCC,0xB5,0x69,0x18,0xCC,0xB4,0x68,0x16,0xCC,0xB3,0x66,0x15,0xCC,0xB2,0x66,0x14,0xCC,0xB2,0x66,0x14,0xCC,0xB2,0x65,0x14,0xCC,0xB2,0x65,0x13,0xCC,0xB2,0x64,0x13,0xCC,0xB2,0x64,0x13,0xCC,0xB0,0x65,0x11,0xCC,0xB0,0x65,0x11,0xCC,0xB0,0x65,0x11,0xCC,0xB0,0x64,0x11,0xCC,0xB0,0x64,0x11,0xCC,0xB0,0x64,0x11,0xCC,
    0xB0,0x64,0x11,0xCC,0xB0,0x64,0x11,0xCC,0xB0,0x64,0x11,0xCC,0xB0,0x64,0x11,0xCC,0xB0,0x64,0x11,0xCC,0xB0,0x64,0x11,0xCC,0xB0,0x64,0x11,0xCC,0xB0,0x64,0x11,0xCC,0xB0,0x64,0x11,0xCC,0xB0,0x64,0x11,0xCC,0xB0,0x64,0x11,0xCC,0xB0,0x64,0x11,0xCC,0xB0,0x64,0x11,0xCC,0xB0,0x64,0x11,0xCC,0xB0,0x64,0x11,0xCC,0xB0,0x64,0x11,0xCC,
    0xB0,0x64,0x11,0xCC,0xB0,0x64,0x11,0xCC,0xB0,0x64,0x11,0xCC,0xB0,0x64,0x11,0xCC,0xB0,0x64,0x11,0xCC,0xB0,0x64,0x11,0xCC,0xB0,0x64,0x11,0xCC,0xB0,0x64,0x11,0xCC,0xB0,0x64,0x11,0xCC,0xB0,0x64,0x11,0xCC,0xB0,0x64,0x11,0xCC,0xB0,0x64,0x11,0xCC,0xB0,0x64,0x11,0xCC,0xB0,0x64,0x11,0xCC,0xB0,0x64,0x11,0xCC,0xB0,0x64,0x11,0xCC,
    0xB0,0x64,0x11,0xCC,0xB0,0x64,0x11,0xCC,0xB0,0x64,0x11,0xCC,0xB0,0x64,0x11,0xCC,0xB0,0x64,0x11,0xCC,0xB0,0x64,0x11,0xCC,0xB0,0x64,0x11,0xCC,0xB0,0x64,0x11,0xCC,0xB0,0x64,0x11,0xCC,0xB0,0x64,0x11,0xCC,0xB0,0x64,0x11,0xCC,0xB0,0x64,0x11,0xCC,0xB0,0x64,0x11,0xCC,0xB0,0x64,0x11,0xCC,0xB0,0x64,0x11,0xCC,0xB0,0x64,0x11,0xCC,
    0xB0,0x64,0x11,0xCC,0xB0,0x64,0x11,0xCC,0xB0,0x64,0x11,0xCC,0xB0,0x64,0x11,0xCC,0xB0,0x64,0x11,0xCC,0xB0,0x64,0x11,0xCC,0xB0,0x64,0x11,0xCC,0xB0,0x64,0x11,0xCC,0xB0,0x64,0x11,0xCC,0xB0,0x64,0x11,0xCC,0xB0,0x64,0x11,0xCC,0xB0,0x64,0x11,0xCC,0xB0,0x64,0x11,0xCC,0xB0,0x64,0x11,0xCC,0xB0,0x64,0x11,0xCC,0xB0,0x64,0x11,0xCC,
    0xB0,0x64,0x11,0xCC,0xB0,0x64,0x11,0xCC,0xB0,0x64,0x11,0xCC,0xB0,0x64,0x11,0xCC,0xB0,0x64,0x11,0xCC,0xB0,0x64,0x11,0xCC,0xB0,0x64,0x11,0xCC,0xB0,0x64,0x11,0xCC,0xB0,0x64,0x11,0xCC,0xB0,0x64,0x11,0xCC,0xB0,0x64,0x11,0xCC,0xB0,0x64,0x11,0xCC,0xB0,0x64,0x11,0xCC,0xB0,0x64,0x11,0xCC,0xB0,0x64,0x11,0xCC,0xB0,0x64,0x11,0xCC,
    0xB0,0x64,0x11,0xCC,0xB0,0x64,0x11,0xCC,0xB0,0x64,0x11,0xCC,0xB0,0x64,0x11,0xCC,0xB0,0x64,0x11,0xCC,0xB0,0x64,0x11,0xCC,0xB0,0x64,0x11,0xCC,0xB0,0x64,0x11,0xCC,0xB0,0x64,0x11,0xCC,0xB0,0x64,0x11,0xCC,0xB0,0x64,0x11,0xCC,0xB0,0x64,0x11,0xCC,0xB0,0x64,0x11,0xCC,0xB0,0x64,0x11,0xCC,0xB0,0x64,0x11,0xCC,0xB0,0x64,0x11,0xCC,
    0xB0,0x64,0x11,0xCC,0xB0,0x64,0x11,0xCC,0xB0,0x64,0x11,0xCC,0xB0,0x65,0x11,0xCC,0xB0,0x65,0x11,0xCC,0xB0,0x65,0x11,0xCC,0xB2,0x64,0x13,0xCC,0xB2,0x64,0x13,0xCC,0xB2,0x65,0x13,0xCC,0xB2,0x65,0x14,0xCC,0xB2,0x66,0x14,0xCC,0xB2,0x66,0x14,0xCC,0xB3,0x66,0x15,0xCC,0xB4,0x68,0x16,0xCC,0xB5,0x69,0x18,0xCC,0xB7,0x6A,0x19,0xCC,
    0xB8,0x6B,0x1B,0xCC,0xBC,0x6D,0x1E,0xCC,0xBD,0x6F,0x20,0xCC,0xBF,0x70,0x24,0xCC,0xC3,0x74,0x27,0xCC,0xC7,0x77,0x2A,0xCC,0xCA,0x7B,0x2F,0xCC,0xD3,0x8F,0x4C,0xCC,0xF5,0xE5,0xD4,0xCC,0xF7,0xE6,0xD7,0xCB,0xE9,0xB9,0x8D,0x3A,0x00,0x00,0x00,0x00,0x00,0x00,0x00,0x00,0x00,0x00,0x00,0x00,0x00,0x00,0x00,0x00,0x00,0x00,0x00,0x00,
    0x00,0x00,0x00,0x00,0x00,0x00,0x00,0x00,0x00,0x00,0x00,0x00,0x00,0x00,0x00,0x00,0x00,0x00,0x00,0x00,0xF3,0xD7,0xBC,0xA4,0xF6,0xE6,0xD8,0xCC,0xE6,0xBC,0x95,0xCC,0xCC,0x7C,0x31,0xCC,0xC8,0x78,0x2C,0xCC,0xC4,0x75,0x28,0xCC,0xC1,0x73,0x24,0xCC,0xBE,0x70,0x22,0xCC,0xBC,0x6E,0x1F,0xCC,0xB9,0x6B,0x1D,0xCC,0xB7,0x6A,0x1A,0xCC,
    0xB7,0x69,0x19,0xCC,0xB4,0x68,0x16,0xCC,0xB3,0x66,0x16,0xCC,0xB2,0x66,0x14,0xCC,0xB2,0x66,0x14,0xCC,0xB2,0x65,0x14,0xCC,0xB2,0x65,0x13,0xCC,0xB2,0x64,0x13,0xCC,0xB2,0x64,0x13,0xCC,0xB0,0x65,0x11,0xCC,0xB0,0x65,0x11,0xCC,0xB0,0x65,0x11,0xCC,0xB0,0x64,0x11,0xCC,0xB0,0x64,0x11,0xCC,0xB0,0x64,0x11,0xCC,0xB0,0x64,0x11,0xCC,
    0xB0,0x64,0x11,0xCC,0xB0,0x64,0x11,0xCC,0xB0,0x64,0x11,0xCC,0xB0,0x64,0x11,0xCC,0xB0,0x64,0x11,0xCC,0xB0,0x64,0x11,0xCC,0xB0,0x64,0x11,0xCC,0xB0,0x64,0x11,0xCC,0xB0,0x64,0x11,0xCC,0xB0,0x64,0x11,0xCC,0xB0,0x64,0x11,0xCC,0xB0,0x64,0x11,0xCC,0xB0,0x64,0x11,0xCC,0xB0,0x64,0x11,0xCC,0xB0,0x64,0x11,0xCC,0xB0,0x64,0x11,0xCC,
    0xB0,0x64,0x11,0xCC,0xB0,0x64,0x11,0xCC,0xB0,0x64,0x11,0xCC,0xB0,0x64,0x11,0xCC,0xB0,0x64,0x11,0xCC,0xB0,0x64,0x11,0xCC,0xB0,0x64,0x11,0xCC,0xB0,0x64,0x11,0xCC,0xB0,0x64,0x11,0xCC,0xB0,0x64,0x11,0xCC,0xB0,0x64,0x11,0xCC,0xB0,0x64,0x11,0xCC,0xB0,0x64,0x11,0xCC,0xB0,0x64,0x11,0xCC,0xB0,0x64,0x11,0xCC,0xB0,0x64,0x11,0xCC,
    0xB0,0x64,0x11,0xCC,0xB0,0x64,0x11,0xCC,0xB0,0x64,0x11,0xCC,0xB0,0x64,0x11,0xCC,0xB0,0x64,0x11,0xCC,0xB0,0x64,0x11,0xCC,0xB0,0x64,0x11,0xCC,0xB0,0x64,0x11,0xCC,0xB0,0x64,0x11,0xCC,0xB0,0x64,0x11,0xCC,0xB0,0x64,0x11,0xCC,0xB0,0x64,0x11,0xCC,0xB0,0x64,0x11,0xCC,0xB0,0x64,0x11,0xCC,0xB0,0x64,0x11,0xCC,0xB0,0x64,0x11,0xCC,
    0xB0,0x64,0x11,0xCC,0xB0,0x64,0x11,0xCC,0xB0,0x64,0x11,0xCC,0xB0,0x64,0x11,0xCC,0xB0,0x64,0x11,0xCC,0xB0,0x64,0x11,0xCC,0xB0,0x64,0x11,0xCC,0xB0,0x64,0x11,0xCC,0xB0,0x64,0x11,0xCC,0xB0,0x64,0x11,0xCC,0xB0,0x64,0x11,0xCC,0xB0,0x64,0x11,0xCC,0xB0,0x64,0x11,0xCC,0xB0,0x64,0x11,0xCC,0xB0,0x64,0x11,0xCC,0xB0,0x64,0x11,0xCC,
    0xB0,0x64,0x11,0xCC,0xB0,0x64,0x11,0xCC,0xB0,0x64,0x11,0xCC,0xB0,0x64,0x11,0xCC,0xB0,0x64,0x11,0xCC,0xB0,0x64,0x11,0xCC,0xB0,0x64,0x11,0xCC,0xB0,0x64,0x11,0xCC,0xB0,0x64,0x11,0xCC,0xB0,0x64,0x11,0xCC,0xB0,0x64,0x11,0xCC,0xB0,0x64,0x11,0xCC,0xB0,0x64,0x11,0xCC,0xB0,0x64,0x11,0xCC,0xB0,0x64,0x11,0xCC,0xB0,0x64,0x11,0xCC,
    0xB0,0x64,0x11,0xCC,0xB0,0x64,0x11,0xCC,0xB0,0x64,0x11,0xCC,0xB0,0x64,0x11,0xCC,0xB0,0x64,0x11,0xCC,0xB0,0x64,0x11,0xCC,0xB0,0x64,0x11,0xCC,0xB0,0x64,0x11,0xCC,0xB0,0x64,0x11,0xCC,0xB0,0x64,0x11,0xCC,0xB0,0x64,0x11,0xCC,0xB0,0x64,0x11,0xCC,0xB0,0x64,0x11,0xCC,0xB0,0x64,0x11,0xCC,0xB0,0x64,0x11,0xCC,0xB0,0x64,0x11,0xCC,
    0xB0,0x64,0x11,0xCC,0xB0,0x64,0x11,0xCC,0xB0,0x64,0x11,0xCC,0xB0,0x64,0x11,0xCC,0xB0,0x65,0x11,0xCC,0xB0,0x65,0x11,0xCC,0xB0,0x65,0x11,0xCC,0xB2,0x64,0x13,0xCC,0xB2,0x64,0x13,0xCC,0xB2,0x65,0x13,0xCC,0xB2,0x65,0x14,0xCC,0xB2,0x66,0x14,0xCC,0xB2,0x66,0x14,0xCC,0xB3,0x66,0x16,0xCC,0xB4,0x68,0x16,0xCC,0xB7,0x69,0x19,0xCC,
    0xB7,0x6A,0x1A,0xCC,0xB9,0x6B,0x1D,0xCC,0xBC,0x6E,0x1F,0xCC,0xBE,0x70,0x22,0xCC,0xC1,0x73,0x24,0xCC,0xC4,0x75,0x28,0xCC,0xC8,0x78,0x2C,0xCC,0xCC,0x7C,0x31,0xCC,0xE6,0xBC,0x95,0xCC,0xF6,0xE6,0xD8,0xCC,0xF3,0xD7,0xBC,0xA4,0x00,0x00,0x00,0x00,0x00,0x00,0x00,0x00,0x00,0x00,0x00,0x00,0x00,0x00,0x00,0x00,0x00,0x00,0x00,0x00,
    0x00,0x00,0x00,0x00,0x00,0x00,0x00,0x00,0x00,0x00,0x00,0x00,0x00,0x00,0x00,0x00,0xE6,0xB8,0x8A,0x3D,0xF7,0xE7,0xD9,0xCB,0xF5,0xE2,0xD2,0xCC,0xD2,0x88,0x45,0xCC,0xC9,0x79,0x2E,0xCC,0xC6,0x77,0x2A,0xCC,0xC2,0x74,0x27,0xCC,0xBF,0x70,0x23,0xCC,0xBD,0x6E,0x1F,0xCC,0xBA,0x6D,0x1D,0xCC,0xB8,0x6B,0x1A,0xCC,0xB7,0x69,0x19,0xCC,
    0xB5,0x69,0x18,0xCC,0xB4,0x66,0x16,0xCC,0xB3,0x66,0x15,0xCC,0xB2,0x66,0x14,0xCC,0xB2,0x65,0x14,0xCC,0xB2,0x65,0x13,0xCC,0xB2,0x64,0x13,0xCC,0xB2,0x64,0x13,0xCC,0xB0,0x65,0x11,0xCC,0xB0,0x65,0x11,0xCC,0xB0,0x65,0x11,0xCC,0xB0,0x64,0x11,0xCC,0xB0,0x64,0x11,0xCC,0xB0,0x64,0x11,0xCC,0xB0,0x64,0x11,0xCC,0xB0,0x64,0x11,0xCC,
    0xB0,0x64,0x11,0xCC,0xB0,0x64,0x11,0xCC,0xB0,0x64,0x11,0xCC,0xB0,0x64,0x11,0xCC,0xB0,0x64,0x11,0xCC,0xB0,0x64,0x11,0xCC,0xB0,0x64,0x11,0xCC,0xB0,0x64,0x11,0xCC,0xB0,0x64,0x11,0xCC,0xB0,0x64,0x11,0xCC,0xB0,0x64,0x11,0xCC,0xB0,0x64,0x11,0xCC,0xB0,0x64,0x11,0xCC,0xB0,0x64,0x11,0xCC,0xB0,0x64,0x11,0xCC,0xB0,0x64,0x11,0xCC,
    0xB0,0x64,0x11,0xCC,0xB0,0x64,0x11,0xCC,0xB0,0x64,0x11,0xCC,0xB0,0x64,0x11,0xCC,0xB0,0x64,0x11,0xCC,0xB0,0x64,0x11,0xCC,0xB0,0x64,0x11,0xCC,0xB0,0x64,0x11,0xCC,0xB0,0x64,0x11,0xCC,0xB0,0x64,0x11,0xCC,0xB0,0x64,0x11,0xCC,0xB0,0x64,0x11,0xCC,0xC9,0x94,0x5A,0xD9,0xDE,0xBE,0x9B,0xE7,0xE5,0xCC,0xB1,0xEC,0xE5,0xCC,0xB1,0xEC,
    0xE5,0xCC,0xB1,0xEC,0xE5,0xCC,0xB1,0xEC,0xE5,0xCC,0xB1,0xEC,0xE5,0xCC,0xB1,0xEC,0xE5,0xCC,0xB1,0xEC,0xE5,0xCC,0xB1,0xEC,0xE5,0xCC,0xB1,0xEC,0xE5,0xCC,0xB1,0xEC,0xE5,0xCC,0xB1,0xEC,0xE5,0xCC,0xB1,0xEC,0xE5,0xCC,0xB1,0xEC,0xE5,0xCC,0xB1,0xEC,0xE5,0xCC,0xB1,0xEC,0xE5,0xCC,0xB1,0xEC,0xE5,0xCC,0xB1,0xEC,0xE5,0xCC,0xB1,0xEC,
    0xE5,0xCC,0xB1,0xEC,0xE5,0xCC,0xB1,0xEC,0xE5,0xCC,0xB1,0xEC,0xE5,0xCC,0xB1,0xEC,0xE5,0xCC,0xB1,0xEC,0xE5,0xCC,0xB1,0xEC,0xE5,0xCC,0xB1,0xEC,0xE5,0xCC,0xB1,0xEC,0xE5,0xCC,0xB1,0xEC,0xE5,0xCC,0xB1,0xEC,0xE5,0xCC,0xB1,0xEC,0xE5,0xCC,0xB1,0xEC,0xE5,0xCC,0xB1,0xEC,0xE5,0xCC,0xB1,0xEC,0xE5,0xCC,0xB1,0xEC,0xE5,0xCC,0xB1,0xEC,
    0xE5,0xCC,0xB1,0xEC,0xE5,0xCC,0xB1,0xEC,0xDE,0xBE,0x9B,0xE7,0xC8,0x93,0x58,0xD9,0xB0,0x64,0x11,0xCC,0xB0,0x64,0x11,0xCC,0xB0,0x64,0x11,0xCC,0xB0,0x64,0x11,0xCC,0xB0,0x64,0x11,0xCC,0xB0,0x64,0x11,0xCC,0xB0,0x64,0x11,0xCC,0xB0,0x64,0x11,0xCC,0xB0,0x64,0x11,0xCC,0xB0,0x64,0x11,0xCC,0xB0,0x64,0x11,0xCC,0xB0,0x64,0x11,0xCC,
    0xB0,0x64,0x11,0xCC,0xB0,0x64,0x11,0xCC,0xB0,0x64,0x11,0xCC,0xB0,0x64,0x11,0xCC,0xB0,0x64,0x11,0xCC,0xB0,0x64,0x11,0xCC,0xB0,0x64,0x11,0xCC,0xB0,0x64,0x11,0xCC,0xB0,0x64,0x11,0xCC,0xB0,0x64,0x11,0xCC,0xB0,0x64,0x11,0xCC,0xB0,0x64,0x11,0xCC,0xB0,0x64,0x11,0xCC,0xB0,0x64,0x11,0xCC,0xB0,0x64,0x11,0xCC,0xB0,0x64,0x11,0xCC,
    0xB0,0x64,0x11,0xCC,0xB0,0x64,0x11,0xCC,0xB0,0x64,0x11,0xCC,0xB0,0x64,0x11,0xCC,0xB0,0x64,0x11,0xCC,0xB0,0x65,0x11,0xCC,0xB0,0x65,0x11,0xCC,0xB0,0x65,0x11,0xCC,0xB2,0x64,0x13,0xCC,0xB2,0x64,0x13,0xCC,0xB2,0x65,0x13,0xCC,0xB2,0x65,0x14,0xCC,0xB2,0x66,0x14,0xCC,0xB3,0x66,0x15,0xCC,0xB4,0x66,0x16,0xCC,0xB5,0x69,0x18,0xCC,
    0xB7,0x69,0x19,0xCC,0xB8,0x6B,0x1A,0xCC,0xBA,0x6D,0x1D,0xCC,0xBD,0x6E,0x1F,0xCC,0xBF,0x70,0x23,0xCC,0xC2,0x74,0x27,0xCC,0xC6,0x77,0x2A,0xCC,0xC9,0x79,0x2E,0xCC,0xD2,0x88,0x45,0xCC,0xF5,0xE2,0xD2,0xCC,0xF7,0xE7,0xD9,0xCB,0xE6,0xB8,0x8A,0x3D,0x00,0x00,0x00,0x00,0x00,0x00,0x00,0x00,0x00,0x00,0x00,0x00,0x00,0x00,0x00,0x00,
    0x00,0x00,0x00,0x00,0x00,0x00,0x00,0x00,0x00,0x00,0x00,0x00,0x00,0x00,0x00,0x00,0xF2,0xD4,0xBB,0x99,0xF6,0xE6,0xD8,0xCC,0xE6,0xBC,0x95,0xCC,0xCC,0x7C,0x31,0xCC,0xC7,0x78,0x2C,0xCC,0xC4,0x75,0x28,0xCC,0xC1,0x72,0x24,0xCC,0xBE,0x6F,0x22,0xCC,0xBC,0x6E,0x1E,0xCC,0xB9,0x6B,0x1B,0xCC,0xB7,0x69,0x19,0xCC,0xB5,0x69,0x18,0xCC,
    0xB4,0x68,0x16,0xCC,0xB3,0x66,0x15,0xCC,0xB2,0x66,0x14,0xCC,0xB2,0x65,0x14,0xCC,0xB2,0x65,0x14,0xCC,0xB2,0x64,0x13,0xCC,0xB2,0x64,0x13,0xCC,0xB0,0x65,0x11,0xCC,0xB0,0x65,0x11,0xCC,0xB0,0x65,0x11,0xCC,0xB0,0x64,0x11,0xCC,0xB0,0x64,0x11,0xCC,0xB0,0x64,0x11,0xCC,0xB0,0x64,0x11,0xCC,0xB0,0x64,0x11,0xCC,0xB0,0x64,0x11,0xCC,
    0xB0,0x64,0x11,0xCC,0xB0,0x64,0x11,0xCC,0xB0,0x64,0x11,0xCC,0xB0,0x64,0x11,0xCC,0xB0,0x64,0x11,0xCC,0xB0,0x64,0x11,0xCC,0xB0,0x64,0x11,0xCC,0xB0,0x64,0x11,0xCC,0xB0,0x64,0x11,0xCC,0xB0,0x64,0x11,0xCC,0xB0,0x64,0x11,0xCC,0xB0,0x64,0x11,0xCC,0xB0,0x64,0x11,0xCC,0xB0,0x64,0x11,0xCC,0xB0,0x64,0x11,0xCC,0xB0,0x64,0x11,0xCC,
    0xB0,0x64,0x11,0xCC,0xB0,0x64,0x11,0xCC,0xB0,0x64,0x11,0xCC,0xB0,0x64,0x11,0xCC,0xB0,0x64,0x11,0xCC,0xB0,0x64,0x11,0xCC,0xB0,0x64,0x11,0xCC,0xB0,0x64,0x11,0xCC,0xB0,0x64,0x11,0xCC,0xB0,0x64,0x11,0xCC,0xB0,0x64,0x11,0xCC,0xE4,0xC9,0xAB,0xEA,0xFF,0xFF,0xFF,0xFF,0xFF,0xFF,0xFF,0xFF,0xFF,0xFF,0xFF,0xFF,0xFF,0xFF,0xFF,0xFF,
    0xFF,0xFF,0xFF,0xFF,0xFF,0xFF,0xFF,0xFF,0xFF,0xFF,0xFF,0xFF,0xFF,0xFF,0xFF,0xFF,0xFF,0xFF,0xFF,0xFF,0xFF,0xFF,0xFF,0xFF,0xFF,0xFF,0xFF,0xFF,0xFF,0xFF,0xFF,0xFF,0xFF,0xFF,0xFF,0xFF,0xFF,0xFF,0xFF,0xFF,0xFF,0xFF,0xFF,0xFF,0xFF,0xFF,0xFF,0xFF,0xFF,0xFF,0xFF,0xFF,0xFF,0xFF,0xFF,0xFF,0xFF,0xFF,0xFF,0xFF,0xFF,0xFF,0xFF,0xFF,
    0xFF,0xFF,0xFF,0xFF,0xFF,0xFF,0xFF,0xFF,0xFF,0xFF,0xFF,0xFF,0xFF,0xFF,0xFF,0xFF,0xFF,0xFF,0xFF,0xFF,0xFF,0xFF,0xFF,0xFF,0xFF,0xFF,0xFF,0xFF,0xFF,0xFF,0xFF,0xFF,0xFF,0xFF,0xFF,0xFF,0xFF,0xFF,0xFF,0xFF,0xFF,0xFF,0xFF,0xFF,0xFF,0xFF,0xFF,0xFF,0xFF,0xFF,0xFF,0xFF,0xFF,0xFF,0xFF,0xFF,0xFF,0xFF,0xFF,0xFF,0xFF,0xFF,0xFF,0xFF,
    0xFF,0xFF,0xFF,0xFF,0xFF,0xFF,0xFF,0xFF,0xFF,0xFF,0xFF,0xFF,0xFF,0xFF,0xFF,0xFF,0xE3,0xC7,0xAA,0xEA,0xB0,0x64,0x11,0xCC,0xB0,0x64,0x11,0xCC,0xB0,0x64,0x11,0xCC,0xB0,0x64,0x11,0xCC,0xB0,0x64,0x11,0xCC,0xB0,0x64,0x11,0xCC,0xB0,0x64,0x11,0xCC,0xB0,0x64,0x11,0xCC,0xB0,0x64,0x11,0xCC,0xB0,0x64,0x11,0xCC,0xB0,0x64,0x11,0xCC,
    0xB0,0x64,0x11,0xCC,0xB0,0x64,0x11,0xCC,0xB0,0x64,0x11,0xCC,0xB0,0x64,0x11,0xCC,0xB0,0x64,0x11,0xCC,0xB0,0x64,0x11,0xCC,0xB0,0x64,0x11,0xCC,0xB0,0x64,0x11,0xCC,0xB0,0x64,0x11,0xCC,0xB0,0x64,0x11,0xCC,0xB0,0x64,0x11,0xCC,0xB0,0x64,0x11,0xCC,0xB0,0x64,0x11,0xCC,0xB0,0x64,0x11,0xCC,0xB0,0x64,0x11,0xCC,0xB0,0x64,0x11,0xCC,
    0xB0,0x64,0x11,0xCC,0xB0,0x64,0x11,0xCC,0xB0,0x64,0x11,0xCC,0xB0,0x64,0x11,0xCC,0xB0,0x64,0x11,0xCC,0xB0,0x64,0x11,0xCC,0xB0,0x65,0x11,0xCC,0xB0,0x65,0x11,0xCC,0xB0,0x65,0x11,0xCC,0xB2,0x64,0x13,0xCC,0xB2,0x64,0x13,0xCC,0xB2,0x65,0x14,0xCC,0xB2,0x65,0x14,0xCC,0xB2,0x66,0x14,0xCC,0xB3,0x66,0x15,0xCC,0xB4,0x68,0x16,0xCC,
    0xB5,0x69,0x18,0xCC,0xB7,0x69,0x19,0xCC,0xB9,0x6B,0x1B,0xCC,0xBC,0x6E,0x1E,0xCC,0xBE,0x6F,0x22,0xCC,0xC1,0x72,0x24,0xCC,0xC4,0x75,0x28,0xCC,0xC7,0x78,0x2C,0xCC,0xCC,0x7C,0x31,0xCC,0xE6,0xBC,0x95,0xCC,0xF6,0xE6,0xD8,0xCC,0xF2,0xD4,0xBB,0x99,0x00,0x00,0x00,0x00,0x00,0x00,0x00,0x00,0x00,0x00,0x00,0x00,0x00,0x00,0x00,0x00,
    0x00,0x00,0x00,0x00,0x00,0x00,0x00,0x00,0x00,0x00,0x00,0x00,0xE4,0xAE,0x80,0x26,0xF6,0xE4,0xD4,0xCA,0xF6,0xE6,0xD7,0xCC,0xD3,0x8D,0x4B,0xCC,0xC9,0x79,0x2E,0xCC,0xC6,0x77,0x29,0xCC,0xC2,0x73,0x27,0xCC,0xBF,0x70,0x23,0xCC,0xBC,0x6E,0x1F,0xCC,0xBA,0x6B,0x1D,0xCC,0xB8,0x6B,0x1A,0xCC,0xB7,0x69,0x19,0xCC,0xB5,0x68,0x16,0xCC,
    0xB3,0x66,0x16,0xCC,0xB2,0x66,0x14,0xCC,0xB2,0x66,0x14,0xCC,0xB2,0x65,0x14,0xCC,0xB2,0x65,0x13,0xCC,0xB2,0x64,0x13,0xCC,0xB0,0x65,0x11,0xCC,0xB0,0x65,0x11,0xCC,0xB0,0x65,0x11,0xCC,0xB0,0x64,0x11,0xCC,0xB0,0x64,0x11,0xCC,0xB0,0x64,0x11,0xCC,0xB0,0x64,0x11,0xCC,0xB0,0x64,0x11,0xCC,0xB0,0x64,0x11,0xCC,0xB0,0x64,0x11,0xCC,
    0xB0,0x64,0x11,0xCC,0xB0,0x64,0x11,0xCC,0xB0,0x64,0x11,0xCC,0xB0,0x64,0x11,0xCC,0xB0,0x64,0x11,0xCC,0xB0,0x64,0x11,0xCC,0xB0,0x64,0x11,0xCC,0xB0,0x64,0x11,0xCC,0xB0,0x64,0x11,0xCC,0xB0,0x64,0x11,0xCC,0xB0,0x64,0x11,0xCC,0xB0,0x64,0x11,0xCC,0xB0,0x64,0x11,0xCC,0xB0,0x64,0x11,0xCC,0xB0,0x64,0x11,0xCC,0xB0,0x64,0x11,0xCC,
    0xB0,0x64,0x11,0xCC,0xB0,0x64,0x11,0xCC,0xB0,0x64,0x11,0xCC,0xB0,0x64,0x11,0xCC,0xB0,0x64,0x11,0xCC,0xB0,0x64,0x11,0xCC,0xB0,0x64,0x11,0xCC,0xB0,0x64,0x11,0xCC,0xB0,0x64,0x11,0xCC,0xB0,0x64,0x11,0xCC,0xC9,0x96,0x5E,0xDA,0xFF,0xFF,0xFF,0xFF,0xFF,0xFF,0xFF,0xFF,0xFF,0xFF,0xFF,0xFF,0xFF,0xFF,0xFF,0xFF,0xFF,0xFF,0xFF,0xFF,
    0xFF,0xFF,0xFF,0xFF,0xFF,0xFF,0xFF,0xFF,0xFF,0xFF,0xFF,0xFF,0xFF,0xFF,0xFF,0xFF,0xFF,0xFF,0xFF,0xFF,0xFF,0xFF,0xFF,0xFF,0xFF,0xFF,0xFF,0xFF,0xFF,0xFF,0xFF,0xFF,0xFF,0xFF,0xFF,0xFF,0xFF,0xFF,0xFF,0xFF,0xFF,0xFF,0xFF,0xFF,0xFF,0xFF,0xFF,0xFF,0xFF,0xFF,0xFF,0xFF,0xFF,0xFF,0xFF,0xFF,0xFF,0xFF,0xFF,0xFF,0xFF,0xFF,0xFF,0xFF,
    0xFF,0xFF,0xFF,0xFF,0xFF,0xFF,0xFF,0xFF,0xFF,0xFF,0xFF,0xFF,0xFF,0xFF,0xFF,0xFF,0xFF,0xFF,0xFF,0xFF,0xFF,0xFF,0xFF,0xFF,0xFF,0xFF,0xFF,0xFF,0xFF,0xFF,0xFF,0xFF,0xFF,0xFF,0xFF,0xFF,0xFF,0xFF,0xFF,0xFF,0xFF,0xFF,0xFF,0xFF,0xFF,0xFF,0xFF,0xFF,0xFF,0xFF,0xFF,0xFF,0xFF,0xFF,0xFF,0xFF,0xFF,0xFF,0xFF,0xFF,0xFF,0xFF,0xFF,0xFF,
    0xFF,0xFF,0xFF,0xFF,0xFF,0xFF,0xFF,0xFF,0xFF,0xFF,0xFF,0xFF,0xFF,0xFF,0xFF,0xFF,0xFF,0xFF,0xFF,0xFF,0xC9,0x95,0x5C,0xDA,0xB0,0x64,0x11,0xCC,0xB0,0x64,0x11,0xCC,0xB0,0x64,0x11,0xCC,0xB0,0x64,0x11,0xCC,0xB0,0x64,0x11,0xCC,0xB0,0x64,0x11,0xCC,0xB0,0x64,0x11,0xCC,0xB0,0x64,0x11,0xCC,0xB0,0x64,0x11,0xCC,0xB0,0x64,0x11,0xCC,
    0xB0,0x64,0x11,0xCC,0xB0,0x64,0x11,0xCC,0xB0,0x64,0x11,0xCC,0xB0,0x64,0x11,0xCC,0xB0,0x64,0x11,0xCC,0xB0,0x64,0x11,0xCC,0xB0,0x64,0x11,0xCC,0xB0,0x64,0x11,0xCC,0xB0,0x64,0x11,0xCC,0xB0,0x64,0x11,0xCC,0xB0,0x64,0x11,0xCC,0xB0,0x64,0x11,0xCC,0xB0,0x64,0x11,0xCC,0xB0,0x64,0x11,0xCC,0xB0,0x64,0x11,0xCC,0xB0,0x64,0x11,0xCC,
    0xB0,0x64,0x11,0xCC,0xB0,0x64,0x11,0xCC,0xB0,0x64,0x11,0xCC,0xB0,0x64,0x11,0xCC,0xB0,0x64,0x11,0xCC,0xB0,0x64,0x11,0xCC,0xB0,0x64,0x11,0xCC,0xB0,0x65,0x11,0xCC,0xB0,0x65,0x11,0xCC,0xB0,0x65,0x11,0xCC,0xB2,0x64,0x13,0xCC,0xB2,0x65,0x13,0xCC,0xB2,0x65,0x14,0xCC,0xB2,0x66,0x14,0xCC,0xB2,0x66,0x14,0xCC,0xB3,0x66,0x16,0xCC,
    0xB5,0x68,0x16,0xCC,0xB7,0x69,0x19,0xCC,0xB8,0x6B,0x1A,0xCC,0xBA,0x6B,0x1D,0xCC,0xBC,0x6E,0x1F,0xCC,0xBF,0x70,0x23,0xCC,0xC2,0x73,0x27,0xCC,0xC6,0x77,0x29,0xCC,0xC9,0x79,0x2E,0xCC,0xD3,0x8D,0x4B,0xCC,0xF6,0xE6,0xD7,0xCC,0xF6,0xE4,0xD4,0xCA,0xE4,0xAE,0x80,0x26,0x00,0x00,0x00,0x00,0x00,0x00,0x00,0x00,0x00,0x00,0x00,0x00,
    0x00,0x00,0x00,0x00,0x00,0x00,0x00,0x00,0x00,0x00,0x00,0x00,0xF2,0xD4,0xB8,0x76,0xF6,0xE6,0xD8,0xCC,0xEB,0xC8,0xA8,0xCC,0xCC,0x7C,0x31,0xCC,0xC8,0x78,0x2D,0xCC,0xC4,0x75,0x28,0xCC,0xC1,0x72,0x24,0xCC,0xBE,0x6F,0x22,0xCC,0xBC,0x6D,0x1E,0xCC,0xB9,0x6B,0x1B,0xCC,0xB7,0x6A,0x1A,0xCC,0xB5,0x69,0x18,0xCC,0xB4,0x68,0x16,0xCC,
    0xB3,0x66,0x15,0xCC,0xB2,0x66,0x14,0xCC,0xB2,0x65,0x14,0xCC,0xB2,0x65,0x14,0xCC,0xB2,0x64,0x13,0xCC,0xB0,0x65,0x11,0xCC,0xB0,0x65,0x11,0xCC,0xB0,0x65,0x11,0xCC,0xB0,0x64,0x11,0xCC,0xB0,0x64,0x11,0xCC,0xB0,0x64,0x11,0xCC,0xB0,0x64,0x11,0xCC,0xB0,0x64,0x11,0xCC,0xB0,0x64,0x11,0xCC,0xB0,0x64,0x11,0xCC,0xB0,0x64,0x11,0xCC,
    0xB0,0x64,0x11,0xCC,0xB0,0x64,0x11,0xCC,0xB0,0x64,0x11,0xCC,0xB0,0x64,0x11,0xCC,0xB0,0x64,0x11,0xCC,0xB0,0x64,0x11,0xCC,0xB0,0x64,0x11,0xCC,0xB0,0x64,0x11,0xCC,0xB0,0x64,0x11,0xCC,0xB0,0x64,0x11,0xCC,0xB0,0x64,0x11,0xCC,0xB0,0x64,0x11,0xCC,0xB0,0x64,0x11,0xCC,0xB0,0x64,0x11,0xCC,0xB0,0x64,0x11,0xCC,0xB0,0x64,0x11,0xCC,
    0xB0,0x64,0x11,0xCC,0xB0,0x64,0x11,0xCC,0xB0,0x64,0x11,0xCC,0xB0,0x64,0x11,0xCC,0xB0,0x64,0x11,0xCC,0xB0,0x64,0x11,0xCC,0xB0,0x64,0x11,0xCC,0xB0,0x64,0x11,0xCC,0xB0,0x64,0x11,0xCC,0xB0,0x64,0x11,0xCC,0xDF,0xC0,0x9F,0xE8,0xFF,0xFF,0xFF,0xFF,0xFF,0xFF,0xFF,0xFF,0xFF,0xFF,0xFF,0xFF,0xFF,0xFF,0xFF,0xFF,0xFF,0xFF,0xFF,0xFF,
    0xFF,0xFF,0xFF,0xFF,0xFF,0xFF,0xFF,0xFF,0xFF,0xFF,0xFF,0xFF,0xFF,0xFF,0xFF,0xFF,0xFF,0xFF,0xFF,0xFF,0xFF,0xFF,0xFF,0xFF,0xFF,0xFF,0xFF,0xFF,0xFF,0xFF,0xFF,0xFF,0xFF,0xFF,0xFF,0xFF,0xFF,0xFF,0xFF,0xFF,0xFF,0xFF,0xFF,0xFF,0xFF,0xFF,0xFF,0xFF,0xFF,0xFF,0xFF,0xFF,0xFF,0xFF,0xFF,0xFF,0xFF,0xFF,0xFF,0xFF,0xFF,0xFF,0xFF,0xFF,
    0xFF,0xFF,0xFF,0xFF,0xFF,0xFF,0xFF,0xFF,0xFF,0xFF,0xFF,0xFF,0xFF,0xFF,0xFF,0xFF,0xFF,0xFF,0xFF,0xFF,0xFF,0xFF,0xFF,0xFF,0xFF,0xFF,0xFF,0xFF,0xFF,0xFF,0xFF,0xFF,0xFF,0xFF,0xFF,0xFF,0xFF,0xFF,0xFF,0xFF,0xFF,0xFF,0xFF,0xFF,0xFF,0xFF,0xFF,0xFF,0xFF,0xFF,0xFF,0xFF,0xFF,0xFF,0xFF,0xFF,0xFF,0xFF,0xFF,0xFF,0xFF,0xFF,0xFF,0xFF,
    0xFF,0xFF,0xFF,0xFF,0xFF,0xFF,0xFF,0xFF,0xFF,0xFF,0xFF,0xFF,0xFF,0xFF,0xFF,0xFF,0xFF,0xFF,0xFF,0xFF,0xDF,0xC0,0x9E,0xE7,0xB0,0x64,0x11,0xCC,0xB0,0x64,0x11,0xCC,0xB0,0x64,0x11,0xCC,0xB0,0x64,0x11,0xCC,0xB0,0x64,0x11,0xCC,0xB0,0x64,0x11,0xCC,0xB0,0x64,0x11,0xCC,0xB0,0x64,0x11,0xCC,0xB0,0x64,0x11,0xCC,0xB0,0x64,0x11,0xCC,
    0xB0,0x64,0x11,0xCC,0xB0,0x64,0x11,0xCC,0xB0,0x64,0x11,0xCC,0xB0,0x64,0x11,0xCC,0xB0,0x64,0x11,0xCC,0xB0,0x64,0x11,0xCC,0xB0,0x64,0x11,0xCC,0xB0,0x64,0x11,0xCC,0xB0,0x64,0x11,0xCC,0xB0,0x64,0x11,0xCC,0xB0,0x64,0x11,0xCC,0xB0,0x64,0x11,0xCC,0xB0,0x64,0x11,0xCC,0xB0,0x64,0x11,0xCC,0xB0,0x64,0x11,0xCC,0xB0,0x64,0x11,0xCC,
    0xB0,0x64,0x11,0xCC,0xB0,0x64,0x11,0xCC,0xB0,0x64,0x11,0xCC,0xB0,0x64,0x11,0xCC,0xB0,0x64,0x11,0xCC,0xB0,0x64,0x11,0xCC,0xB0,0x64,0x11,0xCC,0xB0,0x64,0x11,0xCC,0xB0,0x65,0x11,0xCC,0xB0,0x65,0x11,0xCC,0xB0,0x65,0x11,0xCC,0xB2,0x64,0x13,0xCC,0xB2,0x65,0x14,0xCC,0xB2,0x65,0x14,0xCC,0xB2,0x66,0x14,0xCC,0xB3,0x66,0x15,0xCC,
    0xB4,0x68,0x16,0xCC,0xB5,0x69,0x18,0xCC,0xB7,0x6A,0x1A,0xCC,0xB9,0x6B,0x1B,0xCC,0xBC,0x6D,0x1E,0xCC,0xBE,0x6F,0x22,0xCC,0xC1,0x72,0x24,0xCC,0xC4,0x75,0x28,0xCC,0xC8,0x78,0x2D,0xCC,0xCC,0x7C,0x31,0xCC,0xEB,0xC8,0xA8,0xCC,0xF6,0xE6,0xD8,0xCC,0xF2,0xD4,0xB8,0x76,0x00,0x00,0x00,0x00,0x00,0x00,0x00,0x00,0x00,0x00,0x00,0x00,
    0x00,0x00,0x00,0x00,0x00,0x00,0x00,0x00,0xAA,0x55,0x55,0x03,0xF4,0xDC,0xC7,0xC0,0xF6,0xE6,0xD7,0xCC,0xD9,0x9C,0x64,0xCC,0xCA,0x7B,0x2F,0xCC,0xC7,0x77,0x2A,0xCC,0xC2,0x74,0x27,0xCC,0xBF,0x70,0x23,0xCC,0xBC,0x6E,0x1F,0xCC,0xBA,0x6B,0x1D,0xCC,0xB7,0x6B,0x1A,0xCC,0xB7,0x69,0x19,0xCC,0xB5,0x68,0x16,0xCC,0xB3,0x66,0x16,0xCC,
    0xB2,0x66,0x14,0xCC,0xB2,0x66,0x14,0xCC,0xB2,0x65,0x14,0xCC,0xB2,0x65,0x13,0xCC,0xB2,0x64,0x13,0xCC,0xB0,0x65,0x11,0xCC,0xB0,0x65,0x11,0xCC,0xB0,0x64,0x11,0xCC,0xB0,0x64,0x11,0xCC,0xB0,0x64,0x11,0xCC,0xB0,0x64,0x11,0xCC,0xB0,0x64,0x11,0xCC,0xB0,0x64,0x11,0xCC,0xB0,0x64,0x11,0xCC,0xB0,0x64,0x11,0xCC,0xB0,0x64,0x11,0xCC,
    0xB0,0x64,0x11,0xCC,0xB0,0x64,0x11,0xCC,0xB0,0x64,0x11,0xCC,0xB0,0x64,0x11,0xCC,0xB0,0x64,0x11,0xCC,0xB0,0x64,0x11,0xCC,0xB0,0x64,0x11,0xCC,0xB0,0x64,0x11,0xCC,0xB0,0x64,0x11,0xCC,0xB0,0x64,0x11,0xCC,0xB0,0x64,0x11,0xCC,0xB0,0x64,0x11,0xCC,0xB0,0x64,0x11,0xCC,0xB0,0x64,0x11,0xCC,0xB0,0x64,0x11,0xCC,0xB0,0x64,0x11,0xCC,
    0xB0,0x64,0x11,0xCC,0xB0,0x64,0x11,0xCC,0xB0,0x64,0x11,0xCC,0xB0,0x64,0x11,0xCC,0xB0,0x64,0x11,0xCC,0xB0,0x64,0x11,0xCC,0xB0,0x64,0x11,0xCC,0xB0,0x64,0x11,0xCC,0xB0,0x64,0x11,0xCC,0xB0,0x64,0x11,0xCC,0xE9,0xD3,0xBA,0xEE,0xFF,0xFF,0xFF,0xFF,0xFF,0xFF,0xFF,0xFF,0xFF,0xFF,0xFF,0xFF,0xFF,0xFF,0xFF,0xFF,0xFF,0xFF,0xFF,0xFF,
    0xFF,0xFF,0xFF,0xFF,0xFF,0xFF,0xFF,0xFF,0xFF,0xFF,0xFF,0xFF,0xFF,0xFF,0xFF,0xFF,0xFF,0xFF,0xFF,0xFF,0xFF,0xFF,0xFF,0xFF,0xFF,0xFF,0xFF,0xFF,0xFF,0xFF,0xFF,0xFF,0xFF,0xFF,0xFF,0xFF,0xFF,0xFF,0xFF,0xFF,0xFF,0xFF,0xFF,0xFF,0xFF,0xFF,0xFF,0xFF,0xFF,0xFF,0xFF,0xFF,0xFF,0xFF,0xFF,0xFF,0xFF,0xFF,0xFF,0xFF,0xFF,0xFF,0xFF,0xFF,
    0xFF,0xFF,0xFF,0xFF,0xFF,0xFF,0xFF,0xFF,0xFF,0xFF,0xFF,0xFF,0xFF,0xFF,0xFF,0xFF,0xFF,0xFF,0xFF,0xFF,0xFF,0xFF,0xFF,0xFF,0xFF,0xFF,0xFF,0xFF,0xFF,0xFF,0xFF,0xFF,0xFF,0xFF,0xFF,0xFF,0xFF,0xFF,0xFF,0xFF,0xFF,0xFF,0xFF,0xFF,0xFF,0xFF,0xFF,0xFF,0xFF,0xFF,0xFF,0xFF,0xFF,0xFF,0xFF,0xFF,0xFF,0xFF,0xFF,0xFF,0xFF,0xFF,0xFF,0xFF,
    0xFF,0xFF,0xFF,0xFF,0xFF,0xFF,0xFF,0xFF,0xFF,0xFF,0xFF,0xFF,0xFF,0xFF,0xFF,0xFF,0xFF,0xFF,0xFF,0xFF,0xE9,0xD2,0xBA,0xEE,0xB0,0x64,0x11,0xCC,0xB0,0x64,0x11,0xCC,0xB0,0x64,0x11,0xCC,0xB0,0x64,0x11,0xCC,0xB0,0x64,0x11,0xCC,0xB0,0x64,0x11,0xCC,0xB0,0x64,0x11,0xCC,0xB0,0x64,0x11,0xCC,0xB0,0x64,0x11,0xCC,0xB0,0x64,0x11,0xCC,
    0xB0,0x64,0x11,0xCC,0xB0,0x64,0x11,0xCC,0xB0,0x64,0x11,0xCC,0xB0,0x64,0x11,0xCC,0xB0,0x64,0x11,0xCC,0xB0,0x64,0x11,0xCC,0xB0,0x64,0x11,0xCC,0xB0,0x64,0x11,0xCC,0xB0,0x64,0x11,0xCC,0xB0,0x64,0x11,0xCC,0xB0,0x64,0x11,0xCC,0xB0,0x64,0x11,0xCC,0xB0,0x64,0x11,0xCC,0xB0,0x64,0x11,0xCC,0xB0,0x64,0x11,0xCC,0xB0,0x64,0x11,0xCC,
    0xB0,0x64,0x11,0xCC,0xB0,0x64,0x11,0xCC,0xB0,0x64,0x11,0xCC,0xB0,0x64,0x11,0xCC,0xB0,0x64,0x11,0xCC,0xB0,0x64,0x11,0xCC,0xB0,0x64,0x11,0xCC,0xB0,0x64,0x11,0xCC,0xB0,0x64,0x11,0xCC,0xB0,0x65,0x11,0xCC,0xB0,0x65,0x11,0xCC,0xB2,0x64,0x13,0xCC,0xB2,0x65,0x13,0xCC,0xB2,0x65,0x14,0xCC,0xB2,0x66,0x14,0xCC,0xB2,0x66,0x14,0xCC,
    0xB3,0x66,0x16,0xCC,0xB5,0x68,0x16,0xCC,0xB7,0x69,0x19,0xCC,0xB7,0x6B,0x1A,0xCC,0xBA,0x6B,0x1D,0xCC,0xBC,0x6E,0x1F,0xCC,0xBF,0x70,0x23,0xCC,0xC2,0x74,0x27,0xCC,0xC7,0x77,0x2A,0xCC,0xCA,0x7B,0x2F,0xCC,0xD9,0x9C,0x64,0xCC,0xF6,0xE6,0xD7,0xCC,0xF4,0xDC,0xC7,0xC0,0xAA,0x55,0x55,0x03,0x00,0x00,0x00,0x00,0x00,0x00,0x00,0x00,
    0x00,0x00,0x00,0x00,0x00,0x00,0x00,0x00,0xEA,0xC0,0x96,0x49,0xF8,0xE6,0xD8,0xCC,0xF3,0xDD,0xC9,0xCC,0xCD,0x7E,0x34,0xCC,0xC8,0x79,0x2D,0xCC,0xC4,0x75,0x29,0xCC,0xC1,0x73,0x25,0xCC,0xBE,0x70,0x22,0xCC,0xBC,0x6E,0x1F,0xCC,0xB9,0x6B,0x1B,0xCC,0xB7,0x6A,0x1A,0xCC,0xB5,0x69,0x18,0xCC,0xB4,0x68,0x16,0xCC,0xB3,0x66,0x15,0xCC,
    0xB2,0x66,0x14,0xCC,0xB2,0x65,0x14,0xCC,0xB2,0x65,0x14,0xCC,0xB2,0x64,0x13,0xCC,0xB2,0x64,0x13,0xCC,0xB0,0x65,0x11,0xCC,0xB0,0x64,0x11,0xCC,0xB0,0x64,0x11,0xCC,0xB0,0x64,0x11,0xCC,0xB0,0x64,0x11,0xCC,0xB0,0x64,0x11,0xCC,0xB0,0x64,0x11,0xCC,0xB0,0x64,0x11,0xCC,0xB0,0x64,0x11,0xCC,0xB0,0x64,0x11,0xCC,0xB0,0x64,0x11,0xCC,
    0xB0,0x64,0x11,0xCC,0xB0,0x64,0x11,0xCC,0xB0,0x64,0x11,0xCC,0xB0,0x64,0x11,0xCC,0xB0,0x64,0x11,0xCC,0xB0,0x64,0x11,0xCC,0xB0,0x64,0x11,0xCC,0xB0,0x64,0x11,0xCC,0xB0,0x64,0x11,0xCC,0xB0,0x64,0x11,0xCC,0xB0,0x64,0x11,0xCC,0xB0,0x64,0x11,0xCC,0xB0,0x64,0x11,0xCC,0xB0,0x64,0x11,0xCC,0xB0,0x64,0x11,0xCC,0xB0,0x64,0x11,0xCC,
    0xB0,0x64,0x11,0xCC,0xB0,0x64,0x11,0xCC,0xB0,0x64,0x11,0xCC,0xB0,0x64,0x11,0xCC,0xB0,0x64,0x11,0xCC,0xB0,0x64,0x11,0xCC,0xB0,0x64,0x11,0xCC,0xB0,0x64,0x11,0xCC,0xB0,0x64,0x11,0xCC,0xB0,0x64,0x11,0xCC,0xE9,0xD3,0xBC,0xEE,0xFF,0xFF,0xFF,0xFF,0xFF,0xFF,0xFF,0xFF,0xFF,0xFF,0xFF,0xFF,0xFF,0xFF,0xFF,0xFF,0xFF,0xFF,0xFF,0xFF,
    0xFF,0xFF,0xFF,0xFF,0xFF,0xFF,0xFF,0xFF,0xFF,0xFF,0xFF,0xFF,0xFF,0xFF,0xFF,0xFF,0xFF,0xFF,0xFF,0xFF,0xFF,0xFF,0xFF,0xFF,0xFF,0xFF,0xFF,0xFF,0xFF,0xFF,0xFF,0xFF,0xFF,0xFF,0xFF,0xFF,0xFF,0xFF,0xFF,0xFF,0xFF,0xFF,0xFF,0xFF,0xFF,0xFF,0xFF,0xFF,0xFF,0xFF,0xFF,0xFF,0xFF,0xFF,0xFF,0xFF,0xFF,0xFF,0xFF,0xFF,0xFF,0xFF,0xFF,0xFF,
    0xFF,0xFF,0xFF,0xFF,0xFF,0xFF,0xFF,0xFF,0xFF,0xFF,0xFF,0xFF,0xFF,0xFF,0xFF,0xFF,0xFF,0xFF,0xFF,0xFF,0xFF,0xFF,0xFF,0xFF,0xFF,0xFF,0xFF,0xFF,0xFF,0xFF,0xFF,0xFF,0xFF,0xFF,0xFF,0xFF,0xFF,0xFF,0xFF,0xFF,0xFF,0xFF,0xFF,0xFF,0xFF,0xFF,0xFF,0xFF,0xFF,0xFF,0xFF,0xFF,0xFF,0xFF,0xFF,0xFF,0xFF,0xFF,0xFF,0xFF,0xFF,0xFF,0xFF,0xFF,
    0xFF,0xFF,0xFF,0xFF,0xFF,0xFF,0xFF,0xFF,0xFF,0xFF,0xFF,0xFF,0xFF,0xFF,0xFF,0xFF,0xFF,0xFF,0xFF,0xFF,0xE9,0xD2,0xBA,0xEE,0xB0,0x64,0x11,0xCC,0xB0,0x64,0x11,0xCC,0xB0,0x64,0x11,0xCC,0xB0,0x64,0x11,0xCC,0xB0,0x64,0x11,0xCC,0xB0,0x64,0x11,0xCC,0xB0,0x64,0x11,0xCC,0xB0,0x64,0x11,0xCC,0xB0,0x64,0x11,0xCC,0xB0,0x64,0x11,0xCC,
    0xB0,0x64,0x11,0xCC,0xB0,0x64,0x11,0xCC,0xB0,0x64,0x11,0xCC,0xB0,0x64,0x11,0xCC,0xB0,0x64,0x11,0xCC,0xB0,0x64,0x11,0xCC,0xB0,0x64,0x11,0xCC,0xB0,0x64,0x11,0xCC,0xB0,0x64,0x11,0xCC,0xB0,0x64,0x11,0xCC,0xB0,0x64,0x11,0xCC,0xB0,0x64,0x11,0xCC,0xB0,0x64,0x11,0xCC,0xB0,0x64,0x11,0xCC,0xB0,0x64,0x11,0xCC,0xB0,0x64,0x11,0xCC,
    0xB0,0x64,0x11,0xCC,0xB0,0x64,0x11,0xCC,0xB0,0x64,0x11,0xCC,0xB0,0x64,0x11,0xCC,0xB0,0x64,0x11,0xCC,0xB0,0x64,0x11,0xCC,0xB0,0x64,0x11,0xCC,0xB0,0x64,0x11,0xCC,0xB0,0x64,0x11,0xCC,0xB0,0x64,0x11,0xCC,0xB0,0x65,0x11,0xCC,0xB2,0x64,0x13,0xCC,0xB2,0x64,0x13,0xCC,0xB2,0x65,0x14,0xCC,0xB2,0x65,0x14,0xCC,0xB2,0x66,0x14,0xCC,
    0xB3,0x66,0x15,0xCC,0xB4,0x68,0x16,0xCC,0xB5,0x69,0x18,0xCC,0xB7,0x6A,0x1A,0xCC,0xB9,0x6B,0x1B,0xCC,0xBC,0x6E,0x1F,0xCC,0xBE,0x70,0x22,0xCC,0xC1,0x73,0x25,0xCC,0xC4,0x75,0x29,0xCC,0xC8,0x79,0x2D,0xCC,0xCD,0x7E,0x34,0xCC,0xF3,0xDD,0xC9,0xCC,0xF8,0xE6,0xD8,0xCC,0xEA,0xC0,0x96,0x49,0x00,0x00,0x00,0x00,0x00,0x00,0x00,0x00,
    0x00,0x00,0x00,0x00,0x00,0x00,0x00,0x00,0xF2,0xD4,0xBB,0x87,0xF6,0xE6,0xD8,0xCC,0xE5,0xB9,0x90,0xCC,0xCC,0x7C,0x31,0xCC,0xC7,0x78,0x2C,0xCC,0xC3,0x74,0x28,0xCC,0xBF,0x70,0x24,0xCC,0xBD,0x6F,0x20,0xCC,0xBA,0x6D,0x1D,0xCC,0xB8,0x6B,0x1A,0xCC,0xB7,0x69,0x19,0xCC,0xB4,0x68,0x16,0xCC,0xB3,0x66,0x16,0xCC,0xB2,0x66,0x14,0xCC,
    0xB2,0x66,0x14,0xCC,0xB2,0x65,0x14,0xCC,0xB2,0x65,0x13,0xCC,0xB2,0x64,0x13,0xCC,0xB0,0x65,0x11,0xCC,0xB0,0x65,0x11,0xCC,0xB0,0x64,0x11,0xCC,0xB0,0x64,0x11,0xCC,0xB0,0x64,0x11,0xCC,0xB0,0x64,0x11,0xCC,0xB0,0x64,0x11,0xCC,0xB0,0x64,0x11,0xCC,0xB0,0x64,0x11,0xCC,0xB0,0x64,0x11,0xCC,0xB0,0x64,0x11,0xCC,0xB0,0x64,0x11,0xCC,
    0xB0,0x64,0x11,0xCC,0xB0,0x64,0x11,0xCC,0xB0,0x64,0x11,0xCC,0xB0,0x64,0x11,0xCC,0xB0,0x64,0x11,0xCC,0xB0,0x64,0x11,0xCC,0xB0,0x64,0x11,0xCC,0xB0,0x64,0x11,0xCC,0xB0,0x64,0x11,0xCC,0xB0,0x64,0x11,0xCC,0xB0,0x64,0x11,0xCC,0xB0,0x64,0x11,0xCC,0xB0,0x64,0x11,0xCC,0xB0,0x64,0x11,0xCC,0xB0,0x64,0x11,0xCC,0xB0,0x64,0x11,0xCC,
    0xB0,0x64,0x11,0xCC,0xB0,0x64,0x11,0xCC,0xB0,0x64,0x11,0xCC,0xB0,0x64,0x11,0xCC,0xB0,0x64,0x11,0xCC,0xB0,0x64,0x11,0xCC,0xB0,0x64,0x11,0xCC,0xB0,0x64,0x11,0xCC,0xB0,0x64,0x11,0xCC,0xB0,0x64,0x11,0xCC,0xE9,0xD3,0xBC,0xEE,0xFF,0xFF,0xFF,0xFF,0xFF,0xFF,0xFF,0xFF,0xFF,0xFF,0xFF,0xFF,0xFF,0xFF,0xFF,0xFF,0xFF,0xFF,0xFF,0xFF,
    0xFF,0xFF,0xFF,0xFF,0xFF,0xFF,0xFF,0xFF,0xFF,0xFF,0xFF,0xFF,0xFF,0xFF,0xFF,0xFF,0xFF,0xFF,0xFF,0xFF,0xFF,0xFF,0xFF,0xFF,0xFF,0xFF,0xFF,0xFF,0xFF,0xFF,0xFF,0xFF,0xFF,0xFF,0xFF,0xFF,0xFF,0xFF,0xFF,0xFF,0xFF,0xFF,0xFF,0xFF,0xFF,0xFF,0xFF,0xFF,0xFF,0xFF,0xFF,0xFF,0xFF,0xFF,0xFF,0xFF,0xFF,0xFF,0xFF,0xFF,0xFF,0xFF,0xFF,0xFF,
    0xFF,0xFF,0xFF,0xFF,0xFF,0xFF,0xFF,0xFF,0xFF,0xFF,0xFF,0xFF,0xFF,0xFF,0xFF,0xFF,0xFF,0xFF,0xFF,0xFF,0xFF,0xFF,0xFF,0xFF,0xFF,0xFF,0xFF,0xFF,0xFF,0xFF,0xFF,0xFF,0xFF,0xFF,0xFF,0xFF,0xFF,0xFF,0xFF,0xFF,0xFF,0xFF,0xFF,0xFF,0xFF,0xFF,0xFF,0xFF,0xFF,0xFF,0xFF,0xFF,0xFF,0xFF,0xFF,0xFF,0xFF,0xFF,0xFF,0xFF,0xFF,0xFF,0xFF,0xFF,
    0xFF,0xFF,0xFF,0xFF,0xFF,0xFF,0xFF,0xFF,0xFF,0xFF,0xFF,0xFF,0xFF,0xFF,0xFF,0xFF,0xFF,0xFF,0xFF,0xFF,0xE9,0xD2,0xBA,0xEE,0xB0,0x64,0x11,0xCC,0xB0,0x64,0x11,0xCC,0xB0,0x64,0x11,0xCC,0xB0,0x64,0x11,0xCC,0xB0,0x64,0x11,0xCC,0xB0,0x64,0x11,0xCC,0xB0,0x64,0x11,0xCC,0xB0,0x64,0x11,0xCC,0xB0,0x64,0x11,0xCC,0xB0,0x64,0x11,0xCC,
    0xB0,0x64,0x11,0xCC,0xB0,0x64,0x11,0xCC,0xB0,0x64,0x11,0xCC,0xB0,0x64,0x11,0xCC,0xB0,0x64,0x11,0xCC,0xB0,0x64,0x11,0xCC,0xB0,0x64,0x11,0xCC,0xB0,0x64,0x11,0xCC,0xB0,0x64,0x11,0xCC,0xB0,0x64,0x11,0xCC,0xB0,0x64,0x11,0xCC,0xB0,0x64,0x11,0xCC,0xB0,0x64,0x11,0xCC,0xB0,0x64,0x11,0xCC,0xB0,0x64,0x11,0xCC,0xB0,0x64,0x11,0xCC,
    0xB0,0x64,0x11,0xCC,0xB0,0x64,0x11,0xCC,0xB0,0x64,0x11,0xCC,0xB0,0x64,0x11,0xCC,0xB0,0x64,0x11,0xCC,0xB0,0x64,0x11,0xCC,0xB0,0x64,0x11,0xCC,0xB0,0x64,0x11,0xCC,0xB0,0x64,0x11,0xCC,0xB0,0x64,0x11,0xCC,0xB0,0x65,0x11,0xCC,0xB0,0x65,0x11,0xCC,0xB2,0x64,0x13,0xCC,0xB2,0x65,0x13,0xCC,0xB2,0x65,0x14,0xCC,0xB2,0x66,0x14,0xCC,
    0xB2,0x66,0x14,0xCC,0xB3,0x66,0x16,0xCC,0xB4,0x68,0x16,0xCC,0xB7,0x69,0x19,0xCC,0xB8,0x6B,0x1A,0xCC,0xBA,0x6D,0x1D,0xCC,0xBD,0x6F,0x20,0xCC,0xBF,0x70,0x24,0xCC,0xC3,0x74,0x28,0xCC,0xC7,0x78,0x2C,0xCC,0xCC,0x7C,0x31,0xCC,0xE5,0xB9,0x90,0xCC,0xF6,0xE6,0xD8,0xCC,0xF2,0xD4,0xBB,0x87,0x00,0x00,0x00,0x00,0x00,0x00,0x00,0x00,
    0x00,0x00,0x00,0x00,0xFF,0x00,0x00,0x01,0xF4,0xDE,0xC8,0xC2,0xF6,0xE6,0xD7,0xCC,0xD7,0x97,0x5B,0xCC,0xC9,0x79,0x2E,0xCC,0xC6,0x77,0x2A,0xCC,0xC2,0x74,0x27,0xCC,0xBF,0x70,0x23,0xCC,0xBC,0x6E,0x1F,0xCC,0xB9,0x6B,0x1D,0xCC,0xB7,0x6A,0x1A,0xCC,0xB7,0x69,0x18,0xCC,0xB4,0x68,0x16,0xCC,0xB3,0x66,0x15,0xCC,0xB2,0x66,0x14,0xCC,
    0xB2,0x65,0x14,0xCC,0xB2,0x65,0x14,0xCC,0xB2,0x64,0x13,0xCC,0xB0,0x64,0x11,0xCC,0xB0,0x65,0x11,0xCC,0xB0,0x65,0x11,0xCC,0xB0,0x64,0x11,0xCC,0xB0,0x64,0x11,0xCC,0xB0,0x64,0x11,0xCC,0xB0,0x64,0x11,0xCC,0xB0,0x64,0x11,0xCC,0xB0,0x64,0x11,0xCC,0xB0,0x64,0x11,0xCC,0xB0,0x64,0x11,0xCC,0xB0,0x64,0x11,0xCC,0xB0,0x64,0x11,0xCC,
    0xB0,0x64,0x11,0xCC,0xB0,0x64,0x11,0xCC,0xB0,0x64,0x11,0xCC,0xB0,0x64,0x11,0xCC,0xB0,0x64,0x11,0xCC,0xB0,0x64,0x11,0xCC,0xB0,0x64,0x11,0xCC,0xB0,0x64,0x11,0xCC,0xB0,0x64,0x11,0xCC,0xB0,0x64,0x11,0xCC,0xB0,0x64,0x11,0xCC,0xB0,0x64,0x11,0xCC,0xB0,0x64,0x11,0xCC,0xB0,0x64,0x11,0xCC,0xB0,0x64,0x11,0xCC,0xB0,0x64,0x11,0xCC,
    0xB0,0x64,0x11,0xCC,0xB0,0x64,0x11,0xCC,0xB0,0x64,0x11,0xCC,0xB0,0x64,0x11,0xCC,0xB0,0x64,0x11,0xCC,0xB0,0x64,0x11,0xCC,0xB0,0x64,0x11,0xCC,0xB0,0x64,0x11,0xCC,0xB0,0x64,0x11,0xCC,0xB0,0x64,0x11,0xCC,0xE9,0xD3,0xBC,0xEE,0xFF,0xFF,0xFF,0xFF,0xFF,0xFF,0xFF,0xFF,0xFF,0xFF,0xFF,0xFF,0xFF,0xFF,0xFF,0xFF,0xFF,0xFF,0xFF,0xFF,
    0xFF,0xFF,0xFF,0xFF,0xFF,0xFF,0xFF,0xFF,0xFF,0xFF,0xFF,0xFF,0xFF,0xFF,0xFF,0xFF,0xFF,0xFF,0xFF,0xFF,0xFF,0xFF,0xFF,0xFF,0xFF,0xFF,0xFF,0xFF,0xFF,0xFF,0xFF,0xFF,0xFF,0xFF,0xFF,0xFF,0xFF,0xFF,0xFF,0xFF,0xFF,0xFF,0xFF,0xFF,0xFF,0xFF,0xFF,0xFF,0xFF,0xFF,0xFF,0xFF,0xFF,0xFF,0xFF,0xFF,0xFF,0xFF,0xFF,0xFF,0xF9,0xF5,0xEF,0xFB,
    0xFA,0xF5,0xF0,0xFB,0xFF,0xFF,0xFF,0xFF,0xFF,0xFF,0xFF,0xFF,0xFF,0xFF,0xFF,0xFF,0xFF,0xFF,0xFF,0xFF,0xFF,0xFF,0xFF,0xFF,0xFF,0xFF,0xFF,0xFF,0xFF,0xFF,0xFF,0xFF,0xFF,0xFF,0xFF,0xFF,0xFF,0xFF,0xFF,0xFF,0xFF,0xFF,0xFF,0xFF,0xFF,0xFF,0xFF,0xFF,0xFF,0xFF,0xFF,0xFF,0xFF,0xFF,0xFF,0xFF,0xFF,0xFF,0xFF,0xFF,0xFF,0xFF,0xFF,0xFF,
    0xFF,0xFF,0xFF,0xFF,0xFF,0xFF,0xFF,0xFF,0xFF,0xFF,0xFF,0xFF,0xFF,0xFF,0xFF,0xFF,0xFF,0xFF,0xFF,0xFF,0xE9,0xD2,0xBA,0xEE,0xB0,0x64,0x11,0xCC,0xB0,0x64,0x11,0xCC,0xB0,0x64,0x11,0xCC,0xB0,0x64,0x11,0xCC,0xB0,0x64,0x11,0xCC,0xB0,0x64,0x11,0xCC,0xB0,0x64,0x11,0xCC,0xB0,0x64,0x11,0xCC,0xB0,0x64,0x11,0xCC,0xB0,0x64,0x11,0xCC,
    0xB0,0x64,0x11,0xCC,0xB0,0x64,0x11,0xCC,0xB0,0x64,0x11,0xCC,0xB0,0x64,0x11,0xCC,0xB0,0x64,0x11,0xCC,0xB0,0x64,0x11,0xCC,0xB0,0x64,0x11,0xCC,0xB0,0x64,0x11,0xCC,0xB0,0x64,0x11,0xCC,0xB0,0x64,0x11,0xCC,0xB0,0x64,0x11,0xCC,0xB0,0x64,0x11,0xCC,0xB0,0x64,0x11,0xCC,0xB0,0x64,0x11,0xCC,0xB0,0x64,0x11,0xCC,0xB0,0x64,0x11,0xCC,
    0xB0,0x64,0x11,0xCC,0xB0,0x64,0x11,0xCC,0xB0,0x64,0x11,0xCC,0xB0,0x64,0x11,0xCC,0xB0,0x64,0x11,0xCC,0xB0,0x64,0x11,0xCC,0xB0,0x64,0x11,0xCC,0xB0,0x64,0x11,0xCC,0xB0,0x64,0x11,0xCC,0xB0,0x64,0x11,0xCC,0xB0,0x65,0x11,0xCC,0xB0,0x65,0x11,0xCC,0xB0,0x64,0x11,0xCC,0xB2,0x64,0x13,0xCC,0xB2,0x65,0x14,0xCC,0xB2,0x65,0x14,0xCC,
    0xB2,0x66,0x14,0xCC,0xB3,0x66,0x15,0xCC,0xB4,0x68,0x16,0xCC,0xB7,0x69,0x18,0xCC,0xB7,0x6A,0x1A,0xCC,0xB9,0x6B,0x1D,0xCC,0xBC,0x6E,0x1F,0xCC,0xBF,0x70,0x23,0xCC,0xC2,0x74,0x27,0xCC,0xC6,0x77,0x2A,0xCC,0xC9,0x79,0x2E,0xCC,0xD7,0x97,0x5B,0xCC,0xF6,0xE6,0xD7,0xCC,0xF4,0xDE,0xC8,0xC2,0xFF,0x00,0x00,0x01,0x00,0x00,0x00,0x00,
    0x00,0x00,0x00,0x00,0xEA,0xB5,0x88,0x3E,0xF8,0xE6,0xD8,0xCC,0xF4,0xDE,0xCC,0xCC,0xCD,0x7E,0x34,0xCC,0xC8,0x79,0x2D,0xCC,0xC4,0x75,0x29,0xCC,0xC1,0x72,0x24,0xCC,0xBE,0x6F,0x22,0xCC,0xBC,0x6D,0x1E,0xCC,0xB9,0x6B,0x1B,0xCC,0xB7,0x6A,0x1A,0xCC,0xB5,0x68,0x18,0xCC,0xB4,0x66,0x16,0xCC,0xB3,0x66,0x15,0xCC,0xB2,0x66,0x14,0xCC,
    0xB2,0x65,0x14,0xCC,0xB2,0x65,0x13,0xCC,0xB2,0x64,0x13,0xCC,0xB0,0x65,0x11,0xCC,0xB0,0x65,0x11,0xCC,0xB0,0x64,0x11,0xCC,0xB0,0x64,0x11,0xCC,0xB0,0x64,0x11,0xCC,0xB0,0x64,0x11,0xCC,0xB0,0x64,0x11,0xCC,0xB0,0x64,0x11,0xCC,0xB0,0x64,0x11,0xCC,0xB0,0x64,0x11,0xCC,0xB0,0x64,0x11,0xCC,0xB0,0x64,0x11,0xCC,0xB0,0x64,0x11,0xCC,
    0xB0,0x64,0x11,0xCC,0xB0,0x64,0x11,0xCC,0xB0,0x64,0x11,0xCC,0xB0,0x64,0x11,0xCC,0xB0,0x64,0x11,0xCC,0xB0,0x64,0x11,0xCC,0xB0,0x64,0x11,0xCC,0xB0,0x64,0x11,0xCC,0xB0,0x64,0x11,0xCC,0xB0,0x64,0x11,0xCC,0xB0,0x64,0x11,0xCC,0xB0,0x64,0x11,0xCC,0xB0,0x64,0x11,0xCC,0xB0,0x64,0x11,0xCC,0xB0,0x64,0x11,0xCC,0xB0,0x64,0x11,0xCC,
    0xB0,0x64,0x11,0xCC,0xB0,0x64,0x11,0xCC,0xB0,0x64,0x11,0xCC,0xB0,0x64,0x11,0xCC,0xB0,0x64,0x11,0xCC,0xB0,0x64,0x11,0xCC,0xB0,0x64,0x11,0xCC,0xB0,0x64,0x11,0xCC,0xB0,0x64,0x11,0xCC,0xB0,0x64,0x11,0xCC,0xE9,0xD2,0xBA,0xEE,0xFF,0xFF,0xFF,0xFF,0xFF,0xFF,0xFF,0xFF,0xFF,0xFF,0xFF,0xFF,0xFF,0xFF,0xFF,0xFF,0xFF,0xFF,0xFF,0xFF,
    0xFF,0xFF,0xFF,0xFF,0xFF,0xFF,0xFF,0xFF,0xFF,0xFF,0xFF,0xFF,0xFF,0xFF,0xFF,0xFF,0xFF,0xFF,0xFF,0xFF,0xFF,0xFF,0xFF,0xFF,0xFF,0xFF,0xFF,0xFF,0xFF,0xFF,0xFF,0xFF,0xFF,0xFF,0xFF,0xFF,0xFF,0xFF,0xFF,0xFF,0xF9,0xF4,0xEE,0xFB,0xE5,0xCB,0xAF,0xEB,0xCF,0x9F,0x6E,0xDD,0xBB,0x78,0x30,0xD1,0xB2,0x67,0x16,0xCD,0xB0,0x64,0x11,0xCC,
    0xB0,0x64,0x11,0xCC,0xB2,0x67,0x16,0xCD,0xBB,0x79,0x31,0xD1,0xCF,0xA0,0x6E,0xDD,0xE5,0xCB,0xB0,0xEB,0xF9,0xF4,0xEF,0xFB,0xFF,0xFF,0xFF,0xFF,0xFF,0xFF,0xFF,0xFF,0xFF,0xFF,0xFF,0xFF,0xFF,0xFF,0xFF,0xFF,0xFF,0xFF,0xFF,0xFF,0xFF,0xFF,0xFF,0xFF,0xFF,0xFF,0xFF,0xFF,0xFF,0xFF,0xFF,0xFF,0xFF,0xFF,0xFF,0xFF,0xFF,0xFF,0xFF,0xFF,
    0xFF,0xFF,0xFF,0xFF,0xFF,0xFF,0xFF,0xFF,0xFF,0xFF,0xFF,0xFF,0xFF,0xFF,0xFF,0xFF,0xFF,0xFF,0xFF,0xFF,0xE9,0xD2,0xBA,0xEE,0xB0,0x64,0x11,0xCC,0xB0,0x64,0x11,0xCC,0xB0,0x64,0x11,0xCC,0xB0,0x64,0x11,0xCC,0xB0,0x64,0x11,0xCC,0xB0,0x64,0x11,0xCC,0xB0,0x64,0x11,0xCC,0xB0,0x64,0x11,0xCC,0xB0,0x64,0x11,0xCC,0xB0,0x64,0x11,0xCC,
    0xB0,0x64,0x11,0xCC,0xB0,0x64,0x11,0xCC,0xB0,0x64,0x11,0xCC,0xB0,0x64,0x11,0xCC,0xB0,0x64,0x11,0xCC,0xB0,0x64,0x11,0xCC,0xB0,0x64,0x11,0xCC,0xB0,0x64,0x11,0xCC,0xB0,0x64,0x11,0xCC,0xB0,0x64,0x11,0xCC,0xB0,0x64,0x11,0xCC,0xB0,0x64,0x11,0xCC,0xB0,0x64,0x11,0xCC,0xB0,0x64,0x11,0xCC,0xB0,0x64,0x11,0xCC,0xB0,0x64,0x11,0xCC,
    0xB0,0x64,0x11,0xCC,0xB0,0x64,0x11,0xCC,0xB0,0x64,0x11,0xCC,0xB0,0x64,0x11,0xCC,0xB0,0x64,0x11,0xCC,0xB0,0x64,0x11,0xCC,0xB0,0x64,0x11,0xCC,0xB0,0x64,0x11,0xCC,0xB0,0x64,0x11,0xCC,0xB0,0x64,0x11,0xCC,0xB0,0x64,0x11,0xCC,0xB0,0x65,0x11,0xCC,0xB0,0x65,0x11,0xCC,0xB2,0x64,0x13,0xCC,0xB2,0x65,0x13,0xCC,0xB2,0x65,0x14,0xCC,
    0xB2,0x66,0x14,0xCC,0xB3,0x66,0x15,0xCC,0xB4,0x66,0x16,0xCC,0xB5,0x68,0x18,0xCC,0xB7,0x6A,0x1A,0xCC,0xB9,0x6B,0x1B,0xCC,0xBC,0x6D,0x1E,0xCC,0xBE,0x6F,0x22,0xCC,0xC1,0x72,0x24,0xCC,0xC4,0x75,0x29,0xCC,0xC8,0x79,0x2D,0xCC,0xCD,0x7E,0x34,0xCC,0xF4,0xDE,0xCC,0xCC,0xF8,0xE6,0xD8,0xCC,0xEA,0xB5,0x88,0x3E,0x00,0x00,0x00,0x00,
    0x00,0x00,0x00,0x00,0xF3,0xD4,0xBC,0x66,0xF6,0xE6,0xD8,0xCC,0xE8,0xC3,0xA0,0xCC,0xCC,0x7C,0x31,0xCC,0xC7,0x78,0x2C,0xCC,0xC3,0x74,0x28,0xCC,0xBF,0x70,0x24,0xCC,0xBD,0x6F,0x20,0xCC,0xBA,0x6D,0x1D,0xCC,0xB8,0x6B,0x1A,0xCC,0xB7,0x69,0x19,0xCC,0xB4,0x68,0x16,0xCC,0xB3,0x66,0x16,0xCC,0xB2,0x66,0x15,0xCC,0xB2,0x65,0x14,0xCC,
    0xB2,0x65,0x14,0xCC,0xB2,0x64,0x13,0xCC,0xB0,0x65,0x11,0xCC,0xB0,0x65,0x11,0xCC,0xB0,0x65,0x11,0xCC,0xB0,0x64,0x11,0xCC,0xB0,0x64,0x11,0xCC,0xB0,0x64,0x11,0xCC,0xB0,0x64,0x11,0xCC,0xB0,0x64,0x11,0xCC,0xB0,0x64,0x11,0xCC,0xB0,0x64,0x11,0xCC,0xB0,0x64,0x11,0xCC,0xB0,0x64,0x11,0xCC,0xB0,0x64,0x11,0xCC,0xB0,0x64,0x11,0xCC,
    0xB0,0x64,0x11,0xCC,0xB0,0x64,0x11,0xCC,0xB0,0x64,0x11,0xCC,0xB0,0x64,0x11,0xCC,0xB0,0x64,0x11,0xCC,0xB0,0x64,0x11,0xCC,0xB0,0x64,0x11,0xCC,0xB0,0x64,0x11,0xCC,0xB0,0x64,0x11,0xCC,0xB0,0x64,0x11,0xCC,0xB0,0x64,0x11,0xCC,0xB0,0x64,0x11,0xCC,0xB0,0x64,0x11,0xCC,0xB0,0x64,0x11,0xCC,0xB0,0x64,0x11,0xCC,0xB0,0x64,0x11,0xCC,
    0xB0,0x64,0x11,0xCC,0xB0,0x64,0x11,0xCC,0xB0,0x64,0x11,0xCC,0xB0,0x64,0x11,0xCC,0xB0,0x64,0x11,0xCC,0xB0,0x64,0x11,0xCC,0xB0,0x64,0x11,0xCC,0xB0,0x64,0x11,0xCC,0xB0,0x64,0x11,0xCC,0xB0,0x64,0x11,0xCC,0xE9,0xD3,0xBC,0xEE,0xFF,0xFF,0xFF,0xFF,0xFF,0xFF,0xFF,0xFF,0xFF,0xFF,0xFF,0xFF,0xFF,0xFF,0xFF,0xFF,0xFF,0xFF,0xFF,0xFF,
    0xFF,0xFF,0xFF,0xFF,0xFF,0xFF,0xFF,0xFF,0xFF,0xFF,0xFF,0xFF,0xFF,0xFF,0xFF,0xFF,0xFF,0xFF,0xFF,0xFF,0xFF,0xFF,0xFF,0xFF,0xFF,0xFF,0xFF,0xFF,0xFF,0xFF,0xFF,0xFF,0xFA,0xF6,0xF1,0xFB,0xD7,0xB1,0x88,0xE3,0xB3,0x6A,0x19,0xCD,0xB0,0x64,0x11,0xCC,0xB0,0x64,0x11,0xCC,0xB0,0x64,0x11,0xCC,0xB0,0x64,0x11,0xCC,0xB0,0x64,0x11,0xCC,
    0xB0,0x64,0x11,0xCC,0xB0,0x64,0x11,0xCC,0xB0,0x64,0x11,0xCC,0xB0,0x64,0x11,0xCC,0xB0,0x64,0x11,0xCC,0xB3,0x6A,0x1A,0xCD,0xD8,0xB3,0x89,0xE3,0xFA,0xF6,0xF1,0xFB,0xFF,0xFF,0xFF,0xFF,0xFF,0xFF,0xFF,0xFF,0xFF,0xFF,0xFF,0xFF,0xFF,0xFF,0xFF,0xFF,0xFF,0xFF,0xFF,0xFF,0xFF,0xFF,0xFF,0xFF,0xFF,0xFF,0xFF,0xFF,0xFF,0xFF,0xFF,0xFF,
    0xFF,0xFF,0xFF,0xFF,0xFF,0xFF,0xFF,0xFF,0xFF,0xFF,0xFF,0xFF,0xFF,0xFF,0xFF,0xFF,0xFF,0xFF,0xFF,0xFF,0xE9,0xD2,0xBA,0xEE,0xB0,0x64,0x11,0xCC,0xB0,0x64,0x11,0xCC,0xB0,0x64,0x11,0xCC,0xB0,0x64,0x11,0xCC,0xB0,0x64,0x11,0xCC,0xB0,0x64,0x11,0xCC,0xB0,0x64,0x11,0xCC,0xB0,0x64,0x11,0xCC,0xB0,0x64,0x11,0xCC,0xB0,0x64,0x11,0xCC,
    0xB0,0x64,0x11,0xCC,0xB0,0x64,0x11,0xCC,0xB0,0x64,0x11,0xCC,0xB0,0x64,0x11,0xCC,0xB0,0x64,0x11,0xCC,0xB0,0x64,0x11,0xCC,0xB0,0x64,0x11,0xCC,0xB0,0x64,0x11,0xCC,0xB0,0x64,0x11,0xCC,0xB0,0x64,0x11,0xCC,0xB0,0x64,0x11,0xCC,0xB0,0x64,0x11,0xCC,0xB0,0x64,0x11,0xCC,0xB0,0x64,0x11,0xCC,0xB0,0x64,0x11,0xCC,0xB0,0x64,0x11,0xCC,
    0xB0,0x64,0x11,0xCC,0xB0,0x64,0x11,0xCC,0xB0,0x64,0x11,0xCC,0xB0,0x64,0x11,0xCC,0xB0,0x64,0x11,0xCC,0xB0,0x64,0x11,0xCC,0xB0,0x64,0x11,0xCC,0xB0,0x64,0x11,0xCC,0xB0,0x64,0x11,0xCC,0xB0,0x64,0x11,0xCC,0xB0,0x64,0x11,0xCC,0xB0,0x65,0x11,0xCC,0xB0,0x65,0x11,0xCC,0xB0,0x65,0x11,0xCC,0xB2,0x64,0x13,0xCC,0xB2,0x65,0x14,0xCC,
    0xB2,0x65,0x14,0xCC,0xB2,0x66,0x15,0xCC,0xB3,0x66,0x16,0xCC,0xB4,0x68,0x16,0xCC,0xB7,0x69,0x19,0xCC,0xB8,0x6B,0x1A,0xCC,0xBA,0x6D,0x1D,0xCC,0xBD,0x6F,0x20,0xCC,0xBF,0x70,0x24,0xCC,0xC3,0x74,0x28,0xCC,0xC7,0x78,0x2C,0xCC,0xCC,0x7C,0x31,0xCC,0xE8,0xC3,0xA0,0xCC,0xF6,0xE6,0xD8,0xCC,0xF3,0xD4,0xBC,0x66,0x00,0x00,0x00,0x00,
    0x00,0x00,0x00,0x00,0xF1,0xD5,0xBB,0xA8,0xF6,0xE6,0xD7,0xCC,0xDD,0xA8,0x73,0xCC,0xCA,0x7B,0x2F,0xCC,0xC7,0x77,0x2A,0xCC,0xC2,0x74,0x27,0xCC,0xBF,0x70,0x23,0xCC,0xBC,0x6E,0x1F,0xCC,0xB9,0x6B,0x1D,0xCC,0xB7,0x6A,0x1A,0xCC,0xB5,0x69,0x18,0xCC,0xB4,0x68,0x16,0xCC,0xB3,0x66,0x15,0xCC,0xB2,0x66,0x14,0xCC,0xB2,0x65,0x14,0xCC,
    0xB2,0x65,0x13,0xCC,0xB2,0x64,0x13,0xCC,0xB0,0x65,0x11,0xCC,0xB0,0x65,0x11,0xCC,0xB0,0x64,0x11,0xCC,0xB0,0x64,0x11,0xCC,0xB0,0x64,0x11,0xCC,0xB0,0x64,0x11,0xCC,0xB0,0x64,0x11,0xCC,0xB0,0x64,0x11,0xCC,0xB0,0x64,0x11,0xCC,0xB0,0x64,0x11,0xCC,0xB0,0x64,0x11,0xCC,0xB0,0x64,0x11,0xCC,0xB0,0x64,0x11,0xCC,0xB0,0x64,0x11,0xCC,
    0xB0,0x64,0x11,0xCC,0xB0,0x64,0x11,0xCC,0xB0,0x64,0x11,0xCC,0xB0,0x64,0x11,0xCC,0xB0,0x64,0x11,0xCC,0xB0,0x64,0x11,0xCC,0xB0,0x64,0x11,0xCC,0xB0,0x64,0x11,0xCC,0xB0,0x64,0x11,0xCC,0xB0,0x64,0x11,0xCC,0xB0,0x64,0x11,0xCC,0xB0,0x64,0x11,0xCC,0xB0,0x64,0x11,0xCC,0xB0,0x64,0x11,0xCC,0xB0,0x64,0x11,0xCC,0xB0,0x64,0x11,0xCC,
    0xB0,0x64,0x11,0xCC,0xB0,0x64,0x11,0xCC,0xB0,0x64,0x11,0xCC,0xB0,0x64,0x11,0xCC,0xB0,0x64,0x11,0xCC,0xB0,0x64,0x11,0xCC,0xB0,0x64,0x11,0xCC,0xB0,0x64,0x11,0xCC,0xB0,0x64,0x11,0xCC,0xB0,0x64,0x11,0xCC,0xE9,0xD3,0xBC,0xEE,0xFF,0xFF,0xFF,0xFF,0xFF,0xFF,0xFF,0xFF,0xFF,0xFF,0xFF,0xFF,0xFF,0xFF,0xFF,0xFF,0xFF,0xFF,0xFF,0xFF,
    0xFF,0xFF,0xFF,0xFF,0xFF,0xFF,0xFF,0xFF,0xFF,0xFF,0xFF,0xFF,0xFF,0xFF,0xFF,0xFF,0xFF,0xFF,0xFF,0xFF,0xFF,0xFF,0xFF,0xFF,0xFF,0xFF,0xFF,0xFF,0xEF,0xDF,0xCF,0xF2,0xB8,0x73,0x28,0xD0,0xB0,0x64,0x11,0xCC,0xB0,0x64,0x11,0xCC,0xB0,0x64,0x11,0xCC,0xB0,0x64,0x11,0xCC,0xB0,0x64,0x11,0xCC,0xB0,0x64,0x11,0xCC,0xB0,0x64,0x11,0xCC,
    0xB0,0x64,0x11,0xCC,0xB0,0x64,0x11,0xCC,0xB0,0x64,0x11,0xCC,0xB0,0x64,0x11,0xCC,0xB0,0x64,0x11,0xCC,0xB0,0x64,0x11,0xCC,0xB0,0x64,0x11,0xCC,0xB9,0x74,0x2A,0xD0,0xEF,0xE0,0xCF,0xF3,0xFF,0xFF,0xFF,0xFF,0xFF,0xFF,0xFF,0xFF,0xFF,0xFF,0xFF,0xFF,0xFF,0xFF,0xFF,0xFF,0xFF,0xFF,0xFF,0xFF,0xFF,0xFF,0xFF,0xFF,0xFF,0xFF,0xFF,0xFF,
    0xFF,0xFF,0xFF,0xFF,0xFF,0xFF,0xFF,0xFF,0xFF,0xFF,0xFF,0xFF,0xFF,0xFF,0xFF,0xFF,0xFF,0xFF,0xFF,0xFF,0xE9,0xD2,0xBA,0xEE,0xB0,0x64,0x11,0xCC,0xB0,0x64,0x11,0xCC,0xB0,0x64,0x11,0xCC,0xB0,0x64,0x11,0xCC,0xB0,0x64,0x11,0xCC,0xB0,0x64,0x11,0xCC,0xB0,0x64,0x11,0xCC,0xB0,0x64,0x11,0xCC,0xB0,0x64,0x11,0xCC,0xB0,0x64,0x11,0xCC,
    0xB0,0x64,0x11,0xCC,0xB0,0x64,0x11,0xCC,0xB0,0x64,0x11,0xCC,0xB0,0x64,0x11,0xCC,0xB0,0x64,0x11,0xCC,0xB0,0x64,0x11,0xCC,0xB0,0x64,0x11,0xCC,0xB0,0x64,0x11,0xCC,0xB0,0x64,0x11,0xCC,0xB0,0x64,0x11,0xCC,0xB0,0x64,0x11,0xCC,0xB0,0x64,0x11,0xCC,0xB0,0x64,0x11,0xCC,0xB0,0x64,0x11,0xCC,0xB0,0x64,0x11,0xCC,0xB0,0x64,0x11,0xCC,
    0xB0,0x64,0x11,0xCC,0xB0,0x64,0x11,0xCC,0xB0,0x64,0x11,0xCC,0xB0,0x64,0x11,0xCC,0xB0,0x64,0x11,0xCC,0xB0,0x64,0x11,0xCC,0xB0,0x64,0x11,0xCC,0xB0,0x64,0x11,0xCC,0xB0,0x64,0x11,0xCC,0xB0,0x64,0x11,0xCC,0xB0,0x64,0x11,0xCC,0xB0,0x64,0x11,0xCC,0xB0,0x65,0x11,0xCC,0xB0,0x65,0x11,0xCC,0xB2,0x64,0x13,0xCC,0xB2,0x65,0x13,0xCC,
    0xB2,0x65,0x14,0xCC,0xB2,0x66,0x14,0xCC,0xB3,0x66,0x15,0xCC,0xB4,0x68,0x16,0xCC,0xB5,0x69,0x18,0xCC,0xB7,0x6A,0x1A,0xCC,0xB9,0x6B,0x1D,0xCC,0xBC,0x6E,0x1F,0xCC,0xBF,0x70,0x23,0xCC,0xC2,0x74,0x27,0xCC,0xC7,0x77,0x2A,0xCC,0xCA,0x7B,0x2F,0xCC,0xDD,0xA8,0x73,0xCC,0xF6,0xE6,0xD7,0xCC,0xF1,0xD5,0xBB,0xA8,0x00,0x00,0x00,0x00,
    0x00,0x00,0x00,0x00,0xF5,0xDF,0xCB,0xC6,0xF6,0xE6,0xD7,0xCC,0xD4,0x8F,0x4D,0xCC,0xC9,0x79,0x2E,0xCC,0xC6,0x75,0x29,0xCC,0xC2,0x73,0x25,0xCC,0xBE,0x70,0x22,0xCC,0xBC,0x6E,0x1E,0xCC,0xB9,0x6B,0x1B,0xCC,0xB7,0x6A,0x1A,0xCC,0xB5,0x69,0x18,0xCC,0xB4,0x66,0x16,0xCC,0xB2,0x66,0x14,0xCC,0xB2,0x66,0x14,0xCC,0xB2,0x65,0x14,0xCC,
    0xB2,0x64,0x13,0xCC,0xB2,0x64,0x13,0xCC,0xB0,0x65,0x11,0xCC,0xB0,0x64,0x11,0xCC,0xB0,0x64,0x11,0xCC,0xB0,0x64,0x11,0xCC,0xB0,0x64,0x11,0xCC,0xB0,0x64,0x11,0xCC,0xB0,0x64,0x11,0xCC,0xB0,0x64,0x11,0xCC,0xB0,0x64,0x11,0xCC,0xB0,0x64,0x11,0xCC,0xB0,0x64,0x11,0xCC,0xB0,0x64,0x11,0xCC,0xB0,0x64,0x11,0xCC,0xB0,0x64,0x11,0xCC,
    0xB0,0x64,0x11,0xCC,0xB0,0x64,0x11,0xCC,0xB0,0x64,0x11,0xCC,0xB0,0x64,0x11,0xCC,0xB0,0x64,0x11,0xCC,0xB0,0x64,0x11,0xCC,0xB0,0x64,0x11,0xCC,0xB0,0x64,0x11,0xCC,0xB0,0x64,0x11,0xCC,0xB0,0x64,0x11,0xCC,0xB0,0x64,0x11,0xCC,0xB0,0x64,0x11,0xCC,0xB0,0x64,0x11,0xCC,0xB0,0x64,0x11,0xCC,0xB0,0x64,0x11,0xCC,0xB0,0x64,0x11,0xCC,
    0xB0,0x64,0x11,0xCC,0xB0,0x64,0x11,0xCC,0xB0,0x64,0x11,0xCC,0xB0,0x64,0x11,0xCC,0xB0,0x64,0x11,0xCC,0xB0,0x64,0x11,0xCC,0xB0,0x64,0x11,0xCC,0xB0,0x64,0x11,0xCC,0xB0,0x64,0x11,0xCC,0xB0,0x64,0x11,0xCC,0xE9,0xD3,0xBC,0xEE,0xFF,0xFF,0xFF,0xFF,0xFF,0xFF,0xFF,0xFF,0xFF,0xFF,0xFF,0xFF,0xFF,0xFF,0xFF,0xFF,0xFF,0xFF,0xFF,0xFF,
    0xFF,0xFF,0xFF,0xFF,0xFF,0xFF,0xFF,0xFF,0xFF,0xFF,0xFF,0xFF,0xFF,0xFF,0xFF,0xFF,0xFF,0xFF,0xFF,0xFF,0xFF,0xFF,0xFF,0xFF,0xE2,0xC6,0xA9,0xEA,0xB2,0x67,0x16,0xCD,0xB0,0x64,0x11,0xCC,0xB0,0x64,0x11,0xCC,0xB0,0x64,0x11,0xCC,0xB0,0x64,0x11,0xCC,0xB0,0x64,0x11,0xCC,0xB0,0x64,0x11,0xCC,0xB0,0x64,0x11,0xCC,0xB0,0x64,0x11,0xCC,
    0xB0,0x64,0x11,0xCC,0xB0,0x64,0x11,0xCC,0xB0,0x64,0x11,0xCC,0xB0,0x64,0x11,0xCC,0xB0,0x64,0x11,0xCC,0xB0,0x64,0x11,0xCC,0xB0,0x64,0x11,0xCC,0xB0,0x64,0x11,0xCC,0xB2,0x67,0x16,0xCD,0xE3,0xC7,0xA9,0xEA,0xFF,0xFF,0xFF,0xFF,0xFF,0xFF,0xFF,0xFF,0xFF,0xFF,0xFF,0xFF,0xFF,0xFF,0xFF,0xFF,0xFF,0xFF,0xFF,0xFF,0xFF,0xFF,0xFF,0xFF,
    0xFF,0xFF,0xFF,0xFF,0xFF,0xFF,0xFF,0xFF,0xFF,0xFF,0xFF,0xFF,0xFF,0xFF,0xFF,0xFF,0xFF,0xFF,0xFF,0xFF,0xE9,0xD2,0xBA,0xEE,0xB0,0x64,0x11,0xCC,0xB0,0x64,0x11,0xCC,0xB0,0x64,0x11,0xCC,0xB0,0x64,0x11,0xCC,0xB0,0x64,0x11,0xCC,0xB0,0x64,0x11,0xCC,0xB0,0x64,0x11,0xCC,0xB0,0x64,0x11,0xCC,0xB0,0x64,0x11,0xCC,0xB0,0x64,0x11,0xCC,
    0xB0,0x64,0x11,0xCC,0xB0,0x64,0x11,0xCC,0xB0,0x64,0x11,0xCC,0xB0,0x64,0x11,0xCC,0xB0,0x64,0x11,0xCC,0xB0,0x64,0x11,0xCC,0xB0,0x64,0x11,0xCC,0xB0,0x64,0x11,0xCC,0xB0,0x64,0x11,0xCC,0xB0,0x64,0x11,0xCC,0xB0,0x64,0x11,0xCC,0xB0,0x64,0x11,0xCC,0xB0,0x64,0x11,0xCC,0xB0,0x64,0x11,0xCC,0xB0,0x64,0x11,0xCC,0xB0,0x64,0x11,0xCC,
    0xB0,0x64,0x11,0xCC,0xB0,0x64,0x11,0xCC,0xB0,0x64,0x11,0xCC,0xB0,0x64,0x11,0xCC,0xB0,0x64,0x11,0xCC,0xB0,0x64,0x11,0xCC,0xB0,0x64,0x11,0xCC,0xB0,0x64,0x11,0xCC,0xB0,0x64,0x11,0xCC,0xB0,0x64,0x11,0xCC,0xB0,0x64,0x11,0xCC,0xB0,0x64,0x11,0xCC,0xB0,0x64,0x11,0xCC,0xB0,0x65,0x11,0xCC,0xB2,0x64,0x13,0xCC,0xB2,0x64,0x13,0xCC,
    0xB2,0x65,0x14,0xCC,0xB2,0x66,0x14,0xCC,0xB2,0x66,0x14,0xCC,0xB4,0x66,0x16,0xCC,0xB5,0x69,0x18,0xCC,0xB7,0x6A,0x1A,0xCC,0xB9,0x6B,0x1B,0xCC,0xBC,0x6E,0x1E,0xCC,0xBE,0x70,0x22,0xCC,0xC2,0x73,0x25,0xCC,0xC6,0x75,0x29,0xCC,0xC9,0x79,0x2E,0xCC,0xD4,0x8F,0x4D,0xCC,0xF6,0xE6,0xD7,0xCC,0xF5,0xDF,0xCB,0xC6,0x00,0x00,0x00,0x00,
    0xE4,0xAE,0x7D,0x2F,0xF8,0xE7,0xD8,0xCC,0xF4,0xE0,0xCE,0xCC,0xCD,0x7D,0x33,0xCC,0xC8,0x79,0x2D,0xCC,0xC4,0x75,0x29,0xCC,0xC1,0x73,0x24,0xCC,0xBE,0x70,0x22,0xCC,0xBA,0x6D,0x1E,0xCC,0xB8,0x6B,0x1B,0xCC,0xB7,0x69,0x19,0xCC,0xB4,0x68,0x16,0xCC,0xB3,0x66,0x16,0xCC,0xB2,0x66,0x15,0xCC,0xB2,0x65,0x14,0xCC,0xB2,0x65,0x14,0xCC,
    0xB2,0x64,0x13,0xCC,0xB0,0x64,0x11,0xCC,0xB0,0x65,0x11,0xCC,0xB0,0x64,0x11,0xCC,0xB0,0x64,0x11,0xCC,0xB0,0x64,0x11,0xCC,0xB0,0x64,0x11,0xCC,0xB0,0x64,0x11,0xCC,0xB0,0x64,0x11,0xCC,0xB0,0x64,0x11,0xCC,0xB0,0x64,0x11,0xCC,0xB0,0x64,0x11,0xCC,0xB0,0x64,0x11,0xCC,0xB0,0x64,0x11,0xCC,0xB0,0x64,0x11,0xCC,0xB0,0x64,0x11,0xCC,
    0xB0,0x64,0x11,0xCC,0xB0,0x64,0x11,0xCC,0xB0,0x64,0x11,0xCC,0xB0,0x64,0x11,0xCC,0xB0,0x64,0x11,0xCC,0xB0,0x64,0x11,0xCC,0xB0,0x64,0x11,0xCC,0xB0,0x64,0x11,0xCC,0xB0,0x64,0x11,0xCC,0xB0,0x64,0x11,0xCC,0xB0,0x64,0x11,0xCC,0xB0,0x64,0x11,0xCC,0xB0,0x64,0x11,0xCC,0xB0,0x64,0x11,0xCC,0xB0,0x64,0x11,0xCC,0xB0,0x64,0x11,0xCC,
    0xB0,0x64,0x11,0xCC,0xB0,0x64,0x11,0xCC,0xB0,0x64,0x11,0xCC,0xB0,0x64,0x11,0xCC,0xB0,0x64,0x11,0xCC,0xB0,0x64,0x11,0xCC,0xB0,0x64,0x11,0xCC,0xB0,0x64,0x11,0xCC,0xB0,0x64,0x11,0xCC,0xB0,0x64,0x11,0xCC,0xE9,0xD3,0xBC,0xEE,0xFF,0xFF,0xFF,0xFF,0xFF,0xFF,0xFF,0xFF,0xFF,0xFF,0xFF,0xFF,0xFF,0xFF,0xFF,0xFF,0xFF,0xFF,0xFF,0xFF,
    0xFF,0xFF,0xFF,0xFF,0xFF,0xFF,0xFF,0xFF,0xFF,0xFF,0xFF,0xFF,0xFF,0xFF,0xFF,0xFF,0xFF,0xFF,0xFF,0xFF,0xE1,0xC4,0xA5,0xE9,0xB0,0x64,0x11,0xCC,0xB0,0x64,0x11,0xCC,0xB0,0x64,0x11,0xCC,0xB0,0x64,0x11,0xCC,0xB0,0x64,0x11,0xCC,0xB0,0x64,0x11,0xCC,0xB0,0x64,0x11,0xCC,0xB0,0x64,0x11,0xCC,0xB0,0x64,0x11,0xCC,0xB0,0x64,0x11,0xCC,
    0xB0,0x64,0x11,0xCC,0xB0,0x64,0x11,0xCC,0xB0,0x64,0x11,0xCC,0xB0,0x64,0x11,0xCC,0xB5,0x6E,0x21,0xCF,0xD6,0xAD,0x82,0xE1,0xB8,0x75,0x2C,0xD1,0xB0,0x64,0x11,0xCC,0xB0,0x64,0x11,0xCC,0xB0,0x64,0x11,0xCC,0xE1,0xC5,0xA7,0xE9,0xFF,0xFF,0xFF,0xFF,0xFF,0xFF,0xFF,0xFF,0xFF,0xFF,0xFF,0xFF,0xFF,0xFF,0xFF,0xFF,0xFF,0xFF,0xFF,0xFF,
    0xFF,0xFF,0xFF,0xFF,0xFF,0xFF,0xFF,0xFF,0xFF,0xFF,0xFF,0xFF,0xFF,0xFF,0xFF,0xFF,0xFF,0xFF,0xFF,0xFF,0xE9,0xD2,0xBA,0xEE,0xB0,0x64,0x11,0xCC,0xB0,0x64,0x11,0xCC,0xB0,0x64,0x11,0xCC,0xB0,0x64,0x11,0xCC,0xB0,0x64,0x11,0xCC,0xB0,0x64,0x11,0xCC,0xB0,0x64,0x11,0xCC,0xB0,0x64,0x11,0xCC,0xB0,0x64,0x11,0xCC,0xB0,0x64,0x11,0xCC,
    0xB0,0x64,0x11,0xCC,0xB0,0x64,0x11,0xCC,0xB0,0x64,0x11,0xCC,0xB0,0x64,0x11,0xCC,0xB0,0x64,0x11,0xCC,0xB0,0x64,0x11,0xCC,0xB0,0x64,0x11,0xCC,0xB0,0x64,0x11,0xCC,0xB0,0x64,0x11,0xCC,0xB0,0x64,0x11,0xCC,0xB0,0x64,0x11,0xCC,0xB0,0x64,0x11,0xCC,0xB0,0x64,0x11,0xCC,0xB0,0x64,0x11,0xCC,0xB0,0x64,0x11,0xCC,0xB0,0x64,0x11,0xCC,
    0xB0,0x64,0x11,0xCC,0xB0,0x64,0x11,0xCC,0xB0,0x64,0x11,0xCC,0xB0,0x64,0x11,0xCC,0xB0,0x64,0x11,0xCC,0xB0,0x64,0x11,0xCC,0xB0,0x64,0x11,0xCC,0xB0,0x64,0x11,0xCC,0xB0,0x64,0x11,0xCC,0xB0,0x64,0x11,0xCC,0xB0,0x64,0x11,0xCC,0xB0,0x64,0x11,0xCC,0xB0,0x64,0x11,0xCC,0xB0,0x65,0x11,0xCC,0xB0,0x64,0x11,0xCC,0xB2,0x64,0x13,0xCC,
    0xB2,0x65,0x14,0xCC,0xB2,0x65,0x14,0xCC,0xB2,0x66,0x15,0xCC,0xB3,0x66,0x16,0xCC,0xB4,0x68,0x16,0xCC,0xB7,0x69,0x19,0xCC,0xB8,0x6B,0x1B,0xCC,0xBA,0x6D,0x1E,0xCC,0xBE,0x70,0x22,0xCC,0xC1,0x73,0x24,0xCC,0xC4,0x75,0x29,0xCC,0xC8,0x79,0x2D,0xCC,0xCD,0x7D,0x33,0xCC,0xF4,0xE0,0xCE,0xCC,0xF8,0xE7,0xD8,0xCC,0xE4,0xAE,0x7D,0x2F,
    0xED,0xC7,0xA3,0x56,0xF8,0xE6,0xD8,0xCC,0xEC,0xCD,0xB0,0xCC,0xCC,0x7C,0x31,0xCC,0xC8,0x78,0x2C,0xCC,0xC4,0x74,0x28,0xCC,0xBF,0x72,0x24,0xCC,0xBD,0x6F,0x20,0xCC,0xBA,0x6D,0x1D,0xCC,0xB8,0x6B,0x1A,0xCC,0xB7,0x69,0x19,0xCC,0xB4,0x68,0x16,0xCC,0xB3,0x66,0x15,0xCC,0xB2,0x66,0x14,0xCC,0xB2,0x65,0x14,0xCC,0xB2,0x65,0x13,0xCC,
    0xB2,0x64,0x13,0xCC,0xB0,0x64,0x11,0xCC,0xB0,0x65,0x11,0xCC,0xB0,0x64,0x11,0xCC,0xB0,0x64,0x11,0xCC,0xB0,0x64,0x11,0xCC,0xB0,0x64,0x11,0xCC,0xB0,0x64,0x11,0xCC,0xB0,0x64,0x11,0xCC,0xB0,0x64,0x11,0xCC,0xB0,0x64,0x11,0xCC,0xB0,0x64,0x11,0xCC,0xB0,0x64,0x11,0xCC,0xB0,0x64,0x11,0xCC,0xB0,0x64,0x11,0xCC,0xB0,0x64,0x11,0xCC,
    0xB0,0x64,0x11,0xCC,0xB0,0x64,0x11,0xCC,0xB0,0x64,0x11,0xCC,0xB0,0x64,0x11,0xCC,0xB0,0x64,0x11,0xCC,0xB0,0x64,0x11,0xCC,0xB0,0x64,0x11,0xCC,0xB0,0x64,0x11,0xCC,0xB0,0x64,0x11,0xCC,0xB0,0x64,0x11,0xCC,0xB0,0x64,0x11,0xCC,0xB0,0x64,0x11,0xCC,0xB0,0x64,0x11,0xCC,0xB0,0x64,0x11,0xCC,0xB0,0x64,0x11,0xCC,0xB0,0x64,0x11,0xCC,
    0xB0,0x64,0x11,0xCC,0xB0,0x64,0x11,0xCC,0xB0,0x64,0x11,0xCC,0xB0,0x64,0x11,0xCC,0xB0,0x64,0x11,0xCC,0xB0,0x64,0x11,0xCC,0xB0,0x64,0x11,0xCC,0xB0,0x64,0x11,0xCC,0xB0,0x64,0x11,0xCC,0xB0,0x64,0x11,0xCC,0xE9,0xD3,0xBC,0xEE,0xFF,0xFF,0xFF,0xFF,0xFF,0xFF,0xFF,0xFF,0xFF,0xFF,0xFF,0xFF,0xFF,0xFF,0xFF,0xFF,0xFF,0xFF,0xFF,0xFF,
    0xFF,0xFF,0xFF,0xFF,0xFF,0xFF,0xFF,0xFF,0xFF,0xFF,0xFF,0xFF,0xFF,0xFF,0xFF,0xFF,0xED,0xDC,0xC9,0xF1,0xB2,0x66,0x15,0xCC,0xB0,0x64,0x11,0xCC,0xB0,0x64,0x11,0xCC,0xB0,0x64,0x11,0xCC,0xB0,0x64,0x11,0xCC,0xB0,0x64,0x11,0xCC,0xB0,0x64,0x11,0xCC,0xB0,0x64,0x11,0xCC,0xB0,0x64,0x11,0xCC,0xB0,0x64,0x11,0xCC,0xB0,0x64,0x11,0xCC,
    0xB0,0x64,0x11,0xCC,0xB0,0x64,0x11,0xCC,0xB0,0x65,0x13,0xCC,0xD2,0xA7,0x78,0xDF,0xFA,0xF4,0xEE,0xFA,0xFF,0xFF,0xFF,0xFF,0xD8,0xB1,0x87,0xE2,0xB0,0x64,0x11,0xCC,0xB0,0x64,0x11,0xCC,0xB0,0x64,0x11,0xCC,0xB2,0x66,0x15,0xCD,0xED,0xDD,0xCA,0xF2,0xFF,0xFF,0xFF,0xFF,0xFF,0xFF,0xFF,0xFF,0xFF,0xFF,0xFF,0xFF,0xFF,0xFF,0xFF,0xFF,
    0xFF,0xFF,0xFF,0xFF,0xFF,0xFF,0xFF,0xFF,0xFF,0xFF,0xFF,0xFF,0xFF,0xFF,0xFF,0xFF,0xFF,0xFF,0xFF,0xFF,0xE9,0xD2,0xBA,0xEE,0xB0,0x64,0x11,0xCC,0xB0,0x64,0x11,0xCC,0xB0,0x64,0x11,0xCC,0xB0,0x64,0x11,0xCC,0xB0,0x64,0x11,0xCC,0xB0,0x64,0x11,0xCC,0xB0,0x64,0x11,0xCC,0xB0,0x64,0x11,0xCC,0xB0,0x64,0x11,0xCC,0xB0,0x64,0x11,0xCC,
    0xB0,0x64,0x11,0xCC,0xB0,0x64,0x11,0xCC,0xB0,0x64,0x11,0xCC,0xB0,0x64,0x11,0xCC,0xB0,0x64,0x11,0xCC,0xB0,0x64,0x11,0xCC,0xB0,0x64,0x11,0xCC,0xB0,0x64,0x11,0xCC,0xB0,0x64,0x11,0xCC,0xB0,0x64,0x11,0xCC,0xB0,0x64,0x11,0xCC,0xB0,0x64,0x11,0xCC,0xB0,0x64,0x11,0xCC,0xB0,0x64,0x11,0xCC,0xB0,0x64,0x11,0xCC,0xB0,0x64,0x11,0xCC,
    0xB0,0x64,0x11,0xCC,0xB0,0x64,0x11,0xCC,0xB0,0x64,0x11,0xCC,0xB0,0x64,0x11,0xCC,0xB0,0x64,0x11,0xCC,0xB0,0x64,0x11,0xCC,0xB0,0x64,0x11,0xCC,0xB0,0x64,0x11,0xCC,0xB0,0x64,0x11,0xCC,0xB0,0x64,0x11,0xCC,0xB0,0x64,0x11,0xCC,0xB0,0x64,0x11,0xCC,0xB0,0x64,0x11,0xCC,0xB0,0x65,0x11,0xCC,0xB0,0x64,0x11,0xCC,0xB2,0x64,0x13,0xCC,
    0xB2,0x65,0x13,0xCC,0xB2,0x65,0x14,0xCC,0xB2,0x66,0x14,0xCC,0xB3,0x66,0x15,0xCC,0xB4,0x68,0x16,0xCC,0xB7,0x69,0x19,0xCC,0xB8,0x6B,0x1A,0xCC,0xBA,0x6D,0x1D,0xCC,0xBD,0x6F,0x20,0xCC,0xBF,0x72,0x24,0xCC,0xC4,0x74,0x28,0xCC,0xC8,0x78,0x2C,0xCC,0xCC,0x7C,0x31,0xCC,0xEC,0xCD,0xB0,0xCC,0xF8,0xE6,0xD8,0xCC,0xED,0xC7,0xA3,0x56,
    0xF5,0xDB,0xC7,0x64,0xF6,0xE6,0xD8,0xCC,0xE6,0xBC,0x95,0xCC,0xCC,0x7C,0x31,0xCC,0xC7,0x78,0x2C,0xCC,0xC3,0x74,0x27,0xCC,0xBF,0x70,0x23,0xCC,0xBC,0x6E,0x1F,0xCC,0xBA,0x6B,0x1D,0xCC,0xB7,0x6A,0x1A,0xCC,0xB5,0x69,0x18,0xCC,0xB4,0x66,0x16,0xCC,0xB3,0x66,0x15,0xCC,0xB2,0x66,0x14,0xCC,0xB2,0x65,0x14,0xCC,0xB2,0x65,0x13,0xCC,
    0xB2,0x64,0x13,0xCC,0xB0,0x64,0x11,0xCC,0xB0,0x65,0x11,0xCC,0xB0,0x64,0x11,0xCC,0xB0,0x64,0x11,0xCC,0xB0,0x64,0x11,0xCC,0xB0,0x64,0x11,0xCC,0xB0,0x64,0x11,0xCC,0xB0,0x64,0x11,0xCC,0xB0,0x64,0x11,0xCC,0xB0,0x64,0x11,0xCC,0xB0,0x64,0x11,0xCC,0xB0,0x64,0x11,0xCC,0xB0,0x64,0x11,0xCC,0xB0,0x64,0x11,0xCC,0xB0,0x64,0x11,0xCC,
    0xB0,0x64,0x11,0xCC,0xB0,0x64,0x11,0xCC,0xB0,0x64,0x11,0xCC,0xB0,0x64,0x11,0xCC,0xB0,0x64,0x11,0xCC,0xB0,0x64,0x11,0xCC,0xB0,0x64,0x11,0xCC,0xB0,0x64,0x11,0xCC,0xB0,0x64,0x11,0xCC,0xB0,0x64,0x11,0xCC,0xB0,0x64,0x11,0xCC,0xB0,0x64,0x11,0xCC,0xB0,0x64,0x11,0xCC,0xB0,0x64,0x11,0xCC,0xB0,0x64,0x11,0xCC,0xB0,0x64,0x11,0xCC,
    0xB0,0x64,0x11,0xCC,0xB0,0x64,0x11,0xCC,0xB0,0x64,0x11,0xCC,0xB0,0x64,0x11,0xCC,0xB0,0x64,0x11,0xCC,0xB0,0x64,0x11,0xCC,0xB0,0x64,0x11,0xCC,0xB0,0x64,0x11,0xCC,0xB0,0x64,0x11,0xCC,0xB0,0x64,0x11,0xCC,0xE9,0xD3,0xBC,0xEE,0xFF,0xFF,0xFF,0xFF,0xFF,0xFF,0xFF,0xFF,0xFF,0xFF,0xFF,0xFF,0xFF,0xFF,0xFF,0xFF,0xFF,0xFF,0xFF,0xFF,
    0xFF,0xFF,0xFF,0xFF,0xFF,0xFF,0xFF,0xFF,0xFF,0xFF,0xFF,0xFF,0xFD,0xFA,0xF8,0xFD,0xB9,0x76,0x2E,0xD1,0xB0,0x64,0x11,0xCC,0xB0,0x64,0x11,0xCC,0xB0,0x64,0x11,0xCC,0xB0,0x64,0x11,0xCC,0xB0,0x64,0x11,0xCC,0xB0,0x64,0x11,0xCC,0xB0,0x64,0x11,0xCC,0xB0,0x64,0x11,0xCC,0xB0,0x64,0x11,0xCC,0xB0,0x64,0x11,0xCC,0xB0,0x64,0x11,0xCC,
    0xB0,0x64,0x11,0xCC,0xC5,0x8C,0x4F,0xD7,0xF1,0xE4,0xD5,0xF4,0xFF,0xFF,0xFF,0xFF,0xFF,0xFF,0xFF,0xFF,0xFF,0xFF,0xFF,0xFF,0xD9,0xB4,0x8B,0xE3,0xB0,0x64,0x11,0xCC,0xB0,0x64,0x11,0xCC,0xB0,0x64,0x11,0xCC,0xB0,0x64,0x11,0xCC,0xBB,0x78,0x30,0xD1,0xFD,0xFB,0xF9,0xFD,0xFF,0xFF,0xFF,0xFF,0xFF,0xFF,0xFF,0xFF,0xFF,0xFF,0xFF,0xFF,
    0xFF,0xFF,0xFF,0xFF,0xFF,0xFF,0xFF,0xFF,0xFF,0xFF,0xFF,0xFF,0xFF,0xFF,0xFF,0xFF,0xFF,0xFF,0xFF,0xFF,0xE9,0xD2,0xBA,0xEE,0xB0,0x64,0x11,0xCC,0xB0,0x64,0x11,0xCC,0xB0,0x64,0x11,0xCC,0xB0,0x64,0x11,0xCC,0xB0,0x64,0x11,0xCC,0xB0,0x64,0x11,0xCC,0xB0,0x64,0x11,0xCC,0xB0,0x64,0x11,0xCC,0xB0,0x64,0x11,0xCC,0xB0,0x64,0x11,0xCC,
    0xB0,0x64,0x11,0xCC,0xB0,0x64,0x11,0xCC,0xB0,0x64,0x11,0xCC,0xB0,0x64,0x11,0xCC,0xB0,0x64,0x11,0xCC,0xB0,0x64,0x11,0xCC,0xB0,0x64,0x11,0xCC,0xB0,0x64,0x11,0xCC,0xB0,0x64,0x11,0xCC,0xB0,0x64,0x11,0xCC,0xB0,0x64,0x11,0xCC,0xB0,0x64,0x11,0xCC,0xB0,0x64,0x11,0xCC,0xB0,0x64,0x11,0xCC,0xB0,0x64,0x11,0xCC,0xB0,0x64,0x11,0xCC,
    0xB0,0x64,0x11,0xCC,0xB0,0x64,0x11,0xCC,0xB0,0x64,0x11,0xCC,0xB0,0x64,0x11,0xCC,0xB0,0x64,0x11,0xCC,0xB0,0x64,0x11,0xCC,0xB0,0x64,0x11,0xCC,0xB0,0x64,0x11,0xCC,0xB0,0x64,0x11,0xCC,0xB0,0x64,0x11,0xCC,0xB0,0x64,0x11,0xCC,0xB0,0x64,0x11,0xCC,0xB0,0x64,0x11,0xCC,0xB0,0x65,0x11,0xCC,0xB0,0x64,0x11,0xCC,0xB2,0x64,0x13,0xCC,
    0xB2,0x65,0x13,0xCC,0xB2,0x65,0x14,0xCC,0xB2,0x66,0x14,0xCC,0xB3,0x66,0x15,0xCC,0xB4,0x66,0x16,0xCC,0xB5,0x69,0x18,0xCC,0xB7,0x6A,0x1A,0xCC,0xBA,0x6B,0x1D,0xCC,0xBC,0x6E,0x1F,0xCC,0xBF,0x70,0x23,0xCC,0xC3,0x74,0x27,0xCC,0xC7,0x78,0x2C,0xCC,0xCC,0x7C,0x31,0xCC,0xE6,0xBC,0x95,0xCC,0xF6,0xE6,0xD8,0xCC,0xF5,0xDB,0xC7,0x64,
    0xF1,0xD6,0xBD,0x8F,0xF6,0xE6,0xD7,0xCC,0xE0,0xAD,0x7C,0xCC,0xCA,0x7B,0x2F,0xCC,0xC7,0x77,0x2C,0xCC,0xC2,0x74,0x27,0xCC,0xBF,0x70,0x23,0xCC,0xBC,0x6E,0x1F,0xCC,0xB9,0x6B,0x1B,0xCC,0xB7,0x6A,0x1A,0xCC,0xB5,0x69,0x18,0xCC,0xB4,0x66,0x16,0xCC,0xB3,0x66,0x15,0xCC,0xB2,0x66,0x14,0xCC,0xB2,0x65,0x14,0xCC,0xB2,0x65,0x13,0xCC,
    0xB2,0x64,0x13,0xCC,0xB0,0x65,0x11,0xCC,0xB0,0x65,0x11,0xCC,0xB0,0x64,0x11,0xCC,0xB0,0x64,0x11,0xCC,0xB0,0x64,0x11,0xCC,0xB0,0x64,0x11,0xCC,0xB0,0x64,0x11,0xCC,0xB0,0x64,0x11,0xCC,0xB0,0x64,0x11,0xCC,0xB0,0x64,0x11,0xCC,0xB0,0x64,0x11,0xCC,0xB0,0x64,0x11,0xCC,0xB0,0x64,0x11,0xCC,0xB0,0x64,0x11,0xCC,0xB0,0x64,0x11,0xCC,
    0xB0,0x64,0x11,0xCC,0xB0,0x64,0x11,0xCC,0xB0,0x64,0x11,0xCC,0xB0,0x64,0x11,0xCC,0xB0,0x64,0x11,0xCC,0xB0,0x64,0x11,0xCC,0xB0,0x64,0x11,0xCC,0xB0,0x64,0x11,0xCC,0xB0,0x64,0x11,0xCC,0xB0,0x64,0x11,0xCC,0xB0,0x64,0x11,0xCC,0xB0,0x64,0x11,0xCC,0xB0,0x64,0x11,0xCC,0xB0,0x64,0x11,0xCC,0xB0,0x64,0x11,0xCC,0xB0,0x64,0x11,0xCC,
    0xB0,0x64,0x11,0xCC,0xB0,0x64,0x11,0xCC,0xB0,0x64,0x11,0xCC,0xB0,0x64,0x11,0xCC,0xB0,0x64,0x11,0xCC,0xB0,0x64,0x11,0xCC,0xB0,0x64,0x11,0xCC,0xB0,0x64,0x11,0xCC,0xB0,0x64,0x11,0xCC,0xB0,0x64,0x11,0xCC,0xE9,0xD3,0xBC,0xEE,0xFF,0xFF,0xFF,0xFF,0xFF,0xFF,0xFF,0xFF,0xFF,0xFF,0xFF,0xFF,0xFF,0xFF,0xFF,0xFF,0xFF,0xFF,0xFF,0xFF,
    0xFF,0xFF,0xFF,0xFF,0xFF,0xFF,0xFF,0xFF,0xFF,0xFF,0xFF,0xFF,0xDE,0xBE,0x9A,0xE6,0xB0,0x64,0x11,0xCC,0xB0,0x64,0x11,0xCC,0xB0,0x64,0x11,0xCC,0xB0,0x64,0x11,0xCC,0xB0,0x64,0x11,0xCC,0xB0,0x64,0x11,0xCC,0xB0,0x64,0x11,0xCC,0xB0,0x64,0x11,0xCC,0xB0,0x64,0x11,0xCC,0xB0,0x64,0x11,0xCC,0xB0,0x64,0x11,0xCC,0xB9,0x76,0x2D,0xD1,
    0xE5,0xCC,0xB1,0xEC,0xFE,0xFE,0xFE,0xFF,0xFF,0xFF,0xFF,0xFF,0xFF,0xFF,0xFF,0xFF,0xFF,0xFF,0xFF,0xFF,0xFF,0xFF,0xFF,0xFF,0xD9,0xB4,0x8B,0xE3,0xB0,0x64,0x11,0xCC,0xB0,0x64,0x11,0xCC,0xB0,0x64,0x11,0xCC,0xB0,0x64,0x11,0xCC,0xB0,0x64,0x11,0xCC,0xDE,0xBE,0x9C,0xE7,0xFF,0xFF,0xFF,0xFF,0xFF,0xFF,0xFF,0xFF,0xFF,0xFF,0xFF,0xFF,
    0xFF,0xFF,0xFF,0xFF,0xFF,0xFF,0xFF,0xFF,0xFF,0xFF,0xFF,0xFF,0xFF,0xFF,0xFF,0xFF,0xFF,0xFF,0xFF,0xFF,0xE9,0xD2,0xBA,0xEE,0xB0,0x64,0x11,0xCC,0xB0,0x64,0x11,0xCC,0xB0,0x64,0x11,0xCC,0xB0,0x64,0x11,0xCC,0xB0,0x64,0x11,0xCC,0xB0,0x64,0x11,0xCC,0xB0,0x64,0x11,0xCC,0xB0,0x64,0x11,0xCC,0xB0,0x64,0x11,0xCC,0xB0,0x64,0x11,0xCC,
    0xB0,0x64,0x11,0xCC,0xB0,0x64,0x11,0xCC,0xB0,0x64,0x11,0xCC,0xB0,0x64,0x11,0xCC,0xB0,0x64,0x11,0xCC,0xB0,0x64,0x11,0xCC,0xB0,0x64,0x11,0xCC,0xB0,0x64,0x11,0xCC,0xB0,0x64,0x11,0xCC,0xB0,0x64,0x11,0xCC,0xB0,0x64,0x11,0xCC,0xB0,0x64,0x11,0xCC,0xB0,0x64,0x11,0xCC,0xB0,0x64,0x11,0xCC,0xB0,0x64,0x11,0xCC,0xB0,0x64,0x11,0xCC,
    0xB0,0x64,0x11,0xCC,0xB0,0x64,0x11,0xCC,0xB0,0x64,0x11,0xCC,0xB0,0x64,0x11,0xCC,0xB0,0x64,0x11,0xCC,0xB0,0x64,0x11,0xCC,0xB0,0x64,0x11,0xCC,0xB0,0x64,0x11,0xCC,0xB0,0x64,0x11,0xCC,0xB0,0x64,0x11,0xCC,0xB0,0x64,0x11,0xCC,0xB0,0x64,0x11,0xCC,0xB0,0x64,0x11,0xCC,0xB0,0x65,0x11,0xCC,0xB0,0x65,0x11,0xCC,0xB2,0x64,0x13,0xCC,
    0xB2,0x65,0x13,0xCC,0xB2,0x65,0x14,0xCC,0xB2,0x66,0x14,0xCC,0xB3,0x66,0x15,0xCC,0xB4,0x66,0x16,0xCC,0xB5,0x69,0x18,0xCC,0xB7,0x6A,0x1A,0xCC,0xB9,0x6B,0x1B,0xCC,0xBC,0x6E,0x1F,0xCC,0xBF,0x70,0x23,0xCC,0xC2,0x74,0x27,0xCC,0xC7,0x77,0x2C,0xCC,0xCA,0x7B,0x2F,0xCC,0xE0,0xAD,0x7C,0xCC,0xF6,0xE6,0xD7,0xCC,0xF1,0xD6,0xBD,0x8F,
    0xF2,0xD5,0xBB,0xB0,0xF6,0xE6,0xD7,0xCC,0xDB,0x9F,0x66,0xCC,0xC9,0x7B,0x2E,0xCC,0xC6,0x77,0x2A,0xCC,0xC2,0x73,0x27,0xCC,0xBE,0x70,0x22,0xCC,0xBC,0x6E,0x1F,0xCC,0xB9,0x6B,0x1B,0xCC,0xB7,0x6A,0x1A,0xCC,0xB5,0x69,0x18,0xCC,0xB3,0x66,0x16,0xCC,0xB2,0x66,0x14,0xCC,0xB2,0x66,0x14,0xCC,0xB2,0x65,0x14,0xCC,0xB2,0x64,0x13,0xCC,
    0xB0,0x64,0x11,0xCC,0xB0,0x65,0x11,0xCC,0xB0,0x64,0x11,0xCC,0xB0,0x64,0x11,0xCC,0xB0,0x64,0x11,0xCC,0xB0,0x64,0x11,0xCC,0xB0,0x64,0x11,0xCC,0xB0,0x64,0x11,0xCC,0xB0,0x64,0x11,0xCC,0xB0,0x64,0x11,0xCC,0xB0,0x64,0x11,0xCC,0xB0,0x64,0x11,0xCC,0xB0,0x64,0x11,0xCC,0xB0,0x64,0x11,0xCC,0xB0,0x64,0x11,0xCC,0xB0,0x64,0x11,0xCC,
    0xB0,0x64,0x11,0xCC,0xB0,0x64,0x11,0xCC,0xB0,0x64,0x11,0xCC,0xB0,0x64,0x11,0xCC,0xB0,0x64,0x11,0xCC,0xB0,0x64,0x11,0xCC,0xB0,0x64,0x11,0xCC,0xB0,0x64,0x11,0xCC,0xB0,0x64,0x11,0xCC,0xB0,0x64,0x11,0xCC,0xB0,0x64,0x11,0xCC,0xB0,0x64,0x11,0xCC,0xB0,0x64,0x11,0xCC,0xB0,0x64,0x11,0xCC,0xB0,0x64,0x11,0xCC,0xB0,0x64,0x11,0xCC,
    0xB0,0x64,0x11,0xCC,0xB0,0x64,0x11,0xCC,0xB0,0x64,0x11,0xCC,0xB0,0x64,0x11,0xCC,0xB0,0x64,0x11,0xCC,0xB0,0x64,0x11,0xCC,0xB0,0x64,0x11,0xCC,0xB0,0x64,0x11,0xCC,0xB0,0x64,0x11,0xCC,0xB0,0x64,0x11,0xCC,0xE9,0xD3,0xBC,0xEE,0xFF,0xFF,0xFF,0xFF,0xFF,0xFF,0xFF,0xFF,0xFF,0xFF,0xFF,0xFF,0xFF,0xFF,0xFF,0xFF,0xFF,0xFF,0xFF,0xFF,
    0xFF,0xFF,0xFF,0xFF,0xFF,0xFF,0xFF,0xFF,0xFB,0xF7,0xF3,0xFC,0xB5,0x6D,0x20,0xCE,0xB0,0x64,0x11,0xCC,0xB0,0x64,0x11,0xCC,0xB0,0x64,0x11,0xCC,0xB0,0x64,0x11,0xCC,0xB0,0x64,0x11,0xCC,0xB0,0x64,0x11,0xCC,0xB0,0x64,0x11,0xCC,0xB0,0x64,0x11,0xCC,0xB0,0x64,0x11,0xCC,0xB2,0x68,0x18,0xCD,0xD9,0xB3,0x8A,0xE3,0xFC,0xF9,0xF6,0xFC,
    0xFF,0xFF,0xFF,0xFF,0xFF,0xFF,0xFF,0xFF,0xFF,0xFF,0xFF,0xFF,0xFF,0xFF,0xFF,0xFF,0xFF,0xFF,0xFF,0xFF,0xFF,0xFF,0xFF,0xFF,0xD9,0xB4,0x8B,0xE3,0xB0,0x64,0x11,0xCC,0xB0,0x64,0x11,0xCC,0xB0,0x64,0x11,0xCC,0xB0,0x64,0x11,0xCC,0xB0,0x64,0x11,0xCC,0xB6,0x6F,0x22,0xCF,0xFB,0xF7,0xF3,0xFC,0xFF,0xFF,0xFF,0xFF,0xFF,0xFF,0xFF,0xFF,
    0xFF,0xFF,0xFF,0xFF,0xFF,0xFF,0xFF,0xFF,0xFF,0xFF,0xFF,0xFF,0xFF,0xFF,0xFF,0xFF,0xFF,0xFF,0xFF,0xFF,0xE9,0xD2,0xBA,0xEE,0xB0,0x64,0x11,0xCC,0xB0,0x64,0x11,0xCC,0xB0,0x64,0x11,0xCC,0xB0,0x64,0x11,0xCC,0xB0,0x64,0x11,0xCC,0xB0,0x64,0x11,0xCC,0xB0,0x64,0x11,0xCC,0xB0,0x64,0x11,0xCC,0xB0,0x64,0x11,0xCC,0xB0,0x64,0x11,0xCC,
    0xB0,0x64,0x11,0xCC,0xB0,0x64,0x11,0xCC,0xB0,0x64,0x11,0xCC,0xB0,0x64,0x11,0xCC,0xB0,0x64,0x11,0xCC,0xB0,0x64,0x11,0xCC,0xB0,0x64,0x11,0xCC,0xB0,0x64,0x11,0xCC,0xB0,0x64,0x11,0xCC,0xB0,0x64,0x11,0xCC,0xB0,0x64,0x11,0xCC,0xB0,0x64,0x11,0xCC,0xB0,0x64,0x11,0xCC,0xB0,0x64,0x11,0xCC,0xB0,0x64,0x11,0xCC,0xB0,0x64,0x11,0xCC,
    0xB0,0x64,0x11,0xCC,0xB0,0x64,0x11,0xCC,0xB0,0x64,0x11,0xCC,0xB0,0x64,0x11,0xCC,0xB0,0x64,0x11,0xCC,0xB0,0x64,0x11,0xCC,0xB0,0x64,0x11,0xCC,0xB0,0x64,0x11,0xCC,0xB0,0x64,0x11,0xCC,0xB0,0x64,0x11,0xCC,0xB0,0x64,0x11,0xCC,0xB0,0x64,0x11,0xCC,0xB0,0x64,0x11,0xCC,0xB0,0x64,0x11,0xCC,0xB0,0x65,0x11,0xCC,0xB0,0x64,0x11,0xCC,
    0xB2,0x64,0x13,0xCC,0xB2,0x65,0x14,0xCC,0xB2,0x66,0x14,0xCC,0xB2,0x66,0x14,0xCC,0xB3,0x66,0x16,0xCC,0xB5,0x69,0x18,0xCC,0xB7,0x6A,0x1A,0xCC,0xB9,0x6B,0x1B,0xCC,0xBC,0x6E,0x1F,0xCC,0xBE,0x70,0x22,0xCC,0xC2,0x73,0x27,0xCC,0xC6,0x77,0x2A,0xCC,0xC9,0x7B,0x2E,0xCC,0xDB,0x9F,0x66,0xCC,0xF6,0xE6,0xD7,0xCC,0xF2,0xD5,0xBB,0xB0,
    0xF4,0xDA,0xC3,0xBF,0xF6,0xE6,0xD7,0xCC,0xD6,0x94,0x55,0xCC,0xC9,0x7B,0x2E,0xCC,0xC6,0x75,0x29,0xCC,0xC2,0x73,0x25,0xCC,0xBE,0x70,0x22,0xCC,0xBC,0x6E,0x1E,0xCC,0xB8,0x6B,0x1B,0xCC,0xB7,0x69,0x19,0xCC,0xB5,0x68,0x16,0xCC,0xB3,0x66,0x16,0xCC,0xB2,0x66,0x15,0xCC,0xB2,0x65,0x14,0xCC,0xB2,0x65,0x14,0xCC,0xB2,0x64,0x13,0xCC,
    0xB0,0x64,0x11,0xCC,0xB0,0x64,0x11,0xCC,0xB0,0x64,0x11,0xCC,0xB0,0x64,0x11,0xCC,0xB0,0x64,0x11,0xCC,0xB0,0x64,0x11,0xCC,0xB0,0x64,0x11,0xCC,0xB0,0x64,0x11,0xCC,0xB0,0x64,0x11,0xCC,0xB0,0x64,0x11,0xCC,0xB0,0x64,0x11,0xCC,0xB0,0x64,0x11,0xCC,0xB0,0x64,0x11,0xCC,0xB0,0x64,0x11,0xCC,0xB0,0x64,0x11,0xCC,0xB0,0x64,0x11,0xCC,
    0xB0,0x64,0x11,0xCC,0xB0,0x64,0x11,0xCC,0xB0,0x64,0x11,0xCC,0xB0,0x64,0x11,0xCC,0xB0,0x64,0x11,0xCC,0xB0,0x64,0x11,0xCC,0xB0,0x64,0x11,0xCC,0xB0,0x64,0x11,0xCC,0xB0,0x64,0x11,0xCC,0xB0,0x64,0x11,0xCC,0xB0,0x64,0x11,0xCC,0xB0,0x64,0x11,0xCC,0xB0,0x64,0x11,0xCC,0xB0,0x64,0x11,0xCC,0xB0,0x64,0x11,0xCC,0xB0,0x64,0x11,0xCC,
    0xB0,0x64,0x11,0xCC,0xB0,0x64,0x11,0xCC,0xB0,0x64,0x11,0xCC,0xB0,0x64,0x11,0xCC,0xB0,0x64,0x11,0xCC,0xB0,0x64,0x11,0xCC,0xB0,0x64,0x11,0xCC,0xB0,0x64,0x11,0xCC,0xB0,0x64,0x11,0xCC,0xB0,0x64,0x11,0xCC,0xE9,0xD3,0xBC,0xEE,0xFF,0xFF,0xFF,0xFF,0xFF,0xFF,0xFF,0xFF,0xFF,0xFF,0xFF,0xFF,0xFF,0xFF,0xFF,0xFF,0xFF,0xFF,0xFF,0xFF,
    0xFF,0xFF,0xFF,0xFF,0xFF,0xFF,0xFF,0xFF,0xE7,0xCF,0xB6,0xEC,0xB0,0x64,0x11,0xCC,0xB0,0x64,0x11,0xCC,0xB0,0x64,0x11,0xCC,0xB0,0x64,0x11,0xCC,0xB0,0x64,0x11,0xCC,0xB0,0x64,0x11,0xCC,0xB0,0x64,0x11,0xCC,0xB0,0x64,0x11,0xCC,0xB0,0x64,0x11,0xCC,0xCA,0x98,0x60,0xDA,0xF6,0xEC,0xE2,0xF7,0xFF,0xFF,0xFF,0xFF,0xFF,0xFF,0xFF,0xFF,
    0xFF,0xFF,0xFF,0xFF,0xFF,0xFF,0xFF,0xFF,0xFF,0xFF,0xFF,0xFF,0xFF,0xFF,0xFF,0xFF,0xFF,0xFF,0xFF,0xFF,0xFF,0xFF,0xFF,0xFF,0xD9,0xB4,0x8B,0xE3,0xB0,0x64,0x11,0xCC,0xB0,0x64,0x11,0xCC,0xB0,0x64,0x11,0xCC,0xB0,0x64,0x11,0xCC,0xB0,0x64,0x11,0xCC,0xB0,0x64,0x11,0xCC,0xE6,0xD0,0xB6,0xED,0xFF,0xFF,0xFF,0xFF,0xFF,0xFF,0xFF,0xFF,
    0xFF,0xFF,0xFF,0xFF,0xFF,0xFF,0xFF,0xFF,0xFF,0xFF,0xFF,0xFF,0xFF,0xFF,0xFF,0xFF,0xFF,0xFF,0xFF,0xFF,0xE9,0xD2,0xBA,0xEE,0xB0,0x64,0x11,0xCC,0xB0,0x64,0x11,0xCC,0xB0,0x64,0x11,0xCC,0xB0,0x64,0x11,0xCC,0xB0,0x64,0x11,0xCC,0xB0,0x64,0x11,0xCC,0xB0,0x64,0x11,0xCC,0xB0,0x64,0x11,0xCC,0xB0,0x64,0x11,0xCC,0xB0,0x64,0x11,0xCC,
    0xB0,0x64,0x11,0xCC,0xB0,0x64,0x11,0xCC,0xB0,0x64,0x11,0xCC,0xB0,0x64,0x11,0xCC,0xB0,0x64,0x11,0xCC,0xB0,0x64,0x11,0xCC,0xB0,0x64,0x11,0xCC,0xB0,0x64,0x11,0xCC,0xB0,0x64,0x11,0xCC,0xB0,0x64,0x11,0xCC,0xB0,0x64,0x11,0xCC,0xB0,0x64,0x11,0xCC,0xB0,0x64,0x11,0xCC,0xB0,0x64,0x11,0xCC,0xB0,0x64,0x11,0xCC,0xB0,0x64,0x11,0xCC,
    0xB0,0x64,0x11,0xCC,0xB0,0x64,0x11,0xCC,0xB0,0x64,0x11,0xCC,0xB0,0x64,0x11,0xCC,0xB0,0x64,0x11,0xCC,0xB0,0x64,0x11,0xCC,0xB0,0x64,0x11,0xCC,0xB0,0x64,0x11,0xCC,0xB0,0x64,0x11,0xCC,0xB0,0x64,0x11,0xCC,0xB0,0x64,0x11,0xCC,0xB0,0x64,0x11,0xCC,0xB0,0x64,0x11,0xCC,0xB0,0x64,0x11,0xCC,0xB0,0x64,0x11,0xCC,0xB0,0x64,0x11,0xCC,
    0xB2,0x64,0x13,0xCC,0xB2,0x65,0x14,0xCC,0xB2,0x65,0x14,0xCC,0xB2,0x66,0x15,0xCC,0xB3,0x66,0x16,0xCC,0xB5,0x68,0x16,0xCC,0xB7,0x69,0x19,0xCC,0xB8,0x6B,0x1B,0xCC,0xBC,0x6E,0x1E,0xCC,0xBE,0x70,0x22,0xCC,0xC2,0x73,0x25,0xCC,0xC6,0x75,0x29,0xCC,0xC9,0x7B,0x2E,0xCC,0xD6,0x94,0x55,0xCC,0xF6,0xE6,0xD7,0xCC,0xF4,0xDA,0xC3,0xBF,
    0xF6,0xDF,0xCA,0xC6,0xF6,0xE6,0xD7,0xCC,0xD2,0x8B,0x48,0xCC,0xC9,0x79,0x2D,0xCC,0xC4,0x75,0x29,0xCC,0xC1,0x73,0x25,0xCC,0xBE,0x70,0x22,0xCC,0xBA,0x6D,0x1E,0xCC,0xB8,0x6A,0x1A,0xCC,0xB7,0x69,0x19,0xCC,0xB4,0x68,0x16,0xCC,0xB3,0x66,0x15,0xCC,0xB2,0x66,0x14,0xCC,0xB2,0x65,0x14,0xCC,0xB2,0x65,0x14,0xCC,0xB2,0x64,0x13,0xCC,
    0xB0,0x64,0x11,0xCC,0xB0,0x64,0x11,0xCC,0xB0,0x64,0x11,0xCC,0xB0,0x64,0x11,0xCC,0xB0,0x64,0x11,0xCC,0xB0,0x64,0x11,0xCC,0xB0,0x64,0x11,0xCC,0xB0,0x64,0x11,0xCC,0xB0,0x64,0x11,0xCC,0xB0,0x64,0x11,0xCC,0xB0,0x64,0x11,0xCC,0xB0,0x64,0x11,0xCC,0xB0,0x64,0x11,0xCC,0xB0,0x64,0x11,0xCC,0xB0,0x64,0x11,0xCC,0xB0,0x64,0x11,0xCC,
    0xB0,0x64,0x11,0xCC,0xB0,0x64,0x11,0xCC,0xB0,0x64,0x11,0xCC,0xB0,0x64,0x11,0xCC,0xB0,0x64,0x11,0xCC,0xB0,0x64,0x11,0xCC,0xB0,0x64,0x11,0xCC,0xB0,0x64,0x11,0xCC,0xB0,0x64,0x11,0xCC,0xB0,0x64,0x11,0xCC,0xB0,0x64,0x11,0xCC,0xB0,0x64,0x11,0xCC,0xB0,0x64,0x11,0xCC,0xB0,0x64,0x11,0xCC,0xB0,0x64,0x11,0xCC,0xB0,0x64,0x11,0xCC,
    0xB0,0x64,0x11,0xCC,0xB0,0x64,0x11,0xCC,0xB0,0x64,0x11,0xCC,0xB0,0x64,0x11,0xCC,0xB0,0x64,0x11,0xCC,0xB0,0x64,0x11,0xCC,0xB0,0x64,0x11,0xCC,0xB0,0x64,0x11,0xCC,0xB0,0x64,0x11,0xCC,0xB0,0x64,0x11,0xCC,0xE9,0xD3,0xBC,0xEE,0xFF,0xFF,0xFF,0xFF,0xFF,0xFF,0xFF,0xFF,0xFF,0xFF,0xFF,0xFF,0xFF,0xFF,0xFF,0xFF,0xFF,0xFF,0xFF,0xFF,
    0xFF,0xFF,0xFF,0xFF,0xFF,0xFF,0xFF,0xFF,0xCF,0xA0,0x6E,0xDD,0xB0,0x64,0x11,0xCC,0xB0,0x64,0x11,0xCC,0xB0,0x64,0x11,0xCC,0xB0,0x64,0x11,0xCC,0xB0,0x64,0x11,0xCC,0xB0,0x64,0x11,0xCC,0xB0,0x64,0x11,0xCC,0xBE,0x7F,0x3B,0xD3,0xEB,0xD8,0xC2,0xF0,0xFF,0xFF,0xFF,0xFF,0xFF,0xFF,0xFF,0xFF,0xFF,0xFF,0xFF,0xFF,0xFF,0xFF,0xFF,0xFF,
    0xFF,0xFF,0xFF,0xFF,0xFF,0xFF,0xFF,0xFF,0xFF,0xFF,0xFF,0xFF,0xFF,0xFF,0xFF,0xFF,0xFF,0xFF,0xFF,0xFF,0xFF,0xFF,0xFF,0xFF,0xD9,0xB4,0x8B,0xE3,0xB0,0x64,0x11,0xCC,0xB0,0x64,0x11,0xCC,0xB0,0x64,0x11,0xCC,0xB0,0x64,0x11,0xCC,0xB0,0x64,0x11,0xCC,0xB0,0x64,0x11,0xCC,0xD0,0xA2,0x70,0xDD,0xFF,0xFF,0xFF,0xFF,0xFF,0xFF,0xFF,0xFF,
    0xFF,0xFF,0xFF,0xFF,0xFF,0xFF,0xFF,0xFF,0xFF,0xFF,0xFF,0xFF,0xFF,0xFF,0xFF,0xFF,0xFF,0xFF,0xFF,0xFF,0xE9,0xD2,0xBA,0xEE,0xB0,0x64,0x11,0xCC,0xB0,0x64,0x11,0xCC,0xB0,0x64,0x11,0xCC,0xB0,0x64,0x11,0xCC,0xB0,0x64,0x11,0xCC,0xB0,0x64,0x11,0xCC,0xB0,0x64,0x11,0xCC,0xB0,0x64,0x11,0xCC,0xB0,0x64,0x11,0xCC,0xB0,0x64,0x11,0xCC,
    0xB0,0x64,0x11,0xCC,0xB0,0x64,0x11,0xCC,0xB0,0x64,0x11,0xCC,0xB0,0x64,0x11,0xCC,0xB0,0x64,0x11,0xCC,0xB0,0x64,0x11,0xCC,0xB0,0x64,0x11,0xCC,0xB0,0x64,0x11,0xCC,0xB0,0x64,0x11,0xCC,0xB0,0x64,0x11,0xCC,0xB0,0x64,0x11,0xCC,0xB0,0x64,0x11,0xCC,0xB0,0x64,0x11,0xCC,0xB0,0x64,0x11,0xCC,0xB0,0x64,0x11,0xCC,0xB0,0x64,0x11,0xCC,
    0xB0,0x64,0x11,0xCC,0xB0,0x64,0x11,0xCC,0xB0,0x64,0x11,0xCC,0xB0,0x64,0x11,0xCC,0xB0,0x64,0x11,0xCC,0xB0,0x64,0x11,0xCC,0xB0,0x64,0x11,0xCC,0xB0,0x64,0x11,0xCC,0xB0,0x64,0x11,0xCC,0xB0,0x64,0x11,0xCC,0xB0,0x64,0x11,0xCC,0xB0,0x64,0x11,0xCC,0xB0,0x64,0x11,0xCC,0xB0,0x64,0x11,0xCC,0xB0,0x64,0x11,0xCC,0xB0,0x64,0x11,0xCC,
    0xB2,0x64,0x13,0xCC,0xB2,0x65,0x14,0xCC,0xB2,0x65,0x14,0xCC,0xB2,0x66,0x14,0xCC,0xB3,0x66,0x15,0xCC,0xB4,0x68,0x16,0xCC,0xB7,0x69,0x19,0xCC,0xB8,0x6A,0x1A,0xCC,0xBA,0x6D,0x1E,0xCC,0xBE,0x70,0x22,0xCC,0xC1,0x73,0x25,0xCC,0xC4,0x75,0x29,0xCC,0xC9,0x79,0x2D,0xCC,0xD2,0x8B,0x48,0xCC,0xF6,0xE6,0xD7,0xCC,0xF6,0xDF,0xCA,0xC6,
    0xF6,0xE1,0xD0,0xCA,0xF6,0xE6,0xD7,0xCC,0xCF,0x85,0x3D,0xCC,0xC9,0x79,0x2E,0xCC,0xC4,0x75,0x29,0xCC,0xC1,0x72,0x24,0xCC,0xBE,0x70,0x22,0xCC,0xBA,0x6D,0x1E,0xCC,0xB8,0x6B,0x1A,0xCC,0xB7,0x6A,0x19,0xCC,0xB4,0x68,0x16,0xCC,0xB3,0x66,0x15,0xCC,0xB2,0x66,0x14,0xCC,0xB2,0x65,0x14,0xCC,0xB2,0x65,0x14,0xCC,0xB2,0x64,0x13,0xCC,
    0xB0,0x64,0x11,0xCC,0xB0,0x64,0x11,0xCC,0xB0,0x64,0x11,0xCC,0xB0,0x64,0x11,0xCC,0xB0,0x64,0x11,0xCC,0xB0,0x64,0x11,0xCC,0xB0,0x64,0x11,0xCC,0xB0,0x64,0x11,0xCC,0xB0,0x64,0x11,0xCC,0xB0,0x64,0x11,0xCC,0xB0,0x64,0x11,0xCC,0xB0,0x64,0x11,0xCC,0xB0,0x64,0x11,0xCC,0xB0,0x64,0x11,0xCC,0xB0,0x64,0x11,0xCC,0xB0,0x64,0x11,0xCC,
    0xB0,0x64,0x11,0xCC,0xB0,0x64,0x11,0xCC,0xB0,0x64,0x11,0xCC,0xB0,0x64,0x11,0xCC,0xB0,0x64,0x11,0xCC,0xB0,0x64,0x11,0xCC,0xB0,0x64,0x11,0xCC,0xB0,0x64,0x11,0xCC,0xB0,0x64,0x11,0xCC,0xB0,0x64,0x11,0xCC,0xB0,0x64,0x11,0xCC,0xB0,0x64,0x11,0xCC,0xB0,0x64,0x11,0xCC,0xB0,0x64,0x11,0xCC,0xB0,0x64,0x11,0xCC,0xB0,0x64,0x11,0xCC,
    0xB0,0x64,0x11,0xCC,0xB0,0x64,0x11,0xCC,0xB0,0x64,0x11,0xCC,0xB0,0x64,0x11,0xCC,0xB0,0x64,0x11,0xCC,0xB0,0x64,0x11,0xCC,0xB0,0x64,0x11,0xCC,0xB0,0x64,0x11,0xCC,0xB0,0x64,0x11,0xCC,0xB0,0x64,0x11,0xCC,0xE9,0xD3,0xBC,0xEE,0xFF,0xFF,0xFF,0xFF,0xFF,0xFF,0xFF,0xFF,0xFF,0xFF,0xFF,0xFF,0xFF,0xFF,0xFF,0xFF,0xFF,0xFF,0xFF,0xFF,
    0xFF,0xFF,0xFF,0xFF,0xFF,0xFF,0xFF,0xFF,0xB5,0x6E,0x21,0xCF,0xB0,0x64,0x11,0xCC,0xB0,0x64,0x11,0xCC,0xB0,0x64,0x11,0xCC,0xB0,0x64,0x11,0xCC,0xB0,0x64,0x11,0xCC,0xB5,0x6D,0x1F,0xCE,0xDF,0xC0,0x9F,0xE8,0xFD,0xFC,0xFA,0xFE,0xFF,0xFF,0xFF,0xFF,0xFF,0xFF,0xFF,0xFF,0xFF,0xFF,0xFF,0xFF,0xFF,0xFF,0xFF,0xFF,0xFF,0xFF,0xFF,0xFF,
    0xFF,0xFF,0xFF,0xFF,0xFF,0xFF,0xFF,0xFF,0xFF,0xFF,0xFF,0xFF,0xFF,0xFF,0xFF,0xFF,0xFF,0xFF,0xFF,0xFF,0xFF,0xFF,0xFF,0xFF,0xD9,0xB4,0x8B,0xE3,0xB0,0x64,0x11,0xCC,0xB0,0x64,0x11,0xCC,0xB0,0x64,0x11,0xCC,0xB0,0x64,0x11,0xCC,0xB0,0x64,0x11,0xCC,0xB0,0x64,0x11,0xCC,0xB6,0x71,0x25,0xCF,0xFF,0xFF,0xFF,0xFF,0xFF,0xFF,0xFF,0xFF,
    0xFF,0xFF,0xFF,0xFF,0xFF,0xFF,0xFF,0xFF,0xFF,0xFF,0xFF,0xFF,0xFF,0xFF,0xFF,0xFF,0xFF,0xFF,0xFF,0xFF,0xE9,0xD2,0xBA,0xEE,0xB0,0x64,0x11,0xCC,0xB0,0x64,0x11,0xCC,0xB0,0x64,0x11,0xCC,0xB0,0x64,0x11,0xCC,0xB0,0x64,0x11,0xCC,0xB0,0x64,0x11,0xCC,0xB0,0x64,0x11,0xCC,0xB0,0x64,0x11,0xCC,0xB0,0x64,0x11,0xCC,0xB0,0x64,0x11,0xCC,
    0xB0,0x64,0x11,0xCC,0xB0,0x64,0x11,0xCC,0xB0,0x64,0x11,0xCC,0xB0,0x64,0x11,0xCC,0xB0,0x64,0x11,0xCC,0xB0,0x64,0x11,0xCC,0xB0,0x64,0x11,0xCC,0xB0,0x64,0x11,0xCC,0xB0,0x64,0x11,0xCC,0xB0,0x64,0x11,0xCC,0xB0,0x64,0x11,0xCC,0xB0,0x64,0x11,0xCC,0xB0,0x64,0x11,0xCC,0xB0,0x64,0x11,0xCC,0xB0,0x64,0x11,0xCC,0xB0,0x64,0x11,0xCC,
    0xB0,0x64,0x11,0xCC,0xB0,0x64,0x11,0xCC,0xB0,0x64,0x11,0xCC,0xB0,0x64,0x11,0xCC,0xB0,0x64,0x11,0xCC,0xB0,0x64,0x11,0xCC,0xB0,0x64,0x11,0xCC,0xB0,0x64,0x11,0xCC,0xB0,0x64,0x11,0xCC,0xB0,0x64,0x11,0xCC,0xB0,0x64,0x11,0xCC,0xB0,0x64,0x11,0xCC,0xB0,0x64,0x11,0xCC,0xB0,0x64,0x11,0xCC,0xB0,0x64,0x11,0xCC,0xB0,0x64,0x11,0xCC,
    0xB2,0x64,0x13,0xCC,0xB2,0x65,0x14,0xCC,0xB2,0x65,0x14,0xCC,0xB2,0x66,0x14,0xCC,0xB3,0x66,0x15,0xCC,0xB4,0x68,0x16,0xCC,0xB7,0x6A,0x19,0xCC,0xB8,0x6B,0x1A,0xCC,0xBA,0x6D,0x1E,0xCC,0xBE,0x70,0x22,0xCC,0xC1,0x72,0x24,0xCC,0xC4,0x75,0x29,0xCC,0xC9,0x79,0x2E,0xCC,0xCF,0x85,0x3D,0xCC,0xF6,0xE6,0xD7,0xCC,0xF6,0xE1,0xD0,0xCA,
    0xF7,0xE5,0xD6,0xCB,0xF6,0xE6,0xD7,0xCC,0xCD,0x80,0x37,0xCC,0xC9,0x79,0x2E,0xCC,0xC4,0x75,0x29,0xCC,0xC1,0x73,0x24,0xCC,0xBE,0x70,0x22,0xCC,0xBA,0x6D,0x1E,0xCC,0xB8,0x6B,0x1A,0xCC,0xB7,0x6A,0x19,0xCC,0xB4,0x68,0x16,0xCC,0xB3,0x66,0x15,0xCC,0xB2,0x66,0x14,0xCC,0xB2,0x65,0x14,0xCC,0xB2,0x65,0x13,0xCC,0xB2,0x64,0x13,0xCC,
    0xB0,0x65,0x11,0xCC,0xB0,0x64,0x11,0xCC,0xB0,0x64,0x11,0xCC,0xB0,0x64,0x11,0xCC,0xB0,0x64,0x11,0xCC,0xB0,0x64,0x11,0xCC,0xB0,0x64,0x11,0xCC,0xB0,0x64,0x11,0xCC,0xB0,0x64,0x11,0xCC,0xB0,0x64,0x11,0xCC,0xB0,0x64,0x11,0xCC,0xB0,0x64,0x11,0xCC,0xB0,0x64,0x11,0xCC,0xB0,0x64,0x11,0xCC,0xB0,0x64,0x11,0xCC,0xB0,0x64,0x11,0xCC,
    0xB0,0x64,0x11,0xCC,0xB0,0x64,0x11,0xCC,0xB0,0x64,0x11,0xCC,0xB0,0x64,0x11,0xCC,0xB0,0x64,0x11,0xCC,0xB0,0x64,0x11,0xCC,0xB0,0x64,0x11,0xCC,0xB0,0x64,0x11,0xCC,0xB0,0x64,0x11,0xCC,0xB0,0x64,0x11,0xCC,0xB0,0x64,0x11,0xCC,0xB0,0x64,0x11,0xCC,0xB0,0x64,0x11,0xCC,0xB0,0x64,0x11,0xCC,0xB0,0x64,0x11,0xCC,0xB0,0x64,0x11,0xCC,
    0xB0,0x64,0x11,0xCC,0xB0,0x64,0x11,0xCC,0xB0,0x64,0x11,0xCC,0xB0,0x64,0x11,0xCC,0xB0,0x64,0x11,0xCC,0xB0,0x64,0x11,0xCC,0xB0,0x64,0x11,0xCC,0xB0,0x64,0x11,0xCC,0xB0,0x64,0x11,0xCC,0xB0,0x64,0x11,0xCC,0xE9,0xD3,0xBC,0xEE,0xFF,0xFF,0xFF,0xFF,0xFF,0xFF,0xFF,0xFF,0xFF,0xFF,0xFF,0xFF,0xFF,0xFF,0xFF,0xFF,0xFF,0xFF,0xFF,0xFF,
    0xFF,0xFF,0xFF,0xFF,0xFC,0xF9,0xF6,0xFC,0xB0,0x64,0x11,0xCC,0xB0,0x64,0x11,0xCC,0xB0,0x64,0x11,0xCC,0xB0,0x64,0x11,0xCC,0xB0,0x65,0x13,0xCC,0xD1,0xA5,0x76,0xDF,0xF9,0xF3,0xEC,0xFA,0xFF,0xFF,0xFF,0xFF,0xFF,0xFF,0xFF,0xFF,0xFF,0xFF,0xFF,0xFF,0xFF,0xFF,0xFF,0xFF,0xFF,0xFF,0xFF,0xFF,0xFF,0xFF,0xFF,0xFF,0xFF,0xFF,0xFF,0xFF,
    0xFF,0xFF,0xFF,0xFF,0xFF,0xFF,0xFF,0xFF,0xFF,0xFF,0xFF,0xFF,0xFF,0xFF,0xFF,0xFF,0xFF,0xFF,0xFF,0xFF,0xFF,0xFF,0xFF,0xFF,0xD9,0xB4,0x8B,0xE3,0xB0,0x64,0x11,0xCC,0xB0,0x64,0x11,0xCC,0xB0,0x64,0x11,0xCC,0xB0,0x64,0x11,0xCC,0xB0,0x64,0x11,0xCC,0xB0,0x64,0x11,0xCC,0xB0,0x64,0x11,0xCC,0xFD,0xFB,0xF8,0xFD,0xFF,0xFF,0xFF,0xFF,
    0xFF,0xFF,0xFF,0xFF,0xFF,0xFF,0xFF,0xFF,0xFF,0xFF,0xFF,0xFF,0xFF,0xFF,0xFF,0xFF,0xFF,0xFF,0xFF,0xFF,0xE9,0xD2,0xBA,0xEE,0xB0,0x64,0x11,0xCC,0xB0,0x64,0x11,0xCC,0xB0,0x64,0x11,0xCC,0xB0,0x64,0x11,0xCC,0xB0,0x64,0x11,0xCC,0xB0,0x64,0x11,0xCC,0xB0,0x64,0x11,0xCC,0xB0,0x64,0x11,0xCC,0xB0,0x64,0x11,0xCC,0xB0,0x64,0x11,0xCC,
    0xB0,0x64,0x11,0xCC,0xB0,0x64,0x11,0xCC,0xB0,0x64,0x11,0xCC,0xB0,0x64,0x11,0xCC,0xB0,0x64,0x11,0xCC,0xB0,0x64,0x11,0xCC,0xB0,0x64,0x11,0xCC,0xB0,0x64,0x11,0xCC,0xB0,0x64,0x11,0xCC,0xB0,0x64,0x11,0xCC,0xB0,0x64,0x11,0xCC,0xB0,0x64,0x11,0xCC,0xB0,0x64,0x11,0xCC,0xB0,0x64,0x11,0xCC,0xB0,0x64,0x11,0xCC,0xB0,0x64,0x11,0xCC,
    0xB0,0x64,0x11,0xCC,0xB0,0x64,0x11,0xCC,0xB0,0x64,0x11,0xCC,0xB0,0x64,0x11,0xCC,0xB0,0x64,0x11,0xCC,0xB0,0x64,0x11,0xCC,0xB0,0x64,0x11,0xCC,0xB0,0x64,0x11,0xCC,0xB0,0x64,0x11,0xCC,0xB0,0x64,0x11,0xCC,0xB0,0x64,0x11,0xCC,0xB0,0x64,0x11,0xCC,0xB0,0x64,0x11,0xCC,0xB0,0x64,0x11,0xCC,0xB0,0x64,0x11,0xCC,0xB0,0x65,0x11,0xCC,
    0xB2,0x64,0x13,0xCC,0xB2,0x65,0x13,0xCC,0xB2,0x65,0x14,0xCC,0xB2,0x66,0x14,0xCC,0xB3,0x66,0x15,0xCC,0xB4,0x68,0x16,0xCC,0xB7,0x6A,0x19,0xCC,0xB8,0x6B,0x1A,0xCC,0xBA,0x6D,0x1E,0xCC,0xBE,0x70,0x22,0xCC,0xC1,0x73,0x24,0xCC,0xC4,0x75,0x29,0xCC,0xC9,0x79,0x2E,0xCC,0xCD,0x80,0x37,0xCC,0xF6,0xE6,0xD7,0xCC,0xF7,0xE5,0xD6,0xCB,
    0xF8,0xE6,0xD8,0xCC,0xF6,0xE6,0xD7,0xCC,0xCD,0x7D,0x33,0xCC,0xC9,0x79,0x2E,0xCC,0xC4,0x75,0x29,0xCC,0xC1,0x73,0x24,0xCC,0xBE,0x70,0x22,0xCC,0xBA,0x6D,0x1E,0xCC,0xB8,0x6B,0x1A,0xCC,0xB7,0x6A,0x19,0xCC,0xB4,0x68,0x16,0xCC,0xB3,0x66,0x15,0xCC,0xB2,0x66,0x14,0xCC,0xB2,0x65,0x14,0xCC,0xB2,0x65,0x13,0xCC,0xB2,0x64,0x13,0xCC,
    0xB0,0x65,0x11,0xCC,0xB0,0x64,0x11,0xCC,0xB0,0x64,0x11,0xCC,0xB0,0x64,0x11,0xCC,0xB0,0x64,0x11,0xCC,0xB0,0x64,0x11,0xCC,0xB0,0x64,0x11,0xCC,0xB0,0x64,0x11,0xCC,0xB0,0x64,0x11,0xCC,0xB0,0x64,0x11,0xCC,0xB0,0x64,0x11,0xCC,0xB0,0x64,0x11,0xCC,0xB0,0x64,0x11,0xCC,0xB0,0x64,0x11,0xCC,0xB0,0x64,0x11,0xCC,0xB0,0x64,0x11,0xCC,
    0xB0,0x64,0x11,0xCC,0xB0,0x64,0x11,0xCC,0xB0,0x64,0x11,0xCC,0xB0,0x64,0x11,0xCC,0xB0,0x64,0x11,0xCC,0xB0,0x64,0x11,0xCC,0xB0,0x64,0x11,0xCC,0xB0,0x64,0x11,0xCC,0xB0,0x64,0x11,0xCC,0xB0,0x64,0x11,0xCC,0xB0,0x64,0x11,0xCC,0xB0,0x64,0x11,0xCC,0xB0,0x64,0x11,0xCC,0xB0,0x64,0x11,0xCC,0xB0,0x64,0x11,0xCC,0xB0,0x64,0x11,0xCC,
    0xB0,0x64,0x11,0xCC,0xB0,0x64,0x11,0xCC,0xB0,0x64,0x11,0xCC,0xB0,0x64,0x11,0xCC,0xB0,0x64,0x11,0xCC,0xB0,0x64,0x11,0xCC,0xB0,0x64,0x11,0xCC,0xB0,0x64,0x11,0xCC,0xB0,0x64,0x11,0xCC,0xB0,0x64,0x11,0xCC,0xE9,0xD3,0xBC,0xEE,0xFF,0xFF,0xFF,0xFF,0xFF,0xFF,0xFF,0xFF,0xFF,0xFF,0xFF,0xFF,0xFF,0xFF,0xFF,0xFF,0xFF,0xFF,0xFF,0xFF,
    0xFF,0xFF,0xFF,0xFF,0xF7,0xEF,0xE5,0xF8,0xB0,0x64,0x11,0xCC,0xB0,0x64,0x11,0xCC,0xB0,0x64,0x11,0xCC,0xC1,0x87,0x46,0xD6,0xF0,0xE2,0xD3,0xF4,0xFF,0xFF,0xFF,0xFF,0xFF,0xFF,0xFF,0xFF,0xFF,0xFF,0xFF,0xFF,0xFF,0xFF,0xFF,0xFF,0xFF,0xFF,0xFF,0xFF,0xFF,0xFF,0xFF,0xFF,0xFF,0xFF,0xFF,0xFF,0xFF,0xFF,0xFF,0xFF,0xFF,0xFF,0xFF,0xFF,
    0xFF,0xFF,0xFF,0xFF,0xFF,0xFF,0xFF,0xFF,0xFF,0xFF,0xFF,0xFF,0xFF,0xFF,0xFF,0xFF,0xFF,0xFF,0xFF,0xFF,0xFF,0xFF,0xFF,0xFF,0xD9,0xB4,0x8B,0xE3,0xB0,0x64,0x11,0xCC,0xB0,0x64,0x11,0xCC,0xB0,0x64,0x11,0xCC,0xB0,0x64,0x11,0xCC,0xB0,0x64,0x11,0xCC,0xB0,0x64,0x11,0xCC,0xB0,0x64,0x11,0xCC,0xF7,0xF0,0xE7,0xF9,0xFF,0xFF,0xFF,0xFF,
    0xFF,0xFF,0xFF,0xFF,0xFF,0xFF,0xFF,0xFF,0xFF,0xFF,0xFF,0xFF,0xFF,0xFF,0xFF,0xFF,0xFF,0xFF,0xFF,0xFF,0xE9,0xD2,0xBA,0xEE,0xB0,0x64,0x11,0xCC,0xB0,0x64,0x11,0xCC,0xB0,0x64,0x11,0xCC,0xB0,0x64,0x11,0xCC,0xB0,0x64,0x11,0xCC,0xB0,0x64,0x11,0xCC,0xB0,0x64,0x11,0xCC,0xB0,0x64,0x11,0xCC,0xB0,0x64,0x11,0xCC,0xB0,0x64,0x11,0xCC,
    0xB0,0x64,0x11,0xCC,0xB0,0x64,0x11,0xCC,0xB0,0x64,0x11,0xCC,0xB0,0x64,0x11,0xCC,0xB0,0x64,0x11,0xCC,0xB0,0x64,0x11,0xCC,0xB0,0x64,0x11,0xCC,0xB0,0x64,0x11,0xCC,0xB0,0x64,0x11,0xCC,0xB0,0x64,0x11,0xCC,0xB0,0x64,0x11,0xCC,0xB0,0x64,0x11,0xCC,0xB0,0x64,0x11,0xCC,0xB0,0x64,0x11,0xCC,0xB0,0x64,0x11,0xCC,0xB0,0x64,0x11,0xCC,
    0xB0,0x64,0x11,0xCC,0xB0,0x64,0x11,0xCC,0xB0,0x64,0x11,0xCC,0xB0,0x64,0x11,0xCC,0xB0,0x64,0x11,0xCC,0xB0,0x64,0x11,0xCC,0xB0,0x64,0x11,0xCC,0xB0,0x64,0x11,0xCC,0xB0,0x64,0x11,0xCC,0xB0,0x64,0x11,0xCC,0xB0,0x64,0x11,0xCC,0xB0,0x64,0x11,0xCC,0xB0,0x64,0x11,0xCC,0xB0,0x64,0x11,0xCC,0xB0,0x64,0x11,0xCC,0xB0,0x65,0x11,0xCC,
    0xB2,0x64,0x13,0xCC,0xB2,0x65,0x13,0xCC,0xB2,0x65,0x14,0xCC,0xB2,0x66,0x14,0xCC,0xB3,0x66,0x15,0xCC,0xB4,0x68,0x16,0xCC,0xB7,0x6A,0x19,0xCC,0xB8,0x6B,0x1A,0xCC,0xBA,0x6D,0x1E,0xCC,0xBE,0x70,0x22,0xCC,0xC1,0x73,0x24,0xCC,0xC4,0x75,0x29,0xCC,0xC9,0x79,0x2E,0xCC,0xCD,0x7D,0x33,0xCC,0xF6,0xE6,0xD7,0xCC,0xF8,0xE6,0xD8,0xCC,
    0xF8,0xE6,0xD8,0xCC,0xF6,0xE6,0xD7,0xCC,0xCD,0x7D,0x33,0xCC,0xC9,0x79,0x2E,0xCC,0xC4,0x75,0x29,0xCC,0xC1,0x73,0x24,0xCC,0xBE,0x70,0x22,0xCC,0xBA,0x6D,0x1E,0xCC,0xB8,0x6B,0x1A,0xCC,0xB7,0x6A,0x19,0xCC,0xB4,0x68,0x16,0xCC,0xB3,0x66,0x15,0xCC,0xB2,0x66,0x14,0xCC,0xB2,0x65,0x14,0xCC,0xB2,0x65,0x13,0xCC,0xB2,0x64,0x13,0xCC,
    0xB0,0x65,0x11,0xCC,0xB0,0x64,0x11,0xCC,0xB0,0x64,0x11,0xCC,0xB0,0x64,0x11,0xCC,0xB0,0x64,0x11,0xCC,0xB0,0x64,0x11,0xCC,0xB0,0x64,0x11,0xCC,0xB0,0x64,0x11,0xCC,0xB0,0x64,0x11,0xCC,0xB0,0x64,0x11,0xCC,0xB0,0x64,0x11,0xCC,0xB0,0x64,0x11,0xCC,0xB0,0x64,0x11,0xCC,0xB0,0x64,0x11,0xCC,0xB0,0x64,0x11,0xCC,0xB0,0x64,0x11,0xCC,
    0xB0,0x64,0x11,0xCC,0xB0,0x64,0x11,0xCC,0xB0,0x64,0x11,0xCC,0xB0,0x64,0x11,0xCC,0xB0,0x64,0x11,0xCC,0xB0,0x64,0x11,0xCC,0xB0,0x64,0x11,0xCC,0xB0,0x64,0x11,0xCC,0xB0,0x64,0x11,0xCC,0xB0,0x64,0x11,0xCC,0xB0,0x64,0x11,0xCC,0xB0,0x64,0x11,0xCC,0xB0,0x64,0x11,0xCC,0xB0,0x64,0x11,0xCC,0xB0,0x64,0x11,0xCC,0xB0,0x64,0x11,0xCC,
    0xB0,0x64,0x11,0xCC,0xB0,0x64,0x11,0xCC,0xB0,0x64,0x11,0xCC,0xB0,0x64,0x11,0xCC,0xB0,0x64,0x11,0xCC,0xB0,0x64,0x11,0xCC,0xB0,0x64,0x11,0xCC,0xB0,0x64,0x11,0xCC,0xB0,0x64,0x11,0xCC,0xB0,0x64,0x11,0xCC,0xE9,0xD3,0xBC,0xEE,0xFF,0xFF,0xFF,0xFF,0xFF,0xFF,0xFF,0xFF,0xFF,0xFF,0xFF,0xFF,0xFF,0xFF,0xFF,0xFF,0xFF,0xFF,0xFF,0xFF,
    0xFF,0xFF,0xFF,0xFF,0xF7,0xF0,0xE7,0xF9,0xB0,0x64,0x11,0xCC,0xB0,0x64,0x11,0xCC,0xB0,0x64,0x11,0xCC,0xEE,0xDD,0xCB,0xF2,0xFF,0xFF,0xFF,0xFF,0xFF,0xFF,0xFF,0xFF,0xFF,0xFF,0xFF,0xFF,0xFF,0xFF,0xFF,0xFF,0xFF,0xFF,0xFF,0xFF,0xFF,0xFF,0xFF,0xFF,0xFF,0xFF,0xFF,0xFF,0xFF,0xFF,0xFF,0xFF,0xFF,0xFF,0xFF,0xFF,0xFF,0xFF,0xFF,0xFF,
    0xFF,0xFF,0xFF,0xFF,0xFF,0xFF,0xFF,0xFF,0xFF,0xFF,0xFF,0xFF,0xFF,0xFF,0xFF,0xFF,0xFF,0xFF,0xFF,0xFF,0xFF,0xFF,0xFF,0xFF,0xD9,0xB4,0x8B,0xE3,0xB0,0x64,0x11,0xCC,0xB0,0x64,0x11,0xCC,0xB0,0x64,0x11,0xCC,0xB0,0x64,0x11,0xCC,0xB0,0x64,0x11,0xCC,0xB0,0x64,0x11,0xCC,0xB0,0x64,0x11,0xCC,0xF8,0xF1,0xE8,0xF9,0xFF,0xFF,0xFF,0xFF,
    0xFF,0xFF,0xFF,0xFF,0xFF,0xFF,0xFF,0xFF,0xFF,0xFF,0xFF,0xFF,0xFF,0xFF,0xFF,0xFF,0xFF,0xFF,0xFF,0xFF,0xE9,0xD2,0xBA,0xEE,0xB0,0x64,0x11,0xCC,0xB0,0x64,0x11,0xCC,0xB0,0x64,0x11,0xCC,0xB0,0x64,0x11,0xCC,0xB0,0x64,0x11,0xCC,0xB0,0x64,0x11,0xCC,0xB0,0x64,0x11,0xCC,0xB0,0x64,0x11,0xCC,0xB0,0x64,0x11,0xCC,0xB0,0x64,0x11,0xCC,
    0xB0,0x64,0x11,0xCC,0xB0,0x64,0x11,0xCC,0xB0,0x64,0x11,0xCC,0xB0,0x64,0x11,0xCC,0xB0,0x64,0x11,0xCC,0xB0,0x64,0x11,0xCC,0xB0,0x64,0x11,0xCC,0xB0,0x64,0x11,0xCC,0xB0,0x64,0x11,0xCC,0xB0,0x64,0x11,0xCC,0xB0,0x64,0x11,0xCC,0xB0,0x64,0x11,0xCC,0xB0,0x64,0x11,0xCC,0xB0,0x64,0x11,0xCC,0xB0,0x64,0x11,0xCC,0xB0,0x64,0x11,0xCC,
    0xB0,0x64,0x11,0xCC,0xB0,0x64,0x11,0xCC,0xB0,0x64,0x11,0xCC,0xB0,0x64,0x11,0xCC,0xB0,0x64,0x11,0xCC,0xB0,0x64,0x11,0xCC,0xB0,0x64,0x11,0xCC,0xB0,0x64,0x11,0xCC,0xB0,0x64,0x11,0xCC,0xB0,0x64,0x11,0xCC,0xB0,0x64,0x11,0xCC,0xB0,0x64,0x11,0xCC,0xB0,0x64,0x11,0xCC,0xB0,0x64,0x11,0xCC,0xB0,0x64,0x11,0xCC,0xB0,0x65,0x11,0xCC,
    0xB2,0x64,0x13,0xCC,0xB2,0x65,0x13,0xCC,0xB2,0x65,0x14,0xCC,0xB2,0x66,0x14,0xCC,0xB3,0x66,0x15,0xCC,0xB4,0x68,0x16,0xCC,0xB7,0x6A,0x19,0xCC,0xB8,0x6B,0x1A,0xCC,0xBA,0x6D,0x1E,0xCC,0xBE,0x70,0x22,0xCC,0xC1,0x73,0x24,0xCC,0xC4,0x75,0x29,0xCC,0xC9,0x79,0x2E,0xCC,0xCD,0x7D,0x33,0xCC,0xF6,0xE6,0xD7,0xCC,0xF8,0xE6,0xD8,0xCC,
    0xF7,0xE5,0xD6,0xCB,0xF6,0xE6,0xD7,0xCC,0xCD,0x80,0x37,0xCC,0xC9,0x79,0x2E,0xCC,0xC4,0x75,0x29,0xCC,0xC1,0x73,0x24,0xCC,0xBE,0x70,0x22,0xCC,0xBA,0x6D,0x1E,0xCC,0xB8,0x6B,0x1A,0xCC,0xB7,0x6A,0x19,0xCC,0xB4,0x68,0x16,0xCC,0xB3,0x66,0x15,0xCC,0xB2,0x66,0x14,0xCC,0xB2,0x65,0x14,0xCC,0xB2,0x65,0x13,0xCC,0xB2,0x64,0x13,0xCC,
    0xB0,0x65,0x11,0xCC,0xB0,0x64,0x11,0xCC,0xB0,0x64,0x11,0xCC,0xB0,0x64,0x11,0xCC,0xB0,0x64,0x11,0xCC,0xB0,0x64,0x11,0xCC,0xB0,0x64,0x11,0xCC,0xB0,0x64,0x11,0xCC,0xB0,0x64,0x11,0xCC,0xB0,0x64,0x11,0xCC,0xB0,0x64,0x11,0xCC,0xB0,0x64,0x11,0xCC,0xB0,0x64,0x11,0xCC,0xB0,0x64,0x11,0xCC,0xB0,0x64,0x11,0xCC,0xB0,0x64,0x11,0xCC,
    0xB0,0x64,0x11,0xCC,0xB0,0x64,0x11,0xCC,0xB0,0x64,0x11,0xCC,0xB0,0x64,0x11,0xCC,0xB0,0x64,0x11,0xCC,0xB0,0x64,0x11,0xCC,0xB0,0x64,0x11,0xCC,0xB0,0x64,0x11,0xCC,0xB0,0x64,0x11,0xCC,0xB0,0x64,0x11,0xCC,0xB0,0x64,0x11,0xCC,0xB0,0x64,0x11,0xCC,0xB0,0x64,0x11,0xCC,0xB0,0x64,0x11,0xCC,0xB0,0x64,0x11,0xCC,0xB0,0x64,0x11,0xCC,
    0xB0,0x64,0x11,0xCC,0xB0,0x64,0x11,0xCC,0xB0,0x64,0x11,0xCC,0xB0,0x64,0x11,0xCC,0xB0,0x64,0x11,0xCC,0xB0,0x64,0x11,0xCC,0xB0,0x64,0x11,0xCC,0xB0,0x64,0x11,0xCC,0xB0,0x64,0x11,0xCC,0xB0,0x64,0x11,0xCC,0xE9,0xD3,0xBC,0xEE,0xFF,0xFF,0xFF,0xFF,0xFF,0xFF,0xFF,0xFF,0xFF,0xFF,0xFF,0xFF,0xFF,0xFF,0xFF,0xFF,0xFF,0xFF,0xFF,0xFF,
    0xFF,0xFF,0xFF,0xFF,0xFD,0xFC,0xFA,0xFE,0xB0,0x64,0x11,0xCC,0xB0,0x64,0x11,0xCC,0xB0,0x64,0x11,0xCC,0xBB,0x79,0x31,0xD1,0xE8,0xD2,0xB9,0xED,0xFF,0xFE,0xFE,0xFF,0xFF,0xFF,0xFF,0xFF,0xFF,0xFF,0xFF,0xFF,0xFF,0xFF,0xFF,0xFF,0xFF,0xFF,0xFF,0xFF,0xFF,0xFF,0xFF,0xFF,0xFF,0xFF,0xFF,0xFF,0xFF,0xFF,0xFF,0xFF,0xFF,0xFF,0xFF,0xFF,
    0xFF,0xFF,0xFF,0xFF,0xFF,0xFF,0xFF,0xFF,0xFF,0xFF,0xFF,0xFF,0xFF,0xFF,0xFF,0xFF,0xFF,0xFF,0xFF,0xFF,0xFF,0xFF,0xFF,0xFF,0xD9,0xB4,0x8B,0xE3,0xB0,0x64,0x11,0xCC,0xB0,0x64,0x11,0xCC,0xB0,0x64,0x11,0xCC,0xB0,0x64,0x11,0xCC,0xB0,0x64,0x11,0xCC,0xB0,0x64,0x11,0xCC,0xB0,0x65,0x13,0xCC,0xFE,0xFC,0xFB,0xFE,0xFF,0xFF,0xFF,0xFF,
    0xFF,0xFF,0xFF,0xFF,0xFF,0xFF,0xFF,0xFF,0xFF,0xFF,0xFF,0xFF,0xFF,0xFF,0xFF,0xFF,0xFF,0xFF,0xFF,0xFF,0xE9,0xD2,0xBA,0xEE,0xB0,0x64,0x11,0xCC,0xB0,0x64,0x11,0xCC,0xB0,0x64,0x11,0xCC,0xB0,0x64,0x11,0xCC,0xB0,0x64,0x11,0xCC,0xB0,0x64,0x11,0xCC,0xB0,0x64,0x11,0xCC,0xB0,0x64,0x11,0xCC,0xB0,0x64,0x11,0xCC,0xB0,0x64,0x11,0xCC,
    0xB0,0x64,0x11,0xCC,0xB0,0x64,0x11,0xCC,0xB0,0x64,0x11,0xCC,0xB0,0x64,0x11,0xCC,0xB0,0x64,0x11,0xCC,0xB0,0x64,0x11,0xCC,0xB0,0x64,0x11,0xCC,0xB0,0x64,0x11,0xCC,0xB0,0x64,0x11,0xCC,0xB0,0x64,0x11,0xCC,0xB0,0x64,0x11,0xCC,0xB0,0x64,0x11,0xCC,0xB0,0x64,0x11,0xCC,0xB0,0x64,0x11,0xCC,0xB0,0x64,0x11,0xCC,0xB0,0x64,0x11,0xCC,
    0xB0,0x64,0x11,0xCC,0xB0,0x64,0x11,0xCC,0xB0,0x64,0x11,0xCC,0xB0,0x64,0x11,0xCC,0xB0,0x64,0x11,0xCC,0xB0,0x64,0x11,0xCC,0xB0,0x64,0x11,0xCC,0xB0,0x64,0x11,0xCC,0xB0,0x64,0x11,0xCC,0xB0,0x64,0x11,0xCC,0xB0,0x64,0x11,0xCC,0xB0,0x64,0x11,0xCC,0xB0,0x64,0x11,0xCC,0xB0,0x64,0x11,0xCC,0xB0,0x64,0x11,0xCC,0xB0,0x65,0x11,0xCC,
    0xB2,0x64,0x13,0xCC,0xB2,0x65,0x13,0xCC,0xB2,0x65,0x14,0xCC,0xB2,0x66,0x14,0xCC,0xB3,0x66,0x15,0xCC,0xB4,0x68,0x16,0xCC,0xB7,0x6A,0x19,0xCC,0xB8,0x6B,0x1A,0xCC,0xBA,0x6D,0x1E,0xCC,0xBE,0x70,0x22,0xCC,0xC1,0x73,0x24,0xCC,0xC4,0x75,0x29,0xCC,0xC9,0x79,0x2E,0xCC,0xCD,0x80,0x37,0xCC,0xF6,0xE6,0xD7,0xCC,0xF7,0xE5,0xD6,0xCB,
    0xF6,0xE1,0xD0,0xCA,0xF6,0xE6,0xD7,0xCC,0xCF,0x85,0x3D,0xCC,0xC9,0x79,0x2E,0xCC,0xC4,0x75,0x29,0xCC,0xC1,0x72,0x24,0xCC,0xBE,0x70,0x22,0xCC,0xBA,0x6D,0x1E,0xCC,0xB8,0x6B,0x1A,0xCC,0xB7,0x6A,0x19,0xCC,0xB4,0x68,0x16,0xCC,0xB3,0x66,0x15,0xCC,0xB2,0x66,0x14,0xCC,0xB2,0x65,0x14,0xCC,0xB2,0x65,0x14,0xCC,0xB2,0x64,0x13,0xCC,
    0xB0,0x64,0x11,0xCC,0xB0,0x64,0x11,0xCC,0xB0,0x64,0x11,0xCC,0xB0,0x64,0x11,0xCC,0xB0,0x64,0x11,0xCC,0xB0,0x64,0x11,0xCC,0xB0,0x64,0x11,0xCC,0xB0,0x64,0x11,0xCC,0xB0,0x64,0x11,0xCC,0xB0,0x64,0x11,0xCC,0xB0,0x64,0x11,0xCC,0xB0,0x64,0x11,0xCC,0xB0,0x64,0x11,0xCC,0xB0,0x64,0x11,0xCC,0xB0,0x64,0x11,0xCC,0xB0,0x64,0x11,0xCC,
    0xB0,0x64,0x11,0xCC,0xB0,0x64,0x11,0xCC,0xB0,0x64,0x11,0xCC,0xB0,0x64,0x11,0xCC,0xB0,0x64,0x11,0xCC,0xB0,0x64,0x11,0xCC,0xB0,0x64,0x11,0xCC,0xB0,0x64,0x11,0xCC,0xB0,0x64,0x11,0xCC,0xB0,0x64,0x11,0xCC,0xB0,0x64,0x11,0xCC,0xB0,0x64,0x11,0xCC,0xB0,0x64,0x11,0xCC,0xB0,0x64,0x11,0xCC,0xB0,0x64,0x11,0xCC,0xB0,0x64,0x11,0xCC,
    0xB0,0x64,0x11,0xCC,0xB0,0x64,0x11,0xCC,0xB0,0x64,0x11,0xCC,0xB0,0x64,0x11,0xCC,0xB0,0x64,0x11,0xCC,0xB0,0x64,0x11,0xCC,0xB0,0x64,0x11,0xCC,0xB0,0x64,0x11,0xCC,0xB0,0x64,0x11,0xCC,0xB0,0x64,0x11,0xCC,0xE9,0xD3,0xBC,0xEE,0xFF,0xFF,0xFF,0xFF,0xFF,0xFF,0xFF,0xFF,0xFF,0xFF,0xFF,0xFF,0xFF,0xFF,0xFF,0xFF,0xFF,0xFF,0xFF,0xFF,
    0xFF,0xFF,0xFF,0xFF,0xFF,0xFF,0xFF,0xFF,0xB7,0x71,0x26,0xD0,0xB0,0x64,0x11,0xCC,0xB0,0x64,0x11,0xCC,0xB0,0x64,0x11,0xCC,0xB0,0x64,0x11,0xCC,0xC5,0x8E,0x51,0xD8,0xF2,0xE5,0xD7,0xF4,0xFF,0xFF,0xFF,0xFF,0xFF,0xFF,0xFF,0xFF,0xFF,0xFF,0xFF,0xFF,0xFF,0xFF,0xFF,0xFF,0xFF,0xFF,0xFF,0xFF,0xFF,0xFF,0xFF,0xFF,0xFF,0xFF,0xFF,0xFF,
    0xFF,0xFF,0xFF,0xFF,0xFF,0xFF,0xFF,0xFF,0xFF,0xFF,0xFF,0xFF,0xFF,0xFF,0xFF,0xFF,0xFF,0xFF,0xFF,0xFF,0xFF,0xFF,0xFF,0xFF,0xD9,0xB4,0x8B,0xE3,0xB0,0x64,0x11,0xCC,0xB0,0x64,0x11,0xCC,0xB0,0x64,0x11,0xCC,0xB0,0x64,0x11,0xCC,0xB0,0x64,0x11,0xCC,0xB0,0x64,0x11,0xCC,0xB8,0x73,0x28,0xD0,0xFF,0xFF,0xFF,0xFF,0xFF,0xFF,0xFF,0xFF,
    0xFF,0xFF,0xFF,0xFF,0xFF,0xFF,0xFF,0xFF,0xFF,0xFF,0xFF,0xFF,0xFF,0xFF,0xFF,0xFF,0xFF,0xFF,0xFF,0xFF,0xE9,0xD2,0xBA,0xEE,0xB0,0x64,0x11,0xCC,0xB0,0x64,0x11,0xCC,0xB0,0x64,0x11,0xCC,0xB0,0x64,0x11,0xCC,0xB0,0x64,0x11,0xCC,0xB0,0x64,0x11,0xCC,0xB0,0x64,0x11,0xCC,0xB0,0x64,0x11,0xCC,0xB0,0x64,0x11,0xCC,0xB0,0x64,0x11,0xCC,
    0xB0,0x64,0x11,0xCC,0xB0,0x64,0x11,0xCC,0xB0,0x64,0x11,0xCC,0xB0,0x64,0x11,0xCC,0xB0,0x64,0x11,0xCC,0xB0,0x64,0x11,0xCC,0xB0,0x64,0x11,0xCC,0xB0,0x64,0x11,0xCC,0xB0,0x64,0x11,0xCC,0xB0,0x64,0x11,0xCC,0xB0,0x64,0x11,0xCC,0xB0,0x64,0x11,0xCC,0xB0,0x64,0x11,0xCC,0xB0,0x64,0x11,0xCC,0xB0,0x64,0x11,0xCC,0xB0,0x64,0x11,0xCC,
    0xB0,0x64,0x11,0xCC,0xB0,0x64,0x11,0xCC,0xB0,0x64,0x11,0xCC,0xB0,0x64,0x11,0xCC,0xB0,0x64,0x11,0xCC,0xB0,0x64,0x11,0xCC,0xB0,0x64,0x11,0xCC,0xB0,0x64,0x11,0xCC,0xB0,0x64,0x11,0xCC,0xB0,0x64,0x11,0xCC,0xB0,0x64,0x11,0xCC,0xB0,0x64,0x11,0xCC,0xB0,0x64,0x11,0xCC,0xB0,0x64,0x11,0xCC,0xB0,0x64,0x11,0xCC,0xB0,0x64,0x11,0xCC,
    0xB2,0x64,0x13,0xCC,0xB2,0x65,0x14,0xCC,0xB2,0x65,0x14,0xCC,0xB2,0x66,0x14,0xCC,0xB3,0x66,0x15,0xCC,0xB4,0x68,0x16,0xCC,0xB7,0x6A,0x19,0xCC,0xB8,0x6B,0x1A,0xCC,0xBA,0x6D,0x1E,0xCC,0xBE,0x70,0x22,0xCC,0xC1,0x72,0x24,0xCC,0xC4,0x75,0x29,0xCC,0xC9,0x79,0x2E,0xCC,0xCF,0x85,0x3D,0xCC,0xF6,0xE6,0xD7,0xCC,0xF6,0xE1,0xD0,0xCA,
    0xF6,0xDF,0xCA,0xC6,0xF6,0xE6,0xD7,0xCC,0xD2,0x8B,0x48,0xCC,0xC9,0x79,0x2D,0xCC,0xC4,0x75,0x29,0xCC,0xC1,0x73,0x25,0xCC,0xBE,0x70,0x22,0xCC,0xBA,0x6D,0x1E,0xCC,0xB8,0x6A,0x1A,0xCC,0xB7,0x69,0x19,0xCC,0xB4,0x68,0x16,0xCC,0xB3,0x66,0x15,0xCC,0xB2,0x66,0x14,0xCC,0xB2,0x65,0x14,0xCC,0xB2,0x65,0x14,0xCC,0xB2,0x64,0x13,0xCC,
    0xB0,0x64,0x11,0xCC,0xB0,0x64,0x11,0xCC,0xB0,0x64,0x11,0xCC,0xB0,0x64,0x11,0xCC,0xB0,0x64,0x11,0xCC,0xB0,0x64,0x11,0xCC,0xB0,0x64,0x11,0xCC,0xB0,0x64,0x11,0xCC,0xB0,0x64,0x11,0xCC,0xB0,0x64,0x11,0xCC,0xB0,0x64,0x11,0xCC,0xB0,0x64,0x11,0xCC,0xB0,0x64,0x11,0xCC,0xB0,0x64,0x11,0xCC,0xB0,0x64,0x11,0xCC,0xB0,0x64,0x11,0xCC,
    0xB0,0x64,0x11,0xCC,0xB0,0x64,0x11,0xCC,0xB0,0x64,0x11,0xCC,0xB0,0x64,0x11,0xCC,0xB0,0x64,0x11,0xCC,0xB0,0x64,0x11,0xCC,0xB0,0x64,0x11,0xCC,0xB0,0x64,0x11,0xCC,0xB0,0x64,0x11,0xCC,0xB0,0x64,0x11,0xCC,0xB0,0x64,0x11,0xCC,0xB0,0x64,0x11,0xCC,0xB0,0x64,0x11,0xCC,0xB0,0x64,0x11,0xCC,0xB0,0x64,0x11,0xCC,0xB0,0x64,0x11,0xCC,
    0xB0,0x64,0x11,0xCC,0xB0,0x64,0x11,0xCC,0xB0,0x64,0x11,0xCC,0xB0,0x64,0x11,0xCC,0xB0,0x64,0x11,0xCC,0xB0,0x64,0x11,0xCC,0xB0,0x64,0x11,0xCC,0xB0,0x64,0x11,0xCC,0xB0,0x64,0x11,0xCC,0xB0,0x64,0x11,0xCC,0xE9,0xD3,0xBC,0xEE,0xFF,0xFF,0xFF,0xFF,0xFF,0xFF,0xFF,0xFF,0xFF,0xFF,0xFF,0xFF,0xFF,0xFF,0xFF,0xFF,0xFF,0xFF,0xFF,0xFF,
    0xFF,0xFF,0xFF,0xFF,0xFF,0xFF,0xFF,0xFF,0xC9,0x97,0x61,0xDB,0xB0,0x64,0x11,0xCC,0xB0,0x64,0x11,0xCC,0xB0,0x64,0x11,0xCC,0xB0,0x64,0x11,0xCC,0xB0,0x64,0x11,0xCC,0xB2,0x65,0x14,0xCC,0xD2,0xA7,0x78,0xDF,0xF9,0xF3,0xED,0xFA,0xFF,0xFF,0xFF,0xFF,0xFF,0xFF,0xFF,0xFF,0xFF,0xFF,0xFF,0xFF,0xFF,0xFF,0xFF,0xFF,0xFF,0xFF,0xFF,0xFF,
    0xFF,0xFF,0xFF,0xFF,0xFF,0xFF,0xFF,0xFF,0xFF,0xFF,0xFF,0xFF,0xFF,0xFF,0xFF,0xFF,0xFF,0xFF,0xFF,0xFF,0xFF,0xFF,0xFF,0xFF,0xD9,0xB4,0x8B,0xE3,0xB0,0x64,0x11,0xCC,0xB0,0x64,0x11,0xCC,0xB0,0x64,0x11,0xCC,0xB0,0x64,0x11,0xCC,0xB0,0x64,0x11,0xCC,0xB0,0x64,0x11,0xCC,0xCC,0x9A,0x63,0xDB,0xFF,0xFF,0xFF,0xFF,0xFF,0xFF,0xFF,0xFF,
    0xFF,0xFF,0xFF,0xFF,0xFF,0xFF,0xFF,0xFF,0xFF,0xFF,0xFF,0xFF,0xFF,0xFF,0xFF,0xFF,0xFF,0xFF,0xFF,0xFF,0xE9,0xD2,0xBA,0xEE,0xB0,0x64,0x11,0xCC,0xB0,0x64,0x11,0xCC,0xB0,0x64,0x11,0xCC,0xB0,0x64,0x11,0xCC,0xB0,0x64,0x11,0xCC,0xB0,0x64,0x11,0xCC,0xB0,0x64,0x11,0xCC,0xB0,0x64,0x11,0xCC,0xB0,0x64,0x11,0xCC,0xB0,0x64,0x11,0xCC,
    0xB0,0x64,0x11,0xCC,0xB0,0x64,0x11,0xCC,0xB0,0x64,0x11,0xCC,0xB0,0x64,0x11,0xCC,0xB0,0x64,0x11,0xCC,0xB0,0x64,0x11,0xCC,0xB0,0x64,0x11,0xCC,0xB0,0x64,0x11,0xCC,0xB0,0x64,0x11,0xCC,0xB0,0x64,0x11,0xCC,0xB0,0x64,0x11,0xCC,0xB0,0x64,0x11,0xCC,0xB0,0x64,0x11,0xCC,0xB0,0x64,0x11,0xCC,0xB0,0x64,0x11,0xCC,0xB0,0x64,0x11,0xCC,
    0xB0,0x64,0x11,0xCC,0xB0,0x64,0x11,0xCC,0xB0,0x64,0x11,0xCC,0xB0,0x64,0x11,0xCC,0xB0,0x64,0x11,0xCC,0xB0,0x64,0x11,0xCC,0xB0,0x64,0x11,0xCC,0xB0,0x64,0x11,0xCC,0xB0,0x64,0x11,0xCC,0xB0,0x64,0x11,0xCC,0xB0,0x64,0x11,0xCC,0xB0,0x64,0x11,0xCC,0xB0,0x64,0x11,0xCC,0xB0,0x64,0x11,0xCC,0xB0,0x64,0x11,0xCC,0xB0,0x64,0x11,0xCC,
    0xB2,0x64,0x13,0xCC,0xB2,0x65,0x14,0xCC,0xB2,0x65,0x14,0xCC,0xB2,0x66,0x14,0xCC,0xB3,0x66,0x15,0xCC,0xB4,0x68,0x16,0xCC,0xB7,0x69,0x19,0xCC,0xB8,0x6A,0x1A,0xCC,0xBA,0x6D,0x1E,0xCC,0xBE,0x70,0x22,0xCC,0xC1,0x73,0x25,0xCC,0xC4,0x75,0x29,0xCC,0xC9,0x79,0x2D,0xCC,0xD2,0x8B,0x48,0xCC,0xF6,0xE6,0xD7,0xCC,0xF6,0xDF,0xCA,0xC6,
    0xF4,0xDA,0xC3,0xBF,0xF6,0xE6,0xD7,0xCC,0xD6,0x94,0x55,0xCC,0xC9,0x7B,0x2E,0xCC,0xC6,0x75,0x29,0xCC,0xC2,0x73,0x25,0xCC,0xBE,0x70,0x22,0xCC,0xBC,0x6E,0x1E,0xCC,0xB8,0x6B,0x1B,0xCC,0xB7,0x69,0x19,0xCC,0xB5,0x68,0x16,0xCC,0xB3,0x66,0x16,0xCC,0xB2,0x66,0x15,0xCC,0xB2,0x65,0x14,0xCC,0xB2,0x65,0x14,0xCC,0xB2,0x64,0x13,0xCC,
    0xB0,0x64,0x11,0xCC,0xB0,0x64,0x11,0xCC,0xB0,0x64,0x11,0xCC,0xB0,0x64,0x11,0xCC,0xB0,0x64,0x11,0xCC,0xB0,0x64,0x11,0xCC,0xB0,0x64,0x11,0xCC,0xB0,0x64,0x11,0xCC,0xB0,0x64,0x11,0xCC,0xB0,0x64,0x11,0xCC,0xB0,0x64,0x11,0xCC,0xB0,0x64,0x11,0xCC,0xB0,0x64,0x11,0xCC,0xB0,0x64,0x11,0xCC,0xB0,0x64,0x11,0xCC,0xB0,0x64,0x11,0xCC,
    0xB0,0x64,0x11,0xCC,0xB0,0x64,0x11,0xCC,0xB0,0x64,0x11,0xCC,0xB0,0x64,0x11,0xCC,0xB0,0x64,0x11,0xCC,0xB0,0x64,0x11,0xCC,0xB0,0x64,0x11,0xCC,0xB0,0x64,0x11,0xCC,0xB0,0x64,0x11,0xCC,0xB0,0x64,0x11,0xCC,0xB0,0x64,0x11,0xCC,0xB0,0x64,0x11,0xCC,0xB0,0x64,0x11,0xCC,0xB0,0x64,0x11,0xCC,0xB0,0x64,0x11,0xCC,0xB0,0x64,0x11,0xCC,
    0xB0,0x64,0x11,0xCC,0xB0,0x64,0x11,0xCC,0xB0,0x64,0x11,0xCC,0xB0,0x64,0x11,0xCC,0xB0,0x64,0x11,0xCC,0xB0,0x64,0x11,0xCC,0xB0,0x64,0x11,0xCC,0xB0,0x64,0x11,0xCC,0xB0,0x64,0x11,0xCC,0xB0,0x64,0x11,0xCC,0xE9,0xD3,0xBC,0xEE,0xFF,0xFF,0xFF,0xFF,0xFF,0xFF,0xFF,0xFF,0xFF,0xFF,0xFF,0xFF,0xFF,0xFF,0xFF,0xFF,0xFF,0xFF,0xFF,0xFF,
    0xFF,0xFF,0xFF,0xFF,0xFF,0xFF,0xFF,0xFF,0xE4,0xCB,0xB0,0xEC,0xB0,0x64,0x11,0xCC,0xB0,0x64,0x11,0xCC,0xB0,0x64,0x11,0xCC,0xB0,0x64,0x11,0xCC,0xB0,0x64,0x11,0xCC,0xB0,0x64,0x11,0xCC,0xB0,0x64,0x11,0xCC,0xB6,0x6E,0x20,0xCE,0xDF,0xBF,0x9E,0xE7,0xFE,0xFC,0xFA,0xFD,0xFF,0xFF,0xFF,0xFF,0xFF,0xFF,0xFF,0xFF,0xFF,0xFF,0xFF,0xFF,
    0xFF,0xFF,0xFF,0xFF,0xFF,0xFF,0xFF,0xFF,0xFF,0xFF,0xFF,0xFF,0xFF,0xFF,0xFF,0xFF,0xFF,0xFF,0xFF,0xFF,0xFF,0xFF,0xFF,0xFF,0xD9,0xB4,0x8B,0xE3,0xB0,0x64,0x11,0xCC,0xB0,0x64,0x11,0xCC,0xB0,0x64,0x11,0xCC,0xB0,0x64,0x11,0xCC,0xB0,0x64,0x11,0xCC,0xB0,0x64,0x11,0xCC,0xE6,0xCC,0xB1,0xEB,0xFF,0xFF,0xFF,0xFF,0xFF,0xFF,0xFF,0xFF,
    0xFF,0xFF,0xFF,0xFF,0xFF,0xFF,0xFF,0xFF,0xFF,0xFF,0xFF,0xFF,0xFF,0xFF,0xFF,0xFF,0xFF,0xFF,0xFF,0xFF,0xE9,0xD2,0xBA,0xEE,0xB0,0x64,0x11,0xCC,0xB0,0x64,0x11,0xCC,0xB0,0x64,0x11,0xCC,0xB0,0x64,0x11,0xCC,0xB0,0x64,0x11,0xCC,0xB0,0x64,0x11,0xCC,0xB0,0x64,0x11,0xCC,0xB0,0x64,0x11,0xCC,0xB0,0x64,0x11,0xCC,0xB0,0x64,0x11,0xCC,
    0xB0,0x64,0x11,0xCC,0xB0,0x64,0x11,0xCC,0xB0,0x64,0x11,0xCC,0xB0,0x64,0x11,0xCC,0xB0,0x64,0x11,0xCC,0xB0,0x64,0x11,0xCC,0xB0,0x64,0x11,0xCC,0xB0,0x64,0x11,0xCC,0xB0,0x64,0x11,0xCC,0xB0,0x64,0x11,0xCC,0xB0,0x64,0x11,0xCC,0xB0,0x64,0x11,0xCC,0xB0,0x64,0x11,0xCC,0xB0,0x64,0x11,0xCC,0xB0,0x64,0x11,0xCC,0xB0,0x64,0x11,0xCC,
    0xB0,0x64,0x11,0xCC,0xB0,0x64,0x11,0xCC,0xB0,0x64,0x11,0xCC,0xB0,0x64,0x11,0xCC,0xB0,0x64,0x11,0xCC,0xB0,0x64,0x11,0xCC,0xB0,0x64,0x11,0xCC,0xB0,0x64,0x11,0xCC,0xB0,0x64,0x11,0xCC,0xB0,0x64,0x11,0xCC,0xB0,0x64,0x11,0xCC,0xB0,0x64,0x11,0xCC,0xB0,0x64,0x11,0xCC,0xB0,0x64,0x11,0xCC,0xB0,0x64,0x11,0xCC,0xB0,0x64,0x11,0xCC,
    0xB2,0x64,0x13,0xCC,0xB2,0x65,0x14,0xCC,0xB2,0x65,0x14,0xCC,0xB2,0x66,0x15,0xCC,0xB3,0x66,0x16,0xCC,0xB5,0x68,0x16,0xCC,0xB7,0x69,0x19,0xCC,0xB8,0x6B,0x1B,0xCC,0xBC,0x6E,0x1E,0xCC,0xBE,0x70,0x22,0xCC,0xC2,0x73,0x25,0xCC,0xC6,0x75,0x29,0xCC,0xC9,0x7B,0x2E,0xCC,0xD6,0x94,0x55,0xCC,0xF6,0xE6,0xD7,0xCC,0xF4,0xDA,0xC3,0xBF,
    0xF2,0xD5,0xBB,0xB0,0xF6,0xE6,0xD7,0xCC,0xDB,0x9F,0x66,0xCC,0xC9,0x7B,0x2E,0xCC,0xC6,0x77,0x2A,0xCC,0xC2,0x73,0x27,0xCC,0xBE,0x70,0x22,0xCC,0xBC,0x6E,0x1F,0xCC,0xB9,0x6B,0x1B,0xCC,0xB7,0x6A,0x1A,0xCC,0xB5,0x69,0x18,0xCC,0xB3,0x66,0x16,0xCC,0xB2,0x66,0x14,0xCC,0xB2,0x66,0x14,0xCC,0xB2,0x65,0x14,0xCC,0xB2,0x64,0x13,0xCC,
    0xB0,0x64,0x11,0xCC,0xB0,0x65,0x11,0xCC,0xB0,0x64,0x11,0xCC,0xB0,0x64,0x11,0xCC,0xB0,0x64,0x11,0xCC,0xB0,0x64,0x11,0xCC,0xB0,0x64,0x11,0xCC,0xB0,0x64,0x11,0xCC,0xB0,0x64,0x11,0xCC,0xB0,0x64,0x11,0xCC,0xB0,0x64,0x11,0xCC,0xB0,0x64,0x11,0xCC,0xB0,0x64,0x11,0xCC,0xB0,0x64,0x11,0xCC,0xB0,0x64,0x11,0xCC,0xB0,0x64,0x11,0xCC,
    0xB0,0x64,0x11,0xCC,0xB0,0x64,0x11,0xCC,0xB0,0x64,0x11,0xCC,0xB0,0x64,0x11,0xCC,0xB0,0x64,0x11,0xCC,0xB0,0x64,0x11,0xCC,0xB0,0x64,0x11,0xCC,0xB0,0x64,0x11,0xCC,0xB0,0x64,0x11,0xCC,0xB0,0x64,0x11,0xCC,0xB0,0x64,0x11,0xCC,0xB0,0x64,0x11,0xCC,0xB0,0x64,0x11,0xCC,0xB0,0x64,0x11,0xCC,0xB0,0x64,0x11,0xCC,0xB0,0x64,0x11,0xCC,
    0xB0,0x64,0x11,0xCC,0xB0,0x64,0x11,0xCC,0xB0,0x64,0x11,0xCC,0xB0,0x64,0x11,0xCC,0xB0,0x64,0x11,0xCC,0xB0,0x64,0x11,0xCC,0xB0,0x64,0x11,0xCC,0xB0,0x64,0x11,0xCC,0xB0,0x64,0x11,0xCC,0xB0,0x64,0x11,0xCC,0xE9,0xD3,0xBC,0xEE,0xFF,0xFF,0xFF,0xFF,0xFF,0xFF,0xFF,0xFF,0xFF,0xFF,0xFF,0xFF,0xFF,0xFF,0xFF,0xFF,0xFF,0xFF,0xFF,0xFF,
    0xFF,0xFF,0xFF,0xFF,0xFF,0xFF,0xFF,0xFF,0xFA,0xF7,0xF2,0xFC,0xB6,0x6E,0x20,0xCE,0xB0,0x64,0x11,0xCC,0xB0,0x64,0x11,0xCC,0xB0,0x64,0x11,0xCC,0xB0,0x64,0x11,0xCC,0xB0,0x64,0x11,0xCC,0xB0,0x64,0x11,0xCC,0xB0,0x64,0x11,0xCC,0xB0,0x64,0x11,0xCC,0xBD,0x7E,0x39,0xD3,0xEA,0xD4,0xBE,0xEF,0xFF,0xFF,0xFF,0xFF,0xFF,0xFF,0xFF,0xFF,
    0xFF,0xFF,0xFF,0xFF,0xFF,0xFF,0xFF,0xFF,0xFF,0xFF,0xFF,0xFF,0xFF,0xFF,0xFF,0xFF,0xFF,0xFF,0xFF,0xFF,0xFF,0xFF,0xFF,0xFF,0xD9,0xB4,0x8B,0xE3,0xB0,0x64,0x11,0xCC,0xB0,0x64,0x11,0xCC,0xB0,0x64,0x11,0xCC,0xB0,0x64,0x11,0xCC,0xB0,0x64,0x11,0xCC,0xB5,0x6D,0x20,0xCE,0xFB,0xF7,0xF3,0xFC,0xFF,0xFF,0xFF,0xFF,0xFF,0xFF,0xFF,0xFF,
    0xFF,0xFF,0xFF,0xFF,0xFF,0xFF,0xFF,0xFF,0xFF,0xFF,0xFF,0xFF,0xFF,0xFF,0xFF,0xFF,0xFF,0xFF,0xFF,0xFF,0xE9,0xD2,0xBA,0xEE,0xB0,0x64,0x11,0xCC,0xB0,0x64,0x11,0xCC,0xB0,0x64,0x11,0xCC,0xB0,0x64,0x11,0xCC,0xB0,0x64,0x11,0xCC,0xB0,0x64,0x11,0xCC,0xB0,0x64,0x11,0xCC,0xB0,0x64,0x11,0xCC,0xB0,0x64,0x11,0xCC,0xB0,0x64,0x11,0xCC,
    0xB0,0x64,0x11,0xCC,0xB0,0x64,0x11,0xCC,0xB0,0x64,0x11,0xCC,0xB0,0x64,0x11,0xCC,0xB0,0x64,0x11,0xCC,0xB0,0x64,0x11,0xCC,0xB0,0x64,0x11,0xCC,0xB0,0x64,0x11,0xCC,0xB0,0x64,0x11,0xCC,0xB0,0x64,0x11,0xCC,0xB0,0x64,0x11,0xCC,0xB0,0x64,0x11,0xCC,0xB0,0x64,0x11,0xCC,0xB0,0x64,0x11,0xCC,0xB0,0x64,0x11,0xCC,0xB0,0x64,0x11,0xCC,
    0xB0,0x64,0x11,0xCC,0xB0,0x64,0x11,0xCC,0xB0,0x64,0x11,0xCC,0xB0,0x64,0x11,0xCC,0xB0,0x64,0x11,0xCC,0xB0,0x64,0x11,0xCC,0xB0,0x64,0x11,0xCC,0xB0,0x64,0x11,0xCC,0xB0,0x64,0x11,0xCC,0xB0,0x64,0x11,0xCC,0xB0,0x64,0x11,0xCC,0xB0,0x64,0x11,0xCC,0xB0,0x64,0x11,0xCC,0xB0,0x64,0x11,0xCC,0xB0,0x65,0x11,0xCC,0xB0,0x64,0x11,0xCC,
    0xB2,0x64,0x13,0xCC,0xB2,0x65,0x14,0xCC,0xB2,0x66,0x14,0xCC,0xB2,0x66,0x14,0xCC,0xB3,0x66,0x16,0xCC,0xB5,0x69,0x18,0xCC,0xB7,0x6A,0x1A,0xCC,0xB9,0x6B,0x1B,0xCC,0xBC,0x6E,0x1F,0xCC,0xBE,0x70,0x22,0xCC,0xC2,0x73,0x27,0xCC,0xC6,0x77,0x2A,0xCC,0xC9,0x7B,0x2E,0xCC,0xDB,0x9F,0x66,0xCC,0xF6,0xE6,0xD7,0xCC,0xF2,0xD5,0xBB,0xB0,
    0xF1,0xD6,0xBD,0x8F,0xF6,0xE6,0xD7,0xCC,0xE0,0xAD,0x7C,0xCC,0xCA,0x7B,0x2F,0xCC,0xC7,0x77,0x2C,0xCC,0xC2,0x74,0x27,0xCC,0xBF,0x70,0x23,0xCC,0xBC,0x6E,0x1F,0xCC,0xB9,0x6B,0x1B,0xCC,0xB7,0x6A,0x1A,0xCC,0xB5,0x69,0x18,0xCC,0xB4,0x66,0x16,0xCC,0xB3,0x66,0x15,0xCC,0xB2,0x66,0x14,0xCC,0xB2,0x65,0x14,0xCC,0xB2,0x65,0x13,0xCC,
    0xB2,0x64,0x13,0xCC,0xB0,0x65,0x11,0xCC,0xB0,0x65,0x11,0xCC,0xB0,0x64,0x11,0xCC,0xB0,0x64,0x11,0xCC,0xB0,0x64,0x11,0xCC,0xB0,0x64,0x11,0xCC,0xB0,0x64,0x11,0xCC,0xB0,0x64,0x11,0xCC,0xB0,0x64,0x11,0xCC,0xB0,0x64,0x11,0xCC,0xB0,0x64,0x11,0xCC,0xB0,0x64,0x11,0xCC,0xB0,0x64,0x11,0xCC,0xB0,0x64,0x11,0xCC,0xB0,0x64,0x11,0xCC,
    0xB0,0x64,0x11,0xCC,0xB0,0x64,0x11,0xCC,0xB0,0x64,0x11,0xCC,0xB0,0x64,0x11,0xCC,0xB0,0x64,0x11,0xCC,0xB0,0x64,0x11,0xCC,0xB0,0x64,0x11,0xCC,0xB0,0x64,0x11,0xCC,0xB0,0x64,0x11,0xCC,0xB0,0x64,0x11,0xCC,0xB0,0x64,0x11,0xCC,0xB0,0x64,0x11,0xCC,0xB0,0x64,0x11,0xCC,0xB0,0x64,0x11,0xCC,0xB0,0x64,0x11,0xCC,0xB0,0x64,0x11,0xCC,
    0xB0,0x64,0x11,0xCC,0xB0,0x64,0x11,0xCC,0xB0,0x64,0x11,0xCC,0xB0,0x64,0x11,0xCC,0xB0,0x64,0x11,0xCC,0xB0,0x64,0x11,0xCC,0xB0,0x64,0x11,0xCC,0xB0,0x64,0x11,0xCC,0xB0,0x64,0x11,0xCC,0xB0,0x64,0x11,0xCC,0xE9,0xD3,0xBC,0xEE,0xFF,0xFF,0xFF,0xFF,0xFF,0xFF,0xFF,0xFF,0xFF,0xFF,0xFF,0xFF,0xFF,0xFF,0xFF,0xFF,0xFF,0xFF,0xFF,0xFF,
    0xFF,0xFF,0xFF,0xFF,0xFF,0xFF,0xFF,0xFF,0xFF,0xFF,0xFF,0xFF,0xDD,0xBC,0x98,0xE6,0xB0,0x64,0x11,0xCC,0xB0,0x64,0x11,0xCC,0xB0,0x64,0x11,0xCC,0xB0,0x64,0x11,0xCC,0xB0,0x64,0x11,0xCC,0xB0,0x64,0x11,0xCC,0xB0,0x64,0x11,0xCC,0xB0,0x64,0x11,0xCC,0xB0,0x64,0x11,0xCC,0xB0,0x64,0x11,0xCC,0xC9,0x94,0x5A,0xD9,0xF4,0xE8,0xDD,0xF6,
    0xFF,0xFF,0xFF,0xFF,0xFF,0xFF,0xFF,0xFF,0xFF,0xFF,0xFF,0xFF,0xFF,0xFF,0xFF,0xFF,0xFF,0xFF,0xFF,0xFF,0xFF,0xFF,0xFF,0xFF,0xD9,0xB4,0x8B,0xE3,0xB0,0x64,0x11,0xCC,0xB0,0x64,0x11,0xCC,0xB0,0x64,0x11,0xCC,0xB0,0x64,0x11,0xCC,0xB0,0x64,0x11,0xCC,0xDE,0xBC,0x9A,0xE6,0xFF,0xFF,0xFF,0xFF,0xFF,0xFF,0xFF,0xFF,0xFF,0xFF,0xFF,0xFF,
    0xFF,0xFF,0xFF,0xFF,0xFF,0xFF,0xFF,0xFF,0xFF,0xFF,0xFF,0xFF,0xFF,0xFF,0xFF,0xFF,0xFF,0xFF,0xFF,0xFF,0xE9,0xD2,0xBA,0xEE,0xB0,0x64,0x11,0xCC,0xB0,0x64,0x11,0xCC,0xB0,0x64,0x11,0xCC,0xB0,0x64,0x11,0xCC,0xB0,0x64,0x11,0xCC,0xB0,0x64,0x11,0xCC,0xB0,0x64,0x11,0xCC,0xB0,0x64,0x11,0xCC,0xB0,0x64,0x11,0xCC,0xB0,0x64,0x11,0xCC,
    0xB0,0x64,0x11,0xCC,0xB0,0x64,0x11,0xCC,0xB0,0x64,0x11,0xCC,0xB0,0x64,0x11,0xCC,0xB0,0x64,0x11,0xCC,0xB0,0x64,0x11,0xCC,0xB0,0x64,0x11,0xCC,0xB0,0x64,0x11,0xCC,0xB0,0x64,0x11,0xCC,0xB0,0x64,0x11,0xCC,0xB0,0x64,0x11,0xCC,0xB0,0x64,0x11,0xCC,0xB0,0x64,0x11,0xCC,0xB0,0x64,0x11,0xCC,0xB0,0x64,0x11,0xCC,0xB0,0x64,0x11,0xCC,
    0xB0,0x64,0x11,0xCC,0xB0,0x64,0x11,0xCC,0xB0,0x64,0x11,0xCC,0xB0,0x64,0x11,0xCC,0xB0,0x64,0x11,0xCC,0xB0,0x64,0x11,0xCC,0xB0,0x64,0x11,0xCC,0xB0,0x64,0x11,0xCC,0xB0,0x64,0x11,0xCC,0xB0,0x64,0x11,0xCC,0xB0,0x64,0x11,0xCC,0xB0,0x64,0x11,0xCC,0xB0,0x64,0x11,0xCC,0xB0,0x65,0x11,0xCC,0xB0,0x65,0x11,0xCC,0xB2,0x64,0x13,0xCC,
    0xB2,0x65,0x13,0xCC,0xB2,0x65,0x14,0xCC,0xB2,0x66,0x14,0xCC,0xB3,0x66,0x15,0xCC,0xB4,0x66,0x16,0xCC,0xB5,0x69,0x18,0xCC,0xB7,0x6A,0x1A,0xCC,0xB9,0x6B,0x1B,0xCC,0xBC,0x6E,0x1F,0xCC,0xBF,0x70,0x23,0xCC,0xC2,0x74,0x27,0xCC,0xC7,0x77,0x2C,0xCC,0xCA,0x7B,0x2F,0xCC,0xE0,0xAD,0x7C,0xCC,0xF6,0xE6,0xD7,0xCC,0xF1,0xD6,0xBD,0x8F,
    0xF5,0xDB,0xC7,0x64,0xF6,0xE6,0xD8,0xCC,0xE6,0xBC,0x95,0xCC,0xCC,0x7C,0x31,0xCC,0xC7,0x78,0x2C,0xCC,0xC3,0x74,0x27,0xCC,0xBF,0x70,0x23,0xCC,0xBC,0x6E,0x1F,0xCC,0xBA,0x6B,0x1D,0xCC,0xB7,0x6A,0x1A,0xCC,0xB5,0x69,0x18,0xCC,0xB4,0x66,0x16,0xCC,0xB3,0x66,0x15,0xCC,0xB2,0x66,0x14,0xCC,0xB2,0x65,0x14,0xCC,0xB2,0x65,0x13,0xCC,
    0xB2,0x64,0x13,0xCC,0xB0,0x64,0x11,0xCC,0xB0,0x65,0x11,0xCC,0xB0,0x64,0x11,0xCC,0xB0,0x64,0x11,0xCC,0xB0,0x64,0x11,0xCC,0xB0,0x64,0x11,0xCC,0xB0,0x64,0x11,0xCC,0xB0,0x64,0x11,0xCC,0xB0,0x64,0x11,0xCC,0xB0,0x64,0x11,0xCC,0xB0,0x64,0x11,0xCC,0xB0,0x64,0x11,0xCC,0xB0,0x64,0x11,0xCC,0xB0,0x64,0x11,0xCC,0xB0,0x64,0x11,0xCC,
    0xB0,0x64,0x11,0xCC,0xB0,0x64,0x11,0xCC,0xB0,0x64,0x11,0xCC,0xB0,0x64,0x11,0xCC,0xB0,0x64,0x11,0xCC,0xB0,0x64,0x11,0xCC,0xB0,0x64,0x11,0xCC,0xB0,0x64,0x11,0xCC,0xB0,0x64,0x11,0xCC,0xB0,0x64,0x11,0xCC,0xB0,0x64,0x11,0xCC,0xB0,0x64,0x11,0xCC,0xB0,0x64,0x11,0xCC,0xB0,0x64,0x11,0xCC,0xB0,0x64,0x11,0xCC,0xB0,0x64,0x11,0xCC,
    0xB0,0x64,0x11,0xCC,0xB0,0x64,0x11,0xCC,0xB0,0x64,0x11,0xCC,0xB0,0x64,0x11,0xCC,0xB0,0x64,0x11,0xCC,0xB0,0x64,0x11,0xCC,0xB0,0x64,0x11,0xCC,0xB0,0x64,0x11,0xCC,0xB0,0x64,0x11,0xCC,0xB0,0x64,0x11,0xCC,0xE9,0xD3,0xBC,0xEE,0xFF,0xFF,0xFF,0xFF,0xFF,0xFF,0xFF,0xFF,0xFF,0xFF,0xFF,0xFF,0xFF,0xFF,0xFF,0xFF,0xFF,0xFF,0xFF,0xFF,
    0xFF,0xFF,0xFF,0xFF,0xFF,0xFF,0xFF,0xFF,0xFF,0xFF,0xFF,0xFF,0xFC,0xF9,0xF6,0xFD,0xB9,0x74,0x2B,0xD0,0xB0,0x64,0x11,0xCC,0xB0,0x64,0x11,0xCC,0xB0,0x64,0x11,0xCC,0xB0,0x64,0x11,0xCC,0xB0,0x64,0x11,0xCC,0xB0,0x64,0x11,0xCC,0xB0,0x64,0x11,0xCC,0xB0,0x64,0x11,0xCC,0xB0,0x64,0x11,0xCC,0xB0,0x64,0x11,0xCC,0xB2,0x66,0x14,0xCC,
    0xD5,0xAC,0x80,0xE1,0xFA,0xF5,0xF0,0xFB,0xFF,0xFF,0xFF,0xFF,0xFF,0xFF,0xFF,0xFF,0xFF,0xFF,0xFF,0xFF,0xFF,0xFF,0xFF,0xFF,0xD9,0xB4,0x8B,0xE3,0xB0,0x64,0x11,0xCC,0xB0,0x64,0x11,0xCC,0xB0,0x64,0x11,0xCC,0xB0,0x64,0x11,0xCC,0xB9,0x75,0x2D,0xD1,0xFD,0xFA,0xF8,0xFD,0xFF,0xFF,0xFF,0xFF,0xFF,0xFF,0xFF,0xFF,0xFF,0xFF,0xFF,0xFF,
    0xFF,0xFF,0xFF,0xFF,0xFF,0xFF,0xFF,0xFF,0xFF,0xFF,0xFF,0xFF,0xFF,0xFF,0xFF,0xFF,0xFF,0xFF,0xFF,0xFF,0xE9,0xD2,0xBA,0xEE,0xB0,0x64,0x11,0xCC,0xB0,0x64,0x11,0xCC,0xB0,0x64,0x11,0xCC,0xB0,0x64,0x11,0xCC,0xB0,0x64,0x11,0xCC,0xB0,0x64,0x11,0xCC,0xB0,0x64,0x11,0xCC,0xB0,0x64,0x11,0xCC,0xB0,0x64,0x11,0xCC,0xB0,0x64,0x11,0xCC,
    0xB0,0x64,0x11,0xCC,0xB0,0x64,0x11,0xCC,0xB0,0x64,0x11,0xCC,0xB0,0x64,0x11,0xCC,0xB0,0x64,0x11,0xCC,0xB0,0x64,0x11,0xCC,0xB0,0x64,0x11,0xCC,0xB0,0x64,0x11,0xCC,0xB0,0x64,0x11,0xCC,0xB0,0x64,0x11,0xCC,0xB0,0x64,0x11,0xCC,0xB0,0x64,0x11,0xCC,0xB0,0x64,0x11,0xCC,0xB0,0x64,0x11,0xCC,0xB0,0x64,0x11,0xCC,0xB0,0x64,0x11,0xCC,
    0xB0,0x64,0x11,0xCC,0xB0,0x64,0x11,0xCC,0xB0,0x64,0x11,0xCC,0xB0,0x64,0x11,0xCC,0xB0,0x64,0x11,0xCC,0xB0,0x64,0x11,0xCC,0xB0,0x64,0x11,0xCC,0xB0,0x64,0x11,0xCC,0xB0,0x64,0x11,0xCC,0xB0,0x64,0x11,0xCC,0xB0,0x64,0x11,0xCC,0xB0,0x64,0x11,0xCC,0xB0,0x64,0x11,0xCC,0xB0,0x65,0x11,0xCC,0xB0,0x64,0x11,0xCC,0xB2,0x64,0x13,0xCC,
    0xB2,0x65,0x13,0xCC,0xB2,0x65,0x14,0xCC,0xB2,0x66,0x14,0xCC,0xB3,0x66,0x15,0xCC,0xB4,0x66,0x16,0xCC,0xB5,0x69,0x18,0xCC,0xB7,0x6A,0x1A,0xCC,0xBA,0x6B,0x1D,0xCC,0xBC,0x6E,0x1F,0xCC,0xBF,0x70,0x23,0xCC,0xC3,0x74,0x27,0xCC,0xC7,0x78,0x2C,0xCC,0xCC,0x7C,0x31,0xCC,0xE6,0xBC,0x95,0xCC,0xF6,0xE6,0xD8,0xCC,0xF5,0xDB,0xC7,0x64,
    0xED,0xC7,0xA3,0x56,0xF8,0xE6,0xD8,0xCC,0xEC,0xCD,0xB0,0xCC,0xCC,0x7C,0x31,0xCC,0xC8,0x78,0x2C,0xCC,0xC4,0x74,0x28,0xCC,0xBF,0x72,0x24,0xCC,0xBD,0x6F,0x20,0xCC,0xBA,0x6D,0x1D,0xCC,0xB8,0x6B,0x1A,0xCC,0xB7,0x69,0x19,0xCC,0xB4,0x68,0x16,0xCC,0xB3,0x66,0x15,0xCC,0xB2,0x66,0x14,0xCC,0xB2,0x65,0x14,0xCC,0xB2,0x65,0x13,0xCC,
    0xB2,0x64,0x13,0xCC,0xB0,0x64,0x11,0xCC,0xB0,0x65,0x11,0xCC,0xB0,0x64,0x11,0xCC,0xB0,0x64,0x11,0xCC,0xB0,0x64,0x11,0xCC,0xB0,0x64,0x11,0xCC,0xB0,0x64,0x11,0xCC,0xB0,0x64,0x11,0xCC,0xB0,0x64,0x11,0xCC,0xB0,0x64,0x11,0xCC,0xB0,0x64,0x11,0xCC,0xB0,0x64,0x11,0xCC,0xB0,0x64,0x11,0xCC,0xB0,0x64,0x11,0xCC,0xB0,0x64,0x11,0xCC,
    0xB0,0x64,0x11,0xCC,0xB0,0x64,0x11,0xCC,0xB0,0x64,0x11,0xCC,0xB0,0x64,0x11,0xCC,0xB0,0x64,0x11,0xCC,0xB0,0x64,0x11,0xCC,0xB0,0x64,0x11,0xCC,0xB0,0x64,0x11,0xCC,0xB0,0x64,0x11,0xCC,0xB0,0x64,0x11,0xCC,0xB0,0x64,0x11,0xCC,0xB0,0x64,0x11,0xCC,0xB0,0x64,0x11,0xCC,0xB0,0x64,0x11,0xCC,0xB0,0x64,0x11,0xCC,0xB0,0x64,0x11,0xCC,
    0xB0,0x64,0x11,0xCC,0xB0,0x64,0x11,0xCC,0xB0,0x64,0x11,0xCC,0xB0,0x64,0x11,0xCC,0xB0,0x64,0x11,0xCC,0xB0,0x64,0x11,0xCC,0xB0,0x64,0x11,0xCC,0xB0,0x64,0x11,0xCC,0xB0,0x64,0x11,0xCC,0xB0,0x64,0x11,0xCC,0xE9,0xD3,0xBC,0xEE,0xFF,0xFF,0xFF,0xFF,0xFF,0xFF,0xFF,0xFF,0xFF,0xFF,0xFF,0xFF,0xFF,0xFF,0xFF,0xFF,0xFF,0xFF,0xFF,0xFF,
    0xFF,0xFF,0xFF,0xFF,0xFF,0xFF,0xFF,0xFF,0xFF,0xFF,0xFF,0xFF,0xFF,0xFF,0xFF,0xFF,0xEC,0xD9,0xC5,0xF1,0xB2,0x66,0x15,0xCC,0xB0,0x64,0x11,0xCC,0xB0,0x64,0x11,0xCC,0xB0,0x64,0x11,0xCC,0xB0,0x64,0x11,0xCC,0xB0,0x64,0x11,0xCC,0xB0,0x64,0x11,0xCC,0xB0,0x64,0x11,0xCC,0xB0,0x64,0x11,0xCC,0xB0,0x64,0x11,0xCC,0xB0,0x64,0x11,0xCC,
    0xB0,0x64,0x11,0xCC,0xB6,0x70,0x24,0xCF,0xE1,0xC4,0xA5,0xE9,0xFE,0xFD,0xFC,0xFE,0xFF,0xFF,0xFF,0xFF,0xFF,0xFF,0xFF,0xFF,0xD9,0xB4,0x8B,0xE3,0xB0,0x64,0x11,0xCC,0xB0,0x64,0x11,0xCC,0xB0,0x64,0x11,0xCC,0xB2,0x66,0x14,0xCC,0xED,0xDB,0xC8,0xF1,0xFF,0xFF,0xFF,0xFF,0xFF,0xFF,0xFF,0xFF,0xFF,0xFF,0xFF,0xFF,0xFF,0xFF,0xFF,0xFF,
    0xFF,0xFF,0xFF,0xFF,0xFF,0xFF,0xFF,0xFF,0xFF,0xFF,0xFF,0xFF,0xFF,0xFF,0xFF,0xFF,0xFF,0xFF,0xFF,0xFF,0xE9,0xD2,0xBA,0xEE,0xB0,0x64,0x11,0xCC,0xB0,0x64,0x11,0xCC,0xB0,0x64,0x11,0xCC,0xB0,0x64,0x11,0xCC,0xB0,0x64,0x11,0xCC,0xB0,0x64,0x11,0xCC,0xB0,0x64,0x11,0xCC,0xB0,0x64,0x11,0xCC,0xB0,0x64,0x11,0xCC,0xB0,0x64,0x11,0xCC,
    0xB0,0x64,0x11,0xCC,0xB0,0x64,0x11,0xCC,0xB0,0x64,0x11,0xCC,0xB0,0x64,0x11,0xCC,0xB0,0x64,0x11,0xCC,0xB0,0x64,0x11,0xCC,0xB0,0x64,0x11,0xCC,0xB0,0x64,0x11,0xCC,0xB0,0x64,0x11,0xCC,0xB0,0x64,0x11,0xCC,0xB0,0x64,0x11,0xCC,0xB0,0x64,0x11,0xCC,0xB0,0x64,0x11,0xCC,0xB0,0x64,0x11,0xCC,0xB0,0x64,0x11,0xCC,0xB0,0x64,0x11,0xCC,
    0xB0,0x64,0x11,0xCC,0xB0,0x64,0x11,0xCC,0xB0,0x64,0x11,0xCC,0xB0,0x64,0x11,0xCC,0xB0,0x64,0x11,0xCC,0xB0,0x64,0x11,0xCC,0xB0,0x64,0x11,0xCC,0xB0,0x64,0x11,0xCC,0xB0,0x64,0x11,0xCC,0xB0,0x64,0x11,0xCC,0xB0,0x64,0x11,0xCC,0xB0,0x64,0x11,0xCC,0xB0,0x64,0x11,0xCC,0xB0,0x65,0x11,0xCC,0xB0,0x64,0x11,0xCC,0xB2,0x64,0x13,0xCC,
    0xB2,0x65,0x13,0xCC,0xB2,0x65,0x14,0xCC,0xB2,0x66,0x14,0xCC,0xB3,0x66,0x15,0xCC,0xB4,0x68,0x16,0xCC,0xB7,0x69,0x19,0xCC,0xB8,0x6B,0x1A,0xCC,0xBA,0x6D,0x1D,0xCC,0xBD,0x6F,0x20,0xCC,0xBF,0x72,0x24,0xCC,0xC4,0x74,0x28,0xCC,0xC8,0x78,0x2C,0xCC,0xCC,0x7C,0x31,0xCC,0xEC,0xCD,0xB0,0xCC,0xF8,0xE6,0xD8,0xCC,0xED,0xC7,0xA3,0x56,
    0xE4,0xAE,0x7D,0x2F,0xF8,0xE7,0xD8,0xCC,0xF4,0xE0,0xCE,0xCC,0xCD,0x7D,0x33,0xCC,0xC8,0x79,0x2D,0xCC,0xC4,0x75,0x29,0xCC,0xC1,0x73,0x24,0xCC,0xBE,0x70,0x22,0xCC,0xBA,0x6D,0x1E,0xCC,0xB8,0x6B,0x1B,0xCC,0xB7,0x69,0x19,0xCC,0xB4,0x68,0x16,0xCC,0xB3,0x66,0x16,0xCC,0xB2,0x66,0x15,0xCC,0xB2,0x65,0x14,0xCC,0xB2,0x65,0x14,0xCC,
    0xB2,0x64,0x13,0xCC,0xB0,0x64,0x11,0xCC,0xB0,0x65,0x11,0xCC,0xB0,0x64,0x11,0xCC,0xB0,0x64,0x11,0xCC,0xB0,0x64,0x11,0xCC,0xB0,0x64,0x11,0xCC,0xB0,0x64,0x11,0xCC,0xB0,0x64,0x11,0xCC,0xB0,0x64,0x11,0xCC,0xB0,0x64,0x11,0xCC,0xB0,0x64,0x11,0xCC,0xB0,0x64,0x11,0xCC,0xB0,0x64,0x11,0xCC,0xB0,0x64,0x11,0xCC,0xB0,0x64,0x11,0xCC,
    0xB0,0x64,0x11,0xCC,0xB0,0x64,0x11,0xCC,0xB0,0x64,0x11,0xCC,0xB0,0x64,0x11,0xCC,0xB0,0x64,0x11,0xCC,0xB0,0x64,0x11,0xCC,0xB0,0x64,0x11,0xCC,0xB0,0x64,0x11,0xCC,0xB0,0x64,0x11,0xCC,0xB0,0x64,0x11,0xCC,0xB0,0x64,0x11,0xCC,0xB0,0x64,0x11,0xCC,0xB0,0x64,0x11,0xCC,0xB0,0x64,0x11,0xCC,0xB0,0x64,0x11,0xCC,0xB0,0x64,0x11,0xCC,
    0xB0,0x64,0x11,0xCC,0xB0,0x64,0x11,0xCC,0xB0,0x64,0x11,0xCC,0xB0,0x64,0x11,0xCC,0xB0,0x64,0x11,0xCC,0xB0,0x64,0x11,0xCC,0xB0,0x64,0x11,0xCC,0xB0,0x64,0x11,0xCC,0xB0,0x64,0x11,0xCC,0xB0,0x64,0x11,0xCC,0xE9,0xD3,0xBC,0xEE,0xFF,0xFF,0xFF,0xFF,0xFF,0xFF,0xFF,0xFF,0xFF,0xFF,0xFF,0xFF,0xFF,0xFF,0xFF,0xFF,0xFF,0xFF,0xFF,0xFF,
    0xFF,0xFF,0xFF,0xFF,0xFF,0xFF,0xFF,0xFF,0xFF,0xFF,0xFF,0xFF,0xFF,0xFF,0xFF,0xFF,0xFF,0xFF,0xFF,0xFF,0xE0,0xC4,0xA4,0xE9,0xB0,0x64,0x11,0xCC,0xB0,0x64,0x11,0xCC,0xB0,0x64,0x11,0xCC,0xB0,0x64,0x11,0xCC,0xB0,0x64,0x11,0xCC,0xB0,0x64,0x11,0xCC,0xB0,0x64,0x11,0xCC,0xB0,0x64,0x11,0xCC,0xB0,0x64,0x11,0xCC,0xB0,0x64,0x11,0xCC,
    0xB0,0x64,0x11,0xCC,0xB0,0x64,0x11,0xCC,0xB0,0x64,0x11,0xCC,0xBF,0x81,0x3F,0xD4,0xED,0xDB,0xC7,0xF0,0xFF,0xFF,0xFF,0xFF,0xD5,0xAC,0x81,0xE1,0xB0,0x64,0x11,0xCC,0xB0,0x64,0x11,0xCC,0xB0,0x64,0x11,0xCC,0xE1,0xC5,0xA6,0xE9,0xFF,0xFF,0xFF,0xFF,0xFF,0xFF,0xFF,0xFF,0xFF,0xFF,0xFF,0xFF,0xFF,0xFF,0xFF,0xFF,0xFF,0xFF,0xFF,0xFF,
    0xFF,0xFF,0xFF,0xFF,0xFF,0xFF,0xFF,0xFF,0xFF,0xFF,0xFF,0xFF,0xFF,0xFF,0xFF,0xFF,0xFF,0xFF,0xFF,0xFF,0xE9,0xD2,0xBA,0xEE,0xB0,0x64,0x11,0xCC,0xB0,0x64,0x11,0xCC,0xB0,0x64,0x11,0xCC,0xB0,0x64,0x11,0xCC,0xB0,0x64,0x11,0xCC,0xB0,0x64,0x11,0xCC,0xB0,0x64,0x11,0xCC,0xB0,0x64,0x11,0xCC,0xB0,0x64,0x11,0xCC,0xB0,0x64,0x11,0xCC,
    0xB0,0x64,0x11,0xCC,0xB0,0x64,0x11,0xCC,0xB0,0x64,0x11,0xCC,0xB0,0x64,0x11,0xCC,0xB0,0x64,0x11,0xCC,0xB0,0x64,0x11,0xCC,0xB0,0x64,0x11,0xCC,0xB0,0x64,0x11,0xCC,0xB0,0x64,0x11,0xCC,0xB0,0x64,0x11,0xCC,0xB0,0x64,0x11,0xCC,0xB0,0x64,0x11,0xCC,0xB0,0x64,0x11,0xCC,0xB0,0x64,0x11,0xCC,0xB0,0x64,0x11,0xCC,0xB0,0x64,0x11,0xCC,
    0xB0,0x64,0x11,0xCC,0xB0,0x64,0x11,0xCC,0xB0,0x64,0x11,0xCC,0xB0,0x64,0x11,0xCC,0xB0,0x64,0x11,0xCC,0xB0,0x64,0x11,0xCC,0xB0,0x64,0x11,0xCC,0xB0,0x64,0x11,0xCC,0xB0,0x64,0x11,0xCC,0xB0,0x64,0x11,0xCC,0xB0,0x64,0x11,0xCC,0xB0,0x64,0x11,0xCC,0xB0,0x64,0x11,0xCC,0xB0,0x65,0x11,0xCC,0xB0,0x64,0x11,0xCC,0xB2,0x64,0x13,0xCC,
    0xB2,0x65,0x14,0xCC,0xB2,0x65,0x14,0xCC,0xB2,0x66,0x15,0xCC,0xB3,0x66,0x16,0xCC,0xB4,0x68,0x16,0xCC,0xB7,0x69,0x19,0xCC,0xB8,0x6B,0x1B,0xCC,0xBA,0x6D,0x1E,0xCC,0xBE,0x70,0x22,0xCC,0xC1,0x73,0x24,0xCC,0xC4,0x75,0x29,0xCC,0xC8,0x79,0x2D,0xCC,0xCD,0x7D,0x33,0xCC,0xF4,0xE0,0xCE,0xCC,0xF8,0xE7,0xD8,0xCC,0xE4,0xAE,0x7D,0x2F,
    0x00,0x00,0x00,0x00,0xF5,0xDF,0xCB,0xC6,0xF6,0xE6,0xD7,0xCC,0xD4,0x8F,0x4D,0xCC,0xC9,0x79,0x2E,0xCC,0xC6,0x75,0x29,0xCC,0xC2,0x73,0x25,0xCC,0xBE,0x70,0x22,0xCC,0xBC,0x6E,0x1E,0xCC,0xB9,0x6B,0x1B,0xCC,0xB7,0x6A,0x1A,0xCC,0xB5,0x69,0x18,0xCC,0xB4,0x66,0x16,0xCC,0xB2,0x66,0x14,0xCC,0xB2,0x66,0x14,0xCC,0xB2,0x65,0x14,0xCC,
    0xB2,0x64,0x13,0xCC,0xB2,0x64,0x13,0xCC,0xB0,0x65,0x11,0xCC,0xB0,0x64,0x11,0xCC,0xB0,0x64,0x11,0xCC,0xB0,0x64,0x11,0xCC,0xB0,0x64,0x11,0xCC,0xB0,0x64,0x11,0xCC,0xB0,0x64,0x11,0xCC,0xB0,0x64,0x11,0xCC,0xB0,0x64,0x11,0xCC,0xB0,0x64,0x11,0xCC,0xB0,0x64,0x11,0xCC,0xB0,0x64,0x11,0xCC,0xB0,0x64,0x11,0xCC,0xB0,0x64,0x11,0xCC,
    0xB0,0x64,0x11,0xCC,0xB0,0x64,0x11,0xCC,0xB0,0x64,0x11,0xCC,0xB0,0x64,0x11,0xCC,0xB0,0x64,0x11,0xCC,0xB0,0x64,0x11,0xCC,0xB0,0x64,0x11,0xCC,0xB0,0x64,0x11,0xCC,0xB0,0x64,0x11,0xCC,0xB0,0x64,0x11,0xCC,0xB0,0x64,0x11,0xCC,0xB0,0x64,0x11,0xCC,0xB0,0x64,0x11,0xCC,0xB0,0x64,0x11,0xCC,0xB0,0x64,0x11,0xCC,0xB0,0x64,0x11,0xCC,
    0xB0,0x64,0x11,0xCC,0xB0,0x64,0x11,0xCC,0xB0,0x64,0x11,0xCC,0xB0,0x64,0x11,0xCC,0xB0,0x64,0x11,0xCC,0xB0,0x64,0x11,0xCC,0xB0,0x64,0x11,0xCC,0xB0,0x64,0x11,0xCC,0xB0,0x64,0x11,0xCC,0xB0,0x64,0x11,0xCC,0xE9,0xD3,0xBC,0xEE,0xFF,0xFF,0xFF,0xFF,0xFF,0xFF,0xFF,0xFF,0xFF,0xFF,0xFF,0xFF,0xFF,0xFF,0xFF,0xFF,0xFF,0xFF,0xFF,0xFF,
    0xFF,0xFF,0xFF,0xFF,0xFF,0xFF,0xFF,0xFF,0xFF,0xFF,0xFF,0xFF,0xFF,0xFF,0xFF,0xFF,0xFF,0xFF,0xFF,0xFF,0xFF,0xFF,0xFF,0xFF,0xE1,0xC5,0xA6,0xE9,0xB1,0x66,0x15,0xCD,0xB0,0x64,0x11,0xCC,0xB0,0x64,0x11,0xCC,0xB0,0x64,0x11,0xCC,0xB0,0x64,0x11,0xCC,0xB0,0x64,0x11,0xCC,0xB0,0x64,0x11,0xCC,0xB0,0x64,0x11,0xCC,0xB0,0x64,0x11,0xCC,
    0xB0,0x64,0x11,0xCC,0xB0,0x64,0x11,0xCC,0xB0,0x64,0x11,0xCC,0xB0,0x64,0x11,0xCC,0xB0,0x64,0x11,0xCC,0xC2,0x88,0x49,0xD6,0xB1,0x66,0x15,0xCD,0xB0,0x64,0x11,0xCC,0xB2,0x67,0x16,0xCD,0xE3,0xC6,0xA9,0xEA,0xFF,0xFF,0xFF,0xFF,0xFF,0xFF,0xFF,0xFF,0xFF,0xFF,0xFF,0xFF,0xFF,0xFF,0xFF,0xFF,0xFF,0xFF,0xFF,0xFF,0xFF,0xFF,0xFF,0xFF,
    0xFF,0xFF,0xFF,0xFF,0xFF,0xFF,0xFF,0xFF,0xFF,0xFF,0xFF,0xFF,0xFF,0xFF,0xFF,0xFF,0xFF,0xFF,0xFF,0xFF,0xE9,0xD2,0xBA,0xEE,0xB0,0x64,0x11,0xCC,0xB0,0x64,0x11,0xCC,0xB0,0x64,0x11,0xCC,0xB0,0x64,0x11,0xCC,0xB0,0x64,0x11,0xCC,0xB0,0x64,0x11,0xCC,0xB0,0x64,0x11,0xCC,0xB0,0x64,0x11,0xCC,0xB0,0x64,0x11,0xCC,0xB0,0x64,0x11,0xCC,
    0xB0,0x64,0x11,0xCC,0xB0,0x64,0x11,0xCC,0xB0,0x64,0x11,0xCC,0xB0,0x64,0x11,0xCC,0xB0,0x64,0x11,0xCC,0xB0,0x64,0x11,0xCC,0xB0,0x64,0x11,0xCC,0xB0,0x64,0x11,0xCC,0xB0,0x64,0x11,0xCC,0xB0,0x64,0x11,0xCC,0xB0,0x64,0x11,0xCC,0xB0,0x64,0x11,0xCC,0xB0,0x64,0x11,0xCC,0xB0,0x64,0x11,0xCC,0xB0,0x64,0x11,0xCC,0xB0,0x64,0x11,0xCC,
    0xB0,0x64,0x11,0xCC,0xB0,0x64,0x11,0xCC,0xB0,0x64,0x11,0xCC,0xB0,0x64,0x11,0xCC,0xB0,0x64,0x11,0xCC,0xB0,0x64,0x11,0xCC,0xB0,0x64,0x11,0xCC,0xB0,0x64,0x11,0xCC,0xB0,0x64,0x11,0xCC,0xB0,0x64,0x11,0xCC,0xB0,0x64,0x11,0xCC,0xB0,0x64,0x11,0xCC,0xB0,0x64,0x11,0xCC,0xB0,0x65,0x11,0xCC,0xB2,0x64,0x13,0xCC,0xB2,0x64,0x13,0xCC,
    0xB2,0x65,0x14,0xCC,0xB2,0x66,0x14,0xCC,0xB2,0x66,0x14,0xCC,0xB4,0x66,0x16,0xCC,0xB5,0x69,0x18,0xCC,0xB7,0x6A,0x1A,0xCC,0xB9,0x6B,0x1B,0xCC,0xBC,0x6E,0x1E,0xCC,0xBE,0x70,0x22,0xCC,0xC2,0x73,0x25,0xCC,0xC6,0x75,0x29,0xCC,0xC9,0x79,0x2E,0xCC,0xD4,0x8F,0x4D,0xCC,0xF6,0xE6,0xD7,0xCC,0xF5,0xDF,0xCB,0xC6,0x00,0x00,0x00,0x00,
    0x00,0x00,0x00,0x00,0xF1,0xD5,0xBB,0xA8,0xF6,0xE6,0xD7,0xCC,0xDD,0xA8,0x73,0xCC,0xCA,0x7B,0x2F,0xCC,0xC7,0x77,0x2A,0xCC,0xC2,0x74,0x27,0xCC,0xBF,0x70,0x23,0xCC,0xBC,0x6E,0x1F,0xCC,0xB9,0x6B,0x1D,0xCC,0xB7,0x6A,0x1A,0xCC,0xB5,0x69,0x18,0xCC,0xB4,0x68,0x16,0xCC,0xB3,0x66,0x15,0xCC,0xB2,0x66,0x14,0xCC,0xB2,0x65,0x14,0xCC,
    0xB2,0x65,0x13,0xCC,0xB2,0x64,0x13,0xCC,0xB0,0x65,0x11,0xCC,0xB0,0x65,0x11,0xCC,0xB0,0x64,0x11,0xCC,0xB0,0x64,0x11,0xCC,0xB0,0x64,0x11,0xCC,0xB0,0x64,0x11,0xCC,0xB0,0x64,0x11,0xCC,0xB0,0x64,0x11,0xCC,0xB0,0x64,0x11,0xCC,0xB0,0x64,0x11,0xCC,0xB0,0x64,0x11,0xCC,0xB0,0x64,0x11,0xCC,0xB0,0x64,0x11,0xCC,0xB0,0x64,0x11,0xCC,
    0xB0,0x64,0x11,0xCC,0xB0,0x64,0x11,0xCC,0xB0,0x64,0x11,0xCC,0xB0,0x64,0x11,0xCC,0xB0,0x64,0x11,0xCC,0xB0,0x64,0x11,0xCC,0xB0,0x64,0x11,0xCC,0xB0,0x64,0x11,0xCC,0xB0,0x64,0x11,0xCC,0xB0,0x64,0x11,0xCC,0xB0,0x64,0x11,0xCC,0xB0,0x64,0x11,0xCC,0xB0,0x64,0x11,0xCC,0xB0,0x64,0x11,0xCC,0xB0,0x64,0x11,0xCC,0xB0,0x64,0x11,0xCC,
    0xB0,0x64,0x11,0xCC,0xB0,0x64,0x11,0xCC,0xB0,0x64,0x11,0xCC,0xB0,0x64,0x11,0xCC,0xB0,0x64,0x11,0xCC,0xB0,0x64,0x11,0xCC,0xB0,0x64,0x11,0xCC,0xB0,0x64,0x11,0xCC,0xB0,0x64,0x11,0xCC,0xB0,0x64,0x11,0xCC,0xE9,0xD3,0xBC,0xEE,0xFF,0xFF,0xFF,0xFF,0xFF,0xFF,0xFF,0xFF,0xFF,0xFF,0xFF,0xFF,0xFF,0xFF,0xFF,0xFF,0xFF,0xFF,0xFF,0xFF,
    0xFF,0xFF,0xFF,0xFF,0xFF,0xFF,0xFF,0xFF,0xFF,0xFF,0xFF,0xFF,0xFF,0xFF,0xFF,0xFF,0xFF,0xFF,0xFF,0xFF,0xFF,0xFF,0xFF,0xFF,0xFF,0xFF,0xFF,0xFF,0xEE,0xDD,0xCA,0xF1,0xB6,0x71,0x25,0xCF,0xB0,0x64,0x11,0xCC,0xB0,0x64,0x11,0xCC,0xB0,0x64,0x11,0xCC,0xB0,0x64,0x11,0xCC,0xB0,0x64,0x11,0xCC,0xB0,0x64,0x11,0xCC,0xB0,0x64,0x11,0xCC,
    0xB0,0x64,0x11,0xCC,0xB0,0x64,0x11,0xCC,0xB0,0x64,0x11,0xCC,0xB0,0x64,0x11,0xCC,0xB0,0x64,0x11,0xCC,0xB0,0x64,0x11,0xCC,0xB0,0x64,0x11,0xCC,0xB8,0x71,0x26,0xCF,0xEE,0xDE,0xCC,0xF2,0xFF,0xFF,0xFF,0xFF,0xFF,0xFF,0xFF,0xFF,0xFF,0xFF,0xFF,0xFF,0xFF,0xFF,0xFF,0xFF,0xFF,0xFF,0xFF,0xFF,0xFF,0xFF,0xFF,0xFF,0xFF,0xFF,0xFF,0xFF,
    0xFF,0xFF,0xFF,0xFF,0xFF,0xFF,0xFF,0xFF,0xFF,0xFF,0xFF,0xFF,0xFF,0xFF,0xFF,0xFF,0xFF,0xFF,0xFF,0xFF,0xE9,0xD2,0xBA,0xEE,0xB0,0x64,0x11,0xCC,0xB0,0x64,0x11,0xCC,0xB0,0x64,0x11,0xCC,0xB0,0x64,0x11,0xCC,0xB0,0x64,0x11,0xCC,0xB0,0x64,0x11,0xCC,0xB0,0x64,0x11,0xCC,0xB0,0x64,0x11,0xCC,0xB0,0x64,0x11,0xCC,0xB0,0x64,0x11,0xCC,
    0xB0,0x64,0x11,0xCC,0xB0,0x64,0x11,0xCC,0xB0,0x64,0x11,0xCC,0xB0,0x64,0x11,0xCC,0xB0,0x64,0x11,0xCC,0xB0,0x64,0x11,0xCC,0xB0,0x64,0x11,0xCC,0xB0,0x64,0x11,0xCC,0xB0,0x64,0x11,0xCC,0xB0,0x64,0x11,0xCC,0xB0,0x64,0x11,0xCC,0xB0,0x64,0x11,0xCC,0xB0,0x64,0x11,0xCC,0xB0,0x64,0x11,0xCC,0xB0,0x64,0x11,0xCC,0xB0,0x64,0x11,0xCC,
    0xB0,0x64,0x11,0xCC,0xB0,0x64,0x11,0xCC,0xB0,0x64,0x11,0xCC,0xB0,0x64,0x11,0xCC,0xB0,0x64,0x11,0xCC,0xB0,0x64,0x11,0xCC,0xB0,0x64,0x11,0xCC,0xB0,0x64,0x11,0xCC,0xB0,0x64,0x11,0xCC,0xB0,0x64,0x11,0xCC,0xB0,0x64,0x11,0xCC,0xB0,0x64,0x11,0xCC,0xB0,0x65,0x11,0xCC,0xB0,0x65,0x11,0xCC,0xB2,0x64,0x13,0xCC,0xB2,0x65,0x13,0xCC,
    0xB2,0x65,0x14,0xCC,0xB2,0x66,0x14,0xCC,0xB3,0x66,0x15,0xCC,0xB4,0x68,0x16,0xCC,0xB5,0x69,0x18,0xCC,0xB7,0x6A,0x1A,0xCC,0xB9,0x6B,0x1D,0xCC,0xBC,0x6E,0x1F,0xCC,0xBF,0x70,0x23,0xCC,0xC2,0x74,0x27,0xCC,0xC7,0x77,0x2A,0xCC,0xCA,0x7B,0x2F,0xCC,0xDD,0xA8,0x73,0xCC,0xF6,0xE6,0xD7,0xCC,0xF1,0xD5,0xBB,0xA8,0x00,0x00,0x00,0x00,
    0x00,0x00,0x00,0x00,0xF3,0xD4,0xBC,0x66,0xF6,0xE6,0xD8,0xCC,0xE8,0xC3,0xA0,0xCC,0xCC,0x7C,0x31,0xCC,0xC7,0x78,0x2C,0xCC,0xC3,0x74,0x28,0xCC,0xBF,0x70,0x24,0xCC,0xBD,0x6F,0x20,0xCC,0xBA,0x6D,0x1D,0xCC,0xB8,0x6B,0x1A,0xCC,0xB7,0x69,0x19,0xCC,0xB4,0x68,0x16,0xCC,0xB3,0x66,0x16,0xCC,0xB2,0x66,0x15,0xCC,0xB2,0x65,0x14,0xCC,
    0xB2,0x65,0x14,0xCC,0xB2,0x64,0x13,0xCC,0xB0,0x65,0x11,0xCC,0xB0,0x65,0x11,0xCC,0xB0,0x65,0x11,0xCC,0xB0,0x64,0x11,0xCC,0xB0,0x64,0x11,0xCC,0xB0,0x64,0x11,0xCC,0xB0,0x64,0x11,0xCC,0xB0,0x64,0x11,0xCC,0xB0,0x64,0x11,0xCC,0xB0,0x64,0x11,0xCC,0xB0,0x64,0x11,0xCC,0xB0,0x64,0x11,0xCC,0xB0,0x64,0x11,0xCC,0xB0,0x64,0x11,0xCC,
    0xB0,0x64,0x11,0xCC,0xB0,0x64,0x11,0xCC,0xB0,0x64,0x11,0xCC,0xB0,0x64,0x11,0xCC,0xB0,0x64,0x11,0xCC,0xB0,0x64,0x11,0xCC,0xB0,0x64,0x11,0xCC,0xB0,0x64,0x11,0xCC,0xB0,0x64,0x11,0xCC,0xB0,0x64,0x11,0xCC,0xB0,0x64,0x11,0xCC,0xB0,0x64,0x11,0xCC,0xB0,0x64,0x11,0xCC,0xB0,0x64,0x11,0xCC,0xB0,0x64,0x11,0xCC,0xB0,0x64,0x11,0xCC,
    0xB0,0x64,0x11,0xCC,0xB0,0x64,0x11,0xCC,0xB0,0x64,0x11,0xCC,0xB0,0x64,0x11,0xCC,0xB0,0x64,0x11,0xCC,0xB0,0x64,0x11,0xCC,0xB0,0x64,0x11,0xCC,0xB0,0x64,0x11,0xCC,0xB0,0x64,0x11,0xCC,0xB0,0x64,0x11,0xCC,0xE9,0xD3,0xBC,0xEE,0xFF,0xFF,0xFF,0xFF,0xFF,0xFF,0xFF,0xFF,0xFF,0xFF,0xFF,0xFF,0xFF,0xFF,0xFF,0xFF,0xFF,0xFF,0xFF,0xFF,
    0xFF,0xFF,0xFF,0xFF,0xFF,0xFF,0xFF,0xFF,0xFF,0xFF,0xFF,0xFF,0xFF,0xFF,0xFF,0xFF,0xFF,0xFF,0xFF,0xFF,0xFF,0xFF,0xFF,0xFF,0xFF,0xFF,0xFF,0xFF,0xFF,0xFF,0xFF,0xFF,0xFA,0xF4,0xEF,0xFA,0xD6,0xAF,0x84,0xE2,0xB3,0x6A,0x19,0xCD,0xB0,0x64,0x11,0xCC,0xB0,0x64,0x11,0xCC,0xB0,0x64,0x11,0xCC,0xB0,0x64,0x11,0xCC,0xB0,0x64,0x11,0xCC,
    0xB0,0x64,0x11,0xCC,0xB0,0x64,0x11,0xCC,0xB0,0x64,0x11,0xCC,0xB0,0x64,0x11,0xCC,0xB0,0x64,0x11,0xCC,0xB3,0x6A,0x1A,0xCD,0xD8,0xB1,0x86,0xE2,0xF9,0xF4,0xEF,0xFB,0xFF,0xFF,0xFF,0xFF,0xFF,0xFF,0xFF,0xFF,0xFF,0xFF,0xFF,0xFF,0xFF,0xFF,0xFF,0xFF,0xFF,0xFF,0xFF,0xFF,0xFF,0xFF,0xFF,0xFF,0xFF,0xFF,0xFF,0xFF,0xFF,0xFF,0xFF,0xFF,
    0xFF,0xFF,0xFF,0xFF,0xFF,0xFF,0xFF,0xFF,0xFF,0xFF,0xFF,0xFF,0xFF,0xFF,0xFF,0xFF,0xFF,0xFF,0xFF,0xFF,0xE9,0xD2,0xBA,0xEE,0xB0,0x64,0x11,0xCC,0xB0,0x64,0x11,0xCC,0xB0,0x64,0x11,0xCC,0xB0,0x64,0x11,0xCC,0xB0,0x64,0x11,0xCC,0xB0,0x64,0x11,0xCC,0xB0,0x64,0x11,0xCC,0xB0,0x64,0x11,0xCC,0xB0,0x64,0x11,0xCC,0xB0,0x64,0x11,0xCC,
    0xB0,0x64,0x11,0xCC,0xB0,0x64,0x11,0xCC,0xB0,0x64,0x11,0xCC,0xB0,0x64,0x11,0xCC,0xB0,0x64,0x11,0xCC,0xB0,0x64,0x11,0xCC,0xB0,0x64,0x11,0xCC,0xB0,0x64,0x11,0xCC,0xB0,0x64,0x11,0xCC,0xB0,0x64,0x11,0xCC,0xB0,0x64,0x11,0xCC,0xB0,0x64,0x11,0xCC,0xB0,0x64,0x11,0xCC,0xB0,0x64,0x11,0xCC,0xB0,0x64,0x11,0xCC,0xB0,0x64,0x11,0xCC,
    0xB0,0x64,0x11,0xCC,0xB0,0x64,0x11,0xCC,0xB0,0x64,0x11,0xCC,0xB0,0x64,0x11,0xCC,0xB0,0x64,0x11,0xCC,0xB0,0x64,0x11,0xCC,0xB0,0x64,0x11,0xCC,0xB0,0x64,0x11,0xCC,0xB0,0x64,0x11,0xCC,0xB0,0x64,0x11,0xCC,0xB0,0x64,0x11,0xCC,0xB0,0x65,0x11,0xCC,0xB0,0x65,0x11,0xCC,0xB0,0x65,0x11,0xCC,0xB2,0x64,0x13,0xCC,0xB2,0x65,0x14,0xCC,
    0xB2,0x65,0x14,0xCC,0xB2,0x66,0x15,0xCC,0xB3,0x66,0x16,0xCC,0xB4,0x68,0x16,0xCC,0xB7,0x69,0x19,0xCC,0xB8,0x6B,0x1A,0xCC,0xBA,0x6D,0x1D,0xCC,0xBD,0x6F,0x20,0xCC,0xBF,0x70,0x24,0xCC,0xC3,0x74,0x28,0xCC,0xC7,0x78,0x2C,0xCC,0xCC,0x7C,0x31,0xCC,0xE8,0xC3,0xA0,0xCC,0xF6,0xE6,0xD8,0xCC,0xF3,0xD4,0xBC,0x66,0x00,0x00,0x00,0x00,
    0x00,0x00,0x00,0x00,0xEA,0xB5,0x88,0x3E,0xF8,0xE6,0xD8,0xCC,0xF4,0xDE,0xCC,0xCC,0xCD,0x7E,0x34,0xCC,0xC8,0x79,0x2D,0xCC,0xC4,0x75,0x29,0xCC,0xC1,0x72,0x24,0xCC,0xBE,0x6F,0x22,0xCC,0xBC,0x6D,0x1E,0xCC,0xB9,0x6B,0x1B,0xCC,0xB7,0x6A,0x1A,0xCC,0xB5,0x68,0x18,0xCC,0xB4,0x66,0x16,0xCC,0xB3,0x66,0x15,0xCC,0xB2,0x66,0x14,0xCC,
    0xB2,0x65,0x14,0xCC,0xB2,0x65,0x13,0xCC,0xB2,0x64,0x13,0xCC,0xB0,0x65,0x11,0xCC,0xB0,0x65,0x11,0xCC,0xB0,0x64,0x11,0xCC,0xB0,0x64,0x11,0xCC,0xB0,0x64,0x11,0xCC,0xB0,0x64,0x11,0xCC,0xB0,0x64,0x11,0xCC,0xB0,0x64,0x11,0xCC,0xB0,0x64,0x11,0xCC,0xB0,0x64,0x11,0xCC,0xB0,0x64,0x11,0xCC,0xB0,0x64,0x11,0xCC,0xB0,0x64,0x11,0xCC,
    0xB0,0x64,0x11,0xCC,0xB0,0x64,0x11,0xCC,0xB0,0x64,0x11,0xCC,0xB0,0x64,0x11,0xCC,0xB0,0x64,0x11,0xCC,0xB0,0x64,0x11,0xCC,0xB0,0x64,0x11,0xCC,0xB0,0x64,0x11,0xCC,0xB0,0x64,0x11,0xCC,0xB0,0x64,0x11,0xCC,0xB0,0x64,0x11,0xCC,0xB0,0x64,0x11,0xCC,0xB0,0x64,0x11,0xCC,0xB0,0x64,0x11,0xCC,0xB0,0x64,0x11,0xCC,0xB0,0x64,0x11,0xCC,
    0xB0,0x64,0x11,0xCC,0xB0,0x64,0x11,0xCC,0xB0,0x64,0x11,0xCC,0xB0,0x64,0x11,0xCC,0xB0,0x64,0x11,0xCC,0xB0,0x64,0x11,0xCC,0xB0,0x64,0x11,0xCC,0xB0,0x64,0x11,0xCC,0xB0,0x64,0x11,0xCC,0xB0,0x64,0x11,0xCC,0xE9,0xD2,0xBA,0xEE,0xFF,0xFF,0xFF,0xFF,0xFF,0xFF,0xFF,0xFF,0xFF,0xFF,0xFF,0xFF,0xFF,0xFF,0xFF,0xFF,0xFF,0xFF,0xFF,0xFF,
    0xFF,0xFF,0xFF,0xFF,0xFF,0xFF,0xFF,0xFF,0xFF,0xFF,0xFF,0xFF,0xFF,0xFF,0xFF,0xFF,0xFF,0xFF,0xFF,0xFF,0xFF,0xFF,0xFF,0xFF,0xFF,0xFF,0xFF,0xFF,0xFF,0xFF,0xFF,0xFF,0xFF,0xFF,0xFF,0xFF,0xFF,0xFF,0xFF,0xFF,0xF9,0xF4,0xEE,0xFB,0xE5,0xCC,0xB0,0xEB,0xCF,0x9F,0x6C,0xDD,0xBB,0x78,0x30,0xD1,0xB2,0x67,0x16,0xCD,0xB0,0x64,0x11,0xCC,
    0xB0,0x64,0x11,0xCC,0xB2,0x67,0x16,0xCD,0xBB,0x79,0x31,0xD1,0xCF,0x9F,0x6E,0xDD,0xE5,0xCC,0xB1,0xEB,0xFA,0xF5,0xEF,0xFB,0xFF,0xFF,0xFF,0xFF,0xFF,0xFF,0xFF,0xFF,0xFF,0xFF,0xFF,0xFF,0xFF,0xFF,0xFF,0xFF,0xFF,0xFF,0xFF,0xFF,0xFF,0xFF,0xFF,0xFF,0xFF,0xFF,0xFF,0xFF,0xFF,0xFF,0xFF,0xFF,0xFF,0xFF,0xFF,0xFF,0xFF,0xFF,0xFF,0xFF,
    0xFF,0xFF,0xFF,0xFF,0xFF,0xFF,0xFF,0xFF,0xFF,0xFF,0xFF,0xFF,0xFF,0xFF,0xFF,0xFF,0xFF,0xFF,0xFF,0xFF,0xE9,0xD2,0xBA,0xEE,0xB0,0x64,0x11,0xCC,0xB0,0x64,0x11,0xCC,0xB0,0x64,0x11,0xCC,0xB0,0x64,0x11,0xCC,0xB0,0x64,0x11,0xCC,0xB0,0x64,0x11,0xCC,0xB0,0x64,0x11,0xCC,0xB0,0x64,0x11,0xCC,0xB0,0x64,0x11,0xCC,0xB0,0x64,0x11,0xCC,
    0xB0,0x64,0x11,0xCC,0xB0,0x64,0x11,0xCC,0xB0,0x64,0x11,0xCC,0xB0,0x64,0x11,0xCC,0xB0,0x64,0x11,0xCC,0xB0,0x64,0x11,0xCC,0xB0,0x64,0x11,0xCC,0xB0,0x64,0x11,0xCC,0xB0,0x64,0x11,0xCC,0xB0,0x64,0x11,0xCC,0xB0,0x64,0x11,0xCC,0xB0,0x64,0x11,0xCC,0xB0,0x64,0x11,0xCC,0xB0,0x64,0x11,0xCC,0xB0,0x64,0x11,0xCC,0xB0,0x64,0x11,0xCC,
    0xB0,0x64,0x11,0xCC,0xB0,0x64,0x11,0xCC,0xB0,0x64,0x11,0xCC,0xB0,0x64,0x11,0xCC,0xB0,0x64,0x11,0xCC,0xB0,0x64,0x11,0xCC,0xB0,0x64,0x11,0xCC,0xB0,0x64,0x11,0xCC,0xB0,0x64,0x11,0xCC,0xB0,0x64,0x11,0xCC,0xB0,0x64,0x11,0xCC,0xB0,0x65,0x11,0xCC,0xB0,0x65,0x11,0xCC,0xB2,0x64,0x13,0xCC,0xB2,0x65,0x13,0xCC,0xB2,0x65,0x14,0xCC,
    0xB2,0x66,0x14,0xCC,0xB3,0x66,0x15,0xCC,0xB4,0x66,0x16,0xCC,0xB5,0x68,0x18,0xCC,0xB7,0x6A,0x1A,0xCC,0xB9,0x6B,0x1B,0xCC,0xBC,0x6D,0x1E,0xCC,0xBE,0x6F,0x22,0xCC,0xC1,0x72,0x24,0xCC,0xC4,0x75,0x29,0xCC,0xC8,0x79,0x2D,0xCC,0xCD,0x7E,0x34,0xCC,0xF4,0xDE,0xCC,0xCC,0xF8,0xE6,0xD8,0xCC,0xEA,0xB5,0x88,0x3E,0x00,0x00,0x00,0x00,
    0x00,0x00,0x00,0x00,0xFF,0x00,0x00,0x01,0xF4,0xDE,0xC8,0xC2,0xF6,0xE6,0xD7,0xCC,0xD7,0x97,0x5B,0xCC,0xC9,0x79,0x2E,0xCC,0xC6,0x77,0x2A,0xCC,0xC2,0x74,0x27,0xCC,0xBF,0x70,0x23,0xCC,0xBC,0x6E,0x1F,0xCC,0xB9,0x6B,0x1D,0xCC,0xB7,0x6A,0x1A,0xCC,0xB7,0x69,0x18,0xCC,0xB4,0x68,0x16,0xCC,0xB3,0x66,0x15,0xCC,0xB2,0x66,0x14,0xCC,
    0xB2,0x65,0x14,0xCC,0xB2,0x65,0x14,0xCC,0xB2,0x64,0x13,0xCC,0xB0,0x64,0x11,0xCC,0xB0,0x65,0x11,0xCC,0xB0,0x65,0x11,0xCC,0xB0,0x64,0x11,0xCC,0xB0,0x64,0x11,0xCC,0xB0,0x64,0x11,0xCC,0xB0,0x64,0x11,0xCC,0xB0,0x64,0x11,0xCC,0xB0,0x64,0x11,0xCC,0xB0,0x64,0x11,0xCC,0xB0,0x64,0x11,0xCC,0xB0,0x64,0x11,0xCC,0xB0,0x64,0x11,0xCC,
    0xB0,0x64,0x11,0xCC,0xB0,0x64,0x11,0xCC,0xB0,0x64,0x11,0xCC,0xB0,0x64,0x11,0xCC,0xB0,0x64,0x11,0xCC,0xB0,0x64,0x11,0xCC,0xB0,0x64,0x11,0xCC,0xB0,0x64,0x11,0xCC,0xB0,0x64,0x11,0xCC,0xB0,0x64,0x11,0xCC,0xB0,0x64,0x11,0xCC,0xB0,0x64,0x11,0xCC,0xB0,0x64,0x11,0xCC,0xB0,0x64,0x11,0xCC,0xB0,0x64,0x11,0xCC,0xB0,0x64,0x11,0xCC,
    0xB0,0x64,0x11,0xCC,0xB0,0x64,0x11,0xCC,0xB0,0x64,0x11,0xCC,0xB0,0x64,0x11,0xCC,0xB0,0x64,0x11,0xCC,0xB0,0x64,0x11,0xCC,0xB0,0x64,0x11,0xCC,0xB0,0x64,0x11,0xCC,0xB0,0x64,0x11,0xCC,0xB0,0x64,0x11,0xCC,0xE9,0xD3,0xBC,0xEE,0xFF,0xFF,0xFF,0xFF,0xFF,0xFF,0xFF,0xFF,0xFF,0xFF,0xFF,0xFF,0xFF,0xFF,0xFF,0xFF,0xFF,0xFF,0xFF,0xFF,
    0xFF,0xFF,0xFF,0xFF,0xFF,0xFF,0xFF,0xFF,0xFF,0xFF,0xFF,0xFF,0xFF,0xFF,0xFF,0xFF,0xFF,0xFF,0xFF,0xFF,0xFF,0xFF,0xFF,0xFF,0xFF,0xFF,0xFF,0xFF,0xFF,0xFF,0xFF,0xFF,0xFF,0xFF,0xFF,0xFF,0xFF,0xFF,0xFF,0xFF,0xFF,0xFF,0xFF,0xFF,0xFF,0xFF,0xFF,0xFF,0xFF,0xFF,0xFF,0xFF,0xFF,0xFF,0xFF,0xFF,0xFF,0xFF,0xFF,0xFF,0xF9,0xF5,0xEF,0xFB,
    0xFA,0xF6,0xF1,0xFB,0xFF,0xFF,0xFF,0xFF,0xFF,0xFF,0xFF,0xFF,0xFF,0xFF,0xFF,0xFF,0xFF,0xFF,0xFF,0xFF,0xFF,0xFF,0xFF,0xFF,0xFF,0xFF,0xFF,0xFF,0xFF,0xFF,0xFF,0xFF,0xFF,0xFF,0xFF,0xFF,0xFF,0xFF,0xFF,0xFF,0xFF,0xFF,0xFF,0xFF,0xFF,0xFF,0xFF,0xFF,0xFF,0xFF,0xFF,0xFF,0xFF,0xFF,0xFF,0xFF,0xFF,0xFF,0xFF,0xFF,0xFF,0xFF,0xFF,0xFF,
    0xFF,0xFF,0xFF,0xFF,0xFF,0xFF,0xFF,0xFF,0xFF,0xFF,0xFF,0xFF,0xFF,0xFF,0xFF,0xFF,0xFF,0xFF,0xFF,0xFF,0xE9,0xD2,0xBA,0xEE,0xB0,0x64,0x11,0xCC,0xB0,0x64,0x11,0xCC,0xB0,0x64,0x11,0xCC,0xB0,0x64,0x11,0xCC,0xB0,0x64,0x11,0xCC,0xB0,0x64,0x11,0xCC,0xB0,0x64,0x11,0xCC,0xB0,0x64,0x11,0xCC,0xB0,0x64,0x11,0xCC,0xB0,0x64,0x11,0xCC,
    0xB0,0x64,0x11,0xCC,0xB0,0x64,0x11,0xCC,0xB0,0x64,0x11,0xCC,0xB0,0x64,0x11,0xCC,0xB0,0x64,0x11,0xCC,0xB0,0x64,0x11,0xCC,0xB0,0x64,0x11,0xCC,0xB0,0x64,0x11,0xCC,0xB0,0x64,0x11,0xCC,0xB0,0x64,0x11,0xCC,0xB0,0x64,0x11,0xCC,0xB0,0x64,0x11,0xCC,0xB0,0x64,0x11,0xCC,0xB0,0x64,0x11,0xCC,0xB0,0x64,0x11,0xCC,0xB0,0x64,0x11,0xCC,
    0xB0,0x64,0x11,0xCC,0xB0,0x64,0x11,0xCC,0xB0,0x64,0x11,0xCC,0xB0,0x64,0x11,0xCC,0xB0,0x64,0x11,0xCC,0xB0,0x64,0x11,0xCC,0xB0,0x64,0x11,0xCC,0xB0,0x64,0x11,0xCC,0xB0,0x64,0x11,0xCC,0xB0,0x64,0x11,0xCC,0xB0,0x65,0x11,0xCC,0xB0,0x65,0x11,0xCC,0xB0,0x64,0x11,0xCC,0xB2,0x64,0x13,0xCC,0xB2,0x65,0x14,0xCC,0xB2,0x65,0x14,0xCC,
    0xB2,0x66,0x14,0xCC,0xB3,0x66,0x15,0xCC,0xB4,0x68,0x16,0xCC,0xB7,0x69,0x18,0xCC,0xB7,0x6A,0x1A,0xCC,0xB9,0x6B,0x1D,0xCC,0xBC,0x6E,0x1F,0xCC,0xBF,0x70,0x23,0xCC,0xC2,0x74,0x27,0xCC,0xC6,0x77,0x2A,0xCC,0xC9,0x79,0x2E,0xCC,0xD7,0x97,0x5B,0xCC,0xF6,0xE6,0xD7,0xCC,0xF4,0xDE,0xC8,0xC2,0xFF,0x00,0x00,0x01,0x00,0x00,0x00,0x00,
    0x00,0x00,0x00,0x00,0x00,0x00,0x00,0x00,0xF2,0xD4,0xBB,0x87,0xF6,0xE6,0xD8,0xCC,0xE5,0xB9,0x90,0xCC,0xCC,0x7C,0x31,0xCC,0xC7,0x78,0x2C,0xCC,0xC3,0x74,0x28,0xCC,0xBF,0x70,0x24,0xCC,0xBD,0x6F,0x20,0xCC,0xBA,0x6D,0x1D,0xCC,0xB8,0x6B,0x1A,0xCC,0xB7,0x69,0x19,0xCC,0xB4,0x68,0x16,0xCC,0xB3,0x66,0x16,0xCC,0xB2,0x66,0x14,0xCC,
    0xB2,0x66,0x14,0xCC,0xB2,0x65,0x14,0xCC,0xB2,0x65,0x13,0xCC,0xB2,0x64,0x13,0xCC,0xB0,0x65,0x11,0xCC,0xB0,0x65,0x11,0xCC,0xB0,0x64,0x11,0xCC,0xB0,0x64,0x11,0xCC,0xB0,0x64,0x11,0xCC,0xB0,0x64,0x11,0xCC,0xB0,0x64,0x11,0xCC,0xB0,0x64,0x11,0xCC,0xB0,0x64,0x11,0xCC,0xB0,0x64,0x11,0xCC,0xB0,0x64,0x11,0xCC,0xB0,0x64,0x11,0xCC,
    0xB0,0x64,0x11,0xCC,0xB0,0x64,0x11,0xCC,0xB0,0x64,0x11,0xCC,0xB0,0x64,0x11,0xCC,0xB0,0x64,0x11,0xCC,0xB0,0x64,0x11,0xCC,0xB0,0x64,0x11,0xCC,0xB0,0x64,0x11,0xCC,0xB0,0x64,0x11,0xCC,0xB0,0x64,0x11,0xCC,0xB0,0x64,0x11,0xCC,0xB0,0x64,0x11,0xCC,0xB0,0x64,0x11,0xCC,0xB0,0x64,0x11,0xCC,0xB0,0x64,0x11,0xCC,0xB0,0x64,0x11,0xCC,
    0xB0,0x64,0x11,0xCC,0xB0,0x64,0x11,0xCC,0xB0,0x64,0x11,0xCC,0xB0,0x64,0x11,0xCC,0xB0,0x64,0x11,0xCC,0xB0,0x64,0x11,0xCC,0xB0,0x64,0x11,0xCC,0xB0,0x64,0x11,0xCC,0xB0,0x64,0x11,0xCC,0xB0,0x64,0x11,0xCC,0xE9,0xD3,0xBC,0xEE,0xFF,0xFF,0xFF,0xFF,0xFF,0xFF,0xFF,0xFF,0xFF,0xFF,0xFF,0xFF,0xFF,0xFF,0xFF,0xFF,0xFF,0xFF,0xFF,0xFF,
    0xFF,0xFF,0xFF,0xFF,0xFF,0xFF,0xFF,0xFF,0xFF,0xFF,0xFF,0xFF,0xFF,0xFF,0xFF,0xFF,0xFF,0xFF,0xFF,0xFF,0xFF,0xFF,0xFF,0xFF,0xFF,0xFF,0xFF,0xFF,0xFF,0xFF,0xFF,0xFF,0xFF,0xFF,0xFF,0xFF,0xFF,0xFF,0xFF,0xFF,0xFF,0xFF,0xFF,0xFF,0xFF,0xFF,0xFF,0xFF,0xFF,0xFF,0xFF,0xFF,0xFF,0xFF,0xFF,0xFF,0xFF,0xFF,0xFF,0xFF,0xFF,0xFF,0xFF,0xFF,
    0xFF,0xFF,0xFF,0xFF,0xFF,0xFF,0xFF,0xFF,0xFF,0xFF,0xFF,0xFF,0xFF,0xFF,0xFF,0xFF,0xFF,0xFF,0xFF,0xFF,0xFF,0xFF,0xFF,0xFF,0xFF,0xFF,0xFF,0xFF,0xFF,0xFF,0xFF,0xFF,0xFF,0xFF,0xFF,0xFF,0xFF,0xFF,0xFF,0xFF,0xFF,0xFF,0xFF,0xFF,0xFF,0xFF,0xFF,0xFF,0xFF,0xFF,0xFF,0xFF,0xFF,0xFF,0xFF,0xFF,0xFF,0xFF,0xFF,0xFF,0xFF,0xFF,0xFF,0xFF,
    0xFF,0xFF,0xFF,0xFF,0xFF,0xFF,0xFF,0xFF,0xFF,0xFF,0xFF,0xFF,0xFF,0xFF,0xFF,0xFF,0xFF,0xFF,0xFF,0xFF,0xE9,0xD2,0xBA,0xEE,0xB0,0x64,0x11,0xCC,0xB0,0x64,0x11,0xCC,0xB0,0x64,0x11,0xCC,0xB0,0x64,0x11,0xCC,0xB0,0x64,0x11,0xCC,0xB0,0x64,0x11,0xCC,0xB0,0x64,0x11,0xCC,0xB0,0x64,0x11,0xCC,0xB0,0x64,0x11,0xCC,0xB0,0x64,0x11,0xCC,
    0xB0,0x64,0x11,0xCC,0xB0,0x64,0x11,0xCC,0xB0,0x64,0x11,0xCC,0xB0,0x64,0x11,0xCC,0xB0,0x64,0x11,0xCC,0xB0,0x64,0x11,0xCC,0xB0,0x64,0x11,0xCC,0xB0,0x64,0x11,0xCC,0xB0,0x64,0x11,0xCC,0xB0,0x64,0x11,0xCC,0xB0,0x64,0x11,0xCC,0xB0,0x64,0x11,0xCC,0xB0,0x64,0x11,0xCC,0xB0,0x64,0x11,0xCC,0xB0,0x64,0x11,0xCC,0xB0,0x64,0x11,0xCC,
    0xB0,0x64,0x11,0xCC,0xB0,0x64,0x11,0xCC,0xB0,0x64,0x11,0xCC,0xB0,0x64,0x11,0xCC,0xB0,0x64,0x11,0xCC,0xB0,0x64,0x11,0xCC,0xB0,0x64,0x11,0xCC,0xB0,0x64,0x11,0xCC,0xB0,0x64,0x11,0xCC,0xB0,0x64,0x11,0xCC,0xB0,0x65,0x11,0xCC,0xB0,0x65,0x11,0xCC,0xB2,0x64,0x13,0xCC,0xB2,0x65,0x13,0xCC,0xB2,0x65,0x14,0xCC,0xB2,0x66,0x14,0xCC,
    0xB2,0x66,0x14,0xCC,0xB3,0x66,0x16,0xCC,0xB4,0x68,0x16,0xCC,0xB7,0x69,0x19,0xCC,0xB8,0x6B,0x1A,0xCC,0xBA,0x6D,0x1D,0xCC,0xBD,0x6F,0x20,0xCC,0xBF,0x70,0x24,0xCC,0xC3,0x74,0x28,0xCC,0xC7,0x78,0x2C,0xCC,0xCC,0x7C,0x31,0xCC,0xE5,0xB9,0x90,0xCC,0xF6,0xE6,0xD8,0xCC,0xF2,0xD4,0xBB,0x87,0x00,0x00,0x00,0x00,0x00,0x00,0x00,0x00,
    0x00,0x00,0x00,0x00,0x00,0x00,0x00,0x00,0xEA,0xC0,0x96,0x49,0xF8,0xE6,0xD8,0xCC,0xF3,0xDD,0xC9,0xCC,0xCD,0x7E,0x34,0xCC,0xC8,0x79,0x2D,0xCC,0xC4,0x75,0x29,0xCC,0xC1,0x73,0x25,0xCC,0xBE,0x70,0x22,0xCC,0xBC,0x6E,0x1F,0xCC,0xB9,0x6B,0x1B,0xCC,0xB7,0x6A,0x1A,0xCC,0xB5,0x69,0x18,0xCC,0xB4,0x68,0x16,0xCC,0xB3,0x66,0x15,0xCC,
    0xB2,0x66,0x14,0xCC,0xB2,0x65,0x14,0xCC,0xB2,0x65,0x14,0xCC,0xB2,0x64,0x13,0xCC,0xB2,0x64,0x13,0xCC,0xB0,0x65,0x11,0xCC,0xB0,0x64,0x11,0xCC,0xB0,0x64,0x11,0xCC,0xB0,0x64,0x11,0xCC,0xB0,0x64,0x11,0xCC,0xB0,0x64,0x11,0xCC,0xB0,0x64,0x11,0xCC,0xB0,0x64,0x11,0xCC,0xB0,0x64,0x11,0xCC,0xB0,0x64,0x11,0xCC,0xB0,0x64,0x11,0xCC,
    0xB0,0x64,0x11,0xCC,0xB0,0x64,0x11,0xCC,0xB0,0x64,0x11,0xCC,0xB0,0x64,0x11,0xCC,0xB0,0x64,0x11,0xCC,0xB0,0x64,0x11,0xCC,0xB0,0x64,0x11,0xCC,0xB0,0x64,0x11,0xCC,0xB0,0x64,0x11,0xCC,0xB0,0x64,0x11,0xCC,0xB0,0x64,0x11,0xCC,0xB0,0x64,0x11,0xCC,0xB0,0x64,0x11,0xCC,0xB0,0x64,0x11,0xCC,0xB0,0x64,0x11,0xCC,0xB0,0x64,0x11,0xCC,
    0xB0,0x64,0x11,0xCC,0xB0,0x64,0x11,0xCC,0xB0,0x64,0x11,0xCC,0xB0,0x64,0x11,0xCC,0xB0,0x64,0x11,0xCC,0xB0,0x64,0x11,0xCC,0xB0,0x64,0x11,0xCC,0xB0,0x64,0x11,0xCC,0xB0,0x64,0x11,0xCC,0xB0,0x64,0x11,0xCC,0xE9,0xD3,0xBC,0xEE,0xFF,0xFF,0xFF,0xFF,0xFF,0xFF,0xFF,0xFF,0xFF,0xFF,0xFF,0xFF,0xFF,0xFF,0xFF,0xFF,0xFF,0xFF,0xFF,0xFF,
    0xFF,0xFF,0xFF,0xFF,0xFF,0xFF,0xFF,0xFF,0xFF,0xFF,0xFF,0xFF,0xFF,0xFF,0xFF,0xFF,0xFF,0xFF,0xFF,0xFF,0xFF,0xFF,0xFF,0xFF,0xFF,0xFF,0xFF,0xFF,0xFF,0xFF,0xFF,0xFF,0xFF,0xFF,0xFF,0xFF,0xFF,0xFF,0xFF,0xFF,0xFF,0xFF,0xFF,0xFF,0xFF,0xFF,0xFF,0xFF,0xFF,0xFF,0xFF,0xFF,0xFF,0xFF,0xFF,0xFF,0xFF,0xFF,0xFF,0xFF,0xFF,0xFF,0xFF,0xFF,
    0xFF,0xFF,0xFF,0xFF,0xFF,0xFF,0xFF,0xFF,0xFF,0xFF,0xFF,0xFF,0xFF,0xFF,0xFF,0xFF,0xFF,0xFF,0xFF,0xFF,0xFF,0xFF,0xFF,0xFF,0xFF,0xFF,0xFF,0xFF,0xFF,0xFF,0xFF,0xFF,0xFF,0xFF,0xFF,0xFF,0xFF,0xFF,0xFF,0xFF,0xFF,0xFF,0xFF,0xFF,0xFF,0xFF,0xFF,0xFF,0xFF,0xFF,0xFF,0xFF,0xFF,0xFF,0xFF,0xFF,0xFF,0xFF,0xFF,0xFF,0xFF,0xFF,0xFF,0xFF,
    0xFF,0xFF,0xFF,0xFF,0xFF,0xFF,0xFF,0xFF,0xFF,0xFF,0xFF,0xFF,0xFF,0xFF,0xFF,0xFF,0xFF,0xFF,0xFF,0xFF,0xE9,0xD2,0xBA,0xEE,0xB0,0x64,0x11,0xCC,0xB0,0x64,0x11,0xCC,0xB0,0x64,0x11,0xCC,0xB0,0x64,0x11,0xCC,0xB0,0x64,0x11,0xCC,0xB0,0x64,0x11,0xCC,0xB0,0x64,0x11,0xCC,0xB0,0x64,0x11,0xCC,0xB0,0x64,0x11,0xCC,0xB0,0x64,0x11,0xCC,
    0xB0,0x64,0x11,0xCC,0xB0,0x64,0x11,0xCC,0xB0,0x64,0x11,0xCC,0xB0,0x64,0x11,0xCC,0xB0,0x64,0x11,0xCC,0xB0,0x64,0x11,0xCC,0xB0,0x64,0x11,0xCC,0xB0,0x64,0x11,0xCC,0xB0,0x64,0x11,0xCC,0xB0,0x64,0x11,0xCC,0xB0,0x64,0x11,0xCC,0xB0,0x64,0x11,0xCC,0xB0,0x64,0x11,0xCC,0xB0,0x64,0x11,0xCC,0xB0,0x64,0x11,0xCC,0xB0,0x64,0x11,0xCC,
    0xB0,0x64,0x11,0xCC,0xB0,0x64,0x11,0xCC,0xB0,0x64,0x11,0xCC,0xB0,0x64,0x11,0xCC,0xB0,0x64,0x11,0xCC,0xB0,0x64,0x11,0xCC,0xB0,0x64,0x11,0xCC,0xB0,0x64,0x11,0xCC,0xB0,0x64,0x11,0xCC,0xB0,0x64,0x11,0xCC,0xB0,0x65,0x11,0xCC,0xB2,0x64,0x13,0xCC,0xB2,0x64,0x13,0xCC,0xB2,0x65,0x14,0xCC,0xB2,0x65,0x14,0xCC,0xB2,0x66,0x14,0xCC,
    0xB3,0x66,0x15,0xCC,0xB4,0x68,0x16,0xCC,0xB5,0x69,0x18,0xCC,0xB7,0x6A,0x1A,0xCC,0xB9,0x6B,0x1B,0xCC,0xBC,0x6E,0x1F,0xCC,0xBE,0x70,0x22,0xCC,0xC1,0x73,0x25,0xCC,0xC4,0x75,0x29,0xCC,0xC8,0x79,0x2D,0xCC,0xCD,0x7E,0x34,0xCC,0xF3,0xDD,0xC9,0xCC,0xF8,0xE6,0xD8,0xCC,0xEA,0xC0,0x96,0x49,0x00,0x00,0x00,0x00,0x00,0x00,0x00,0x00,
    0x00,0x00,0x00,0x00,0x00,0x00,0x00,0x00,0xAA,0x55,0x55,0x03,0xF4,0xDC,0xC7,0xC0,0xF6,0xE6,0xD7,0xCC,0xD9,0x9C,0x64,0xCC,0xCA,0x7B,0x2F,0xCC,0xC7,0x77,0x2A,0xCC,0xC2,0x74,0x27,0xCC,0xBF,0x70,0x23,0xCC,0xBC,0x6E,0x1F,0xCC,0xBA,0x6B,0x1D,0xCC,0xB7,0x6B,0x1A,0xCC,0xB7,0x69,0x19,0xCC,0xB5,0x68,0x16,0xCC,0xB3,0x66,0x16,0xCC,
    0xB2,0x66,0x14,0xCC,0xB2,0x66,0x14,0xCC,0xB2,0x65,0x14,0xCC,0xB2,0x65,0x13,0xCC,0xB2,0x64,0x13,0xCC,0xB0,0x65,0x11,0xCC,0xB0,0x65,0x11,0xCC,0xB0,0x64,0x11,0xCC,0xB0,0x64,0x11,0xCC,0xB0,0x64,0x11,0xCC,0xB0,0x64,0x11,0xCC,0xB0,0x64,0x11,0xCC,0xB0,0x64,0x11,0xCC,0xB0,0x64,0x11,0xCC,0xB0,0x64,0x11,0xCC,0xB0,0x64,0x11,0xCC,
    0xB0,0x64,0x11,0xCC,0xB0,0x64,0x11,0xCC,0xB0,0x64,0x11,0xCC,0xB0,0x64,0x11,0xCC,0xB0,0x64,0x11,0xCC,0xB0,0x64,0x11,0xCC,0xB0,0x64,0x11,0xCC,0xB0,0x64,0x11,0xCC,0xB0,0x64,0x11,0xCC,0xB0,0x64,0x11,0xCC,0xB0,0x64,0x11,0xCC,0xB0,0x64,0x11,0xCC,0xB0,0x64,0x11,0xCC,0xB0,0x64,0x11,0xCC,0xB0,0x64,0x11,0xCC,0xB0,0x64,0x11,0xCC,
    0xB0,0x64,0x11,0xCC,0xB0,0x64,0x11,0xCC,0xB0,0x64,0x11,0xCC,0xB0,0x64,0x11,0xCC,0xB0,0x64,0x11,0xCC,0xB0,0x64,0x11,0xCC,0xB0,0x64,0x11,0xCC,0xB0,0x64,0x11,0xCC,0xB0,0x64,0x11,0xCC,0xB0,0x64,0x11,0xCC,0xE9,0xD2,0xBA,0xEE,0xFF,0xFF,0xFF,0xFF,0xFF,0xFF,0xFF,0xFF,0xFF,0xFF,0xFF,0xFF,0xFF,0xFF,0xFF,0xFF,0xFF,0xFF,0xFF,0xFF,
    0xFF,0xFF,0xFF,0xFF,0xFF,0xFF,0xFF,0xFF,0xFF,0xFF,0xFF,0xFF,0xFF,0xFF,0xFF,0xFF,0xFF,0xFF,0xFF,0xFF,0xFF,0xFF,0xFF,0xFF,0xFF,0xFF,0xFF,0xFF,0xFF,0xFF,0xFF,0xFF,0xFF,0xFF,0xFF,0xFF,0xFF,0xFF,0xFF,0xFF,0xFF,0xFF,0xFF,0xFF,0xFF,0xFF,0xFF,0xFF,0xFF,0xFF,0xFF,0xFF,0xFF,0xFF,0xFF,0xFF,0xFF,0xFF,0xFF,0xFF,0xFF,0xFF,0xFF,0xFF,
    0xFF,0xFF,0xFF,0xFF,0xFF,0xFF,0xFF,0xFF,0xFF,0xFF,0xFF,0xFF,0xFF,0xFF,0xFF,0xFF,0xFF,0xFF,0xFF,0xFF,0xFF,0xFF,0xFF,0xFF,0xFF,0xFF,0xFF,0xFF,0xFF,0xFF,0xFF,0xFF,0xFF,0xFF,0xFF,0xFF,0xFF,0xFF,0xFF,0xFF,0xFF,0xFF,0xFF,0xFF,0xFF,0xFF,0xFF,0xFF,0xFF,0xFF,0xFF,0xFF,0xFF,0xFF,0xFF,0xFF,0xFF,0xFF,0xFF,0xFF,0xFF,0xFF,0xFF,0xFF,
    0xFF,0xFF,0xFF,0xFF,0xFF,0xFF,0xFF,0xFF,0xFF,0xFF,0xFF,0xFF,0xFF,0xFF,0xFF,0xFF,0xFF,0xFF,0xFF,0xFF,0xE9,0xD2,0xBA,0xEE,0xB0,0x64,0x11,0xCC,0xB0,0x64,0x11,0xCC,0xB0,0x64,0x11,0xCC,0xB0,0x64,0x11,0xCC,0xB0,0x64,0x11,0xCC,0xB0,0x64,0x11,0xCC,0xB0,0x64,0x11,0xCC,0xB0,0x64,0x11,0xCC,0xB0,0x64,0x11,0xCC,0xB0,0x64,0x11,0xCC,
    0xB0,0x64,0x11,0xCC,0xB0,0x64,0x11,0xCC,0xB0,0x64,0x11,0xCC,0xB0,0x64,0x11,0xCC,0xB0,0x64,0x11,0xCC,0xB0,0x64,0x11,0xCC,0xB0,0x64,0x11,0xCC,0xB0,0x64,0x11,0xCC,0xB0,0x64,0x11,0xCC,0xB0,0x64,0x11,0xCC,0xB0,0x64,0x11,0xCC,0xB0,0x64,0x11,0xCC,0xB0,0x64,0x11,0xCC,0xB0,0x64,0x11,0xCC,0xB0,0x64,0x11,0xCC,0xB0,0x64,0x11,0xCC,
    0xB0,0x64,0x11,0xCC,0xB0,0x64,0x11,0xCC,0xB0,0x64,0x11,0xCC,0xB0,0x64,0x11,0xCC,0xB0,0x64,0x11,0xCC,0xB0,0x64,0x11,0xCC,0xB0,0x64,0x11,0xCC,0xB0,0x64,0x11,0xCC,0xB0,0x64,0x11,0xCC,0xB0,0x65,0x11,0xCC,0xB0,0x65,0x11,0xCC,0xB2,0x64,0x13,0xCC,0xB2,0x65,0x13,0xCC,0xB2,0x65,0x14,0xCC,0xB2,0x66,0x14,0xCC,0xB2,0x66,0x14,0xCC,
    0xB3,0x66,0x16,0xCC,0xB5,0x68,0x16,0xCC,0xB7,0x69,0x19,0xCC,0xB7,0x6B,0x1A,0xCC,0xBA,0x6B,0x1D,0xCC,0xBC,0x6E,0x1F,0xCC,0xBF,0x70,0x23,0xCC,0xC2,0x74,0x27,0xCC,0xC7,0x77,0x2A,0xCC,0xCA,0x7B,0x2F,0xCC,0xD9,0x9C,0x64,0xCC,0xF6,0xE6,0xD7,0xCC,0xF4,0xDC,0xC7,0xC0,0xAA,0x55,0x55,0x03,0x00,0x00,0x00,0x00,0x00,0x00,0x00,0x00,
    0x00,0x00,0x00,0x00,0x00,0x00,0x00,0x00,0x00,0x00,0x00,0x00,0xF2,0xD4,0xB8,0x76,0xF6,0xE6,0xD8,0xCC,0xEB,0xC8,0xA8,0xCC,0xCC,0x7C,0x31,0xCC,0xC8,0x78,0x2D,0xCC,0xC4,0x75,0x28,0xCC,0xC1,0x72,0x24,0xCC,0xBE,0x6F,0x22,0xCC,0xBC,0x6D,0x1E,0xCC,0xB9,0x6B,0x1B,0xCC,0xB7,0x6A,0x1A,0xCC,0xB5,0x69,0x18,0xCC,0xB4,0x68,0x16,0xCC,
    0xB3,0x66,0x15,0xCC,0xB2,0x66,0x14,0xCC,0xB2,0x65,0x14,0xCC,0xB2,0x65,0x14,0xCC,0xB2,0x64,0x13,0xCC,0xB0,0x65,0x11,0xCC,0xB0,0x65,0x11,0xCC,0xB0,0x65,0x11,0xCC,0xB0,0x64,0x11,0xCC,0xB0,0x64,0x11,0xCC,0xB0,0x64,0x11,0xCC,0xB0,0x64,0x11,0xCC,0xB0,0x64,0x11,0xCC,0xB0,0x64,0x11,0xCC,0xB0,0x64,0x11,0xCC,0xB0,0x64,0x11,0xCC,
    0xB0,0x64,0x11,0xCC,0xB0,0x64,0x11,0xCC,0xB0,0x64,0x11,0xCC,0xB0,0x64,0x11,0xCC,0xB0,0x64,0x11,0xCC,0xB0,0x64,0x11,0xCC,0xB0,0x64,0x11,0xCC,0xB0,0x64,0x11,0xCC,0xB0,0x64,0x11,0xCC,0xB0,0x64,0x11,0xCC,0xB0,0x64,0x11,0xCC,0xB0,0x64,0x11,0xCC,0xB0,0x64,0x11,0xCC,0xB0,0x64,0x11,0xCC,0xB0,0x64,0x11,0xCC,0xB0,0x64,0x11,0xCC,
    0xB0,0x64,0x11,0xCC,0xB0,0x64,0x11,0xCC,0xB0,0x64,0x11,0xCC,0xB0,0x64,0x11,0xCC,0xB0,0x64,0x11,0xCC,0xB0,0x64,0x11,0xCC,0xB0,0x64,0x11,0xCC,0xB0,0x64,0x11,0xCC,0xB0,0x64,0x11,0xCC,0xB0,0x64,0x11,0xCC,0xE0,0xC1,0xA2,0xE8,0xFF,0xFF,0xFF,0xFF,0xFF,0xFF,0xFF,0xFF,0xFF,0xFF,0xFF,0xFF,0xFF,0xFF,0xFF,0xFF,0xFF,0xFF,0xFF,0xFF,
    0xFF,0xFF,0xFF,0xFF,0xFF,0xFF,0xFF,0xFF,0xFF,0xFF,0xFF,0xFF,0xFF,0xFF,0xFF,0xFF,0xFF,0xFF,0xFF,0xFF,0xFF,0xFF,0xFF,0xFF,0xFF,0xFF,0xFF,0xFF,0xFF,0xFF,0xFF,0xFF,0xFF,0xFF,0xFF,0xFF,0xFF,0xFF,0xFF,0xFF,0xFF,0xFF,0xFF,0xFF,0xFF,0xFF,0xFF,0xFF,0xFF,0xFF,0xFF,0xFF,0xFF,0xFF,0xFF,0xFF,0xFF,0xFF,0xFF,0xFF,0xFF,0xFF,0xFF,0xFF,
    0xFF,0xFF,0xFF,0xFF,0xFF,0xFF,0xFF,0xFF,0xFF,0xFF,0xFF,0xFF,0xFF,0xFF,0xFF,0xFF,0xFF,0xFF,0xFF,0xFF,0xFF,0xFF,0xFF,0xFF,0xFF,0xFF,0xFF,0xFF,0xFF,0xFF,0xFF,0xFF,0xFF,0xFF,0xFF,0xFF,0xFF,0xFF,0xFF,0xFF,0xFF,0xFF,0xFF,0xFF,0xFF,0xFF,0xFF,0xFF,0xFF,0xFF,0xFF,0xFF,0xFF,0xFF,0xFF,0xFF,0xFF,0xFF,0xFF,0xFF,0xFF,0xFF,0xFF,0xFF,
    0xFF,0xFF,0xFF,0xFF,0xFF,0xFF,0xFF,0xFF,0xFF,0xFF,0xFF,0xFF,0xFF,0xFF,0xFF,0xFF,0xFF,0xFF,0xFF,0xFF,0xE0,0xC1,0xA0,0xE7,0xB0,0x64,0x11,0xCC,0xB0,0x64,0x11,0xCC,0xB0,0x64,0x11,0xCC,0xB0,0x64,0x11,0xCC,0xB0,0x64,0x11,0xCC,0xB0,0x64,0x11,0xCC,0xB0,0x64,0x11,0xCC,0xB0,0x64,0x11,0xCC,0xB0,0x64,0x11,0xCC,0xB0,0x64,0x11,0xCC,
    0xB0,0x64,0x11,0xCC,0xB0,0x64,0x11,0xCC,0xB0,0x64,0x11,0xCC,0xB0,0x64,0x11,0xCC,0xB0,0x64,0x11,0xCC,0xB0,0x64,0x11,0xCC,0xB0,0x64,0x11,0xCC,0xB0,0x64,0x11,0xCC,0xB0,0x64,0x11,0xCC,0xB0,0x64,0x11,0xCC,0xB0,0x64,0x11,0xCC,0xB0,0x64,0x11,0xCC,0xB0,0x64,0x11,0xCC,0xB0,0x64,0x11,0xCC,0xB0,0x64,0x11,0xCC,0xB0,0x64,0x11,0xCC,
    0xB0,0x64,0x11,0xCC,0xB0,0x64,0x11,0xCC,0xB0,0x64,0x11,0xCC,0xB0,0x64,0x11,0xCC,0xB0,0x64,0x11,0xCC,0xB0,0x64,0x11,0xCC,0xB0,0x64,0x11,0xCC,0xB0,0x64,0x11,0xCC,0xB0,0x65,0x11,0xCC,0xB0,0x65,0x11,0xCC,0xB0,0x65,0x11,0xCC,0xB2,0x64,0x13,0xCC,0xB2,0x65,0x14,0xCC,0xB2,0x65,0x14,0xCC,0xB2,0x66,0x14,0xCC,0xB3,0x66,0x15,0xCC,
    0xB4,0x68,0x16,0xCC,0xB5,0x69,0x18,0xCC,0xB7,0x6A,0x1A,0xCC,0xB9,0x6B,0x1B,0xCC,0xBC,0x6D,0x1E,0xCC,0xBE,0x6F,0x22,0xCC,0xC1,0x72,0x24,0xCC,0xC4,0x75,0x28,0xCC,0xC8,0x78,0x2D,0xCC,0xCC,0x7C,0x31,0xCC,0xEB,0xC8,0xA8,0xCC,0xF6,0xE6,0xD8,0xCC,0xF2,0xD4,0xB8,0x76,0x00,0x00,0x00,0x00,0x00,0x00,0x00,0x00,0x00,0x00,0x00,0x00,
    0x00,0x00,0x00,0x00,0x00,0x00,0x00,0x00,0x00,0x00,0x00,0x00,0xE4,0xAE,0x80,0x26,0xF6,0xE4,0xD4,0xCA,0xF6,0xE6,0xD7,0xCC,0xD3,0x8D,0x4B,0xCC,0xC9,0x79,0x2E,0xCC,0xC6,0x77,0x29,0xCC,0xC2,0x73,0x27,0xCC,0xBF,0x70,0x23,0xCC,0xBC,0x6E,0x1F,0xCC,0xBA,0x6B,0x1D,0xCC,0xB8,0x6B,0x1A,0xCC,0xB7,0x69,0x19,0xCC,0xB5,0x68,0x16,0xCC,
    0xB3,0x66,0x16,0xCC,0xB2,0x66,0x14,0xCC,0xB2,0x66,0x14,0xCC,0xB2,0x65,0x14,0xCC,0xB2,0x65,0x13,0xCC,0xB2,0x64,0x13,0xCC,0xB0,0x65,0x11,0xCC,0xB0,0x65,0x11,0xCC,0xB0,0x65,0x11,0xCC,0xB0,0x64,0x11,0xCC,0xB0,0x64,0x11,0xCC,0xB0,0x64,0x11,0xCC,0xB0,0x64,0x11,0xCC,0xB0,0x64,0x11,0xCC,0xB0,0x64,0x11,0xCC,0xB0,0x64,0x11,0xCC,
    0xB0,0x64,0x11,0xCC,0xB0,0x64,0x11,0xCC,0xB0,0x64,0x11,0xCC,0xB0,0x64,0x11,0xCC,0xB0,0x64,0x11,0xCC,0xB0,0x64,0x11,0xCC,0xB0,0x64,0x11,0xCC,0xB0,0x64,0x11,0xCC,0xB0,0x64,0x11,0xCC,0xB0,0x64,0x11,0xCC,0xB0,0x64,0x11,0xCC,0xB0,0x64,0x11,0xCC,0xB0,0x64,0x11,0xCC,0xB0,0x64,0x11,0xCC,0xB0,0x64,0x11,0xCC,0xB0,0x64,0x11,0xCC,
    0xB0,0x64,0x11,0xCC,0xB0,0x64,0x11,0xCC,0xB0,0x64,0x11,0xCC,0xB0,0x64,0x11,0xCC,0xB0,0x64,0x11,0xCC,0xB0,0x64,0x11,0xCC,0xB0,0x64,0x11,0xCC,0xB0,0x64,0x11,0xCC,0xB0,0x64,0x11,0xCC,0xB0,0x64,0x11,0xCC,0xCC,0x9A,0x63,0xDB,0xFF,0xFF,0xFF,0xFF,0xFF,0xFF,0xFF,0xFF,0xFF,0xFF,0xFF,0xFF,0xFF,0xFF,0xFF,0xFF,0xFF,0xFF,0xFF,0xFF,
    0xFF,0xFF,0xFF,0xFF,0xFF,0xFF,0xFF,0xFF,0xFF,0xFF,0xFF,0xFF,0xFF,0xFF,0xFF,0xFF,0xFF,0xFF,0xFF,0xFF,0xFF,0xFF,0xFF,0xFF,0xFF,0xFF,0xFF,0xFF,0xFF,0xFF,0xFF,0xFF,0xFF,0xFF,0xFF,0xFF,0xFF,0xFF,0xFF,0xFF,0xFF,0xFF,0xFF,0xFF,0xFF,0xFF,0xFF,0xFF,0xFF,0xFF,0xFF,0xFF,0xFF,0xFF,0xFF,0xFF,0xFF,0xFF,0xFF,0xFF,0xFF,0xFF,0xFF,0xFF,
    0xFF,0xFF,0xFF,0xFF,0xFF,0xFF,0xFF,0xFF,0xFF,0xFF,0xFF,0xFF,0xFF,0xFF,0xFF,0xFF,0xFF,0xFF,0xFF,0xFF,0xFF,0xFF,0xFF,0xFF,0xFF,0xFF,0xFF,0xFF,0xFF,0xFF,0xFF,0xFF,0xFF,0xFF,0xFF,0xFF,0xFF,0xFF,0xFF,0xFF,0xFF,0xFF,0xFF,0xFF,0xFF,0xFF,0xFF,0xFF,0xFF,0xFF,0xFF,0xFF,0xFF,0xFF,0xFF,0xFF,0xFF,0xFF,0xFF,0xFF,0xFF,0xFF,0xFF,0xFF,
    0xFF,0xFF,0xFF,0xFF,0xFF,0xFF,0xFF,0xFF,0xFF,0xFF,0xFF,0xFF,0xFF,0xFF,0xFF,0xFF,0xFF,0xFF,0xFF,0xFF,0xCA,0x97,0x60,0xDA,0xB0,0x64,0x11,0xCC,0xB0,0x64,0x11,0xCC,0xB0,0x64,0x11,0xCC,0xB0,0x64,0x11,0xCC,0xB0,0x64,0x11,0xCC,0xB0,0x64,0x11,0xCC,0xB0,0x64,0x11,0xCC,0xB0,0x64,0x11,0xCC,0xB0,0x64,0x11,0xCC,0xB0,0x64,0x11,0xCC,
    0xB0,0x64,0x11,0xCC,0xB0,0x64,0x11,0xCC,0xB0,0x64,0x11,0xCC,0xB0,0x64,0x11,0xCC,0xB0,0x64,0x11,0xCC,0xB0,0x64,0x11,0xCC,0xB0,0x64,0x11,0xCC,0xB0,0x64,0x11,0xCC,0xB0,0x64,0x11,0xCC,0xB0,0x64,0x11,0xCC,0xB0,0x64,0x11,0xCC,0xB0,0x64,0x11,0xCC,0xB0,0x64,0x11,0xCC,0xB0,0x64,0x11,0xCC,0xB0,0x64,0x11,0xCC,0xB0,0x64,0x11,0xCC,
    0xB0,0x64,0x11,0xCC,0xB0,0x64,0x11,0xCC,0xB0,0x64,0x11,0xCC,0xB0,0x64,0x11,0xCC,0xB0,0x64,0x11,0xCC,0xB0,0x64,0x11,0xCC,0xB0,0x64,0x11,0xCC,0xB0,0x65,0x11,0xCC,0xB0,0x65,0x11,0xCC,0xB0,0x65,0x11,0xCC,0xB2,0x64,0x13,0xCC,0xB2,0x65,0x13,0xCC,0xB2,0x65,0x14,0xCC,0xB2,0x66,0x14,0xCC,0xB2,0x66,0x14,0xCC,0xB3,0x66,0x16,0xCC,
    0xB5,0x68,0x16,0xCC,0xB7,0x69,0x19,0xCC,0xB8,0x6B,0x1A,0xCC,0xBA,0x6B,0x1D,0xCC,0xBC,0x6E,0x1F,0xCC,0xBF,0x70,0x23,0xCC,0xC2,0x73,0x27,0xCC,0xC6,0x77,0x29,0xCC,0xC9,0x79,0x2E,0xCC,0xD3,0x8D,0x4B,0xCC,0xF6,0xE6,0xD7,0xCC,0xF6,0xE4,0xD4,0xCA,0xE4,0xAE,0x80,0x26,0x00,0x00,0x00,0x00,0x00,0x00,0x00,0x00,0x00,0x00,0x00,0x00,
    0x00,0x00,0x00,0x00,0x00,0x00,0x00,0x00,0x00,0x00,0x00,0x00,0x00,0x00,0x00,0x00,0xF2,0xD4,0xBB,0x99,0xF6,0xE6,0xD8,0xCC,0xE6,0xBC,0x95,0xCC,0xCC,0x7C,0x31,0xCC,0xC7,0x78,0x2C,0xCC,0xC4,0x75,0x28,0xCC,0xC1,0x72,0x24,0xCC,0xBE,0x6F,0x22,0xCC,0xBC,0x6E,0x1E,0xCC,0xB9,0x6B,0x1B,0xCC,0xB7,0x69,0x19,0xCC,0xB5,0x69,0x18,0xCC,
    0xB4,0x68,0x16,0xCC,0xB3,0x66,0x15,0xCC,0xB2,0x66,0x14,0xCC,0xB2,0x65,0x14,0xCC,0xB2,0x65,0x14,0xCC,0xB2,0x64,0x13,0xCC,0xB2,0x64,0x13,0xCC,0xB0,0x65,0x11,0xCC,0xB0,0x65,0x11,0xCC,0xB0,0x65,0x11,0xCC,0xB0,0x64,0x11,0xCC,0xB0,0x64,0x11,0xCC,0xB0,0x64,0x11,0xCC,0xB0,0x64,0x11,0xCC,0xB0,0x64,0x11,0xCC,0xB0,0x64,0x11,0xCC,
    0xB0,0x64,0x11,0xCC,0xB0,0x64,0x11,0xCC,0xB0,0x64,0x11,0xCC,0xB0,0x64,0x11,0xCC,0xB0,0x64,0x11,0xCC,0xB0,0x64,0x11,0xCC,0xB0,0x64,0x11,0xCC,0xB0,0x64,0x11,0xCC,0xB0,0x64,0x11,0xCC,0xB0,0x64,0x11,0xCC,0xB0,0x64,0x11,0xCC,0xB0,0x64,0x11,0xCC,0xB0,0x64,0x11,0xCC,0xB0,0x64,0x11,0xCC,0xB0,0x64,0x11,0xCC,0xB0,0x64,0x11,0xCC,
    0xB0,0x64,0x11,0xCC,0xB0,0x64,0x11,0xCC,0xB0,0x64,0x11,0xCC,0xB0,0x64,0x11,0xCC,0xB0,0x64,0x11,0xCC,0xB0,0x64,0x11,0xCC,0xB0,0x64,0x11,0xCC,0xB0,0x64,0x11,0xCC,0xB0,0x64,0x11,0xCC,0xB0,0x64,0x11,0xCC,0xB0,0x64,0x11,0xCC,0xE5,0xCC,0xB0,0xEB,0xFF,0xFF,0xFF,0xFF,0xFF,0xFF,0xFF,0xFF,0xFF,0xFF,0xFF,0xFF,0xFF,0xFF,0xFF,0xFF,
    0xFF,0xFF,0xFF,0xFF,0xFF,0xFF,0xFF,0xFF,0xFF,0xFF,0xFF,0xFF,0xFF,0xFF,0xFF,0xFF,0xFF,0xFF,0xFF,0xFF,0xFF,0xFF,0xFF,0xFF,0xFF,0xFF,0xFF,0xFF,0xFF,0xFF,0xFF,0xFF,0xFF,0xFF,0xFF,0xFF,0xFF,0xFF,0xFF,0xFF,0xFF,0xFF,0xFF,0xFF,0xFF,0xFF,0xFF,0xFF,0xFF,0xFF,0xFF,0xFF,0xFF,0xFF,0xFF,0xFF,0xFF,0xFF,0xFF,0xFF,0xFF,0xFF,0xFF,0xFF,
    0xFF,0xFF,0xFF,0xFF,0xFF,0xFF,0xFF,0xFF,0xFF,0xFF,0xFF,0xFF,0xFF,0xFF,0xFF,0xFF,0xFF,0xFF,0xFF,0xFF,0xFF,0xFF,0xFF,0xFF,0xFF,0xFF,0xFF,0xFF,0xFF,0xFF,0xFF,0xFF,0xFF,0xFF,0xFF,0xFF,0xFF,0xFF,0xFF,0xFF,0xFF,0xFF,0xFF,0xFF,0xFF,0xFF,0xFF,0xFF,0xFF,0xFF,0xFF,0xFF,0xFF,0xFF,0xFF,0xFF,0xFF,0xFF,0xFF,0xFF,0xFF,0xFF,0xFF,0xFF,
    0xFF,0xFF,0xFF,0xFF,0xFF,0xFF,0xFF,0xFF,0xFF,0xFF,0xFF,0xFF,0xFF,0xFF,0xFF,0xFF,0xE3,0xC9,0xAD,0xEB,0xB0,0x64,0x11,0xCC,0xB0,0x64,0x11,0xCC,0xB0,0x64,0x11,0xCC,0xB0,0x64,0x11,0xCC,0xB0,0x64,0x11,0xCC,0xB0,0x64,0x11,0xCC,0xB0,0x64,0x11,0xCC,0xB0,0x64,0x11,0xCC,0xB0,0x64,0x11,0xCC,0xB0,0x64,0x11,0xCC,0xB0,0x64,0x11,0xCC,
    0xB0,0x64,0x11,0xCC,0xB0,0x64,0x11,0xCC,0xB0,0x64,0x11,0xCC,0xB0,0x64,0x11,0xCC,0xB0,0x64,0x11,0xCC,0xB0,0x64,0x11,0xCC,0xB0,0x64,0x11,0xCC,0xB0,0x64,0x11,0xCC,0xB0,0x64,0x11,0xCC,0xB0,0x64,0x11,0xCC,0xB0,0x64,0x11,0xCC,0xB0,0x64,0x11,0xCC,0xB0,0x64,0x11,0xCC,0xB0,0x64,0x11,0xCC,0xB0,0x64,0x11,0xCC,0xB0,0x64,0x11,0xCC,
    0xB0,0x64,0x11,0xCC,0xB0,0x64,0x11,0xCC,0xB0,0x64,0x11,0xCC,0xB0,0x64,0x11,0xCC,0xB0,0x64,0x11,0xCC,0xB0,0x64,0x11,0xCC,0xB0,0x65,0x11,0xCC,0xB0,0x65,0x11,0xCC,0xB0,0x65,0x11,0xCC,0xB2,0x64,0x13,0xCC,0xB2,0x64,0x13,0xCC,0xB2,0x65,0x14,0xCC,0xB2,0x65,0x14,0xCC,0xB2,0x66,0x14,0xCC,0xB3,0x66,0x15,0xCC,0xB4,0x68,0x16,0xCC,
    0xB5,0x69,0x18,0xCC,0xB7,0x69,0x19,0xCC,0xB9,0x6B,0x1B,0xCC,0xBC,0x6E,0x1E,0xCC,0xBE,0x6F,0x22,0xCC,0xC1,0x72,0x24,0xCC,0xC4,0x75,0x28,0xCC,0xC7,0x78,0x2C,0xCC,0xCC,0x7C,0x31,0xCC,0xE6,0xBC,0x95,0xCC,0xF6,0xE6,0xD8,0xCC,0xF2,0xD4,0xBB,0x99,0x00,0x00,0x00,0x00,0x00,0x00,0x00,0x00,0x00,0x00,0x00,0x00,0x00,0x00,0x00,0x00,
    0x00,0x00,0x00,0x00,0x00,0x00,0x00,0x00,0x00,0x00,0x00,0x00,0x00,0x00,0x00,0x00,0xE6,0xB8,0x8A,0x3D,0xF7,0xE7,0xD9,0xCB,0xF5,0xE2,0xD2,0xCC,0xD2,0x88,0x45,0xCC,0xC9,0x79,0x2E,0xCC,0xC6,0x77,0x2A,0xCC,0xC2,0x74,0x27,0xCC,0xBF,0x70,0x23,0xCC,0xBD,0x6E,0x1F,0xCC,0xBA,0x6D,0x1D,0xCC,0xB8,0x6B,0x1A,0xCC,0xB7,0x69,0x19,0xCC,
    0xB5,0x69,0x18,0xCC,0xB4,0x66,0x16,0xCC,0xB3,0x66,0x15,0xCC,0xB2,0x66,0x14,0xCC,0xB2,0x65,0x14,0xCC,0xB2,0x65,0x13,0xCC,0xB2,0x64,0x13,0xCC,0xB2,0x64,0x13,0xCC,0xB0,0x65,0x11,0xCC,0xB0,0x65,0x11,0xCC,0xB0,0x65,0x11,0xCC,0xB0,0x64,0x11,0xCC,0xB0,0x64,0x11,0xCC,0xB0,0x64,0x11,0xCC,0xB0,0x64,0x11,0xCC,0xB0,0x64,0x11,0xCC,
    0xB0,0x64,0x11,0xCC,0xB0,0x64,0x11,0xCC,0xB0,0x64,0x11,0xCC,0xB0,0x64,0x11,0xCC,0xB0,0x64,0x11,0xCC,0xB0,0x64,0x11,0xCC,0xB0,0x64,0x11,0xCC,0xB0,0x64,0x11,0xCC,0xB0,0x64,0x11,0xCC,0xB0,0x64,0x11,0xCC,0xB0,0x64,0x11,0xCC,0xB0,0x64,0x11,0xCC,0xB0,0x64,0x11,0xCC,0xB0,0x64,0x11,0xCC,0xB0,0x64,0x11,0xCC,0xB0,0x64,0x11,0xCC,
    0xB0,0x64,0x11,0xCC,0xB0,0x64,0x11,0xCC,0xB0,0x64,0x11,0xCC,0xB0,0x64,0x11,0xCC,0xB0,0x64,0x11,0xCC,0xB0,0x64,0x11,0xCC,0xB0,0x64,0x11,0xCC,0xB0,0x64,0x11,0xCC,0xB0,0x64,0x11,0xCC,0xB0,0x64,0x11,0xCC,0xB0,0x64,0x11,0xCC,0xB0,0x64,0x11,0xCC,0xD0,0xA2,0x71,0xDE,0xE3,0xC6,0xA7,0xE9,0xE5,0xCC,0xB1,0xEC,0xE5,0xCC,0xB1,0xEC,
    0xE5,0xCC,0xB1,0xEC,0xE5,0xCC,0xB1,0xEC,0xE5,0xCC,0xB1,0xEC,0xE5,0xCC,0xB1,0xEC,0xE5,0xCC,0xB1,0xEC,0xE5,0xCC,0xB1,0xEC,0xE5,0xCC,0xB1,0xEC,0xE5,0xCC,0xB1,0xEC,0xE5,0xCC,0xB1,0xEC,0xE5,0xCC,0xB1,0xEC,0xE5,0xCC,0xB1,0xEC,0xE5,0xCC,0xB1,0xEC,0xE5,0xCC,0xB1,0xEC,0xE5,0xCC,0xB1,0xEC,0xE5,0xCC,0xB1,0xEC,0xE5,0xCC,0xB1,0xEC,
    0xE5,0xCC,0xB1,0xEC,0xE5,0xCC,0xB1,0xEC,0xE5,0xCC,0xB1,0xEC,0xE5,0xCC,0xB1,0xEC,0xE5,0xCC,0xB1,0xEC,0xE5,0xCC,0xB1,0xEC,0xE5,0xCC,0xB1,0xEC,0xE5,0xCC,0xB1,0xEC,0xE5,0xCC,0xB1,0xEC,0xE5,0xCC,0xB1,0xEC,0xE5,0xCC,0xB1,0xEC,0xE5,0xCC,0xB1,0xEC,0xE5,0xCC,0xB1,0xEC,0xE5,0xCC,0xB1,0xEC,0xE5,0xCC,0xB1,0xEC,0xE5,0xCC,0xB1,0xEC,
    0xE5,0xCC,0xB1,0xEC,0xE5,0xCC,0xB1,0xEC,0xE1,0xC6,0xA6,0xE9,0xD0,0xA2,0x71,0xDE,0xB0,0x64,0x11,0xCC,0xB0,0x64,0x11,0xCC,0xB0,0x64,0x11,0xCC,0xB0,0x64,0x11,0xCC,0xB0,0x64,0x11,0xCC,0xB0,0x64,0x11,0xCC,0xB0,0x64,0x11,0xCC,0xB0,0x64,0x11,0xCC,0xB0,0x64,0x11,0xCC,0xB0,0x64,0x11,0xCC,0xB0,0x64,0x11,0xCC,0xB0,0x64,0x11,0xCC,
    0xB0,0x64,0x11,0xCC,0xB0,0x64,0x11,0xCC,0xB0,0x64,0x11,0xCC,0xB0,0x64,0x11,0xCC,0xB0,0x64,0x11,0xCC,0xB0,0x64,0x11,0xCC,0xB0,0x64,0x11,0xCC,0xB0,0x64,0x11,0xCC,0xB0,0x64,0x11,0xCC,0xB0,0x64,0x11,0xCC,0xB0,0x64,0x11,0xCC,0xB0,0x64,0x11,0xCC,0xB0,0x64,0x11,0xCC,0xB0,0x64,0x11,0xCC,0xB0,0x64,0x11,0xCC,0xB0,0x64,0x11,0xCC,
    0xB0,0x64,0x11,0xCC,0xB0,0x64,0x11,0xCC,0xB0,0x64,0x11,0xCC,0xB0,0x64,0x11,0xCC,0xB0,0x64,0x11,0xCC,0xB0,0x65,0x11,0xCC,0xB0,0x65,0x11,0xCC,0xB0,0x65,0x11,0xCC,0xB2,0x64,0x13,0xCC,0xB2,0x64,0x13,0xCC,0xB2,0x65,0x13,0xCC,0xB2,0x65,0x14,0xCC,0xB2,0x66,0x14,0xCC,0xB3,0x66,0x15,0xCC,0xB4,0x66,0x16,0xCC,0xB5,0x69,0x18,0xCC,
    0xB7,0x69,0x19,0xCC,0xB8,0x6B,0x1A,0xCC,0xBA,0x6D,0x1D,0xCC,0xBD,0x6E,0x1F,0xCC,0xBF,0x70,0x23,0xCC,0xC2,0x74,0x27,0xCC,0xC6,0x77,0x2A,0xCC,0xC9,0x79,0x2E,0xCC,0xD2,0x88,0x45,0xCC,0xF5,0xE2,0xD2,0xCC,0xF7,0xE7,0xD9,0xCB,0xE6,0xB8,0x8A,0x3D,0x00,0x00,0x00,0x00,0x00,0x00,0x00,0x00,0x00,0x00,0x00,0x00,0x00,0x00,0x00,0x00,
    0x00,0x00,0x00,0x00,0x00,0x00,0x00,0x00,0x00,0x00,0x00,0x00,0x00,0x00,0x00,0x00,0x00,0x00,0x00,0x00,0xF3,0xD7,0xBC,0xA4,0xF6,0xE6,0xD8,0xCC,0xE6,0xBC,0x95,0xCC,0xCC,0x7C,0x31,0xCC,0xC8,0x78,0x2C,0xCC,0xC4,0x75,0x28,0xCC,0xC1,0x73,0x24,0xCC,0xBE,0x70,0x22,0xCC,0xBC,0x6E,0x1F,0xCC,0xB9,0x6B,0x1D,0xCC,0xB7,0x6A,0x1A,0xCC,
    0xB7,0x69,0x19,0xCC,0xB4,0x68,0x16,0xCC,0xB3,0x66,0x16,0xCC,0xB2,0x66,0x14,0xCC,0xB2,0x66,0x14,0xCC,0xB2,0x65,0x14,0xCC,0xB2,0x65,0x13,0xCC,0xB2,0x64,0x13,0xCC,0xB2,0x64,0x13,0xCC,0xB0,0x65,0x11,0xCC,0xB0,0x65,0x11,0xCC,0xB0,0x65,0x11,0xCC,0xB0,0x64,0x11,0xCC,0xB0,0x64,0x11,0xCC,0xB0,0x64,0x11,0xCC,0xB0,0x64,0x11,0xCC,
    0xB0,0x64,0x11,0xCC,0xB0,0x64,0x11,0xCC,0xB0,0x64,0x11,0xCC,0xB0,0x64,0x11,0xCC,0xB0,0x64,0x11,0xCC,0xB0,0x64,0x11,0xCC,0xB0,0x64,0x11,0xCC,0xB0,0x64,0x11,0xCC,0xB0,0x64,0x11,0xCC,0xB0,0x64,0x11,0xCC,0xB0,0x64,0x11,0xCC,0xB0,0x64,0x11,0xCC,0xB0,0x64,0x11,0xCC,0xB0,0x64,0x11,0xCC,0xB0,0x64,0x11,0xCC,0xB0,0x64,0x11,0xCC,
    0xB0,0x64,0x11,0xCC,0xB0,0x64,0x11,0xCC,0xB0,0x64,0x11,0xCC,0xB0,0x64,0x11,0xCC,0xB0,0x64,0x11,0xCC,0xB0,0x64,0x11,0xCC,0xB0,0x64,0x11,0xCC,0xB0,0x64,0x11,0xCC,0xB0,0x64,0x11,0xCC,0xB0,0x64,0x11,0xCC,0xB0,0x64,0x11,0xCC,0xB0,0x64,0x11,0xCC,0xB0,0x64,0x11,0xCC,0xB0,0x64,0x11,0xCC,0xB0,0x64,0x11,0xCC,0xB0,0x64,0x11,0xCC,
    0xB0,0x64,0x11,0xCC,0xB0,0x64,0x11,0xCC,0xB0,0x64,0x11,0xCC,0xB0,0x64,0x11,0xCC,0xB0,0x64,0x11,0xCC,0xB0,0x64,0x11,0xCC,0xB0,0x64,0x11,0xCC,0xB0,0x64,0x11,0xCC,0xB0,0x64,0x11,0xCC,0xB0,0x64,0x11,0xCC,0xB0,0x64,0x11,0xCC,0xB0,0x64,0x11,0xCC,0xB0,0x64,0x11,0xCC,0xB0,0x64,0x11,0xCC,0xB0,0x64,0x11,0xCC,0xB0,0x64,0x11,0xCC,
    0xB0,0x64,0x11,0xCC,0xB0,0x64,0x11,0xCC,0xB0,0x64,0x11,0xCC,0xB0,0x64,0x11,0xCC,0xB0,0x64,0x11,0xCC,0xB0,0x64,0x11,0xCC,0xB0,0x64,0x11,0xCC,0xB0,0x64,0x11,0xCC,0xB0,0x64,0x11,0xCC,0xB0,0x64,0x11,0xCC,0xB0,0x64,0x11,0xCC,0xB0,0x64,0x11,0xCC,0xB0,0x64,0x11,0xCC,0xB0,0x64,0x11,0xCC,0xB0,0x64,0x11,0xCC,0xB0,0x64,0x11,0xCC,
    0xB0,0x64,0x11,0xCC,0xB0,0x64,0x11,0xCC,0xB0,0x64,0x11,0xCC,0xB0,0x64,0x11,0xCC,0xB0,0x64,0x11,0xCC,0xB0,0x64,0x11,0xCC,0xB0,0x64,0x11,0xCC,0xB0,0x64,0x11,0xCC,0xB0,0x64,0x11,0xCC,0xB0,0x64,0x11,0xCC,0xB0,0x64,0x11,0xCC,0xB0,0x64,0x11,0xCC,0xB0,0x64,0x11,0xCC,0xB0,0x64,0x11,0xCC,0xB0,0x64,0x11,0xCC,0xB0,0x64,0x11,0xCC,
    0xB0,0x64,0x11,0xCC,0xB0,0x64,0x11,0xCC,0xB0,0x64,0x11,0xCC,0xB0,0x64,0x11,0xCC,0xB0,0x64,0x11,0xCC,0xB0,0x64,0x11,0xCC,0xB0,0x64,0x11,0xCC,0xB0,0x64,0x11,0xCC,0xB0,0x64,0x11,0xCC,0xB0,0x64,0x11,0xCC,0xB0,0x64,0x11,0xCC,0xB0,0x64,0x11,0xCC,0xB0,0x64,0x11,0xCC,0xB0,0x64,0x11,0xCC,0xB0,0x64,0x11,0xCC,0xB0,0x64,0x11,0xCC,
    0xB0,0x64,0x11,0xCC,0xB0,0x64,0x11,0xCC,0xB0,0x64,0x11,0xCC,0xB0,0x64,0x11,0xCC,0xB0,0x65,0x11,0xCC,0xB0,0x65,0x11,0xCC,0xB0,0x65,0x11,0xCC,0xB2,0x64,0x13,0xCC,0xB2,0x64,0x13,0xCC,0xB2,0x65,0x13,0xCC,0xB2,0x65,0x14,0xCC,0xB2,0x66,0x14,0xCC,0xB2,0x66,0x14,0xCC,0xB3,0x66,0x16,0xCC,0xB4,0x68,0x16,0xCC,0xB7,0x69,0x19,0xCC,
    0xB7,0x6A,0x1A,0xCC,0xB9,0x6B,0x1D,0xCC,0xBC,0x6E,0x1F,0xCC,0xBE,0x70,0x22,0xCC,0xC1,0x73,0x24,0xCC,0xC4,0x75,0x28,0xCC,0xC8,0x78,0x2C,0xCC,0xCC,0x7C,0x31,0xCC,0xE6,0xBC,0x95,0xCC,0xF6,0xE6,0xD8,0xCC,0xF3,0xD7,0xBC,0xA4,0x00,0x00,0x00,0x00,0x00,0x00,0x00,0x00,0x00,0x00,0x00,0x00,0x00,0x00,0x00,0x00,0x00,0x00,0x00,0x00,
    0x00,0x00,0x00,0x00,0x00,0x00,0x00,0x00,0x00,0x00,0x00,0x00,0x00,0x00,0x00,0x00,0x00,0x00,0x00,0x00,0xE9,0xB9,0x8D,0x3A,0xF7,0xE6,0xD7,0xCB,0xF5,0xE5,0xD4,0xCC,0xD3,0x8F,0x4C,0xCC,0xCA,0x7B,0x2F,0xCC,0xC7,0x77,0x2A,0xCC,0xC3,0x74,0x27,0xCC,0xBF,0x70,0x24,0xCC,0xBD,0x6F,0x20,0xCC,0xBC,0x6D,0x1E,0xCC,0xB8,0x6B,0x1B,0xCC,
    0xB7,0x6A,0x19,0xCC,0xB5,0x69,0x18,0xCC,0xB4,0x68,0x16,0xCC,0xB3,0x66,0x15,0xCC,0xB2,0x66,0x14,0xCC,0xB2,0x66,0x14,0xCC,0xB2,0x65,0x14,0xCC,0xB2,0x65,0x13,0xCC,0xB2,0x64,0x13,0xCC,0xB2,0x64,0x13,0xCC,0xB0,0x65,0x11,0xCC,0xB0,0x65,0x11,0xCC,0xB0,0x65,0x11,0xCC,0xB0,0x64,0x11,0xCC,0xB0,0x64,0x11,0xCC,0xB0,0x64,0x11,0xCC,
    0xB0,0x64,0x11,0xCC,0xB0,0x64,0x11,0xCC,0xB0,0x64,0x11,0xCC,0xB0,0x64,0x11,0xCC,0xB0,0x64,0x11,0xCC,0xB0,0x64,0x11,0xCC,0xB0,0x64,0x11,0xCC,0xB0,0x64,0x11,0xCC,0xB0,0x64,0x11,0xCC,0xB0,0x64,0x11,0xCC,0xB0,0x64,0x11,0xCC,0xB0,0x64,0x11,0xCC,0xB0,0x64,0x11,0xCC,0xB0,0x64,0x11,0xCC,0xB0,0x64,0x11,0xCC,0xB0,0x64,0x11,0xCC,
    0xB0,0x64,0x11,0xCC,0xB0,0x64,0x11,0xCC,0xB0,0x64,0x11,0xCC,0xB0,0x64,0x11,0xCC,0xB0,0x64,0x11,0xCC,0xB0,0x64,0x11,0xCC,0xB0,0x64,0x11,0xCC,0xB0,0x64,0x11,0xCC,0xB0,0x64,0x11,0xCC,0xB0,0x64,0x11,0xCC,0xB0,0x64,0x11,0xCC,0xB0,0x64,0x11,0xCC,0xB0,0x64,0x11,0xCC,0xB0,0x64,0x11,0xCC,0xB0,0x64,0x11,0xCC,0xB0,0x64,0x11,0xCC,
    0xB0,0x64,0x11,0xCC,0xB0,0x64,0x11,0xCC,0xB0,0x64,0x11,0xCC,0xB0,0x64,0x11,0xCC,0xB0,0x64,0x11,0xCC,0xB0,0x64,0x11,0xCC,0xB0,0x64,0x11,0xCC,0xB0,0x64,0x11,0xCC,0xB0,0x64,0x11,0xCC,0xB0,0x64,0x11,0xCC,0xB0,0x64,0x11,0xCC,0xB0,0x64,0x11,0xCC,0xB0,0x64,0x11,0xCC,0xB0,0x64,0x11,0xCC,0xB0,0x64,0x11,0xCC,0xB0,0x64,0x11,0xCC,
    0xB0,0x64,0x11,0xCC,0xB0,0x64,0x11,0xCC,0xB0,0x64,0x11,0xCC,0xB0,0x64,0x11,0xCC,0xB0,0x64,0x11,0xCC,0xB0,0x64,0x11,0xCC,0xB0,0x64,0x11,0xCC,0xB0,0x64,0x11,0xCC,0xB0,0x64,0x11,0xCC,0xB0,0x64,0x11,0xCC,0xB0,0x64,0x11,0xCC,0xB0,0x64,0x11,0xCC,0xB0,0x64,0x11,0xCC,0xB0,0x64,0x11,0xCC,0xB0,0x64,0x11,0xCC,0xB0,0x64,0x11,0xCC,
    0xB0,0x64,0x11,0xCC,0xB0,0x64,0x11,0xCC,0xB0,0x64,0x11,0xCC,0xB0,0x64,0x11,0xCC,0xB0,0x64,0x11,0xCC,0xB0,0x64,0x11,0xCC,0xB0,0x64,0x11,0xCC,0xB0,0x64,0x11,0xCC,0xB0,0x64,0x11,0xCC,0xB0,0x64,0x11,0xCC,0xB0,0x64,0x11,0xCC,0xB0,0x64,0x11,0xCC,0xB0,0x64,0x11,0xCC,0xB0,0x64,0x11,0xCC,0xB0,0x64,0x11,0xCC,0xB0,0x64,0x11,0xCC,
    0xB0,0x64,0x11,0xCC,0xB0,0x64,0x11,0xCC,0xB0,0x64,0x11,0xCC,0xB0,0x64,0x11,0xCC,0xB0,0x64,0x11,0xCC,0xB0,0x64,0x11,0xCC,0xB0,0x64,0x11,0xCC,0xB0,0x64,0x11,0xCC,0xB0,0x64,0x11,0xCC,0xB0,0x64,0x11,0xCC,0xB0,0x64,0x11,0xCC,0xB0,0x64,0x11,0xCC,0xB0,0x64,0x11,0xCC,0xB0,0x64,0x11,0xCC,0xB0,0x64,0x11,0xCC,0xB0,0x64,0x11,0xCC,
    0xB0,0x64,0x11,0xCC,0xB0,0x64,0x11,0xCC,0xB0,0x64,0x11,0xCC,0xB0,0x65,0x11,0xCC,0xB0,0x65,0x11,0xCC,0xB0,0x65,0x11,0xCC,0xB2,0x64,0x13,0xCC,0xB2,0x64,0x13,0xCC,0xB2,0x65,0x13,0xCC,0xB2,0x65,0x14,0xCC,0xB2,0x66,0x14,0xCC,0xB2,0x66,0x14,0xCC,0xB3,0x66,0x15,0xCC,0xB4,0x68,0x16,0xCC,0xB5,0x69,0x18,0xCC,0xB7,0x6A,0x19,0xCC,
    0xB8,0x6B,0x1B,0xCC,0xBC,0x6D,0x1E,0xCC,0xBD,0x6F,0x20,0xCC,0xBF,0x70,0x24,0xCC,0xC3,0x74,0x27,0xCC,0xC7,0x77,0x2A,0xCC,0xCA,0x7B,0x2F,0xCC,0xD3,0x8F,0x4C,0xCC,0xF5,0xE5,0xD4,0xCC,0xF7,0xE6,0xD7,0xCB,0xE9,0xB9,0x8D,0x3A,0x00,0x00,0x00,0x00,0x00,0x00,0x00,0x00,0x00,0x00,0x00,0x00,0x00,0x00,0x00,0x00,0x00,0x00,0x00,0x00,
    0x00,0x00,0x00,0x00,0x00,0x00,0x00,0x00,0x00,0x00,0x00,0x00,0x00,0x00,0x00,0x00,0x00,0x00,0x00,0x00,0x00,0x00,0x00,0x00,0xF1,0xD3,0xB7,0x95,0xF6,0xE6,0xD8,0xCC,0xEB,0xC9,0xAA,0xCC,0xCC,0x7C,0x31,0xCC,0xC8,0x79,0x2D,0xCC,0xC4,0x75,0x29,0xCC,0xC2,0x73,0x25,0xCC,0xBF,0x70,0x22,0xCC,0xBC,0x6E,0x1F,0xCC,0xBA,0x6B,0x1D,0xCC,
    0xB8,0x6A,0x1A,0xCC,0xB7,0x6A,0x1A,0xCC,0xB5,0x68,0x18,0xCC,0xB4,0x68,0x16,0xCC,0xB3,0x66,0x15,0xCC,0xB2,0x66,0x14,0xCC,0xB2,0x66,0x14,0xCC,0xB2,0x65,0x14,0xCC,0xB2,0x65,0x13,0xCC,0xB2,0x64,0x13,0xCC,0xB2,0x64,0x13,0xCC,0xB0,0x65,0x11,0xCC,0xB0,0x65,0x11,0xCC,0xB0,0x65,0x11,0xCC,0xB0,0x64,0x11,0xCC,0xB0,0x64,0x11,0xCC,
    0xB0,0x64,0x11,0xCC,0xB0,0x64,0x11,0xCC,0xB0,0x64,0x11,0xCC,0xB0,0x64,0x11,0xCC,0xB0,0x64,0x11,0xCC,0xB0,0x64,0x11,0xCC,0xB0,0x64,0x11,0xCC,0xB0,0x64,0x11,0xCC,0xB0,0x64,0x11,0xCC,0xB0,0x64,0x11,0xCC,0xB0,0x64,0x11,0xCC,0xB0,0x64,0x11,0xCC,0xB0,0x64,0x11,0xCC,0xB0,0x64,0x11,0xCC,0xB0,0x64,0x11,0xCC,0xB0,0x64,0x11,0xCC,
    0xB0,0x64,0x11,0xCC,0xB0,0x64,0x11,0xCC,0xB0,0x64,0x11,0xCC,0xB0,0x64,0x11,0xCC,0xB0,0x64,0x11,0xCC,0xB0,0x64,0x11,0xCC,0xB0,0x64,0x11,0xCC,0xB0,0x64,0x11,0xCC,0xB0,0x64,0x11,0xCC,0xB0,0x64,0x11,0xCC,0xB0,0x64,0x11,0xCC,0xB0,0x64,0x11,0xCC,0xB0,0x64,0x11,0xCC,0xB0,0x64,0x11,0xCC,0xB0,0x64,0x11,0xCC,0xB0,0x64,0x11,0xCC,
    0xB0,0x64,0x11,0xCC,0xB0,0x64,0x11,0xCC,0xB0,0x64,0x11,0xCC,0xB0,0x64,0x11,0xCC,0xB0,0x64,0x11,0xCC,0xB0,0x64,0x11,0xCC,0xB0,0x64,0x11,0xCC,0xB0,0x64,0x11,0xCC,0xB0,0x64,0x11,0xCC,0xB0,0x64,0x11,0xCC,0xB0,0x64,0x11,0xCC,0xB0,0x64,0x11,0xCC,0xB0,0x64,0x11,0xCC,0xB0,0x64,0x11,0xCC,0xB0,0x64,0x11,0xCC,0xB0,0x64,0x11,0xCC,
    0xB0,0x64,0x11,0xCC,0xB0,0x64,0x11,0xCC,0xB0,0x64,0x11,0xCC,0xB0,0x64,0x11,0xCC,0xB0,0x64,0x11,0xCC,0xB0,0x64,0x11,0xCC,0xB0,0x64,0x11,0xCC,0xB0,0x64,0x11,0xCC,0xB0,0x64,0x11,0xCC,0xB0,0x64,0x11,0xCC,0xB0,0x64,0x11,0xCC,0xB0,0x64,0x11,0xCC,0xB0,0x64,0x11,0xCC,0xB0,0x64,0x11,0xCC,0xB0,0x64,0x11,0xCC,0xB0,0x64,0x11,0xCC,
    0xB0,0x64,0x11,0xCC,0xB0,0x64,0x11,0xCC,0xB0,0x64,0x11,0xCC,0xB0,0x64,0x11,0xCC,0xB0,0x64,0x11,0xCC,0xB0,0x64,0x11,0xCC,0xB0,0x64,0x11,0xCC,0xB0,0x64,0x11,0xCC,0xB0,0x64,0x11,0xCC,0xB0,0x64,0x11,0xCC,0xB0,0x64,0x11,0xCC,0xB0,0x64,0x11,0xCC,0xB0,0x64,0x11,0xCC,0xB0,0x64,0x11,0xCC,0xB0,0x64,0x11,0xCC,0xB0,0x64,0x11,0xCC,
    0xB0,0x64,0x11,0xCC,0xB0,0x64,0x11,0xCC,0xB0,0x64,0x11,0xCC,0xB0,0x64,0x11,0xCC,0xB0,0x64,0x11,0xCC,0xB0,0x64,0x11,0xCC,0xB0,0x64,0x11,0xCC,0xB0,0x64,0x11,0xCC,0xB0,0x64,0x11,0xCC,0xB0,0x64,0x11,0xCC,0xB0,0x64,0x11,0xCC,0xB0,0x64,0x11,0xCC,0xB0,0x64,0x11,0xCC,0xB0,0x64,0x11,0xCC,0xB0,0x64,0x11,0xCC,0xB0,0x64,0x11,0xCC,
    0xB0,0x64,0x11,0xCC,0xB0,0x64,0x11,0xCC,0xB0,0x65,0x11,0xCC,0xB0,0x65,0x11,0xCC,0xB0,0x65,0x11,0xCC,0xB2,0x64,0x13,0xCC,0xB2,0x64,0x13,0xCC,0xB2,0x65,0x13,0xCC,0xB2,0x65,0x14,0xCC,0xB2,0x66,0x14,0xCC,0xB2,0x66,0x14,0xCC,0xB3,0x66,0x15,0xCC,0xB4,0x68,0x16,0xCC,0xB5,0x68,0x18,0xCC,0xB7,0x6A,0x1A,0xCC,0xB8,0x6A,0x1A,0xCC,
    0xBA,0x6B,0x1D,0xCC,0xBC,0x6E,0x1F,0xCC,0xBF,0x70,0x22,0xCC,0xC2,0x73,0x25,0xCC,0xC4,0x75,0x29,0xCC,0xC8,0x79,0x2D,0xCC,0xCC,0x7C,0x31,0xCC,0xEB,0xC9,0xAA,0xCC,0xF6,0xE6,0xD8,0xCC,0xF1,0xD3,0xB7,0x95,0x00,0x00,0x00,0x00,0x00,0x00,0x00,0x00,0x00,0x00,0x00,0x00,0x00,0x00,0x00,0x00,0x00,0x00,0x00,0x00,0x00,0x00,0x00,0x00,
    0x00,0x00,0x00,0x00,0x00,0x00,0x00,0x00,0x00,0x00,0x00,0x00,0x00,0x00,0x00,0x00,0x00,0x00,0x00,0x00,0x00,0x00,0x00,0x00,0xEA,0xB3,0x8A,0x25,0xF6,0xE3,0xD1,0xC7,0xF6,0xE6,0xD7,0xCC,0xDB,0xA1,0x6A,0xCC,0xCA,0x7B,0x2F,0xCC,0xC7,0x78,0x2C,0xCC,0xC4,0x75,0x28,0xCC,0xC1,0x72,0x24,0xCC,0xBE,0x70,0x22,0xCC,0xBC,0x6D,0x1E,0xCC,
    0xBA,0x6B,0x1D,0xCC,0xB8,0x6A,0x1A,0xCC,0xB7,0x69,0x19,0xCC,0xB5,0x69,0x18,0xCC,0xB4,0x66,0x16,0xCC,0xB3,0x66,0x15,0xCC,0xB2,0x66,0x14,0xCC,0xB2,0x66,0x14,0xCC,0xB2,0x65,0x14,0xCC,0xB2,0x65,0x13,0xCC,0xB2,0x64,0x13,0xCC,0xB2,0x64,0x13,0xCC,0xB0,0x65,0x11,0xCC,0xB0,0x65,0x11,0xCC,0xB0,0x65,0x11,0xCC,0xB0,0x64,0x11,0xCC,
    0xB0,0x64,0x11,0xCC,0xB0,0x64,0x11,0xCC,0xB0,0x64,0x11,0xCC,0xB0,0x64,0x11,0xCC,0xB0,0x64,0x11,0xCC,0xB0,0x64,0x11,0xCC,0xB0,0x64,0x11,0xCC,0xB0,0x64,0x11,0xCC,0xB0,0x64,0x11,0xCC,0xB0,0x64,0x11,0xCC,0xB0,0x64,0x11,0xCC,0xB0,0x64,0x11,0xCC,0xB0,0x64,0x11,0xCC,0xB0,0x64,0x11,0xCC,0xB0,0x64,0x11,0xCC,0xB0,0x64,0x11,0xCC,
    0xB0,0x64,0x11,0xCC,0xB0,0x64,0x11,0xCC,0xB0,0x64,0x11,0xCC,0xB0,0x64,0x11,0xCC,0xB0,0x64,0x11,0xCC,0xB0,0x64,0x11,0xCC,0xB0,0x64,0x11,0xCC,0xB0,0x64,0x11,0xCC,0xB0,0x64,0x11,0xCC,0xB0,0x64,0x11,0xCC,0xB0,0x64,0x11,0xCC,0xB0,0x64,0x11,0xCC,0xB0,0x64,0x11,0xCC,0xB0,0x64,0x11,0xCC,0xB0,0x64,0x11,0xCC,0xB0,0x64,0x11,0xCC,
    0xB0,0x64,0x11,0xCC,0xB0,0x64,0x11,0xCC,0xB0,0x64,0x11,0xCC,0xB0,0x64,0x11,0xCC,0xB0,0x64,0x11,0xCC,0xB0,0x64,0x11,0xCC,0xB0,0x64,0x11,0xCC,0xB0,0x64,0x11,0xCC,0xB0,0x64,0x11,0xCC,0xB0,0x64,0x11,0xCC,0xB0,0x64,0x11,0xCC,0xB0,0x64,0x11,0xCC,0xB0,0x64,0x11,0xCC,0xB0,0x64,0x11,0xCC,0xB0,0x64,0x11,0xCC,0xB0,0x64,0x11,0xCC,
    0xB0,0x64,0x11,0xCC,0xB0,0x64,0x11,0xCC,0xB0,0x64,0x11,0xCC,0xB0,0x64,0x11,0xCC,0xB0,0x64,0x11,0xCC,0xB0,0x64,0x11,0xCC,0xB0,0x64,0x11,0xCC,0xB0,0x64,0x11,0xCC,0xB0,0x64,0x11,0xCC,0xB0,0x64,0x11,0xCC,0xB0,0x64,0x11,0xCC,0xB0,0x64,0x11,0xCC,0xB0,0x64,0x11,0xCC,0xB0,0x64,0x11,0xCC,0xB0,0x64,0x11,0xCC,0xB0,0x64,0x11,0xCC,
    0xB0,0x64,0x11,0xCC,0xB0,0x64,0x11,0xCC,0xB0,0x64,0x11,0xCC,0xB0,0x64,0x11,0xCC,0xB0,0x64,0x11,0xCC,0xB0,0x64,0x11,0xCC,0xB0,0x64,0x11,0xCC,0xB0,0x64,0x11,0xCC,0xB0,0x64,0x11,0xCC,0xB0,0x64,0x11,0xCC,0xB0,0x64,0x11,0xCC,0xB0,0x64,0x11,0xCC,0xB0,0x64,0x11,0xCC,0xB0,0x64,0x11,0xCC,0xB0,0x64,0x11,0xCC,0xB0,0x64,0x11,0xCC,
    0xB0,0x64,0x11,0xCC,0xB0,0x64,0x11,0xCC,0xB0,0x64,0x11,0xCC,0xB0,0x64,0x11,0xCC,0xB0,0x64,0x11,0xCC,0xB0,0x64,0x11,0xCC,0xB0,0x64,0x11,0xCC,0xB0,0x64,0x11,0xCC,0xB0,0x64,0x11,0xCC,0xB0,0x64,0x11,0xCC,0xB0,0x64,0x11,0xCC,0xB0,0x64,0x11,0xCC,0xB0,0x64,0x11,0xCC,0xB0,0x64,0x11,0xCC,0xB0,0x64,0x11,0xCC,0xB0,0x64,0x11,0xCC,
    0xB0,0x64,0x11,0xCC,0xB0,0x65,0x11,0xCC,0xB0,0x65,0x11,0xCC,0xB0,0x65,0x11,0xCC,0xB2,0x64,0x13,0xCC,0xB2,0x64,0x13,0xCC,0xB2,0x65,0x13,0xCC,0xB2,0x65,0x14,0xCC,0xB2,0x66,0x14,0xCC,0xB2,0x66,0x14,0xCC,0xB3,0x66,0x15,0xCC,0xB4,0x66,0x16,0xCC,0xB5,0x69,0x18,0xCC,0xB7,0x69,0x19,0xCC,0xB8,0x6A,0x1A,0xCC,0xBA,0x6B,0x1D,0xCC,
    0xBC,0x6D,0x1E,0xCC,0xBE,0x70,0x22,0xCC,0xC1,0x72,0x24,0xCC,0xC4,0x75,0x28,0xCC,0xC7,0x78,0x2C,0xCC,0xCA,0x7B,0x2F,0xCC,0xDB,0xA1,0x6A,0xCC,0xF6,0xE6,0xD7,0xCC,0xF6,0xE3,0xD1,0xC7,0xEA,0xB3,0x8A,0x25,0x00,0x00,0x00,0x00,0x00,0x00,0x00,0x00,0x00,0x00,0x00,0x00,0x00,0x00,0x00,0x00,0x00,0x00,0x00,0x00,0x00,0x00,0x00,0x00,
    0x00,0x00,0x00,0x00,0x00,0x00,0x00,0x00,0x00,0x00,0x00,0x00,0x00,0x00,0x00,0x00,0x00,0x00,0x00,0x00,0x00,0x00,0x00,0x00,0x00,0x00,0x00,0x00,0xF0,0xCD,0xAE,0x75,0xF8,0xE6,0xD8,0xCC,0xF3,0xDC,0xC7,0xCC,0xD1,0x86,0x40,0xCC,0xC9,0x79,0x2E,0xCC,0xC6,0x77,0x2A,0xCC,0xC3,0x74,0x27,0xCC,0xC1,0x72,0x24,0xCC,0xBD,0x6F,0x20,0xCC,
    0xBC,0x6E,0x1E,0xCC,0xB9,0x6B,0x1B,0xCC,0xB7,0x6A,0x1A,0xCC,0xB7,0x69,0x19,0xCC,0xB5,0x68,0x16,0xCC,0xB4,0x66,0x16,0xCC,0xB3,0x66,0x15,0xCC,0xB2,0x66,0x14,0xCC,0xB2,0x66,0x14,0xCC,0xB2,0x65,0x14,0xCC,0xB2,0x65,0x13,0xCC,0xB2,0x64,0x13,0xCC,0xB2,0x64,0x13,0xCC,0xB0,0x65,0x11,0xCC,0xB0,0x65,0x11,0xCC,0xB0,0x65,0x11,0xCC,
    0xB0,0x64,0x11,0xCC,0xB0,0x64,0x11,0xCC,0xB0,0x64,0x11,0xCC,0xB0,0x64,0x11,0xCC,0xB0,0x64,0x11,0xCC,0xB0,0x64,0x11,0xCC,0xB0,0x64,0x11,0xCC,0xB0,0x64,0x11,0xCC,0xB0,0x64,0x11,0xCC,0xB0,0x64,0x11,0xCC,0xB0,0x64,0x11,0xCC,0xB0,0x64,0x11,0xCC,0xB0,0x64,0x11,0xCC,0xB0,0x64,0x11,0xCC,0xB0,0x64,0x11,0xCC,0xB0,0x64,0x11,0xCC,
    0xB0,0x64,0x11,0xCC,0xB0,0x64,0x11,0xCC,0xB0,0x64,0x11,0xCC,0xB0,0x64,0x11,0xCC,0xB0,0x64,0x11,0xCC,0xB0,0x64,0x11,0xCC,0xB0,0x64,0x11,0xCC,0xB0,0x64,0x11,0xCC,0xB0,0x64,0x11,0xCC,0xB0,0x64,0x11,0xCC,0xB0,0x64,0x11,0xCC,0xB0,0x64,0x11,0xCC,0xB0,0x64,0x11,0xCC,0xB0,0x64,0x11,0xCC,0xB0,0x64,0x11,0xCC,0xB0,0x64,0x11,0xCC,
    0xB0,0x64,0x11,0xCC,0xB0,0x64,0x11,0xCC,0xB0,0x64,0x11,0xCC,0xB0,0x64,0x11,0xCC,0xB0,0x64,0x11,0xCC,0xB0,0x64,0x11,0xCC,0xB0,0x64,0x11,0xCC,0xB0,0x64,0x11,0xCC,0xB0,0x64,0x11,0xCC,0xB0,0x64,0x11,0xCC,0xB0,0x64,0x11,0xCC,0xB0,0x64,0x11,0xCC,0xB0,0x64,0x11,0xCC,0xB0,0x64,0x11,0xCC,0xB0,0x64,0x11,0xCC,0xB0,0x64,0x11,0xCC,
    0xB0,0x64,0x11,0xCC,0xB0,0x64,0x11,0xCC,0xB0,0x64,0x11,0xCC,0xB0,0x64,0x11,0xCC,0xB0,0x64,0x11,0xCC,0xB0,0x64,0x11,0xCC,0xB0,0x64,0x11,0xCC,0xB0,0x64,0x11,0xCC,0xB0,0x64,0x11,0xCC,0xB0,0x64,0x11,0xCC,0xB0,0x64,0x11,0xCC,0xB0,0x64,0x11,0xCC,0xB0,0x64,0x11,0xCC,0xB0,0x64,0x11,0xCC,0xB0,0x64,0x11,0xCC,0xB0,0x64,0x11,0xCC,
    0xB0,0x64,0x11,0xCC,0xB0,0x64,0x11,0xCC,0xB0,0x64,0x11,0xCC,0xB0,0x64,0x11,0xCC,0xB0,0x64,0x11,0xCC,0xB0,0x64,0x11,0xCC,0xB0,0x64,0x11,0xCC,0xB0,0x64,0x11,0xCC,0xB0,0x64,0x11,0xCC,0xB0,0x64,0x11,0xCC,0xB0,0x64,0x11,0xCC,0xB0,0x64,0x11,0xCC,0xB0,0x64,0x11,0xCC,0xB0,0x64,0x11,0xCC,0xB0,0x64,0x11,0xCC,0xB0,0x64,0x11,0xCC,
    0xB0,0x64,0x11,0xCC,0xB0,0x64,0x11,0xCC,0xB0,0x64,0x11,0xCC,0xB0,0x64,0x11,0xCC,0xB0,0x64,0x11,0xCC,0xB0,0x64,0x11,0xCC,0xB0,0x64,0x11,0xCC,0xB0,0x64,0x11,0xCC,0xB0,0x64,0x11,0xCC,0xB0,0x64,0x11,0xCC,0xB0,0x64,0x11,0xCC,0xB0,0x64,0x11,0xCC,0xB0,0x64,0x11,0xCC,0xB0,0x64,0x11,0xCC,0xB0,0x64,0x11,0xCC,0xB0,0x64,0x11,0xCC,
    0xB0,0x65,0x11,0xCC,0xB0,0x65,0x11,0xCC,0xB0,0x65,0x11,0xCC,0xB2,0x64,0x13,0xCC,0xB2,0x64,0x13,0xCC,0xB2,0x65,0x13,0xCC,0xB2,0x65,0x14,0xCC,0xB2,0x66,0x14,0xCC,0xB2,0x66,0x14,0xCC,0xB3,0x66,0x15,0xCC,0xB4,0x66,0x16,0xCC,0xB5,0x68,0x16,0xCC,0xB7,0x69,0x19,0xCC,0xB7,0x6A,0x1A,0xCC,0xB9,0x6B,0x1B,0xCC,0xBC,0x6E,0x1E,0xCC,
    0xBD,0x6F,0x20,0xCC,0xC1,0x72,0x24,0xCC,0xC3,0x74,0x27,0xCC,0xC6,0x77,0x2A,0xCC,0xC9,0x79,0x2E,0xCC,0xD1,0x86,0x40,0xCC,0xF3,0xDC,0xC7,0xCC,0xF8,0xE6,0xD8,0xCC,0xF0,0xCD,0xAE,0x75,0x00,0x00,0x00,0x00,0x00,0x00,0x00,0x00,0x00,0x00,0x00,0x00,0x00,0x00,0x00,0x00,0x00,0x00,0x00,0x00,0x00,0x00,0x00,0x00,0x00,0x00,0x00,0x00,
    0x00,0x00,0x00,0x00,0x00,0x00,0x00,0x00,0x00,0x00,0x00,0x00,0x00,0x00,0x00,0x00,0x00,0x00,0x00,0x00,0x00,0x00,0x00,0x00,0x00,0x00,0x00,0x00,0xDF,0x80,0x20,0x08,0xF4,0xD9,0xC4,0xB4,0xF6,0xE6,0xD8,0xCC,0xE7,0xC2,0x9E,0xCC,0xCC,0x7C,0x31,0xCC,0xC8,0x79,0x2D,0xCC,0xC6,0x75,0x29,0xCC,0xC2,0x73,0x27,0xCC,0xBF,0x70,0x23,0xCC,
    0xBD,0x6F,0x20,0xCC,0xBC,0x6D,0x1E,0xCC,0xB9,0x6B,0x1B,0xCC,0xB7,0x6A,0x1A,0xCC,0xB7,0x69,0x19,0xCC,0xB5,0x68,0x16,0xCC,0xB4,0x66,0x16,0xCC,0xB3,0x66,0x15,0xCC,0xB2,0x66,0x14,0xCC,0xB2,0x66,0x14,0xCC,0xB2,0x65,0x14,0xCC,0xB2,0x65,0x13,0xCC,0xB2,0x64,0x13,0xCC,0xB2,0x64,0x13,0xCC,0xB0,0x65,0x11,0xCC,0xB0,0x65,0x11,0xCC,
    0xB0,0x65,0x11,0xCC,0xB0,0x65,0x11,0xCC,0xB0,0x65,0x11,0xCC,0xB0,0x64,0x11,0xCC,0xB0,0x64,0x11,0xCC,0xB0,0x64,0x11,0xCC,0xB0,0x64,0x11,0xCC,0xB0,0x64,0x11,0xCC,0xB0,0x64,0x11,0xCC,0xB0,0x64,0x11,0xCC,0xB0,0x64,0x11,0xCC,0xB0,0x64,0x11,0xCC,0xB0,0x64,0x11,0xCC,0xB0,0x64,0x11,0xCC,0xB0,0x64,0x11,0xCC,0xB0,0x64,0x11,0xCC,
    0xB0,0x64,0x11,0xCC,0xB0,0x64,0x11,0xCC,0xB0,0x64,0x11,0xCC,0xB0,0x64,0x11,0xCC,0xB0,0x64,0x11,0xCC,0xB0,0x64,0x11,0xCC,0xB0,0x64,0x11,0xCC,0xB0,0x64,0x11,0xCC,0xB0,0x64,0x11,0xCC,0xB0,0x64,0x11,0xCC,0xB0,0x64,0x11,0xCC,0xB0,0x64,0x11,0xCC,0xB0,0x64,0x11,0xCC,0xB0,0x64,0x11,0xCC,0xB0,0x64,0x11,0xCC,0xB0,0x64,0x11,0xCC,
    0xB0,0x64,0x11,0xCC,0xB0,0x64,0x11,0xCC,0xB0,0x64,0x11,0xCC,0xB0,0x64,0x11,0xCC,0xB0,0x64,0x11,0xCC,0xB0,0x64,0x11,0xCC,0xB0,0x64,0x11,0xCC,0xB0,0x64,0x11,0xCC,0xB0,0x64,0x11,0xCC,0xB0,0x64,0x11,0xCC,0xB0,0x64,0x11,0xCC,0xB0,0x64,0x11,0xCC,0xB0,0x64,0x11,0xCC,0xB0,0x64,0x11,0xCC,0xB0,0x64,0x11,0xCC,0xB0,0x64,0x11,0xCC,
    0xB0,0x64,0x11,0xCC,0xB0,0x64,0x11,0xCC,0xB0,0x64,0x11,0xCC,0xB0,0x64,0x11,0xCC,0xB0,0x64,0x11,0xCC,0xB0,0x64,0x11,0xCC,0xB0,0x64,0x11,0xCC,0xB0,0x64,0x11,0xCC,0xB0,0x64,0x11,0xCC,0xB0,0x64,0x11,0xCC,0xB0,0x64,0x11,0xCC,0xB0,0x64,0x11,0xCC,0xB0,0x64,0x11,0xCC,0xB0,0x64,0x11,0xCC,0xB0,0x64,0x11,0xCC,0xB0,0x64,0x11,0xCC,
    0xB0,0x64,0x11,0xCC,0xB0,0x64,0x11,0xCC,0xB0,0x64,0x11,0xCC,0xB0,0x64,0x11,0xCC,0xB0,0x64,0x11,0xCC,0xB0,0x64,0x11,0xCC,0xB0,0x64,0x11,0xCC,0xB0,0x64,0x11,0xCC,0xB0,0x64,0x11,0xCC,0xB0,0x64,0x11,0xCC,0xB0,0x64,0x11,0xCC,0xB0,0x64,0x11,0xCC,0xB0,0x64,0x11,0xCC,0xB0,0x64,0x11,0xCC,0xB0,0x64,0x11,0xCC,0xB0,0x64,0x11,0xCC,
    0xB0,0x64,0x11,0xCC,0xB0,0x64,0x11,0xCC,0xB0,0x64,0x11,0xCC,0xB0,0x64,0x11,0xCC,0xB0,0x64,0x11,0xCC,0xB0,0x64,0x11,0xCC,0xB0,0x64,0x11,0xCC,0xB0,0x64,0x11,0xCC,0xB0,0x64,0x11,0xCC,0xB0,0x64,0x11,0xCC,0xB0,0x64,0x11,0xCC,0xB0,0x64,0x11,0xCC,0xB0,0x64,0x11,0xCC,0xB0,0x65,0x11,0xCC,0xB0,0x65,0x11,0xCC,0xB0,0x65,0x11,0xCC,
    0xB0,0x65,0x11,0xCC,0xB0,0x65,0x11,0xCC,0xB2,0x64,0x13,0xCC,0xB2,0x64,0x13,0xCC,0xB2,0x65,0x13,0xCC,0xB2,0x65,0x14,0xCC,0xB2,0x66,0x14,0xCC,0xB2,0x66,0x14,0xCC,0xB3,0x66,0x15,0xCC,0xB4,0x66,0x16,0xCC,0xB5,0x68,0x16,0xCC,0xB7,0x69,0x19,0xCC,0xB7,0x6A,0x1A,0xCC,0xB9,0x6B,0x1B,0xCC,0xBC,0x6D,0x1E,0xCC,0xBD,0x6F,0x20,0xCC,
    0xBF,0x70,0x23,0xCC,0xC2,0x73,0x27,0xCC,0xC6,0x75,0x29,0xCC,0xC8,0x79,0x2D,0xCC,0xCC,0x7C,0x31,0xCC,0xE7,0xC2,0x9E,0xCC,0xF6,0xE6,0xD8,0xCC,0xF4,0xD9,0xC4,0xB4,0xDF,0x80,0x20,0x08,0x00,0x00,0x00,0x00,0x00,0x00,0x00,0x00,0x00,0x00,0x00,0x00,0x00,0x00,0x00,0x00,0x00,0x00,0x00,0x00,0x00,0x00,0x00,0x00,0x00,0x00,0x00,0x00,
    0x00,0x00,0x00,0x00,0x00,0x00,0x00,0x00,0x00,0x00,0x00,0x00,0x00,0x00,0x00,0x00,0x00,0x00,0x00,0x00,0x00,0x00,0x00,0x00,0x00,0x00,0x00,0x00,0x00,0x00,0x00,0x00,0xEB,0xB8,0x8F,0x32,0xF6,0xE2,0xD1,0xC9,0xF6,0xE6,0xD7,0xCC,0xDE,0xA8,0x75,0xCC,0xCC,0x7C,0x31,0xCC,0xC8,0x78,0x2D,0xCC,0xC4,0x75,0x29,0xCC,0xC2,0x73,0x25,0xCC,
    0xBF,0x70,0x23,0xCC,0xBD,0x6E,0x1F,0xCC,0xBC,0x6D,0x1E,0xCC,0xB9,0x6B,0x1B,0xCC,0xB7,0x6A,0x1A,0xCC,0xB7,0x69,0x19,0xCC,0xB5,0x68,0x16,0xCC,0xB4,0x66,0x16,0xCC,0xB3,0x66,0x15,0xCC,0xB2,0x66,0x14,0xCC,0xB2,0x66,0x14,0xCC,0xB2,0x65,0x14,0xCC,0xB2,0x65,0x13,0xCC,0xB2,0x65,0x13,0xCC,0xB2,0x64,0x13,0xCC,0xB0,0x64,0x11,0xCC,
    0xB0,0x65,0x11,0xCC,0xB0,0x65,0x11,0xCC,0xB0,0x65,0x11,0xCC,0xB0,0x65,0x11,0xCC,0xB0,0x64,0x11,0xCC,0xB0,0x64,0x11,0xCC,0xB0,0x64,0x11,0xCC,0xB0,0x64,0x11,0xCC,0xB0,0x64,0x11,0xCC,0xB0,0x64,0x11,0xCC,0xB0,0x64,0x11,0xCC,0xB0,0x64,0x11,0xCC,0xB0,0x64,0x11,0xCC,0xB0,0x64,0x11,0xCC,0xB0,0x64,0x11,0xCC,0xB0,0x64,0x11,0xCC,
    0xB0,0x64,0x11,0xCC,0xB0,0x64,0x11,0xCC,0xB0,0x64,0x11,0xCC,0xB0,0x64,0x11,0xCC,0xB0,0x64,0x11,0xCC,0xB0,0x64,0x11,0xCC,0xB0,0x64,0x11,0xCC,0xB0,0x64,0x11,0xCC,0xB0,0x64,0x11,0xCC,0xB0,0x64,0x11,0xCC,0xB0,0x64,0x11,0xCC,0xB0,0x64,0x11,0xCC,0xB0,0x64,0x11,0xCC,0xB0,0x64,0x11,0xCC,0xB0,0x64,0x11,0xCC,0xB0,0x64,0x11,0xCC,
    0xB0,0x64,0x11,0xCC,0xB0,0x64,0x11,0xCC,0xB0,0x64,0x11,0xCC,0xB0,0x64,0x11,0xCC,0xB0,0x64,0x11,0xCC,0xB0,0x64,0x11,0xCC,0xB0,0x64,0x11,0xCC,0xB0,0x64,0x11,0xCC,0xB0,0x64,0x11,0xCC,0xB0,0x64,0x11,0xCC,0xB0,0x64,0x11,0xCC,0xB0,0x64,0x11,0xCC,0xB0,0x64,0x11,0xCC,0xB0,0x64,0x11,0xCC,0xB0,0x64,0x11,0xCC,0xB0,0x64,0x11,0xCC,
    0xB0,0x64,0x11,0xCC,0xB0,0x64,0x11,0xCC,0xB0,0x64,0x11,0xCC,0xB0,0x64,0x11,0xCC,0xB0,0x64,0x11,0xCC,0xB0,0x64,0x11,0xCC,0xB0,0x64,0x11,0xCC,0xB0,0x64,0x11,0xCC,0xB0,0x64,0x11,0xCC,0xB0,0x64,0x11,0xCC,0xB0,0x64,0x11,0xCC,0xB0,0x64,0x11,0xCC,0xB0,0x64,0x11,0xCC,0xB0,0x64,0x11,0xCC,0xB0,0x64,0x11,0xCC,0xB0,0x64,0x11,0xCC,
    0xB0,0x64,0x11,0xCC,0xB0,0x64,0x11,0xCC,0xB0,0x64,0x11,0xCC,0xB0,0x64,0x11,0xCC,0xB0,0x64,0x11,0xCC,0xB0,0x64,0x11,0xCC,0xB0,0x64,0x11,0xCC,0xB0,0x64,0x11,0xCC,0xB0,0x64,0x11,0xCC,0xB0,0x64,0x11,0xCC,0xB0,0x64,0x11,0xCC,0xB0,0x64,0x11,0xCC,0xB0,0x64,0x11,0xCC,0xB0,0x64,0x11,0xCC,0xB0,0x64,0x11,0xCC,0xB0,0x64,0x11,0xCC,
    0xB0,0x64,0x11,0xCC,0xB0,0x64,0x11,0xCC,0xB0,0x64,0x11,0xCC,0xB0,0x64,0x11,0xCC,0xB0,0x64,0x11,0xCC,0xB0,0x64,0x11,0xCC,0xB0,0x64,0x11,0xCC,0xB0,0x64,0x11,0xCC,0xB0,0x64,0x11,0xCC,0xB0,0x64,0x11,0xCC,0xB0,0x64,0x11,0xCC,0xB0,0x64,0x11,0xCC,0xB0,0x65,0x11,0xCC,0xB0,0x65,0x11,0xCC,0xB0,0x65,0x11,0xCC,0xB0,0x65,0x11,0xCC,
    0xB0,0x64,0x11,0xCC,0xB2,0x64,0x13,0xCC,0xB2,0x65,0x13,0xCC,0xB2,0x65,0x13,0xCC,0xB2,0x65,0x14,0xCC,0xB2,0x66,0x14,0xCC,0xB2,0x66,0x14,0xCC,0xB3,0x66,0x15,0xCC,0xB4,0x66,0x16,0xCC,0xB5,0x68,0x16,0xCC,0xB7,0x69,0x19,0xCC,0xB7,0x6A,0x1A,0xCC,0xB9,0x6B,0x1B,0xCC,0xBC,0x6D,0x1E,0xCC,0xBD,0x6E,0x1F,0xCC,0xBF,0x70,0x23,0xCC,
    0xC2,0x73,0x25,0xCC,0xC4,0x75,0x29,0xCC,0xC8,0x78,0x2D,0xCC,0xCC,0x7C,0x31,0xCC,0xDE,0xA8,0x75,0xCC,0xF6,0xE6,0xD7,0xCC,0xF6,0xE2,0xD1,0xC9,0xEB,0xB8,0x8F,0x32,0x00,0x00,0x00,0x00,0x00,0x00,0x00,0x00,0x00,0x00,0x00,0x00,0x00,0x00,0x00,0x00,0x00,0x00,0x00,0x00,0x00,0x00,0x00,0x00,0x00,0x00,0x00,0x00,0x00,0x00,0x00,0x00,
    0x00,0x00,0x00,0x00,0x00,0x00,0x00,0x00,0x00,0x00,0x00,0x00,0x00,0x00,0x00,0x00,0x00,0x00,0x00,0x00,0x00,0x00,0x00,0x00,0x00,0x00,0x00,0x00,0x00,0x00,0x00,0x00,0x00,0x00,0x00,0x00,0xEF,0xCC,0xAA,0x72,0xF8,0xE7,0xD8,0xCC,0xF4,0xE1,0xCF,0xCC,0xD4,0x8F,0x4D,0xCC,0xCA,0x7B,0x2F,0xCC,0xC7,0x78,0x2C,0xCC,0xC4,0x75,0x28,0xCC,
    0xC1,0x73,0x25,0xCC,0xBF,0x70,0x22,0xCC,0xBC,0x6E,0x1F,0xCC,0xBC,0x6D,0x1E,0xCC,0xB9,0x6B,0x1B,0xCC,0xB7,0x69,0x19,0xCC,0xB7,0x69,0x18,0xCC,0xB5,0x68,0x16,0xCC,0xB4,0x66,0x16,0xCC,0xB3,0x66,0x15,0xCC,0xB2,0x66,0x14,0xCC,0xB2,0x66,0x14,0xCC,0xB2,0x65,0x14,0xCC,0xB2,0x65,0x14,0xCC,0xB2,0x65,0x13,0xCC,0xB2,0x65,0x13,0xCC,
    0xB2,0x64,0x13,0xCC,0xB2,0x64,0x13,0xCC,0xB0,0x65,0x11,0xCC,0xB0,0x65,0x11,0xCC,0xB0,0x65,0x11,0xCC,0xB0,0x65,0x11,0xCC,0xB0,0x64,0x11,0xCC,0xB0,0x64,0x11,0xCC,0xB0,0x64,0x11,0xCC,0xB0,0x64,0x11,0xCC,0xB0,0x64,0x11,0xCC,0xB0,0x64,0x11,0xCC,0xB0,0x64,0x11,0xCC,0xB0,0x64,0x11,0xCC,0xB0,0x64,0x11,0xCC,0xB0,0x64,0x11,0xCC,
    0xB0,0x64,0x11,0xCC,0xB0,0x64,0x11,0xCC,0xB0,0x64,0x11,0xCC,0xB0,0x64,0x11,0xCC,0xB0,0x64,0x11,0xCC,0xB0,0x64,0x11,0xCC,0xB0,0x64,0x11,0xCC,0xB0,0x64,0x11,0xCC,0xB0,0x64,0x11,0xCC,0xB0,0x64,0x11,0xCC,0xB0,0x64,0x11,0xCC,0xB0,0x64,0x11,0xCC,0xB0,0x64,0x11,0xCC,0xB0,0x64,0x11,0xCC,0xB0,0x64,0x11,0xCC,0xB0,0x64,0x11,0xCC,
    0xB0,0x64,0x11,0xCC,0xB0,0x64,0x11,0xCC,0xB0,0x64,0x11,0xCC,0xB0,0x64,0x11,0xCC,0xB0,0x64,0x11,0xCC,0xB0,0x64,0x11,0xCC,0xB0,0x64,0x11,0xCC,0xB0,0x64,0x11,0xCC,0xB0,0x64,0x11,0xCC,0xB0,0x64,0x11,0xCC,0xB0,0x64,0x11,0xCC,0xB0,0x64,0x11,0xCC,0xB0,0x64,0x11,0xCC,0xB0,0x64,0x11,0xCC,0xB0,0x64,0x11,0xCC,0xB0,0x64,0x11,0xCC,
    0xB0,0x64,0x11,0xCC,0xB0,0x64,0x11,0xCC,0xB0,0x64,0x11,0xCC,0xB0,0x64,0x11,0xCC,0xB0,0x64,0x11,0xCC,0xB0,0x64,0x11,0xCC,0xB0,0x64,0x11,0xCC,0xB0,0x64,0x11,0xCC,0xB0,0x64,0x11,0xCC,0xB0,0x64,0x11,0xCC,0xB0,0x64,0x11,0xCC,0xB0,0x64,0x11,0xCC,0xB0,0x64,0x11,0xCC,0xB0,0x64,0x11,0xCC,0xB0,0x64,0x11,0xCC,0xB0,0x64,0x11,0xCC,
    0xB0,0x64,0x11,0xCC,0xB0,0x64,0x11,0xCC,0xB0,0x64,0x11,0xCC,0xB0,0x64,0x11,0xCC,0xB0,0x64,0x11,0xCC,0xB0,0x64,0x11,0xCC,0xB0,0x64,0x11,0xCC,0xB0,0x64,0x11,0xCC,0xB0,0x64,0x11,0xCC,0xB0,0x64,0x11,0xCC,0xB0,0x64,0x11,0xCC,0xB0,0x64,0x11,0xCC,0xB0,0x64,0x11,0xCC,0xB0,0x64,0x11,0xCC,0xB0,0x64,0x11,0xCC,0xB0,0x64,0x11,0xCC,
    0xB0,0x64,0x11,0xCC,0xB0,0x64,0x11,0xCC,0xB0,0x64,0x11,0xCC,0xB0,0x64,0x11,0xCC,0xB0,0x64,0x11,0xCC,0xB0,0x64,0x11,0xCC,0xB0,0x64,0x11,0xCC,0xB0,0x64,0x11,0xCC,0xB0,0x64,0x11,0xCC,0xB0,0x64,0x11,0xCC,0xB0,0x65,0x11,0xCC,0xB0,0x65,0x11,0xCC,0xB0,0x65,0x11,0xCC,0xB0,0x65,0x11,0xCC,0xB2,0x64,0x13,0xCC,0xB2,0x64,0x13,0xCC,
    0xB2,0x65,0x13,0xCC,0xB2,0x65,0x13,0xCC,0xB2,0x65,0x14,0xCC,0xB2,0x65,0x14,0xCC,0xB2,0x66,0x14,0xCC,0xB2,0x66,0x14,0xCC,0xB3,0x66,0x15,0xCC,0xB4,0x66,0x16,0xCC,0xB5,0x68,0x16,0xCC,0xB7,0x69,0x18,0xCC,0xB7,0x69,0x19,0xCC,0xB9,0x6B,0x1B,0xCC,0xBC,0x6D,0x1E,0xCC,0xBC,0x6E,0x1F,0xCC,0xBF,0x70,0x22,0xCC,0xC1,0x73,0x25,0xCC,
    0xC4,0x75,0x28,0xCC,0xC7,0x78,0x2C,0xCC,0xCA,0x7B,0x2F,0xCC,0xD4,0x8F,0x4D,0xCC,0xF4,0xE1,0xCF,0xCC,0xF8,0xE7,0xD8,0xCC,0xEF,0xCC,0xAA,0x72,0x00,0x00,0x00,0x00,0x00,0x00,0x00,0x00,0x00,0x00,0x00,0x00,0x00,0x00,0x00,0x00,0x00,0x00,0x00,0x00,0x00,0x00,0x00,0x00,0x00,0x00,0x00,0x00,0x00,0x00,0x00,0x00,0x00,0x00,0x00,0x00,
    0x00,0x00,0x00,0x00,0x00,0x00,0x00,0x00,0x00,0x00,0x00,0x00,0x00,0x00,0x00,0x00,0x00,0x00,0x00,0x00,0x00,0x00,0x00,0x00,0x00,0x00,0x00,0x00,0x00,0x00,0x00,0x00,0x00,0x00,0x00,0x00,0xFF,0x00,0x00,0x01,0xF0,0xD4,0xB8,0x9A,0xF8,0xE6,0xD8,0xCC,0xF1,0xD8,0xC2,0xCC,0xD1,0x86,0x40,0xCC,0xCA,0x7B,0x2F,0xCC,0xC7,0x77,0x2A,0xCC,
    0xC4,0x75,0x28,0xCC,0xC1,0x72,0x25,0xCC,0xBF,0x70,0x22,0xCC,0xBC,0x6E,0x1F,0xCC,0xBC,0x6D,0x1E,0xCC,0xB9,0x6B,0x1B,0xCC,0xB7,0x6A,0x1A,0xCC,0xB7,0x69,0x19,0xCC,0xB5,0x68,0x18,0xCC,0xB4,0x68,0x16,0xCC,0xB3,0x66,0x15,0xCC,0xB3,0x66,0x15,0xCC,0xB2,0x66,0x14,0xCC,0xB2,0x66,0x14,0xCC,0xB2,0x65,0x14,0xCC,0xB2,0x65,0x14,0xCC,
    0xB2,0x65,0x13,0xCC,0xB2,0x64,0x13,0xCC,0xB2,0x64,0x13,0xCC,0xB2,0x64,0x13,0xCC,0xB0,0x65,0x11,0xCC,0xB0,0x65,0x11,0xCC,0xB0,0x65,0x11,0xCC,0xB0,0x64,0x11,0xCC,0xB0,0x64,0x11,0xCC,0xB0,0x64,0x11,0xCC,0xB0,0x64,0x11,0xCC,0xB0,0x64,0x11,0xCC,0xB0,0x64,0x11,0xCC,0xB0,0x64,0x11,0xCC,0xB0,0x64,0x11,0xCC,0xB0,0x64,0x11,0xCC,
    0xB0,0x64,0x11,0xCC,0xB0,0x64,0x11,0xCC,0xB0,0x64,0x11,0xCC,0xB0,0x64,0x11,0xCC,0xB0,0x64,0x11,0xCC,0xB0,0x64,0x11,0xCC,0xB0,0x64,0x11,0xCC,0xB0,0x64,0x11,0xCC,0xB0,0x64,0x11,0xCC,0xB0,0x64,0x11,0xCC,0xB0,0x64,0x11,0xCC,0xB0,0x64,0x11,0xCC,0xB0,0x64,0x11,0xCC,0xB0,0x64,0x11,0xCC,0xB0,0x64,0x11,0xCC,0xB0,0x64,0x11,0xCC,
    0xB0,0x64,0x11,0xCC,0xB0,0x64,0x11,0xCC,0xB0,0x64,0x11,0xCC,0xB0,0x64,0x11,0xCC,0xB0,0x64,0x11,0xCC,0xB0,0x64,0x11,0xCC,0xB0,0x64,0x11,0xCC,0xB0,0x64,0x11,0xCC,0xB0,0x64,0x11,0xCC,0xB0,0x64,0x11,0xCC,0xB0,0x64,0x11,0xCC,0xB0,0x64,0x11,0xCC,0xB0,0x64,0x11,0xCC,0xB0,0x64,0x11,0xCC,0xB0,0x64,0x11,0xCC,0xB0,0x64,0x11,0xCC,
    0xB0,0x64,0x11,0xCC,0xB0,0x64,0x11,0xCC,0xB0,0x64,0x11,0xCC,0xB0,0x64,0x11,0xCC,0xB0,0x64,0x11,0xCC,0xB0,0x64,0x11,0xCC,0xB0,0x64,0x11,0xCC,0xB0,0x64,0x11,0xCC,0xB0,0x64,0x11,0xCC,0xB0,0x64,0x11,0xCC,0xB0,0x64,0x11,0xCC,0xB0,0x64,0x11,0xCC,0xB0,0x64,0x11,0xCC,0xB0,0x64,0x11,0xCC,0xB0,0x64,0x11,0xCC,0xB0,0x64,0x11,0xCC,
    0xB0,0x64,0x11,0xCC,0xB0,0x64,0x11,0xCC,0xB0,0x64,0x11,0xCC,0xB0,0x64,0x11,0xCC,0xB0,0x64,0x11,0xCC,0xB0,0x64,0x11,0xCC,0xB0,0x64,0x11,0xCC,0xB0,0x64,0x11,0xCC,0xB0,0x64,0x11,0xCC,0xB0,0x64,0x11,0xCC,0xB0,0x64,0x11,0xCC,0xB0,0x64,0x11,0xCC,0xB0,0x64,0x11,0xCC,0xB0,0x64,0x11,0xCC,0xB0,0x64,0x11,0xCC,0xB0,0x64,0x11,0xCC,
    0xB0,0x64,0x11,0xCC,0xB0,0x64,0x11,0xCC,0xB0,0x64,0x11,0xCC,0xB0,0x64,0x11,0xCC,0xB0,0x64,0x11,0xCC,0xB0,0x64,0x11,0xCC,0xB0,0x64,0x11,0xCC,0xB0,0x64,0x11,0xCC,0xB0,0x64,0x11,0xCC,0xB0,0x65,0x11,0xCC,0xB0,0x65,0x11,0xCC,0xB0,0x65,0x11,0xCC,0xB2,0x64,0x13,0xCC,0xB2,0x64,0x13,0xCC,0xB2,0x64,0x13,0xCC,0xB2,0x65,0x13,0xCC,
    0xB2,0x65,0x14,0xCC,0xB2,0x65,0x14,0xCC,0xB2,0x66,0x14,0xCC,0xB2,0x66,0x14,0xCC,0xB3,0x66,0x15,0xCC,0xB3,0x66,0x15,0xCC,0xB4,0x68,0x16,0xCC,0xB5,0x68,0x18,0xCC,0xB7,0x69,0x19,0xCC,0xB7,0x6A,0x1A,0xCC,0xB9,0x6B,0x1B,0xCC,0xBC,0x6D,0x1E,0xCC,0xBC,0x6E,0x1F,0xCC,0xBF,0x70,0x22,0xCC,0xC1,0x72,0x25,0xCC,0xC4,0x75,0x28,0xCC,
    0xC7,0x77,0x2A,0xCC,0xCA,0x7B,0x2F,0xCC,0xD1,0x86,0x40,0xCC,0xF1,0xD8,0xC2,0xCC,0xF8,0xE6,0xD8,0xCC,0xF0,0xD4,0xB8,0x9A,0xFF,0x00,0x00,0x01,0x00,0x00,0x00,0x00,0x00,0x00,0x00,0x00,0x00,0x00,0x00,0x00,0x00,0x00,0x00,0x00,0x00,0x00,0x00,0x00,0x00,0x00,0x00,0x00,0x00,0x00,0x00,0x00,0x00,0x00,0x00,0x00,0x00,0x00,0x00,0x00,
    0x00,0x00,0x00,0x00,0x00,0x00,0x00,0x00,0x00,0x00,0x00,0x00,0x00,0x00,0x00,0x00,0x00,0x00,0x00,0x00,0x00,0x00,0x00,0x00,0x00,0x00,0x00,0x00,0x00,0x00,0x00,0x00,0x00,0x00,0x00,0x00,0x00,0x00,0x00,0x00,0xE0,0xA3,0x70,0x19,0xF5,0xDD,0xC9,0xB9,0xF6,0xE6,0xD8,0xCC,0xEC,0xCE,0xB2,0xCC,0xCE,0x80,0x37,0xCC,0xC9,0x7B,0x2E,0xCC,
    0xC6,0x77,0x2A,0xCC,0xC4,0x75,0x28,0xCC,0xC1,0x72,0x25,0xCC,0xBF,0x70,0x22,0xCC,0xBC,0x6E,0x1F,0xCC,0xBC,0x6D,0x1E,0xCC,0xB9,0x6B,0x1B,0xCC,0xB7,0x6A,0x1A,0xCC,0xB7,0x69,0x19,0xCC,0xB5,0x68,0x18,0xCC,0xB4,0x68,0x16,0xCC,0xB3,0x66,0x16,0xCC,0xB3,0x66,0x15,0xCC,0xB2,0x66,0x14,0xCC,0xB2,0x66,0x14,0xCC,0xB2,0x65,0x14,0xCC,
    0xB2,0x65,0x14,0xCC,0xB2,0x65,0x13,0xCC,0xB2,0x65,0x13,0xCC,0xB2,0x65,0x13,0xCC,0xB2,0x64,0x13,0xCC,0xB0,0x64,0x11,0xCC,0xB0,0x65,0x11,0xCC,0xB0,0x65,0x11,0xCC,0xB0,0x65,0x11,0xCC,0xB0,0x65,0x11,0xCC,0xB0,0x65,0x11,0xCC,0xB0,0x64,0x11,0xCC,0xB0,0x64,0x11,0xCC,0xB0,0x64,0x11,0xCC,0xB0,0x64,0x11,0xCC,0xB0,0x64,0x11,0xCC,
    0xB0,0x64,0x11,0xCC,0xB0,0x64,0x11,0xCC,0xB0,0x64,0x11,0xCC,0xB0,0x64,0x11,0xCC,0xB0,0x64,0x11,0xCC,0xB0,0x64,0x11,0xCC,0xB0,0x64,0x11,0xCC,0xB0,0x64,0x11,0xCC,0xB0,0x64,0x11,0xCC,0xB0,0x64,0x11,0xCC,0xB0,0x64,0x11,0xCC,0xB0,0x64,0x11,0xCC,0xB0,0x64,0x11,0xCC,0xB0,0x64,0x11,0xCC,0xB0,0x64,0x11,0xCC,0xB0,0x64,0x11,0xCC,
    0xB0,0x64,0x11,0xCC,0xB0,0x64,0x11,0xCC,0xB0,0x64,0x11,0xCC,0xB0,0x64,0x11,0xCC,0xB0,0x64,0x11,0xCC,0xB0,0x64,0x11,0xCC,0xB0,0x64,0x11,0xCC,0xB0,0x64,0x11,0xCC,0xB0,0x64,0x11,0xCC,0xB0,0x64,0x11,0xCC,0xB0,0x64,0x11,0xCC,0xB0,0x64,0x11,0xCC,0xB0,0x64,0x11,0xCC,0xB0,0x64,0x11,0xCC,0xB0,0x64,0x11,0xCC,0xB0,0x64,0x11,0xCC,
    0xB0,0x64,0x11,0xCC,0xB0,0x64,0x11,0xCC,0xB0,0x64,0x11,0xCC,0xB0,0x64,0x11,0xCC,0xB0,0x64,0x11,0xCC,0xB0,0x64,0x11,0xCC,0xB0,0x64,0x11,0xCC,0xB0,0x64,0x11,0xCC,0xB0,0x64,0x11,0xCC,0xB0,0x64,0x11,0xCC,0xB0,0x64,0x11,0xCC,0xB0,0x64,0x11,0xCC,0xB0,0x64,0x11,0xCC,0xB0,0x64,0x11,0xCC,0xB0,0x64,0x11,0xCC,0xB0,0x64,0x11,0xCC,
    0xB0,0x64,0x11,0xCC,0xB0,0x64,0x11,0xCC,0xB0,0x64,0x11,0xCC,0xB0,0x64,0x11,0xCC,0xB0,0x64,0x11,0xCC,0xB0,0x64,0x11,0xCC,0xB0,0x64,0x11,0xCC,0xB0,0x64,0x11,0xCC,0xB0,0x64,0x11,0xCC,0xB0,0x64,0x11,0xCC,0xB0,0x64,0x11,0xCC,0xB0,0x64,0x11,0xCC,0xB0,0x64,0x11,0xCC,0xB0,0x64,0x11,0xCC,0xB0,0x64,0x11,0xCC,0xB0,0x64,0x11,0xCC,
    0xB0,0x64,0x11,0xCC,0xB0,0x64,0x11,0xCC,0xB0,0x64,0x11,0xCC,0xB0,0x64,0x11,0xCC,0xB0,0x64,0x11,0xCC,0xB0,0x65,0x11,0xCC,0xB0,0x65,0x11,0xCC,0xB0,0x65,0x11,0xCC,0xB0,0x65,0x11,0xCC,0xB0,0x65,0x11,0xCC,0xB0,0x64,0x11,0xCC,0xB2,0x64,0x13,0xCC,0xB2,0x65,0x13,0xCC,0xB2,0x65,0x13,0xCC,0xB2,0x65,0x13,0xCC,0xB2,0x65,0x14,0xCC,
    0xB2,0x65,0x14,0xCC,0xB2,0x66,0x14,0xCC,0xB2,0x66,0x14,0xCC,0xB3,0x66,0x15,0xCC,0xB3,0x66,0x16,0xCC,0xB4,0x68,0x16,0xCC,0xB5,0x68,0x18,0xCC,0xB7,0x69,0x19,0xCC,0xB7,0x6A,0x1A,0xCC,0xB9,0x6B,0x1B,0xCC,0xBC,0x6D,0x1E,0xCC,0xBC,0x6E,0x1F,0xCC,0xBF,0x70,0x22,0xCC,0xC1,0x72,0x25,0xCC,0xC4,0x75,0x28,0xCC,0xC6,0x77,0x2A,0xCC,
    0xC9,0x7B,0x2E,0xCC,0xCE,0x80,0x37,0xCC,0xEC,0xCE,0xB2,0xCC,0xF6,0xE6,0xD8,0xCC,0xF5,0xDD,0xC9,0xB9,0xE0,0xA3,0x70,0x19,0x00,0x00,0x00,0x00,0x00,0x00,0x00,0x00,0x00,0x00,0x00,0x00,0x00,0x00,0x00,0x00,0x00,0x00,0x00,0x00,0x00,0x00,0x00,0x00,0x00,0x00,0x00,0x00,0x00,0x00,0x00,0x00,0x00,0x00,0x00,0x00,0x00,0x00,0x00,0x00,
    0x00,0x00,0x00,0x00,0x00,0x00,0x00,0x00,0x00,0x00,0x00,0x00,0x00,0x00,0x00,0x00,0x00,0x00,0x00,0x00,0x00,0x00,0x00,0x00,0x00,0x00,0x00,0x00,0x00,0x00,0x00,0x00,0x00,0x00,0x00,0x00,0x00,0x00,0x00,0x00,0x00,0x00,0x00,0x00,0xEC,0xBF,0x93,0x28,0xF6,0xE0,0xCE,0xC4,0xF6,0xE6,0xD8,0xCC,0xE7,0xC2,0x9E,0xCC,0xCD,0x7D,0x32,0xCC,
    0xC9,0x7B,0x2E,0xCC,0xC6,0x77,0x2A,0xCC,0xC4,0x75,0x28,0xCC,0xC1,0x72,0x25,0xCC,0xBF,0x70,0x22,0xCC,0xBD,0x6F,0x1F,0xCC,0xBC,0x6D,0x1E,0xCC,0xB9,0x6B,0x1B,0xCC,0xB8,0x6A,0x1A,0xCC,0xB7,0x6A,0x1A,0xCC,0xB5,0x69,0x18,0xCC,0xB4,0x68,0x16,0xCC,0xB4,0x66,0x16,0xCC,0xB3,0x66,0x15,0xCC,0xB3,0x66,0x15,0xCC,0xB2,0x66,0x14,0xCC,
    0xB2,0x66,0x14,0xCC,0xB2,0x65,0x14,0xCC,0xB2,0x65,0x14,0xCC,0xB2,0x65,0x14,0xCC,0xB2,0x65,0x13,0xCC,0xB2,0x65,0x13,0xCC,0xB2,0x64,0x13,0xCC,0xB2,0x64,0x13,0xCC,0xB2,0x64,0x13,0xCC,0xB0,0x65,0x11,0xCC,0xB0,0x65,0x11,0xCC,0xB0,0x65,0x11,0xCC,0xB0,0x65,0x11,0xCC,0xB0,0x65,0x11,0xCC,0xB0,0x65,0x11,0xCC,0xB0,0x65,0x11,0xCC,
    0xB0,0x65,0x11,0xCC,0xB0,0x65,0x11,0xCC,0xB0,0x65,0x11,0xCC,0xB0,0x65,0x11,0xCC,0xB0,0x65,0x11,0xCC,0xB0,0x65,0x11,0xCC,0xB0,0x65,0x11,0xCC,0xB0,0x65,0x11,0xCC,0xB0,0x65,0x11,0xCC,0xB0,0x65,0x11,0xCC,0xB0,0x65,0x11,0xCC,0xB0,0x65,0x11,0xCC,0xB0,0x65,0x11,0xCC,0xB0,0x65,0x11,0xCC,0xB0,0x65,0x11,0xCC,0xB0,0x65,0x11,0xCC,
    0xB0,0x65,0x11,0xCC,0xB0,0x65,0x11,0xCC,0xB0,0x65,0x11,0xCC,0xB0,0x65,0x11,0xCC,0xB0,0x65,0x11,0xCC,0xB0,0x65,0x11,0xCC,0xB0,0x65,0x11,0xCC,0xB0,0x65,0x11,0xCC,0xB0,0x65,0x11,0xCC,0xB0,0x65,0x11,0xCC,0xB0,0x65,0x11,0xCC,0xB0,0x65,0x11,0xCC,0xB0,0x65,0x11,0xCC,0xB0,0x65,0x11,0xCC,0xB0,0x65,0x11,0xCC,0xB0,0x65,0x11,0xCC,
    0xB0,0x65,0x11,0xCC,0xB0,0x65,0x11,0xCC,0xB0,0x65,0x11,0xCC,0xB0,0x65,0x11,0xCC,0xB0,0x65,0x11,0xCC,0xB0,0x65,0x11,0xCC,0xB0,0x65,0x11,0xCC,0xB0,0x65,0x11,0xCC,0xB0,0x65,0x11,0xCC,0xB0,0x65,0x11,0xCC,0xB0,0x65,0x11,0xCC,0xB0,0x65,0x11,0xCC,0xB0,0x65,0x11,0xCC,0xB0,0x65,0x11,0xCC,0xB0,0x65,0x11,0xCC,0xB0,0x65,0x11,0xCC,
    0xB0,0x65,0x11,0xCC,0xB0,0x65,0x11,0xCC,0xB0,0x65,0x11,0xCC,0xB0,0x65,0x11,0xCC,0xB0,0x65,0x11,0xCC,0xB0,0x65,0x11,0xCC,0xB0,0x65,0x11,0xCC,0xB0,0x65,0x11,0xCC,0xB0,0x65,0x11,0xCC,0xB0,0x65,0x11,0xCC,0xB0,0x65,0x11,0xCC,0xB0,0x65,0x11,0xCC,0xB0,0x65,0x11,0xCC,0xB0,0x65,0x11,0xCC,0xB0,0x65,0x11,0xCC,0xB0,0x65,0x11,0xCC,
    0xB0,0x65,0x11,0xCC,0xB0,0x65,0x11,0xCC,0xB0,0x65,0x11,0xCC,0xB0,0x65,0x11,0xCC,0xB0,0x65,0x11,0xCC,0xB0,0x65,0x11,0xCC,0xB0,0x65,0x11,0xCC,0xB2,0x64,0x13,0xCC,0xB2,0x64,0x13,0xCC,0xB2,0x64,0x13,0xCC,0xB2,0x65,0x13,0xCC,0xB2,0x65,0x13,0xCC,0xB2,0x65,0x14,0xCC,0xB2,0x65,0x14,0xCC,0xB2,0x65,0x14,0xCC,0xB2,0x66,0x14,0xCC,
    0xB2,0x66,0x14,0xCC,0xB3,0x66,0x15,0xCC,0xB3,0x66,0x15,0xCC,0xB4,0x66,0x16,0xCC,0xB4,0x68,0x16,0xCC,0xB5,0x69,0x18,0xCC,0xB7,0x6A,0x1A,0xCC,0xB8,0x6A,0x1A,0xCC,0xB9,0x6B,0x1B,0xCC,0xBC,0x6D,0x1E,0xCC,0xBD,0x6F,0x1F,0xCC,0xBF,0x70,0x22,0xCC,0xC1,0x72,0x25,0xCC,0xC4,0x75,0x28,0xCC,0xC6,0x77,0x2A,0xCC,0xC9,0x7B,0x2E,0xCC,
    0xCD,0x7D,0x32,0xCC,0xE7,0xC2,0x9E,0xCC,0xF6,0xE6,0xD8,0xCC,0xF6,0xE0,0xCE,0xC4,0xEC,0xBF,0x93,0x28,0x00,0x00,0x00,0x00,0x00,0x00,0x00,0x00,0x00,0x00,0x00,0x00,0x00,0x00,0x00,0x00,0x00,0x00,0x00,0x00,0x00,0x00,0x00,0x00,0x00,0x00,0x00,0x00,0x00,0x00,0x00,0x00,0x00,0x00,0x00,0x00,0x00,0x00,0x00,0x00,0x00,0x00,0x00,0x00,
    0x00,0x00,0x00,0x00,0x00,0x00,0x00,0x00,0x00,0x00,0x00,0x00,0x00,0x00,0x00,0x00,0x00,0x00,0x00,0x00,0x00,0x00,0x00,0x00,0x00,0x00,0x00,0x00,0x00,0x00,0x00,0x00,0x00,0x00,0x00,0x00,0x00,0x00,0x00,0x00,0x00,0x00,0x00,0x00,0x00,0x00,0x00,0x00,0xE6,0xB8,0x8E,0x3D,0xF6,0xE2,0xD0,0xC8,0xF6,0xE6,0xD7,0xCC,0xE6,0xBC,0x94,0xCC,
    0xCD,0x7D,0x32,0xCC,0xC9,0x7B,0x2E,0xCC,0xC7,0x77,0x2A,0xCC,0xC4,0x75,0x28,0xCC,0xC1,0x73,0x25,0xCC,0xBF,0x70,0x23,0xCC,0xBD,0x6F,0x20,0xCC,0xBC,0x6E,0x1E,0xCC,0xBA,0x6B,0x1D,0xCC,0xB8,0x6B,0x1B,0xCC,0xB7,0x6A,0x19,0xCC,0xB7,0x69,0x19,0xCC,0xB5,0x68,0x16,0xCC,0xB4,0x68,0x16,0xCC,0xB3,0x66,0x16,0xCC,0xB3,0x66,0x15,0xCC,
    0xB2,0x66,0x14,0xCC,0xB2,0x66,0x14,0xCC,0xB2,0x66,0x14,0xCC,0xB2,0x65,0x14,0xCC,0xB2,0x65,0x14,0xCC,0xB2,0x65,0x14,0xCC,0xB2,0x65,0x13,0xCC,0xB2,0x65,0x13,0xCC,0xB2,0x65,0x13,0xCC,0xB2,0x64,0x13,0xCC,0xB2,0x64,0x13,0xCC,0xB2,0x64,0x13,0xCC,0xB2,0x64,0x13,0xCC,0xB0,0x64,0x11,0xCC,0xB0,0x64,0x11,0xCC,0xB0,0x64,0x11,0xCC,
    0xB0,0x64,0x11,0xCC,0xB0,0x64,0x11,0xCC,0xB0,0x64,0x11,0xCC,0xB0,0x64,0x11,0xCC,0xB0,0x64,0x11,0xCC,0xB0,0x64,0x11,0xCC,0xB0,0x64,0x11,0xCC,0xB0,0x64,0x11,0xCC,0xB0,0x64,0x11,0xCC,0xB0,0x64,0x11,0xCC,0xB0,0x64,0x11,0xCC,0xB0,0x64,0x11,0xCC,0xB0,0x64,0x11,0xCC,0xB0,0x64,0x11,0xCC,0xB0,0x64,0x11,0xCC,0xB0,0x64,0x11,0xCC,
    0xB0,0x64,0x11,0xCC,0xB0,0x64,0x11,0xCC,0xB0,0x64,0x11,0xCC,0xB0,0x64,0x11,0xCC,0xB0,0x64,0x11,0xCC,0xB0,0x64,0x11,0xCC,0xB0,0x64,0x11,0xCC,0xB0,0x64,0x11,0xCC,0xB0,0x64,0x11,0xCC,0xB0,0x64,0x11,0xCC,0xB0,0x64,0x11,0xCC,0xB0,0x64,0x11,0xCC,0xB0,0x64,0x11,0xCC,0xB0,0x64,0x11,0xCC,0xB0,0x64,0x11,0xCC,0xB0,0x64,0x11,0xCC,
    0xB0,0x64,0x11,0xCC,0xB0,0x64,0x11,0xCC,0xB0,0x64,0x11,0xCC,0xB0,0x64,0x11,0xCC,0xB0,0x64,0x11,0xCC,0xB0,0x64,0x11,0xCC,0xB0,0x64,0x11,0xCC,0xB0,0x64,0x11,0xCC,0xB0,0x64,0x11,0xCC,0xB0,0x64,0x11,0xCC,0xB0,0x64,0x11,0xCC,0xB0,0x64,0x11,0xCC,0xB0,0x64,0x11,0xCC,0xB0,0x64,0x11,0xCC,0xB0,0x64,0x11,0xCC,0xB0,0x64,0x11,0xCC,
    0xB0,0x64,0x11,0xCC,0xB0,0x64,0x11,0xCC,0xB0,0x64,0x11,0xCC,0xB0,0x64,0x11,0xCC,0xB0,0x64,0x11,0xCC,0xB0,0x64,0x11,0xCC,0xB0,0x64,0x11,0xCC,0xB0,0x64,0x11,0xCC,0xB0,0x64,0x11,0xCC,0xB0,0x64,0x11,0xCC,0xB0,0x64,0x11,0xCC,0xB0,0x64,0x11,0xCC,0xB0,0x64,0x11,0xCC,0xB0,0x64,0x11,0xCC,0xB0,0x64,0x11,0xCC,0xB0,0x64,0x11,0xCC,
    0xB0,0x64,0x11,0xCC,0xB0,0x64,0x11,0xCC,0xB0,0x64,0x11,0xCC,0xB2,0x64,0x13,0xCC,0xB2,0x64,0x13,0xCC,0xB2,0x64,0x13,0xCC,0xB2,0x64,0x13,0xCC,0xB2,0x65,0x13,0xCC,0xB2,0x65,0x13,0xCC,0xB2,0x65,0x13,0xCC,0xB2,0x65,0x14,0xCC,0xB2,0x65,0x14,0xCC,0xB2,0x65,0x14,0xCC,0xB2,0x66,0x14,0xCC,0xB2,0x66,0x14,0xCC,0xB2,0x66,0x14,0xCC,
    0xB3,0x66,0x15,0xCC,0xB3,0x66,0x16,0xCC,0xB4,0x68,0x16,0xCC,0xB5,0x68,0x16,0xCC,0xB7,0x69,0x19,0xCC,0xB7,0x6A,0x19,0xCC,0xB8,0x6B,0x1B,0xCC,0xBA,0x6B,0x1D,0xCC,0xBC,0x6E,0x1E,0xCC,0xBD,0x6F,0x20,0xCC,0xBF,0x70,0x23,0xCC,0xC1,0x73,0x25,0xCC,0xC4,0x75,0x28,0xCC,0xC7,0x77,0x2A,0xCC,0xC9,0x7B,0x2E,0xCC,0xCD,0x7D,0x32,0xCC,
    0xE6,0xBC,0x94,0xCC,0xF6,0xE6,0xD7,0xCC,0xF6,0xE2,0xD0,0xC8,0xE6,0xB8,0x8E,0x3D,0x00,0x00,0x00,0x00,0x00,0x00,0x00,0x00,0x00,0x00,0x00,0x00,0x00,0x00,0x00,0x00,0x00,0x00,0x00,0x00,0x00,0x00,0x00,0x00,0x00,0x00,0x00,0x00,0x00,0x00,0x00,0x00,0x00,0x00,0x00,0x00,0x00,0x00,0x00,0x00,0x00,0x00,0x00,0x00,0x00,0x00,0x00,0x00,
    0x00,0x00,0x00,0x00,0x00,0x00,0x00,0x00,0x00,0x00,0x00,0x00,0x00,0x00,0x00,0x00,0x00,0x00,0x00,0x00,0x00,0x00,0x00,0x00,0x00,0x00,0x00,0x00,0x00,0x00,0x00,0x00,0x00,0x00,0x00,0x00,0x00,0x00,0x00,0x00,0x00,0x00,0x00,0x00,0x00,0x00,0x00,0x00,0x00,0x00,0x00,0x00,0xE8,0xBB,0x91,0x4F,0xF6,0xE3,0xD3,0xC9,0xF6,0xE6,0xD7,0xCC,
    0xE6,0xBC,0x94,0xCC,0xCD,0x7D,0x32,0xCC,0xC9,0x7B,0x2E,0xCC,0xC7,0x77,0x2A,0xCC,0xC4,0x75,0x28,0xCC,0xC2,0x73,0x25,0xCC,0xBF,0x70,0x23,0xCC,0xBD,0x6F,0x20,0xCC,0xBC,0x6E,0x1F,0xCC,0xBA,0x6B,0x1D,0xCC,0xB8,0x6B,0x1B,0xCC,0xB7,0x6A,0x1A,0xCC,0xB7,0x69,0x19,0xCC,0xB5,0x69,0x18,0xCC,0xB5,0x68,0x16,0xCC,0xB4,0x66,0x16,0xCC,
    0xB3,0x66,0x16,0xCC,0xB3,0x66,0x15,0xCC,0xB2,0x66,0x15,0xCC,0xB2,0x66,0x14,0xCC,0xB2,0x66,0x14,0xCC,0xB2,0x65,0x14,0xCC,0xB2,0x65,0x14,0xCC,0xB2,0x65,0x14,0xCC,0xB2,0x65,0x14,0xCC,0xB2,0x65,0x14,0xCC,0xB2,0x65,0x13,0xCC,0xB2,0x65,0x13,0xCC,0xB2,0x65,0x13,0xCC,0xB2,0x64,0x13,0xCC,0xB2,0x64,0x13,0xCC,0xB2,0x64,0x13,0xCC,
    0xB2,0x64,0x13,0xCC,0xB2,0x64,0x13,0xCC,0xB2,0x64,0x13,0xCC,0xB2,0x64,0x13,0xCC,0xB2,0x64,0x13,0xCC,0xB2,0x64,0x13,0xCC,0xB2,0x64,0x13,0xCC,0xB2,0x64,0x13,0xCC,0xB2,0x64,0x13,0xCC,0xB2,0x64,0x13,0xCC,0xB2,0x64,0x13,0xCC,0xB2,0x64,0x13,0xCC,0xB2,0x64,0x13,0xCC,0xB2,0x64,0x13,0xCC,0xB2,0x64,0x13,0xCC,0xB2,0x64,0x13,0xCC,
    0xB2,0x64,0x13,0xCC,0xB2,0x64,0x13,0xCC,0xB2,0x64,0x13,0xCC,0xB2,0x64,0x13,0xCC,0xB2,0x64,0x13,0xCC,0xB2,0x64,0x13,0xCC,0xB2,0x64,0x13,0xCC,0xB2,0x64,0x13,0xCC,0xB2,0x64,0x13,0xCC,0xB2,0x64,0x13,0xCC,0xB2,0x64,0x13,0xCC,0xB2,0x64,0x13,0xCC,0xB2,0x64,0x13,0xCC,0xB2,0x64,0x13,0xCC,0xB2,0x64,0x13,0xCC,0xB2,0x64,0x13,0xCC,
    0xB2,0x64,0x13,0xCC,0xB2,0x64,0x13,0xCC,0xB2,0x64,0x13,0xCC,0xB2,0x64,0x13,0xCC,0xB2,0x64,0x13,0xCC,0xB2,0x64,0x13,0xCC,0xB2,0x64,0x13,0xCC,0xB2,0x64,0x13,0xCC,0xB2,0x64,0x13,0xCC,0xB2,0x64,0x13,0xCC,0xB2,0x64,0x13,0xCC,0xB2,0x64,0x13,0xCC,0xB2,0x64,0x13,0xCC,0xB2,0x64,0x13,0xCC,0xB2,0x64,0x13,0xCC,0xB2,0x64,0x13,0xCC,
    0xB2,0x64,0x13,0xCC,0xB2,0x64,0x13,0xCC,0xB2,0x64,0x13,0xCC,0xB2,0x64,0x13,0xCC,0xB2,0x64,0x13,0xCC,0xB2,0x64,0x13,0xCC,0xB2,0x64,0x13,0xCC,0xB2,0x64,0x13,0xCC,0xB2,0x64,0x13,0xCC,0xB2,0x64,0x13,0xCC,0xB2,0x64,0x13,0xCC,0xB2,0x64,0x13,0xCC,0xB2,0x64,0x13,0xCC,0xB2,0x64,0x13,0xCC,0xB2,0x64,0x13,0xCC,0xB2,0x64,0x13,0xCC,
    0xB2,0x64,0x13,0xCC,0xB2,0x64,0x13,0xCC,0xB2,0x64,0x13,0xCC,0xB2,0x65,0x13,0xCC,0xB2,0x65,0x13,0xCC,0xB2,0x65,0x13,0xCC,0xB2,0x65,0x14,0xCC,0xB2,0x65,0x14,0xCC,0xB2,0x65,0x14,0xCC,0xB2,0x65,0x14,0xCC,0xB2,0x65,0x14,0xCC,0xB2,0x66,0x14,0xCC,0xB2,0x66,0x14,0xCC,0xB2,0x66,0x15,0xCC,0xB3,0x66,0x15,0xCC,0xB3,0x66,0x16,0xCC,
    0xB4,0x66,0x16,0xCC,0xB5,0x68,0x16,0xCC,0xB5,0x69,0x18,0xCC,0xB7,0x69,0x19,0xCC,0xB7,0x6A,0x1A,0xCC,0xB8,0x6B,0x1B,0xCC,0xBA,0x6B,0x1D,0xCC,0xBC,0x6E,0x1F,0xCC,0xBD,0x6F,0x20,0xCC,0xBF,0x70,0x23,0xCC,0xC2,0x73,0x25,0xCC,0xC4,0x75,0x28,0xCC,0xC7,0x77,0x2A,0xCC,0xC9,0x7B,0x2E,0xCC,0xCD,0x7D,0x32,0xCC,0xE6,0xBC,0x94,0xCC,
    0xF6,0xE6,0xD7,0xCC,0xF6,0xE3,0xD3,0xC9,0xE8,0xBB,0x91,0x4F,0x00,0x00,0x00,0x00,0x00,0x00,0x00,0x00,0x00,0x00,0x00,0x00,0x00,0x00,0x00,0x00,0x00,0x00,0x00,0x00,0x00,0x00,0x00,0x00,0x00,0x00,0x00,0x00,0x00,0x00,0x00,0x00,0x00,0x00,0x00,0x00,0x00,0x00,0x00,0x00,0x00,0x00,0x00,0x00,0x00,0x00,0x00,0x00,0x00,0x00,0x00,0x00,
    0x00,0x00,0x00,0x00,0x00,0x00,0x00,0x00,0x00,0x00,0x00,0x00,0x00,0x00,0x00,0x00,0x00,0x00,0x00,0x00,0x00,0x00,0x00,0x00,0x00,0x00,0x00,0x00,0x00,0x00,0x00,0x00,0x00,0x00,0x00,0x00,0x00,0x00,0x00,0x00,0x00,0x00,0x00,0x00,0x00,0x00,0x00,0x00,0x00,0x00,0x00,0x00,0x00,0x00,0x00,0x00,0xEA,0xBF,0x95,0x57,0xF6,0xE3,0xD3,0xC9,
    0xF6,0xE6,0xD7,0xCC,0xE7,0xC2,0x9E,0xCC,0xCE,0x80,0x37,0xCC,0xCA,0x7B,0x2F,0xCC,0xC7,0x78,0x2C,0xCC,0xC4,0x75,0x29,0xCC,0xC2,0x73,0x27,0xCC,0xC1,0x72,0x24,0xCC,0xBE,0x70,0x22,0xCC,0xBC,0x6E,0x1F,0xCC,0xBC,0x6D,0x1E,0xCC,0xB9,0x6B,0x1D,0xCC,0xB8,0x6B,0x1B,0xCC,0xB7,0x6A,0x1A,0xCC,0xB7,0x69,0x19,0xCC,0xB5,0x69,0x18,0xCC,
    0xB4,0x68,0x16,0xCC,0xB4,0x66,0x16,0xCC,0xB3,0x66,0x16,0xCC,0xB3,0x66,0x15,0xCC,0xB2,0x66,0x14,0xCC,0xB2,0x66,0x15,0xCC,0xB2,0x66,0x14,0xCC,0xB2,0x66,0x14,0xCC,0xB2,0x65,0x14,0xCC,0xB2,0x65,0x14,0xCC,0xB2,0x65,0x14,0xCC,0xB2,0x65,0x14,0xCC,0xB2,0x65,0x14,0xCC,0xB2,0x65,0x14,0xCC,0xB2,0x65,0x13,0xCC,0xB2,0x65,0x13,0xCC,
    0xB2,0x65,0x13,0xCC,0xB2,0x65,0x13,0xCC,0xB2,0x65,0x13,0xCC,0xB2,0x65,0x13,0xCC,0xB2,0x65,0x13,0xCC,0xB2,0x65,0x13,0xCC,0xB2,0x65,0x13,0xCC,0xB2,0x65,0x13,0xCC,0xB2,0x65,0x13,0xCC,0xB2,0x65,0x13,0xCC,0xB2,0x65,0x13,0xCC,0xB2,0x65,0x13,0xCC,0xB2,0x65,0x13,0xCC,0xB2,0x65,0x13,0xCC,0xB2,0x65,0x13,0xCC,0xB2,0x65,0x13,0xCC,
    0xB2,0x65,0x13,0xCC,0xB2,0x65,0x13,0xCC,0xB2,0x65,0x13,0xCC,0xB2,0x65,0x13,0xCC,0xB2,0x65,0x13,0xCC,0xB2,0x65,0x13,0xCC,0xB2,0x65,0x13,0xCC,0xB2,0x65,0x13,0xCC,0xB2,0x65,0x13,0xCC,0xB2,0x65,0x13,0xCC,0xB2,0x65,0x13,0xCC,0xB2,0x65,0x13,0xCC,0xB2,0x65,0x13,0xCC,0xB2,0x65,0x13,0xCC,0xB2,0x65,0x13,0xCC,0xB2,0x65,0x13,0xCC,
    0xB2,0x65,0x13,0xCC,0xB2,0x65,0x13,0xCC,0xB2,0x65,0x13,0xCC,0xB2,0x65,0x13,0xCC,0xB2,0x65,0x13,0xCC,0xB2,0x65,0x13,0xCC,0xB2,0x65,0x13,0xCC,0xB2,0x65,0x13,0xCC,0xB2,0x65,0x13,0xCC,0xB2,0x65,0x13,0xCC,0xB2,0x65,0x13,0xCC,0xB2,0x65,0x13,0xCC,0xB2,0x65,0x13,0xCC,0xB2,0x65,0x13,0xCC,0xB2,0x65,0x13,0xCC,0xB2,0x65,0x13,0xCC,
    0xB2,0x65,0x13,0xCC,0xB2,0x65,0x13,0xCC,0xB2,0x65,0x13,0xCC,0xB2,0x65,0x13,0xCC,0xB2,0x65,0x13,0xCC,0xB2,0x65,0x13,0xCC,0xB2,0x65,0x13,0xCC,0xB2,0x65,0x13,0xCC,0xB2,0x65,0x13,0xCC,0xB2,0x65,0x13,0xCC,0xB2,0x65,0x13,0xCC,0xB2,0x65,0x13,0xCC,0xB2,0x65,0x13,0xCC,0xB2,0x65,0x13,0xCC,0xB2,0x65,0x13,0xCC,0xB2,0x65,0x13,0xCC,
    0xB2,0x65,0x13,0xCC,0xB2,0x65,0x13,0xCC,0xB2,0x65,0x14,0xCC,0xB2,0x65,0x14,0xCC,0xB2,0x65,0x14,0xCC,0xB2,0x65,0x14,0xCC,0xB2,0x65,0x14,0xCC,0xB2,0x65,0x14,0xCC,0xB2,0x66,0x14,0xCC,0xB2,0x66,0x14,0xCC,0xB2,0x66,0x15,0xCC,0xB2,0x66,0x14,0xCC,0xB3,0x66,0x15,0xCC,0xB3,0x66,0x16,0xCC,0xB4,0x66,0x16,0xCC,0xB4,0x68,0x16,0xCC,
    0xB5,0x69,0x18,0xCC,0xB7,0x69,0x19,0xCC,0xB7,0x6A,0x1A,0xCC,0xB8,0x6B,0x1B,0xCC,0xB9,0x6B,0x1D,0xCC,0xBC,0x6D,0x1E,0xCC,0xBC,0x6E,0x1F,0xCC,0xBE,0x70,0x22,0xCC,0xC1,0x72,0x24,0xCC,0xC2,0x73,0x27,0xCC,0xC4,0x75,0x29,0xCC,0xC7,0x78,0x2C,0xCC,0xCA,0x7B,0x2F,0xCC,0xCE,0x80,0x37,0xCC,0xE7,0xC2,0x9E,0xCC,0xF6,0xE6,0xD7,0xCC,
    0xF6,0xE3,0xD3,0xC9,0xEA,0xBF,0x95,0x57,0x00,0x00,0x00,0x00,0x00,0x00,0x00,0x00,0x00,0x00,0x00,0x00,0x00,0x00,0x00,0x00,0x00,0x00,0x00,0x00,0x00,0x00,0x00,0x00,0x00,0x00,0x00,0x00,0x00,0x00,0x00,0x00,0x00,0x00,0x00,0x00,0x00,0x00,0x00,0x00,0x00,0x00,0x00,0x00,0x00,0x00,0x00,0x00,0x00,0x00,0x00,0x00,0x00,0x00,0x00,0x00,
    0x00,0x00,0x00,0x00,0x00,0x00,0x00,0x00,0x00,0x00,0x00,0x00,0x00,0x00,0x00,0x00,0x00,0x00,0x00,0x00,0x00,0x00,0x00,0x00,0x00,0x00,0x00,0x00,0x00,0x00,0x00,0x00,0x00,0x00,0x00,0x00,0x00,0x00,0x00,0x00,0x00,0x00,0x00,0x00,0x00,0x00,0x00,0x00,0x00,0x00,0x00,0x00,0x00,0x00,0x00,0x00,0x00,0x00,0x00,0x00,0xE8,0xBB,0x91,0x4F,
    0xF6,0xE2,0xD0,0xC8,0xF6,0xE6,0xD7,0xCC,0xEC,0xCE,0xB2,0xCC,0xD1,0x86,0x40,0xCC,0xCA,0x7B,0x2F,0xCC,0xC8,0x78,0x2D,0xCC,0xC6,0x75,0x29,0xCC,0xC3,0x74,0x27,0xCC,0xC1,0x72,0x24,0xCC,0xBF,0x70,0x23,0xCC,0xBD,0x6F,0x20,0xCC,0xBC,0x6E,0x1F,0xCC,0xBA,0x6D,0x1D,0xCC,0xB9,0x6B,0x1B,0xCC,0xB8,0x6A,0x1A,0xCC,0xB7,0x6A,0x1A,0xCC,
    0xB7,0x69,0x19,0xCC,0xB5,0x69,0x18,0xCC,0xB5,0x68,0x16,0xCC,0xB4,0x68,0x16,0xCC,0xB4,0x66,0x16,0xCC,0xB3,0x66,0x15,0xCC,0xB3,0x66,0x15,0xCC,0xB3,0x66,0x15,0xCC,0xB2,0x66,0x15,0xCC,0xB2,0x66,0x14,0xCC,0xB2,0x66,0x14,0xCC,0xB2,0x66,0x14,0xCC,0xB2,0x66,0x14,0xCC,0xB2,0x66,0x14,0xCC,0xB2,0x65,0x14,0xCC,0xB2,0x65,0x14,0xCC,
    0xB2,0x65,0x14,0xCC,0xB2,0x65,0x14,0xCC,0xB2,0x65,0x14,0xCC,0xB2,0x65,0x14,0xCC,0xB2,0x65,0x14,0xCC,0xB2,0x65,0x14,0xCC,0xB2,0x65,0x14,0xCC,0xB2,0x65,0x14,0xCC,0xB2,0x65,0x14,0xCC,0xB2,0x65,0x14,0xCC,0xB2,0x65,0x14,0xCC,0xB2,0x65,0x14,0xCC,0xB2,0x65,0x14,0xCC,0xB2,0x65,0x14,0xCC,0xB2,0x65,0x14,0xCC,0xB2,0x65,0x14,0xCC,
    0xB2,0x65,0x14,0xCC,0xB2,0x65,0x14,0xCC,0xB2,0x65,0x14,0xCC,0xB2,0x65,0x14,0xCC,0xB2,0x65,0x14,0xCC,0xB2,0x65,0x14,0xCC,0xB2,0x65,0x14,0xCC,0xB2,0x65,0x14,0xCC,0xB2,0x65,0x14,0xCC,0xB2,0x65,0x14,0xCC,0xB2,0x65,0x14,0xCC,0xB2,0x65,0x14,0xCC,0xB2,0x65,0x14,0xCC,0xB2,0x65,0x14,0xCC,0xB2,0x65,0x14,0xCC,0xB2,0x65,0x14,0xCC,
    0xB2,0x65,0x14,0xCC,0xB2,0x65,0x14,0xCC,0xB2,0x65,0x14,0xCC,0xB2,0x65,0x14,0xCC,0xB2,0x65,0x14,0xCC,0xB2,0x65,0x14,0xCC,0xB2,0x65,0x14,0xCC,0xB2,0x65,0x14,0xCC,0xB2,0x65,0x14,0xCC,0xB2,0x65,0x14,0xCC,0xB2,0x65,0x14,0xCC,0xB2,0x65,0x14,0xCC,0xB2,0x65,0x14,0xCC,0xB2,0x65,0x14,0xCC,0xB2,0x65,0x14,0xCC,0xB2,0x65,0x14,0xCC,
    0xB2,0x65,0x14,0xCC,0xB2,0x65,0x14,0xCC,0xB2,0x65,0x14,0xCC,0xB2,0x65,0x14,0xCC,0xB2,0x65,0x14,0xCC,0xB2,0x65,0x14,0xCC,0xB2,0x65,0x14,0xCC,0xB2,0x65,0x14,0xCC,0xB2,0x65,0x14,0xCC,0xB2,0x65,0x14,0xCC,0xB2,0x65,0x14,0xCC,0xB2,0x65,0x14,0xCC,0xB2,0x65,0x14,0xCC,0xB2,0x65,0x14,0xCC,0xB2,0x65,0x14,0xCC,0xB2,0x65,0x14,0xCC,
    0xB2,0x65,0x14,0xCC,0xB2,0x65,0x14,0xCC,0xB2,0x66,0x14,0xCC,0xB2,0x66,0x14,0xCC,0xB2,0x66,0x14,0xCC,0xB2,0x66,0x14,0xCC,0xB2,0x66,0x14,0xCC,0xB2,0x66,0x15,0xCC,0xB3,0x66,0x15,0xCC,0xB3,0x66,0x15,0xCC,0xB3,0x66,0x15,0xCC,0xB4,0x66,0x16,0xCC,0xB4,0x68,0x16,0xCC,0xB5,0x68,0x16,0xCC,0xB5,0x69,0x18,0xCC,0xB7,0x69,0x19,0xCC,
    0xB7,0x6A,0x1A,0xCC,0xB8,0x6A,0x1A,0xCC,0xB9,0x6B,0x1B,0xCC,0xBA,0x6D,0x1D,0xCC,0xBC,0x6E,0x1F,0xCC,0xBD,0x6F,0x20,0xCC,0xBF,0x70,0x23,0xCC,0xC1,0x72,0x24,0xCC,0xC3,0x74,0x27,0xCC,0xC6,0x75,0x29,0xCC,0xC8,0x78,0x2D,0xCC,0xCA,0x7B,0x2F,0xCC,0xD1,0x86,0x40,0xCC,0xEC,0xCE,0xB2,0xCC,0xF6,0xE6,0xD7,0xCC,0xF6,0xE2,0xD0,0xC8,
    0xE8,0xBB,0x91,0x4F,0x00,0x00,0x00,0x00,0x00,0x00,0x00,0x00,0x00,0x00,0x00,0x00,0x00,0x00,0x00,0x00,0x00,0x00,0x00,0x00,0x00,0x00,0x00,0x00,0x00,0x00,0x00,0x00,0x00,0x00,0x00,0x00,0x00,0x00,0x00,0x00,0x00,0x00,0x00,0x00,0x00,0x00,0x00,0x00,0x00,0x00,0x00,0x00,0x00,0x00,0x00,0x00,0x00,0x00,0x00,0x00,0x00,0x00,0x00,0x00,
    0x00,0x00,0x00,0x00,0x00,0x00,0x00,0x00,0x00,0x00,0x00,0x00,0x00,0x00,0x00,0x00,0x00,0x00,0x00,0x00,0x00,0x00,0x00,0x00,0x00,0x00,0x00,0x00,0x00,0x00,0x00,0x00,0x00,0x00,0x00,0x00,0x00,0x00,0x00,0x00,0x00,0x00,0x00,0x00,0x00,0x00,0x00,0x00,0x00,0x00,0x00,0x00,0x00,0x00,0x00,0x00,0x00,0x00,0x00,0x00,0x00,0x00,0x00,0x00,
    0xE6,0xB8,0x8E,0x3D,0xF6,0xE0,0xCC,0xC4,0xF6,0xE6,0xD8,0xCC,0xF1,0xD8,0xC2,0xCC,0xD4,0x8F,0x4D,0xCC,0xCC,0x7C,0x31,0xCC,0xC8,0x79,0x2D,0xCC,0xC7,0x77,0x2A,0xCC,0xC4,0x75,0x28,0xCC,0xC2,0x73,0x25,0xCC,0xBF,0x70,0x24,0xCC,0xBE,0x70,0x22,0xCC,0xBC,0x6E,0x1F,0xCC,0xBC,0x6D,0x1E,0xCC,0xBA,0x6B,0x1D,0xCC,0xB9,0x6B,0x1B,0xCC,
    0xB8,0x6A,0x1A,0xCC,0xB7,0x6A,0x1A,0xCC,0xB7,0x69,0x19,0xCC,0xB5,0x69,0x18,0xCC,0xB5,0x68,0x16,0xCC,0xB4,0x68,0x16,0xCC,0xB4,0x68,0x16,0xCC,0xB4,0x66,0x16,0xCC,0xB3,0x66,0x16,0xCC,0xB3,0x66,0x15,0xCC,0xB3,0x66,0x15,0xCC,0xB3,0x66,0x15,0xCC,0xB2,0x66,0x14,0xCC,0xB2,0x66,0x15,0xCC,0xB2,0x66,0x15,0xCC,0xB2,0x66,0x15,0xCC,
    0xB2,0x66,0x15,0xCC,0xB2,0x66,0x14,0xCC,0xB2,0x66,0x14,0xCC,0xB2,0x66,0x14,0xCC,0xB2,0x66,0x14,0xCC,0xB2,0x66,0x14,0xCC,0xB2,0x66,0x14,0xCC,0xB2,0x66,0x14,0xCC,0xB2,0x66,0x14,0xCC,0xB2,0x66,0x14,0xCC,0xB2,0x66,0x14,0xCC,0xB2,0x66,0x14,0xCC,0xB2,0x66,0x14,0xCC,0xB2,0x66,0x14,0xCC,0xB2,0x66,0x14,0xCC,0xB2,0x66,0x14,0xCC,
    0xB2,0x66,0x14,0xCC,0xB2,0x66,0x14,0xCC,0xB2,0x66,0x14,0xCC,0xB2,0x66,0x14,0xCC,0xB2,0x66,0x14,0xCC,0xB2,0x66,0x14,0xCC,0xB2,0x66,0x14,0xCC,0xB2,0x66,0x14,0xCC,0xB2,0x66,0x14,0xCC,0xB2,0x66,0x14,0xCC,0xB2,0x66,0x14,0xCC,0xB2,0x66,0x14,0xCC,0xB2,0x66,0x14,0xCC,0xB2,0x66,0x14,0xCC,0xB2,0x66,0x14,0xCC,0xB2,0x66,0x14,0xCC,
    0xB2,0x66,0x14,0xCC,0xB2,0x66,0x14,0xCC,0xB2,0x66,0x14,0xCC,0xB2,0x66,0x14,0xCC,0xB2,0x66,0x14,0xCC,0xB2,0x66,0x14,0xCC,0xB2,0x66,0x14,0xCC,0xB2,0x66,0x14,0xCC,0xB2,0x66,0x14,0xCC,0xB2,0x66,0x14,0xCC,0xB2,0x66,0x14,0xCC,0xB2,0x66,0x14,0xCC,0xB2,0x66,0x14,0xCC,0xB2,0x66,0x14,0xCC,0xB2,0x66,0x14,0xCC,0xB2,0x66,0x14,0xCC,
    0xB2,0x66,0x14,0xCC,0xB2,0x66,0x14,0xCC,0xB2,0x66,0x14,0xCC,0xB2,0x66,0x14,0xCC,0xB2,0x66,0x14,0xCC,0xB2,0x66,0x14,0xCC,0xB2,0x66,0x14,0xCC,0xB2,0x66,0x14,0xCC,0xB2,0x66,0x14,0xCC,0xB2,0x66,0x14,0xCC,0xB2,0x66,0x14,0xCC,0xB2,0x66,0x14,0xCC,0xB2,0x66,0x14,0xCC,0xB2,0x66,0x14,0xCC,0xB2,0x66,0x14,0xCC,0xB2,0x66,0x15,0xCC,
    0xB2,0x66,0x15,0xCC,0xB2,0x66,0x15,0xCC,0xB2,0x66,0x15,0xCC,0xB2,0x66,0x14,0xCC,0xB3,0x66,0x15,0xCC,0xB3,0x66,0x15,0xCC,0xB3,0x66,0x15,0xCC,0xB3,0x66,0x16,0xCC,0xB4,0x66,0x16,0xCC,0xB4,0x68,0x16,0xCC,0xB4,0x68,0x16,0xCC,0xB5,0x68,0x16,0xCC,0xB5,0x69,0x18,0xCC,0xB7,0x69,0x19,0xCC,0xB7,0x6A,0x1A,0xCC,0xB8,0x6A,0x1A,0xCC,
    0xB9,0x6B,0x1B,0xCC,0xBA,0x6B,0x1D,0xCC,0xBC,0x6D,0x1E,0xCC,0xBC,0x6E,0x1F,0xCC,0xBE,0x70,0x22,0xCC,0xBF,0x70,0x24,0xCC,0xC2,0x73,0x25,0xCC,0xC4,0x75,0x28,0xCC,0xC7,0x77,0x2A,0xCC,0xC8,0x79,0x2D,0xCC,0xCC,0x7C,0x31,0xCC,0xD4,0x8F,0x4D,0xCC,0xF1,0xD8,0xC2,0xCC,0xF6,0xE6,0xD8,0xCC,0xF6,0xE0,0xCC,0xC4,0xE6,0xB8,0x8E,0x3D,
    0x00,0x00,0x00,0x00,0x00,0x00,0x00,0x00,0x00,0x00,0x00,0x00,0x00,0x00,0x00,0x00,0x00,0x00,0x00,0x00,0x00,0x00,0x00,0x00,0x00,0x00,0x00,0x00,0x00,0x00,0x00,0x00,0x00,0x00,0x00,0x00,0x00,0x00,0x00,0x00,0x00,0x00,0x00,0x00,0x00,0x00,0x00,0x00,0x00,0x00,0x00,0x00,0x00,0x00,0x00,0x00,0x00,0x00,0x00,0x00,0x00,0x00,0x00,0x00,
    0x00,0x00,0x00,0x00,0x00,0x00,0x00,0x00,0x00,0x00,0x00,0x00,0x00,0x00,0x00,0x00,0x00,0x00,0x00,0x00,0x00,0x00,0x00,0x00,0x00,0x00,0x00,0x00,0x00,0x00,0x00,0x00,0x00,0x00,0x00,0x00,0x00,0x00,0x00,0x00,0x00,0x00,0x00,0x00,0x00,0x00,0x00,0x00,0x00,0x00,0x00,0x00,0x00,0x00,0x00,0x00,0x00,0x00,0x00,0x00,0x00,0x00,0x00,0x00,
    0x00,0x00,0x00,0x00,0xEC,0xBF,0x93,0x28,0xF5,0xDD,0xC9,0xB9,0xF8,0xE6,0xD8,0xCC,0xF4,0xE1,0xCE,0xCC,0xDE,0xA8,0x75,0xCC,0xCC,0x7C,0x31,0xCC,0xC9,0x79,0x2E,0xCC,0xC7,0x78,0x2C,0xCC,0xC6,0x75,0x29,0xCC,0xC3,0x74,0x27,0xCC,0xC1,0x73,0x24,0xCC,0xBF,0x70,0x23,0xCC,0xBE,0x6F,0x22,0xCC,0xBC,0x6E,0x1F,0xCC,0xBC,0x6D,0x1E,0xCC,
    0xBA,0x6B,0x1D,0xCC,0xB9,0x6B,0x1B,0xCC,0xB8,0x6B,0x1A,0xCC,0xB7,0x6A,0x1A,0xCC,0xB7,0x6A,0x1A,0xCC,0xB7,0x69,0x19,0xCC,0xB5,0x69,0x18,0xCC,0xB5,0x68,0x18,0xCC,0xB5,0x68,0x16,0xCC,0xB4,0x68,0x16,0xCC,0xB4,0x68,0x16,0xCC,0xB4,0x66,0x16,0xCC,0xB3,0x66,0x16,0xCC,0xB3,0x66,0x16,0xCC,0xB3,0x66,0x15,0xCC,0xB3,0x66,0x15,0xCC,
    0xB3,0x66,0x15,0xCC,0xB3,0x66,0x15,0xCC,0xB3,0x66,0x15,0xCC,0xB3,0x66,0x15,0xCC,0xB3,0x66,0x15,0xCC,0xB3,0x66,0x15,0xCC,0xB3,0x66,0x15,0xCC,0xB3,0x66,0x15,0xCC,0xB3,0x66,0x15,0xCC,0xB3,0x66,0x15,0xCC,0xB3,0x66,0x15,0xCC,0xB3,0x66,0x15,0xCC,0xB3,0x66,0x15,0xCC,0xB3,0x66,0x15,0xCC,0xB3,0x66,0x15,0xCC,0xB3,0x66,0x15,0xCC,
    0xB3,0x66,0x15,0xCC,0xB3,0x66,0x15,0xCC,0xB3,0x66,0x15,0xCC,0xB3,0x66,0x15,0xCC,0xB3,0x66,0x15,0xCC,0xB3,0x66,0x15,0xCC,0xB3,0x66,0x15,0xCC,0xB3,0x66,0x15,0xCC,0xB3,0x66,0x15,0xCC,0xB3,0x66,0x15,0xCC,0xB3,0x66,0x15,0xCC,0xB3,0x66,0x15,0xCC,0xB3,0x66,0x15,0xCC,0xB3,0x66,0x15,0xCC,0xB3,0x66,0x15,0xCC,0xB3,0x66,0x15,0xCC,
    0xB3,0x66,0x15,0xCC,0xB3,0x66,0x15,0xCC,0xB3,0x66,0x15,0xCC,0xB3,0x66,0x15,0xCC,0xB3,0x66,0x15,0xCC,0xB3,0x66,0x15,0xCC,0xB3,0x66,0x15,0xCC,0xB3,0x66,0x15,0xCC,0xB3,0x66,0x15,0xCC,0xB3,0x66,0x15,0xCC,0xB3,0x66,0x15,0xCC,0xB3,0x66,0x15,0xCC,0xB3,0x66,0x15,0xCC,0xB3,0x66,0x15,0xCC,0xB3,0x66,0x15,0xCC,0xB3,0x66,0x15,0xCC,
    0xB3,0x66,0x15,0xCC,0xB3,0x66,0x15,0xCC,0xB3,0x66,0x15,0xCC,0xB3,0x66,0x15,0xCC,0xB3,0x66,0x15,0xCC,0xB3,0x66,0x15,0xCC,0xB3,0x66,0x15,0xCC,0xB3,0x66,0x15,0xCC,0xB3,0x66,0x15,0xCC,0xB3,0x66,0x15,0xCC,0xB3,0x66,0x15,0xCC,0xB3,0x66,0x15,0xCC,0xB3,0x66,0x15,0xCC,0xB3,0x66,0x15,0xCC,0xB3,0x66,0x15,0xCC,0xB3,0x66,0x15,0xCC,
    0xB3,0x66,0x15,0xCC,0xB3,0x66,0x15,0xCC,0xB3,0x66,0x16,0xCC,0xB3,0x66,0x16,0xCC,0xB4,0x66,0x16,0xCC,0xB4,0x68,0x16,0xCC,0xB4,0x68,0x16,0xCC,0xB5,0x68,0x16,0xCC,0xB5,0x68,0x18,0xCC,0xB5,0x69,0x18,0xCC,0xB7,0x69,0x19,0xCC,0xB7,0x6A,0x1A,0xCC,0xB7,0x6A,0x1A,0xCC,0xB8,0x6B,0x1A,0xCC,0xB9,0x6B,0x1B,0xCC,0xBA,0x6B,0x1D,0xCC,
    0xBC,0x6D,0x1E,0xCC,0xBC,0x6E,0x1F,0xCC,0xBE,0x6F,0x22,0xCC,0xBF,0x70,0x23,0xCC,0xC1,0x73,0x24,0xCC,0xC3,0x74,0x27,0xCC,0xC6,0x75,0x29,0xCC,0xC7,0x78,0x2C,0xCC,0xC9,0x79,0x2E,0xCC,0xCC,0x7C,0x31,0xCC,0xDE,0xA8,0x75,0xCC,0xF4,0xE1,0xCE,0xCC,0xF8,0xE6,0xD8,0xCC,0xF5,0xDD,0xC9,0xB9,0xEC,0xBF,0x93,0x28,0x00,0x00,0x00,0x00,
    0x00,0x00,0x00,0x00,0x00,0x00,0x00,0x00,0x00,0x00,0x00,0x00,0x00,0x00,0x00,0x00,0x00,0x00,0x00,0x00,0x00,0x00,0x00,0x00,0x00,0x00,0x00,0x00,0x00,0x00,0x00,0x00,0x00,0x00,0x00,0x00,0x00,0x00,0x00,0x00,0x00,0x00,0x00,0x00,0x00,0x00,0x00,0x00,0x00,0x00,0x00,0x00,0x00,0x00,0x00,0x00,0x00,0x00,0x00,0x00,0x00,0x00,0x00,0x00,
    0x00,0x00,0x00,0x00,0x00,0x00,0x00,0x00,0x00,0x00,0x00,0x00,0x00,0x00,0x00,0x00,0x00,0x00,0x00,0x00,0x00,0x00,0x00,0x00,0x00,0x00,0x00,0x00,0x00,0x00,0x00,0x00,0x00,0x00,0x00,0x00,0x00,0x00,0x00,0x00,0x00,0x00,0x00,0x00,0x00,0x00,0x00,0x00,0x00,0x00,0x00,0x00,0x00,0x00,0x00,0x00,0x00,0x00,0x00,0x00,0x00,0x00,0x00,0x00,
    0x00,0x00,0x00,0x00,0x00,0x00,0x00,0x00,0xE0,0xA3,0x70,0x19,0xF0,0xD2,0xB8,0x9A,0xF8,0xE6,0xD8,0xCC,0xF6,0xE6,0xD7,0xCC,0xE7,0xC2,0x9E,0xCC,0xD1,0x86,0x40,0xCC,0xCA,0x7B,0x2F,0xCC,0xC8,0x79,0x2D,0xCC,0xC7,0x77,0x2A,0xCC,0xC4,0x75,0x28,0xCC,0xC2,0x73,0x27,0xCC,0xC1,0x72,0x24,0xCC,0xBF,0x70,0x23,0xCC,0xBD,0x6F,0x22,0xCC,
    0xBC,0x6E,0x1F,0xCC,0xBC,0x6D,0x1F,0xCC,0xBA,0x6D,0x1E,0xCC,0xB9,0x6B,0x1D,0xCC,0xB9,0x6B,0x1B,0xCC,0xB8,0x6B,0x1A,0xCC,0xB7,0x6A,0x1A,0xCC,0xB7,0x6A,0x19,0xCC,0xB7,0x69,0x19,0xCC,0xB7,0x69,0x19,0xCC,0xB5,0x68,0x18,0xCC,0xB5,0x69,0x18,0xCC,0xB5,0x68,0x16,0xCC,0xB5,0x68,0x16,0xCC,0xB4,0x68,0x16,0xCC,0xB4,0x68,0x16,0xCC,
    0xB4,0x68,0x16,0xCC,0xB4,0x68,0x16,0xCC,0xB4,0x68,0x16,0xCC,0xB4,0x68,0x16,0xCC,0xB4,0x68,0x16,0xCC,0xB4,0x68,0x16,0xCC,0xB4,0x68,0x16,0xCC,0xB4,0x68,0x16,0xCC,0xB4,0x68,0x16,0xCC,0xB4,0x66,0x16,0xCC,0xB4,0x66,0x16,0xCC,0xB4,0x66,0x16,0xCC,0xB4,0x66,0x16,0xCC,0xB4,0x66,0x16,0xCC,0xB4,0x66,0x16,0xCC,0xB4,0x66,0x16,0xCC,
    0xB4,0x66,0x16,0xCC,0xB4,0x66,0x16,0xCC,0xB4,0x66,0x16,0xCC,0xB4,0x66,0x16,0xCC,0xB4,0x66,0x16,0xCC,0xB4,0x66,0x16,0xCC,0xB4,0x66,0x16,0xCC,0xB4,0x66,0x16,0xCC,0xB4,0x66,0x16,0xCC,0xB4,0x66,0x16,0xCC,0xB4,0x66,0x16,0xCC,0xB4,0x66,0x16,0xCC,0xB4,0x66,0x16,0xCC,0xB4,0x66,0x16,0xCC,0xB4,0x66,0x16,0xCC,0xB4,0x66,0x16,0xCC,
    0xB4,0x66,0x16,0xCC,0xB4,0x66,0x16,0xCC,0xB4,0x66,0x16,0xCC,0xB4,0x66,0x16,0xCC,0xB4,0x66,0x16,0xCC,0xB4,0x66,0x16,0xCC,0xB4,0x66,0x16,0xCC,0xB4,0x66,0x16,0xCC,0xB4,0x66,0x16,0xCC,0xB4,0x66,0x16,0xCC,0xB4,0x66,0x16,0xCC,0xB4,0x66,0x16,0xCC,0xB4,0x66,0x16,0xCC,0xB4,0x66,0x16,0xCC,0xB4,0x66,0x16,0xCC,0xB4,0x66,0x16,0xCC,
    0xB4,0x66,0x16,0xCC,0xB4,0x66,0x16,0xCC,0xB4,0x66,0x16,0xCC,0xB4,0x66,0x16,0xCC,0xB4,0x66,0x16,0xCC,0xB4,0x66,0x16,0xCC,0xB4,0x66,0x16,0xCC,0xB4,0x68,0x16,0xCC,0xB4,0x68,0x16,0xCC,0xB4,0x68,0x16,0xCC,0xB4,0x68,0x16,0xCC,0xB4,0x68,0x16,0xCC,0xB4,0x68,0x16,0xCC,0xB4,0x68,0x16,0xCC,0xB4,0x68,0x16,0xCC,0xB4,0x68,0x16,0xCC,
    0xB4,0x68,0x16,0xCC,0xB4,0x68,0x16,0xCC,0xB5,0x68,0x16,0xCC,0xB5,0x68,0x16,0xCC,0xB5,0x69,0x18,0xCC,0xB5,0x68,0x18,0xCC,0xB7,0x69,0x19,0xCC,0xB7,0x69,0x19,0xCC,0xB7,0x6A,0x19,0xCC,0xB7,0x6A,0x1A,0xCC,0xB8,0x6B,0x1A,0xCC,0xB9,0x6B,0x1B,0xCC,0xB9,0x6B,0x1D,0xCC,0xBA,0x6D,0x1E,0xCC,0xBC,0x6D,0x1F,0xCC,0xBC,0x6E,0x1F,0xCC,
    0xBD,0x6F,0x22,0xCC,0xBF,0x70,0x23,0xCC,0xC1,0x72,0x24,0xCC,0xC2,0x73,0x27,0xCC,0xC4,0x75,0x28,0xCC,0xC7,0x77,0x2A,0xCC,0xC8,0x79,0x2D,0xCC,0xCA,0x7B,0x2F,0xCC,0xD1,0x86,0x40,0xCC,0xE7,0xC2,0x9E,0xCC,0xF6,0xE6,0xD7,0xCC,0xF8,0xE6,0xD8,0xCC,0xF0,0xD2,0xB8,0x9A,0xE0,0xA3,0x70,0x19,0x00,0x00,0x00,0x00,0x00,0x00,0x00,0x00,
    0x00,0x00,0x00,0x00,0x00,0x00,0x00,0x00,0x00,0x00,0x00,0x00,0x00,0x00,0x00,0x00,0x00,0x00,0x00,0x00,0x00,0x00,0x00,0x00,0x00,0x00,0x00,0x00,0x00,0x00,0x00,0x00,0x00,0x00,0x00,0x00,0x00,0x00,0x00,0x00,0x00,0x00,0x00,0x00,0x00,0x00,0x00,0x00,0x00,0x00,0x00,0x00,0x00,0x00,0x00,0x00,0x00,0x00,0x00,0x00,0x00,0x00,0x00,0x00,
    0x00,0x00,0x00,0x00,0x00,0x00,0x00,0x00,0x00,0x00,0x00,0x00,0x00,0x00,0x00,0x00,0x00,0x00,0x00,0x00,0x00,0x00,0x00,0x00,0x00,0x00,0x00,0x00,0x00,0x00,0x00,0x00,0x00,0x00,0x00,0x00,0x00,0x00,0x00,0x00,0x00,0x00,0x00,0x00,0x00,0x00,0x00,0x00,0x00,0x00,0x00,0x00,0x00,0x00,0x00,0x00,0x00,0x00,0x00,0x00,0x00,0x00,0x00,0x00,
    0x00,0x00,0x00,0x00,0x00,0x00,0x00,0x00,0x00,0x00,0x00,0x00,0x00,0x00,0x00,0x00,0xEF,0xC9,0xAA,0x72,0xF6,0xE2,0xD1,0xC9,0xF6,0xE6,0xD8,0xCC,0xF3,0xDC,0xC7,0xCC,0xDB,0xA1,0x6A,0xCC,0xCC,0x7C,0x31,0xCC,0xCA,0x7B,0x2F,0xCC,0xC8,0x78,0x2C,0xCC,0xC6,0x77,0x2A,0xCC,0xC4,0x75,0x28,0xCC,0xC2,0x73,0x27,0xCC,0xC1,0x72,0x24,0xCC,
    0xBF,0x70,0x23,0xCC,0xBE,0x70,0x22,0xCC,0xBD,0x6F,0x20,0xCC,0xBC,0x6E,0x1F,0xCC,0xBC,0x6D,0x1E,0xCC,0xBA,0x6D,0x1D,0xCC,0xB9,0x6B,0x1D,0xCC,0xB9,0x6B,0x1B,0xCC,0xB8,0x6B,0x1B,0xCC,0xB8,0x6B,0x1A,0xCC,0xB7,0x6A,0x1A,0xCC,0xB7,0x69,0x19,0xCC,0xB7,0x6A,0x1A,0xCC,0xB7,0x69,0x19,0xCC,0xB7,0x69,0x19,0xCC,0xB7,0x69,0x19,0xCC,
    0xB7,0x69,0x19,0xCC,0xB7,0x6A,0x19,0xCC,0xB7,0x69,0x19,0xCC,0xB7,0x69,0x19,0xCC,0xB7,0x69,0x19,0xCC,0xB7,0x69,0x19,0xCC,0xB7,0x69,0x19,0xCC,0xB7,0x69,0x19,0xCC,0xB7,0x69,0x18,0xCC,0xB5,0x68,0x18,0xCC,0xB5,0x68,0x18,0xCC,0xB5,0x68,0x18,0xCC,0xB5,0x68,0x18,0xCC,0xB5,0x68,0x18,0xCC,0xB5,0x68,0x18,0xCC,0xB5,0x68,0x18,0xCC,
    0xB5,0x68,0x18,0xCC,0xB5,0x68,0x18,0xCC,0xB5,0x68,0x18,0xCC,0xB5,0x68,0x18,0xCC,0xB5,0x68,0x18,0xCC,0xB5,0x68,0x18,0xCC,0xB5,0x68,0x18,0xCC,0xB5,0x68,0x18,0xCC,0xB5,0x68,0x18,0xCC,0xB5,0x68,0x18,0xCC,0xB5,0x68,0x18,0xCC,0xB5,0x68,0x18,0xCC,0xB5,0x68,0x18,0xCC,0xB5,0x68,0x18,0xCC,0xB5,0x68,0x18,0xCC,0xB5,0x68,0x18,0xCC,
    0xB5,0x68,0x18,0xCC,0xB5,0x68,0x18,0xCC,0xB5,0x68,0x18,0xCC,0xB5,0x68,0x18,0xCC,0xB5,0x68,0x18,0xCC,0xB5,0x68,0x18,0xCC,0xB5,0x68,0x18,0xCC,0xB5,0x68,0x18,0xCC,0xB5,0x68,0x18,0xCC,0xB5,0x68,0x18,0xCC,0xB5,0x68,0x18,0xCC,0xB5,0x68,0x18,0xCC,0xB5,0x68,0x18,0xCC,0xB5,0x68,0x18,0xCC,0xB5,0x68,0x18,0xCC,0xB5,0x68,0x18,0xCC,
    0xB5,0x68,0x18,0xCC,0xB5,0x68,0x18,0xCC,0xB5,0x68,0x18,0xCC,0xB5,0x68,0x18,0xCC,0xB5,0x68,0x18,0xCC,0xB5,0x68,0x18,0xCC,0xB5,0x68,0x18,0xCC,0xB7,0x69,0x18,0xCC,0xB7,0x69,0x19,0xCC,0xB7,0x69,0x19,0xCC,0xB7,0x69,0x19,0xCC,0xB7,0x69,0x19,0xCC,0xB7,0x69,0x19,0xCC,0xB7,0x69,0x19,0xCC,0xB7,0x6A,0x19,0xCC,0xB7,0x69,0x19,0xCC,
    0xB7,0x69,0x19,0xCC,0xB7,0x69,0x19,0xCC,0xB7,0x69,0x19,0xCC,0xB7,0x6A,0x1A,0xCC,0xB7,0x69,0x19,0xCC,0xB7,0x6A,0x1A,0xCC,0xB8,0x6B,0x1A,0xCC,0xB8,0x6B,0x1B,0xCC,0xB9,0x6B,0x1B,0xCC,0xB9,0x6B,0x1D,0xCC,0xBA,0x6D,0x1D,0xCC,0xBC,0x6D,0x1E,0xCC,0xBC,0x6E,0x1F,0xCC,0xBD,0x6F,0x20,0xCC,0xBE,0x70,0x22,0xCC,0xBF,0x70,0x23,0xCC,
    0xC1,0x72,0x24,0xCC,0xC2,0x73,0x27,0xCC,0xC4,0x75,0x28,0xCC,0xC6,0x77,0x2A,0xCC,0xC8,0x78,0x2C,0xCC,0xCA,0x7B,0x2F,0xCC,0xCC,0x7C,0x31,0xCC,0xDB,0xA1,0x6A,0xCC,0xF3,0xDC,0xC7,0xCC,0xF6,0xE6,0xD8,0xCC,0xF6,0xE2,0xD1,0xC9,0xEF,0xC9,0xAA,0x72,0x00,0x00,0x00,0x00,0x00,0x00,0x00,0x00,0x00,0x00,0x00,0x00,0x00,0x00,0x00,0x00,
    0x00,0x00,0x00,0x00,0x00,0x00,0x00,0x00,0x00,0x00,0x00,0x00,0x00,0x00,0x00,0x00,0x00,0x00,0x00,0x00,0x00,0x00,0x00,0x00,0x00,0x00,0x00,0x00,0x00,0x00,0x00,0x00,0x00,0x00,0x00,0x00,0x00,0x00,0x00,0x00,0x00,0x00,0x00,0x00,0x00,0x00,0x00,0x00,0x00,0x00,0x00,0x00,0x00,0x00,0x00,0x00,0x00,0x00,0x00,0x00,0x00,0x00,0x00,0x00,
    0x00,0x00,0x00,0x00,0x00,0x00,0x00,0x00,0x00,0x00,0x00,0x00,0x00,0x00,0x00,0x00,0x00,0x00,0x00,0x00,0x00,0x00,0x00,0x00,0x00,0x00,0x00,0x00,0x00,0x00,0x00,0x00,0x00,0x00,0x00,0x00,0x00,0x00,0x00,0x00,0x00,0x00,0x00,0x00,0x00,0x00,0x00,0x00,0x00,0x00,0x00,0x00,0x00,0x00,0x00,0x00,0x00,0x00,0x00,0x00,0x00,0x00,0x00,0x00,
    0x00,0x00,0x00,0x00,0x00,0x00,0x00,0x00,0x00,0x00,0x00,0x00,0x00,0x00,0x00,0x00,0x00,0x00,0x00,0x00,0xE5,0xB8,0x8F,0x32,0xF4,0xD9,0xC4,0xB4,0xF8,0xE6,0xD8,0xCC,0xF6,0xE6,0xD7,0xCC,0xEB,0xC9,0xAA,0xCC,0xD3,0x8F,0x4C,0xCC,0xCC,0x7C,0x31,0xCC,0xC9,0x79,0x2E,0xCC,0xC7,0x78,0x2C,0xCC,0xC6,0x77,0x2A,0xCC,0xC4,0x75,0x28,0xCC,
    0xC2,0x74,0x27,0xCC,0xC2,0x73,0x25,0xCC,0xBF,0x72,0x24,0xCC,0xBF,0x70,0x22,0xCC,0xBE,0x6F,0x22,0xCC,0xBD,0x6F,0x20,0xCC,0xBC,0x6F,0x1F,0xCC,0xBC,0x6E,0x1F,0xCC,0xBC,0x6D,0x1E,0xCC,0xBA,0x6D,0x1E,0xCC,0xBA,0x6B,0x1D,0xCC,0xB9,0x6B,0x1D,0xCC,0xB9,0x6B,0x1B,0xCC,0xB9,0x6B,0x1B,0xCC,0xB8,0x6B,0x1B,0xCC,0xB8,0x6A,0x1A,0xCC,
    0xB8,0x6A,0x1A,0xCC,0xB8,0x6A,0x1A,0xCC,0xB8,0x6B,0x1A,0xCC,0xB8,0x6B,0x1A,0xCC,0xB8,0x6B,0x1A,0xCC,0xB8,0x6B,0x1A,0xCC,0xB8,0x6B,0x1A,0xCC,0xB8,0x6B,0x1A,0xCC,0xB7,0x6B,0x1A,0xCC,0xB7,0x6A,0x1A,0xCC,0xB7,0x6A,0x1A,0xCC,0xB7,0x6A,0x1A,0xCC,0xB7,0x6A,0x1A,0xCC,0xB7,0x6A,0x1A,0xCC,0xB7,0x6A,0x1A,0xCC,0xB7,0x6A,0x1A,0xCC,
    0xB7,0x6A,0x1A,0xCC,0xB7,0x6A,0x1A,0xCC,0xB7,0x6A,0x1A,0xCC,0xB7,0x6A,0x1A,0xCC,0xB7,0x6A,0x1A,0xCC,0xB7,0x6A,0x1A,0xCC,0xB7,0x6A,0x1A,0xCC,0xB7,0x6A,0x1A,0xCC,0xB7,0x6A,0x1A,0xCC,0xB7,0x6A,0x1A,0xCC,0xB7,0x6A,0x1A,0xCC,0xB7,0x6A,0x1A,0xCC,0xB7,0x6A,0x1A,0xCC,0xB7,0x6A,0x1A,0xCC,0xB7,0x6A,0x1A,0xCC,0xB7,0x6A,0x1A,0xCC,
    0xB7,0x6A,0x1A,0xCC,0xB7,0x6A,0x1A,0xCC,0xB7,0x6A,0x1A,0xCC,0xB7,0x6A,0x1A,0xCC,0xB7,0x6A,0x1A,0xCC,0xB7,0x6A,0x1A,0xCC,0xB7,0x6A,0x1A,0xCC,0xB7,0x6A,0x1A,0xCC,0xB7,0x6A,0x1A,0xCC,0xB7,0x6A,0x1A,0xCC,0xB7,0x6A,0x1A,0xCC,0xB7,0x6A,0x1A,0xCC,0xB7,0x6A,0x1A,0xCC,0xB7,0x6A,0x1A,0xCC,0xB7,0x6A,0x1A,0xCC,0xB7,0x6A,0x1A,0xCC,
    0xB7,0x6A,0x1A,0xCC,0xB7,0x6A,0x1A,0xCC,0xB7,0x6A,0x1A,0xCC,0xB7,0x6A,0x1A,0xCC,0xB7,0x6A,0x1A,0xCC,0xB7,0x6A,0x1A,0xCC,0xB7,0x6A,0x1A,0xCC,0xB7,0x6B,0x1A,0xCC,0xB8,0x6B,0x1A,0xCC,0xB8,0x6B,0x1A,0xCC,0xB8,0x6B,0x1A,0xCC,0xB8,0x6B,0x1A,0xCC,0xB8,0x6B,0x1A,0xCC,0xB8,0x6B,0x1A,0xCC,0xB8,0x6A,0x1A,0xCC,0xB8,0x6A,0x1A,0xCC,
    0xB8,0x6A,0x1A,0xCC,0xB8,0x6B,0x1B,0xCC,0xB9,0x6B,0x1B,0xCC,0xB9,0x6B,0x1B,0xCC,0xB9,0x6B,0x1D,0xCC,0xBA,0x6B,0x1D,0xCC,0xBA,0x6D,0x1E,0xCC,0xBC,0x6D,0x1E,0xCC,0xBC,0x6E,0x1F,0xCC,0xBC,0x6F,0x1F,0xCC,0xBD,0x6F,0x20,0xCC,0xBE,0x6F,0x22,0xCC,0xBF,0x70,0x22,0xCC,0xBF,0x72,0x24,0xCC,0xC2,0x73,0x25,0xCC,0xC2,0x74,0x27,0xCC,
    0xC4,0x75,0x28,0xCC,0xC6,0x77,0x2A,0xCC,0xC7,0x78,0x2C,0xCC,0xC9,0x79,0x2E,0xCC,0xCC,0x7C,0x31,0xCC,0xD3,0x8F,0x4C,0xCC,0xEB,0xC9,0xAA,0xCC,0xF6,0xE6,0xD7,0xCC,0xF8,0xE6,0xD8,0xCC,0xF4,0xD9,0xC4,0xB4,0xE5,0xB8,0x8F,0x32,0x00,0x00,0x00,0x00,0x00,0x00,0x00,0x00,0x00,0x00,0x00,0x00,0x00,0x00,0x00,0x00,0x00,0x00,0x00,0x00,
    0x00,0x00,0x00,0x00,0x00,0x00,0x00,0x00,0x00,0x00,0x00,0x00,0x00,0x00,0x00,0x00,0x00,0x00,0x00,0x00,0x00,0x00,0x00,0x00,0x00,0x00,0x00,0x00,0x00,0x00,0x00,0x00,0x00,0x00,0x00,0x00,0x00,0x00,0x00,0x00,0x00,0x00,0x00,0x00,0x00,0x00,0x00,0x00,0x00,0x00,0x00,0x00,0x00,0x00,0x00,0x00,0x00,0x00,0x00,0x00,0x00,0x00,0x00,0x00,
    0x00,0x00,0x00,0x00,0x00,0x00,0x00,0x00,0x00,0x00,0x00,0x00,0x00,0x00,0x00,0x00,0x00,0x00,0x00,0x00,0x00,0x00,0x00,0x00,0x00,0x00,0x00,0x00,0x00,0x00,0x00,0x00,0x00,0x00,0x00,0x00,0x00,0x00,0x00,0x00,0x00,0x00,0x00,0x00,0x00,0x00,0x00,0x00,0x00,0x00,0x00,0x00,0x00,0x00,0x00,0x00,0x00,0x00,0x00,0x00,0x00,0x00,0x00,0x00,
    0x00,0x00,0x00,0x00,0x00,0x00,0x00,0x00,0x00,0x00,0x00,0x00,0x00,0x00,0x00,0x00,0x00,0x00,0x00,0x00,0x00,0x00,0x00,0x00,0xBF,0x80,0x20,0x08,0xF0,0xCD,0xAE,0x75,0xF6,0xE3,0xD1,0xC7,0xF6,0xE6,0xD8,0xCC,0xF5,0xE5,0xD4,0xCC,0xE6,0xBC,0x95,0xCC,0xD2,0x88,0x45,0xCC,0xCC,0x7C,0x31,0xCC,0xC9,0x79,0x2E,0xCC,0xC8,0x78,0x2C,0xCC,
    0xC7,0x77,0x2A,0xCC,0xC4,0x75,0x29,0xCC,0xC3,0x74,0x28,0xCC,0xC2,0x74,0x27,0xCC,0xC1,0x73,0x24,0xCC,0xBF,0x72,0x24,0xCC,0xBF,0x70,0x23,0xCC,0xBE,0x70,0x22,0xCC,0xBE,0x70,0x22,0xCC,0xBD,0x6F,0x20,0xCC,0xBC,0x6E,0x1F,0xCC,0xBC,0x6E,0x1F,0xCC,0xBC,0x6E,0x1F,0xCC,0xBC,0x6E,0x1E,0xCC,0xBA,0x6D,0x1E,0xCC,0xBA,0x6D,0x1E,0xCC,
    0xBA,0x6B,0x1D,0xCC,0xBA,0x6D,0x1D,0xCC,0xBA,0x6D,0x1D,0xCC,0xBA,0x6D,0x1D,0xCC,0xBA,0x6B,0x1E,0xCC,0xBA,0x6B,0x1E,0xCC,0xBA,0x6B,0x1E,0xCC,0xBA,0x6B,0x1E,0xCC,0xBA,0x6B,0x1E,0xCC,0xBA,0x6B,0x1E,0xCC,0xBA,0x6B,0x1E,0xCC,0xBA,0x6B,0x1E,0xCC,0xBA,0x6B,0x1E,0xCC,0xBA,0x6B,0x1E,0xCC,0xBA,0x6B,0x1E,0xCC,0xBA,0x6B,0x1E,0xCC,
    0xBA,0x6B,0x1E,0xCC,0xBA,0x6B,0x1E,0xCC,0xBA,0x6B,0x1E,0xCC,0xBA,0x6B,0x1E,0xCC,0xBA,0x6B,0x1E,0xCC,0xBA,0x6B,0x1E,0xCC,0xBA,0x6B,0x1E,0xCC,0xBA,0x6B,0x1E,0xCC,0xBA,0x6B,0x1E,0xCC,0xBA,0x6B,0x1E,0xCC,0xBA,0x6B,0x1E,0xCC,0xBA,0x6B,0x1E,0xCC,0xBA,0x6B,0x1E,0xCC,0xBA,0x6B,0x1E,0xCC,0xBA,0x6B,0x1E,0xCC,0xBA,0x6B,0x1E,0xCC,
    0xBA,0x6B,0x1E,0xCC,0xBA,0x6B,0x1E,0xCC,0xBA,0x6B,0x1E,0xCC,0xBA,0x6B,0x1E,0xCC,0xBA,0x6B,0x1E,0xCC,0xBA,0x6B,0x1E,0xCC,0xBA,0x6B,0x1E,0xCC,0xBA,0x6B,0x1E,0xCC,0xBA,0x6B,0x1E,0xCC,0xBA,0x6B,0x1E,0xCC,0xBA,0x6B,0x1E,0xCC,0xBA,0x6B,0x1E,0xCC,0xBA,0x6B,0x1E,0xCC,0xBA,0x6B,0x1E,0xCC,0xBA,0x6B,0x1E,0xCC,0xBA,0x6B,0x1E,0xCC,
    0xBA,0x6B,0x1E,0xCC,0xBA,0x6B,0x1E,0xCC,0xBA,0x6B,0x1E,0xCC,0xBA,0x6B,0x1E,0xCC,0xBA,0x6B,0x1E,0xCC,0xBA,0x6B,0x1E,0xCC,0xBA,0x6B,0x1E,0xCC,0xBA,0x6B,0x1E,0xCC,0xBA,0x6B,0x1E,0xCC,0xBA,0x6B,0x1E,0xCC,0xBA,0x6B,0x1E,0xCC,0xBA,0x6B,0x1E,0xCC,0xBA,0x6D,0x1D,0xCC,0xBA,0x6D,0x1D,0xCC,0xBA,0x6D,0x1D,0xCC,0xBA,0x6B,0x1D,0xCC,
    0xBA,0x6D,0x1E,0xCC,0xBA,0x6D,0x1E,0xCC,0xBC,0x6E,0x1E,0xCC,0xBC,0x6E,0x1F,0xCC,0xBC,0x6E,0x1F,0xCC,0xBC,0x6E,0x1F,0xCC,0xBD,0x6F,0x20,0xCC,0xBE,0x70,0x22,0xCC,0xBE,0x70,0x22,0xCC,0xBF,0x70,0x23,0xCC,0xBF,0x72,0x24,0xCC,0xC1,0x73,0x24,0xCC,0xC2,0x74,0x27,0xCC,0xC3,0x74,0x28,0xCC,0xC4,0x75,0x29,0xCC,0xC7,0x77,0x2A,0xCC,
    0xC8,0x78,0x2C,0xCC,0xC9,0x79,0x2E,0xCC,0xCC,0x7C,0x31,0xCC,0xD2,0x88,0x45,0xCC,0xE6,0xBC,0x95,0xCC,0xF5,0xE5,0xD4,0xCC,0xF6,0xE6,0xD8,0xCC,0xF6,0xE3,0xD1,0xC7,0xF0,0xCD,0xAE,0x75,0xBF,0x80,0x20,0x08,0x00,0x00,0x00,0x00,0x00,0x00,0x00,0x00,0x00,0x00,0x00,0x00,0x00,0x00,0x00,0x00,0x00,0x00,0x00,0x00,0x00,0x00,0x00,0x00,
    0x00,0x00,0x00,0x00,0x00,0x00,0x00,0x00,0x00,0x00,0x00,0x00,0x00,0x00,0x00,0x00,0x00,0x00,0x00,0x00,0x00,0x00,0x00,0x00,0x00,0x00,0x00,0x00,0x00,0x00,0x00,0x00,0x00,0x00,0x00,0x00,0x00,0x00,0x00,0x00,0x00,0x00,0x00,0x00,0x00,0x00,0x00,0x00,0x00,0x00,0x00,0x00,0x00,0x00,0x00,0x00,0x00,0x00,0x00,0x00,0x00,0x00,0x00,0x00,
    0x00,0x00,0x00,0x00,0x00,0x00,0x00,0x00,0x00,0x00,0x00,0x00,0x00,0x00,0x00,0x00,0x00,0x00,0x00,0x00,0x00,0x00,0x00,0x00,0x00,0x00,0x00,0x00,0x00,0x00,0x00,0x00,0x00,0x00,0x00,0x00,0x00,0x00,0x00,0x00,0x00,0x00,0x00,0x00,0x00,0x00,0x00,0x00,0x00,0x00,0x00,0x00,0x00,0x00,0x00,0x00,0x00,0x00,0x00,0x00,0x00,0x00,0x00,0x00,
    0x00,0x00,0x00,0x00,0x00,0x00,0x00,0x00,0x00,0x00,0x00,0x00,0x00,0x00,0x00,0x00,0x00,0x00,0x00,0x00,0x00,0x00,0x00,0x00,0x00,0x00,0x00,0x00,0x00,0x00,0x00,0x00,0xEA,0xB8,0x8E,0x24,0xF1,0xD4,0xB8,0x94,0xF7,0xE6,0xD7,0xCB,0xF6,0xE6,0xD8,0xCC,0xF5,0xE2,0xD2,0xCC,0xE6,0xBC,0x95,0xCC,0xD3,0x8D,0x4B,0xCC,0xCC,0x7C,0x31,0xCC,
    0xCA,0x7B,0x2F,0xCC,0xC9,0x79,0x2D,0xCC,0xC7,0x78,0x2C,0xCC,0xC6,0x77,0x2A,0xCC,0xC4,0x75,0x29,0xCC,0xC4,0x74,0x28,0xCC,0xC3,0x74,0x27,0xCC,0xC2,0x73,0x25,0xCC,0xC1,0x72,0x24,0xCC,0xBF,0x72,0x24,0xCC,0xBF,0x72,0x23,0xCC,0xBF,0x70,0x23,0xCC,0xBF,0x70,0x22,0xCC,0xBE,0x70,0x22,0xCC,0xBE,0x6F,0x22,0xCC,0xBE,0x70,0x22,0xCC,
    0xBE,0x70,0x22,0xCC,0xBD,0x6F,0x20,0xCC,0xBD,0x6F,0x20,0xCC,0xBD,0x6F,0x20,0xCC,0xBD,0x6F,0x20,0xCC,0xBD,0x6F,0x20,0xCC,0xBD,0x6F,0x20,0xCC,0xBD,0x6F,0x20,0xCC,0xBD,0x6F,0x20,0xCC,0xBD,0x6F,0x20,0xCC,0xBD,0x6F,0x20,0xCC,0xBD,0x6F,0x20,0xCC,0xBD,0x6F,0x20,0xCC,0xBD,0x6F,0x20,0xCC,0xBD,0x6F,0x20,0xCC,0xBD,0x6F,0x20,0xCC,
    0xBD,0x6F,0x20,0xCC,0xBD,0x6F,0x20,0xCC,0xBD,0x6F,0x20,0xCC,0xBD,0x6F,0x20,0xCC,0xBD,0x6F,0x20,0xCC,0xBD,0x6F,0x20,0xCC,0xBD,0x6F,0x20,0xCC,0xBD,0x6F,0x20,0xCC,0xBD,0x6F,0x20,0xCC,0xBD,0x6F,0x20,0xCC,0xBD,0x6F,0x20,0xCC,0xBD,0x6F,0x20,0xCC,0xBD,0x6F,0x20,0xCC,0xBD,0x6F,0x20,0xCC,0xBD,0x6F,0x20,0xCC,0xBD,0x6F,0x20,0xCC,
    0xBD,0x6F,0x20,0xCC,0xBD,0x6F,0x20,0xCC,0xBD,0x6F,0x20,0xCC,0xBD,0x6F,0x20,0xCC,0xBD,0x6F,0x20,0xCC,0xBD,0x6F,0x20,0xCC,0xBD,0x6F,0x20,0xCC,0xBD,0x6F,0x20,0xCC,0xBD,0x6F,0x20,0xCC,0xBD,0x6F,0x20,0xCC,0xBD,0x6F,0x20,0xCC,0xBD,0x6F,0x20,0xCC,0xBD,0x6F,0x20,0xCC,0xBD,0x6F,0x20,0xCC,0xBD,0x6F,0x20,0xCC,0xBD,0x6F,0x20,0xCC,
    0xBD,0x6F,0x20,0xCC,0xBD,0x6F,0x20,0xCC,0xBD,0x6F,0x20,0xCC,0xBD,0x6F,0x20,0xCC,0xBD,0x6F,0x20,0xCC,0xBD,0x6F,0x20,0xCC,0xBD,0x6F,0x20,0xCC,0xBD,0x6F,0x20,0xCC,0xBD,0x6F,0x20,0xCC,0xBD,0x6F,0x20,0xCC,0xBD,0x6F,0x20,0xCC,0xBD,0x6F,0x20,0xCC,0xBD,0x6F,0x20,0xCC,0xBD,0x6F,0x20,0xCC,0xBD,0x6F,0x20,0xCC,0xBE,0x70,0x22,0xCC,
    0xBE,0x70,0x22,0xCC,0xBE,0x6F,0x22,0xCC,0xBE,0x70,0x22,0xCC,0xBF,0x70,0x22,0xCC,0xBF,0x70,0x23,0xCC,0xBF,0x72,0x23,0xCC,0xBF,0x72,0x24,0xCC,0xC1,0x72,0x24,0xCC,0xC2,0x73,0x25,0xCC,0xC3,0x74,0x27,0xCC,0xC4,0x74,0x28,0xCC,0xC4,0x75,0x29,0xCC,0xC6,0x77,0x2A,0xCC,0xC7,0x78,0x2C,0xCC,0xC9,0x79,0x2D,0xCC,0xCA,0x7B,0x2F,0xCC,
    0xCC,0x7C,0x31,0xCC,0xD3,0x8D,0x4B,0xCC,0xE6,0xBC,0x95,0xCC,0xF5,0xE2,0xD2,0xCC,0xF6,0xE6,0xD8,0xCC,0xF7,0xE6,0xD7,0xCB,0xF1,0xD4,0xB8,0x94,0xEA,0xB8,0x8E,0x24,0x00,0x00,0x00,0x00,0x00,0x00,0x00,0x00,0x00,0x00,0x00,0x00,0x00,0x00,0x00,0x00,0x00,0x00,0x00,0x00,0x00,0x00,0x00,0x00,0x00,0x00,0x00,0x00,0x00,0x00,0x00,0x00,
    0x00,0x00,0x00,0x00,0x00,0x00,0x00,0x00,0x00,0x00,0x00,0x00,0x00,0x00,0x00,0x00,0x00,0x00,0x00,0x00,0x00,0x00,0x00,0x00,0x00,0x00,0x00,0x00,0x00,0x00,0x00,0x00,0x00,0x00,0x00,0x00,0x00,0x00,0x00,0x00,0x00,0x00,0x00,0x00,0x00,0x00,0x00,0x00,0x00,0x00,0x00,0x00,0x00,0x00,0x00,0x00,0x00,0x00,0x00,0x00,0x00,0x00,0x00,0x00,
    0x00,0x00,0x00,0x00,0x00,0x00,0x00,0x00,0x00,0x00,0x00,0x00,0x00,0x00,0x00,0x00,0x00,0x00,0x00,0x00,0x00,0x00,0x00,0x00,0x00,0x00,0x00,0x00,0x00,0x00,0x00,0x00,0x00,0x00,0x00,0x00,0x00,0x00,0x00,0x00,0x00,0x00,0x00,0x00,0x00,0x00,0x00,0x00,0x00,0x00,0x00,0x00,0x00,0x00,0x00,0x00,0x00,0x00,0x00,0x00,0x00,0x00,0x00,0x00,
    0x00,0x00,0x00,0x00,0x00,0x00,0x00,0x00,0x00,0x00,0x00,0x00,0x00,0x00,0x00,0x00,0x00,0x00,0x00,0x00,0x00,0x00,0x00,0x00,0x00,0x00,0x00,0x00,0x00,0x00,0x00,0x00,0x00,0x00,0x00,0x00,0x00,0x00,0x00,0x00,0xE9,0xB9,0x8D,0x3A,0xF1,0xD5,0xBC,0xA4,0xF7,0xE7,0xD9,0xCB,0xF6,0xE6,0xD8,0xCC,0xF6,0xE6,0xD7,0xCC,0xEB,0xC8,0xA8,0xCC,
    0xD9,0x9E,0x64,0xCC,0xCD,0x7E,0x34,0xCC,0xCC,0x7C,0x31,0xCC,0xCA,0x7B,0x2E,0xCC,0xC9,0x79,0x2E,0xCC,0xC7,0x78,0x2C,0xCC,0xC7,0x77,0x2C,0xCC,0xC6,0x77,0x29,0xCC,0xC4,0x75,0x29,0xCC,0xC4,0x74,0x28,0xCC,0xC3,0x74,0x27,0xCC,0xC3,0x74,0x27,0xCC,0xC2,0x74,0x27,0xCC,0xC2,0x73,0x25,0xCC,0xC2,0x73,0x25,0xCC,0xC1,0x73,0x25,0xCC,
    0xC1,0x72,0x24,0xCC,0xC1,0x73,0x24,0xCC,0xC1,0x73,0x24,0xCC,0xC1,0x73,0x24,0xCC,0xC1,0x72,0x24,0xCC,0xBF,0x72,0x24,0xCC,0xBF,0x72,0x24,0xCC,0xBF,0x72,0x24,0xCC,0xBF,0x72,0x24,0xCC,0xBF,0x72,0x24,0xCC,0xBF,0x72,0x24,0xCC,0xBF,0x72,0x24,0xCC,0xBF,0x72,0x24,0xCC,0xBF,0x72,0x24,0xCC,0xBF,0x72,0x24,0xCC,0xBF,0x72,0x24,0xCC,
    0xBF,0x72,0x24,0xCC,0xBF,0x72,0x24,0xCC,0xBF,0x72,0x24,0xCC,0xBF,0x72,0x24,0xCC,0xBF,0x72,0x24,0xCC,0xBF,0x72,0x24,0xCC,0xBF,0x72,0x24,0xCC,0xBF,0x72,0x24,0xCC,0xBF,0x72,0x24,0xCC,0xBF,0x72,0x24,0xCC,0xBF,0x72,0x24,0xCC,0xBF,0x72,0x24,0xCC,0xBF,0x72,0x24,0xCC,0xBF,0x72,0x24,0xCC,0xBF,0x72,0x24,0xCC,0xBF,0x72,0x24,0xCC,
    0xBF,0x72,0x24,0xCC,0xBF,0x72,0x24,0xCC,0xBF,0x72,0x24,0xCC,0xBF,0x72,0x24,0xCC,0xBF,0x72,0x24,0xCC,0xBF,0x72,0x24,0xCC,0xBF,0x72,0x24,0xCC,0xBF,0x72,0x24,0xCC,0xBF,0x72,0x24,0xCC,0xBF,0x72,0x24,0xCC,0xBF,0x72,0x24,0xCC,0xBF,0x72,0x24,0xCC,0xBF,0x72,0x24,0xCC,0xBF,0x72,0x24,0xCC,0xBF,0x72,0x24,0xCC,0xBF,0x72,0x24,0xCC,
    0xBF,0x72,0x24,0xCC,0xBF,0x72,0x24,0xCC,0xBF,0x72,0x24,0xCC,0xBF,0x72,0x24,0xCC,0xBF,0x72,0x24,0xCC,0xBF,0x72,0x24,0xCC,0xBF,0x72,0x24,0xCC,0xBF,0x72,0x24,0xCC,0xBF,0x72,0x24,0xCC,0xBF,0x72,0x24,0xCC,0xBF,0x72,0x24,0xCC,0xC1,0x72,0x24,0xCC,0xC1,0x73,0x24,0xCC,0xC1,0x73,0x24,0xCC,0xC1,0x73,0x24,0xCC,0xC1,0x72,0x24,0xCC,
    0xC1,0x73,0x25,0xCC,0xC2,0x73,0x25,0xCC,0xC2,0x73,0x25,0xCC,0xC2,0x74,0x27,0xCC,0xC3,0x74,0x27,0xCC,0xC3,0x74,0x27,0xCC,0xC4,0x74,0x28,0xCC,0xC4,0x75,0x29,0xCC,0xC6,0x77,0x29,0xCC,0xC7,0x77,0x2C,0xCC,0xC7,0x78,0x2C,0xCC,0xC9,0x79,0x2E,0xCC,0xCA,0x7B,0x2E,0xCC,0xCC,0x7C,0x31,0xCC,0xCD,0x7E,0x34,0xCC,0xD9,0x9E,0x64,0xCC,
    0xEB,0xC8,0xA8,0xCC,0xF6,0xE6,0xD7,0xCC,0xF6,0xE6,0xD8,0xCC,0xF7,0xE7,0xD9,0xCB,0xF1,0xD5,0xBC,0xA4,0xE9,0xB9,0x8D,0x3A,0x00,0x00,0x00,0x00,0x00,0x00,0x00,0x00,0x00,0x00,0x00,0x00,0x00,0x00,0x00,0x00,0x00,0x00,0x00,0x00,0x00,0x00,0x00,0x00,0x00,0x00,0x00,0x00,0x00,0x00,0x00,0x00,0x00,0x00,0x00,0x00,0x00,0x00,0x00,0x00,
    0x00,0x00,0x00,0x00,0x00,0x00,0x00,0x00,0x00,0x00,0x00,0x00,0x00,0x00,0x00,0x00,0x00,0x00,0x00,0x00,0x00,0x00,0x00,0x00,0x00,0x00,0x00,0x00,0x00,0x00,0x00,0x00,0x00,0x00,0x00,0x00,0x00,0x00,0x00,0x00,0x00,0x00,0x00,0x00,0x00,0x00,0x00,0x00,0x00,0x00,0x00,0x00,0x00,0x00,0x00,0x00,0x00,0x00,0x00,0x00,0x00,0x00,0x00,0x00,
    0x00,0x00,0x00,0x00,0x00,0x00,0x00,0x00,0x00,0x00,0x00,0x00,0x00,0x00,0x00,0x00,0x00,0x00,0x00,0x00,0x00,0x00,0x00,0x00,0x00,0x00,0x00,0x00,0x00,0x00,0x00,0x00,0x00,0x00,0x00,0x00,0x00,0x00,0x00,0x00,0x00,0x00,0x00,0x00,0x00,0x00,0x00,0x00,0x00,0x00,0x00,0x00,0x00,0x00,0x00,0x00,0x00,0x00,0x00,0x00,0x00,0x00,0x00,0x00,
    0x00,0x00,0x00,0x00,0x00,0x00,0x00,0x00,0x00,0x00,0x00,0x00,0x00,0x00,0x00,0x00,0x00,0x00,0x00,0x00,0x00,0x00,0x00,0x00,0x00,0x00,0x00,0x00,0x00,0x00,0x00,0x00,0x00,0x00,0x00,0x00,0x00,0x00,0x00,0x00,0x00,0x00,0x00,0x00,0x00,0x00,0x00,0x00,0xEA,0xB7,0x8C,0x3C,0xF0,0xD4,0xBB,0x99,0xF6,0xE4,0xD4,0xCA,0xF6,0xE6,0xD8,0xCC,
    0xF6,0xE6,0xD7,0xCC,0xF3,0xDD,0xC9,0xCC,0xE5,0xB9,0x91,0xCC,0xD7,0x97,0x5B,0xCC,0xCD,0x7E,0x34,0xCC,0xCC,0x7C,0x31,0xCC,0xCA,0x7B,0x2F,0xCC,0xC9,0x7B,0x2E,0xCC,0xC9,0x79,0x2E,0xCC,0xC8,0x78,0x2C,0xCC,0xC7,0x78,0x2C,0xCC,0xC7,0x77,0x2C,0xCC,0xC6,0x77,0x2A,0xCC,0xC6,0x77,0x29,0xCC,0xC4,0x75,0x29,0xCC,0xC4,0x75,0x29,0xCC,
    0xC4,0x75,0x29,0xCC,0xC4,0x75,0x29,0xCC,0xC4,0x75,0x29,0xCC,0xC4,0x75,0x29,0xCC,0xC4,0x75,0x28,0xCC,0xC4,0x75,0x28,0xCC,0xC4,0x75,0x28,0xCC,0xC4,0x75,0x28,0xCC,0xC4,0x75,0x28,0xCC,0xC4,0x75,0x28,0xCC,0xC4,0x75,0x28,0xCC,0xC4,0x75,0x28,0xCC,0xC4,0x75,0x28,0xCC,0xC4,0x75,0x28,0xCC,0xC4,0x75,0x28,0xCC,0xC4,0x75,0x28,0xCC,
    0xC4,0x75,0x28,0xCC,0xC4,0x75,0x28,0xCC,0xC4,0x75,0x28,0xCC,0xC4,0x75,0x28,0xCC,0xC4,0x75,0x28,0xCC,0xC4,0x75,0x28,0xCC,0xC4,0x75,0x28,0xCC,0xC4,0x75,0x28,0xCC,0xC4,0x75,0x28,0xCC,0xC4,0x75,0x28,0xCC,0xC4,0x75,0x28,0xCC,0xC4,0x75,0x28,0xCC,0xC4,0x75,0x28,0xCC,0xC4,0x75,0x28,0xCC,0xC4,0x75,0x28,0xCC,0xC4,0x75,0x28,0xCC,
    0xC4,0x75,0x28,0xCC,0xC4,0x75,0x28,0xCC,0xC4,0x75,0x28,0xCC,0xC4,0x75,0x28,0xCC,0xC4,0x75,0x28,0xCC,0xC4,0x75,0x28,0xCC,0xC4,0x75,0x28,0xCC,0xC4,0x75,0x28,0xCC,0xC4,0x75,0x28,0xCC,0xC4,0x75,0x28,0xCC,0xC4,0x75,0x28,0xCC,0xC4,0x75,0x28,0xCC,0xC4,0x75,0x28,0xCC,0xC4,0x75,0x28,0xCC,0xC4,0x75,0x28,0xCC,0xC4,0x75,0x28,0xCC,
    0xC4,0x75,0x28,0xCC,0xC4,0x75,0x28,0xCC,0xC4,0x75,0x28,0xCC,0xC4,0x75,0x28,0xCC,0xC4,0x75,0x28,0xCC,0xC4,0x75,0x28,0xCC,0xC4,0x75,0x28,0xCC,0xC4,0x75,0x28,0xCC,0xC4,0x75,0x28,0xCC,0xC4,0x75,0x28,0xCC,0xC4,0x75,0x28,0xCC,0xC4,0x75,0x28,0xCC,0xC4,0x75,0x29,0xCC,0xC4,0x75,0x29,0xCC,0xC4,0x75,0x29,0xCC,0xC4,0x75,0x29,0xCC,
    0xC4,0x75,0x29,0xCC,0xC4,0x75,0x29,0xCC,0xC6,0x77,0x29,0xCC,0xC6,0x77,0x2A,0xCC,0xC7,0x77,0x2C,0xCC,0xC7,0x78,0x2C,0xCC,0xC8,0x78,0x2C,0xCC,0xC9,0x79,0x2E,0xCC,0xC9,0x7B,0x2E,0xCC,0xCA,0x7B,0x2F,0xCC,0xCC,0x7C,0x31,0xCC,0xCD,0x7E,0x34,0xCC,0xD7,0x97,0x5B,0xCC,0xE5,0xB9,0x91,0xCC,0xF3,0xDD,0xC9,0xCC,0xF6,0xE6,0xD7,0xCC,
    0xF6,0xE6,0xD8,0xCC,0xF6,0xE4,0xD4,0xCA,0xF0,0xD4,0xBB,0x99,0xEA,0xB7,0x8C,0x3C,0x00,0x00,0x00,0x00,0x00,0x00,0x00,0x00,0x00,0x00,0x00,0x00,0x00,0x00,0x00,0x00,0x00,0x00,0x00,0x00,0x00,0x00,0x00,0x00,0x00,0x00,0x00,0x00,0x00,0x00,0x00,0x00,0x00,0x00,0x00,0x00,0x00,0x00,0x00,0x00,0x00,0x00,0x00,0x00,0x00,0x00,0x00,0x00,
    0x00,0x00,0x00,0x00,0x00,0x00,0x00,0x00,0x00,0x00,0x00,0x00,0x00,0x00,0x00,0x00,0x00,0x00,0x00,0x00,0x00,0x00,0x00,0x00,0x00,0x00,0x00,0x00,0x00,0x00,0x00,0x00,0x00,0x00,0x00,0x00,0x00,0x00,0x00,0x00,0x00,0x00,0x00,0x00,0x00,0x00,0x00,0x00,0x00,0x00,0x00,0x00,0x00,0x00,0x00,0x00,0x00,0x00,0x00,0x00,0x00,0x00,0x00,0x00,
    0x00,0x00,0x00,0x00,0x00,0x00,0x00,0x00,0x00,0x00,0x00,0x00,0x00,0x00,0x00,0x00,0x00,0x00,0x00,0x00,0x00,0x00,0x00,0x00,0x00,0x00,0x00,0x00,0x00,0x00,0x00,0x00,0x00,0x00,0x00,0x00,0x00,0x00,0x00,0x00,0x00,0x00,0x00,0x00,0x00,0x00,0x00,0x00,0x00,0x00,0x00,0x00,0x00,0x00,0x00,0x00,0x00,0x00,0x00,0x00,0x00,0x00,0x00,0x00,
    0x00,0x00,0x00,0x00,0x00,0x00,0x00,0x00,0x00,0x00,0x00,0x00,0x00,0x00,0x00,0x00,0x00,0x00,0x00,0x00,0x00,0x00,0x00,0x00,0x00,0x00,0x00,0x00,0x00,0x00,0x00,0x00,0x00,0x00,0x00,0x00,0x00,0x00,0x00,0x00,0x00,0x00,0x00,0x00,0x00,0x00,0x00,0x00,0x00,0x00,0x00,0x00,0x00,0x00,0x00,0x00,0xE4,0xAE,0x79,0x26,0xF2,0xD4,0xB8,0x76,
    0xF4,0xDC,0xC7,0xC0,0xF8,0xE6,0xD8,0xCC,0xF6,0xE6,0xD8,0xCC,0xF6,0xE6,0xD7,0xCC,0xF4,0xDE,0xCC,0xCC,0xE8,0xC3,0xA0,0xCC,0xDD,0xA8,0x74,0xCC,0xD4,0x8F,0x4D,0xCC,0xCD,0x7D,0x33,0xCC,0xCC,0x7C,0x31,0xCC,0xCC,0x7C,0x31,0xCC,0xCA,0x7B,0x31,0xCC,0xCA,0x7B,0x2F,0xCC,0xC9,0x7B,0x2E,0xCC,0xC9,0x7B,0x2E,0xCC,0xC9,0x79,0x2D,0xCC,
    0xC9,0x79,0x2E,0xCC,0xC9,0x79,0x2E,0xCC,0xC9,0x79,0x2E,0xCC,0xC9,0x79,0x2E,0xCC,0xC8,0x79,0x2D,0xCC,0xC8,0x79,0x2D,0xCC,0xC8,0x79,0x2D,0xCC,0xC8,0x79,0x2D,0xCC,0xC8,0x79,0x2D,0xCC,0xC8,0x79,0x2D,0xCC,0xC8,0x79,0x2D,0xCC,0xC8,0x79,0x2D,0xCC,0xC8,0x79,0x2D,0xCC,0xC8,0x79,0x2D,0xCC,0xC8,0x79,0x2D,0xCC,0xC8,0x79,0x2D,0xCC,
    0xC8,0x79,0x2D,0xCC,0xC8,0x79,0x2D,0xCC,0xC8,0x79,0x2D,0xCC,0xC8,0x79,0x2D,0xCC,0xC8,0x79,0x2D,0xCC,0xC8,0x79,0x2D,0xCC,0xC8,0x79,0x2D,0xCC,0xC8,0x79,0x2D,0xCC,0xC8,0x79,0x2D,0xCC,0xC8,0x79,0x2D,0xCC,0xC8,0x79,0x2D,0xCC,0xC8,0x79,0x2D,0xCC,0xC8,0x79,0x2D,0xCC,0xC8,0x79,0x2D,0xCC,0xC8,0x79,0x2D,0xCC,0xC8,0x79,0x2D,0xCC,
    0xC8,0x79,0x2D,0xCC,0xC8,0x79,0x2D,0xCC,0xC8,0x79,0x2D,0xCC,0xC8,0x79,0x2D,0xCC,0xC8,0x79,0x2D,0xCC,0xC8,0x79,0x2D,0xCC,0xC8,0x79,0x2D,0xCC,0xC8,0x79,0x2D,0xCC,0xC8,0x79,0x2D,0xCC,0xC8,0x79,0x2D,0xCC,0xC8,0x79,0x2D,0xCC,0xC8,0x79,0x2D,0xCC,0xC8,0x79,0x2D,0xCC,0xC8,0x79,0x2D,0xCC,0xC8,0x79,0x2D,0xCC,0xC8,0x79,0x2D,0xCC,
    0xC8,0x79,0x2D,0xCC,0xC8,0x79,0x2D,0xCC,0xC8,0x79,0x2D,0xCC,0xC8,0x79,0x2D,0xCC,0xC8,0x79,0x2D,0xCC,0xC8,0x79,0x2D,0xCC,0xC8,0x79,0x2D,0xCC,0xC8,0x79,0x2D,0xCC,0xC8,0x79,0x2D,0xCC,0xC8,0x79,0x2D,0xCC,0xC8,0x79,0x2D,0xCC,0xC8,0x79,0x2D,0xCC,0xC9,0x79,0x2E,0xCC,0xC9,0x79,0x2E,0xCC,0xC9,0x79,0x2E,0xCC,0xC9,0x79,0x2E,0xCC,
    0xC9,0x79,0x2D,0xCC,0xC9,0x7B,0x2E,0xCC,0xC9,0x7B,0x2E,0xCC,0xCA,0x7B,0x2F,0xCC,0xCA,0x7B,0x31,0xCC,0xCC,0x7C,0x31,0xCC,0xCC,0x7C,0x31,0xCC,0xCD,0x7D,0x33,0xCC,0xD4,0x8F,0x4D,0xCC,0xDD,0xA8,0x74,0xCC,0xE8,0xC3,0xA0,0xCC,0xF4,0xDE,0xCC,0xCC,0xF6,0xE6,0xD7,0xCC,0xF6,0xE6,0xD8,0xCC,0xF8,0xE6,0xD8,0xCC,0xF4,0xDC,0xC7,0xC0,
    0xF2,0xD4,0xB8,0x76,0xE4,0xAE,0x79,0x26,0x00,0x00,0x00,0x00,0x00,0x00,0x00,0x00,0x00,0x00,0x00,0x00,0x00,0x00,0x00,0x00,0x00,0x00,0x00,0x00,0x00,0x00,0x00,0x00,0x00,0x00,0x00,0x00,0x00,0x00,0x00,0x00,0x00,0x00,0x00,0x00,0x00,0x00,0x00,0x00,0x00,0x00,0x00,0x00,0x00,0x00,0x00,0x00,0x00,0x00,0x00,0x00,0x00,0x00,0x00,0x00,
    0x00,0x00,0x00,0x00,0x00,0x00,0x00,0x00,0x00,0x00,0x00,0x00,0x00,0x00,0x00,0x00,0x00,0x00,0x00,0x00,0x00,0x00,0x00,0x00,0x00,0x00,0x00,0x00,0x00,0x00,0x00,0x00,0x00,0x00,0x00,0x00,0x00,0x00,0x00,0x00,0x00,0x00,0x00,0x00,0x00,0x00,0x00,0x00,0x00,0x00,0x00,0x00,0x00,0x00,0x00,0x00,0x00,0x00,0x00,0x00,0x00,0x00,0x00,0x00,
    0x00,0x00,0x00,0x00,0x00,0x00,0x00,0x00,0x00,0x00,0x00,0x00,0x00,0x00,0x00,0x00,0x00,0x00,0x00,0x00,0x00,0x00,0x00,0x00,0x00,0x00,0x00,0x00,0x00,0x00,0x00,0x00,0x00,0x00,0x00,0x00,0x00,0x00,0x00,0x00,0x00,0x00,0x00,0x00,0x00,0x00,0x00,0x00,0x00,0x00,0x00,0x00,0x00,0x00,0x00,0x00,0x00,0x00,0x00,0x00,0x00,0x00,0x00,0x00,
    0x00,0x00,0x00,0x00,0x00,0x00,0x00,0x00,0x00,0x00,0x00,0x00,0x00,0x00,0x00,0x00,0x00,0x00,0x00,0x00,0x00,0x00,0x00,0x00,0x00,0x00,0x00,0x00,0x00,0x00,0x00,0x00,0x00,0x00,0x00,0x00,0x00,0x00,0x00,0x00,0x00,0x00,0x00,0x00,0x00,0x00,0x00,0x00,0x00,0x00,0x00,0x00,0x00,0x00,0x00,0x00,0x00,0x00,0x00,0x00,0x00,0x00,0x00,0x00,
    0xAA,0x55,0x00,0x03,0xEA,0xC0,0x96,0x49,0xF0,0xD4,0xBB,0x87,0xF4,0xDD,0xC8,0xC2,0xF8,0xE7,0xD8,0xCC,0xF6,0xE6,0xD8,0xCC,0xF6,0xE6,0xD7,0xCC,0xF6,0xE6,0xD7,0xCC,0xF4,0xE0,0xCE,0xCC,0xEC,0xCD,0xB0,0xCC,0xE6,0xBC,0x95,0xCC,0xE0,0xAD,0x7C,0xCC,0xDB,0x9F,0x68,0xCC,0xD7,0x95,0x56,0xCC,0xD2,0x8B,0x48,0xCC,0xD1,0x85,0x3D,0xCC,
    0xCE,0x80,0x37,0xCC,0xCD,0x7D,0x33,0xCC,0xCD,0x7D,0x33,0xCC,0xCD,0x7D,0x32,0xCC,0xCD,0x7D,0x32,0xCC,0xCD,0x7D,0x32,0xCC,0xCD,0x7D,0x32,0xCC,0xCD,0x7D,0x32,0xCC,0xCD,0x7C,0x32,0xCC,0xCD,0x7C,0x32,0xCC,0xCD,0x7C,0x32,0xCC,0xCD,0x7C,0x32,0xCC,0xCD,0x7C,0x32,0xCC,0xCD,0x7C,0x32,0xCC,0xCD,0x7C,0x32,0xCC,0xCD,0x7C,0x32,0xCC,
    0xCD,0x7C,0x32,0xCC,0xCD,0x7C,0x32,0xCC,0xCD,0x7C,0x32,0xCC,0xCD,0x7C,0x32,0xCC,0xCD,0x7C,0x32,0xCC,0xCD,0x7C,0x32,0xCC,0xCD,0x7C,0x32,0xCC,0xCD,0x7C,0x32,0xCC,0xCD,0x7C,0x32,0xCC,0xCD,0x7C,0x32,0xCC,0xCD,0x7C,0x32,0xCC,0xCD,0x7C,0x32,0xCC,0xCD,0x7C,0x32,0xCC,0xCD,0x7C,0x32,0xCC,0xCD,0x7C,0x32,0xCC,0xCD,0x7C,0x32,0xCC,
    0xCD,0x7C,0x32,0xCC,0xCD,0x7C,0x32,0xCC,0xCD,0x7C,0x32,0xCC,0xCD,0x7C,0x32,0xCC,0xCD,0x7C,0x32,0xCC,0xCD,0x7C,0x32,0xCC,0xCD,0x7C,0x32,0xCC,0xCD,0x7C,0x32,0xCC,0xCD,0x7C,0x32,0xCC,0xCD,0x7C,0x32,0xCC,0xCD,0x7C,0x32,0xCC,0xCD,0x7C,0x32,0xCC,0xCD,0x7C,0x32,0xCC,0xCD,0x7C,0x32,0xCC,0xCD,0x7C,0x32,0xCC,0xCD,0x7C,0x32,0xCC,
    0xCD,0x7C,0x32,0xCC,0xCD,0x7C,0x32,0xCC,0xCD,0x7C,0x32,0xCC,0xCD,0x7C,0x32,0xCC,0xCD,0x7C,0x32,0xCC,0xCD,0x7C,0x32,0xCC,0xCD,0x7C,0x32,0xCC,0xCD,0x7C,0x32,0xCC,0xCD,0x7D,0x32,0xCC,0xCD,0x7D,0x32,0xCC,0xCD,0x7D,0x32,0xCC,0xCD,0x7D,0x32,0xCC,0xCD,0x7D,0x32,0xCC,0xCD,0x7D,0x33,0xCC,0xCD,0x7D,0x33,0xCC,0xCE,0x80,0x37,0xCC,
    0xD1,0x85,0x3D,0xCC,0xD2,0x8B,0x48,0xCC,0xD7,0x95,0x56,0xCC,0xDB,0x9F,0x68,0xCC,0xE0,0xAD,0x7C,0xCC,0xE6,0xBC,0x95,0xCC,0xEC,0xCD,0xB0,0xCC,0xF4,0xE0,0xCE,0xCC,0xF6,0xE6,0xD7,0xCC,0xF6,0xE6,0xD7,0xCC,0xF6,0xE6,0xD8,0xCC,0xF8,0xE7,0xD8,0xCC,0xF4,0xDD,0xC8,0xC2,0xF0,0xD4,0xBB,0x87,0xEA,0xC0,0x96,0x49,0xAA,0x55,0x00,0x03,
    0x00,0x00,0x00,0x00,0x00,0x00,0x00,0x00,0x00,0x00,0x00,0x00,0x00,0x00,0x00,0x00,0x00,0x00,0x00,0x00,0x00,0x00,0x00,0x00,0x00,0x00,0x00,0x00,0x00,0x00,0x00,0x00,0x00,0x00,0x00,0x00,0x00,0x00,0x00,0x00,0x00,0x00,0x00,0x00,0x00,0x00,0x00,0x00,0x00,0x00,0x00,0x00,0x00,0x00,0x00,0x00,0x00,0x00,0x00,0x00,0x00,0x00,0x00,0x00,
    0x00,0x00,0x00,0x00,0x00,0x00,0x00,0x00,0x00,0x00,0x00,0x00,0x00,0x00,0x00,0x00,0x00,0x00,0x00,0x00,0x00,0x00,0x00,0x00,0x00,0x00,0x00,0x00,0x00,0x00,0x00,0x00,0x00,0x00,0x00,0x00,0x00,0x00,0x00,0x00,0x00,0x00,0x00,0x00,0x00,0x00,0x00,0x00,0x00,0x00,0x00,0x00,0x00,0x00,0x00,0x00,0x00,0x00,0x00,0x00,0x00,0x00,0x00,0x00,
    0x00,0x00,0x00,0x00,0x00,0x00,0x00,0x00,0x00,0x00,0x00,0x00,0x00,0x00,0x00,0x00,0x00,0x00,0x00,0x00,0x00,0x00,0x00,0x00,0x00,0x00,0x00,0x00,0x00,0x00,0x00,0x00,0x00,0x00,0x00,0x00,0x00,0x00,0x00,0x00,0x00,0x00,0x00,0x00,0x00,0x00,0x00,0x00,0x00,0x00,0x00,0x00,0x00,0x00,0x00,0x00,0x00,0x00,0x00,0x00,0x00,0x00,0x00,0x00,
    0x00,0x00,0x00,0x00,0x00,0x00,0x00,0x00,0x00,0x00,0x00,0x00,0x00,0x00,0x00,0x00,0x00,0x00,0x00,0x00,0x00,0x00,0x00,0x00,0x00,0x00,0x00,0x00,0x00,0x00,0x00,0x00,0x00,0x00,0x00,0x00,0x00,0x00,0x00,0x00,0x00,0x00,0x00,0x00,0x00,0x00,0x00,0x00,0x00,0x00,0x00,0x00,0x00,0x00,0x00,0x00,0x00,0x00,0x00,0x00,0x00,0x00,0x00,0x00,
    0x00,0x00,0x00,0x00,0x00,0x00,0x00,0x00,0x00,0x00,0x00,0x00,0x00,0x00,0x00,0x00,0xEA,0xB8,0x8A,0x3D,0xF5,0xD7,0xBD,0x65,0xF1,0xD5,0xBB,0xA8,0xF5,0xDF,0xCA,0xC6,0xF8,0xE7,0xD8,0xCC,0xF8,0xE6,0xD8,0xCC,0xF6,0xE6,0xD8,0xCC,0xF6,0xE6,0xD7,0xCC,0xF6,0xE6,0xD7,0xCC,0xF6,0xE6,0xD7,0xCC,0xF6,0xE6,0xD7,0xCC,0xF6,0xE6,0xD7,0xCC,
    0xF6,0xE6,0xD7,0xCC,0xF6,0xE6,0xD7,0xCC,0xF6,0xE6,0xD7,0xCC,0xF6,0xE6,0xD7,0xCC,0xF6,0xE6,0xD7,0xCC,0xF6,0xE6,0xD7,0xCC,0xF6,0xE6,0xD7,0xCC,0xF6,0xE6,0xD7,0xCC,0xF6,0xE6,0xD7,0xCC,0xF6,0xE6,0xD7,0xCC,0xF6,0xE6,0xD7,0xCC,0xF6,0xE6,0xD7,0xCC,0xF6,0xE6,0xD7,0xCC,0xF6,0xE6,0xD7,0xCC,0xF6,0xE6,0xD7,0xCC,0xF6,0xE6,0xD7,0xCC,
    0xF6,0xE6,0xD7,0xCC,0xF6,0xE6,0xD7,0xCC,0xF6,0xE6,0xD7,0xCC,0xF6,0xE6,0xD7,0xCC,0xF6,0xE6,0xD7,0xCC,0xF6,0xE6,0xD7,0xCC,0xF6,0xE6,0xD7,0xCC,0xF6,0xE6,0xD7,0xCC,0xF6,0xE6,0xD7,0xCC,0xF6,0xE6,0xD7,0xCC,0xF6,0xE6,0xD7,0xCC,0xF6,0xE6,0xD7,0xCC,0xF6,0xE6,0xD7,0xCC,0xF6,0xE6,0xD7,0xCC,0xF6,0xE6,0xD7,0xCC,0xF6,0xE6,0xD7,0xCC,
    0xF6,0xE6,0xD7,0xCC,0xF6,0xE6,0xD7,0xCC,0xF6,0xE6,0xD7,0xCC,0xF6,0xE6,0xD7,0xCC,0xF6,0xE6,0xD7,0xCC,0xF6,0xE6,0xD7,0xCC,0xF6,0xE6,0xD7,0xCC,0xF6,0xE6,0xD7,0xCC,0xF6,0xE6,0xD7,0xCC,0xF6,0xE6,0xD7,0xCC,0xF6,0xE6,0xD7,0xCC,0xF6,0xE6,0xD7,0xCC,0xF6,0xE6,0xD7,0xCC,0xF6,0xE6,0xD7,0xCC,0xF6,0xE6,0xD7,0xCC,0xF6,0xE6,0xD7,0xCC,
    0xF6,0xE6,0xD7,0xCC,0xF6,0xE6,0xD7,0xCC,0xF6,0xE6,0xD7,0xCC,0xF6,0xE6,0xD7,0xCC,0xF6,0xE6,0xD7,0xCC,0xF6,0xE6,0xD7,0xCC,0xF6,0xE6,0xD7,0xCC,0xF6,0xE6,0xD7,0xCC,0xF6,0xE6,0xD7,0xCC,0xF6,0xE6,0xD7,0xCC,0xF6,0xE6,0xD7,0xCC,0xF6,0xE6,0xD7,0xCC,0xF6,0xE6,0xD7,0xCC,0xF6,0xE6,0xD7,0xCC,0xF6,0xE6,0xD7,0xCC,0xF6,0xE6,0xD7,0xCC,
    0xF6,0xE6,0xD7,0xCC,0xF6,0xE6,0xD7,0xCC,0xF6,0xE6,0xD7,0xCC,0xF6,0xE6,0xD7,0xCC,0xF6,0xE6,0xD7,0xCC,0xF6,0xE6,0xD8,0xCC,0xF8,0xE6,0xD8,0xCC,0xF8,0xE7,0xD8,0xCC,0xF5,0xDF,0xCA,0xC6,0xF1,0xD5,0xBB,0xA8,0xF5,0xD7,0xBD,0x65,0xEA,0xB8,0x8A,0x3D,0x00,0x00,0x00,0x00,0x00,0x00,0x00,0x00,0x00,0x00,0x00,0x00,0x00,0x00,0x00,0x00,
    0x00,0x00,0x00,0x00,0x00,0x00,0x00,0x00,0x00,0x00,0x00,0x00,0x00,0x00,0x00,0x00,0x00,0x00,0x00,0x00,0x00,0x00,0x00,0x00,0x00,0x00,0x00,0x00,0x00,0x00,0x00,0x00,0x00,0x00,0x00,0x00,0x00,0x00,0x00,0x00,0x00,0x00,0x00,0x00,0x00,0x00,0x00,0x00,0x00,0x00,0x00,0x00,0x00,0x00,0x00,0x00,0x00,0x00,0x00,0x00,0x00,0x00,0x00,0x00,
    0x00,0x00,0x00,0x00,0x00,0x00,0x00,0x00,0x00,0x00,0x00,0x00,0x00,0x00,0x00,0x00,0x00,0x00,0x00,0x00,0x00,0x00,0x00,0x00,0x00,0x00,0x00,0x00,0x00,0x00,0x00,0x00,0x00,0x00,0x00,0x00,0x00,0x00,0x00,0x00,0x00,0x00,0x00,0x00,0x00,0x00,0x00,0x00,0x00,0x00,0x00,0x00,0x00,0x00,0x00,0x00,0x00,0x00,0x00,0x00,0x00,0x00,0x00,0x00,
    0x00,0x00,0x00,0x00,0x00,0x00,0x00,0x00,0x00,0x00,0x00,0x00,0x00,0x00,0x00,0x00,0x00,0x00,0x00,0x00,0x00,0x00,0x00,0x00,0x00,0x00,0x00,0x00,0x00,0x00,0x00,0x00,0x00,0x00,0x00,0x00,0x00,0x00,0x00,0x00,0x00,0x00,0x00,0x00,0x00,0x00,0x00,0x00,0x00,0x00,0x00,0x00,0x00,0x00,0x00,0x00,0x00,0x00,0x00,0x00,0x00,0x00,0x00,0x00,
    0x00,0x00,0x00,0x00,0x00,0x00,0x00,0x00,0x00,0x00,0x00,0x00,0x00,0x00,0x00,0x00,0x00,0x00,0x00,0x00,0x00,0x00,0x00,0x00,0x00,0x00,0x00,0x00,0x00,0x00,0x00,0x00,0x00,0x00,0x00,0x00,0x00,0x00,0x00,0x00,0x00,0x00,0x00,0x00,0x00,0x00,0x00,0x00,0x00,0x00,0x00,0x00,0x00,0x00,0x00,0x00,0x00,0x00,0x00,0x00,0x00,0x00,0x00,0x00,
    0x00,0x00,0x00,0x00,0x00,0x00,0x00,0x00,0x00,0x00,0x00,0x00,0x00,0x00,0x00,0x00,0x00,0x00,0x00,0x00,0x00,0x00,0x00,0x00,0x00,0x00,0x00,0x00,0x00,0x00,0x00,0x00,0xE4,0xAE,0x7D,0x2F,0xF0,0xC9,0xA5,0x55,0xF5,0xDB,0xC7,0x64,0xF1,0xD6,0xBD,0x8F,0xF2,0xD5,0xBB,0xB0,0xF4,0xDA,0xC3,0xBF,0xF6,0xDF,0xCA,0xC6,0xF6,0xE2,0xD0,0xCA,
    0xF7,0xE5,0xD6,0xCB,0xF8,0xE6,0xD8,0xCC,0xF8,0xE7,0xD8,0xCC,0xF8,0xE7,0xD8,0xCC,0xF8,0xE6,0xD8,0xCC,0xF8,0xE6,0xD8,0xCC,0xF8,0xE6,0xD8,0xCC,0xF8,0xE6,0xD8,0xCC,0xF8,0xE6,0xD8,0xCC,0xF8,0xE6,0xD8,0xCC,0xF8,0xE6,0xD8,0xCC,0xF8,0xE6,0xD8,0xCC,0xF8,0xE6,0xD8,0xCC,0xF8,0xE6,0xD8,0xCC,0xF8,0xE6,0xD8,0xCC,0xF8,0xE6,0xD8,0xCC,
    0xF8,0xE6,0xD8,0xCC,0xF8,0xE6,0xD8,0xCC,0xF8,0xE6,0xD8,0xCC,0xF8,0xE6,0xD8,0xCC,0xF8,0xE6,0xD8,0xCC,0xF8,0xE6,0xD8,0xCC,0xF8,0xE6,0xD8,0xCC,0xF8,0xE6,0xD8,0xCC,0xF8,0xE6,0xD8,0xCC,0xF8,0xE6,0xD8,0xCC,0xF8,0xE6,0xD8,0xCC,0xF8,0xE6,0xD8,0xCC,0xF8,0xE6,0xD8,0xCC,0xF8,0xE6,0xD8,0xCC,0xF8,0xE6,0xD8,0xCC,0xF8,0xE6,0xD8,0xCC,
    0xF8,0xE6,0xD8,0xCC,0xF8,0xE6,0xD8,0xCC,0xF8,0xE6,0xD8,0xCC,0xF8,0xE6,0xD8,0xCC,0xF8,0xE6,0xD8,0xCC,0xF8,0xE6,0xD8,0xCC,0xF8,0xE6,0xD8,0xCC,0xF8,0xE6,0xD8,0xCC,0xF8,0xE6,0xD8,0xCC,0xF8,0xE6,0xD8,0xCC,0xF8,0xE6,0xD8,0xCC,0xF8,0xE6,0xD8,0xCC,0xF8,0xE6,0xD8,0xCC,0xF8,0xE6,0xD8,0xCC,0xF8,0xE6,0xD8,0xCC,0xF8,0xE6,0xD8,0xCC,
    0xF8,0xE6,0xD8,0xCC,0xF8,0xE6,0xD8,0xCC,0xF8,0xE6,0xD8,0xCC,0xF8,0xE6,0xD8,0xCC,0xF8,0xE6,0xD8,0xCC,0xF8,0xE6,0xD8,0xCC,0xF8,0xE6,0xD8,0xCC,0xF8,0xE6,0xD8,0xCC,0xF8,0xE6,0xD8,0xCC,0xF8,0xE6,0xD8,0xCC,0xF8,0xE6,0xD8,0xCC,0xF8,0xE6,0xD8,0xCC,0xF8,0xE7,0xD8,0xCC,0xF8,0xE7,0xD8,0xCC,0xF8,0xE6,0xD8,0xCC,0xF7,0xE5,0xD6,0xCB,
    0xF6,0xE2,0xD0,0xCA,0xF6,0xDF,0xCA,0xC6,0xF4,0xDA,0xC3,0xBF,0xF2,0xD5,0xBB,0xB0,0xF1,0xD6,0xBD,0x8F,0xF5,0xDB,0xC7,0x64,0xF0,0xC9,0xA5,0x55,0xE4,0xAE,0x7D,0x2F,0x00,0x00,0x00,0x00,0x00,0x00,0x00,0x00,0x00,0x00,0x00,0x00,0x00,0x00,0x00,0x00,0x00,0x00,0x00,0x00,0x00,0x00,0x00,0x00,0x00,0x00,0x00,0x00,0x00,0x00,0x00,0x00,
    0x00,0x00,0x00,0x00,0x00,0x00,0x00,0x00,0x00,0x00,0x00,0x00,0x00,0x00,0x00,0x00,0x00,0x00,0x00,0x00,0x00,0x00,0x00,0x00,0x00,0x00,0x00,0x00,0x00,0x00,0x00,0x00,0x00,0x00,0x00,0x00,0x00,0x00,0x00,0x00,0x00,0x00,0x00,0x00,0x00,0x00,0x00,0x00,0x00,0x00,0x00,0x00,0x00,0x00,0x00,0x00,0x00,0x00,0x00,0x00,0x00,0x00,0x00,0x00,
    0x00,0x00,0x00,0x00,0x00,0x00,0x00,0x00,0x00,0x00,0x00,0x00,0x00,0x00,0x00,0x00,0x00,0x00,0x00,0x00,0x00,0x00,0x00,0x00,0x00,0x00,0x00,0x00,0x00,0x00,0x00,0x00,0x00,0x00,0x00,0x00,0x00,0x00,0x00,0x00,0x00,0x00,0x00,0x00,0x00,0x00,0x00,0x00,0x00,0x00,0x00,0x00,0x00,0x00,0x00,0x00,0x00,0x00,0x00,0x00,0x00,0x00,0x00,0x00
};

const lv_image_dsc_t ui_img_icon_playback_p_png = {
    .header.w = 160,
    .header.h = 100,
    .data_size = sizeof(ui_img_icon_playback_p_png_data),
    .header.cf = LV_COLOR_FORMAT_NATIVE_WITH_ALPHA,
    .header.magic = LV_IMAGE_HEADER_MAGIC,
    .data = ui_img_icon_playback_p_png_data
};
