// Auto-generated from settings_btn2w_n.png by convert_dvr_images.py
// LVGL version: 9.2.2   Image: 310x80 ARGB8888

#include "../ui.h"

#ifndef LV_ATTRIBUTE_MEM_ALIGN
    #define LV_ATTRIBUTE_MEM_ALIGN
#endif

// IMAGE DATA: settings_btn2w_n.png
const LV_ATTRIBUTE_MEM_ALIGN uint8_t ui_img_settings_btn2w_n_png_data[] = {
    0x00,0x00,0x00,0x00,0x00,0x00,0x00,0x00,0x00,0x00,0x00,0x00,0x00,0x00,0x00,0x00,0x00,0x00,0x00,0x00,0x99,0x66,0x00,0x05,0xAA,0x5E,0x13,0x1B,0xB2,0x65,0x0E,0x35,0xAF,0x63,0x0F,0x43,0xB1,0x63,0x11,0x4B,0xB0,0x63,0x11,0x4D,0xB0,0x63,0x11,0x4D,0xB0,0x63,0x11,0x4D,0xB0,0x63,0x11,0x4D,0xB0,0x63,0x11,0x4D,0xB0,0x63,0x11,0x4D,
    0xB0,0x63,0x11,0x4D,0xB0,0x63,0x11,0x4D,0xB0,0x63,0x11,0x4D,0xB0,0x63,0x11,0x4D,0xB0,0x63,0x11,0x4D,0xB0,0x63,0x11,0x4D,0xB0,0x63,0x11,0x4D,0xB0,0x63,0x11,0x4D,0xB0,0x63,0x11,0x4D,0xB0,0x63,0x11,0x4D,0xB0,0x63,0x11,0x4D,0xB0,0x63,0x11,0x4D,0xB0,0x63,0x11,0x4D,0xB0,0x63,0x11,0x4D,0xB0,0x63,0x11,0x4D,0xB0,0x63,0x11,0x4D,
    0xB0,0x63,0x11,0x4D,0xB0,0x63,0x11,0x4D,0xB0,0x63,0x11,0x4D,0xB0,0x63,0x11,0x4D,0xB0,0x63,0x11,0x4D,0xB0,0x63,0x11,0x4D,0xB0,0x63,0x11,0x4D,0xB0,0x63,0x11,0x4D,0xB0,0x63,0x11,0x4D,0xB0,0x63,0x11,0x4D,0xB0,0x63,0x11,0x4D,0xB0,0x63,0x11,0x4D,0xB0,0x63,0x11,0x4D,0xB0,0x63,0x11,0x4D,0xB0,0x63,0x11,0x4D,0xB0,0x63,0x11,0x4D,
    0xB0,0x63,0x11,0x4D,0xB0,0x63,0x11,0x4D,0xB0,0x63,0x11,0x4D,0xB0,0x63,0x11,0x4D,0xB0,0x63,0x11,0x4D,0xB0,0x63,0x11,0x4D,0xB0,0x63,0x11,0x4D,0xB0,0x63,0x11,0x4D,0xB0,0x63,0x11,0x4D,0xB0,0x63,0x11,0x4D,0xB0,0x63,0x11,0x4D,0xB0,0x63,0x11,0x4D,0xB0,0x63,0x11,0x4D,0xB0,0x63,0x11,0x4D,0xB0,0x63,0x11,0x4D,0xB0,0x63,0x11,0x4D,
    0xB0,0x63,0x11,0x4D,0xB0,0x63,0x11,0x4D,0xB0,0x63,0x11,0x4D,0xB0,0x63,0x11,0x4D,0xB0,0x63,0x11,0x4D,0xB0,0x63,0x11,0x4D,0xB0,0x63,0x11,0x4D,0xB0,0x63,0x11,0x4D,0xB0,0x63,0x11,0x4D,0xB0,0x63,0x11,0x4D,0xB0,0x63,0x11,0x4D,0xB0,0x63,0x11,0x4D,0xB0,0x63,0x11,0x4D,0xB0,0x63,0x11,0x4D,0xB0,0x63,0x11,0x4D,0xB0,0x63,0x11,0x4D,
    0xB0,0x63,0x11,0x4D,0xB0,0x63,0x11,0x4D,0xB0,0x63,0x11,0x4D,0xB0,0x63,0x11,0x4D,0xB0,0x63,0x11,0x4D,0xB0,0x63,0x11,0x4D,0xB0,0x63,0x11,0x4D,0xB0,0x63,0x11,0x4D,0xB0,0x63,0x11,0x4D,0xB0,0x63,0x11,0x4D,0xB0,0x63,0x11,0x4D,0xB0,0x63,0x11,0x4D,0xB0,0x63,0x11,0x4D,0xB0,0x63,0x11,0x4D,0xB0,0x63,0x11,0x4D,0xB0,0x63,0x11,0x4D,
    0xB0,0x63,0x11,0x4D,0xB0,0x63,0x11,0x4D,0xB0,0x63,0x11,0x4D,0xB0,0x63,0x11,0x4D,0xB0,0x63,0x11,0x4D,0xB0,0x63,0x11,0x4D,0xB0,0x63,0x11,0x4D,0xB0,0x63,0x11,0x4D,0xB0,0x63,0x11,0x4D,0xB0,0x63,0x11,0x4D,0xB0,0x63,0x11,0x4D,0xB0,0x63,0x11,0x4D,0xB0,0x63,0x11,0x4D,0xB0,0x63,0x11,0x4D,0xB0,0x63,0x11,0x4D,0xB0,0x63,0x11,0x4D,
    0xB0,0x63,0x11,0x4D,0xB0,0x63,0x11,0x4D,0xB0,0x63,0x11,0x4D,0xB0,0x63,0x11,0x4D,0xB0,0x63,0x11,0x4D,0xB0,0x63,0x11,0x4D,0xB0,0x63,0x11,0x4D,0xB0,0x63,0x11,0x4D,0xB0,0x63,0x11,0x4D,0xB0,0x63,0x11,0x4D,0xB0,0x63,0x11,0x4D,0xB0,0x63,0x11,0x4D,0xB0,0x63,0x11,0x4D,0xB0,0x63,0x11,0x4D,0xB0,0x63,0x11,0x4D,0xB0,0x63,0x11,0x4D,
    0xB0,0x63,0x11,0x4D,0xB0,0x63,0x11,0x4D,0xB0,0x63,0x11,0x4D,0xB0,0x63,0x11,0x4D,0xB0,0x63,0x11,0x4D,0xB0,0x63,0x11,0x4D,0xB0,0x63,0x11,0x4D,0xB0,0x63,0x11,0x4D,0xB0,0x63,0x11,0x4D,0xB0,0x63,0x11,0x4D,0xB0,0x63,0x11,0x4D,0xB0,0x63,0x11,0x4D,0xB0,0x63,0x11,0x4D,0xB0,0x63,0x11,0x4D,0xB0,0x63,0x11,0x4D,0xB0,0x63,0x11,0x4D,
    0xB0,0x63,0x11,0x4D,0xB0,0x63,0x11,0x4D,0xB0,0x63,0x11,0x4D,0xB0,0x63,0x11,0x4D,0xB0,0x63,0x11,0x4D,0xB0,0x63,0x11,0x4D,0xB0,0x63,0x11,0x4D,0xB0,0x63,0x11,0x4D,0xB0,0x63,0x11,0x4D,0xB0,0x63,0x11,0x4D,0xB0,0x63,0x11,0x4D,0xB0,0x63,0x11,0x4D,0xB0,0x63,0x11,0x4D,0xB0,0x63,0x11,0x4D,0xB0,0x63,0x11,0x4D,0xB0,0x63,0x11,0x4D,
    0xB0,0x63,0x11,0x4D,0xB0,0x63,0x11,0x4D,0xB0,0x63,0x11,0x4D,0xB0,0x63,0x11,0x4D,0xB0,0x63,0x11,0x4D,0xB0,0x63,0x11,0x4D,0xB0,0x63,0x11,0x4D,0xB0,0x63,0x11,0x4D,0xB0,0x63,0x11,0x4D,0xB0,0x63,0x11,0x4D,0xB0,0x63,0x11,0x4D,0xB0,0x63,0x11,0x4D,0xB0,0x63,0x11,0x4D,0xB0,0x63,0x11,0x4D,0xB0,0x63,0x11,0x4D,0xB0,0x63,0x11,0x4D,
    0xB0,0x63,0x11,0x4D,0xB0,0x63,0x11,0x4D,0xB0,0x63,0x11,0x4D,0xB0,0x63,0x11,0x4D,0xB0,0x63,0x11,0x4D,0xB0,0x63,0x11,0x4D,0xB0,0x63,0x11,0x4D,0xB0,0x63,0x11,0x4D,0xB0,0x63,0x11,0x4D,0xB0,0x63,0x11,0x4D,0xB0,0x63,0x11,0x4D,0xB0,0x63,0x11,0x4D,0xB0,0x63,0x11,0x4D,0xB0,0x63,0x11,0x4D,0xB0,0x63,0x11,0x4D,0xB0,0x63,0x11,0x4D,
    0xB0,0x63,0x11,0x4D,0xB0,0x63,0x11,0x4D,0xB0,0x63,0x11,0x4D,0xB0,0x63,0x11,0x4D,0xB0,0x63,0x11,0x4D,0xB0,0x63,0x11,0x4D,0xB0,0x63,0x11,0x4D,0xB0,0x63,0x11,0x4D,0xB0,0x63,0x11,0x4D,0xB0,0x63,0x11,0x4D,0xB0,0x63,0x11,0x4D,0xB0,0x63,0x11,0x4D,0xB0,0x63,0x11,0x4D,0xB0,0x63,0x11,0x4D,0xB0,0x63,0x11,0x4D,0xB0,0x63,0x11,0x4D,
    0xB0,0x63,0x11,0x4D,0xB0,0x63,0x11,0x4D,0xB0,0x63,0x11,0x4D,0xB0,0x63,0x11,0x4D,0xB0,0x63,0x11,0x4D,0xB0,0x63,0x11,0x4D,0xB0,0x63,0x11,0x4D,0xB0,0x63,0x11,0x4D,0xB0,0x63,0x11,0x4D,0xB0,0x63,0x11,0x4D,0xB0,0x63,0x11,0x4D,0xB0,0x63,0x11,0x4D,0xB0,0x63,0x11,0x4D,0xB0,0x63,0x11,0x4D,0xB0,0x63,0x11,0x4D,0xB0,0x63,0x11,0x4D,
    0xB0,0x63,0x11,0x4D,0xB0,0x63,0x11,0x4D,0xB0,0x63,0x11,0x4D,0xB0,0x63,0x11,0x4D,0xB0,0x63,0x11,0x4D,0xB0,0x63,0x11,0x4D,0xB0,0x63,0x11,0x4D,0xB0,0x63,0x11,0x4D,0xB0,0x63,0x11,0x4D,0xB0,0x63,0x11,0x4D,0xB0,0x63,0x11,0x4D,0xB0,0x63,0x11,0x4D,0xB0,0x63,0x11,0x4D,0xB0,0x63,0x11,0x4D,0xB0,0x63,0x11,0x4D,0xB0,0x63,0x11,0x4D,
    0xB0,0x63,0x11,0x4D,0xB0,0x63,0x11,0x4D,0xB0,0x63,0x11,0x4D,0xB0,0x63,0x11,0x4D,0xB0,0x63,0x11,0x4D,0xB0,0x63,0x11,0x4D,0xB0,0x63,0x11,0x4D,0xB0,0x63,0x11,0x4D,0xB0,0x63,0x11,0x4D,0xB0,0x63,0x11,0x4D,0xB0,0x63,0x11,0x4D,0xB0,0x63,0x11,0x4D,0xB0,0x63,0x11,0x4D,0xB0,0x63,0x11,0x4D,0xB0,0x63,0x11,0x4D,0xB0,0x63,0x11,0x4D,
    0xB0,0x63,0x11,0x4D,0xB0,0x63,0x11,0x4D,0xB0,0x63,0x11,0x4D,0xB0,0x63,0x11,0x4D,0xB0,0x63,0x11,0x4D,0xB0,0x63,0x11,0x4D,0xB0,0x63,0x11,0x4D,0xB0,0x63,0x11,0x4D,0xB0,0x63,0x11,0x4D,0xB0,0x63,0x11,0x4D,0xB0,0x63,0x11,0x4D,0xB0,0x63,0x11,0x4D,0xB0,0x63,0x11,0x4D,0xB0,0x63,0x11,0x4D,0xB0,0x63,0x11,0x4D,0xB0,0x63,0x11,0x4D,
    0xB0,0x63,0x11,0x4D,0xB0,0x63,0x11,0x4D,0xB0,0x63,0x11,0x4D,0xB0,0x63,0x11,0x4D,0xB0,0x63,0x11,0x4D,0xB0,0x63,0x11,0x4D,0xB0,0x63,0x11,0x4D,0xB0,0x63,0x11,0x4D,0xB0,0x63,0x11,0x4D,0xB0,0x63,0x11,0x4D,0xB0,0x63,0x11,0x4D,0xB0,0x63,0x11,0x4D,0xB0,0x63,0x11,0x4D,0xB0,0x63,0x11,0x4D,0xB0,0x63,0x11,0x4D,0xB0,0x63,0x11,0x4D,
    0xB0,0x63,0x11,0x4D,0xB0,0x63,0x11,0x4D,0xB0,0x63,0x11,0x4D,0xB0,0x63,0x11,0x4D,0xB0,0x63,0x11,0x4D,0xB0,0x63,0x11,0x4D,0xB0,0x63,0x11,0x4D,0xB0,0x63,0x11,0x4D,0xB0,0x63,0x11,0x4D,0xB0,0x63,0x11,0x4D,0xB0,0x63,0x11,0x4D,0xB0,0x63,0x11,0x4D,0xB1,0x63,0x11,0x4B,0xAF,0x63,0x0F,0x43,0xB2,0x65,0x0E,0x35,0xAA,0x5E,0x13,0x1B,
    0x99,0x66,0x00,0x05,0x00,0x00,0x00,0x00,0x00,0x00,0x00,0x00,0x00,0x00,0x00,0x00,0x00,0x00,0x00,0x00,0x00,0x00,0x00,0x00,0x00,0x00,0x00,0x00,0x00,0x00,0x00,0x00,0x00,0x00,0x00,0x00,0x00,0x00,0x00,0x00,0xAD,0x64,0x12,0x1C,0xAF,0x63,0x0F,0x43,0xB0,0x63,0x11,0x4D,0xB0,0x63,0x11,0x4D,0xB0,0x63,0x11,0x4D,0xB0,0x63,0x11,0x4D,
    0xB0,0x63,0x11,0x4D,0xB0,0x63,0x11,0x4D,0xB0,0x63,0x11,0x4D,0xB0,0x63,0x11,0x4D,0xB0,0x63,0x11,0x4D,0xB0,0x63,0x11,0x4D,0xB0,0x63,0x11,0x4D,0xB0,0x63,0x11,0x4D,0xB0,0x63,0x11,0x4D,0xB0,0x63,0x11,0x4D,0xB0,0x63,0x11,0x4D,0xB0,0x63,0x11,0x4D,0xB0,0x63,0x11,0x4D,0xB0,0x63,0x11,0x4D,0xB0,0x63,0x11,0x4D,0xB0,0x63,0x11,0x4D,
    0xB0,0x63,0x11,0x4D,0xB0,0x63,0x11,0x4D,0xB0,0x63,0x11,0x4D,0xB0,0x63,0x11,0x4D,0xB0,0x63,0x11,0x4D,0xB0,0x63,0x11,0x4D,0xB0,0x63,0x11,0x4D,0xB0,0x63,0x11,0x4D,0xB0,0x63,0x11,0x4D,0xB0,0x63,0x11,0x4D,0xB0,0x63,0x11,0x4D,0xB0,0x63,0x11,0x4D,0xB0,0x63,0x11,0x4D,0xB0,0x63,0x11,0x4D,0xB0,0x63,0x11,0x4D,0xB0,0x63,0x11,0x4D,
    0xB0,0x63,0x11,0x4D,0xB0,0x63,0x11,0x4D,0xB0,0x63,0x11,0x4D,0xB0,0x63,0x11,0x4D,0xB0,0x63,0x11,0x4D,0xB0,0x63,0x11,0x4D,0xB0,0x63,0x11,0x4D,0xB0,0x63,0x11,0x4D,0xB0,0x63,0x11,0x4D,0xB0,0x63,0x11,0x4D,0xB0,0x63,0x11,0x4D,0xB0,0x63,0x11,0x4D,0xB0,0x63,0x11,0x4D,0xB0,0x63,0x11,0x4D,0xB0,0x63,0x11,0x4D,0xB0,0x63,0x11,0x4D,
    0xB0,0x63,0x11,0x4D,0xB0,0x63,0x11,0x4D,0xB0,0x63,0x11,0x4D,0xB0,0x63,0x11,0x4D,0xB0,0x63,0x11,0x4D,0xB0,0x63,0x11,0x4D,0xB0,0x63,0x11,0x4D,0xB0,0x63,0x11,0x4D,0xB0,0x63,0x11,0x4D,0xB0,0x63,0x11,0x4D,0xB0,0x63,0x11,0x4D,0xB0,0x63,0x11,0x4D,0xB0,0x63,0x11,0x4D,0xB0,0x63,0x11,0x4D,0xB0,0x63,0x11,0x4D,0xB0,0x63,0x11,0x4D,
    0xB0,0x63,0x11,0x4D,0xB0,0x63,0x11,0x4D,0xB0,0x63,0x11,0x4D,0xB0,0x63,0x11,0x4D,0xB0,0x63,0x11,0x4D,0xB0,0x63,0x11,0x4D,0xB0,0x63,0x11,0x4D,0xB0,0x63,0x11,0x4D,0xB0,0x63,0x11,0x4D,0xB0,0x63,0x11,0x4D,0xB0,0x63,0x11,0x4D,0xB0,0x63,0x11,0x4D,0xB0,0x63,0x11,0x4D,0xB0,0x63,0x11,0x4D,0xB0,0x63,0x11,0x4D,0xB0,0x63,0x11,0x4D,
    0xB0,0x63,0x11,0x4D,0xB0,0x63,0x11,0x4D,0xB0,0x63,0x11,0x4D,0xB0,0x63,0x11,0x4D,0xB0,0x63,0x11,0x4D,0xB0,0x63,0x11,0x4D,0xB0,0x63,0x11,0x4D,0xB0,0x63,0x11,0x4D,0xB0,0x63,0x11,0x4D,0xB0,0x63,0x11,0x4D,0xB0,0x63,0x11,0x4D,0xB0,0x63,0x11,0x4D,0xB0,0x63,0x11,0x4D,0xB0,0x63,0x11,0x4D,0xB0,0x63,0x11,0x4D,0xB0,0x63,0x11,0x4D,
    0xB0,0x63,0x11,0x4D,0xB0,0x63,0x11,0x4D,0xB0,0x63,0x11,0x4D,0xB0,0x63,0x11,0x4D,0xB0,0x63,0x11,0x4D,0xB0,0x63,0x11,0x4D,0xB0,0x63,0x11,0x4D,0xB0,0x63,0x11,0x4D,0xB0,0x63,0x11,0x4D,0xB0,0x63,0x11,0x4D,0xB0,0x63,0x11,0x4D,0xB0,0x63,0x11,0x4D,0xB0,0x63,0x11,0x4D,0xB0,0x63,0x11,0x4D,0xB0,0x63,0x11,0x4D,0xB0,0x63,0x11,0x4D,
    0xB0,0x63,0x11,0x4D,0xB0,0x63,0x11,0x4D,0xB0,0x63,0x11,0x4D,0xB0,0x63,0x11,0x4D,0xB0,0x63,0x11,0x4D,0xB0,0x63,0x11,0x4D,0xB0,0x63,0x11,0x4D,0xB0,0x63,0x11,0x4D,0xB0,0x63,0x11,0x4D,0xB0,0x63,0x11,0x4D,0xB0,0x63,0x11,0x4D,0xB0,0x63,0x11,0x4D,0xB0,0x63,0x11,0x4D,0xB0,0x63,0x11,0x4D,0xB0,0x63,0x11,0x4D,0xB0,0x63,0x11,0x4D,
    0xB0,0x63,0x11,0x4D,0xB0,0x63,0x11,0x4D,0xB0,0x63,0x11,0x4D,0xB0,0x63,0x11,0x4D,0xB0,0x63,0x11,0x4D,0xB0,0x63,0x11,0x4D,0xB0,0x63,0x11,0x4D,0xB0,0x63,0x11,0x4D,0xB0,0x63,0x11,0x4D,0xB0,0x63,0x11,0x4D,0xB0,0x63,0x11,0x4D,0xB0,0x63,0x11,0x4D,0xB0,0x63,0x11,0x4D,0xB0,0x63,0x11,0x4D,0xB0,0x63,0x11,0x4D,0xB0,0x63,0x11,0x4D,
    0xB0,0x63,0x11,0x4D,0xB0,0x63,0x11,0x4D,0xB0,0x63,0x11,0x4D,0xB0,0x63,0x11,0x4D,0xB0,0x63,0x11,0x4D,0xB0,0x63,0x11,0x4D,0xB0,0x63,0x11,0x4D,0xB0,0x63,0x11,0x4D,0xB0,0x63,0x11,0x4D,0xB0,0x63,0x11,0x4D,0xB0,0x63,0x11,0x4D,0xB0,0x63,0x11,0x4D,0xB0,0x63,0x11,0x4D,0xB0,0x63,0x11,0x4D,0xB0,0x63,0x11,0x4D,0xB0,0x63,0x11,0x4D,
    0xB0,0x63,0x11,0x4D,0xB0,0x63,0x11,0x4D,0xB0,0x63,0x11,0x4D,0xB0,0x63,0x11,0x4D,0xB0,0x63,0x11,0x4D,0xB0,0x63,0x11,0x4D,0xB0,0x63,0x11,0x4D,0xB0,0x63,0x11,0x4D,0xB0,0x63,0x11,0x4D,0xB0,0x63,0x11,0x4D,0xB0,0x63,0x11,0x4D,0xB0,0x63,0x11,0x4D,0xB0,0x63,0x11,0x4D,0xB0,0x63,0x11,0x4D,0xB0,0x63,0x11,0x4D,0xB0,0x63,0x11,0x4D,
    0xB0,0x63,0x11,0x4D,0xB0,0x63,0x11,0x4D,0xB0,0x63,0x11,0x4D,0xB0,0x63,0x11,0x4D,0xB0,0x63,0x11,0x4D,0xB0,0x63,0x11,0x4D,0xB0,0x63,0x11,0x4D,0xB0,0x63,0x11,0x4D,0xB0,0x63,0x11,0x4D,0xB0,0x63,0x11,0x4D,0xB0,0x63,0x11,0x4D,0xB0,0x63,0x11,0x4D,0xB0,0x63,0x11,0x4D,0xB0,0x63,0x11,0x4D,0xB0,0x63,0x11,0x4D,0xB0,0x63,0x11,0x4D,
    0xB0,0x63,0x11,0x4D,0xB0,0x63,0x11,0x4D,0xB0,0x63,0x11,0x4D,0xB0,0x63,0x11,0x4D,0xB0,0x63,0x11,0x4D,0xB0,0x63,0x11,0x4D,0xB0,0x63,0x11,0x4D,0xB0,0x63,0x11,0x4D,0xB0,0x63,0x11,0x4D,0xB0,0x63,0x11,0x4D,0xB0,0x63,0x11,0x4D,0xB0,0x63,0x11,0x4D,0xB0,0x63,0x11,0x4D,0xB0,0x63,0x11,0x4D,0xB0,0x63,0x11,0x4D,0xB0,0x63,0x11,0x4D,
    0xB0,0x63,0x11,0x4D,0xB0,0x63,0x11,0x4D,0xB0,0x63,0x11,0x4D,0xB0,0x63,0x11,0x4D,0xB0,0x63,0x11,0x4D,0xB0,0x63,0x11,0x4D,0xB0,0x63,0x11,0x4D,0xB0,0x63,0x11,0x4D,0xB0,0x63,0x11,0x4D,0xB0,0x63,0x11,0x4D,0xB0,0x63,0x11,0x4D,0xB0,0x63,0x11,0x4D,0xB0,0x63,0x11,0x4D,0xB0,0x63,0x11,0x4D,0xB0,0x63,0x11,0x4D,0xB0,0x63,0x11,0x4D,
    0xB0,0x63,0x11,0x4D,0xB0,0x63,0x11,0x4D,0xB0,0x63,0x11,0x4D,0xB0,0x63,0x11,0x4D,0xB0,0x63,0x11,0x4D,0xB0,0x63,0x11,0x4D,0xB0,0x63,0x11,0x4D,0xB0,0x63,0x11,0x4D,0xB0,0x63,0x11,0x4D,0xB0,0x63,0x11,0x4D,0xB0,0x63,0x11,0x4D,0xB0,0x63,0x11,0x4D,0xB0,0x63,0x11,0x4D,0xB0,0x63,0x11,0x4D,0xB0,0x63,0x11,0x4D,0xB0,0x63,0x11,0x4D,
    0xB0,0x63,0x11,0x4D,0xB0,0x63,0x11,0x4D,0xB0,0x63,0x11,0x4D,0xB0,0x63,0x11,0x4D,0xB0,0x63,0x11,0x4D,0xB0,0x63,0x11,0x4D,0xB0,0x63,0x11,0x4D,0xB0,0x63,0x11,0x4D,0xB0,0x63,0x11,0x4D,0xB0,0x63,0x11,0x4D,0xB0,0x63,0x11,0x4D,0xB0,0x63,0x11,0x4D,0xB0,0x63,0x11,0x4D,0xB0,0x63,0x11,0x4D,0xB0,0x63,0x11,0x4D,0xB0,0x63,0x11,0x4D,
    0xB0,0x63,0x11,0x4D,0xB0,0x63,0x11,0x4D,0xB0,0x63,0x11,0x4D,0xB0,0x63,0x11,0x4D,0xB0,0x63,0x11,0x4D,0xB0,0x63,0x11,0x4D,0xB0,0x63,0x11,0x4D,0xB0,0x63,0x11,0x4D,0xB0,0x63,0x11,0x4D,0xB0,0x63,0x11,0x4D,0xB0,0x63,0x11,0x4D,0xB0,0x63,0x11,0x4D,0xB0,0x63,0x11,0x4D,0xB0,0x63,0x11,0x4D,0xB0,0x63,0x11,0x4D,0xB0,0x63,0x11,0x4D,
    0xB0,0x63,0x11,0x4D,0xB0,0x63,0x11,0x4D,0xB0,0x63,0x11,0x4D,0xB0,0x63,0x11,0x4D,0xB0,0x63,0x11,0x4D,0xB0,0x63,0x11,0x4D,0xB0,0x63,0x11,0x4D,0xB0,0x63,0x11,0x4D,0xB0,0x63,0x11,0x4D,0xB0,0x63,0x11,0x4D,0xB0,0x63,0x11,0x4D,0xB0,0x63,0x11,0x4D,0xB0,0x63,0x11,0x4D,0xB0,0x63,0x11,0x4D,0xB0,0x63,0x11,0x4D,0xB0,0x63,0x11,0x4D,
    0xB0,0x63,0x11,0x4D,0xB0,0x63,0x11,0x4D,0xB0,0x63,0x11,0x4D,0xB0,0x63,0x11,0x4D,0xB0,0x63,0x11,0x4D,0xB0,0x63,0x11,0x4D,0xAF,0x63,0x0F,0x43,0xAD,0x64,0x12,0x1C,0x00,0x00,0x00,0x00,0x00,0x00,0x00,0x00,0x00,0x00,0x00,0x00,0x00,0x00,0x00,0x00,0x00,0x00,0x00,0x00,0x00,0x00,0x00,0x00,0xAA,0x55,0x00,0x03,0xAE,0x63,0x11,0x2C,
    0xB0,0x63,0x11,0x4D,0xB0,0x63,0x11,0x4D,0xB0,0x63,0x11,0x4D,0xB0,0x63,0x11,0x4D,0xB0,0x63,0x11,0x4D,0xB0,0x63,0x11,0x4D,0xB0,0x63,0x11,0x4D,0xB0,0x63,0x11,0x4D,0xB0,0x63,0x11,0x4D,0xB0,0x63,0x11,0x4D,0xB0,0x63,0x11,0x4D,0xB0,0x63,0x11,0x4D,0xB0,0x63,0x11,0x4D,0xB0,0x63,0x11,0x4D,0xB0,0x63,0x11,0x4D,0xB0,0x63,0x11,0x4D,
    0xB0,0x63,0x11,0x4D,0xB0,0x63,0x11,0x4D,0xB0,0x63,0x11,0x4D,0xB0,0x63,0x11,0x4D,0xB0,0x63,0x11,0x4D,0xB0,0x63,0x11,0x4D,0xB0,0x63,0x11,0x4D,0xB0,0x63,0x11,0x4D,0xB0,0x63,0x11,0x4D,0xB0,0x63,0x11,0x4D,0xB0,0x63,0x11,0x4D,0xB0,0x63,0x11,0x4D,0xB0,0x63,0x11,0x4D,0xB0,0x63,0x11,0x4D,0xB0,0x63,0x11,0x4D,0xB0,0x63,0x11,0x4D,
    0xB0,0x63,0x11,0x4D,0xB0,0x63,0x11,0x4D,0xB0,0x63,0x11,0x4D,0xB0,0x63,0x11,0x4D,0xB0,0x63,0x11,0x4D,0xB0,0x63,0x11,0x4D,0xB0,0x63,0x11,0x4D,0xB0,0x63,0x11,0x4D,0xB0,0x63,0x11,0x4D,0xB0,0x63,0x11,0x4D,0xB0,0x63,0x11,0x4D,0xB0,0x63,0x11,0x4D,0xB0,0x63,0x11,0x4D,0xB0,0x63,0x11,0x4D,0xB0,0x63,0x11,0x4D,0xB0,0x63,0x11,0x4D,
    0xB0,0x63,0x11,0x4D,0xB0,0x63,0x11,0x4D,0xB0,0x63,0x11,0x4D,0xB0,0x63,0x11,0x4D,0xB0,0x63,0x11,0x4D,0xB0,0x63,0x11,0x4D,0xB0,0x63,0x11,0x4D,0xB0,0x63,0x11,0x4D,0xB0,0x63,0x11,0x4D,0xB0,0x63,0x11,0x4D,0xB0,0x63,0x11,0x4D,0xB0,0x63,0x11,0x4D,0xB0,0x63,0x11,0x4D,0xB0,0x63,0x11,0x4D,0xB0,0x63,0x11,0x4D,0xB0,0x63,0x11,0x4D,
    0xB0,0x63,0x11,0x4D,0xB0,0x63,0x11,0x4D,0xB0,0x63,0x11,0x4D,0xB0,0x63,0x11,0x4D,0xB0,0x63,0x11,0x4D,0xB0,0x63,0x11,0x4D,0xB0,0x63,0x11,0x4D,0xB0,0x63,0x11,0x4D,0xB0,0x63,0x11,0x4D,0xB0,0x63,0x11,0x4D,0xB0,0x63,0x11,0x4D,0xB0,0x63,0x11,0x4D,0xB0,0x63,0x11,0x4D,0xB0,0x63,0x11,0x4D,0xB0,0x63,0x11,0x4D,0xB0,0x63,0x11,0x4D,
    0xB0,0x63,0x11,0x4D,0xB0,0x63,0x11,0x4D,0xB0,0x63,0x11,0x4D,0xB0,0x63,0x11,0x4D,0xB0,0x63,0x11,0x4D,0xB0,0x63,0x11,0x4D,0xB0,0x63,0x11,0x4D,0xB0,0x63,0x11,0x4D,0xB0,0x63,0x11,0x4D,0xB0,0x63,0x11,0x4D,0xB0,0x63,0x11,0x4D,0xB0,0x63,0x11,0x4D,0xB0,0x63,0x11,0x4D,0xB0,0x63,0x11,0x4D,0xB0,0x63,0x11,0x4D,0xB0,0x63,0x11,0x4D,
    0xB0,0x63,0x11,0x4D,0xB0,0x63,0x11,0x4D,0xB0,0x63,0x11,0x4D,0xB0,0x63,0x11,0x4D,0xB0,0x63,0x11,0x4D,0xB0,0x63,0x11,0x4D,0xB0,0x63,0x11,0x4D,0xB0,0x63,0x11,0x4D,0xB0,0x63,0x11,0x4D,0xB0,0x63,0x11,0x4D,0xB0,0x63,0x11,0x4D,0xB0,0x63,0x11,0x4D,0xB0,0x63,0x11,0x4D,0xB0,0x63,0x11,0x4D,0xB0,0x63,0x11,0x4D,0xB0,0x63,0x11,0x4D,
    0xB0,0x63,0x11,0x4D,0xB0,0x63,0x11,0x4D,0xB0,0x63,0x11,0x4D,0xB0,0x63,0x11,0x4D,0xB0,0x63,0x11,0x4D,0xB0,0x63,0x11,0x4D,0xB0,0x63,0x11,0x4D,0xB0,0x63,0x11,0x4D,0xB0,0x63,0x11,0x4D,0xB0,0x63,0x11,0x4D,0xB0,0x63,0x11,0x4D,0xB0,0x63,0x11,0x4D,0xB0,0x63,0x11,0x4D,0xB0,0x63,0x11,0x4D,0xB0,0x63,0x11,0x4D,0xB0,0x63,0x11,0x4D,
    0xB0,0x63,0x11,0x4D,0xB0,0x63,0x11,0x4D,0xB0,0x63,0x11,0x4D,0xB0,0x63,0x11,0x4D,0xB0,0x63,0x11,0x4D,0xB0,0x63,0x11,0x4D,0xB0,0x63,0x11,0x4D,0xB0,0x63,0x11,0x4D,0xB0,0x63,0x11,0x4D,0xB0,0x63,0x11,0x4D,0xB0,0x63,0x11,0x4D,0xB0,0x63,0x11,0x4D,0xB0,0x63,0x11,0x4D,0xB0,0x63,0x11,0x4D,0xB0,0x63,0x11,0x4D,0xB0,0x63,0x11,0x4D,
    0xB0,0x63,0x11,0x4D,0xB0,0x63,0x11,0x4D,0xB0,0x63,0x11,0x4D,0xB0,0x63,0x11,0x4D,0xB0,0x63,0x11,0x4D,0xB0,0x63,0x11,0x4D,0xB0,0x63,0x11,0x4D,0xB0,0x63,0x11,0x4D,0xB0,0x63,0x11,0x4D,0xB0,0x63,0x11,0x4D,0xB0,0x63,0x11,0x4D,0xB0,0x63,0x11,0x4D,0xB0,0x63,0x11,0x4D,0xB0,0x63,0x11,0x4D,0xB0,0x63,0x11,0x4D,0xB0,0x63,0x11,0x4D,
    0xB0,0x63,0x11,0x4D,0xB0,0x63,0x11,0x4D,0xB0,0x63,0x11,0x4D,0xB0,0x63,0x11,0x4D,0xB0,0x63,0x11,0x4D,0xB0,0x63,0x11,0x4D,0xB0,0x63,0x11,0x4D,0xB0,0x63,0x11,0x4D,0xB0,0x63,0x11,0x4D,0xB0,0x63,0x11,0x4D,0xB0,0x63,0x11,0x4D,0xB0,0x63,0x11,0x4D,0xB0,0x63,0x11,0x4D,0xB0,0x63,0x11,0x4D,0xB0,0x63,0x11,0x4D,0xB0,0x63,0x11,0x4D,
    0xB0,0x63,0x11,0x4D,0xB0,0x63,0x11,0x4D,0xB0,0x63,0x11,0x4D,0xB0,0x63,0x11,0x4D,0xB0,0x63,0x11,0x4D,0xB0,0x63,0x11,0x4D,0xB0,0x63,0x11,0x4D,0xB0,0x63,0x11,0x4D,0xB0,0x63,0x11,0x4D,0xB0,0x63,0x11,0x4D,0xB0,0x63,0x11,0x4D,0xB0,0x63,0x11,0x4D,0xB0,0x63,0x11,0x4D,0xB0,0x63,0x11,0x4D,0xB0,0x63,0x11,0x4D,0xB0,0x63,0x11,0x4D,
    0xB0,0x63,0x11,0x4D,0xB0,0x63,0x11,0x4D,0xB0,0x63,0x11,0x4D,0xB0,0x63,0x11,0x4D,0xB0,0x63,0x11,0x4D,0xB0,0x63,0x11,0x4D,0xB0,0x63,0x11,0x4D,0xB0,0x63,0x11,0x4D,0xB0,0x63,0x11,0x4D,0xB0,0x63,0x11,0x4D,0xB0,0x63,0x11,0x4D,0xB0,0x63,0x11,0x4D,0xB0,0x63,0x11,0x4D,0xB0,0x63,0x11,0x4D,0xB0,0x63,0x11,0x4D,0xB0,0x63,0x11,0x4D,
    0xB0,0x63,0x11,0x4D,0xB0,0x63,0x11,0x4D,0xB0,0x63,0x11,0x4D,0xB0,0x63,0x11,0x4D,0xB0,0x63,0x11,0x4D,0xB0,0x63,0x11,0x4D,0xB0,0x63,0x11,0x4D,0xB0,0x63,0x11,0x4D,0xB0,0x63,0x11,0x4D,0xB0,0x63,0x11,0x4D,0xB0,0x63,0x11,0x4D,0xB0,0x63,0x11,0x4D,0xB0,0x63,0x11,0x4D,0xB0,0x63,0x11,0x4D,0xB0,0x63,0x11,0x4D,0xB0,0x63,0x11,0x4D,
    0xB0,0x63,0x11,0x4D,0xB0,0x63,0x11,0x4D,0xB0,0x63,0x11,0x4D,0xB0,0x63,0x11,0x4D,0xB0,0x63,0x11,0x4D,0xB0,0x63,0x11,0x4D,0xB0,0x63,0x11,0x4D,0xB0,0x63,0x11,0x4D,0xB0,0x63,0x11,0x4D,0xB0,0x63,0x11,0x4D,0xB0,0x63,0x11,0x4D,0xB0,0x63,0x11,0x4D,0xB0,0x63,0x11,0x4D,0xB0,0x63,0x11,0x4D,0xB0,0x63,0x11,0x4D,0xB0,0x63,0x11,0x4D,
    0xB0,0x63,0x11,0x4D,0xB0,0x63,0x11,0x4D,0xB0,0x63,0x11,0x4D,0xB0,0x63,0x11,0x4D,0xB0,0x63,0x11,0x4D,0xB0,0x63,0x11,0x4D,0xB0,0x63,0x11,0x4D,0xB0,0x63,0x11,0x4D,0xB0,0x63,0x11,0x4D,0xB0,0x63,0x11,0x4D,0xB0,0x63,0x11,0x4D,0xB0,0x63,0x11,0x4D,0xB0,0x63,0x11,0x4D,0xB0,0x63,0x11,0x4D,0xB0,0x63,0x11,0x4D,0xB0,0x63,0x11,0x4D,
    0xB0,0x63,0x11,0x4D,0xB0,0x63,0x11,0x4D,0xB0,0x63,0x11,0x4D,0xB0,0x63,0x11,0x4D,0xB0,0x63,0x11,0x4D,0xB0,0x63,0x11,0x4D,0xB0,0x63,0x11,0x4D,0xB0,0x63,0x11,0x4D,0xB0,0x63,0x11,0x4D,0xB0,0x63,0x11,0x4D,0xB0,0x63,0x11,0x4D,0xB0,0x63,0x11,0x4D,0xB0,0x63,0x11,0x4D,0xB0,0x63,0x11,0x4D,0xB0,0x63,0x11,0x4D,0xB0,0x63,0x11,0x4D,
    0xB0,0x63,0x11,0x4D,0xB0,0x63,0x11,0x4D,0xB0,0x63,0x11,0x4D,0xB0,0x63,0x11,0x4D,0xB0,0x63,0x11,0x4D,0xB0,0x63,0x11,0x4D,0xB0,0x63,0x11,0x4D,0xB0,0x63,0x11,0x4D,0xB0,0x63,0x11,0x4D,0xB0,0x63,0x11,0x4D,0xB0,0x63,0x11,0x4D,0xB0,0x63,0x11,0x4D,0xB0,0x63,0x11,0x4D,0xB0,0x63,0x11,0x4D,0xB0,0x63,0x11,0x4D,0xB0,0x63,0x11,0x4D,
    0xB0,0x63,0x11,0x4D,0xB0,0x63,0x11,0x4D,0xB0,0x63,0x11,0x4D,0xB0,0x63,0x11,0x4D,0xB0,0x63,0x11,0x4D,0xB0,0x63,0x11,0x4D,0xB0,0x63,0x11,0x4D,0xB0,0x63,0x11,0x4D,0xB0,0x63,0x11,0x4D,0xB0,0x63,0x11,0x4D,0xB0,0x63,0x11,0x4D,0xB0,0x63,0x11,0x4D,0xB0,0x63,0x11,0x4D,0xB0,0x63,0x11,0x4D,0xAE,0x63,0x11,0x2C,0xAA,0x55,0x00,0x03,
    0x00,0x00,0x00,0x00,0x00,0x00,0x00,0x00,0x00,0x00,0x00,0x00,0x00,0x00,0x00,0x00,0xAE,0x63,0x11,0x2C,0xB0,0x63,0x11,0x4D,0xB0,0x63,0x11,0x4D,0xB0,0x63,0x11,0x4D,0xB0,0x63,0x11,0x4D,0xB0,0x63,0x11,0x4D,0xB0,0x63,0x11,0x4D,0xB0,0x63,0x11,0x4D,0xB0,0x63,0x11,0x4D,0xB0,0x63,0x11,0x4D,0xB0,0x63,0x11,0x4D,0xB0,0x63,0x11,0x4D,
    0xB0,0x63,0x11,0x4D,0xB0,0x63,0x11,0x4D,0xB0,0x63,0x11,0x4D,0xB0,0x63,0x11,0x4D,0xB0,0x63,0x11,0x4D,0xB0,0x63,0x11,0x4D,0xB0,0x63,0x11,0x4D,0xB0,0x63,0x11,0x4D,0xB0,0x63,0x11,0x4D,0xB0,0x63,0x11,0x4D,0xB0,0x63,0x11,0x4D,0xB0,0x63,0x11,0x4D,0xB0,0x63,0x11,0x4D,0xB0,0x63,0x11,0x4D,0xB0,0x63,0x11,0x4D,0xB0,0x63,0x11,0x4D,
    0xB0,0x63,0x11,0x4D,0xB0,0x63,0x11,0x4D,0xB0,0x63,0x11,0x4D,0xB0,0x63,0x11,0x4D,0xB0,0x63,0x11,0x4D,0xB0,0x63,0x11,0x4D,0xB0,0x63,0x11,0x4D,0xB0,0x63,0x11,0x4D,0xB0,0x63,0x11,0x4D,0xB0,0x63,0x11,0x4D,0xB0,0x63,0x11,0x4D,0xB0,0x63,0x11,0x4D,0xB0,0x63,0x11,0x4D,0xB0,0x63,0x11,0x4D,0xB0,0x63,0x11,0x4D,0xB0,0x63,0x11,0x4D,
    0xB0,0x63,0x11,0x4D,0xB0,0x63,0x11,0x4D,0xB0,0x63,0x11,0x4D,0xB0,0x63,0x11,0x4D,0xB0,0x63,0x11,0x4D,0xB0,0x63,0x11,0x4D,0xB0,0x63,0x11,0x4D,0xB0,0x63,0x11,0x4D,0xB0,0x63,0x11,0x4D,0xB0,0x63,0x11,0x4D,0xB0,0x63,0x11,0x4D,0xB0,0x63,0x11,0x4D,0xB0,0x63,0x11,0x4D,0xB0,0x63,0x11,0x4D,0xB0,0x63,0x11,0x4D,0xB0,0x63,0x11,0x4D,
    0xB0,0x63,0x11,0x4D,0xB0,0x63,0x11,0x4D,0xB0,0x63,0x11,0x4D,0xB0,0x63,0x11,0x4D,0xB0,0x63,0x11,0x4D,0xB0,0x63,0x11,0x4D,0xB0,0x63,0x11,0x4D,0xB0,0x63,0x11,0x4D,0xB0,0x63,0x11,0x4D,0xB0,0x63,0x11,0x4D,0xB0,0x63,0x11,0x4D,0xB0,0x63,0x11,0x4D,0xB0,0x63,0x11,0x4D,0xB0,0x63,0x11,0x4D,0xB0,0x63,0x11,0x4D,0xB0,0x63,0x11,0x4D,
    0xB0,0x63,0x11,0x4D,0xB0,0x63,0x11,0x4D,0xB0,0x63,0x11,0x4D,0xB0,0x63,0x11,0x4D,0xB0,0x63,0x11,0x4D,0xB0,0x63,0x11,0x4D,0xB0,0x63,0x11,0x4D,0xB0,0x63,0x11,0x4D,0xB0,0x63,0x11,0x4D,0xB0,0x63,0x11,0x4D,0xB0,0x63,0x11,0x4D,0xB0,0x63,0x11,0x4D,0xB0,0x63,0x11,0x4D,0xB0,0x63,0x11,0x4D,0xB0,0x63,0x11,0x4D,0xB0,0x63,0x11,0x4D,
    0xB0,0x63,0x11,0x4D,0xB0,0x63,0x11,0x4D,0xB0,0x63,0x11,0x4D,0xB0,0x63,0x11,0x4D,0xB0,0x63,0x11,0x4D,0xB0,0x63,0x11,0x4D,0xB0,0x63,0x11,0x4D,0xB0,0x63,0x11,0x4D,0xB0,0x63,0x11,0x4D,0xB0,0x63,0x11,0x4D,0xB0,0x63,0x11,0x4D,0xB0,0x63,0x11,0x4D,0xB0,0x63,0x11,0x4D,0xB0,0x63,0x11,0x4D,0xB0,0x63,0x11,0x4D,0xB0,0x63,0x11,0x4D,
    0xB0,0x63,0x11,0x4D,0xB0,0x63,0x11,0x4D,0xB0,0x63,0x11,0x4D,0xB0,0x63,0x11,0x4D,0xB0,0x63,0x11,0x4D,0xB0,0x63,0x11,0x4D,0xB0,0x63,0x11,0x4D,0xB0,0x63,0x11,0x4D,0xB0,0x63,0x11,0x4D,0xB0,0x63,0x11,0x4D,0xB0,0x63,0x11,0x4D,0xB0,0x63,0x11,0x4D,0xB0,0x63,0x11,0x4D,0xB0,0x63,0x11,0x4D,0xB0,0x63,0x11,0x4D,0xB0,0x63,0x11,0x4D,
    0xB0,0x63,0x11,0x4D,0xB0,0x63,0x11,0x4D,0xB0,0x63,0x11,0x4D,0xB0,0x63,0x11,0x4D,0xB0,0x63,0x11,0x4D,0xB0,0x63,0x11,0x4D,0xB0,0x63,0x11,0x4D,0xB0,0x63,0x11,0x4D,0xB0,0x63,0x11,0x4D,0xB0,0x63,0x11,0x4D,0xB0,0x63,0x11,0x4D,0xB0,0x63,0x11,0x4D,0xB0,0x63,0x11,0x4D,0xB0,0x63,0x11,0x4D,0xB0,0x63,0x11,0x4D,0xB0,0x63,0x11,0x4D,
    0xB0,0x63,0x11,0x4D,0xB0,0x63,0x11,0x4D,0xB0,0x63,0x11,0x4D,0xB0,0x63,0x11,0x4D,0xB0,0x63,0x11,0x4D,0xB0,0x63,0x11,0x4D,0xB0,0x63,0x11,0x4D,0xB0,0x63,0x11,0x4D,0xB0,0x63,0x11,0x4D,0xB0,0x63,0x11,0x4D,0xB0,0x63,0x11,0x4D,0xB0,0x63,0x11,0x4D,0xB0,0x63,0x11,0x4D,0xB0,0x63,0x11,0x4D,0xB0,0x63,0x11,0x4D,0xB0,0x63,0x11,0x4D,
    0xB0,0x63,0x11,0x4D,0xB0,0x63,0x11,0x4D,0xB0,0x63,0x11,0x4D,0xB0,0x63,0x11,0x4D,0xB0,0x63,0x11,0x4D,0xB0,0x63,0x11,0x4D,0xB0,0x63,0x11,0x4D,0xB0,0x63,0x11,0x4D,0xB0,0x63,0x11,0x4D,0xB0,0x63,0x11,0x4D,0xB0,0x63,0x11,0x4D,0xB0,0x63,0x11,0x4D,0xB0,0x63,0x11,0x4D,0xB0,0x63,0x11,0x4D,0xB0,0x63,0x11,0x4D,0xB0,0x63,0x11,0x4D,
    0xB0,0x63,0x11,0x4D,0xB0,0x63,0x11,0x4D,0xB0,0x63,0x11,0x4D,0xB0,0x63,0x11,0x4D,0xB0,0x63,0x11,0x4D,0xB0,0x63,0x11,0x4D,0xB0,0x63,0x11,0x4D,0xB0,0x63,0x11,0x4D,0xB0,0x63,0x11,0x4D,0xB0,0x63,0x11,0x4D,0xB0,0x63,0x11,0x4D,0xB0,0x63,0x11,0x4D,0xB0,0x63,0x11,0x4D,0xB0,0x63,0x11,0x4D,0xB0,0x63,0x11,0x4D,0xB0,0x63,0x11,0x4D,
    0xB0,0x63,0x11,0x4D,0xB0,0x63,0x11,0x4D,0xB0,0x63,0x11,0x4D,0xB0,0x63,0x11,0x4D,0xB0,0x63,0x11,0x4D,0xB0,0x63,0x11,0x4D,0xB0,0x63,0x11,0x4D,0xB0,0x63,0x11,0x4D,0xB0,0x63,0x11,0x4D,0xB0,0x63,0x11,0x4D,0xB0,0x63,0x11,0x4D,0xB0,0x63,0x11,0x4D,0xB0,0x63,0x11,0x4D,0xB0,0x63,0x11,0x4D,0xB0,0x63,0x11,0x4D,0xB0,0x63,0x11,0x4D,
    0xB0,0x63,0x11,0x4D,0xB0,0x63,0x11,0x4D,0xB0,0x63,0x11,0x4D,0xB0,0x63,0x11,0x4D,0xB0,0x63,0x11,0x4D,0xB0,0x63,0x11,0x4D,0xB0,0x63,0x11,0x4D,0xB0,0x63,0x11,0x4D,0xB0,0x63,0x11,0x4D,0xB0,0x63,0x11,0x4D,0xB0,0x63,0x11,0x4D,0xB0,0x63,0x11,0x4D,0xB0,0x63,0x11,0x4D,0xB0,0x63,0x11,0x4D,0xB0,0x63,0x11,0x4D,0xB0,0x63,0x11,0x4D,
    0xB0,0x63,0x11,0x4D,0xB0,0x63,0x11,0x4D,0xB0,0x63,0x11,0x4D,0xB0,0x63,0x11,0x4D,0xB0,0x63,0x11,0x4D,0xB0,0x63,0x11,0x4D,0xB0,0x63,0x11,0x4D,0xB0,0x63,0x11,0x4D,0xB0,0x63,0x11,0x4D,0xB0,0x63,0x11,0x4D,0xB0,0x63,0x11,0x4D,0xB0,0x63,0x11,0x4D,0xB0,0x63,0x11,0x4D,0xB0,0x63,0x11,0x4D,0xB0,0x63,0x11,0x4D,0xB0,0x63,0x11,0x4D,
    0xB0,0x63,0x11,0x4D,0xB0,0x63,0x11,0x4D,0xB0,0x63,0x11,0x4D,0xB0,0x63,0x11,0x4D,0xB0,0x63,0x11,0x4D,0xB0,0x63,0x11,0x4D,0xB0,0x63,0x11,0x4D,0xB0,0x63,0x11,0x4D,0xB0,0x63,0x11,0x4D,0xB0,0x63,0x11,0x4D,0xB0,0x63,0x11,0x4D,0xB0,0x63,0x11,0x4D,0xB0,0x63,0x11,0x4D,0xB0,0x63,0x11,0x4D,0xB0,0x63,0x11,0x4D,0xB0,0x63,0x11,0x4D,
    0xB0,0x63,0x11,0x4D,0xB0,0x63,0x11,0x4D,0xB0,0x63,0x11,0x4D,0xB0,0x63,0x11,0x4D,0xB0,0x63,0x11,0x4D,0xB0,0x63,0x11,0x4D,0xB0,0x63,0x11,0x4D,0xB0,0x63,0x11,0x4D,0xB0,0x63,0x11,0x4D,0xB0,0x63,0x11,0x4D,0xB0,0x63,0x11,0x4D,0xB0,0x63,0x11,0x4D,0xB0,0x63,0x11,0x4D,0xB0,0x63,0x11,0x4D,0xB0,0x63,0x11,0x4D,0xB0,0x63,0x11,0x4D,
    0xB0,0x63,0x11,0x4D,0xB0,0x63,0x11,0x4D,0xB0,0x63,0x11,0x4D,0xB0,0x63,0x11,0x4D,0xB0,0x63,0x11,0x4D,0xB0,0x63,0x11,0x4D,0xB0,0x63,0x11,0x4D,0xB0,0x63,0x11,0x4D,0xB0,0x63,0x11,0x4D,0xB0,0x63,0x11,0x4D,0xB0,0x63,0x11,0x4D,0xB0,0x63,0x11,0x4D,0xB0,0x63,0x11,0x4D,0xB0,0x63,0x11,0x4D,0xB0,0x63,0x11,0x4D,0xB0,0x63,0x11,0x4D,
    0xB0,0x63,0x11,0x4D,0xB0,0x63,0x11,0x4D,0xB0,0x63,0x11,0x4D,0xB0,0x63,0x11,0x4D,0xB0,0x63,0x11,0x4D,0xB0,0x63,0x11,0x4D,0xB0,0x63,0x11,0x4D,0xB0,0x63,0x11,0x4D,0xB0,0x63,0x11,0x4D,0xB0,0x63,0x11,0x4D,0xB0,0x63,0x11,0x4D,0xB0,0x63,0x11,0x4D,0xB0,0x63,0x11,0x4D,0xB0,0x63,0x11,0x4D,0xB0,0x63,0x11,0x4D,0xB0,0x63,0x11,0x4D,
    0xB0,0x63,0x11,0x4D,0xB0,0x63,0x11,0x4D,0xB0,0x63,0x11,0x4D,0xB0,0x63,0x11,0x4D,0xB0,0x63,0x11,0x4D,0xAE,0x63,0x11,0x2C,0x00,0x00,0x00,0x00,0x00,0x00,0x00,0x00,0x00,0x00,0x00,0x00,0xAD,0x64,0x12,0x1C,0xB0,0x63,0x11,0x4D,0xB0,0x63,0x11,0x4D,0xB0,0x63,0x11,0x4D,0xB0,0x63,0x11,0x4D,0xB0,0x63,0x11,0x4D,0xB0,0x63,0x11,0x4D,
    0xB0,0x63,0x11,0x4D,0xB0,0x63,0x11,0x4D,0xB0,0x63,0x11,0x4D,0xB0,0x63,0x11,0x4D,0xB0,0x63,0x11,0x4D,0xB0,0x63,0x11,0x4D,0xB0,0x63,0x11,0x4D,0xB0,0x63,0x11,0x4D,0xB0,0x63,0x11,0x4D,0xB0,0x63,0x11,0x4D,0xB0,0x63,0x11,0x4D,0xB0,0x63,0x11,0x4D,0xB0,0x63,0x11,0x4D,0xB0,0x63,0x11,0x4D,0xB0,0x63,0x11,0x4D,0xB0,0x63,0x11,0x4D,
    0xB0,0x63,0x11,0x4D,0xB0,0x63,0x11,0x4D,0xB0,0x63,0x11,0x4D,0xB0,0x63,0x11,0x4D,0xB0,0x63,0x11,0x4D,0xB0,0x63,0x11,0x4D,0xB0,0x63,0x11,0x4D,0xB0,0x63,0x11,0x4D,0xB0,0x63,0x11,0x4D,0xB0,0x63,0x11,0x4D,0xB0,0x63,0x11,0x4D,0xB0,0x63,0x11,0x4D,0xB0,0x63,0x11,0x4D,0xB0,0x63,0x11,0x4D,0xB0,0x63,0x11,0x4D,0xB0,0x63,0x11,0x4D,
    0xB0,0x63,0x11,0x4D,0xB0,0x63,0x11,0x4D,0xB0,0x63,0x11,0x4D,0xB0,0x63,0x11,0x4D,0xB0,0x63,0x11,0x4D,0xB0,0x63,0x11,0x4D,0xB0,0x63,0x11,0x4D,0xB0,0x63,0x11,0x4D,0xB0,0x63,0x11,0x4D,0xB0,0x63,0x11,0x4D,0xB0,0x63,0x11,0x4D,0xB0,0x63,0x11,0x4D,0xB0,0x63,0x11,0x4D,0xB0,0x63,0x11,0x4D,0xB0,0x63,0x11,0x4D,0xB0,0x63,0x11,0x4D,
    0xB0,0x63,0x11,0x4D,0xB0,0x63,0x11,0x4D,0xB0,0x63,0x11,0x4D,0xB0,0x63,0x11,0x4D,0xB0,0x63,0x11,0x4D,0xB0,0x63,0x11,0x4D,0xB0,0x63,0x11,0x4D,0xB0,0x63,0x11,0x4D,0xB0,0x63,0x11,0x4D,0xB0,0x63,0x11,0x4D,0xB0,0x63,0x11,0x4D,0xB0,0x63,0x11,0x4D,0xB0,0x63,0x11,0x4D,0xB0,0x63,0x11,0x4D,0xB0,0x63,0x11,0x4D,0xB0,0x63,0x11,0x4D,
    0xB0,0x63,0x11,0x4D,0xB0,0x63,0x11,0x4D,0xB0,0x63,0x11,0x4D,0xB0,0x63,0x11,0x4D,0xB0,0x63,0x11,0x4D,0xB0,0x63,0x11,0x4D,0xB0,0x63,0x11,0x4D,0xB0,0x63,0x11,0x4D,0xB0,0x63,0x11,0x4D,0xB0,0x63,0x11,0x4D,0xB0,0x63,0x11,0x4D,0xB0,0x63,0x11,0x4D,0xB0,0x63,0x11,0x4D,0xB0,0x63,0x11,0x4D,0xB0,0x63,0x11,0x4D,0xB0,0x63,0x11,0x4D,
    0xB0,0x63,0x11,0x4D,0xB0,0x63,0x11,0x4D,0xB0,0x63,0x11,0x4D,0xB0,0x63,0x11,0x4D,0xB0,0x63,0x11,0x4D,0xB0,0x63,0x11,0x4D,0xB0,0x63,0x11,0x4D,0xB0,0x63,0x11,0x4D,0xB0,0x63,0x11,0x4D,0xB0,0x63,0x11,0x4D,0xB0,0x63,0x11,0x4D,0xB0,0x63,0x11,0x4D,0xB0,0x63,0x11,0x4D,0xB0,0x63,0x11,0x4D,0xB0,0x63,0x11,0x4D,0xB0,0x63,0x11,0x4D,
    0xB0,0x63,0x11,0x4D,0xB0,0x63,0x11,0x4D,0xB0,0x63,0x11,0x4D,0xB0,0x63,0x11,0x4D,0xB0,0x63,0x11,0x4D,0xB0,0x63,0x11,0x4D,0xB0,0x63,0x11,0x4D,0xB0,0x63,0x11,0x4D,0xB0,0x63,0x11,0x4D,0xB0,0x63,0x11,0x4D,0xB0,0x63,0x11,0x4D,0xB0,0x63,0x11,0x4D,0xB0,0x63,0x11,0x4D,0xB0,0x63,0x11,0x4D,0xB0,0x63,0x11,0x4D,0xB0,0x63,0x11,0x4D,
    0xB0,0x63,0x11,0x4D,0xB0,0x63,0x11,0x4D,0xB0,0x63,0x11,0x4D,0xB0,0x63,0x11,0x4D,0xB0,0x63,0x11,0x4D,0xB0,0x63,0x11,0x4D,0xB0,0x63,0x11,0x4D,0xB0,0x63,0x11,0x4D,0xB0,0x63,0x11,0x4D,0xB0,0x63,0x11,0x4D,0xB0,0x63,0x11,0x4D,0xB0,0x63,0x11,0x4D,0xB0,0x63,0x11,0x4D,0xB0,0x63,0x11,0x4D,0xB0,0x63,0x11,0x4D,0xB0,0x63,0x11,0x4D,
    0xB0,0x63,0x11,0x4D,0xB0,0x63,0x11,0x4D,0xB0,0x63,0x11,0x4D,0xB0,0x63,0x11,0x4D,0xB0,0x63,0x11,0x4D,0xB0,0x63,0x11,0x4D,0xB0,0x63,0x11,0x4D,0xB0,0x63,0x11,0x4D,0xB0,0x63,0x11,0x4D,0xB0,0x63,0x11,0x4D,0xB0,0x63,0x11,0x4D,0xB0,0x63,0x11,0x4D,0xB0,0x63,0x11,0x4D,0xB0,0x63,0x11,0x4D,0xB0,0x63,0x11,0x4D,0xB0,0x63,0x11,0x4D,
    0xB0,0x63,0x11,0x4D,0xB0,0x63,0x11,0x4D,0xB0,0x63,0x11,0x4D,0xB0,0x63,0x11,0x4D,0xB0,0x63,0x11,0x4D,0xB0,0x63,0x11,0x4D,0xB0,0x63,0x11,0x4D,0xB0,0x63,0x11,0x4D,0xB0,0x63,0x11,0x4D,0xB0,0x63,0x11,0x4D,0xB0,0x63,0x11,0x4D,0xB0,0x63,0x11,0x4D,0xB0,0x63,0x11,0x4D,0xB0,0x63,0x11,0x4D,0xB0,0x63,0x11,0x4D,0xB0,0x63,0x11,0x4D,
    0xB0,0x63,0x11,0x4D,0xB0,0x63,0x11,0x4D,0xB0,0x63,0x11,0x4D,0xB0,0x63,0x11,0x4D,0xB0,0x63,0x11,0x4D,0xB0,0x63,0x11,0x4D,0xB0,0x63,0x11,0x4D,0xB0,0x63,0x11,0x4D,0xB0,0x63,0x11,0x4D,0xB0,0x63,0x11,0x4D,0xB0,0x63,0x11,0x4D,0xB0,0x63,0x11,0x4D,0xB0,0x63,0x11,0x4D,0xB0,0x63,0x11,0x4D,0xB0,0x63,0x11,0x4D,0xB0,0x63,0x11,0x4D,
    0xB0,0x63,0x11,0x4D,0xB0,0x63,0x11,0x4D,0xB0,0x63,0x11,0x4D,0xB0,0x63,0x11,0x4D,0xB0,0x63,0x11,0x4D,0xB0,0x63,0x11,0x4D,0xB0,0x63,0x11,0x4D,0xB0,0x63,0x11,0x4D,0xB0,0x63,0x11,0x4D,0xB0,0x63,0x11,0x4D,0xB0,0x63,0x11,0x4D,0xB0,0x63,0x11,0x4D,0xB0,0x63,0x11,0x4D,0xB0,0x63,0x11,0x4D,0xB0,0x63,0x11,0x4D,0xB0,0x63,0x11,0x4D,
    0xB0,0x63,0x11,0x4D,0xB0,0x63,0x11,0x4D,0xB0,0x63,0x11,0x4D,0xB0,0x63,0x11,0x4D,0xB0,0x63,0x11,0x4D,0xB0,0x63,0x11,0x4D,0xB0,0x63,0x11,0x4D,0xB0,0x63,0x11,0x4D,0xB0,0x63,0x11,0x4D,0xB0,0x63,0x11,0x4D,0xB0,0x63,0x11,0x4D,0xB0,0x63,0x11,0x4D,0xB0,0x63,0x11,0x4D,0xB0,0x63,0x11,0x4D,0xB0,0x63,0x11,0x4D,0xB0,0x63,0x11,0x4D,
    0xB0,0x63,0x11,0x4D,0xB0,0x63,0x11,0x4D,0xB0,0x63,0x11,0x4D,0xB0,0x63,0x11,0x4D,0xB0,0x63,0x11,0x4D,0xB0,0x63,0x11,0x4D,0xB0,0x63,0x11,0x4D,0xB0,0x63,0x11,0x4D,0xB0,0x63,0x11,0x4D,0xB0,0x63,0x11,0x4D,0xB0,0x63,0x11,0x4D,0xB0,0x63,0x11,0x4D,0xB0,0x63,0x11,0x4D,0xB0,0x63,0x11,0x4D,0xB0,0x63,0x11,0x4D,0xB0,0x63,0x11,0x4D,
    0xB0,0x63,0x11,0x4D,0xB0,0x63,0x11,0x4D,0xB0,0x63,0x11,0x4D,0xB0,0x63,0x11,0x4D,0xB0,0x63,0x11,0x4D,0xB0,0x63,0x11,0x4D,0xB0,0x63,0x11,0x4D,0xB0,0x63,0x11,0x4D,0xB0,0x63,0x11,0x4D,0xB0,0x63,0x11,0x4D,0xB0,0x63,0x11,0x4D,0xB0,0x63,0x11,0x4D,0xB0,0x63,0x11,0x4D,0xB0,0x63,0x11,0x4D,0xB0,0x63,0x11,0x4D,0xB0,0x63,0x11,0x4D,
    0xB0,0x63,0x11,0x4D,0xB0,0x63,0x11,0x4D,0xB0,0x63,0x11,0x4D,0xB0,0x63,0x11,0x4D,0xB0,0x63,0x11,0x4D,0xB0,0x63,0x11,0x4D,0xB0,0x63,0x11,0x4D,0xB0,0x63,0x11,0x4D,0xB0,0x63,0x11,0x4D,0xB0,0x63,0x11,0x4D,0xB0,0x63,0x11,0x4D,0xB0,0x63,0x11,0x4D,0xB0,0x63,0x11,0x4D,0xB0,0x63,0x11,0x4D,0xB0,0x63,0x11,0x4D,0xB0,0x63,0x11,0x4D,
    0xB0,0x63,0x11,0x4D,0xB0,0x63,0x11,0x4D,0xB0,0x63,0x11,0x4D,0xB0,0x63,0x11,0x4D,0xB0,0x63,0x11,0x4D,0xB0,0x63,0x11,0x4D,0xB0,0x63,0x11,0x4D,0xB0,0x63,0x11,0x4D,0xB0,0x63,0x11,0x4D,0xB0,0x63,0x11,0x4D,0xB0,0x63,0x11,0x4D,0xB0,0x63,0x11,0x4D,0xB0,0x63,0x11,0x4D,0xB0,0x63,0x11,0x4D,0xB0,0x63,0x11,0x4D,0xB0,0x63,0x11,0x4D,
    0xB0,0x63,0x11,0x4D,0xB0,0x63,0x11,0x4D,0xB0,0x63,0x11,0x4D,0xB0,0x63,0x11,0x4D,0xB0,0x63,0x11,0x4D,0xB0,0x63,0x11,0x4D,0xB0,0x63,0x11,0x4D,0xB0,0x63,0x11,0x4D,0xB0,0x63,0x11,0x4D,0xB0,0x63,0x11,0x4D,0xB0,0x63,0x11,0x4D,0xB0,0x63,0x11,0x4D,0xB0,0x63,0x11,0x4D,0xB0,0x63,0x11,0x4D,0xB0,0x63,0x11,0x4D,0xB0,0x63,0x11,0x4D,
    0xB0,0x63,0x11,0x4D,0xB0,0x63,0x11,0x4D,0xB0,0x63,0x11,0x4D,0xB0,0x63,0x11,0x4D,0xB0,0x63,0x11,0x4D,0xB0,0x63,0x11,0x4D,0xB0,0x63,0x11,0x4D,0xB0,0x63,0x11,0x4D,0xB0,0x63,0x11,0x4D,0xB0,0x63,0x11,0x4D,0xB0,0x63,0x11,0x4D,0xB0,0x63,0x11,0x4D,0xAD,0x64,0x12,0x1C,0x00,0x00,0x00,0x00,0x99,0x66,0x00,0x05,0xAF,0x63,0x0F,0x43,
    0xB0,0x63,0x11,0x4D,0xB0,0x63,0x11,0x4D,0xB0,0x63,0x11,0x4D,0xB0,0x63,0x11,0x4D,0xB0,0x63,0x11,0x4D,0xB0,0x63,0x11,0x4D,0xB0,0x63,0x11,0x4D,0xB0,0x63,0x11,0x4D,0xB0,0x63,0x11,0x4D,0xB0,0x63,0x11,0x4D,0xB0,0x63,0x11,0x4D,0xB0,0x63,0x11,0x4D,0xB0,0x63,0x11,0x4D,0xB0,0x63,0x11,0x4D,0xB0,0x63,0x11,0x4D,0xB0,0x63,0x11,0x4D,
    0xB0,0x63,0x11,0x4D,0xB0,0x63,0x11,0x4D,0xB0,0x63,0x11,0x4D,0xB0,0x63,0x11,0x4D,0xB0,0x63,0x11,0x4D,0xB0,0x63,0x11,0x4D,0xB0,0x63,0x11,0x4D,0xB0,0x63,0x11,0x4D,0xB0,0x63,0x11,0x4D,0xB0,0x63,0x11,0x4D,0xB0,0x63,0x11,0x4D,0xB0,0x63,0x11,0x4D,0xB0,0x63,0x11,0x4D,0xB0,0x63,0x11,0x4D,0xB0,0x63,0x11,0x4D,0xB0,0x63,0x11,0x4D,
    0xB0,0x63,0x11,0x4D,0xB0,0x63,0x11,0x4D,0xB0,0x63,0x11,0x4D,0xB0,0x63,0x11,0x4D,0xB0,0x63,0x11,0x4D,0xB0,0x63,0x11,0x4D,0xB0,0x63,0x11,0x4D,0xB0,0x63,0x11,0x4D,0xB0,0x63,0x11,0x4D,0xB0,0x63,0x11,0x4D,0xB0,0x63,0x11,0x4D,0xB0,0x63,0x11,0x4D,0xB0,0x63,0x11,0x4D,0xB0,0x63,0x11,0x4D,0xB0,0x63,0x11,0x4D,0xB0,0x63,0x11,0x4D,
    0xB0,0x63,0x11,0x4D,0xB0,0x63,0x11,0x4D,0xB0,0x63,0x11,0x4D,0xB0,0x63,0x11,0x4D,0xB0,0x63,0x11,0x4D,0xB0,0x63,0x11,0x4D,0xB0,0x63,0x11,0x4D,0xB0,0x63,0x11,0x4D,0xB0,0x63,0x11,0x4D,0xB0,0x63,0x11,0x4D,0xB0,0x63,0x11,0x4D,0xB0,0x63,0x11,0x4D,0xB0,0x63,0x11,0x4D,0xB0,0x63,0x11,0x4D,0xB0,0x63,0x11,0x4D,0xB0,0x63,0x11,0x4D,
    0xB0,0x63,0x11,0x4D,0xB0,0x63,0x11,0x4D,0xB0,0x63,0x11,0x4D,0xB0,0x63,0x11,0x4D,0xB0,0x63,0x11,0x4D,0xB0,0x63,0x11,0x4D,0xB0,0x63,0x11,0x4D,0xB0,0x63,0x11,0x4D,0xB0,0x63,0x11,0x4D,0xB0,0x63,0x11,0x4D,0xB0,0x63,0x11,0x4D,0xB0,0x63,0x11,0x4D,0xB0,0x63,0x11,0x4D,0xB0,0x63,0x11,0x4D,0xB0,0x63,0x11,0x4D,0xB0,0x63,0x11,0x4D,
    0xB0,0x63,0x11,0x4D,0xB0,0x63,0x11,0x4D,0xB0,0x63,0x11,0x4D,0xB0,0x63,0x11,0x4D,0xB0,0x63,0x11,0x4D,0xB0,0x63,0x11,0x4D,0xB0,0x63,0x11,0x4D,0xB0,0x63,0x11,0x4D,0xB0,0x63,0x11,0x4D,0xB0,0x63,0x11,0x4D,0xB0,0x63,0x11,0x4D,0xB0,0x63,0x11,0x4D,0xB0,0x63,0x11,0x4D,0xB0,0x63,0x11,0x4D,0xB0,0x63,0x11,0x4D,0xB0,0x63,0x11,0x4D,
    0xB0,0x63,0x11,0x4D,0xB0,0x63,0x11,0x4D,0xB0,0x63,0x11,0x4D,0xB0,0x63,0x11,0x4D,0xB0,0x63,0x11,0x4D,0xB0,0x63,0x11,0x4D,0xB0,0x63,0x11,0x4D,0xB0,0x63,0x11,0x4D,0xB0,0x63,0x11,0x4D,0xB0,0x63,0x11,0x4D,0xB0,0x63,0x11,0x4D,0xB0,0x63,0x11,0x4D,0xB0,0x63,0x11,0x4D,0xB0,0x63,0x11,0x4D,0xB0,0x63,0x11,0x4D,0xB0,0x63,0x11,0x4D,
    0xB0,0x63,0x11,0x4D,0xB0,0x63,0x11,0x4D,0xB0,0x63,0x11,0x4D,0xB0,0x63,0x11,0x4D,0xB0,0x63,0x11,0x4D,0xB0,0x63,0x11,0x4D,0xB0,0x63,0x11,0x4D,0xB0,0x63,0x11,0x4D,0xB0,0x63,0x11,0x4D,0xB0,0x63,0x11,0x4D,0xB0,0x63,0x11,0x4D,0xB0,0x63,0x11,0x4D,0xB0,0x63,0x11,0x4D,0xB0,0x63,0x11,0x4D,0xB0,0x63,0x11,0x4D,0xB0,0x63,0x11,0x4D,
    0xB0,0x63,0x11,0x4D,0xB0,0x63,0x11,0x4D,0xB0,0x63,0x11,0x4D,0xB0,0x63,0x11,0x4D,0xB0,0x63,0x11,0x4D,0xB0,0x63,0x11,0x4D,0xB0,0x63,0x11,0x4D,0xB0,0x63,0x11,0x4D,0xB0,0x63,0x11,0x4D,0xB0,0x63,0x11,0x4D,0xB0,0x63,0x11,0x4D,0xB0,0x63,0x11,0x4D,0xB0,0x63,0x11,0x4D,0xB0,0x63,0x11,0x4D,0xB0,0x63,0x11,0x4D,0xB0,0x63,0x11,0x4D,
    0xB0,0x63,0x11,0x4D,0xB0,0x63,0x11,0x4D,0xB0,0x63,0x11,0x4D,0xB0,0x63,0x11,0x4D,0xB0,0x63,0x11,0x4D,0xB0,0x63,0x11,0x4D,0xB0,0x63,0x11,0x4D,0xB0,0x63,0x11,0x4D,0xB0,0x63,0x11,0x4D,0xB0,0x63,0x11,0x4D,0xB0,0x63,0x11,0x4D,0xB0,0x63,0x11,0x4D,0xB0,0x63,0x11,0x4D,0xB0,0x63,0x11,0x4D,0xB0,0x63,0x11,0x4D,0xB0,0x63,0x11,0x4D,
    0xB0,0x63,0x11,0x4D,0xB0,0x63,0x11,0x4D,0xB0,0x63,0x11,0x4D,0xB0,0x63,0x11,0x4D,0xB0,0x63,0x11,0x4D,0xB0,0x63,0x11,0x4D,0xB0,0x63,0x11,0x4D,0xB0,0x63,0x11,0x4D,0xB0,0x63,0x11,0x4D,0xB0,0x63,0x11,0x4D,0xB0,0x63,0x11,0x4D,0xB0,0x63,0x11,0x4D,0xB0,0x63,0x11,0x4D,0xB0,0x63,0x11,0x4D,0xB0,0x63,0x11,0x4D,0xB0,0x63,0x11,0x4D,
    0xB0,0x63,0x11,0x4D,0xB0,0x63,0x11,0x4D,0xB0,0x63,0x11,0x4D,0xB0,0x63,0x11,0x4D,0xB0,0x63,0x11,0x4D,0xB0,0x63,0x11,0x4D,0xB0,0x63,0x11,0x4D,0xB0,0x63,0x11,0x4D,0xB0,0x63,0x11,0x4D,0xB0,0x63,0x11,0x4D,0xB0,0x63,0x11,0x4D,0xB0,0x63,0x11,0x4D,0xB0,0x63,0x11,0x4D,0xB0,0x63,0x11,0x4D,0xB0,0x63,0x11,0x4D,0xB0,0x63,0x11,0x4D,
    0xB0,0x63,0x11,0x4D,0xB0,0x63,0x11,0x4D,0xB0,0x63,0x11,0x4D,0xB0,0x63,0x11,0x4D,0xB0,0x63,0x11,0x4D,0xB0,0x63,0x11,0x4D,0xB0,0x63,0x11,0x4D,0xB0,0x63,0x11,0x4D,0xB0,0x63,0x11,0x4D,0xB0,0x63,0x11,0x4D,0xB0,0x63,0x11,0x4D,0xB0,0x63,0x11,0x4D,0xB0,0x63,0x11,0x4D,0xB0,0x63,0x11,0x4D,0xB0,0x63,0x11,0x4D,0xB0,0x63,0x11,0x4D,
    0xB0,0x63,0x11,0x4D,0xB0,0x63,0x11,0x4D,0xB0,0x63,0x11,0x4D,0xB0,0x63,0x11,0x4D,0xB0,0x63,0x11,0x4D,0xB0,0x63,0x11,0x4D,0xB0,0x63,0x11,0x4D,0xB0,0x63,0x11,0x4D,0xB0,0x63,0x11,0x4D,0xB0,0x63,0x11,0x4D,0xB0,0x63,0x11,0x4D,0xB0,0x63,0x11,0x4D,0xB0,0x63,0x11,0x4D,0xB0,0x63,0x11,0x4D,0xB0,0x63,0x11,0x4D,0xB0,0x63,0x11,0x4D,
    0xB0,0x63,0x11,0x4D,0xB0,0x63,0x11,0x4D,0xB0,0x63,0x11,0x4D,0xB0,0x63,0x11,0x4D,0xB0,0x63,0x11,0x4D,0xB0,0x63,0x11,0x4D,0xB0,0x63,0x11,0x4D,0xB0,0x63,0x11,0x4D,0xB0,0x63,0x11,0x4D,0xB0,0x63,0x11,0x4D,0xB0,0x63,0x11,0x4D,0xB0,0x63,0x11,0x4D,0xB0,0x63,0x11,0x4D,0xB0,0x63,0x11,0x4D,0xB0,0x63,0x11,0x4D,0xB0,0x63,0x11,0x4D,
    0xB0,0x63,0x11,0x4D,0xB0,0x63,0x11,0x4D,0xB0,0x63,0x11,0x4D,0xB0,0x63,0x11,0x4D,0xB0,0x63,0x11,0x4D,0xB0,0x63,0x11,0x4D,0xB0,0x63,0x11,0x4D,0xB0,0x63,0x11,0x4D,0xB0,0x63,0x11,0x4D,0xB0,0x63,0x11,0x4D,0xB0,0x63,0x11,0x4D,0xB0,0x63,0x11,0x4D,0xB0,0x63,0x11,0x4D,0xB0,0x63,0x11,0x4D,0xB0,0x63,0x11,0x4D,0xB0,0x63,0x11,0x4D,
    0xB0,0x63,0x11,0x4D,0xB0,0x63,0x11,0x4D,0xB0,0x63,0x11,0x4D,0xB0,0x63,0x11,0x4D,0xB0,0x63,0x11,0x4D,0xB0,0x63,0x11,0x4D,0xB0,0x63,0x11,0x4D,0xB0,0x63,0x11,0x4D,0xB0,0x63,0x11,0x4D,0xB0,0x63,0x11,0x4D,0xB0,0x63,0x11,0x4D,0xB0,0x63,0x11,0x4D,0xB0,0x63,0x11,0x4D,0xB0,0x63,0x11,0x4D,0xB0,0x63,0x11,0x4D,0xB0,0x63,0x11,0x4D,
    0xB0,0x63,0x11,0x4D,0xB0,0x63,0x11,0x4D,0xB0,0x63,0x11,0x4D,0xB0,0x63,0x11,0x4D,0xB0,0x63,0x11,0x4D,0xB0,0x63,0x11,0x4D,0xB0,0x63,0x11,0x4D,0xB0,0x63,0x11,0x4D,0xB0,0x63,0x11,0x4D,0xB0,0x63,0x11,0x4D,0xB0,0x63,0x11,0x4D,0xB0,0x63,0x11,0x4D,0xB0,0x63,0x11,0x4D,0xB0,0x63,0x11,0x4D,0xB0,0x63,0x11,0x4D,0xB0,0x63,0x11,0x4D,
    0xB0,0x63,0x11,0x4D,0xB0,0x63,0x11,0x4D,0xB0,0x63,0x11,0x4D,0xB0,0x63,0x11,0x4D,0xB0,0x63,0x11,0x4D,0xB0,0x63,0x11,0x4D,0xB0,0x63,0x11,0x4D,0xB0,0x63,0x11,0x4D,0xB0,0x63,0x11,0x4D,0xB0,0x63,0x11,0x4D,0xB0,0x63,0x11,0x4D,0xB0,0x63,0x11,0x4D,0xB0,0x63,0x11,0x4D,0xB0,0x63,0x11,0x4D,0xB0,0x63,0x11,0x4D,0xB0,0x63,0x11,0x4D,
    0xB0,0x63,0x11,0x4D,0xB0,0x63,0x11,0x4D,0xAF,0x63,0x0F,0x43,0x99,0x66,0x00,0x05,0xAA,0x5E,0x13,0x1B,0xB0,0x63,0x11,0x4D,0xB0,0x63,0x11,0x4D,0xB0,0x63,0x11,0x4D,0xB0,0x63,0x11,0x4D,0xB0,0x63,0x11,0x4D,0xB0,0x63,0x11,0x4D,0xB0,0x63,0x11,0x4D,0xB0,0x63,0x11,0x4D,0xB0,0x63,0x11,0x4D,0xB0,0x63,0x11,0x4D,0xB0,0x63,0x11,0x4D,
    0xB0,0x63,0x11,0x4D,0xB0,0x63,0x11,0x4D,0xB0,0x63,0x11,0x4D,0xB0,0x63,0x11,0x4D,0xB0,0x63,0x11,0x4D,0xB0,0x63,0x11,0x4D,0xB0,0x63,0x11,0x4D,0xB0,0x63,0x11,0x4D,0xB0,0x63,0x11,0x4D,0xB0,0x63,0x11,0x4D,0xB0,0x63,0x11,0x4D,0xB0,0x63,0x11,0x4D,0xB0,0x63,0x11,0x4D,0xB0,0x63,0x11,0x4D,0xB0,0x63,0x11,0x4D,0xB0,0x63,0x11,0x4D,
    0xB0,0x63,0x11,0x4D,0xB0,0x63,0x11,0x4D,0xB0,0x63,0x11,0x4D,0xB0,0x63,0x11,0x4D,0xB0,0x63,0x11,0x4D,0xB0,0x63,0x11,0x4D,0xB0,0x63,0x11,0x4D,0xB0,0x63,0x11,0x4D,0xB0,0x63,0x11,0x4D,0xB0,0x63,0x11,0x4D,0xB0,0x63,0x11,0x4D,0xB0,0x63,0x11,0x4D,0xB0,0x63,0x11,0x4D,0xB0,0x63,0x11,0x4D,0xB0,0x63,0x11,0x4D,0xB0,0x63,0x11,0x4D,
    0xB0,0x63,0x11,0x4D,0xB0,0x63,0x11,0x4D,0xB0,0x63,0x11,0x4D,0xB0,0x63,0x11,0x4D,0xB0,0x63,0x11,0x4D,0xB0,0x63,0x11,0x4D,0xB0,0x63,0x11,0x4D,0xB0,0x63,0x11,0x4D,0xB0,0x63,0x11,0x4D,0xB0,0x63,0x11,0x4D,0xB0,0x63,0x11,0x4D,0xB0,0x63,0x11,0x4D,0xB0,0x63,0x11,0x4D,0xB0,0x63,0x11,0x4D,0xB0,0x63,0x11,0x4D,0xB0,0x63,0x11,0x4D,
    0xB0,0x63,0x11,0x4D,0xB0,0x63,0x11,0x4D,0xB0,0x63,0x11,0x4D,0xB0,0x63,0x11,0x4D,0xB0,0x63,0x11,0x4D,0xB0,0x63,0x11,0x4D,0xB0,0x63,0x11,0x4D,0xB0,0x63,0x11,0x4D,0xB0,0x63,0x11,0x4D,0xB0,0x63,0x11,0x4D,0xB0,0x63,0x11,0x4D,0xB0,0x63,0x11,0x4D,0xB0,0x63,0x11,0x4D,0xB0,0x63,0x11,0x4D,0xB0,0x63,0x11,0x4D,0xB0,0x63,0x11,0x4D,
    0xB0,0x63,0x11,0x4D,0xB0,0x63,0x11,0x4D,0xB0,0x63,0x11,0x4D,0xB0,0x63,0x11,0x4D,0xB0,0x63,0x11,0x4D,0xB0,0x63,0x11,0x4D,0xB0,0x63,0x11,0x4D,0xB0,0x63,0x11,0x4D,0xB0,0x63,0x11,0x4D,0xB0,0x63,0x11,0x4D,0xB0,0x63,0x11,0x4D,0xB0,0x63,0x11,0x4D,0xB0,0x63,0x11,0x4D,0xB0,0x63,0x11,0x4D,0xB0,0x63,0x11,0x4D,0xB0,0x63,0x11,0x4D,
    0xB0,0x63,0x11,0x4D,0xB0,0x63,0x11,0x4D,0xB0,0x63,0x11,0x4D,0xB0,0x63,0x11,0x4D,0xB0,0x63,0x11,0x4D,0xB0,0x63,0x11,0x4D,0xB0,0x63,0x11,0x4D,0xB0,0x63,0x11,0x4D,0xB0,0x63,0x11,0x4D,0xB0,0x63,0x11,0x4D,0xB0,0x63,0x11,0x4D,0xB0,0x63,0x11,0x4D,0xB0,0x63,0x11,0x4D,0xB0,0x63,0x11,0x4D,0xB0,0x63,0x11,0x4D,0xB0,0x63,0x11,0x4D,
    0xB0,0x63,0x11,0x4D,0xB0,0x63,0x11,0x4D,0xB0,0x63,0x11,0x4D,0xB0,0x63,0x11,0x4D,0xB0,0x63,0x11,0x4D,0xB0,0x63,0x11,0x4D,0xB0,0x63,0x11,0x4D,0xB0,0x63,0x11,0x4D,0xB0,0x63,0x11,0x4D,0xB0,0x63,0x11,0x4D,0xB0,0x63,0x11,0x4D,0xB0,0x63,0x11,0x4D,0xB0,0x63,0x11,0x4D,0xB0,0x63,0x11,0x4D,0xB0,0x63,0x11,0x4D,0xB0,0x63,0x11,0x4D,
    0xB0,0x63,0x11,0x4D,0xB0,0x63,0x11,0x4D,0xB0,0x63,0x11,0x4D,0xB0,0x63,0x11,0x4D,0xB0,0x63,0x11,0x4D,0xB0,0x63,0x11,0x4D,0xB0,0x63,0x11,0x4D,0xB0,0x63,0x11,0x4D,0xB0,0x63,0x11,0x4D,0xB0,0x63,0x11,0x4D,0xB0,0x63,0x11,0x4D,0xB0,0x63,0x11,0x4D,0xB0,0x63,0x11,0x4D,0xB0,0x63,0x11,0x4D,0xB0,0x63,0x11,0x4D,0xB0,0x63,0x11,0x4D,
    0xB0,0x63,0x11,0x4D,0xB0,0x63,0x11,0x4D,0xB0,0x63,0x11,0x4D,0xB0,0x63,0x11,0x4D,0xB0,0x63,0x11,0x4D,0xB0,0x63,0x11,0x4D,0xB0,0x63,0x11,0x4D,0xB0,0x63,0x11,0x4D,0xB0,0x63,0x11,0x4D,0xB0,0x63,0x11,0x4D,0xB0,0x63,0x11,0x4D,0xB0,0x63,0x11,0x4D,0xB0,0x63,0x11,0x4D,0xB0,0x63,0x11,0x4D,0xB0,0x63,0x11,0x4D,0xB0,0x63,0x11,0x4D,
    0xB0,0x63,0x11,0x4D,0xB0,0x63,0x11,0x4D,0xB0,0x63,0x11,0x4D,0xB0,0x63,0x11,0x4D,0xB0,0x63,0x11,0x4D,0xB0,0x63,0x11,0x4D,0xB0,0x63,0x11,0x4D,0xB0,0x63,0x11,0x4D,0xB0,0x63,0x11,0x4D,0xB0,0x63,0x11,0x4D,0xB0,0x63,0x11,0x4D,0xB0,0x63,0x11,0x4D,0xB0,0x63,0x11,0x4D,0xB0,0x63,0x11,0x4D,0xB0,0x63,0x11,0x4D,0xB0,0x63,0x11,0x4D,
    0xB0,0x63,0x11,0x4D,0xB0,0x63,0x11,0x4D,0xB0,0x63,0x11,0x4D,0xB0,0x63,0x11,0x4D,0xB0,0x63,0x11,0x4D,0xB0,0x63,0x11,0x4D,0xB0,0x63,0x11,0x4D,0xB0,0x63,0x11,0x4D,0xB0,0x63,0x11,0x4D,0xB0,0x63,0x11,0x4D,0xB0,0x63,0x11,0x4D,0xB0,0x63,0x11,0x4D,0xB0,0x63,0x11,0x4D,0xB0,0x63,0x11,0x4D,0xB0,0x63,0x11,0x4D,0xB0,0x63,0x11,0x4D,
    0xB0,0x63,0x11,0x4D,0xB0,0x63,0x11,0x4D,0xB0,0x63,0x11,0x4D,0xB0,0x63,0x11,0x4D,0xB0,0x63,0x11,0x4D,0xB0,0x63,0x11,0x4D,0xB0,0x63,0x11,0x4D,0xB0,0x63,0x11,0x4D,0xB0,0x63,0x11,0x4D,0xB0,0x63,0x11,0x4D,0xB0,0x63,0x11,0x4D,0xB0,0x63,0x11,0x4D,0xB0,0x63,0x11,0x4D,0xB0,0x63,0x11,0x4D,0xB0,0x63,0x11,0x4D,0xB0,0x63,0x11,0x4D,
    0xB0,0x63,0x11,0x4D,0xB0,0x63,0x11,0x4D,0xB0,0x63,0x11,0x4D,0xB0,0x63,0x11,0x4D,0xB0,0x63,0x11,0x4D,0xB0,0x63,0x11,0x4D,0xB0,0x63,0x11,0x4D,0xB0,0x63,0x11,0x4D,0xB0,0x63,0x11,0x4D,0xB0,0x63,0x11,0x4D,0xB0,0x63,0x11,0x4D,0xB0,0x63,0x11,0x4D,0xB0,0x63,0x11,0x4D,0xB0,0x63,0x11,0x4D,0xB0,0x63,0x11,0x4D,0xB0,0x63,0x11,0x4D,
    0xB0,0x63,0x11,0x4D,0xB0,0x63,0x11,0x4D,0xB0,0x63,0x11,0x4D,0xB0,0x63,0x11,0x4D,0xB0,0x63,0x11,0x4D,0xB0,0x63,0x11,0x4D,0xB0,0x63,0x11,0x4D,0xB0,0x63,0x11,0x4D,0xB0,0x63,0x11,0x4D,0xB0,0x63,0x11,0x4D,0xB0,0x63,0x11,0x4D,0xB0,0x63,0x11,0x4D,0xB0,0x63,0x11,0x4D,0xB0,0x63,0x11,0x4D,0xB0,0x63,0x11,0x4D,0xB0,0x63,0x11,0x4D,
    0xB0,0x63,0x11,0x4D,0xB0,0x63,0x11,0x4D,0xB0,0x63,0x11,0x4D,0xB0,0x63,0x11,0x4D,0xB0,0x63,0x11,0x4D,0xB0,0x63,0x11,0x4D,0xB0,0x63,0x11,0x4D,0xB0,0x63,0x11,0x4D,0xB0,0x63,0x11,0x4D,0xB0,0x63,0x11,0x4D,0xB0,0x63,0x11,0x4D,0xB0,0x63,0x11,0x4D,0xB0,0x63,0x11,0x4D,0xB0,0x63,0x11,0x4D,0xB0,0x63,0x11,0x4D,0xB0,0x63,0x11,0x4D,
    0xB0,0x63,0x11,0x4D,0xB0,0x63,0x11,0x4D,0xB0,0x63,0x11,0x4D,0xB0,0x63,0x11,0x4D,0xB0,0x63,0x11,0x4D,0xB0,0x63,0x11,0x4D,0xB0,0x63,0x11,0x4D,0xB0,0x63,0x11,0x4D,0xB0,0x63,0x11,0x4D,0xB0,0x63,0x11,0x4D,0xB0,0x63,0x11,0x4D,0xB0,0x63,0x11,0x4D,0xB0,0x63,0x11,0x4D,0xB0,0x63,0x11,0x4D,0xB0,0x63,0x11,0x4D,0xB0,0x63,0x11,0x4D,
    0xB0,0x63,0x11,0x4D,0xB0,0x63,0x11,0x4D,0xB0,0x63,0x11,0x4D,0xB0,0x63,0x11,0x4D,0xB0,0x63,0x11,0x4D,0xB0,0x63,0x11,0x4D,0xB0,0x63,0x11,0x4D,0xB0,0x63,0x11,0x4D,0xB0,0x63,0x11,0x4D,0xB0,0x63,0x11,0x4D,0xB0,0x63,0x11,0x4D,0xB0,0x63,0x11,0x4D,0xB0,0x63,0x11,0x4D,0xB0,0x63,0x11,0x4D,0xB0,0x63,0x11,0x4D,0xB0,0x63,0x11,0x4D,
    0xB0,0x63,0x11,0x4D,0xB0,0x63,0x11,0x4D,0xB0,0x63,0x11,0x4D,0xB0,0x63,0x11,0x4D,0xB0,0x63,0x11,0x4D,0xB0,0x63,0x11,0x4D,0xB0,0x63,0x11,0x4D,0xB0,0x63,0x11,0x4D,0xB0,0x63,0x11,0x4D,0xB0,0x63,0x11,0x4D,0xB0,0x63,0x11,0x4D,0xB0,0x63,0x11,0x4D,0xB0,0x63,0x11,0x4D,0xB0,0x63,0x11,0x4D,0xB0,0x63,0x11,0x4D,0xB0,0x63,0x11,0x4D,
    0xB0,0x63,0x11,0x4D,0xB0,0x63,0x11,0x4D,0xB0,0x63,0x11,0x4D,0xB0,0x63,0x11,0x4D,0xB0,0x63,0x11,0x4D,0xB0,0x63,0x11,0x4D,0xB0,0x63,0x11,0x4D,0xB0,0x63,0x11,0x4D,0xB0,0x63,0x11,0x4D,0xAA,0x5E,0x13,0x1B,0xB2,0x65,0x0E,0x35,0xB0,0x63,0x11,0x4D,0xB0,0x63,0x11,0x4D,0xB0,0x63,0x11,0x4D,0xB0,0x63,0x11,0x4D,0xB0,0x63,0x11,0x4D,
    0xB0,0x63,0x11,0x4D,0xB0,0x63,0x11,0x4D,0xB0,0x63,0x11,0x4D,0xB0,0x63,0x11,0x4D,0xB0,0x63,0x11,0x4D,0xB0,0x63,0x11,0x4D,0xB0,0x63,0x11,0x4D,0xB0,0x63,0x11,0x4D,0xB0,0x63,0x11,0x4D,0xB0,0x63,0x11,0x4D,0xB0,0x63,0x11,0x4D,0xB0,0x63,0x11,0x4D,0xB0,0x63,0x11,0x4D,0xB0,0x63,0x11,0x4D,0xB0,0x63,0x11,0x4D,0xB0,0x63,0x11,0x4D,
    0xB0,0x63,0x11,0x4D,0xB0,0x63,0x11,0x4D,0xB0,0x63,0x11,0x4D,0xB0,0x63,0x11,0x4D,0xB0,0x63,0x11,0x4D,0xB0,0x63,0x11,0x4D,0xB0,0x63,0x11,0x4D,0xB0,0x63,0x11,0x4D,0xB0,0x63,0x11,0x4D,0xB0,0x63,0x11,0x4D,0xB0,0x63,0x11,0x4D,0xB0,0x63,0x11,0x4D,0xB0,0x63,0x11,0x4D,0xB0,0x63,0x11,0x4D,0xB0,0x63,0x11,0x4D,0xB0,0x63,0x11,0x4D,
    0xB0,0x63,0x11,0x4D,0xB0,0x63,0x11,0x4D,0xB0,0x63,0x11,0x4D,0xB0,0x63,0x11,0x4D,0xB0,0x63,0x11,0x4D,0xB0,0x63,0x11,0x4D,0xB0,0x63,0x11,0x4D,0xB0,0x63,0x11,0x4D,0xB0,0x63,0x11,0x4D,0xB0,0x63,0x11,0x4D,0xB0,0x63,0x11,0x4D,0xB0,0x63,0x11,0x4D,0xB0,0x63,0x11,0x4D,0xB0,0x63,0x11,0x4D,0xB0,0x63,0x11,0x4D,0xB0,0x63,0x11,0x4D,
    0xB0,0x63,0x11,0x4D,0xB0,0x63,0x11,0x4D,0xB0,0x63,0x11,0x4D,0xB0,0x63,0x11,0x4D,0xB0,0x63,0x11,0x4D,0xB0,0x63,0x11,0x4D,0xB0,0x63,0x11,0x4D,0xB0,0x63,0x11,0x4D,0xB0,0x63,0x11,0x4D,0xB0,0x63,0x11,0x4D,0xB0,0x63,0x11,0x4D,0xB0,0x63,0x11,0x4D,0xB0,0x63,0x11,0x4D,0xB0,0x63,0x11,0x4D,0xB0,0x63,0x11,0x4D,0xB0,0x63,0x11,0x4D,
    0xB0,0x63,0x11,0x4D,0xB0,0x63,0x11,0x4D,0xB0,0x63,0x11,0x4D,0xB0,0x63,0x11,0x4D,0xB0,0x63,0x11,0x4D,0xB0,0x63,0x11,0x4D,0xB0,0x63,0x11,0x4D,0xB0,0x63,0x11,0x4D,0xB0,0x63,0x11,0x4D,0xB0,0x63,0x11,0x4D,0xB0,0x63,0x11,0x4D,0xB0,0x63,0x11,0x4D,0xB0,0x63,0x11,0x4D,0xB0,0x63,0x11,0x4D,0xB0,0x63,0x11,0x4D,0xB0,0x63,0x11,0x4D,
    0xB0,0x63,0x11,0x4D,0xB0,0x63,0x11,0x4D,0xB0,0x63,0x11,0x4D,0xB0,0x63,0x11,0x4D,0xB0,0x63,0x11,0x4D,0xB0,0x63,0x11,0x4D,0xB0,0x63,0x11,0x4D,0xB0,0x63,0x11,0x4D,0xB0,0x63,0x11,0x4D,0xB0,0x63,0x11,0x4D,0xB0,0x63,0x11,0x4D,0xB0,0x63,0x11,0x4D,0xB0,0x63,0x11,0x4D,0xB0,0x63,0x11,0x4D,0xB0,0x63,0x11,0x4D,0xB0,0x63,0x11,0x4D,
    0xB0,0x63,0x11,0x4D,0xB0,0x63,0x11,0x4D,0xB0,0x63,0x11,0x4D,0xB0,0x63,0x11,0x4D,0xB0,0x63,0x11,0x4D,0xB0,0x63,0x11,0x4D,0xB0,0x63,0x11,0x4D,0xB0,0x63,0x11,0x4D,0xB0,0x63,0x11,0x4D,0xB0,0x63,0x11,0x4D,0xB0,0x63,0x11,0x4D,0xB0,0x63,0x11,0x4D,0xB0,0x63,0x11,0x4D,0xB0,0x63,0x11,0x4D,0xB0,0x63,0x11,0x4D,0xB0,0x63,0x11,0x4D,
    0xB0,0x63,0x11,0x4D,0xB0,0x63,0x11,0x4D,0xB0,0x63,0x11,0x4D,0xB0,0x63,0x11,0x4D,0xB0,0x63,0x11,0x4D,0xB0,0x63,0x11,0x4D,0xB0,0x63,0x11,0x4D,0xB0,0x63,0x11,0x4D,0xB0,0x63,0x11,0x4D,0xB0,0x63,0x11,0x4D,0xB0,0x63,0x11,0x4D,0xB0,0x63,0x11,0x4D,0xB0,0x63,0x11,0x4D,0xB0,0x63,0x11,0x4D,0xB0,0x63,0x11,0x4D,0xB0,0x63,0x11,0x4D,
    0xB0,0x63,0x11,0x4D,0xB0,0x63,0x11,0x4D,0xB0,0x63,0x11,0x4D,0xB0,0x63,0x11,0x4D,0xB0,0x63,0x11,0x4D,0xB0,0x63,0x11,0x4D,0xB0,0x63,0x11,0x4D,0xB0,0x63,0x11,0x4D,0xB0,0x63,0x11,0x4D,0xB0,0x63,0x11,0x4D,0xB0,0x63,0x11,0x4D,0xB0,0x63,0x11,0x4D,0xB0,0x63,0x11,0x4D,0xB0,0x63,0x11,0x4D,0xB0,0x63,0x11,0x4D,0xB0,0x63,0x11,0x4D,
    0xB0,0x63,0x11,0x4D,0xB0,0x63,0x11,0x4D,0xB0,0x63,0x11,0x4D,0xB0,0x63,0x11,0x4D,0xB0,0x63,0x11,0x4D,0xB0,0x63,0x11,0x4D,0xB0,0x63,0x11,0x4D,0xB0,0x63,0x11,0x4D,0xB0,0x63,0x11,0x4D,0xB0,0x63,0x11,0x4D,0xB0,0x63,0x11,0x4D,0xB0,0x63,0x11,0x4D,0xB0,0x63,0x11,0x4D,0xB0,0x63,0x11,0x4D,0xB0,0x63,0x11,0x4D,0xB0,0x63,0x11,0x4D,
    0xB0,0x63,0x11,0x4D,0xB0,0x63,0x11,0x4D,0xB0,0x63,0x11,0x4D,0xB0,0x63,0x11,0x4D,0xB0,0x63,0x11,0x4D,0xB0,0x63,0x11,0x4D,0xB0,0x63,0x11,0x4D,0xB0,0x63,0x11,0x4D,0xB0,0x63,0x11,0x4D,0xB0,0x63,0x11,0x4D,0xB0,0x63,0x11,0x4D,0xB0,0x63,0x11,0x4D,0xB0,0x63,0x11,0x4D,0xB0,0x63,0x11,0x4D,0xB0,0x63,0x11,0x4D,0xB0,0x63,0x11,0x4D,
    0xB0,0x63,0x11,0x4D,0xB0,0x63,0x11,0x4D,0xB0,0x63,0x11,0x4D,0xB0,0x63,0x11,0x4D,0xB0,0x63,0x11,0x4D,0xB0,0x63,0x11,0x4D,0xB0,0x63,0x11,0x4D,0xB0,0x63,0x11,0x4D,0xB0,0x63,0x11,0x4D,0xB0,0x63,0x11,0x4D,0xB0,0x63,0x11,0x4D,0xB0,0x63,0x11,0x4D,0xB0,0x63,0x11,0x4D,0xB0,0x63,0x11,0x4D,0xB0,0x63,0x11,0x4D,0xB0,0x63,0x11,0x4D,
    0xB0,0x63,0x11,0x4D,0xB0,0x63,0x11,0x4D,0xB0,0x63,0x11,0x4D,0xB0,0x63,0x11,0x4D,0xB0,0x63,0x11,0x4D,0xB0,0x63,0x11,0x4D,0xB0,0x63,0x11,0x4D,0xB0,0x63,0x11,0x4D,0xB0,0x63,0x11,0x4D,0xB0,0x63,0x11,0x4D,0xB0,0x63,0x11,0x4D,0xB0,0x63,0x11,0x4D,0xB0,0x63,0x11,0x4D,0xB0,0x63,0x11,0x4D,0xB0,0x63,0x11,0x4D,0xB0,0x63,0x11,0x4D,
    0xB0,0x63,0x11,0x4D,0xB0,0x63,0x11,0x4D,0xB0,0x63,0x11,0x4D,0xB0,0x63,0x11,0x4D,0xB0,0x63,0x11,0x4D,0xB0,0x63,0x11,0x4D,0xB0,0x63,0x11,0x4D,0xB0,0x63,0x11,0x4D,0xB0,0x63,0x11,0x4D,0xB0,0x63,0x11,0x4D,0xB0,0x63,0x11,0x4D,0xB0,0x63,0x11,0x4D,0xB0,0x63,0x11,0x4D,0xB0,0x63,0x11,0x4D,0xB0,0x63,0x11,0x4D,0xB0,0x63,0x11,0x4D,
    0xB0,0x63,0x11,0x4D,0xB0,0x63,0x11,0x4D,0xB0,0x63,0x11,0x4D,0xB0,0x63,0x11,0x4D,0xB0,0x63,0x11,0x4D,0xB0,0x63,0x11,0x4D,0xB0,0x63,0x11,0x4D,0xB0,0x63,0x11,0x4D,0xB0,0x63,0x11,0x4D,0xB0,0x63,0x11,0x4D,0xB0,0x63,0x11,0x4D,0xB0,0x63,0x11,0x4D,0xB0,0x63,0x11,0x4D,0xB0,0x63,0x11,0x4D,0xB0,0x63,0x11,0x4D,0xB0,0x63,0x11,0x4D,
    0xB0,0x63,0x11,0x4D,0xB0,0x63,0x11,0x4D,0xB0,0x63,0x11,0x4D,0xB0,0x63,0x11,0x4D,0xB0,0x63,0x11,0x4D,0xB0,0x63,0x11,0x4D,0xB0,0x63,0x11,0x4D,0xB0,0x63,0x11,0x4D,0xB0,0x63,0x11,0x4D,0xB0,0x63,0x11,0x4D,0xB0,0x63,0x11,0x4D,0xB0,0x63,0x11,0x4D,0xB0,0x63,0x11,0x4D,0xB0,0x63,0x11,0x4D,0xB0,0x63,0x11,0x4D,0xB0,0x63,0x11,0x4D,
    0xB0,0x63,0x11,0x4D,0xB0,0x63,0x11,0x4D,0xB0,0x63,0x11,0x4D,0xB0,0x63,0x11,0x4D,0xB0,0x63,0x11,0x4D,0xB0,0x63,0x11,0x4D,0xB0,0x63,0x11,0x4D,0xB0,0x63,0x11,0x4D,0xB0,0x63,0x11,0x4D,0xB0,0x63,0x11,0x4D,0xB0,0x63,0x11,0x4D,0xB0,0x63,0x11,0x4D,0xB0,0x63,0x11,0x4D,0xB0,0x63,0x11,0x4D,0xB0,0x63,0x11,0x4D,0xB0,0x63,0x11,0x4D,
    0xB0,0x63,0x11,0x4D,0xB0,0x63,0x11,0x4D,0xB0,0x63,0x11,0x4D,0xB0,0x63,0x11,0x4D,0xB0,0x63,0x11,0x4D,0xB0,0x63,0x11,0x4D,0xB0,0x63,0x11,0x4D,0xB0,0x63,0x11,0x4D,0xB0,0x63,0x11,0x4D,0xB0,0x63,0x11,0x4D,0xB0,0x63,0x11,0x4D,0xB0,0x63,0x11,0x4D,0xB0,0x63,0x11,0x4D,0xB0,0x63,0x11,0x4D,0xB0,0x63,0x11,0x4D,0xB0,0x63,0x11,0x4D,
    0xB0,0x63,0x11,0x4D,0xB0,0x63,0x11,0x4D,0xB0,0x63,0x11,0x4D,0xB0,0x63,0x11,0x4D,0xB0,0x63,0x11,0x4D,0xB0,0x63,0x11,0x4D,0xB0,0x63,0x11,0x4D,0xB0,0x63,0x11,0x4D,0xB0,0x63,0x11,0x4D,0xB0,0x63,0x11,0x4D,0xB0,0x63,0x11,0x4D,0xB0,0x63,0x11,0x4D,0xB0,0x63,0x11,0x4D,0xB0,0x63,0x11,0x4D,0xB0,0x63,0x11,0x4D,0xB2,0x65,0x0E,0x35,
    0xAF,0x63,0x0F,0x43,0xB0,0x63,0x11,0x4D,0xB0,0x63,0x11,0x4D,0xB0,0x63,0x11,0x4D,0xB0,0x63,0x11,0x4D,0xB0,0x63,0x11,0x4D,0xB0,0x63,0x11,0x4D,0xB0,0x63,0x11,0x4D,0xB0,0x63,0x11,0x4D,0xB0,0x63,0x11,0x4D,0xB0,0x63,0x11,0x4D,0xB0,0x63,0x11,0x4D,0xB0,0x63,0x11,0x4D,0xB0,0x63,0x11,0x4D,0xB0,0x63,0x11,0x4D,0xB0,0x63,0x11,0x4D,
    0xB0,0x63,0x11,0x4D,0xB0,0x63,0x11,0x4D,0xB0,0x63,0x11,0x4D,0xB0,0x63,0x11,0x4D,0xB0,0x63,0x11,0x4D,0xB0,0x63,0x11,0x4D,0xB0,0x63,0x11,0x4D,0xB0,0x63,0x11,0x4D,0xB0,0x63,0x11,0x4D,0xB0,0x63,0x11,0x4D,0xB0,0x63,0x11,0x4D,0xB0,0x63,0x11,0x4D,0xB0,0x63,0x11,0x4D,0xB0,0x63,0x11,0x4D,0xB0,0x63,0x11,0x4D,0xB0,0x63,0x11,0x4D,
    0xB0,0x63,0x11,0x4D,0xB0,0x63,0x11,0x4D,0xB0,0x63,0x11,0x4D,0xB0,0x63,0x11,0x4D,0xB0,0x63,0x11,0x4D,0xB0,0x63,0x11,0x4D,0xB0,0x63,0x11,0x4D,0xB0,0x63,0x11,0x4D,0xB0,0x63,0x11,0x4D,0xB0,0x63,0x11,0x4D,0xB0,0x63,0x11,0x4D,0xB0,0x63,0x11,0x4D,0xB0,0x63,0x11,0x4D,0xB0,0x63,0x11,0x4D,0xB0,0x63,0x11,0x4D,0xB0,0x63,0x11,0x4D,
    0xB0,0x63,0x11,0x4D,0xB0,0x63,0x11,0x4D,0xB0,0x63,0x11,0x4D,0xB0,0x63,0x11,0x4D,0xB0,0x63,0x11,0x4D,0xB0,0x63,0x11,0x4D,0xB0,0x63,0x11,0x4D,0xB0,0x63,0x11,0x4D,0xB0,0x63,0x11,0x4D,0xB0,0x63,0x11,0x4D,0xB0,0x63,0x11,0x4D,0xB0,0x63,0x11,0x4D,0xB0,0x63,0x11,0x4D,0xB0,0x63,0x11,0x4D,0xB0,0x63,0x11,0x4D,0xB0,0x63,0x11,0x4D,
    0xB0,0x63,0x11,0x4D,0xB0,0x63,0x11,0x4D,0xB0,0x63,0x11,0x4D,0xB0,0x63,0x11,0x4D,0xB0,0x63,0x11,0x4D,0xB0,0x63,0x11,0x4D,0xB0,0x63,0x11,0x4D,0xB0,0x63,0x11,0x4D,0xB0,0x63,0x11,0x4D,0xB0,0x63,0x11,0x4D,0xB0,0x63,0x11,0x4D,0xB0,0x63,0x11,0x4D,0xB0,0x63,0x11,0x4D,0xB0,0x63,0x11,0x4D,0xB0,0x63,0x11,0x4D,0xB0,0x63,0x11,0x4D,
    0xB0,0x63,0x11,0x4D,0xB0,0x63,0x11,0x4D,0xB0,0x63,0x11,0x4D,0xB0,0x63,0x11,0x4D,0xB0,0x63,0x11,0x4D,0xB0,0x63,0x11,0x4D,0xB0,0x63,0x11,0x4D,0xB0,0x63,0x11,0x4D,0xB0,0x63,0x11,0x4D,0xB0,0x63,0x11,0x4D,0xB0,0x63,0x11,0x4D,0xB0,0x63,0x11,0x4D,0xB0,0x63,0x11,0x4D,0xB0,0x63,0x11,0x4D,0xB0,0x63,0x11,0x4D,0xB0,0x63,0x11,0x4D,
    0xB0,0x63,0x11,0x4D,0xB0,0x63,0x11,0x4D,0xB0,0x63,0x11,0x4D,0xB0,0x63,0x11,0x4D,0xB0,0x63,0x11,0x4D,0xB0,0x63,0x11,0x4D,0xB0,0x63,0x11,0x4D,0xB0,0x63,0x11,0x4D,0xB0,0x63,0x11,0x4D,0xB0,0x63,0x11,0x4D,0xB0,0x63,0x11,0x4D,0xB0,0x63,0x11,0x4D,0xB0,0x63,0x11,0x4D,0xB0,0x63,0x11,0x4D,0xB0,0x63,0x11,0x4D,0xB0,0x63,0x11,0x4D,
    0xB0,0x63,0x11,0x4D,0xB0,0x63,0x11,0x4D,0xB0,0x63,0x11,0x4D,0xB0,0x63,0x11,0x4D,0xB0,0x63,0x11,0x4D,0xB0,0x63,0x11,0x4D,0xB0,0x63,0x11,0x4D,0xB0,0x63,0x11,0x4D,0xB0,0x63,0x11,0x4D,0xB0,0x63,0x11,0x4D,0xB0,0x63,0x11,0x4D,0xB0,0x63,0x11,0x4D,0xB0,0x63,0x11,0x4D,0xB0,0x63,0x11,0x4D,0xB0,0x63,0x11,0x4D,0xB0,0x63,0x11,0x4D,
    0xB0,0x63,0x11,0x4D,0xB0,0x63,0x11,0x4D,0xB0,0x63,0x11,0x4D,0xB0,0x63,0x11,0x4D,0xB0,0x63,0x11,0x4D,0xB0,0x63,0x11,0x4D,0xB0,0x63,0x11,0x4D,0xB0,0x63,0x11,0x4D,0xB0,0x63,0x11,0x4D,0xB0,0x63,0x11,0x4D,0xB0,0x63,0x11,0x4D,0xB0,0x63,0x11,0x4D,0xB0,0x63,0x11,0x4D,0xB0,0x63,0x11,0x4D,0xB0,0x63,0x11,0x4D,0xB0,0x63,0x11,0x4D,
    0xB0,0x63,0x11,0x4D,0xB0,0x63,0x11,0x4D,0xB0,0x63,0x11,0x4D,0xB0,0x63,0x11,0x4D,0xB0,0x63,0x11,0x4D,0xB0,0x63,0x11,0x4D,0xB0,0x63,0x11,0x4D,0xB0,0x63,0x11,0x4D,0xB0,0x63,0x11,0x4D,0xB0,0x63,0x11,0x4D,0xB0,0x63,0x11,0x4D,0xB0,0x63,0x11,0x4D,0xB0,0x63,0x11,0x4D,0xB0,0x63,0x11,0x4D,0xB0,0x63,0x11,0x4D,0xB0,0x63,0x11,0x4D,
    0xB0,0x63,0x11,0x4D,0xB0,0x63,0x11,0x4D,0xB0,0x63,0x11,0x4D,0xB0,0x63,0x11,0x4D,0xB0,0x63,0x11,0x4D,0xB0,0x63,0x11,0x4D,0xB0,0x63,0x11,0x4D,0xB0,0x63,0x11,0x4D,0xB0,0x63,0x11,0x4D,0xB0,0x63,0x11,0x4D,0xB0,0x63,0x11,0x4D,0xB0,0x63,0x11,0x4D,0xB0,0x63,0x11,0x4D,0xB0,0x63,0x11,0x4D,0xB0,0x63,0x11,0x4D,0xB0,0x63,0x11,0x4D,
    0xB0,0x63,0x11,0x4D,0xB0,0x63,0x11,0x4D,0xB0,0x63,0x11,0x4D,0xB0,0x63,0x11,0x4D,0xB0,0x63,0x11,0x4D,0xB0,0x63,0x11,0x4D,0xB0,0x63,0x11,0x4D,0xB0,0x63,0x11,0x4D,0xB0,0x63,0x11,0x4D,0xB0,0x63,0x11,0x4D,0xB0,0x63,0x11,0x4D,0xB0,0x63,0x11,0x4D,0xB0,0x63,0x11,0x4D,0xB0,0x63,0x11,0x4D,0xB0,0x63,0x11,0x4D,0xB0,0x63,0x11,0x4D,
    0xB0,0x63,0x11,0x4D,0xB0,0x63,0x11,0x4D,0xB0,0x63,0x11,0x4D,0xB0,0x63,0x11,0x4D,0xB0,0x63,0x11,0x4D,0xB0,0x63,0x11,0x4D,0xB0,0x63,0x11,0x4D,0xB0,0x63,0x11,0x4D,0xB0,0x63,0x11,0x4D,0xB0,0x63,0x11,0x4D,0xB0,0x63,0x11,0x4D,0xB0,0x63,0x11,0x4D,0xB0,0x63,0x11,0x4D,0xB0,0x63,0x11,0x4D,0xB0,0x63,0x11,0x4D,0xB0,0x63,0x11,0x4D,
    0xB0,0x63,0x11,0x4D,0xB0,0x63,0x11,0x4D,0xB0,0x63,0x11,0x4D,0xB0,0x63,0x11,0x4D,0xB0,0x63,0x11,0x4D,0xB0,0x63,0x11,0x4D,0xB0,0x63,0x11,0x4D,0xB0,0x63,0x11,0x4D,0xB0,0x63,0x11,0x4D,0xB0,0x63,0x11,0x4D,0xB0,0x63,0x11,0x4D,0xB0,0x63,0x11,0x4D,0xB0,0x63,0x11,0x4D,0xB0,0x63,0x11,0x4D,0xB0,0x63,0x11,0x4D,0xB0,0x63,0x11,0x4D,
    0xB0,0x63,0x11,0x4D,0xB0,0x63,0x11,0x4D,0xB0,0x63,0x11,0x4D,0xB0,0x63,0x11,0x4D,0xB0,0x63,0x11,0x4D,0xB0,0x63,0x11,0x4D,0xB0,0x63,0x11,0x4D,0xB0,0x63,0x11,0x4D,0xB0,0x63,0x11,0x4D,0xB0,0x63,0x11,0x4D,0xB0,0x63,0x11,0x4D,0xB0,0x63,0x11,0x4D,0xB0,0x63,0x11,0x4D,0xB0,0x63,0x11,0x4D,0xB0,0x63,0x11,0x4D,0xB0,0x63,0x11,0x4D,
    0xB0,0x63,0x11,0x4D,0xB0,0x63,0x11,0x4D,0xB0,0x63,0x11,0x4D,0xB0,0x63,0x11,0x4D,0xB0,0x63,0x11,0x4D,0xB0,0x63,0x11,0x4D,0xB0,0x63,0x11,0x4D,0xB0,0x63,0x11,0x4D,0xB0,0x63,0x11,0x4D,0xB0,0x63,0x11,0x4D,0xB0,0x63,0x11,0x4D,0xB0,0x63,0x11,0x4D,0xB0,0x63,0x11,0x4D,0xB0,0x63,0x11,0x4D,0xB0,0x63,0x11,0x4D,0xB0,0x63,0x11,0x4D,
    0xB0,0x63,0x11,0x4D,0xB0,0x63,0x11,0x4D,0xB0,0x63,0x11,0x4D,0xB0,0x63,0x11,0x4D,0xB0,0x63,0x11,0x4D,0xB0,0x63,0x11,0x4D,0xB0,0x63,0x11,0x4D,0xB0,0x63,0x11,0x4D,0xB0,0x63,0x11,0x4D,0xB0,0x63,0x11,0x4D,0xB0,0x63,0x11,0x4D,0xB0,0x63,0x11,0x4D,0xB0,0x63,0x11,0x4D,0xB0,0x63,0x11,0x4D,0xB0,0x63,0x11,0x4D,0xB0,0x63,0x11,0x4D,
    0xB0,0x63,0x11,0x4D,0xB0,0x63,0x11,0x4D,0xB0,0x63,0x11,0x4D,0xB0,0x63,0x11,0x4D,0xB0,0x63,0x11,0x4D,0xB0,0x63,0x11,0x4D,0xB0,0x63,0x11,0x4D,0xB0,0x63,0x11,0x4D,0xB0,0x63,0x11,0x4D,0xB0,0x63,0x11,0x4D,0xB0,0x63,0x11,0x4D,0xB0,0x63,0x11,0x4D,0xB0,0x63,0x11,0x4D,0xB0,0x63,0x11,0x4D,0xB0,0x63,0x11,0x4D,0xB0,0x63,0x11,0x4D,
    0xB0,0x63,0x11,0x4D,0xB0,0x63,0x11,0x4D,0xB0,0x63,0x11,0x4D,0xB0,0x63,0x11,0x4D,0xB0,0x63,0x11,0x4D,0xB0,0x63,0x11,0x4D,0xB0,0x63,0x11,0x4D,0xB0,0x63,0x11,0x4D,0xB0,0x63,0x11,0x4D,0xB0,0x63,0x11,0x4D,0xB0,0x63,0x11,0x4D,0xB0,0x63,0x11,0x4D,0xB0,0x63,0x11,0x4D,0xB0,0x63,0x11,0x4D,0xB0,0x63,0x11,0x4D,0xB0,0x63,0x11,0x4D,
    0xB0,0x63,0x11,0x4D,0xB0,0x63,0x11,0x4D,0xB0,0x63,0x11,0x4D,0xB0,0x63,0x11,0x4D,0xB0,0x63,0x11,0x4D,0xAF,0x63,0x0F,0x43,0xB1,0x63,0x11,0x4B,0xB0,0x63,0x11,0x4D,0xB0,0x63,0x11,0x4D,0xB0,0x63,0x11,0x4D,0xB0,0x63,0x11,0x4D,0xB0,0x63,0x11,0x4D,0xB0,0x63,0x11,0x4D,0xB0,0x63,0x11,0x4D,0xB0,0x63,0x11,0x4D,0xB0,0x63,0x11,0x4D,
    0xB0,0x63,0x11,0x4D,0xB0,0x63,0x11,0x4D,0xB0,0x63,0x11,0x4D,0xB0,0x63,0x11,0x4D,0xB0,0x63,0x11,0x4D,0xB0,0x63,0x11,0x4D,0xB0,0x63,0x11,0x4D,0xB0,0x63,0x11,0x4D,0xB0,0x63,0x11,0x4D,0xB0,0x63,0x11,0x4D,0xB0,0x63,0x11,0x4D,0xB0,0x63,0x11,0x4D,0xB0,0x63,0x11,0x4D,0xB0,0x63,0x11,0x4D,0xB0,0x63,0x11,0x4D,0xB0,0x63,0x11,0x4D,
    0xB0,0x63,0x11,0x4D,0xB0,0x63,0x11,0x4D,0xB0,0x63,0x11,0x4D,0xB0,0x63,0x11,0x4D,0xB0,0x63,0x11,0x4D,0xB0,0x63,0x11,0x4D,0xB0,0x63,0x11,0x4D,0xB0,0x63,0x11,0x4D,0xB0,0x63,0x11,0x4D,0xB0,0x63,0x11,0x4D,0xB0,0x63,0x11,0x4D,0xB0,0x63,0x11,0x4D,0xB0,0x63,0x11,0x4D,0xB0,0x63,0x11,0x4D,0xB0,0x63,0x11,0x4D,0xB0,0x63,0x11,0x4D,
    0xB0,0x63,0x11,0x4D,0xB0,0x63,0x11,0x4D,0xB0,0x63,0x11,0x4D,0xB0,0x63,0x11,0x4D,0xB0,0x63,0x11,0x4D,0xB0,0x63,0x11,0x4D,0xB0,0x63,0x11,0x4D,0xB0,0x63,0x11,0x4D,0xB0,0x63,0x11,0x4D,0xB0,0x63,0x11,0x4D,0xB0,0x63,0x11,0x4D,0xB0,0x63,0x11,0x4D,0xB0,0x63,0x11,0x4D,0xB0,0x63,0x11,0x4D,0xB0,0x63,0x11,0x4D,0xB0,0x63,0x11,0x4D,
    0xB0,0x63,0x11,0x4D,0xB0,0x63,0x11,0x4D,0xB0,0x63,0x11,0x4D,0xB0,0x63,0x11,0x4D,0xB0,0x63,0x11,0x4D,0xB0,0x63,0x11,0x4D,0xB0,0x63,0x11,0x4D,0xB0,0x63,0x11,0x4D,0xB0,0x63,0x11,0x4D,0xB0,0x63,0x11,0x4D,0xB0,0x63,0x11,0x4D,0xB0,0x63,0x11,0x4D,0xB0,0x63,0x11,0x4D,0xB0,0x63,0x11,0x4D,0xB0,0x63,0x11,0x4D,0xB0,0x63,0x11,0x4D,
    0xB0,0x63,0x11,0x4D,0xB0,0x63,0x11,0x4D,0xB0,0x63,0x11,0x4D,0xB0,0x63,0x11,0x4D,0xB0,0x63,0x11,0x4D,0xB0,0x63,0x11,0x4D,0xB0,0x63,0x11,0x4D,0xB0,0x63,0x11,0x4D,0xB0,0x63,0x11,0x4D,0xB0,0x63,0x11,0x4D,0xB0,0x63,0x11,0x4D,0xB0,0x63,0x11,0x4D,0xB0,0x63,0x11,0x4D,0xB0,0x63,0x11,0x4D,0xB0,0x63,0x11,0x4D,0xB0,0x63,0x11,0x4D,
    0xB0,0x63,0x11,0x4D,0xB0,0x63,0x11,0x4D,0xB0,0x63,0x11,0x4D,0xB0,0x63,0x11,0x4D,0xB0,0x63,0x11,0x4D,0xB0,0x63,0x11,0x4D,0xB0,0x63,0x11,0x4D,0xB0,0x63,0x11,0x4D,0xB0,0x63,0x11,0x4D,0xB0,0x63,0x11,0x4D,0xB0,0x63,0x11,0x4D,0xB0,0x63,0x11,0x4D,0xB0,0x63,0x11,0x4D,0xB0,0x63,0x11,0x4D,0xB0,0x63,0x11,0x4D,0xB0,0x63,0x11,0x4D,
    0xB0,0x63,0x11,0x4D,0xB0,0x63,0x11,0x4D,0xB0,0x63,0x11,0x4D,0xB0,0x63,0x11,0x4D,0xB0,0x63,0x11,0x4D,0xB0,0x63,0x11,0x4D,0xB0,0x63,0x11,0x4D,0xB0,0x63,0x11,0x4D,0xB0,0x63,0x11,0x4D,0xB0,0x63,0x11,0x4D,0xB0,0x63,0x11,0x4D,0xB0,0x63,0x11,0x4D,0xB0,0x63,0x11,0x4D,0xB0,0x63,0x11,0x4D,0xB0,0x63,0x11,0x4D,0xB0,0x63,0x11,0x4D,
    0xB0,0x63,0x11,0x4D,0xB0,0x63,0x11,0x4D,0xB0,0x63,0x11,0x4D,0xB0,0x63,0x11,0x4D,0xB0,0x63,0x11,0x4D,0xB0,0x63,0x11,0x4D,0xB0,0x63,0x11,0x4D,0xB0,0x63,0x11,0x4D,0xB0,0x63,0x11,0x4D,0xB0,0x63,0x11,0x4D,0xB0,0x63,0x11,0x4D,0xB0,0x63,0x11,0x4D,0xB0,0x63,0x11,0x4D,0xB0,0x63,0x11,0x4D,0xB0,0x63,0x11,0x4D,0xB0,0x63,0x11,0x4D,
    0xB0,0x63,0x11,0x4D,0xB0,0x63,0x11,0x4D,0xB0,0x63,0x11,0x4D,0xB0,0x63,0x11,0x4D,0xB0,0x63,0x11,0x4D,0xB0,0x63,0x11,0x4D,0xB0,0x63,0x11,0x4D,0xB0,0x63,0x11,0x4D,0xB0,0x63,0x11,0x4D,0xB0,0x63,0x11,0x4D,0xB0,0x63,0x11,0x4D,0xB0,0x63,0x11,0x4D,0xB0,0x63,0x11,0x4D,0xB0,0x63,0x11,0x4D,0xB0,0x63,0x11,0x4D,0xB0,0x63,0x11,0x4D,
    0xB0,0x63,0x11,0x4D,0xB0,0x63,0x11,0x4D,0xB0,0x63,0x11,0x4D,0xB0,0x63,0x11,0x4D,0xB0,0x63,0x11,0x4D,0xB0,0x63,0x11,0x4D,0xB0,0x63,0x11,0x4D,0xB0,0x63,0x11,0x4D,0xB0,0x63,0x11,0x4D,0xB0,0x63,0x11,0x4D,0xB0,0x63,0x11,0x4D,0xB0,0x63,0x11,0x4D,0xB0,0x63,0x11,0x4D,0xB0,0x63,0x11,0x4D,0xB0,0x63,0x11,0x4D,0xB0,0x63,0x11,0x4D,
    0xB0,0x63,0x11,0x4D,0xB0,0x63,0x11,0x4D,0xB0,0x63,0x11,0x4D,0xB0,0x63,0x11,0x4D,0xB0,0x63,0x11,0x4D,0xB0,0x63,0x11,0x4D,0xB0,0x63,0x11,0x4D,0xB0,0x63,0x11,0x4D,0xB0,0x63,0x11,0x4D,0xB0,0x63,0x11,0x4D,0xB0,0x63,0x11,0x4D,0xB0,0x63,0x11,0x4D,0xB0,0x63,0x11,0x4D,0xB0,0x63,0x11,0x4D,0xB0,0x63,0x11,0x4D,0xB0,0x63,0x11,0x4D,
    0xB0,0x63,0x11,0x4D,0xB0,0x63,0x11,0x4D,0xB0,0x63,0x11,0x4D,0xB0,0x63,0x11,0x4D,0xB0,0x63,0x11,0x4D,0xB0,0x63,0x11,0x4D,0xB0,0x63,0x11,0x4D,0xB0,0x63,0x11,0x4D,0xB0,0x63,0x11,0x4D,0xB0,0x63,0x11,0x4D,0xB0,0x63,0x11,0x4D,0xB0,0x63,0x11,0x4D,0xB0,0x63,0x11,0x4D,0xB0,0x63,0x11,0x4D,0xB0,0x63,0x11,0x4D,0xB0,0x63,0x11,0x4D,
    0xB0,0x63,0x11,0x4D,0xB0,0x63,0x11,0x4D,0xB0,0x63,0x11,0x4D,0xB0,0x63,0x11,0x4D,0xB0,0x63,0x11,0x4D,0xB0,0x63,0x11,0x4D,0xB0,0x63,0x11,0x4D,0xB0,0x63,0x11,0x4D,0xB0,0x63,0x11,0x4D,0xB0,0x63,0x11,0x4D,0xB0,0x63,0x11,0x4D,0xB0,0x63,0x11,0x4D,0xB0,0x63,0x11,0x4D,0xB0,0x63,0x11,0x4D,0xB0,0x63,0x11,0x4D,0xB0,0x63,0x11,0x4D,
    0xB0,0x63,0x11,0x4D,0xB0,0x63,0x11,0x4D,0xB0,0x63,0x11,0x4D,0xB0,0x63,0x11,0x4D,0xB0,0x63,0x11,0x4D,0xB0,0x63,0x11,0x4D,0xB0,0x63,0x11,0x4D,0xB0,0x63,0x11,0x4D,0xB0,0x63,0x11,0x4D,0xB0,0x63,0x11,0x4D,0xB0,0x63,0x11,0x4D,0xB0,0x63,0x11,0x4D,0xB0,0x63,0x11,0x4D,0xB0,0x63,0x11,0x4D,0xB0,0x63,0x11,0x4D,0xB0,0x63,0x11,0x4D,
    0xB0,0x63,0x11,0x4D,0xB0,0x63,0x11,0x4D,0xB0,0x63,0x11,0x4D,0xB0,0x63,0x11,0x4D,0xB0,0x63,0x11,0x4D,0xB0,0x63,0x11,0x4D,0xB0,0x63,0x11,0x4D,0xB0,0x63,0x11,0x4D,0xB0,0x63,0x11,0x4D,0xB0,0x63,0x11,0x4D,0xB0,0x63,0x11,0x4D,0xB0,0x63,0x11,0x4D,0xB0,0x63,0x11,0x4D,0xB0,0x63,0x11,0x4D,0xB0,0x63,0x11,0x4D,0xB0,0x63,0x11,0x4D,
    0xB0,0x63,0x11,0x4D,0xB0,0x63,0x11,0x4D,0xB0,0x63,0x11,0x4D,0xB0,0x63,0x11,0x4D,0xB0,0x63,0x11,0x4D,0xB0,0x63,0x11,0x4D,0xB0,0x63,0x11,0x4D,0xB0,0x63,0x11,0x4D,0xB0,0x63,0x11,0x4D,0xB0,0x63,0x11,0x4D,0xB0,0x63,0x11,0x4D,0xB0,0x63,0x11,0x4D,0xB0,0x63,0x11,0x4D,0xB0,0x63,0x11,0x4D,0xB0,0x63,0x11,0x4D,0xB0,0x63,0x11,0x4D,
    0xB0,0x63,0x11,0x4D,0xB0,0x63,0x11,0x4D,0xB0,0x63,0x11,0x4D,0xB0,0x63,0x11,0x4D,0xB0,0x63,0x11,0x4D,0xB0,0x63,0x11,0x4D,0xB0,0x63,0x11,0x4D,0xB0,0x63,0x11,0x4D,0xB0,0x63,0x11,0x4D,0xB0,0x63,0x11,0x4D,0xB0,0x63,0x11,0x4D,0xB0,0x63,0x11,0x4D,0xB0,0x63,0x11,0x4D,0xB0,0x63,0x11,0x4D,0xB0,0x63,0x11,0x4D,0xB0,0x63,0x11,0x4D,
    0xB0,0x63,0x11,0x4D,0xB0,0x63,0x11,0x4D,0xB0,0x63,0x11,0x4D,0xB0,0x63,0x11,0x4D,0xB0,0x63,0x11,0x4D,0xB0,0x63,0x11,0x4D,0xB0,0x63,0x11,0x4D,0xB0,0x63,0x11,0x4D,0xB0,0x63,0x11,0x4D,0xB0,0x63,0x11,0x4D,0xB0,0x63,0x11,0x4D,0xB0,0x63,0x11,0x4D,0xB0,0x63,0x11,0x4D,0xB0,0x63,0x11,0x4D,0xB0,0x63,0x11,0x4D,0xB0,0x63,0x11,0x4D,
    0xB0,0x63,0x11,0x4D,0xB0,0x63,0x11,0x4D,0xB0,0x63,0x11,0x4D,0xB0,0x63,0x11,0x4D,0xB0,0x63,0x11,0x4D,0xB0,0x63,0x11,0x4D,0xB0,0x63,0x11,0x4D,0xB0,0x63,0x11,0x4D,0xB0,0x63,0x11,0x4D,0xB0,0x63,0x11,0x4D,0xB0,0x63,0x11,0x4D,0xB1,0x63,0x11,0x4B,0xB0,0x63,0x11,0x4D,0xB0,0x63,0x11,0x4D,0xB0,0x63,0x11,0x4D,0xB0,0x63,0x11,0x4D,
    0xB0,0x63,0x11,0x4D,0xB0,0x63,0x11,0x4D,0xB0,0x63,0x11,0x4D,0xB0,0x63,0x11,0x4D,0xB0,0x63,0x11,0x4D,0xB0,0x63,0x11,0x4D,0xB0,0x63,0x11,0x4D,0xB0,0x63,0x11,0x4D,0xB0,0x63,0x11,0x4D,0xB0,0x63,0x11,0x4D,0xB0,0x63,0x11,0x4D,0xB0,0x63,0x11,0x4D,0xB0,0x63,0x11,0x4D,0xB0,0x63,0x11,0x4D,0xB0,0x63,0x11,0x4D,0xB0,0x63,0x11,0x4D,
    0xB0,0x63,0x11,0x4D,0xB0,0x63,0x11,0x4D,0xB0,0x63,0x11,0x4D,0xB0,0x63,0x11,0x4D,0xB0,0x63,0x11,0x4D,0xB0,0x63,0x11,0x4D,0xB0,0x63,0x11,0x4D,0xB0,0x63,0x11,0x4D,0xB0,0x63,0x11,0x4D,0xB0,0x63,0x11,0x4D,0xB0,0x63,0x11,0x4D,0xB0,0x63,0x11,0x4D,0xB0,0x63,0x11,0x4D,0xB0,0x63,0x11,0x4D,0xB0,0x63,0x11,0x4D,0xB0,0x63,0x11,0x4D,
    0xB0,0x63,0x11,0x4D,0xB0,0x63,0x11,0x4D,0xB0,0x63,0x11,0x4D,0xB0,0x63,0x11,0x4D,0xB0,0x63,0x11,0x4D,0xB0,0x63,0x11,0x4D,0xB0,0x63,0x11,0x4D,0xB0,0x63,0x11,0x4D,0xB0,0x63,0x11,0x4D,0xB0,0x63,0x11,0x4D,0xB0,0x63,0x11,0x4D,0xB0,0x63,0x11,0x4D,0xB0,0x63,0x11,0x4D,0xB0,0x63,0x11,0x4D,0xB0,0x63,0x11,0x4D,0xB0,0x63,0x11,0x4D,
    0xB0,0x63,0x11,0x4D,0xB0,0x63,0x11,0x4D,0xB0,0x63,0x11,0x4D,0xB0,0x63,0x11,0x4D,0xB0,0x63,0x11,0x4D,0xB0,0x63,0x11,0x4D,0xB0,0x63,0x11,0x4D,0xB0,0x63,0x11,0x4D,0xB0,0x63,0x11,0x4D,0xB0,0x63,0x11,0x4D,0xB0,0x63,0x11,0x4D,0xB0,0x63,0x11,0x4D,0xB0,0x63,0x11,0x4D,0xB0,0x63,0x11,0x4D,0xB0,0x63,0x11,0x4D,0xB0,0x63,0x11,0x4D,
    0xB0,0x63,0x11,0x4D,0xB0,0x63,0x11,0x4D,0xB0,0x63,0x11,0x4D,0xB0,0x63,0x11,0x4D,0xB0,0x63,0x11,0x4D,0xB0,0x63,0x11,0x4D,0xB0,0x63,0x11,0x4D,0xB0,0x63,0x11,0x4D,0xB0,0x63,0x11,0x4D,0xB0,0x63,0x11,0x4D,0xB0,0x63,0x11,0x4D,0xB0,0x63,0x11,0x4D,0xB0,0x63,0x11,0x4D,0xB0,0x63,0x11,0x4D,0xB0,0x63,0x11,0x4D,0xB0,0x63,0x11,0x4D,
    0xB0,0x63,0x11,0x4D,0xB0,0x63,0x11,0x4D,0xB0,0x63,0x11,0x4D,0xB0,0x63,0x11,0x4D,0xB0,0x63,0x11,0x4D,0xB0,0x63,0x11,0x4D,0xB0,0x63,0x11,0x4D,0xB0,0x63,0x11,0x4D,0xB0,0x63,0x11,0x4D,0xB0,0x63,0x11,0x4D,0xB0,0x63,0x11,0x4D,0xB0,0x63,0x11,0x4D,0xB0,0x63,0x11,0x4D,0xB0,0x63,0x11,0x4D,0xB0,0x63,0x11,0x4D,0xB0,0x63,0x11,0x4D,
    0xB0,0x63,0x11,0x4D,0xB0,0x63,0x11,0x4D,0xB0,0x63,0x11,0x4D,0xB0,0x63,0x11,0x4D,0xB0,0x63,0x11,0x4D,0xB0,0x63,0x11,0x4D,0xB0,0x63,0x11,0x4D,0xB0,0x63,0x11,0x4D,0xB0,0x63,0x11,0x4D,0xB0,0x63,0x11,0x4D,0xB0,0x63,0x11,0x4D,0xB0,0x63,0x11,0x4D,0xB0,0x63,0x11,0x4D,0xB0,0x63,0x11,0x4D,0xB0,0x63,0x11,0x4D,0xB0,0x63,0x11,0x4D,
    0xB0,0x63,0x11,0x4D,0xB0,0x63,0x11,0x4D,0xB0,0x63,0x11,0x4D,0xB0,0x63,0x11,0x4D,0xB0,0x63,0x11,0x4D,0xB0,0x63,0x11,0x4D,0xB0,0x63,0x11,0x4D,0xB0,0x63,0x11,0x4D,0xB0,0x63,0x11,0x4D,0xB0,0x63,0x11,0x4D,0xB0,0x63,0x11,0x4D,0xB0,0x63,0x11,0x4D,0xB0,0x63,0x11,0x4D,0xB0,0x63,0x11,0x4D,0xB0,0x63,0x11,0x4D,0xB0,0x63,0x11,0x4D,
    0xB0,0x63,0x11,0x4D,0xB0,0x63,0x11,0x4D,0xB0,0x63,0x11,0x4D,0xB0,0x63,0x11,0x4D,0xB0,0x63,0x11,0x4D,0xB0,0x63,0x11,0x4D,0xB0,0x63,0x11,0x4D,0xB0,0x63,0x11,0x4D,0xB0,0x63,0x11,0x4D,0xB0,0x63,0x11,0x4D,0xB0,0x63,0x11,0x4D,0xB0,0x63,0x11,0x4D,0xB0,0x63,0x11,0x4D,0xB0,0x63,0x11,0x4D,0xB0,0x63,0x11,0x4D,0xB0,0x63,0x11,0x4D,
    0xB0,0x63,0x11,0x4D,0xB0,0x63,0x11,0x4D,0xB0,0x63,0x11,0x4D,0xB0,0x63,0x11,0x4D,0xB0,0x63,0x11,0x4D,0xB0,0x63,0x11,0x4D,0xB0,0x63,0x11,0x4D,0xB0,0x63,0x11,0x4D,0xB0,0x63,0x11,0x4D,0xB0,0x63,0x11,0x4D,0xB0,0x63,0x11,0x4D,0xB0,0x63,0x11,0x4D,0xB0,0x63,0x11,0x4D,0xB0,0x63,0x11,0x4D,0xB0,0x63,0x11,0x4D,0xB0,0x63,0x11,0x4D,
    0xB0,0x63,0x11,0x4D,0xB0,0x63,0x11,0x4D,0xB0,0x63,0x11,0x4D,0xB0,0x63,0x11,0x4D,0xB0,0x63,0x11,0x4D,0xB0,0x63,0x11,0x4D,0xB0,0x63,0x11,0x4D,0xB0,0x63,0x11,0x4D,0xB0,0x63,0x11,0x4D,0xB0,0x63,0x11,0x4D,0xB0,0x63,0x11,0x4D,0xB0,0x63,0x11,0x4D,0xB0,0x63,0x11,0x4D,0xB0,0x63,0x11,0x4D,0xB0,0x63,0x11,0x4D,0xB0,0x63,0x11,0x4D,
    0xB0,0x63,0x11,0x4D,0xB0,0x63,0x11,0x4D,0xB0,0x63,0x11,0x4D,0xB0,0x63,0x11,0x4D,0xB0,0x63,0x11,0x4D,0xB0,0x63,0x11,0x4D,0xB0,0x63,0x11,0x4D,0xB0,0x63,0x11,0x4D,0xB0,0x63,0x11,0x4D,0xB0,0x63,0x11,0x4D,0xB0,0x63,0x11,0x4D,0xB0,0x63,0x11,0x4D,0xB0,0x63,0x11,0x4D,0xB0,0x63,0x11,0x4D,0xB0,0x63,0x11,0x4D,0xB0,0x63,0x11,0x4D,
    0xB0,0x63,0x11,0x4D,0xB0,0x63,0x11,0x4D,0xB0,0x63,0x11,0x4D,0xB0,0x63,0x11,0x4D,0xB0,0x63,0x11,0x4D,0xB0,0x63,0x11,0x4D,0xB0,0x63,0x11,0x4D,0xB0,0x63,0x11,0x4D,0xB0,0x63,0x11,0x4D,0xB0,0x63,0x11,0x4D,0xB0,0x63,0x11,0x4D,0xB0,0x63,0x11,0x4D,0xB0,0x63,0x11,0x4D,0xB0,0x63,0x11,0x4D,0xB0,0x63,0x11,0x4D,0xB0,0x63,0x11,0x4D,
    0xB0,0x63,0x11,0x4D,0xB0,0x63,0x11,0x4D,0xB0,0x63,0x11,0x4D,0xB0,0x63,0x11,0x4D,0xB0,0x63,0x11,0x4D,0xB0,0x63,0x11,0x4D,0xB0,0x63,0x11,0x4D,0xB0,0x63,0x11,0x4D,0xB0,0x63,0x11,0x4D,0xB0,0x63,0x11,0x4D,0xB0,0x63,0x11,0x4D,0xB0,0x63,0x11,0x4D,0xB0,0x63,0x11,0x4D,0xB0,0x63,0x11,0x4D,0xB0,0x63,0x11,0x4D,0xB0,0x63,0x11,0x4D,
    0xB0,0x63,0x11,0x4D,0xB0,0x63,0x11,0x4D,0xB0,0x63,0x11,0x4D,0xB0,0x63,0x11,0x4D,0xB0,0x63,0x11,0x4D,0xB0,0x63,0x11,0x4D,0xB0,0x63,0x11,0x4D,0xB0,0x63,0x11,0x4D,0xB0,0x63,0x11,0x4D,0xB0,0x63,0x11,0x4D,0xB0,0x63,0x11,0x4D,0xB0,0x63,0x11,0x4D,0xB0,0x63,0x11,0x4D,0xB0,0x63,0x11,0x4D,0xB0,0x63,0x11,0x4D,0xB0,0x63,0x11,0x4D,
    0xB0,0x63,0x11,0x4D,0xB0,0x63,0x11,0x4D,0xB0,0x63,0x11,0x4D,0xB0,0x63,0x11,0x4D,0xB0,0x63,0x11,0x4D,0xB0,0x63,0x11,0x4D,0xB0,0x63,0x11,0x4D,0xB0,0x63,0x11,0x4D,0xB0,0x63,0x11,0x4D,0xB0,0x63,0x11,0x4D,0xB0,0x63,0x11,0x4D,0xB0,0x63,0x11,0x4D,0xB0,0x63,0x11,0x4D,0xB0,0x63,0x11,0x4D,0xB0,0x63,0x11,0x4D,0xB0,0x63,0x11,0x4D,
    0xB0,0x63,0x11,0x4D,0xB0,0x63,0x11,0x4D,0xB0,0x63,0x11,0x4D,0xB0,0x63,0x11,0x4D,0xB0,0x63,0x11,0x4D,0xB0,0x63,0x11,0x4D,0xB0,0x63,0x11,0x4D,0xB0,0x63,0x11,0x4D,0xB0,0x63,0x11,0x4D,0xB0,0x63,0x11,0x4D,0xB0,0x63,0x11,0x4D,0xB0,0x63,0x11,0x4D,0xB0,0x63,0x11,0x4D,0xB0,0x63,0x11,0x4D,0xB0,0x63,0x11,0x4D,0xB0,0x63,0x11,0x4D,
    0xB0,0x63,0x11,0x4D,0xB0,0x63,0x11,0x4D,0xB0,0x63,0x11,0x4D,0xB0,0x63,0x11,0x4D,0xB0,0x63,0x11,0x4D,0xB0,0x63,0x11,0x4D,0xB0,0x63,0x11,0x4D,0xB0,0x63,0x11,0x4D,0xB0,0x63,0x11,0x4D,0xB0,0x63,0x11,0x4D,0xB0,0x63,0x11,0x4D,0xB0,0x63,0x11,0x4D,0xB0,0x63,0x11,0x4D,0xB0,0x63,0x11,0x4D,0xB0,0x63,0x11,0x4D,0xB0,0x63,0x11,0x4D,
    0xB0,0x63,0x11,0x4D,0xB0,0x63,0x11,0x4D,0xB0,0x63,0x11,0x4D,0xB0,0x63,0x11,0x4D,0xB0,0x63,0x11,0x4D,0xB0,0x63,0x11,0x4D,0xB0,0x63,0x11,0x4D,0xB0,0x63,0x11,0x4D,0xB0,0x63,0x11,0x4D,0xB0,0x63,0x11,0x4D,0xB0,0x63,0x11,0x4D,0xB0,0x63,0x11,0x4D,0xB0,0x63,0x11,0x4D,0xB0,0x63,0x11,0x4D,0xB0,0x63,0x11,0x4D,0xB0,0x63,0x11,0x4D,
    0xB0,0x63,0x11,0x4D,0xB0,0x63,0x11,0x4D,0xB0,0x63,0x11,0x4D,0xB0,0x63,0x11,0x4D,0xB0,0x63,0x11,0x4D,0xB0,0x63,0x11,0x4D,0xB0,0x63,0x11,0x4D,0xB0,0x63,0x11,0x4D,0xB0,0x63,0x11,0x4D,0xB0,0x63,0x11,0x4D,0xB0,0x63,0x11,0x4D,0xB0,0x63,0x11,0x4D,0xB0,0x63,0x11,0x4D,0xB0,0x63,0x11,0x4D,0xB0,0x63,0x11,0x4D,0xB0,0x63,0x11,0x4D,
    0xB0,0x63,0x11,0x4D,0xB0,0x63,0x11,0x4D,0xB0,0x63,0x11,0x4D,0xB0,0x63,0x11,0x4D,0xB0,0x63,0x11,0x4D,0xB0,0x63,0x11,0x4D,0xB0,0x63,0x11,0x4D,0xB0,0x63,0x11,0x4D,0xB0,0x63,0x11,0x4D,0xB0,0x63,0x11,0x4D,0xB0,0x63,0x11,0x4D,0xB0,0x63,0x11,0x4D,0xB0,0x63,0x11,0x4D,0xB0,0x63,0x11,0x4D,0xB0,0x63,0x11,0x4D,0xB0,0x63,0x11,0x4D,
    0xB0,0x63,0x11,0x4D,0xB0,0x63,0x11,0x4D,0xB0,0x63,0x11,0x4D,0xB0,0x63,0x11,0x4D,0xB0,0x63,0x11,0x4D,0xB0,0x63,0x11,0x4D,0xB0,0x63,0x11,0x4D,0xB0,0x63,0x11,0x4D,0xB0,0x63,0x11,0x4D,0xB0,0x63,0x11,0x4D,0xB0,0x63,0x11,0x4D,0xB0,0x63,0x11,0x4D,0xB0,0x63,0x11,0x4D,0xB0,0x63,0x11,0x4D,0xB0,0x63,0x11,0x4D,0xB0,0x63,0x11,0x4D,
    0xB0,0x63,0x11,0x4D,0xB0,0x63,0x11,0x4D,0xB0,0x63,0x11,0x4D,0xB0,0x63,0x11,0x4D,0xB0,0x63,0x11,0x4D,0xB0,0x63,0x11,0x4D,0xB0,0x63,0x11,0x4D,0xB0,0x63,0x11,0x4D,0xB0,0x63,0x11,0x4D,0xB0,0x63,0x11,0x4D,0xB0,0x63,0x11,0x4D,0xB0,0x63,0x11,0x4D,0xB0,0x63,0x11,0x4D,0xB0,0x63,0x11,0x4D,0xB0,0x63,0x11,0x4D,0xB0,0x63,0x11,0x4D,
    0xB0,0x63,0x11,0x4D,0xB0,0x63,0x11,0x4D,0xB0,0x63,0x11,0x4D,0xB0,0x63,0x11,0x4D,0xB0,0x63,0x11,0x4D,0xB0,0x63,0x11,0x4D,0xB0,0x63,0x11,0x4D,0xB0,0x63,0x11,0x4D,0xB0,0x63,0x11,0x4D,0xB0,0x63,0x11,0x4D,0xB0,0x63,0x11,0x4D,0xB0,0x63,0x11,0x4D,0xB0,0x63,0x11,0x4D,0xB0,0x63,0x11,0x4D,0xB0,0x63,0x11,0x4D,0xB0,0x63,0x11,0x4D,
    0xB0,0x63,0x11,0x4D,0xB0,0x63,0x11,0x4D,0xB0,0x63,0x11,0x4D,0xB0,0x63,0x11,0x4D,0xB0,0x63,0x11,0x4D,0xB0,0x63,0x11,0x4D,0xB0,0x63,0x11,0x4D,0xB0,0x63,0x11,0x4D,0xB0,0x63,0x11,0x4D,0xB0,0x63,0x11,0x4D,0xB0,0x63,0x11,0x4D,0xB0,0x63,0x11,0x4D,0xB0,0x63,0x11,0x4D,0xB0,0x63,0x11,0x4D,0xB0,0x63,0x11,0x4D,0xB0,0x63,0x11,0x4D,
    0xB0,0x63,0x11,0x4D,0xB0,0x63,0x11,0x4D,0xB0,0x63,0x11,0x4D,0xB0,0x63,0x11,0x4D,0xB0,0x63,0x11,0x4D,0xB0,0x63,0x11,0x4D,0xB0,0x63,0x11,0x4D,0xB0,0x63,0x11,0x4D,0xB0,0x63,0x11,0x4D,0xB0,0x63,0x11,0x4D,0xB0,0x63,0x11,0x4D,0xB0,0x63,0x11,0x4D,0xB0,0x63,0x11,0x4D,0xB0,0x63,0x11,0x4D,0xB0,0x63,0x11,0x4D,0xB0,0x63,0x11,0x4D,
    0xB0,0x63,0x11,0x4D,0xB0,0x63,0x11,0x4D,0xB0,0x63,0x11,0x4D,0xB0,0x63,0x11,0x4D,0xB0,0x63,0x11,0x4D,0xB0,0x63,0x11,0x4D,0xB0,0x63,0x11,0x4D,0xB0,0x63,0x11,0x4D,0xB0,0x63,0x11,0x4D,0xB0,0x63,0x11,0x4D,0xB0,0x63,0x11,0x4D,0xB0,0x63,0x11,0x4D,0xB0,0x63,0x11,0x4D,0xB0,0x63,0x11,0x4D,0xB0,0x63,0x11,0x4D,0xB0,0x63,0x11,0x4D,
    0xB0,0x63,0x11,0x4D,0xB0,0x63,0x11,0x4D,0xB0,0x63,0x11,0x4D,0xB0,0x63,0x11,0x4D,0xB0,0x63,0x11,0x4D,0xB0,0x63,0x11,0x4D,0xB0,0x63,0x11,0x4D,0xB0,0x63,0x11,0x4D,0xB0,0x63,0x11,0x4D,0xB0,0x63,0x11,0x4D,0xB0,0x63,0x11,0x4D,0xB0,0x63,0x11,0x4D,0xB0,0x63,0x11,0x4D,0xB0,0x63,0x11,0x4D,0xB0,0x63,0x11,0x4D,0xB0,0x63,0x11,0x4D,
    0xB0,0x63,0x11,0x4D,0xB0,0x63,0x11,0x4D,0xB0,0x63,0x11,0x4D,0xB0,0x63,0x11,0x4D,0xB0,0x63,0x11,0x4D,0xB0,0x63,0x11,0x4D,0xB0,0x63,0x11,0x4D,0xB0,0x63,0x11,0x4D,0xB0,0x63,0x11,0x4D,0xB0,0x63,0x11,0x4D,0xB0,0x63,0x11,0x4D,0xB0,0x63,0x11,0x4D,0xB0,0x63,0x11,0x4D,0xB0,0x63,0x11,0x4D,0xB0,0x63,0x11,0x4D,0xB0,0x63,0x11,0x4D,
    0xB0,0x63,0x11,0x4D,0xB0,0x63,0x11,0x4D,0xB0,0x63,0x11,0x4D,0xB0,0x63,0x11,0x4D,0xB0,0x63,0x11,0x4D,0xB0,0x63,0x11,0x4D,0xB0,0x63,0x11,0x4D,0xB0,0x63,0x11,0x4D,0xB0,0x63,0x11,0x4D,0xB0,0x63,0x11,0x4D,0xB0,0x63,0x11,0x4D,0xB0,0x63,0x11,0x4D,0xB0,0x63,0x11,0x4D,0xB0,0x63,0x11,0x4D,0xB0,0x63,0x11,0x4D,0xB0,0x63,0x11,0x4D,
    0xB0,0x63,0x11,0x4D,0xB0,0x63,0x11,0x4D,0xB0,0x63,0x11,0x4D,0xB0,0x63,0x11,0x4D,0xB0,0x63,0x11,0x4D,0xB0,0x63,0x11,0x4D,0xB0,0x63,0x11,0x4D,0xB0,0x63,0x11,0x4D,0xB0,0x63,0x11,0x4D,0xB0,0x63,0x11,0x4D,0xB0,0x63,0x11,0x4D,0xB0,0x63,0x11,0x4D,0xB0,0x63,0x11,0x4D,0xB0,0x63,0x11,0x4D,0xB0,0x63,0x11,0x4D,0xB0,0x63,0x11,0x4D,
    0xB0,0x63,0x11,0x4D,0xB0,0x63,0x11,0x4D,0xB0,0x63,0x11,0x4D,0xB0,0x63,0x11,0x4D,0xB0,0x63,0x11,0x4D,0xB0,0x63,0x11,0x4D,0xB0,0x63,0x11,0x4D,0xB0,0x63,0x11,0x4D,0xB0,0x63,0x11,0x4D,0xB0,0x63,0x11,0x4D,0xB0,0x63,0x11,0x4D,0xB0,0x63,0x11,0x4D,0xB0,0x63,0x11,0x4D,0xB0,0x63,0x11,0x4D,0xB0,0x63,0x11,0x4D,0xB0,0x63,0x11,0x4D,
    0xB0,0x63,0x11,0x4D,0xB0,0x63,0x11,0x4D,0xB0,0x63,0x11,0x4D,0xB0,0x63,0x11,0x4D,0xB0,0x63,0x11,0x4D,0xB0,0x63,0x11,0x4D,0xB0,0x63,0x11,0x4D,0xB0,0x63,0x11,0x4D,0xB0,0x63,0x11,0x4D,0xB0,0x63,0x11,0x4D,0xB0,0x63,0x11,0x4D,0xB0,0x63,0x11,0x4D,0xB0,0x63,0x11,0x4D,0xB0,0x63,0x11,0x4D,0xB0,0x63,0x11,0x4D,0xB0,0x63,0x11,0x4D,
    0xB0,0x63,0x11,0x4D,0xB0,0x63,0x11,0x4D,0xB0,0x63,0x11,0x4D,0xB0,0x63,0x11,0x4D,0xB0,0x63,0x11,0x4D,0xB0,0x63,0x11,0x4D,0xB0,0x63,0x11,0x4D,0xB0,0x63,0x11,0x4D,0xB0,0x63,0x11,0x4D,0xB0,0x63,0x11,0x4D,0xB0,0x63,0x11,0x4D,0xB0,0x63,0x11,0x4D,0xB0,0x63,0x11,0x4D,0xB0,0x63,0x11,0x4D,0xB0,0x63,0x11,0x4D,0xB0,0x63,0x11,0x4D,
    0xB0,0x63,0x11,0x4D,0xB0,0x63,0x11,0x4D,0xB0,0x63,0x11,0x4D,0xB0,0x63,0x11,0x4D,0xB0,0x63,0x11,0x4D,0xB0,0x63,0x11,0x4D,0xB0,0x63,0x11,0x4D,0xB0,0x63,0x11,0x4D,0xB0,0x63,0x11,0x4D,0xB0,0x63,0x11,0x4D,0xB0,0x63,0x11,0x4D,0xB0,0x63,0x11,0x4D,0xB0,0x63,0x11,0x4D,0xB0,0x63,0x11,0x4D,0xB0,0x63,0x11,0x4D,0xB0,0x63,0x11,0x4D,
    0xB0,0x63,0x11,0x4D,0xB0,0x63,0x11,0x4D,0xB0,0x63,0x11,0x4D,0xB0,0x63,0x11,0x4D,0xB0,0x63,0x11,0x4D,0xB0,0x63,0x11,0x4D,0xB0,0x63,0x11,0x4D,0xB0,0x63,0x11,0x4D,0xB0,0x63,0x11,0x4D,0xB0,0x63,0x11,0x4D,0xB0,0x63,0x11,0x4D,0xB0,0x63,0x11,0x4D,0xB0,0x63,0x11,0x4D,0xB0,0x63,0x11,0x4D,0xB0,0x63,0x11,0x4D,0xB0,0x63,0x11,0x4D,
    0xB0,0x63,0x11,0x4D,0xB0,0x63,0x11,0x4D,0xB0,0x63,0x11,0x4D,0xB0,0x63,0x11,0x4D,0xB0,0x63,0x11,0x4D,0xB0,0x63,0x11,0x4D,0xB0,0x63,0x11,0x4D,0xB0,0x63,0x11,0x4D,0xB0,0x63,0x11,0x4D,0xB0,0x63,0x11,0x4D,0xB0,0x63,0x11,0x4D,0xB0,0x63,0x11,0x4D,0xB0,0x63,0x11,0x4D,0xB0,0x63,0x11,0x4D,0xB0,0x63,0x11,0x4D,0xB0,0x63,0x11,0x4D,
    0xB0,0x63,0x11,0x4D,0xB0,0x63,0x11,0x4D,0xB0,0x63,0x11,0x4D,0xB0,0x63,0x11,0x4D,0xB0,0x63,0x11,0x4D,0xB0,0x63,0x11,0x4D,0xB0,0x63,0x11,0x4D,0xB0,0x63,0x11,0x4D,0xB0,0x63,0x11,0x4D,0xB0,0x63,0x11,0x4D,0xB0,0x63,0x11,0x4D,0xB0,0x63,0x11,0x4D,0xB0,0x63,0x11,0x4D,0xB0,0x63,0x11,0x4D,0xB0,0x63,0x11,0x4D,0xB0,0x63,0x11,0x4D,
    0xB0,0x63,0x11,0x4D,0xB0,0x63,0x11,0x4D,0xB0,0x63,0x11,0x4D,0xB0,0x63,0x11,0x4D,0xB0,0x63,0x11,0x4D,0xB0,0x63,0x11,0x4D,0xB0,0x63,0x11,0x4D,0xB0,0x63,0x11,0x4D,0xB0,0x63,0x11,0x4D,0xB0,0x63,0x11,0x4D,0xB0,0x63,0x11,0x4D,0xB0,0x63,0x11,0x4D,0xB0,0x63,0x11,0x4D,0xB0,0x63,0x11,0x4D,0xB0,0x63,0x11,0x4D,0xB0,0x63,0x11,0x4D,
    0xB0,0x63,0x11,0x4D,0xB0,0x63,0x11,0x4D,0xB0,0x63,0x11,0x4D,0xB0,0x63,0x11,0x4D,0xB0,0x63,0x11,0x4D,0xB0,0x63,0x11,0x4D,0xB0,0x63,0x11,0x4D,0xB0,0x63,0x11,0x4D,0xB0,0x63,0x11,0x4D,0xB0,0x63,0x11,0x4D,0xB0,0x63,0x11,0x4D,0xB0,0x63,0x11,0x4D,0xB0,0x63,0x11,0x4D,0xB0,0x63,0x11,0x4D,0xB0,0x63,0x11,0x4D,0xB0,0x63,0x11,0x4D,
    0xB0,0x63,0x11,0x4D,0xB0,0x63,0x11,0x4D,0xB0,0x63,0x11,0x4D,0xB0,0x63,0x11,0x4D,0xB0,0x63,0x11,0x4D,0xB0,0x63,0x11,0x4D,0xB0,0x63,0x11,0x4D,0xB0,0x63,0x11,0x4D,0xB0,0x63,0x11,0x4D,0xB0,0x63,0x11,0x4D,0xB0,0x63,0x11,0x4D,0xB0,0x63,0x11,0x4D,0xB0,0x63,0x11,0x4D,0xB0,0x63,0x11,0x4D,0xB0,0x63,0x11,0x4D,0xB0,0x63,0x11,0x4D,
    0xB0,0x63,0x11,0x4D,0xB0,0x63,0x11,0x4D,0xB0,0x63,0x11,0x4D,0xB0,0x63,0x11,0x4D,0xB0,0x63,0x11,0x4D,0xB0,0x63,0x11,0x4D,0xB0,0x63,0x11,0x4D,0xB0,0x63,0x11,0x4D,0xB0,0x63,0x11,0x4D,0xB0,0x63,0x11,0x4D,0xB0,0x63,0x11,0x4D,0xB0,0x63,0x11,0x4D,0xB0,0x63,0x11,0x4D,0xB0,0x63,0x11,0x4D,0xB0,0x63,0x11,0x4D,0xB0,0x63,0x11,0x4D,
    0xB0,0x63,0x11,0x4D,0xB0,0x63,0x11,0x4D,0xB0,0x63,0x11,0x4D,0xB0,0x63,0x11,0x4D,0xB0,0x63,0x11,0x4D,0xB0,0x63,0x11,0x4D,0xB0,0x63,0x11,0x4D,0xB0,0x63,0x11,0x4D,0xB0,0x63,0x11,0x4D,0xB0,0x63,0x11,0x4D,0xB0,0x63,0x11,0x4D,0xB0,0x63,0x11,0x4D,0xB0,0x63,0x11,0x4D,0xB0,0x63,0x11,0x4D,0xB0,0x63,0x11,0x4D,0xB0,0x63,0x11,0x4D,
    0xB0,0x63,0x11,0x4D,0xB0,0x63,0x11,0x4D,0xB0,0x63,0x11,0x4D,0xB0,0x63,0x11,0x4D,0xB0,0x63,0x11,0x4D,0xB0,0x63,0x11,0x4D,0xB0,0x63,0x11,0x4D,0xB0,0x63,0x11,0x4D,0xB0,0x63,0x11,0x4D,0xB0,0x63,0x11,0x4D,0xB0,0x63,0x11,0x4D,0xB0,0x63,0x11,0x4D,0xB0,0x63,0x11,0x4D,0xB0,0x63,0x11,0x4D,0xB0,0x63,0x11,0x4D,0xB0,0x63,0x11,0x4D,
    0xB0,0x63,0x11,0x4D,0xB0,0x63,0x11,0x4D,0xB0,0x63,0x11,0x4D,0xB0,0x63,0x11,0x4D,0xB0,0x63,0x11,0x4D,0xB0,0x63,0x11,0x4D,0xB0,0x63,0x11,0x4D,0xB0,0x63,0x11,0x4D,0xB0,0x63,0x11,0x4D,0xB0,0x63,0x11,0x4D,0xB0,0x63,0x11,0x4D,0xB0,0x63,0x11,0x4D,0xB0,0x63,0x11,0x4D,0xB0,0x63,0x11,0x4D,0xB0,0x63,0x11,0x4D,0xB0,0x63,0x11,0x4D,
    0xB0,0x63,0x11,0x4D,0xB0,0x63,0x11,0x4D,0xB0,0x63,0x11,0x4D,0xB0,0x63,0x11,0x4D,0xB0,0x63,0x11,0x4D,0xB0,0x63,0x11,0x4D,0xB0,0x63,0x11,0x4D,0xB0,0x63,0x11,0x4D,0xB0,0x63,0x11,0x4D,0xB0,0x63,0x11,0x4D,0xB0,0x63,0x11,0x4D,0xB0,0x63,0x11,0x4D,0xB0,0x63,0x11,0x4D,0xB0,0x63,0x11,0x4D,0xB0,0x63,0x11,0x4D,0xB0,0x63,0x11,0x4D,
    0xB0,0x63,0x11,0x4D,0xB0,0x63,0x11,0x4D,0xB0,0x63,0x11,0x4D,0xB0,0x63,0x11,0x4D,0xB0,0x63,0x11,0x4D,0xB0,0x63,0x11,0x4D,0xB0,0x63,0x11,0x4D,0xB0,0x63,0x11,0x4D,0xB0,0x63,0x11,0x4D,0xB0,0x63,0x11,0x4D,0xB0,0x63,0x11,0x4D,0xB0,0x63,0x11,0x4D,0xB0,0x63,0x11,0x4D,0xB0,0x63,0x11,0x4D,0xB0,0x63,0x11,0x4D,0xB0,0x63,0x11,0x4D,
    0xB0,0x63,0x11,0x4D,0xB0,0x63,0x11,0x4D,0xB0,0x63,0x11,0x4D,0xB0,0x63,0x11,0x4D,0xB0,0x63,0x11,0x4D,0xB0,0x63,0x11,0x4D,0xB0,0x63,0x11,0x4D,0xB0,0x63,0x11,0x4D,0xB0,0x63,0x11,0x4D,0xB0,0x63,0x11,0x4D,0xB0,0x63,0x11,0x4D,0xB0,0x63,0x11,0x4D,0xB0,0x63,0x11,0x4D,0xB0,0x63,0x11,0x4D,0xB0,0x63,0x11,0x4D,0xB0,0x63,0x11,0x4D,
    0xB0,0x63,0x11,0x4D,0xB0,0x63,0x11,0x4D,0xB0,0x63,0x11,0x4D,0xB0,0x63,0x11,0x4D,0xB0,0x63,0x11,0x4D,0xB0,0x63,0x11,0x4D,0xB0,0x63,0x11,0x4D,0xB0,0x63,0x11,0x4D,0xB0,0x63,0x11,0x4D,0xB0,0x63,0x11,0x4D,0xB0,0x63,0x11,0x4D,0xB0,0x63,0x11,0x4D,0xB0,0x63,0x11,0x4D,0xB0,0x63,0x11,0x4D,0xB0,0x63,0x11,0x4D,0xB0,0x63,0x11,0x4D,
    0xB0,0x63,0x11,0x4D,0xB0,0x63,0x11,0x4D,0xB0,0x63,0x11,0x4D,0xB0,0x63,0x11,0x4D,0xB0,0x63,0x11,0x4D,0xB0,0x63,0x11,0x4D,0xB0,0x63,0x11,0x4D,0xB0,0x63,0x11,0x4D,0xB0,0x63,0x11,0x4D,0xB0,0x63,0x11,0x4D,0xB0,0x63,0x11,0x4D,0xB0,0x63,0x11,0x4D,0xB0,0x63,0x11,0x4D,0xB0,0x63,0x11,0x4D,0xB0,0x63,0x11,0x4D,0xB0,0x63,0x11,0x4D,
    0xB0,0x63,0x11,0x4D,0xB0,0x63,0x11,0x4D,0xB0,0x63,0x11,0x4D,0xB0,0x63,0x11,0x4D,0xB0,0x63,0x11,0x4D,0xB0,0x63,0x11,0x4D,0xB0,0x63,0x11,0x4D,0xB0,0x63,0x11,0x4D,0xB0,0x63,0x11,0x4D,0xB0,0x63,0x11,0x4D,0xB0,0x63,0x11,0x4D,0xB0,0x63,0x11,0x4D,0xB0,0x63,0x11,0x4D,0xB0,0x63,0x11,0x4D,0xB0,0x63,0x11,0x4D,0xB0,0x63,0x11,0x4D,
    0xB0,0x63,0x11,0x4D,0xB0,0x63,0x11,0x4D,0xB0,0x63,0x11,0x4D,0xB0,0x63,0x11,0x4D,0xB0,0x63,0x11,0x4D,0xB0,0x63,0x11,0x4D,0xB0,0x63,0x11,0x4D,0xB0,0x63,0x11,0x4D,0xB0,0x63,0x11,0x4D,0xB0,0x63,0x11,0x4D,0xB0,0x63,0x11,0x4D,0xB0,0x63,0x11,0x4D,0xB0,0x63,0x11,0x4D,0xB0,0x63,0x11,0x4D,0xB0,0x63,0x11,0x4D,0xB0,0x63,0x11,0x4D,
    0xB0,0x63,0x11,0x4D,0xB0,0x63,0x11,0x4D,0xB0,0x63,0x11,0x4D,0xB0,0x63,0x11,0x4D,0xB0,0x63,0x11,0x4D,0xB0,0x63,0x11,0x4D,0xB0,0x63,0x11,0x4D,0xB0,0x63,0x11,0x4D,0xB0,0x63,0x11,0x4D,0xB0,0x63,0x11,0x4D,0xB0,0x63,0x11,0x4D,0xB0,0x63,0x11,0x4D,0xB0,0x63,0x11,0x4D,0xB0,0x63,0x11,0x4D,0xB0,0x63,0x11,0x4D,0xB0,0x63,0x11,0x4D,
    0xB0,0x63,0x11,0x4D,0xB0,0x63,0x11,0x4D,0xB0,0x63,0x11,0x4D,0xB0,0x63,0x11,0x4D,0xB0,0x63,0x11,0x4D,0xB0,0x63,0x11,0x4D,0xB0,0x63,0x11,0x4D,0xB0,0x63,0x11,0x4D,0xB0,0x63,0x11,0x4D,0xB0,0x63,0x11,0x4D,0xB0,0x63,0x11,0x4D,0xB0,0x63,0x11,0x4D,0xB0,0x63,0x11,0x4D,0xB0,0x63,0x11,0x4D,0xB0,0x63,0x11,0x4D,0xB0,0x63,0x11,0x4D,
    0xB0,0x63,0x11,0x4D,0xB0,0x63,0x11,0x4D,0xB0,0x63,0x11,0x4D,0xB0,0x63,0x11,0x4D,0xB0,0x63,0x11,0x4D,0xB0,0x63,0x11,0x4D,0xB0,0x63,0x11,0x4D,0xB0,0x63,0x11,0x4D,0xB0,0x63,0x11,0x4D,0xB0,0x63,0x11,0x4D,0xB0,0x63,0x11,0x4D,0xB0,0x63,0x11,0x4D,0xB0,0x63,0x11,0x4D,0xB0,0x63,0x11,0x4D,0xB0,0x63,0x11,0x4D,0xB0,0x63,0x11,0x4D,
    0xB0,0x63,0x11,0x4D,0xB0,0x63,0x11,0x4D,0xB0,0x63,0x11,0x4D,0xB0,0x63,0x11,0x4D,0xB0,0x63,0x11,0x4D,0xB0,0x63,0x11,0x4D,0xB0,0x63,0x11,0x4D,0xB0,0x63,0x11,0x4D,0xB0,0x63,0x11,0x4D,0xB0,0x63,0x11,0x4D,0xB0,0x63,0x11,0x4D,0xB0,0x63,0x11,0x4D,0xB0,0x63,0x11,0x4D,0xB0,0x63,0x11,0x4D,0xB0,0x63,0x11,0x4D,0xB0,0x63,0x11,0x4D,
    0xB0,0x63,0x11,0x4D,0xB0,0x63,0x11,0x4D,0xB0,0x63,0x11,0x4D,0xB0,0x63,0x11,0x4D,0xB0,0x63,0x11,0x4D,0xB0,0x63,0x11,0x4D,0xB0,0x63,0x11,0x4D,0xB0,0x63,0x11,0x4D,0xB0,0x63,0x11,0x4D,0xB0,0x63,0x11,0x4D,0xB0,0x63,0x11,0x4D,0xB0,0x63,0x11,0x4D,0xB0,0x63,0x11,0x4D,0xB0,0x63,0x11,0x4D,0xB0,0x63,0x11,0x4D,0xB0,0x63,0x11,0x4D,
    0xB0,0x63,0x11,0x4D,0xB0,0x63,0x11,0x4D,0xB0,0x63,0x11,0x4D,0xB0,0x63,0x11,0x4D,0xB0,0x63,0x11,0x4D,0xB0,0x63,0x11,0x4D,0xB0,0x63,0x11,0x4D,0xB0,0x63,0x11,0x4D,0xB0,0x63,0x11,0x4D,0xB0,0x63,0x11,0x4D,0xB0,0x63,0x11,0x4D,0xB0,0x63,0x11,0x4D,0xB0,0x63,0x11,0x4D,0xB0,0x63,0x11,0x4D,0xB0,0x63,0x11,0x4D,0xB0,0x63,0x11,0x4D,
    0xB0,0x63,0x11,0x4D,0xB0,0x63,0x11,0x4D,0xB0,0x63,0x11,0x4D,0xB0,0x63,0x11,0x4D,0xB0,0x63,0x11,0x4D,0xB0,0x63,0x11,0x4D,0xB0,0x63,0x11,0x4D,0xB0,0x63,0x11,0x4D,0xB0,0x63,0x11,0x4D,0xB0,0x63,0x11,0x4D,0xB0,0x63,0x11,0x4D,0xB0,0x63,0x11,0x4D,0xB0,0x63,0x11,0x4D,0xB0,0x63,0x11,0x4D,0xB0,0x63,0x11,0x4D,0xB0,0x63,0x11,0x4D,
    0xB0,0x63,0x11,0x4D,0xB0,0x63,0x11,0x4D,0xB0,0x63,0x11,0x4D,0xB0,0x63,0x11,0x4D,0xB0,0x63,0x11,0x4D,0xB0,0x63,0x11,0x4D,0xB0,0x63,0x11,0x4D,0xB0,0x63,0x11,0x4D,0xB0,0x63,0x11,0x4D,0xB0,0x63,0x11,0x4D,0xB0,0x63,0x11,0x4D,0xB0,0x63,0x11,0x4D,0xB0,0x63,0x11,0x4D,0xB0,0x63,0x11,0x4D,0xB0,0x63,0x11,0x4D,0xB0,0x63,0x11,0x4D,
    0xB0,0x63,0x11,0x4D,0xB0,0x63,0x11,0x4D,0xB0,0x63,0x11,0x4D,0xB0,0x63,0x11,0x4D,0xB0,0x63,0x11,0x4D,0xB0,0x63,0x11,0x4D,0xB0,0x63,0x11,0x4D,0xB0,0x63,0x11,0x4D,0xB0,0x63,0x11,0x4D,0xB0,0x63,0x11,0x4D,0xB0,0x63,0x11,0x4D,0xB0,0x63,0x11,0x4D,0xB0,0x63,0x11,0x4D,0xB0,0x63,0x11,0x4D,0xB0,0x63,0x11,0x4D,0xB0,0x63,0x11,0x4D,
    0xB0,0x63,0x11,0x4D,0xB0,0x63,0x11,0x4D,0xB0,0x63,0x11,0x4D,0xB0,0x63,0x11,0x4D,0xB0,0x63,0x11,0x4D,0xB0,0x63,0x11,0x4D,0xB0,0x63,0x11,0x4D,0xB0,0x63,0x11,0x4D,0xB0,0x63,0x11,0x4D,0xB0,0x63,0x11,0x4D,0xB0,0x63,0x11,0x4D,0xB0,0x63,0x11,0x4D,0xB0,0x63,0x11,0x4D,0xB0,0x63,0x11,0x4D,0xB0,0x63,0x11,0x4D,0xB0,0x63,0x11,0x4D,
    0xB0,0x63,0x11,0x4D,0xB0,0x63,0x11,0x4D,0xB0,0x63,0x11,0x4D,0xB0,0x63,0x11,0x4D,0xB0,0x63,0x11,0x4D,0xB0,0x63,0x11,0x4D,0xB0,0x63,0x11,0x4D,0xB0,0x63,0x11,0x4D,0xB0,0x63,0x11,0x4D,0xB0,0x63,0x11,0x4D,0xB0,0x63,0x11,0x4D,0xB0,0x63,0x11,0x4D,0xB0,0x63,0x11,0x4D,0xB0,0x63,0x11,0x4D,0xB0,0x63,0x11,0x4D,0xB0,0x63,0x11,0x4D,
    0xB0,0x63,0x11,0x4D,0xB0,0x63,0x11,0x4D,0xB0,0x63,0x11,0x4D,0xB0,0x63,0x11,0x4D,0xB0,0x63,0x11,0x4D,0xB0,0x63,0x11,0x4D,0xB0,0x63,0x11,0x4D,0xB0,0x63,0x11,0x4D,0xB0,0x63,0x11,0x4D,0xB0,0x63,0x11,0x4D,0xB0,0x63,0x11,0x4D,0xB0,0x63,0x11,0x4D,0xB0,0x63,0x11,0x4D,0xB0,0x63,0x11,0x4D,0xB0,0x63,0x11,0x4D,0xB0,0x63,0x11,0x4D,
    0xB0,0x63,0x11,0x4D,0xB0,0x63,0x11,0x4D,0xB0,0x63,0x11,0x4D,0xB0,0x63,0x11,0x4D,0xB0,0x63,0x11,0x4D,0xB0,0x63,0x11,0x4D,0xB0,0x63,0x11,0x4D,0xB0,0x63,0x11,0x4D,0xB0,0x63,0x11,0x4D,0xB0,0x63,0x11,0x4D,0xB0,0x63,0x11,0x4D,0xB0,0x63,0x11,0x4D,0xB0,0x63,0x11,0x4D,0xB0,0x63,0x11,0x4D,0xB0,0x63,0x11,0x4D,0xB0,0x63,0x11,0x4D,
    0xB0,0x63,0x11,0x4D,0xB0,0x63,0x11,0x4D,0xB0,0x63,0x11,0x4D,0xB0,0x63,0x11,0x4D,0xB0,0x63,0x11,0x4D,0xB0,0x63,0x11,0x4D,0xB0,0x63,0x11,0x4D,0xB0,0x63,0x11,0x4D,0xB0,0x63,0x11,0x4D,0xB0,0x63,0x11,0x4D,0xB0,0x63,0x11,0x4D,0xB0,0x63,0x11,0x4D,0xB0,0x63,0x11,0x4D,0xB0,0x63,0x11,0x4D,0xB0,0x63,0x11,0x4D,0xB0,0x63,0x11,0x4D,
    0xB0,0x63,0x11,0x4D,0xB0,0x63,0x11,0x4D,0xB0,0x63,0x11,0x4D,0xB0,0x63,0x11,0x4D,0xB0,0x63,0x11,0x4D,0xB0,0x63,0x11,0x4D,0xB0,0x63,0x11,0x4D,0xB0,0x63,0x11,0x4D,0xB0,0x63,0x11,0x4D,0xB0,0x63,0x11,0x4D,0xB0,0x63,0x11,0x4D,0xB0,0x63,0x11,0x4D,0xB0,0x63,0x11,0x4D,0xB0,0x63,0x11,0x4D,0xB0,0x63,0x11,0x4D,0xB0,0x63,0x11,0x4D,
    0xB0,0x63,0x11,0x4D,0xB0,0x63,0x11,0x4D,0xB0,0x63,0x11,0x4D,0xB0,0x63,0x11,0x4D,0xB0,0x63,0x11,0x4D,0xB0,0x63,0x11,0x4D,0xB0,0x63,0x11,0x4D,0xB0,0x63,0x11,0x4D,0xB0,0x63,0x11,0x4D,0xB0,0x63,0x11,0x4D,0xB0,0x63,0x11,0x4D,0xB0,0x63,0x11,0x4D,0xB0,0x63,0x11,0x4D,0xB0,0x63,0x11,0x4D,0xB0,0x63,0x11,0x4D,0xB0,0x63,0x11,0x4D,
    0xB0,0x63,0x11,0x4D,0xB0,0x63,0x11,0x4D,0xB0,0x63,0x11,0x4D,0xB0,0x63,0x11,0x4D,0xB0,0x63,0x11,0x4D,0xB0,0x63,0x11,0x4D,0xB0,0x63,0x11,0x4D,0xB0,0x63,0x11,0x4D,0xB0,0x63,0x11,0x4D,0xB0,0x63,0x11,0x4D,0xB0,0x63,0x11,0x4D,0xB0,0x63,0x11,0x4D,0xB0,0x63,0x11,0x4D,0xB0,0x63,0x11,0x4D,0xB0,0x63,0x11,0x4D,0xB0,0x63,0x11,0x4D,
    0xB0,0x63,0x11,0x4D,0xB0,0x63,0x11,0x4D,0xB0,0x63,0x11,0x4D,0xB0,0x63,0x11,0x4D,0xB0,0x63,0x11,0x4D,0xB0,0x63,0x11,0x4D,0xB0,0x63,0x11,0x4D,0xB0,0x63,0x11,0x4D,0xB0,0x63,0x11,0x4D,0xB0,0x63,0x11,0x4D,0xB0,0x63,0x11,0x4D,0xB0,0x63,0x11,0x4D,0xB0,0x63,0x11,0x4D,0xB0,0x63,0x11,0x4D,0xB0,0x63,0x11,0x4D,0xB0,0x63,0x11,0x4D,
    0xB0,0x63,0x11,0x4D,0xB0,0x63,0x11,0x4D,0xB0,0x63,0x11,0x4D,0xB0,0x63,0x11,0x4D,0xB0,0x63,0x11,0x4D,0xB0,0x63,0x11,0x4D,0xB0,0x63,0x11,0x4D,0xB0,0x63,0x11,0x4D,0xB0,0x63,0x11,0x4D,0xB0,0x63,0x11,0x4D,0xB0,0x63,0x11,0x4D,0xB0,0x63,0x11,0x4D,0xB0,0x63,0x11,0x4D,0xB0,0x63,0x11,0x4D,0xB0,0x63,0x11,0x4D,0xB0,0x63,0x11,0x4D,
    0xB0,0x63,0x11,0x4D,0xB0,0x63,0x11,0x4D,0xB0,0x63,0x11,0x4D,0xB0,0x63,0x11,0x4D,0xB0,0x63,0x11,0x4D,0xB0,0x63,0x11,0x4D,0xB0,0x63,0x11,0x4D,0xB0,0x63,0x11,0x4D,0xB0,0x63,0x11,0x4D,0xB0,0x63,0x11,0x4D,0xB0,0x63,0x11,0x4D,0xB0,0x63,0x11,0x4D,0xB0,0x63,0x11,0x4D,0xB0,0x63,0x11,0x4D,0xB0,0x63,0x11,0x4D,0xB0,0x63,0x11,0x4D,
    0xB0,0x63,0x11,0x4D,0xB0,0x63,0x11,0x4D,0xB0,0x63,0x11,0x4D,0xB0,0x63,0x11,0x4D,0xB0,0x63,0x11,0x4D,0xB0,0x63,0x11,0x4D,0xB0,0x63,0x11,0x4D,0xB0,0x63,0x11,0x4D,0xB0,0x63,0x11,0x4D,0xB0,0x63,0x11,0x4D,0xB0,0x63,0x11,0x4D,0xB0,0x63,0x11,0x4D,0xB0,0x63,0x11,0x4D,0xB0,0x63,0x11,0x4D,0xB0,0x63,0x11,0x4D,0xB0,0x63,0x11,0x4D,
    0xB0,0x63,0x11,0x4D,0xB0,0x63,0x11,0x4D,0xB0,0x63,0x11,0x4D,0xB0,0x63,0x11,0x4D,0xB0,0x63,0x11,0x4D,0xB0,0x63,0x11,0x4D,0xB0,0x63,0x11,0x4D,0xB0,0x63,0x11,0x4D,0xB0,0x63,0x11,0x4D,0xB0,0x63,0x11,0x4D,0xB0,0x63,0x11,0x4D,0xB0,0x63,0x11,0x4D,0xB0,0x63,0x11,0x4D,0xB0,0x63,0x11,0x4D,0xB0,0x63,0x11,0x4D,0xB0,0x63,0x11,0x4D,
    0xB0,0x63,0x11,0x4D,0xB0,0x63,0x11,0x4D,0xB0,0x63,0x11,0x4D,0xB0,0x63,0x11,0x4D,0xB0,0x63,0x11,0x4D,0xB0,0x63,0x11,0x4D,0xB0,0x63,0x11,0x4D,0xB0,0x63,0x11,0x4D,0xB0,0x63,0x11,0x4D,0xB0,0x63,0x11,0x4D,0xB0,0x63,0x11,0x4D,0xB0,0x63,0x11,0x4D,0xB0,0x63,0x11,0x4D,0xB0,0x63,0x11,0x4D,0xB0,0x63,0x11,0x4D,0xB0,0x63,0x11,0x4D,
    0xB0,0x63,0x11,0x4D,0xB0,0x63,0x11,0x4D,0xB0,0x63,0x11,0x4D,0xB0,0x63,0x11,0x4D,0xB0,0x63,0x11,0x4D,0xB0,0x63,0x11,0x4D,0xB0,0x63,0x11,0x4D,0xB0,0x63,0x11,0x4D,0xB0,0x63,0x11,0x4D,0xB0,0x63,0x11,0x4D,0xB0,0x63,0x11,0x4D,0xB0,0x63,0x11,0x4D,0xB0,0x63,0x11,0x4D,0xB0,0x63,0x11,0x4D,0xB0,0x63,0x11,0x4D,0xB0,0x63,0x11,0x4D,
    0xB0,0x63,0x11,0x4D,0xB0,0x63,0x11,0x4D,0xB0,0x63,0x11,0x4D,0xB0,0x63,0x11,0x4D,0xB0,0x63,0x11,0x4D,0xB0,0x63,0x11,0x4D,0xB0,0x63,0x11,0x4D,0xB0,0x63,0x11,0x4D,0xB0,0x63,0x11,0x4D,0xB0,0x63,0x11,0x4D,0xB0,0x63,0x11,0x4D,0xB0,0x63,0x11,0x4D,0xB0,0x63,0x11,0x4D,0xB0,0x63,0x11,0x4D,0xB0,0x63,0x11,0x4D,0xB0,0x63,0x11,0x4D,
    0xB0,0x63,0x11,0x4D,0xB0,0x63,0x11,0x4D,0xB0,0x63,0x11,0x4D,0xB0,0x63,0x11,0x4D,0xB0,0x63,0x11,0x4D,0xB0,0x63,0x11,0x4D,0xB0,0x63,0x11,0x4D,0xB0,0x63,0x11,0x4D,0xB0,0x63,0x11,0x4D,0xB0,0x63,0x11,0x4D,0xB0,0x63,0x11,0x4D,0xB0,0x63,0x11,0x4D,0xB0,0x63,0x11,0x4D,0xB0,0x63,0x11,0x4D,0xB0,0x63,0x11,0x4D,0xB0,0x63,0x11,0x4D,
    0xB0,0x63,0x11,0x4D,0xB0,0x63,0x11,0x4D,0xB0,0x63,0x11,0x4D,0xB0,0x63,0x11,0x4D,0xB0,0x63,0x11,0x4D,0xB0,0x63,0x11,0x4D,0xB0,0x63,0x11,0x4D,0xB0,0x63,0x11,0x4D,0xB0,0x63,0x11,0x4D,0xB0,0x63,0x11,0x4D,0xB0,0x63,0x11,0x4D,0xB0,0x63,0x11,0x4D,0xB0,0x63,0x11,0x4D,0xB0,0x63,0x11,0x4D,0xB0,0x63,0x11,0x4D,0xB0,0x63,0x11,0x4D,
    0xB0,0x63,0x11,0x4D,0xB0,0x63,0x11,0x4D,0xB0,0x63,0x11,0x4D,0xB0,0x63,0x11,0x4D,0xB0,0x63,0x11,0x4D,0xB0,0x63,0x11,0x4D,0xB0,0x63,0x11,0x4D,0xB0,0x63,0x11,0x4D,0xB0,0x63,0x11,0x4D,0xB0,0x63,0x11,0x4D,0xB0,0x63,0x11,0x4D,0xB0,0x63,0x11,0x4D,0xB0,0x63,0x11,0x4D,0xB0,0x63,0x11,0x4D,0xB0,0x63,0x11,0x4D,0xB0,0x63,0x11,0x4D,
    0xB0,0x63,0x11,0x4D,0xB0,0x63,0x11,0x4D,0xB0,0x63,0x11,0x4D,0xB0,0x63,0x11,0x4D,0xB0,0x63,0x11,0x4D,0xB0,0x63,0x11,0x4D,0xB0,0x63,0x11,0x4D,0xB0,0x63,0x11,0x4D,0xB0,0x63,0x11,0x4D,0xB0,0x63,0x11,0x4D,0xB0,0x63,0x11,0x4D,0xB0,0x63,0x11,0x4D,0xB0,0x63,0x11,0x4D,0xB0,0x63,0x11,0x4D,0xB0,0x63,0x11,0x4D,0xB0,0x63,0x11,0x4D,
    0xB0,0x63,0x11,0x4D,0xB0,0x63,0x11,0x4D,0xB0,0x63,0x11,0x4D,0xB0,0x63,0x11,0x4D,0xB0,0x63,0x11,0x4D,0xB0,0x63,0x11,0x4D,0xB0,0x63,0x11,0x4D,0xB0,0x63,0x11,0x4D,0xB0,0x63,0x11,0x4D,0xB0,0x63,0x11,0x4D,0xB0,0x63,0x11,0x4D,0xB0,0x63,0x11,0x4D,0xB0,0x63,0x11,0x4D,0xB0,0x63,0x11,0x4D,0xB0,0x63,0x11,0x4D,0xB0,0x63,0x11,0x4D,
    0xB0,0x63,0x11,0x4D,0xB0,0x63,0x11,0x4D,0xB0,0x63,0x11,0x4D,0xB0,0x63,0x11,0x4D,0xB0,0x63,0x11,0x4D,0xB0,0x63,0x11,0x4D,0xB0,0x63,0x11,0x4D,0xB0,0x63,0x11,0x4D,0xB0,0x63,0x11,0x4D,0xB0,0x63,0x11,0x4D,0xB0,0x63,0x11,0x4D,0xB0,0x63,0x11,0x4D,0xB0,0x63,0x11,0x4D,0xB0,0x63,0x11,0x4D,0xB0,0x63,0x11,0x4D,0xB0,0x63,0x11,0x4D,
    0xB0,0x63,0x11,0x4D,0xB0,0x63,0x11,0x4D,0xB0,0x63,0x11,0x4D,0xB0,0x63,0x11,0x4D,0xB0,0x63,0x11,0x4D,0xB0,0x63,0x11,0x4D,0xB0,0x63,0x11,0x4D,0xB0,0x63,0x11,0x4D,0xB0,0x63,0x11,0x4D,0xB0,0x63,0x11,0x4D,0xB0,0x63,0x11,0x4D,0xB0,0x63,0x11,0x4D,0xB0,0x63,0x11,0x4D,0xB0,0x63,0x11,0x4D,0xB0,0x63,0x11,0x4D,0xB0,0x63,0x11,0x4D,
    0xB0,0x63,0x11,0x4D,0xB0,0x63,0x11,0x4D,0xB0,0x63,0x11,0x4D,0xB0,0x63,0x11,0x4D,0xB0,0x63,0x11,0x4D,0xB0,0x63,0x11,0x4D,0xB0,0x63,0x11,0x4D,0xB0,0x63,0x11,0x4D,0xB0,0x63,0x11,0x4D,0xB0,0x63,0x11,0x4D,0xB0,0x63,0x11,0x4D,0xB0,0x63,0x11,0x4D,0xB0,0x63,0x11,0x4D,0xB0,0x63,0x11,0x4D,0xB0,0x63,0x11,0x4D,0xB0,0x63,0x11,0x4D,
    0xB0,0x63,0x11,0x4D,0xB0,0x63,0x11,0x4D,0xB0,0x63,0x11,0x4D,0xB0,0x63,0x11,0x4D,0xB0,0x63,0x11,0x4D,0xB0,0x63,0x11,0x4D,0xB0,0x63,0x11,0x4D,0xB0,0x63,0x11,0x4D,0xB0,0x63,0x11,0x4D,0xB0,0x63,0x11,0x4D,0xB0,0x63,0x11,0x4D,0xB0,0x63,0x11,0x4D,0xB0,0x63,0x11,0x4D,0xB0,0x63,0x11,0x4D,0xB0,0x63,0x11,0x4D,0xB0,0x63,0x11,0x4D,
    0xB0,0x63,0x11,0x4D,0xB0,0x63,0x11,0x4D,0xB0,0x63,0x11,0x4D,0xB0,0x63,0x11,0x4D,0xB0,0x63,0x11,0x4D,0xB0,0x63,0x11,0x4D,0xB0,0x63,0x11,0x4D,0xB0,0x63,0x11,0x4D,0xB0,0x63,0x11,0x4D,0xB0,0x63,0x11,0x4D,0xB0,0x63,0x11,0x4D,0xB0,0x63,0x11,0x4D,0xB0,0x63,0x11,0x4D,0xB0,0x63,0x11,0x4D,0xB0,0x63,0x11,0x4D,0xB0,0x63,0x11,0x4D,
    0xB0,0x63,0x11,0x4D,0xB0,0x63,0x11,0x4D,0xB0,0x63,0x11,0x4D,0xB0,0x63,0x11,0x4D,0xB0,0x63,0x11,0x4D,0xB0,0x63,0x11,0x4D,0xB0,0x63,0x11,0x4D,0xB0,0x63,0x11,0x4D,0xB0,0x63,0x11,0x4D,0xB0,0x63,0x11,0x4D,0xB0,0x63,0x11,0x4D,0xB0,0x63,0x11,0x4D,0xB0,0x63,0x11,0x4D,0xB0,0x63,0x11,0x4D,0xB0,0x63,0x11,0x4D,0xB0,0x63,0x11,0x4D,
    0xB0,0x63,0x11,0x4D,0xB0,0x63,0x11,0x4D,0xB0,0x63,0x11,0x4D,0xB0,0x63,0x11,0x4D,0xB0,0x63,0x11,0x4D,0xB0,0x63,0x11,0x4D,0xB0,0x63,0x11,0x4D,0xB0,0x63,0x11,0x4D,0xB0,0x63,0x11,0x4D,0xB0,0x63,0x11,0x4D,0xB0,0x63,0x11,0x4D,0xB0,0x63,0x11,0x4D,0xB0,0x63,0x11,0x4D,0xB0,0x63,0x11,0x4D,0xB0,0x63,0x11,0x4D,0xB0,0x63,0x11,0x4D,
    0xB0,0x63,0x11,0x4D,0xB0,0x63,0x11,0x4D,0xB0,0x63,0x11,0x4D,0xB0,0x63,0x11,0x4D,0xB0,0x63,0x11,0x4D,0xB0,0x63,0x11,0x4D,0xB0,0x63,0x11,0x4D,0xB0,0x63,0x11,0x4D,0xB0,0x63,0x11,0x4D,0xB0,0x63,0x11,0x4D,0xB0,0x63,0x11,0x4D,0xB0,0x63,0x11,0x4D,0xB0,0x63,0x11,0x4D,0xB0,0x63,0x11,0x4D,0xB0,0x63,0x11,0x4D,0xB0,0x63,0x11,0x4D,
    0xB0,0x63,0x11,0x4D,0xB0,0x63,0x11,0x4D,0xB0,0x63,0x11,0x4D,0xB0,0x63,0x11,0x4D,0xB0,0x63,0x11,0x4D,0xB0,0x63,0x11,0x4D,0xB0,0x63,0x11,0x4D,0xB0,0x63,0x11,0x4D,0xB0,0x63,0x11,0x4D,0xB0,0x63,0x11,0x4D,0xB0,0x63,0x11,0x4D,0xB0,0x63,0x11,0x4D,0xB0,0x63,0x11,0x4D,0xB0,0x63,0x11,0x4D,0xB0,0x63,0x11,0x4D,0xB0,0x63,0x11,0x4D,
    0xB0,0x63,0x11,0x4D,0xB0,0x63,0x11,0x4D,0xB0,0x63,0x11,0x4D,0xB0,0x63,0x11,0x4D,0xB0,0x63,0x11,0x4D,0xB0,0x63,0x11,0x4D,0xB0,0x63,0x11,0x4D,0xB0,0x63,0x11,0x4D,0xB0,0x63,0x11,0x4D,0xB0,0x63,0x11,0x4D,0xB0,0x63,0x11,0x4D,0xB0,0x63,0x11,0x4D,0xB0,0x63,0x11,0x4D,0xB0,0x63,0x11,0x4D,0xB0,0x63,0x11,0x4D,0xB0,0x63,0x11,0x4D,
    0xB0,0x63,0x11,0x4D,0xB0,0x63,0x11,0x4D,0xB0,0x63,0x11,0x4D,0xB0,0x63,0x11,0x4D,0xB0,0x63,0x11,0x4D,0xB0,0x63,0x11,0x4D,0xB0,0x63,0x11,0x4D,0xB0,0x63,0x11,0x4D,0xB0,0x63,0x11,0x4D,0xB0,0x63,0x11,0x4D,0xB0,0x63,0x11,0x4D,0xB0,0x63,0x11,0x4D,0xB0,0x63,0x11,0x4D,0xB0,0x63,0x11,0x4D,0xB0,0x63,0x11,0x4D,0xB0,0x63,0x11,0x4D,
    0xB0,0x63,0x11,0x4D,0xB0,0x63,0x11,0x4D,0xB0,0x63,0x11,0x4D,0xB0,0x63,0x11,0x4D,0xB0,0x63,0x11,0x4D,0xB0,0x63,0x11,0x4D,0xB0,0x63,0x11,0x4D,0xB0,0x63,0x11,0x4D,0xB0,0x63,0x11,0x4D,0xB0,0x63,0x11,0x4D,0xB0,0x63,0x11,0x4D,0xB0,0x63,0x11,0x4D,0xB0,0x63,0x11,0x4D,0xB0,0x63,0x11,0x4D,0xB0,0x63,0x11,0x4D,0xB0,0x63,0x11,0x4D,
    0xB0,0x63,0x11,0x4D,0xB0,0x63,0x11,0x4D,0xB0,0x63,0x11,0x4D,0xB0,0x63,0x11,0x4D,0xB0,0x63,0x11,0x4D,0xB0,0x63,0x11,0x4D,0xB0,0x63,0x11,0x4D,0xB0,0x63,0x11,0x4D,0xB0,0x63,0x11,0x4D,0xB0,0x63,0x11,0x4D,0xB0,0x63,0x11,0x4D,0xB0,0x63,0x11,0x4D,0xB0,0x63,0x11,0x4D,0xB0,0x63,0x11,0x4D,0xB0,0x63,0x11,0x4D,0xB0,0x63,0x11,0x4D,
    0xB0,0x63,0x11,0x4D,0xB0,0x63,0x11,0x4D,0xB0,0x63,0x11,0x4D,0xB0,0x63,0x11,0x4D,0xB0,0x63,0x11,0x4D,0xB0,0x63,0x11,0x4D,0xB0,0x63,0x11,0x4D,0xB0,0x63,0x11,0x4D,0xB0,0x63,0x11,0x4D,0xB0,0x63,0x11,0x4D,0xB0,0x63,0x11,0x4D,0xB0,0x63,0x11,0x4D,0xB0,0x63,0x11,0x4D,0xB0,0x63,0x11,0x4D,0xB0,0x63,0x11,0x4D,0xB0,0x63,0x11,0x4D,
    0xB0,0x63,0x11,0x4D,0xB0,0x63,0x11,0x4D,0xB0,0x63,0x11,0x4D,0xB0,0x63,0x11,0x4D,0xB0,0x63,0x11,0x4D,0xB0,0x63,0x11,0x4D,0xB0,0x63,0x11,0x4D,0xB0,0x63,0x11,0x4D,0xB0,0x63,0x11,0x4D,0xB0,0x63,0x11,0x4D,0xB0,0x63,0x11,0x4D,0xB0,0x63,0x11,0x4D,0xB0,0x63,0x11,0x4D,0xB0,0x63,0x11,0x4D,0xB0,0x63,0x11,0x4D,0xB0,0x63,0x11,0x4D,
    0xB0,0x63,0x11,0x4D,0xB0,0x63,0x11,0x4D,0xB0,0x63,0x11,0x4D,0xB0,0x63,0x11,0x4D,0xB0,0x63,0x11,0x4D,0xB0,0x63,0x11,0x4D,0xB0,0x63,0x11,0x4D,0xB0,0x63,0x11,0x4D,0xB0,0x63,0x11,0x4D,0xB0,0x63,0x11,0x4D,0xB0,0x63,0x11,0x4D,0xB0,0x63,0x11,0x4D,0xB0,0x63,0x11,0x4D,0xB0,0x63,0x11,0x4D,0xB0,0x63,0x11,0x4D,0xB0,0x63,0x11,0x4D,
    0xB0,0x63,0x11,0x4D,0xB0,0x63,0x11,0x4D,0xB0,0x63,0x11,0x4D,0xB0,0x63,0x11,0x4D,0xB0,0x63,0x11,0x4D,0xB0,0x63,0x11,0x4D,0xB0,0x63,0x11,0x4D,0xB0,0x63,0x11,0x4D,0xB0,0x63,0x11,0x4D,0xB0,0x63,0x11,0x4D,0xB0,0x63,0x11,0x4D,0xB0,0x63,0x11,0x4D,0xB0,0x63,0x11,0x4D,0xB0,0x63,0x11,0x4D,0xB0,0x63,0x11,0x4D,0xB0,0x63,0x11,0x4D,
    0xB0,0x63,0x11,0x4D,0xB0,0x63,0x11,0x4D,0xB0,0x63,0x11,0x4D,0xB0,0x63,0x11,0x4D,0xB0,0x63,0x11,0x4D,0xB0,0x63,0x11,0x4D,0xB0,0x63,0x11,0x4D,0xB0,0x63,0x11,0x4D,0xB0,0x63,0x11,0x4D,0xB0,0x63,0x11,0x4D,0xB0,0x63,0x11,0x4D,0xB0,0x63,0x11,0x4D,0xB0,0x63,0x11,0x4D,0xB0,0x63,0x11,0x4D,0xB0,0x63,0x11,0x4D,0xB0,0x63,0x11,0x4D,
    0xB0,0x63,0x11,0x4D,0xB0,0x63,0x11,0x4D,0xB0,0x63,0x11,0x4D,0xB0,0x63,0x11,0x4D,0xB0,0x63,0x11,0x4D,0xB0,0x63,0x11,0x4D,0xB0,0x63,0x11,0x4D,0xB0,0x63,0x11,0x4D,0xB0,0x63,0x11,0x4D,0xB0,0x63,0x11,0x4D,0xB0,0x63,0x11,0x4D,0xB0,0x63,0x11,0x4D,0xB0,0x63,0x11,0x4D,0xB0,0x63,0x11,0x4D,0xB0,0x63,0x11,0x4D,0xB0,0x63,0x11,0x4D,
    0xB0,0x63,0x11,0x4D,0xB0,0x63,0x11,0x4D,0xB0,0x63,0x11,0x4D,0xB0,0x63,0x11,0x4D,0xB0,0x63,0x11,0x4D,0xB0,0x63,0x11,0x4D,0xB0,0x63,0x11,0x4D,0xB0,0x63,0x11,0x4D,0xB0,0x63,0x11,0x4D,0xB0,0x63,0x11,0x4D,0xB0,0x63,0x11,0x4D,0xB0,0x63,0x11,0x4D,0xB0,0x63,0x11,0x4D,0xB0,0x63,0x11,0x4D,0xB0,0x63,0x11,0x4D,0xB0,0x63,0x11,0x4D,
    0xB0,0x63,0x11,0x4D,0xB0,0x63,0x11,0x4D,0xB0,0x63,0x11,0x4D,0xB0,0x63,0x11,0x4D,0xB0,0x63,0x11,0x4D,0xB0,0x63,0x11,0x4D,0xB0,0x63,0x11,0x4D,0xB0,0x63,0x11,0x4D,0xB0,0x63,0x11,0x4D,0xB0,0x63,0x11,0x4D,0xB0,0x63,0x11,0x4D,0xB0,0x63,0x11,0x4D,0xB0,0x63,0x11,0x4D,0xB0,0x63,0x11,0x4D,0xB0,0x63,0x11,0x4D,0xB0,0x63,0x11,0x4D,
    0xB0,0x63,0x11,0x4D,0xB0,0x63,0x11,0x4D,0xB0,0x63,0x11,0x4D,0xB0,0x63,0x11,0x4D,0xB0,0x63,0x11,0x4D,0xB0,0x63,0x11,0x4D,0xB0,0x63,0x11,0x4D,0xB0,0x63,0x11,0x4D,0xB0,0x63,0x11,0x4D,0xB0,0x63,0x11,0x4D,0xB0,0x63,0x11,0x4D,0xB0,0x63,0x11,0x4D,0xB0,0x63,0x11,0x4D,0xB0,0x63,0x11,0x4D,0xB0,0x63,0x11,0x4D,0xB0,0x63,0x11,0x4D,
    0xB0,0x63,0x11,0x4D,0xB0,0x63,0x11,0x4D,0xB0,0x63,0x11,0x4D,0xB0,0x63,0x11,0x4D,0xB0,0x63,0x11,0x4D,0xB0,0x63,0x11,0x4D,0xB0,0x63,0x11,0x4D,0xB0,0x63,0x11,0x4D,0xB0,0x63,0x11,0x4D,0xB0,0x63,0x11,0x4D,0xB0,0x63,0x11,0x4D,0xB0,0x63,0x11,0x4D,0xB0,0x63,0x11,0x4D,0xB0,0x63,0x11,0x4D,0xB0,0x63,0x11,0x4D,0xB0,0x63,0x11,0x4D,
    0xB0,0x63,0x11,0x4D,0xB0,0x63,0x11,0x4D,0xB0,0x63,0x11,0x4D,0xB0,0x63,0x11,0x4D,0xB0,0x63,0x11,0x4D,0xB0,0x63,0x11,0x4D,0xB0,0x63,0x11,0x4D,0xB0,0x63,0x11,0x4D,0xB0,0x63,0x11,0x4D,0xB0,0x63,0x11,0x4D,0xB0,0x63,0x11,0x4D,0xB0,0x63,0x11,0x4D,0xB0,0x63,0x11,0x4D,0xB0,0x63,0x11,0x4D,0xB0,0x63,0x11,0x4D,0xB0,0x63,0x11,0x4D,
    0xB0,0x63,0x11,0x4D,0xB0,0x63,0x11,0x4D,0xB0,0x63,0x11,0x4D,0xB0,0x63,0x11,0x4D,0xB0,0x63,0x11,0x4D,0xB0,0x63,0x11,0x4D,0xB0,0x63,0x11,0x4D,0xB0,0x63,0x11,0x4D,0xB0,0x63,0x11,0x4D,0xB0,0x63,0x11,0x4D,0xB0,0x63,0x11,0x4D,0xB0,0x63,0x11,0x4D,0xB0,0x63,0x11,0x4D,0xB0,0x63,0x11,0x4D,0xB0,0x63,0x11,0x4D,0xB0,0x63,0x11,0x4D,
    0xB0,0x63,0x11,0x4D,0xB0,0x63,0x11,0x4D,0xB0,0x63,0x11,0x4D,0xB0,0x63,0x11,0x4D,0xB0,0x63,0x11,0x4D,0xB0,0x63,0x11,0x4D,0xB0,0x63,0x11,0x4D,0xB0,0x63,0x11,0x4D,0xB0,0x63,0x11,0x4D,0xB0,0x63,0x11,0x4D,0xB0,0x63,0x11,0x4D,0xB0,0x63,0x11,0x4D,0xB0,0x63,0x11,0x4D,0xB0,0x63,0x11,0x4D,0xB0,0x63,0x11,0x4D,0xB0,0x63,0x11,0x4D,
    0xB0,0x63,0x11,0x4D,0xB0,0x63,0x11,0x4D,0xB0,0x63,0x11,0x4D,0xB0,0x63,0x11,0x4D,0xB0,0x63,0x11,0x4D,0xB0,0x63,0x11,0x4D,0xB0,0x63,0x11,0x4D,0xB0,0x63,0x11,0x4D,0xB0,0x63,0x11,0x4D,0xB0,0x63,0x11,0x4D,0xB0,0x63,0x11,0x4D,0xB0,0x63,0x11,0x4D,0xB0,0x63,0x11,0x4D,0xB0,0x63,0x11,0x4D,0xB0,0x63,0x11,0x4D,0xB0,0x63,0x11,0x4D,
    0xB0,0x63,0x11,0x4D,0xB0,0x63,0x11,0x4D,0xB0,0x63,0x11,0x4D,0xB0,0x63,0x11,0x4D,0xB0,0x63,0x11,0x4D,0xB0,0x63,0x11,0x4D,0xB0,0x63,0x11,0x4D,0xB0,0x63,0x11,0x4D,0xB0,0x63,0x11,0x4D,0xB0,0x63,0x11,0x4D,0xB0,0x63,0x11,0x4D,0xB0,0x63,0x11,0x4D,0xB0,0x63,0x11,0x4D,0xB0,0x63,0x11,0x4D,0xB0,0x63,0x11,0x4D,0xB0,0x63,0x11,0x4D,
    0xB0,0x63,0x11,0x4D,0xB0,0x63,0x11,0x4D,0xB0,0x63,0x11,0x4D,0xB0,0x63,0x11,0x4D,0xB0,0x63,0x11,0x4D,0xB0,0x63,0x11,0x4D,0xB0,0x63,0x11,0x4D,0xB0,0x63,0x11,0x4D,0xB0,0x63,0x11,0x4D,0xB0,0x63,0x11,0x4D,0xB0,0x63,0x11,0x4D,0xB0,0x63,0x11,0x4D,0xB0,0x63,0x11,0x4D,0xB0,0x63,0x11,0x4D,0xB0,0x63,0x11,0x4D,0xB0,0x63,0x11,0x4D,
    0xB0,0x63,0x11,0x4D,0xB0,0x63,0x11,0x4D,0xB0,0x63,0x11,0x4D,0xB0,0x63,0x11,0x4D,0xB0,0x63,0x11,0x4D,0xB0,0x63,0x11,0x4D,0xB0,0x63,0x11,0x4D,0xB0,0x63,0x11,0x4D,0xB0,0x63,0x11,0x4D,0xB0,0x63,0x11,0x4D,0xB0,0x63,0x11,0x4D,0xB0,0x63,0x11,0x4D,0xB0,0x63,0x11,0x4D,0xB0,0x63,0x11,0x4D,0xB0,0x63,0x11,0x4D,0xB0,0x63,0x11,0x4D,
    0xB0,0x63,0x11,0x4D,0xB0,0x63,0x11,0x4D,0xB0,0x63,0x11,0x4D,0xB0,0x63,0x11,0x4D,0xB0,0x63,0x11,0x4D,0xB0,0x63,0x11,0x4D,0xB0,0x63,0x11,0x4D,0xB0,0x63,0x11,0x4D,0xB0,0x63,0x11,0x4D,0xB0,0x63,0x11,0x4D,0xB0,0x63,0x11,0x4D,0xB0,0x63,0x11,0x4D,0xB0,0x63,0x11,0x4D,0xB0,0x63,0x11,0x4D,0xB0,0x63,0x11,0x4D,0xB0,0x63,0x11,0x4D,
    0xB0,0x63,0x11,0x4D,0xB0,0x63,0x11,0x4D,0xB0,0x63,0x11,0x4D,0xB0,0x63,0x11,0x4D,0xB0,0x63,0x11,0x4D,0xB0,0x63,0x11,0x4D,0xB0,0x63,0x11,0x4D,0xB0,0x63,0x11,0x4D,0xB0,0x63,0x11,0x4D,0xB0,0x63,0x11,0x4D,0xB0,0x63,0x11,0x4D,0xB0,0x63,0x11,0x4D,0xB0,0x63,0x11,0x4D,0xB0,0x63,0x11,0x4D,0xB0,0x63,0x11,0x4D,0xB0,0x63,0x11,0x4D,
    0xB0,0x63,0x11,0x4D,0xB0,0x63,0x11,0x4D,0xB0,0x63,0x11,0x4D,0xB0,0x63,0x11,0x4D,0xB0,0x63,0x11,0x4D,0xB0,0x63,0x11,0x4D,0xB0,0x63,0x11,0x4D,0xB0,0x63,0x11,0x4D,0xB0,0x63,0x11,0x4D,0xB0,0x63,0x11,0x4D,0xB0,0x63,0x11,0x4D,0xB0,0x63,0x11,0x4D,0xB0,0x63,0x11,0x4D,0xB0,0x63,0x11,0x4D,0xB0,0x63,0x11,0x4D,0xB0,0x63,0x11,0x4D,
    0xB0,0x63,0x11,0x4D,0xB0,0x63,0x11,0x4D,0xB0,0x63,0x11,0x4D,0xB0,0x63,0x11,0x4D,0xB0,0x63,0x11,0x4D,0xB0,0x63,0x11,0x4D,0xB0,0x63,0x11,0x4D,0xB0,0x63,0x11,0x4D,0xB0,0x63,0x11,0x4D,0xB0,0x63,0x11,0x4D,0xB0,0x63,0x11,0x4D,0xB0,0x63,0x11,0x4D,0xB0,0x63,0x11,0x4D,0xB0,0x63,0x11,0x4D,0xB0,0x63,0x11,0x4D,0xB0,0x63,0x11,0x4D,
    0xB0,0x63,0x11,0x4D,0xB0,0x63,0x11,0x4D,0xB0,0x63,0x11,0x4D,0xB0,0x63,0x11,0x4D,0xB0,0x63,0x11,0x4D,0xB0,0x63,0x11,0x4D,0xB0,0x63,0x11,0x4D,0xB0,0x63,0x11,0x4D,0xB0,0x63,0x11,0x4D,0xB0,0x63,0x11,0x4D,0xB0,0x63,0x11,0x4D,0xB0,0x63,0x11,0x4D,0xB0,0x63,0x11,0x4D,0xB0,0x63,0x11,0x4D,0xB0,0x63,0x11,0x4D,0xB0,0x63,0x11,0x4D,
    0xB0,0x63,0x11,0x4D,0xB0,0x63,0x11,0x4D,0xB0,0x63,0x11,0x4D,0xB0,0x63,0x11,0x4D,0xB0,0x63,0x11,0x4D,0xB0,0x63,0x11,0x4D,0xB0,0x63,0x11,0x4D,0xB0,0x63,0x11,0x4D,0xB0,0x63,0x11,0x4D,0xB0,0x63,0x11,0x4D,0xB0,0x63,0x11,0x4D,0xB0,0x63,0x11,0x4D,0xB0,0x63,0x11,0x4D,0xB0,0x63,0x11,0x4D,0xB0,0x63,0x11,0x4D,0xB0,0x63,0x11,0x4D,
    0xB0,0x63,0x11,0x4D,0xB0,0x63,0x11,0x4D,0xB0,0x63,0x11,0x4D,0xB0,0x63,0x11,0x4D,0xB0,0x63,0x11,0x4D,0xB0,0x63,0x11,0x4D,0xB0,0x63,0x11,0x4D,0xB0,0x63,0x11,0x4D,0xB0,0x63,0x11,0x4D,0xB0,0x63,0x11,0x4D,0xB0,0x63,0x11,0x4D,0xB0,0x63,0x11,0x4D,0xB0,0x63,0x11,0x4D,0xB0,0x63,0x11,0x4D,0xB0,0x63,0x11,0x4D,0xB0,0x63,0x11,0x4D,
    0xB0,0x63,0x11,0x4D,0xB0,0x63,0x11,0x4D,0xB0,0x63,0x11,0x4D,0xB0,0x63,0x11,0x4D,0xB0,0x63,0x11,0x4D,0xB0,0x63,0x11,0x4D,0xB0,0x63,0x11,0x4D,0xB0,0x63,0x11,0x4D,0xB0,0x63,0x11,0x4D,0xB0,0x63,0x11,0x4D,0xB0,0x63,0x11,0x4D,0xB0,0x63,0x11,0x4D,0xB0,0x63,0x11,0x4D,0xB0,0x63,0x11,0x4D,0xB0,0x63,0x11,0x4D,0xB0,0x63,0x11,0x4D,
    0xB0,0x63,0x11,0x4D,0xB0,0x63,0x11,0x4D,0xB0,0x63,0x11,0x4D,0xB0,0x63,0x11,0x4D,0xB0,0x63,0x11,0x4D,0xB0,0x63,0x11,0x4D,0xB0,0x63,0x11,0x4D,0xB0,0x63,0x11,0x4D,0xB0,0x63,0x11,0x4D,0xB0,0x63,0x11,0x4D,0xB0,0x63,0x11,0x4D,0xB0,0x63,0x11,0x4D,0xB0,0x63,0x11,0x4D,0xB0,0x63,0x11,0x4D,0xB0,0x63,0x11,0x4D,0xB0,0x63,0x11,0x4D,
    0xB0,0x63,0x11,0x4D,0xB0,0x63,0x11,0x4D,0xB0,0x63,0x11,0x4D,0xB0,0x63,0x11,0x4D,0xB0,0x63,0x11,0x4D,0xB0,0x63,0x11,0x4D,0xB0,0x63,0x11,0x4D,0xB0,0x63,0x11,0x4D,0xB0,0x63,0x11,0x4D,0xB0,0x63,0x11,0x4D,0xB0,0x63,0x11,0x4D,0xB0,0x63,0x11,0x4D,0xB0,0x63,0x11,0x4D,0xB0,0x63,0x11,0x4D,0xB0,0x63,0x11,0x4D,0xB0,0x63,0x11,0x4D,
    0xB0,0x63,0x11,0x4D,0xB0,0x63,0x11,0x4D,0xB0,0x63,0x11,0x4D,0xB0,0x63,0x11,0x4D,0xB0,0x63,0x11,0x4D,0xB0,0x63,0x11,0x4D,0xB0,0x63,0x11,0x4D,0xB0,0x63,0x11,0x4D,0xB0,0x63,0x11,0x4D,0xB0,0x63,0x11,0x4D,0xB0,0x63,0x11,0x4D,0xB0,0x63,0x11,0x4D,0xB0,0x63,0x11,0x4D,0xB0,0x63,0x11,0x4D,0xB0,0x63,0x11,0x4D,0xB0,0x63,0x11,0x4D,
    0xB0,0x63,0x11,0x4D,0xB0,0x63,0x11,0x4D,0xB0,0x63,0x11,0x4D,0xB0,0x63,0x11,0x4D,0xB0,0x63,0x11,0x4D,0xB0,0x63,0x11,0x4D,0xB0,0x63,0x11,0x4D,0xB0,0x63,0x11,0x4D,0xB0,0x63,0x11,0x4D,0xB0,0x63,0x11,0x4D,0xB0,0x63,0x11,0x4D,0xB0,0x63,0x11,0x4D,0xB0,0x63,0x11,0x4D,0xB0,0x63,0x11,0x4D,0xB0,0x63,0x11,0x4D,0xB0,0x63,0x11,0x4D,
    0xB0,0x63,0x11,0x4D,0xB0,0x63,0x11,0x4D,0xB0,0x63,0x11,0x4D,0xB0,0x63,0x11,0x4D,0xB0,0x63,0x11,0x4D,0xB0,0x63,0x11,0x4D,0xB0,0x63,0x11,0x4D,0xB0,0x63,0x11,0x4D,0xB0,0x63,0x11,0x4D,0xB0,0x63,0x11,0x4D,0xB0,0x63,0x11,0x4D,0xB0,0x63,0x11,0x4D,0xB0,0x63,0x11,0x4D,0xB0,0x63,0x11,0x4D,0xB0,0x63,0x11,0x4D,0xB0,0x63,0x11,0x4D,
    0xB0,0x63,0x11,0x4D,0xB0,0x63,0x11,0x4D,0xB0,0x63,0x11,0x4D,0xB0,0x63,0x11,0x4D,0xB0,0x63,0x11,0x4D,0xB0,0x63,0x11,0x4D,0xB0,0x63,0x11,0x4D,0xB0,0x63,0x11,0x4D,0xB0,0x63,0x11,0x4D,0xB0,0x63,0x11,0x4D,0xB0,0x63,0x11,0x4D,0xB0,0x63,0x11,0x4D,0xB0,0x63,0x11,0x4D,0xB0,0x63,0x11,0x4D,0xB0,0x63,0x11,0x4D,0xB0,0x63,0x11,0x4D,
    0xB0,0x63,0x11,0x4D,0xB0,0x63,0x11,0x4D,0xB0,0x63,0x11,0x4D,0xB0,0x63,0x11,0x4D,0xB0,0x63,0x11,0x4D,0xB0,0x63,0x11,0x4D,0xB0,0x63,0x11,0x4D,0xB0,0x63,0x11,0x4D,0xB0,0x63,0x11,0x4D,0xB0,0x63,0x11,0x4D,0xB0,0x63,0x11,0x4D,0xB0,0x63,0x11,0x4D,0xB0,0x63,0x11,0x4D,0xB0,0x63,0x11,0x4D,0xB0,0x63,0x11,0x4D,0xB0,0x63,0x11,0x4D,
    0xB0,0x63,0x11,0x4D,0xB0,0x63,0x11,0x4D,0xB0,0x63,0x11,0x4D,0xB0,0x63,0x11,0x4D,0xB0,0x63,0x11,0x4D,0xB0,0x63,0x11,0x4D,0xB0,0x63,0x11,0x4D,0xB0,0x63,0x11,0x4D,0xB0,0x63,0x11,0x4D,0xB0,0x63,0x11,0x4D,0xB0,0x63,0x11,0x4D,0xB0,0x63,0x11,0x4D,0xB0,0x63,0x11,0x4D,0xB0,0x63,0x11,0x4D,0xB0,0x63,0x11,0x4D,0xB0,0x63,0x11,0x4D,
    0xB0,0x63,0x11,0x4D,0xB0,0x63,0x11,0x4D,0xB0,0x63,0x11,0x4D,0xB0,0x63,0x11,0x4D,0xB0,0x63,0x11,0x4D,0xB0,0x63,0x11,0x4D,0xB0,0x63,0x11,0x4D,0xB0,0x63,0x11,0x4D,0xB0,0x63,0x11,0x4D,0xB0,0x63,0x11,0x4D,0xB0,0x63,0x11,0x4D,0xB0,0x63,0x11,0x4D,0xB0,0x63,0x11,0x4D,0xB0,0x63,0x11,0x4D,0xB0,0x63,0x11,0x4D,0xB0,0x63,0x11,0x4D,
    0xB0,0x63,0x11,0x4D,0xB0,0x63,0x11,0x4D,0xB0,0x63,0x11,0x4D,0xB0,0x63,0x11,0x4D,0xB0,0x63,0x11,0x4D,0xB0,0x63,0x11,0x4D,0xB0,0x63,0x11,0x4D,0xB0,0x63,0x11,0x4D,0xB0,0x63,0x11,0x4D,0xB0,0x63,0x11,0x4D,0xB0,0x63,0x11,0x4D,0xB0,0x63,0x11,0x4D,0xB0,0x63,0x11,0x4D,0xB0,0x63,0x11,0x4D,0xB0,0x63,0x11,0x4D,0xB0,0x63,0x11,0x4D,
    0xB0,0x63,0x11,0x4D,0xB0,0x63,0x11,0x4D,0xB0,0x63,0x11,0x4D,0xB0,0x63,0x11,0x4D,0xB0,0x63,0x11,0x4D,0xB0,0x63,0x11,0x4D,0xB0,0x63,0x11,0x4D,0xB0,0x63,0x11,0x4D,0xB0,0x63,0x11,0x4D,0xB0,0x63,0x11,0x4D,0xB0,0x63,0x11,0x4D,0xB0,0x63,0x11,0x4D,0xB0,0x63,0x11,0x4D,0xB0,0x63,0x11,0x4D,0xB0,0x63,0x11,0x4D,0xB0,0x63,0x11,0x4D,
    0xB0,0x63,0x11,0x4D,0xB0,0x63,0x11,0x4D,0xB0,0x63,0x11,0x4D,0xB0,0x63,0x11,0x4D,0xB0,0x63,0x11,0x4D,0xB0,0x63,0x11,0x4D,0xB0,0x63,0x11,0x4D,0xB0,0x63,0x11,0x4D,0xB0,0x63,0x11,0x4D,0xB0,0x63,0x11,0x4D,0xB0,0x63,0x11,0x4D,0xB0,0x63,0x11,0x4D,0xB0,0x63,0x11,0x4D,0xB0,0x63,0x11,0x4D,0xB0,0x63,0x11,0x4D,0xB0,0x63,0x11,0x4D,
    0xB0,0x63,0x11,0x4D,0xB0,0x63,0x11,0x4D,0xB0,0x63,0x11,0x4D,0xB0,0x63,0x11,0x4D,0xB0,0x63,0x11,0x4D,0xB0,0x63,0x11,0x4D,0xB0,0x63,0x11,0x4D,0xB0,0x63,0x11,0x4D,0xB0,0x63,0x11,0x4D,0xB0,0x63,0x11,0x4D,0xB0,0x63,0x11,0x4D,0xB0,0x63,0x11,0x4D,0xB0,0x63,0x11,0x4D,0xB0,0x63,0x11,0x4D,0xB0,0x63,0x11,0x4D,0xB0,0x63,0x11,0x4D,
    0xB0,0x63,0x11,0x4D,0xB0,0x63,0x11,0x4D,0xB0,0x63,0x11,0x4D,0xB0,0x63,0x11,0x4D,0xB0,0x63,0x11,0x4D,0xB0,0x63,0x11,0x4D,0xB0,0x63,0x11,0x4D,0xB0,0x63,0x11,0x4D,0xB0,0x63,0x11,0x4D,0xB0,0x63,0x11,0x4D,0xB0,0x63,0x11,0x4D,0xB0,0x63,0x11,0x4D,0xB0,0x63,0x11,0x4D,0xB0,0x63,0x11,0x4D,0xB0,0x63,0x11,0x4D,0xB0,0x63,0x11,0x4D,
    0xB0,0x63,0x11,0x4D,0xB0,0x63,0x11,0x4D,0xB0,0x63,0x11,0x4D,0xB0,0x63,0x11,0x4D,0xB0,0x63,0x11,0x4D,0xB0,0x63,0x11,0x4D,0xB0,0x63,0x11,0x4D,0xB0,0x63,0x11,0x4D,0xB0,0x63,0x11,0x4D,0xB0,0x63,0x11,0x4D,0xB0,0x63,0x11,0x4D,0xB0,0x63,0x11,0x4D,0xB0,0x63,0x11,0x4D,0xB0,0x63,0x11,0x4D,0xB0,0x63,0x11,0x4D,0xB0,0x63,0x11,0x4D,
    0xB0,0x63,0x11,0x4D,0xB0,0x63,0x11,0x4D,0xB0,0x63,0x11,0x4D,0xB0,0x63,0x11,0x4D,0xB0,0x63,0x11,0x4D,0xB0,0x63,0x11,0x4D,0xB0,0x63,0x11,0x4D,0xB0,0x63,0x11,0x4D,0xB0,0x63,0x11,0x4D,0xB0,0x63,0x11,0x4D,0xB0,0x63,0x11,0x4D,0xB0,0x63,0x11,0x4D,0xB0,0x63,0x11,0x4D,0xB0,0x63,0x11,0x4D,0xB0,0x63,0x11,0x4D,0xB0,0x63,0x11,0x4D,
    0xB0,0x63,0x11,0x4D,0xB0,0x63,0x11,0x4D,0xB0,0x63,0x11,0x4D,0xB0,0x63,0x11,0x4D,0xB0,0x63,0x11,0x4D,0xB0,0x63,0x11,0x4D,0xB0,0x63,0x11,0x4D,0xB0,0x63,0x11,0x4D,0xB0,0x63,0x11,0x4D,0xB0,0x63,0x11,0x4D,0xB0,0x63,0x11,0x4D,0xB0,0x63,0x11,0x4D,0xB0,0x63,0x11,0x4D,0xB0,0x63,0x11,0x4D,0xB0,0x63,0x11,0x4D,0xB0,0x63,0x11,0x4D,
    0xB0,0x63,0x11,0x4D,0xB0,0x63,0x11,0x4D,0xB0,0x63,0x11,0x4D,0xB0,0x63,0x11,0x4D,0xB0,0x63,0x11,0x4D,0xB0,0x63,0x11,0x4D,0xB0,0x63,0x11,0x4D,0xB0,0x63,0x11,0x4D,0xB0,0x63,0x11,0x4D,0xB0,0x63,0x11,0x4D,0xB0,0x63,0x11,0x4D,0xB0,0x63,0x11,0x4D,0xB0,0x63,0x11,0x4D,0xB0,0x63,0x11,0x4D,0xB0,0x63,0x11,0x4D,0xB0,0x63,0x11,0x4D,
    0xB0,0x63,0x11,0x4D,0xB0,0x63,0x11,0x4D,0xB0,0x63,0x11,0x4D,0xB0,0x63,0x11,0x4D,0xB0,0x63,0x11,0x4D,0xB0,0x63,0x11,0x4D,0xB0,0x63,0x11,0x4D,0xB0,0x63,0x11,0x4D,0xB0,0x63,0x11,0x4D,0xB0,0x63,0x11,0x4D,0xB0,0x63,0x11,0x4D,0xB0,0x63,0x11,0x4D,0xB0,0x63,0x11,0x4D,0xB0,0x63,0x11,0x4D,0xB0,0x63,0x11,0x4D,0xB0,0x63,0x11,0x4D,
    0xB0,0x63,0x11,0x4D,0xB0,0x63,0x11,0x4D,0xB0,0x63,0x11,0x4D,0xB0,0x63,0x11,0x4D,0xB0,0x63,0x11,0x4D,0xB0,0x63,0x11,0x4D,0xB0,0x63,0x11,0x4D,0xB0,0x63,0x11,0x4D,0xB0,0x63,0x11,0x4D,0xB0,0x63,0x11,0x4D,0xB0,0x63,0x11,0x4D,0xB0,0x63,0x11,0x4D,0xB0,0x63,0x11,0x4D,0xB0,0x63,0x11,0x4D,0xB0,0x63,0x11,0x4D,0xB0,0x63,0x11,0x4D,
    0xB0,0x63,0x11,0x4D,0xB0,0x63,0x11,0x4D,0xB0,0x63,0x11,0x4D,0xB0,0x63,0x11,0x4D,0xB0,0x63,0x11,0x4D,0xB0,0x63,0x11,0x4D,0xB0,0x63,0x11,0x4D,0xB0,0x63,0x11,0x4D,0xB0,0x63,0x11,0x4D,0xB0,0x63,0x11,0x4D,0xB0,0x63,0x11,0x4D,0xB0,0x63,0x11,0x4D,0xB0,0x63,0x11,0x4D,0xB0,0x63,0x11,0x4D,0xB0,0x63,0x11,0x4D,0xB0,0x63,0x11,0x4D,
    0xB0,0x63,0x11,0x4D,0xB0,0x63,0x11,0x4D,0xB0,0x63,0x11,0x4D,0xB0,0x63,0x11,0x4D,0xB0,0x63,0x11,0x4D,0xB0,0x63,0x11,0x4D,0xB0,0x63,0x11,0x4D,0xB0,0x63,0x11,0x4D,0xB0,0x63,0x11,0x4D,0xB0,0x63,0x11,0x4D,0xB0,0x63,0x11,0x4D,0xB0,0x63,0x11,0x4D,0xB0,0x63,0x11,0x4D,0xB0,0x63,0x11,0x4D,0xB0,0x63,0x11,0x4D,0xB0,0x63,0x11,0x4D,
    0xB0,0x63,0x11,0x4D,0xB0,0x63,0x11,0x4D,0xB0,0x63,0x11,0x4D,0xB0,0x63,0x11,0x4D,0xB0,0x63,0x11,0x4D,0xB0,0x63,0x11,0x4D,0xB0,0x63,0x11,0x4D,0xB0,0x63,0x11,0x4D,0xB0,0x63,0x11,0x4D,0xB0,0x63,0x11,0x4D,0xB0,0x63,0x11,0x4D,0xB0,0x63,0x11,0x4D,0xB0,0x63,0x11,0x4D,0xB0,0x63,0x11,0x4D,0xB0,0x63,0x11,0x4D,0xB0,0x63,0x11,0x4D,
    0xB0,0x63,0x11,0x4D,0xB0,0x63,0x11,0x4D,0xB0,0x63,0x11,0x4D,0xB0,0x63,0x11,0x4D,0xB0,0x63,0x11,0x4D,0xB0,0x63,0x11,0x4D,0xB0,0x63,0x11,0x4D,0xB0,0x63,0x11,0x4D,0xB0,0x63,0x11,0x4D,0xB0,0x63,0x11,0x4D,0xB0,0x63,0x11,0x4D,0xB0,0x63,0x11,0x4D,0xB0,0x63,0x11,0x4D,0xB0,0x63,0x11,0x4D,0xB0,0x63,0x11,0x4D,0xB0,0x63,0x11,0x4D,
    0xB0,0x63,0x11,0x4D,0xB0,0x63,0x11,0x4D,0xB0,0x63,0x11,0x4D,0xB0,0x63,0x11,0x4D,0xB0,0x63,0x11,0x4D,0xB0,0x63,0x11,0x4D,0xB0,0x63,0x11,0x4D,0xB0,0x63,0x11,0x4D,0xB0,0x63,0x11,0x4D,0xB0,0x63,0x11,0x4D,0xB0,0x63,0x11,0x4D,0xB0,0x63,0x11,0x4D,0xB0,0x63,0x11,0x4D,0xB0,0x63,0x11,0x4D,0xB0,0x63,0x11,0x4D,0xB0,0x63,0x11,0x4D,
    0xB0,0x63,0x11,0x4D,0xB0,0x63,0x11,0x4D,0xB0,0x63,0x11,0x4D,0xB0,0x63,0x11,0x4D,0xB0,0x63,0x11,0x4D,0xB0,0x63,0x11,0x4D,0xB0,0x63,0x11,0x4D,0xB0,0x63,0x11,0x4D,0xB0,0x63,0x11,0x4D,0xB0,0x63,0x11,0x4D,0xB0,0x63,0x11,0x4D,0xB0,0x63,0x11,0x4D,0xB0,0x63,0x11,0x4D,0xB0,0x63,0x11,0x4D,0xB0,0x63,0x11,0x4D,0xB0,0x63,0x11,0x4D,
    0xB0,0x63,0x11,0x4D,0xB0,0x63,0x11,0x4D,0xB0,0x63,0x11,0x4D,0xB0,0x63,0x11,0x4D,0xB0,0x63,0x11,0x4D,0xB0,0x63,0x11,0x4D,0xB0,0x63,0x11,0x4D,0xB0,0x63,0x11,0x4D,0xB0,0x63,0x11,0x4D,0xB0,0x63,0x11,0x4D,0xB0,0x63,0x11,0x4D,0xB0,0x63,0x11,0x4D,0xB0,0x63,0x11,0x4D,0xB0,0x63,0x11,0x4D,0xB0,0x63,0x11,0x4D,0xB0,0x63,0x11,0x4D,
    0xB0,0x63,0x11,0x4D,0xB0,0x63,0x11,0x4D,0xB0,0x63,0x11,0x4D,0xB0,0x63,0x11,0x4D,0xB0,0x63,0x11,0x4D,0xB0,0x63,0x11,0x4D,0xB0,0x63,0x11,0x4D,0xB0,0x63,0x11,0x4D,0xB0,0x63,0x11,0x4D,0xB0,0x63,0x11,0x4D,0xB0,0x63,0x11,0x4D,0xB0,0x63,0x11,0x4D,0xB0,0x63,0x11,0x4D,0xB0,0x63,0x11,0x4D,0xB0,0x63,0x11,0x4D,0xB0,0x63,0x11,0x4D,
    0xB0,0x63,0x11,0x4D,0xB0,0x63,0x11,0x4D,0xB0,0x63,0x11,0x4D,0xB0,0x63,0x11,0x4D,0xB0,0x63,0x11,0x4D,0xB0,0x63,0x11,0x4D,0xB0,0x63,0x11,0x4D,0xB0,0x63,0x11,0x4D,0xB0,0x63,0x11,0x4D,0xB0,0x63,0x11,0x4D,0xB0,0x63,0x11,0x4D,0xB0,0x63,0x11,0x4D,0xB0,0x63,0x11,0x4D,0xB0,0x63,0x11,0x4D,0xB0,0x63,0x11,0x4D,0xB0,0x63,0x11,0x4D,
    0xB0,0x63,0x11,0x4D,0xB0,0x63,0x11,0x4D,0xB0,0x63,0x11,0x4D,0xB0,0x63,0x11,0x4D,0xB0,0x63,0x11,0x4D,0xB0,0x63,0x11,0x4D,0xB0,0x63,0x11,0x4D,0xB0,0x63,0x11,0x4D,0xB0,0x63,0x11,0x4D,0xB0,0x63,0x11,0x4D,0xB0,0x63,0x11,0x4D,0xB0,0x63,0x11,0x4D,0xB0,0x63,0x11,0x4D,0xB0,0x63,0x11,0x4D,0xB0,0x63,0x11,0x4D,0xB0,0x63,0x11,0x4D,
    0xB0,0x63,0x11,0x4D,0xB0,0x63,0x11,0x4D,0xB0,0x63,0x11,0x4D,0xB0,0x63,0x11,0x4D,0xB0,0x63,0x11,0x4D,0xB0,0x63,0x11,0x4D,0xB0,0x63,0x11,0x4D,0xB0,0x63,0x11,0x4D,0xB0,0x63,0x11,0x4D,0xB0,0x63,0x11,0x4D,0xB0,0x63,0x11,0x4D,0xB0,0x63,0x11,0x4D,0xB0,0x63,0x11,0x4D,0xB0,0x63,0x11,0x4D,0xB0,0x63,0x11,0x4D,0xB0,0x63,0x11,0x4D,
    0xB0,0x63,0x11,0x4D,0xB0,0x63,0x11,0x4D,0xB0,0x63,0x11,0x4D,0xB0,0x63,0x11,0x4D,0xB0,0x63,0x11,0x4D,0xB0,0x63,0x11,0x4D,0xB0,0x63,0x11,0x4D,0xB0,0x63,0x11,0x4D,0xB0,0x63,0x11,0x4D,0xB0,0x63,0x11,0x4D,0xB0,0x63,0x11,0x4D,0xB0,0x63,0x11,0x4D,0xB0,0x63,0x11,0x4D,0xB0,0x63,0x11,0x4D,0xB0,0x63,0x11,0x4D,0xB0,0x63,0x11,0x4D,
    0xB0,0x63,0x11,0x4D,0xB0,0x63,0x11,0x4D,0xB0,0x63,0x11,0x4D,0xB0,0x63,0x11,0x4D,0xB0,0x63,0x11,0x4D,0xB0,0x63,0x11,0x4D,0xB0,0x63,0x11,0x4D,0xB0,0x63,0x11,0x4D,0xB0,0x63,0x11,0x4D,0xB0,0x63,0x11,0x4D,0xB0,0x63,0x11,0x4D,0xB0,0x63,0x11,0x4D,0xB0,0x63,0x11,0x4D,0xB0,0x63,0x11,0x4D,0xB0,0x63,0x11,0x4D,0xB0,0x63,0x11,0x4D,
    0xB0,0x63,0x11,0x4D,0xB0,0x63,0x11,0x4D,0xB0,0x63,0x11,0x4D,0xB0,0x63,0x11,0x4D,0xB0,0x63,0x11,0x4D,0xB0,0x63,0x11,0x4D,0xB0,0x63,0x11,0x4D,0xB0,0x63,0x11,0x4D,0xB0,0x63,0x11,0x4D,0xB0,0x63,0x11,0x4D,0xB0,0x63,0x11,0x4D,0xB0,0x63,0x11,0x4D,0xB0,0x63,0x11,0x4D,0xB0,0x63,0x11,0x4D,0xB0,0x63,0x11,0x4D,0xB0,0x63,0x11,0x4D,
    0xB0,0x63,0x11,0x4D,0xB0,0x63,0x11,0x4D,0xB0,0x63,0x11,0x4D,0xB0,0x63,0x11,0x4D,0xB0,0x63,0x11,0x4D,0xB0,0x63,0x11,0x4D,0xB0,0x63,0x11,0x4D,0xB0,0x63,0x11,0x4D,0xB0,0x63,0x11,0x4D,0xB0,0x63,0x11,0x4D,0xB0,0x63,0x11,0x4D,0xB0,0x63,0x11,0x4D,0xB0,0x63,0x11,0x4D,0xB0,0x63,0x11,0x4D,0xB0,0x63,0x11,0x4D,0xB0,0x63,0x11,0x4D,
    0xB0,0x63,0x11,0x4D,0xB0,0x63,0x11,0x4D,0xB0,0x63,0x11,0x4D,0xB0,0x63,0x11,0x4D,0xB0,0x63,0x11,0x4D,0xB0,0x63,0x11,0x4D,0xB0,0x63,0x11,0x4D,0xB0,0x63,0x11,0x4D,0xB0,0x63,0x11,0x4D,0xB0,0x63,0x11,0x4D,0xB0,0x63,0x11,0x4D,0xB0,0x63,0x11,0x4D,0xB0,0x63,0x11,0x4D,0xB0,0x63,0x11,0x4D,0xB0,0x63,0x11,0x4D,0xB0,0x63,0x11,0x4D,
    0xB0,0x63,0x11,0x4D,0xB0,0x63,0x11,0x4D,0xB0,0x63,0x11,0x4D,0xB0,0x63,0x11,0x4D,0xB0,0x63,0x11,0x4D,0xB0,0x63,0x11,0x4D,0xB0,0x63,0x11,0x4D,0xB0,0x63,0x11,0x4D,0xB0,0x63,0x11,0x4D,0xB0,0x63,0x11,0x4D,0xB0,0x63,0x11,0x4D,0xB0,0x63,0x11,0x4D,0xB0,0x63,0x11,0x4D,0xB0,0x63,0x11,0x4D,0xB0,0x63,0x11,0x4D,0xB0,0x63,0x11,0x4D,
    0xB0,0x63,0x11,0x4D,0xB0,0x63,0x11,0x4D,0xB0,0x63,0x11,0x4D,0xB0,0x63,0x11,0x4D,0xB0,0x63,0x11,0x4D,0xB0,0x63,0x11,0x4D,0xB0,0x63,0x11,0x4D,0xB0,0x63,0x11,0x4D,0xB0,0x63,0x11,0x4D,0xB0,0x63,0x11,0x4D,0xB0,0x63,0x11,0x4D,0xB0,0x63,0x11,0x4D,0xB0,0x63,0x11,0x4D,0xB0,0x63,0x11,0x4D,0xB0,0x63,0x11,0x4D,0xB0,0x63,0x11,0x4D,
    0xB0,0x63,0x11,0x4D,0xB0,0x63,0x11,0x4D,0xB0,0x63,0x11,0x4D,0xB0,0x63,0x11,0x4D,0xB0,0x63,0x11,0x4D,0xB0,0x63,0x11,0x4D,0xB0,0x63,0x11,0x4D,0xB0,0x63,0x11,0x4D,0xB0,0x63,0x11,0x4D,0xB0,0x63,0x11,0x4D,0xB0,0x63,0x11,0x4D,0xB0,0x63,0x11,0x4D,0xB0,0x63,0x11,0x4D,0xB0,0x63,0x11,0x4D,0xB0,0x63,0x11,0x4D,0xB0,0x63,0x11,0x4D,
    0xB0,0x63,0x11,0x4D,0xB0,0x63,0x11,0x4D,0xB0,0x63,0x11,0x4D,0xB0,0x63,0x11,0x4D,0xB0,0x63,0x11,0x4D,0xB0,0x63,0x11,0x4D,0xB0,0x63,0x11,0x4D,0xB0,0x63,0x11,0x4D,0xB0,0x63,0x11,0x4D,0xB0,0x63,0x11,0x4D,0xB0,0x63,0x11,0x4D,0xB0,0x63,0x11,0x4D,0xB0,0x63,0x11,0x4D,0xB0,0x63,0x11,0x4D,0xB0,0x63,0x11,0x4D,0xB0,0x63,0x11,0x4D,
    0xB0,0x63,0x11,0x4D,0xB0,0x63,0x11,0x4D,0xB0,0x63,0x11,0x4D,0xB0,0x63,0x11,0x4D,0xB0,0x63,0x11,0x4D,0xB0,0x63,0x11,0x4D,0xB0,0x63,0x11,0x4D,0xB0,0x63,0x11,0x4D,0xB0,0x63,0x11,0x4D,0xB0,0x63,0x11,0x4D,0xB0,0x63,0x11,0x4D,0xB0,0x63,0x11,0x4D,0xB0,0x63,0x11,0x4D,0xB0,0x63,0x11,0x4D,0xB0,0x63,0x11,0x4D,0xB0,0x63,0x11,0x4D,
    0xB0,0x63,0x11,0x4D,0xB0,0x63,0x11,0x4D,0xB0,0x63,0x11,0x4D,0xB0,0x63,0x11,0x4D,0xB0,0x63,0x11,0x4D,0xB0,0x63,0x11,0x4D,0xB0,0x63,0x11,0x4D,0xB0,0x63,0x11,0x4D,0xB0,0x63,0x11,0x4D,0xB0,0x63,0x11,0x4D,0xB0,0x63,0x11,0x4D,0xB0,0x63,0x11,0x4D,0xB0,0x63,0x11,0x4D,0xB0,0x63,0x11,0x4D,0xB0,0x63,0x11,0x4D,0xB0,0x63,0x11,0x4D,
    0xB0,0x63,0x11,0x4D,0xB0,0x63,0x11,0x4D,0xB0,0x63,0x11,0x4D,0xB0,0x63,0x11,0x4D,0xB0,0x63,0x11,0x4D,0xB0,0x63,0x11,0x4D,0xB0,0x63,0x11,0x4D,0xB0,0x63,0x11,0x4D,0xB0,0x63,0x11,0x4D,0xB0,0x63,0x11,0x4D,0xB0,0x63,0x11,0x4D,0xB0,0x63,0x11,0x4D,0xB0,0x63,0x11,0x4D,0xB0,0x63,0x11,0x4D,0xB0,0x63,0x11,0x4D,0xB0,0x63,0x11,0x4D,
    0xB0,0x63,0x11,0x4D,0xB0,0x63,0x11,0x4D,0xB0,0x63,0x11,0x4D,0xB0,0x63,0x11,0x4D,0xB0,0x63,0x11,0x4D,0xB0,0x63,0x11,0x4D,0xB0,0x63,0x11,0x4D,0xB0,0x63,0x11,0x4D,0xB0,0x63,0x11,0x4D,0xB0,0x63,0x11,0x4D,0xB0,0x63,0x11,0x4D,0xB0,0x63,0x11,0x4D,0xB0,0x63,0x11,0x4D,0xB0,0x63,0x11,0x4D,0xB0,0x63,0x11,0x4D,0xB0,0x63,0x11,0x4D,
    0xB0,0x63,0x11,0x4D,0xB0,0x63,0x11,0x4D,0xB0,0x63,0x11,0x4D,0xB0,0x63,0x11,0x4D,0xB0,0x63,0x11,0x4D,0xB0,0x63,0x11,0x4D,0xB0,0x63,0x11,0x4D,0xB0,0x63,0x11,0x4D,0xB0,0x63,0x11,0x4D,0xB0,0x63,0x11,0x4D,0xB0,0x63,0x11,0x4D,0xB0,0x63,0x11,0x4D,0xB0,0x63,0x11,0x4D,0xB0,0x63,0x11,0x4D,0xB0,0x63,0x11,0x4D,0xB0,0x63,0x11,0x4D,
    0xB0,0x63,0x11,0x4D,0xB0,0x63,0x11,0x4D,0xB0,0x63,0x11,0x4D,0xB0,0x63,0x11,0x4D,0xB0,0x63,0x11,0x4D,0xB0,0x63,0x11,0x4D,0xB0,0x63,0x11,0x4D,0xB0,0x63,0x11,0x4D,0xB0,0x63,0x11,0x4D,0xB0,0x63,0x11,0x4D,0xB0,0x63,0x11,0x4D,0xB0,0x63,0x11,0x4D,0xB0,0x63,0x11,0x4D,0xB0,0x63,0x11,0x4D,0xB0,0x63,0x11,0x4D,0xB0,0x63,0x11,0x4D,
    0xB0,0x63,0x11,0x4D,0xB0,0x63,0x11,0x4D,0xB0,0x63,0x11,0x4D,0xB0,0x63,0x11,0x4D,0xB0,0x63,0x11,0x4D,0xB0,0x63,0x11,0x4D,0xB0,0x63,0x11,0x4D,0xB0,0x63,0x11,0x4D,0xB0,0x63,0x11,0x4D,0xB0,0x63,0x11,0x4D,0xB0,0x63,0x11,0x4D,0xB0,0x63,0x11,0x4D,0xB0,0x63,0x11,0x4D,0xB0,0x63,0x11,0x4D,0xB0,0x63,0x11,0x4D,0xB0,0x63,0x11,0x4D,
    0xB0,0x63,0x11,0x4D,0xB0,0x63,0x11,0x4D,0xB0,0x63,0x11,0x4D,0xB0,0x63,0x11,0x4D,0xB0,0x63,0x11,0x4D,0xB0,0x63,0x11,0x4D,0xB0,0x63,0x11,0x4D,0xB0,0x63,0x11,0x4D,0xB0,0x63,0x11,0x4D,0xB0,0x63,0x11,0x4D,0xB0,0x63,0x11,0x4D,0xB0,0x63,0x11,0x4D,0xB0,0x63,0x11,0x4D,0xB0,0x63,0x11,0x4D,0xB0,0x63,0x11,0x4D,0xB0,0x63,0x11,0x4D,
    0xB0,0x63,0x11,0x4D,0xB0,0x63,0x11,0x4D,0xB0,0x63,0x11,0x4D,0xB0,0x63,0x11,0x4D,0xB0,0x63,0x11,0x4D,0xB0,0x63,0x11,0x4D,0xB0,0x63,0x11,0x4D,0xB0,0x63,0x11,0x4D,0xB0,0x63,0x11,0x4D,0xB0,0x63,0x11,0x4D,0xB0,0x63,0x11,0x4D,0xB0,0x63,0x11,0x4D,0xB0,0x63,0x11,0x4D,0xB0,0x63,0x11,0x4D,0xB0,0x63,0x11,0x4D,0xB0,0x63,0x11,0x4D,
    0xB0,0x63,0x11,0x4D,0xB0,0x63,0x11,0x4D,0xB0,0x63,0x11,0x4D,0xB0,0x63,0x11,0x4D,0xB0,0x63,0x11,0x4D,0xB0,0x63,0x11,0x4D,0xB0,0x63,0x11,0x4D,0xB0,0x63,0x11,0x4D,0xB0,0x63,0x11,0x4D,0xB0,0x63,0x11,0x4D,0xB0,0x63,0x11,0x4D,0xB0,0x63,0x11,0x4D,0xB0,0x63,0x11,0x4D,0xB0,0x63,0x11,0x4D,0xB0,0x63,0x11,0x4D,0xB0,0x63,0x11,0x4D,
    0xB0,0x63,0x11,0x4D,0xB0,0x63,0x11,0x4D,0xB0,0x63,0x11,0x4D,0xB0,0x63,0x11,0x4D,0xB0,0x63,0x11,0x4D,0xB0,0x63,0x11,0x4D,0xB0,0x63,0x11,0x4D,0xB0,0x63,0x11,0x4D,0xB0,0x63,0x11,0x4D,0xB0,0x63,0x11,0x4D,0xB0,0x63,0x11,0x4D,0xB0,0x63,0x11,0x4D,0xB0,0x63,0x11,0x4D,0xB0,0x63,0x11,0x4D,0xB0,0x63,0x11,0x4D,0xB0,0x63,0x11,0x4D,
    0xB0,0x63,0x11,0x4D,0xB0,0x63,0x11,0x4D,0xB0,0x63,0x11,0x4D,0xB0,0x63,0x11,0x4D,0xB0,0x63,0x11,0x4D,0xB0,0x63,0x11,0x4D,0xB0,0x63,0x11,0x4D,0xB0,0x63,0x11,0x4D,0xB0,0x63,0x11,0x4D,0xB0,0x63,0x11,0x4D,0xB0,0x63,0x11,0x4D,0xB0,0x63,0x11,0x4D,0xB0,0x63,0x11,0x4D,0xB0,0x63,0x11,0x4D,0xB0,0x63,0x11,0x4D,0xB0,0x63,0x11,0x4D,
    0xB0,0x63,0x11,0x4D,0xB0,0x63,0x11,0x4D,0xB0,0x63,0x11,0x4D,0xB0,0x63,0x11,0x4D,0xB0,0x63,0x11,0x4D,0xB0,0x63,0x11,0x4D,0xB0,0x63,0x11,0x4D,0xB0,0x63,0x11,0x4D,0xB0,0x63,0x11,0x4D,0xB0,0x63,0x11,0x4D,0xB0,0x63,0x11,0x4D,0xB0,0x63,0x11,0x4D,0xB0,0x63,0x11,0x4D,0xB0,0x63,0x11,0x4D,0xB0,0x63,0x11,0x4D,0xB0,0x63,0x11,0x4D,
    0xB0,0x63,0x11,0x4D,0xB0,0x63,0x11,0x4D,0xB0,0x63,0x11,0x4D,0xB0,0x63,0x11,0x4D,0xB0,0x63,0x11,0x4D,0xB0,0x63,0x11,0x4D,0xB0,0x63,0x11,0x4D,0xB0,0x63,0x11,0x4D,0xB0,0x63,0x11,0x4D,0xB0,0x63,0x11,0x4D,0xB0,0x63,0x11,0x4D,0xB0,0x63,0x11,0x4D,0xB0,0x63,0x11,0x4D,0xB0,0x63,0x11,0x4D,0xB0,0x63,0x11,0x4D,0xB0,0x63,0x11,0x4D,
    0xB0,0x63,0x11,0x4D,0xB0,0x63,0x11,0x4D,0xB0,0x63,0x11,0x4D,0xB0,0x63,0x11,0x4D,0xB0,0x63,0x11,0x4D,0xB0,0x63,0x11,0x4D,0xB0,0x63,0x11,0x4D,0xB0,0x63,0x11,0x4D,0xB0,0x63,0x11,0x4D,0xB0,0x63,0x11,0x4D,0xB0,0x63,0x11,0x4D,0xB0,0x63,0x11,0x4D,0xB0,0x63,0x11,0x4D,0xB0,0x63,0x11,0x4D,0xB0,0x63,0x11,0x4D,0xB0,0x63,0x11,0x4D,
    0xB0,0x63,0x11,0x4D,0xB0,0x63,0x11,0x4D,0xB0,0x63,0x11,0x4D,0xB0,0x63,0x11,0x4D,0xB0,0x63,0x11,0x4D,0xB0,0x63,0x11,0x4D,0xB0,0x63,0x11,0x4D,0xB0,0x63,0x11,0x4D,0xB0,0x63,0x11,0x4D,0xB0,0x63,0x11,0x4D,0xB0,0x63,0x11,0x4D,0xB0,0x63,0x11,0x4D,0xB0,0x63,0x11,0x4D,0xB0,0x63,0x11,0x4D,0xB0,0x63,0x11,0x4D,0xB0,0x63,0x11,0x4D,
    0xB0,0x63,0x11,0x4D,0xB0,0x63,0x11,0x4D,0xB0,0x63,0x11,0x4D,0xB0,0x63,0x11,0x4D,0xB0,0x63,0x11,0x4D,0xB0,0x63,0x11,0x4D,0xB0,0x63,0x11,0x4D,0xB0,0x63,0x11,0x4D,0xB0,0x63,0x11,0x4D,0xB0,0x63,0x11,0x4D,0xB0,0x63,0x11,0x4D,0xB0,0x63,0x11,0x4D,0xB0,0x63,0x11,0x4D,0xB0,0x63,0x11,0x4D,0xB0,0x63,0x11,0x4D,0xB0,0x63,0x11,0x4D,
    0xB0,0x63,0x11,0x4D,0xB0,0x63,0x11,0x4D,0xB0,0x63,0x11,0x4D,0xB0,0x63,0x11,0x4D,0xB0,0x63,0x11,0x4D,0xB0,0x63,0x11,0x4D,0xB0,0x63,0x11,0x4D,0xB0,0x63,0x11,0x4D,0xB0,0x63,0x11,0x4D,0xB0,0x63,0x11,0x4D,0xB0,0x63,0x11,0x4D,0xB0,0x63,0x11,0x4D,0xB0,0x63,0x11,0x4D,0xB0,0x63,0x11,0x4D,0xB0,0x63,0x11,0x4D,0xB0,0x63,0x11,0x4D,
    0xB0,0x63,0x11,0x4D,0xB0,0x63,0x11,0x4D,0xB0,0x63,0x11,0x4D,0xB0,0x63,0x11,0x4D,0xB0,0x63,0x11,0x4D,0xB0,0x63,0x11,0x4D,0xB0,0x63,0x11,0x4D,0xB0,0x63,0x11,0x4D,0xB0,0x63,0x11,0x4D,0xB0,0x63,0x11,0x4D,0xB0,0x63,0x11,0x4D,0xB0,0x63,0x11,0x4D,0xB0,0x63,0x11,0x4D,0xB0,0x63,0x11,0x4D,0xB0,0x63,0x11,0x4D,0xB0,0x63,0x11,0x4D,
    0xB0,0x63,0x11,0x4D,0xB0,0x63,0x11,0x4D,0xB0,0x63,0x11,0x4D,0xB0,0x63,0x11,0x4D,0xB0,0x63,0x11,0x4D,0xB0,0x63,0x11,0x4D,0xB0,0x63,0x11,0x4D,0xB0,0x63,0x11,0x4D,0xB0,0x63,0x11,0x4D,0xB0,0x63,0x11,0x4D,0xB0,0x63,0x11,0x4D,0xB0,0x63,0x11,0x4D,0xB0,0x63,0x11,0x4D,0xB0,0x63,0x11,0x4D,0xB0,0x63,0x11,0x4D,0xB0,0x63,0x11,0x4D,
    0xB0,0x63,0x11,0x4D,0xB0,0x63,0x11,0x4D,0xB0,0x63,0x11,0x4D,0xB0,0x63,0x11,0x4D,0xB0,0x63,0x11,0x4D,0xB0,0x63,0x11,0x4D,0xB0,0x63,0x11,0x4D,0xB0,0x63,0x11,0x4D,0xB0,0x63,0x11,0x4D,0xB0,0x63,0x11,0x4D,0xB0,0x63,0x11,0x4D,0xB0,0x63,0x11,0x4D,0xB0,0x63,0x11,0x4D,0xB0,0x63,0x11,0x4D,0xB0,0x63,0x11,0x4D,0xB0,0x63,0x11,0x4D,
    0xB0,0x63,0x11,0x4D,0xB0,0x63,0x11,0x4D,0xB0,0x63,0x11,0x4D,0xB0,0x63,0x11,0x4D,0xB0,0x63,0x11,0x4D,0xB0,0x63,0x11,0x4D,0xB0,0x63,0x11,0x4D,0xB0,0x63,0x11,0x4D,0xB0,0x63,0x11,0x4D,0xB0,0x63,0x11,0x4D,0xB0,0x63,0x11,0x4D,0xB0,0x63,0x11,0x4D,0xB0,0x63,0x11,0x4D,0xB0,0x63,0x11,0x4D,0xB0,0x63,0x11,0x4D,0xB0,0x63,0x11,0x4D,
    0xB0,0x63,0x11,0x4D,0xB0,0x63,0x11,0x4D,0xB0,0x63,0x11,0x4D,0xB0,0x63,0x11,0x4D,0xB0,0x63,0x11,0x4D,0xB0,0x63,0x11,0x4D,0xB0,0x63,0x11,0x4D,0xB0,0x63,0x11,0x4D,0xB0,0x63,0x11,0x4D,0xB0,0x63,0x11,0x4D,0xB0,0x63,0x11,0x4D,0xB0,0x63,0x11,0x4D,0xB0,0x63,0x11,0x4D,0xB0,0x63,0x11,0x4D,0xB0,0x63,0x11,0x4D,0xB0,0x63,0x11,0x4D,
    0xB0,0x63,0x11,0x4D,0xB0,0x63,0x11,0x4D,0xB0,0x63,0x11,0x4D,0xB0,0x63,0x11,0x4D,0xB0,0x63,0x11,0x4D,0xB0,0x63,0x11,0x4D,0xB0,0x63,0x11,0x4D,0xB0,0x63,0x11,0x4D,0xB0,0x63,0x11,0x4D,0xB0,0x63,0x11,0x4D,0xB0,0x63,0x11,0x4D,0xB0,0x63,0x11,0x4D,0xB0,0x63,0x11,0x4D,0xB0,0x63,0x11,0x4D,0xB0,0x63,0x11,0x4D,0xB0,0x63,0x11,0x4D,
    0xB0,0x63,0x11,0x4D,0xB0,0x63,0x11,0x4D,0xB0,0x63,0x11,0x4D,0xB0,0x63,0x11,0x4D,0xB0,0x63,0x11,0x4D,0xB0,0x63,0x11,0x4D,0xB0,0x63,0x11,0x4D,0xB0,0x63,0x11,0x4D,0xB0,0x63,0x11,0x4D,0xB0,0x63,0x11,0x4D,0xB0,0x63,0x11,0x4D,0xB0,0x63,0x11,0x4D,0xB0,0x63,0x11,0x4D,0xB0,0x63,0x11,0x4D,0xB0,0x63,0x11,0x4D,0xB0,0x63,0x11,0x4D,
    0xB0,0x63,0x11,0x4D,0xB0,0x63,0x11,0x4D,0xB0,0x63,0x11,0x4D,0xB0,0x63,0x11,0x4D,0xB0,0x63,0x11,0x4D,0xB0,0x63,0x11,0x4D,0xB0,0x63,0x11,0x4D,0xB0,0x63,0x11,0x4D,0xB0,0x63,0x11,0x4D,0xB0,0x63,0x11,0x4D,0xB0,0x63,0x11,0x4D,0xB0,0x63,0x11,0x4D,0xB0,0x63,0x11,0x4D,0xB0,0x63,0x11,0x4D,0xB0,0x63,0x11,0x4D,0xB0,0x63,0x11,0x4D,
    0xB0,0x63,0x11,0x4D,0xB0,0x63,0x11,0x4D,0xB0,0x63,0x11,0x4D,0xB0,0x63,0x11,0x4D,0xB0,0x63,0x11,0x4D,0xB0,0x63,0x11,0x4D,0xB0,0x63,0x11,0x4D,0xB0,0x63,0x11,0x4D,0xB0,0x63,0x11,0x4D,0xB0,0x63,0x11,0x4D,0xB0,0x63,0x11,0x4D,0xB0,0x63,0x11,0x4D,0xB0,0x63,0x11,0x4D,0xB0,0x63,0x11,0x4D,0xB0,0x63,0x11,0x4D,0xB0,0x63,0x11,0x4D,
    0xB0,0x63,0x11,0x4D,0xB0,0x63,0x11,0x4D,0xB0,0x63,0x11,0x4D,0xB0,0x63,0x11,0x4D,0xB0,0x63,0x11,0x4D,0xB0,0x63,0x11,0x4D,0xB0,0x63,0x11,0x4D,0xB0,0x63,0x11,0x4D,0xB0,0x63,0x11,0x4D,0xB0,0x63,0x11,0x4D,0xB0,0x63,0x11,0x4D,0xB0,0x63,0x11,0x4D,0xB0,0x63,0x11,0x4D,0xB0,0x63,0x11,0x4D,0xB0,0x63,0x11,0x4D,0xB0,0x63,0x11,0x4D,
    0xB0,0x63,0x11,0x4D,0xB0,0x63,0x11,0x4D,0xB0,0x63,0x11,0x4D,0xB0,0x63,0x11,0x4D,0xB0,0x63,0x11,0x4D,0xB0,0x63,0x11,0x4D,0xB0,0x63,0x11,0x4D,0xB0,0x63,0x11,0x4D,0xB0,0x63,0x11,0x4D,0xB0,0x63,0x11,0x4D,0xB0,0x63,0x11,0x4D,0xB0,0x63,0x11,0x4D,0xB0,0x63,0x11,0x4D,0xB0,0x63,0x11,0x4D,0xB0,0x63,0x11,0x4D,0xB0,0x63,0x11,0x4D,
    0xB0,0x63,0x11,0x4D,0xB0,0x63,0x11,0x4D,0xB0,0x63,0x11,0x4D,0xB0,0x63,0x11,0x4D,0xB0,0x63,0x11,0x4D,0xB0,0x63,0x11,0x4D,0xB0,0x63,0x11,0x4D,0xB0,0x63,0x11,0x4D,0xB0,0x63,0x11,0x4D,0xB0,0x63,0x11,0x4D,0xB0,0x63,0x11,0x4D,0xB0,0x63,0x11,0x4D,0xB0,0x63,0x11,0x4D,0xB0,0x63,0x11,0x4D,0xB0,0x63,0x11,0x4D,0xB0,0x63,0x11,0x4D,
    0xB0,0x63,0x11,0x4D,0xB0,0x63,0x11,0x4D,0xB0,0x63,0x11,0x4D,0xB0,0x63,0x11,0x4D,0xB0,0x63,0x11,0x4D,0xB0,0x63,0x11,0x4D,0xB0,0x63,0x11,0x4D,0xB0,0x63,0x11,0x4D,0xB0,0x63,0x11,0x4D,0xB0,0x63,0x11,0x4D,0xB0,0x63,0x11,0x4D,0xB0,0x63,0x11,0x4D,0xB0,0x63,0x11,0x4D,0xB0,0x63,0x11,0x4D,0xB0,0x63,0x11,0x4D,0xB0,0x63,0x11,0x4D,
    0xB0,0x63,0x11,0x4D,0xB0,0x63,0x11,0x4D,0xB0,0x63,0x11,0x4D,0xB0,0x63,0x11,0x4D,0xB0,0x63,0x11,0x4D,0xB0,0x63,0x11,0x4D,0xB0,0x63,0x11,0x4D,0xB0,0x63,0x11,0x4D,0xB0,0x63,0x11,0x4D,0xB0,0x63,0x11,0x4D,0xB0,0x63,0x11,0x4D,0xB0,0x63,0x11,0x4D,0xB0,0x63,0x11,0x4D,0xB0,0x63,0x11,0x4D,0xB0,0x63,0x11,0x4D,0xB0,0x63,0x11,0x4D,
    0xB0,0x63,0x11,0x4D,0xB0,0x63,0x11,0x4D,0xB0,0x63,0x11,0x4D,0xB0,0x63,0x11,0x4D,0xB0,0x63,0x11,0x4D,0xB0,0x63,0x11,0x4D,0xB0,0x63,0x11,0x4D,0xB0,0x63,0x11,0x4D,0xB0,0x63,0x11,0x4D,0xB0,0x63,0x11,0x4D,0xB0,0x63,0x11,0x4D,0xB0,0x63,0x11,0x4D,0xB0,0x63,0x11,0x4D,0xB0,0x63,0x11,0x4D,0xB0,0x63,0x11,0x4D,0xB0,0x63,0x11,0x4D,
    0xB0,0x63,0x11,0x4D,0xB0,0x63,0x11,0x4D,0xB0,0x63,0x11,0x4D,0xB0,0x63,0x11,0x4D,0xB0,0x63,0x11,0x4D,0xB0,0x63,0x11,0x4D,0xB0,0x63,0x11,0x4D,0xB0,0x63,0x11,0x4D,0xB0,0x63,0x11,0x4D,0xB0,0x63,0x11,0x4D,0xB0,0x63,0x11,0x4D,0xB0,0x63,0x11,0x4D,0xB0,0x63,0x11,0x4D,0xB0,0x63,0x11,0x4D,0xB0,0x63,0x11,0x4D,0xB0,0x63,0x11,0x4D,
    0xB0,0x63,0x11,0x4D,0xB0,0x63,0x11,0x4D,0xB0,0x63,0x11,0x4D,0xB0,0x63,0x11,0x4D,0xB0,0x63,0x11,0x4D,0xB0,0x63,0x11,0x4D,0xB0,0x63,0x11,0x4D,0xB0,0x63,0x11,0x4D,0xB0,0x63,0x11,0x4D,0xB0,0x63,0x11,0x4D,0xB0,0x63,0x11,0x4D,0xB0,0x63,0x11,0x4D,0xB0,0x63,0x11,0x4D,0xB0,0x63,0x11,0x4D,0xB0,0x63,0x11,0x4D,0xB0,0x63,0x11,0x4D,
    0xB0,0x63,0x11,0x4D,0xB0,0x63,0x11,0x4D,0xB0,0x63,0x11,0x4D,0xB0,0x63,0x11,0x4D,0xB0,0x63,0x11,0x4D,0xB0,0x63,0x11,0x4D,0xB0,0x63,0x11,0x4D,0xB0,0x63,0x11,0x4D,0xB0,0x63,0x11,0x4D,0xB0,0x63,0x11,0x4D,0xB0,0x63,0x11,0x4D,0xB0,0x63,0x11,0x4D,0xB0,0x63,0x11,0x4D,0xB0,0x63,0x11,0x4D,0xB0,0x63,0x11,0x4D,0xB0,0x63,0x11,0x4D,
    0xB0,0x63,0x11,0x4D,0xB0,0x63,0x11,0x4D,0xB0,0x63,0x11,0x4D,0xB0,0x63,0x11,0x4D,0xB0,0x63,0x11,0x4D,0xB0,0x63,0x11,0x4D,0xB0,0x63,0x11,0x4D,0xB0,0x63,0x11,0x4D,0xB0,0x63,0x11,0x4D,0xB0,0x63,0x11,0x4D,0xB0,0x63,0x11,0x4D,0xB0,0x63,0x11,0x4D,0xB0,0x63,0x11,0x4D,0xB0,0x63,0x11,0x4D,0xB0,0x63,0x11,0x4D,0xB0,0x63,0x11,0x4D,
    0xB0,0x63,0x11,0x4D,0xB0,0x63,0x11,0x4D,0xB0,0x63,0x11,0x4D,0xB0,0x63,0x11,0x4D,0xB0,0x63,0x11,0x4D,0xB0,0x63,0x11,0x4D,0xB0,0x63,0x11,0x4D,0xB0,0x63,0x11,0x4D,0xB0,0x63,0x11,0x4D,0xB0,0x63,0x11,0x4D,0xB0,0x63,0x11,0x4D,0xB0,0x63,0x11,0x4D,0xB0,0x63,0x11,0x4D,0xB0,0x63,0x11,0x4D,0xB0,0x63,0x11,0x4D,0xB0,0x63,0x11,0x4D,
    0xB0,0x63,0x11,0x4D,0xB0,0x63,0x11,0x4D,0xB0,0x63,0x11,0x4D,0xB0,0x63,0x11,0x4D,0xB0,0x63,0x11,0x4D,0xB0,0x63,0x11,0x4D,0xB0,0x63,0x11,0x4D,0xB0,0x63,0x11,0x4D,0xB0,0x63,0x11,0x4D,0xB0,0x63,0x11,0x4D,0xB0,0x63,0x11,0x4D,0xB0,0x63,0x11,0x4D,0xB0,0x63,0x11,0x4D,0xB0,0x63,0x11,0x4D,0xB0,0x63,0x11,0x4D,0xB0,0x63,0x11,0x4D,
    0xB0,0x63,0x11,0x4D,0xB0,0x63,0x11,0x4D,0xB0,0x63,0x11,0x4D,0xB0,0x63,0x11,0x4D,0xB0,0x63,0x11,0x4D,0xB0,0x63,0x11,0x4D,0xB0,0x63,0x11,0x4D,0xB0,0x63,0x11,0x4D,0xB0,0x63,0x11,0x4D,0xB0,0x63,0x11,0x4D,0xB0,0x63,0x11,0x4D,0xB0,0x63,0x11,0x4D,0xB0,0x63,0x11,0x4D,0xB0,0x63,0x11,0x4D,0xB0,0x63,0x11,0x4D,0xB0,0x63,0x11,0x4D,
    0xB0,0x63,0x11,0x4D,0xB0,0x63,0x11,0x4D,0xB0,0x63,0x11,0x4D,0xB0,0x63,0x11,0x4D,0xB0,0x63,0x11,0x4D,0xB0,0x63,0x11,0x4D,0xB0,0x63,0x11,0x4D,0xB0,0x63,0x11,0x4D,0xB0,0x63,0x11,0x4D,0xB0,0x63,0x11,0x4D,0xB0,0x63,0x11,0x4D,0xB0,0x63,0x11,0x4D,0xB0,0x63,0x11,0x4D,0xB0,0x63,0x11,0x4D,0xB0,0x63,0x11,0x4D,0xB0,0x63,0x11,0x4D,
    0xB0,0x63,0x11,0x4D,0xB0,0x63,0x11,0x4D,0xB0,0x63,0x11,0x4D,0xB0,0x63,0x11,0x4D,0xB0,0x63,0x11,0x4D,0xB0,0x63,0x11,0x4D,0xB0,0x63,0x11,0x4D,0xB0,0x63,0x11,0x4D,0xB0,0x63,0x11,0x4D,0xB0,0x63,0x11,0x4D,0xB0,0x63,0x11,0x4D,0xB0,0x63,0x11,0x4D,0xB0,0x63,0x11,0x4D,0xB0,0x63,0x11,0x4D,0xB0,0x63,0x11,0x4D,0xB0,0x63,0x11,0x4D,
    0xB0,0x63,0x11,0x4D,0xB0,0x63,0x11,0x4D,0xB0,0x63,0x11,0x4D,0xB0,0x63,0x11,0x4D,0xB0,0x63,0x11,0x4D,0xB0,0x63,0x11,0x4D,0xB0,0x63,0x11,0x4D,0xB0,0x63,0x11,0x4D,0xB0,0x63,0x11,0x4D,0xB0,0x63,0x11,0x4D,0xB0,0x63,0x11,0x4D,0xB0,0x63,0x11,0x4D,0xB0,0x63,0x11,0x4D,0xB0,0x63,0x11,0x4D,0xB0,0x63,0x11,0x4D,0xB0,0x63,0x11,0x4D,
    0xB0,0x63,0x11,0x4D,0xB0,0x63,0x11,0x4D,0xB0,0x63,0x11,0x4D,0xB0,0x63,0x11,0x4D,0xB0,0x63,0x11,0x4D,0xB0,0x63,0x11,0x4D,0xB0,0x63,0x11,0x4D,0xB0,0x63,0x11,0x4D,0xB0,0x63,0x11,0x4D,0xB0,0x63,0x11,0x4D,0xB0,0x63,0x11,0x4D,0xB0,0x63,0x11,0x4D,0xB0,0x63,0x11,0x4D,0xB0,0x63,0x11,0x4D,0xB0,0x63,0x11,0x4D,0xB0,0x63,0x11,0x4D,
    0xB0,0x63,0x11,0x4D,0xB0,0x63,0x11,0x4D,0xB0,0x63,0x11,0x4D,0xB0,0x63,0x11,0x4D,0xB0,0x63,0x11,0x4D,0xB0,0x63,0x11,0x4D,0xB0,0x63,0x11,0x4D,0xB0,0x63,0x11,0x4D,0xB0,0x63,0x11,0x4D,0xB0,0x63,0x11,0x4D,0xB0,0x63,0x11,0x4D,0xB0,0x63,0x11,0x4D,0xB0,0x63,0x11,0x4D,0xB0,0x63,0x11,0x4D,0xB0,0x63,0x11,0x4D,0xB0,0x63,0x11,0x4D,
    0xB0,0x63,0x11,0x4D,0xB0,0x63,0x11,0x4D,0xB0,0x63,0x11,0x4D,0xB0,0x63,0x11,0x4D,0xB0,0x63,0x11,0x4D,0xB0,0x63,0x11,0x4D,0xB0,0x63,0x11,0x4D,0xB0,0x63,0x11,0x4D,0xB0,0x63,0x11,0x4D,0xB0,0x63,0x11,0x4D,0xB0,0x63,0x11,0x4D,0xB0,0x63,0x11,0x4D,0xB0,0x63,0x11,0x4D,0xB0,0x63,0x11,0x4D,0xB0,0x63,0x11,0x4D,0xB0,0x63,0x11,0x4D,
    0xB0,0x63,0x11,0x4D,0xB0,0x63,0x11,0x4D,0xB0,0x63,0x11,0x4D,0xB0,0x63,0x11,0x4D,0xB0,0x63,0x11,0x4D,0xB0,0x63,0x11,0x4D,0xB0,0x63,0x11,0x4D,0xB0,0x63,0x11,0x4D,0xB0,0x63,0x11,0x4D,0xB0,0x63,0x11,0x4D,0xB0,0x63,0x11,0x4D,0xB0,0x63,0x11,0x4D,0xB0,0x63,0x11,0x4D,0xB0,0x63,0x11,0x4D,0xB0,0x63,0x11,0x4D,0xB0,0x63,0x11,0x4D,
    0xB0,0x63,0x11,0x4D,0xB0,0x63,0x11,0x4D,0xB0,0x63,0x11,0x4D,0xB0,0x63,0x11,0x4D,0xB0,0x63,0x11,0x4D,0xB0,0x63,0x11,0x4D,0xB0,0x63,0x11,0x4D,0xB0,0x63,0x11,0x4D,0xB0,0x63,0x11,0x4D,0xB0,0x63,0x11,0x4D,0xB0,0x63,0x11,0x4D,0xB0,0x63,0x11,0x4D,0xB0,0x63,0x11,0x4D,0xB0,0x63,0x11,0x4D,0xB0,0x63,0x11,0x4D,0xB0,0x63,0x11,0x4D,
    0xB0,0x63,0x11,0x4D,0xB0,0x63,0x11,0x4D,0xB0,0x63,0x11,0x4D,0xB0,0x63,0x11,0x4D,0xB0,0x63,0x11,0x4D,0xB0,0x63,0x11,0x4D,0xB0,0x63,0x11,0x4D,0xB0,0x63,0x11,0x4D,0xB0,0x63,0x11,0x4D,0xB0,0x63,0x11,0x4D,0xB0,0x63,0x11,0x4D,0xB0,0x63,0x11,0x4D,0xB0,0x63,0x11,0x4D,0xB0,0x63,0x11,0x4D,0xB0,0x63,0x11,0x4D,0xB0,0x63,0x11,0x4D,
    0xB0,0x63,0x11,0x4D,0xB0,0x63,0x11,0x4D,0xB0,0x63,0x11,0x4D,0xB0,0x63,0x11,0x4D,0xB0,0x63,0x11,0x4D,0xB0,0x63,0x11,0x4D,0xB0,0x63,0x11,0x4D,0xB0,0x63,0x11,0x4D,0xB0,0x63,0x11,0x4D,0xB0,0x63,0x11,0x4D,0xB0,0x63,0x11,0x4D,0xB0,0x63,0x11,0x4D,0xB0,0x63,0x11,0x4D,0xB0,0x63,0x11,0x4D,0xB0,0x63,0x11,0x4D,0xB0,0x63,0x11,0x4D,
    0xB0,0x63,0x11,0x4D,0xB0,0x63,0x11,0x4D,0xB0,0x63,0x11,0x4D,0xB0,0x63,0x11,0x4D,0xB0,0x63,0x11,0x4D,0xB0,0x63,0x11,0x4D,0xB0,0x63,0x11,0x4D,0xB0,0x63,0x11,0x4D,0xB0,0x63,0x11,0x4D,0xB0,0x63,0x11,0x4D,0xB0,0x63,0x11,0x4D,0xB0,0x63,0x11,0x4D,0xB0,0x63,0x11,0x4D,0xB0,0x63,0x11,0x4D,0xB0,0x63,0x11,0x4D,0xB0,0x63,0x11,0x4D,
    0xB0,0x63,0x11,0x4D,0xB0,0x63,0x11,0x4D,0xB0,0x63,0x11,0x4D,0xB0,0x63,0x11,0x4D,0xB0,0x63,0x11,0x4D,0xB0,0x63,0x11,0x4D,0xB0,0x63,0x11,0x4D,0xB0,0x63,0x11,0x4D,0xB0,0x63,0x11,0x4D,0xB0,0x63,0x11,0x4D,0xB0,0x63,0x11,0x4D,0xB0,0x63,0x11,0x4D,0xB0,0x63,0x11,0x4D,0xB0,0x63,0x11,0x4D,0xB0,0x63,0x11,0x4D,0xB0,0x63,0x11,0x4D,
    0xB0,0x63,0x11,0x4D,0xB0,0x63,0x11,0x4D,0xB0,0x63,0x11,0x4D,0xB0,0x63,0x11,0x4D,0xB0,0x63,0x11,0x4D,0xB0,0x63,0x11,0x4D,0xB0,0x63,0x11,0x4D,0xB0,0x63,0x11,0x4D,0xB0,0x63,0x11,0x4D,0xB0,0x63,0x11,0x4D,0xB0,0x63,0x11,0x4D,0xB0,0x63,0x11,0x4D,0xB0,0x63,0x11,0x4D,0xB0,0x63,0x11,0x4D,0xB0,0x63,0x11,0x4D,0xB0,0x63,0x11,0x4D,
    0xB0,0x63,0x11,0x4D,0xB0,0x63,0x11,0x4D,0xB0,0x63,0x11,0x4D,0xB0,0x63,0x11,0x4D,0xB0,0x63,0x11,0x4D,0xB0,0x63,0x11,0x4D,0xB0,0x63,0x11,0x4D,0xB0,0x63,0x11,0x4D,0xB0,0x63,0x11,0x4D,0xB0,0x63,0x11,0x4D,0xB0,0x63,0x11,0x4D,0xB0,0x63,0x11,0x4D,0xB0,0x63,0x11,0x4D,0xB0,0x63,0x11,0x4D,0xB0,0x63,0x11,0x4D,0xB0,0x63,0x11,0x4D,
    0xB0,0x63,0x11,0x4D,0xB0,0x63,0x11,0x4D,0xB0,0x63,0x11,0x4D,0xB0,0x63,0x11,0x4D,0xB0,0x63,0x11,0x4D,0xB0,0x63,0x11,0x4D,0xB0,0x63,0x11,0x4D,0xB0,0x63,0x11,0x4D,0xB0,0x63,0x11,0x4D,0xB0,0x63,0x11,0x4D,0xB0,0x63,0x11,0x4D,0xB0,0x63,0x11,0x4D,0xB0,0x63,0x11,0x4D,0xB0,0x63,0x11,0x4D,0xB0,0x63,0x11,0x4D,0xB0,0x63,0x11,0x4D,
    0xB0,0x63,0x11,0x4D,0xB0,0x63,0x11,0x4D,0xB0,0x63,0x11,0x4D,0xB0,0x63,0x11,0x4D,0xB0,0x63,0x11,0x4D,0xB0,0x63,0x11,0x4D,0xB0,0x63,0x11,0x4D,0xB0,0x63,0x11,0x4D,0xB0,0x63,0x11,0x4D,0xB0,0x63,0x11,0x4D,0xB0,0x63,0x11,0x4D,0xB0,0x63,0x11,0x4D,0xB0,0x63,0x11,0x4D,0xB0,0x63,0x11,0x4D,0xB0,0x63,0x11,0x4D,0xB0,0x63,0x11,0x4D,
    0xB0,0x63,0x11,0x4D,0xB0,0x63,0x11,0x4D,0xB0,0x63,0x11,0x4D,0xB0,0x63,0x11,0x4D,0xB0,0x63,0x11,0x4D,0xB0,0x63,0x11,0x4D,0xB0,0x63,0x11,0x4D,0xB0,0x63,0x11,0x4D,0xB0,0x63,0x11,0x4D,0xB0,0x63,0x11,0x4D,0xB0,0x63,0x11,0x4D,0xB0,0x63,0x11,0x4D,0xB0,0x63,0x11,0x4D,0xB0,0x63,0x11,0x4D,0xB0,0x63,0x11,0x4D,0xB0,0x63,0x11,0x4D,
    0xB0,0x63,0x11,0x4D,0xB0,0x63,0x11,0x4D,0xB0,0x63,0x11,0x4D,0xB0,0x63,0x11,0x4D,0xB0,0x63,0x11,0x4D,0xB0,0x63,0x11,0x4D,0xB0,0x63,0x11,0x4D,0xB0,0x63,0x11,0x4D,0xB0,0x63,0x11,0x4D,0xB0,0x63,0x11,0x4D,0xB0,0x63,0x11,0x4D,0xB0,0x63,0x11,0x4D,0xB0,0x63,0x11,0x4D,0xB0,0x63,0x11,0x4D,0xB0,0x63,0x11,0x4D,0xB0,0x63,0x11,0x4D,
    0xB0,0x63,0x11,0x4D,0xB0,0x63,0x11,0x4D,0xB0,0x63,0x11,0x4D,0xB0,0x63,0x11,0x4D,0xB0,0x63,0x11,0x4D,0xB0,0x63,0x11,0x4D,0xB0,0x63,0x11,0x4D,0xB0,0x63,0x11,0x4D,0xB0,0x63,0x11,0x4D,0xB0,0x63,0x11,0x4D,0xB0,0x63,0x11,0x4D,0xB0,0x63,0x11,0x4D,0xB0,0x63,0x11,0x4D,0xB0,0x63,0x11,0x4D,0xB0,0x63,0x11,0x4D,0xB0,0x63,0x11,0x4D,
    0xB0,0x63,0x11,0x4D,0xB0,0x63,0x11,0x4D,0xB0,0x63,0x11,0x4D,0xB0,0x63,0x11,0x4D,0xB0,0x63,0x11,0x4D,0xB0,0x63,0x11,0x4D,0xB0,0x63,0x11,0x4D,0xB0,0x63,0x11,0x4D,0xB0,0x63,0x11,0x4D,0xB0,0x63,0x11,0x4D,0xB0,0x63,0x11,0x4D,0xB0,0x63,0x11,0x4D,0xB0,0x63,0x11,0x4D,0xB0,0x63,0x11,0x4D,0xB0,0x63,0x11,0x4D,0xB0,0x63,0x11,0x4D,
    0xB0,0x63,0x11,0x4D,0xB0,0x63,0x11,0x4D,0xB0,0x63,0x11,0x4D,0xB0,0x63,0x11,0x4D,0xB0,0x63,0x11,0x4D,0xB0,0x63,0x11,0x4D,0xB0,0x63,0x11,0x4D,0xB0,0x63,0x11,0x4D,0xB0,0x63,0x11,0x4D,0xB0,0x63,0x11,0x4D,0xB0,0x63,0x11,0x4D,0xB0,0x63,0x11,0x4D,0xB0,0x63,0x11,0x4D,0xB0,0x63,0x11,0x4D,0xB0,0x63,0x11,0x4D,0xB0,0x63,0x11,0x4D,
    0xB0,0x63,0x11,0x4D,0xB0,0x63,0x11,0x4D,0xB0,0x63,0x11,0x4D,0xB0,0x63,0x11,0x4D,0xB0,0x63,0x11,0x4D,0xB0,0x63,0x11,0x4D,0xB0,0x63,0x11,0x4D,0xB0,0x63,0x11,0x4D,0xB0,0x63,0x11,0x4D,0xB0,0x63,0x11,0x4D,0xB0,0x63,0x11,0x4D,0xB0,0x63,0x11,0x4D,0xB0,0x63,0x11,0x4D,0xB0,0x63,0x11,0x4D,0xB0,0x63,0x11,0x4D,0xB0,0x63,0x11,0x4D,
    0xB0,0x63,0x11,0x4D,0xB0,0x63,0x11,0x4D,0xB0,0x63,0x11,0x4D,0xB0,0x63,0x11,0x4D,0xB0,0x63,0x11,0x4D,0xB0,0x63,0x11,0x4D,0xB0,0x63,0x11,0x4D,0xB0,0x63,0x11,0x4D,0xB0,0x63,0x11,0x4D,0xB0,0x63,0x11,0x4D,0xB0,0x63,0x11,0x4D,0xB0,0x63,0x11,0x4D,0xB0,0x63,0x11,0x4D,0xB0,0x63,0x11,0x4D,0xB0,0x63,0x11,0x4D,0xB0,0x63,0x11,0x4D,
    0xB0,0x63,0x11,0x4D,0xB0,0x63,0x11,0x4D,0xB0,0x63,0x11,0x4D,0xB0,0x63,0x11,0x4D,0xB0,0x63,0x11,0x4D,0xB0,0x63,0x11,0x4D,0xB0,0x63,0x11,0x4D,0xB0,0x63,0x11,0x4D,0xB0,0x63,0x11,0x4D,0xB0,0x63,0x11,0x4D,0xB0,0x63,0x11,0x4D,0xB0,0x63,0x11,0x4D,0xB0,0x63,0x11,0x4D,0xB0,0x63,0x11,0x4D,0xB0,0x63,0x11,0x4D,0xB0,0x63,0x11,0x4D,
    0xB0,0x63,0x11,0x4D,0xB0,0x63,0x11,0x4D,0xB0,0x63,0x11,0x4D,0xB0,0x63,0x11,0x4D,0xB0,0x63,0x11,0x4D,0xB0,0x63,0x11,0x4D,0xB0,0x63,0x11,0x4D,0xB0,0x63,0x11,0x4D,0xB0,0x63,0x11,0x4D,0xB0,0x63,0x11,0x4D,0xB0,0x63,0x11,0x4D,0xB0,0x63,0x11,0x4D,0xB0,0x63,0x11,0x4D,0xB0,0x63,0x11,0x4D,0xB0,0x63,0x11,0x4D,0xB0,0x63,0x11,0x4D,
    0xB0,0x63,0x11,0x4D,0xB0,0x63,0x11,0x4D,0xB0,0x63,0x11,0x4D,0xB0,0x63,0x11,0x4D,0xB0,0x63,0x11,0x4D,0xB0,0x63,0x11,0x4D,0xB0,0x63,0x11,0x4D,0xB0,0x63,0x11,0x4D,0xB0,0x63,0x11,0x4D,0xB0,0x63,0x11,0x4D,0xB0,0x63,0x11,0x4D,0xB0,0x63,0x11,0x4D,0xB0,0x63,0x11,0x4D,0xB0,0x63,0x11,0x4D,0xB0,0x63,0x11,0x4D,0xB0,0x63,0x11,0x4D,
    0xB0,0x63,0x11,0x4D,0xB0,0x63,0x11,0x4D,0xB0,0x63,0x11,0x4D,0xB0,0x63,0x11,0x4D,0xB0,0x63,0x11,0x4D,0xB0,0x63,0x11,0x4D,0xB0,0x63,0x11,0x4D,0xB0,0x63,0x11,0x4D,0xB0,0x63,0x11,0x4D,0xB0,0x63,0x11,0x4D,0xB0,0x63,0x11,0x4D,0xB0,0x63,0x11,0x4D,0xB0,0x63,0x11,0x4D,0xB0,0x63,0x11,0x4D,0xB0,0x63,0x11,0x4D,0xB0,0x63,0x11,0x4D,
    0xB0,0x63,0x11,0x4D,0xB0,0x63,0x11,0x4D,0xB0,0x63,0x11,0x4D,0xB0,0x63,0x11,0x4D,0xB0,0x63,0x11,0x4D,0xB0,0x63,0x11,0x4D,0xB0,0x63,0x11,0x4D,0xB0,0x63,0x11,0x4D,0xB0,0x63,0x11,0x4D,0xB0,0x63,0x11,0x4D,0xB0,0x63,0x11,0x4D,0xB0,0x63,0x11,0x4D,0xB0,0x63,0x11,0x4D,0xB0,0x63,0x11,0x4D,0xB0,0x63,0x11,0x4D,0xB0,0x63,0x11,0x4D,
    0xB0,0x63,0x11,0x4D,0xB0,0x63,0x11,0x4D,0xB0,0x63,0x11,0x4D,0xB0,0x63,0x11,0x4D,0xB0,0x63,0x11,0x4D,0xB0,0x63,0x11,0x4D,0xB0,0x63,0x11,0x4D,0xB0,0x63,0x11,0x4D,0xB0,0x63,0x11,0x4D,0xB0,0x63,0x11,0x4D,0xB0,0x63,0x11,0x4D,0xB0,0x63,0x11,0x4D,0xB0,0x63,0x11,0x4D,0xB0,0x63,0x11,0x4D,0xB0,0x63,0x11,0x4D,0xB0,0x63,0x11,0x4D,
    0xB0,0x63,0x11,0x4D,0xB0,0x63,0x11,0x4D,0xB0,0x63,0x11,0x4D,0xB0,0x63,0x11,0x4D,0xB0,0x63,0x11,0x4D,0xB0,0x63,0x11,0x4D,0xB0,0x63,0x11,0x4D,0xB0,0x63,0x11,0x4D,0xB0,0x63,0x11,0x4D,0xB0,0x63,0x11,0x4D,0xB0,0x63,0x11,0x4D,0xB0,0x63,0x11,0x4D,0xB0,0x63,0x11,0x4D,0xB0,0x63,0x11,0x4D,0xB0,0x63,0x11,0x4D,0xB0,0x63,0x11,0x4D,
    0xB0,0x63,0x11,0x4D,0xB0,0x63,0x11,0x4D,0xB0,0x63,0x11,0x4D,0xB0,0x63,0x11,0x4D,0xB0,0x63,0x11,0x4D,0xB0,0x63,0x11,0x4D,0xB0,0x63,0x11,0x4D,0xB0,0x63,0x11,0x4D,0xB0,0x63,0x11,0x4D,0xB0,0x63,0x11,0x4D,0xB0,0x63,0x11,0x4D,0xB0,0x63,0x11,0x4D,0xB0,0x63,0x11,0x4D,0xB0,0x63,0x11,0x4D,0xB0,0x63,0x11,0x4D,0xB0,0x63,0x11,0x4D,
    0xB0,0x63,0x11,0x4D,0xB0,0x63,0x11,0x4D,0xB0,0x63,0x11,0x4D,0xB0,0x63,0x11,0x4D,0xB0,0x63,0x11,0x4D,0xB0,0x63,0x11,0x4D,0xB0,0x63,0x11,0x4D,0xB0,0x63,0x11,0x4D,0xB0,0x63,0x11,0x4D,0xB0,0x63,0x11,0x4D,0xB0,0x63,0x11,0x4D,0xB0,0x63,0x11,0x4D,0xB0,0x63,0x11,0x4D,0xB0,0x63,0x11,0x4D,0xB0,0x63,0x11,0x4D,0xB0,0x63,0x11,0x4D,
    0xB0,0x63,0x11,0x4D,0xB0,0x63,0x11,0x4D,0xB0,0x63,0x11,0x4D,0xB0,0x63,0x11,0x4D,0xB0,0x63,0x11,0x4D,0xB0,0x63,0x11,0x4D,0xB0,0x63,0x11,0x4D,0xB0,0x63,0x11,0x4D,0xB0,0x63,0x11,0x4D,0xB0,0x63,0x11,0x4D,0xB0,0x63,0x11,0x4D,0xB0,0x63,0x11,0x4D,0xB0,0x63,0x11,0x4D,0xB0,0x63,0x11,0x4D,0xB0,0x63,0x11,0x4D,0xB0,0x63,0x11,0x4D,
    0xB0,0x63,0x11,0x4D,0xB0,0x63,0x11,0x4D,0xB0,0x63,0x11,0x4D,0xB0,0x63,0x11,0x4D,0xB0,0x63,0x11,0x4D,0xB0,0x63,0x11,0x4D,0xB0,0x63,0x11,0x4D,0xB0,0x63,0x11,0x4D,0xB0,0x63,0x11,0x4D,0xB0,0x63,0x11,0x4D,0xB0,0x63,0x11,0x4D,0xB0,0x63,0x11,0x4D,0xB0,0x63,0x11,0x4D,0xB0,0x63,0x11,0x4D,0xB0,0x63,0x11,0x4D,0xB0,0x63,0x11,0x4D,
    0xB0,0x63,0x11,0x4D,0xB0,0x63,0x11,0x4D,0xB0,0x63,0x11,0x4D,0xB0,0x63,0x11,0x4D,0xB0,0x63,0x11,0x4D,0xB0,0x63,0x11,0x4D,0xB0,0x63,0x11,0x4D,0xB0,0x63,0x11,0x4D,0xB0,0x63,0x11,0x4D,0xB0,0x63,0x11,0x4D,0xB0,0x63,0x11,0x4D,0xB0,0x63,0x11,0x4D,0xB0,0x63,0x11,0x4D,0xB0,0x63,0x11,0x4D,0xB0,0x63,0x11,0x4D,0xB0,0x63,0x11,0x4D,
    0xB0,0x63,0x11,0x4D,0xB0,0x63,0x11,0x4D,0xB0,0x63,0x11,0x4D,0xB0,0x63,0x11,0x4D,0xB0,0x63,0x11,0x4D,0xB0,0x63,0x11,0x4D,0xB0,0x63,0x11,0x4D,0xB0,0x63,0x11,0x4D,0xB0,0x63,0x11,0x4D,0xB0,0x63,0x11,0x4D,0xB0,0x63,0x11,0x4D,0xB0,0x63,0x11,0x4D,0xB0,0x63,0x11,0x4D,0xB0,0x63,0x11,0x4D,0xB0,0x63,0x11,0x4D,0xB0,0x63,0x11,0x4D,
    0xB0,0x63,0x11,0x4D,0xB0,0x63,0x11,0x4D,0xB0,0x63,0x11,0x4D,0xB0,0x63,0x11,0x4D,0xB0,0x63,0x11,0x4D,0xB0,0x63,0x11,0x4D,0xB0,0x63,0x11,0x4D,0xB0,0x63,0x11,0x4D,0xB0,0x63,0x11,0x4D,0xB0,0x63,0x11,0x4D,0xB0,0x63,0x11,0x4D,0xB0,0x63,0x11,0x4D,0xB0,0x63,0x11,0x4D,0xB0,0x63,0x11,0x4D,0xB0,0x63,0x11,0x4D,0xB0,0x63,0x11,0x4D,
    0xB0,0x63,0x11,0x4D,0xB0,0x63,0x11,0x4D,0xB0,0x63,0x11,0x4D,0xB0,0x63,0x11,0x4D,0xB0,0x63,0x11,0x4D,0xB0,0x63,0x11,0x4D,0xB0,0x63,0x11,0x4D,0xB0,0x63,0x11,0x4D,0xB0,0x63,0x11,0x4D,0xB0,0x63,0x11,0x4D,0xB0,0x63,0x11,0x4D,0xB0,0x63,0x11,0x4D,0xB0,0x63,0x11,0x4D,0xB0,0x63,0x11,0x4D,0xB0,0x63,0x11,0x4D,0xB0,0x63,0x11,0x4D,
    0xB0,0x63,0x11,0x4D,0xB0,0x63,0x11,0x4D,0xB0,0x63,0x11,0x4D,0xB0,0x63,0x11,0x4D,0xB0,0x63,0x11,0x4D,0xB0,0x63,0x11,0x4D,0xB0,0x63,0x11,0x4D,0xB0,0x63,0x11,0x4D,0xB0,0x63,0x11,0x4D,0xB0,0x63,0x11,0x4D,0xB0,0x63,0x11,0x4D,0xB0,0x63,0x11,0x4D,0xB0,0x63,0x11,0x4D,0xB0,0x63,0x11,0x4D,0xB0,0x63,0x11,0x4D,0xB0,0x63,0x11,0x4D,
    0xB0,0x63,0x11,0x4D,0xB0,0x63,0x11,0x4D,0xB0,0x63,0x11,0x4D,0xB0,0x63,0x11,0x4D,0xB0,0x63,0x11,0x4D,0xB0,0x63,0x11,0x4D,0xB0,0x63,0x11,0x4D,0xB0,0x63,0x11,0x4D,0xB0,0x63,0x11,0x4D,0xB0,0x63,0x11,0x4D,0xB0,0x63,0x11,0x4D,0xB0,0x63,0x11,0x4D,0xB0,0x63,0x11,0x4D,0xB0,0x63,0x11,0x4D,0xB0,0x63,0x11,0x4D,0xB0,0x63,0x11,0x4D,
    0xB0,0x63,0x11,0x4D,0xB0,0x63,0x11,0x4D,0xB0,0x63,0x11,0x4D,0xB0,0x63,0x11,0x4D,0xB0,0x63,0x11,0x4D,0xB0,0x63,0x11,0x4D,0xB0,0x63,0x11,0x4D,0xB0,0x63,0x11,0x4D,0xB0,0x63,0x11,0x4D,0xB0,0x63,0x11,0x4D,0xB0,0x63,0x11,0x4D,0xB0,0x63,0x11,0x4D,0xB0,0x63,0x11,0x4D,0xB0,0x63,0x11,0x4D,0xB0,0x63,0x11,0x4D,0xB0,0x63,0x11,0x4D,
    0xB0,0x63,0x11,0x4D,0xB0,0x63,0x11,0x4D,0xB0,0x63,0x11,0x4D,0xB0,0x63,0x11,0x4D,0xB0,0x63,0x11,0x4D,0xB0,0x63,0x11,0x4D,0xB0,0x63,0x11,0x4D,0xB0,0x63,0x11,0x4D,0xB0,0x63,0x11,0x4D,0xB0,0x63,0x11,0x4D,0xB0,0x63,0x11,0x4D,0xB0,0x63,0x11,0x4D,0xB0,0x63,0x11,0x4D,0xB0,0x63,0x11,0x4D,0xB0,0x63,0x11,0x4D,0xB0,0x63,0x11,0x4D,
    0xB0,0x63,0x11,0x4D,0xB0,0x63,0x11,0x4D,0xB0,0x63,0x11,0x4D,0xB0,0x63,0x11,0x4D,0xB0,0x63,0x11,0x4D,0xB0,0x63,0x11,0x4D,0xB0,0x63,0x11,0x4D,0xB0,0x63,0x11,0x4D,0xB0,0x63,0x11,0x4D,0xB0,0x63,0x11,0x4D,0xB0,0x63,0x11,0x4D,0xB0,0x63,0x11,0x4D,0xB0,0x63,0x11,0x4D,0xB0,0x63,0x11,0x4D,0xB0,0x63,0x11,0x4D,0xB0,0x63,0x11,0x4D,
    0xB0,0x63,0x11,0x4D,0xB0,0x63,0x11,0x4D,0xB0,0x63,0x11,0x4D,0xB0,0x63,0x11,0x4D,0xB0,0x63,0x11,0x4D,0xB0,0x63,0x11,0x4D,0xB0,0x63,0x11,0x4D,0xB0,0x63,0x11,0x4D,0xB0,0x63,0x11,0x4D,0xB0,0x63,0x11,0x4D,0xB0,0x63,0x11,0x4D,0xB0,0x63,0x11,0x4D,0xB0,0x63,0x11,0x4D,0xB0,0x63,0x11,0x4D,0xB0,0x63,0x11,0x4D,0xB0,0x63,0x11,0x4D,
    0xB0,0x63,0x11,0x4D,0xB0,0x63,0x11,0x4D,0xB0,0x63,0x11,0x4D,0xB0,0x63,0x11,0x4D,0xB0,0x63,0x11,0x4D,0xB0,0x63,0x11,0x4D,0xB0,0x63,0x11,0x4D,0xB0,0x63,0x11,0x4D,0xB0,0x63,0x11,0x4D,0xB0,0x63,0x11,0x4D,0xB0,0x63,0x11,0x4D,0xB0,0x63,0x11,0x4D,0xB0,0x63,0x11,0x4D,0xB0,0x63,0x11,0x4D,0xB0,0x63,0x11,0x4D,0xB0,0x63,0x11,0x4D,
    0xB0,0x63,0x11,0x4D,0xB0,0x63,0x11,0x4D,0xB0,0x63,0x11,0x4D,0xB0,0x63,0x11,0x4D,0xB0,0x63,0x11,0x4D,0xB0,0x63,0x11,0x4D,0xB0,0x63,0x11,0x4D,0xB0,0x63,0x11,0x4D,0xB0,0x63,0x11,0x4D,0xB0,0x63,0x11,0x4D,0xB0,0x63,0x11,0x4D,0xB0,0x63,0x11,0x4D,0xB0,0x63,0x11,0x4D,0xB0,0x63,0x11,0x4D,0xB0,0x63,0x11,0x4D,0xB0,0x63,0x11,0x4D,
    0xB0,0x63,0x11,0x4D,0xB0,0x63,0x11,0x4D,0xB0,0x63,0x11,0x4D,0xB0,0x63,0x11,0x4D,0xB0,0x63,0x11,0x4D,0xB0,0x63,0x11,0x4D,0xB0,0x63,0x11,0x4D,0xB0,0x63,0x11,0x4D,0xB0,0x63,0x11,0x4D,0xB0,0x63,0x11,0x4D,0xB0,0x63,0x11,0x4D,0xB0,0x63,0x11,0x4D,0xB0,0x63,0x11,0x4D,0xB0,0x63,0x11,0x4D,0xB0,0x63,0x11,0x4D,0xB0,0x63,0x11,0x4D,
    0xB0,0x63,0x11,0x4D,0xB0,0x63,0x11,0x4D,0xB0,0x63,0x11,0x4D,0xB0,0x63,0x11,0x4D,0xB0,0x63,0x11,0x4D,0xB0,0x63,0x11,0x4D,0xB0,0x63,0x11,0x4D,0xB0,0x63,0x11,0x4D,0xB0,0x63,0x11,0x4D,0xB0,0x63,0x11,0x4D,0xB0,0x63,0x11,0x4D,0xB0,0x63,0x11,0x4D,0xB0,0x63,0x11,0x4D,0xB0,0x63,0x11,0x4D,0xB0,0x63,0x11,0x4D,0xB0,0x63,0x11,0x4D,
    0xB0,0x63,0x11,0x4D,0xB0,0x63,0x11,0x4D,0xB0,0x63,0x11,0x4D,0xB0,0x63,0x11,0x4D,0xB0,0x63,0x11,0x4D,0xB0,0x63,0x11,0x4D,0xB0,0x63,0x11,0x4D,0xB0,0x63,0x11,0x4D,0xB0,0x63,0x11,0x4D,0xB0,0x63,0x11,0x4D,0xB0,0x63,0x11,0x4D,0xB0,0x63,0x11,0x4D,0xB0,0x63,0x11,0x4D,0xB0,0x63,0x11,0x4D,0xB0,0x63,0x11,0x4D,0xB0,0x63,0x11,0x4D,
    0xB0,0x63,0x11,0x4D,0xB0,0x63,0x11,0x4D,0xB0,0x63,0x11,0x4D,0xB0,0x63,0x11,0x4D,0xB0,0x63,0x11,0x4D,0xB0,0x63,0x11,0x4D,0xB0,0x63,0x11,0x4D,0xB0,0x63,0x11,0x4D,0xB0,0x63,0x11,0x4D,0xB0,0x63,0x11,0x4D,0xB0,0x63,0x11,0x4D,0xB0,0x63,0x11,0x4D,0xB0,0x63,0x11,0x4D,0xB0,0x63,0x11,0x4D,0xB0,0x63,0x11,0x4D,0xB0,0x63,0x11,0x4D,
    0xB0,0x63,0x11,0x4D,0xB0,0x63,0x11,0x4D,0xB0,0x63,0x11,0x4D,0xB0,0x63,0x11,0x4D,0xB0,0x63,0x11,0x4D,0xB0,0x63,0x11,0x4D,0xB0,0x63,0x11,0x4D,0xB0,0x63,0x11,0x4D,0xB0,0x63,0x11,0x4D,0xB0,0x63,0x11,0x4D,0xB0,0x63,0x11,0x4D,0xB0,0x63,0x11,0x4D,0xB0,0x63,0x11,0x4D,0xB0,0x63,0x11,0x4D,0xB0,0x63,0x11,0x4D,0xB0,0x63,0x11,0x4D,
    0xB0,0x63,0x11,0x4D,0xB0,0x63,0x11,0x4D,0xB0,0x63,0x11,0x4D,0xB0,0x63,0x11,0x4D,0xB0,0x63,0x11,0x4D,0xB0,0x63,0x11,0x4D,0xB0,0x63,0x11,0x4D,0xB0,0x63,0x11,0x4D,0xB0,0x63,0x11,0x4D,0xB0,0x63,0x11,0x4D,0xB0,0x63,0x11,0x4D,0xB0,0x63,0x11,0x4D,0xB0,0x63,0x11,0x4D,0xB0,0x63,0x11,0x4D,0xB0,0x63,0x11,0x4D,0xB0,0x63,0x11,0x4D,
    0xB0,0x63,0x11,0x4D,0xB0,0x63,0x11,0x4D,0xB0,0x63,0x11,0x4D,0xB0,0x63,0x11,0x4D,0xB0,0x63,0x11,0x4D,0xB0,0x63,0x11,0x4D,0xB0,0x63,0x11,0x4D,0xB0,0x63,0x11,0x4D,0xB0,0x63,0x11,0x4D,0xB0,0x63,0x11,0x4D,0xB0,0x63,0x11,0x4D,0xB0,0x63,0x11,0x4D,0xB0,0x63,0x11,0x4D,0xB0,0x63,0x11,0x4D,0xB0,0x63,0x11,0x4D,0xB0,0x63,0x11,0x4D,
    0xB0,0x63,0x11,0x4D,0xB0,0x63,0x11,0x4D,0xB0,0x63,0x11,0x4D,0xB0,0x63,0x11,0x4D,0xB0,0x63,0x11,0x4D,0xB0,0x63,0x11,0x4D,0xB0,0x63,0x11,0x4D,0xB0,0x63,0x11,0x4D,0xB0,0x63,0x11,0x4D,0xB0,0x63,0x11,0x4D,0xB0,0x63,0x11,0x4D,0xB0,0x63,0x11,0x4D,0xB0,0x63,0x11,0x4D,0xB0,0x63,0x11,0x4D,0xB0,0x63,0x11,0x4D,0xB0,0x63,0x11,0x4D,
    0xB0,0x63,0x11,0x4D,0xB0,0x63,0x11,0x4D,0xB0,0x63,0x11,0x4D,0xB0,0x63,0x11,0x4D,0xB0,0x63,0x11,0x4D,0xB0,0x63,0x11,0x4D,0xB0,0x63,0x11,0x4D,0xB0,0x63,0x11,0x4D,0xB0,0x63,0x11,0x4D,0xB0,0x63,0x11,0x4D,0xB0,0x63,0x11,0x4D,0xB0,0x63,0x11,0x4D,0xB0,0x63,0x11,0x4D,0xB0,0x63,0x11,0x4D,0xB0,0x63,0x11,0x4D,0xB0,0x63,0x11,0x4D,
    0xB0,0x63,0x11,0x4D,0xB0,0x63,0x11,0x4D,0xB0,0x63,0x11,0x4D,0xB0,0x63,0x11,0x4D,0xB0,0x63,0x11,0x4D,0xB0,0x63,0x11,0x4D,0xB0,0x63,0x11,0x4D,0xB0,0x63,0x11,0x4D,0xB0,0x63,0x11,0x4D,0xB0,0x63,0x11,0x4D,0xB0,0x63,0x11,0x4D,0xB0,0x63,0x11,0x4D,0xB0,0x63,0x11,0x4D,0xB0,0x63,0x11,0x4D,0xB0,0x63,0x11,0x4D,0xB0,0x63,0x11,0x4D,
    0xB0,0x63,0x11,0x4D,0xB0,0x63,0x11,0x4D,0xB0,0x63,0x11,0x4D,0xB0,0x63,0x11,0x4D,0xB0,0x63,0x11,0x4D,0xB0,0x63,0x11,0x4D,0xB0,0x63,0x11,0x4D,0xB0,0x63,0x11,0x4D,0xB0,0x63,0x11,0x4D,0xB0,0x63,0x11,0x4D,0xB0,0x63,0x11,0x4D,0xB0,0x63,0x11,0x4D,0xB0,0x63,0x11,0x4D,0xB0,0x63,0x11,0x4D,0xB0,0x63,0x11,0x4D,0xB0,0x63,0x11,0x4D,
    0xB0,0x63,0x11,0x4D,0xB0,0x63,0x11,0x4D,0xB0,0x63,0x11,0x4D,0xB0,0x63,0x11,0x4D,0xB0,0x63,0x11,0x4D,0xB0,0x63,0x11,0x4D,0xB0,0x63,0x11,0x4D,0xB0,0x63,0x11,0x4D,0xB0,0x63,0x11,0x4D,0xB0,0x63,0x11,0x4D,0xB0,0x63,0x11,0x4D,0xB0,0x63,0x11,0x4D,0xB0,0x63,0x11,0x4D,0xB0,0x63,0x11,0x4D,0xB0,0x63,0x11,0x4D,0xB0,0x63,0x11,0x4D,
    0xB0,0x63,0x11,0x4D,0xB0,0x63,0x11,0x4D,0xB0,0x63,0x11,0x4D,0xB0,0x63,0x11,0x4D,0xB0,0x63,0x11,0x4D,0xB0,0x63,0x11,0x4D,0xB0,0x63,0x11,0x4D,0xB0,0x63,0x11,0x4D,0xB0,0x63,0x11,0x4D,0xB0,0x63,0x11,0x4D,0xB0,0x63,0x11,0x4D,0xB0,0x63,0x11,0x4D,0xB0,0x63,0x11,0x4D,0xB0,0x63,0x11,0x4D,0xB0,0x63,0x11,0x4D,0xB0,0x63,0x11,0x4D,
    0xB0,0x63,0x11,0x4D,0xB0,0x63,0x11,0x4D,0xB0,0x63,0x11,0x4D,0xB0,0x63,0x11,0x4D,0xB0,0x63,0x11,0x4D,0xB0,0x63,0x11,0x4D,0xB0,0x63,0x11,0x4D,0xB0,0x63,0x11,0x4D,0xB0,0x63,0x11,0x4D,0xB0,0x63,0x11,0x4D,0xB0,0x63,0x11,0x4D,0xB0,0x63,0x11,0x4D,0xB0,0x63,0x11,0x4D,0xB0,0x63,0x11,0x4D,0xB0,0x63,0x11,0x4D,0xB0,0x63,0x11,0x4D,
    0xB0,0x63,0x11,0x4D,0xB0,0x63,0x11,0x4D,0xB0,0x63,0x11,0x4D,0xB0,0x63,0x11,0x4D,0xB0,0x63,0x11,0x4D,0xB0,0x63,0x11,0x4D,0xB0,0x63,0x11,0x4D,0xB0,0x63,0x11,0x4D,0xB0,0x63,0x11,0x4D,0xB0,0x63,0x11,0x4D,0xB0,0x63,0x11,0x4D,0xB0,0x63,0x11,0x4D,0xB0,0x63,0x11,0x4D,0xB0,0x63,0x11,0x4D,0xB0,0x63,0x11,0x4D,0xB0,0x63,0x11,0x4D,
    0xB0,0x63,0x11,0x4D,0xB0,0x63,0x11,0x4D,0xB0,0x63,0x11,0x4D,0xB0,0x63,0x11,0x4D,0xB0,0x63,0x11,0x4D,0xB0,0x63,0x11,0x4D,0xB0,0x63,0x11,0x4D,0xB0,0x63,0x11,0x4D,0xB0,0x63,0x11,0x4D,0xB0,0x63,0x11,0x4D,0xB0,0x63,0x11,0x4D,0xB0,0x63,0x11,0x4D,0xB0,0x63,0x11,0x4D,0xB0,0x63,0x11,0x4D,0xB0,0x63,0x11,0x4D,0xB0,0x63,0x11,0x4D,
    0xB0,0x63,0x11,0x4D,0xB0,0x63,0x11,0x4D,0xB0,0x63,0x11,0x4D,0xB0,0x63,0x11,0x4D,0xB0,0x63,0x11,0x4D,0xB0,0x63,0x11,0x4D,0xB0,0x63,0x11,0x4D,0xB0,0x63,0x11,0x4D,0xB0,0x63,0x11,0x4D,0xB0,0x63,0x11,0x4D,0xB0,0x63,0x11,0x4D,0xB0,0x63,0x11,0x4D,0xB0,0x63,0x11,0x4D,0xB0,0x63,0x11,0x4D,0xB0,0x63,0x11,0x4D,0xB0,0x63,0x11,0x4D,
    0xB0,0x63,0x11,0x4D,0xB0,0x63,0x11,0x4D,0xB0,0x63,0x11,0x4D,0xB0,0x63,0x11,0x4D,0xB0,0x63,0x11,0x4D,0xB0,0x63,0x11,0x4D,0xB0,0x63,0x11,0x4D,0xB0,0x63,0x11,0x4D,0xB0,0x63,0x11,0x4D,0xB0,0x63,0x11,0x4D,0xB0,0x63,0x11,0x4D,0xB0,0x63,0x11,0x4D,0xB0,0x63,0x11,0x4D,0xB0,0x63,0x11,0x4D,0xB0,0x63,0x11,0x4D,0xB0,0x63,0x11,0x4D,
    0xB0,0x63,0x11,0x4D,0xB0,0x63,0x11,0x4D,0xB0,0x63,0x11,0x4D,0xB0,0x63,0x11,0x4D,0xB0,0x63,0x11,0x4D,0xB0,0x63,0x11,0x4D,0xB0,0x63,0x11,0x4D,0xB0,0x63,0x11,0x4D,0xB0,0x63,0x11,0x4D,0xB0,0x63,0x11,0x4D,0xB0,0x63,0x11,0x4D,0xB0,0x63,0x11,0x4D,0xB0,0x63,0x11,0x4D,0xB0,0x63,0x11,0x4D,0xB0,0x63,0x11,0x4D,0xB0,0x63,0x11,0x4D,
    0xB0,0x63,0x11,0x4D,0xB0,0x63,0x11,0x4D,0xB0,0x63,0x11,0x4D,0xB0,0x63,0x11,0x4D,0xB0,0x63,0x11,0x4D,0xB0,0x63,0x11,0x4D,0xB0,0x63,0x11,0x4D,0xB0,0x63,0x11,0x4D,0xB0,0x63,0x11,0x4D,0xB0,0x63,0x11,0x4D,0xB0,0x63,0x11,0x4D,0xB0,0x63,0x11,0x4D,0xB0,0x63,0x11,0x4D,0xB0,0x63,0x11,0x4D,0xB0,0x63,0x11,0x4D,0xB0,0x63,0x11,0x4D,
    0xB0,0x63,0x11,0x4D,0xB0,0x63,0x11,0x4D,0xB0,0x63,0x11,0x4D,0xB0,0x63,0x11,0x4D,0xB0,0x63,0x11,0x4D,0xB0,0x63,0x11,0x4D,0xB0,0x63,0x11,0x4D,0xB0,0x63,0x11,0x4D,0xB0,0x63,0x11,0x4D,0xB0,0x63,0x11,0x4D,0xB0,0x63,0x11,0x4D,0xB0,0x63,0x11,0x4D,0xB0,0x63,0x11,0x4D,0xB0,0x63,0x11,0x4D,0xB0,0x63,0x11,0x4D,0xB0,0x63,0x11,0x4D,
    0xB0,0x63,0x11,0x4D,0xB0,0x63,0x11,0x4D,0xB0,0x63,0x11,0x4D,0xB0,0x63,0x11,0x4D,0xB0,0x63,0x11,0x4D,0xB0,0x63,0x11,0x4D,0xB0,0x63,0x11,0x4D,0xB0,0x63,0x11,0x4D,0xB0,0x63,0x11,0x4D,0xB0,0x63,0x11,0x4D,0xB0,0x63,0x11,0x4D,0xB0,0x63,0x11,0x4D,0xB0,0x63,0x11,0x4D,0xB0,0x63,0x11,0x4D,0xB0,0x63,0x11,0x4D,0xB0,0x63,0x11,0x4D,
    0xB0,0x63,0x11,0x4D,0xB0,0x63,0x11,0x4D,0xB0,0x63,0x11,0x4D,0xB0,0x63,0x11,0x4D,0xB0,0x63,0x11,0x4D,0xB0,0x63,0x11,0x4D,0xB0,0x63,0x11,0x4D,0xB0,0x63,0x11,0x4D,0xB0,0x63,0x11,0x4D,0xB0,0x63,0x11,0x4D,0xB0,0x63,0x11,0x4D,0xB0,0x63,0x11,0x4D,0xB0,0x63,0x11,0x4D,0xB0,0x63,0x11,0x4D,0xB0,0x63,0x11,0x4D,0xB0,0x63,0x11,0x4D,
    0xB0,0x63,0x11,0x4D,0xB0,0x63,0x11,0x4D,0xB0,0x63,0x11,0x4D,0xB0,0x63,0x11,0x4D,0xB0,0x63,0x11,0x4D,0xB0,0x63,0x11,0x4D,0xB0,0x63,0x11,0x4D,0xB0,0x63,0x11,0x4D,0xB0,0x63,0x11,0x4D,0xB0,0x63,0x11,0x4D,0xB0,0x63,0x11,0x4D,0xB0,0x63,0x11,0x4D,0xB0,0x63,0x11,0x4D,0xB0,0x63,0x11,0x4D,0xB0,0x63,0x11,0x4D,0xB0,0x63,0x11,0x4D,
    0xB0,0x63,0x11,0x4D,0xB0,0x63,0x11,0x4D,0xB0,0x63,0x11,0x4D,0xB0,0x63,0x11,0x4D,0xB0,0x63,0x11,0x4D,0xB0,0x63,0x11,0x4D,0xB0,0x63,0x11,0x4D,0xB0,0x63,0x11,0x4D,0xB0,0x63,0x11,0x4D,0xB0,0x63,0x11,0x4D,0xB0,0x63,0x11,0x4D,0xB0,0x63,0x11,0x4D,0xB0,0x63,0x11,0x4D,0xB0,0x63,0x11,0x4D,0xB0,0x63,0x11,0x4D,0xB0,0x63,0x11,0x4D,
    0xB0,0x63,0x11,0x4D,0xB0,0x63,0x11,0x4D,0xB0,0x63,0x11,0x4D,0xB0,0x63,0x11,0x4D,0xB0,0x63,0x11,0x4D,0xB0,0x63,0x11,0x4D,0xB0,0x63,0x11,0x4D,0xB0,0x63,0x11,0x4D,0xB0,0x63,0x11,0x4D,0xB0,0x63,0x11,0x4D,0xB0,0x63,0x11,0x4D,0xB0,0x63,0x11,0x4D,0xB0,0x63,0x11,0x4D,0xB0,0x63,0x11,0x4D,0xB0,0x63,0x11,0x4D,0xB0,0x63,0x11,0x4D,
    0xB0,0x63,0x11,0x4D,0xB0,0x63,0x11,0x4D,0xB0,0x63,0x11,0x4D,0xB0,0x63,0x11,0x4D,0xB0,0x63,0x11,0x4D,0xB0,0x63,0x11,0x4D,0xB0,0x63,0x11,0x4D,0xB0,0x63,0x11,0x4D,0xB0,0x63,0x11,0x4D,0xB0,0x63,0x11,0x4D,0xB0,0x63,0x11,0x4D,0xB0,0x63,0x11,0x4D,0xB0,0x63,0x11,0x4D,0xB0,0x63,0x11,0x4D,0xB0,0x63,0x11,0x4D,0xB0,0x63,0x11,0x4D,
    0xB0,0x63,0x11,0x4D,0xB0,0x63,0x11,0x4D,0xB0,0x63,0x11,0x4D,0xB0,0x63,0x11,0x4D,0xB0,0x63,0x11,0x4D,0xB0,0x63,0x11,0x4D,0xB0,0x63,0x11,0x4D,0xB0,0x63,0x11,0x4D,0xB0,0x63,0x11,0x4D,0xB0,0x63,0x11,0x4D,0xB0,0x63,0x11,0x4D,0xB0,0x63,0x11,0x4D,0xB0,0x63,0x11,0x4D,0xB0,0x63,0x11,0x4D,0xB0,0x63,0x11,0x4D,0xB0,0x63,0x11,0x4D,
    0xB0,0x63,0x11,0x4D,0xB0,0x63,0x11,0x4D,0xB0,0x63,0x11,0x4D,0xB0,0x63,0x11,0x4D,0xB0,0x63,0x11,0x4D,0xB0,0x63,0x11,0x4D,0xB0,0x63,0x11,0x4D,0xB0,0x63,0x11,0x4D,0xB0,0x63,0x11,0x4D,0xB0,0x63,0x11,0x4D,0xB0,0x63,0x11,0x4D,0xB0,0x63,0x11,0x4D,0xB0,0x63,0x11,0x4D,0xB0,0x63,0x11,0x4D,0xB0,0x63,0x11,0x4D,0xB0,0x63,0x11,0x4D,
    0xB0,0x63,0x11,0x4D,0xB0,0x63,0x11,0x4D,0xB0,0x63,0x11,0x4D,0xB0,0x63,0x11,0x4D,0xB0,0x63,0x11,0x4D,0xB0,0x63,0x11,0x4D,0xB0,0x63,0x11,0x4D,0xB0,0x63,0x11,0x4D,0xB0,0x63,0x11,0x4D,0xB0,0x63,0x11,0x4D,0xB0,0x63,0x11,0x4D,0xB0,0x63,0x11,0x4D,0xB0,0x63,0x11,0x4D,0xB0,0x63,0x11,0x4D,0xB0,0x63,0x11,0x4D,0xB0,0x63,0x11,0x4D,
    0xB0,0x63,0x11,0x4D,0xB0,0x63,0x11,0x4D,0xB0,0x63,0x11,0x4D,0xB0,0x63,0x11,0x4D,0xB0,0x63,0x11,0x4D,0xB0,0x63,0x11,0x4D,0xB0,0x63,0x11,0x4D,0xB0,0x63,0x11,0x4D,0xB0,0x63,0x11,0x4D,0xB0,0x63,0x11,0x4D,0xB0,0x63,0x11,0x4D,0xB0,0x63,0x11,0x4D,0xB0,0x63,0x11,0x4D,0xB0,0x63,0x11,0x4D,0xB0,0x63,0x11,0x4D,0xB0,0x63,0x11,0x4D,
    0xB0,0x63,0x11,0x4D,0xB0,0x63,0x11,0x4D,0xB0,0x63,0x11,0x4D,0xB0,0x63,0x11,0x4D,0xB0,0x63,0x11,0x4D,0xB0,0x63,0x11,0x4D,0xB0,0x63,0x11,0x4D,0xB0,0x63,0x11,0x4D,0xB0,0x63,0x11,0x4D,0xB0,0x63,0x11,0x4D,0xB0,0x63,0x11,0x4D,0xB0,0x63,0x11,0x4D,0xB0,0x63,0x11,0x4D,0xB0,0x63,0x11,0x4D,0xB0,0x63,0x11,0x4D,0xB0,0x63,0x11,0x4D,
    0xB0,0x63,0x11,0x4D,0xB0,0x63,0x11,0x4D,0xB0,0x63,0x11,0x4D,0xB0,0x63,0x11,0x4D,0xB0,0x63,0x11,0x4D,0xB0,0x63,0x11,0x4D,0xB0,0x63,0x11,0x4D,0xB0,0x63,0x11,0x4D,0xB0,0x63,0x11,0x4D,0xB0,0x63,0x11,0x4D,0xB0,0x63,0x11,0x4D,0xB0,0x63,0x11,0x4D,0xB0,0x63,0x11,0x4D,0xB0,0x63,0x11,0x4D,0xB0,0x63,0x11,0x4D,0xB0,0x63,0x11,0x4D,
    0xB0,0x63,0x11,0x4D,0xB0,0x63,0x11,0x4D,0xB0,0x63,0x11,0x4D,0xB0,0x63,0x11,0x4D,0xB0,0x63,0x11,0x4D,0xB0,0x63,0x11,0x4D,0xB0,0x63,0x11,0x4D,0xB0,0x63,0x11,0x4D,0xB0,0x63,0x11,0x4D,0xB0,0x63,0x11,0x4D,0xB0,0x63,0x11,0x4D,0xB0,0x63,0x11,0x4D,0xB0,0x63,0x11,0x4D,0xB0,0x63,0x11,0x4D,0xB0,0x63,0x11,0x4D,0xB0,0x63,0x11,0x4D,
    0xB0,0x63,0x11,0x4D,0xB0,0x63,0x11,0x4D,0xB0,0x63,0x11,0x4D,0xB0,0x63,0x11,0x4D,0xB0,0x63,0x11,0x4D,0xB0,0x63,0x11,0x4D,0xB0,0x63,0x11,0x4D,0xB0,0x63,0x11,0x4D,0xB0,0x63,0x11,0x4D,0xB0,0x63,0x11,0x4D,0xB0,0x63,0x11,0x4D,0xB0,0x63,0x11,0x4D,0xB0,0x63,0x11,0x4D,0xB0,0x63,0x11,0x4D,0xB0,0x63,0x11,0x4D,0xB0,0x63,0x11,0x4D,
    0xB0,0x63,0x11,0x4D,0xB0,0x63,0x11,0x4D,0xB0,0x63,0x11,0x4D,0xB0,0x63,0x11,0x4D,0xB0,0x63,0x11,0x4D,0xB0,0x63,0x11,0x4D,0xB0,0x63,0x11,0x4D,0xB0,0x63,0x11,0x4D,0xB0,0x63,0x11,0x4D,0xB0,0x63,0x11,0x4D,0xB0,0x63,0x11,0x4D,0xB0,0x63,0x11,0x4D,0xB0,0x63,0x11,0x4D,0xB0,0x63,0x11,0x4D,0xB0,0x63,0x11,0x4D,0xB0,0x63,0x11,0x4D,
    0xB0,0x63,0x11,0x4D,0xB0,0x63,0x11,0x4D,0xB0,0x63,0x11,0x4D,0xB0,0x63,0x11,0x4D,0xB0,0x63,0x11,0x4D,0xB0,0x63,0x11,0x4D,0xB0,0x63,0x11,0x4D,0xB0,0x63,0x11,0x4D,0xB0,0x63,0x11,0x4D,0xB0,0x63,0x11,0x4D,0xB0,0x63,0x11,0x4D,0xB0,0x63,0x11,0x4D,0xB0,0x63,0x11,0x4D,0xB0,0x63,0x11,0x4D,0xB0,0x63,0x11,0x4D,0xB0,0x63,0x11,0x4D,
    0xB0,0x63,0x11,0x4D,0xB0,0x63,0x11,0x4D,0xB0,0x63,0x11,0x4D,0xB0,0x63,0x11,0x4D,0xB0,0x63,0x11,0x4D,0xB0,0x63,0x11,0x4D,0xB0,0x63,0x11,0x4D,0xB0,0x63,0x11,0x4D,0xB0,0x63,0x11,0x4D,0xB0,0x63,0x11,0x4D,0xB0,0x63,0x11,0x4D,0xB0,0x63,0x11,0x4D,0xB0,0x63,0x11,0x4D,0xB0,0x63,0x11,0x4D,0xB0,0x63,0x11,0x4D,0xB0,0x63,0x11,0x4D,
    0xB0,0x63,0x11,0x4D,0xB0,0x63,0x11,0x4D,0xB0,0x63,0x11,0x4D,0xB0,0x63,0x11,0x4D,0xB0,0x63,0x11,0x4D,0xB0,0x63,0x11,0x4D,0xB0,0x63,0x11,0x4D,0xB0,0x63,0x11,0x4D,0xB0,0x63,0x11,0x4D,0xB0,0x63,0x11,0x4D,0xB0,0x63,0x11,0x4D,0xB0,0x63,0x11,0x4D,0xB0,0x63,0x11,0x4D,0xB0,0x63,0x11,0x4D,0xB0,0x63,0x11,0x4D,0xB0,0x63,0x11,0x4D,
    0xB0,0x63,0x11,0x4D,0xB0,0x63,0x11,0x4D,0xB0,0x63,0x11,0x4D,0xB0,0x63,0x11,0x4D,0xB0,0x63,0x11,0x4D,0xB0,0x63,0x11,0x4D,0xB0,0x63,0x11,0x4D,0xB0,0x63,0x11,0x4D,0xB0,0x63,0x11,0x4D,0xB0,0x63,0x11,0x4D,0xB0,0x63,0x11,0x4D,0xB0,0x63,0x11,0x4D,0xB0,0x63,0x11,0x4D,0xB0,0x63,0x11,0x4D,0xB0,0x63,0x11,0x4D,0xB0,0x63,0x11,0x4D,
    0xB0,0x63,0x11,0x4D,0xB0,0x63,0x11,0x4D,0xB0,0x63,0x11,0x4D,0xB0,0x63,0x11,0x4D,0xB0,0x63,0x11,0x4D,0xB0,0x63,0x11,0x4D,0xB0,0x63,0x11,0x4D,0xB0,0x63,0x11,0x4D,0xB0,0x63,0x11,0x4D,0xB0,0x63,0x11,0x4D,0xB0,0x63,0x11,0x4D,0xB0,0x63,0x11,0x4D,0xB0,0x63,0x11,0x4D,0xB0,0x63,0x11,0x4D,0xB0,0x63,0x11,0x4D,0xB0,0x63,0x11,0x4D,
    0xB0,0x63,0x11,0x4D,0xB0,0x63,0x11,0x4D,0xB0,0x63,0x11,0x4D,0xB0,0x63,0x11,0x4D,0xB0,0x63,0x11,0x4D,0xB0,0x63,0x11,0x4D,0xB0,0x63,0x11,0x4D,0xB0,0x63,0x11,0x4D,0xB0,0x63,0x11,0x4D,0xB0,0x63,0x11,0x4D,0xB0,0x63,0x11,0x4D,0xB0,0x63,0x11,0x4D,0xB0,0x63,0x11,0x4D,0xB0,0x63,0x11,0x4D,0xB0,0x63,0x11,0x4D,0xB0,0x63,0x11,0x4D,
    0xB0,0x63,0x11,0x4D,0xB0,0x63,0x11,0x4D,0xB0,0x63,0x11,0x4D,0xB0,0x63,0x11,0x4D,0xB0,0x63,0x11,0x4D,0xB0,0x63,0x11,0x4D,0xB0,0x63,0x11,0x4D,0xB0,0x63,0x11,0x4D,0xB0,0x63,0x11,0x4D,0xB0,0x63,0x11,0x4D,0xB0,0x63,0x11,0x4D,0xB0,0x63,0x11,0x4D,0xB0,0x63,0x11,0x4D,0xB0,0x63,0x11,0x4D,0xB0,0x63,0x11,0x4D,0xB0,0x63,0x11,0x4D,
    0xB0,0x63,0x11,0x4D,0xB0,0x63,0x11,0x4D,0xB0,0x63,0x11,0x4D,0xB0,0x63,0x11,0x4D,0xB0,0x63,0x11,0x4D,0xB0,0x63,0x11,0x4D,0xB0,0x63,0x11,0x4D,0xB0,0x63,0x11,0x4D,0xB0,0x63,0x11,0x4D,0xB0,0x63,0x11,0x4D,0xB0,0x63,0x11,0x4D,0xB0,0x63,0x11,0x4D,0xB0,0x63,0x11,0x4D,0xB0,0x63,0x11,0x4D,0xB0,0x63,0x11,0x4D,0xB0,0x63,0x11,0x4D,
    0xB0,0x63,0x11,0x4D,0xB0,0x63,0x11,0x4D,0xB0,0x63,0x11,0x4D,0xB0,0x63,0x11,0x4D,0xB0,0x63,0x11,0x4D,0xB0,0x63,0x11,0x4D,0xB0,0x63,0x11,0x4D,0xB0,0x63,0x11,0x4D,0xB0,0x63,0x11,0x4D,0xB0,0x63,0x11,0x4D,0xB0,0x63,0x11,0x4D,0xB0,0x63,0x11,0x4D,0xB0,0x63,0x11,0x4D,0xB0,0x63,0x11,0x4D,0xB0,0x63,0x11,0x4D,0xB0,0x63,0x11,0x4D,
    0xB0,0x63,0x11,0x4D,0xB0,0x63,0x11,0x4D,0xB0,0x63,0x11,0x4D,0xB0,0x63,0x11,0x4D,0xB0,0x63,0x11,0x4D,0xB0,0x63,0x11,0x4D,0xB0,0x63,0x11,0x4D,0xB0,0x63,0x11,0x4D,0xB0,0x63,0x11,0x4D,0xB0,0x63,0x11,0x4D,0xB0,0x63,0x11,0x4D,0xB0,0x63,0x11,0x4D,0xB0,0x63,0x11,0x4D,0xB0,0x63,0x11,0x4D,0xB0,0x63,0x11,0x4D,0xB0,0x63,0x11,0x4D,
    0xB0,0x63,0x11,0x4D,0xB0,0x63,0x11,0x4D,0xB0,0x63,0x11,0x4D,0xB0,0x63,0x11,0x4D,0xB0,0x63,0x11,0x4D,0xB0,0x63,0x11,0x4D,0xB0,0x63,0x11,0x4D,0xB0,0x63,0x11,0x4D,0xB0,0x63,0x11,0x4D,0xB0,0x63,0x11,0x4D,0xB0,0x63,0x11,0x4D,0xB0,0x63,0x11,0x4D,0xB0,0x63,0x11,0x4D,0xB0,0x63,0x11,0x4D,0xB0,0x63,0x11,0x4D,0xB0,0x63,0x11,0x4D,
    0xB0,0x63,0x11,0x4D,0xB0,0x63,0x11,0x4D,0xB0,0x63,0x11,0x4D,0xB0,0x63,0x11,0x4D,0xB0,0x63,0x11,0x4D,0xB0,0x63,0x11,0x4D,0xB0,0x63,0x11,0x4D,0xB0,0x63,0x11,0x4D,0xB0,0x63,0x11,0x4D,0xB0,0x63,0x11,0x4D,0xB0,0x63,0x11,0x4D,0xB0,0x63,0x11,0x4D,0xB0,0x63,0x11,0x4D,0xB0,0x63,0x11,0x4D,0xB0,0x63,0x11,0x4D,0xB0,0x63,0x11,0x4D,
    0xB0,0x63,0x11,0x4D,0xB0,0x63,0x11,0x4D,0xB0,0x63,0x11,0x4D,0xB0,0x63,0x11,0x4D,0xB0,0x63,0x11,0x4D,0xB0,0x63,0x11,0x4D,0xB0,0x63,0x11,0x4D,0xB0,0x63,0x11,0x4D,0xB0,0x63,0x11,0x4D,0xB0,0x63,0x11,0x4D,0xB0,0x63,0x11,0x4D,0xB0,0x63,0x11,0x4D,0xB0,0x63,0x11,0x4D,0xB0,0x63,0x11,0x4D,0xB0,0x63,0x11,0x4D,0xB0,0x63,0x11,0x4D,
    0xB0,0x63,0x11,0x4D,0xB0,0x63,0x11,0x4D,0xB0,0x63,0x11,0x4D,0xB0,0x63,0x11,0x4D,0xB0,0x63,0x11,0x4D,0xB0,0x63,0x11,0x4D,0xB0,0x63,0x11,0x4D,0xB0,0x63,0x11,0x4D,0xB0,0x63,0x11,0x4D,0xB0,0x63,0x11,0x4D,0xB0,0x63,0x11,0x4D,0xB0,0x63,0x11,0x4D,0xB0,0x63,0x11,0x4D,0xB0,0x63,0x11,0x4D,0xB0,0x63,0x11,0x4D,0xB0,0x63,0x11,0x4D,
    0xB0,0x63,0x11,0x4D,0xB0,0x63,0x11,0x4D,0xB0,0x63,0x11,0x4D,0xB0,0x63,0x11,0x4D,0xB0,0x63,0x11,0x4D,0xB0,0x63,0x11,0x4D,0xB0,0x63,0x11,0x4D,0xB0,0x63,0x11,0x4D,0xB0,0x63,0x11,0x4D,0xB0,0x63,0x11,0x4D,0xB0,0x63,0x11,0x4D,0xB0,0x63,0x11,0x4D,0xB0,0x63,0x11,0x4D,0xB0,0x63,0x11,0x4D,0xB0,0x63,0x11,0x4D,0xB0,0x63,0x11,0x4D,
    0xB0,0x63,0x11,0x4D,0xB0,0x63,0x11,0x4D,0xB0,0x63,0x11,0x4D,0xB0,0x63,0x11,0x4D,0xB0,0x63,0x11,0x4D,0xB0,0x63,0x11,0x4D,0xB0,0x63,0x11,0x4D,0xB0,0x63,0x11,0x4D,0xB0,0x63,0x11,0x4D,0xB0,0x63,0x11,0x4D,0xB0,0x63,0x11,0x4D,0xB0,0x63,0x11,0x4D,0xB0,0x63,0x11,0x4D,0xB0,0x63,0x11,0x4D,0xB0,0x63,0x11,0x4D,0xB0,0x63,0x11,0x4D,
    0xB0,0x63,0x11,0x4D,0xB0,0x63,0x11,0x4D,0xB0,0x63,0x11,0x4D,0xB0,0x63,0x11,0x4D,0xB0,0x63,0x11,0x4D,0xB0,0x63,0x11,0x4D,0xB0,0x63,0x11,0x4D,0xB0,0x63,0x11,0x4D,0xB0,0x63,0x11,0x4D,0xB0,0x63,0x11,0x4D,0xB0,0x63,0x11,0x4D,0xB0,0x63,0x11,0x4D,0xB0,0x63,0x11,0x4D,0xB0,0x63,0x11,0x4D,0xB0,0x63,0x11,0x4D,0xB0,0x63,0x11,0x4D,
    0xB0,0x63,0x11,0x4D,0xB0,0x63,0x11,0x4D,0xB0,0x63,0x11,0x4D,0xB0,0x63,0x11,0x4D,0xB0,0x63,0x11,0x4D,0xB0,0x63,0x11,0x4D,0xB0,0x63,0x11,0x4D,0xB0,0x63,0x11,0x4D,0xB0,0x63,0x11,0x4D,0xB0,0x63,0x11,0x4D,0xB0,0x63,0x11,0x4D,0xB0,0x63,0x11,0x4D,0xB0,0x63,0x11,0x4D,0xB0,0x63,0x11,0x4D,0xB0,0x63,0x11,0x4D,0xB0,0x63,0x11,0x4D,
    0xB0,0x63,0x11,0x4D,0xB0,0x63,0x11,0x4D,0xB0,0x63,0x11,0x4D,0xB0,0x63,0x11,0x4D,0xB0,0x63,0x11,0x4D,0xB0,0x63,0x11,0x4D,0xB0,0x63,0x11,0x4D,0xB0,0x63,0x11,0x4D,0xB0,0x63,0x11,0x4D,0xB0,0x63,0x11,0x4D,0xB0,0x63,0x11,0x4D,0xB0,0x63,0x11,0x4D,0xB0,0x63,0x11,0x4D,0xB0,0x63,0x11,0x4D,0xB0,0x63,0x11,0x4D,0xB0,0x63,0x11,0x4D,
    0xB0,0x63,0x11,0x4D,0xB0,0x63,0x11,0x4D,0xB0,0x63,0x11,0x4D,0xB0,0x63,0x11,0x4D,0xB0,0x63,0x11,0x4D,0xB0,0x63,0x11,0x4D,0xB0,0x63,0x11,0x4D,0xB0,0x63,0x11,0x4D,0xB0,0x63,0x11,0x4D,0xB0,0x63,0x11,0x4D,0xB0,0x63,0x11,0x4D,0xB0,0x63,0x11,0x4D,0xB0,0x63,0x11,0x4D,0xB0,0x63,0x11,0x4D,0xB0,0x63,0x11,0x4D,0xB0,0x63,0x11,0x4D,
    0xB0,0x63,0x11,0x4D,0xB0,0x63,0x11,0x4D,0xB0,0x63,0x11,0x4D,0xB0,0x63,0x11,0x4D,0xB0,0x63,0x11,0x4D,0xB0,0x63,0x11,0x4D,0xB0,0x63,0x11,0x4D,0xB0,0x63,0x11,0x4D,0xB0,0x63,0x11,0x4D,0xB0,0x63,0x11,0x4D,0xB0,0x63,0x11,0x4D,0xB0,0x63,0x11,0x4D,0xB0,0x63,0x11,0x4D,0xB0,0x63,0x11,0x4D,0xB0,0x63,0x11,0x4D,0xB0,0x63,0x11,0x4D,
    0xB0,0x63,0x11,0x4D,0xB0,0x63,0x11,0x4D,0xB0,0x63,0x11,0x4D,0xB0,0x63,0x11,0x4D,0xB0,0x63,0x11,0x4D,0xB0,0x63,0x11,0x4D,0xB0,0x63,0x11,0x4D,0xB0,0x63,0x11,0x4D,0xB0,0x63,0x11,0x4D,0xB0,0x63,0x11,0x4D,0xB0,0x63,0x11,0x4D,0xB0,0x63,0x11,0x4D,0xB0,0x63,0x11,0x4D,0xB0,0x63,0x11,0x4D,0xB0,0x63,0x11,0x4D,0xB0,0x63,0x11,0x4D,
    0xB0,0x63,0x11,0x4D,0xB0,0x63,0x11,0x4D,0xB0,0x63,0x11,0x4D,0xB0,0x63,0x11,0x4D,0xB0,0x63,0x11,0x4D,0xB0,0x63,0x11,0x4D,0xB0,0x63,0x11,0x4D,0xB0,0x63,0x11,0x4D,0xB0,0x63,0x11,0x4D,0xB0,0x63,0x11,0x4D,0xB0,0x63,0x11,0x4D,0xB0,0x63,0x11,0x4D,0xB0,0x63,0x11,0x4D,0xB0,0x63,0x11,0x4D,0xB0,0x63,0x11,0x4D,0xB0,0x63,0x11,0x4D,
    0xB0,0x63,0x11,0x4D,0xB0,0x63,0x11,0x4D,0xB0,0x63,0x11,0x4D,0xB0,0x63,0x11,0x4D,0xB0,0x63,0x11,0x4D,0xB0,0x63,0x11,0x4D,0xB0,0x63,0x11,0x4D,0xB0,0x63,0x11,0x4D,0xB0,0x63,0x11,0x4D,0xB0,0x63,0x11,0x4D,0xB0,0x63,0x11,0x4D,0xB0,0x63,0x11,0x4D,0xB0,0x63,0x11,0x4D,0xB0,0x63,0x11,0x4D,0xB0,0x63,0x11,0x4D,0xB0,0x63,0x11,0x4D,
    0xB0,0x63,0x11,0x4D,0xB0,0x63,0x11,0x4D,0xB0,0x63,0x11,0x4D,0xB0,0x63,0x11,0x4D,0xB0,0x63,0x11,0x4D,0xB0,0x63,0x11,0x4D,0xB0,0x63,0x11,0x4D,0xB0,0x63,0x11,0x4D,0xB0,0x63,0x11,0x4D,0xB0,0x63,0x11,0x4D,0xB0,0x63,0x11,0x4D,0xB0,0x63,0x11,0x4D,0xB0,0x63,0x11,0x4D,0xB0,0x63,0x11,0x4D,0xB0,0x63,0x11,0x4D,0xB0,0x63,0x11,0x4D,
    0xB0,0x63,0x11,0x4D,0xB0,0x63,0x11,0x4D,0xB0,0x63,0x11,0x4D,0xB0,0x63,0x11,0x4D,0xB0,0x63,0x11,0x4D,0xB0,0x63,0x11,0x4D,0xB0,0x63,0x11,0x4D,0xB0,0x63,0x11,0x4D,0xB0,0x63,0x11,0x4D,0xB0,0x63,0x11,0x4D,0xB0,0x63,0x11,0x4D,0xB0,0x63,0x11,0x4D,0xB0,0x63,0x11,0x4D,0xB0,0x63,0x11,0x4D,0xB0,0x63,0x11,0x4D,0xB0,0x63,0x11,0x4D,
    0xB0,0x63,0x11,0x4D,0xB0,0x63,0x11,0x4D,0xB0,0x63,0x11,0x4D,0xB0,0x63,0x11,0x4D,0xB0,0x63,0x11,0x4D,0xB0,0x63,0x11,0x4D,0xB0,0x63,0x11,0x4D,0xB0,0x63,0x11,0x4D,0xB0,0x63,0x11,0x4D,0xB0,0x63,0x11,0x4D,0xB0,0x63,0x11,0x4D,0xB0,0x63,0x11,0x4D,0xB0,0x63,0x11,0x4D,0xB0,0x63,0x11,0x4D,0xB0,0x63,0x11,0x4D,0xB0,0x63,0x11,0x4D,
    0xB0,0x63,0x11,0x4D,0xB0,0x63,0x11,0x4D,0xB0,0x63,0x11,0x4D,0xB0,0x63,0x11,0x4D,0xB0,0x63,0x11,0x4D,0xB0,0x63,0x11,0x4D,0xB0,0x63,0x11,0x4D,0xB0,0x63,0x11,0x4D,0xB0,0x63,0x11,0x4D,0xB0,0x63,0x11,0x4D,0xB0,0x63,0x11,0x4D,0xB0,0x63,0x11,0x4D,0xB0,0x63,0x11,0x4D,0xB0,0x63,0x11,0x4D,0xB0,0x63,0x11,0x4D,0xB0,0x63,0x11,0x4D,
    0xB0,0x63,0x11,0x4D,0xB0,0x63,0x11,0x4D,0xB0,0x63,0x11,0x4D,0xB0,0x63,0x11,0x4D,0xB0,0x63,0x11,0x4D,0xB0,0x63,0x11,0x4D,0xB0,0x63,0x11,0x4D,0xB0,0x63,0x11,0x4D,0xB0,0x63,0x11,0x4D,0xB0,0x63,0x11,0x4D,0xB0,0x63,0x11,0x4D,0xB0,0x63,0x11,0x4D,0xB0,0x63,0x11,0x4D,0xB0,0x63,0x11,0x4D,0xB0,0x63,0x11,0x4D,0xB0,0x63,0x11,0x4D,
    0xB0,0x63,0x11,0x4D,0xB0,0x63,0x11,0x4D,0xB0,0x63,0x11,0x4D,0xB0,0x63,0x11,0x4D,0xB0,0x63,0x11,0x4D,0xB0,0x63,0x11,0x4D,0xB0,0x63,0x11,0x4D,0xB0,0x63,0x11,0x4D,0xB0,0x63,0x11,0x4D,0xB0,0x63,0x11,0x4D,0xB0,0x63,0x11,0x4D,0xB0,0x63,0x11,0x4D,0xB0,0x63,0x11,0x4D,0xB0,0x63,0x11,0x4D,0xB0,0x63,0x11,0x4D,0xB0,0x63,0x11,0x4D,
    0xB0,0x63,0x11,0x4D,0xB0,0x63,0x11,0x4D,0xB0,0x63,0x11,0x4D,0xB0,0x63,0x11,0x4D,0xB0,0x63,0x11,0x4D,0xB0,0x63,0x11,0x4D,0xB0,0x63,0x11,0x4D,0xB0,0x63,0x11,0x4D,0xB0,0x63,0x11,0x4D,0xB0,0x63,0x11,0x4D,0xB0,0x63,0x11,0x4D,0xB0,0x63,0x11,0x4D,0xB0,0x63,0x11,0x4D,0xB0,0x63,0x11,0x4D,0xB0,0x63,0x11,0x4D,0xB0,0x63,0x11,0x4D,
    0xB0,0x63,0x11,0x4D,0xB0,0x63,0x11,0x4D,0xB0,0x63,0x11,0x4D,0xB0,0x63,0x11,0x4D,0xB0,0x63,0x11,0x4D,0xB0,0x63,0x11,0x4D,0xB0,0x63,0x11,0x4D,0xB0,0x63,0x11,0x4D,0xB0,0x63,0x11,0x4D,0xB0,0x63,0x11,0x4D,0xB0,0x63,0x11,0x4D,0xB0,0x63,0x11,0x4D,0xB0,0x63,0x11,0x4D,0xB0,0x63,0x11,0x4D,0xB0,0x63,0x11,0x4D,0xB0,0x63,0x11,0x4D,
    0xB0,0x63,0x11,0x4D,0xB0,0x63,0x11,0x4D,0xB0,0x63,0x11,0x4D,0xB0,0x63,0x11,0x4D,0xB0,0x63,0x11,0x4D,0xB0,0x63,0x11,0x4D,0xB0,0x63,0x11,0x4D,0xB0,0x63,0x11,0x4D,0xB0,0x63,0x11,0x4D,0xB0,0x63,0x11,0x4D,0xB0,0x63,0x11,0x4D,0xB0,0x63,0x11,0x4D,0xB0,0x63,0x11,0x4D,0xB0,0x63,0x11,0x4D,0xB0,0x63,0x11,0x4D,0xB0,0x63,0x11,0x4D,
    0xB0,0x63,0x11,0x4D,0xB0,0x63,0x11,0x4D,0xB0,0x63,0x11,0x4D,0xB0,0x63,0x11,0x4D,0xB0,0x63,0x11,0x4D,0xB0,0x63,0x11,0x4D,0xB0,0x63,0x11,0x4D,0xB0,0x63,0x11,0x4D,0xB0,0x63,0x11,0x4D,0xB0,0x63,0x11,0x4D,0xB0,0x63,0x11,0x4D,0xB0,0x63,0x11,0x4D,0xB0,0x63,0x11,0x4D,0xB0,0x63,0x11,0x4D,0xB0,0x63,0x11,0x4D,0xB0,0x63,0x11,0x4D,
    0xB0,0x63,0x11,0x4D,0xB0,0x63,0x11,0x4D,0xB0,0x63,0x11,0x4D,0xB0,0x63,0x11,0x4D,0xB0,0x63,0x11,0x4D,0xB0,0x63,0x11,0x4D,0xB0,0x63,0x11,0x4D,0xB0,0x63,0x11,0x4D,0xB0,0x63,0x11,0x4D,0xB0,0x63,0x11,0x4D,0xB0,0x63,0x11,0x4D,0xB0,0x63,0x11,0x4D,0xB0,0x63,0x11,0x4D,0xB0,0x63,0x11,0x4D,0xB0,0x63,0x11,0x4D,0xB0,0x63,0x11,0x4D,
    0xB0,0x63,0x11,0x4D,0xB0,0x63,0x11,0x4D,0xB0,0x63,0x11,0x4D,0xB0,0x63,0x11,0x4D,0xB0,0x63,0x11,0x4D,0xB0,0x63,0x11,0x4D,0xB0,0x63,0x11,0x4D,0xB0,0x63,0x11,0x4D,0xB0,0x63,0x11,0x4D,0xB0,0x63,0x11,0x4D,0xB0,0x63,0x11,0x4D,0xB0,0x63,0x11,0x4D,0xB0,0x63,0x11,0x4D,0xB0,0x63,0x11,0x4D,0xB0,0x63,0x11,0x4D,0xB0,0x63,0x11,0x4D,
    0xB0,0x63,0x11,0x4D,0xB0,0x63,0x11,0x4D,0xB0,0x63,0x11,0x4D,0xB0,0x63,0x11,0x4D,0xB0,0x63,0x11,0x4D,0xB0,0x63,0x11,0x4D,0xB0,0x63,0x11,0x4D,0xB0,0x63,0x11,0x4D,0xB0,0x63,0x11,0x4D,0xB0,0x63,0x11,0x4D,0xB0,0x63,0x11,0x4D,0xB0,0x63,0x11,0x4D,0xB0,0x63,0x11,0x4D,0xB0,0x63,0x11,0x4D,0xB0,0x63,0x11,0x4D,0xB0,0x63,0x11,0x4D,
    0xB0,0x63,0x11,0x4D,0xB0,0x63,0x11,0x4D,0xB0,0x63,0x11,0x4D,0xB0,0x63,0x11,0x4D,0xB0,0x63,0x11,0x4D,0xB0,0x63,0x11,0x4D,0xB0,0x63,0x11,0x4D,0xB0,0x63,0x11,0x4D,0xB0,0x63,0x11,0x4D,0xB0,0x63,0x11,0x4D,0xB0,0x63,0x11,0x4D,0xB0,0x63,0x11,0x4D,0xB0,0x63,0x11,0x4D,0xB0,0x63,0x11,0x4D,0xB0,0x63,0x11,0x4D,0xB0,0x63,0x11,0x4D,
    0xB0,0x63,0x11,0x4D,0xB0,0x63,0x11,0x4D,0xB0,0x63,0x11,0x4D,0xB0,0x63,0x11,0x4D,0xB0,0x63,0x11,0x4D,0xB0,0x63,0x11,0x4D,0xB0,0x63,0x11,0x4D,0xB0,0x63,0x11,0x4D,0xB0,0x63,0x11,0x4D,0xB0,0x63,0x11,0x4D,0xB0,0x63,0x11,0x4D,0xB0,0x63,0x11,0x4D,0xB0,0x63,0x11,0x4D,0xB0,0x63,0x11,0x4D,0xB0,0x63,0x11,0x4D,0xB0,0x63,0x11,0x4D,
    0xB0,0x63,0x11,0x4D,0xB0,0x63,0x11,0x4D,0xB0,0x63,0x11,0x4D,0xB0,0x63,0x11,0x4D,0xB0,0x63,0x11,0x4D,0xB0,0x63,0x11,0x4D,0xB0,0x63,0x11,0x4D,0xB0,0x63,0x11,0x4D,0xB0,0x63,0x11,0x4D,0xB0,0x63,0x11,0x4D,0xB0,0x63,0x11,0x4D,0xB0,0x63,0x11,0x4D,0xB0,0x63,0x11,0x4D,0xB0,0x63,0x11,0x4D,0xB0,0x63,0x11,0x4D,0xB0,0x63,0x11,0x4D,
    0xB0,0x63,0x11,0x4D,0xB0,0x63,0x11,0x4D,0xB0,0x63,0x11,0x4D,0xB0,0x63,0x11,0x4D,0xB0,0x63,0x11,0x4D,0xB0,0x63,0x11,0x4D,0xB0,0x63,0x11,0x4D,0xB0,0x63,0x11,0x4D,0xB0,0x63,0x11,0x4D,0xB0,0x63,0x11,0x4D,0xB0,0x63,0x11,0x4D,0xB0,0x63,0x11,0x4D,0xB0,0x63,0x11,0x4D,0xB0,0x63,0x11,0x4D,0xB0,0x63,0x11,0x4D,0xB0,0x63,0x11,0x4D,
    0xB0,0x63,0x11,0x4D,0xB0,0x63,0x11,0x4D,0xB0,0x63,0x11,0x4D,0xB0,0x63,0x11,0x4D,0xB0,0x63,0x11,0x4D,0xB0,0x63,0x11,0x4D,0xB0,0x63,0x11,0x4D,0xB0,0x63,0x11,0x4D,0xB0,0x63,0x11,0x4D,0xB0,0x63,0x11,0x4D,0xB0,0x63,0x11,0x4D,0xB0,0x63,0x11,0x4D,0xB0,0x63,0x11,0x4D,0xB0,0x63,0x11,0x4D,0xB0,0x63,0x11,0x4D,0xB0,0x63,0x11,0x4D,
    0xB0,0x63,0x11,0x4D,0xB0,0x63,0x11,0x4D,0xB0,0x63,0x11,0x4D,0xB0,0x63,0x11,0x4D,0xB0,0x63,0x11,0x4D,0xB0,0x63,0x11,0x4D,0xB0,0x63,0x11,0x4D,0xB0,0x63,0x11,0x4D,0xB0,0x63,0x11,0x4D,0xB0,0x63,0x11,0x4D,0xB0,0x63,0x11,0x4D,0xB0,0x63,0x11,0x4D,0xB0,0x63,0x11,0x4D,0xB0,0x63,0x11,0x4D,0xB0,0x63,0x11,0x4D,0xB0,0x63,0x11,0x4D,
    0xB0,0x63,0x11,0x4D,0xB0,0x63,0x11,0x4D,0xB0,0x63,0x11,0x4D,0xB0,0x63,0x11,0x4D,0xB0,0x63,0x11,0x4D,0xB0,0x63,0x11,0x4D,0xB0,0x63,0x11,0x4D,0xB0,0x63,0x11,0x4D,0xB0,0x63,0x11,0x4D,0xB0,0x63,0x11,0x4D,0xB0,0x63,0x11,0x4D,0xB0,0x63,0x11,0x4D,0xB0,0x63,0x11,0x4D,0xB0,0x63,0x11,0x4D,0xB0,0x63,0x11,0x4D,0xB0,0x63,0x11,0x4D,
    0xB0,0x63,0x11,0x4D,0xB0,0x63,0x11,0x4D,0xB0,0x63,0x11,0x4D,0xB0,0x63,0x11,0x4D,0xB0,0x63,0x11,0x4D,0xB0,0x63,0x11,0x4D,0xB0,0x63,0x11,0x4D,0xB0,0x63,0x11,0x4D,0xB0,0x63,0x11,0x4D,0xB0,0x63,0x11,0x4D,0xB0,0x63,0x11,0x4D,0xB0,0x63,0x11,0x4D,0xB0,0x63,0x11,0x4D,0xB0,0x63,0x11,0x4D,0xB0,0x63,0x11,0x4D,0xB0,0x63,0x11,0x4D,
    0xB0,0x63,0x11,0x4D,0xB0,0x63,0x11,0x4D,0xB0,0x63,0x11,0x4D,0xB0,0x63,0x11,0x4D,0xB0,0x63,0x11,0x4D,0xB0,0x63,0x11,0x4D,0xB0,0x63,0x11,0x4D,0xB0,0x63,0x11,0x4D,0xB0,0x63,0x11,0x4D,0xB0,0x63,0x11,0x4D,0xB0,0x63,0x11,0x4D,0xB0,0x63,0x11,0x4D,0xB0,0x63,0x11,0x4D,0xB0,0x63,0x11,0x4D,0xB0,0x63,0x11,0x4D,0xB0,0x63,0x11,0x4D,
    0xB0,0x63,0x11,0x4D,0xB0,0x63,0x11,0x4D,0xB0,0x63,0x11,0x4D,0xB0,0x63,0x11,0x4D,0xB0,0x63,0x11,0x4D,0xB0,0x63,0x11,0x4D,0xB0,0x63,0x11,0x4D,0xB0,0x63,0x11,0x4D,0xB0,0x63,0x11,0x4D,0xB0,0x63,0x11,0x4D,0xB0,0x63,0x11,0x4D,0xB0,0x63,0x11,0x4D,0xB0,0x63,0x11,0x4D,0xB0,0x63,0x11,0x4D,0xB0,0x63,0x11,0x4D,0xB0,0x63,0x11,0x4D,
    0xB0,0x63,0x11,0x4D,0xB0,0x63,0x11,0x4D,0xB0,0x63,0x11,0x4D,0xB0,0x63,0x11,0x4D,0xB0,0x63,0x11,0x4D,0xB0,0x63,0x11,0x4D,0xB0,0x63,0x11,0x4D,0xB0,0x63,0x11,0x4D,0xB0,0x63,0x11,0x4D,0xB0,0x63,0x11,0x4D,0xB0,0x63,0x11,0x4D,0xB0,0x63,0x11,0x4D,0xB0,0x63,0x11,0x4D,0xB0,0x63,0x11,0x4D,0xB0,0x63,0x11,0x4D,0xB0,0x63,0x11,0x4D,
    0xB0,0x63,0x11,0x4D,0xB0,0x63,0x11,0x4D,0xB0,0x63,0x11,0x4D,0xB0,0x63,0x11,0x4D,0xB0,0x63,0x11,0x4D,0xB0,0x63,0x11,0x4D,0xB0,0x63,0x11,0x4D,0xB0,0x63,0x11,0x4D,0xB0,0x63,0x11,0x4D,0xB0,0x63,0x11,0x4D,0xB0,0x63,0x11,0x4D,0xB0,0x63,0x11,0x4D,0xB0,0x63,0x11,0x4D,0xB0,0x63,0x11,0x4D,0xB0,0x63,0x11,0x4D,0xB0,0x63,0x11,0x4D,
    0xB0,0x63,0x11,0x4D,0xB0,0x63,0x11,0x4D,0xB0,0x63,0x11,0x4D,0xB0,0x63,0x11,0x4D,0xB0,0x63,0x11,0x4D,0xB0,0x63,0x11,0x4D,0xB0,0x63,0x11,0x4D,0xB0,0x63,0x11,0x4D,0xB0,0x63,0x11,0x4D,0xB0,0x63,0x11,0x4D,0xB0,0x63,0x11,0x4D,0xB0,0x63,0x11,0x4D,0xB0,0x63,0x11,0x4D,0xB0,0x63,0x11,0x4D,0xB0,0x63,0x11,0x4D,0xB0,0x63,0x11,0x4D,
    0xB0,0x63,0x11,0x4D,0xB0,0x63,0x11,0x4D,0xB0,0x63,0x11,0x4D,0xB0,0x63,0x11,0x4D,0xB0,0x63,0x11,0x4D,0xB0,0x63,0x11,0x4D,0xB0,0x63,0x11,0x4D,0xB0,0x63,0x11,0x4D,0xB0,0x63,0x11,0x4D,0xB0,0x63,0x11,0x4D,0xB0,0x63,0x11,0x4D,0xB0,0x63,0x11,0x4D,0xB0,0x63,0x11,0x4D,0xB0,0x63,0x11,0x4D,0xB0,0x63,0x11,0x4D,0xB0,0x63,0x11,0x4D,
    0xB0,0x63,0x11,0x4D,0xB0,0x63,0x11,0x4D,0xB0,0x63,0x11,0x4D,0xB0,0x63,0x11,0x4D,0xB0,0x63,0x11,0x4D,0xB0,0x63,0x11,0x4D,0xB0,0x63,0x11,0x4D,0xB0,0x63,0x11,0x4D,0xB0,0x63,0x11,0x4D,0xB0,0x63,0x11,0x4D,0xB0,0x63,0x11,0x4D,0xB0,0x63,0x11,0x4D,0xB0,0x63,0x11,0x4D,0xB0,0x63,0x11,0x4D,0xB0,0x63,0x11,0x4D,0xB0,0x63,0x11,0x4D,
    0xB0,0x63,0x11,0x4D,0xB0,0x63,0x11,0x4D,0xB0,0x63,0x11,0x4D,0xB0,0x63,0x11,0x4D,0xB0,0x63,0x11,0x4D,0xB0,0x63,0x11,0x4D,0xB0,0x63,0x11,0x4D,0xB0,0x63,0x11,0x4D,0xB0,0x63,0x11,0x4D,0xB0,0x63,0x11,0x4D,0xB0,0x63,0x11,0x4D,0xB0,0x63,0x11,0x4D,0xB0,0x63,0x11,0x4D,0xB0,0x63,0x11,0x4D,0xB0,0x63,0x11,0x4D,0xB0,0x63,0x11,0x4D,
    0xB0,0x63,0x11,0x4D,0xB0,0x63,0x11,0x4D,0xB0,0x63,0x11,0x4D,0xB0,0x63,0x11,0x4D,0xB0,0x63,0x11,0x4D,0xB0,0x63,0x11,0x4D,0xB0,0x63,0x11,0x4D,0xB0,0x63,0x11,0x4D,0xB0,0x63,0x11,0x4D,0xB0,0x63,0x11,0x4D,0xB0,0x63,0x11,0x4D,0xB0,0x63,0x11,0x4D,0xB0,0x63,0x11,0x4D,0xB0,0x63,0x11,0x4D,0xB0,0x63,0x11,0x4D,0xB0,0x63,0x11,0x4D,
    0xB0,0x63,0x11,0x4D,0xB0,0x63,0x11,0x4D,0xB0,0x63,0x11,0x4D,0xB0,0x63,0x11,0x4D,0xB0,0x63,0x11,0x4D,0xB0,0x63,0x11,0x4D,0xB0,0x63,0x11,0x4D,0xB0,0x63,0x11,0x4D,0xB0,0x63,0x11,0x4D,0xB0,0x63,0x11,0x4D,0xB0,0x63,0x11,0x4D,0xB0,0x63,0x11,0x4D,0xB0,0x63,0x11,0x4D,0xB0,0x63,0x11,0x4D,0xB0,0x63,0x11,0x4D,0xB0,0x63,0x11,0x4D,
    0xB0,0x63,0x11,0x4D,0xB0,0x63,0x11,0x4D,0xB0,0x63,0x11,0x4D,0xB0,0x63,0x11,0x4D,0xB0,0x63,0x11,0x4D,0xB0,0x63,0x11,0x4D,0xB0,0x63,0x11,0x4D,0xB0,0x63,0x11,0x4D,0xB0,0x63,0x11,0x4D,0xB0,0x63,0x11,0x4D,0xB0,0x63,0x11,0x4D,0xB0,0x63,0x11,0x4D,0xB0,0x63,0x11,0x4D,0xB0,0x63,0x11,0x4D,0xB0,0x63,0x11,0x4D,0xB0,0x63,0x11,0x4D,
    0xB0,0x63,0x11,0x4D,0xB0,0x63,0x11,0x4D,0xB0,0x63,0x11,0x4D,0xB0,0x63,0x11,0x4D,0xB0,0x63,0x11,0x4D,0xB0,0x63,0x11,0x4D,0xB0,0x63,0x11,0x4D,0xB0,0x63,0x11,0x4D,0xB0,0x63,0x11,0x4D,0xB0,0x63,0x11,0x4D,0xB0,0x63,0x11,0x4D,0xB0,0x63,0x11,0x4D,0xB0,0x63,0x11,0x4D,0xB0,0x63,0x11,0x4D,0xB0,0x63,0x11,0x4D,0xB0,0x63,0x11,0x4D,
    0xB0,0x63,0x11,0x4D,0xB0,0x63,0x11,0x4D,0xB0,0x63,0x11,0x4D,0xB0,0x63,0x11,0x4D,0xB0,0x63,0x11,0x4D,0xB0,0x63,0x11,0x4D,0xB0,0x63,0x11,0x4D,0xB0,0x63,0x11,0x4D,0xB0,0x63,0x11,0x4D,0xB0,0x63,0x11,0x4D,0xB0,0x63,0x11,0x4D,0xB0,0x63,0x11,0x4D,0xB0,0x63,0x11,0x4D,0xB0,0x63,0x11,0x4D,0xB0,0x63,0x11,0x4D,0xB0,0x63,0x11,0x4D,
    0xB0,0x63,0x11,0x4D,0xB0,0x63,0x11,0x4D,0xB0,0x63,0x11,0x4D,0xB0,0x63,0x11,0x4D,0xB0,0x63,0x11,0x4D,0xB0,0x63,0x11,0x4D,0xB0,0x63,0x11,0x4D,0xB0,0x63,0x11,0x4D,0xB0,0x63,0x11,0x4D,0xB0,0x63,0x11,0x4D,0xB0,0x63,0x11,0x4D,0xB0,0x63,0x11,0x4D,0xB0,0x63,0x11,0x4D,0xB0,0x63,0x11,0x4D,0xB0,0x63,0x11,0x4D,0xB0,0x63,0x11,0x4D,
    0xB0,0x63,0x11,0x4D,0xB0,0x63,0x11,0x4D,0xB0,0x63,0x11,0x4D,0xB0,0x63,0x11,0x4D,0xB0,0x63,0x11,0x4D,0xB0,0x63,0x11,0x4D,0xB0,0x63,0x11,0x4D,0xB0,0x63,0x11,0x4D,0xB0,0x63,0x11,0x4D,0xB0,0x63,0x11,0x4D,0xB0,0x63,0x11,0x4D,0xB0,0x63,0x11,0x4D,0xB0,0x63,0x11,0x4D,0xB0,0x63,0x11,0x4D,0xB0,0x63,0x11,0x4D,0xB0,0x63,0x11,0x4D,
    0xB0,0x63,0x11,0x4D,0xB0,0x63,0x11,0x4D,0xB0,0x63,0x11,0x4D,0xB0,0x63,0x11,0x4D,0xB0,0x63,0x11,0x4D,0xB0,0x63,0x11,0x4D,0xB0,0x63,0x11,0x4D,0xB0,0x63,0x11,0x4D,0xB0,0x63,0x11,0x4D,0xB0,0x63,0x11,0x4D,0xB0,0x63,0x11,0x4D,0xB0,0x63,0x11,0x4D,0xB0,0x63,0x11,0x4D,0xB0,0x63,0x11,0x4D,0xB0,0x63,0x11,0x4D,0xB0,0x63,0x11,0x4D,
    0xB0,0x63,0x11,0x4D,0xB0,0x63,0x11,0x4D,0xB0,0x63,0x11,0x4D,0xB0,0x63,0x11,0x4D,0xB0,0x63,0x11,0x4D,0xB0,0x63,0x11,0x4D,0xB0,0x63,0x11,0x4D,0xB0,0x63,0x11,0x4D,0xB0,0x63,0x11,0x4D,0xB0,0x63,0x11,0x4D,0xB0,0x63,0x11,0x4D,0xB0,0x63,0x11,0x4D,0xB0,0x63,0x11,0x4D,0xB0,0x63,0x11,0x4D,0xB0,0x63,0x11,0x4D,0xB0,0x63,0x11,0x4D,
    0xB0,0x63,0x11,0x4D,0xB0,0x63,0x11,0x4D,0xB0,0x63,0x11,0x4D,0xB0,0x63,0x11,0x4D,0xB0,0x63,0x11,0x4D,0xB0,0x63,0x11,0x4D,0xB0,0x63,0x11,0x4D,0xB0,0x63,0x11,0x4D,0xB0,0x63,0x11,0x4D,0xB0,0x63,0x11,0x4D,0xB0,0x63,0x11,0x4D,0xB0,0x63,0x11,0x4D,0xB0,0x63,0x11,0x4D,0xB0,0x63,0x11,0x4D,0xB0,0x63,0x11,0x4D,0xB0,0x63,0x11,0x4D,
    0xB0,0x63,0x11,0x4D,0xB0,0x63,0x11,0x4D,0xB0,0x63,0x11,0x4D,0xB0,0x63,0x11,0x4D,0xB0,0x63,0x11,0x4D,0xB0,0x63,0x11,0x4D,0xB0,0x63,0x11,0x4D,0xB0,0x63,0x11,0x4D,0xB0,0x63,0x11,0x4D,0xB0,0x63,0x11,0x4D,0xB0,0x63,0x11,0x4D,0xB0,0x63,0x11,0x4D,0xB0,0x63,0x11,0x4D,0xB0,0x63,0x11,0x4D,0xB0,0x63,0x11,0x4D,0xB0,0x63,0x11,0x4D,
    0xB0,0x63,0x11,0x4D,0xB0,0x63,0x11,0x4D,0xB0,0x63,0x11,0x4D,0xB0,0x63,0x11,0x4D,0xB0,0x63,0x11,0x4D,0xB0,0x63,0x11,0x4D,0xB0,0x63,0x11,0x4D,0xB0,0x63,0x11,0x4D,0xB0,0x63,0x11,0x4D,0xB0,0x63,0x11,0x4D,0xB0,0x63,0x11,0x4D,0xB0,0x63,0x11,0x4D,0xB0,0x63,0x11,0x4D,0xB0,0x63,0x11,0x4D,0xB0,0x63,0x11,0x4D,0xB0,0x63,0x11,0x4D,
    0xB0,0x63,0x11,0x4D,0xB0,0x63,0x11,0x4D,0xB0,0x63,0x11,0x4D,0xB0,0x63,0x11,0x4D,0xB0,0x63,0x11,0x4D,0xB0,0x63,0x11,0x4D,0xB0,0x63,0x11,0x4D,0xB0,0x63,0x11,0x4D,0xB0,0x63,0x11,0x4D,0xB0,0x63,0x11,0x4D,0xB0,0x63,0x11,0x4D,0xB0,0x63,0x11,0x4D,0xB0,0x63,0x11,0x4D,0xB0,0x63,0x11,0x4D,0xB0,0x63,0x11,0x4D,0xB0,0x63,0x11,0x4D,
    0xB0,0x63,0x11,0x4D,0xB0,0x63,0x11,0x4D,0xB0,0x63,0x11,0x4D,0xB0,0x63,0x11,0x4D,0xB0,0x63,0x11,0x4D,0xB0,0x63,0x11,0x4D,0xB0,0x63,0x11,0x4D,0xB0,0x63,0x11,0x4D,0xB0,0x63,0x11,0x4D,0xB0,0x63,0x11,0x4D,0xB0,0x63,0x11,0x4D,0xB0,0x63,0x11,0x4D,0xB0,0x63,0x11,0x4D,0xB0,0x63,0x11,0x4D,0xB0,0x63,0x11,0x4D,0xB0,0x63,0x11,0x4D,
    0xB0,0x63,0x11,0x4D,0xB0,0x63,0x11,0x4D,0xB0,0x63,0x11,0x4D,0xB0,0x63,0x11,0x4D,0xB0,0x63,0x11,0x4D,0xB0,0x63,0x11,0x4D,0xB0,0x63,0x11,0x4D,0xB0,0x63,0x11,0x4D,0xB0,0x63,0x11,0x4D,0xB0,0x63,0x11,0x4D,0xB0,0x63,0x11,0x4D,0xB0,0x63,0x11,0x4D,0xB0,0x63,0x11,0x4D,0xB0,0x63,0x11,0x4D,0xB0,0x63,0x11,0x4D,0xB0,0x63,0x11,0x4D,
    0xB0,0x63,0x11,0x4D,0xB0,0x63,0x11,0x4D,0xB0,0x63,0x11,0x4D,0xB0,0x63,0x11,0x4D,0xB0,0x63,0x11,0x4D,0xB0,0x63,0x11,0x4D,0xB0,0x63,0x11,0x4D,0xB0,0x63,0x11,0x4D,0xB0,0x63,0x11,0x4D,0xB0,0x63,0x11,0x4D,0xB0,0x63,0x11,0x4D,0xB0,0x63,0x11,0x4D,0xB0,0x63,0x11,0x4D,0xB0,0x63,0x11,0x4D,0xB0,0x63,0x11,0x4D,0xB0,0x63,0x11,0x4D,
    0xB0,0x63,0x11,0x4D,0xB0,0x63,0x11,0x4D,0xB0,0x63,0x11,0x4D,0xB0,0x63,0x11,0x4D,0xB0,0x63,0x11,0x4D,0xB0,0x63,0x11,0x4D,0xB0,0x63,0x11,0x4D,0xB0,0x63,0x11,0x4D,0xB0,0x63,0x11,0x4D,0xB0,0x63,0x11,0x4D,0xB0,0x63,0x11,0x4D,0xB0,0x63,0x11,0x4D,0xB0,0x63,0x11,0x4D,0xB0,0x63,0x11,0x4D,0xB0,0x63,0x11,0x4D,0xB0,0x63,0x11,0x4D,
    0xB0,0x63,0x11,0x4D,0xB0,0x63,0x11,0x4D,0xB0,0x63,0x11,0x4D,0xB0,0x63,0x11,0x4D,0xB0,0x63,0x11,0x4D,0xB0,0x63,0x11,0x4D,0xB0,0x63,0x11,0x4D,0xB0,0x63,0x11,0x4D,0xB0,0x63,0x11,0x4D,0xB0,0x63,0x11,0x4D,0xB0,0x63,0x11,0x4D,0xB0,0x63,0x11,0x4D,0xB0,0x63,0x11,0x4D,0xB0,0x63,0x11,0x4D,0xB0,0x63,0x11,0x4D,0xB0,0x63,0x11,0x4D,
    0xB0,0x63,0x11,0x4D,0xB0,0x63,0x11,0x4D,0xB0,0x63,0x11,0x4D,0xB0,0x63,0x11,0x4D,0xB0,0x63,0x11,0x4D,0xB0,0x63,0x11,0x4D,0xB0,0x63,0x11,0x4D,0xB0,0x63,0x11,0x4D,0xB0,0x63,0x11,0x4D,0xB0,0x63,0x11,0x4D,0xB0,0x63,0x11,0x4D,0xB0,0x63,0x11,0x4D,0xB0,0x63,0x11,0x4D,0xB0,0x63,0x11,0x4D,0xB0,0x63,0x11,0x4D,0xB0,0x63,0x11,0x4D,
    0xB0,0x63,0x11,0x4D,0xB0,0x63,0x11,0x4D,0xB0,0x63,0x11,0x4D,0xB0,0x63,0x11,0x4D,0xB0,0x63,0x11,0x4D,0xB0,0x63,0x11,0x4D,0xB0,0x63,0x11,0x4D,0xB0,0x63,0x11,0x4D,0xB0,0x63,0x11,0x4D,0xB0,0x63,0x11,0x4D,0xB0,0x63,0x11,0x4D,0xB0,0x63,0x11,0x4D,0xB0,0x63,0x11,0x4D,0xB0,0x63,0x11,0x4D,0xB0,0x63,0x11,0x4D,0xB0,0x63,0x11,0x4D,
    0xB0,0x63,0x11,0x4D,0xB0,0x63,0x11,0x4D,0xB0,0x63,0x11,0x4D,0xB0,0x63,0x11,0x4D,0xB0,0x63,0x11,0x4D,0xB0,0x63,0x11,0x4D,0xB0,0x63,0x11,0x4D,0xB0,0x63,0x11,0x4D,0xB0,0x63,0x11,0x4D,0xB0,0x63,0x11,0x4D,0xB0,0x63,0x11,0x4D,0xB0,0x63,0x11,0x4D,0xB0,0x63,0x11,0x4D,0xB0,0x63,0x11,0x4D,0xB0,0x63,0x11,0x4D,0xB0,0x63,0x11,0x4D,
    0xB0,0x63,0x11,0x4D,0xB0,0x63,0x11,0x4D,0xB0,0x63,0x11,0x4D,0xB0,0x63,0x11,0x4D,0xB0,0x63,0x11,0x4D,0xB0,0x63,0x11,0x4D,0xB0,0x63,0x11,0x4D,0xB0,0x63,0x11,0x4D,0xB0,0x63,0x11,0x4D,0xB0,0x63,0x11,0x4D,0xB0,0x63,0x11,0x4D,0xB0,0x63,0x11,0x4D,0xB0,0x63,0x11,0x4D,0xB0,0x63,0x11,0x4D,0xB0,0x63,0x11,0x4D,0xB0,0x63,0x11,0x4D,
    0xB0,0x63,0x11,0x4D,0xB0,0x63,0x11,0x4D,0xB0,0x63,0x11,0x4D,0xB0,0x63,0x11,0x4D,0xB0,0x63,0x11,0x4D,0xB0,0x63,0x11,0x4D,0xB0,0x63,0x11,0x4D,0xB0,0x63,0x11,0x4D,0xB0,0x63,0x11,0x4D,0xB0,0x63,0x11,0x4D,0xB0,0x63,0x11,0x4D,0xB0,0x63,0x11,0x4D,0xB0,0x63,0x11,0x4D,0xB0,0x63,0x11,0x4D,0xB0,0x63,0x11,0x4D,0xB0,0x63,0x11,0x4D,
    0xB0,0x63,0x11,0x4D,0xB0,0x63,0x11,0x4D,0xB0,0x63,0x11,0x4D,0xB0,0x63,0x11,0x4D,0xB0,0x63,0x11,0x4D,0xB0,0x63,0x11,0x4D,0xB0,0x63,0x11,0x4D,0xB0,0x63,0x11,0x4D,0xB0,0x63,0x11,0x4D,0xB0,0x63,0x11,0x4D,0xB0,0x63,0x11,0x4D,0xB0,0x63,0x11,0x4D,0xB0,0x63,0x11,0x4D,0xB0,0x63,0x11,0x4D,0xB0,0x63,0x11,0x4D,0xB0,0x63,0x11,0x4D,
    0xB0,0x63,0x11,0x4D,0xB0,0x63,0x11,0x4D,0xB0,0x63,0x11,0x4D,0xB0,0x63,0x11,0x4D,0xB0,0x63,0x11,0x4D,0xB0,0x63,0x11,0x4D,0xB0,0x63,0x11,0x4D,0xB0,0x63,0x11,0x4D,0xB0,0x63,0x11,0x4D,0xB0,0x63,0x11,0x4D,0xB0,0x63,0x11,0x4D,0xB0,0x63,0x11,0x4D,0xB0,0x63,0x11,0x4D,0xB0,0x63,0x11,0x4D,0xB0,0x63,0x11,0x4D,0xB0,0x63,0x11,0x4D,
    0xB0,0x63,0x11,0x4D,0xB0,0x63,0x11,0x4D,0xB0,0x63,0x11,0x4D,0xB0,0x63,0x11,0x4D,0xB0,0x63,0x11,0x4D,0xB0,0x63,0x11,0x4D,0xB0,0x63,0x11,0x4D,0xB0,0x63,0x11,0x4D,0xB0,0x63,0x11,0x4D,0xB0,0x63,0x11,0x4D,0xB0,0x63,0x11,0x4D,0xB0,0x63,0x11,0x4D,0xB0,0x63,0x11,0x4D,0xB0,0x63,0x11,0x4D,0xB0,0x63,0x11,0x4D,0xB0,0x63,0x11,0x4D,
    0xB0,0x63,0x11,0x4D,0xB0,0x63,0x11,0x4D,0xB0,0x63,0x11,0x4D,0xB0,0x63,0x11,0x4D,0xB0,0x63,0x11,0x4D,0xB0,0x63,0x11,0x4D,0xB0,0x63,0x11,0x4D,0xB0,0x63,0x11,0x4D,0xB0,0x63,0x11,0x4D,0xB0,0x63,0x11,0x4D,0xB0,0x63,0x11,0x4D,0xB0,0x63,0x11,0x4D,0xB0,0x63,0x11,0x4D,0xB0,0x63,0x11,0x4D,0xB0,0x63,0x11,0x4D,0xB0,0x63,0x11,0x4D,
    0xB0,0x63,0x11,0x4D,0xB0,0x63,0x11,0x4D,0xB0,0x63,0x11,0x4D,0xB0,0x63,0x11,0x4D,0xB0,0x63,0x11,0x4D,0xB0,0x63,0x11,0x4D,0xB0,0x63,0x11,0x4D,0xB0,0x63,0x11,0x4D,0xB0,0x63,0x11,0x4D,0xB0,0x63,0x11,0x4D,0xB0,0x63,0x11,0x4D,0xB0,0x63,0x11,0x4D,0xB0,0x63,0x11,0x4D,0xB0,0x63,0x11,0x4D,0xB0,0x63,0x11,0x4D,0xB0,0x63,0x11,0x4D,
    0xB0,0x63,0x11,0x4D,0xB0,0x63,0x11,0x4D,0xB0,0x63,0x11,0x4D,0xB0,0x63,0x11,0x4D,0xB0,0x63,0x11,0x4D,0xB0,0x63,0x11,0x4D,0xB0,0x63,0x11,0x4D,0xB0,0x63,0x11,0x4D,0xB0,0x63,0x11,0x4D,0xB0,0x63,0x11,0x4D,0xB0,0x63,0x11,0x4D,0xB0,0x63,0x11,0x4D,0xB0,0x63,0x11,0x4D,0xB0,0x63,0x11,0x4D,0xB0,0x63,0x11,0x4D,0xB0,0x63,0x11,0x4D,
    0xB0,0x63,0x11,0x4D,0xB0,0x63,0x11,0x4D,0xB0,0x63,0x11,0x4D,0xB0,0x63,0x11,0x4D,0xB0,0x63,0x11,0x4D,0xB0,0x63,0x11,0x4D,0xB0,0x63,0x11,0x4D,0xB0,0x63,0x11,0x4D,0xB0,0x63,0x11,0x4D,0xB0,0x63,0x11,0x4D,0xB0,0x63,0x11,0x4D,0xB0,0x63,0x11,0x4D,0xB0,0x63,0x11,0x4D,0xB0,0x63,0x11,0x4D,0xB0,0x63,0x11,0x4D,0xB0,0x63,0x11,0x4D,
    0xB0,0x63,0x11,0x4D,0xB0,0x63,0x11,0x4D,0xB0,0x63,0x11,0x4D,0xB0,0x63,0x11,0x4D,0xB0,0x63,0x11,0x4D,0xB0,0x63,0x11,0x4D,0xB0,0x63,0x11,0x4D,0xB0,0x63,0x11,0x4D,0xB0,0x63,0x11,0x4D,0xB0,0x63,0x11,0x4D,0xB0,0x63,0x11,0x4D,0xB0,0x63,0x11,0x4D,0xB0,0x63,0x11,0x4D,0xB0,0x63,0x11,0x4D,0xB0,0x63,0x11,0x4D,0xB0,0x63,0x11,0x4D,
    0xB0,0x63,0x11,0x4D,0xB0,0x63,0x11,0x4D,0xB0,0x63,0x11,0x4D,0xB0,0x63,0x11,0x4D,0xB0,0x63,0x11,0x4D,0xB0,0x63,0x11,0x4D,0xB0,0x63,0x11,0x4D,0xB0,0x63,0x11,0x4D,0xB0,0x63,0x11,0x4D,0xB0,0x63,0x11,0x4D,0xB0,0x63,0x11,0x4D,0xB0,0x63,0x11,0x4D,0xB0,0x63,0x11,0x4D,0xB0,0x63,0x11,0x4D,0xB0,0x63,0x11,0x4D,0xB0,0x63,0x11,0x4D,
    0xB0,0x63,0x11,0x4D,0xB0,0x63,0x11,0x4D,0xB0,0x63,0x11,0x4D,0xB0,0x63,0x11,0x4D,0xB0,0x63,0x11,0x4D,0xB0,0x63,0x11,0x4D,0xB0,0x63,0x11,0x4D,0xB0,0x63,0x11,0x4D,0xB0,0x63,0x11,0x4D,0xB0,0x63,0x11,0x4D,0xB0,0x63,0x11,0x4D,0xB0,0x63,0x11,0x4D,0xB0,0x63,0x11,0x4D,0xB0,0x63,0x11,0x4D,0xB0,0x63,0x11,0x4D,0xB0,0x63,0x11,0x4D,
    0xB0,0x63,0x11,0x4D,0xB0,0x63,0x11,0x4D,0xB0,0x63,0x11,0x4D,0xB0,0x63,0x11,0x4D,0xB0,0x63,0x11,0x4D,0xB0,0x63,0x11,0x4D,0xB0,0x63,0x11,0x4D,0xB0,0x63,0x11,0x4D,0xB0,0x63,0x11,0x4D,0xB0,0x63,0x11,0x4D,0xB0,0x63,0x11,0x4D,0xB0,0x63,0x11,0x4D,0xB0,0x63,0x11,0x4D,0xB0,0x63,0x11,0x4D,0xB0,0x63,0x11,0x4D,0xB0,0x63,0x11,0x4D,
    0xB0,0x63,0x11,0x4D,0xB0,0x63,0x11,0x4D,0xB0,0x63,0x11,0x4D,0xB0,0x63,0x11,0x4D,0xB0,0x63,0x11,0x4D,0xB0,0x63,0x11,0x4D,0xB0,0x63,0x11,0x4D,0xB0,0x63,0x11,0x4D,0xB0,0x63,0x11,0x4D,0xB0,0x63,0x11,0x4D,0xB0,0x63,0x11,0x4D,0xB0,0x63,0x11,0x4D,0xB0,0x63,0x11,0x4D,0xB0,0x63,0x11,0x4D,0xB0,0x63,0x11,0x4D,0xB0,0x63,0x11,0x4D,
    0xB0,0x63,0x11,0x4D,0xB0,0x63,0x11,0x4D,0xB0,0x63,0x11,0x4D,0xB0,0x63,0x11,0x4D,0xB0,0x63,0x11,0x4D,0xB0,0x63,0x11,0x4D,0xB0,0x63,0x11,0x4D,0xB0,0x63,0x11,0x4D,0xB0,0x63,0x11,0x4D,0xB0,0x63,0x11,0x4D,0xB0,0x63,0x11,0x4D,0xB0,0x63,0x11,0x4D,0xB0,0x63,0x11,0x4D,0xB0,0x63,0x11,0x4D,0xB0,0x63,0x11,0x4D,0xB0,0x63,0x11,0x4D,
    0xB0,0x63,0x11,0x4D,0xB0,0x63,0x11,0x4D,0xB0,0x63,0x11,0x4D,0xB0,0x63,0x11,0x4D,0xB0,0x63,0x11,0x4D,0xB0,0x63,0x11,0x4D,0xB0,0x63,0x11,0x4D,0xB0,0x63,0x11,0x4D,0xB0,0x63,0x11,0x4D,0xB0,0x63,0x11,0x4D,0xB0,0x63,0x11,0x4D,0xB0,0x63,0x11,0x4D,0xB0,0x63,0x11,0x4D,0xB0,0x63,0x11,0x4D,0xB0,0x63,0x11,0x4D,0xB0,0x63,0x11,0x4D,
    0xB0,0x63,0x11,0x4D,0xB0,0x63,0x11,0x4D,0xB0,0x63,0x11,0x4D,0xB0,0x63,0x11,0x4D,0xB0,0x63,0x11,0x4D,0xB0,0x63,0x11,0x4D,0xB0,0x63,0x11,0x4D,0xB0,0x63,0x11,0x4D,0xB0,0x63,0x11,0x4D,0xB0,0x63,0x11,0x4D,0xB0,0x63,0x11,0x4D,0xB0,0x63,0x11,0x4D,0xB0,0x63,0x11,0x4D,0xB0,0x63,0x11,0x4D,0xB0,0x63,0x11,0x4D,0xB0,0x63,0x11,0x4D,
    0xB0,0x63,0x11,0x4D,0xB0,0x63,0x11,0x4D,0xB0,0x63,0x11,0x4D,0xB0,0x63,0x11,0x4D,0xB0,0x63,0x11,0x4D,0xB0,0x63,0x11,0x4D,0xB0,0x63,0x11,0x4D,0xB0,0x63,0x11,0x4D,0xB0,0x63,0x11,0x4D,0xB0,0x63,0x11,0x4D,0xB0,0x63,0x11,0x4D,0xB0,0x63,0x11,0x4D,0xB0,0x63,0x11,0x4D,0xB0,0x63,0x11,0x4D,0xB0,0x63,0x11,0x4D,0xB0,0x63,0x11,0x4D,
    0xB0,0x63,0x11,0x4D,0xB0,0x63,0x11,0x4D,0xB0,0x63,0x11,0x4D,0xB0,0x63,0x11,0x4D,0xB0,0x63,0x11,0x4D,0xB0,0x63,0x11,0x4D,0xB0,0x63,0x11,0x4D,0xB0,0x63,0x11,0x4D,0xB0,0x63,0x11,0x4D,0xB0,0x63,0x11,0x4D,0xB0,0x63,0x11,0x4D,0xB0,0x63,0x11,0x4D,0xB0,0x63,0x11,0x4D,0xB0,0x63,0x11,0x4D,0xB0,0x63,0x11,0x4D,0xB0,0x63,0x11,0x4D,
    0xB0,0x63,0x11,0x4D,0xB0,0x63,0x11,0x4D,0xB0,0x63,0x11,0x4D,0xB0,0x63,0x11,0x4D,0xB0,0x63,0x11,0x4D,0xB0,0x63,0x11,0x4D,0xB0,0x63,0x11,0x4D,0xB0,0x63,0x11,0x4D,0xB0,0x63,0x11,0x4D,0xB0,0x63,0x11,0x4D,0xB0,0x63,0x11,0x4D,0xB0,0x63,0x11,0x4D,0xB0,0x63,0x11,0x4D,0xB0,0x63,0x11,0x4D,0xB0,0x63,0x11,0x4D,0xB0,0x63,0x11,0x4D,
    0xB0,0x63,0x11,0x4D,0xB0,0x63,0x11,0x4D,0xB0,0x63,0x11,0x4D,0xB0,0x63,0x11,0x4D,0xB0,0x63,0x11,0x4D,0xB0,0x63,0x11,0x4D,0xB0,0x63,0x11,0x4D,0xB0,0x63,0x11,0x4D,0xB0,0x63,0x11,0x4D,0xB0,0x63,0x11,0x4D,0xB0,0x63,0x11,0x4D,0xB0,0x63,0x11,0x4D,0xB0,0x63,0x11,0x4D,0xB0,0x63,0x11,0x4D,0xB0,0x63,0x11,0x4D,0xB0,0x63,0x11,0x4D,
    0xB0,0x63,0x11,0x4D,0xB0,0x63,0x11,0x4D,0xB0,0x63,0x11,0x4D,0xB0,0x63,0x11,0x4D,0xB0,0x63,0x11,0x4D,0xB0,0x63,0x11,0x4D,0xB0,0x63,0x11,0x4D,0xB0,0x63,0x11,0x4D,0xB0,0x63,0x11,0x4D,0xB0,0x63,0x11,0x4D,0xB0,0x63,0x11,0x4D,0xB0,0x63,0x11,0x4D,0xB0,0x63,0x11,0x4D,0xB0,0x63,0x11,0x4D,0xB0,0x63,0x11,0x4D,0xB0,0x63,0x11,0x4D,
    0xB0,0x63,0x11,0x4D,0xB0,0x63,0x11,0x4D,0xB0,0x63,0x11,0x4D,0xB0,0x63,0x11,0x4D,0xB0,0x63,0x11,0x4D,0xB0,0x63,0x11,0x4D,0xB0,0x63,0x11,0x4D,0xB0,0x63,0x11,0x4D,0xB0,0x63,0x11,0x4D,0xB0,0x63,0x11,0x4D,0xB0,0x63,0x11,0x4D,0xB0,0x63,0x11,0x4D,0xB0,0x63,0x11,0x4D,0xB0,0x63,0x11,0x4D,0xB0,0x63,0x11,0x4D,0xB0,0x63,0x11,0x4D,
    0xB0,0x63,0x11,0x4D,0xB0,0x63,0x11,0x4D,0xB0,0x63,0x11,0x4D,0xB0,0x63,0x11,0x4D,0xB0,0x63,0x11,0x4D,0xB0,0x63,0x11,0x4D,0xB0,0x63,0x11,0x4D,0xB0,0x63,0x11,0x4D,0xB0,0x63,0x11,0x4D,0xB0,0x63,0x11,0x4D,0xB0,0x63,0x11,0x4D,0xB0,0x63,0x11,0x4D,0xB0,0x63,0x11,0x4D,0xB0,0x63,0x11,0x4D,0xB0,0x63,0x11,0x4D,0xB0,0x63,0x11,0x4D,
    0xB0,0x63,0x11,0x4D,0xB0,0x63,0x11,0x4D,0xB0,0x63,0x11,0x4D,0xB0,0x63,0x11,0x4D,0xB0,0x63,0x11,0x4D,0xB0,0x63,0x11,0x4D,0xB0,0x63,0x11,0x4D,0xB0,0x63,0x11,0x4D,0xB0,0x63,0x11,0x4D,0xB0,0x63,0x11,0x4D,0xB0,0x63,0x11,0x4D,0xB0,0x63,0x11,0x4D,0xB0,0x63,0x11,0x4D,0xB0,0x63,0x11,0x4D,0xB0,0x63,0x11,0x4D,0xB0,0x63,0x11,0x4D,
    0xB0,0x63,0x11,0x4D,0xB0,0x63,0x11,0x4D,0xB0,0x63,0x11,0x4D,0xB0,0x63,0x11,0x4D,0xB0,0x63,0x11,0x4D,0xB0,0x63,0x11,0x4D,0xB0,0x63,0x11,0x4D,0xB0,0x63,0x11,0x4D,0xB0,0x63,0x11,0x4D,0xB0,0x63,0x11,0x4D,0xB0,0x63,0x11,0x4D,0xB0,0x63,0x11,0x4D,0xB0,0x63,0x11,0x4D,0xB0,0x63,0x11,0x4D,0xB0,0x63,0x11,0x4D,0xB0,0x63,0x11,0x4D,
    0xB0,0x63,0x11,0x4D,0xB0,0x63,0x11,0x4D,0xB0,0x63,0x11,0x4D,0xB0,0x63,0x11,0x4D,0xB0,0x63,0x11,0x4D,0xB0,0x63,0x11,0x4D,0xB0,0x63,0x11,0x4D,0xB0,0x63,0x11,0x4D,0xB0,0x63,0x11,0x4D,0xB0,0x63,0x11,0x4D,0xB0,0x63,0x11,0x4D,0xB0,0x63,0x11,0x4D,0xB0,0x63,0x11,0x4D,0xB0,0x63,0x11,0x4D,0xB0,0x63,0x11,0x4D,0xB0,0x63,0x11,0x4D,
    0xB0,0x63,0x11,0x4D,0xB0,0x63,0x11,0x4D,0xB0,0x63,0x11,0x4D,0xB0,0x63,0x11,0x4D,0xB0,0x63,0x11,0x4D,0xB0,0x63,0x11,0x4D,0xB0,0x63,0x11,0x4D,0xB0,0x63,0x11,0x4D,0xB0,0x63,0x11,0x4D,0xB0,0x63,0x11,0x4D,0xB0,0x63,0x11,0x4D,0xB0,0x63,0x11,0x4D,0xB0,0x63,0x11,0x4D,0xB0,0x63,0x11,0x4D,0xB0,0x63,0x11,0x4D,0xB0,0x63,0x11,0x4D,
    0xB0,0x63,0x11,0x4D,0xB0,0x63,0x11,0x4D,0xB0,0x63,0x11,0x4D,0xB0,0x63,0x11,0x4D,0xB0,0x63,0x11,0x4D,0xB0,0x63,0x11,0x4D,0xB0,0x63,0x11,0x4D,0xB0,0x63,0x11,0x4D,0xB0,0x63,0x11,0x4D,0xB0,0x63,0x11,0x4D,0xB0,0x63,0x11,0x4D,0xB0,0x63,0x11,0x4D,0xB0,0x63,0x11,0x4D,0xB0,0x63,0x11,0x4D,0xB0,0x63,0x11,0x4D,0xB0,0x63,0x11,0x4D,
    0xB0,0x63,0x11,0x4D,0xB0,0x63,0x11,0x4D,0xB0,0x63,0x11,0x4D,0xB0,0x63,0x11,0x4D,0xB0,0x63,0x11,0x4D,0xB0,0x63,0x11,0x4D,0xB0,0x63,0x11,0x4D,0xB0,0x63,0x11,0x4D,0xB0,0x63,0x11,0x4D,0xB0,0x63,0x11,0x4D,0xB0,0x63,0x11,0x4D,0xB0,0x63,0x11,0x4D,0xB0,0x63,0x11,0x4D,0xB0,0x63,0x11,0x4D,0xB0,0x63,0x11,0x4D,0xB0,0x63,0x11,0x4D,
    0xB0,0x63,0x11,0x4D,0xB0,0x63,0x11,0x4D,0xB0,0x63,0x11,0x4D,0xB0,0x63,0x11,0x4D,0xB0,0x63,0x11,0x4D,0xB0,0x63,0x11,0x4D,0xB0,0x63,0x11,0x4D,0xB0,0x63,0x11,0x4D,0xB0,0x63,0x11,0x4D,0xB0,0x63,0x11,0x4D,0xB0,0x63,0x11,0x4D,0xB0,0x63,0x11,0x4D,0xB0,0x63,0x11,0x4D,0xB0,0x63,0x11,0x4D,0xB0,0x63,0x11,0x4D,0xB0,0x63,0x11,0x4D,
    0xB0,0x63,0x11,0x4D,0xB0,0x63,0x11,0x4D,0xB0,0x63,0x11,0x4D,0xB0,0x63,0x11,0x4D,0xB0,0x63,0x11,0x4D,0xB0,0x63,0x11,0x4D,0xB0,0x63,0x11,0x4D,0xB0,0x63,0x11,0x4D,0xB0,0x63,0x11,0x4D,0xB0,0x63,0x11,0x4D,0xB0,0x63,0x11,0x4D,0xB0,0x63,0x11,0x4D,0xB0,0x63,0x11,0x4D,0xB0,0x63,0x11,0x4D,0xB0,0x63,0x11,0x4D,0xB0,0x63,0x11,0x4D,
    0xB0,0x63,0x11,0x4D,0xB0,0x63,0x11,0x4D,0xB0,0x63,0x11,0x4D,0xB0,0x63,0x11,0x4D,0xB0,0x63,0x11,0x4D,0xB0,0x63,0x11,0x4D,0xB0,0x63,0x11,0x4D,0xB0,0x63,0x11,0x4D,0xB0,0x63,0x11,0x4D,0xB0,0x63,0x11,0x4D,0xB0,0x63,0x11,0x4D,0xB0,0x63,0x11,0x4D,0xB0,0x63,0x11,0x4D,0xB0,0x63,0x11,0x4D,0xB0,0x63,0x11,0x4D,0xB0,0x63,0x11,0x4D,
    0xB0,0x63,0x11,0x4D,0xB0,0x63,0x11,0x4D,0xB0,0x63,0x11,0x4D,0xB0,0x63,0x11,0x4D,0xB0,0x63,0x11,0x4D,0xB0,0x63,0x11,0x4D,0xB0,0x63,0x11,0x4D,0xB0,0x63,0x11,0x4D,0xB0,0x63,0x11,0x4D,0xB0,0x63,0x11,0x4D,0xB0,0x63,0x11,0x4D,0xB0,0x63,0x11,0x4D,0xB0,0x63,0x11,0x4D,0xB0,0x63,0x11,0x4D,0xB0,0x63,0x11,0x4D,0xB0,0x63,0x11,0x4D,
    0xB0,0x63,0x11,0x4D,0xB0,0x63,0x11,0x4D,0xB0,0x63,0x11,0x4D,0xB0,0x63,0x11,0x4D,0xB0,0x63,0x11,0x4D,0xB0,0x63,0x11,0x4D,0xB0,0x63,0x11,0x4D,0xB0,0x63,0x11,0x4D,0xB0,0x63,0x11,0x4D,0xB0,0x63,0x11,0x4D,0xB0,0x63,0x11,0x4D,0xB0,0x63,0x11,0x4D,0xB0,0x63,0x11,0x4D,0xB0,0x63,0x11,0x4D,0xB0,0x63,0x11,0x4D,0xB0,0x63,0x11,0x4D,
    0xB0,0x63,0x11,0x4D,0xB0,0x63,0x11,0x4D,0xB0,0x63,0x11,0x4D,0xB0,0x63,0x11,0x4D,0xB0,0x63,0x11,0x4D,0xB0,0x63,0x11,0x4D,0xB0,0x63,0x11,0x4D,0xB0,0x63,0x11,0x4D,0xB0,0x63,0x11,0x4D,0xB0,0x63,0x11,0x4D,0xB0,0x63,0x11,0x4D,0xB0,0x63,0x11,0x4D,0xB0,0x63,0x11,0x4D,0xB0,0x63,0x11,0x4D,0xB0,0x63,0x11,0x4D,0xB0,0x63,0x11,0x4D,
    0xB0,0x63,0x11,0x4D,0xB0,0x63,0x11,0x4D,0xB0,0x63,0x11,0x4D,0xB0,0x63,0x11,0x4D,0xB0,0x63,0x11,0x4D,0xB0,0x63,0x11,0x4D,0xB0,0x63,0x11,0x4D,0xB0,0x63,0x11,0x4D,0xB0,0x63,0x11,0x4D,0xB0,0x63,0x11,0x4D,0xB0,0x63,0x11,0x4D,0xB0,0x63,0x11,0x4D,0xB0,0x63,0x11,0x4D,0xB0,0x63,0x11,0x4D,0xB0,0x63,0x11,0x4D,0xB0,0x63,0x11,0x4D,
    0xB0,0x63,0x11,0x4D,0xB0,0x63,0x11,0x4D,0xB0,0x63,0x11,0x4D,0xB0,0x63,0x11,0x4D,0xB0,0x63,0x11,0x4D,0xB0,0x63,0x11,0x4D,0xB0,0x63,0x11,0x4D,0xB0,0x63,0x11,0x4D,0xB0,0x63,0x11,0x4D,0xB0,0x63,0x11,0x4D,0xB0,0x63,0x11,0x4D,0xB0,0x63,0x11,0x4D,0xB0,0x63,0x11,0x4D,0xB0,0x63,0x11,0x4D,0xB0,0x63,0x11,0x4D,0xB0,0x63,0x11,0x4D,
    0xB0,0x63,0x11,0x4D,0xB0,0x63,0x11,0x4D,0xB0,0x63,0x11,0x4D,0xB0,0x63,0x11,0x4D,0xB0,0x63,0x11,0x4D,0xB0,0x63,0x11,0x4D,0xB0,0x63,0x11,0x4D,0xB0,0x63,0x11,0x4D,0xB0,0x63,0x11,0x4D,0xB0,0x63,0x11,0x4D,0xB0,0x63,0x11,0x4D,0xB0,0x63,0x11,0x4D,0xB0,0x63,0x11,0x4D,0xB0,0x63,0x11,0x4D,0xB0,0x63,0x11,0x4D,0xB0,0x63,0x11,0x4D,
    0xB0,0x63,0x11,0x4D,0xB0,0x63,0x11,0x4D,0xB0,0x63,0x11,0x4D,0xB0,0x63,0x11,0x4D,0xB0,0x63,0x11,0x4D,0xB0,0x63,0x11,0x4D,0xB0,0x63,0x11,0x4D,0xB0,0x63,0x11,0x4D,0xB0,0x63,0x11,0x4D,0xB0,0x63,0x11,0x4D,0xB0,0x63,0x11,0x4D,0xB0,0x63,0x11,0x4D,0xB0,0x63,0x11,0x4D,0xB0,0x63,0x11,0x4D,0xB0,0x63,0x11,0x4D,0xB0,0x63,0x11,0x4D,
    0xB0,0x63,0x11,0x4D,0xB0,0x63,0x11,0x4D,0xB0,0x63,0x11,0x4D,0xB0,0x63,0x11,0x4D,0xB0,0x63,0x11,0x4D,0xB0,0x63,0x11,0x4D,0xB0,0x63,0x11,0x4D,0xB0,0x63,0x11,0x4D,0xB0,0x63,0x11,0x4D,0xB0,0x63,0x11,0x4D,0xB0,0x63,0x11,0x4D,0xB0,0x63,0x11,0x4D,0xB0,0x63,0x11,0x4D,0xB0,0x63,0x11,0x4D,0xB0,0x63,0x11,0x4D,0xB0,0x63,0x11,0x4D,
    0xB0,0x63,0x11,0x4D,0xB0,0x63,0x11,0x4D,0xB0,0x63,0x11,0x4D,0xB0,0x63,0x11,0x4D,0xB0,0x63,0x11,0x4D,0xB0,0x63,0x11,0x4D,0xB0,0x63,0x11,0x4D,0xB0,0x63,0x11,0x4D,0xB0,0x63,0x11,0x4D,0xB0,0x63,0x11,0x4D,0xB0,0x63,0x11,0x4D,0xB0,0x63,0x11,0x4D,0xB0,0x63,0x11,0x4D,0xB0,0x63,0x11,0x4D,0xB0,0x63,0x11,0x4D,0xB0,0x63,0x11,0x4D,
    0xB0,0x63,0x11,0x4D,0xB0,0x63,0x11,0x4D,0xB0,0x63,0x11,0x4D,0xB0,0x63,0x11,0x4D,0xB0,0x63,0x11,0x4D,0xB0,0x63,0x11,0x4D,0xB0,0x63,0x11,0x4D,0xB0,0x63,0x11,0x4D,0xB0,0x63,0x11,0x4D,0xB0,0x63,0x11,0x4D,0xB0,0x63,0x11,0x4D,0xB0,0x63,0x11,0x4D,0xB0,0x63,0x11,0x4D,0xB0,0x63,0x11,0x4D,0xB0,0x63,0x11,0x4D,0xB0,0x63,0x11,0x4D,
    0xB0,0x63,0x11,0x4D,0xB0,0x63,0x11,0x4D,0xB0,0x63,0x11,0x4D,0xB0,0x63,0x11,0x4D,0xB0,0x63,0x11,0x4D,0xB0,0x63,0x11,0x4D,0xB0,0x63,0x11,0x4D,0xB0,0x63,0x11,0x4D,0xB0,0x63,0x11,0x4D,0xB0,0x63,0x11,0x4D,0xB0,0x63,0x11,0x4D,0xB0,0x63,0x11,0x4D,0xB0,0x63,0x11,0x4D,0xB0,0x63,0x11,0x4D,0xB0,0x63,0x11,0x4D,0xB0,0x63,0x11,0x4D,
    0xB0,0x63,0x11,0x4D,0xB0,0x63,0x11,0x4D,0xB0,0x63,0x11,0x4D,0xB0,0x63,0x11,0x4D,0xB0,0x63,0x11,0x4D,0xB0,0x63,0x11,0x4D,0xB0,0x63,0x11,0x4D,0xB0,0x63,0x11,0x4D,0xB0,0x63,0x11,0x4D,0xB0,0x63,0x11,0x4D,0xB0,0x63,0x11,0x4D,0xB0,0x63,0x11,0x4D,0xB0,0x63,0x11,0x4D,0xB0,0x63,0x11,0x4D,0xB0,0x63,0x11,0x4D,0xB0,0x63,0x11,0x4D,
    0xB0,0x63,0x11,0x4D,0xB0,0x63,0x11,0x4D,0xB0,0x63,0x11,0x4D,0xB0,0x63,0x11,0x4D,0xB0,0x63,0x11,0x4D,0xB0,0x63,0x11,0x4D,0xB0,0x63,0x11,0x4D,0xB0,0x63,0x11,0x4D,0xB0,0x63,0x11,0x4D,0xB0,0x63,0x11,0x4D,0xB0,0x63,0x11,0x4D,0xB0,0x63,0x11,0x4D,0xB0,0x63,0x11,0x4D,0xB0,0x63,0x11,0x4D,0xB0,0x63,0x11,0x4D,0xB0,0x63,0x11,0x4D,
    0xB0,0x63,0x11,0x4D,0xB0,0x63,0x11,0x4D,0xB0,0x63,0x11,0x4D,0xB0,0x63,0x11,0x4D,0xB0,0x63,0x11,0x4D,0xB0,0x63,0x11,0x4D,0xB0,0x63,0x11,0x4D,0xB0,0x63,0x11,0x4D,0xB0,0x63,0x11,0x4D,0xB0,0x63,0x11,0x4D,0xB0,0x63,0x11,0x4D,0xB0,0x63,0x11,0x4D,0xB0,0x63,0x11,0x4D,0xB0,0x63,0x11,0x4D,0xB0,0x63,0x11,0x4D,0xB0,0x63,0x11,0x4D,
    0xB0,0x63,0x11,0x4D,0xB0,0x63,0x11,0x4D,0xB0,0x63,0x11,0x4D,0xB0,0x63,0x11,0x4D,0xB0,0x63,0x11,0x4D,0xB0,0x63,0x11,0x4D,0xB0,0x63,0x11,0x4D,0xB0,0x63,0x11,0x4D,0xB0,0x63,0x11,0x4D,0xB0,0x63,0x11,0x4D,0xB0,0x63,0x11,0x4D,0xB0,0x63,0x11,0x4D,0xB0,0x63,0x11,0x4D,0xB0,0x63,0x11,0x4D,0xB0,0x63,0x11,0x4D,0xB0,0x63,0x11,0x4D,
    0xB0,0x63,0x11,0x4D,0xB0,0x63,0x11,0x4D,0xB0,0x63,0x11,0x4D,0xB0,0x63,0x11,0x4D,0xB0,0x63,0x11,0x4D,0xB0,0x63,0x11,0x4D,0xB0,0x63,0x11,0x4D,0xB0,0x63,0x11,0x4D,0xB0,0x63,0x11,0x4D,0xB0,0x63,0x11,0x4D,0xB0,0x63,0x11,0x4D,0xB0,0x63,0x11,0x4D,0xB0,0x63,0x11,0x4D,0xB0,0x63,0x11,0x4D,0xB0,0x63,0x11,0x4D,0xB0,0x63,0x11,0x4D,
    0xB0,0x63,0x11,0x4D,0xB0,0x63,0x11,0x4D,0xB0,0x63,0x11,0x4D,0xB0,0x63,0x11,0x4D,0xB0,0x63,0x11,0x4D,0xB0,0x63,0x11,0x4D,0xB0,0x63,0x11,0x4D,0xB0,0x63,0x11,0x4D,0xB0,0x63,0x11,0x4D,0xB0,0x63,0x11,0x4D,0xB0,0x63,0x11,0x4D,0xB0,0x63,0x11,0x4D,0xB0,0x63,0x11,0x4D,0xB0,0x63,0x11,0x4D,0xB0,0x63,0x11,0x4D,0xB0,0x63,0x11,0x4D,
    0xB0,0x63,0x11,0x4D,0xB0,0x63,0x11,0x4D,0xB0,0x63,0x11,0x4D,0xB0,0x63,0x11,0x4D,0xB0,0x63,0x11,0x4D,0xB0,0x63,0x11,0x4D,0xB0,0x63,0x11,0x4D,0xB0,0x63,0x11,0x4D,0xB0,0x63,0x11,0x4D,0xB0,0x63,0x11,0x4D,0xB0,0x63,0x11,0x4D,0xB0,0x63,0x11,0x4D,0xB0,0x63,0x11,0x4D,0xB0,0x63,0x11,0x4D,0xB0,0x63,0x11,0x4D,0xB0,0x63,0x11,0x4D,
    0xB0,0x63,0x11,0x4D,0xB0,0x63,0x11,0x4D,0xB0,0x63,0x11,0x4D,0xB0,0x63,0x11,0x4D,0xB0,0x63,0x11,0x4D,0xB0,0x63,0x11,0x4D,0xB0,0x63,0x11,0x4D,0xB0,0x63,0x11,0x4D,0xB0,0x63,0x11,0x4D,0xB0,0x63,0x11,0x4D,0xB0,0x63,0x11,0x4D,0xB0,0x63,0x11,0x4D,0xB0,0x63,0x11,0x4D,0xB0,0x63,0x11,0x4D,0xB0,0x63,0x11,0x4D,0xB0,0x63,0x11,0x4D,
    0xB0,0x63,0x11,0x4D,0xB0,0x63,0x11,0x4D,0xB0,0x63,0x11,0x4D,0xB0,0x63,0x11,0x4D,0xB0,0x63,0x11,0x4D,0xB0,0x63,0x11,0x4D,0xB0,0x63,0x11,0x4D,0xB0,0x63,0x11,0x4D,0xB0,0x63,0x11,0x4D,0xB0,0x63,0x11,0x4D,0xB0,0x63,0x11,0x4D,0xB0,0x63,0x11,0x4D,0xB0,0x63,0x11,0x4D,0xB0,0x63,0x11,0x4D,0xB0,0x63,0x11,0x4D,0xB0,0x63,0x11,0x4D,
    0xB0,0x63,0x11,0x4D,0xB0,0x63,0x11,0x4D,0xB0,0x63,0x11,0x4D,0xB0,0x63,0x11,0x4D,0xB0,0x63,0x11,0x4D,0xB0,0x63,0x11,0x4D,0xB0,0x63,0x11,0x4D,0xB0,0x63,0x11,0x4D,0xB0,0x63,0x11,0x4D,0xB0,0x63,0x11,0x4D,0xB0,0x63,0x11,0x4D,0xB0,0x63,0x11,0x4D,0xB0,0x63,0x11,0x4D,0xB0,0x63,0x11,0x4D,0xB0,0x63,0x11,0x4D,0xB0,0x63,0x11,0x4D,
    0xB0,0x63,0x11,0x4D,0xB0,0x63,0x11,0x4D,0xB0,0x63,0x11,0x4D,0xB0,0x63,0x11,0x4D,0xB0,0x63,0x11,0x4D,0xB0,0x63,0x11,0x4D,0xB0,0x63,0x11,0x4D,0xB0,0x63,0x11,0x4D,0xB0,0x63,0x11,0x4D,0xB0,0x63,0x11,0x4D,0xB0,0x63,0x11,0x4D,0xB0,0x63,0x11,0x4D,0xB0,0x63,0x11,0x4D,0xB0,0x63,0x11,0x4D,0xB0,0x63,0x11,0x4D,0xB0,0x63,0x11,0x4D,
    0xB0,0x63,0x11,0x4D,0xB0,0x63,0x11,0x4D,0xB0,0x63,0x11,0x4D,0xB0,0x63,0x11,0x4D,0xB0,0x63,0x11,0x4D,0xB0,0x63,0x11,0x4D,0xB0,0x63,0x11,0x4D,0xB0,0x63,0x11,0x4D,0xB0,0x63,0x11,0x4D,0xB0,0x63,0x11,0x4D,0xB0,0x63,0x11,0x4D,0xB0,0x63,0x11,0x4D,0xB0,0x63,0x11,0x4D,0xB0,0x63,0x11,0x4D,0xB0,0x63,0x11,0x4D,0xB0,0x63,0x11,0x4D,
    0xB0,0x63,0x11,0x4D,0xB0,0x63,0x11,0x4D,0xB0,0x63,0x11,0x4D,0xB0,0x63,0x11,0x4D,0xB0,0x63,0x11,0x4D,0xB0,0x63,0x11,0x4D,0xB0,0x63,0x11,0x4D,0xB0,0x63,0x11,0x4D,0xB0,0x63,0x11,0x4D,0xB0,0x63,0x11,0x4D,0xB0,0x63,0x11,0x4D,0xB0,0x63,0x11,0x4D,0xB0,0x63,0x11,0x4D,0xB0,0x63,0x11,0x4D,0xB0,0x63,0x11,0x4D,0xB0,0x63,0x11,0x4D,
    0xB0,0x63,0x11,0x4D,0xB0,0x63,0x11,0x4D,0xB0,0x63,0x11,0x4D,0xB0,0x63,0x11,0x4D,0xB0,0x63,0x11,0x4D,0xB0,0x63,0x11,0x4D,0xB0,0x63,0x11,0x4D,0xB0,0x63,0x11,0x4D,0xB0,0x63,0x11,0x4D,0xB0,0x63,0x11,0x4D,0xB0,0x63,0x11,0x4D,0xB0,0x63,0x11,0x4D,0xB0,0x63,0x11,0x4D,0xB0,0x63,0x11,0x4D,0xB0,0x63,0x11,0x4D,0xB0,0x63,0x11,0x4D,
    0xB0,0x63,0x11,0x4D,0xB0,0x63,0x11,0x4D,0xB0,0x63,0x11,0x4D,0xB0,0x63,0x11,0x4D,0xB0,0x63,0x11,0x4D,0xB0,0x63,0x11,0x4D,0xB0,0x63,0x11,0x4D,0xB0,0x63,0x11,0x4D,0xB0,0x63,0x11,0x4D,0xB0,0x63,0x11,0x4D,0xB0,0x63,0x11,0x4D,0xB0,0x63,0x11,0x4D,0xB0,0x63,0x11,0x4D,0xB0,0x63,0x11,0x4D,0xB0,0x63,0x11,0x4D,0xB0,0x63,0x11,0x4D,
    0xB0,0x63,0x11,0x4D,0xB0,0x63,0x11,0x4D,0xB0,0x63,0x11,0x4D,0xB0,0x63,0x11,0x4D,0xB0,0x63,0x11,0x4D,0xB0,0x63,0x11,0x4D,0xB0,0x63,0x11,0x4D,0xB0,0x63,0x11,0x4D,0xB0,0x63,0x11,0x4D,0xB0,0x63,0x11,0x4D,0xB0,0x63,0x11,0x4D,0xB0,0x63,0x11,0x4D,0xB0,0x63,0x11,0x4D,0xB0,0x63,0x11,0x4D,0xB0,0x63,0x11,0x4D,0xB0,0x63,0x11,0x4D,
    0xB0,0x63,0x11,0x4D,0xB0,0x63,0x11,0x4D,0xB0,0x63,0x11,0x4D,0xB0,0x63,0x11,0x4D,0xB0,0x63,0x11,0x4D,0xB0,0x63,0x11,0x4D,0xB0,0x63,0x11,0x4D,0xB0,0x63,0x11,0x4D,0xB0,0x63,0x11,0x4D,0xB0,0x63,0x11,0x4D,0xB0,0x63,0x11,0x4D,0xB0,0x63,0x11,0x4D,0xB0,0x63,0x11,0x4D,0xB0,0x63,0x11,0x4D,0xB0,0x63,0x11,0x4D,0xB0,0x63,0x11,0x4D,
    0xB0,0x63,0x11,0x4D,0xB0,0x63,0x11,0x4D,0xB0,0x63,0x11,0x4D,0xB0,0x63,0x11,0x4D,0xB0,0x63,0x11,0x4D,0xB0,0x63,0x11,0x4D,0xB0,0x63,0x11,0x4D,0xB0,0x63,0x11,0x4D,0xB0,0x63,0x11,0x4D,0xB0,0x63,0x11,0x4D,0xB0,0x63,0x11,0x4D,0xB0,0x63,0x11,0x4D,0xB0,0x63,0x11,0x4D,0xB0,0x63,0x11,0x4D,0xB0,0x63,0x11,0x4D,0xB0,0x63,0x11,0x4D,
    0xB0,0x63,0x11,0x4D,0xB0,0x63,0x11,0x4D,0xB0,0x63,0x11,0x4D,0xB0,0x63,0x11,0x4D,0xB0,0x63,0x11,0x4D,0xB0,0x63,0x11,0x4D,0xB0,0x63,0x11,0x4D,0xB0,0x63,0x11,0x4D,0xB0,0x63,0x11,0x4D,0xB0,0x63,0x11,0x4D,0xB0,0x63,0x11,0x4D,0xB0,0x63,0x11,0x4D,0xB0,0x63,0x11,0x4D,0xB0,0x63,0x11,0x4D,0xB0,0x63,0x11,0x4D,0xB0,0x63,0x11,0x4D,
    0xB0,0x63,0x11,0x4D,0xB0,0x63,0x11,0x4D,0xB0,0x63,0x11,0x4D,0xB0,0x63,0x11,0x4D,0xB0,0x63,0x11,0x4D,0xB0,0x63,0x11,0x4D,0xB0,0x63,0x11,0x4D,0xB0,0x63,0x11,0x4D,0xB0,0x63,0x11,0x4D,0xB0,0x63,0x11,0x4D,0xB0,0x63,0x11,0x4D,0xB0,0x63,0x11,0x4D,0xB0,0x63,0x11,0x4D,0xB0,0x63,0x11,0x4D,0xB0,0x63,0x11,0x4D,0xB0,0x63,0x11,0x4D,
    0xB0,0x63,0x11,0x4D,0xB0,0x63,0x11,0x4D,0xB0,0x63,0x11,0x4D,0xB0,0x63,0x11,0x4D,0xB0,0x63,0x11,0x4D,0xB0,0x63,0x11,0x4D,0xB0,0x63,0x11,0x4D,0xB0,0x63,0x11,0x4D,0xB0,0x63,0x11,0x4D,0xB0,0x63,0x11,0x4D,0xB0,0x63,0x11,0x4D,0xB0,0x63,0x11,0x4D,0xB0,0x63,0x11,0x4D,0xB0,0x63,0x11,0x4D,0xB0,0x63,0x11,0x4D,0xB0,0x63,0x11,0x4D,
    0xB0,0x63,0x11,0x4D,0xB0,0x63,0x11,0x4D,0xB0,0x63,0x11,0x4D,0xB0,0x63,0x11,0x4D,0xB0,0x63,0x11,0x4D,0xB0,0x63,0x11,0x4D,0xB0,0x63,0x11,0x4D,0xB0,0x63,0x11,0x4D,0xB0,0x63,0x11,0x4D,0xB0,0x63,0x11,0x4D,0xB0,0x63,0x11,0x4D,0xB0,0x63,0x11,0x4D,0xB0,0x63,0x11,0x4D,0xB0,0x63,0x11,0x4D,0xB0,0x63,0x11,0x4D,0xB0,0x63,0x11,0x4D,
    0xB0,0x63,0x11,0x4D,0xB0,0x63,0x11,0x4D,0xB0,0x63,0x11,0x4D,0xB0,0x63,0x11,0x4D,0xB0,0x63,0x11,0x4D,0xB0,0x63,0x11,0x4D,0xB0,0x63,0x11,0x4D,0xB0,0x63,0x11,0x4D,0xB0,0x63,0x11,0x4D,0xB0,0x63,0x11,0x4D,0xB0,0x63,0x11,0x4D,0xB0,0x63,0x11,0x4D,0xB0,0x63,0x11,0x4D,0xB0,0x63,0x11,0x4D,0xB0,0x63,0x11,0x4D,0xB0,0x63,0x11,0x4D,
    0xB0,0x63,0x11,0x4D,0xB0,0x63,0x11,0x4D,0xB0,0x63,0x11,0x4D,0xB0,0x63,0x11,0x4D,0xB0,0x63,0x11,0x4D,0xB0,0x63,0x11,0x4D,0xB0,0x63,0x11,0x4D,0xB0,0x63,0x11,0x4D,0xB0,0x63,0x11,0x4D,0xB0,0x63,0x11,0x4D,0xB0,0x63,0x11,0x4D,0xB0,0x63,0x11,0x4D,0xB0,0x63,0x11,0x4D,0xB0,0x63,0x11,0x4D,0xB0,0x63,0x11,0x4D,0xB0,0x63,0x11,0x4D,
    0xB0,0x63,0x11,0x4D,0xB0,0x63,0x11,0x4D,0xB0,0x63,0x11,0x4D,0xB0,0x63,0x11,0x4D,0xB0,0x63,0x11,0x4D,0xB0,0x63,0x11,0x4D,0xB0,0x63,0x11,0x4D,0xB0,0x63,0x11,0x4D,0xB0,0x63,0x11,0x4D,0xB0,0x63,0x11,0x4D,0xB0,0x63,0x11,0x4D,0xB0,0x63,0x11,0x4D,0xB0,0x63,0x11,0x4D,0xB0,0x63,0x11,0x4D,0xB0,0x63,0x11,0x4D,0xB0,0x63,0x11,0x4D,
    0xB0,0x63,0x11,0x4D,0xB0,0x63,0x11,0x4D,0xB0,0x63,0x11,0x4D,0xB0,0x63,0x11,0x4D,0xB0,0x63,0x11,0x4D,0xB0,0x63,0x11,0x4D,0xB0,0x63,0x11,0x4D,0xB0,0x63,0x11,0x4D,0xB0,0x63,0x11,0x4D,0xB0,0x63,0x11,0x4D,0xB0,0x63,0x11,0x4D,0xB0,0x63,0x11,0x4D,0xB0,0x63,0x11,0x4D,0xB0,0x63,0x11,0x4D,0xB0,0x63,0x11,0x4D,0xB0,0x63,0x11,0x4D,
    0xB0,0x63,0x11,0x4D,0xB0,0x63,0x11,0x4D,0xB0,0x63,0x11,0x4D,0xB0,0x63,0x11,0x4D,0xB0,0x63,0x11,0x4D,0xB0,0x63,0x11,0x4D,0xB0,0x63,0x11,0x4D,0xB0,0x63,0x11,0x4D,0xB0,0x63,0x11,0x4D,0xB0,0x63,0x11,0x4D,0xB0,0x63,0x11,0x4D,0xB0,0x63,0x11,0x4D,0xB0,0x63,0x11,0x4D,0xB0,0x63,0x11,0x4D,0xB0,0x63,0x11,0x4D,0xB0,0x63,0x11,0x4D,
    0xB0,0x63,0x11,0x4D,0xB0,0x63,0x11,0x4D,0xB0,0x63,0x11,0x4D,0xB0,0x63,0x11,0x4D,0xB0,0x63,0x11,0x4D,0xB0,0x63,0x11,0x4D,0xB0,0x63,0x11,0x4D,0xB0,0x63,0x11,0x4D,0xB0,0x63,0x11,0x4D,0xB0,0x63,0x11,0x4D,0xB0,0x63,0x11,0x4D,0xB0,0x63,0x11,0x4D,0xB0,0x63,0x11,0x4D,0xB0,0x63,0x11,0x4D,0xB0,0x63,0x11,0x4D,0xB0,0x63,0x11,0x4D,
    0xB0,0x63,0x11,0x4D,0xB0,0x63,0x11,0x4D,0xB0,0x63,0x11,0x4D,0xB0,0x63,0x11,0x4D,0xB0,0x63,0x11,0x4D,0xB0,0x63,0x11,0x4D,0xB0,0x63,0x11,0x4D,0xB0,0x63,0x11,0x4D,0xB0,0x63,0x11,0x4D,0xB0,0x63,0x11,0x4D,0xB0,0x63,0x11,0x4D,0xB0,0x63,0x11,0x4D,0xB0,0x63,0x11,0x4D,0xB0,0x63,0x11,0x4D,0xB0,0x63,0x11,0x4D,0xB0,0x63,0x11,0x4D,
    0xB0,0x63,0x11,0x4D,0xB0,0x63,0x11,0x4D,0xB0,0x63,0x11,0x4D,0xB0,0x63,0x11,0x4D,0xB0,0x63,0x11,0x4D,0xB0,0x63,0x11,0x4D,0xB0,0x63,0x11,0x4D,0xB0,0x63,0x11,0x4D,0xB0,0x63,0x11,0x4D,0xB0,0x63,0x11,0x4D,0xB0,0x63,0x11,0x4D,0xB0,0x63,0x11,0x4D,0xB0,0x63,0x11,0x4D,0xB0,0x63,0x11,0x4D,0xB0,0x63,0x11,0x4D,0xB0,0x63,0x11,0x4D,
    0xB0,0x63,0x11,0x4D,0xB0,0x63,0x11,0x4D,0xB0,0x63,0x11,0x4D,0xB0,0x63,0x11,0x4D,0xB0,0x63,0x11,0x4D,0xB0,0x63,0x11,0x4D,0xB0,0x63,0x11,0x4D,0xB0,0x63,0x11,0x4D,0xB0,0x63,0x11,0x4D,0xB0,0x63,0x11,0x4D,0xB0,0x63,0x11,0x4D,0xB0,0x63,0x11,0x4D,0xB0,0x63,0x11,0x4D,0xB0,0x63,0x11,0x4D,0xB0,0x63,0x11,0x4D,0xB0,0x63,0x11,0x4D,
    0xB0,0x63,0x11,0x4D,0xB0,0x63,0x11,0x4D,0xB0,0x63,0x11,0x4D,0xB0,0x63,0x11,0x4D,0xB0,0x63,0x11,0x4D,0xB0,0x63,0x11,0x4D,0xB0,0x63,0x11,0x4D,0xB0,0x63,0x11,0x4D,0xB0,0x63,0x11,0x4D,0xB0,0x63,0x11,0x4D,0xB0,0x63,0x11,0x4D,0xB0,0x63,0x11,0x4D,0xB0,0x63,0x11,0x4D,0xB0,0x63,0x11,0x4D,0xB0,0x63,0x11,0x4D,0xB0,0x63,0x11,0x4D,
    0xB0,0x63,0x11,0x4D,0xB0,0x63,0x11,0x4D,0xB0,0x63,0x11,0x4D,0xB0,0x63,0x11,0x4D,0xB0,0x63,0x11,0x4D,0xB0,0x63,0x11,0x4D,0xB0,0x63,0x11,0x4D,0xB0,0x63,0x11,0x4D,0xB0,0x63,0x11,0x4D,0xB0,0x63,0x11,0x4D,0xB0,0x63,0x11,0x4D,0xB0,0x63,0x11,0x4D,0xB0,0x63,0x11,0x4D,0xB0,0x63,0x11,0x4D,0xB0,0x63,0x11,0x4D,0xB0,0x63,0x11,0x4D,
    0xB0,0x63,0x11,0x4D,0xB0,0x63,0x11,0x4D,0xB0,0x63,0x11,0x4D,0xB0,0x63,0x11,0x4D,0xB0,0x63,0x11,0x4D,0xB0,0x63,0x11,0x4D,0xB0,0x63,0x11,0x4D,0xB0,0x63,0x11,0x4D,0xB0,0x63,0x11,0x4D,0xB0,0x63,0x11,0x4D,0xB0,0x63,0x11,0x4D,0xB0,0x63,0x11,0x4D,0xB0,0x63,0x11,0x4D,0xB0,0x63,0x11,0x4D,0xB0,0x63,0x11,0x4D,0xB0,0x63,0x11,0x4D,
    0xB0,0x63,0x11,0x4D,0xB0,0x63,0x11,0x4D,0xB0,0x63,0x11,0x4D,0xB0,0x63,0x11,0x4D,0xB0,0x63,0x11,0x4D,0xB0,0x63,0x11,0x4D,0xB0,0x63,0x11,0x4D,0xB0,0x63,0x11,0x4D,0xB0,0x63,0x11,0x4D,0xB0,0x63,0x11,0x4D,0xB0,0x63,0x11,0x4D,0xB0,0x63,0x11,0x4D,0xB0,0x63,0x11,0x4D,0xB0,0x63,0x11,0x4D,0xB0,0x63,0x11,0x4D,0xB0,0x63,0x11,0x4D,
    0xB0,0x63,0x11,0x4D,0xB0,0x63,0x11,0x4D,0xB0,0x63,0x11,0x4D,0xB0,0x63,0x11,0x4D,0xB0,0x63,0x11,0x4D,0xB0,0x63,0x11,0x4D,0xB0,0x63,0x11,0x4D,0xB0,0x63,0x11,0x4D,0xB0,0x63,0x11,0x4D,0xB0,0x63,0x11,0x4D,0xB0,0x63,0x11,0x4D,0xB0,0x63,0x11,0x4D,0xB0,0x63,0x11,0x4D,0xB0,0x63,0x11,0x4D,0xB0,0x63,0x11,0x4D,0xB0,0x63,0x11,0x4D,
    0xB0,0x63,0x11,0x4D,0xB0,0x63,0x11,0x4D,0xB0,0x63,0x11,0x4D,0xB0,0x63,0x11,0x4D,0xB0,0x63,0x11,0x4D,0xB0,0x63,0x11,0x4D,0xB0,0x63,0x11,0x4D,0xB0,0x63,0x11,0x4D,0xB0,0x63,0x11,0x4D,0xB0,0x63,0x11,0x4D,0xB0,0x63,0x11,0x4D,0xB0,0x63,0x11,0x4D,0xB0,0x63,0x11,0x4D,0xB0,0x63,0x11,0x4D,0xB0,0x63,0x11,0x4D,0xB0,0x63,0x11,0x4D,
    0xB0,0x63,0x11,0x4D,0xB0,0x63,0x11,0x4D,0xB0,0x63,0x11,0x4D,0xB0,0x63,0x11,0x4D,0xB0,0x63,0x11,0x4D,0xB0,0x63,0x11,0x4D,0xB0,0x63,0x11,0x4D,0xB0,0x63,0x11,0x4D,0xB0,0x63,0x11,0x4D,0xB0,0x63,0x11,0x4D,0xB0,0x63,0x11,0x4D,0xB0,0x63,0x11,0x4D,0xB0,0x63,0x11,0x4D,0xB0,0x63,0x11,0x4D,0xB0,0x63,0x11,0x4D,0xB0,0x63,0x11,0x4D,
    0xB0,0x63,0x11,0x4D,0xB0,0x63,0x11,0x4D,0xB0,0x63,0x11,0x4D,0xB0,0x63,0x11,0x4D,0xB0,0x63,0x11,0x4D,0xB0,0x63,0x11,0x4D,0xB0,0x63,0x11,0x4D,0xB0,0x63,0x11,0x4D,0xB0,0x63,0x11,0x4D,0xB0,0x63,0x11,0x4D,0xB0,0x63,0x11,0x4D,0xB0,0x63,0x11,0x4D,0xB0,0x63,0x11,0x4D,0xB0,0x63,0x11,0x4D,0xB0,0x63,0x11,0x4D,0xB0,0x63,0x11,0x4D,
    0xB0,0x63,0x11,0x4D,0xB0,0x63,0x11,0x4D,0xB0,0x63,0x11,0x4D,0xB0,0x63,0x11,0x4D,0xB0,0x63,0x11,0x4D,0xB0,0x63,0x11,0x4D,0xB0,0x63,0x11,0x4D,0xB0,0x63,0x11,0x4D,0xB0,0x63,0x11,0x4D,0xB0,0x63,0x11,0x4D,0xB0,0x63,0x11,0x4D,0xB0,0x63,0x11,0x4D,0xB0,0x63,0x11,0x4D,0xB0,0x63,0x11,0x4D,0xB0,0x63,0x11,0x4D,0xB0,0x63,0x11,0x4D,
    0xB0,0x63,0x11,0x4D,0xB0,0x63,0x11,0x4D,0xB0,0x63,0x11,0x4D,0xB0,0x63,0x11,0x4D,0xB0,0x63,0x11,0x4D,0xB0,0x63,0x11,0x4D,0xB0,0x63,0x11,0x4D,0xB0,0x63,0x11,0x4D,0xB0,0x63,0x11,0x4D,0xB0,0x63,0x11,0x4D,0xB0,0x63,0x11,0x4D,0xB0,0x63,0x11,0x4D,0xB0,0x63,0x11,0x4D,0xB0,0x63,0x11,0x4D,0xB0,0x63,0x11,0x4D,0xB0,0x63,0x11,0x4D,
    0xB0,0x63,0x11,0x4D,0xB0,0x63,0x11,0x4D,0xB0,0x63,0x11,0x4D,0xB0,0x63,0x11,0x4D,0xB0,0x63,0x11,0x4D,0xB0,0x63,0x11,0x4D,0xB0,0x63,0x11,0x4D,0xB0,0x63,0x11,0x4D,0xB0,0x63,0x11,0x4D,0xB0,0x63,0x11,0x4D,0xB0,0x63,0x11,0x4D,0xB0,0x63,0x11,0x4D,0xB0,0x63,0x11,0x4D,0xB0,0x63,0x11,0x4D,0xB0,0x63,0x11,0x4D,0xB0,0x63,0x11,0x4D,
    0xB0,0x63,0x11,0x4D,0xB0,0x63,0x11,0x4D,0xB0,0x63,0x11,0x4D,0xB0,0x63,0x11,0x4D,0xB0,0x63,0x11,0x4D,0xB0,0x63,0x11,0x4D,0xB0,0x63,0x11,0x4D,0xB0,0x63,0x11,0x4D,0xB0,0x63,0x11,0x4D,0xB0,0x63,0x11,0x4D,0xB0,0x63,0x11,0x4D,0xB0,0x63,0x11,0x4D,0xB0,0x63,0x11,0x4D,0xB0,0x63,0x11,0x4D,0xB0,0x63,0x11,0x4D,0xB0,0x63,0x11,0x4D,
    0xB0,0x63,0x11,0x4D,0xB0,0x63,0x11,0x4D,0xB0,0x63,0x11,0x4D,0xB0,0x63,0x11,0x4D,0xB0,0x63,0x11,0x4D,0xB0,0x63,0x11,0x4D,0xB0,0x63,0x11,0x4D,0xB0,0x63,0x11,0x4D,0xB0,0x63,0x11,0x4D,0xB0,0x63,0x11,0x4D,0xB0,0x63,0x11,0x4D,0xB0,0x63,0x11,0x4D,0xB0,0x63,0x11,0x4D,0xB0,0x63,0x11,0x4D,0xB0,0x63,0x11,0x4D,0xB0,0x63,0x11,0x4D,
    0xB0,0x63,0x11,0x4D,0xB0,0x63,0x11,0x4D,0xB0,0x63,0x11,0x4D,0xB0,0x63,0x11,0x4D,0xB0,0x63,0x11,0x4D,0xB0,0x63,0x11,0x4D,0xB0,0x63,0x11,0x4D,0xB0,0x63,0x11,0x4D,0xB0,0x63,0x11,0x4D,0xB0,0x63,0x11,0x4D,0xB0,0x63,0x11,0x4D,0xB0,0x63,0x11,0x4D,0xB0,0x63,0x11,0x4D,0xB0,0x63,0x11,0x4D,0xB0,0x63,0x11,0x4D,0xB0,0x63,0x11,0x4D,
    0xB0,0x63,0x11,0x4D,0xB0,0x63,0x11,0x4D,0xB0,0x63,0x11,0x4D,0xB0,0x63,0x11,0x4D,0xB0,0x63,0x11,0x4D,0xB0,0x63,0x11,0x4D,0xB0,0x63,0x11,0x4D,0xB0,0x63,0x11,0x4D,0xB0,0x63,0x11,0x4D,0xB0,0x63,0x11,0x4D,0xB0,0x63,0x11,0x4D,0xB0,0x63,0x11,0x4D,0xB0,0x63,0x11,0x4D,0xB0,0x63,0x11,0x4D,0xB0,0x63,0x11,0x4D,0xB0,0x63,0x11,0x4D,
    0xB0,0x63,0x11,0x4D,0xB0,0x63,0x11,0x4D,0xB0,0x63,0x11,0x4D,0xB0,0x63,0x11,0x4D,0xB0,0x63,0x11,0x4D,0xB0,0x63,0x11,0x4D,0xB0,0x63,0x11,0x4D,0xB0,0x63,0x11,0x4D,0xB0,0x63,0x11,0x4D,0xB0,0x63,0x11,0x4D,0xB0,0x63,0x11,0x4D,0xB0,0x63,0x11,0x4D,0xB0,0x63,0x11,0x4D,0xB0,0x63,0x11,0x4D,0xB0,0x63,0x11,0x4D,0xB0,0x63,0x11,0x4D,
    0xB0,0x63,0x11,0x4D,0xB0,0x63,0x11,0x4D,0xB0,0x63,0x11,0x4D,0xB0,0x63,0x11,0x4D,0xB0,0x63,0x11,0x4D,0xB0,0x63,0x11,0x4D,0xB0,0x63,0x11,0x4D,0xB0,0x63,0x11,0x4D,0xB0,0x63,0x11,0x4D,0xB0,0x63,0x11,0x4D,0xB0,0x63,0x11,0x4D,0xB0,0x63,0x11,0x4D,0xB0,0x63,0x11,0x4D,0xB0,0x63,0x11,0x4D,0xB0,0x63,0x11,0x4D,0xB0,0x63,0x11,0x4D,
    0xB0,0x63,0x11,0x4D,0xB0,0x63,0x11,0x4D,0xB0,0x63,0x11,0x4D,0xB0,0x63,0x11,0x4D,0xB0,0x63,0x11,0x4D,0xB0,0x63,0x11,0x4D,0xB0,0x63,0x11,0x4D,0xB0,0x63,0x11,0x4D,0xB0,0x63,0x11,0x4D,0xB0,0x63,0x11,0x4D,0xB0,0x63,0x11,0x4D,0xB0,0x63,0x11,0x4D,0xB0,0x63,0x11,0x4D,0xB0,0x63,0x11,0x4D,0xB0,0x63,0x11,0x4D,0xB0,0x63,0x11,0x4D,
    0xB0,0x63,0x11,0x4D,0xB0,0x63,0x11,0x4D,0xB0,0x63,0x11,0x4D,0xB0,0x63,0x11,0x4D,0xB0,0x63,0x11,0x4D,0xB0,0x63,0x11,0x4D,0xB0,0x63,0x11,0x4D,0xB0,0x63,0x11,0x4D,0xB0,0x63,0x11,0x4D,0xB0,0x63,0x11,0x4D,0xB0,0x63,0x11,0x4D,0xB0,0x63,0x11,0x4D,0xB0,0x63,0x11,0x4D,0xB0,0x63,0x11,0x4D,0xB0,0x63,0x11,0x4D,0xB0,0x63,0x11,0x4D,
    0xB0,0x63,0x11,0x4D,0xB0,0x63,0x11,0x4D,0xB0,0x63,0x11,0x4D,0xB0,0x63,0x11,0x4D,0xB0,0x63,0x11,0x4D,0xB0,0x63,0x11,0x4D,0xB0,0x63,0x11,0x4D,0xB0,0x63,0x11,0x4D,0xB0,0x63,0x11,0x4D,0xB0,0x63,0x11,0x4D,0xB0,0x63,0x11,0x4D,0xB0,0x63,0x11,0x4D,0xB0,0x63,0x11,0x4D,0xB0,0x63,0x11,0x4D,0xB0,0x63,0x11,0x4D,0xB0,0x63,0x11,0x4D,
    0xB0,0x63,0x11,0x4D,0xB0,0x63,0x11,0x4D,0xB0,0x63,0x11,0x4D,0xB0,0x63,0x11,0x4D,0xB0,0x63,0x11,0x4D,0xB0,0x63,0x11,0x4D,0xB0,0x63,0x11,0x4D,0xB0,0x63,0x11,0x4D,0xB0,0x63,0x11,0x4D,0xB0,0x63,0x11,0x4D,0xB0,0x63,0x11,0x4D,0xB0,0x63,0x11,0x4D,0xB0,0x63,0x11,0x4D,0xB0,0x63,0x11,0x4D,0xB0,0x63,0x11,0x4D,0xB0,0x63,0x11,0x4D,
    0xB0,0x63,0x11,0x4D,0xB0,0x63,0x11,0x4D,0xB0,0x63,0x11,0x4D,0xB0,0x63,0x11,0x4D,0xB0,0x63,0x11,0x4D,0xB0,0x63,0x11,0x4D,0xB0,0x63,0x11,0x4D,0xB0,0x63,0x11,0x4D,0xB0,0x63,0x11,0x4D,0xB0,0x63,0x11,0x4D,0xB0,0x63,0x11,0x4D,0xB0,0x63,0x11,0x4D,0xB0,0x63,0x11,0x4D,0xB0,0x63,0x11,0x4D,0xB0,0x63,0x11,0x4D,0xB0,0x63,0x11,0x4D,
    0xB0,0x63,0x11,0x4D,0xB0,0x63,0x11,0x4D,0xB0,0x63,0x11,0x4D,0xB0,0x63,0x11,0x4D,0xB0,0x63,0x11,0x4D,0xB0,0x63,0x11,0x4D,0xB0,0x63,0x11,0x4D,0xB0,0x63,0x11,0x4D,0xB0,0x63,0x11,0x4D,0xB0,0x63,0x11,0x4D,0xB0,0x63,0x11,0x4D,0xB0,0x63,0x11,0x4D,0xB0,0x63,0x11,0x4D,0xB0,0x63,0x11,0x4D,0xB0,0x63,0x11,0x4D,0xB0,0x63,0x11,0x4D,
    0xB0,0x63,0x11,0x4D,0xB0,0x63,0x11,0x4D,0xB0,0x63,0x11,0x4D,0xB0,0x63,0x11,0x4D,0xB0,0x63,0x11,0x4D,0xB0,0x63,0x11,0x4D,0xB0,0x63,0x11,0x4D,0xB0,0x63,0x11,0x4D,0xB0,0x63,0x11,0x4D,0xB0,0x63,0x11,0x4D,0xB0,0x63,0x11,0x4D,0xB0,0x63,0x11,0x4D,0xB0,0x63,0x11,0x4D,0xB0,0x63,0x11,0x4D,0xB0,0x63,0x11,0x4D,0xB0,0x63,0x11,0x4D,
    0xB0,0x63,0x11,0x4D,0xB0,0x63,0x11,0x4D,0xB0,0x63,0x11,0x4D,0xB0,0x63,0x11,0x4D,0xB0,0x63,0x11,0x4D,0xB0,0x63,0x11,0x4D,0xB0,0x63,0x11,0x4D,0xB0,0x63,0x11,0x4D,0xB0,0x63,0x11,0x4D,0xB0,0x63,0x11,0x4D,0xB0,0x63,0x11,0x4D,0xB0,0x63,0x11,0x4D,0xB0,0x63,0x11,0x4D,0xB0,0x63,0x11,0x4D,0xB0,0x63,0x11,0x4D,0xB0,0x63,0x11,0x4D,
    0xB0,0x63,0x11,0x4D,0xB0,0x63,0x11,0x4D,0xB0,0x63,0x11,0x4D,0xB0,0x63,0x11,0x4D,0xB0,0x63,0x11,0x4D,0xB0,0x63,0x11,0x4D,0xB0,0x63,0x11,0x4D,0xB0,0x63,0x11,0x4D,0xB0,0x63,0x11,0x4D,0xB0,0x63,0x11,0x4D,0xB0,0x63,0x11,0x4D,0xB0,0x63,0x11,0x4D,0xB0,0x63,0x11,0x4D,0xB0,0x63,0x11,0x4D,0xB0,0x63,0x11,0x4D,0xB0,0x63,0x11,0x4D,
    0xB0,0x63,0x11,0x4D,0xB0,0x63,0x11,0x4D,0xB0,0x63,0x11,0x4D,0xB0,0x63,0x11,0x4D,0xB0,0x63,0x11,0x4D,0xB0,0x63,0x11,0x4D,0xB0,0x63,0x11,0x4D,0xB0,0x63,0x11,0x4D,0xB0,0x63,0x11,0x4D,0xB0,0x63,0x11,0x4D,0xB0,0x63,0x11,0x4D,0xB0,0x63,0x11,0x4D,0xB0,0x63,0x11,0x4D,0xB0,0x63,0x11,0x4D,0xB0,0x63,0x11,0x4D,0xB0,0x63,0x11,0x4D,
    0xB0,0x63,0x11,0x4D,0xB0,0x63,0x11,0x4D,0xB0,0x63,0x11,0x4D,0xB0,0x63,0x11,0x4D,0xB0,0x63,0x11,0x4D,0xB0,0x63,0x11,0x4D,0xB0,0x63,0x11,0x4D,0xB0,0x63,0x11,0x4D,0xB0,0x63,0x11,0x4D,0xB0,0x63,0x11,0x4D,0xB0,0x63,0x11,0x4D,0xB0,0x63,0x11,0x4D,0xB0,0x63,0x11,0x4D,0xB0,0x63,0x11,0x4D,0xB0,0x63,0x11,0x4D,0xB0,0x63,0x11,0x4D,
    0xB0,0x63,0x11,0x4D,0xB0,0x63,0x11,0x4D,0xB0,0x63,0x11,0x4D,0xB0,0x63,0x11,0x4D,0xB0,0x63,0x11,0x4D,0xB0,0x63,0x11,0x4D,0xB0,0x63,0x11,0x4D,0xB0,0x63,0x11,0x4D,0xB0,0x63,0x11,0x4D,0xB0,0x63,0x11,0x4D,0xB0,0x63,0x11,0x4D,0xB0,0x63,0x11,0x4D,0xB0,0x63,0x11,0x4D,0xB0,0x63,0x11,0x4D,0xB0,0x63,0x11,0x4D,0xB0,0x63,0x11,0x4D,
    0xB0,0x63,0x11,0x4D,0xB0,0x63,0x11,0x4D,0xB0,0x63,0x11,0x4D,0xB0,0x63,0x11,0x4D,0xB0,0x63,0x11,0x4D,0xB0,0x63,0x11,0x4D,0xB0,0x63,0x11,0x4D,0xB0,0x63,0x11,0x4D,0xB0,0x63,0x11,0x4D,0xB0,0x63,0x11,0x4D,0xB0,0x63,0x11,0x4D,0xB0,0x63,0x11,0x4D,0xB0,0x63,0x11,0x4D,0xB0,0x63,0x11,0x4D,0xB0,0x63,0x11,0x4D,0xB0,0x63,0x11,0x4D,
    0xB0,0x63,0x11,0x4D,0xB0,0x63,0x11,0x4D,0xB0,0x63,0x11,0x4D,0xB0,0x63,0x11,0x4D,0xB0,0x63,0x11,0x4D,0xB0,0x63,0x11,0x4D,0xB0,0x63,0x11,0x4D,0xB0,0x63,0x11,0x4D,0xB0,0x63,0x11,0x4D,0xB0,0x63,0x11,0x4D,0xB0,0x63,0x11,0x4D,0xB0,0x63,0x11,0x4D,0xB0,0x63,0x11,0x4D,0xB0,0x63,0x11,0x4D,0xB0,0x63,0x11,0x4D,0xB0,0x63,0x11,0x4D,
    0xB0,0x63,0x11,0x4D,0xB0,0x63,0x11,0x4D,0xB0,0x63,0x11,0x4D,0xB0,0x63,0x11,0x4D,0xB0,0x63,0x11,0x4D,0xB0,0x63,0x11,0x4D,0xB0,0x63,0x11,0x4D,0xB0,0x63,0x11,0x4D,0xB0,0x63,0x11,0x4D,0xB0,0x63,0x11,0x4D,0xB0,0x63,0x11,0x4D,0xB0,0x63,0x11,0x4D,0xB0,0x63,0x11,0x4D,0xB0,0x63,0x11,0x4D,0xB0,0x63,0x11,0x4D,0xB0,0x63,0x11,0x4D,
    0xB0,0x63,0x11,0x4D,0xB0,0x63,0x11,0x4D,0xB0,0x63,0x11,0x4D,0xB0,0x63,0x11,0x4D,0xB0,0x63,0x11,0x4D,0xB0,0x63,0x11,0x4D,0xB0,0x63,0x11,0x4D,0xB0,0x63,0x11,0x4D,0xB0,0x63,0x11,0x4D,0xB0,0x63,0x11,0x4D,0xB0,0x63,0x11,0x4D,0xB0,0x63,0x11,0x4D,0xB0,0x63,0x11,0x4D,0xB0,0x63,0x11,0x4D,0xB0,0x63,0x11,0x4D,0xB0,0x63,0x11,0x4D,
    0xB0,0x63,0x11,0x4D,0xB0,0x63,0x11,0x4D,0xB0,0x63,0x11,0x4D,0xB0,0x63,0x11,0x4D,0xB0,0x63,0x11,0x4D,0xB0,0x63,0x11,0x4D,0xB0,0x63,0x11,0x4D,0xB0,0x63,0x11,0x4D,0xB0,0x63,0x11,0x4D,0xB0,0x63,0x11,0x4D,0xB0,0x63,0x11,0x4D,0xB0,0x63,0x11,0x4D,0xB0,0x63,0x11,0x4D,0xB0,0x63,0x11,0x4D,0xB0,0x63,0x11,0x4D,0xB0,0x63,0x11,0x4D,
    0xB0,0x63,0x11,0x4D,0xB0,0x63,0x11,0x4D,0xB0,0x63,0x11,0x4D,0xB0,0x63,0x11,0x4D,0xB0,0x63,0x11,0x4D,0xB0,0x63,0x11,0x4D,0xB0,0x63,0x11,0x4D,0xB0,0x63,0x11,0x4D,0xB0,0x63,0x11,0x4D,0xB0,0x63,0x11,0x4D,0xB0,0x63,0x11,0x4D,0xB0,0x63,0x11,0x4D,0xB0,0x63,0x11,0x4D,0xB0,0x63,0x11,0x4D,0xB0,0x63,0x11,0x4D,0xB0,0x63,0x11,0x4D,
    0xB0,0x63,0x11,0x4D,0xB0,0x63,0x11,0x4D,0xB0,0x63,0x11,0x4D,0xB0,0x63,0x11,0x4D,0xB0,0x63,0x11,0x4D,0xB0,0x63,0x11,0x4D,0xB0,0x63,0x11,0x4D,0xB0,0x63,0x11,0x4D,0xB0,0x63,0x11,0x4D,0xB0,0x63,0x11,0x4D,0xB0,0x63,0x11,0x4D,0xB0,0x63,0x11,0x4D,0xB0,0x63,0x11,0x4D,0xB0,0x63,0x11,0x4D,0xB0,0x63,0x11,0x4D,0xB0,0x63,0x11,0x4D,
    0xB0,0x63,0x11,0x4D,0xB0,0x63,0x11,0x4D,0xB0,0x63,0x11,0x4D,0xB0,0x63,0x11,0x4D,0xB0,0x63,0x11,0x4D,0xB0,0x63,0x11,0x4D,0xB0,0x63,0x11,0x4D,0xB0,0x63,0x11,0x4D,0xB0,0x63,0x11,0x4D,0xB0,0x63,0x11,0x4D,0xB0,0x63,0x11,0x4D,0xB0,0x63,0x11,0x4D,0xB0,0x63,0x11,0x4D,0xB0,0x63,0x11,0x4D,0xB0,0x63,0x11,0x4D,0xB0,0x63,0x11,0x4D,
    0xB0,0x63,0x11,0x4D,0xB0,0x63,0x11,0x4D,0xB0,0x63,0x11,0x4D,0xB0,0x63,0x11,0x4D,0xB0,0x63,0x11,0x4D,0xB0,0x63,0x11,0x4D,0xB0,0x63,0x11,0x4D,0xB0,0x63,0x11,0x4D,0xB0,0x63,0x11,0x4D,0xB0,0x63,0x11,0x4D,0xB0,0x63,0x11,0x4D,0xB0,0x63,0x11,0x4D,0xB0,0x63,0x11,0x4D,0xB0,0x63,0x11,0x4D,0xB0,0x63,0x11,0x4D,0xB0,0x63,0x11,0x4D,
    0xB0,0x63,0x11,0x4D,0xB0,0x63,0x11,0x4D,0xB0,0x63,0x11,0x4D,0xB0,0x63,0x11,0x4D,0xB0,0x63,0x11,0x4D,0xB0,0x63,0x11,0x4D,0xB0,0x63,0x11,0x4D,0xB0,0x63,0x11,0x4D,0xB0,0x63,0x11,0x4D,0xB0,0x63,0x11,0x4D,0xB0,0x63,0x11,0x4D,0xB0,0x63,0x11,0x4D,0xB0,0x63,0x11,0x4D,0xB0,0x63,0x11,0x4D,0xB0,0x63,0x11,0x4D,0xB0,0x63,0x11,0x4D,
    0xB0,0x63,0x11,0x4D,0xB0,0x63,0x11,0x4D,0xB0,0x63,0x11,0x4D,0xB0,0x63,0x11,0x4D,0xB0,0x63,0x11,0x4D,0xB0,0x63,0x11,0x4D,0xB0,0x63,0x11,0x4D,0xB0,0x63,0x11,0x4D,0xB0,0x63,0x11,0x4D,0xB0,0x63,0x11,0x4D,0xB0,0x63,0x11,0x4D,0xB0,0x63,0x11,0x4D,0xB0,0x63,0x11,0x4D,0xB0,0x63,0x11,0x4D,0xB0,0x63,0x11,0x4D,0xB0,0x63,0x11,0x4D,
    0xB0,0x63,0x11,0x4D,0xB0,0x63,0x11,0x4D,0xB0,0x63,0x11,0x4D,0xB0,0x63,0x11,0x4D,0xB0,0x63,0x11,0x4D,0xB0,0x63,0x11,0x4D,0xB0,0x63,0x11,0x4D,0xB0,0x63,0x11,0x4D,0xB0,0x63,0x11,0x4D,0xB0,0x63,0x11,0x4D,0xB0,0x63,0x11,0x4D,0xB0,0x63,0x11,0x4D,0xB0,0x63,0x11,0x4D,0xB0,0x63,0x11,0x4D,0xB0,0x63,0x11,0x4D,0xB0,0x63,0x11,0x4D,
    0xB0,0x63,0x11,0x4D,0xB0,0x63,0x11,0x4D,0xB0,0x63,0x11,0x4D,0xB0,0x63,0x11,0x4D,0xB0,0x63,0x11,0x4D,0xB0,0x63,0x11,0x4D,0xB0,0x63,0x11,0x4D,0xB0,0x63,0x11,0x4D,0xB0,0x63,0x11,0x4D,0xB0,0x63,0x11,0x4D,0xB0,0x63,0x11,0x4D,0xB0,0x63,0x11,0x4D,0xB0,0x63,0x11,0x4D,0xB0,0x63,0x11,0x4D,0xB0,0x63,0x11,0x4D,0xB0,0x63,0x11,0x4D,
    0xB0,0x63,0x11,0x4D,0xB0,0x63,0x11,0x4D,0xB0,0x63,0x11,0x4D,0xB0,0x63,0x11,0x4D,0xB0,0x63,0x11,0x4D,0xB0,0x63,0x11,0x4D,0xB0,0x63,0x11,0x4D,0xB0,0x63,0x11,0x4D,0xB0,0x63,0x11,0x4D,0xB0,0x63,0x11,0x4D,0xB0,0x63,0x11,0x4D,0xB0,0x63,0x11,0x4D,0xB0,0x63,0x11,0x4D,0xB0,0x63,0x11,0x4D,0xB0,0x63,0x11,0x4D,0xB0,0x63,0x11,0x4D,
    0xB0,0x63,0x11,0x4D,0xB0,0x63,0x11,0x4D,0xB0,0x63,0x11,0x4D,0xB0,0x63,0x11,0x4D,0xB0,0x63,0x11,0x4D,0xB0,0x63,0x11,0x4D,0xB0,0x63,0x11,0x4D,0xB0,0x63,0x11,0x4D,0xB0,0x63,0x11,0x4D,0xB0,0x63,0x11,0x4D,0xB0,0x63,0x11,0x4D,0xB0,0x63,0x11,0x4D,0xB0,0x63,0x11,0x4D,0xB0,0x63,0x11,0x4D,0xB0,0x63,0x11,0x4D,0xB0,0x63,0x11,0x4D,
    0xB0,0x63,0x11,0x4D,0xB0,0x63,0x11,0x4D,0xB0,0x63,0x11,0x4D,0xB0,0x63,0x11,0x4D,0xB0,0x63,0x11,0x4D,0xB0,0x63,0x11,0x4D,0xB0,0x63,0x11,0x4D,0xB0,0x63,0x11,0x4D,0xB0,0x63,0x11,0x4D,0xB0,0x63,0x11,0x4D,0xB0,0x63,0x11,0x4D,0xB0,0x63,0x11,0x4D,0xB0,0x63,0x11,0x4D,0xB0,0x63,0x11,0x4D,0xB0,0x63,0x11,0x4D,0xB0,0x63,0x11,0x4D,
    0xB0,0x63,0x11,0x4D,0xB0,0x63,0x11,0x4D,0xB0,0x63,0x11,0x4D,0xB0,0x63,0x11,0x4D,0xB0,0x63,0x11,0x4D,0xB0,0x63,0x11,0x4D,0xB0,0x63,0x11,0x4D,0xB0,0x63,0x11,0x4D,0xB0,0x63,0x11,0x4D,0xB0,0x63,0x11,0x4D,0xB0,0x63,0x11,0x4D,0xB0,0x63,0x11,0x4D,0xB0,0x63,0x11,0x4D,0xB0,0x63,0x11,0x4D,0xB0,0x63,0x11,0x4D,0xB0,0x63,0x11,0x4D,
    0xB0,0x63,0x11,0x4D,0xB0,0x63,0x11,0x4D,0xB0,0x63,0x11,0x4D,0xB0,0x63,0x11,0x4D,0xB0,0x63,0x11,0x4D,0xB0,0x63,0x11,0x4D,0xB0,0x63,0x11,0x4D,0xB0,0x63,0x11,0x4D,0xB0,0x63,0x11,0x4D,0xB0,0x63,0x11,0x4D,0xB0,0x63,0x11,0x4D,0xB0,0x63,0x11,0x4D,0xB0,0x63,0x11,0x4D,0xB0,0x63,0x11,0x4D,0xB0,0x63,0x11,0x4D,0xB0,0x63,0x11,0x4D,
    0xB0,0x63,0x11,0x4D,0xB0,0x63,0x11,0x4D,0xB0,0x63,0x11,0x4D,0xB0,0x63,0x11,0x4D,0xB0,0x63,0x11,0x4D,0xB0,0x63,0x11,0x4D,0xB0,0x63,0x11,0x4D,0xB0,0x63,0x11,0x4D,0xB0,0x63,0x11,0x4D,0xB0,0x63,0x11,0x4D,0xB0,0x63,0x11,0x4D,0xB0,0x63,0x11,0x4D,0xB0,0x63,0x11,0x4D,0xB0,0x63,0x11,0x4D,0xB0,0x63,0x11,0x4D,0xB0,0x63,0x11,0x4D,
    0xB0,0x63,0x11,0x4D,0xB0,0x63,0x11,0x4D,0xB0,0x63,0x11,0x4D,0xB0,0x63,0x11,0x4D,0xB0,0x63,0x11,0x4D,0xB0,0x63,0x11,0x4D,0xB0,0x63,0x11,0x4D,0xB0,0x63,0x11,0x4D,0xB0,0x63,0x11,0x4D,0xB0,0x63,0x11,0x4D,0xB0,0x63,0x11,0x4D,0xB0,0x63,0x11,0x4D,0xB0,0x63,0x11,0x4D,0xB0,0x63,0x11,0x4D,0xB0,0x63,0x11,0x4D,0xB0,0x63,0x11,0x4D,
    0xB0,0x63,0x11,0x4D,0xB0,0x63,0x11,0x4D,0xB0,0x63,0x11,0x4D,0xB0,0x63,0x11,0x4D,0xB0,0x63,0x11,0x4D,0xB0,0x63,0x11,0x4D,0xB0,0x63,0x11,0x4D,0xB0,0x63,0x11,0x4D,0xB0,0x63,0x11,0x4D,0xB0,0x63,0x11,0x4D,0xB0,0x63,0x11,0x4D,0xB0,0x63,0x11,0x4D,0xB0,0x63,0x11,0x4D,0xB0,0x63,0x11,0x4D,0xB0,0x63,0x11,0x4D,0xB0,0x63,0x11,0x4D,
    0xB0,0x63,0x11,0x4D,0xB0,0x63,0x11,0x4D,0xB0,0x63,0x11,0x4D,0xB0,0x63,0x11,0x4D,0xB0,0x63,0x11,0x4D,0xB0,0x63,0x11,0x4D,0xB0,0x63,0x11,0x4D,0xB0,0x63,0x11,0x4D,0xB0,0x63,0x11,0x4D,0xB0,0x63,0x11,0x4D,0xB0,0x63,0x11,0x4D,0xB0,0x63,0x11,0x4D,0xB0,0x63,0x11,0x4D,0xB0,0x63,0x11,0x4D,0xB0,0x63,0x11,0x4D,0xB0,0x63,0x11,0x4D,
    0xB0,0x63,0x11,0x4D,0xB0,0x63,0x11,0x4D,0xB0,0x63,0x11,0x4D,0xB0,0x63,0x11,0x4D,0xB0,0x63,0x11,0x4D,0xB0,0x63,0x11,0x4D,0xB0,0x63,0x11,0x4D,0xB0,0x63,0x11,0x4D,0xB0,0x63,0x11,0x4D,0xB0,0x63,0x11,0x4D,0xB0,0x63,0x11,0x4D,0xB0,0x63,0x11,0x4D,0xB0,0x63,0x11,0x4D,0xB0,0x63,0x11,0x4D,0xB0,0x63,0x11,0x4D,0xB0,0x63,0x11,0x4D,
    0xB0,0x63,0x11,0x4D,0xB0,0x63,0x11,0x4D,0xB0,0x63,0x11,0x4D,0xB0,0x63,0x11,0x4D,0xB0,0x63,0x11,0x4D,0xB0,0x63,0x11,0x4D,0xB0,0x63,0x11,0x4D,0xB0,0x63,0x11,0x4D,0xB0,0x63,0x11,0x4D,0xB0,0x63,0x11,0x4D,0xB0,0x63,0x11,0x4D,0xB0,0x63,0x11,0x4D,0xB0,0x63,0x11,0x4D,0xB0,0x63,0x11,0x4D,0xB0,0x63,0x11,0x4D,0xB0,0x63,0x11,0x4D,
    0xB0,0x63,0x11,0x4D,0xB0,0x63,0x11,0x4D,0xB0,0x63,0x11,0x4D,0xB0,0x63,0x11,0x4D,0xB0,0x63,0x11,0x4D,0xB0,0x63,0x11,0x4D,0xB0,0x63,0x11,0x4D,0xB0,0x63,0x11,0x4D,0xB0,0x63,0x11,0x4D,0xB0,0x63,0x11,0x4D,0xB0,0x63,0x11,0x4D,0xB0,0x63,0x11,0x4D,0xB0,0x63,0x11,0x4D,0xB0,0x63,0x11,0x4D,0xB0,0x63,0x11,0x4D,0xB0,0x63,0x11,0x4D,
    0xB0,0x63,0x11,0x4D,0xB0,0x63,0x11,0x4D,0xB0,0x63,0x11,0x4D,0xB0,0x63,0x11,0x4D,0xB0,0x63,0x11,0x4D,0xB0,0x63,0x11,0x4D,0xB0,0x63,0x11,0x4D,0xB0,0x63,0x11,0x4D,0xB0,0x63,0x11,0x4D,0xB0,0x63,0x11,0x4D,0xB0,0x63,0x11,0x4D,0xB0,0x63,0x11,0x4D,0xB0,0x63,0x11,0x4D,0xB0,0x63,0x11,0x4D,0xB0,0x63,0x11,0x4D,0xB0,0x63,0x11,0x4D,
    0xB0,0x63,0x11,0x4D,0xB0,0x63,0x11,0x4D,0xB0,0x63,0x11,0x4D,0xB0,0x63,0x11,0x4D,0xB0,0x63,0x11,0x4D,0xB0,0x63,0x11,0x4D,0xB0,0x63,0x11,0x4D,0xB0,0x63,0x11,0x4D,0xB0,0x63,0x11,0x4D,0xB0,0x63,0x11,0x4D,0xB0,0x63,0x11,0x4D,0xB0,0x63,0x11,0x4D,0xB0,0x63,0x11,0x4D,0xB0,0x63,0x11,0x4D,0xB0,0x63,0x11,0x4D,0xB0,0x63,0x11,0x4D,
    0xB0,0x63,0x11,0x4D,0xB0,0x63,0x11,0x4D,0xB0,0x63,0x11,0x4D,0xB0,0x63,0x11,0x4D,0xB0,0x63,0x11,0x4D,0xB0,0x63,0x11,0x4D,0xB0,0x63,0x11,0x4D,0xB0,0x63,0x11,0x4D,0xB0,0x63,0x11,0x4D,0xB0,0x63,0x11,0x4D,0xB0,0x63,0x11,0x4D,0xB0,0x63,0x11,0x4D,0xB0,0x63,0x11,0x4D,0xB0,0x63,0x11,0x4D,0xB0,0x63,0x11,0x4D,0xB0,0x63,0x11,0x4D,
    0xB0,0x63,0x11,0x4D,0xB0,0x63,0x11,0x4D,0xB0,0x63,0x11,0x4D,0xB0,0x63,0x11,0x4D,0xB0,0x63,0x11,0x4D,0xB0,0x63,0x11,0x4D,0xB0,0x63,0x11,0x4D,0xB0,0x63,0x11,0x4D,0xB0,0x63,0x11,0x4D,0xB0,0x63,0x11,0x4D,0xB0,0x63,0x11,0x4D,0xB0,0x63,0x11,0x4D,0xB0,0x63,0x11,0x4D,0xB0,0x63,0x11,0x4D,0xB0,0x63,0x11,0x4D,0xB0,0x63,0x11,0x4D,
    0xB0,0x63,0x11,0x4D,0xB0,0x63,0x11,0x4D,0xB0,0x63,0x11,0x4D,0xB0,0x63,0x11,0x4D,0xB0,0x63,0x11,0x4D,0xB0,0x63,0x11,0x4D,0xB0,0x63,0x11,0x4D,0xB0,0x63,0x11,0x4D,0xB0,0x63,0x11,0x4D,0xB0,0x63,0x11,0x4D,0xB0,0x63,0x11,0x4D,0xB0,0x63,0x11,0x4D,0xB0,0x63,0x11,0x4D,0xB0,0x63,0x11,0x4D,0xB0,0x63,0x11,0x4D,0xB0,0x63,0x11,0x4D,
    0xB0,0x63,0x11,0x4D,0xB0,0x63,0x11,0x4D,0xB0,0x63,0x11,0x4D,0xB0,0x63,0x11,0x4D,0xB0,0x63,0x11,0x4D,0xB0,0x63,0x11,0x4D,0xB0,0x63,0x11,0x4D,0xB0,0x63,0x11,0x4D,0xB0,0x63,0x11,0x4D,0xB0,0x63,0x11,0x4D,0xB0,0x63,0x11,0x4D,0xB0,0x63,0x11,0x4D,0xB0,0x63,0x11,0x4D,0xB0,0x63,0x11,0x4D,0xB0,0x63,0x11,0x4D,0xB0,0x63,0x11,0x4D,
    0xB0,0x63,0x11,0x4D,0xB0,0x63,0x11,0x4D,0xB0,0x63,0x11,0x4D,0xB0,0x63,0x11,0x4D,0xB0,0x63,0x11,0x4D,0xB0,0x63,0x11,0x4D,0xB0,0x63,0x11,0x4D,0xB0,0x63,0x11,0x4D,0xB0,0x63,0x11,0x4D,0xB0,0x63,0x11,0x4D,0xB0,0x63,0x11,0x4D,0xB0,0x63,0x11,0x4D,0xB0,0x63,0x11,0x4D,0xB0,0x63,0x11,0x4D,0xB0,0x63,0x11,0x4D,0xB0,0x63,0x11,0x4D,
    0xB0,0x63,0x11,0x4D,0xB0,0x63,0x11,0x4D,0xB0,0x63,0x11,0x4D,0xB0,0x63,0x11,0x4D,0xB0,0x63,0x11,0x4D,0xB0,0x63,0x11,0x4D,0xB0,0x63,0x11,0x4D,0xB0,0x63,0x11,0x4D,0xB0,0x63,0x11,0x4D,0xB0,0x63,0x11,0x4D,0xB0,0x63,0x11,0x4D,0xB0,0x63,0x11,0x4D,0xB0,0x63,0x11,0x4D,0xB0,0x63,0x11,0x4D,0xB0,0x63,0x11,0x4D,0xB0,0x63,0x11,0x4D,
    0xB0,0x63,0x11,0x4D,0xB0,0x63,0x11,0x4D,0xB0,0x63,0x11,0x4D,0xB0,0x63,0x11,0x4D,0xB0,0x63,0x11,0x4D,0xB0,0x63,0x11,0x4D,0xB0,0x63,0x11,0x4D,0xB0,0x63,0x11,0x4D,0xB0,0x63,0x11,0x4D,0xB0,0x63,0x11,0x4D,0xB0,0x63,0x11,0x4D,0xB0,0x63,0x11,0x4D,0xB0,0x63,0x11,0x4D,0xB0,0x63,0x11,0x4D,0xB0,0x63,0x11,0x4D,0xB0,0x63,0x11,0x4D,
    0xB0,0x63,0x11,0x4D,0xB0,0x63,0x11,0x4D,0xB0,0x63,0x11,0x4D,0xB0,0x63,0x11,0x4D,0xB0,0x63,0x11,0x4D,0xB0,0x63,0x11,0x4D,0xB0,0x63,0x11,0x4D,0xB0,0x63,0x11,0x4D,0xB0,0x63,0x11,0x4D,0xB0,0x63,0x11,0x4D,0xB0,0x63,0x11,0x4D,0xB0,0x63,0x11,0x4D,0xB0,0x63,0x11,0x4D,0xB0,0x63,0x11,0x4D,0xB0,0x63,0x11,0x4D,0xB0,0x63,0x11,0x4D,
    0xB0,0x63,0x11,0x4D,0xB0,0x63,0x11,0x4D,0xB0,0x63,0x11,0x4D,0xB0,0x63,0x11,0x4D,0xB0,0x63,0x11,0x4D,0xB0,0x63,0x11,0x4D,0xB0,0x63,0x11,0x4D,0xB0,0x63,0x11,0x4D,0xB0,0x63,0x11,0x4D,0xB0,0x63,0x11,0x4D,0xB0,0x63,0x11,0x4D,0xB0,0x63,0x11,0x4D,0xB0,0x63,0x11,0x4D,0xB0,0x63,0x11,0x4D,0xB0,0x63,0x11,0x4D,0xB0,0x63,0x11,0x4D,
    0xB0,0x63,0x11,0x4D,0xB0,0x63,0x11,0x4D,0xB0,0x63,0x11,0x4D,0xB0,0x63,0x11,0x4D,0xB0,0x63,0x11,0x4D,0xB0,0x63,0x11,0x4D,0xB0,0x63,0x11,0x4D,0xB0,0x63,0x11,0x4D,0xB0,0x63,0x11,0x4D,0xB0,0x63,0x11,0x4D,0xB0,0x63,0x11,0x4D,0xB0,0x63,0x11,0x4D,0xB0,0x63,0x11,0x4D,0xB0,0x63,0x11,0x4D,0xB0,0x63,0x11,0x4D,0xB0,0x63,0x11,0x4D,
    0xB0,0x63,0x11,0x4D,0xB0,0x63,0x11,0x4D,0xB0,0x63,0x11,0x4D,0xB0,0x63,0x11,0x4D,0xB0,0x63,0x11,0x4D,0xB0,0x63,0x11,0x4D,0xB0,0x63,0x11,0x4D,0xB0,0x63,0x11,0x4D,0xB0,0x63,0x11,0x4D,0xB0,0x63,0x11,0x4D,0xB0,0x63,0x11,0x4D,0xB0,0x63,0x11,0x4D,0xB0,0x63,0x11,0x4D,0xB0,0x63,0x11,0x4D,0xB0,0x63,0x11,0x4D,0xB0,0x63,0x11,0x4D,
    0xB0,0x63,0x11,0x4D,0xB0,0x63,0x11,0x4D,0xB0,0x63,0x11,0x4D,0xB0,0x63,0x11,0x4D,0xB0,0x63,0x11,0x4D,0xB0,0x63,0x11,0x4D,0xB0,0x63,0x11,0x4D,0xB0,0x63,0x11,0x4D,0xB0,0x63,0x11,0x4D,0xB0,0x63,0x11,0x4D,0xB0,0x63,0x11,0x4D,0xB0,0x63,0x11,0x4D,0xB0,0x63,0x11,0x4D,0xB0,0x63,0x11,0x4D,0xB0,0x63,0x11,0x4D,0xB0,0x63,0x11,0x4D,
    0xB0,0x63,0x11,0x4D,0xB0,0x63,0x11,0x4D,0xB0,0x63,0x11,0x4D,0xB0,0x63,0x11,0x4D,0xB0,0x63,0x11,0x4D,0xB0,0x63,0x11,0x4D,0xB0,0x63,0x11,0x4D,0xB0,0x63,0x11,0x4D,0xB0,0x63,0x11,0x4D,0xB0,0x63,0x11,0x4D,0xB0,0x63,0x11,0x4D,0xB0,0x63,0x11,0x4D,0xB0,0x63,0x11,0x4D,0xB0,0x63,0x11,0x4D,0xB0,0x63,0x11,0x4D,0xB0,0x63,0x11,0x4D,
    0xB0,0x63,0x11,0x4D,0xB0,0x63,0x11,0x4D,0xB0,0x63,0x11,0x4D,0xB0,0x63,0x11,0x4D,0xB0,0x63,0x11,0x4D,0xB0,0x63,0x11,0x4D,0xB0,0x63,0x11,0x4D,0xB0,0x63,0x11,0x4D,0xB0,0x63,0x11,0x4D,0xB0,0x63,0x11,0x4D,0xB0,0x63,0x11,0x4D,0xB0,0x63,0x11,0x4D,0xB0,0x63,0x11,0x4D,0xB0,0x63,0x11,0x4D,0xB0,0x63,0x11,0x4D,0xB0,0x63,0x11,0x4D,
    0xB0,0x63,0x11,0x4D,0xB0,0x63,0x11,0x4D,0xB0,0x63,0x11,0x4D,0xB0,0x63,0x11,0x4D,0xB0,0x63,0x11,0x4D,0xB0,0x63,0x11,0x4D,0xB0,0x63,0x11,0x4D,0xB0,0x63,0x11,0x4D,0xB0,0x63,0x11,0x4D,0xB0,0x63,0x11,0x4D,0xB0,0x63,0x11,0x4D,0xB0,0x63,0x11,0x4D,0xB0,0x63,0x11,0x4D,0xB0,0x63,0x11,0x4D,0xB0,0x63,0x11,0x4D,0xB0,0x63,0x11,0x4D,
    0xB0,0x63,0x11,0x4D,0xB0,0x63,0x11,0x4D,0xB0,0x63,0x11,0x4D,0xB0,0x63,0x11,0x4D,0xB0,0x63,0x11,0x4D,0xB0,0x63,0x11,0x4D,0xB0,0x63,0x11,0x4D,0xB0,0x63,0x11,0x4D,0xB0,0x63,0x11,0x4D,0xB0,0x63,0x11,0x4D,0xB0,0x63,0x11,0x4D,0xB0,0x63,0x11,0x4D,0xB0,0x63,0x11,0x4D,0xB0,0x63,0x11,0x4D,0xB0,0x63,0x11,0x4D,0xB0,0x63,0x11,0x4D,
    0xB0,0x63,0x11,0x4D,0xB0,0x63,0x11,0x4D,0xB0,0x63,0x11,0x4D,0xB0,0x63,0x11,0x4D,0xB0,0x63,0x11,0x4D,0xB0,0x63,0x11,0x4D,0xB0,0x63,0x11,0x4D,0xB0,0x63,0x11,0x4D,0xB0,0x63,0x11,0x4D,0xB0,0x63,0x11,0x4D,0xB0,0x63,0x11,0x4D,0xB0,0x63,0x11,0x4D,0xB0,0x63,0x11,0x4D,0xB0,0x63,0x11,0x4D,0xB0,0x63,0x11,0x4D,0xB0,0x63,0x11,0x4D,
    0xB0,0x63,0x11,0x4D,0xB0,0x63,0x11,0x4D,0xB0,0x63,0x11,0x4D,0xB0,0x63,0x11,0x4D,0xB0,0x63,0x11,0x4D,0xB0,0x63,0x11,0x4D,0xB0,0x63,0x11,0x4D,0xB0,0x63,0x11,0x4D,0xB0,0x63,0x11,0x4D,0xB0,0x63,0x11,0x4D,0xB0,0x63,0x11,0x4D,0xB0,0x63,0x11,0x4D,0xB0,0x63,0x11,0x4D,0xB0,0x63,0x11,0x4D,0xB0,0x63,0x11,0x4D,0xB0,0x63,0x11,0x4D,
    0xB0,0x63,0x11,0x4D,0xB0,0x63,0x11,0x4D,0xB0,0x63,0x11,0x4D,0xB0,0x63,0x11,0x4D,0xB0,0x63,0x11,0x4D,0xB0,0x63,0x11,0x4D,0xB0,0x63,0x11,0x4D,0xB0,0x63,0x11,0x4D,0xB0,0x63,0x11,0x4D,0xB0,0x63,0x11,0x4D,0xB0,0x63,0x11,0x4D,0xB0,0x63,0x11,0x4D,0xB0,0x63,0x11,0x4D,0xB0,0x63,0x11,0x4D,0xB0,0x63,0x11,0x4D,0xB0,0x63,0x11,0x4D,
    0xB0,0x63,0x11,0x4D,0xB0,0x63,0x11,0x4D,0xB0,0x63,0x11,0x4D,0xB0,0x63,0x11,0x4D,0xB0,0x63,0x11,0x4D,0xB0,0x63,0x11,0x4D,0xB0,0x63,0x11,0x4D,0xB0,0x63,0x11,0x4D,0xB0,0x63,0x11,0x4D,0xB0,0x63,0x11,0x4D,0xB0,0x63,0x11,0x4D,0xB0,0x63,0x11,0x4D,0xB0,0x63,0x11,0x4D,0xB0,0x63,0x11,0x4D,0xB0,0x63,0x11,0x4D,0xB0,0x63,0x11,0x4D,
    0xB0,0x63,0x11,0x4D,0xB0,0x63,0x11,0x4D,0xB0,0x63,0x11,0x4D,0xB0,0x63,0x11,0x4D,0xB0,0x63,0x11,0x4D,0xB0,0x63,0x11,0x4D,0xB0,0x63,0x11,0x4D,0xB0,0x63,0x11,0x4D,0xB0,0x63,0x11,0x4D,0xB0,0x63,0x11,0x4D,0xB0,0x63,0x11,0x4D,0xB0,0x63,0x11,0x4D,0xB0,0x63,0x11,0x4D,0xB0,0x63,0x11,0x4D,0xB0,0x63,0x11,0x4D,0xB0,0x63,0x11,0x4D,
    0xB0,0x63,0x11,0x4D,0xB0,0x63,0x11,0x4D,0xB0,0x63,0x11,0x4D,0xB0,0x63,0x11,0x4D,0xB0,0x63,0x11,0x4D,0xB0,0x63,0x11,0x4D,0xB0,0x63,0x11,0x4D,0xB0,0x63,0x11,0x4D,0xB0,0x63,0x11,0x4D,0xB0,0x63,0x11,0x4D,0xB0,0x63,0x11,0x4D,0xB0,0x63,0x11,0x4D,0xB0,0x63,0x11,0x4D,0xB0,0x63,0x11,0x4D,0xB0,0x63,0x11,0x4D,0xB0,0x63,0x11,0x4D,
    0xB0,0x63,0x11,0x4D,0xB0,0x63,0x11,0x4D,0xB0,0x63,0x11,0x4D,0xB0,0x63,0x11,0x4D,0xB0,0x63,0x11,0x4D,0xB0,0x63,0x11,0x4D,0xB0,0x63,0x11,0x4D,0xB0,0x63,0x11,0x4D,0xB0,0x63,0x11,0x4D,0xB0,0x63,0x11,0x4D,0xB0,0x63,0x11,0x4D,0xB0,0x63,0x11,0x4D,0xB0,0x63,0x11,0x4D,0xB0,0x63,0x11,0x4D,0xB0,0x63,0x11,0x4D,0xB0,0x63,0x11,0x4D,
    0xB0,0x63,0x11,0x4D,0xB0,0x63,0x11,0x4D,0xB0,0x63,0x11,0x4D,0xB0,0x63,0x11,0x4D,0xB0,0x63,0x11,0x4D,0xB0,0x63,0x11,0x4D,0xB0,0x63,0x11,0x4D,0xB0,0x63,0x11,0x4D,0xB0,0x63,0x11,0x4D,0xB0,0x63,0x11,0x4D,0xB0,0x63,0x11,0x4D,0xB0,0x63,0x11,0x4D,0xB0,0x63,0x11,0x4D,0xB0,0x63,0x11,0x4D,0xB0,0x63,0x11,0x4D,0xB0,0x63,0x11,0x4D,
    0xB0,0x63,0x11,0x4D,0xB0,0x63,0x11,0x4D,0xB0,0x63,0x11,0x4D,0xB0,0x63,0x11,0x4D,0xB0,0x63,0x11,0x4D,0xB0,0x63,0x11,0x4D,0xB0,0x63,0x11,0x4D,0xB0,0x63,0x11,0x4D,0xB0,0x63,0x11,0x4D,0xB0,0x63,0x11,0x4D,0xB0,0x63,0x11,0x4D,0xB0,0x63,0x11,0x4D,0xB0,0x63,0x11,0x4D,0xB0,0x63,0x11,0x4D,0xB0,0x63,0x11,0x4D,0xB0,0x63,0x11,0x4D,
    0xB0,0x63,0x11,0x4D,0xB0,0x63,0x11,0x4D,0xB0,0x63,0x11,0x4D,0xB0,0x63,0x11,0x4D,0xB0,0x63,0x11,0x4D,0xB0,0x63,0x11,0x4D,0xB0,0x63,0x11,0x4D,0xB0,0x63,0x11,0x4D,0xB0,0x63,0x11,0x4D,0xB0,0x63,0x11,0x4D,0xB0,0x63,0x11,0x4D,0xB0,0x63,0x11,0x4D,0xB0,0x63,0x11,0x4D,0xB0,0x63,0x11,0x4D,0xB0,0x63,0x11,0x4D,0xB0,0x63,0x11,0x4D,
    0xB0,0x63,0x11,0x4D,0xB0,0x63,0x11,0x4D,0xB0,0x63,0x11,0x4D,0xB0,0x63,0x11,0x4D,0xB0,0x63,0x11,0x4D,0xB0,0x63,0x11,0x4D,0xB0,0x63,0x11,0x4D,0xB0,0x63,0x11,0x4D,0xB0,0x63,0x11,0x4D,0xB0,0x63,0x11,0x4D,0xB0,0x63,0x11,0x4D,0xB0,0x63,0x11,0x4D,0xB0,0x63,0x11,0x4D,0xB0,0x63,0x11,0x4D,0xB0,0x63,0x11,0x4D,0xB0,0x63,0x11,0x4D,
    0xB0,0x63,0x11,0x4D,0xB0,0x63,0x11,0x4D,0xB0,0x63,0x11,0x4D,0xB0,0x63,0x11,0x4D,0xB0,0x63,0x11,0x4D,0xB0,0x63,0x11,0x4D,0xB0,0x63,0x11,0x4D,0xB0,0x63,0x11,0x4D,0xB0,0x63,0x11,0x4D,0xB0,0x63,0x11,0x4D,0xB0,0x63,0x11,0x4D,0xB0,0x63,0x11,0x4D,0xB0,0x63,0x11,0x4D,0xB0,0x63,0x11,0x4D,0xB0,0x63,0x11,0x4D,0xB0,0x63,0x11,0x4D,
    0xB0,0x63,0x11,0x4D,0xB0,0x63,0x11,0x4D,0xB0,0x63,0x11,0x4D,0xB0,0x63,0x11,0x4D,0xB0,0x63,0x11,0x4D,0xB0,0x63,0x11,0x4D,0xB0,0x63,0x11,0x4D,0xB0,0x63,0x11,0x4D,0xB0,0x63,0x11,0x4D,0xB0,0x63,0x11,0x4D,0xB0,0x63,0x11,0x4D,0xB0,0x63,0x11,0x4D,0xB0,0x63,0x11,0x4D,0xB0,0x63,0x11,0x4D,0xB0,0x63,0x11,0x4D,0xB0,0x63,0x11,0x4D,
    0xB0,0x63,0x11,0x4D,0xB0,0x63,0x11,0x4D,0xB0,0x63,0x11,0x4D,0xB0,0x63,0x11,0x4D,0xB0,0x63,0x11,0x4D,0xB0,0x63,0x11,0x4D,0xB0,0x63,0x11,0x4D,0xB0,0x63,0x11,0x4D,0xB0,0x63,0x11,0x4D,0xB0,0x63,0x11,0x4D,0xB0,0x63,0x11,0x4D,0xB0,0x63,0x11,0x4D,0xB0,0x63,0x11,0x4D,0xB0,0x63,0x11,0x4D,0xB0,0x63,0x11,0x4D,0xB0,0x63,0x11,0x4D,
    0xB0,0x63,0x11,0x4D,0xB0,0x63,0x11,0x4D,0xB0,0x63,0x11,0x4D,0xB0,0x63,0x11,0x4D,0xB0,0x63,0x11,0x4D,0xB0,0x63,0x11,0x4D,0xB0,0x63,0x11,0x4D,0xB0,0x63,0x11,0x4D,0xB0,0x63,0x11,0x4D,0xB0,0x63,0x11,0x4D,0xB0,0x63,0x11,0x4D,0xB0,0x63,0x11,0x4D,0xB0,0x63,0x11,0x4D,0xB0,0x63,0x11,0x4D,0xB0,0x63,0x11,0x4D,0xB0,0x63,0x11,0x4D,
    0xB0,0x63,0x11,0x4D,0xB0,0x63,0x11,0x4D,0xB0,0x63,0x11,0x4D,0xB0,0x63,0x11,0x4D,0xB0,0x63,0x11,0x4D,0xB0,0x63,0x11,0x4D,0xB0,0x63,0x11,0x4D,0xB0,0x63,0x11,0x4D,0xB0,0x63,0x11,0x4D,0xB0,0x63,0x11,0x4D,0xB0,0x63,0x11,0x4D,0xB0,0x63,0x11,0x4D,0xB0,0x63,0x11,0x4D,0xB0,0x63,0x11,0x4D,0xB0,0x63,0x11,0x4D,0xB0,0x63,0x11,0x4D,
    0xB0,0x63,0x11,0x4D,0xB0,0x63,0x11,0x4D,0xB0,0x63,0x11,0x4D,0xB0,0x63,0x11,0x4D,0xB0,0x63,0x11,0x4D,0xB0,0x63,0x11,0x4D,0xB0,0x63,0x11,0x4D,0xB0,0x63,0x11,0x4D,0xB0,0x63,0x11,0x4D,0xB0,0x63,0x11,0x4D,0xB0,0x63,0x11,0x4D,0xB0,0x63,0x11,0x4D,0xB0,0x63,0x11,0x4D,0xB0,0x63,0x11,0x4D,0xB0,0x63,0x11,0x4D,0xB0,0x63,0x11,0x4D,
    0xB0,0x63,0x11,0x4D,0xB0,0x63,0x11,0x4D,0xB0,0x63,0x11,0x4D,0xB0,0x63,0x11,0x4D,0xB0,0x63,0x11,0x4D,0xB0,0x63,0x11,0x4D,0xB0,0x63,0x11,0x4D,0xB0,0x63,0x11,0x4D,0xB0,0x63,0x11,0x4D,0xB0,0x63,0x11,0x4D,0xB0,0x63,0x11,0x4D,0xB0,0x63,0x11,0x4D,0xB0,0x63,0x11,0x4D,0xB0,0x63,0x11,0x4D,0xB0,0x63,0x11,0x4D,0xB0,0x63,0x11,0x4D,
    0xB0,0x63,0x11,0x4D,0xB0,0x63,0x11,0x4D,0xB0,0x63,0x11,0x4D,0xB0,0x63,0x11,0x4D,0xB0,0x63,0x11,0x4D,0xB0,0x63,0x11,0x4D,0xB0,0x63,0x11,0x4D,0xB0,0x63,0x11,0x4D,0xB0,0x63,0x11,0x4D,0xB0,0x63,0x11,0x4D,0xB0,0x63,0x11,0x4D,0xB0,0x63,0x11,0x4D,0xB0,0x63,0x11,0x4D,0xB0,0x63,0x11,0x4D,0xB0,0x63,0x11,0x4D,0xB0,0x63,0x11,0x4D,
    0xB0,0x63,0x11,0x4D,0xB0,0x63,0x11,0x4D,0xB0,0x63,0x11,0x4D,0xB0,0x63,0x11,0x4D,0xB0,0x63,0x11,0x4D,0xB0,0x63,0x11,0x4D,0xB0,0x63,0x11,0x4D,0xB0,0x63,0x11,0x4D,0xB0,0x63,0x11,0x4D,0xB0,0x63,0x11,0x4D,0xB0,0x63,0x11,0x4D,0xB0,0x63,0x11,0x4D,0xB0,0x63,0x11,0x4D,0xB0,0x63,0x11,0x4D,0xB0,0x63,0x11,0x4D,0xB0,0x63,0x11,0x4D,
    0xB0,0x63,0x11,0x4D,0xB0,0x63,0x11,0x4D,0xB0,0x63,0x11,0x4D,0xB0,0x63,0x11,0x4D,0xB0,0x63,0x11,0x4D,0xB0,0x63,0x11,0x4D,0xB0,0x63,0x11,0x4D,0xB0,0x63,0x11,0x4D,0xB0,0x63,0x11,0x4D,0xB0,0x63,0x11,0x4D,0xB0,0x63,0x11,0x4D,0xB0,0x63,0x11,0x4D,0xB0,0x63,0x11,0x4D,0xB0,0x63,0x11,0x4D,0xB0,0x63,0x11,0x4D,0xB0,0x63,0x11,0x4D,
    0xB0,0x63,0x11,0x4D,0xB0,0x63,0x11,0x4D,0xB0,0x63,0x11,0x4D,0xB0,0x63,0x11,0x4D,0xB0,0x63,0x11,0x4D,0xB0,0x63,0x11,0x4D,0xB0,0x63,0x11,0x4D,0xB0,0x63,0x11,0x4D,0xB0,0x63,0x11,0x4D,0xB0,0x63,0x11,0x4D,0xB0,0x63,0x11,0x4D,0xB0,0x63,0x11,0x4D,0xB0,0x63,0x11,0x4D,0xB0,0x63,0x11,0x4D,0xB0,0x63,0x11,0x4D,0xB0,0x63,0x11,0x4D,
    0xB0,0x63,0x11,0x4D,0xB0,0x63,0x11,0x4D,0xB0,0x63,0x11,0x4D,0xB0,0x63,0x11,0x4D,0xB0,0x63,0x11,0x4D,0xB0,0x63,0x11,0x4D,0xB0,0x63,0x11,0x4D,0xB0,0x63,0x11,0x4D,0xB0,0x63,0x11,0x4D,0xB0,0x63,0x11,0x4D,0xB0,0x63,0x11,0x4D,0xB0,0x63,0x11,0x4D,0xB0,0x63,0x11,0x4D,0xB0,0x63,0x11,0x4D,0xB0,0x63,0x11,0x4D,0xB0,0x63,0x11,0x4D,
    0xB0,0x63,0x11,0x4D,0xB0,0x63,0x11,0x4D,0xB0,0x63,0x11,0x4D,0xB0,0x63,0x11,0x4D,0xB0,0x63,0x11,0x4D,0xB0,0x63,0x11,0x4D,0xB0,0x63,0x11,0x4D,0xB0,0x63,0x11,0x4D,0xB0,0x63,0x11,0x4D,0xB0,0x63,0x11,0x4D,0xB0,0x63,0x11,0x4D,0xB0,0x63,0x11,0x4D,0xB0,0x63,0x11,0x4D,0xB0,0x63,0x11,0x4D,0xB0,0x63,0x11,0x4D,0xB0,0x63,0x11,0x4D,
    0xB0,0x63,0x11,0x4D,0xB0,0x63,0x11,0x4D,0xB0,0x63,0x11,0x4D,0xB0,0x63,0x11,0x4D,0xB0,0x63,0x11,0x4D,0xB0,0x63,0x11,0x4D,0xB0,0x63,0x11,0x4D,0xB0,0x63,0x11,0x4D,0xB0,0x63,0x11,0x4D,0xB0,0x63,0x11,0x4D,0xB0,0x63,0x11,0x4D,0xB0,0x63,0x11,0x4D,0xB0,0x63,0x11,0x4D,0xB0,0x63,0x11,0x4D,0xB0,0x63,0x11,0x4D,0xB0,0x63,0x11,0x4D,
    0xB0,0x63,0x11,0x4D,0xB0,0x63,0x11,0x4D,0xB0,0x63,0x11,0x4D,0xB0,0x63,0x11,0x4D,0xB0,0x63,0x11,0x4D,0xB0,0x63,0x11,0x4D,0xB0,0x63,0x11,0x4D,0xB0,0x63,0x11,0x4D,0xB0,0x63,0x11,0x4D,0xB0,0x63,0x11,0x4D,0xB0,0x63,0x11,0x4D,0xB0,0x63,0x11,0x4D,0xB0,0x63,0x11,0x4D,0xB0,0x63,0x11,0x4D,0xB0,0x63,0x11,0x4D,0xB0,0x63,0x11,0x4D,
    0xB0,0x63,0x11,0x4D,0xB0,0x63,0x11,0x4D,0xB0,0x63,0x11,0x4D,0xB0,0x63,0x11,0x4D,0xB0,0x63,0x11,0x4D,0xB0,0x63,0x11,0x4D,0xB0,0x63,0x11,0x4D,0xB0,0x63,0x11,0x4D,0xB0,0x63,0x11,0x4D,0xB0,0x63,0x11,0x4D,0xB0,0x63,0x11,0x4D,0xB0,0x63,0x11,0x4D,0xB0,0x63,0x11,0x4D,0xB0,0x63,0x11,0x4D,0xB0,0x63,0x11,0x4D,0xB0,0x63,0x11,0x4D,
    0xB0,0x63,0x11,0x4D,0xB0,0x63,0x11,0x4D,0xB0,0x63,0x11,0x4D,0xB0,0x63,0x11,0x4D,0xB0,0x63,0x11,0x4D,0xB0,0x63,0x11,0x4D,0xB0,0x63,0x11,0x4D,0xB0,0x63,0x11,0x4D,0xB0,0x63,0x11,0x4D,0xB0,0x63,0x11,0x4D,0xB0,0x63,0x11,0x4D,0xB0,0x63,0x11,0x4D,0xB0,0x63,0x11,0x4D,0xB0,0x63,0x11,0x4D,0xB0,0x63,0x11,0x4D,0xB0,0x63,0x11,0x4D,
    0xB0,0x63,0x11,0x4D,0xB0,0x63,0x11,0x4D,0xB0,0x63,0x11,0x4D,0xB0,0x63,0x11,0x4D,0xB0,0x63,0x11,0x4D,0xB0,0x63,0x11,0x4D,0xB0,0x63,0x11,0x4D,0xB0,0x63,0x11,0x4D,0xB0,0x63,0x11,0x4D,0xB0,0x63,0x11,0x4D,0xB0,0x63,0x11,0x4D,0xB0,0x63,0x11,0x4D,0xB0,0x63,0x11,0x4D,0xB0,0x63,0x11,0x4D,0xB0,0x63,0x11,0x4D,0xB0,0x63,0x11,0x4D,
    0xB0,0x63,0x11,0x4D,0xB0,0x63,0x11,0x4D,0xB0,0x63,0x11,0x4D,0xB0,0x63,0x11,0x4D,0xB0,0x63,0x11,0x4D,0xB0,0x63,0x11,0x4D,0xB0,0x63,0x11,0x4D,0xB0,0x63,0x11,0x4D,0xB0,0x63,0x11,0x4D,0xB0,0x63,0x11,0x4D,0xB0,0x63,0x11,0x4D,0xB0,0x63,0x11,0x4D,0xB0,0x63,0x11,0x4D,0xB0,0x63,0x11,0x4D,0xB0,0x63,0x11,0x4D,0xB0,0x63,0x11,0x4D,
    0xB0,0x63,0x11,0x4D,0xB0,0x63,0x11,0x4D,0xB0,0x63,0x11,0x4D,0xB0,0x63,0x11,0x4D,0xB0,0x63,0x11,0x4D,0xB0,0x63,0x11,0x4D,0xB0,0x63,0x11,0x4D,0xB0,0x63,0x11,0x4D,0xB0,0x63,0x11,0x4D,0xB0,0x63,0x11,0x4D,0xB0,0x63,0x11,0x4D,0xB0,0x63,0x11,0x4D,0xB0,0x63,0x11,0x4D,0xB0,0x63,0x11,0x4D,0xB0,0x63,0x11,0x4D,0xB0,0x63,0x11,0x4D,
    0xB0,0x63,0x11,0x4D,0xB0,0x63,0x11,0x4D,0xB0,0x63,0x11,0x4D,0xB0,0x63,0x11,0x4D,0xB0,0x63,0x11,0x4D,0xB0,0x63,0x11,0x4D,0xB0,0x63,0x11,0x4D,0xB0,0x63,0x11,0x4D,0xB0,0x63,0x11,0x4D,0xB0,0x63,0x11,0x4D,0xB0,0x63,0x11,0x4D,0xB0,0x63,0x11,0x4D,0xB0,0x63,0x11,0x4D,0xB0,0x63,0x11,0x4D,0xB0,0x63,0x11,0x4D,0xB0,0x63,0x11,0x4D,
    0xB0,0x63,0x11,0x4D,0xB0,0x63,0x11,0x4D,0xB0,0x63,0x11,0x4D,0xB0,0x63,0x11,0x4D,0xB0,0x63,0x11,0x4D,0xB0,0x63,0x11,0x4D,0xB0,0x63,0x11,0x4D,0xB0,0x63,0x11,0x4D,0xB0,0x63,0x11,0x4D,0xB0,0x63,0x11,0x4D,0xB0,0x63,0x11,0x4D,0xB0,0x63,0x11,0x4D,0xB0,0x63,0x11,0x4D,0xB0,0x63,0x11,0x4D,0xB0,0x63,0x11,0x4D,0xB0,0x63,0x11,0x4D,
    0xB0,0x63,0x11,0x4D,0xB0,0x63,0x11,0x4D,0xB0,0x63,0x11,0x4D,0xB0,0x63,0x11,0x4D,0xB0,0x63,0x11,0x4D,0xB0,0x63,0x11,0x4D,0xB0,0x63,0x11,0x4D,0xB0,0x63,0x11,0x4D,0xB0,0x63,0x11,0x4D,0xB0,0x63,0x11,0x4D,0xB0,0x63,0x11,0x4D,0xB0,0x63,0x11,0x4D,0xB0,0x63,0x11,0x4D,0xB0,0x63,0x11,0x4D,0xB0,0x63,0x11,0x4D,0xB0,0x63,0x11,0x4D,
    0xB0,0x63,0x11,0x4D,0xB0,0x63,0x11,0x4D,0xB0,0x63,0x11,0x4D,0xB0,0x63,0x11,0x4D,0xB0,0x63,0x11,0x4D,0xB0,0x63,0x11,0x4D,0xB0,0x63,0x11,0x4D,0xB0,0x63,0x11,0x4D,0xB0,0x63,0x11,0x4D,0xB0,0x63,0x11,0x4D,0xB0,0x63,0x11,0x4D,0xB0,0x63,0x11,0x4D,0xB0,0x63,0x11,0x4D,0xB0,0x63,0x11,0x4D,0xB0,0x63,0x11,0x4D,0xB0,0x63,0x11,0x4D,
    0xB0,0x63,0x11,0x4D,0xB0,0x63,0x11,0x4D,0xB0,0x63,0x11,0x4D,0xB0,0x63,0x11,0x4D,0xB0,0x63,0x11,0x4D,0xB0,0x63,0x11,0x4D,0xB0,0x63,0x11,0x4D,0xB0,0x63,0x11,0x4D,0xB0,0x63,0x11,0x4D,0xB0,0x63,0x11,0x4D,0xB0,0x63,0x11,0x4D,0xB0,0x63,0x11,0x4D,0xB0,0x63,0x11,0x4D,0xB0,0x63,0x11,0x4D,0xB0,0x63,0x11,0x4D,0xB0,0x63,0x11,0x4D,
    0xB0,0x63,0x11,0x4D,0xB0,0x63,0x11,0x4D,0xB0,0x63,0x11,0x4D,0xB0,0x63,0x11,0x4D,0xB0,0x63,0x11,0x4D,0xB0,0x63,0x11,0x4D,0xB0,0x63,0x11,0x4D,0xB0,0x63,0x11,0x4D,0xB0,0x63,0x11,0x4D,0xB0,0x63,0x11,0x4D,0xB0,0x63,0x11,0x4D,0xB0,0x63,0x11,0x4D,0xB0,0x63,0x11,0x4D,0xB0,0x63,0x11,0x4D,0xB0,0x63,0x11,0x4D,0xB0,0x63,0x11,0x4D,
    0xB0,0x63,0x11,0x4D,0xB0,0x63,0x11,0x4D,0xB0,0x63,0x11,0x4D,0xB0,0x63,0x11,0x4D,0xB0,0x63,0x11,0x4D,0xB0,0x63,0x11,0x4D,0xB0,0x63,0x11,0x4D,0xB0,0x63,0x11,0x4D,0xB0,0x63,0x11,0x4D,0xB0,0x63,0x11,0x4D,0xB0,0x63,0x11,0x4D,0xB0,0x63,0x11,0x4D,0xB0,0x63,0x11,0x4D,0xB0,0x63,0x11,0x4D,0xB0,0x63,0x11,0x4D,0xB0,0x63,0x11,0x4D,
    0xB0,0x63,0x11,0x4D,0xB0,0x63,0x11,0x4D,0xB0,0x63,0x11,0x4D,0xB0,0x63,0x11,0x4D,0xB0,0x63,0x11,0x4D,0xB0,0x63,0x11,0x4D,0xB0,0x63,0x11,0x4D,0xB0,0x63,0x11,0x4D,0xB0,0x63,0x11,0x4D,0xB0,0x63,0x11,0x4D,0xB0,0x63,0x11,0x4D,0xB0,0x63,0x11,0x4D,0xB0,0x63,0x11,0x4D,0xB0,0x63,0x11,0x4D,0xB0,0x63,0x11,0x4D,0xB0,0x63,0x11,0x4D,
    0xB0,0x63,0x11,0x4D,0xB0,0x63,0x11,0x4D,0xB0,0x63,0x11,0x4D,0xB0,0x63,0x11,0x4D,0xB0,0x63,0x11,0x4D,0xB0,0x63,0x11,0x4D,0xB0,0x63,0x11,0x4D,0xB0,0x63,0x11,0x4D,0xB0,0x63,0x11,0x4D,0xB0,0x63,0x11,0x4D,0xB0,0x63,0x11,0x4D,0xB0,0x63,0x11,0x4D,0xB0,0x63,0x11,0x4D,0xB0,0x63,0x11,0x4D,0xB0,0x63,0x11,0x4D,0xB0,0x63,0x11,0x4D,
    0xB0,0x63,0x11,0x4D,0xB0,0x63,0x11,0x4D,0xB0,0x63,0x11,0x4D,0xB0,0x63,0x11,0x4D,0xB0,0x63,0x11,0x4D,0xB0,0x63,0x11,0x4D,0xB0,0x63,0x11,0x4D,0xB0,0x63,0x11,0x4D,0xB0,0x63,0x11,0x4D,0xB0,0x63,0x11,0x4D,0xB0,0x63,0x11,0x4D,0xB0,0x63,0x11,0x4D,0xB0,0x63,0x11,0x4D,0xB0,0x63,0x11,0x4D,0xB0,0x63,0x11,0x4D,0xB0,0x63,0x11,0x4D,
    0xB0,0x63,0x11,0x4D,0xB0,0x63,0x11,0x4D,0xB0,0x63,0x11,0x4D,0xB0,0x63,0x11,0x4D,0xB0,0x63,0x11,0x4D,0xB0,0x63,0x11,0x4D,0xB0,0x63,0x11,0x4D,0xB0,0x63,0x11,0x4D,0xB0,0x63,0x11,0x4D,0xB0,0x63,0x11,0x4D,0xB0,0x63,0x11,0x4D,0xB0,0x63,0x11,0x4D,0xB0,0x63,0x11,0x4D,0xB0,0x63,0x11,0x4D,0xB0,0x63,0x11,0x4D,0xB0,0x63,0x11,0x4D,
    0xB0,0x63,0x11,0x4D,0xB0,0x63,0x11,0x4D,0xB0,0x63,0x11,0x4D,0xB0,0x63,0x11,0x4D,0xB0,0x63,0x11,0x4D,0xB0,0x63,0x11,0x4D,0xB0,0x63,0x11,0x4D,0xB0,0x63,0x11,0x4D,0xB0,0x63,0x11,0x4D,0xB0,0x63,0x11,0x4D,0xB0,0x63,0x11,0x4D,0xB0,0x63,0x11,0x4D,0xB0,0x63,0x11,0x4D,0xB0,0x63,0x11,0x4D,0xB0,0x63,0x11,0x4D,0xB0,0x63,0x11,0x4D,
    0xB0,0x63,0x11,0x4D,0xB0,0x63,0x11,0x4D,0xB0,0x63,0x11,0x4D,0xB0,0x63,0x11,0x4D,0xB0,0x63,0x11,0x4D,0xB0,0x63,0x11,0x4D,0xB0,0x63,0x11,0x4D,0xB0,0x63,0x11,0x4D,0xB0,0x63,0x11,0x4D,0xB0,0x63,0x11,0x4D,0xB0,0x63,0x11,0x4D,0xB0,0x63,0x11,0x4D,0xB0,0x63,0x11,0x4D,0xB0,0x63,0x11,0x4D,0xB0,0x63,0x11,0x4D,0xB0,0x63,0x11,0x4D,
    0xB0,0x63,0x11,0x4D,0xB0,0x63,0x11,0x4D,0xB0,0x63,0x11,0x4D,0xB0,0x63,0x11,0x4D,0xB0,0x63,0x11,0x4D,0xB0,0x63,0x11,0x4D,0xB0,0x63,0x11,0x4D,0xB0,0x63,0x11,0x4D,0xB0,0x63,0x11,0x4D,0xB0,0x63,0x11,0x4D,0xB0,0x63,0x11,0x4D,0xB0,0x63,0x11,0x4D,0xB0,0x63,0x11,0x4D,0xB0,0x63,0x11,0x4D,0xB0,0x63,0x11,0x4D,0xB0,0x63,0x11,0x4D,
    0xB0,0x63,0x11,0x4D,0xB0,0x63,0x11,0x4D,0xB0,0x63,0x11,0x4D,0xB0,0x63,0x11,0x4D,0xB0,0x63,0x11,0x4D,0xB0,0x63,0x11,0x4D,0xB0,0x63,0x11,0x4D,0xB0,0x63,0x11,0x4D,0xB0,0x63,0x11,0x4D,0xB0,0x63,0x11,0x4D,0xB0,0x63,0x11,0x4D,0xB0,0x63,0x11,0x4D,0xB0,0x63,0x11,0x4D,0xB0,0x63,0x11,0x4D,0xB0,0x63,0x11,0x4D,0xB0,0x63,0x11,0x4D,
    0xB0,0x63,0x11,0x4D,0xB0,0x63,0x11,0x4D,0xB0,0x63,0x11,0x4D,0xB0,0x63,0x11,0x4D,0xB0,0x63,0x11,0x4D,0xB0,0x63,0x11,0x4D,0xB0,0x63,0x11,0x4D,0xB0,0x63,0x11,0x4D,0xB0,0x63,0x11,0x4D,0xB0,0x63,0x11,0x4D,0xB0,0x63,0x11,0x4D,0xB0,0x63,0x11,0x4D,0xB0,0x63,0x11,0x4D,0xB0,0x63,0x11,0x4D,0xB0,0x63,0x11,0x4D,0xB0,0x63,0x11,0x4D,
    0xB0,0x63,0x11,0x4D,0xB0,0x63,0x11,0x4D,0xB0,0x63,0x11,0x4D,0xB0,0x63,0x11,0x4D,0xB0,0x63,0x11,0x4D,0xB0,0x63,0x11,0x4D,0xB0,0x63,0x11,0x4D,0xB0,0x63,0x11,0x4D,0xB0,0x63,0x11,0x4D,0xB0,0x63,0x11,0x4D,0xB0,0x63,0x11,0x4D,0xB0,0x63,0x11,0x4D,0xB0,0x63,0x11,0x4D,0xB0,0x63,0x11,0x4D,0xB0,0x63,0x11,0x4D,0xB0,0x63,0x11,0x4D,
    0xB0,0x63,0x11,0x4D,0xB0,0x63,0x11,0x4D,0xB0,0x63,0x11,0x4D,0xB0,0x63,0x11,0x4D,0xB0,0x63,0x11,0x4D,0xB0,0x63,0x11,0x4D,0xB0,0x63,0x11,0x4D,0xB0,0x63,0x11,0x4D,0xB0,0x63,0x11,0x4D,0xB0,0x63,0x11,0x4D,0xB0,0x63,0x11,0x4D,0xB0,0x63,0x11,0x4D,0xB0,0x63,0x11,0x4D,0xB0,0x63,0x11,0x4D,0xB0,0x63,0x11,0x4D,0xB0,0x63,0x11,0x4D,
    0xB0,0x63,0x11,0x4D,0xB0,0x63,0x11,0x4D,0xB0,0x63,0x11,0x4D,0xB0,0x63,0x11,0x4D,0xB0,0x63,0x11,0x4D,0xB0,0x63,0x11,0x4D,0xB0,0x63,0x11,0x4D,0xB0,0x63,0x11,0x4D,0xB0,0x63,0x11,0x4D,0xB0,0x63,0x11,0x4D,0xB0,0x63,0x11,0x4D,0xB0,0x63,0x11,0x4D,0xB0,0x63,0x11,0x4D,0xB0,0x63,0x11,0x4D,0xB0,0x63,0x11,0x4D,0xB0,0x63,0x11,0x4D,
    0xB0,0x63,0x11,0x4D,0xB0,0x63,0x11,0x4D,0xB0,0x63,0x11,0x4D,0xB0,0x63,0x11,0x4D,0xB0,0x63,0x11,0x4D,0xB0,0x63,0x11,0x4D,0xB0,0x63,0x11,0x4D,0xB0,0x63,0x11,0x4D,0xB0,0x63,0x11,0x4D,0xB0,0x63,0x11,0x4D,0xB0,0x63,0x11,0x4D,0xB0,0x63,0x11,0x4D,0xB0,0x63,0x11,0x4D,0xB0,0x63,0x11,0x4D,0xB0,0x63,0x11,0x4D,0xB0,0x63,0x11,0x4D,
    0xB0,0x63,0x11,0x4D,0xB0,0x63,0x11,0x4D,0xB0,0x63,0x11,0x4D,0xB0,0x63,0x11,0x4D,0xB0,0x63,0x11,0x4D,0xB0,0x63,0x11,0x4D,0xB0,0x63,0x11,0x4D,0xB0,0x63,0x11,0x4D,0xB0,0x63,0x11,0x4D,0xB0,0x63,0x11,0x4D,0xB0,0x63,0x11,0x4D,0xB0,0x63,0x11,0x4D,0xB0,0x63,0x11,0x4D,0xB0,0x63,0x11,0x4D,0xB0,0x63,0x11,0x4D,0xB0,0x63,0x11,0x4D,
    0xB0,0x63,0x11,0x4D,0xB0,0x63,0x11,0x4D,0xB0,0x63,0x11,0x4D,0xB0,0x63,0x11,0x4D,0xB0,0x63,0x11,0x4D,0xB0,0x63,0x11,0x4D,0xB0,0x63,0x11,0x4D,0xB0,0x63,0x11,0x4D,0xB0,0x63,0x11,0x4D,0xB0,0x63,0x11,0x4D,0xB0,0x63,0x11,0x4D,0xB0,0x63,0x11,0x4D,0xB0,0x63,0x11,0x4D,0xB0,0x63,0x11,0x4D,0xB0,0x63,0x11,0x4D,0xB0,0x63,0x11,0x4D,
    0xB0,0x63,0x11,0x4D,0xB0,0x63,0x11,0x4D,0xB0,0x63,0x11,0x4D,0xB0,0x63,0x11,0x4D,0xB0,0x63,0x11,0x4D,0xB0,0x63,0x11,0x4D,0xB0,0x63,0x11,0x4D,0xB0,0x63,0x11,0x4D,0xB0,0x63,0x11,0x4D,0xB0,0x63,0x11,0x4D,0xB0,0x63,0x11,0x4D,0xB0,0x63,0x11,0x4D,0xB0,0x63,0x11,0x4D,0xB0,0x63,0x11,0x4D,0xB0,0x63,0x11,0x4D,0xB0,0x63,0x11,0x4D,
    0xB0,0x63,0x11,0x4D,0xB0,0x63,0x11,0x4D,0xB0,0x63,0x11,0x4D,0xB0,0x63,0x11,0x4D,0xB0,0x63,0x11,0x4D,0xB0,0x63,0x11,0x4D,0xB0,0x63,0x11,0x4D,0xB0,0x63,0x11,0x4D,0xB0,0x63,0x11,0x4D,0xB0,0x63,0x11,0x4D,0xB0,0x63,0x11,0x4D,0xB0,0x63,0x11,0x4D,0xB0,0x63,0x11,0x4D,0xB0,0x63,0x11,0x4D,0xB0,0x63,0x11,0x4D,0xB0,0x63,0x11,0x4D,
    0xB0,0x63,0x11,0x4D,0xB0,0x63,0x11,0x4D,0xB0,0x63,0x11,0x4D,0xB0,0x63,0x11,0x4D,0xB0,0x63,0x11,0x4D,0xB0,0x63,0x11,0x4D,0xB0,0x63,0x11,0x4D,0xB0,0x63,0x11,0x4D,0xB0,0x63,0x11,0x4D,0xB0,0x63,0x11,0x4D,0xB0,0x63,0x11,0x4D,0xB0,0x63,0x11,0x4D,0xB0,0x63,0x11,0x4D,0xB0,0x63,0x11,0x4D,0xB0,0x63,0x11,0x4D,0xB0,0x63,0x11,0x4D,
    0xB0,0x63,0x11,0x4D,0xB0,0x63,0x11,0x4D,0xB0,0x63,0x11,0x4D,0xB0,0x63,0x11,0x4D,0xB0,0x63,0x11,0x4D,0xB0,0x63,0x11,0x4D,0xB0,0x63,0x11,0x4D,0xB0,0x63,0x11,0x4D,0xB0,0x63,0x11,0x4D,0xB0,0x63,0x11,0x4D,0xB0,0x63,0x11,0x4D,0xB0,0x63,0x11,0x4D,0xB0,0x63,0x11,0x4D,0xB0,0x63,0x11,0x4D,0xB0,0x63,0x11,0x4D,0xB0,0x63,0x11,0x4D,
    0xB0,0x63,0x11,0x4D,0xB0,0x63,0x11,0x4D,0xB0,0x63,0x11,0x4D,0xB0,0x63,0x11,0x4D,0xB0,0x63,0x11,0x4D,0xB0,0x63,0x11,0x4D,0xB0,0x63,0x11,0x4D,0xB0,0x63,0x11,0x4D,0xB0,0x63,0x11,0x4D,0xB0,0x63,0x11,0x4D,0xB0,0x63,0x11,0x4D,0xB0,0x63,0x11,0x4D,0xB0,0x63,0x11,0x4D,0xB0,0x63,0x11,0x4D,0xB0,0x63,0x11,0x4D,0xB0,0x63,0x11,0x4D,
    0xB0,0x63,0x11,0x4D,0xB0,0x63,0x11,0x4D,0xB0,0x63,0x11,0x4D,0xB0,0x63,0x11,0x4D,0xB0,0x63,0x11,0x4D,0xB0,0x63,0x11,0x4D,0xB0,0x63,0x11,0x4D,0xB0,0x63,0x11,0x4D,0xB0,0x63,0x11,0x4D,0xB0,0x63,0x11,0x4D,0xB0,0x63,0x11,0x4D,0xB0,0x63,0x11,0x4D,0xB0,0x63,0x11,0x4D,0xB0,0x63,0x11,0x4D,0xB0,0x63,0x11,0x4D,0xB0,0x63,0x11,0x4D,
    0xB0,0x63,0x11,0x4D,0xB0,0x63,0x11,0x4D,0xB0,0x63,0x11,0x4D,0xB0,0x63,0x11,0x4D,0xB0,0x63,0x11,0x4D,0xB0,0x63,0x11,0x4D,0xB0,0x63,0x11,0x4D,0xB0,0x63,0x11,0x4D,0xB0,0x63,0x11,0x4D,0xB0,0x63,0x11,0x4D,0xB0,0x63,0x11,0x4D,0xB0,0x63,0x11,0x4D,0xB0,0x63,0x11,0x4D,0xB0,0x63,0x11,0x4D,0xB0,0x63,0x11,0x4D,0xB0,0x63,0x11,0x4D,
    0xB0,0x63,0x11,0x4D,0xB0,0x63,0x11,0x4D,0xB0,0x63,0x11,0x4D,0xB0,0x63,0x11,0x4D,0xB0,0x63,0x11,0x4D,0xB0,0x63,0x11,0x4D,0xB0,0x63,0x11,0x4D,0xB0,0x63,0x11,0x4D,0xB0,0x63,0x11,0x4D,0xB0,0x63,0x11,0x4D,0xB0,0x63,0x11,0x4D,0xB0,0x63,0x11,0x4D,0xB0,0x63,0x11,0x4D,0xB0,0x63,0x11,0x4D,0xB0,0x63,0x11,0x4D,0xB0,0x63,0x11,0x4D,
    0xB0,0x63,0x11,0x4D,0xB0,0x63,0x11,0x4D,0xB0,0x63,0x11,0x4D,0xB0,0x63,0x11,0x4D,0xB0,0x63,0x11,0x4D,0xB0,0x63,0x11,0x4D,0xB0,0x63,0x11,0x4D,0xB0,0x63,0x11,0x4D,0xB0,0x63,0x11,0x4D,0xB0,0x63,0x11,0x4D,0xB0,0x63,0x11,0x4D,0xB0,0x63,0x11,0x4D,0xB0,0x63,0x11,0x4D,0xB0,0x63,0x11,0x4D,0xB0,0x63,0x11,0x4D,0xB0,0x63,0x11,0x4D,
    0xB0,0x63,0x11,0x4D,0xB0,0x63,0x11,0x4D,0xB0,0x63,0x11,0x4D,0xB0,0x63,0x11,0x4D,0xB0,0x63,0x11,0x4D,0xB0,0x63,0x11,0x4D,0xB0,0x63,0x11,0x4D,0xB0,0x63,0x11,0x4D,0xB0,0x63,0x11,0x4D,0xB0,0x63,0x11,0x4D,0xB0,0x63,0x11,0x4D,0xB0,0x63,0x11,0x4D,0xB0,0x63,0x11,0x4D,0xB0,0x63,0x11,0x4D,0xB0,0x63,0x11,0x4D,0xB0,0x63,0x11,0x4D,
    0xB0,0x63,0x11,0x4D,0xB0,0x63,0x11,0x4D,0xB0,0x63,0x11,0x4D,0xB0,0x63,0x11,0x4D,0xB0,0x63,0x11,0x4D,0xB0,0x63,0x11,0x4D,0xB0,0x63,0x11,0x4D,0xB0,0x63,0x11,0x4D,0xB0,0x63,0x11,0x4D,0xB0,0x63,0x11,0x4D,0xB0,0x63,0x11,0x4D,0xB0,0x63,0x11,0x4D,0xB0,0x63,0x11,0x4D,0xB0,0x63,0x11,0x4D,0xB0,0x63,0x11,0x4D,0xB0,0x63,0x11,0x4D,
    0xB0,0x63,0x11,0x4D,0xB0,0x63,0x11,0x4D,0xB0,0x63,0x11,0x4D,0xB0,0x63,0x11,0x4D,0xB0,0x63,0x11,0x4D,0xB0,0x63,0x11,0x4D,0xB0,0x63,0x11,0x4D,0xB0,0x63,0x11,0x4D,0xB0,0x63,0x11,0x4D,0xB0,0x63,0x11,0x4D,0xB0,0x63,0x11,0x4D,0xB0,0x63,0x11,0x4D,0xB0,0x63,0x11,0x4D,0xB0,0x63,0x11,0x4D,0xB0,0x63,0x11,0x4D,0xB0,0x63,0x11,0x4D,
    0xB0,0x63,0x11,0x4D,0xB0,0x63,0x11,0x4D,0xB0,0x63,0x11,0x4D,0xB0,0x63,0x11,0x4D,0xB0,0x63,0x11,0x4D,0xB0,0x63,0x11,0x4D,0xB0,0x63,0x11,0x4D,0xB0,0x63,0x11,0x4D,0xB0,0x63,0x11,0x4D,0xB0,0x63,0x11,0x4D,0xB0,0x63,0x11,0x4D,0xB0,0x63,0x11,0x4D,0xB0,0x63,0x11,0x4D,0xB0,0x63,0x11,0x4D,0xB0,0x63,0x11,0x4D,0xB0,0x63,0x11,0x4D,
    0xB0,0x63,0x11,0x4D,0xB0,0x63,0x11,0x4D,0xB0,0x63,0x11,0x4D,0xB0,0x63,0x11,0x4D,0xB0,0x63,0x11,0x4D,0xB0,0x63,0x11,0x4D,0xB0,0x63,0x11,0x4D,0xB0,0x63,0x11,0x4D,0xB0,0x63,0x11,0x4D,0xB0,0x63,0x11,0x4D,0xB0,0x63,0x11,0x4D,0xB0,0x63,0x11,0x4D,0xB0,0x63,0x11,0x4D,0xB0,0x63,0x11,0x4D,0xB0,0x63,0x11,0x4D,0xB0,0x63,0x11,0x4D,
    0xB0,0x63,0x11,0x4D,0xB0,0x63,0x11,0x4D,0xB0,0x63,0x11,0x4D,0xB0,0x63,0x11,0x4D,0xB0,0x63,0x11,0x4D,0xB0,0x63,0x11,0x4D,0xB0,0x63,0x11,0x4D,0xB0,0x63,0x11,0x4D,0xB0,0x63,0x11,0x4D,0xB0,0x63,0x11,0x4D,0xB0,0x63,0x11,0x4D,0xB0,0x63,0x11,0x4D,0xB0,0x63,0x11,0x4D,0xB0,0x63,0x11,0x4D,0xB0,0x63,0x11,0x4D,0xB0,0x63,0x11,0x4D,
    0xB0,0x63,0x11,0x4D,0xB0,0x63,0x11,0x4D,0xB0,0x63,0x11,0x4D,0xB0,0x63,0x11,0x4D,0xB0,0x63,0x11,0x4D,0xB0,0x63,0x11,0x4D,0xB0,0x63,0x11,0x4D,0xB0,0x63,0x11,0x4D,0xB0,0x63,0x11,0x4D,0xB0,0x63,0x11,0x4D,0xB0,0x63,0x11,0x4D,0xB0,0x63,0x11,0x4D,0xB0,0x63,0x11,0x4D,0xB0,0x63,0x11,0x4D,0xB0,0x63,0x11,0x4D,0xB0,0x63,0x11,0x4D,
    0xB0,0x63,0x11,0x4D,0xB0,0x63,0x11,0x4D,0xB0,0x63,0x11,0x4D,0xB0,0x63,0x11,0x4D,0xB0,0x63,0x11,0x4D,0xB0,0x63,0x11,0x4D,0xB0,0x63,0x11,0x4D,0xB0,0x63,0x11,0x4D,0xB0,0x63,0x11,0x4D,0xB0,0x63,0x11,0x4D,0xB0,0x63,0x11,0x4D,0xB0,0x63,0x11,0x4D,0xB0,0x63,0x11,0x4D,0xB0,0x63,0x11,0x4D,0xB0,0x63,0x11,0x4D,0xB0,0x63,0x11,0x4D,
    0xB0,0x63,0x11,0x4D,0xB0,0x63,0x11,0x4D,0xB0,0x63,0x11,0x4D,0xB0,0x63,0x11,0x4D,0xB0,0x63,0x11,0x4D,0xB0,0x63,0x11,0x4D,0xB0,0x63,0x11,0x4D,0xB0,0x63,0x11,0x4D,0xB0,0x63,0x11,0x4D,0xB0,0x63,0x11,0x4D,0xB0,0x63,0x11,0x4D,0xB0,0x63,0x11,0x4D,0xB0,0x63,0x11,0x4D,0xB0,0x63,0x11,0x4D,0xB0,0x63,0x11,0x4D,0xB0,0x63,0x11,0x4D,
    0xB0,0x63,0x11,0x4D,0xB0,0x63,0x11,0x4D,0xB0,0x63,0x11,0x4D,0xB0,0x63,0x11,0x4D,0xB0,0x63,0x11,0x4D,0xB0,0x63,0x11,0x4D,0xB0,0x63,0x11,0x4D,0xB0,0x63,0x11,0x4D,0xB0,0x63,0x11,0x4D,0xB0,0x63,0x11,0x4D,0xB0,0x63,0x11,0x4D,0xB0,0x63,0x11,0x4D,0xB0,0x63,0x11,0x4D,0xB0,0x63,0x11,0x4D,0xB0,0x63,0x11,0x4D,0xB0,0x63,0x11,0x4D,
    0xB0,0x63,0x11,0x4D,0xB0,0x63,0x11,0x4D,0xB0,0x63,0x11,0x4D,0xB0,0x63,0x11,0x4D,0xB0,0x63,0x11,0x4D,0xB0,0x63,0x11,0x4D,0xB0,0x63,0x11,0x4D,0xB0,0x63,0x11,0x4D,0xB0,0x63,0x11,0x4D,0xB0,0x63,0x11,0x4D,0xB0,0x63,0x11,0x4D,0xB0,0x63,0x11,0x4D,0xB0,0x63,0x11,0x4D,0xB0,0x63,0x11,0x4D,0xB0,0x63,0x11,0x4D,0xB0,0x63,0x11,0x4D,
    0xB0,0x63,0x11,0x4D,0xB0,0x63,0x11,0x4D,0xB0,0x63,0x11,0x4D,0xB0,0x63,0x11,0x4D,0xB0,0x63,0x11,0x4D,0xB0,0x63,0x11,0x4D,0xB0,0x63,0x11,0x4D,0xB0,0x63,0x11,0x4D,0xB0,0x63,0x11,0x4D,0xB0,0x63,0x11,0x4D,0xB0,0x63,0x11,0x4D,0xB0,0x63,0x11,0x4D,0xB0,0x63,0x11,0x4D,0xB0,0x63,0x11,0x4D,0xB0,0x63,0x11,0x4D,0xB0,0x63,0x11,0x4D,
    0xB0,0x63,0x11,0x4D,0xB0,0x63,0x11,0x4D,0xB0,0x63,0x11,0x4D,0xB0,0x63,0x11,0x4D,0xB0,0x63,0x11,0x4D,0xB0,0x63,0x11,0x4D,0xB0,0x63,0x11,0x4D,0xB0,0x63,0x11,0x4D,0xB0,0x63,0x11,0x4D,0xB0,0x63,0x11,0x4D,0xB0,0x63,0x11,0x4D,0xB0,0x63,0x11,0x4D,0xB0,0x63,0x11,0x4D,0xB0,0x63,0x11,0x4D,0xB0,0x63,0x11,0x4D,0xB0,0x63,0x11,0x4D,
    0xB0,0x63,0x11,0x4D,0xB0,0x63,0x11,0x4D,0xB0,0x63,0x11,0x4D,0xB0,0x63,0x11,0x4D,0xB0,0x63,0x11,0x4D,0xB0,0x63,0x11,0x4D,0xB0,0x63,0x11,0x4D,0xB0,0x63,0x11,0x4D,0xB0,0x63,0x11,0x4D,0xB0,0x63,0x11,0x4D,0xB0,0x63,0x11,0x4D,0xB0,0x63,0x11,0x4D,0xB0,0x63,0x11,0x4D,0xB0,0x63,0x11,0x4D,0xB0,0x63,0x11,0x4D,0xB0,0x63,0x11,0x4D,
    0xB0,0x63,0x11,0x4D,0xB0,0x63,0x11,0x4D,0xB0,0x63,0x11,0x4D,0xB0,0x63,0x11,0x4D,0xB0,0x63,0x11,0x4D,0xB0,0x63,0x11,0x4D,0xB0,0x63,0x11,0x4D,0xB0,0x63,0x11,0x4D,0xB0,0x63,0x11,0x4D,0xB0,0x63,0x11,0x4D,0xB0,0x63,0x11,0x4D,0xB0,0x63,0x11,0x4D,0xB0,0x63,0x11,0x4D,0xB0,0x63,0x11,0x4D,0xB0,0x63,0x11,0x4D,0xB0,0x63,0x11,0x4D,
    0xB0,0x63,0x11,0x4D,0xB0,0x63,0x11,0x4D,0xB0,0x63,0x11,0x4D,0xB0,0x63,0x11,0x4D,0xB0,0x63,0x11,0x4D,0xB0,0x63,0x11,0x4D,0xB0,0x63,0x11,0x4D,0xB0,0x63,0x11,0x4D,0xB0,0x63,0x11,0x4D,0xB0,0x63,0x11,0x4D,0xB0,0x63,0x11,0x4D,0xB0,0x63,0x11,0x4D,0xB0,0x63,0x11,0x4D,0xB0,0x63,0x11,0x4D,0xB0,0x63,0x11,0x4D,0xB0,0x63,0x11,0x4D,
    0xB0,0x63,0x11,0x4D,0xB0,0x63,0x11,0x4D,0xB0,0x63,0x11,0x4D,0xB0,0x63,0x11,0x4D,0xB0,0x63,0x11,0x4D,0xB0,0x63,0x11,0x4D,0xB0,0x63,0x11,0x4D,0xB0,0x63,0x11,0x4D,0xB0,0x63,0x11,0x4D,0xB0,0x63,0x11,0x4D,0xB0,0x63,0x11,0x4D,0xB0,0x63,0x11,0x4D,0xB0,0x63,0x11,0x4D,0xB0,0x63,0x11,0x4D,0xB0,0x63,0x11,0x4D,0xB0,0x63,0x11,0x4D,
    0xB0,0x63,0x11,0x4D,0xB0,0x63,0x11,0x4D,0xB0,0x63,0x11,0x4D,0xB0,0x63,0x11,0x4D,0xB0,0x63,0x11,0x4D,0xB0,0x63,0x11,0x4D,0xB0,0x63,0x11,0x4D,0xB0,0x63,0x11,0x4D,0xB0,0x63,0x11,0x4D,0xB0,0x63,0x11,0x4D,0xB0,0x63,0x11,0x4D,0xB0,0x63,0x11,0x4D,0xB0,0x63,0x11,0x4D,0xB0,0x63,0x11,0x4D,0xB0,0x63,0x11,0x4D,0xB0,0x63,0x11,0x4D,
    0xB0,0x63,0x11,0x4D,0xB0,0x63,0x11,0x4D,0xB0,0x63,0x11,0x4D,0xB0,0x63,0x11,0x4D,0xB0,0x63,0x11,0x4D,0xB0,0x63,0x11,0x4D,0xB0,0x63,0x11,0x4D,0xB0,0x63,0x11,0x4D,0xB0,0x63,0x11,0x4D,0xB0,0x63,0x11,0x4D,0xB0,0x63,0x11,0x4D,0xB0,0x63,0x11,0x4D,0xB0,0x63,0x11,0x4D,0xB0,0x63,0x11,0x4D,0xB0,0x63,0x11,0x4D,0xB0,0x63,0x11,0x4D,
    0xB0,0x63,0x11,0x4D,0xB0,0x63,0x11,0x4D,0xB0,0x63,0x11,0x4D,0xB0,0x63,0x11,0x4D,0xB0,0x63,0x11,0x4D,0xB0,0x63,0x11,0x4D,0xB0,0x63,0x11,0x4D,0xB0,0x63,0x11,0x4D,0xB0,0x63,0x11,0x4D,0xB0,0x63,0x11,0x4D,0xB0,0x63,0x11,0x4D,0xB0,0x63,0x11,0x4D,0xB0,0x63,0x11,0x4D,0xB0,0x63,0x11,0x4D,0xB0,0x63,0x11,0x4D,0xB0,0x63,0x11,0x4D,
    0xB0,0x63,0x11,0x4D,0xB0,0x63,0x11,0x4D,0xB0,0x63,0x11,0x4D,0xB0,0x63,0x11,0x4D,0xB0,0x63,0x11,0x4D,0xB0,0x63,0x11,0x4D,0xB0,0x63,0x11,0x4D,0xB0,0x63,0x11,0x4D,0xB0,0x63,0x11,0x4D,0xB0,0x63,0x11,0x4D,0xB0,0x63,0x11,0x4D,0xB0,0x63,0x11,0x4D,0xB0,0x63,0x11,0x4D,0xB0,0x63,0x11,0x4D,0xB0,0x63,0x11,0x4D,0xB0,0x63,0x11,0x4D,
    0xB0,0x63,0x11,0x4D,0xB0,0x63,0x11,0x4D,0xB0,0x63,0x11,0x4D,0xB0,0x63,0x11,0x4D,0xB0,0x63,0x11,0x4D,0xB0,0x63,0x11,0x4D,0xB0,0x63,0x11,0x4D,0xB0,0x63,0x11,0x4D,0xB0,0x63,0x11,0x4D,0xB0,0x63,0x11,0x4D,0xB0,0x63,0x11,0x4D,0xB0,0x63,0x11,0x4D,0xB0,0x63,0x11,0x4D,0xB0,0x63,0x11,0x4D,0xB0,0x63,0x11,0x4D,0xB0,0x63,0x11,0x4D,
    0xB0,0x63,0x11,0x4D,0xB0,0x63,0x11,0x4D,0xB0,0x63,0x11,0x4D,0xB0,0x63,0x11,0x4D,0xB0,0x63,0x11,0x4D,0xB0,0x63,0x11,0x4D,0xB0,0x63,0x11,0x4D,0xB0,0x63,0x11,0x4D,0xB0,0x63,0x11,0x4D,0xB0,0x63,0x11,0x4D,0xB0,0x63,0x11,0x4D,0xB0,0x63,0x11,0x4D,0xB0,0x63,0x11,0x4D,0xB0,0x63,0x11,0x4D,0xB0,0x63,0x11,0x4D,0xB0,0x63,0x11,0x4D,
    0xB0,0x63,0x11,0x4D,0xB0,0x63,0x11,0x4D,0xB0,0x63,0x11,0x4D,0xB0,0x63,0x11,0x4D,0xB0,0x63,0x11,0x4D,0xB0,0x63,0x11,0x4D,0xB0,0x63,0x11,0x4D,0xB0,0x63,0x11,0x4D,0xB0,0x63,0x11,0x4D,0xB0,0x63,0x11,0x4D,0xB0,0x63,0x11,0x4D,0xB0,0x63,0x11,0x4D,0xB0,0x63,0x11,0x4D,0xB0,0x63,0x11,0x4D,0xB0,0x63,0x11,0x4D,0xB0,0x63,0x11,0x4D,
    0xB0,0x63,0x11,0x4D,0xB0,0x63,0x11,0x4D,0xB0,0x63,0x11,0x4D,0xB0,0x63,0x11,0x4D,0xB0,0x63,0x11,0x4D,0xB0,0x63,0x11,0x4D,0xB0,0x63,0x11,0x4D,0xB0,0x63,0x11,0x4D,0xB0,0x63,0x11,0x4D,0xB0,0x63,0x11,0x4D,0xB0,0x63,0x11,0x4D,0xB0,0x63,0x11,0x4D,0xB0,0x63,0x11,0x4D,0xB0,0x63,0x11,0x4D,0xB0,0x63,0x11,0x4D,0xB0,0x63,0x11,0x4D,
    0xB0,0x63,0x11,0x4D,0xB0,0x63,0x11,0x4D,0xB0,0x63,0x11,0x4D,0xB0,0x63,0x11,0x4D,0xB0,0x63,0x11,0x4D,0xB0,0x63,0x11,0x4D,0xB0,0x63,0x11,0x4D,0xB0,0x63,0x11,0x4D,0xB0,0x63,0x11,0x4D,0xB0,0x63,0x11,0x4D,0xB0,0x63,0x11,0x4D,0xB0,0x63,0x11,0x4D,0xB0,0x63,0x11,0x4D,0xB0,0x63,0x11,0x4D,0xB0,0x63,0x11,0x4D,0xB0,0x63,0x11,0x4D,
    0xB0,0x63,0x11,0x4D,0xB0,0x63,0x11,0x4D,0xB0,0x63,0x11,0x4D,0xB0,0x63,0x11,0x4D,0xB0,0x63,0x11,0x4D,0xB0,0x63,0x11,0x4D,0xB0,0x63,0x11,0x4D,0xB0,0x63,0x11,0x4D,0xB0,0x63,0x11,0x4D,0xB0,0x63,0x11,0x4D,0xB0,0x63,0x11,0x4D,0xB0,0x63,0x11,0x4D,0xB0,0x63,0x11,0x4D,0xB0,0x63,0x11,0x4D,0xB0,0x63,0x11,0x4D,0xB0,0x63,0x11,0x4D,
    0xB0,0x63,0x11,0x4D,0xB0,0x63,0x11,0x4D,0xB0,0x63,0x11,0x4D,0xB0,0x63,0x11,0x4D,0xB0,0x63,0x11,0x4D,0xB0,0x63,0x11,0x4D,0xB0,0x63,0x11,0x4D,0xB0,0x63,0x11,0x4D,0xB0,0x63,0x11,0x4D,0xB0,0x63,0x11,0x4D,0xB0,0x63,0x11,0x4D,0xB0,0x63,0x11,0x4D,0xB0,0x63,0x11,0x4D,0xB0,0x63,0x11,0x4D,0xB0,0x63,0x11,0x4D,0xB0,0x63,0x11,0x4D,
    0xB0,0x63,0x11,0x4D,0xB0,0x63,0x11,0x4D,0xB0,0x63,0x11,0x4D,0xB0,0x63,0x11,0x4D,0xB0,0x63,0x11,0x4D,0xB0,0x63,0x11,0x4D,0xB0,0x63,0x11,0x4D,0xB0,0x63,0x11,0x4D,0xB0,0x63,0x11,0x4D,0xB0,0x63,0x11,0x4D,0xB0,0x63,0x11,0x4D,0xB0,0x63,0x11,0x4D,0xB0,0x63,0x11,0x4D,0xB0,0x63,0x11,0x4D,0xB0,0x63,0x11,0x4D,0xB0,0x63,0x11,0x4D,
    0xB0,0x63,0x11,0x4D,0xB0,0x63,0x11,0x4D,0xB0,0x63,0x11,0x4D,0xB0,0x63,0x11,0x4D,0xB0,0x63,0x11,0x4D,0xB0,0x63,0x11,0x4D,0xB0,0x63,0x11,0x4D,0xB0,0x63,0x11,0x4D,0xB0,0x63,0x11,0x4D,0xB0,0x63,0x11,0x4D,0xB0,0x63,0x11,0x4D,0xB0,0x63,0x11,0x4D,0xB0,0x63,0x11,0x4D,0xB0,0x63,0x11,0x4D,0xB0,0x63,0x11,0x4D,0xB0,0x63,0x11,0x4D,
    0xB0,0x63,0x11,0x4D,0xB0,0x63,0x11,0x4D,0xB0,0x63,0x11,0x4D,0xB0,0x63,0x11,0x4D,0xB0,0x63,0x11,0x4D,0xB0,0x63,0x11,0x4D,0xB0,0x63,0x11,0x4D,0xB0,0x63,0x11,0x4D,0xB0,0x63,0x11,0x4D,0xB0,0x63,0x11,0x4D,0xB0,0x63,0x11,0x4D,0xB0,0x63,0x11,0x4D,0xB0,0x63,0x11,0x4D,0xB0,0x63,0x11,0x4D,0xB0,0x63,0x11,0x4D,0xB0,0x63,0x11,0x4D,
    0xB0,0x63,0x11,0x4D,0xB0,0x63,0x11,0x4D,0xB0,0x63,0x11,0x4D,0xB0,0x63,0x11,0x4D,0xB0,0x63,0x11,0x4D,0xB0,0x63,0x11,0x4D,0xB0,0x63,0x11,0x4D,0xB0,0x63,0x11,0x4D,0xB0,0x63,0x11,0x4D,0xB0,0x63,0x11,0x4D,0xB0,0x63,0x11,0x4D,0xB0,0x63,0x11,0x4D,0xB0,0x63,0x11,0x4D,0xB0,0x63,0x11,0x4D,0xB0,0x63,0x11,0x4D,0xB0,0x63,0x11,0x4D,
    0xB0,0x63,0x11,0x4D,0xB0,0x63,0x11,0x4D,0xB0,0x63,0x11,0x4D,0xB0,0x63,0x11,0x4D,0xB0,0x63,0x11,0x4D,0xB0,0x63,0x11,0x4D,0xB0,0x63,0x11,0x4D,0xB0,0x63,0x11,0x4D,0xB0,0x63,0x11,0x4D,0xB0,0x63,0x11,0x4D,0xB0,0x63,0x11,0x4D,0xB0,0x63,0x11,0x4D,0xB0,0x63,0x11,0x4D,0xB0,0x63,0x11,0x4D,0xB0,0x63,0x11,0x4D,0xB0,0x63,0x11,0x4D,
    0xB0,0x63,0x11,0x4D,0xB0,0x63,0x11,0x4D,0xB0,0x63,0x11,0x4D,0xB0,0x63,0x11,0x4D,0xB0,0x63,0x11,0x4D,0xB0,0x63,0x11,0x4D,0xB0,0x63,0x11,0x4D,0xB0,0x63,0x11,0x4D,0xB0,0x63,0x11,0x4D,0xB0,0x63,0x11,0x4D,0xB0,0x63,0x11,0x4D,0xB0,0x63,0x11,0x4D,0xB0,0x63,0x11,0x4D,0xB0,0x63,0x11,0x4D,0xB0,0x63,0x11,0x4D,0xB0,0x63,0x11,0x4D,
    0xB0,0x63,0x11,0x4D,0xB0,0x63,0x11,0x4D,0xB0,0x63,0x11,0x4D,0xB0,0x63,0x11,0x4D,0xB0,0x63,0x11,0x4D,0xB0,0x63,0x11,0x4D,0xB0,0x63,0x11,0x4D,0xB0,0x63,0x11,0x4D,0xB0,0x63,0x11,0x4D,0xB0,0x63,0x11,0x4D,0xB0,0x63,0x11,0x4D,0xB0,0x63,0x11,0x4D,0xB0,0x63,0x11,0x4D,0xB0,0x63,0x11,0x4D,0xB0,0x63,0x11,0x4D,0xB0,0x63,0x11,0x4D,
    0xB0,0x63,0x11,0x4D,0xB0,0x63,0x11,0x4D,0xB0,0x63,0x11,0x4D,0xB0,0x63,0x11,0x4D,0xB0,0x63,0x11,0x4D,0xB0,0x63,0x11,0x4D,0xB0,0x63,0x11,0x4D,0xB0,0x63,0x11,0x4D,0xB0,0x63,0x11,0x4D,0xB0,0x63,0x11,0x4D,0xB0,0x63,0x11,0x4D,0xB0,0x63,0x11,0x4D,0xB0,0x63,0x11,0x4D,0xB0,0x63,0x11,0x4D,0xB0,0x63,0x11,0x4D,0xB0,0x63,0x11,0x4D,
    0xB0,0x63,0x11,0x4D,0xB0,0x63,0x11,0x4D,0xB0,0x63,0x11,0x4D,0xB0,0x63,0x11,0x4D,0xB0,0x63,0x11,0x4D,0xB0,0x63,0x11,0x4D,0xB0,0x63,0x11,0x4D,0xB0,0x63,0x11,0x4D,0xB0,0x63,0x11,0x4D,0xB0,0x63,0x11,0x4D,0xB0,0x63,0x11,0x4D,0xB0,0x63,0x11,0x4D,0xB0,0x63,0x11,0x4D,0xB0,0x63,0x11,0x4D,0xB0,0x63,0x11,0x4D,0xB0,0x63,0x11,0x4D,
    0xB0,0x63,0x11,0x4D,0xB0,0x63,0x11,0x4D,0xB0,0x63,0x11,0x4D,0xB0,0x63,0x11,0x4D,0xB0,0x63,0x11,0x4D,0xB0,0x63,0x11,0x4D,0xB0,0x63,0x11,0x4D,0xB0,0x63,0x11,0x4D,0xB0,0x63,0x11,0x4D,0xB0,0x63,0x11,0x4D,0xB0,0x63,0x11,0x4D,0xB0,0x63,0x11,0x4D,0xB0,0x63,0x11,0x4D,0xB0,0x63,0x11,0x4D,0xB0,0x63,0x11,0x4D,0xB0,0x63,0x11,0x4D,
    0xB0,0x63,0x11,0x4D,0xB0,0x63,0x11,0x4D,0xB0,0x63,0x11,0x4D,0xB0,0x63,0x11,0x4D,0xB0,0x63,0x11,0x4D,0xB0,0x63,0x11,0x4D,0xB0,0x63,0x11,0x4D,0xB0,0x63,0x11,0x4D,0xB0,0x63,0x11,0x4D,0xB0,0x63,0x11,0x4D,0xB0,0x63,0x11,0x4D,0xB0,0x63,0x11,0x4D,0xB0,0x63,0x11,0x4D,0xB0,0x63,0x11,0x4D,0xB0,0x63,0x11,0x4D,0xB0,0x63,0x11,0x4D,
    0xB0,0x63,0x11,0x4D,0xB0,0x63,0x11,0x4D,0xB0,0x63,0x11,0x4D,0xB0,0x63,0x11,0x4D,0xB0,0x63,0x11,0x4D,0xB0,0x63,0x11,0x4D,0xB0,0x63,0x11,0x4D,0xB0,0x63,0x11,0x4D,0xB0,0x63,0x11,0x4D,0xB0,0x63,0x11,0x4D,0xB0,0x63,0x11,0x4D,0xB0,0x63,0x11,0x4D,0xB0,0x63,0x11,0x4D,0xB0,0x63,0x11,0x4D,0xB0,0x63,0x11,0x4D,0xB0,0x63,0x11,0x4D,
    0xB0,0x63,0x11,0x4D,0xB0,0x63,0x11,0x4D,0xB0,0x63,0x11,0x4D,0xB0,0x63,0x11,0x4D,0xB0,0x63,0x11,0x4D,0xB0,0x63,0x11,0x4D,0xB0,0x63,0x11,0x4D,0xB0,0x63,0x11,0x4D,0xB0,0x63,0x11,0x4D,0xB0,0x63,0x11,0x4D,0xB0,0x63,0x11,0x4D,0xB0,0x63,0x11,0x4D,0xB0,0x63,0x11,0x4D,0xB0,0x63,0x11,0x4D,0xB0,0x63,0x11,0x4D,0xB0,0x63,0x11,0x4D,
    0xB0,0x63,0x11,0x4D,0xB0,0x63,0x11,0x4D,0xB0,0x63,0x11,0x4D,0xB0,0x63,0x11,0x4D,0xB0,0x63,0x11,0x4D,0xB0,0x63,0x11,0x4D,0xB0,0x63,0x11,0x4D,0xB0,0x63,0x11,0x4D,0xB0,0x63,0x11,0x4D,0xB0,0x63,0x11,0x4D,0xB0,0x63,0x11,0x4D,0xB0,0x63,0x11,0x4D,0xB0,0x63,0x11,0x4D,0xB0,0x63,0x11,0x4D,0xB0,0x63,0x11,0x4D,0xB0,0x63,0x11,0x4D,
    0xB0,0x63,0x11,0x4D,0xB0,0x63,0x11,0x4D,0xB0,0x63,0x11,0x4D,0xB0,0x63,0x11,0x4D,0xB0,0x63,0x11,0x4D,0xB0,0x63,0x11,0x4D,0xB0,0x63,0x11,0x4D,0xB0,0x63,0x11,0x4D,0xB0,0x63,0x11,0x4D,0xB0,0x63,0x11,0x4D,0xB0,0x63,0x11,0x4D,0xB0,0x63,0x11,0x4D,0xB0,0x63,0x11,0x4D,0xB0,0x63,0x11,0x4D,0xB0,0x63,0x11,0x4D,0xB0,0x63,0x11,0x4D,
    0xB0,0x63,0x11,0x4D,0xB0,0x63,0x11,0x4D,0xB0,0x63,0x11,0x4D,0xB0,0x63,0x11,0x4D,0xB0,0x63,0x11,0x4D,0xB0,0x63,0x11,0x4D,0xB0,0x63,0x11,0x4D,0xB0,0x63,0x11,0x4D,0xB0,0x63,0x11,0x4D,0xB0,0x63,0x11,0x4D,0xB0,0x63,0x11,0x4D,0xB0,0x63,0x11,0x4D,0xB0,0x63,0x11,0x4D,0xB0,0x63,0x11,0x4D,0xB0,0x63,0x11,0x4D,0xB0,0x63,0x11,0x4D,
    0xB0,0x63,0x11,0x4D,0xB0,0x63,0x11,0x4D,0xB0,0x63,0x11,0x4D,0xB0,0x63,0x11,0x4D,0xB0,0x63,0x11,0x4D,0xB0,0x63,0x11,0x4D,0xB0,0x63,0x11,0x4D,0xB0,0x63,0x11,0x4D,0xB0,0x63,0x11,0x4D,0xB0,0x63,0x11,0x4D,0xB0,0x63,0x11,0x4D,0xB0,0x63,0x11,0x4D,0xB0,0x63,0x11,0x4D,0xB0,0x63,0x11,0x4D,0xB0,0x63,0x11,0x4D,0xB0,0x63,0x11,0x4D,
    0xB0,0x63,0x11,0x4D,0xB0,0x63,0x11,0x4D,0xB0,0x63,0x11,0x4D,0xB0,0x63,0x11,0x4D,0xB0,0x63,0x11,0x4D,0xB0,0x63,0x11,0x4D,0xB0,0x63,0x11,0x4D,0xB0,0x63,0x11,0x4D,0xB0,0x63,0x11,0x4D,0xB0,0x63,0x11,0x4D,0xB0,0x63,0x11,0x4D,0xB0,0x63,0x11,0x4D,0xB0,0x63,0x11,0x4D,0xB0,0x63,0x11,0x4D,0xB0,0x63,0x11,0x4D,0xB0,0x63,0x11,0x4D,
    0xB0,0x63,0x11,0x4D,0xB0,0x63,0x11,0x4D,0xB0,0x63,0x11,0x4D,0xB0,0x63,0x11,0x4D,0xB0,0x63,0x11,0x4D,0xB0,0x63,0x11,0x4D,0xB0,0x63,0x11,0x4D,0xB0,0x63,0x11,0x4D,0xB0,0x63,0x11,0x4D,0xB0,0x63,0x11,0x4D,0xB0,0x63,0x11,0x4D,0xB0,0x63,0x11,0x4D,0xB0,0x63,0x11,0x4D,0xB0,0x63,0x11,0x4D,0xB0,0x63,0x11,0x4D,0xB0,0x63,0x11,0x4D,
    0xB0,0x63,0x11,0x4D,0xB0,0x63,0x11,0x4D,0xB0,0x63,0x11,0x4D,0xB0,0x63,0x11,0x4D,0xB0,0x63,0x11,0x4D,0xB0,0x63,0x11,0x4D,0xB0,0x63,0x11,0x4D,0xB0,0x63,0x11,0x4D,0xB0,0x63,0x11,0x4D,0xB0,0x63,0x11,0x4D,0xB0,0x63,0x11,0x4D,0xB0,0x63,0x11,0x4D,0xB0,0x63,0x11,0x4D,0xB0,0x63,0x11,0x4D,0xB0,0x63,0x11,0x4D,0xB0,0x63,0x11,0x4D,
    0xB0,0x63,0x11,0x4D,0xB0,0x63,0x11,0x4D,0xB0,0x63,0x11,0x4D,0xB0,0x63,0x11,0x4D,0xB0,0x63,0x11,0x4D,0xB0,0x63,0x11,0x4D,0xB0,0x63,0x11,0x4D,0xB0,0x63,0x11,0x4D,0xB0,0x63,0x11,0x4D,0xB0,0x63,0x11,0x4D,0xB0,0x63,0x11,0x4D,0xB0,0x63,0x11,0x4D,0xB0,0x63,0x11,0x4D,0xB0,0x63,0x11,0x4D,0xB0,0x63,0x11,0x4D,0xB0,0x63,0x11,0x4D,
    0xB0,0x63,0x11,0x4D,0xB0,0x63,0x11,0x4D,0xB0,0x63,0x11,0x4D,0xB0,0x63,0x11,0x4D,0xB0,0x63,0x11,0x4D,0xB0,0x63,0x11,0x4D,0xB0,0x63,0x11,0x4D,0xB0,0x63,0x11,0x4D,0xB0,0x63,0x11,0x4D,0xB0,0x63,0x11,0x4D,0xB0,0x63,0x11,0x4D,0xB0,0x63,0x11,0x4D,0xB0,0x63,0x11,0x4D,0xB0,0x63,0x11,0x4D,0xB0,0x63,0x11,0x4D,0xB0,0x63,0x11,0x4D,
    0xB0,0x63,0x11,0x4D,0xB0,0x63,0x11,0x4D,0xB0,0x63,0x11,0x4D,0xB0,0x63,0x11,0x4D,0xB0,0x63,0x11,0x4D,0xB0,0x63,0x11,0x4D,0xB0,0x63,0x11,0x4D,0xB0,0x63,0x11,0x4D,0xB0,0x63,0x11,0x4D,0xB0,0x63,0x11,0x4D,0xB0,0x63,0x11,0x4D,0xB0,0x63,0x11,0x4D,0xB0,0x63,0x11,0x4D,0xB0,0x63,0x11,0x4D,0xB0,0x63,0x11,0x4D,0xB0,0x63,0x11,0x4D,
    0xB0,0x63,0x11,0x4D,0xB0,0x63,0x11,0x4D,0xB0,0x63,0x11,0x4D,0xB0,0x63,0x11,0x4D,0xB0,0x63,0x11,0x4D,0xB0,0x63,0x11,0x4D,0xB0,0x63,0x11,0x4D,0xB0,0x63,0x11,0x4D,0xB0,0x63,0x11,0x4D,0xB0,0x63,0x11,0x4D,0xB0,0x63,0x11,0x4D,0xB0,0x63,0x11,0x4D,0xB0,0x63,0x11,0x4D,0xB0,0x63,0x11,0x4D,0xB0,0x63,0x11,0x4D,0xB0,0x63,0x11,0x4D,
    0xB0,0x63,0x11,0x4D,0xB0,0x63,0x11,0x4D,0xB0,0x63,0x11,0x4D,0xB0,0x63,0x11,0x4D,0xB0,0x63,0x11,0x4D,0xB0,0x63,0x11,0x4D,0xB0,0x63,0x11,0x4D,0xB0,0x63,0x11,0x4D,0xB0,0x63,0x11,0x4D,0xB0,0x63,0x11,0x4D,0xB0,0x63,0x11,0x4D,0xB0,0x63,0x11,0x4D,0xB0,0x63,0x11,0x4D,0xB0,0x63,0x11,0x4D,0xB0,0x63,0x11,0x4D,0xB0,0x63,0x11,0x4D,
    0xB0,0x63,0x11,0x4D,0xB0,0x63,0x11,0x4D,0xB0,0x63,0x11,0x4D,0xB0,0x63,0x11,0x4D,0xB0,0x63,0x11,0x4D,0xB0,0x63,0x11,0x4D,0xB0,0x63,0x11,0x4D,0xB0,0x63,0x11,0x4D,0xB0,0x63,0x11,0x4D,0xB0,0x63,0x11,0x4D,0xB0,0x63,0x11,0x4D,0xB0,0x63,0x11,0x4D,0xB0,0x63,0x11,0x4D,0xB0,0x63,0x11,0x4D,0xB0,0x63,0x11,0x4D,0xB0,0x63,0x11,0x4D,
    0xB0,0x63,0x11,0x4D,0xB0,0x63,0x11,0x4D,0xB0,0x63,0x11,0x4D,0xB0,0x63,0x11,0x4D,0xB0,0x63,0x11,0x4D,0xB0,0x63,0x11,0x4D,0xB0,0x63,0x11,0x4D,0xB0,0x63,0x11,0x4D,0xB0,0x63,0x11,0x4D,0xB0,0x63,0x11,0x4D,0xB0,0x63,0x11,0x4D,0xB0,0x63,0x11,0x4D,0xB0,0x63,0x11,0x4D,0xB0,0x63,0x11,0x4D,0xB0,0x63,0x11,0x4D,0xB0,0x63,0x11,0x4D,
    0xB0,0x63,0x11,0x4D,0xB0,0x63,0x11,0x4D,0xB0,0x63,0x11,0x4D,0xB0,0x63,0x11,0x4D,0xB0,0x63,0x11,0x4D,0xB0,0x63,0x11,0x4D,0xB0,0x63,0x11,0x4D,0xB0,0x63,0x11,0x4D,0xB0,0x63,0x11,0x4D,0xB0,0x63,0x11,0x4D,0xB0,0x63,0x11,0x4D,0xB0,0x63,0x11,0x4D,0xB0,0x63,0x11,0x4D,0xB0,0x63,0x11,0x4D,0xB0,0x63,0x11,0x4D,0xB0,0x63,0x11,0x4D,
    0xB0,0x63,0x11,0x4D,0xB0,0x63,0x11,0x4D,0xB0,0x63,0x11,0x4D,0xB0,0x63,0x11,0x4D,0xB0,0x63,0x11,0x4D,0xB0,0x63,0x11,0x4D,0xB0,0x63,0x11,0x4D,0xB0,0x63,0x11,0x4D,0xB0,0x63,0x11,0x4D,0xB0,0x63,0x11,0x4D,0xB0,0x63,0x11,0x4D,0xB0,0x63,0x11,0x4D,0xB0,0x63,0x11,0x4D,0xB0,0x63,0x11,0x4D,0xB0,0x63,0x11,0x4D,0xB0,0x63,0x11,0x4D,
    0xB0,0x63,0x11,0x4D,0xB0,0x63,0x11,0x4D,0xB0,0x63,0x11,0x4D,0xB0,0x63,0x11,0x4D,0xB0,0x63,0x11,0x4D,0xB0,0x63,0x11,0x4D,0xB0,0x63,0x11,0x4D,0xB0,0x63,0x11,0x4D,0xB0,0x63,0x11,0x4D,0xB0,0x63,0x11,0x4D,0xB0,0x63,0x11,0x4D,0xB0,0x63,0x11,0x4D,0xB0,0x63,0x11,0x4D,0xB0,0x63,0x11,0x4D,0xB0,0x63,0x11,0x4D,0xB0,0x63,0x11,0x4D,
    0xB0,0x63,0x11,0x4D,0xB0,0x63,0x11,0x4D,0xB0,0x63,0x11,0x4D,0xB0,0x63,0x11,0x4D,0xB0,0x63,0x11,0x4D,0xB0,0x63,0x11,0x4D,0xB0,0x63,0x11,0x4D,0xB0,0x63,0x11,0x4D,0xB0,0x63,0x11,0x4D,0xB0,0x63,0x11,0x4D,0xB0,0x63,0x11,0x4D,0xB0,0x63,0x11,0x4D,0xB0,0x63,0x11,0x4D,0xB0,0x63,0x11,0x4D,0xB0,0x63,0x11,0x4D,0xB0,0x63,0x11,0x4D,
    0xB0,0x63,0x11,0x4D,0xB0,0x63,0x11,0x4D,0xB0,0x63,0x11,0x4D,0xB0,0x63,0x11,0x4D,0xB0,0x63,0x11,0x4D,0xB0,0x63,0x11,0x4D,0xB0,0x63,0x11,0x4D,0xB0,0x63,0x11,0x4D,0xB0,0x63,0x11,0x4D,0xB0,0x63,0x11,0x4D,0xB0,0x63,0x11,0x4D,0xB0,0x63,0x11,0x4D,0xB0,0x63,0x11,0x4D,0xB0,0x63,0x11,0x4D,0xB0,0x63,0x11,0x4D,0xB0,0x63,0x11,0x4D,
    0xB0,0x63,0x11,0x4D,0xB0,0x63,0x11,0x4D,0xB0,0x63,0x11,0x4D,0xB0,0x63,0x11,0x4D,0xB0,0x63,0x11,0x4D,0xB0,0x63,0x11,0x4D,0xB0,0x63,0x11,0x4D,0xB0,0x63,0x11,0x4D,0xB0,0x63,0x11,0x4D,0xB0,0x63,0x11,0x4D,0xB0,0x63,0x11,0x4D,0xB0,0x63,0x11,0x4D,0xB0,0x63,0x11,0x4D,0xB0,0x63,0x11,0x4D,0xB0,0x63,0x11,0x4D,0xB0,0x63,0x11,0x4D,
    0xB0,0x63,0x11,0x4D,0xB0,0x63,0x11,0x4D,0xB0,0x63,0x11,0x4D,0xB0,0x63,0x11,0x4D,0xB0,0x63,0x11,0x4D,0xB0,0x63,0x11,0x4D,0xB0,0x63,0x11,0x4D,0xB0,0x63,0x11,0x4D,0xB0,0x63,0x11,0x4D,0xB0,0x63,0x11,0x4D,0xB0,0x63,0x11,0x4D,0xB0,0x63,0x11,0x4D,0xB0,0x63,0x11,0x4D,0xB0,0x63,0x11,0x4D,0xB0,0x63,0x11,0x4D,0xB0,0x63,0x11,0x4D,
    0xB0,0x63,0x11,0x4D,0xB0,0x63,0x11,0x4D,0xB0,0x63,0x11,0x4D,0xB0,0x63,0x11,0x4D,0xB0,0x63,0x11,0x4D,0xB0,0x63,0x11,0x4D,0xB0,0x63,0x11,0x4D,0xB0,0x63,0x11,0x4D,0xB0,0x63,0x11,0x4D,0xB0,0x63,0x11,0x4D,0xB0,0x63,0x11,0x4D,0xB0,0x63,0x11,0x4D,0xB0,0x63,0x11,0x4D,0xB0,0x63,0x11,0x4D,0xB0,0x63,0x11,0x4D,0xB0,0x63,0x11,0x4D,
    0xB0,0x63,0x11,0x4D,0xB0,0x63,0x11,0x4D,0xB0,0x63,0x11,0x4D,0xB0,0x63,0x11,0x4D,0xB0,0x63,0x11,0x4D,0xB0,0x63,0x11,0x4D,0xB0,0x63,0x11,0x4D,0xB0,0x63,0x11,0x4D,0xB0,0x63,0x11,0x4D,0xB0,0x63,0x11,0x4D,0xB0,0x63,0x11,0x4D,0xB0,0x63,0x11,0x4D,0xB0,0x63,0x11,0x4D,0xB0,0x63,0x11,0x4D,0xB0,0x63,0x11,0x4D,0xB0,0x63,0x11,0x4D,
    0xB0,0x63,0x11,0x4D,0xB0,0x63,0x11,0x4D,0xB0,0x63,0x11,0x4D,0xB0,0x63,0x11,0x4D,0xB0,0x63,0x11,0x4D,0xB0,0x63,0x11,0x4D,0xB0,0x63,0x11,0x4D,0xB0,0x63,0x11,0x4D,0xB0,0x63,0x11,0x4D,0xB0,0x63,0x11,0x4D,0xB0,0x63,0x11,0x4D,0xB0,0x63,0x11,0x4D,0xB0,0x63,0x11,0x4D,0xB0,0x63,0x11,0x4D,0xB0,0x63,0x11,0x4D,0xB0,0x63,0x11,0x4D,
    0xB0,0x63,0x11,0x4D,0xB0,0x63,0x11,0x4D,0xB0,0x63,0x11,0x4D,0xB0,0x63,0x11,0x4D,0xB0,0x63,0x11,0x4D,0xB0,0x63,0x11,0x4D,0xB0,0x63,0x11,0x4D,0xB0,0x63,0x11,0x4D,0xB0,0x63,0x11,0x4D,0xB0,0x63,0x11,0x4D,0xB0,0x63,0x11,0x4D,0xB0,0x63,0x11,0x4D,0xB0,0x63,0x11,0x4D,0xB0,0x63,0x11,0x4D,0xB0,0x63,0x11,0x4D,0xB0,0x63,0x11,0x4D,
    0xB0,0x63,0x11,0x4D,0xB0,0x63,0x11,0x4D,0xB0,0x63,0x11,0x4D,0xB0,0x63,0x11,0x4D,0xB0,0x63,0x11,0x4D,0xB0,0x63,0x11,0x4D,0xB0,0x63,0x11,0x4D,0xB0,0x63,0x11,0x4D,0xB0,0x63,0x11,0x4D,0xB0,0x63,0x11,0x4D,0xB0,0x63,0x11,0x4D,0xB0,0x63,0x11,0x4D,0xB0,0x63,0x11,0x4D,0xB0,0x63,0x11,0x4D,0xB0,0x63,0x11,0x4D,0xB0,0x63,0x11,0x4D,
    0xB0,0x63,0x11,0x4D,0xB0,0x63,0x11,0x4D,0xB0,0x63,0x11,0x4D,0xB0,0x63,0x11,0x4D,0xB0,0x63,0x11,0x4D,0xB0,0x63,0x11,0x4D,0xB0,0x63,0x11,0x4D,0xB0,0x63,0x11,0x4D,0xB0,0x63,0x11,0x4D,0xB0,0x63,0x11,0x4D,0xB0,0x63,0x11,0x4D,0xB0,0x63,0x11,0x4D,0xB0,0x63,0x11,0x4D,0xB0,0x63,0x11,0x4D,0xB0,0x63,0x11,0x4D,0xB0,0x63,0x11,0x4D,
    0xB0,0x63,0x11,0x4D,0xB0,0x63,0x11,0x4D,0xB0,0x63,0x11,0x4D,0xB0,0x63,0x11,0x4D,0xB0,0x63,0x11,0x4D,0xB0,0x63,0x11,0x4D,0xB0,0x63,0x11,0x4D,0xB0,0x63,0x11,0x4D,0xB0,0x63,0x11,0x4D,0xB0,0x63,0x11,0x4D,0xB0,0x63,0x11,0x4D,0xB0,0x63,0x11,0x4D,0xB0,0x63,0x11,0x4D,0xB0,0x63,0x11,0x4D,0xB0,0x63,0x11,0x4D,0xB0,0x63,0x11,0x4D,
    0xB0,0x63,0x11,0x4D,0xB0,0x63,0x11,0x4D,0xB0,0x63,0x11,0x4D,0xB0,0x63,0x11,0x4D,0xB0,0x63,0x11,0x4D,0xB0,0x63,0x11,0x4D,0xB0,0x63,0x11,0x4D,0xB0,0x63,0x11,0x4D,0xB0,0x63,0x11,0x4D,0xB0,0x63,0x11,0x4D,0xB0,0x63,0x11,0x4D,0xB0,0x63,0x11,0x4D,0xB0,0x63,0x11,0x4D,0xB0,0x63,0x11,0x4D,0xB0,0x63,0x11,0x4D,0xB0,0x63,0x11,0x4D,
    0xB0,0x63,0x11,0x4D,0xB0,0x63,0x11,0x4D,0xB0,0x63,0x11,0x4D,0xB0,0x63,0x11,0x4D,0xB0,0x63,0x11,0x4D,0xB0,0x63,0x11,0x4D,0xB0,0x63,0x11,0x4D,0xB0,0x63,0x11,0x4D,0xB0,0x63,0x11,0x4D,0xB0,0x63,0x11,0x4D,0xB0,0x63,0x11,0x4D,0xB0,0x63,0x11,0x4D,0xB0,0x63,0x11,0x4D,0xB0,0x63,0x11,0x4D,0xB0,0x63,0x11,0x4D,0xB0,0x63,0x11,0x4D,
    0xB0,0x63,0x11,0x4D,0xB0,0x63,0x11,0x4D,0xB0,0x63,0x11,0x4D,0xB0,0x63,0x11,0x4D,0xB0,0x63,0x11,0x4D,0xB0,0x63,0x11,0x4D,0xB0,0x63,0x11,0x4D,0xB0,0x63,0x11,0x4D,0xB0,0x63,0x11,0x4D,0xB0,0x63,0x11,0x4D,0xB0,0x63,0x11,0x4D,0xB0,0x63,0x11,0x4D,0xB0,0x63,0x11,0x4D,0xB0,0x63,0x11,0x4D,0xB0,0x63,0x11,0x4D,0xB0,0x63,0x11,0x4D,
    0xB0,0x63,0x11,0x4D,0xB0,0x63,0x11,0x4D,0xB0,0x63,0x11,0x4D,0xB0,0x63,0x11,0x4D,0xB0,0x63,0x11,0x4D,0xB0,0x63,0x11,0x4D,0xB0,0x63,0x11,0x4D,0xB0,0x63,0x11,0x4D,0xB0,0x63,0x11,0x4D,0xB0,0x63,0x11,0x4D,0xB0,0x63,0x11,0x4D,0xB0,0x63,0x11,0x4D,0xB0,0x63,0x11,0x4D,0xB0,0x63,0x11,0x4D,0xB0,0x63,0x11,0x4D,0xB0,0x63,0x11,0x4D,
    0xB0,0x63,0x11,0x4D,0xB0,0x63,0x11,0x4D,0xB0,0x63,0x11,0x4D,0xB0,0x63,0x11,0x4D,0xB0,0x63,0x11,0x4D,0xB0,0x63,0x11,0x4D,0xB0,0x63,0x11,0x4D,0xB0,0x63,0x11,0x4D,0xB0,0x63,0x11,0x4D,0xB0,0x63,0x11,0x4D,0xB0,0x63,0x11,0x4D,0xB0,0x63,0x11,0x4D,0xB0,0x63,0x11,0x4D,0xB0,0x63,0x11,0x4D,0xB0,0x63,0x11,0x4D,0xB0,0x63,0x11,0x4D,
    0xB0,0x63,0x11,0x4D,0xB0,0x63,0x11,0x4D,0xB0,0x63,0x11,0x4D,0xB0,0x63,0x11,0x4D,0xB0,0x63,0x11,0x4D,0xB0,0x63,0x11,0x4D,0xB0,0x63,0x11,0x4D,0xB0,0x63,0x11,0x4D,0xB0,0x63,0x11,0x4D,0xB0,0x63,0x11,0x4D,0xB0,0x63,0x11,0x4D,0xB0,0x63,0x11,0x4D,0xB0,0x63,0x11,0x4D,0xB0,0x63,0x11,0x4D,0xB0,0x63,0x11,0x4D,0xB0,0x63,0x11,0x4D,
    0xB0,0x63,0x11,0x4D,0xB0,0x63,0x11,0x4D,0xB0,0x63,0x11,0x4D,0xB0,0x63,0x11,0x4D,0xB0,0x63,0x11,0x4D,0xB0,0x63,0x11,0x4D,0xB0,0x63,0x11,0x4D,0xB0,0x63,0x11,0x4D,0xB0,0x63,0x11,0x4D,0xB0,0x63,0x11,0x4D,0xB0,0x63,0x11,0x4D,0xB0,0x63,0x11,0x4D,0xB0,0x63,0x11,0x4D,0xB0,0x63,0x11,0x4D,0xB0,0x63,0x11,0x4D,0xB0,0x63,0x11,0x4D,
    0xB0,0x63,0x11,0x4D,0xB0,0x63,0x11,0x4D,0xB0,0x63,0x11,0x4D,0xB0,0x63,0x11,0x4D,0xB0,0x63,0x11,0x4D,0xB0,0x63,0x11,0x4D,0xB0,0x63,0x11,0x4D,0xB0,0x63,0x11,0x4D,0xB0,0x63,0x11,0x4D,0xB0,0x63,0x11,0x4D,0xB0,0x63,0x11,0x4D,0xB0,0x63,0x11,0x4D,0xB0,0x63,0x11,0x4D,0xB0,0x63,0x11,0x4D,0xB0,0x63,0x11,0x4D,0xB0,0x63,0x11,0x4D,
    0xB0,0x63,0x11,0x4D,0xB0,0x63,0x11,0x4D,0xB0,0x63,0x11,0x4D,0xB0,0x63,0x11,0x4D,0xB0,0x63,0x11,0x4D,0xB0,0x63,0x11,0x4D,0xB0,0x63,0x11,0x4D,0xB0,0x63,0x11,0x4D,0xB0,0x63,0x11,0x4D,0xB0,0x63,0x11,0x4D,0xB0,0x63,0x11,0x4D,0xB0,0x63,0x11,0x4D,0xB0,0x63,0x11,0x4D,0xB0,0x63,0x11,0x4D,0xB0,0x63,0x11,0x4D,0xB0,0x63,0x11,0x4D,
    0xB0,0x63,0x11,0x4D,0xB0,0x63,0x11,0x4D,0xB0,0x63,0x11,0x4D,0xB0,0x63,0x11,0x4D,0xB0,0x63,0x11,0x4D,0xB0,0x63,0x11,0x4D,0xB0,0x63,0x11,0x4D,0xB0,0x63,0x11,0x4D,0xB0,0x63,0x11,0x4D,0xB0,0x63,0x11,0x4D,0xB0,0x63,0x11,0x4D,0xB0,0x63,0x11,0x4D,0xB0,0x63,0x11,0x4D,0xB0,0x63,0x11,0x4D,0xB0,0x63,0x11,0x4D,0xB0,0x63,0x11,0x4D,
    0xB0,0x63,0x11,0x4D,0xB0,0x63,0x11,0x4D,0xB0,0x63,0x11,0x4D,0xB0,0x63,0x11,0x4D,0xB0,0x63,0x11,0x4D,0xB0,0x63,0x11,0x4D,0xB0,0x63,0x11,0x4D,0xB0,0x63,0x11,0x4D,0xB0,0x63,0x11,0x4D,0xB0,0x63,0x11,0x4D,0xB0,0x63,0x11,0x4D,0xB0,0x63,0x11,0x4D,0xB0,0x63,0x11,0x4D,0xB0,0x63,0x11,0x4D,0xB0,0x63,0x11,0x4D,0xB0,0x63,0x11,0x4D,
    0xB0,0x63,0x11,0x4D,0xB0,0x63,0x11,0x4D,0xB0,0x63,0x11,0x4D,0xB0,0x63,0x11,0x4D,0xB0,0x63,0x11,0x4D,0xB0,0x63,0x11,0x4D,0xB0,0x63,0x11,0x4D,0xB0,0x63,0x11,0x4D,0xB0,0x63,0x11,0x4D,0xB0,0x63,0x11,0x4D,0xB0,0x63,0x11,0x4D,0xB0,0x63,0x11,0x4D,0xB0,0x63,0x11,0x4D,0xB0,0x63,0x11,0x4D,0xB0,0x63,0x11,0x4D,0xB0,0x63,0x11,0x4D,
    0xB0,0x63,0x11,0x4D,0xB0,0x63,0x11,0x4D,0xB0,0x63,0x11,0x4D,0xB0,0x63,0x11,0x4D,0xB0,0x63,0x11,0x4D,0xB0,0x63,0x11,0x4D,0xB0,0x63,0x11,0x4D,0xB0,0x63,0x11,0x4D,0xB0,0x63,0x11,0x4D,0xB0,0x63,0x11,0x4D,0xB0,0x63,0x11,0x4D,0xB0,0x63,0x11,0x4D,0xB0,0x63,0x11,0x4D,0xB0,0x63,0x11,0x4D,0xB0,0x63,0x11,0x4D,0xB0,0x63,0x11,0x4D,
    0xB0,0x63,0x11,0x4D,0xB0,0x63,0x11,0x4D,0xB0,0x63,0x11,0x4D,0xB0,0x63,0x11,0x4D,0xB0,0x63,0x11,0x4D,0xB0,0x63,0x11,0x4D,0xB0,0x63,0x11,0x4D,0xB0,0x63,0x11,0x4D,0xB0,0x63,0x11,0x4D,0xB0,0x63,0x11,0x4D,0xB0,0x63,0x11,0x4D,0xB0,0x63,0x11,0x4D,0xB0,0x63,0x11,0x4D,0xB0,0x63,0x11,0x4D,0xB0,0x63,0x11,0x4D,0xB0,0x63,0x11,0x4D,
    0xB0,0x63,0x11,0x4D,0xB0,0x63,0x11,0x4D,0xB0,0x63,0x11,0x4D,0xB0,0x63,0x11,0x4D,0xB0,0x63,0x11,0x4D,0xB0,0x63,0x11,0x4D,0xB0,0x63,0x11,0x4D,0xB0,0x63,0x11,0x4D,0xB0,0x63,0x11,0x4D,0xB0,0x63,0x11,0x4D,0xB0,0x63,0x11,0x4D,0xB0,0x63,0x11,0x4D,0xB0,0x63,0x11,0x4D,0xB0,0x63,0x11,0x4D,0xB0,0x63,0x11,0x4D,0xB0,0x63,0x11,0x4D,
    0xB0,0x63,0x11,0x4D,0xB0,0x63,0x11,0x4D,0xB0,0x63,0x11,0x4D,0xB0,0x63,0x11,0x4D,0xB0,0x63,0x11,0x4D,0xB0,0x63,0x11,0x4D,0xB0,0x63,0x11,0x4D,0xB0,0x63,0x11,0x4D,0xB0,0x63,0x11,0x4D,0xB0,0x63,0x11,0x4D,0xB0,0x63,0x11,0x4D,0xB0,0x63,0x11,0x4D,0xB0,0x63,0x11,0x4D,0xB0,0x63,0x11,0x4D,0xB0,0x63,0x11,0x4D,0xB0,0x63,0x11,0x4D,
    0xB0,0x63,0x11,0x4D,0xB0,0x63,0x11,0x4D,0xB0,0x63,0x11,0x4D,0xB0,0x63,0x11,0x4D,0xB0,0x63,0x11,0x4D,0xB0,0x63,0x11,0x4D,0xB0,0x63,0x11,0x4D,0xB0,0x63,0x11,0x4D,0xB0,0x63,0x11,0x4D,0xB0,0x63,0x11,0x4D,0xB0,0x63,0x11,0x4D,0xB0,0x63,0x11,0x4D,0xB0,0x63,0x11,0x4D,0xB0,0x63,0x11,0x4D,0xB0,0x63,0x11,0x4D,0xB0,0x63,0x11,0x4D,
    0xB0,0x63,0x11,0x4D,0xB0,0x63,0x11,0x4D,0xB0,0x63,0x11,0x4D,0xB0,0x63,0x11,0x4D,0xB0,0x63,0x11,0x4D,0xB0,0x63,0x11,0x4D,0xB0,0x63,0x11,0x4D,0xB0,0x63,0x11,0x4D,0xB0,0x63,0x11,0x4D,0xB0,0x63,0x11,0x4D,0xB0,0x63,0x11,0x4D,0xB0,0x63,0x11,0x4D,0xB0,0x63,0x11,0x4D,0xB0,0x63,0x11,0x4D,0xB0,0x63,0x11,0x4D,0xB0,0x63,0x11,0x4D,
    0xB0,0x63,0x11,0x4D,0xB0,0x63,0x11,0x4D,0xB0,0x63,0x11,0x4D,0xB0,0x63,0x11,0x4D,0xB0,0x63,0x11,0x4D,0xB0,0x63,0x11,0x4D,0xB0,0x63,0x11,0x4D,0xB0,0x63,0x11,0x4D,0xB0,0x63,0x11,0x4D,0xB0,0x63,0x11,0x4D,0xB0,0x63,0x11,0x4D,0xB0,0x63,0x11,0x4D,0xB0,0x63,0x11,0x4D,0xB0,0x63,0x11,0x4D,0xB0,0x63,0x11,0x4D,0xB0,0x63,0x11,0x4D,
    0xB0,0x63,0x11,0x4D,0xB0,0x63,0x11,0x4D,0xB0,0x63,0x11,0x4D,0xB0,0x63,0x11,0x4D,0xB0,0x63,0x11,0x4D,0xB0,0x63,0x11,0x4D,0xB0,0x63,0x11,0x4D,0xB0,0x63,0x11,0x4D,0xB0,0x63,0x11,0x4D,0xB0,0x63,0x11,0x4D,0xB0,0x63,0x11,0x4D,0xB0,0x63,0x11,0x4D,0xB0,0x63,0x11,0x4D,0xB0,0x63,0x11,0x4D,0xB0,0x63,0x11,0x4D,0xB0,0x63,0x11,0x4D,
    0xB0,0x63,0x11,0x4D,0xB0,0x63,0x11,0x4D,0xB0,0x63,0x11,0x4D,0xB0,0x63,0x11,0x4D,0xB0,0x63,0x11,0x4D,0xB0,0x63,0x11,0x4D,0xB0,0x63,0x11,0x4D,0xB0,0x63,0x11,0x4D,0xB0,0x63,0x11,0x4D,0xB0,0x63,0x11,0x4D,0xB0,0x63,0x11,0x4D,0xB0,0x63,0x11,0x4D,0xB0,0x63,0x11,0x4D,0xB0,0x63,0x11,0x4D,0xB0,0x63,0x11,0x4D,0xB0,0x63,0x11,0x4D,
    0xB0,0x63,0x11,0x4D,0xB0,0x63,0x11,0x4D,0xB0,0x63,0x11,0x4D,0xB0,0x63,0x11,0x4D,0xB0,0x63,0x11,0x4D,0xB0,0x63,0x11,0x4D,0xB0,0x63,0x11,0x4D,0xB0,0x63,0x11,0x4D,0xB0,0x63,0x11,0x4D,0xB0,0x63,0x11,0x4D,0xB0,0x63,0x11,0x4D,0xB0,0x63,0x11,0x4D,0xB0,0x63,0x11,0x4D,0xB0,0x63,0x11,0x4D,0xB0,0x63,0x11,0x4D,0xB0,0x63,0x11,0x4D,
    0xB0,0x63,0x11,0x4D,0xB0,0x63,0x11,0x4D,0xB0,0x63,0x11,0x4D,0xB0,0x63,0x11,0x4D,0xB0,0x63,0x11,0x4D,0xB0,0x63,0x11,0x4D,0xB0,0x63,0x11,0x4D,0xB0,0x63,0x11,0x4D,0xB0,0x63,0x11,0x4D,0xB0,0x63,0x11,0x4D,0xB0,0x63,0x11,0x4D,0xB0,0x63,0x11,0x4D,0xB0,0x63,0x11,0x4D,0xB0,0x63,0x11,0x4D,0xB0,0x63,0x11,0x4D,0xB0,0x63,0x11,0x4D,
    0xB0,0x63,0x11,0x4D,0xB0,0x63,0x11,0x4D,0xB0,0x63,0x11,0x4D,0xB0,0x63,0x11,0x4D,0xB0,0x63,0x11,0x4D,0xB0,0x63,0x11,0x4D,0xB0,0x63,0x11,0x4D,0xB0,0x63,0x11,0x4D,0xB0,0x63,0x11,0x4D,0xB0,0x63,0x11,0x4D,0xB0,0x63,0x11,0x4D,0xB0,0x63,0x11,0x4D,0xB0,0x63,0x11,0x4D,0xB0,0x63,0x11,0x4D,0xB0,0x63,0x11,0x4D,0xB0,0x63,0x11,0x4D,
    0xB0,0x63,0x11,0x4D,0xB0,0x63,0x11,0x4D,0xB0,0x63,0x11,0x4D,0xB0,0x63,0x11,0x4D,0xB0,0x63,0x11,0x4D,0xB0,0x63,0x11,0x4D,0xB0,0x63,0x11,0x4D,0xB0,0x63,0x11,0x4D,0xB0,0x63,0x11,0x4D,0xB0,0x63,0x11,0x4D,0xB0,0x63,0x11,0x4D,0xB0,0x63,0x11,0x4D,0xB0,0x63,0x11,0x4D,0xB0,0x63,0x11,0x4D,0xB0,0x63,0x11,0x4D,0xB0,0x63,0x11,0x4D,
    0xB0,0x63,0x11,0x4D,0xB0,0x63,0x11,0x4D,0xB0,0x63,0x11,0x4D,0xB0,0x63,0x11,0x4D,0xB0,0x63,0x11,0x4D,0xB0,0x63,0x11,0x4D,0xB0,0x63,0x11,0x4D,0xB0,0x63,0x11,0x4D,0xB0,0x63,0x11,0x4D,0xB0,0x63,0x11,0x4D,0xB0,0x63,0x11,0x4D,0xB0,0x63,0x11,0x4D,0xB0,0x63,0x11,0x4D,0xB0,0x63,0x11,0x4D,0xB0,0x63,0x11,0x4D,0xB0,0x63,0x11,0x4D,
    0xB0,0x63,0x11,0x4D,0xB0,0x63,0x11,0x4D,0xB0,0x63,0x11,0x4D,0xB0,0x63,0x11,0x4D,0xB0,0x63,0x11,0x4D,0xB0,0x63,0x11,0x4D,0xB0,0x63,0x11,0x4D,0xB0,0x63,0x11,0x4D,0xB0,0x63,0x11,0x4D,0xB0,0x63,0x11,0x4D,0xB0,0x63,0x11,0x4D,0xB0,0x63,0x11,0x4D,0xB0,0x63,0x11,0x4D,0xB0,0x63,0x11,0x4D,0xB0,0x63,0x11,0x4D,0xB0,0x63,0x11,0x4D,
    0xB0,0x63,0x11,0x4D,0xB0,0x63,0x11,0x4D,0xB0,0x63,0x11,0x4D,0xB0,0x63,0x11,0x4D,0xB0,0x63,0x11,0x4D,0xB0,0x63,0x11,0x4D,0xB0,0x63,0x11,0x4D,0xB0,0x63,0x11,0x4D,0xB0,0x63,0x11,0x4D,0xB0,0x63,0x11,0x4D,0xB0,0x63,0x11,0x4D,0xB0,0x63,0x11,0x4D,0xB0,0x63,0x11,0x4D,0xB0,0x63,0x11,0x4D,0xB0,0x63,0x11,0x4D,0xB0,0x63,0x11,0x4D,
    0xB0,0x63,0x11,0x4D,0xB0,0x63,0x11,0x4D,0xB0,0x63,0x11,0x4D,0xB0,0x63,0x11,0x4D,0xB0,0x63,0x11,0x4D,0xB0,0x63,0x11,0x4D,0xB0,0x63,0x11,0x4D,0xB0,0x63,0x11,0x4D,0xB0,0x63,0x11,0x4D,0xB0,0x63,0x11,0x4D,0xB0,0x63,0x11,0x4D,0xB0,0x63,0x11,0x4D,0xB0,0x63,0x11,0x4D,0xB0,0x63,0x11,0x4D,0xB0,0x63,0x11,0x4D,0xB0,0x63,0x11,0x4D,
    0xB0,0x63,0x11,0x4D,0xB0,0x63,0x11,0x4D,0xB0,0x63,0x11,0x4D,0xB0,0x63,0x11,0x4D,0xB0,0x63,0x11,0x4D,0xB0,0x63,0x11,0x4D,0xB0,0x63,0x11,0x4D,0xB0,0x63,0x11,0x4D,0xB0,0x63,0x11,0x4D,0xB0,0x63,0x11,0x4D,0xB0,0x63,0x11,0x4D,0xB0,0x63,0x11,0x4D,0xB0,0x63,0x11,0x4D,0xB0,0x63,0x11,0x4D,0xB0,0x63,0x11,0x4D,0xB0,0x63,0x11,0x4D,
    0xB0,0x63,0x11,0x4D,0xB0,0x63,0x11,0x4D,0xB0,0x63,0x11,0x4D,0xB0,0x63,0x11,0x4D,0xB0,0x63,0x11,0x4D,0xB0,0x63,0x11,0x4D,0xB0,0x63,0x11,0x4D,0xB0,0x63,0x11,0x4D,0xB0,0x63,0x11,0x4D,0xB0,0x63,0x11,0x4D,0xB0,0x63,0x11,0x4D,0xB0,0x63,0x11,0x4D,0xB0,0x63,0x11,0x4D,0xB0,0x63,0x11,0x4D,0xB0,0x63,0x11,0x4D,0xB0,0x63,0x11,0x4D,
    0xB0,0x63,0x11,0x4D,0xB0,0x63,0x11,0x4D,0xB0,0x63,0x11,0x4D,0xB0,0x63,0x11,0x4D,0xB0,0x63,0x11,0x4D,0xB0,0x63,0x11,0x4D,0xB0,0x63,0x11,0x4D,0xB0,0x63,0x11,0x4D,0xB0,0x63,0x11,0x4D,0xB0,0x63,0x11,0x4D,0xB0,0x63,0x11,0x4D,0xB0,0x63,0x11,0x4D,0xB0,0x63,0x11,0x4D,0xB0,0x63,0x11,0x4D,0xB0,0x63,0x11,0x4D,0xB0,0x63,0x11,0x4D,
    0xB0,0x63,0x11,0x4D,0xB0,0x63,0x11,0x4D,0xB0,0x63,0x11,0x4D,0xB0,0x63,0x11,0x4D,0xB0,0x63,0x11,0x4D,0xB0,0x63,0x11,0x4D,0xB0,0x63,0x11,0x4D,0xB0,0x63,0x11,0x4D,0xB0,0x63,0x11,0x4D,0xB0,0x63,0x11,0x4D,0xB0,0x63,0x11,0x4D,0xB0,0x63,0x11,0x4D,0xB0,0x63,0x11,0x4D,0xB0,0x63,0x11,0x4D,0xB0,0x63,0x11,0x4D,0xB0,0x63,0x11,0x4D,
    0xB0,0x63,0x11,0x4D,0xB0,0x63,0x11,0x4D,0xB0,0x63,0x11,0x4D,0xB0,0x63,0x11,0x4D,0xB0,0x63,0x11,0x4D,0xB0,0x63,0x11,0x4D,0xB0,0x63,0x11,0x4D,0xB0,0x63,0x11,0x4D,0xB0,0x63,0x11,0x4D,0xB0,0x63,0x11,0x4D,0xB0,0x63,0x11,0x4D,0xB0,0x63,0x11,0x4D,0xB0,0x63,0x11,0x4D,0xB0,0x63,0x11,0x4D,0xB0,0x63,0x11,0x4D,0xB0,0x63,0x11,0x4D,
    0xB0,0x63,0x11,0x4D,0xB0,0x63,0x11,0x4D,0xB0,0x63,0x11,0x4D,0xB0,0x63,0x11,0x4D,0xB0,0x63,0x11,0x4D,0xB0,0x63,0x11,0x4D,0xB0,0x63,0x11,0x4D,0xB0,0x63,0x11,0x4D,0xB0,0x63,0x11,0x4D,0xB0,0x63,0x11,0x4D,0xB0,0x63,0x11,0x4D,0xB0,0x63,0x11,0x4D,0xB0,0x63,0x11,0x4D,0xB0,0x63,0x11,0x4D,0xB0,0x63,0x11,0x4D,0xB0,0x63,0x11,0x4D,
    0xB0,0x63,0x11,0x4D,0xB0,0x63,0x11,0x4D,0xB0,0x63,0x11,0x4D,0xB0,0x63,0x11,0x4D,0xB0,0x63,0x11,0x4D,0xB0,0x63,0x11,0x4D,0xB0,0x63,0x11,0x4D,0xB0,0x63,0x11,0x4D,0xB0,0x63,0x11,0x4D,0xB0,0x63,0x11,0x4D,0xB0,0x63,0x11,0x4D,0xB0,0x63,0x11,0x4D,0xB0,0x63,0x11,0x4D,0xB0,0x63,0x11,0x4D,0xB0,0x63,0x11,0x4D,0xB0,0x63,0x11,0x4D,
    0xB0,0x63,0x11,0x4D,0xB0,0x63,0x11,0x4D,0xB0,0x63,0x11,0x4D,0xB0,0x63,0x11,0x4D,0xB0,0x63,0x11,0x4D,0xB0,0x63,0x11,0x4D,0xB0,0x63,0x11,0x4D,0xB0,0x63,0x11,0x4D,0xB0,0x63,0x11,0x4D,0xB0,0x63,0x11,0x4D,0xB0,0x63,0x11,0x4D,0xB0,0x63,0x11,0x4D,0xB0,0x63,0x11,0x4D,0xB0,0x63,0x11,0x4D,0xB0,0x63,0x11,0x4D,0xB0,0x63,0x11,0x4D,
    0xB0,0x63,0x11,0x4D,0xB0,0x63,0x11,0x4D,0xB0,0x63,0x11,0x4D,0xB0,0x63,0x11,0x4D,0xB0,0x63,0x11,0x4D,0xB0,0x63,0x11,0x4D,0xB0,0x63,0x11,0x4D,0xB0,0x63,0x11,0x4D,0xB0,0x63,0x11,0x4D,0xB0,0x63,0x11,0x4D,0xB0,0x63,0x11,0x4D,0xB0,0x63,0x11,0x4D,0xB0,0x63,0x11,0x4D,0xB0,0x63,0x11,0x4D,0xB0,0x63,0x11,0x4D,0xB0,0x63,0x11,0x4D,
    0xB0,0x63,0x11,0x4D,0xB0,0x63,0x11,0x4D,0xB0,0x63,0x11,0x4D,0xB0,0x63,0x11,0x4D,0xB0,0x63,0x11,0x4D,0xB0,0x63,0x11,0x4D,0xB0,0x63,0x11,0x4D,0xB0,0x63,0x11,0x4D,0xB0,0x63,0x11,0x4D,0xB0,0x63,0x11,0x4D,0xB0,0x63,0x11,0x4D,0xB0,0x63,0x11,0x4D,0xB0,0x63,0x11,0x4D,0xB0,0x63,0x11,0x4D,0xB0,0x63,0x11,0x4D,0xB0,0x63,0x11,0x4D,
    0xB0,0x63,0x11,0x4D,0xB0,0x63,0x11,0x4D,0xB0,0x63,0x11,0x4D,0xB0,0x63,0x11,0x4D,0xB0,0x63,0x11,0x4D,0xB0,0x63,0x11,0x4D,0xB0,0x63,0x11,0x4D,0xB0,0x63,0x11,0x4D,0xB0,0x63,0x11,0x4D,0xB0,0x63,0x11,0x4D,0xB0,0x63,0x11,0x4D,0xB0,0x63,0x11,0x4D,0xB0,0x63,0x11,0x4D,0xB0,0x63,0x11,0x4D,0xB0,0x63,0x11,0x4D,0xB0,0x63,0x11,0x4D,
    0xB0,0x63,0x11,0x4D,0xB0,0x63,0x11,0x4D,0xB0,0x63,0x11,0x4D,0xB0,0x63,0x11,0x4D,0xB0,0x63,0x11,0x4D,0xB0,0x63,0x11,0x4D,0xB0,0x63,0x11,0x4D,0xB0,0x63,0x11,0x4D,0xB0,0x63,0x11,0x4D,0xB0,0x63,0x11,0x4D,0xB0,0x63,0x11,0x4D,0xB0,0x63,0x11,0x4D,0xB0,0x63,0x11,0x4D,0xB0,0x63,0x11,0x4D,0xB0,0x63,0x11,0x4D,0xB0,0x63,0x11,0x4D,
    0xB0,0x63,0x11,0x4D,0xB0,0x63,0x11,0x4D,0xB0,0x63,0x11,0x4D,0xB0,0x63,0x11,0x4D,0xB0,0x63,0x11,0x4D,0xB0,0x63,0x11,0x4D,0xB0,0x63,0x11,0x4D,0xB0,0x63,0x11,0x4D,0xB0,0x63,0x11,0x4D,0xB0,0x63,0x11,0x4D,0xB0,0x63,0x11,0x4D,0xB0,0x63,0x11,0x4D,0xB0,0x63,0x11,0x4D,0xB0,0x63,0x11,0x4D,0xB0,0x63,0x11,0x4D,0xB0,0x63,0x11,0x4D,
    0xB0,0x63,0x11,0x4D,0xB0,0x63,0x11,0x4D,0xB0,0x63,0x11,0x4D,0xB0,0x63,0x11,0x4D,0xB0,0x63,0x11,0x4D,0xB0,0x63,0x11,0x4D,0xB0,0x63,0x11,0x4D,0xB0,0x63,0x11,0x4D,0xB0,0x63,0x11,0x4D,0xB0,0x63,0x11,0x4D,0xB0,0x63,0x11,0x4D,0xB0,0x63,0x11,0x4D,0xB0,0x63,0x11,0x4D,0xB0,0x63,0x11,0x4D,0xB0,0x63,0x11,0x4D,0xB0,0x63,0x11,0x4D,
    0xB0,0x63,0x11,0x4D,0xB0,0x63,0x11,0x4D,0xB0,0x63,0x11,0x4D,0xB0,0x63,0x11,0x4D,0xB0,0x63,0x11,0x4D,0xB0,0x63,0x11,0x4D,0xB0,0x63,0x11,0x4D,0xB0,0x63,0x11,0x4D,0xB0,0x63,0x11,0x4D,0xB0,0x63,0x11,0x4D,0xB0,0x63,0x11,0x4D,0xB0,0x63,0x11,0x4D,0xB0,0x63,0x11,0x4D,0xB0,0x63,0x11,0x4D,0xB0,0x63,0x11,0x4D,0xB0,0x63,0x11,0x4D,
    0xB0,0x63,0x11,0x4D,0xB0,0x63,0x11,0x4D,0xB0,0x63,0x11,0x4D,0xB0,0x63,0x11,0x4D,0xB0,0x63,0x11,0x4D,0xB0,0x63,0x11,0x4D,0xB0,0x63,0x11,0x4D,0xB0,0x63,0x11,0x4D,0xB0,0x63,0x11,0x4D,0xB0,0x63,0x11,0x4D,0xB0,0x63,0x11,0x4D,0xB0,0x63,0x11,0x4D,0xB0,0x63,0x11,0x4D,0xB0,0x63,0x11,0x4D,0xB0,0x63,0x11,0x4D,0xB0,0x63,0x11,0x4D,
    0xB0,0x63,0x11,0x4D,0xB0,0x63,0x11,0x4D,0xB0,0x63,0x11,0x4D,0xB0,0x63,0x11,0x4D,0xB0,0x63,0x11,0x4D,0xB0,0x63,0x11,0x4D,0xB0,0x63,0x11,0x4D,0xB0,0x63,0x11,0x4D,0xB0,0x63,0x11,0x4D,0xB0,0x63,0x11,0x4D,0xB0,0x63,0x11,0x4D,0xB0,0x63,0x11,0x4D,0xB0,0x63,0x11,0x4D,0xB0,0x63,0x11,0x4D,0xB0,0x63,0x11,0x4D,0xB0,0x63,0x11,0x4D,
    0xB0,0x63,0x11,0x4D,0xB0,0x63,0x11,0x4D,0xB0,0x63,0x11,0x4D,0xB0,0x63,0x11,0x4D,0xB0,0x63,0x11,0x4D,0xB0,0x63,0x11,0x4D,0xB0,0x63,0x11,0x4D,0xB0,0x63,0x11,0x4D,0xB0,0x63,0x11,0x4D,0xB0,0x63,0x11,0x4D,0xB0,0x63,0x11,0x4D,0xB0,0x63,0x11,0x4D,0xB0,0x63,0x11,0x4D,0xB0,0x63,0x11,0x4D,0xB0,0x63,0x11,0x4D,0xB0,0x63,0x11,0x4D,
    0xB0,0x63,0x11,0x4D,0xB0,0x63,0x11,0x4D,0xB0,0x63,0x11,0x4D,0xB0,0x63,0x11,0x4D,0xB0,0x63,0x11,0x4D,0xB0,0x63,0x11,0x4D,0xB0,0x63,0x11,0x4D,0xB0,0x63,0x11,0x4D,0xB0,0x63,0x11,0x4D,0xB0,0x63,0x11,0x4D,0xB0,0x63,0x11,0x4D,0xB0,0x63,0x11,0x4D,0xB0,0x63,0x11,0x4D,0xB0,0x63,0x11,0x4D,0xB0,0x63,0x11,0x4D,0xB0,0x63,0x11,0x4D,
    0xB0,0x63,0x11,0x4D,0xB0,0x63,0x11,0x4D,0xB0,0x63,0x11,0x4D,0xB0,0x63,0x11,0x4D,0xB0,0x63,0x11,0x4D,0xB0,0x63,0x11,0x4D,0xB0,0x63,0x11,0x4D,0xB0,0x63,0x11,0x4D,0xB0,0x63,0x11,0x4D,0xB0,0x63,0x11,0x4D,0xB0,0x63,0x11,0x4D,0xB0,0x63,0x11,0x4D,0xB0,0x63,0x11,0x4D,0xB0,0x63,0x11,0x4D,0xB0,0x63,0x11,0x4D,0xB0,0x63,0x11,0x4D,
    0xB0,0x63,0x11,0x4D,0xB0,0x63,0x11,0x4D,0xB0,0x63,0x11,0x4D,0xB0,0x63,0x11,0x4D,0xB0,0x63,0x11,0x4D,0xB0,0x63,0x11,0x4D,0xB0,0x63,0x11,0x4D,0xB0,0x63,0x11,0x4D,0xB0,0x63,0x11,0x4D,0xB0,0x63,0x11,0x4D,0xB0,0x63,0x11,0x4D,0xB0,0x63,0x11,0x4D,0xB0,0x63,0x11,0x4D,0xB0,0x63,0x11,0x4D,0xB0,0x63,0x11,0x4D,0xB0,0x63,0x11,0x4D,
    0xB0,0x63,0x11,0x4D,0xB0,0x63,0x11,0x4D,0xB0,0x63,0x11,0x4D,0xB0,0x63,0x11,0x4D,0xB0,0x63,0x11,0x4D,0xB0,0x63,0x11,0x4D,0xB0,0x63,0x11,0x4D,0xB0,0x63,0x11,0x4D,0xB0,0x63,0x11,0x4D,0xB0,0x63,0x11,0x4D,0xB0,0x63,0x11,0x4D,0xB0,0x63,0x11,0x4D,0xB0,0x63,0x11,0x4D,0xB0,0x63,0x11,0x4D,0xB0,0x63,0x11,0x4D,0xB0,0x63,0x11,0x4D,
    0xB0,0x63,0x11,0x4D,0xB0,0x63,0x11,0x4D,0xB0,0x63,0x11,0x4D,0xB0,0x63,0x11,0x4D,0xB0,0x63,0x11,0x4D,0xB0,0x63,0x11,0x4D,0xB0,0x63,0x11,0x4D,0xB0,0x63,0x11,0x4D,0xB0,0x63,0x11,0x4D,0xB0,0x63,0x11,0x4D,0xB0,0x63,0x11,0x4D,0xB0,0x63,0x11,0x4D,0xB0,0x63,0x11,0x4D,0xB0,0x63,0x11,0x4D,0xB0,0x63,0x11,0x4D,0xB0,0x63,0x11,0x4D,
    0xB0,0x63,0x11,0x4D,0xB0,0x63,0x11,0x4D,0xB0,0x63,0x11,0x4D,0xB0,0x63,0x11,0x4D,0xB0,0x63,0x11,0x4D,0xB0,0x63,0x11,0x4D,0xB0,0x63,0x11,0x4D,0xB0,0x63,0x11,0x4D,0xB0,0x63,0x11,0x4D,0xB0,0x63,0x11,0x4D,0xB0,0x63,0x11,0x4D,0xB0,0x63,0x11,0x4D,0xB0,0x63,0x11,0x4D,0xB0,0x63,0x11,0x4D,0xB0,0x63,0x11,0x4D,0xB0,0x63,0x11,0x4D,
    0xB0,0x63,0x11,0x4D,0xB0,0x63,0x11,0x4D,0xB0,0x63,0x11,0x4D,0xB0,0x63,0x11,0x4D,0xB0,0x63,0x11,0x4D,0xB0,0x63,0x11,0x4D,0xB0,0x63,0x11,0x4D,0xB0,0x63,0x11,0x4D,0xB0,0x63,0x11,0x4D,0xB0,0x63,0x11,0x4D,0xB0,0x63,0x11,0x4D,0xB0,0x63,0x11,0x4D,0xB0,0x63,0x11,0x4D,0xB0,0x63,0x11,0x4D,0xB0,0x63,0x11,0x4D,0xB0,0x63,0x11,0x4D,
    0xB0,0x63,0x11,0x4D,0xB0,0x63,0x11,0x4D,0xB0,0x63,0x11,0x4D,0xB0,0x63,0x11,0x4D,0xB0,0x63,0x11,0x4D,0xB0,0x63,0x11,0x4D,0xB0,0x63,0x11,0x4D,0xB0,0x63,0x11,0x4D,0xB0,0x63,0x11,0x4D,0xB0,0x63,0x11,0x4D,0xB0,0x63,0x11,0x4D,0xB0,0x63,0x11,0x4D,0xB0,0x63,0x11,0x4D,0xB0,0x63,0x11,0x4D,0xB0,0x63,0x11,0x4D,0xB0,0x63,0x11,0x4D,
    0xB0,0x63,0x11,0x4D,0xB0,0x63,0x11,0x4D,0xB0,0x63,0x11,0x4D,0xB0,0x63,0x11,0x4D,0xB0,0x63,0x11,0x4D,0xB0,0x63,0x11,0x4D,0xB0,0x63,0x11,0x4D,0xB0,0x63,0x11,0x4D,0xB0,0x63,0x11,0x4D,0xB0,0x63,0x11,0x4D,0xB0,0x63,0x11,0x4D,0xB0,0x63,0x11,0x4D,0xB0,0x63,0x11,0x4D,0xB0,0x63,0x11,0x4D,0xB0,0x63,0x11,0x4D,0xB0,0x63,0x11,0x4D,
    0xB0,0x63,0x11,0x4D,0xB0,0x63,0x11,0x4D,0xB0,0x63,0x11,0x4D,0xB0,0x63,0x11,0x4D,0xB0,0x63,0x11,0x4D,0xB0,0x63,0x11,0x4D,0xB0,0x63,0x11,0x4D,0xB0,0x63,0x11,0x4D,0xB0,0x63,0x11,0x4D,0xB0,0x63,0x11,0x4D,0xB0,0x63,0x11,0x4D,0xB0,0x63,0x11,0x4D,0xB0,0x63,0x11,0x4D,0xB0,0x63,0x11,0x4D,0xB0,0x63,0x11,0x4D,0xB0,0x63,0x11,0x4D,
    0xB0,0x63,0x11,0x4D,0xB0,0x63,0x11,0x4D,0xB0,0x63,0x11,0x4D,0xB0,0x63,0x11,0x4D,0xB0,0x63,0x11,0x4D,0xB0,0x63,0x11,0x4D,0xB0,0x63,0x11,0x4D,0xB0,0x63,0x11,0x4D,0xB0,0x63,0x11,0x4D,0xB0,0x63,0x11,0x4D,0xB0,0x63,0x11,0x4D,0xB0,0x63,0x11,0x4D,0xB0,0x63,0x11,0x4D,0xB0,0x63,0x11,0x4D,0xB0,0x63,0x11,0x4D,0xB0,0x63,0x11,0x4D,
    0xB0,0x63,0x11,0x4D,0xB0,0x63,0x11,0x4D,0xB0,0x63,0x11,0x4D,0xB0,0x63,0x11,0x4D,0xB0,0x63,0x11,0x4D,0xB0,0x63,0x11,0x4D,0xB0,0x63,0x11,0x4D,0xB0,0x63,0x11,0x4D,0xB0,0x63,0x11,0x4D,0xB0,0x63,0x11,0x4D,0xB0,0x63,0x11,0x4D,0xB0,0x63,0x11,0x4D,0xB0,0x63,0x11,0x4D,0xB0,0x63,0x11,0x4D,0xB0,0x63,0x11,0x4D,0xB0,0x63,0x11,0x4D,
    0xB0,0x63,0x11,0x4D,0xB0,0x63,0x11,0x4D,0xB0,0x63,0x11,0x4D,0xB0,0x63,0x11,0x4D,0xB0,0x63,0x11,0x4D,0xB0,0x63,0x11,0x4D,0xB0,0x63,0x11,0x4D,0xB0,0x63,0x11,0x4D,0xB0,0x63,0x11,0x4D,0xB0,0x63,0x11,0x4D,0xB0,0x63,0x11,0x4D,0xB0,0x63,0x11,0x4D,0xB0,0x63,0x11,0x4D,0xB0,0x63,0x11,0x4D,0xB0,0x63,0x11,0x4D,0xB0,0x63,0x11,0x4D,
    0xB0,0x63,0x11,0x4D,0xB0,0x63,0x11,0x4D,0xB0,0x63,0x11,0x4D,0xB0,0x63,0x11,0x4D,0xB0,0x63,0x11,0x4D,0xB0,0x63,0x11,0x4D,0xB0,0x63,0x11,0x4D,0xB0,0x63,0x11,0x4D,0xB0,0x63,0x11,0x4D,0xB0,0x63,0x11,0x4D,0xB0,0x63,0x11,0x4D,0xB0,0x63,0x11,0x4D,0xB0,0x63,0x11,0x4D,0xB0,0x63,0x11,0x4D,0xB0,0x63,0x11,0x4D,0xB0,0x63,0x11,0x4D,
    0xB0,0x63,0x11,0x4D,0xB0,0x63,0x11,0x4D,0xB0,0x63,0x11,0x4D,0xB0,0x63,0x11,0x4D,0xB0,0x63,0x11,0x4D,0xB0,0x63,0x11,0x4D,0xB0,0x63,0x11,0x4D,0xB0,0x63,0x11,0x4D,0xB0,0x63,0x11,0x4D,0xB0,0x63,0x11,0x4D,0xB0,0x63,0x11,0x4D,0xB0,0x63,0x11,0x4D,0xB0,0x63,0x11,0x4D,0xB0,0x63,0x11,0x4D,0xB0,0x63,0x11,0x4D,0xB0,0x63,0x11,0x4D,
    0xB0,0x63,0x11,0x4D,0xB0,0x63,0x11,0x4D,0xB0,0x63,0x11,0x4D,0xB0,0x63,0x11,0x4D,0xB0,0x63,0x11,0x4D,0xB0,0x63,0x11,0x4D,0xB0,0x63,0x11,0x4D,0xB0,0x63,0x11,0x4D,0xB0,0x63,0x11,0x4D,0xB0,0x63,0x11,0x4D,0xB0,0x63,0x11,0x4D,0xB0,0x63,0x11,0x4D,0xB0,0x63,0x11,0x4D,0xB0,0x63,0x11,0x4D,0xB0,0x63,0x11,0x4D,0xB0,0x63,0x11,0x4D,
    0xB0,0x63,0x11,0x4D,0xB0,0x63,0x11,0x4D,0xB0,0x63,0x11,0x4D,0xB0,0x63,0x11,0x4D,0xB0,0x63,0x11,0x4D,0xB0,0x63,0x11,0x4D,0xB0,0x63,0x11,0x4D,0xB0,0x63,0x11,0x4D,0xB0,0x63,0x11,0x4D,0xB0,0x63,0x11,0x4D,0xB0,0x63,0x11,0x4D,0xB0,0x63,0x11,0x4D,0xB0,0x63,0x11,0x4D,0xB0,0x63,0x11,0x4D,0xB0,0x63,0x11,0x4D,0xB0,0x63,0x11,0x4D,
    0xB0,0x63,0x11,0x4D,0xB0,0x63,0x11,0x4D,0xB0,0x63,0x11,0x4D,0xB0,0x63,0x11,0x4D,0xB0,0x63,0x11,0x4D,0xB0,0x63,0x11,0x4D,0xB0,0x63,0x11,0x4D,0xB0,0x63,0x11,0x4D,0xB0,0x63,0x11,0x4D,0xB0,0x63,0x11,0x4D,0xB0,0x63,0x11,0x4D,0xB0,0x63,0x11,0x4D,0xB0,0x63,0x11,0x4D,0xB0,0x63,0x11,0x4D,0xB0,0x63,0x11,0x4D,0xB0,0x63,0x11,0x4D,
    0xB0,0x63,0x11,0x4D,0xB0,0x63,0x11,0x4D,0xB0,0x63,0x11,0x4D,0xB0,0x63,0x11,0x4D,0xB0,0x63,0x11,0x4D,0xB0,0x63,0x11,0x4D,0xB0,0x63,0x11,0x4D,0xB0,0x63,0x11,0x4D,0xB0,0x63,0x11,0x4D,0xB0,0x63,0x11,0x4D,0xB0,0x63,0x11,0x4D,0xB0,0x63,0x11,0x4D,0xB0,0x63,0x11,0x4D,0xB0,0x63,0x11,0x4D,0xB0,0x63,0x11,0x4D,0xB0,0x63,0x11,0x4D,
    0xB0,0x63,0x11,0x4D,0xB0,0x63,0x11,0x4D,0xB0,0x63,0x11,0x4D,0xB0,0x63,0x11,0x4D,0xB0,0x63,0x11,0x4D,0xB0,0x63,0x11,0x4D,0xB0,0x63,0x11,0x4D,0xB0,0x63,0x11,0x4D,0xB0,0x63,0x11,0x4D,0xB0,0x63,0x11,0x4D,0xB0,0x63,0x11,0x4D,0xB0,0x63,0x11,0x4D,0xB0,0x63,0x11,0x4D,0xB0,0x63,0x11,0x4D,0xB0,0x63,0x11,0x4D,0xB0,0x63,0x11,0x4D,
    0xB0,0x63,0x11,0x4D,0xB0,0x63,0x11,0x4D,0xB0,0x63,0x11,0x4D,0xB0,0x63,0x11,0x4D,0xB0,0x63,0x11,0x4D,0xB0,0x63,0x11,0x4D,0xB0,0x63,0x11,0x4D,0xB0,0x63,0x11,0x4D,0xB0,0x63,0x11,0x4D,0xB0,0x63,0x11,0x4D,0xB0,0x63,0x11,0x4D,0xB0,0x63,0x11,0x4D,0xB0,0x63,0x11,0x4D,0xB0,0x63,0x11,0x4D,0xB0,0x63,0x11,0x4D,0xB0,0x63,0x11,0x4D,
    0xB0,0x63,0x11,0x4D,0xB0,0x63,0x11,0x4D,0xB0,0x63,0x11,0x4D,0xB0,0x63,0x11,0x4D,0xB0,0x63,0x11,0x4D,0xB0,0x63,0x11,0x4D,0xB0,0x63,0x11,0x4D,0xB0,0x63,0x11,0x4D,0xB0,0x63,0x11,0x4D,0xB0,0x63,0x11,0x4D,0xB0,0x63,0x11,0x4D,0xB0,0x63,0x11,0x4D,0xB0,0x63,0x11,0x4D,0xB0,0x63,0x11,0x4D,0xB0,0x63,0x11,0x4D,0xB0,0x63,0x11,0x4D,
    0xB0,0x63,0x11,0x4D,0xB0,0x63,0x11,0x4D,0xB0,0x63,0x11,0x4D,0xB0,0x63,0x11,0x4D,0xB0,0x63,0x11,0x4D,0xB0,0x63,0x11,0x4D,0xB0,0x63,0x11,0x4D,0xB0,0x63,0x11,0x4D,0xB0,0x63,0x11,0x4D,0xB0,0x63,0x11,0x4D,0xB0,0x63,0x11,0x4D,0xB0,0x63,0x11,0x4D,0xB0,0x63,0x11,0x4D,0xB0,0x63,0x11,0x4D,0xB0,0x63,0x11,0x4D,0xB0,0x63,0x11,0x4D,
    0xB0,0x63,0x11,0x4D,0xB0,0x63,0x11,0x4D,0xB0,0x63,0x11,0x4D,0xB0,0x63,0x11,0x4D,0xB0,0x63,0x11,0x4D,0xB0,0x63,0x11,0x4D,0xB0,0x63,0x11,0x4D,0xB0,0x63,0x11,0x4D,0xB0,0x63,0x11,0x4D,0xB0,0x63,0x11,0x4D,0xB0,0x63,0x11,0x4D,0xB0,0x63,0x11,0x4D,0xB0,0x63,0x11,0x4D,0xB0,0x63,0x11,0x4D,0xB0,0x63,0x11,0x4D,0xB0,0x63,0x11,0x4D,
    0xB0,0x63,0x11,0x4D,0xB0,0x63,0x11,0x4D,0xB0,0x63,0x11,0x4D,0xB0,0x63,0x11,0x4D,0xB0,0x63,0x11,0x4D,0xB0,0x63,0x11,0x4D,0xB0,0x63,0x11,0x4D,0xB0,0x63,0x11,0x4D,0xB0,0x63,0x11,0x4D,0xB0,0x63,0x11,0x4D,0xB0,0x63,0x11,0x4D,0xB0,0x63,0x11,0x4D,0xB0,0x63,0x11,0x4D,0xB0,0x63,0x11,0x4D,0xB0,0x63,0x11,0x4D,0xB0,0x63,0x11,0x4D,
    0xB0,0x63,0x11,0x4D,0xB0,0x63,0x11,0x4D,0xB0,0x63,0x11,0x4D,0xB0,0x63,0x11,0x4D,0xB0,0x63,0x11,0x4D,0xB0,0x63,0x11,0x4D,0xB0,0x63,0x11,0x4D,0xB0,0x63,0x11,0x4D,0xB0,0x63,0x11,0x4D,0xB0,0x63,0x11,0x4D,0xB0,0x63,0x11,0x4D,0xB0,0x63,0x11,0x4D,0xB0,0x63,0x11,0x4D,0xB0,0x63,0x11,0x4D,0xB0,0x63,0x11,0x4D,0xB0,0x63,0x11,0x4D,
    0xB0,0x63,0x11,0x4D,0xB0,0x63,0x11,0x4D,0xB0,0x63,0x11,0x4D,0xB0,0x63,0x11,0x4D,0xB0,0x63,0x11,0x4D,0xB0,0x63,0x11,0x4D,0xB0,0x63,0x11,0x4D,0xB0,0x63,0x11,0x4D,0xB0,0x63,0x11,0x4D,0xB0,0x63,0x11,0x4D,0xB0,0x63,0x11,0x4D,0xB0,0x63,0x11,0x4D,0xB0,0x63,0x11,0x4D,0xB0,0x63,0x11,0x4D,0xB0,0x63,0x11,0x4D,0xB0,0x63,0x11,0x4D,
    0xB0,0x63,0x11,0x4D,0xB0,0x63,0x11,0x4D,0xB0,0x63,0x11,0x4D,0xB0,0x63,0x11,0x4D,0xB0,0x63,0x11,0x4D,0xB0,0x63,0x11,0x4D,0xB0,0x63,0x11,0x4D,0xB0,0x63,0x11,0x4D,0xB0,0x63,0x11,0x4D,0xB0,0x63,0x11,0x4D,0xB0,0x63,0x11,0x4D,0xB0,0x63,0x11,0x4D,0xB0,0x63,0x11,0x4D,0xB0,0x63,0x11,0x4D,0xB0,0x63,0x11,0x4D,0xB0,0x63,0x11,0x4D,
    0xB0,0x63,0x11,0x4D,0xB0,0x63,0x11,0x4D,0xB0,0x63,0x11,0x4D,0xB0,0x63,0x11,0x4D,0xB0,0x63,0x11,0x4D,0xB0,0x63,0x11,0x4D,0xB0,0x63,0x11,0x4D,0xB0,0x63,0x11,0x4D,0xB0,0x63,0x11,0x4D,0xB0,0x63,0x11,0x4D,0xB0,0x63,0x11,0x4D,0xB0,0x63,0x11,0x4D,0xB0,0x63,0x11,0x4D,0xB0,0x63,0x11,0x4D,0xB0,0x63,0x11,0x4D,0xB0,0x63,0x11,0x4D,
    0xB0,0x63,0x11,0x4D,0xB0,0x63,0x11,0x4D,0xB0,0x63,0x11,0x4D,0xB0,0x63,0x11,0x4D,0xB0,0x63,0x11,0x4D,0xB0,0x63,0x11,0x4D,0xB0,0x63,0x11,0x4D,0xB0,0x63,0x11,0x4D,0xB0,0x63,0x11,0x4D,0xB0,0x63,0x11,0x4D,0xB0,0x63,0x11,0x4D,0xB0,0x63,0x11,0x4D,0xB0,0x63,0x11,0x4D,0xB0,0x63,0x11,0x4D,0xB0,0x63,0x11,0x4D,0xB0,0x63,0x11,0x4D,
    0xB0,0x63,0x11,0x4D,0xB0,0x63,0x11,0x4D,0xB0,0x63,0x11,0x4D,0xB0,0x63,0x11,0x4D,0xB0,0x63,0x11,0x4D,0xB0,0x63,0x11,0x4D,0xB0,0x63,0x11,0x4D,0xB0,0x63,0x11,0x4D,0xB0,0x63,0x11,0x4D,0xB0,0x63,0x11,0x4D,0xB0,0x63,0x11,0x4D,0xB0,0x63,0x11,0x4D,0xB0,0x63,0x11,0x4D,0xB0,0x63,0x11,0x4D,0xB0,0x63,0x11,0x4D,0xB0,0x63,0x11,0x4D,
    0xB0,0x63,0x11,0x4D,0xB0,0x63,0x11,0x4D,0xB0,0x63,0x11,0x4D,0xB0,0x63,0x11,0x4D,0xB0,0x63,0x11,0x4D,0xB0,0x63,0x11,0x4D,0xB0,0x63,0x11,0x4D,0xB0,0x63,0x11,0x4D,0xB0,0x63,0x11,0x4D,0xB0,0x63,0x11,0x4D,0xB0,0x63,0x11,0x4D,0xB0,0x63,0x11,0x4D,0xB0,0x63,0x11,0x4D,0xB0,0x63,0x11,0x4D,0xB0,0x63,0x11,0x4D,0xB0,0x63,0x11,0x4D,
    0xB0,0x63,0x11,0x4D,0xB0,0x63,0x11,0x4D,0xB0,0x63,0x11,0x4D,0xB0,0x63,0x11,0x4D,0xB0,0x63,0x11,0x4D,0xB0,0x63,0x11,0x4D,0xB0,0x63,0x11,0x4D,0xB0,0x63,0x11,0x4D,0xB0,0x63,0x11,0x4D,0xB0,0x63,0x11,0x4D,0xB0,0x63,0x11,0x4D,0xB0,0x63,0x11,0x4D,0xB0,0x63,0x11,0x4D,0xB0,0x63,0x11,0x4D,0xB0,0x63,0x11,0x4D,0xB0,0x63,0x11,0x4D,
    0xB0,0x63,0x11,0x4D,0xB0,0x63,0x11,0x4D,0xB0,0x63,0x11,0x4D,0xB0,0x63,0x11,0x4D,0xB0,0x63,0x11,0x4D,0xB0,0x63,0x11,0x4D,0xB0,0x63,0x11,0x4D,0xB0,0x63,0x11,0x4D,0xB0,0x63,0x11,0x4D,0xB0,0x63,0x11,0x4D,0xB0,0x63,0x11,0x4D,0xB0,0x63,0x11,0x4D,0xB0,0x63,0x11,0x4D,0xB0,0x63,0x11,0x4D,0xB0,0x63,0x11,0x4D,0xB0,0x63,0x11,0x4D,
    0xB0,0x63,0x11,0x4D,0xB0,0x63,0x11,0x4D,0xB0,0x63,0x11,0x4D,0xB0,0x63,0x11,0x4D,0xB0,0x63,0x11,0x4D,0xB0,0x63,0x11,0x4D,0xB0,0x63,0x11,0x4D,0xB0,0x63,0x11,0x4D,0xB0,0x63,0x11,0x4D,0xB0,0x63,0x11,0x4D,0xB0,0x63,0x11,0x4D,0xB0,0x63,0x11,0x4D,0xB0,0x63,0x11,0x4D,0xB0,0x63,0x11,0x4D,0xB0,0x63,0x11,0x4D,0xB0,0x63,0x11,0x4D,
    0xB0,0x63,0x11,0x4D,0xB0,0x63,0x11,0x4D,0xB0,0x63,0x11,0x4D,0xB0,0x63,0x11,0x4D,0xB0,0x63,0x11,0x4D,0xB0,0x63,0x11,0x4D,0xB0,0x63,0x11,0x4D,0xB0,0x63,0x11,0x4D,0xB0,0x63,0x11,0x4D,0xB0,0x63,0x11,0x4D,0xB0,0x63,0x11,0x4D,0xB0,0x63,0x11,0x4D,0xB0,0x63,0x11,0x4D,0xB0,0x63,0x11,0x4D,0xB0,0x63,0x11,0x4D,0xB0,0x63,0x11,0x4D,
    0xB0,0x63,0x11,0x4D,0xB0,0x63,0x11,0x4D,0xB0,0x63,0x11,0x4D,0xB0,0x63,0x11,0x4D,0xB0,0x63,0x11,0x4D,0xB0,0x63,0x11,0x4D,0xB0,0x63,0x11,0x4D,0xB0,0x63,0x11,0x4D,0xB0,0x63,0x11,0x4D,0xB0,0x63,0x11,0x4D,0xB0,0x63,0x11,0x4D,0xB0,0x63,0x11,0x4D,0xB0,0x63,0x11,0x4D,0xB0,0x63,0x11,0x4D,0xB0,0x63,0x11,0x4D,0xB0,0x63,0x11,0x4D,
    0xB0,0x63,0x11,0x4D,0xB0,0x63,0x11,0x4D,0xB0,0x63,0x11,0x4D,0xB0,0x63,0x11,0x4D,0xB0,0x63,0x11,0x4D,0xB0,0x63,0x11,0x4D,0xB0,0x63,0x11,0x4D,0xB0,0x63,0x11,0x4D,0xB0,0x63,0x11,0x4D,0xB0,0x63,0x11,0x4D,0xB0,0x63,0x11,0x4D,0xB0,0x63,0x11,0x4D,0xB0,0x63,0x11,0x4D,0xB0,0x63,0x11,0x4D,0xB0,0x63,0x11,0x4D,0xB0,0x63,0x11,0x4D,
    0xB0,0x63,0x11,0x4D,0xB0,0x63,0x11,0x4D,0xB0,0x63,0x11,0x4D,0xB0,0x63,0x11,0x4D,0xB0,0x63,0x11,0x4D,0xB0,0x63,0x11,0x4D,0xB0,0x63,0x11,0x4D,0xB0,0x63,0x11,0x4D,0xB0,0x63,0x11,0x4D,0xB0,0x63,0x11,0x4D,0xB0,0x63,0x11,0x4D,0xB0,0x63,0x11,0x4D,0xB0,0x63,0x11,0x4D,0xB0,0x63,0x11,0x4D,0xB0,0x63,0x11,0x4D,0xB0,0x63,0x11,0x4D,
    0xB0,0x63,0x11,0x4D,0xB0,0x63,0x11,0x4D,0xB0,0x63,0x11,0x4D,0xB0,0x63,0x11,0x4D,0xB0,0x63,0x11,0x4D,0xB0,0x63,0x11,0x4D,0xB0,0x63,0x11,0x4D,0xB0,0x63,0x11,0x4D,0xB0,0x63,0x11,0x4D,0xB0,0x63,0x11,0x4D,0xB0,0x63,0x11,0x4D,0xB0,0x63,0x11,0x4D,0xB0,0x63,0x11,0x4D,0xB0,0x63,0x11,0x4D,0xB0,0x63,0x11,0x4D,0xB0,0x63,0x11,0x4D,
    0xB0,0x63,0x11,0x4D,0xB0,0x63,0x11,0x4D,0xB0,0x63,0x11,0x4D,0xB0,0x63,0x11,0x4D,0xB0,0x63,0x11,0x4D,0xB0,0x63,0x11,0x4D,0xB0,0x63,0x11,0x4D,0xB0,0x63,0x11,0x4D,0xB0,0x63,0x11,0x4D,0xB0,0x63,0x11,0x4D,0xB0,0x63,0x11,0x4D,0xB0,0x63,0x11,0x4D,0xB0,0x63,0x11,0x4D,0xB0,0x63,0x11,0x4D,0xB0,0x63,0x11,0x4D,0xB0,0x63,0x11,0x4D,
    0xB0,0x63,0x11,0x4D,0xB0,0x63,0x11,0x4D,0xB0,0x63,0x11,0x4D,0xB0,0x63,0x11,0x4D,0xB0,0x63,0x11,0x4D,0xB0,0x63,0x11,0x4D,0xB0,0x63,0x11,0x4D,0xB0,0x63,0x11,0x4D,0xB0,0x63,0x11,0x4D,0xB0,0x63,0x11,0x4D,0xB0,0x63,0x11,0x4D,0xB0,0x63,0x11,0x4D,0xB0,0x63,0x11,0x4D,0xB0,0x63,0x11,0x4D,0xB0,0x63,0x11,0x4D,0xB0,0x63,0x11,0x4D,
    0xB0,0x63,0x11,0x4D,0xB0,0x63,0x11,0x4D,0xB0,0x63,0x11,0x4D,0xB0,0x63,0x11,0x4D,0xB0,0x63,0x11,0x4D,0xB0,0x63,0x11,0x4D,0xB0,0x63,0x11,0x4D,0xB0,0x63,0x11,0x4D,0xB0,0x63,0x11,0x4D,0xB0,0x63,0x11,0x4D,0xB0,0x63,0x11,0x4D,0xB0,0x63,0x11,0x4D,0xB0,0x63,0x11,0x4D,0xB0,0x63,0x11,0x4D,0xB0,0x63,0x11,0x4D,0xB0,0x63,0x11,0x4D,
    0xB0,0x63,0x11,0x4D,0xB0,0x63,0x11,0x4D,0xB0,0x63,0x11,0x4D,0xB0,0x63,0x11,0x4D,0xB0,0x63,0x11,0x4D,0xB0,0x63,0x11,0x4D,0xB0,0x63,0x11,0x4D,0xB0,0x63,0x11,0x4D,0xB0,0x63,0x11,0x4D,0xB0,0x63,0x11,0x4D,0xB0,0x63,0x11,0x4D,0xB0,0x63,0x11,0x4D,0xB0,0x63,0x11,0x4D,0xB0,0x63,0x11,0x4D,0xB0,0x63,0x11,0x4D,0xB0,0x63,0x11,0x4D,
    0xB0,0x63,0x11,0x4D,0xB0,0x63,0x11,0x4D,0xB0,0x63,0x11,0x4D,0xB0,0x63,0x11,0x4D,0xB0,0x63,0x11,0x4D,0xB0,0x63,0x11,0x4D,0xB0,0x63,0x11,0x4D,0xB0,0x63,0x11,0x4D,0xB0,0x63,0x11,0x4D,0xB0,0x63,0x11,0x4D,0xB0,0x63,0x11,0x4D,0xB0,0x63,0x11,0x4D,0xB0,0x63,0x11,0x4D,0xB0,0x63,0x11,0x4D,0xB0,0x63,0x11,0x4D,0xB0,0x63,0x11,0x4D,
    0xB0,0x63,0x11,0x4D,0xB0,0x63,0x11,0x4D,0xB0,0x63,0x11,0x4D,0xB0,0x63,0x11,0x4D,0xB0,0x63,0x11,0x4D,0xB0,0x63,0x11,0x4D,0xB0,0x63,0x11,0x4D,0xB0,0x63,0x11,0x4D,0xB0,0x63,0x11,0x4D,0xB0,0x63,0x11,0x4D,0xB0,0x63,0x11,0x4D,0xB0,0x63,0x11,0x4D,0xB0,0x63,0x11,0x4D,0xB0,0x63,0x11,0x4D,0xB0,0x63,0x11,0x4D,0xB0,0x63,0x11,0x4D,
    0xB0,0x63,0x11,0x4D,0xB0,0x63,0x11,0x4D,0xB0,0x63,0x11,0x4D,0xB0,0x63,0x11,0x4D,0xB0,0x63,0x11,0x4D,0xB0,0x63,0x11,0x4D,0xB0,0x63,0x11,0x4D,0xB0,0x63,0x11,0x4D,0xB0,0x63,0x11,0x4D,0xB0,0x63,0x11,0x4D,0xB0,0x63,0x11,0x4D,0xB0,0x63,0x11,0x4D,0xB0,0x63,0x11,0x4D,0xB0,0x63,0x11,0x4D,0xB0,0x63,0x11,0x4D,0xB0,0x63,0x11,0x4D,
    0xB0,0x63,0x11,0x4D,0xB0,0x63,0x11,0x4D,0xB0,0x63,0x11,0x4D,0xB0,0x63,0x11,0x4D,0xB0,0x63,0x11,0x4D,0xB0,0x63,0x11,0x4D,0xB0,0x63,0x11,0x4D,0xB0,0x63,0x11,0x4D,0xB0,0x63,0x11,0x4D,0xB0,0x63,0x11,0x4D,0xB0,0x63,0x11,0x4D,0xB0,0x63,0x11,0x4D,0xB0,0x63,0x11,0x4D,0xB0,0x63,0x11,0x4D,0xB0,0x63,0x11,0x4D,0xB0,0x63,0x11,0x4D,
    0xB0,0x63,0x11,0x4D,0xB0,0x63,0x11,0x4D,0xB0,0x63,0x11,0x4D,0xB0,0x63,0x11,0x4D,0xB0,0x63,0x11,0x4D,0xB0,0x63,0x11,0x4D,0xB0,0x63,0x11,0x4D,0xB0,0x63,0x11,0x4D,0xB0,0x63,0x11,0x4D,0xB0,0x63,0x11,0x4D,0xB0,0x63,0x11,0x4D,0xB0,0x63,0x11,0x4D,0xB0,0x63,0x11,0x4D,0xB0,0x63,0x11,0x4D,0xB0,0x63,0x11,0x4D,0xB0,0x63,0x11,0x4D,
    0xB0,0x63,0x11,0x4D,0xB0,0x63,0x11,0x4D,0xB0,0x63,0x11,0x4D,0xB0,0x63,0x11,0x4D,0xB0,0x63,0x11,0x4D,0xB0,0x63,0x11,0x4D,0xB0,0x63,0x11,0x4D,0xB0,0x63,0x11,0x4D,0xB0,0x63,0x11,0x4D,0xB0,0x63,0x11,0x4D,0xB0,0x63,0x11,0x4D,0xB0,0x63,0x11,0x4D,0xB0,0x63,0x11,0x4D,0xB0,0x63,0x11,0x4D,0xB0,0x63,0x11,0x4D,0xB0,0x63,0x11,0x4D,
    0xB0,0x63,0x11,0x4D,0xB0,0x63,0x11,0x4D,0xB0,0x63,0x11,0x4D,0xB0,0x63,0x11,0x4D,0xB0,0x63,0x11,0x4D,0xB0,0x63,0x11,0x4D,0xB0,0x63,0x11,0x4D,0xB0,0x63,0x11,0x4D,0xB0,0x63,0x11,0x4D,0xB0,0x63,0x11,0x4D,0xB0,0x63,0x11,0x4D,0xB0,0x63,0x11,0x4D,0xB0,0x63,0x11,0x4D,0xB0,0x63,0x11,0x4D,0xB0,0x63,0x11,0x4D,0xB0,0x63,0x11,0x4D,
    0xB0,0x63,0x11,0x4D,0xB0,0x63,0x11,0x4D,0xB0,0x63,0x11,0x4D,0xB0,0x63,0x11,0x4D,0xB0,0x63,0x11,0x4D,0xB0,0x63,0x11,0x4D,0xB0,0x63,0x11,0x4D,0xB0,0x63,0x11,0x4D,0xB0,0x63,0x11,0x4D,0xB0,0x63,0x11,0x4D,0xB0,0x63,0x11,0x4D,0xB0,0x63,0x11,0x4D,0xB0,0x63,0x11,0x4D,0xB0,0x63,0x11,0x4D,0xB0,0x63,0x11,0x4D,0xB0,0x63,0x11,0x4D,
    0xB0,0x63,0x11,0x4D,0xB0,0x63,0x11,0x4D,0xB0,0x63,0x11,0x4D,0xB0,0x63,0x11,0x4D,0xB0,0x63,0x11,0x4D,0xB0,0x63,0x11,0x4D,0xB0,0x63,0x11,0x4D,0xB0,0x63,0x11,0x4D,0xB0,0x63,0x11,0x4D,0xB0,0x63,0x11,0x4D,0xB0,0x63,0x11,0x4D,0xB0,0x63,0x11,0x4D,0xB0,0x63,0x11,0x4D,0xB0,0x63,0x11,0x4D,0xB0,0x63,0x11,0x4D,0xB0,0x63,0x11,0x4D,
    0xB0,0x63,0x11,0x4D,0xB0,0x63,0x11,0x4D,0xB0,0x63,0x11,0x4D,0xB0,0x63,0x11,0x4D,0xB0,0x63,0x11,0x4D,0xB0,0x63,0x11,0x4D,0xB0,0x63,0x11,0x4D,0xB0,0x63,0x11,0x4D,0xB0,0x63,0x11,0x4D,0xB0,0x63,0x11,0x4D,0xB0,0x63,0x11,0x4D,0xB0,0x63,0x11,0x4D,0xB0,0x63,0x11,0x4D,0xB0,0x63,0x11,0x4D,0xB0,0x63,0x11,0x4D,0xB0,0x63,0x11,0x4D,
    0xB0,0x63,0x11,0x4D,0xB0,0x63,0x11,0x4D,0xB0,0x63,0x11,0x4D,0xB0,0x63,0x11,0x4D,0xB0,0x63,0x11,0x4D,0xB0,0x63,0x11,0x4D,0xB0,0x63,0x11,0x4D,0xB0,0x63,0x11,0x4D,0xB0,0x63,0x11,0x4D,0xB0,0x63,0x11,0x4D,0xB0,0x63,0x11,0x4D,0xB0,0x63,0x11,0x4D,0xB0,0x63,0x11,0x4D,0xB0,0x63,0x11,0x4D,0xB0,0x63,0x11,0x4D,0xB0,0x63,0x11,0x4D,
    0xB0,0x63,0x11,0x4D,0xB0,0x63,0x11,0x4D,0xB0,0x63,0x11,0x4D,0xB0,0x63,0x11,0x4D,0xB0,0x63,0x11,0x4D,0xB0,0x63,0x11,0x4D,0xB0,0x63,0x11,0x4D,0xB0,0x63,0x11,0x4D,0xB0,0x63,0x11,0x4D,0xB0,0x63,0x11,0x4D,0xB0,0x63,0x11,0x4D,0xB0,0x63,0x11,0x4D,0xB0,0x63,0x11,0x4D,0xB0,0x63,0x11,0x4D,0xB0,0x63,0x11,0x4D,0xB0,0x63,0x11,0x4D,
    0xB0,0x63,0x11,0x4D,0xB0,0x63,0x11,0x4D,0xB0,0x63,0x11,0x4D,0xB0,0x63,0x11,0x4D,0xB0,0x63,0x11,0x4D,0xB0,0x63,0x11,0x4D,0xB0,0x63,0x11,0x4D,0xB0,0x63,0x11,0x4D,0xB0,0x63,0x11,0x4D,0xB0,0x63,0x11,0x4D,0xB0,0x63,0x11,0x4D,0xB0,0x63,0x11,0x4D,0xB0,0x63,0x11,0x4D,0xB0,0x63,0x11,0x4D,0xB0,0x63,0x11,0x4D,0xB0,0x63,0x11,0x4D,
    0xB0,0x63,0x11,0x4D,0xB0,0x63,0x11,0x4D,0xB0,0x63,0x11,0x4D,0xB0,0x63,0x11,0x4D,0xB0,0x63,0x11,0x4D,0xB0,0x63,0x11,0x4D,0xB0,0x63,0x11,0x4D,0xB0,0x63,0x11,0x4D,0xB0,0x63,0x11,0x4D,0xB0,0x63,0x11,0x4D,0xB0,0x63,0x11,0x4D,0xB0,0x63,0x11,0x4D,0xB0,0x63,0x11,0x4D,0xB0,0x63,0x11,0x4D,0xB0,0x63,0x11,0x4D,0xB0,0x63,0x11,0x4D,
    0xB0,0x63,0x11,0x4D,0xB0,0x63,0x11,0x4D,0xB0,0x63,0x11,0x4D,0xB0,0x63,0x11,0x4D,0xB0,0x63,0x11,0x4D,0xB0,0x63,0x11,0x4D,0xB0,0x63,0x11,0x4D,0xB0,0x63,0x11,0x4D,0xB0,0x63,0x11,0x4D,0xB0,0x63,0x11,0x4D,0xB0,0x63,0x11,0x4D,0xB0,0x63,0x11,0x4D,0xB0,0x63,0x11,0x4D,0xB0,0x63,0x11,0x4D,0xB0,0x63,0x11,0x4D,0xB0,0x63,0x11,0x4D,
    0xB0,0x63,0x11,0x4D,0xB0,0x63,0x11,0x4D,0xB0,0x63,0x11,0x4D,0xB0,0x63,0x11,0x4D,0xB0,0x63,0x11,0x4D,0xB0,0x63,0x11,0x4D,0xB0,0x63,0x11,0x4D,0xB0,0x63,0x11,0x4D,0xB0,0x63,0x11,0x4D,0xB0,0x63,0x11,0x4D,0xB0,0x63,0x11,0x4D,0xB0,0x63,0x11,0x4D,0xB0,0x63,0x11,0x4D,0xB0,0x63,0x11,0x4D,0xB0,0x63,0x11,0x4D,0xB0,0x63,0x11,0x4D,
    0xB0,0x63,0x11,0x4D,0xB0,0x63,0x11,0x4D,0xB0,0x63,0x11,0x4D,0xB0,0x63,0x11,0x4D,0xB0,0x63,0x11,0x4D,0xB0,0x63,0x11,0x4D,0xB0,0x63,0x11,0x4D,0xB0,0x63,0x11,0x4D,0xB0,0x63,0x11,0x4D,0xB0,0x63,0x11,0x4D,0xB0,0x63,0x11,0x4D,0xB0,0x63,0x11,0x4D,0xB0,0x63,0x11,0x4D,0xB0,0x63,0x11,0x4D,0xB0,0x63,0x11,0x4D,0xB0,0x63,0x11,0x4D,
    0xB0,0x63,0x11,0x4D,0xB0,0x63,0x11,0x4D,0xB0,0x63,0x11,0x4D,0xB0,0x63,0x11,0x4D,0xB0,0x63,0x11,0x4D,0xB0,0x63,0x11,0x4D,0xB0,0x63,0x11,0x4D,0xB0,0x63,0x11,0x4D,0xB0,0x63,0x11,0x4D,0xB0,0x63,0x11,0x4D,0xB0,0x63,0x11,0x4D,0xB0,0x63,0x11,0x4D,0xB0,0x63,0x11,0x4D,0xB0,0x63,0x11,0x4D,0xB0,0x63,0x11,0x4D,0xB0,0x63,0x11,0x4D,
    0xB0,0x63,0x11,0x4D,0xB0,0x63,0x11,0x4D,0xB0,0x63,0x11,0x4D,0xB0,0x63,0x11,0x4D,0xB0,0x63,0x11,0x4D,0xB0,0x63,0x11,0x4D,0xB0,0x63,0x11,0x4D,0xB0,0x63,0x11,0x4D,0xB0,0x63,0x11,0x4D,0xB0,0x63,0x11,0x4D,0xB0,0x63,0x11,0x4D,0xB0,0x63,0x11,0x4D,0xB0,0x63,0x11,0x4D,0xB0,0x63,0x11,0x4D,0xB0,0x63,0x11,0x4D,0xB0,0x63,0x11,0x4D,
    0xB0,0x63,0x11,0x4D,0xB0,0x63,0x11,0x4D,0xB0,0x63,0x11,0x4D,0xB0,0x63,0x11,0x4D,0xB0,0x63,0x11,0x4D,0xB0,0x63,0x11,0x4D,0xB0,0x63,0x11,0x4D,0xB0,0x63,0x11,0x4D,0xB0,0x63,0x11,0x4D,0xB0,0x63,0x11,0x4D,0xB0,0x63,0x11,0x4D,0xB0,0x63,0x11,0x4D,0xB0,0x63,0x11,0x4D,0xB0,0x63,0x11,0x4D,0xB0,0x63,0x11,0x4D,0xB0,0x63,0x11,0x4D,
    0xB0,0x63,0x11,0x4D,0xB0,0x63,0x11,0x4D,0xB0,0x63,0x11,0x4D,0xB0,0x63,0x11,0x4D,0xB0,0x63,0x11,0x4D,0xB0,0x63,0x11,0x4D,0xB0,0x63,0x11,0x4D,0xB0,0x63,0x11,0x4D,0xB0,0x63,0x11,0x4D,0xB0,0x63,0x11,0x4D,0xB0,0x63,0x11,0x4D,0xB0,0x63,0x11,0x4D,0xB0,0x63,0x11,0x4D,0xB0,0x63,0x11,0x4D,0xB0,0x63,0x11,0x4D,0xB0,0x63,0x11,0x4D,
    0xB0,0x63,0x11,0x4D,0xB0,0x63,0x11,0x4D,0xB0,0x63,0x11,0x4D,0xB0,0x63,0x11,0x4D,0xB0,0x63,0x11,0x4D,0xB0,0x63,0x11,0x4D,0xB0,0x63,0x11,0x4D,0xB0,0x63,0x11,0x4D,0xB0,0x63,0x11,0x4D,0xB0,0x63,0x11,0x4D,0xB0,0x63,0x11,0x4D,0xB0,0x63,0x11,0x4D,0xB0,0x63,0x11,0x4D,0xB0,0x63,0x11,0x4D,0xB0,0x63,0x11,0x4D,0xB0,0x63,0x11,0x4D,
    0xB0,0x63,0x11,0x4D,0xB0,0x63,0x11,0x4D,0xB0,0x63,0x11,0x4D,0xB0,0x63,0x11,0x4D,0xB0,0x63,0x11,0x4D,0xB0,0x63,0x11,0x4D,0xB0,0x63,0x11,0x4D,0xB0,0x63,0x11,0x4D,0xB0,0x63,0x11,0x4D,0xB0,0x63,0x11,0x4D,0xB0,0x63,0x11,0x4D,0xB0,0x63,0x11,0x4D,0xB0,0x63,0x11,0x4D,0xB0,0x63,0x11,0x4D,0xB0,0x63,0x11,0x4D,0xB0,0x63,0x11,0x4D,
    0xB0,0x63,0x11,0x4D,0xB0,0x63,0x11,0x4D,0xB0,0x63,0x11,0x4D,0xB0,0x63,0x11,0x4D,0xB0,0x63,0x11,0x4D,0xB0,0x63,0x11,0x4D,0xB0,0x63,0x11,0x4D,0xB0,0x63,0x11,0x4D,0xB0,0x63,0x11,0x4D,0xB0,0x63,0x11,0x4D,0xB0,0x63,0x11,0x4D,0xB0,0x63,0x11,0x4D,0xB0,0x63,0x11,0x4D,0xB0,0x63,0x11,0x4D,0xB0,0x63,0x11,0x4D,0xB0,0x63,0x11,0x4D,
    0xB0,0x63,0x11,0x4D,0xB0,0x63,0x11,0x4D,0xB0,0x63,0x11,0x4D,0xB0,0x63,0x11,0x4D,0xB0,0x63,0x11,0x4D,0xB0,0x63,0x11,0x4D,0xB0,0x63,0x11,0x4D,0xB0,0x63,0x11,0x4D,0xB0,0x63,0x11,0x4D,0xB0,0x63,0x11,0x4D,0xB0,0x63,0x11,0x4D,0xB0,0x63,0x11,0x4D,0xB0,0x63,0x11,0x4D,0xB0,0x63,0x11,0x4D,0xB0,0x63,0x11,0x4D,0xB0,0x63,0x11,0x4D,
    0xB0,0x63,0x11,0x4D,0xB0,0x63,0x11,0x4D,0xB0,0x63,0x11,0x4D,0xB0,0x63,0x11,0x4D,0xB0,0x63,0x11,0x4D,0xB0,0x63,0x11,0x4D,0xB0,0x63,0x11,0x4D,0xB0,0x63,0x11,0x4D,0xB0,0x63,0x11,0x4D,0xB0,0x63,0x11,0x4D,0xB0,0x63,0x11,0x4D,0xB0,0x63,0x11,0x4D,0xB0,0x63,0x11,0x4D,0xB0,0x63,0x11,0x4D,0xB0,0x63,0x11,0x4D,0xB0,0x63,0x11,0x4D,
    0xB0,0x63,0x11,0x4D,0xB0,0x63,0x11,0x4D,0xB0,0x63,0x11,0x4D,0xB0,0x63,0x11,0x4D,0xB0,0x63,0x11,0x4D,0xB0,0x63,0x11,0x4D,0xB0,0x63,0x11,0x4D,0xB0,0x63,0x11,0x4D,0xB0,0x63,0x11,0x4D,0xB0,0x63,0x11,0x4D,0xB0,0x63,0x11,0x4D,0xB0,0x63,0x11,0x4D,0xB0,0x63,0x11,0x4D,0xB0,0x63,0x11,0x4D,0xB0,0x63,0x11,0x4D,0xB0,0x63,0x11,0x4D,
    0xB0,0x63,0x11,0x4D,0xB0,0x63,0x11,0x4D,0xB0,0x63,0x11,0x4D,0xB0,0x63,0x11,0x4D,0xB0,0x63,0x11,0x4D,0xB0,0x63,0x11,0x4D,0xB0,0x63,0x11,0x4D,0xB0,0x63,0x11,0x4D,0xB0,0x63,0x11,0x4D,0xB0,0x63,0x11,0x4D,0xB0,0x63,0x11,0x4D,0xB0,0x63,0x11,0x4D,0xB0,0x63,0x11,0x4D,0xB0,0x63,0x11,0x4D,0xB0,0x63,0x11,0x4D,0xB0,0x63,0x11,0x4D,
    0xB0,0x63,0x11,0x4D,0xB0,0x63,0x11,0x4D,0xB0,0x63,0x11,0x4D,0xB0,0x63,0x11,0x4D,0xB0,0x63,0x11,0x4D,0xB0,0x63,0x11,0x4D,0xB0,0x63,0x11,0x4D,0xB0,0x63,0x11,0x4D,0xB0,0x63,0x11,0x4D,0xB0,0x63,0x11,0x4D,0xB0,0x63,0x11,0x4D,0xB0,0x63,0x11,0x4D,0xB0,0x63,0x11,0x4D,0xB0,0x63,0x11,0x4D,0xB0,0x63,0x11,0x4D,0xB0,0x63,0x11,0x4D,
    0xB0,0x63,0x11,0x4D,0xB0,0x63,0x11,0x4D,0xB0,0x63,0x11,0x4D,0xB0,0x63,0x11,0x4D,0xB0,0x63,0x11,0x4D,0xB0,0x63,0x11,0x4D,0xB0,0x63,0x11,0x4D,0xB0,0x63,0x11,0x4D,0xB0,0x63,0x11,0x4D,0xB0,0x63,0x11,0x4D,0xB0,0x63,0x11,0x4D,0xB0,0x63,0x11,0x4D,0xB0,0x63,0x11,0x4D,0xB0,0x63,0x11,0x4D,0xB0,0x63,0x11,0x4D,0xB0,0x63,0x11,0x4D,
    0xB0,0x63,0x11,0x4D,0xB0,0x63,0x11,0x4D,0xB0,0x63,0x11,0x4D,0xB0,0x63,0x11,0x4D,0xB0,0x63,0x11,0x4D,0xB0,0x63,0x11,0x4D,0xB0,0x63,0x11,0x4D,0xB0,0x63,0x11,0x4D,0xB0,0x63,0x11,0x4D,0xB0,0x63,0x11,0x4D,0xB0,0x63,0x11,0x4D,0xB0,0x63,0x11,0x4D,0xB0,0x63,0x11,0x4D,0xB0,0x63,0x11,0x4D,0xB0,0x63,0x11,0x4D,0xB0,0x63,0x11,0x4D,
    0xB0,0x63,0x11,0x4D,0xB0,0x63,0x11,0x4D,0xB0,0x63,0x11,0x4D,0xB0,0x63,0x11,0x4D,0xB0,0x63,0x11,0x4D,0xB0,0x63,0x11,0x4D,0xB0,0x63,0x11,0x4D,0xB0,0x63,0x11,0x4D,0xB0,0x63,0x11,0x4D,0xB0,0x63,0x11,0x4D,0xB0,0x63,0x11,0x4D,0xB0,0x63,0x11,0x4D,0xB0,0x63,0x11,0x4D,0xB0,0x63,0x11,0x4D,0xB0,0x63,0x11,0x4D,0xB0,0x63,0x11,0x4D,
    0xB0,0x63,0x11,0x4D,0xB0,0x63,0x11,0x4D,0xB0,0x63,0x11,0x4D,0xB0,0x63,0x11,0x4D,0xB0,0x63,0x11,0x4D,0xB0,0x63,0x11,0x4D,0xB0,0x63,0x11,0x4D,0xB0,0x63,0x11,0x4D,0xB0,0x63,0x11,0x4D,0xB0,0x63,0x11,0x4D,0xB0,0x63,0x11,0x4D,0xB0,0x63,0x11,0x4D,0xB0,0x63,0x11,0x4D,0xB0,0x63,0x11,0x4D,0xB0,0x63,0x11,0x4D,0xB0,0x63,0x11,0x4D,
    0xB0,0x63,0x11,0x4D,0xB0,0x63,0x11,0x4D,0xB0,0x63,0x11,0x4D,0xB0,0x63,0x11,0x4D,0xB0,0x63,0x11,0x4D,0xB0,0x63,0x11,0x4D,0xB0,0x63,0x11,0x4D,0xB0,0x63,0x11,0x4D,0xB0,0x63,0x11,0x4D,0xB0,0x63,0x11,0x4D,0xB0,0x63,0x11,0x4D,0xB0,0x63,0x11,0x4D,0xB0,0x63,0x11,0x4D,0xB0,0x63,0x11,0x4D,0xB0,0x63,0x11,0x4D,0xB0,0x63,0x11,0x4D,
    0xB0,0x63,0x11,0x4D,0xB0,0x63,0x11,0x4D,0xB0,0x63,0x11,0x4D,0xB0,0x63,0x11,0x4D,0xB0,0x63,0x11,0x4D,0xB0,0x63,0x11,0x4D,0xB0,0x63,0x11,0x4D,0xB0,0x63,0x11,0x4D,0xB0,0x63,0x11,0x4D,0xB0,0x63,0x11,0x4D,0xB0,0x63,0x11,0x4D,0xB0,0x63,0x11,0x4D,0xB0,0x63,0x11,0x4D,0xB0,0x63,0x11,0x4D,0xB0,0x63,0x11,0x4D,0xB0,0x63,0x11,0x4D,
    0xB0,0x63,0x11,0x4D,0xB0,0x63,0x11,0x4D,0xB0,0x63,0x11,0x4D,0xB0,0x63,0x11,0x4D,0xB0,0x63,0x11,0x4D,0xB0,0x63,0x11,0x4D,0xB0,0x63,0x11,0x4D,0xB0,0x63,0x11,0x4D,0xB0,0x63,0x11,0x4D,0xB0,0x63,0x11,0x4D,0xB0,0x63,0x11,0x4D,0xB0,0x63,0x11,0x4D,0xB0,0x63,0x11,0x4D,0xB0,0x63,0x11,0x4D,0xB0,0x63,0x11,0x4D,0xB0,0x63,0x11,0x4D,
    0xB0,0x63,0x11,0x4D,0xB0,0x63,0x11,0x4D,0xB0,0x63,0x11,0x4D,0xB0,0x63,0x11,0x4D,0xB0,0x63,0x11,0x4D,0xB0,0x63,0x11,0x4D,0xB0,0x63,0x11,0x4D,0xB0,0x63,0x11,0x4D,0xB0,0x63,0x11,0x4D,0xB0,0x63,0x11,0x4D,0xB0,0x63,0x11,0x4D,0xB0,0x63,0x11,0x4D,0xB0,0x63,0x11,0x4D,0xB0,0x63,0x11,0x4D,0xB0,0x63,0x11,0x4D,0xB0,0x63,0x11,0x4D,
    0xB0,0x63,0x11,0x4D,0xB0,0x63,0x11,0x4D,0xB0,0x63,0x11,0x4D,0xB0,0x63,0x11,0x4D,0xB0,0x63,0x11,0x4D,0xB0,0x63,0x11,0x4D,0xB0,0x63,0x11,0x4D,0xB0,0x63,0x11,0x4D,0xB0,0x63,0x11,0x4D,0xB0,0x63,0x11,0x4D,0xB0,0x63,0x11,0x4D,0xB0,0x63,0x11,0x4D,0xB0,0x63,0x11,0x4D,0xB0,0x63,0x11,0x4D,0xB0,0x63,0x11,0x4D,0xB0,0x63,0x11,0x4D,
    0xB0,0x63,0x11,0x4D,0xB0,0x63,0x11,0x4D,0xB0,0x63,0x11,0x4D,0xB0,0x63,0x11,0x4D,0xB0,0x63,0x11,0x4D,0xB0,0x63,0x11,0x4D,0xB0,0x63,0x11,0x4D,0xB0,0x63,0x11,0x4D,0xB0,0x63,0x11,0x4D,0xB0,0x63,0x11,0x4D,0xB0,0x63,0x11,0x4D,0xB0,0x63,0x11,0x4D,0xB0,0x63,0x11,0x4D,0xB0,0x63,0x11,0x4D,0xB0,0x63,0x11,0x4D,0xB0,0x63,0x11,0x4D,
    0xB0,0x63,0x11,0x4D,0xB0,0x63,0x11,0x4D,0xB0,0x63,0x11,0x4D,0xB0,0x63,0x11,0x4D,0xB0,0x63,0x11,0x4D,0xB0,0x63,0x11,0x4D,0xB0,0x63,0x11,0x4D,0xB0,0x63,0x11,0x4D,0xB0,0x63,0x11,0x4D,0xB0,0x63,0x11,0x4D,0xB0,0x63,0x11,0x4D,0xB0,0x63,0x11,0x4D,0xB0,0x63,0x11,0x4D,0xB0,0x63,0x11,0x4D,0xB0,0x63,0x11,0x4D,0xB0,0x63,0x11,0x4D,
    0xB0,0x63,0x11,0x4D,0xB0,0x63,0x11,0x4D,0xB0,0x63,0x11,0x4D,0xB0,0x63,0x11,0x4D,0xB0,0x63,0x11,0x4D,0xB0,0x63,0x11,0x4D,0xB0,0x63,0x11,0x4D,0xB0,0x63,0x11,0x4D,0xB0,0x63,0x11,0x4D,0xB0,0x63,0x11,0x4D,0xB0,0x63,0x11,0x4D,0xB0,0x63,0x11,0x4D,0xB0,0x63,0x11,0x4D,0xB0,0x63,0x11,0x4D,0xB0,0x63,0x11,0x4D,0xB0,0x63,0x11,0x4D,
    0xB0,0x63,0x11,0x4D,0xB0,0x63,0x11,0x4D,0xB0,0x63,0x11,0x4D,0xB0,0x63,0x11,0x4D,0xB0,0x63,0x11,0x4D,0xB0,0x63,0x11,0x4D,0xB0,0x63,0x11,0x4D,0xB0,0x63,0x11,0x4D,0xB0,0x63,0x11,0x4D,0xB0,0x63,0x11,0x4D,0xB0,0x63,0x11,0x4D,0xB0,0x63,0x11,0x4D,0xB0,0x63,0x11,0x4D,0xB0,0x63,0x11,0x4D,0xB0,0x63,0x11,0x4D,0xB0,0x63,0x11,0x4D,
    0xB0,0x63,0x11,0x4D,0xB0,0x63,0x11,0x4D,0xB0,0x63,0x11,0x4D,0xB0,0x63,0x11,0x4D,0xB0,0x63,0x11,0x4D,0xB0,0x63,0x11,0x4D,0xB0,0x63,0x11,0x4D,0xB0,0x63,0x11,0x4D,0xB0,0x63,0x11,0x4D,0xB0,0x63,0x11,0x4D,0xB0,0x63,0x11,0x4D,0xB0,0x63,0x11,0x4D,0xB0,0x63,0x11,0x4D,0xB0,0x63,0x11,0x4D,0xB0,0x63,0x11,0x4D,0xB0,0x63,0x11,0x4D,
    0xB0,0x63,0x11,0x4D,0xB0,0x63,0x11,0x4D,0xB0,0x63,0x11,0x4D,0xB0,0x63,0x11,0x4D,0xB0,0x63,0x11,0x4D,0xB0,0x63,0x11,0x4D,0xB0,0x63,0x11,0x4D,0xB0,0x63,0x11,0x4D,0xB0,0x63,0x11,0x4D,0xB0,0x63,0x11,0x4D,0xB0,0x63,0x11,0x4D,0xB0,0x63,0x11,0x4D,0xB0,0x63,0x11,0x4D,0xB0,0x63,0x11,0x4D,0xB0,0x63,0x11,0x4D,0xB0,0x63,0x11,0x4D,
    0xB0,0x63,0x11,0x4D,0xB0,0x63,0x11,0x4D,0xB0,0x63,0x11,0x4D,0xB0,0x63,0x11,0x4D,0xB0,0x63,0x11,0x4D,0xB0,0x63,0x11,0x4D,0xB0,0x63,0x11,0x4D,0xB0,0x63,0x11,0x4D,0xB0,0x63,0x11,0x4D,0xB0,0x63,0x11,0x4D,0xB0,0x63,0x11,0x4D,0xB0,0x63,0x11,0x4D,0xB0,0x63,0x11,0x4D,0xB0,0x63,0x11,0x4D,0xB0,0x63,0x11,0x4D,0xB0,0x63,0x11,0x4D,
    0xB0,0x63,0x11,0x4D,0xB0,0x63,0x11,0x4D,0xB0,0x63,0x11,0x4D,0xB0,0x63,0x11,0x4D,0xB0,0x63,0x11,0x4D,0xB0,0x63,0x11,0x4D,0xB0,0x63,0x11,0x4D,0xB0,0x63,0x11,0x4D,0xB0,0x63,0x11,0x4D,0xB0,0x63,0x11,0x4D,0xB0,0x63,0x11,0x4D,0xB0,0x63,0x11,0x4D,0xB0,0x63,0x11,0x4D,0xB0,0x63,0x11,0x4D,0xB0,0x63,0x11,0x4D,0xB0,0x63,0x11,0x4D,
    0xB0,0x63,0x11,0x4D,0xB0,0x63,0x11,0x4D,0xB0,0x63,0x11,0x4D,0xB0,0x63,0x11,0x4D,0xB0,0x63,0x11,0x4D,0xB0,0x63,0x11,0x4D,0xB0,0x63,0x11,0x4D,0xB0,0x63,0x11,0x4D,0xB0,0x63,0x11,0x4D,0xB0,0x63,0x11,0x4D,0xB0,0x63,0x11,0x4D,0xB0,0x63,0x11,0x4D,0xB0,0x63,0x11,0x4D,0xB0,0x63,0x11,0x4D,0xB0,0x63,0x11,0x4D,0xB0,0x63,0x11,0x4D,
    0xB0,0x63,0x11,0x4D,0xB0,0x63,0x11,0x4D,0xB0,0x63,0x11,0x4D,0xB0,0x63,0x11,0x4D,0xB0,0x63,0x11,0x4D,0xB0,0x63,0x11,0x4D,0xB0,0x63,0x11,0x4D,0xB0,0x63,0x11,0x4D,0xB0,0x63,0x11,0x4D,0xB0,0x63,0x11,0x4D,0xB0,0x63,0x11,0x4D,0xB0,0x63,0x11,0x4D,0xB0,0x63,0x11,0x4D,0xB0,0x63,0x11,0x4D,0xB0,0x63,0x11,0x4D,0xB0,0x63,0x11,0x4D,
    0xB0,0x63,0x11,0x4D,0xB0,0x63,0x11,0x4D,0xB0,0x63,0x11,0x4D,0xB0,0x63,0x11,0x4D,0xB0,0x63,0x11,0x4D,0xB0,0x63,0x11,0x4D,0xB0,0x63,0x11,0x4D,0xB0,0x63,0x11,0x4D,0xB0,0x63,0x11,0x4D,0xB0,0x63,0x11,0x4D,0xB0,0x63,0x11,0x4D,0xB0,0x63,0x11,0x4D,0xB0,0x63,0x11,0x4D,0xB0,0x63,0x11,0x4D,0xB0,0x63,0x11,0x4D,0xB0,0x63,0x11,0x4D,
    0xB0,0x63,0x11,0x4D,0xB0,0x63,0x11,0x4D,0xB0,0x63,0x11,0x4D,0xB0,0x63,0x11,0x4D,0xB0,0x63,0x11,0x4D,0xB0,0x63,0x11,0x4D,0xB0,0x63,0x11,0x4D,0xB0,0x63,0x11,0x4D,0xB0,0x63,0x11,0x4D,0xB0,0x63,0x11,0x4D,0xB0,0x63,0x11,0x4D,0xB0,0x63,0x11,0x4D,0xB0,0x63,0x11,0x4D,0xB0,0x63,0x11,0x4D,0xB0,0x63,0x11,0x4D,0xB0,0x63,0x11,0x4D,
    0xB0,0x63,0x11,0x4D,0xB0,0x63,0x11,0x4D,0xB0,0x63,0x11,0x4D,0xB0,0x63,0x11,0x4D,0xB0,0x63,0x11,0x4D,0xB0,0x63,0x11,0x4D,0xB0,0x63,0x11,0x4D,0xB0,0x63,0x11,0x4D,0xB0,0x63,0x11,0x4D,0xB0,0x63,0x11,0x4D,0xB0,0x63,0x11,0x4D,0xB0,0x63,0x11,0x4D,0xB0,0x63,0x11,0x4D,0xB0,0x63,0x11,0x4D,0xB0,0x63,0x11,0x4D,0xB0,0x63,0x11,0x4D,
    0xB0,0x63,0x11,0x4D,0xB0,0x63,0x11,0x4D,0xB0,0x63,0x11,0x4D,0xB0,0x63,0x11,0x4D,0xB0,0x63,0x11,0x4D,0xB0,0x63,0x11,0x4D,0xB0,0x63,0x11,0x4D,0xB0,0x63,0x11,0x4D,0xB0,0x63,0x11,0x4D,0xB0,0x63,0x11,0x4D,0xB0,0x63,0x11,0x4D,0xB0,0x63,0x11,0x4D,0xB0,0x63,0x11,0x4D,0xB0,0x63,0x11,0x4D,0xB0,0x63,0x11,0x4D,0xB0,0x63,0x11,0x4D,
    0xB0,0x63,0x11,0x4D,0xB0,0x63,0x11,0x4D,0xB0,0x63,0x11,0x4D,0xB0,0x63,0x11,0x4D,0xB0,0x63,0x11,0x4D,0xB0,0x63,0x11,0x4D,0xB0,0x63,0x11,0x4D,0xB0,0x63,0x11,0x4D,0xB0,0x63,0x11,0x4D,0xB0,0x63,0x11,0x4D,0xB0,0x63,0x11,0x4D,0xB0,0x63,0x11,0x4D,0xB0,0x63,0x11,0x4D,0xB0,0x63,0x11,0x4D,0xB0,0x63,0x11,0x4D,0xB0,0x63,0x11,0x4D,
    0xB0,0x63,0x11,0x4D,0xB0,0x63,0x11,0x4D,0xB0,0x63,0x11,0x4D,0xB0,0x63,0x11,0x4D,0xB0,0x63,0x11,0x4D,0xB0,0x63,0x11,0x4D,0xB0,0x63,0x11,0x4D,0xB0,0x63,0x11,0x4D,0xB0,0x63,0x11,0x4D,0xB0,0x63,0x11,0x4D,0xB0,0x63,0x11,0x4D,0xB0,0x63,0x11,0x4D,0xB0,0x63,0x11,0x4D,0xB0,0x63,0x11,0x4D,0xB0,0x63,0x11,0x4D,0xB0,0x63,0x11,0x4D,
    0xB0,0x63,0x11,0x4D,0xB0,0x63,0x11,0x4D,0xB0,0x63,0x11,0x4D,0xB0,0x63,0x11,0x4D,0xB0,0x63,0x11,0x4D,0xB0,0x63,0x11,0x4D,0xB0,0x63,0x11,0x4D,0xB0,0x63,0x11,0x4D,0xB0,0x63,0x11,0x4D,0xB0,0x63,0x11,0x4D,0xB0,0x63,0x11,0x4D,0xB0,0x63,0x11,0x4D,0xB0,0x63,0x11,0x4D,0xB0,0x63,0x11,0x4D,0xB0,0x63,0x11,0x4D,0xB0,0x63,0x11,0x4D,
    0xB0,0x63,0x11,0x4D,0xB0,0x63,0x11,0x4D,0xB0,0x63,0x11,0x4D,0xB0,0x63,0x11,0x4D,0xB0,0x63,0x11,0x4D,0xB0,0x63,0x11,0x4D,0xB0,0x63,0x11,0x4D,0xB0,0x63,0x11,0x4D,0xB0,0x63,0x11,0x4D,0xB0,0x63,0x11,0x4D,0xB0,0x63,0x11,0x4D,0xB0,0x63,0x11,0x4D,0xB0,0x63,0x11,0x4D,0xB0,0x63,0x11,0x4D,0xB0,0x63,0x11,0x4D,0xB0,0x63,0x11,0x4D,
    0xB0,0x63,0x11,0x4D,0xB0,0x63,0x11,0x4D,0xB0,0x63,0x11,0x4D,0xB0,0x63,0x11,0x4D,0xB0,0x63,0x11,0x4D,0xB0,0x63,0x11,0x4D,0xB0,0x63,0x11,0x4D,0xB0,0x63,0x11,0x4D,0xB0,0x63,0x11,0x4D,0xB0,0x63,0x11,0x4D,0xB0,0x63,0x11,0x4D,0xB0,0x63,0x11,0x4D,0xB0,0x63,0x11,0x4D,0xB0,0x63,0x11,0x4D,0xB0,0x63,0x11,0x4D,0xB0,0x63,0x11,0x4D,
    0xB0,0x63,0x11,0x4D,0xB0,0x63,0x11,0x4D,0xB0,0x63,0x11,0x4D,0xB0,0x63,0x11,0x4D,0xB0,0x63,0x11,0x4D,0xB0,0x63,0x11,0x4D,0xB0,0x63,0x11,0x4D,0xB0,0x63,0x11,0x4D,0xB0,0x63,0x11,0x4D,0xB0,0x63,0x11,0x4D,0xB0,0x63,0x11,0x4D,0xB0,0x63,0x11,0x4D,0xB0,0x63,0x11,0x4D,0xB0,0x63,0x11,0x4D,0xB0,0x63,0x11,0x4D,0xB0,0x63,0x11,0x4D,
    0xB0,0x63,0x11,0x4D,0xB0,0x63,0x11,0x4D,0xB0,0x63,0x11,0x4D,0xB0,0x63,0x11,0x4D,0xB0,0x63,0x11,0x4D,0xB0,0x63,0x11,0x4D,0xB0,0x63,0x11,0x4D,0xB0,0x63,0x11,0x4D,0xB0,0x63,0x11,0x4D,0xB0,0x63,0x11,0x4D,0xB0,0x63,0x11,0x4D,0xB0,0x63,0x11,0x4D,0xB0,0x63,0x11,0x4D,0xB0,0x63,0x11,0x4D,0xB0,0x63,0x11,0x4D,0xB0,0x63,0x11,0x4D,
    0xB0,0x63,0x11,0x4D,0xB0,0x63,0x11,0x4D,0xB0,0x63,0x11,0x4D,0xB0,0x63,0x11,0x4D,0xB0,0x63,0x11,0x4D,0xB0,0x63,0x11,0x4D,0xB0,0x63,0x11,0x4D,0xB0,0x63,0x11,0x4D,0xB0,0x63,0x11,0x4D,0xB0,0x63,0x11,0x4D,0xB0,0x63,0x11,0x4D,0xB0,0x63,0x11,0x4D,0xB0,0x63,0x11,0x4D,0xB0,0x63,0x11,0x4D,0xB0,0x63,0x11,0x4D,0xB0,0x63,0x11,0x4D,
    0xB0,0x63,0x11,0x4D,0xB0,0x63,0x11,0x4D,0xB0,0x63,0x11,0x4D,0xB0,0x63,0x11,0x4D,0xB0,0x63,0x11,0x4D,0xB0,0x63,0x11,0x4D,0xB0,0x63,0x11,0x4D,0xB0,0x63,0x11,0x4D,0xB0,0x63,0x11,0x4D,0xB0,0x63,0x11,0x4D,0xB0,0x63,0x11,0x4D,0xB0,0x63,0x11,0x4D,0xB0,0x63,0x11,0x4D,0xB0,0x63,0x11,0x4D,0xB0,0x63,0x11,0x4D,0xB0,0x63,0x11,0x4D,
    0xB0,0x63,0x11,0x4D,0xB0,0x63,0x11,0x4D,0xB0,0x63,0x11,0x4D,0xB0,0x63,0x11,0x4D,0xB0,0x63,0x11,0x4D,0xB0,0x63,0x11,0x4D,0xB0,0x63,0x11,0x4D,0xB0,0x63,0x11,0x4D,0xB0,0x63,0x11,0x4D,0xB0,0x63,0x11,0x4D,0xB0,0x63,0x11,0x4D,0xB0,0x63,0x11,0x4D,0xB0,0x63,0x11,0x4D,0xB0,0x63,0x11,0x4D,0xB0,0x63,0x11,0x4D,0xB0,0x63,0x11,0x4D,
    0xB0,0x63,0x11,0x4D,0xB0,0x63,0x11,0x4D,0xB0,0x63,0x11,0x4D,0xB0,0x63,0x11,0x4D,0xB0,0x63,0x11,0x4D,0xB0,0x63,0x11,0x4D,0xB0,0x63,0x11,0x4D,0xB0,0x63,0x11,0x4D,0xB0,0x63,0x11,0x4D,0xB0,0x63,0x11,0x4D,0xB0,0x63,0x11,0x4D,0xB0,0x63,0x11,0x4D,0xB0,0x63,0x11,0x4D,0xB0,0x63,0x11,0x4D,0xB0,0x63,0x11,0x4D,0xB0,0x63,0x11,0x4D,
    0xB0,0x63,0x11,0x4D,0xB0,0x63,0x11,0x4D,0xB0,0x63,0x11,0x4D,0xB0,0x63,0x11,0x4D,0xB0,0x63,0x11,0x4D,0xB0,0x63,0x11,0x4D,0xB0,0x63,0x11,0x4D,0xB0,0x63,0x11,0x4D,0xB0,0x63,0x11,0x4D,0xB0,0x63,0x11,0x4D,0xB0,0x63,0x11,0x4D,0xB0,0x63,0x11,0x4D,0xB0,0x63,0x11,0x4D,0xB0,0x63,0x11,0x4D,0xB0,0x63,0x11,0x4D,0xB0,0x63,0x11,0x4D,
    0xB0,0x63,0x11,0x4D,0xB0,0x63,0x11,0x4D,0xB0,0x63,0x11,0x4D,0xB0,0x63,0x11,0x4D,0xB0,0x63,0x11,0x4D,0xB0,0x63,0x11,0x4D,0xB0,0x63,0x11,0x4D,0xB0,0x63,0x11,0x4D,0xB0,0x63,0x11,0x4D,0xB0,0x63,0x11,0x4D,0xB0,0x63,0x11,0x4D,0xB0,0x63,0x11,0x4D,0xB0,0x63,0x11,0x4D,0xB0,0x63,0x11,0x4D,0xB0,0x63,0x11,0x4D,0xB0,0x63,0x11,0x4D,
    0xB0,0x63,0x11,0x4D,0xB0,0x63,0x11,0x4D,0xB0,0x63,0x11,0x4D,0xB0,0x63,0x11,0x4D,0xB0,0x63,0x11,0x4D,0xB0,0x63,0x11,0x4D,0xB0,0x63,0x11,0x4D,0xB0,0x63,0x11,0x4D,0xB0,0x63,0x11,0x4D,0xB0,0x63,0x11,0x4D,0xB0,0x63,0x11,0x4D,0xB0,0x63,0x11,0x4D,0xB0,0x63,0x11,0x4D,0xB0,0x63,0x11,0x4D,0xB0,0x63,0x11,0x4D,0xB0,0x63,0x11,0x4D,
    0xB0,0x63,0x11,0x4D,0xB0,0x63,0x11,0x4D,0xB0,0x63,0x11,0x4D,0xB0,0x63,0x11,0x4D,0xB0,0x63,0x11,0x4D,0xB0,0x63,0x11,0x4D,0xB0,0x63,0x11,0x4D,0xB0,0x63,0x11,0x4D,0xB0,0x63,0x11,0x4D,0xB0,0x63,0x11,0x4D,0xB0,0x63,0x11,0x4D,0xB0,0x63,0x11,0x4D,0xB0,0x63,0x11,0x4D,0xB0,0x63,0x11,0x4D,0xB0,0x63,0x11,0x4D,0xB0,0x63,0x11,0x4D,
    0xB0,0x63,0x11,0x4D,0xB0,0x63,0x11,0x4D,0xB0,0x63,0x11,0x4D,0xB0,0x63,0x11,0x4D,0xB0,0x63,0x11,0x4D,0xB0,0x63,0x11,0x4D,0xB0,0x63,0x11,0x4D,0xB0,0x63,0x11,0x4D,0xB0,0x63,0x11,0x4D,0xB0,0x63,0x11,0x4D,0xB0,0x63,0x11,0x4D,0xB0,0x63,0x11,0x4D,0xB0,0x63,0x11,0x4D,0xB0,0x63,0x11,0x4D,0xB0,0x63,0x11,0x4D,0xB0,0x63,0x11,0x4D,
    0xB0,0x63,0x11,0x4D,0xB0,0x63,0x11,0x4D,0xB0,0x63,0x11,0x4D,0xB0,0x63,0x11,0x4D,0xB0,0x63,0x11,0x4D,0xB0,0x63,0x11,0x4D,0xB0,0x63,0x11,0x4D,0xB0,0x63,0x11,0x4D,0xB0,0x63,0x11,0x4D,0xB0,0x63,0x11,0x4D,0xB0,0x63,0x11,0x4D,0xB0,0x63,0x11,0x4D,0xB0,0x63,0x11,0x4D,0xB0,0x63,0x11,0x4D,0xB0,0x63,0x11,0x4D,0xB0,0x63,0x11,0x4D,
    0xB0,0x63,0x11,0x4D,0xB0,0x63,0x11,0x4D,0xB0,0x63,0x11,0x4D,0xB0,0x63,0x11,0x4D,0xB0,0x63,0x11,0x4D,0xB0,0x63,0x11,0x4D,0xB0,0x63,0x11,0x4D,0xB0,0x63,0x11,0x4D,0xB0,0x63,0x11,0x4D,0xB0,0x63,0x11,0x4D,0xB0,0x63,0x11,0x4D,0xB0,0x63,0x11,0x4D,0xB0,0x63,0x11,0x4D,0xB0,0x63,0x11,0x4D,0xB0,0x63,0x11,0x4D,0xB0,0x63,0x11,0x4D,
    0xB0,0x63,0x11,0x4D,0xB0,0x63,0x11,0x4D,0xB0,0x63,0x11,0x4D,0xB0,0x63,0x11,0x4D,0xB0,0x63,0x11,0x4D,0xB0,0x63,0x11,0x4D,0xB0,0x63,0x11,0x4D,0xB0,0x63,0x11,0x4D,0xB0,0x63,0x11,0x4D,0xB0,0x63,0x11,0x4D,0xB0,0x63,0x11,0x4D,0xB0,0x63,0x11,0x4D,0xB0,0x63,0x11,0x4D,0xB0,0x63,0x11,0x4D,0xB0,0x63,0x11,0x4D,0xB0,0x63,0x11,0x4D,
    0xB0,0x63,0x11,0x4D,0xB0,0x63,0x11,0x4D,0xB0,0x63,0x11,0x4D,0xB0,0x63,0x11,0x4D,0xB0,0x63,0x11,0x4D,0xB0,0x63,0x11,0x4D,0xB0,0x63,0x11,0x4D,0xB0,0x63,0x11,0x4D,0xB0,0x63,0x11,0x4D,0xB0,0x63,0x11,0x4D,0xB0,0x63,0x11,0x4D,0xB0,0x63,0x11,0x4D,0xB0,0x63,0x11,0x4D,0xB0,0x63,0x11,0x4D,0xB0,0x63,0x11,0x4D,0xB0,0x63,0x11,0x4D,
    0xB0,0x63,0x11,0x4D,0xB0,0x63,0x11,0x4D,0xB0,0x63,0x11,0x4D,0xB0,0x63,0x11,0x4D,0xB0,0x63,0x11,0x4D,0xB0,0x63,0x11,0x4D,0xB0,0x63,0x11,0x4D,0xB0,0x63,0x11,0x4D,0xB0,0x63,0x11,0x4D,0xB0,0x63,0x11,0x4D,0xB0,0x63,0x11,0x4D,0xB0,0x63,0x11,0x4D,0xB0,0x63,0x11,0x4D,0xB0,0x63,0x11,0x4D,0xB0,0x63,0x11,0x4D,0xB0,0x63,0x11,0x4D,
    0xB0,0x63,0x11,0x4D,0xB0,0x63,0x11,0x4D,0xB0,0x63,0x11,0x4D,0xB0,0x63,0x11,0x4D,0xB0,0x63,0x11,0x4D,0xB0,0x63,0x11,0x4D,0xB0,0x63,0x11,0x4D,0xB0,0x63,0x11,0x4D,0xB0,0x63,0x11,0x4D,0xB0,0x63,0x11,0x4D,0xB0,0x63,0x11,0x4D,0xB0,0x63,0x11,0x4D,0xB0,0x63,0x11,0x4D,0xB0,0x63,0x11,0x4D,0xB0,0x63,0x11,0x4D,0xB0,0x63,0x11,0x4D,
    0xB0,0x63,0x11,0x4D,0xB0,0x63,0x11,0x4D,0xB0,0x63,0x11,0x4D,0xB0,0x63,0x11,0x4D,0xB0,0x63,0x11,0x4D,0xB0,0x63,0x11,0x4D,0xB0,0x63,0x11,0x4D,0xB0,0x63,0x11,0x4D,0xB0,0x63,0x11,0x4D,0xB0,0x63,0x11,0x4D,0xB0,0x63,0x11,0x4D,0xB0,0x63,0x11,0x4D,0xB0,0x63,0x11,0x4D,0xB0,0x63,0x11,0x4D,0xB0,0x63,0x11,0x4D,0xB0,0x63,0x11,0x4D,
    0xB0,0x63,0x11,0x4D,0xB0,0x63,0x11,0x4D,0xB0,0x63,0x11,0x4D,0xB0,0x63,0x11,0x4D,0xB0,0x63,0x11,0x4D,0xB0,0x63,0x11,0x4D,0xB0,0x63,0x11,0x4D,0xB0,0x63,0x11,0x4D,0xB0,0x63,0x11,0x4D,0xB0,0x63,0x11,0x4D,0xB0,0x63,0x11,0x4D,0xB0,0x63,0x11,0x4D,0xB0,0x63,0x11,0x4D,0xB0,0x63,0x11,0x4D,0xB0,0x63,0x11,0x4D,0xB0,0x63,0x11,0x4D,
    0xB0,0x63,0x11,0x4D,0xB0,0x63,0x11,0x4D,0xB0,0x63,0x11,0x4D,0xB0,0x63,0x11,0x4D,0xB0,0x63,0x11,0x4D,0xB0,0x63,0x11,0x4D,0xB0,0x63,0x11,0x4D,0xB0,0x63,0x11,0x4D,0xB0,0x63,0x11,0x4D,0xB0,0x63,0x11,0x4D,0xB0,0x63,0x11,0x4D,0xB0,0x63,0x11,0x4D,0xB0,0x63,0x11,0x4D,0xB0,0x63,0x11,0x4D,0xB0,0x63,0x11,0x4D,0xB0,0x63,0x11,0x4D,
    0xB0,0x63,0x11,0x4D,0xB0,0x63,0x11,0x4D,0xB0,0x63,0x11,0x4D,0xB0,0x63,0x11,0x4D,0xB0,0x63,0x11,0x4D,0xB0,0x63,0x11,0x4D,0xB0,0x63,0x11,0x4D,0xB0,0x63,0x11,0x4D,0xB0,0x63,0x11,0x4D,0xB0,0x63,0x11,0x4D,0xB0,0x63,0x11,0x4D,0xB0,0x63,0x11,0x4D,0xB0,0x63,0x11,0x4D,0xB0,0x63,0x11,0x4D,0xB0,0x63,0x11,0x4D,0xB0,0x63,0x11,0x4D,
    0xB0,0x63,0x11,0x4D,0xB0,0x63,0x11,0x4D,0xB0,0x63,0x11,0x4D,0xB0,0x63,0x11,0x4D,0xB0,0x63,0x11,0x4D,0xB0,0x63,0x11,0x4D,0xB0,0x63,0x11,0x4D,0xB0,0x63,0x11,0x4D,0xB0,0x63,0x11,0x4D,0xB0,0x63,0x11,0x4D,0xB0,0x63,0x11,0x4D,0xB0,0x63,0x11,0x4D,0xB0,0x63,0x11,0x4D,0xB0,0x63,0x11,0x4D,0xB0,0x63,0x11,0x4D,0xB0,0x63,0x11,0x4D,
    0xB0,0x63,0x11,0x4D,0xB0,0x63,0x11,0x4D,0xB0,0x63,0x11,0x4D,0xB0,0x63,0x11,0x4D,0xB0,0x63,0x11,0x4D,0xB0,0x63,0x11,0x4D,0xB0,0x63,0x11,0x4D,0xB0,0x63,0x11,0x4D,0xB0,0x63,0x11,0x4D,0xB0,0x63,0x11,0x4D,0xB0,0x63,0x11,0x4D,0xB0,0x63,0x11,0x4D,0xB0,0x63,0x11,0x4D,0xB0,0x63,0x11,0x4D,0xB0,0x63,0x11,0x4D,0xB0,0x63,0x11,0x4D,
    0xB0,0x63,0x11,0x4D,0xB0,0x63,0x11,0x4D,0xB0,0x63,0x11,0x4D,0xB0,0x63,0x11,0x4D,0xB0,0x63,0x11,0x4D,0xB0,0x63,0x11,0x4D,0xB0,0x63,0x11,0x4D,0xB0,0x63,0x11,0x4D,0xB0,0x63,0x11,0x4D,0xB0,0x63,0x11,0x4D,0xB0,0x63,0x11,0x4D,0xB0,0x63,0x11,0x4D,0xB0,0x63,0x11,0x4D,0xB0,0x63,0x11,0x4D,0xB0,0x63,0x11,0x4D,0xB0,0x63,0x11,0x4D,
    0xB0,0x63,0x11,0x4D,0xB0,0x63,0x11,0x4D,0xB0,0x63,0x11,0x4D,0xB0,0x63,0x11,0x4D,0xB0,0x63,0x11,0x4D,0xB0,0x63,0x11,0x4D,0xB0,0x63,0x11,0x4D,0xB0,0x63,0x11,0x4D,0xB0,0x63,0x11,0x4D,0xB0,0x63,0x11,0x4D,0xB0,0x63,0x11,0x4D,0xB0,0x63,0x11,0x4D,0xB0,0x63,0x11,0x4D,0xB0,0x63,0x11,0x4D,0xB0,0x63,0x11,0x4D,0xB0,0x63,0x11,0x4D,
    0xB0,0x63,0x11,0x4D,0xB0,0x63,0x11,0x4D,0xB0,0x63,0x11,0x4D,0xB0,0x63,0x11,0x4D,0xB0,0x63,0x11,0x4D,0xB0,0x63,0x11,0x4D,0xB0,0x63,0x11,0x4D,0xB0,0x63,0x11,0x4D,0xB0,0x63,0x11,0x4D,0xB0,0x63,0x11,0x4D,0xB0,0x63,0x11,0x4D,0xB0,0x63,0x11,0x4D,0xB0,0x63,0x11,0x4D,0xB0,0x63,0x11,0x4D,0xB0,0x63,0x11,0x4D,0xB0,0x63,0x11,0x4D,
    0xB0,0x63,0x11,0x4D,0xB0,0x63,0x11,0x4D,0xB0,0x63,0x11,0x4D,0xB0,0x63,0x11,0x4D,0xB0,0x63,0x11,0x4D,0xB0,0x63,0x11,0x4D,0xB0,0x63,0x11,0x4D,0xB0,0x63,0x11,0x4D,0xB0,0x63,0x11,0x4D,0xB0,0x63,0x11,0x4D,0xB0,0x63,0x11,0x4D,0xB0,0x63,0x11,0x4D,0xB0,0x63,0x11,0x4D,0xB0,0x63,0x11,0x4D,0xB0,0x63,0x11,0x4D,0xB0,0x63,0x11,0x4D,
    0xB0,0x63,0x11,0x4D,0xB0,0x63,0x11,0x4D,0xB0,0x63,0x11,0x4D,0xB0,0x63,0x11,0x4D,0xB0,0x63,0x11,0x4D,0xB0,0x63,0x11,0x4D,0xB0,0x63,0x11,0x4D,0xB0,0x63,0x11,0x4D,0xB0,0x63,0x11,0x4D,0xB0,0x63,0x11,0x4D,0xB0,0x63,0x11,0x4D,0xB0,0x63,0x11,0x4D,0xB0,0x63,0x11,0x4D,0xB0,0x63,0x11,0x4D,0xB0,0x63,0x11,0x4D,0xB0,0x63,0x11,0x4D,
    0xB0,0x63,0x11,0x4D,0xB0,0x63,0x11,0x4D,0xB0,0x63,0x11,0x4D,0xB0,0x63,0x11,0x4D,0xB0,0x63,0x11,0x4D,0xB0,0x63,0x11,0x4D,0xB0,0x63,0x11,0x4D,0xB0,0x63,0x11,0x4D,0xB0,0x63,0x11,0x4D,0xB0,0x63,0x11,0x4D,0xB0,0x63,0x11,0x4D,0xB0,0x63,0x11,0x4D,0xB0,0x63,0x11,0x4D,0xB0,0x63,0x11,0x4D,0xB0,0x63,0x11,0x4D,0xB0,0x63,0x11,0x4D,
    0xB0,0x63,0x11,0x4D,0xB0,0x63,0x11,0x4D,0xB0,0x63,0x11,0x4D,0xB0,0x63,0x11,0x4D,0xB0,0x63,0x11,0x4D,0xB0,0x63,0x11,0x4D,0xB0,0x63,0x11,0x4D,0xB0,0x63,0x11,0x4D,0xB0,0x63,0x11,0x4D,0xB0,0x63,0x11,0x4D,0xB0,0x63,0x11,0x4D,0xB0,0x63,0x11,0x4D,0xB0,0x63,0x11,0x4D,0xB0,0x63,0x11,0x4D,0xB0,0x63,0x11,0x4D,0xB0,0x63,0x11,0x4D,
    0xB0,0x63,0x11,0x4D,0xB0,0x63,0x11,0x4D,0xB0,0x63,0x11,0x4D,0xB0,0x63,0x11,0x4D,0xB0,0x63,0x11,0x4D,0xB0,0x63,0x11,0x4D,0xB0,0x63,0x11,0x4D,0xB0,0x63,0x11,0x4D,0xB0,0x63,0x11,0x4D,0xB0,0x63,0x11,0x4D,0xB0,0x63,0x11,0x4D,0xB0,0x63,0x11,0x4D,0xB0,0x63,0x11,0x4D,0xB0,0x63,0x11,0x4D,0xB0,0x63,0x11,0x4D,0xB0,0x63,0x11,0x4D,
    0xB0,0x63,0x11,0x4D,0xB0,0x63,0x11,0x4D,0xB0,0x63,0x11,0x4D,0xB0,0x63,0x11,0x4D,0xB0,0x63,0x11,0x4D,0xB0,0x63,0x11,0x4D,0xB0,0x63,0x11,0x4D,0xB0,0x63,0x11,0x4D,0xB0,0x63,0x11,0x4D,0xB0,0x63,0x11,0x4D,0xB0,0x63,0x11,0x4D,0xB0,0x63,0x11,0x4D,0xB0,0x63,0x11,0x4D,0xB0,0x63,0x11,0x4D,0xB0,0x63,0x11,0x4D,0xB0,0x63,0x11,0x4D,
    0xB0,0x63,0x11,0x4D,0xB0,0x63,0x11,0x4D,0xB0,0x63,0x11,0x4D,0xB0,0x63,0x11,0x4D,0xB0,0x63,0x11,0x4D,0xB0,0x63,0x11,0x4D,0xB0,0x63,0x11,0x4D,0xB0,0x63,0x11,0x4D,0xB0,0x63,0x11,0x4D,0xB0,0x63,0x11,0x4D,0xB0,0x63,0x11,0x4D,0xB0,0x63,0x11,0x4D,0xB0,0x63,0x11,0x4D,0xB0,0x63,0x11,0x4D,0xB0,0x63,0x11,0x4D,0xB0,0x63,0x11,0x4D,
    0xB0,0x63,0x11,0x4D,0xB0,0x63,0x11,0x4D,0xB0,0x63,0x11,0x4D,0xB0,0x63,0x11,0x4D,0xB0,0x63,0x11,0x4D,0xB0,0x63,0x11,0x4D,0xB0,0x63,0x11,0x4D,0xB0,0x63,0x11,0x4D,0xB0,0x63,0x11,0x4D,0xB0,0x63,0x11,0x4D,0xB0,0x63,0x11,0x4D,0xB0,0x63,0x11,0x4D,0xB0,0x63,0x11,0x4D,0xB0,0x63,0x11,0x4D,0xB0,0x63,0x11,0x4D,0xB0,0x63,0x11,0x4D,
    0xB0,0x63,0x11,0x4D,0xB0,0x63,0x11,0x4D,0xB0,0x63,0x11,0x4D,0xB0,0x63,0x11,0x4D,0xB0,0x63,0x11,0x4D,0xB0,0x63,0x11,0x4D,0xB0,0x63,0x11,0x4D,0xB0,0x63,0x11,0x4D,0xB0,0x63,0x11,0x4D,0xB0,0x63,0x11,0x4D,0xB0,0x63,0x11,0x4D,0xB0,0x63,0x11,0x4D,0xB0,0x63,0x11,0x4D,0xB0,0x63,0x11,0x4D,0xB0,0x63,0x11,0x4D,0xB0,0x63,0x11,0x4D,
    0xB0,0x63,0x11,0x4D,0xB0,0x63,0x11,0x4D,0xB0,0x63,0x11,0x4D,0xB0,0x63,0x11,0x4D,0xB0,0x63,0x11,0x4D,0xB0,0x63,0x11,0x4D,0xB0,0x63,0x11,0x4D,0xB0,0x63,0x11,0x4D,0xB0,0x63,0x11,0x4D,0xB0,0x63,0x11,0x4D,0xB0,0x63,0x11,0x4D,0xB0,0x63,0x11,0x4D,0xB0,0x63,0x11,0x4D,0xB0,0x63,0x11,0x4D,0xB0,0x63,0x11,0x4D,0xB0,0x63,0x11,0x4D,
    0xB0,0x63,0x11,0x4D,0xB0,0x63,0x11,0x4D,0xB0,0x63,0x11,0x4D,0xB0,0x63,0x11,0x4D,0xB0,0x63,0x11,0x4D,0xB0,0x63,0x11,0x4D,0xB0,0x63,0x11,0x4D,0xB0,0x63,0x11,0x4D,0xB0,0x63,0x11,0x4D,0xB0,0x63,0x11,0x4D,0xB0,0x63,0x11,0x4D,0xB0,0x63,0x11,0x4D,0xB0,0x63,0x11,0x4D,0xB0,0x63,0x11,0x4D,0xB0,0x63,0x11,0x4D,0xB0,0x63,0x11,0x4D,
    0xB0,0x63,0x11,0x4D,0xB0,0x63,0x11,0x4D,0xB0,0x63,0x11,0x4D,0xB0,0x63,0x11,0x4D,0xB0,0x63,0x11,0x4D,0xB0,0x63,0x11,0x4D,0xB0,0x63,0x11,0x4D,0xB0,0x63,0x11,0x4D,0xB0,0x63,0x11,0x4D,0xB0,0x63,0x11,0x4D,0xB0,0x63,0x11,0x4D,0xB0,0x63,0x11,0x4D,0xB0,0x63,0x11,0x4D,0xB0,0x63,0x11,0x4D,0xB0,0x63,0x11,0x4D,0xB0,0x63,0x11,0x4D,
    0xB0,0x63,0x11,0x4D,0xB0,0x63,0x11,0x4D,0xB0,0x63,0x11,0x4D,0xB0,0x63,0x11,0x4D,0xB0,0x63,0x11,0x4D,0xB0,0x63,0x11,0x4D,0xB0,0x63,0x11,0x4D,0xB0,0x63,0x11,0x4D,0xB0,0x63,0x11,0x4D,0xB0,0x63,0x11,0x4D,0xB0,0x63,0x11,0x4D,0xB0,0x63,0x11,0x4D,0xB0,0x63,0x11,0x4D,0xB0,0x63,0x11,0x4D,0xB0,0x63,0x11,0x4D,0xB0,0x63,0x11,0x4D,
    0xB0,0x63,0x11,0x4D,0xB0,0x63,0x11,0x4D,0xB0,0x63,0x11,0x4D,0xB0,0x63,0x11,0x4D,0xB0,0x63,0x11,0x4D,0xB0,0x63,0x11,0x4D,0xB0,0x63,0x11,0x4D,0xB0,0x63,0x11,0x4D,0xB0,0x63,0x11,0x4D,0xB0,0x63,0x11,0x4D,0xB0,0x63,0x11,0x4D,0xB0,0x63,0x11,0x4D,0xB0,0x63,0x11,0x4D,0xB0,0x63,0x11,0x4D,0xB0,0x63,0x11,0x4D,0xB0,0x63,0x11,0x4D,
    0xB0,0x63,0x11,0x4D,0xB0,0x63,0x11,0x4D,0xB0,0x63,0x11,0x4D,0xB0,0x63,0x11,0x4D,0xB0,0x63,0x11,0x4D,0xB0,0x63,0x11,0x4D,0xB0,0x63,0x11,0x4D,0xB0,0x63,0x11,0x4D,0xB0,0x63,0x11,0x4D,0xB0,0x63,0x11,0x4D,0xB0,0x63,0x11,0x4D,0xB0,0x63,0x11,0x4D,0xB0,0x63,0x11,0x4D,0xB0,0x63,0x11,0x4D,0xB0,0x63,0x11,0x4D,0xB0,0x63,0x11,0x4D,
    0xB0,0x63,0x11,0x4D,0xB0,0x63,0x11,0x4D,0xB0,0x63,0x11,0x4D,0xB0,0x63,0x11,0x4D,0xB0,0x63,0x11,0x4D,0xB0,0x63,0x11,0x4D,0xB0,0x63,0x11,0x4D,0xB0,0x63,0x11,0x4D,0xB0,0x63,0x11,0x4D,0xB0,0x63,0x11,0x4D,0xB0,0x63,0x11,0x4D,0xB0,0x63,0x11,0x4D,0xB0,0x63,0x11,0x4D,0xB0,0x63,0x11,0x4D,0xB0,0x63,0x11,0x4D,0xB0,0x63,0x11,0x4D,
    0xB0,0x63,0x11,0x4D,0xB0,0x63,0x11,0x4D,0xB0,0x63,0x11,0x4D,0xB0,0x63,0x11,0x4D,0xB0,0x63,0x11,0x4D,0xB0,0x63,0x11,0x4D,0xB0,0x63,0x11,0x4D,0xB0,0x63,0x11,0x4D,0xB0,0x63,0x11,0x4D,0xB0,0x63,0x11,0x4D,0xB0,0x63,0x11,0x4D,0xB0,0x63,0x11,0x4D,0xB0,0x63,0x11,0x4D,0xB0,0x63,0x11,0x4D,0xB0,0x63,0x11,0x4D,0xB0,0x63,0x11,0x4D,
    0xB0,0x63,0x11,0x4D,0xB0,0x63,0x11,0x4D,0xB0,0x63,0x11,0x4D,0xB0,0x63,0x11,0x4D,0xB0,0x63,0x11,0x4D,0xB0,0x63,0x11,0x4D,0xB0,0x63,0x11,0x4D,0xB0,0x63,0x11,0x4D,0xB0,0x63,0x11,0x4D,0xB0,0x63,0x11,0x4D,0xB0,0x63,0x11,0x4D,0xB0,0x63,0x11,0x4D,0xB0,0x63,0x11,0x4D,0xB0,0x63,0x11,0x4D,0xB0,0x63,0x11,0x4D,0xB0,0x63,0x11,0x4D,
    0xB0,0x63,0x11,0x4D,0xB0,0x63,0x11,0x4D,0xB0,0x63,0x11,0x4D,0xB0,0x63,0x11,0x4D,0xB0,0x63,0x11,0x4D,0xB0,0x63,0x11,0x4D,0xB0,0x63,0x11,0x4D,0xB0,0x63,0x11,0x4D,0xB0,0x63,0x11,0x4D,0xB0,0x63,0x11,0x4D,0xB0,0x63,0x11,0x4D,0xB0,0x63,0x11,0x4D,0xB0,0x63,0x11,0x4D,0xB0,0x63,0x11,0x4D,0xB0,0x63,0x11,0x4D,0xB0,0x63,0x11,0x4D,
    0xB0,0x63,0x11,0x4D,0xB0,0x63,0x11,0x4D,0xB0,0x63,0x11,0x4D,0xB0,0x63,0x11,0x4D,0xB0,0x63,0x11,0x4D,0xB0,0x63,0x11,0x4D,0xB0,0x63,0x11,0x4D,0xB0,0x63,0x11,0x4D,0xB0,0x63,0x11,0x4D,0xB0,0x63,0x11,0x4D,0xB0,0x63,0x11,0x4D,0xB0,0x63,0x11,0x4D,0xB0,0x63,0x11,0x4D,0xB0,0x63,0x11,0x4D,0xB0,0x63,0x11,0x4D,0xB0,0x63,0x11,0x4D,
    0xB0,0x63,0x11,0x4D,0xB0,0x63,0x11,0x4D,0xB0,0x63,0x11,0x4D,0xB0,0x63,0x11,0x4D,0xB0,0x63,0x11,0x4D,0xB0,0x63,0x11,0x4D,0xB0,0x63,0x11,0x4D,0xB0,0x63,0x11,0x4D,0xB0,0x63,0x11,0x4D,0xB0,0x63,0x11,0x4D,0xB0,0x63,0x11,0x4D,0xB0,0x63,0x11,0x4D,0xB0,0x63,0x11,0x4D,0xB0,0x63,0x11,0x4D,0xB0,0x63,0x11,0x4D,0xB0,0x63,0x11,0x4D,
    0xB0,0x63,0x11,0x4D,0xB0,0x63,0x11,0x4D,0xB0,0x63,0x11,0x4D,0xB0,0x63,0x11,0x4D,0xB0,0x63,0x11,0x4D,0xB0,0x63,0x11,0x4D,0xB0,0x63,0x11,0x4D,0xB0,0x63,0x11,0x4D,0xB0,0x63,0x11,0x4D,0xB0,0x63,0x11,0x4D,0xB0,0x63,0x11,0x4D,0xB0,0x63,0x11,0x4D,0xB0,0x63,0x11,0x4D,0xB0,0x63,0x11,0x4D,0xB0,0x63,0x11,0x4D,0xB0,0x63,0x11,0x4D,
    0xB0,0x63,0x11,0x4D,0xB0,0x63,0x11,0x4D,0xB0,0x63,0x11,0x4D,0xB0,0x63,0x11,0x4D,0xB0,0x63,0x11,0x4D,0xB0,0x63,0x11,0x4D,0xB0,0x63,0x11,0x4D,0xB0,0x63,0x11,0x4D,0xB0,0x63,0x11,0x4D,0xB0,0x63,0x11,0x4D,0xB0,0x63,0x11,0x4D,0xB0,0x63,0x11,0x4D,0xB0,0x63,0x11,0x4D,0xB0,0x63,0x11,0x4D,0xB0,0x63,0x11,0x4D,0xB0,0x63,0x11,0x4D,
    0xB0,0x63,0x11,0x4D,0xB0,0x63,0x11,0x4D,0xB0,0x63,0x11,0x4D,0xB0,0x63,0x11,0x4D,0xB0,0x63,0x11,0x4D,0xB0,0x63,0x11,0x4D,0xB0,0x63,0x11,0x4D,0xB0,0x63,0x11,0x4D,0xB0,0x63,0x11,0x4D,0xB0,0x63,0x11,0x4D,0xB0,0x63,0x11,0x4D,0xB0,0x63,0x11,0x4D,0xB0,0x63,0x11,0x4D,0xB0,0x63,0x11,0x4D,0xB0,0x63,0x11,0x4D,0xB0,0x63,0x11,0x4D,
    0xB0,0x63,0x11,0x4D,0xB0,0x63,0x11,0x4D,0xB0,0x63,0x11,0x4D,0xB0,0x63,0x11,0x4D,0xB0,0x63,0x11,0x4D,0xB0,0x63,0x11,0x4D,0xB0,0x63,0x11,0x4D,0xB0,0x63,0x11,0x4D,0xB0,0x63,0x11,0x4D,0xB0,0x63,0x11,0x4D,0xB0,0x63,0x11,0x4D,0xB0,0x63,0x11,0x4D,0xB0,0x63,0x11,0x4D,0xB0,0x63,0x11,0x4D,0xB0,0x63,0x11,0x4D,0xB0,0x63,0x11,0x4D,
    0xB0,0x63,0x11,0x4D,0xB0,0x63,0x11,0x4D,0xB0,0x63,0x11,0x4D,0xB0,0x63,0x11,0x4D,0xB0,0x63,0x11,0x4D,0xB0,0x63,0x11,0x4D,0xB0,0x63,0x11,0x4D,0xB0,0x63,0x11,0x4D,0xB0,0x63,0x11,0x4D,0xB0,0x63,0x11,0x4D,0xB0,0x63,0x11,0x4D,0xB0,0x63,0x11,0x4D,0xB0,0x63,0x11,0x4D,0xB0,0x63,0x11,0x4D,0xB0,0x63,0x11,0x4D,0xB0,0x63,0x11,0x4D,
    0xB0,0x63,0x11,0x4D,0xB0,0x63,0x11,0x4D,0xB0,0x63,0x11,0x4D,0xB0,0x63,0x11,0x4D,0xB0,0x63,0x11,0x4D,0xB0,0x63,0x11,0x4D,0xB0,0x63,0x11,0x4D,0xB0,0x63,0x11,0x4D,0xB0,0x63,0x11,0x4D,0xB0,0x63,0x11,0x4D,0xB0,0x63,0x11,0x4D,0xB0,0x63,0x11,0x4D,0xB0,0x63,0x11,0x4D,0xB0,0x63,0x11,0x4D,0xB0,0x63,0x11,0x4D,0xB0,0x63,0x11,0x4D,
    0xB0,0x63,0x11,0x4D,0xB0,0x63,0x11,0x4D,0xB0,0x63,0x11,0x4D,0xB0,0x63,0x11,0x4D,0xB0,0x63,0x11,0x4D,0xB0,0x63,0x11,0x4D,0xB0,0x63,0x11,0x4D,0xB0,0x63,0x11,0x4D,0xB0,0x63,0x11,0x4D,0xB0,0x63,0x11,0x4D,0xB0,0x63,0x11,0x4D,0xB0,0x63,0x11,0x4D,0xB0,0x63,0x11,0x4D,0xB0,0x63,0x11,0x4D,0xB0,0x63,0x11,0x4D,0xB0,0x63,0x11,0x4D,
    0xB0,0x63,0x11,0x4D,0xB0,0x63,0x11,0x4D,0xB0,0x63,0x11,0x4D,0xB0,0x63,0x11,0x4D,0xB0,0x63,0x11,0x4D,0xB0,0x63,0x11,0x4D,0xB0,0x63,0x11,0x4D,0xB0,0x63,0x11,0x4D,0xB0,0x63,0x11,0x4D,0xB0,0x63,0x11,0x4D,0xB0,0x63,0x11,0x4D,0xB0,0x63,0x11,0x4D,0xB0,0x63,0x11,0x4D,0xB0,0x63,0x11,0x4D,0xB0,0x63,0x11,0x4D,0xB0,0x63,0x11,0x4D,
    0xB0,0x63,0x11,0x4D,0xB0,0x63,0x11,0x4D,0xB0,0x63,0x11,0x4D,0xB0,0x63,0x11,0x4D,0xB0,0x63,0x11,0x4D,0xB0,0x63,0x11,0x4D,0xB0,0x63,0x11,0x4D,0xB0,0x63,0x11,0x4D,0xB0,0x63,0x11,0x4D,0xB0,0x63,0x11,0x4D,0xB0,0x63,0x11,0x4D,0xB0,0x63,0x11,0x4D,0xB0,0x63,0x11,0x4D,0xB0,0x63,0x11,0x4D,0xB0,0x63,0x11,0x4D,0xB0,0x63,0x11,0x4D,
    0xB0,0x63,0x11,0x4D,0xB0,0x63,0x11,0x4D,0xB0,0x63,0x11,0x4D,0xB0,0x63,0x11,0x4D,0xB0,0x63,0x11,0x4D,0xB0,0x63,0x11,0x4D,0xB0,0x63,0x11,0x4D,0xB0,0x63,0x11,0x4D,0xB0,0x63,0x11,0x4D,0xB0,0x63,0x11,0x4D,0xB0,0x63,0x11,0x4D,0xB0,0x63,0x11,0x4D,0xB0,0x63,0x11,0x4D,0xB0,0x63,0x11,0x4D,0xB0,0x63,0x11,0x4D,0xB0,0x63,0x11,0x4D,
    0xB0,0x63,0x11,0x4D,0xB0,0x63,0x11,0x4D,0xB0,0x63,0x11,0x4D,0xB0,0x63,0x11,0x4D,0xB0,0x63,0x11,0x4D,0xB0,0x63,0x11,0x4D,0xB0,0x63,0x11,0x4D,0xB0,0x63,0x11,0x4D,0xB0,0x63,0x11,0x4D,0xB0,0x63,0x11,0x4D,0xB0,0x63,0x11,0x4D,0xB0,0x63,0x11,0x4D,0xB0,0x63,0x11,0x4D,0xB0,0x63,0x11,0x4D,0xB0,0x63,0x11,0x4D,0xB0,0x63,0x11,0x4D,
    0xB0,0x63,0x11,0x4D,0xB0,0x63,0x11,0x4D,0xB0,0x63,0x11,0x4D,0xB0,0x63,0x11,0x4D,0xB0,0x63,0x11,0x4D,0xB0,0x63,0x11,0x4D,0xB0,0x63,0x11,0x4D,0xB0,0x63,0x11,0x4D,0xB0,0x63,0x11,0x4D,0xB0,0x63,0x11,0x4D,0xB0,0x63,0x11,0x4D,0xB0,0x63,0x11,0x4D,0xB0,0x63,0x11,0x4D,0xB0,0x63,0x11,0x4D,0xB0,0x63,0x11,0x4D,0xB0,0x63,0x11,0x4D,
    0xB0,0x63,0x11,0x4D,0xB0,0x63,0x11,0x4D,0xB0,0x63,0x11,0x4D,0xB0,0x63,0x11,0x4D,0xB0,0x63,0x11,0x4D,0xB0,0x63,0x11,0x4D,0xB0,0x63,0x11,0x4D,0xB0,0x63,0x11,0x4D,0xB0,0x63,0x11,0x4D,0xB0,0x63,0x11,0x4D,0xB0,0x63,0x11,0x4D,0xB0,0x63,0x11,0x4D,0xB0,0x63,0x11,0x4D,0xB0,0x63,0x11,0x4D,0xB0,0x63,0x11,0x4D,0xB0,0x63,0x11,0x4D,
    0xB0,0x63,0x11,0x4D,0xB0,0x63,0x11,0x4D,0xB0,0x63,0x11,0x4D,0xB0,0x63,0x11,0x4D,0xB0,0x63,0x11,0x4D,0xB0,0x63,0x11,0x4D,0xB0,0x63,0x11,0x4D,0xB0,0x63,0x11,0x4D,0xB0,0x63,0x11,0x4D,0xB0,0x63,0x11,0x4D,0xB0,0x63,0x11,0x4D,0xB0,0x63,0x11,0x4D,0xB0,0x63,0x11,0x4D,0xB0,0x63,0x11,0x4D,0xB0,0x63,0x11,0x4D,0xB0,0x63,0x11,0x4D,
    0xB0,0x63,0x11,0x4D,0xB0,0x63,0x11,0x4D,0xB0,0x63,0x11,0x4D,0xB0,0x63,0x11,0x4D,0xB0,0x63,0x11,0x4D,0xB0,0x63,0x11,0x4D,0xB0,0x63,0x11,0x4D,0xB0,0x63,0x11,0x4D,0xB0,0x63,0x11,0x4D,0xB0,0x63,0x11,0x4D,0xB0,0x63,0x11,0x4D,0xB0,0x63,0x11,0x4D,0xB0,0x63,0x11,0x4D,0xB0,0x63,0x11,0x4D,0xB0,0x63,0x11,0x4D,0xB0,0x63,0x11,0x4D,
    0xB0,0x63,0x11,0x4D,0xB0,0x63,0x11,0x4D,0xB0,0x63,0x11,0x4D,0xB0,0x63,0x11,0x4D,0xB0,0x63,0x11,0x4D,0xB0,0x63,0x11,0x4D,0xB0,0x63,0x11,0x4D,0xB0,0x63,0x11,0x4D,0xB0,0x63,0x11,0x4D,0xB0,0x63,0x11,0x4D,0xB0,0x63,0x11,0x4D,0xB0,0x63,0x11,0x4D,0xB0,0x63,0x11,0x4D,0xB0,0x63,0x11,0x4D,0xB0,0x63,0x11,0x4D,0xB0,0x63,0x11,0x4D,
    0xB0,0x63,0x11,0x4D,0xB0,0x63,0x11,0x4D,0xB0,0x63,0x11,0x4D,0xB0,0x63,0x11,0x4D,0xB0,0x63,0x11,0x4D,0xB0,0x63,0x11,0x4D,0xB0,0x63,0x11,0x4D,0xB0,0x63,0x11,0x4D,0xB0,0x63,0x11,0x4D,0xB0,0x63,0x11,0x4D,0xB0,0x63,0x11,0x4D,0xB0,0x63,0x11,0x4D,0xB0,0x63,0x11,0x4D,0xB0,0x63,0x11,0x4D,0xB0,0x63,0x11,0x4D,0xB0,0x63,0x11,0x4D,
    0xB0,0x63,0x11,0x4D,0xB0,0x63,0x11,0x4D,0xB0,0x63,0x11,0x4D,0xB0,0x63,0x11,0x4D,0xB0,0x63,0x11,0x4D,0xB0,0x63,0x11,0x4D,0xB0,0x63,0x11,0x4D,0xB0,0x63,0x11,0x4D,0xB0,0x63,0x11,0x4D,0xB0,0x63,0x11,0x4D,0xB0,0x63,0x11,0x4D,0xB0,0x63,0x11,0x4D,0xB0,0x63,0x11,0x4D,0xB0,0x63,0x11,0x4D,0xB0,0x63,0x11,0x4D,0xB0,0x63,0x11,0x4D,
    0xB0,0x63,0x11,0x4D,0xB0,0x63,0x11,0x4D,0xB0,0x63,0x11,0x4D,0xB0,0x63,0x11,0x4D,0xB0,0x63,0x11,0x4D,0xB0,0x63,0x11,0x4D,0xB0,0x63,0x11,0x4D,0xB0,0x63,0x11,0x4D,0xB0,0x63,0x11,0x4D,0xB0,0x63,0x11,0x4D,0xB0,0x63,0x11,0x4D,0xB0,0x63,0x11,0x4D,0xB0,0x63,0x11,0x4D,0xB0,0x63,0x11,0x4D,0xB0,0x63,0x11,0x4D,0xB0,0x63,0x11,0x4D,
    0xB0,0x63,0x11,0x4D,0xB0,0x63,0x11,0x4D,0xB0,0x63,0x11,0x4D,0xB0,0x63,0x11,0x4D,0xB0,0x63,0x11,0x4D,0xB0,0x63,0x11,0x4D,0xB0,0x63,0x11,0x4D,0xB0,0x63,0x11,0x4D,0xB0,0x63,0x11,0x4D,0xB0,0x63,0x11,0x4D,0xB0,0x63,0x11,0x4D,0xB0,0x63,0x11,0x4D,0xB0,0x63,0x11,0x4D,0xB0,0x63,0x11,0x4D,0xB0,0x63,0x11,0x4D,0xB0,0x63,0x11,0x4D,
    0xB0,0x63,0x11,0x4D,0xB0,0x63,0x11,0x4D,0xB0,0x63,0x11,0x4D,0xB0,0x63,0x11,0x4D,0xB0,0x63,0x11,0x4D,0xB0,0x63,0x11,0x4D,0xB0,0x63,0x11,0x4D,0xB0,0x63,0x11,0x4D,0xB0,0x63,0x11,0x4D,0xB0,0x63,0x11,0x4D,0xB0,0x63,0x11,0x4D,0xB0,0x63,0x11,0x4D,0xB0,0x63,0x11,0x4D,0xB0,0x63,0x11,0x4D,0xB0,0x63,0x11,0x4D,0xB0,0x63,0x11,0x4D,
    0xB0,0x63,0x11,0x4D,0xB0,0x63,0x11,0x4D,0xB0,0x63,0x11,0x4D,0xB0,0x63,0x11,0x4D,0xB0,0x63,0x11,0x4D,0xB0,0x63,0x11,0x4D,0xB0,0x63,0x11,0x4D,0xB0,0x63,0x11,0x4D,0xB0,0x63,0x11,0x4D,0xB0,0x63,0x11,0x4D,0xB0,0x63,0x11,0x4D,0xB0,0x63,0x11,0x4D,0xB0,0x63,0x11,0x4D,0xB0,0x63,0x11,0x4D,0xB0,0x63,0x11,0x4D,0xB0,0x63,0x11,0x4D,
    0xB0,0x63,0x11,0x4D,0xB0,0x63,0x11,0x4D,0xB0,0x63,0x11,0x4D,0xB0,0x63,0x11,0x4D,0xB0,0x63,0x11,0x4D,0xB0,0x63,0x11,0x4D,0xB0,0x63,0x11,0x4D,0xB0,0x63,0x11,0x4D,0xB0,0x63,0x11,0x4D,0xB0,0x63,0x11,0x4D,0xB0,0x63,0x11,0x4D,0xB0,0x63,0x11,0x4D,0xB0,0x63,0x11,0x4D,0xB0,0x63,0x11,0x4D,0xB0,0x63,0x11,0x4D,0xB0,0x63,0x11,0x4D,
    0xB0,0x63,0x11,0x4D,0xB0,0x63,0x11,0x4D,0xB0,0x63,0x11,0x4D,0xB0,0x63,0x11,0x4D,0xB0,0x63,0x11,0x4D,0xB0,0x63,0x11,0x4D,0xB0,0x63,0x11,0x4D,0xB0,0x63,0x11,0x4D,0xB0,0x63,0x11,0x4D,0xB0,0x63,0x11,0x4D,0xB0,0x63,0x11,0x4D,0xB0,0x63,0x11,0x4D,0xB0,0x63,0x11,0x4D,0xB0,0x63,0x11,0x4D,0xB0,0x63,0x11,0x4D,0xB0,0x63,0x11,0x4D,
    0xB0,0x63,0x11,0x4D,0xB0,0x63,0x11,0x4D,0xB0,0x63,0x11,0x4D,0xB0,0x63,0x11,0x4D,0xB0,0x63,0x11,0x4D,0xB0,0x63,0x11,0x4D,0xB0,0x63,0x11,0x4D,0xB0,0x63,0x11,0x4D,0xB0,0x63,0x11,0x4D,0xB0,0x63,0x11,0x4D,0xB0,0x63,0x11,0x4D,0xB0,0x63,0x11,0x4D,0xB0,0x63,0x11,0x4D,0xB0,0x63,0x11,0x4D,0xB0,0x63,0x11,0x4D,0xB0,0x63,0x11,0x4D,
    0xB0,0x63,0x11,0x4D,0xB0,0x63,0x11,0x4D,0xB0,0x63,0x11,0x4D,0xB0,0x63,0x11,0x4D,0xB0,0x63,0x11,0x4D,0xB0,0x63,0x11,0x4D,0xB0,0x63,0x11,0x4D,0xB0,0x63,0x11,0x4D,0xB0,0x63,0x11,0x4D,0xB0,0x63,0x11,0x4D,0xB0,0x63,0x11,0x4D,0xB0,0x63,0x11,0x4D,0xB0,0x63,0x11,0x4D,0xB0,0x63,0x11,0x4D,0xB0,0x63,0x11,0x4D,0xB0,0x63,0x11,0x4D,
    0xB0,0x63,0x11,0x4D,0xB0,0x63,0x11,0x4D,0xB0,0x63,0x11,0x4D,0xB0,0x63,0x11,0x4D,0xB0,0x63,0x11,0x4D,0xB0,0x63,0x11,0x4D,0xB0,0x63,0x11,0x4D,0xB0,0x63,0x11,0x4D,0xB0,0x63,0x11,0x4D,0xB0,0x63,0x11,0x4D,0xB0,0x63,0x11,0x4D,0xB0,0x63,0x11,0x4D,0xB0,0x63,0x11,0x4D,0xB0,0x63,0x11,0x4D,0xB0,0x63,0x11,0x4D,0xB0,0x63,0x11,0x4D,
    0xB0,0x63,0x11,0x4D,0xB0,0x63,0x11,0x4D,0xB0,0x63,0x11,0x4D,0xB0,0x63,0x11,0x4D,0xB0,0x63,0x11,0x4D,0xB0,0x63,0x11,0x4D,0xB0,0x63,0x11,0x4D,0xB0,0x63,0x11,0x4D,0xB0,0x63,0x11,0x4D,0xB0,0x63,0x11,0x4D,0xB0,0x63,0x11,0x4D,0xB0,0x63,0x11,0x4D,0xB0,0x63,0x11,0x4D,0xB0,0x63,0x11,0x4D,0xB0,0x63,0x11,0x4D,0xB0,0x63,0x11,0x4D,
    0xB0,0x63,0x11,0x4D,0xB0,0x63,0x11,0x4D,0xB0,0x63,0x11,0x4D,0xB0,0x63,0x11,0x4D,0xB0,0x63,0x11,0x4D,0xB0,0x63,0x11,0x4D,0xB0,0x63,0x11,0x4D,0xB0,0x63,0x11,0x4D,0xB0,0x63,0x11,0x4D,0xB0,0x63,0x11,0x4D,0xB0,0x63,0x11,0x4D,0xB0,0x63,0x11,0x4D,0xB0,0x63,0x11,0x4D,0xB0,0x63,0x11,0x4D,0xB0,0x63,0x11,0x4D,0xB0,0x63,0x11,0x4D,
    0xB0,0x63,0x11,0x4D,0xB0,0x63,0x11,0x4D,0xB0,0x63,0x11,0x4D,0xB0,0x63,0x11,0x4D,0xB0,0x63,0x11,0x4D,0xB0,0x63,0x11,0x4D,0xB0,0x63,0x11,0x4D,0xB0,0x63,0x11,0x4D,0xB0,0x63,0x11,0x4D,0xB0,0x63,0x11,0x4D,0xB0,0x63,0x11,0x4D,0xB0,0x63,0x11,0x4D,0xB0,0x63,0x11,0x4D,0xB0,0x63,0x11,0x4D,0xB0,0x63,0x11,0x4D,0xB0,0x63,0x11,0x4D,
    0xB0,0x63,0x11,0x4D,0xB0,0x63,0x11,0x4D,0xB0,0x63,0x11,0x4D,0xB0,0x63,0x11,0x4D,0xB0,0x63,0x11,0x4D,0xB0,0x63,0x11,0x4D,0xB0,0x63,0x11,0x4D,0xB0,0x63,0x11,0x4D,0xB0,0x63,0x11,0x4D,0xB0,0x63,0x11,0x4D,0xB0,0x63,0x11,0x4D,0xB0,0x63,0x11,0x4D,0xB0,0x63,0x11,0x4D,0xB0,0x63,0x11,0x4D,0xB0,0x63,0x11,0x4D,0xB0,0x63,0x11,0x4D,
    0xB0,0x63,0x11,0x4D,0xB0,0x63,0x11,0x4D,0xB0,0x63,0x11,0x4D,0xB0,0x63,0x11,0x4D,0xB0,0x63,0x11,0x4D,0xB0,0x63,0x11,0x4D,0xB0,0x63,0x11,0x4D,0xB0,0x63,0x11,0x4D,0xB0,0x63,0x11,0x4D,0xB0,0x63,0x11,0x4D,0xB0,0x63,0x11,0x4D,0xB0,0x63,0x11,0x4D,0xB0,0x63,0x11,0x4D,0xB0,0x63,0x11,0x4D,0xB0,0x63,0x11,0x4D,0xB0,0x63,0x11,0x4D,
    0xB0,0x63,0x11,0x4D,0xB0,0x63,0x11,0x4D,0xB0,0x63,0x11,0x4D,0xB0,0x63,0x11,0x4D,0xB0,0x63,0x11,0x4D,0xB0,0x63,0x11,0x4D,0xB0,0x63,0x11,0x4D,0xB0,0x63,0x11,0x4D,0xB0,0x63,0x11,0x4D,0xB0,0x63,0x11,0x4D,0xB0,0x63,0x11,0x4D,0xB0,0x63,0x11,0x4D,0xB0,0x63,0x11,0x4D,0xB0,0x63,0x11,0x4D,0xB0,0x63,0x11,0x4D,0xB0,0x63,0x11,0x4D,
    0xB0,0x63,0x11,0x4D,0xB0,0x63,0x11,0x4D,0xB0,0x63,0x11,0x4D,0xB0,0x63,0x11,0x4D,0xB0,0x63,0x11,0x4D,0xB0,0x63,0x11,0x4D,0xB0,0x63,0x11,0x4D,0xB0,0x63,0x11,0x4D,0xB0,0x63,0x11,0x4D,0xB0,0x63,0x11,0x4D,0xB0,0x63,0x11,0x4D,0xB0,0x63,0x11,0x4D,0xB0,0x63,0x11,0x4D,0xB0,0x63,0x11,0x4D,0xB0,0x63,0x11,0x4D,0xB0,0x63,0x11,0x4D,
    0xB0,0x63,0x11,0x4D,0xB0,0x63,0x11,0x4D,0xB0,0x63,0x11,0x4D,0xB0,0x63,0x11,0x4D,0xB0,0x63,0x11,0x4D,0xB0,0x63,0x11,0x4D,0xB0,0x63,0x11,0x4D,0xB0,0x63,0x11,0x4D,0xB0,0x63,0x11,0x4D,0xB0,0x63,0x11,0x4D,0xB0,0x63,0x11,0x4D,0xB0,0x63,0x11,0x4D,0xB0,0x63,0x11,0x4D,0xB0,0x63,0x11,0x4D,0xB0,0x63,0x11,0x4D,0xB0,0x63,0x11,0x4D,
    0xB0,0x63,0x11,0x4D,0xB0,0x63,0x11,0x4D,0xB0,0x63,0x11,0x4D,0xB0,0x63,0x11,0x4D,0xB0,0x63,0x11,0x4D,0xB0,0x63,0x11,0x4D,0xB0,0x63,0x11,0x4D,0xB0,0x63,0x11,0x4D,0xB0,0x63,0x11,0x4D,0xB0,0x63,0x11,0x4D,0xB0,0x63,0x11,0x4D,0xB0,0x63,0x11,0x4D,0xB0,0x63,0x11,0x4D,0xB0,0x63,0x11,0x4D,0xB0,0x63,0x11,0x4D,0xB0,0x63,0x11,0x4D,
    0xB0,0x63,0x11,0x4D,0xB0,0x63,0x11,0x4D,0xB0,0x63,0x11,0x4D,0xB0,0x63,0x11,0x4D,0xB0,0x63,0x11,0x4D,0xB0,0x63,0x11,0x4D,0xB0,0x63,0x11,0x4D,0xB0,0x63,0x11,0x4D,0xB0,0x63,0x11,0x4D,0xB0,0x63,0x11,0x4D,0xB0,0x63,0x11,0x4D,0xB0,0x63,0x11,0x4D,0xB0,0x63,0x11,0x4D,0xB0,0x63,0x11,0x4D,0xB0,0x63,0x11,0x4D,0xB0,0x63,0x11,0x4D,
    0xB0,0x63,0x11,0x4D,0xB0,0x63,0x11,0x4D,0xB0,0x63,0x11,0x4D,0xB0,0x63,0x11,0x4D,0xB0,0x63,0x11,0x4D,0xB0,0x63,0x11,0x4D,0xB0,0x63,0x11,0x4D,0xB0,0x63,0x11,0x4D,0xB0,0x63,0x11,0x4D,0xB0,0x63,0x11,0x4D,0xB0,0x63,0x11,0x4D,0xB0,0x63,0x11,0x4D,0xB0,0x63,0x11,0x4D,0xB0,0x63,0x11,0x4D,0xB0,0x63,0x11,0x4D,0xB0,0x63,0x11,0x4D,
    0xB0,0x63,0x11,0x4D,0xB0,0x63,0x11,0x4D,0xB0,0x63,0x11,0x4D,0xB0,0x63,0x11,0x4D,0xB0,0x63,0x11,0x4D,0xB0,0x63,0x11,0x4D,0xB0,0x63,0x11,0x4D,0xB0,0x63,0x11,0x4D,0xB0,0x63,0x11,0x4D,0xB0,0x63,0x11,0x4D,0xB0,0x63,0x11,0x4D,0xB0,0x63,0x11,0x4D,0xB0,0x63,0x11,0x4D,0xB0,0x63,0x11,0x4D,0xB0,0x63,0x11,0x4D,0xB0,0x63,0x11,0x4D,
    0xB0,0x63,0x11,0x4D,0xB0,0x63,0x11,0x4D,0xB0,0x63,0x11,0x4D,0xB0,0x63,0x11,0x4D,0xB0,0x63,0x11,0x4D,0xB0,0x63,0x11,0x4D,0xB0,0x63,0x11,0x4D,0xB0,0x63,0x11,0x4D,0xB0,0x63,0x11,0x4D,0xB0,0x63,0x11,0x4D,0xB0,0x63,0x11,0x4D,0xB0,0x63,0x11,0x4D,0xB0,0x63,0x11,0x4D,0xB0,0x63,0x11,0x4D,0xB0,0x63,0x11,0x4D,0xB0,0x63,0x11,0x4D,
    0xB0,0x63,0x11,0x4D,0xB0,0x63,0x11,0x4D,0xB0,0x63,0x11,0x4D,0xB0,0x63,0x11,0x4D,0xB0,0x63,0x11,0x4D,0xB0,0x63,0x11,0x4D,0xB0,0x63,0x11,0x4D,0xB0,0x63,0x11,0x4D,0xB0,0x63,0x11,0x4D,0xB0,0x63,0x11,0x4D,0xB0,0x63,0x11,0x4D,0xB0,0x63,0x11,0x4D,0xB0,0x63,0x11,0x4D,0xB0,0x63,0x11,0x4D,0xB0,0x63,0x11,0x4D,0xB0,0x63,0x11,0x4D,
    0xB0,0x63,0x11,0x4D,0xB0,0x63,0x11,0x4D,0xB0,0x63,0x11,0x4D,0xB0,0x63,0x11,0x4D,0xB0,0x63,0x11,0x4D,0xB0,0x63,0x11,0x4D,0xB0,0x63,0x11,0x4D,0xB0,0x63,0x11,0x4D,0xB0,0x63,0x11,0x4D,0xB0,0x63,0x11,0x4D,0xB0,0x63,0x11,0x4D,0xB0,0x63,0x11,0x4D,0xB0,0x63,0x11,0x4D,0xB0,0x63,0x11,0x4D,0xB0,0x63,0x11,0x4D,0xB0,0x63,0x11,0x4D,
    0xB0,0x63,0x11,0x4D,0xB0,0x63,0x11,0x4D,0xB0,0x63,0x11,0x4D,0xB0,0x63,0x11,0x4D,0xB0,0x63,0x11,0x4D,0xB0,0x63,0x11,0x4D,0xB0,0x63,0x11,0x4D,0xB0,0x63,0x11,0x4D,0xB0,0x63,0x11,0x4D,0xB0,0x63,0x11,0x4D,0xB0,0x63,0x11,0x4D,0xB0,0x63,0x11,0x4D,0xB0,0x63,0x11,0x4D,0xB0,0x63,0x11,0x4D,0xB0,0x63,0x11,0x4D,0xB0,0x63,0x11,0x4D,
    0xB0,0x63,0x11,0x4D,0xB0,0x63,0x11,0x4D,0xB0,0x63,0x11,0x4D,0xB0,0x63,0x11,0x4D,0xB0,0x63,0x11,0x4D,0xB0,0x63,0x11,0x4D,0xB0,0x63,0x11,0x4D,0xB0,0x63,0x11,0x4D,0xB0,0x63,0x11,0x4D,0xB0,0x63,0x11,0x4D,0xB0,0x63,0x11,0x4D,0xB0,0x63,0x11,0x4D,0xB0,0x63,0x11,0x4D,0xB0,0x63,0x11,0x4D,0xB0,0x63,0x11,0x4D,0xB0,0x63,0x11,0x4D,
    0xB0,0x63,0x11,0x4D,0xB0,0x63,0x11,0x4D,0xB0,0x63,0x11,0x4D,0xB0,0x63,0x11,0x4D,0xB0,0x63,0x11,0x4D,0xB0,0x63,0x11,0x4D,0xB0,0x63,0x11,0x4D,0xB0,0x63,0x11,0x4D,0xB0,0x63,0x11,0x4D,0xB0,0x63,0x11,0x4D,0xB0,0x63,0x11,0x4D,0xB0,0x63,0x11,0x4D,0xB0,0x63,0x11,0x4D,0xB0,0x63,0x11,0x4D,0xB0,0x63,0x11,0x4D,0xB0,0x63,0x11,0x4D,
    0xB0,0x63,0x11,0x4D,0xB0,0x63,0x11,0x4D,0xB0,0x63,0x11,0x4D,0xB0,0x63,0x11,0x4D,0xB0,0x63,0x11,0x4D,0xB0,0x63,0x11,0x4D,0xB0,0x63,0x11,0x4D,0xB0,0x63,0x11,0x4D,0xB0,0x63,0x11,0x4D,0xB0,0x63,0x11,0x4D,0xB0,0x63,0x11,0x4D,0xB0,0x63,0x11,0x4D,0xB0,0x63,0x11,0x4D,0xB0,0x63,0x11,0x4D,0xB0,0x63,0x11,0x4D,0xB0,0x63,0x11,0x4D,
    0xB0,0x63,0x11,0x4D,0xB0,0x63,0x11,0x4D,0xB0,0x63,0x11,0x4D,0xB0,0x63,0x11,0x4D,0xB0,0x63,0x11,0x4D,0xB0,0x63,0x11,0x4D,0xB0,0x63,0x11,0x4D,0xB0,0x63,0x11,0x4D,0xB0,0x63,0x11,0x4D,0xB0,0x63,0x11,0x4D,0xB0,0x63,0x11,0x4D,0xB0,0x63,0x11,0x4D,0xB0,0x63,0x11,0x4D,0xB0,0x63,0x11,0x4D,0xB0,0x63,0x11,0x4D,0xB0,0x63,0x11,0x4D,
    0xB0,0x63,0x11,0x4D,0xB0,0x63,0x11,0x4D,0xB0,0x63,0x11,0x4D,0xB0,0x63,0x11,0x4D,0xB0,0x63,0x11,0x4D,0xB0,0x63,0x11,0x4D,0xB0,0x63,0x11,0x4D,0xB0,0x63,0x11,0x4D,0xB0,0x63,0x11,0x4D,0xB0,0x63,0x11,0x4D,0xB0,0x63,0x11,0x4D,0xB0,0x63,0x11,0x4D,0xB0,0x63,0x11,0x4D,0xB0,0x63,0x11,0x4D,0xB0,0x63,0x11,0x4D,0xB0,0x63,0x11,0x4D,
    0xB0,0x63,0x11,0x4D,0xB0,0x63,0x11,0x4D,0xB0,0x63,0x11,0x4D,0xB0,0x63,0x11,0x4D,0xB0,0x63,0x11,0x4D,0xB0,0x63,0x11,0x4D,0xB0,0x63,0x11,0x4D,0xB0,0x63,0x11,0x4D,0xB0,0x63,0x11,0x4D,0xB0,0x63,0x11,0x4D,0xB0,0x63,0x11,0x4D,0xB0,0x63,0x11,0x4D,0xB0,0x63,0x11,0x4D,0xB0,0x63,0x11,0x4D,0xB0,0x63,0x11,0x4D,0xB0,0x63,0x11,0x4D,
    0xB0,0x63,0x11,0x4D,0xB0,0x63,0x11,0x4D,0xB0,0x63,0x11,0x4D,0xB0,0x63,0x11,0x4D,0xB0,0x63,0x11,0x4D,0xB0,0x63,0x11,0x4D,0xB0,0x63,0x11,0x4D,0xB0,0x63,0x11,0x4D,0xB0,0x63,0x11,0x4D,0xB0,0x63,0x11,0x4D,0xB0,0x63,0x11,0x4D,0xB0,0x63,0x11,0x4D,0xB0,0x63,0x11,0x4D,0xB0,0x63,0x11,0x4D,0xB0,0x63,0x11,0x4D,0xB0,0x63,0x11,0x4D,
    0xB0,0x63,0x11,0x4D,0xB0,0x63,0x11,0x4D,0xB0,0x63,0x11,0x4D,0xB0,0x63,0x11,0x4D,0xB0,0x63,0x11,0x4D,0xB0,0x63,0x11,0x4D,0xB0,0x63,0x11,0x4D,0xB0,0x63,0x11,0x4D,0xB0,0x63,0x11,0x4D,0xB0,0x63,0x11,0x4D,0xB0,0x63,0x11,0x4D,0xB0,0x63,0x11,0x4D,0xB0,0x63,0x11,0x4D,0xB0,0x63,0x11,0x4D,0xB0,0x63,0x11,0x4D,0xB0,0x63,0x11,0x4D,
    0xB0,0x63,0x11,0x4D,0xB0,0x63,0x11,0x4D,0xB0,0x63,0x11,0x4D,0xB0,0x63,0x11,0x4D,0xB0,0x63,0x11,0x4D,0xB0,0x63,0x11,0x4D,0xB0,0x63,0x11,0x4D,0xB0,0x63,0x11,0x4D,0xB0,0x63,0x11,0x4D,0xB0,0x63,0x11,0x4D,0xB0,0x63,0x11,0x4D,0xB0,0x63,0x11,0x4D,0xB0,0x63,0x11,0x4D,0xB0,0x63,0x11,0x4D,0xB0,0x63,0x11,0x4D,0xB0,0x63,0x11,0x4D,
    0xB0,0x63,0x11,0x4D,0xB0,0x63,0x11,0x4D,0xB0,0x63,0x11,0x4D,0xB0,0x63,0x11,0x4D,0xB0,0x63,0x11,0x4D,0xB0,0x63,0x11,0x4D,0xB0,0x63,0x11,0x4D,0xB0,0x63,0x11,0x4D,0xB0,0x63,0x11,0x4D,0xB0,0x63,0x11,0x4D,0xB0,0x63,0x11,0x4D,0xB0,0x63,0x11,0x4D,0xB0,0x63,0x11,0x4D,0xB0,0x63,0x11,0x4D,0xB0,0x63,0x11,0x4D,0xB0,0x63,0x11,0x4D,
    0xB0,0x63,0x11,0x4D,0xB0,0x63,0x11,0x4D,0xB0,0x63,0x11,0x4D,0xB0,0x63,0x11,0x4D,0xB0,0x63,0x11,0x4D,0xB0,0x63,0x11,0x4D,0xB0,0x63,0x11,0x4D,0xB0,0x63,0x11,0x4D,0xB0,0x63,0x11,0x4D,0xB0,0x63,0x11,0x4D,0xB0,0x63,0x11,0x4D,0xB0,0x63,0x11,0x4D,0xB0,0x63,0x11,0x4D,0xB0,0x63,0x11,0x4D,0xB0,0x63,0x11,0x4D,0xB0,0x63,0x11,0x4D,
    0xB0,0x63,0x11,0x4D,0xB0,0x63,0x11,0x4D,0xB0,0x63,0x11,0x4D,0xB0,0x63,0x11,0x4D,0xB0,0x63,0x11,0x4D,0xB0,0x63,0x11,0x4D,0xB0,0x63,0x11,0x4D,0xB0,0x63,0x11,0x4D,0xB0,0x63,0x11,0x4D,0xB0,0x63,0x11,0x4D,0xB0,0x63,0x11,0x4D,0xB0,0x63,0x11,0x4D,0xB0,0x63,0x11,0x4D,0xB0,0x63,0x11,0x4D,0xB0,0x63,0x11,0x4D,0xB0,0x63,0x11,0x4D,
    0xB0,0x63,0x11,0x4D,0xB0,0x63,0x11,0x4D,0xB0,0x63,0x11,0x4D,0xB0,0x63,0x11,0x4D,0xB0,0x63,0x11,0x4D,0xB0,0x63,0x11,0x4D,0xB0,0x63,0x11,0x4D,0xB0,0x63,0x11,0x4D,0xB0,0x63,0x11,0x4D,0xB0,0x63,0x11,0x4D,0xB0,0x63,0x11,0x4D,0xB0,0x63,0x11,0x4D,0xB0,0x63,0x11,0x4D,0xB0,0x63,0x11,0x4D,0xB0,0x63,0x11,0x4D,0xB0,0x63,0x11,0x4D,
    0xB0,0x63,0x11,0x4D,0xB0,0x63,0x11,0x4D,0xB0,0x63,0x11,0x4D,0xB0,0x63,0x11,0x4D,0xB0,0x63,0x11,0x4D,0xB0,0x63,0x11,0x4D,0xB0,0x63,0x11,0x4D,0xB0,0x63,0x11,0x4D,0xB0,0x63,0x11,0x4D,0xB0,0x63,0x11,0x4D,0xB0,0x63,0x11,0x4D,0xB0,0x63,0x11,0x4D,0xB0,0x63,0x11,0x4D,0xB0,0x63,0x11,0x4D,0xB0,0x63,0x11,0x4D,0xB0,0x63,0x11,0x4D,
    0xB0,0x63,0x11,0x4D,0xB0,0x63,0x11,0x4D,0xB0,0x63,0x11,0x4D,0xB0,0x63,0x11,0x4D,0xB0,0x63,0x11,0x4D,0xB0,0x63,0x11,0x4D,0xB0,0x63,0x11,0x4D,0xB0,0x63,0x11,0x4D,0xB0,0x63,0x11,0x4D,0xB0,0x63,0x11,0x4D,0xB0,0x63,0x11,0x4D,0xB0,0x63,0x11,0x4D,0xB0,0x63,0x11,0x4D,0xB0,0x63,0x11,0x4D,0xB0,0x63,0x11,0x4D,0xB0,0x63,0x11,0x4D,
    0xB0,0x63,0x11,0x4D,0xB0,0x63,0x11,0x4D,0xB0,0x63,0x11,0x4D,0xB0,0x63,0x11,0x4D,0xB0,0x63,0x11,0x4D,0xB0,0x63,0x11,0x4D,0xB0,0x63,0x11,0x4D,0xB0,0x63,0x11,0x4D,0xB0,0x63,0x11,0x4D,0xB0,0x63,0x11,0x4D,0xB0,0x63,0x11,0x4D,0xB0,0x63,0x11,0x4D,0xB0,0x63,0x11,0x4D,0xB0,0x63,0x11,0x4D,0xB0,0x63,0x11,0x4D,0xB0,0x63,0x11,0x4D,
    0xB0,0x63,0x11,0x4D,0xB0,0x63,0x11,0x4D,0xB0,0x63,0x11,0x4D,0xB0,0x63,0x11,0x4D,0xB0,0x63,0x11,0x4D,0xB0,0x63,0x11,0x4D,0xB0,0x63,0x11,0x4D,0xB0,0x63,0x11,0x4D,0xB0,0x63,0x11,0x4D,0xB0,0x63,0x11,0x4D,0xB0,0x63,0x11,0x4D,0xB0,0x63,0x11,0x4D,0xB0,0x63,0x11,0x4D,0xB0,0x63,0x11,0x4D,0xB0,0x63,0x11,0x4D,0xB0,0x63,0x11,0x4D,
    0xB0,0x63,0x11,0x4D,0xB0,0x63,0x11,0x4D,0xB0,0x63,0x11,0x4D,0xB0,0x63,0x11,0x4D,0xB0,0x63,0x11,0x4D,0xB0,0x63,0x11,0x4D,0xB0,0x63,0x11,0x4D,0xB0,0x63,0x11,0x4D,0xB0,0x63,0x11,0x4D,0xB0,0x63,0x11,0x4D,0xB0,0x63,0x11,0x4D,0xB0,0x63,0x11,0x4D,0xB0,0x63,0x11,0x4D,0xB0,0x63,0x11,0x4D,0xB0,0x63,0x11,0x4D,0xB0,0x63,0x11,0x4D,
    0xB0,0x63,0x11,0x4D,0xB0,0x63,0x11,0x4D,0xB0,0x63,0x11,0x4D,0xB0,0x63,0x11,0x4D,0xB0,0x63,0x11,0x4D,0xB0,0x63,0x11,0x4D,0xB0,0x63,0x11,0x4D,0xB0,0x63,0x11,0x4D,0xB0,0x63,0x11,0x4D,0xB0,0x63,0x11,0x4D,0xB0,0x63,0x11,0x4D,0xB0,0x63,0x11,0x4D,0xB0,0x63,0x11,0x4D,0xB0,0x63,0x11,0x4D,0xB0,0x63,0x11,0x4D,0xB0,0x63,0x11,0x4D,
    0xB0,0x63,0x11,0x4D,0xB0,0x63,0x11,0x4D,0xB0,0x63,0x11,0x4D,0xB0,0x63,0x11,0x4D,0xB0,0x63,0x11,0x4D,0xB0,0x63,0x11,0x4D,0xB0,0x63,0x11,0x4D,0xB0,0x63,0x11,0x4D,0xB0,0x63,0x11,0x4D,0xB0,0x63,0x11,0x4D,0xB0,0x63,0x11,0x4D,0xB0,0x63,0x11,0x4D,0xB0,0x63,0x11,0x4D,0xB0,0x63,0x11,0x4D,0xB0,0x63,0x11,0x4D,0xB0,0x63,0x11,0x4D,
    0xB0,0x63,0x11,0x4D,0xB0,0x63,0x11,0x4D,0xB0,0x63,0x11,0x4D,0xB0,0x63,0x11,0x4D,0xB0,0x63,0x11,0x4D,0xB0,0x63,0x11,0x4D,0xB0,0x63,0x11,0x4D,0xB0,0x63,0x11,0x4D,0xB0,0x63,0x11,0x4D,0xB0,0x63,0x11,0x4D,0xB0,0x63,0x11,0x4D,0xB0,0x63,0x11,0x4D,0xB0,0x63,0x11,0x4D,0xB0,0x63,0x11,0x4D,0xB0,0x63,0x11,0x4D,0xB0,0x63,0x11,0x4D,
    0xB0,0x63,0x11,0x4D,0xB0,0x63,0x11,0x4D,0xB0,0x63,0x11,0x4D,0xB0,0x63,0x11,0x4D,0xB0,0x63,0x11,0x4D,0xB0,0x63,0x11,0x4D,0xB0,0x63,0x11,0x4D,0xB0,0x63,0x11,0x4D,0xB0,0x63,0x11,0x4D,0xB0,0x63,0x11,0x4D,0xB0,0x63,0x11,0x4D,0xB0,0x63,0x11,0x4D,0xB0,0x63,0x11,0x4D,0xB0,0x63,0x11,0x4D,0xB0,0x63,0x11,0x4D,0xB0,0x63,0x11,0x4D,
    0xB0,0x63,0x11,0x4D,0xB0,0x63,0x11,0x4D,0xB0,0x63,0x11,0x4D,0xB0,0x63,0x11,0x4D,0xB0,0x63,0x11,0x4D,0xB0,0x63,0x11,0x4D,0xB0,0x63,0x11,0x4D,0xB0,0x63,0x11,0x4D,0xB0,0x63,0x11,0x4D,0xB0,0x63,0x11,0x4D,0xB0,0x63,0x11,0x4D,0xB0,0x63,0x11,0x4D,0xB0,0x63,0x11,0x4D,0xB0,0x63,0x11,0x4D,0xB0,0x63,0x11,0x4D,0xB0,0x63,0x11,0x4D,
    0xB0,0x63,0x11,0x4D,0xB0,0x63,0x11,0x4D,0xB0,0x63,0x11,0x4D,0xB0,0x63,0x11,0x4D,0xB0,0x63,0x11,0x4D,0xB0,0x63,0x11,0x4D,0xB0,0x63,0x11,0x4D,0xB0,0x63,0x11,0x4D,0xB0,0x63,0x11,0x4D,0xB0,0x63,0x11,0x4D,0xB0,0x63,0x11,0x4D,0xB0,0x63,0x11,0x4D,0xB0,0x63,0x11,0x4D,0xB0,0x63,0x11,0x4D,0xB0,0x63,0x11,0x4D,0xB0,0x63,0x11,0x4D,
    0xB0,0x63,0x11,0x4D,0xB0,0x63,0x11,0x4D,0xB0,0x63,0x11,0x4D,0xB0,0x63,0x11,0x4D,0xB0,0x63,0x11,0x4D,0xB0,0x63,0x11,0x4D,0xB0,0x63,0x11,0x4D,0xB0,0x63,0x11,0x4D,0xB0,0x63,0x11,0x4D,0xB0,0x63,0x11,0x4D,0xB0,0x63,0x11,0x4D,0xB0,0x63,0x11,0x4D,0xB0,0x63,0x11,0x4D,0xB0,0x63,0x11,0x4D,0xB0,0x63,0x11,0x4D,0xB0,0x63,0x11,0x4D,
    0xB0,0x63,0x11,0x4D,0xB0,0x63,0x11,0x4D,0xB0,0x63,0x11,0x4D,0xB0,0x63,0x11,0x4D,0xB0,0x63,0x11,0x4D,0xB0,0x63,0x11,0x4D,0xB0,0x63,0x11,0x4D,0xB0,0x63,0x11,0x4D,0xB0,0x63,0x11,0x4D,0xB0,0x63,0x11,0x4D,0xB0,0x63,0x11,0x4D,0xB0,0x63,0x11,0x4D,0xB0,0x63,0x11,0x4D,0xB0,0x63,0x11,0x4D,0xB0,0x63,0x11,0x4D,0xB0,0x63,0x11,0x4D,
    0xB0,0x63,0x11,0x4D,0xB0,0x63,0x11,0x4D,0xB0,0x63,0x11,0x4D,0xB0,0x63,0x11,0x4D,0xB0,0x63,0x11,0x4D,0xB0,0x63,0x11,0x4D,0xB0,0x63,0x11,0x4D,0xB0,0x63,0x11,0x4D,0xB0,0x63,0x11,0x4D,0xB0,0x63,0x11,0x4D,0xB0,0x63,0x11,0x4D,0xB0,0x63,0x11,0x4D,0xB0,0x63,0x11,0x4D,0xB0,0x63,0x11,0x4D,0xB0,0x63,0x11,0x4D,0xB0,0x63,0x11,0x4D,
    0xB0,0x63,0x11,0x4D,0xB0,0x63,0x11,0x4D,0xB0,0x63,0x11,0x4D,0xB0,0x63,0x11,0x4D,0xB0,0x63,0x11,0x4D,0xB0,0x63,0x11,0x4D,0xB0,0x63,0x11,0x4D,0xB0,0x63,0x11,0x4D,0xB0,0x63,0x11,0x4D,0xB0,0x63,0x11,0x4D,0xB0,0x63,0x11,0x4D,0xB0,0x63,0x11,0x4D,0xB0,0x63,0x11,0x4D,0xB0,0x63,0x11,0x4D,0xB0,0x63,0x11,0x4D,0xB0,0x63,0x11,0x4D,
    0xB0,0x63,0x11,0x4D,0xB0,0x63,0x11,0x4D,0xB0,0x63,0x11,0x4D,0xB0,0x63,0x11,0x4D,0xB0,0x63,0x11,0x4D,0xB0,0x63,0x11,0x4D,0xB0,0x63,0x11,0x4D,0xB0,0x63,0x11,0x4D,0xB0,0x63,0x11,0x4D,0xB0,0x63,0x11,0x4D,0xB0,0x63,0x11,0x4D,0xB0,0x63,0x11,0x4D,0xB0,0x63,0x11,0x4D,0xB0,0x63,0x11,0x4D,0xB0,0x63,0x11,0x4D,0xB0,0x63,0x11,0x4D,
    0xB0,0x63,0x11,0x4D,0xB0,0x63,0x11,0x4D,0xB0,0x63,0x11,0x4D,0xB0,0x63,0x11,0x4D,0xB0,0x63,0x11,0x4D,0xB0,0x63,0x11,0x4D,0xB0,0x63,0x11,0x4D,0xB0,0x63,0x11,0x4D,0xB0,0x63,0x11,0x4D,0xB0,0x63,0x11,0x4D,0xB0,0x63,0x11,0x4D,0xB0,0x63,0x11,0x4D,0xB0,0x63,0x11,0x4D,0xB0,0x63,0x11,0x4D,0xB0,0x63,0x11,0x4D,0xB0,0x63,0x11,0x4D,
    0xB0,0x63,0x11,0x4D,0xB0,0x63,0x11,0x4D,0xB0,0x63,0x11,0x4D,0xB0,0x63,0x11,0x4D,0xB0,0x63,0x11,0x4D,0xB0,0x63,0x11,0x4D,0xB0,0x63,0x11,0x4D,0xB0,0x63,0x11,0x4D,0xB0,0x63,0x11,0x4D,0xB0,0x63,0x11,0x4D,0xB0,0x63,0x11,0x4D,0xB0,0x63,0x11,0x4D,0xB0,0x63,0x11,0x4D,0xB0,0x63,0x11,0x4D,0xB0,0x63,0x11,0x4D,0xB0,0x63,0x11,0x4D,
    0xB0,0x63,0x11,0x4D,0xB0,0x63,0x11,0x4D,0xB0,0x63,0x11,0x4D,0xB0,0x63,0x11,0x4D,0xB0,0x63,0x11,0x4D,0xB0,0x63,0x11,0x4D,0xB0,0x63,0x11,0x4D,0xB0,0x63,0x11,0x4D,0xB0,0x63,0x11,0x4D,0xB0,0x63,0x11,0x4D,0xB0,0x63,0x11,0x4D,0xB0,0x63,0x11,0x4D,0xB0,0x63,0x11,0x4D,0xB0,0x63,0x11,0x4D,0xB0,0x63,0x11,0x4D,0xB0,0x63,0x11,0x4D,
    0xB0,0x63,0x11,0x4D,0xB0,0x63,0x11,0x4D,0xB0,0x63,0x11,0x4D,0xB0,0x63,0x11,0x4D,0xB0,0x63,0x11,0x4D,0xB0,0x63,0x11,0x4D,0xB0,0x63,0x11,0x4D,0xB0,0x63,0x11,0x4D,0xB0,0x63,0x11,0x4D,0xB0,0x63,0x11,0x4D,0xB0,0x63,0x11,0x4D,0xB0,0x63,0x11,0x4D,0xB0,0x63,0x11,0x4D,0xB0,0x63,0x11,0x4D,0xB0,0x63,0x11,0x4D,0xB0,0x63,0x11,0x4D,
    0xB0,0x63,0x11,0x4D,0xB0,0x63,0x11,0x4D,0xB0,0x63,0x11,0x4D,0xB0,0x63,0x11,0x4D,0xB0,0x63,0x11,0x4D,0xB0,0x63,0x11,0x4D,0xB0,0x63,0x11,0x4D,0xB0,0x63,0x11,0x4D,0xB0,0x63,0x11,0x4D,0xB0,0x63,0x11,0x4D,0xB0,0x63,0x11,0x4D,0xB0,0x63,0x11,0x4D,0xB0,0x63,0x11,0x4D,0xB0,0x63,0x11,0x4D,0xB0,0x63,0x11,0x4D,0xB0,0x63,0x11,0x4D,
    0xB0,0x63,0x11,0x4D,0xB0,0x63,0x11,0x4D,0xB0,0x63,0x11,0x4D,0xB0,0x63,0x11,0x4D,0xB0,0x63,0x11,0x4D,0xB0,0x63,0x11,0x4D,0xB0,0x63,0x11,0x4D,0xB0,0x63,0x11,0x4D,0xB0,0x63,0x11,0x4D,0xB0,0x63,0x11,0x4D,0xB0,0x63,0x11,0x4D,0xB0,0x63,0x11,0x4D,0xB0,0x63,0x11,0x4D,0xB0,0x63,0x11,0x4D,0xB0,0x63,0x11,0x4D,0xB0,0x63,0x11,0x4D,
    0xB0,0x63,0x11,0x4D,0xB0,0x63,0x11,0x4D,0xB0,0x63,0x11,0x4D,0xB0,0x63,0x11,0x4D,0xB0,0x63,0x11,0x4D,0xB0,0x63,0x11,0x4D,0xB0,0x63,0x11,0x4D,0xB0,0x63,0x11,0x4D,0xB0,0x63,0x11,0x4D,0xB0,0x63,0x11,0x4D,0xB0,0x63,0x11,0x4D,0xB0,0x63,0x11,0x4D,0xB0,0x63,0x11,0x4D,0xB0,0x63,0x11,0x4D,0xB0,0x63,0x11,0x4D,0xB0,0x63,0x11,0x4D,
    0xB0,0x63,0x11,0x4D,0xB0,0x63,0x11,0x4D,0xB0,0x63,0x11,0x4D,0xB0,0x63,0x11,0x4D,0xB0,0x63,0x11,0x4D,0xB0,0x63,0x11,0x4D,0xB0,0x63,0x11,0x4D,0xB0,0x63,0x11,0x4D,0xB0,0x63,0x11,0x4D,0xB0,0x63,0x11,0x4D,0xB0,0x63,0x11,0x4D,0xB0,0x63,0x11,0x4D,0xB0,0x63,0x11,0x4D,0xB0,0x63,0x11,0x4D,0xB0,0x63,0x11,0x4D,0xB0,0x63,0x11,0x4D,
    0xB0,0x63,0x11,0x4D,0xB0,0x63,0x11,0x4D,0xB0,0x63,0x11,0x4D,0xB0,0x63,0x11,0x4D,0xB0,0x63,0x11,0x4D,0xB0,0x63,0x11,0x4D,0xB0,0x63,0x11,0x4D,0xB0,0x63,0x11,0x4D,0xB0,0x63,0x11,0x4D,0xB0,0x63,0x11,0x4D,0xB0,0x63,0x11,0x4D,0xB0,0x63,0x11,0x4D,0xB0,0x63,0x11,0x4D,0xB0,0x63,0x11,0x4D,0xB0,0x63,0x11,0x4D,0xB0,0x63,0x11,0x4D,
    0xB0,0x63,0x11,0x4D,0xB0,0x63,0x11,0x4D,0xB0,0x63,0x11,0x4D,0xB0,0x63,0x11,0x4D,0xB0,0x63,0x11,0x4D,0xB0,0x63,0x11,0x4D,0xB0,0x63,0x11,0x4D,0xB0,0x63,0x11,0x4D,0xB0,0x63,0x11,0x4D,0xB0,0x63,0x11,0x4D,0xB0,0x63,0x11,0x4D,0xB0,0x63,0x11,0x4D,0xB0,0x63,0x11,0x4D,0xB0,0x63,0x11,0x4D,0xB0,0x63,0x11,0x4D,0xB0,0x63,0x11,0x4D,
    0xB0,0x63,0x11,0x4D,0xB0,0x63,0x11,0x4D,0xB0,0x63,0x11,0x4D,0xB0,0x63,0x11,0x4D,0xB0,0x63,0x11,0x4D,0xB0,0x63,0x11,0x4D,0xB0,0x63,0x11,0x4D,0xB0,0x63,0x11,0x4D,0xB0,0x63,0x11,0x4D,0xB0,0x63,0x11,0x4D,0xB0,0x63,0x11,0x4D,0xB0,0x63,0x11,0x4D,0xB0,0x63,0x11,0x4D,0xB0,0x63,0x11,0x4D,0xB0,0x63,0x11,0x4D,0xB0,0x63,0x11,0x4D,
    0xB0,0x63,0x11,0x4D,0xB0,0x63,0x11,0x4D,0xB0,0x63,0x11,0x4D,0xB0,0x63,0x11,0x4D,0xB0,0x63,0x11,0x4D,0xB0,0x63,0x11,0x4D,0xB0,0x63,0x11,0x4D,0xB0,0x63,0x11,0x4D,0xB0,0x63,0x11,0x4D,0xB0,0x63,0x11,0x4D,0xB0,0x63,0x11,0x4D,0xB0,0x63,0x11,0x4D,0xB0,0x63,0x11,0x4D,0xB0,0x63,0x11,0x4D,0xB0,0x63,0x11,0x4D,0xB0,0x63,0x11,0x4D,
    0xB0,0x63,0x11,0x4D,0xB0,0x63,0x11,0x4D,0xB0,0x63,0x11,0x4D,0xB0,0x63,0x11,0x4D,0xB0,0x63,0x11,0x4D,0xB0,0x63,0x11,0x4D,0xB0,0x63,0x11,0x4D,0xB0,0x63,0x11,0x4D,0xB0,0x63,0x11,0x4D,0xB0,0x63,0x11,0x4D,0xB0,0x63,0x11,0x4D,0xB0,0x63,0x11,0x4D,0xB0,0x63,0x11,0x4D,0xB0,0x63,0x11,0x4D,0xB0,0x63,0x11,0x4D,0xB0,0x63,0x11,0x4D,
    0xB0,0x63,0x11,0x4D,0xB0,0x63,0x11,0x4D,0xB0,0x63,0x11,0x4D,0xB0,0x63,0x11,0x4D,0xB0,0x63,0x11,0x4D,0xB0,0x63,0x11,0x4D,0xB0,0x63,0x11,0x4D,0xB0,0x63,0x11,0x4D,0xB0,0x63,0x11,0x4D,0xB0,0x63,0x11,0x4D,0xB0,0x63,0x11,0x4D,0xB0,0x63,0x11,0x4D,0xB0,0x63,0x11,0x4D,0xB0,0x63,0x11,0x4D,0xB0,0x63,0x11,0x4D,0xB0,0x63,0x11,0x4D,
    0xB0,0x63,0x11,0x4D,0xB0,0x63,0x11,0x4D,0xB0,0x63,0x11,0x4D,0xB0,0x63,0x11,0x4D,0xB0,0x63,0x11,0x4D,0xB0,0x63,0x11,0x4D,0xB0,0x63,0x11,0x4D,0xB0,0x63,0x11,0x4D,0xB0,0x63,0x11,0x4D,0xB0,0x63,0x11,0x4D,0xB0,0x63,0x11,0x4D,0xB0,0x63,0x11,0x4D,0xB0,0x63,0x11,0x4D,0xB0,0x63,0x11,0x4D,0xB0,0x63,0x11,0x4D,0xB0,0x63,0x11,0x4D,
    0xB0,0x63,0x11,0x4D,0xB0,0x63,0x11,0x4D,0xB0,0x63,0x11,0x4D,0xB0,0x63,0x11,0x4D,0xB0,0x63,0x11,0x4D,0xB0,0x63,0x11,0x4D,0xB0,0x63,0x11,0x4D,0xB0,0x63,0x11,0x4D,0xB0,0x63,0x11,0x4D,0xB0,0x63,0x11,0x4D,0xB0,0x63,0x11,0x4D,0xB0,0x63,0x11,0x4D,0xB0,0x63,0x11,0x4D,0xB0,0x63,0x11,0x4D,0xB0,0x63,0x11,0x4D,0xB0,0x63,0x11,0x4D,
    0xB0,0x63,0x11,0x4D,0xB0,0x63,0x11,0x4D,0xB0,0x63,0x11,0x4D,0xB0,0x63,0x11,0x4D,0xB0,0x63,0x11,0x4D,0xB0,0x63,0x11,0x4D,0xB0,0x63,0x11,0x4D,0xB0,0x63,0x11,0x4D,0xB0,0x63,0x11,0x4D,0xB0,0x63,0x11,0x4D,0xB0,0x63,0x11,0x4D,0xB0,0x63,0x11,0x4D,0xB0,0x63,0x11,0x4D,0xB0,0x63,0x11,0x4D,0xB0,0x63,0x11,0x4D,0xB0,0x63,0x11,0x4D,
    0xB0,0x63,0x11,0x4D,0xB0,0x63,0x11,0x4D,0xB0,0x63,0x11,0x4D,0xB0,0x63,0x11,0x4D,0xB0,0x63,0x11,0x4D,0xB0,0x63,0x11,0x4D,0xB0,0x63,0x11,0x4D,0xB0,0x63,0x11,0x4D,0xB0,0x63,0x11,0x4D,0xB0,0x63,0x11,0x4D,0xB0,0x63,0x11,0x4D,0xB0,0x63,0x11,0x4D,0xB0,0x63,0x11,0x4D,0xB0,0x63,0x11,0x4D,0xB0,0x63,0x11,0x4D,0xB0,0x63,0x11,0x4D,
    0xB0,0x63,0x11,0x4D,0xB0,0x63,0x11,0x4D,0xB0,0x63,0x11,0x4D,0xB0,0x63,0x11,0x4D,0xB0,0x63,0x11,0x4D,0xB0,0x63,0x11,0x4D,0xB0,0x63,0x11,0x4D,0xB0,0x63,0x11,0x4D,0xB0,0x63,0x11,0x4D,0xB0,0x63,0x11,0x4D,0xB0,0x63,0x11,0x4D,0xB0,0x63,0x11,0x4D,0xB0,0x63,0x11,0x4D,0xB0,0x63,0x11,0x4D,0xB0,0x63,0x11,0x4D,0xB0,0x63,0x11,0x4D,
    0xB0,0x63,0x11,0x4D,0xB0,0x63,0x11,0x4D,0xB0,0x63,0x11,0x4D,0xB0,0x63,0x11,0x4D,0xB0,0x63,0x11,0x4D,0xB0,0x63,0x11,0x4D,0xB0,0x63,0x11,0x4D,0xB0,0x63,0x11,0x4D,0xB0,0x63,0x11,0x4D,0xB0,0x63,0x11,0x4D,0xB0,0x63,0x11,0x4D,0xB0,0x63,0x11,0x4D,0xB0,0x63,0x11,0x4D,0xB0,0x63,0x11,0x4D,0xB0,0x63,0x11,0x4D,0xB0,0x63,0x11,0x4D,
    0xB0,0x63,0x11,0x4D,0xB0,0x63,0x11,0x4D,0xB0,0x63,0x11,0x4D,0xB0,0x63,0x11,0x4D,0xB0,0x63,0x11,0x4D,0xB0,0x63,0x11,0x4D,0xB0,0x63,0x11,0x4D,0xB0,0x63,0x11,0x4D,0xB0,0x63,0x11,0x4D,0xB0,0x63,0x11,0x4D,0xB0,0x63,0x11,0x4D,0xB0,0x63,0x11,0x4D,0xB0,0x63,0x11,0x4D,0xB0,0x63,0x11,0x4D,0xB0,0x63,0x11,0x4D,0xB0,0x63,0x11,0x4D,
    0xB0,0x63,0x11,0x4D,0xB0,0x63,0x11,0x4D,0xB0,0x63,0x11,0x4D,0xB0,0x63,0x11,0x4D,0xB0,0x63,0x11,0x4D,0xB0,0x63,0x11,0x4D,0xB0,0x63,0x11,0x4D,0xB0,0x63,0x11,0x4D,0xB0,0x63,0x11,0x4D,0xB0,0x63,0x11,0x4D,0xB0,0x63,0x11,0x4D,0xB0,0x63,0x11,0x4D,0xB0,0x63,0x11,0x4D,0xB0,0x63,0x11,0x4D,0xB0,0x63,0x11,0x4D,0xB0,0x63,0x11,0x4D,
    0xB0,0x63,0x11,0x4D,0xB0,0x63,0x11,0x4D,0xB0,0x63,0x11,0x4D,0xB0,0x63,0x11,0x4D,0xB0,0x63,0x11,0x4D,0xB0,0x63,0x11,0x4D,0xB0,0x63,0x11,0x4D,0xB0,0x63,0x11,0x4D,0xB0,0x63,0x11,0x4D,0xB0,0x63,0x11,0x4D,0xB0,0x63,0x11,0x4D,0xB0,0x63,0x11,0x4D,0xB0,0x63,0x11,0x4D,0xB0,0x63,0x11,0x4D,0xB0,0x63,0x11,0x4D,0xB0,0x63,0x11,0x4D,
    0xB0,0x63,0x11,0x4D,0xB0,0x63,0x11,0x4D,0xB0,0x63,0x11,0x4D,0xB0,0x63,0x11,0x4D,0xB0,0x63,0x11,0x4D,0xB0,0x63,0x11,0x4D,0xB0,0x63,0x11,0x4D,0xB0,0x63,0x11,0x4D,0xB0,0x63,0x11,0x4D,0xB0,0x63,0x11,0x4D,0xB0,0x63,0x11,0x4D,0xB0,0x63,0x11,0x4D,0xB0,0x63,0x11,0x4D,0xB0,0x63,0x11,0x4D,0xB0,0x63,0x11,0x4D,0xB0,0x63,0x11,0x4D,
    0xB0,0x63,0x11,0x4D,0xB0,0x63,0x11,0x4D,0xB0,0x63,0x11,0x4D,0xB0,0x63,0x11,0x4D,0xB0,0x63,0x11,0x4D,0xB0,0x63,0x11,0x4D,0xB0,0x63,0x11,0x4D,0xB0,0x63,0x11,0x4D,0xB0,0x63,0x11,0x4D,0xB0,0x63,0x11,0x4D,0xB0,0x63,0x11,0x4D,0xB0,0x63,0x11,0x4D,0xB0,0x63,0x11,0x4D,0xB0,0x63,0x11,0x4D,0xB0,0x63,0x11,0x4D,0xB0,0x63,0x11,0x4D,
    0xB0,0x63,0x11,0x4D,0xB0,0x63,0x11,0x4D,0xB0,0x63,0x11,0x4D,0xB0,0x63,0x11,0x4D,0xB0,0x63,0x11,0x4D,0xB0,0x63,0x11,0x4D,0xB0,0x63,0x11,0x4D,0xB0,0x63,0x11,0x4D,0xB0,0x63,0x11,0x4D,0xB0,0x63,0x11,0x4D,0xB0,0x63,0x11,0x4D,0xB0,0x63,0x11,0x4D,0xB0,0x63,0x11,0x4D,0xB0,0x63,0x11,0x4D,0xB0,0x63,0x11,0x4D,0xB0,0x63,0x11,0x4D,
    0xB0,0x63,0x11,0x4D,0xB0,0x63,0x11,0x4D,0xB0,0x63,0x11,0x4D,0xB0,0x63,0x11,0x4D,0xB0,0x63,0x11,0x4D,0xB0,0x63,0x11,0x4D,0xB0,0x63,0x11,0x4D,0xB0,0x63,0x11,0x4D,0xB0,0x63,0x11,0x4D,0xB0,0x63,0x11,0x4D,0xB0,0x63,0x11,0x4D,0xB0,0x63,0x11,0x4D,0xB0,0x63,0x11,0x4D,0xB0,0x63,0x11,0x4D,0xB0,0x63,0x11,0x4D,0xB0,0x63,0x11,0x4D,
    0xB0,0x63,0x11,0x4D,0xB0,0x63,0x11,0x4D,0xB0,0x63,0x11,0x4D,0xB0,0x63,0x11,0x4D,0xB0,0x63,0x11,0x4D,0xB0,0x63,0x11,0x4D,0xB0,0x63,0x11,0x4D,0xB0,0x63,0x11,0x4D,0xB0,0x63,0x11,0x4D,0xB0,0x63,0x11,0x4D,0xB0,0x63,0x11,0x4D,0xB0,0x63,0x11,0x4D,0xB0,0x63,0x11,0x4D,0xB0,0x63,0x11,0x4D,0xB0,0x63,0x11,0x4D,0xB0,0x63,0x11,0x4D,
    0xB0,0x63,0x11,0x4D,0xB0,0x63,0x11,0x4D,0xB0,0x63,0x11,0x4D,0xB0,0x63,0x11,0x4D,0xB0,0x63,0x11,0x4D,0xB0,0x63,0x11,0x4D,0xB0,0x63,0x11,0x4D,0xB0,0x63,0x11,0x4D,0xB0,0x63,0x11,0x4D,0xB0,0x63,0x11,0x4D,0xB0,0x63,0x11,0x4D,0xB0,0x63,0x11,0x4D,0xB0,0x63,0x11,0x4D,0xB0,0x63,0x11,0x4D,0xB0,0x63,0x11,0x4D,0xB0,0x63,0x11,0x4D,
    0xB0,0x63,0x11,0x4D,0xB0,0x63,0x11,0x4D,0xB0,0x63,0x11,0x4D,0xB0,0x63,0x11,0x4D,0xB0,0x63,0x11,0x4D,0xB0,0x63,0x11,0x4D,0xB0,0x63,0x11,0x4D,0xB0,0x63,0x11,0x4D,0xB0,0x63,0x11,0x4D,0xB0,0x63,0x11,0x4D,0xB0,0x63,0x11,0x4D,0xB0,0x63,0x11,0x4D,0xB0,0x63,0x11,0x4D,0xB0,0x63,0x11,0x4D,0xB0,0x63,0x11,0x4D,0xB0,0x63,0x11,0x4D,
    0xB0,0x63,0x11,0x4D,0xB0,0x63,0x11,0x4D,0xB0,0x63,0x11,0x4D,0xB0,0x63,0x11,0x4D,0xB0,0x63,0x11,0x4D,0xB0,0x63,0x11,0x4D,0xB0,0x63,0x11,0x4D,0xB0,0x63,0x11,0x4D,0xB0,0x63,0x11,0x4D,0xB0,0x63,0x11,0x4D,0xB0,0x63,0x11,0x4D,0xB0,0x63,0x11,0x4D,0xB0,0x63,0x11,0x4D,0xB0,0x63,0x11,0x4D,0xB0,0x63,0x11,0x4D,0xB0,0x63,0x11,0x4D,
    0xB0,0x63,0x11,0x4D,0xB0,0x63,0x11,0x4D,0xB0,0x63,0x11,0x4D,0xB0,0x63,0x11,0x4D,0xB0,0x63,0x11,0x4D,0xB0,0x63,0x11,0x4D,0xB0,0x63,0x11,0x4D,0xB0,0x63,0x11,0x4D,0xB0,0x63,0x11,0x4D,0xB0,0x63,0x11,0x4D,0xB0,0x63,0x11,0x4D,0xB0,0x63,0x11,0x4D,0xB0,0x63,0x11,0x4D,0xB0,0x63,0x11,0x4D,0xB0,0x63,0x11,0x4D,0xB0,0x63,0x11,0x4D,
    0xB0,0x63,0x11,0x4D,0xB0,0x63,0x11,0x4D,0xB0,0x63,0x11,0x4D,0xB0,0x63,0x11,0x4D,0xB0,0x63,0x11,0x4D,0xB0,0x63,0x11,0x4D,0xB0,0x63,0x11,0x4D,0xB0,0x63,0x11,0x4D,0xB0,0x63,0x11,0x4D,0xB0,0x63,0x11,0x4D,0xB0,0x63,0x11,0x4D,0xB0,0x63,0x11,0x4D,0xB0,0x63,0x11,0x4D,0xB0,0x63,0x11,0x4D,0xB0,0x63,0x11,0x4D,0xB0,0x63,0x11,0x4D,
    0xB0,0x63,0x11,0x4D,0xB0,0x63,0x11,0x4D,0xB0,0x63,0x11,0x4D,0xB0,0x63,0x11,0x4D,0xB0,0x63,0x11,0x4D,0xB0,0x63,0x11,0x4D,0xB0,0x63,0x11,0x4D,0xB0,0x63,0x11,0x4D,0xB0,0x63,0x11,0x4D,0xB0,0x63,0x11,0x4D,0xB0,0x63,0x11,0x4D,0xB0,0x63,0x11,0x4D,0xB0,0x63,0x11,0x4D,0xB0,0x63,0x11,0x4D,0xB0,0x63,0x11,0x4D,0xB0,0x63,0x11,0x4D,
    0xB0,0x63,0x11,0x4D,0xB0,0x63,0x11,0x4D,0xB0,0x63,0x11,0x4D,0xB0,0x63,0x11,0x4D,0xB0,0x63,0x11,0x4D,0xB0,0x63,0x11,0x4D,0xB0,0x63,0x11,0x4D,0xB0,0x63,0x11,0x4D,0xB0,0x63,0x11,0x4D,0xB0,0x63,0x11,0x4D,0xB0,0x63,0x11,0x4D,0xB0,0x63,0x11,0x4D,0xB0,0x63,0x11,0x4D,0xB0,0x63,0x11,0x4D,0xB0,0x63,0x11,0x4D,0xB0,0x63,0x11,0x4D,
    0xB0,0x63,0x11,0x4D,0xB0,0x63,0x11,0x4D,0xB0,0x63,0x11,0x4D,0xB0,0x63,0x11,0x4D,0xB0,0x63,0x11,0x4D,0xB0,0x63,0x11,0x4D,0xB0,0x63,0x11,0x4D,0xB0,0x63,0x11,0x4D,0xB0,0x63,0x11,0x4D,0xB0,0x63,0x11,0x4D,0xB0,0x63,0x11,0x4D,0xB0,0x63,0x11,0x4D,0xB0,0x63,0x11,0x4D,0xB0,0x63,0x11,0x4D,0xB0,0x63,0x11,0x4D,0xB0,0x63,0x11,0x4D,
    0xB0,0x63,0x11,0x4D,0xB0,0x63,0x11,0x4D,0xB0,0x63,0x11,0x4D,0xB0,0x63,0x11,0x4D,0xB0,0x63,0x11,0x4D,0xB0,0x63,0x11,0x4D,0xB0,0x63,0x11,0x4D,0xB0,0x63,0x11,0x4D,0xB0,0x63,0x11,0x4D,0xB0,0x63,0x11,0x4D,0xB0,0x63,0x11,0x4D,0xB0,0x63,0x11,0x4D,0xB0,0x63,0x11,0x4D,0xB0,0x63,0x11,0x4D,0xB0,0x63,0x11,0x4D,0xB0,0x63,0x11,0x4D,
    0xB0,0x63,0x11,0x4D,0xB0,0x63,0x11,0x4D,0xB0,0x63,0x11,0x4D,0xB0,0x63,0x11,0x4D,0xB0,0x63,0x11,0x4D,0xB0,0x63,0x11,0x4D,0xB0,0x63,0x11,0x4D,0xB0,0x63,0x11,0x4D,0xB0,0x63,0x11,0x4D,0xB0,0x63,0x11,0x4D,0xB0,0x63,0x11,0x4D,0xB0,0x63,0x11,0x4D,0xB0,0x63,0x11,0x4D,0xB0,0x63,0x11,0x4D,0xB0,0x63,0x11,0x4D,0xB0,0x63,0x11,0x4D,
    0xB0,0x63,0x11,0x4D,0xB0,0x63,0x11,0x4D,0xB0,0x63,0x11,0x4D,0xB0,0x63,0x11,0x4D,0xB0,0x63,0x11,0x4D,0xB0,0x63,0x11,0x4D,0xB0,0x63,0x11,0x4D,0xB0,0x63,0x11,0x4D,0xB0,0x63,0x11,0x4D,0xB0,0x63,0x11,0x4D,0xB0,0x63,0x11,0x4D,0xB0,0x63,0x11,0x4D,0xB0,0x63,0x11,0x4D,0xB0,0x63,0x11,0x4D,0xB0,0x63,0x11,0x4D,0xB0,0x63,0x11,0x4D,
    0xB0,0x63,0x11,0x4D,0xB0,0x63,0x11,0x4D,0xB0,0x63,0x11,0x4D,0xB0,0x63,0x11,0x4D,0xB0,0x63,0x11,0x4D,0xB0,0x63,0x11,0x4D,0xB0,0x63,0x11,0x4D,0xB0,0x63,0x11,0x4D,0xB0,0x63,0x11,0x4D,0xB0,0x63,0x11,0x4D,0xB0,0x63,0x11,0x4D,0xB0,0x63,0x11,0x4D,0xB0,0x63,0x11,0x4D,0xB0,0x63,0x11,0x4D,0xB0,0x63,0x11,0x4D,0xB0,0x63,0x11,0x4D,
    0xB0,0x63,0x11,0x4D,0xB0,0x63,0x11,0x4D,0xB0,0x63,0x11,0x4D,0xB0,0x63,0x11,0x4D,0xB0,0x63,0x11,0x4D,0xB0,0x63,0x11,0x4D,0xB0,0x63,0x11,0x4D,0xB0,0x63,0x11,0x4D,0xB0,0x63,0x11,0x4D,0xB0,0x63,0x11,0x4D,0xB0,0x63,0x11,0x4D,0xB0,0x63,0x11,0x4D,0xB0,0x63,0x11,0x4D,0xB0,0x63,0x11,0x4D,0xB0,0x63,0x11,0x4D,0xB0,0x63,0x11,0x4D,
    0xB0,0x63,0x11,0x4D,0xB0,0x63,0x11,0x4D,0xB0,0x63,0x11,0x4D,0xB0,0x63,0x11,0x4D,0xB0,0x63,0x11,0x4D,0xB0,0x63,0x11,0x4D,0xB0,0x63,0x11,0x4D,0xB0,0x63,0x11,0x4D,0xB0,0x63,0x11,0x4D,0xB0,0x63,0x11,0x4D,0xB0,0x63,0x11,0x4D,0xB0,0x63,0x11,0x4D,0xB0,0x63,0x11,0x4D,0xB0,0x63,0x11,0x4D,0xB0,0x63,0x11,0x4D,0xB0,0x63,0x11,0x4D,
    0xB0,0x63,0x11,0x4D,0xB0,0x63,0x11,0x4D,0xB0,0x63,0x11,0x4D,0xB0,0x63,0x11,0x4D,0xB0,0x63,0x11,0x4D,0xB0,0x63,0x11,0x4D,0xB0,0x63,0x11,0x4D,0xB0,0x63,0x11,0x4D,0xB0,0x63,0x11,0x4D,0xB0,0x63,0x11,0x4D,0xB0,0x63,0x11,0x4D,0xB0,0x63,0x11,0x4D,0xB0,0x63,0x11,0x4D,0xB0,0x63,0x11,0x4D,0xB0,0x63,0x11,0x4D,0xB0,0x63,0x11,0x4D,
    0xB0,0x63,0x11,0x4D,0xB0,0x63,0x11,0x4D,0xB0,0x63,0x11,0x4D,0xB0,0x63,0x11,0x4D,0xB0,0x63,0x11,0x4D,0xB0,0x63,0x11,0x4D,0xB0,0x63,0x11,0x4D,0xB0,0x63,0x11,0x4D,0xB0,0x63,0x11,0x4D,0xB0,0x63,0x11,0x4D,0xB0,0x63,0x11,0x4D,0xB0,0x63,0x11,0x4D,0xB0,0x63,0x11,0x4D,0xB0,0x63,0x11,0x4D,0xB0,0x63,0x11,0x4D,0xB0,0x63,0x11,0x4D,
    0xB0,0x63,0x11,0x4D,0xB0,0x63,0x11,0x4D,0xB0,0x63,0x11,0x4D,0xB0,0x63,0x11,0x4D,0xB0,0x63,0x11,0x4D,0xB0,0x63,0x11,0x4D,0xB0,0x63,0x11,0x4D,0xB0,0x63,0x11,0x4D,0xB0,0x63,0x11,0x4D,0xB0,0x63,0x11,0x4D,0xB0,0x63,0x11,0x4D,0xB0,0x63,0x11,0x4D,0xB0,0x63,0x11,0x4D,0xB0,0x63,0x11,0x4D,0xB0,0x63,0x11,0x4D,0xB0,0x63,0x11,0x4D,
    0xB0,0x63,0x11,0x4D,0xB0,0x63,0x11,0x4D,0xB0,0x63,0x11,0x4D,0xB0,0x63,0x11,0x4D,0xB0,0x63,0x11,0x4D,0xB0,0x63,0x11,0x4D,0xB0,0x63,0x11,0x4D,0xB0,0x63,0x11,0x4D,0xB0,0x63,0x11,0x4D,0xB0,0x63,0x11,0x4D,0xB0,0x63,0x11,0x4D,0xB0,0x63,0x11,0x4D,0xB0,0x63,0x11,0x4D,0xB0,0x63,0x11,0x4D,0xB0,0x63,0x11,0x4D,0xB0,0x63,0x11,0x4D,
    0xB0,0x63,0x11,0x4D,0xB0,0x63,0x11,0x4D,0xB0,0x63,0x11,0x4D,0xB0,0x63,0x11,0x4D,0xB0,0x63,0x11,0x4D,0xB0,0x63,0x11,0x4D,0xB0,0x63,0x11,0x4D,0xB0,0x63,0x11,0x4D,0xB0,0x63,0x11,0x4D,0xB0,0x63,0x11,0x4D,0xB0,0x63,0x11,0x4D,0xB0,0x63,0x11,0x4D,0xB0,0x63,0x11,0x4D,0xB0,0x63,0x11,0x4D,0xB0,0x63,0x11,0x4D,0xB0,0x63,0x11,0x4D,
    0xB0,0x63,0x11,0x4D,0xB0,0x63,0x11,0x4D,0xB0,0x63,0x11,0x4D,0xB0,0x63,0x11,0x4D,0xB0,0x63,0x11,0x4D,0xB0,0x63,0x11,0x4D,0xB0,0x63,0x11,0x4D,0xB0,0x63,0x11,0x4D,0xB0,0x63,0x11,0x4D,0xB0,0x63,0x11,0x4D,0xB0,0x63,0x11,0x4D,0xB0,0x63,0x11,0x4D,0xB0,0x63,0x11,0x4D,0xB0,0x63,0x11,0x4D,0xB0,0x63,0x11,0x4D,0xB0,0x63,0x11,0x4D,
    0xB0,0x63,0x11,0x4D,0xB0,0x63,0x11,0x4D,0xB0,0x63,0x11,0x4D,0xB0,0x63,0x11,0x4D,0xB0,0x63,0x11,0x4D,0xB0,0x63,0x11,0x4D,0xB0,0x63,0x11,0x4D,0xB0,0x63,0x11,0x4D,0xB0,0x63,0x11,0x4D,0xB0,0x63,0x11,0x4D,0xB0,0x63,0x11,0x4D,0xB0,0x63,0x11,0x4D,0xB0,0x63,0x11,0x4D,0xB0,0x63,0x11,0x4D,0xB0,0x63,0x11,0x4D,0xB0,0x63,0x11,0x4D,
    0xB0,0x63,0x11,0x4D,0xB0,0x63,0x11,0x4D,0xB0,0x63,0x11,0x4D,0xB0,0x63,0x11,0x4D,0xB0,0x63,0x11,0x4D,0xB0,0x63,0x11,0x4D,0xB0,0x63,0x11,0x4D,0xB0,0x63,0x11,0x4D,0xB0,0x63,0x11,0x4D,0xB0,0x63,0x11,0x4D,0xB0,0x63,0x11,0x4D,0xB0,0x63,0x11,0x4D,0xB0,0x63,0x11,0x4D,0xB0,0x63,0x11,0x4D,0xB0,0x63,0x11,0x4D,0xB0,0x63,0x11,0x4D,
    0xB0,0x63,0x11,0x4D,0xB0,0x63,0x11,0x4D,0xB0,0x63,0x11,0x4D,0xB0,0x63,0x11,0x4D,0xB0,0x63,0x11,0x4D,0xB0,0x63,0x11,0x4D,0xB0,0x63,0x11,0x4D,0xB0,0x63,0x11,0x4D,0xB0,0x63,0x11,0x4D,0xB0,0x63,0x11,0x4D,0xB0,0x63,0x11,0x4D,0xB0,0x63,0x11,0x4D,0xB0,0x63,0x11,0x4D,0xB0,0x63,0x11,0x4D,0xB0,0x63,0x11,0x4D,0xB0,0x63,0x11,0x4D,
    0xB0,0x63,0x11,0x4D,0xB0,0x63,0x11,0x4D,0xB0,0x63,0x11,0x4D,0xB0,0x63,0x11,0x4D,0xB0,0x63,0x11,0x4D,0xB0,0x63,0x11,0x4D,0xB0,0x63,0x11,0x4D,0xB0,0x63,0x11,0x4D,0xB0,0x63,0x11,0x4D,0xB0,0x63,0x11,0x4D,0xB0,0x63,0x11,0x4D,0xB0,0x63,0x11,0x4D,0xB0,0x63,0x11,0x4D,0xB0,0x63,0x11,0x4D,0xB0,0x63,0x11,0x4D,0xB0,0x63,0x11,0x4D,
    0xB0,0x63,0x11,0x4D,0xB0,0x63,0x11,0x4D,0xB0,0x63,0x11,0x4D,0xB0,0x63,0x11,0x4D,0xB0,0x63,0x11,0x4D,0xB0,0x63,0x11,0x4D,0xB0,0x63,0x11,0x4D,0xB0,0x63,0x11,0x4D,0xB0,0x63,0x11,0x4D,0xB0,0x63,0x11,0x4D,0xB0,0x63,0x11,0x4D,0xB0,0x63,0x11,0x4D,0xB0,0x63,0x11,0x4D,0xB0,0x63,0x11,0x4D,0xB0,0x63,0x11,0x4D,0xB0,0x63,0x11,0x4D,
    0xB0,0x63,0x11,0x4D,0xB0,0x63,0x11,0x4D,0xB0,0x63,0x11,0x4D,0xB0,0x63,0x11,0x4D,0xB0,0x63,0x11,0x4D,0xB0,0x63,0x11,0x4D,0xB0,0x63,0x11,0x4D,0xB0,0x63,0x11,0x4D,0xB0,0x63,0x11,0x4D,0xB0,0x63,0x11,0x4D,0xB0,0x63,0x11,0x4D,0xB0,0x63,0x11,0x4D,0xB0,0x63,0x11,0x4D,0xB0,0x63,0x11,0x4D,0xB0,0x63,0x11,0x4D,0xB0,0x63,0x11,0x4D,
    0xB0,0x63,0x11,0x4D,0xB0,0x63,0x11,0x4D,0xB0,0x63,0x11,0x4D,0xB0,0x63,0x11,0x4D,0xB0,0x63,0x11,0x4D,0xB0,0x63,0x11,0x4D,0xB0,0x63,0x11,0x4D,0xB0,0x63,0x11,0x4D,0xB0,0x63,0x11,0x4D,0xB0,0x63,0x11,0x4D,0xB0,0x63,0x11,0x4D,0xB0,0x63,0x11,0x4D,0xB0,0x63,0x11,0x4D,0xB0,0x63,0x11,0x4D,0xB0,0x63,0x11,0x4D,0xB0,0x63,0x11,0x4D,
    0xB0,0x63,0x11,0x4D,0xB0,0x63,0x11,0x4D,0xB0,0x63,0x11,0x4D,0xB0,0x63,0x11,0x4D,0xB0,0x63,0x11,0x4D,0xB0,0x63,0x11,0x4D,0xB0,0x63,0x11,0x4D,0xB0,0x63,0x11,0x4D,0xB0,0x63,0x11,0x4D,0xB0,0x63,0x11,0x4D,0xB0,0x63,0x11,0x4D,0xB0,0x63,0x11,0x4D,0xB0,0x63,0x11,0x4D,0xB0,0x63,0x11,0x4D,0xB0,0x63,0x11,0x4D,0xB0,0x63,0x11,0x4D,
    0xB0,0x63,0x11,0x4D,0xB0,0x63,0x11,0x4D,0xB0,0x63,0x11,0x4D,0xB0,0x63,0x11,0x4D,0xB0,0x63,0x11,0x4D,0xB0,0x63,0x11,0x4D,0xB0,0x63,0x11,0x4D,0xB0,0x63,0x11,0x4D,0xB0,0x63,0x11,0x4D,0xB0,0x63,0x11,0x4D,0xB0,0x63,0x11,0x4D,0xB0,0x63,0x11,0x4D,0xB0,0x63,0x11,0x4D,0xB0,0x63,0x11,0x4D,0xB0,0x63,0x11,0x4D,0xB0,0x63,0x11,0x4D,
    0xB0,0x63,0x11,0x4D,0xB0,0x63,0x11,0x4D,0xB0,0x63,0x11,0x4D,0xB0,0x63,0x11,0x4D,0xB0,0x63,0x11,0x4D,0xB0,0x63,0x11,0x4D,0xB0,0x63,0x11,0x4D,0xB0,0x63,0x11,0x4D,0xB0,0x63,0x11,0x4D,0xB0,0x63,0x11,0x4D,0xB0,0x63,0x11,0x4D,0xB0,0x63,0x11,0x4D,0xB0,0x63,0x11,0x4D,0xB0,0x63,0x11,0x4D,0xB0,0x63,0x11,0x4D,0xB0,0x63,0x11,0x4D,
    0xB0,0x63,0x11,0x4D,0xB0,0x63,0x11,0x4D,0xB0,0x63,0x11,0x4D,0xB0,0x63,0x11,0x4D,0xB0,0x63,0x11,0x4D,0xB0,0x63,0x11,0x4D,0xB0,0x63,0x11,0x4D,0xB0,0x63,0x11,0x4D,0xB0,0x63,0x11,0x4D,0xB0,0x63,0x11,0x4D,0xB0,0x63,0x11,0x4D,0xB0,0x63,0x11,0x4D,0xB0,0x63,0x11,0x4D,0xB0,0x63,0x11,0x4D,0xB0,0x63,0x11,0x4D,0xB0,0x63,0x11,0x4D,
    0xB0,0x63,0x11,0x4D,0xB0,0x63,0x11,0x4D,0xB0,0x63,0x11,0x4D,0xB0,0x63,0x11,0x4D,0xB0,0x63,0x11,0x4D,0xB0,0x63,0x11,0x4D,0xB0,0x63,0x11,0x4D,0xB0,0x63,0x11,0x4D,0xB0,0x63,0x11,0x4D,0xB0,0x63,0x11,0x4D,0xB0,0x63,0x11,0x4D,0xB0,0x63,0x11,0x4D,0xB0,0x63,0x11,0x4D,0xB0,0x63,0x11,0x4D,0xB0,0x63,0x11,0x4D,0xB0,0x63,0x11,0x4D,
    0xB0,0x63,0x11,0x4D,0xB0,0x63,0x11,0x4D,0xB0,0x63,0x11,0x4D,0xB0,0x63,0x11,0x4D,0xB0,0x63,0x11,0x4D,0xB0,0x63,0x11,0x4D,0xB0,0x63,0x11,0x4D,0xB0,0x63,0x11,0x4D,0xB0,0x63,0x11,0x4D,0xB0,0x63,0x11,0x4D,0xB0,0x63,0x11,0x4D,0xB0,0x63,0x11,0x4D,0xB0,0x63,0x11,0x4D,0xB0,0x63,0x11,0x4D,0xB0,0x63,0x11,0x4D,0xB0,0x63,0x11,0x4D,
    0xB0,0x63,0x11,0x4D,0xB0,0x63,0x11,0x4D,0xB0,0x63,0x11,0x4D,0xB0,0x63,0x11,0x4D,0xB0,0x63,0x11,0x4D,0xB0,0x63,0x11,0x4D,0xB0,0x63,0x11,0x4D,0xB0,0x63,0x11,0x4D,0xB0,0x63,0x11,0x4D,0xB0,0x63,0x11,0x4D,0xB0,0x63,0x11,0x4D,0xB0,0x63,0x11,0x4D,0xB0,0x63,0x11,0x4D,0xB0,0x63,0x11,0x4D,0xB0,0x63,0x11,0x4D,0xB0,0x63,0x11,0x4D,
    0xB0,0x63,0x11,0x4D,0xB0,0x63,0x11,0x4D,0xB0,0x63,0x11,0x4D,0xB0,0x63,0x11,0x4D,0xB0,0x63,0x11,0x4D,0xB0,0x63,0x11,0x4D,0xB0,0x63,0x11,0x4D,0xB0,0x63,0x11,0x4D,0xB0,0x63,0x11,0x4D,0xB0,0x63,0x11,0x4D,0xB0,0x63,0x11,0x4D,0xB0,0x63,0x11,0x4D,0xB0,0x63,0x11,0x4D,0xB0,0x63,0x11,0x4D,0xB0,0x63,0x11,0x4D,0xB0,0x63,0x11,0x4D,
    0xB0,0x63,0x11,0x4D,0xB0,0x63,0x11,0x4D,0xB0,0x63,0x11,0x4D,0xB0,0x63,0x11,0x4D,0xB0,0x63,0x11,0x4D,0xB0,0x63,0x11,0x4D,0xB0,0x63,0x11,0x4D,0xB0,0x63,0x11,0x4D,0xB0,0x63,0x11,0x4D,0xB0,0x63,0x11,0x4D,0xB0,0x63,0x11,0x4D,0xB0,0x63,0x11,0x4D,0xB0,0x63,0x11,0x4D,0xB0,0x63,0x11,0x4D,0xB0,0x63,0x11,0x4D,0xB0,0x63,0x11,0x4D,
    0xB0,0x63,0x11,0x4D,0xB0,0x63,0x11,0x4D,0xB0,0x63,0x11,0x4D,0xB0,0x63,0x11,0x4D,0xB0,0x63,0x11,0x4D,0xB0,0x63,0x11,0x4D,0xB0,0x63,0x11,0x4D,0xB0,0x63,0x11,0x4D,0xB0,0x63,0x11,0x4D,0xB0,0x63,0x11,0x4D,0xB0,0x63,0x11,0x4D,0xB0,0x63,0x11,0x4D,0xB0,0x63,0x11,0x4D,0xB0,0x63,0x11,0x4D,0xB0,0x63,0x11,0x4D,0xB0,0x63,0x11,0x4D,
    0xB0,0x63,0x11,0x4D,0xB0,0x63,0x11,0x4D,0xB0,0x63,0x11,0x4D,0xB0,0x63,0x11,0x4D,0xB0,0x63,0x11,0x4D,0xB0,0x63,0x11,0x4D,0xB0,0x63,0x11,0x4D,0xB0,0x63,0x11,0x4D,0xB0,0x63,0x11,0x4D,0xB0,0x63,0x11,0x4D,0xB0,0x63,0x11,0x4D,0xB0,0x63,0x11,0x4D,0xB0,0x63,0x11,0x4D,0xB0,0x63,0x11,0x4D,0xB0,0x63,0x11,0x4D,0xB0,0x63,0x11,0x4D,
    0xB0,0x63,0x11,0x4D,0xB0,0x63,0x11,0x4D,0xB0,0x63,0x11,0x4D,0xB0,0x63,0x11,0x4D,0xB0,0x63,0x11,0x4D,0xB0,0x63,0x11,0x4D,0xB0,0x63,0x11,0x4D,0xB0,0x63,0x11,0x4D,0xB0,0x63,0x11,0x4D,0xB0,0x63,0x11,0x4D,0xB0,0x63,0x11,0x4D,0xB0,0x63,0x11,0x4D,0xB0,0x63,0x11,0x4D,0xB0,0x63,0x11,0x4D,0xB0,0x63,0x11,0x4D,0xB0,0x63,0x11,0x4D,
    0xB0,0x63,0x11,0x4D,0xB0,0x63,0x11,0x4D,0xB0,0x63,0x11,0x4D,0xB0,0x63,0x11,0x4D,0xB0,0x63,0x11,0x4D,0xB0,0x63,0x11,0x4D,0xB0,0x63,0x11,0x4D,0xB0,0x63,0x11,0x4D,0xB0,0x63,0x11,0x4D,0xB0,0x63,0x11,0x4D,0xB0,0x63,0x11,0x4D,0xB0,0x63,0x11,0x4D,0xB0,0x63,0x11,0x4D,0xB0,0x63,0x11,0x4D,0xB0,0x63,0x11,0x4D,0xB0,0x63,0x11,0x4D,
    0xB0,0x63,0x11,0x4D,0xB0,0x63,0x11,0x4D,0xB0,0x63,0x11,0x4D,0xB0,0x63,0x11,0x4D,0xB0,0x63,0x11,0x4D,0xB0,0x63,0x11,0x4D,0xB0,0x63,0x11,0x4D,0xB0,0x63,0x11,0x4D,0xB0,0x63,0x11,0x4D,0xB0,0x63,0x11,0x4D,0xB0,0x63,0x11,0x4D,0xB0,0x63,0x11,0x4D,0xB0,0x63,0x11,0x4D,0xB0,0x63,0x11,0x4D,0xB0,0x63,0x11,0x4D,0xB0,0x63,0x11,0x4D,
    0xB0,0x63,0x11,0x4D,0xB0,0x63,0x11,0x4D,0xB0,0x63,0x11,0x4D,0xB0,0x63,0x11,0x4D,0xB0,0x63,0x11,0x4D,0xB0,0x63,0x11,0x4D,0xB0,0x63,0x11,0x4D,0xB0,0x63,0x11,0x4D,0xB0,0x63,0x11,0x4D,0xB0,0x63,0x11,0x4D,0xB0,0x63,0x11,0x4D,0xB0,0x63,0x11,0x4D,0xB0,0x63,0x11,0x4D,0xB0,0x63,0x11,0x4D,0xB0,0x63,0x11,0x4D,0xB0,0x63,0x11,0x4D,
    0xB0,0x63,0x11,0x4D,0xB0,0x63,0x11,0x4D,0xB0,0x63,0x11,0x4D,0xB0,0x63,0x11,0x4D,0xB0,0x63,0x11,0x4D,0xB0,0x63,0x11,0x4D,0xB0,0x63,0x11,0x4D,0xB0,0x63,0x11,0x4D,0xB0,0x63,0x11,0x4D,0xB0,0x63,0x11,0x4D,0xB0,0x63,0x11,0x4D,0xB0,0x63,0x11,0x4D,0xB0,0x63,0x11,0x4D,0xB0,0x63,0x11,0x4D,0xB0,0x63,0x11,0x4D,0xB0,0x63,0x11,0x4D,
    0xB0,0x63,0x11,0x4D,0xB0,0x63,0x11,0x4D,0xB0,0x63,0x11,0x4D,0xB0,0x63,0x11,0x4D,0xB0,0x63,0x11,0x4D,0xB0,0x63,0x11,0x4D,0xB0,0x63,0x11,0x4D,0xB0,0x63,0x11,0x4D,0xB0,0x63,0x11,0x4D,0xB0,0x63,0x11,0x4D,0xB0,0x63,0x11,0x4D,0xB0,0x63,0x11,0x4D,0xB0,0x63,0x11,0x4D,0xB0,0x63,0x11,0x4D,0xB0,0x63,0x11,0x4D,0xB0,0x63,0x11,0x4D,
    0xB0,0x63,0x11,0x4D,0xB0,0x63,0x11,0x4D,0xB0,0x63,0x11,0x4D,0xB0,0x63,0x11,0x4D,0xB0,0x63,0x11,0x4D,0xB0,0x63,0x11,0x4D,0xB0,0x63,0x11,0x4D,0xB0,0x63,0x11,0x4D,0xB0,0x63,0x11,0x4D,0xB0,0x63,0x11,0x4D,0xB0,0x63,0x11,0x4D,0xB0,0x63,0x11,0x4D,0xB0,0x63,0x11,0x4D,0xB0,0x63,0x11,0x4D,0xB0,0x63,0x11,0x4D,0xB0,0x63,0x11,0x4D,
    0xB0,0x63,0x11,0x4D,0xB0,0x63,0x11,0x4D,0xB0,0x63,0x11,0x4D,0xB0,0x63,0x11,0x4D,0xB0,0x63,0x11,0x4D,0xB0,0x63,0x11,0x4D,0xB0,0x63,0x11,0x4D,0xB0,0x63,0x11,0x4D,0xB0,0x63,0x11,0x4D,0xB0,0x63,0x11,0x4D,0xB0,0x63,0x11,0x4D,0xB0,0x63,0x11,0x4D,0xB0,0x63,0x11,0x4D,0xB0,0x63,0x11,0x4D,0xB0,0x63,0x11,0x4D,0xB0,0x63,0x11,0x4D,
    0xB0,0x63,0x11,0x4D,0xB0,0x63,0x11,0x4D,0xB0,0x63,0x11,0x4D,0xB0,0x63,0x11,0x4D,0xB0,0x63,0x11,0x4D,0xB0,0x63,0x11,0x4D,0xB0,0x63,0x11,0x4D,0xB0,0x63,0x11,0x4D,0xB0,0x63,0x11,0x4D,0xB0,0x63,0x11,0x4D,0xB0,0x63,0x11,0x4D,0xB0,0x63,0x11,0x4D,0xB0,0x63,0x11,0x4D,0xB0,0x63,0x11,0x4D,0xB0,0x63,0x11,0x4D,0xB0,0x63,0x11,0x4D,
    0xB0,0x63,0x11,0x4D,0xB0,0x63,0x11,0x4D,0xB0,0x63,0x11,0x4D,0xB0,0x63,0x11,0x4D,0xB0,0x63,0x11,0x4D,0xB0,0x63,0x11,0x4D,0xB0,0x63,0x11,0x4D,0xB0,0x63,0x11,0x4D,0xB0,0x63,0x11,0x4D,0xB0,0x63,0x11,0x4D,0xB0,0x63,0x11,0x4D,0xB0,0x63,0x11,0x4D,0xB0,0x63,0x11,0x4D,0xB0,0x63,0x11,0x4D,0xB0,0x63,0x11,0x4D,0xB0,0x63,0x11,0x4D,
    0xB0,0x63,0x11,0x4D,0xB0,0x63,0x11,0x4D,0xB0,0x63,0x11,0x4D,0xB0,0x63,0x11,0x4D,0xB0,0x63,0x11,0x4D,0xB0,0x63,0x11,0x4D,0xB0,0x63,0x11,0x4D,0xB0,0x63,0x11,0x4D,0xB0,0x63,0x11,0x4D,0xB0,0x63,0x11,0x4D,0xB0,0x63,0x11,0x4D,0xB0,0x63,0x11,0x4D,0xB0,0x63,0x11,0x4D,0xB0,0x63,0x11,0x4D,0xB0,0x63,0x11,0x4D,0xB0,0x63,0x11,0x4D,
    0xB0,0x63,0x11,0x4D,0xB0,0x63,0x11,0x4D,0xB0,0x63,0x11,0x4D,0xB0,0x63,0x11,0x4D,0xB0,0x63,0x11,0x4D,0xB0,0x63,0x11,0x4D,0xB0,0x63,0x11,0x4D,0xB0,0x63,0x11,0x4D,0xB0,0x63,0x11,0x4D,0xB0,0x63,0x11,0x4D,0xB0,0x63,0x11,0x4D,0xB0,0x63,0x11,0x4D,0xB0,0x63,0x11,0x4D,0xB0,0x63,0x11,0x4D,0xB0,0x63,0x11,0x4D,0xB0,0x63,0x11,0x4D,
    0xB0,0x63,0x11,0x4D,0xB0,0x63,0x11,0x4D,0xB0,0x63,0x11,0x4D,0xB0,0x63,0x11,0x4D,0xB0,0x63,0x11,0x4D,0xB0,0x63,0x11,0x4D,0xB0,0x63,0x11,0x4D,0xB0,0x63,0x11,0x4D,0xB0,0x63,0x11,0x4D,0xB0,0x63,0x11,0x4D,0xB0,0x63,0x11,0x4D,0xB0,0x63,0x11,0x4D,0xB0,0x63,0x11,0x4D,0xB0,0x63,0x11,0x4D,0xB0,0x63,0x11,0x4D,0xB0,0x63,0x11,0x4D,
    0xB0,0x63,0x11,0x4D,0xB0,0x63,0x11,0x4D,0xB0,0x63,0x11,0x4D,0xB0,0x63,0x11,0x4D,0xB0,0x63,0x11,0x4D,0xB0,0x63,0x11,0x4D,0xB0,0x63,0x11,0x4D,0xB0,0x63,0x11,0x4D,0xB0,0x63,0x11,0x4D,0xB0,0x63,0x11,0x4D,0xB0,0x63,0x11,0x4D,0xB0,0x63,0x11,0x4D,0xB0,0x63,0x11,0x4D,0xB0,0x63,0x11,0x4D,0xB0,0x63,0x11,0x4D,0xB0,0x63,0x11,0x4D,
    0xB0,0x63,0x11,0x4D,0xB0,0x63,0x11,0x4D,0xB0,0x63,0x11,0x4D,0xB0,0x63,0x11,0x4D,0xB0,0x63,0x11,0x4D,0xB0,0x63,0x11,0x4D,0xB0,0x63,0x11,0x4D,0xB0,0x63,0x11,0x4D,0xB0,0x63,0x11,0x4D,0xB0,0x63,0x11,0x4D,0xB0,0x63,0x11,0x4D,0xB0,0x63,0x11,0x4D,0xB0,0x63,0x11,0x4D,0xB0,0x63,0x11,0x4D,0xB0,0x63,0x11,0x4D,0xB0,0x63,0x11,0x4D,
    0xB0,0x63,0x11,0x4D,0xB0,0x63,0x11,0x4D,0xB0,0x63,0x11,0x4D,0xB0,0x63,0x11,0x4D,0xB0,0x63,0x11,0x4D,0xB0,0x63,0x11,0x4D,0xB0,0x63,0x11,0x4D,0xB0,0x63,0x11,0x4D,0xB0,0x63,0x11,0x4D,0xB0,0x63,0x11,0x4D,0xB0,0x63,0x11,0x4D,0xB0,0x63,0x11,0x4D,0xB0,0x63,0x11,0x4D,0xB0,0x63,0x11,0x4D,0xB0,0x63,0x11,0x4D,0xB0,0x63,0x11,0x4D,
    0xB0,0x63,0x11,0x4D,0xB0,0x63,0x11,0x4D,0xB0,0x63,0x11,0x4D,0xB0,0x63,0x11,0x4D,0xB0,0x63,0x11,0x4D,0xB0,0x63,0x11,0x4D,0xB0,0x63,0x11,0x4D,0xB0,0x63,0x11,0x4D,0xB0,0x63,0x11,0x4D,0xB0,0x63,0x11,0x4D,0xB0,0x63,0x11,0x4D,0xB0,0x63,0x11,0x4D,0xB0,0x63,0x11,0x4D,0xB0,0x63,0x11,0x4D,0xB0,0x63,0x11,0x4D,0xB0,0x63,0x11,0x4D,
    0xB0,0x63,0x11,0x4D,0xB0,0x63,0x11,0x4D,0xB0,0x63,0x11,0x4D,0xB0,0x63,0x11,0x4D,0xB0,0x63,0x11,0x4D,0xB0,0x63,0x11,0x4D,0xB0,0x63,0x11,0x4D,0xB0,0x63,0x11,0x4D,0xB0,0x63,0x11,0x4D,0xB0,0x63,0x11,0x4D,0xB0,0x63,0x11,0x4D,0xB0,0x63,0x11,0x4D,0xB0,0x63,0x11,0x4D,0xB0,0x63,0x11,0x4D,0xB0,0x63,0x11,0x4D,0xB0,0x63,0x11,0x4D,
    0xB0,0x63,0x11,0x4D,0xB0,0x63,0x11,0x4D,0xB0,0x63,0x11,0x4D,0xB0,0x63,0x11,0x4D,0xB0,0x63,0x11,0x4D,0xB0,0x63,0x11,0x4D,0xB0,0x63,0x11,0x4D,0xB0,0x63,0x11,0x4D,0xB0,0x63,0x11,0x4D,0xB0,0x63,0x11,0x4D,0xB0,0x63,0x11,0x4D,0xB0,0x63,0x11,0x4D,0xB0,0x63,0x11,0x4D,0xB0,0x63,0x11,0x4D,0xB0,0x63,0x11,0x4D,0xB0,0x63,0x11,0x4D,
    0xB0,0x63,0x11,0x4D,0xB0,0x63,0x11,0x4D,0xB0,0x63,0x11,0x4D,0xB0,0x63,0x11,0x4D,0xB0,0x63,0x11,0x4D,0xB0,0x63,0x11,0x4D,0xB0,0x63,0x11,0x4D,0xB0,0x63,0x11,0x4D,0xB0,0x63,0x11,0x4D,0xB0,0x63,0x11,0x4D,0xB0,0x63,0x11,0x4D,0xB0,0x63,0x11,0x4D,0xB0,0x63,0x11,0x4D,0xB0,0x63,0x11,0x4D,0xB0,0x63,0x11,0x4D,0xB0,0x63,0x11,0x4D,
    0xB0,0x63,0x11,0x4D,0xB0,0x63,0x11,0x4D,0xB0,0x63,0x11,0x4D,0xB0,0x63,0x11,0x4D,0xB0,0x63,0x11,0x4D,0xB0,0x63,0x11,0x4D,0xB0,0x63,0x11,0x4D,0xB0,0x63,0x11,0x4D,0xB0,0x63,0x11,0x4D,0xB0,0x63,0x11,0x4D,0xB0,0x63,0x11,0x4D,0xB0,0x63,0x11,0x4D,0xB0,0x63,0x11,0x4D,0xB0,0x63,0x11,0x4D,0xB0,0x63,0x11,0x4D,0xB0,0x63,0x11,0x4D,
    0xB0,0x63,0x11,0x4D,0xB0,0x63,0x11,0x4D,0xB0,0x63,0x11,0x4D,0xB0,0x63,0x11,0x4D,0xB0,0x63,0x11,0x4D,0xB0,0x63,0x11,0x4D,0xB0,0x63,0x11,0x4D,0xB0,0x63,0x11,0x4D,0xB0,0x63,0x11,0x4D,0xB0,0x63,0x11,0x4D,0xB0,0x63,0x11,0x4D,0xB0,0x63,0x11,0x4D,0xB0,0x63,0x11,0x4D,0xB0,0x63,0x11,0x4D,0xB0,0x63,0x11,0x4D,0xB0,0x63,0x11,0x4D,
    0xB0,0x63,0x11,0x4D,0xB0,0x63,0x11,0x4D,0xB0,0x63,0x11,0x4D,0xB0,0x63,0x11,0x4D,0xB0,0x63,0x11,0x4D,0xB0,0x63,0x11,0x4D,0xB0,0x63,0x11,0x4D,0xB0,0x63,0x11,0x4D,0xB0,0x63,0x11,0x4D,0xB0,0x63,0x11,0x4D,0xB0,0x63,0x11,0x4D,0xB0,0x63,0x11,0x4D,0xB0,0x63,0x11,0x4D,0xB0,0x63,0x11,0x4D,0xB0,0x63,0x11,0x4D,0xB0,0x63,0x11,0x4D,
    0xB0,0x63,0x11,0x4D,0xB0,0x63,0x11,0x4D,0xB0,0x63,0x11,0x4D,0xB0,0x63,0x11,0x4D,0xB0,0x63,0x11,0x4D,0xB0,0x63,0x11,0x4D,0xB0,0x63,0x11,0x4D,0xB0,0x63,0x11,0x4D,0xB0,0x63,0x11,0x4D,0xB0,0x63,0x11,0x4D,0xB0,0x63,0x11,0x4D,0xB0,0x63,0x11,0x4D,0xB0,0x63,0x11,0x4D,0xB0,0x63,0x11,0x4D,0xB0,0x63,0x11,0x4D,0xB0,0x63,0x11,0x4D,
    0xB0,0x63,0x11,0x4D,0xB0,0x63,0x11,0x4D,0xB0,0x63,0x11,0x4D,0xB0,0x63,0x11,0x4D,0xB0,0x63,0x11,0x4D,0xB0,0x63,0x11,0x4D,0xB0,0x63,0x11,0x4D,0xB0,0x63,0x11,0x4D,0xB0,0x63,0x11,0x4D,0xB0,0x63,0x11,0x4D,0xB0,0x63,0x11,0x4D,0xB0,0x63,0x11,0x4D,0xB0,0x63,0x11,0x4D,0xB0,0x63,0x11,0x4D,0xB0,0x63,0x11,0x4D,0xB0,0x63,0x11,0x4D,
    0xB0,0x63,0x11,0x4D,0xB0,0x63,0x11,0x4D,0xB0,0x63,0x11,0x4D,0xB0,0x63,0x11,0x4D,0xB0,0x63,0x11,0x4D,0xB0,0x63,0x11,0x4D,0xB0,0x63,0x11,0x4D,0xB0,0x63,0x11,0x4D,0xB0,0x63,0x11,0x4D,0xB0,0x63,0x11,0x4D,0xB0,0x63,0x11,0x4D,0xB0,0x63,0x11,0x4D,0xB0,0x63,0x11,0x4D,0xB0,0x63,0x11,0x4D,0xB0,0x63,0x11,0x4D,0xB0,0x63,0x11,0x4D,
    0xB0,0x63,0x11,0x4D,0xB0,0x63,0x11,0x4D,0xB0,0x63,0x11,0x4D,0xB0,0x63,0x11,0x4D,0xB0,0x63,0x11,0x4D,0xB0,0x63,0x11,0x4D,0xB0,0x63,0x11,0x4D,0xB0,0x63,0x11,0x4D,0xB0,0x63,0x11,0x4D,0xB0,0x63,0x11,0x4D,0xB0,0x63,0x11,0x4D,0xB0,0x63,0x11,0x4D,0xB0,0x63,0x11,0x4D,0xB0,0x63,0x11,0x4D,0xB0,0x63,0x11,0x4D,0xB0,0x63,0x11,0x4D,
    0xB0,0x63,0x11,0x4D,0xB0,0x63,0x11,0x4D,0xB0,0x63,0x11,0x4D,0xB0,0x63,0x11,0x4D,0xB0,0x63,0x11,0x4D,0xB0,0x63,0x11,0x4D,0xB0,0x63,0x11,0x4D,0xB0,0x63,0x11,0x4D,0xB0,0x63,0x11,0x4D,0xB0,0x63,0x11,0x4D,0xB0,0x63,0x11,0x4D,0xB0,0x63,0x11,0x4D,0xB0,0x63,0x11,0x4D,0xB0,0x63,0x11,0x4D,0xB0,0x63,0x11,0x4D,0xB0,0x63,0x11,0x4D,
    0xB0,0x63,0x11,0x4D,0xB0,0x63,0x11,0x4D,0xB0,0x63,0x11,0x4D,0xB0,0x63,0x11,0x4D,0xB0,0x63,0x11,0x4D,0xB0,0x63,0x11,0x4D,0xB0,0x63,0x11,0x4D,0xB0,0x63,0x11,0x4D,0xB0,0x63,0x11,0x4D,0xB0,0x63,0x11,0x4D,0xB0,0x63,0x11,0x4D,0xB0,0x63,0x11,0x4D,0xB0,0x63,0x11,0x4D,0xB0,0x63,0x11,0x4D,0xB0,0x63,0x11,0x4D,0xB0,0x63,0x11,0x4D,
    0xB0,0x63,0x11,0x4D,0xB0,0x63,0x11,0x4D,0xB0,0x63,0x11,0x4D,0xB0,0x63,0x11,0x4D,0xB0,0x63,0x11,0x4D,0xB0,0x63,0x11,0x4D,0xB0,0x63,0x11,0x4D,0xB0,0x63,0x11,0x4D,0xB0,0x63,0x11,0x4D,0xB0,0x63,0x11,0x4D,0xB0,0x63,0x11,0x4D,0xB0,0x63,0x11,0x4D,0xB0,0x63,0x11,0x4D,0xB0,0x63,0x11,0x4D,0xB0,0x63,0x11,0x4D,0xB0,0x63,0x11,0x4D,
    0xB0,0x63,0x11,0x4D,0xB0,0x63,0x11,0x4D,0xB0,0x63,0x11,0x4D,0xB0,0x63,0x11,0x4D,0xB0,0x63,0x11,0x4D,0xB0,0x63,0x11,0x4D,0xB0,0x63,0x11,0x4D,0xB0,0x63,0x11,0x4D,0xB0,0x63,0x11,0x4D,0xB0,0x63,0x11,0x4D,0xB0,0x63,0x11,0x4D,0xB0,0x63,0x11,0x4D,0xB0,0x63,0x11,0x4D,0xB0,0x63,0x11,0x4D,0xB0,0x63,0x11,0x4D,0xB0,0x63,0x11,0x4D,
    0xB0,0x63,0x11,0x4D,0xB0,0x63,0x11,0x4D,0xB0,0x63,0x11,0x4D,0xB0,0x63,0x11,0x4D,0xB0,0x63,0x11,0x4D,0xB0,0x63,0x11,0x4D,0xB0,0x63,0x11,0x4D,0xB0,0x63,0x11,0x4D,0xB0,0x63,0x11,0x4D,0xB0,0x63,0x11,0x4D,0xB0,0x63,0x11,0x4D,0xB0,0x63,0x11,0x4D,0xB0,0x63,0x11,0x4D,0xB0,0x63,0x11,0x4D,0xB0,0x63,0x11,0x4D,0xB0,0x63,0x11,0x4D,
    0xB0,0x63,0x11,0x4D,0xB0,0x63,0x11,0x4D,0xB0,0x63,0x11,0x4D,0xB0,0x63,0x11,0x4D,0xB0,0x63,0x11,0x4D,0xB0,0x63,0x11,0x4D,0xB0,0x63,0x11,0x4D,0xB0,0x63,0x11,0x4D,0xB0,0x63,0x11,0x4D,0xB0,0x63,0x11,0x4D,0xB0,0x63,0x11,0x4D,0xB0,0x63,0x11,0x4D,0xB0,0x63,0x11,0x4D,0xB0,0x63,0x11,0x4D,0xB0,0x63,0x11,0x4D,0xB0,0x63,0x11,0x4D,
    0xB0,0x63,0x11,0x4D,0xB0,0x63,0x11,0x4D,0xB0,0x63,0x11,0x4D,0xB0,0x63,0x11,0x4D,0xB0,0x63,0x11,0x4D,0xB0,0x63,0x11,0x4D,0xB0,0x63,0x11,0x4D,0xB0,0x63,0x11,0x4D,0xB0,0x63,0x11,0x4D,0xB0,0x63,0x11,0x4D,0xB0,0x63,0x11,0x4D,0xB0,0x63,0x11,0x4D,0xB0,0x63,0x11,0x4D,0xB0,0x63,0x11,0x4D,0xB0,0x63,0x11,0x4D,0xB0,0x63,0x11,0x4D,
    0xB0,0x63,0x11,0x4D,0xB0,0x63,0x11,0x4D,0xB0,0x63,0x11,0x4D,0xB0,0x63,0x11,0x4D,0xB0,0x63,0x11,0x4D,0xB0,0x63,0x11,0x4D,0xB0,0x63,0x11,0x4D,0xB0,0x63,0x11,0x4D,0xB0,0x63,0x11,0x4D,0xB0,0x63,0x11,0x4D,0xB0,0x63,0x11,0x4D,0xB0,0x63,0x11,0x4D,0xB0,0x63,0x11,0x4D,0xB0,0x63,0x11,0x4D,0xB0,0x63,0x11,0x4D,0xB0,0x63,0x11,0x4D,
    0xB0,0x63,0x11,0x4D,0xB0,0x63,0x11,0x4D,0xB0,0x63,0x11,0x4D,0xB0,0x63,0x11,0x4D,0xB0,0x63,0x11,0x4D,0xB0,0x63,0x11,0x4D,0xB0,0x63,0x11,0x4D,0xB0,0x63,0x11,0x4D,0xB0,0x63,0x11,0x4D,0xB0,0x63,0x11,0x4D,0xB0,0x63,0x11,0x4D,0xB0,0x63,0x11,0x4D,0xB0,0x63,0x11,0x4D,0xB0,0x63,0x11,0x4D,0xB0,0x63,0x11,0x4D,0xB0,0x63,0x11,0x4D,
    0xB0,0x63,0x11,0x4D,0xB0,0x63,0x11,0x4D,0xB0,0x63,0x11,0x4D,0xB0,0x63,0x11,0x4D,0xB0,0x63,0x11,0x4D,0xB0,0x63,0x11,0x4D,0xB0,0x63,0x11,0x4D,0xB0,0x63,0x11,0x4D,0xB0,0x63,0x11,0x4D,0xB0,0x63,0x11,0x4D,0xB0,0x63,0x11,0x4D,0xB0,0x63,0x11,0x4D,0xB0,0x63,0x11,0x4D,0xB0,0x63,0x11,0x4D,0xB0,0x63,0x11,0x4D,0xB0,0x63,0x11,0x4D,
    0xB0,0x63,0x11,0x4D,0xB0,0x63,0x11,0x4D,0xB0,0x63,0x11,0x4D,0xB0,0x63,0x11,0x4D,0xB0,0x63,0x11,0x4D,0xB0,0x63,0x11,0x4D,0xB0,0x63,0x11,0x4D,0xB0,0x63,0x11,0x4D,0xB0,0x63,0x11,0x4D,0xB0,0x63,0x11,0x4D,0xB0,0x63,0x11,0x4D,0xB0,0x63,0x11,0x4D,0xB0,0x63,0x11,0x4D,0xB0,0x63,0x11,0x4D,0xB0,0x63,0x11,0x4D,0xB0,0x63,0x11,0x4D,
    0xB0,0x63,0x11,0x4D,0xB0,0x63,0x11,0x4D,0xB0,0x63,0x11,0x4D,0xB0,0x63,0x11,0x4D,0xB0,0x63,0x11,0x4D,0xB0,0x63,0x11,0x4D,0xB0,0x63,0x11,0x4D,0xB0,0x63,0x11,0x4D,0xB0,0x63,0x11,0x4D,0xB0,0x63,0x11,0x4D,0xB0,0x63,0x11,0x4D,0xB0,0x63,0x11,0x4D,0xB0,0x63,0x11,0x4D,0xB0,0x63,0x11,0x4D,0xB0,0x63,0x11,0x4D,0xB0,0x63,0x11,0x4D,
    0xB0,0x63,0x11,0x4D,0xB0,0x63,0x11,0x4D,0xB0,0x63,0x11,0x4D,0xB0,0x63,0x11,0x4D,0xB0,0x63,0x11,0x4D,0xB0,0x63,0x11,0x4D,0xB0,0x63,0x11,0x4D,0xB0,0x63,0x11,0x4D,0xB0,0x63,0x11,0x4D,0xB0,0x63,0x11,0x4D,0xB0,0x63,0x11,0x4D,0xB0,0x63,0x11,0x4D,0xB0,0x63,0x11,0x4D,0xB0,0x63,0x11,0x4D,0xB0,0x63,0x11,0x4D,0xB0,0x63,0x11,0x4D,
    0xB0,0x63,0x11,0x4D,0xB0,0x63,0x11,0x4D,0xB0,0x63,0x11,0x4D,0xB0,0x63,0x11,0x4D,0xB0,0x63,0x11,0x4D,0xB0,0x63,0x11,0x4D,0xB0,0x63,0x11,0x4D,0xB0,0x63,0x11,0x4D,0xB0,0x63,0x11,0x4D,0xB0,0x63,0x11,0x4D,0xB0,0x63,0x11,0x4D,0xB0,0x63,0x11,0x4D,0xB0,0x63,0x11,0x4D,0xB0,0x63,0x11,0x4D,0xB0,0x63,0x11,0x4D,0xB0,0x63,0x11,0x4D,
    0xB0,0x63,0x11,0x4D,0xB0,0x63,0x11,0x4D,0xB0,0x63,0x11,0x4D,0xB0,0x63,0x11,0x4D,0xB0,0x63,0x11,0x4D,0xB0,0x63,0x11,0x4D,0xB0,0x63,0x11,0x4D,0xB0,0x63,0x11,0x4D,0xB0,0x63,0x11,0x4D,0xB0,0x63,0x11,0x4D,0xB0,0x63,0x11,0x4D,0xB0,0x63,0x11,0x4D,0xB0,0x63,0x11,0x4D,0xB0,0x63,0x11,0x4D,0xB0,0x63,0x11,0x4D,0xB0,0x63,0x11,0x4D,
    0xB0,0x63,0x11,0x4D,0xB0,0x63,0x11,0x4D,0xB0,0x63,0x11,0x4D,0xB0,0x63,0x11,0x4D,0xB0,0x63,0x11,0x4D,0xB0,0x63,0x11,0x4D,0xB0,0x63,0x11,0x4D,0xB0,0x63,0x11,0x4D,0xB0,0x63,0x11,0x4D,0xB0,0x63,0x11,0x4D,0xB0,0x63,0x11,0x4D,0xB0,0x63,0x11,0x4D,0xB0,0x63,0x11,0x4D,0xB0,0x63,0x11,0x4D,0xB0,0x63,0x11,0x4D,0xB0,0x63,0x11,0x4D,
    0xB0,0x63,0x11,0x4D,0xB0,0x63,0x11,0x4D,0xB0,0x63,0x11,0x4D,0xB0,0x63,0x11,0x4D,0xB0,0x63,0x11,0x4D,0xB0,0x63,0x11,0x4D,0xB0,0x63,0x11,0x4D,0xB0,0x63,0x11,0x4D,0xB0,0x63,0x11,0x4D,0xB0,0x63,0x11,0x4D,0xB0,0x63,0x11,0x4D,0xB0,0x63,0x11,0x4D,0xB0,0x63,0x11,0x4D,0xB0,0x63,0x11,0x4D,0xB0,0x63,0x11,0x4D,0xB0,0x63,0x11,0x4D,
    0xB0,0x63,0x11,0x4D,0xB0,0x63,0x11,0x4D,0xB0,0x63,0x11,0x4D,0xB0,0x63,0x11,0x4D,0xB0,0x63,0x11,0x4D,0xB0,0x63,0x11,0x4D,0xB0,0x63,0x11,0x4D,0xB0,0x63,0x11,0x4D,0xB0,0x63,0x11,0x4D,0xB0,0x63,0x11,0x4D,0xB0,0x63,0x11,0x4D,0xB0,0x63,0x11,0x4D,0xB0,0x63,0x11,0x4D,0xB0,0x63,0x11,0x4D,0xB0,0x63,0x11,0x4D,0xB0,0x63,0x11,0x4D,
    0xB0,0x63,0x11,0x4D,0xB0,0x63,0x11,0x4D,0xB0,0x63,0x11,0x4D,0xB0,0x63,0x11,0x4D,0xB0,0x63,0x11,0x4D,0xB0,0x63,0x11,0x4D,0xB0,0x63,0x11,0x4D,0xB0,0x63,0x11,0x4D,0xB0,0x63,0x11,0x4D,0xB0,0x63,0x11,0x4D,0xB0,0x63,0x11,0x4D,0xB0,0x63,0x11,0x4D,0xB0,0x63,0x11,0x4D,0xB0,0x63,0x11,0x4D,0xB0,0x63,0x11,0x4D,0xB0,0x63,0x11,0x4D,
    0xB0,0x63,0x11,0x4D,0xB0,0x63,0x11,0x4D,0xB0,0x63,0x11,0x4D,0xB0,0x63,0x11,0x4D,0xB0,0x63,0x11,0x4D,0xB0,0x63,0x11,0x4D,0xB0,0x63,0x11,0x4D,0xB0,0x63,0x11,0x4D,0xB0,0x63,0x11,0x4D,0xB0,0x63,0x11,0x4D,0xB0,0x63,0x11,0x4D,0xB0,0x63,0x11,0x4D,0xB0,0x63,0x11,0x4D,0xB0,0x63,0x11,0x4D,0xB0,0x63,0x11,0x4D,0xB0,0x63,0x11,0x4D,
    0xB0,0x63,0x11,0x4D,0xB0,0x63,0x11,0x4D,0xB0,0x63,0x11,0x4D,0xB0,0x63,0x11,0x4D,0xB0,0x63,0x11,0x4D,0xB0,0x63,0x11,0x4D,0xB0,0x63,0x11,0x4D,0xB0,0x63,0x11,0x4D,0xB0,0x63,0x11,0x4D,0xB0,0x63,0x11,0x4D,0xB0,0x63,0x11,0x4D,0xB0,0x63,0x11,0x4D,0xB0,0x63,0x11,0x4D,0xB0,0x63,0x11,0x4D,0xB0,0x63,0x11,0x4D,0xB0,0x63,0x11,0x4D,
    0xB0,0x63,0x11,0x4D,0xB0,0x63,0x11,0x4D,0xB0,0x63,0x11,0x4D,0xB0,0x63,0x11,0x4D,0xB0,0x63,0x11,0x4D,0xB0,0x63,0x11,0x4D,0xB0,0x63,0x11,0x4D,0xB0,0x63,0x11,0x4D,0xB0,0x63,0x11,0x4D,0xB0,0x63,0x11,0x4D,0xB0,0x63,0x11,0x4D,0xB0,0x63,0x11,0x4D,0xB0,0x63,0x11,0x4D,0xB0,0x63,0x11,0x4D,0xB0,0x63,0x11,0x4D,0xB0,0x63,0x11,0x4D,
    0xB0,0x63,0x11,0x4D,0xB0,0x63,0x11,0x4D,0xB0,0x63,0x11,0x4D,0xB0,0x63,0x11,0x4D,0xB0,0x63,0x11,0x4D,0xB0,0x63,0x11,0x4D,0xB0,0x63,0x11,0x4D,0xB0,0x63,0x11,0x4D,0xB0,0x63,0x11,0x4D,0xB0,0x63,0x11,0x4D,0xB0,0x63,0x11,0x4D,0xB0,0x63,0x11,0x4D,0xB0,0x63,0x11,0x4D,0xB0,0x63,0x11,0x4D,0xB0,0x63,0x11,0x4D,0xB0,0x63,0x11,0x4D,
    0xB0,0x63,0x11,0x4D,0xB0,0x63,0x11,0x4D,0xB0,0x63,0x11,0x4D,0xB0,0x63,0x11,0x4D,0xB0,0x63,0x11,0x4D,0xB0,0x63,0x11,0x4D,0xB0,0x63,0x11,0x4D,0xB0,0x63,0x11,0x4D,0xB0,0x63,0x11,0x4D,0xB0,0x63,0x11,0x4D,0xB0,0x63,0x11,0x4D,0xB0,0x63,0x11,0x4D,0xB0,0x63,0x11,0x4D,0xB0,0x63,0x11,0x4D,0xB0,0x63,0x11,0x4D,0xB0,0x63,0x11,0x4D,
    0xB0,0x63,0x11,0x4D,0xB0,0x63,0x11,0x4D,0xB0,0x63,0x11,0x4D,0xB0,0x63,0x11,0x4D,0xB0,0x63,0x11,0x4D,0xB0,0x63,0x11,0x4D,0xB0,0x63,0x11,0x4D,0xB0,0x63,0x11,0x4D,0xB0,0x63,0x11,0x4D,0xB0,0x63,0x11,0x4D,0xB0,0x63,0x11,0x4D,0xB0,0x63,0x11,0x4D,0xB0,0x63,0x11,0x4D,0xB0,0x63,0x11,0x4D,0xB0,0x63,0x11,0x4D,0xB0,0x63,0x11,0x4D,
    0xB0,0x63,0x11,0x4D,0xB0,0x63,0x11,0x4D,0xB0,0x63,0x11,0x4D,0xB0,0x63,0x11,0x4D,0xB0,0x63,0x11,0x4D,0xB0,0x63,0x11,0x4D,0xB0,0x63,0x11,0x4D,0xB0,0x63,0x11,0x4D,0xB0,0x63,0x11,0x4D,0xB0,0x63,0x11,0x4D,0xB0,0x63,0x11,0x4D,0xB0,0x63,0x11,0x4D,0xB0,0x63,0x11,0x4D,0xB0,0x63,0x11,0x4D,0xB0,0x63,0x11,0x4D,0xB0,0x63,0x11,0x4D,
    0xB0,0x63,0x11,0x4D,0xB0,0x63,0x11,0x4D,0xB0,0x63,0x11,0x4D,0xB0,0x63,0x11,0x4D,0xB0,0x63,0x11,0x4D,0xB0,0x63,0x11,0x4D,0xB0,0x63,0x11,0x4D,0xB0,0x63,0x11,0x4D,0xB0,0x63,0x11,0x4D,0xB0,0x63,0x11,0x4D,0xB0,0x63,0x11,0x4D,0xB0,0x63,0x11,0x4D,0xB0,0x63,0x11,0x4D,0xB0,0x63,0x11,0x4D,0xB0,0x63,0x11,0x4D,0xB0,0x63,0x11,0x4D,
    0xB0,0x63,0x11,0x4D,0xB0,0x63,0x11,0x4D,0xB0,0x63,0x11,0x4D,0xB0,0x63,0x11,0x4D,0xB0,0x63,0x11,0x4D,0xB0,0x63,0x11,0x4D,0xB0,0x63,0x11,0x4D,0xB0,0x63,0x11,0x4D,0xB0,0x63,0x11,0x4D,0xB0,0x63,0x11,0x4D,0xB0,0x63,0x11,0x4D,0xB0,0x63,0x11,0x4D,0xB0,0x63,0x11,0x4D,0xB0,0x63,0x11,0x4D,0xB0,0x63,0x11,0x4D,0xB0,0x63,0x11,0x4D,
    0xB0,0x63,0x11,0x4D,0xB0,0x63,0x11,0x4D,0xB0,0x63,0x11,0x4D,0xB0,0x63,0x11,0x4D,0xB0,0x63,0x11,0x4D,0xB0,0x63,0x11,0x4D,0xB0,0x63,0x11,0x4D,0xB0,0x63,0x11,0x4D,0xB0,0x63,0x11,0x4D,0xB0,0x63,0x11,0x4D,0xB0,0x63,0x11,0x4D,0xB0,0x63,0x11,0x4D,0xB0,0x63,0x11,0x4D,0xB0,0x63,0x11,0x4D,0xB0,0x63,0x11,0x4D,0xB0,0x63,0x11,0x4D,
    0xB0,0x63,0x11,0x4D,0xB0,0x63,0x11,0x4D,0xB0,0x63,0x11,0x4D,0xB0,0x63,0x11,0x4D,0xB0,0x63,0x11,0x4D,0xB0,0x63,0x11,0x4D,0xB0,0x63,0x11,0x4D,0xB0,0x63,0x11,0x4D,0xB0,0x63,0x11,0x4D,0xB0,0x63,0x11,0x4D,0xB0,0x63,0x11,0x4D,0xB0,0x63,0x11,0x4D,0xB0,0x63,0x11,0x4D,0xB0,0x63,0x11,0x4D,0xB0,0x63,0x11,0x4D,0xB0,0x63,0x11,0x4D,
    0xB0,0x63,0x11,0x4D,0xB0,0x63,0x11,0x4D,0xB0,0x63,0x11,0x4D,0xB0,0x63,0x11,0x4D,0xB0,0x63,0x11,0x4D,0xB0,0x63,0x11,0x4D,0xB0,0x63,0x11,0x4D,0xB0,0x63,0x11,0x4D,0xB0,0x63,0x11,0x4D,0xB0,0x63,0x11,0x4D,0xB0,0x63,0x11,0x4D,0xB0,0x63,0x11,0x4D,0xB0,0x63,0x11,0x4D,0xB0,0x63,0x11,0x4D,0xB0,0x63,0x11,0x4D,0xB0,0x63,0x11,0x4D,
    0xB0,0x63,0x11,0x4D,0xB0,0x63,0x11,0x4D,0xB0,0x63,0x11,0x4D,0xB0,0x63,0x11,0x4D,0xB0,0x63,0x11,0x4D,0xB0,0x63,0x11,0x4D,0xB0,0x63,0x11,0x4D,0xB0,0x63,0x11,0x4D,0xB0,0x63,0x11,0x4D,0xB0,0x63,0x11,0x4D,0xB0,0x63,0x11,0x4D,0xB0,0x63,0x11,0x4D,0xB0,0x63,0x11,0x4D,0xB0,0x63,0x11,0x4D,0xB0,0x63,0x11,0x4D,0xB0,0x63,0x11,0x4D,
    0xB0,0x63,0x11,0x4D,0xB0,0x63,0x11,0x4D,0xB0,0x63,0x11,0x4D,0xB0,0x63,0x11,0x4D,0xB0,0x63,0x11,0x4D,0xB0,0x63,0x11,0x4D,0xB0,0x63,0x11,0x4D,0xB0,0x63,0x11,0x4D,0xB0,0x63,0x11,0x4D,0xB0,0x63,0x11,0x4D,0xB0,0x63,0x11,0x4D,0xB0,0x63,0x11,0x4D,0xB0,0x63,0x11,0x4D,0xB0,0x63,0x11,0x4D,0xB0,0x63,0x11,0x4D,0xB0,0x63,0x11,0x4D,
    0xB0,0x63,0x11,0x4D,0xB0,0x63,0x11,0x4D,0xB0,0x63,0x11,0x4D,0xB0,0x63,0x11,0x4D,0xB0,0x63,0x11,0x4D,0xB0,0x63,0x11,0x4D,0xB0,0x63,0x11,0x4D,0xB0,0x63,0x11,0x4D,0xB0,0x63,0x11,0x4D,0xB0,0x63,0x11,0x4D,0xB0,0x63,0x11,0x4D,0xB0,0x63,0x11,0x4D,0xB0,0x63,0x11,0x4D,0xB0,0x63,0x11,0x4D,0xB0,0x63,0x11,0x4D,0xB0,0x63,0x11,0x4D,
    0xB0,0x63,0x11,0x4D,0xB0,0x63,0x11,0x4D,0xB0,0x63,0x11,0x4D,0xB0,0x63,0x11,0x4D,0xB0,0x63,0x11,0x4D,0xB0,0x63,0x11,0x4D,0xB0,0x63,0x11,0x4D,0xB0,0x63,0x11,0x4D,0xB0,0x63,0x11,0x4D,0xB0,0x63,0x11,0x4D,0xB0,0x63,0x11,0x4D,0xB0,0x63,0x11,0x4D,0xB0,0x63,0x11,0x4D,0xB0,0x63,0x11,0x4D,0xB0,0x63,0x11,0x4D,0xB0,0x63,0x11,0x4D,
    0xB0,0x63,0x11,0x4D,0xB0,0x63,0x11,0x4D,0xB0,0x63,0x11,0x4D,0xB0,0x63,0x11,0x4D,0xB0,0x63,0x11,0x4D,0xB0,0x63,0x11,0x4D,0xB0,0x63,0x11,0x4D,0xB0,0x63,0x11,0x4D,0xB0,0x63,0x11,0x4D,0xB0,0x63,0x11,0x4D,0xB0,0x63,0x11,0x4D,0xB0,0x63,0x11,0x4D,0xB0,0x63,0x11,0x4D,0xB0,0x63,0x11,0x4D,0xB0,0x63,0x11,0x4D,0xB0,0x63,0x11,0x4D,
    0xB0,0x63,0x11,0x4D,0xB0,0x63,0x11,0x4D,0xB0,0x63,0x11,0x4D,0xB0,0x63,0x11,0x4D,0xB0,0x63,0x11,0x4D,0xB0,0x63,0x11,0x4D,0xB0,0x63,0x11,0x4D,0xB0,0x63,0x11,0x4D,0xB0,0x63,0x11,0x4D,0xB0,0x63,0x11,0x4D,0xB0,0x63,0x11,0x4D,0xB0,0x63,0x11,0x4D,0xB0,0x63,0x11,0x4D,0xB0,0x63,0x11,0x4D,0xB0,0x63,0x11,0x4D,0xB0,0x63,0x11,0x4D,
    0xB0,0x63,0x11,0x4D,0xB0,0x63,0x11,0x4D,0xB0,0x63,0x11,0x4D,0xB0,0x63,0x11,0x4D,0xB0,0x63,0x11,0x4D,0xB0,0x63,0x11,0x4D,0xB0,0x63,0x11,0x4D,0xB0,0x63,0x11,0x4D,0xB0,0x63,0x11,0x4D,0xB0,0x63,0x11,0x4D,0xB0,0x63,0x11,0x4D,0xB0,0x63,0x11,0x4D,0xB0,0x63,0x11,0x4D,0xB0,0x63,0x11,0x4D,0xB0,0x63,0x11,0x4D,0xB0,0x63,0x11,0x4D,
    0xB0,0x63,0x11,0x4D,0xB0,0x63,0x11,0x4D,0xB0,0x63,0x11,0x4D,0xB0,0x63,0x11,0x4D,0xB0,0x63,0x11,0x4D,0xB0,0x63,0x11,0x4D,0xB0,0x63,0x11,0x4D,0xB0,0x63,0x11,0x4D,0xB0,0x63,0x11,0x4D,0xB0,0x63,0x11,0x4D,0xB0,0x63,0x11,0x4D,0xB0,0x63,0x11,0x4D,0xB0,0x63,0x11,0x4D,0xB0,0x63,0x11,0x4D,0xB0,0x63,0x11,0x4D,0xB0,0x63,0x11,0x4D,
    0xB0,0x63,0x11,0x4D,0xB0,0x63,0x11,0x4D,0xB0,0x63,0x11,0x4D,0xB0,0x63,0x11,0x4D,0xB0,0x63,0x11,0x4D,0xB0,0x63,0x11,0x4D,0xB0,0x63,0x11,0x4D,0xB0,0x63,0x11,0x4D,0xB0,0x63,0x11,0x4D,0xB0,0x63,0x11,0x4D,0xB0,0x63,0x11,0x4D,0xB0,0x63,0x11,0x4D,0xB0,0x63,0x11,0x4D,0xB0,0x63,0x11,0x4D,0xB0,0x63,0x11,0x4D,0xB0,0x63,0x11,0x4D,
    0xB0,0x63,0x11,0x4D,0xB0,0x63,0x11,0x4D,0xB0,0x63,0x11,0x4D,0xB0,0x63,0x11,0x4D,0xB0,0x63,0x11,0x4D,0xB0,0x63,0x11,0x4D,0xB0,0x63,0x11,0x4D,0xB0,0x63,0x11,0x4D,0xB0,0x63,0x11,0x4D,0xB0,0x63,0x11,0x4D,0xB0,0x63,0x11,0x4D,0xB0,0x63,0x11,0x4D,0xB0,0x63,0x11,0x4D,0xB0,0x63,0x11,0x4D,0xB0,0x63,0x11,0x4D,0xB0,0x63,0x11,0x4D,
    0xB0,0x63,0x11,0x4D,0xB0,0x63,0x11,0x4D,0xB0,0x63,0x11,0x4D,0xB0,0x63,0x11,0x4D,0xB0,0x63,0x11,0x4D,0xB0,0x63,0x11,0x4D,0xB0,0x63,0x11,0x4D,0xB0,0x63,0x11,0x4D,0xB0,0x63,0x11,0x4D,0xB0,0x63,0x11,0x4D,0xB0,0x63,0x11,0x4D,0xB0,0x63,0x11,0x4D,0xB0,0x63,0x11,0x4D,0xB0,0x63,0x11,0x4D,0xB0,0x63,0x11,0x4D,0xB0,0x63,0x11,0x4D,
    0xB0,0x63,0x11,0x4D,0xB0,0x63,0x11,0x4D,0xB0,0x63,0x11,0x4D,0xB0,0x63,0x11,0x4D,0xB0,0x63,0x11,0x4D,0xB0,0x63,0x11,0x4D,0xB0,0x63,0x11,0x4D,0xB0,0x63,0x11,0x4D,0xB0,0x63,0x11,0x4D,0xB0,0x63,0x11,0x4D,0xB0,0x63,0x11,0x4D,0xB0,0x63,0x11,0x4D,0xB0,0x63,0x11,0x4D,0xB0,0x63,0x11,0x4D,0xB0,0x63,0x11,0x4D,0xB0,0x63,0x11,0x4D,
    0xB0,0x63,0x11,0x4D,0xB0,0x63,0x11,0x4D,0xB0,0x63,0x11,0x4D,0xB0,0x63,0x11,0x4D,0xB0,0x63,0x11,0x4D,0xB0,0x63,0x11,0x4D,0xB0,0x63,0x11,0x4D,0xB0,0x63,0x11,0x4D,0xB0,0x63,0x11,0x4D,0xB0,0x63,0x11,0x4D,0xB0,0x63,0x11,0x4D,0xB0,0x63,0x11,0x4D,0xB0,0x63,0x11,0x4D,0xB0,0x63,0x11,0x4D,0xB0,0x63,0x11,0x4D,0xB0,0x63,0x11,0x4D,
    0xB0,0x63,0x11,0x4D,0xB0,0x63,0x11,0x4D,0xB0,0x63,0x11,0x4D,0xB0,0x63,0x11,0x4D,0xB0,0x63,0x11,0x4D,0xB0,0x63,0x11,0x4D,0xB0,0x63,0x11,0x4D,0xB0,0x63,0x11,0x4D,0xB0,0x63,0x11,0x4D,0xB0,0x63,0x11,0x4D,0xB0,0x63,0x11,0x4D,0xB0,0x63,0x11,0x4D,0xB0,0x63,0x11,0x4D,0xB0,0x63,0x11,0x4D,0xB0,0x63,0x11,0x4D,0xB0,0x63,0x11,0x4D,
    0xB0,0x63,0x11,0x4D,0xB0,0x63,0x11,0x4D,0xB0,0x63,0x11,0x4D,0xB0,0x63,0x11,0x4D,0xB0,0x63,0x11,0x4D,0xB0,0x63,0x11,0x4D,0xB0,0x63,0x11,0x4D,0xB0,0x63,0x11,0x4D,0xB0,0x63,0x11,0x4D,0xB0,0x63,0x11,0x4D,0xB0,0x63,0x11,0x4D,0xB0,0x63,0x11,0x4D,0xB0,0x63,0x11,0x4D,0xB0,0x63,0x11,0x4D,0xB0,0x63,0x11,0x4D,0xB0,0x63,0x11,0x4D,
    0xB0,0x63,0x11,0x4D,0xB0,0x63,0x11,0x4D,0xB0,0x63,0x11,0x4D,0xB0,0x63,0x11,0x4D,0xB0,0x63,0x11,0x4D,0xB0,0x63,0x11,0x4D,0xB0,0x63,0x11,0x4D,0xB0,0x63,0x11,0x4D,0xB0,0x63,0x11,0x4D,0xB0,0x63,0x11,0x4D,0xB0,0x63,0x11,0x4D,0xB0,0x63,0x11,0x4D,0xB0,0x63,0x11,0x4D,0xB0,0x63,0x11,0x4D,0xB0,0x63,0x11,0x4D,0xB0,0x63,0x11,0x4D,
    0xB0,0x63,0x11,0x4D,0xB0,0x63,0x11,0x4D,0xB0,0x63,0x11,0x4D,0xB0,0x63,0x11,0x4D,0xB0,0x63,0x11,0x4D,0xB0,0x63,0x11,0x4D,0xB0,0x63,0x11,0x4D,0xB0,0x63,0x11,0x4D,0xB0,0x63,0x11,0x4D,0xB0,0x63,0x11,0x4D,0xB0,0x63,0x11,0x4D,0xB0,0x63,0x11,0x4D,0xB0,0x63,0x11,0x4D,0xB0,0x63,0x11,0x4D,0xB0,0x63,0x11,0x4D,0xB0,0x63,0x11,0x4D,
    0xB0,0x63,0x11,0x4D,0xB0,0x63,0x11,0x4D,0xB0,0x63,0x11,0x4D,0xB0,0x63,0x11,0x4D,0xB0,0x63,0x11,0x4D,0xB0,0x63,0x11,0x4D,0xB0,0x63,0x11,0x4D,0xB0,0x63,0x11,0x4D,0xB0,0x63,0x11,0x4D,0xB0,0x63,0x11,0x4D,0xB0,0x63,0x11,0x4D,0xB0,0x63,0x11,0x4D,0xB0,0x63,0x11,0x4D,0xB0,0x63,0x11,0x4D,0xB0,0x63,0x11,0x4D,0xB0,0x63,0x11,0x4D,
    0xB0,0x63,0x11,0x4D,0xB0,0x63,0x11,0x4D,0xB0,0x63,0x11,0x4D,0xB0,0x63,0x11,0x4D,0xB0,0x63,0x11,0x4D,0xB0,0x63,0x11,0x4D,0xB0,0x63,0x11,0x4D,0xB0,0x63,0x11,0x4D,0xB0,0x63,0x11,0x4D,0xB0,0x63,0x11,0x4D,0xB0,0x63,0x11,0x4D,0xB0,0x63,0x11,0x4D,0xB0,0x63,0x11,0x4D,0xB0,0x63,0x11,0x4D,0xB0,0x63,0x11,0x4D,0xB0,0x63,0x11,0x4D,
    0xB0,0x63,0x11,0x4D,0xB0,0x63,0x11,0x4D,0xB0,0x63,0x11,0x4D,0xB0,0x63,0x11,0x4D,0xB0,0x63,0x11,0x4D,0xB0,0x63,0x11,0x4D,0xB0,0x63,0x11,0x4D,0xB0,0x63,0x11,0x4D,0xB0,0x63,0x11,0x4D,0xB0,0x63,0x11,0x4D,0xB0,0x63,0x11,0x4D,0xB0,0x63,0x11,0x4D,0xB0,0x63,0x11,0x4D,0xB0,0x63,0x11,0x4D,0xB0,0x63,0x11,0x4D,0xB0,0x63,0x11,0x4D,
    0xB0,0x63,0x11,0x4D,0xB0,0x63,0x11,0x4D,0xB0,0x63,0x11,0x4D,0xB0,0x63,0x11,0x4D,0xB0,0x63,0x11,0x4D,0xB0,0x63,0x11,0x4D,0xB0,0x63,0x11,0x4D,0xB0,0x63,0x11,0x4D,0xB0,0x63,0x11,0x4D,0xB0,0x63,0x11,0x4D,0xB0,0x63,0x11,0x4D,0xB0,0x63,0x11,0x4D,0xB0,0x63,0x11,0x4D,0xB0,0x63,0x11,0x4D,0xB0,0x63,0x11,0x4D,0xB0,0x63,0x11,0x4D,
    0xB0,0x63,0x11,0x4D,0xB0,0x63,0x11,0x4D,0xB0,0x63,0x11,0x4D,0xB0,0x63,0x11,0x4D,0xB0,0x63,0x11,0x4D,0xB0,0x63,0x11,0x4D,0xB0,0x63,0x11,0x4D,0xB0,0x63,0x11,0x4D,0xB0,0x63,0x11,0x4D,0xB0,0x63,0x11,0x4D,0xB0,0x63,0x11,0x4D,0xB0,0x63,0x11,0x4D,0xB0,0x63,0x11,0x4D,0xB0,0x63,0x11,0x4D,0xB0,0x63,0x11,0x4D,0xB0,0x63,0x11,0x4D,
    0xB0,0x63,0x11,0x4D,0xB0,0x63,0x11,0x4D,0xB0,0x63,0x11,0x4D,0xB0,0x63,0x11,0x4D,0xB0,0x63,0x11,0x4D,0xB0,0x63,0x11,0x4D,0xB0,0x63,0x11,0x4D,0xB0,0x63,0x11,0x4D,0xB0,0x63,0x11,0x4D,0xB0,0x63,0x11,0x4D,0xB0,0x63,0x11,0x4D,0xB0,0x63,0x11,0x4D,0xB0,0x63,0x11,0x4D,0xB0,0x63,0x11,0x4D,0xB0,0x63,0x11,0x4D,0xB0,0x63,0x11,0x4D,
    0xB0,0x63,0x11,0x4D,0xB0,0x63,0x11,0x4D,0xB0,0x63,0x11,0x4D,0xB0,0x63,0x11,0x4D,0xB0,0x63,0x11,0x4D,0xB0,0x63,0x11,0x4D,0xB0,0x63,0x11,0x4D,0xB0,0x63,0x11,0x4D,0xB0,0x63,0x11,0x4D,0xB0,0x63,0x11,0x4D,0xB0,0x63,0x11,0x4D,0xB0,0x63,0x11,0x4D,0xB0,0x63,0x11,0x4D,0xB0,0x63,0x11,0x4D,0xB0,0x63,0x11,0x4D,0xB0,0x63,0x11,0x4D,
    0xB0,0x63,0x11,0x4D,0xB0,0x63,0x11,0x4D,0xB0,0x63,0x11,0x4D,0xB0,0x63,0x11,0x4D,0xB0,0x63,0x11,0x4D,0xB0,0x63,0x11,0x4D,0xB0,0x63,0x11,0x4D,0xB0,0x63,0x11,0x4D,0xB0,0x63,0x11,0x4D,0xB0,0x63,0x11,0x4D,0xB0,0x63,0x11,0x4D,0xB0,0x63,0x11,0x4D,0xB0,0x63,0x11,0x4D,0xB0,0x63,0x11,0x4D,0xB0,0x63,0x11,0x4D,0xB0,0x63,0x11,0x4D,
    0xB0,0x63,0x11,0x4D,0xB0,0x63,0x11,0x4D,0xB0,0x63,0x11,0x4D,0xB0,0x63,0x11,0x4D,0xB0,0x63,0x11,0x4D,0xB0,0x63,0x11,0x4D,0xB0,0x63,0x11,0x4D,0xB0,0x63,0x11,0x4D,0xB0,0x63,0x11,0x4D,0xB0,0x63,0x11,0x4D,0xB0,0x63,0x11,0x4D,0xB0,0x63,0x11,0x4D,0xB0,0x63,0x11,0x4D,0xB0,0x63,0x11,0x4D,0xB0,0x63,0x11,0x4D,0xB0,0x63,0x11,0x4D,
    0xB0,0x63,0x11,0x4D,0xB0,0x63,0x11,0x4D,0xB0,0x63,0x11,0x4D,0xB0,0x63,0x11,0x4D,0xB0,0x63,0x11,0x4D,0xB0,0x63,0x11,0x4D,0xB0,0x63,0x11,0x4D,0xB0,0x63,0x11,0x4D,0xB0,0x63,0x11,0x4D,0xB0,0x63,0x11,0x4D,0xB0,0x63,0x11,0x4D,0xB0,0x63,0x11,0x4D,0xB0,0x63,0x11,0x4D,0xB0,0x63,0x11,0x4D,0xB0,0x63,0x11,0x4D,0xB0,0x63,0x11,0x4D,
    0xB0,0x63,0x11,0x4D,0xB0,0x63,0x11,0x4D,0xB0,0x63,0x11,0x4D,0xB0,0x63,0x11,0x4D,0xB0,0x63,0x11,0x4D,0xB0,0x63,0x11,0x4D,0xB0,0x63,0x11,0x4D,0xB0,0x63,0x11,0x4D,0xB0,0x63,0x11,0x4D,0xB0,0x63,0x11,0x4D,0xB0,0x63,0x11,0x4D,0xB0,0x63,0x11,0x4D,0xB0,0x63,0x11,0x4D,0xB0,0x63,0x11,0x4D,0xB0,0x63,0x11,0x4D,0xB0,0x63,0x11,0x4D,
    0xB0,0x63,0x11,0x4D,0xB0,0x63,0x11,0x4D,0xB0,0x63,0x11,0x4D,0xB0,0x63,0x11,0x4D,0xB0,0x63,0x11,0x4D,0xB0,0x63,0x11,0x4D,0xB0,0x63,0x11,0x4D,0xB0,0x63,0x11,0x4D,0xB0,0x63,0x11,0x4D,0xB0,0x63,0x11,0x4D,0xB0,0x63,0x11,0x4D,0xB0,0x63,0x11,0x4D,0xB0,0x63,0x11,0x4D,0xB0,0x63,0x11,0x4D,0xB0,0x63,0x11,0x4D,0xB0,0x63,0x11,0x4D,
    0xB0,0x63,0x11,0x4D,0xB0,0x63,0x11,0x4D,0xB0,0x63,0x11,0x4D,0xB0,0x63,0x11,0x4D,0xB0,0x63,0x11,0x4D,0xB0,0x63,0x11,0x4D,0xB0,0x63,0x11,0x4D,0xB0,0x63,0x11,0x4D,0xB0,0x63,0x11,0x4D,0xB0,0x63,0x11,0x4D,0xB0,0x63,0x11,0x4D,0xB0,0x63,0x11,0x4D,0xB0,0x63,0x11,0x4D,0xB0,0x63,0x11,0x4D,0xB0,0x63,0x11,0x4D,0xB0,0x63,0x11,0x4D,
    0xB0,0x63,0x11,0x4D,0xB0,0x63,0x11,0x4D,0xB0,0x63,0x11,0x4D,0xB0,0x63,0x11,0x4D,0xB0,0x63,0x11,0x4D,0xB0,0x63,0x11,0x4D,0xB0,0x63,0x11,0x4D,0xB0,0x63,0x11,0x4D,0xB0,0x63,0x11,0x4D,0xB0,0x63,0x11,0x4D,0xB0,0x63,0x11,0x4D,0xB0,0x63,0x11,0x4D,0xB0,0x63,0x11,0x4D,0xB0,0x63,0x11,0x4D,0xB0,0x63,0x11,0x4D,0xB0,0x63,0x11,0x4D,
    0xB0,0x63,0x11,0x4D,0xB0,0x63,0x11,0x4D,0xB0,0x63,0x11,0x4D,0xB0,0x63,0x11,0x4D,0xB0,0x63,0x11,0x4D,0xB0,0x63,0x11,0x4D,0xB0,0x63,0x11,0x4D,0xB0,0x63,0x11,0x4D,0xB0,0x63,0x11,0x4D,0xB0,0x63,0x11,0x4D,0xB0,0x63,0x11,0x4D,0xB0,0x63,0x11,0x4D,0xB0,0x63,0x11,0x4D,0xB0,0x63,0x11,0x4D,0xB0,0x63,0x11,0x4D,0xB0,0x63,0x11,0x4D,
    0xB0,0x63,0x11,0x4D,0xB0,0x63,0x11,0x4D,0xB0,0x63,0x11,0x4D,0xB0,0x63,0x11,0x4D,0xB0,0x63,0x11,0x4D,0xB0,0x63,0x11,0x4D,0xB0,0x63,0x11,0x4D,0xB0,0x63,0x11,0x4D,0xB0,0x63,0x11,0x4D,0xB0,0x63,0x11,0x4D,0xB0,0x63,0x11,0x4D,0xB0,0x63,0x11,0x4D,0xB0,0x63,0x11,0x4D,0xB0,0x63,0x11,0x4D,0xB0,0x63,0x11,0x4D,0xB0,0x63,0x11,0x4D,
    0xB0,0x63,0x11,0x4D,0xB0,0x63,0x11,0x4D,0xB0,0x63,0x11,0x4D,0xB0,0x63,0x11,0x4D,0xB0,0x63,0x11,0x4D,0xB0,0x63,0x11,0x4D,0xB0,0x63,0x11,0x4D,0xB0,0x63,0x11,0x4D,0xB0,0x63,0x11,0x4D,0xB0,0x63,0x11,0x4D,0xB0,0x63,0x11,0x4D,0xB0,0x63,0x11,0x4D,0xB0,0x63,0x11,0x4D,0xB0,0x63,0x11,0x4D,0xB0,0x63,0x11,0x4D,0xB0,0x63,0x11,0x4D,
    0xB0,0x63,0x11,0x4D,0xB0,0x63,0x11,0x4D,0xB0,0x63,0x11,0x4D,0xB0,0x63,0x11,0x4D,0xB0,0x63,0x11,0x4D,0xB0,0x63,0x11,0x4D,0xB0,0x63,0x11,0x4D,0xB0,0x63,0x11,0x4D,0xB0,0x63,0x11,0x4D,0xB0,0x63,0x11,0x4D,0xB0,0x63,0x11,0x4D,0xB0,0x63,0x11,0x4D,0xB0,0x63,0x11,0x4D,0xB0,0x63,0x11,0x4D,0xB0,0x63,0x11,0x4D,0xB0,0x63,0x11,0x4D,
    0xB0,0x63,0x11,0x4D,0xB0,0x63,0x11,0x4D,0xB0,0x63,0x11,0x4D,0xB0,0x63,0x11,0x4D,0xB0,0x63,0x11,0x4D,0xB0,0x63,0x11,0x4D,0xB0,0x63,0x11,0x4D,0xB0,0x63,0x11,0x4D,0xB0,0x63,0x11,0x4D,0xB0,0x63,0x11,0x4D,0xB0,0x63,0x11,0x4D,0xB0,0x63,0x11,0x4D,0xB0,0x63,0x11,0x4D,0xB0,0x63,0x11,0x4D,0xB0,0x63,0x11,0x4D,0xB0,0x63,0x11,0x4D,
    0xB0,0x63,0x11,0x4D,0xB0,0x63,0x11,0x4D,0xB0,0x63,0x11,0x4D,0xB0,0x63,0x11,0x4D,0xB0,0x63,0x11,0x4D,0xB0,0x63,0x11,0x4D,0xB0,0x63,0x11,0x4D,0xB0,0x63,0x11,0x4D,0xB0,0x63,0x11,0x4D,0xB0,0x63,0x11,0x4D,0xB0,0x63,0x11,0x4D,0xB0,0x63,0x11,0x4D,0xB0,0x63,0x11,0x4D,0xB0,0x63,0x11,0x4D,0xB0,0x63,0x11,0x4D,0xB0,0x63,0x11,0x4D,
    0xB0,0x63,0x11,0x4D,0xB0,0x63,0x11,0x4D,0xB0,0x63,0x11,0x4D,0xB0,0x63,0x11,0x4D,0xB0,0x63,0x11,0x4D,0xB0,0x63,0x11,0x4D,0xB0,0x63,0x11,0x4D,0xB0,0x63,0x11,0x4D,0xB0,0x63,0x11,0x4D,0xB0,0x63,0x11,0x4D,0xB0,0x63,0x11,0x4D,0xB0,0x63,0x11,0x4D,0xB0,0x63,0x11,0x4D,0xB0,0x63,0x11,0x4D,0xB0,0x63,0x11,0x4D,0xB0,0x63,0x11,0x4D,
    0xB0,0x63,0x11,0x4D,0xB0,0x63,0x11,0x4D,0xB0,0x63,0x11,0x4D,0xB0,0x63,0x11,0x4D,0xB0,0x63,0x11,0x4D,0xB0,0x63,0x11,0x4D,0xB0,0x63,0x11,0x4D,0xB0,0x63,0x11,0x4D,0xB0,0x63,0x11,0x4D,0xB0,0x63,0x11,0x4D,0xB0,0x63,0x11,0x4D,0xB0,0x63,0x11,0x4D,0xB0,0x63,0x11,0x4D,0xB0,0x63,0x11,0x4D,0xB0,0x63,0x11,0x4D,0xB0,0x63,0x11,0x4D,
    0xB0,0x63,0x11,0x4D,0xB0,0x63,0x11,0x4D,0xB0,0x63,0x11,0x4D,0xB0,0x63,0x11,0x4D,0xB0,0x63,0x11,0x4D,0xB0,0x63,0x11,0x4D,0xB0,0x63,0x11,0x4D,0xB0,0x63,0x11,0x4D,0xB0,0x63,0x11,0x4D,0xB0,0x63,0x11,0x4D,0xB0,0x63,0x11,0x4D,0xB0,0x63,0x11,0x4D,0xB0,0x63,0x11,0x4D,0xB0,0x63,0x11,0x4D,0xB0,0x63,0x11,0x4D,0xB0,0x63,0x11,0x4D,
    0xB0,0x63,0x11,0x4D,0xB0,0x63,0x11,0x4D,0xB0,0x63,0x11,0x4D,0xB0,0x63,0x11,0x4D,0xB0,0x63,0x11,0x4D,0xB0,0x63,0x11,0x4D,0xB0,0x63,0x11,0x4D,0xB0,0x63,0x11,0x4D,0xB0,0x63,0x11,0x4D,0xB0,0x63,0x11,0x4D,0xB0,0x63,0x11,0x4D,0xB0,0x63,0x11,0x4D,0xB0,0x63,0x11,0x4D,0xB0,0x63,0x11,0x4D,0xB0,0x63,0x11,0x4D,0xB0,0x63,0x11,0x4D,
    0xB0,0x63,0x11,0x4D,0xB0,0x63,0x11,0x4D,0xB0,0x63,0x11,0x4D,0xB0,0x63,0x11,0x4D,0xB0,0x63,0x11,0x4D,0xB0,0x63,0x11,0x4D,0xB0,0x63,0x11,0x4D,0xB0,0x63,0x11,0x4D,0xB0,0x63,0x11,0x4D,0xB0,0x63,0x11,0x4D,0xB0,0x63,0x11,0x4D,0xB0,0x63,0x11,0x4D,0xB0,0x63,0x11,0x4D,0xB0,0x63,0x11,0x4D,0xB0,0x63,0x11,0x4D,0xB0,0x63,0x11,0x4D,
    0xB0,0x63,0x11,0x4D,0xB0,0x63,0x11,0x4D,0xB0,0x63,0x11,0x4D,0xB0,0x63,0x11,0x4D,0xB0,0x63,0x11,0x4D,0xB0,0x63,0x11,0x4D,0xB0,0x63,0x11,0x4D,0xB0,0x63,0x11,0x4D,0xB0,0x63,0x11,0x4D,0xB0,0x63,0x11,0x4D,0xB0,0x63,0x11,0x4D,0xB0,0x63,0x11,0x4D,0xB0,0x63,0x11,0x4D,0xB0,0x63,0x11,0x4D,0xB0,0x63,0x11,0x4D,0xB0,0x63,0x11,0x4D,
    0xB0,0x63,0x11,0x4D,0xB0,0x63,0x11,0x4D,0xB0,0x63,0x11,0x4D,0xB0,0x63,0x11,0x4D,0xB0,0x63,0x11,0x4D,0xB0,0x63,0x11,0x4D,0xB0,0x63,0x11,0x4D,0xB0,0x63,0x11,0x4D,0xB0,0x63,0x11,0x4D,0xB0,0x63,0x11,0x4D,0xB0,0x63,0x11,0x4D,0xB0,0x63,0x11,0x4D,0xB0,0x63,0x11,0x4D,0xB0,0x63,0x11,0x4D,0xB0,0x63,0x11,0x4D,0xB0,0x63,0x11,0x4D,
    0xB0,0x63,0x11,0x4D,0xB0,0x63,0x11,0x4D,0xB0,0x63,0x11,0x4D,0xB0,0x63,0x11,0x4D,0xB0,0x63,0x11,0x4D,0xB0,0x63,0x11,0x4D,0xB0,0x63,0x11,0x4D,0xB0,0x63,0x11,0x4D,0xB0,0x63,0x11,0x4D,0xB0,0x63,0x11,0x4D,0xB0,0x63,0x11,0x4D,0xB0,0x63,0x11,0x4D,0xB0,0x63,0x11,0x4D,0xB0,0x63,0x11,0x4D,0xB0,0x63,0x11,0x4D,0xB0,0x63,0x11,0x4D,
    0xB0,0x63,0x11,0x4D,0xB0,0x63,0x11,0x4D,0xB0,0x63,0x11,0x4D,0xB0,0x63,0x11,0x4D,0xB0,0x63,0x11,0x4D,0xB0,0x63,0x11,0x4D,0xB0,0x63,0x11,0x4D,0xB0,0x63,0x11,0x4D,0xB0,0x63,0x11,0x4D,0xB0,0x63,0x11,0x4D,0xB0,0x63,0x11,0x4D,0xB0,0x63,0x11,0x4D,0xB0,0x63,0x11,0x4D,0xB0,0x63,0x11,0x4D,0xB0,0x63,0x11,0x4D,0xB0,0x63,0x11,0x4D,
    0xB0,0x63,0x11,0x4D,0xB0,0x63,0x11,0x4D,0xB0,0x63,0x11,0x4D,0xB0,0x63,0x11,0x4D,0xB0,0x63,0x11,0x4D,0xB0,0x63,0x11,0x4D,0xB0,0x63,0x11,0x4D,0xB0,0x63,0x11,0x4D,0xB0,0x63,0x11,0x4D,0xB0,0x63,0x11,0x4D,0xB0,0x63,0x11,0x4D,0xB0,0x63,0x11,0x4D,0xB0,0x63,0x11,0x4D,0xB0,0x63,0x11,0x4D,0xB0,0x63,0x11,0x4D,0xB0,0x63,0x11,0x4D,
    0xB0,0x63,0x11,0x4D,0xB0,0x63,0x11,0x4D,0xB0,0x63,0x11,0x4D,0xB0,0x63,0x11,0x4D,0xB0,0x63,0x11,0x4D,0xB0,0x63,0x11,0x4D,0xB0,0x63,0x11,0x4D,0xB0,0x63,0x11,0x4D,0xB0,0x63,0x11,0x4D,0xB0,0x63,0x11,0x4D,0xB0,0x63,0x11,0x4D,0xB0,0x63,0x11,0x4D,0xB0,0x63,0x11,0x4D,0xB0,0x63,0x11,0x4D,0xB0,0x63,0x11,0x4D,0xB0,0x63,0x11,0x4D,
    0xB0,0x63,0x11,0x4D,0xB0,0x63,0x11,0x4D,0xB0,0x63,0x11,0x4D,0xB0,0x63,0x11,0x4D,0xB0,0x63,0x11,0x4D,0xB0,0x63,0x11,0x4D,0xB0,0x63,0x11,0x4D,0xB0,0x63,0x11,0x4D,0xB0,0x63,0x11,0x4D,0xB0,0x63,0x11,0x4D,0xB0,0x63,0x11,0x4D,0xB0,0x63,0x11,0x4D,0xB0,0x63,0x11,0x4D,0xB0,0x63,0x11,0x4D,0xB0,0x63,0x11,0x4D,0xB0,0x63,0x11,0x4D,
    0xB0,0x63,0x11,0x4D,0xB0,0x63,0x11,0x4D,0xB0,0x63,0x11,0x4D,0xB0,0x63,0x11,0x4D,0xB0,0x63,0x11,0x4D,0xB0,0x63,0x11,0x4D,0xB0,0x63,0x11,0x4D,0xB0,0x63,0x11,0x4D,0xB0,0x63,0x11,0x4D,0xB0,0x63,0x11,0x4D,0xB0,0x63,0x11,0x4D,0xB0,0x63,0x11,0x4D,0xB0,0x63,0x11,0x4D,0xB0,0x63,0x11,0x4D,0xB0,0x63,0x11,0x4D,0xB0,0x63,0x11,0x4D,
    0xB0,0x63,0x11,0x4D,0xB0,0x63,0x11,0x4D,0xB0,0x63,0x11,0x4D,0xB0,0x63,0x11,0x4D,0xB0,0x63,0x11,0x4D,0xB0,0x63,0x11,0x4D,0xB0,0x63,0x11,0x4D,0xB0,0x63,0x11,0x4D,0xB0,0x63,0x11,0x4D,0xB0,0x63,0x11,0x4D,0xB0,0x63,0x11,0x4D,0xB0,0x63,0x11,0x4D,0xB0,0x63,0x11,0x4D,0xB0,0x63,0x11,0x4D,0xB0,0x63,0x11,0x4D,0xB0,0x63,0x11,0x4D,
    0xB0,0x63,0x11,0x4D,0xB0,0x63,0x11,0x4D,0xB0,0x63,0x11,0x4D,0xB0,0x63,0x11,0x4D,0xB0,0x63,0x11,0x4D,0xB0,0x63,0x11,0x4D,0xB0,0x63,0x11,0x4D,0xB0,0x63,0x11,0x4D,0xB0,0x63,0x11,0x4D,0xB0,0x63,0x11,0x4D,0xB0,0x63,0x11,0x4D,0xB0,0x63,0x11,0x4D,0xB0,0x63,0x11,0x4D,0xB0,0x63,0x11,0x4D,0xB0,0x63,0x11,0x4D,0xB0,0x63,0x11,0x4D,
    0xB0,0x63,0x11,0x4D,0xB0,0x63,0x11,0x4D,0xB0,0x63,0x11,0x4D,0xB0,0x63,0x11,0x4D,0xB0,0x63,0x11,0x4D,0xB0,0x63,0x11,0x4D,0xB0,0x63,0x11,0x4D,0xB0,0x63,0x11,0x4D,0xB0,0x63,0x11,0x4D,0xB0,0x63,0x11,0x4D,0xB0,0x63,0x11,0x4D,0xB0,0x63,0x11,0x4D,0xB0,0x63,0x11,0x4D,0xB0,0x63,0x11,0x4D,0xB0,0x63,0x11,0x4D,0xB0,0x63,0x11,0x4D,
    0xB0,0x63,0x11,0x4D,0xB0,0x63,0x11,0x4D,0xB0,0x63,0x11,0x4D,0xB0,0x63,0x11,0x4D,0xB0,0x63,0x11,0x4D,0xB0,0x63,0x11,0x4D,0xB0,0x63,0x11,0x4D,0xB0,0x63,0x11,0x4D,0xB0,0x63,0x11,0x4D,0xB0,0x63,0x11,0x4D,0xB0,0x63,0x11,0x4D,0xB0,0x63,0x11,0x4D,0xB0,0x63,0x11,0x4D,0xB0,0x63,0x11,0x4D,0xB0,0x63,0x11,0x4D,0xB0,0x63,0x11,0x4D,
    0xB0,0x63,0x11,0x4D,0xB0,0x63,0x11,0x4D,0xB0,0x63,0x11,0x4D,0xB0,0x63,0x11,0x4D,0xB0,0x63,0x11,0x4D,0xB0,0x63,0x11,0x4D,0xB0,0x63,0x11,0x4D,0xB0,0x63,0x11,0x4D,0xB0,0x63,0x11,0x4D,0xB0,0x63,0x11,0x4D,0xB0,0x63,0x11,0x4D,0xB0,0x63,0x11,0x4D,0xB0,0x63,0x11,0x4D,0xB0,0x63,0x11,0x4D,0xB0,0x63,0x11,0x4D,0xB0,0x63,0x11,0x4D,
    0xB0,0x63,0x11,0x4D,0xB0,0x63,0x11,0x4D,0xB0,0x63,0x11,0x4D,0xB0,0x63,0x11,0x4D,0xB0,0x63,0x11,0x4D,0xB0,0x63,0x11,0x4D,0xB0,0x63,0x11,0x4D,0xB0,0x63,0x11,0x4D,0xB0,0x63,0x11,0x4D,0xB0,0x63,0x11,0x4D,0xB0,0x63,0x11,0x4D,0xB0,0x63,0x11,0x4D,0xB0,0x63,0x11,0x4D,0xB0,0x63,0x11,0x4D,0xB0,0x63,0x11,0x4D,0xB0,0x63,0x11,0x4D,
    0xB0,0x63,0x11,0x4D,0xB0,0x63,0x11,0x4D,0xB0,0x63,0x11,0x4D,0xB0,0x63,0x11,0x4D,0xB0,0x63,0x11,0x4D,0xB0,0x63,0x11,0x4D,0xB0,0x63,0x11,0x4D,0xB0,0x63,0x11,0x4D,0xB0,0x63,0x11,0x4D,0xB0,0x63,0x11,0x4D,0xB0,0x63,0x11,0x4D,0xB0,0x63,0x11,0x4D,0xB0,0x63,0x11,0x4D,0xB0,0x63,0x11,0x4D,0xB0,0x63,0x11,0x4D,0xB0,0x63,0x11,0x4D,
    0xB0,0x63,0x11,0x4D,0xB0,0x63,0x11,0x4D,0xB0,0x63,0x11,0x4D,0xB0,0x63,0x11,0x4D,0xB0,0x63,0x11,0x4D,0xB0,0x63,0x11,0x4D,0xB0,0x63,0x11,0x4D,0xB0,0x63,0x11,0x4D,0xB0,0x63,0x11,0x4D,0xB0,0x63,0x11,0x4D,0xB0,0x63,0x11,0x4D,0xB0,0x63,0x11,0x4D,0xB0,0x63,0x11,0x4D,0xB0,0x63,0x11,0x4D,0xB0,0x63,0x11,0x4D,0xB0,0x63,0x11,0x4D,
    0xB0,0x63,0x11,0x4D,0xB0,0x63,0x11,0x4D,0xB0,0x63,0x11,0x4D,0xB0,0x63,0x11,0x4D,0xB0,0x63,0x11,0x4D,0xB0,0x63,0x11,0x4D,0xB0,0x63,0x11,0x4D,0xB0,0x63,0x11,0x4D,0xB0,0x63,0x11,0x4D,0xB0,0x63,0x11,0x4D,0xB0,0x63,0x11,0x4D,0xB0,0x63,0x11,0x4D,0xB0,0x63,0x11,0x4D,0xB0,0x63,0x11,0x4D,0xB0,0x63,0x11,0x4D,0xB0,0x63,0x11,0x4D,
    0xB0,0x63,0x11,0x4D,0xB0,0x63,0x11,0x4D,0xB0,0x63,0x11,0x4D,0xB0,0x63,0x11,0x4D,0xB0,0x63,0x11,0x4D,0xB0,0x63,0x11,0x4D,0xB0,0x63,0x11,0x4D,0xB0,0x63,0x11,0x4D,0xB0,0x63,0x11,0x4D,0xB0,0x63,0x11,0x4D,0xB0,0x63,0x11,0x4D,0xB0,0x63,0x11,0x4D,0xB0,0x63,0x11,0x4D,0xB0,0x63,0x11,0x4D,0xB0,0x63,0x11,0x4D,0xB0,0x63,0x11,0x4D,
    0xB0,0x63,0x11,0x4D,0xB0,0x63,0x11,0x4D,0xB0,0x63,0x11,0x4D,0xB0,0x63,0x11,0x4D,0xB0,0x63,0x11,0x4D,0xB0,0x63,0x11,0x4D,0xB0,0x63,0x11,0x4D,0xB0,0x63,0x11,0x4D,0xB0,0x63,0x11,0x4D,0xB0,0x63,0x11,0x4D,0xB0,0x63,0x11,0x4D,0xB0,0x63,0x11,0x4D,0xB0,0x63,0x11,0x4D,0xB0,0x63,0x11,0x4D,0xB0,0x63,0x11,0x4D,0xB0,0x63,0x11,0x4D,
    0xB0,0x63,0x11,0x4D,0xB0,0x63,0x11,0x4D,0xB0,0x63,0x11,0x4D,0xB0,0x63,0x11,0x4D,0xB0,0x63,0x11,0x4D,0xB0,0x63,0x11,0x4D,0xB0,0x63,0x11,0x4D,0xB0,0x63,0x11,0x4D,0xB0,0x63,0x11,0x4D,0xB0,0x63,0x11,0x4D,0xB0,0x63,0x11,0x4D,0xB0,0x63,0x11,0x4D,0xB0,0x63,0x11,0x4D,0xB0,0x63,0x11,0x4D,0xB0,0x63,0x11,0x4D,0xB0,0x63,0x11,0x4D,
    0xB0,0x63,0x11,0x4D,0xB0,0x63,0x11,0x4D,0xB0,0x63,0x11,0x4D,0xB0,0x63,0x11,0x4D,0xB0,0x63,0x11,0x4D,0xB0,0x63,0x11,0x4D,0xB0,0x63,0x11,0x4D,0xB0,0x63,0x11,0x4D,0xB0,0x63,0x11,0x4D,0xB0,0x63,0x11,0x4D,0xB0,0x63,0x11,0x4D,0xB0,0x63,0x11,0x4D,0xB0,0x63,0x11,0x4D,0xB0,0x63,0x11,0x4D,0xB0,0x63,0x11,0x4D,0xB0,0x63,0x11,0x4D,
    0xB0,0x63,0x11,0x4D,0xB0,0x63,0x11,0x4D,0xB0,0x63,0x11,0x4D,0xB0,0x63,0x11,0x4D,0xB0,0x63,0x11,0x4D,0xB0,0x63,0x11,0x4D,0xB0,0x63,0x11,0x4D,0xB0,0x63,0x11,0x4D,0xB0,0x63,0x11,0x4D,0xB0,0x63,0x11,0x4D,0xB0,0x63,0x11,0x4D,0xB0,0x63,0x11,0x4D,0xB0,0x63,0x11,0x4D,0xB0,0x63,0x11,0x4D,0xB0,0x63,0x11,0x4D,0xB0,0x63,0x11,0x4D,
    0xB0,0x63,0x11,0x4D,0xB0,0x63,0x11,0x4D,0xB0,0x63,0x11,0x4D,0xB0,0x63,0x11,0x4D,0xB0,0x63,0x11,0x4D,0xB0,0x63,0x11,0x4D,0xB0,0x63,0x11,0x4D,0xB0,0x63,0x11,0x4D,0xB0,0x63,0x11,0x4D,0xB0,0x63,0x11,0x4D,0xB0,0x63,0x11,0x4D,0xB0,0x63,0x11,0x4D,0xB0,0x63,0x11,0x4D,0xB0,0x63,0x11,0x4D,0xB0,0x63,0x11,0x4D,0xB0,0x63,0x11,0x4D,
    0xB0,0x63,0x11,0x4D,0xB0,0x63,0x11,0x4D,0xB0,0x63,0x11,0x4D,0xB0,0x63,0x11,0x4D,0xB0,0x63,0x11,0x4D,0xB0,0x63,0x11,0x4D,0xB0,0x63,0x11,0x4D,0xB0,0x63,0x11,0x4D,0xB0,0x63,0x11,0x4D,0xB0,0x63,0x11,0x4D,0xB0,0x63,0x11,0x4D,0xB0,0x63,0x11,0x4D,0xB0,0x63,0x11,0x4D,0xB0,0x63,0x11,0x4D,0xB0,0x63,0x11,0x4D,0xB0,0x63,0x11,0x4D,
    0xB0,0x63,0x11,0x4D,0xB0,0x63,0x11,0x4D,0xB0,0x63,0x11,0x4D,0xB0,0x63,0x11,0x4D,0xB0,0x63,0x11,0x4D,0xB0,0x63,0x11,0x4D,0xB0,0x63,0x11,0x4D,0xB0,0x63,0x11,0x4D,0xB0,0x63,0x11,0x4D,0xB0,0x63,0x11,0x4D,0xB0,0x63,0x11,0x4D,0xB0,0x63,0x11,0x4D,0xB0,0x63,0x11,0x4D,0xB0,0x63,0x11,0x4D,0xB0,0x63,0x11,0x4D,0xB0,0x63,0x11,0x4D,
    0xB0,0x63,0x11,0x4D,0xB0,0x63,0x11,0x4D,0xB0,0x63,0x11,0x4D,0xB0,0x63,0x11,0x4D,0xB0,0x63,0x11,0x4D,0xB0,0x63,0x11,0x4D,0xB0,0x63,0x11,0x4D,0xB0,0x63,0x11,0x4D,0xB0,0x63,0x11,0x4D,0xB0,0x63,0x11,0x4D,0xB0,0x63,0x11,0x4D,0xB0,0x63,0x11,0x4D,0xB0,0x63,0x11,0x4D,0xB0,0x63,0x11,0x4D,0xB0,0x63,0x11,0x4D,0xB0,0x63,0x11,0x4D,
    0xB0,0x63,0x11,0x4D,0xB0,0x63,0x11,0x4D,0xB0,0x63,0x11,0x4D,0xB0,0x63,0x11,0x4D,0xB0,0x63,0x11,0x4D,0xB0,0x63,0x11,0x4D,0xB0,0x63,0x11,0x4D,0xB0,0x63,0x11,0x4D,0xB0,0x63,0x11,0x4D,0xB0,0x63,0x11,0x4D,0xB0,0x63,0x11,0x4D,0xB0,0x63,0x11,0x4D,0xB0,0x63,0x11,0x4D,0xB0,0x63,0x11,0x4D,0xB0,0x63,0x11,0x4D,0xB0,0x63,0x11,0x4D,
    0xB0,0x63,0x11,0x4D,0xB0,0x63,0x11,0x4D,0xB0,0x63,0x11,0x4D,0xB0,0x63,0x11,0x4D,0xB0,0x63,0x11,0x4D,0xB0,0x63,0x11,0x4D,0xB0,0x63,0x11,0x4D,0xB0,0x63,0x11,0x4D,0xB0,0x63,0x11,0x4D,0xB0,0x63,0x11,0x4D,0xB0,0x63,0x11,0x4D,0xB0,0x63,0x11,0x4D,0xB0,0x63,0x11,0x4D,0xB0,0x63,0x11,0x4D,0xB0,0x63,0x11,0x4D,0xB0,0x63,0x11,0x4D,
    0xB0,0x63,0x11,0x4D,0xB0,0x63,0x11,0x4D,0xB0,0x63,0x11,0x4D,0xB0,0x63,0x11,0x4D,0xB0,0x63,0x11,0x4D,0xB0,0x63,0x11,0x4D,0xB0,0x63,0x11,0x4D,0xB0,0x63,0x11,0x4D,0xB0,0x63,0x11,0x4D,0xB0,0x63,0x11,0x4D,0xB0,0x63,0x11,0x4D,0xB0,0x63,0x11,0x4D,0xB0,0x63,0x11,0x4D,0xB0,0x63,0x11,0x4D,0xB0,0x63,0x11,0x4D,0xB0,0x63,0x11,0x4D,
    0xB0,0x63,0x11,0x4D,0xB0,0x63,0x11,0x4D,0xB0,0x63,0x11,0x4D,0xB0,0x63,0x11,0x4D,0xB0,0x63,0x11,0x4D,0xB0,0x63,0x11,0x4D,0xB0,0x63,0x11,0x4D,0xB0,0x63,0x11,0x4D,0xB0,0x63,0x11,0x4D,0xB0,0x63,0x11,0x4D,0xB0,0x63,0x11,0x4D,0xB0,0x63,0x11,0x4D,0xB0,0x63,0x11,0x4D,0xB0,0x63,0x11,0x4D,0xB0,0x63,0x11,0x4D,0xB0,0x63,0x11,0x4D,
    0xB0,0x63,0x11,0x4D,0xB0,0x63,0x11,0x4D,0xB0,0x63,0x11,0x4D,0xB0,0x63,0x11,0x4D,0xB0,0x63,0x11,0x4D,0xB0,0x63,0x11,0x4D,0xB0,0x63,0x11,0x4D,0xB0,0x63,0x11,0x4D,0xB0,0x63,0x11,0x4D,0xB0,0x63,0x11,0x4D,0xB0,0x63,0x11,0x4D,0xB0,0x63,0x11,0x4D,0xB0,0x63,0x11,0x4D,0xB0,0x63,0x11,0x4D,0xB0,0x63,0x11,0x4D,0xB0,0x63,0x11,0x4D,
    0xB0,0x63,0x11,0x4D,0xB0,0x63,0x11,0x4D,0xB0,0x63,0x11,0x4D,0xB0,0x63,0x11,0x4D,0xB0,0x63,0x11,0x4D,0xB0,0x63,0x11,0x4D,0xB0,0x63,0x11,0x4D,0xB0,0x63,0x11,0x4D,0xB0,0x63,0x11,0x4D,0xB0,0x63,0x11,0x4D,0xB0,0x63,0x11,0x4D,0xB0,0x63,0x11,0x4D,0xB0,0x63,0x11,0x4D,0xB0,0x63,0x11,0x4D,0xB0,0x63,0x11,0x4D,0xB0,0x63,0x11,0x4D,
    0xB0,0x63,0x11,0x4D,0xB0,0x63,0x11,0x4D,0xB0,0x63,0x11,0x4D,0xB0,0x63,0x11,0x4D,0xB0,0x63,0x11,0x4D,0xB0,0x63,0x11,0x4D,0xB0,0x63,0x11,0x4D,0xB0,0x63,0x11,0x4D,0xB0,0x63,0x11,0x4D,0xB0,0x63,0x11,0x4D,0xB0,0x63,0x11,0x4D,0xB0,0x63,0x11,0x4D,0xB0,0x63,0x11,0x4D,0xB0,0x63,0x11,0x4D,0xB0,0x63,0x11,0x4D,0xB0,0x63,0x11,0x4D,
    0xB0,0x63,0x11,0x4D,0xB0,0x63,0x11,0x4D,0xB0,0x63,0x11,0x4D,0xB0,0x63,0x11,0x4D,0xB0,0x63,0x11,0x4D,0xB0,0x63,0x11,0x4D,0xB0,0x63,0x11,0x4D,0xB0,0x63,0x11,0x4D,0xB0,0x63,0x11,0x4D,0xB0,0x63,0x11,0x4D,0xB0,0x63,0x11,0x4D,0xB0,0x63,0x11,0x4D,0xB0,0x63,0x11,0x4D,0xB0,0x63,0x11,0x4D,0xB0,0x63,0x11,0x4D,0xB0,0x63,0x11,0x4D,
    0xB0,0x63,0x11,0x4D,0xB0,0x63,0x11,0x4D,0xB0,0x63,0x11,0x4D,0xB0,0x63,0x11,0x4D,0xB0,0x63,0x11,0x4D,0xB0,0x63,0x11,0x4D,0xB0,0x63,0x11,0x4D,0xB0,0x63,0x11,0x4D,0xB0,0x63,0x11,0x4D,0xB0,0x63,0x11,0x4D,0xB0,0x63,0x11,0x4D,0xB0,0x63,0x11,0x4D,0xB0,0x63,0x11,0x4D,0xB0,0x63,0x11,0x4D,0xB0,0x63,0x11,0x4D,0xB0,0x63,0x11,0x4D,
    0xB0,0x63,0x11,0x4D,0xB0,0x63,0x11,0x4D,0xB0,0x63,0x11,0x4D,0xB0,0x63,0x11,0x4D,0xB0,0x63,0x11,0x4D,0xB0,0x63,0x11,0x4D,0xB0,0x63,0x11,0x4D,0xB0,0x63,0x11,0x4D,0xB0,0x63,0x11,0x4D,0xB0,0x63,0x11,0x4D,0xB0,0x63,0x11,0x4D,0xB0,0x63,0x11,0x4D,0xB0,0x63,0x11,0x4D,0xB0,0x63,0x11,0x4D,0xB0,0x63,0x11,0x4D,0xB0,0x63,0x11,0x4D,
    0xB0,0x63,0x11,0x4D,0xB0,0x63,0x11,0x4D,0xB0,0x63,0x11,0x4D,0xB0,0x63,0x11,0x4D,0xB0,0x63,0x11,0x4D,0xB0,0x63,0x11,0x4D,0xB0,0x63,0x11,0x4D,0xB0,0x63,0x11,0x4D,0xB0,0x63,0x11,0x4D,0xB0,0x63,0x11,0x4D,0xB0,0x63,0x11,0x4D,0xB0,0x63,0x11,0x4D,0xB0,0x63,0x11,0x4D,0xB0,0x63,0x11,0x4D,0xB0,0x63,0x11,0x4D,0xB0,0x63,0x11,0x4D,
    0xB0,0x63,0x11,0x4D,0xB0,0x63,0x11,0x4D,0xB0,0x63,0x11,0x4D,0xB0,0x63,0x11,0x4D,0xB0,0x63,0x11,0x4D,0xB0,0x63,0x11,0x4D,0xB0,0x63,0x11,0x4D,0xB0,0x63,0x11,0x4D,0xB0,0x63,0x11,0x4D,0xB0,0x63,0x11,0x4D,0xB0,0x63,0x11,0x4D,0xB0,0x63,0x11,0x4D,0xB0,0x63,0x11,0x4D,0xB0,0x63,0x11,0x4D,0xB0,0x63,0x11,0x4D,0xB0,0x63,0x11,0x4D,
    0xB0,0x63,0x11,0x4D,0xB0,0x63,0x11,0x4D,0xB0,0x63,0x11,0x4D,0xB0,0x63,0x11,0x4D,0xB0,0x63,0x11,0x4D,0xB0,0x63,0x11,0x4D,0xB0,0x63,0x11,0x4D,0xB0,0x63,0x11,0x4D,0xB0,0x63,0x11,0x4D,0xB0,0x63,0x11,0x4D,0xB0,0x63,0x11,0x4D,0xB0,0x63,0x11,0x4D,0xB0,0x63,0x11,0x4D,0xB0,0x63,0x11,0x4D,0xB0,0x63,0x11,0x4D,0xB0,0x63,0x11,0x4D,
    0xB0,0x63,0x11,0x4D,0xB0,0x63,0x11,0x4D,0xB0,0x63,0x11,0x4D,0xB0,0x63,0x11,0x4D,0xB0,0x63,0x11,0x4D,0xB0,0x63,0x11,0x4D,0xB0,0x63,0x11,0x4D,0xB0,0x63,0x11,0x4D,0xB0,0x63,0x11,0x4D,0xB0,0x63,0x11,0x4D,0xB0,0x63,0x11,0x4D,0xB0,0x63,0x11,0x4D,0xB0,0x63,0x11,0x4D,0xB0,0x63,0x11,0x4D,0xB0,0x63,0x11,0x4D,0xB0,0x63,0x11,0x4D,
    0xB0,0x63,0x11,0x4D,0xB0,0x63,0x11,0x4D,0xB0,0x63,0x11,0x4D,0xB0,0x63,0x11,0x4D,0xB0,0x63,0x11,0x4D,0xB0,0x63,0x11,0x4D,0xB0,0x63,0x11,0x4D,0xB0,0x63,0x11,0x4D,0xB0,0x63,0x11,0x4D,0xB0,0x63,0x11,0x4D,0xB0,0x63,0x11,0x4D,0xB0,0x63,0x11,0x4D,0xB0,0x63,0x11,0x4D,0xB0,0x63,0x11,0x4D,0xB0,0x63,0x11,0x4D,0xB0,0x63,0x11,0x4D,
    0xB0,0x63,0x11,0x4D,0xB0,0x63,0x11,0x4D,0xB0,0x63,0x11,0x4D,0xB0,0x63,0x11,0x4D,0xB0,0x63,0x11,0x4D,0xB0,0x63,0x11,0x4D,0xB0,0x63,0x11,0x4D,0xB0,0x63,0x11,0x4D,0xB0,0x63,0x11,0x4D,0xB0,0x63,0x11,0x4D,0xB0,0x63,0x11,0x4D,0xB0,0x63,0x11,0x4D,0xB0,0x63,0x11,0x4D,0xB0,0x63,0x11,0x4D,0xB0,0x63,0x11,0x4D,0xB0,0x63,0x11,0x4D,
    0xB0,0x63,0x11,0x4D,0xB0,0x63,0x11,0x4D,0xB0,0x63,0x11,0x4D,0xB0,0x63,0x11,0x4D,0xB0,0x63,0x11,0x4D,0xB0,0x63,0x11,0x4D,0xB0,0x63,0x11,0x4D,0xB0,0x63,0x11,0x4D,0xB0,0x63,0x11,0x4D,0xB0,0x63,0x11,0x4D,0xB0,0x63,0x11,0x4D,0xB0,0x63,0x11,0x4D,0xB0,0x63,0x11,0x4D,0xB0,0x63,0x11,0x4D,0xB0,0x63,0x11,0x4D,0xB0,0x63,0x11,0x4D,
    0xB0,0x63,0x11,0x4D,0xB0,0x63,0x11,0x4D,0xB0,0x63,0x11,0x4D,0xB0,0x63,0x11,0x4D,0xB0,0x63,0x11,0x4D,0xB0,0x63,0x11,0x4D,0xB0,0x63,0x11,0x4D,0xB0,0x63,0x11,0x4D,0xB0,0x63,0x11,0x4D,0xB0,0x63,0x11,0x4D,0xB0,0x63,0x11,0x4D,0xB0,0x63,0x11,0x4D,0xB0,0x63,0x11,0x4D,0xB0,0x63,0x11,0x4D,0xB0,0x63,0x11,0x4D,0xB0,0x63,0x11,0x4D,
    0xB0,0x63,0x11,0x4D,0xB0,0x63,0x11,0x4D,0xB0,0x63,0x11,0x4D,0xB0,0x63,0x11,0x4D,0xB0,0x63,0x11,0x4D,0xB0,0x63,0x11,0x4D,0xB0,0x63,0x11,0x4D,0xB0,0x63,0x11,0x4D,0xB0,0x63,0x11,0x4D,0xB0,0x63,0x11,0x4D,0xB0,0x63,0x11,0x4D,0xB0,0x63,0x11,0x4D,0xB0,0x63,0x11,0x4D,0xB0,0x63,0x11,0x4D,0xB0,0x63,0x11,0x4D,0xB0,0x63,0x11,0x4D,
    0xB0,0x63,0x11,0x4D,0xB0,0x63,0x11,0x4D,0xB0,0x63,0x11,0x4D,0xB0,0x63,0x11,0x4D,0xB0,0x63,0x11,0x4D,0xB0,0x63,0x11,0x4D,0xB0,0x63,0x11,0x4D,0xB0,0x63,0x11,0x4D,0xB0,0x63,0x11,0x4D,0xB0,0x63,0x11,0x4D,0xB0,0x63,0x11,0x4D,0xB0,0x63,0x11,0x4D,0xB0,0x63,0x11,0x4D,0xB0,0x63,0x11,0x4D,0xB0,0x63,0x11,0x4D,0xB0,0x63,0x11,0x4D,
    0xB0,0x63,0x11,0x4D,0xB0,0x63,0x11,0x4D,0xB0,0x63,0x11,0x4D,0xB0,0x63,0x11,0x4D,0xB0,0x63,0x11,0x4D,0xB0,0x63,0x11,0x4D,0xB0,0x63,0x11,0x4D,0xB0,0x63,0x11,0x4D,0xB0,0x63,0x11,0x4D,0xB0,0x63,0x11,0x4D,0xB0,0x63,0x11,0x4D,0xB0,0x63,0x11,0x4D,0xB0,0x63,0x11,0x4D,0xB0,0x63,0x11,0x4D,0xB0,0x63,0x11,0x4D,0xB0,0x63,0x11,0x4D,
    0xB0,0x63,0x11,0x4D,0xB0,0x63,0x11,0x4D,0xB0,0x63,0x11,0x4D,0xB0,0x63,0x11,0x4D,0xB0,0x63,0x11,0x4D,0xB0,0x63,0x11,0x4D,0xB0,0x63,0x11,0x4D,0xB0,0x63,0x11,0x4D,0xB0,0x63,0x11,0x4D,0xB0,0x63,0x11,0x4D,0xB0,0x63,0x11,0x4D,0xB0,0x63,0x11,0x4D,0xB0,0x63,0x11,0x4D,0xB0,0x63,0x11,0x4D,0xB0,0x63,0x11,0x4D,0xB0,0x63,0x11,0x4D,
    0xB0,0x63,0x11,0x4D,0xB0,0x63,0x11,0x4D,0xB0,0x63,0x11,0x4D,0xB0,0x63,0x11,0x4D,0xB0,0x63,0x11,0x4D,0xB0,0x63,0x11,0x4D,0xB0,0x63,0x11,0x4D,0xB0,0x63,0x11,0x4D,0xB0,0x63,0x11,0x4D,0xB0,0x63,0x11,0x4D,0xB0,0x63,0x11,0x4D,0xB0,0x63,0x11,0x4D,0xB0,0x63,0x11,0x4D,0xB0,0x63,0x11,0x4D,0xB0,0x63,0x11,0x4D,0xB0,0x63,0x11,0x4D,
    0xB0,0x63,0x11,0x4D,0xB0,0x63,0x11,0x4D,0xB0,0x63,0x11,0x4D,0xB0,0x63,0x11,0x4D,0xB0,0x63,0x11,0x4D,0xB0,0x63,0x11,0x4D,0xB0,0x63,0x11,0x4D,0xB0,0x63,0x11,0x4D,0xB0,0x63,0x11,0x4D,0xB0,0x63,0x11,0x4D,0xB0,0x63,0x11,0x4D,0xB0,0x63,0x11,0x4D,0xB0,0x63,0x11,0x4D,0xB0,0x63,0x11,0x4D,0xB0,0x63,0x11,0x4D,0xB0,0x63,0x11,0x4D,
    0xB0,0x63,0x11,0x4D,0xB0,0x63,0x11,0x4D,0xB0,0x63,0x11,0x4D,0xB0,0x63,0x11,0x4D,0xB0,0x63,0x11,0x4D,0xB0,0x63,0x11,0x4D,0xB0,0x63,0x11,0x4D,0xB0,0x63,0x11,0x4D,0xB0,0x63,0x11,0x4D,0xB0,0x63,0x11,0x4D,0xB0,0x63,0x11,0x4D,0xB0,0x63,0x11,0x4D,0xB0,0x63,0x11,0x4D,0xB0,0x63,0x11,0x4D,0xB0,0x63,0x11,0x4D,0xB0,0x63,0x11,0x4D,
    0xB0,0x63,0x11,0x4D,0xB0,0x63,0x11,0x4D,0xB0,0x63,0x11,0x4D,0xB0,0x63,0x11,0x4D,0xB0,0x63,0x11,0x4D,0xB0,0x63,0x11,0x4D,0xB0,0x63,0x11,0x4D,0xB0,0x63,0x11,0x4D,0xB0,0x63,0x11,0x4D,0xB0,0x63,0x11,0x4D,0xB0,0x63,0x11,0x4D,0xB0,0x63,0x11,0x4D,0xB0,0x63,0x11,0x4D,0xB0,0x63,0x11,0x4D,0xB0,0x63,0x11,0x4D,0xB0,0x63,0x11,0x4D,
    0xB0,0x63,0x11,0x4D,0xB0,0x63,0x11,0x4D,0xB0,0x63,0x11,0x4D,0xB0,0x63,0x11,0x4D,0xB0,0x63,0x11,0x4D,0xB0,0x63,0x11,0x4D,0xB0,0x63,0x11,0x4D,0xB0,0x63,0x11,0x4D,0xB0,0x63,0x11,0x4D,0xB0,0x63,0x11,0x4D,0xB0,0x63,0x11,0x4D,0xB0,0x63,0x11,0x4D,0xB0,0x63,0x11,0x4D,0xB0,0x63,0x11,0x4D,0xB0,0x63,0x11,0x4D,0xB0,0x63,0x11,0x4D,
    0xB0,0x63,0x11,0x4D,0xB0,0x63,0x11,0x4D,0xB0,0x63,0x11,0x4D,0xB0,0x63,0x11,0x4D,0xB0,0x63,0x11,0x4D,0xB0,0x63,0x11,0x4D,0xB0,0x63,0x11,0x4D,0xB0,0x63,0x11,0x4D,0xB0,0x63,0x11,0x4D,0xB0,0x63,0x11,0x4D,0xB0,0x63,0x11,0x4D,0xB0,0x63,0x11,0x4D,0xB0,0x63,0x11,0x4D,0xB0,0x63,0x11,0x4D,0xB0,0x63,0x11,0x4D,0xB0,0x63,0x11,0x4D,
    0xB0,0x63,0x11,0x4D,0xB0,0x63,0x11,0x4D,0xB0,0x63,0x11,0x4D,0xB0,0x63,0x11,0x4D,0xB0,0x63,0x11,0x4D,0xB0,0x63,0x11,0x4D,0xB0,0x63,0x11,0x4D,0xB0,0x63,0x11,0x4D,0xB0,0x63,0x11,0x4D,0xB0,0x63,0x11,0x4D,0xB0,0x63,0x11,0x4D,0xB0,0x63,0x11,0x4D,0xB0,0x63,0x11,0x4D,0xB0,0x63,0x11,0x4D,0xB0,0x63,0x11,0x4D,0xB0,0x63,0x11,0x4D,
    0xB0,0x63,0x11,0x4D,0xB0,0x63,0x11,0x4D,0xB0,0x63,0x11,0x4D,0xB0,0x63,0x11,0x4D,0xB0,0x63,0x11,0x4D,0xB0,0x63,0x11,0x4D,0xB0,0x63,0x11,0x4D,0xB0,0x63,0x11,0x4D,0xB0,0x63,0x11,0x4D,0xB0,0x63,0x11,0x4D,0xB0,0x63,0x11,0x4D,0xB0,0x63,0x11,0x4D,0xB0,0x63,0x11,0x4D,0xB0,0x63,0x11,0x4D,0xB0,0x63,0x11,0x4D,0xB0,0x63,0x11,0x4D,
    0xB0,0x63,0x11,0x4D,0xB0,0x63,0x11,0x4D,0xB0,0x63,0x11,0x4D,0xB0,0x63,0x11,0x4D,0xB0,0x63,0x11,0x4D,0xB0,0x63,0x11,0x4D,0xB0,0x63,0x11,0x4D,0xB0,0x63,0x11,0x4D,0xB0,0x63,0x11,0x4D,0xB0,0x63,0x11,0x4D,0xB0,0x63,0x11,0x4D,0xB0,0x63,0x11,0x4D,0xB0,0x63,0x11,0x4D,0xB0,0x63,0x11,0x4D,0xB0,0x63,0x11,0x4D,0xB0,0x63,0x11,0x4D,
    0xB0,0x63,0x11,0x4D,0xB0,0x63,0x11,0x4D,0xB0,0x63,0x11,0x4D,0xB0,0x63,0x11,0x4D,0xB0,0x63,0x11,0x4D,0xB0,0x63,0x11,0x4D,0xB0,0x63,0x11,0x4D,0xB0,0x63,0x11,0x4D,0xB0,0x63,0x11,0x4D,0xB0,0x63,0x11,0x4D,0xB0,0x63,0x11,0x4D,0xB0,0x63,0x11,0x4D,0xB0,0x63,0x11,0x4D,0xB0,0x63,0x11,0x4D,0xB0,0x63,0x11,0x4D,0xB0,0x63,0x11,0x4D,
    0xB0,0x63,0x11,0x4D,0xB0,0x63,0x11,0x4D,0xB0,0x63,0x11,0x4D,0xB0,0x63,0x11,0x4D,0xB0,0x63,0x11,0x4D,0xB0,0x63,0x11,0x4D,0xB0,0x63,0x11,0x4D,0xB0,0x63,0x11,0x4D,0xB0,0x63,0x11,0x4D,0xB0,0x63,0x11,0x4D,0xB0,0x63,0x11,0x4D,0xB0,0x63,0x11,0x4D,0xB0,0x63,0x11,0x4D,0xB0,0x63,0x11,0x4D,0xB0,0x63,0x11,0x4D,0xB0,0x63,0x11,0x4D,
    0xB0,0x63,0x11,0x4D,0xB0,0x63,0x11,0x4D,0xB0,0x63,0x11,0x4D,0xB0,0x63,0x11,0x4D,0xB0,0x63,0x11,0x4D,0xB0,0x63,0x11,0x4D,0xB0,0x63,0x11,0x4D,0xB0,0x63,0x11,0x4D,0xB0,0x63,0x11,0x4D,0xB0,0x63,0x11,0x4D,0xB0,0x63,0x11,0x4D,0xB0,0x63,0x11,0x4D,0xB0,0x63,0x11,0x4D,0xB0,0x63,0x11,0x4D,0xB0,0x63,0x11,0x4D,0xB0,0x63,0x11,0x4D,
    0xB0,0x63,0x11,0x4D,0xB0,0x63,0x11,0x4D,0xB0,0x63,0x11,0x4D,0xB0,0x63,0x11,0x4D,0xB0,0x63,0x11,0x4D,0xB0,0x63,0x11,0x4D,0xB0,0x63,0x11,0x4D,0xB0,0x63,0x11,0x4D,0xB0,0x63,0x11,0x4D,0xB0,0x63,0x11,0x4D,0xB0,0x63,0x11,0x4D,0xB0,0x63,0x11,0x4D,0xB0,0x63,0x11,0x4D,0xB0,0x63,0x11,0x4D,0xB0,0x63,0x11,0x4D,0xB0,0x63,0x11,0x4D,
    0xB0,0x63,0x11,0x4D,0xB0,0x63,0x11,0x4D,0xB0,0x63,0x11,0x4D,0xB0,0x63,0x11,0x4D,0xB0,0x63,0x11,0x4D,0xB0,0x63,0x11,0x4D,0xB0,0x63,0x11,0x4D,0xB0,0x63,0x11,0x4D,0xB0,0x63,0x11,0x4D,0xB0,0x63,0x11,0x4D,0xB0,0x63,0x11,0x4D,0xB0,0x63,0x11,0x4D,0xB0,0x63,0x11,0x4D,0xB0,0x63,0x11,0x4D,0xB0,0x63,0x11,0x4D,0xB0,0x63,0x11,0x4D,
    0xB0,0x63,0x11,0x4D,0xB0,0x63,0x11,0x4D,0xB0,0x63,0x11,0x4D,0xB0,0x63,0x11,0x4D,0xB0,0x63,0x11,0x4D,0xB0,0x63,0x11,0x4D,0xB0,0x63,0x11,0x4D,0xB0,0x63,0x11,0x4D,0xB0,0x63,0x11,0x4D,0xB0,0x63,0x11,0x4D,0xB0,0x63,0x11,0x4D,0xB0,0x63,0x11,0x4D,0xB0,0x63,0x11,0x4D,0xB0,0x63,0x11,0x4D,0xB0,0x63,0x11,0x4D,0xB0,0x63,0x11,0x4D,
    0xB0,0x63,0x11,0x4D,0xB0,0x63,0x11,0x4D,0xB0,0x63,0x11,0x4D,0xB0,0x63,0x11,0x4D,0xB0,0x63,0x11,0x4D,0xB0,0x63,0x11,0x4D,0xB0,0x63,0x11,0x4D,0xB0,0x63,0x11,0x4D,0xB0,0x63,0x11,0x4D,0xB0,0x63,0x11,0x4D,0xB0,0x63,0x11,0x4D,0xB0,0x63,0x11,0x4D,0xB0,0x63,0x11,0x4D,0xB0,0x63,0x11,0x4D,0xB0,0x63,0x11,0x4D,0xB0,0x63,0x11,0x4D,
    0xB0,0x63,0x11,0x4D,0xB0,0x63,0x11,0x4D,0xB0,0x63,0x11,0x4D,0xB0,0x63,0x11,0x4D,0xB0,0x63,0x11,0x4D,0xB0,0x63,0x11,0x4D,0xB0,0x63,0x11,0x4D,0xB0,0x63,0x11,0x4D,0xB0,0x63,0x11,0x4D,0xB0,0x63,0x11,0x4D,0xB0,0x63,0x11,0x4D,0xB0,0x63,0x11,0x4D,0xB0,0x63,0x11,0x4D,0xB0,0x63,0x11,0x4D,0xB0,0x63,0x11,0x4D,0xB0,0x63,0x11,0x4D,
    0xB0,0x63,0x11,0x4D,0xB0,0x63,0x11,0x4D,0xB0,0x63,0x11,0x4D,0xB0,0x63,0x11,0x4D,0xB0,0x63,0x11,0x4D,0xB0,0x63,0x11,0x4D,0xB0,0x63,0x11,0x4D,0xB0,0x63,0x11,0x4D,0xB0,0x63,0x11,0x4D,0xB0,0x63,0x11,0x4D,0xB0,0x63,0x11,0x4D,0xB0,0x63,0x11,0x4D,0xB0,0x63,0x11,0x4D,0xB0,0x63,0x11,0x4D,0xB0,0x63,0x11,0x4D,0xB0,0x63,0x11,0x4D,
    0xB0,0x63,0x11,0x4D,0xB0,0x63,0x11,0x4D,0xB0,0x63,0x11,0x4D,0xB0,0x63,0x11,0x4D,0xB0,0x63,0x11,0x4D,0xB0,0x63,0x11,0x4D,0xB0,0x63,0x11,0x4D,0xB0,0x63,0x11,0x4D,0xB0,0x63,0x11,0x4D,0xB0,0x63,0x11,0x4D,0xB0,0x63,0x11,0x4D,0xB0,0x63,0x11,0x4D,0xB0,0x63,0x11,0x4D,0xB0,0x63,0x11,0x4D,0xB0,0x63,0x11,0x4D,0xB0,0x63,0x11,0x4D,
    0xB0,0x63,0x11,0x4D,0xB0,0x63,0x11,0x4D,0xB0,0x63,0x11,0x4D,0xB0,0x63,0x11,0x4D,0xB0,0x63,0x11,0x4D,0xB0,0x63,0x11,0x4D,0xB0,0x63,0x11,0x4D,0xB0,0x63,0x11,0x4D,0xB0,0x63,0x11,0x4D,0xB0,0x63,0x11,0x4D,0xB0,0x63,0x11,0x4D,0xB0,0x63,0x11,0x4D,0xB0,0x63,0x11,0x4D,0xB0,0x63,0x11,0x4D,0xB0,0x63,0x11,0x4D,0xB0,0x63,0x11,0x4D,
    0xB0,0x63,0x11,0x4D,0xB0,0x63,0x11,0x4D,0xB0,0x63,0x11,0x4D,0xB0,0x63,0x11,0x4D,0xB0,0x63,0x11,0x4D,0xB0,0x63,0x11,0x4D,0xB0,0x63,0x11,0x4D,0xB0,0x63,0x11,0x4D,0xB0,0x63,0x11,0x4D,0xB0,0x63,0x11,0x4D,0xB0,0x63,0x11,0x4D,0xB0,0x63,0x11,0x4D,0xB0,0x63,0x11,0x4D,0xB0,0x63,0x11,0x4D,0xB0,0x63,0x11,0x4D,0xB0,0x63,0x11,0x4D,
    0xB0,0x63,0x11,0x4D,0xB0,0x63,0x11,0x4D,0xB0,0x63,0x11,0x4D,0xB0,0x63,0x11,0x4D,0xB0,0x63,0x11,0x4D,0xB0,0x63,0x11,0x4D,0xB0,0x63,0x11,0x4D,0xB0,0x63,0x11,0x4D,0xB0,0x63,0x11,0x4D,0xB0,0x63,0x11,0x4D,0xB0,0x63,0x11,0x4D,0xB0,0x63,0x11,0x4D,0xB0,0x63,0x11,0x4D,0xB0,0x63,0x11,0x4D,0xB0,0x63,0x11,0x4D,0xB0,0x63,0x11,0x4D,
    0xB0,0x63,0x11,0x4D,0xB0,0x63,0x11,0x4D,0xB0,0x63,0x11,0x4D,0xB0,0x63,0x11,0x4D,0xB0,0x63,0x11,0x4D,0xB0,0x63,0x11,0x4D,0xB0,0x63,0x11,0x4D,0xB0,0x63,0x11,0x4D,0xB0,0x63,0x11,0x4D,0xB0,0x63,0x11,0x4D,0xB0,0x63,0x11,0x4D,0xB0,0x63,0x11,0x4D,0xB0,0x63,0x11,0x4D,0xB0,0x63,0x11,0x4D,0xB0,0x63,0x11,0x4D,0xB0,0x63,0x11,0x4D,
    0xB0,0x63,0x11,0x4D,0xB0,0x63,0x11,0x4D,0xB0,0x63,0x11,0x4D,0xB0,0x63,0x11,0x4D,0xB0,0x63,0x11,0x4D,0xB0,0x63,0x11,0x4D,0xB0,0x63,0x11,0x4D,0xB0,0x63,0x11,0x4D,0xB0,0x63,0x11,0x4D,0xB0,0x63,0x11,0x4D,0xB0,0x63,0x11,0x4D,0xB0,0x63,0x11,0x4D,0xB0,0x63,0x11,0x4D,0xB0,0x63,0x11,0x4D,0xB0,0x63,0x11,0x4D,0xB0,0x63,0x11,0x4D,
    0xB0,0x63,0x11,0x4D,0xB0,0x63,0x11,0x4D,0xB0,0x63,0x11,0x4D,0xB0,0x63,0x11,0x4D,0xB0,0x63,0x11,0x4D,0xB0,0x63,0x11,0x4D,0xB0,0x63,0x11,0x4D,0xB0,0x63,0x11,0x4D,0xB0,0x63,0x11,0x4D,0xB0,0x63,0x11,0x4D,0xB0,0x63,0x11,0x4D,0xB0,0x63,0x11,0x4D,0xB0,0x63,0x11,0x4D,0xB0,0x63,0x11,0x4D,0xB0,0x63,0x11,0x4D,0xB0,0x63,0x11,0x4D,
    0xB0,0x63,0x11,0x4D,0xB0,0x63,0x11,0x4D,0xB0,0x63,0x11,0x4D,0xB0,0x63,0x11,0x4D,0xB0,0x63,0x11,0x4D,0xB0,0x63,0x11,0x4D,0xB0,0x63,0x11,0x4D,0xB0,0x63,0x11,0x4D,0xB0,0x63,0x11,0x4D,0xB0,0x63,0x11,0x4D,0xB0,0x63,0x11,0x4D,0xB0,0x63,0x11,0x4D,0xB0,0x63,0x11,0x4D,0xB0,0x63,0x11,0x4D,0xB0,0x63,0x11,0x4D,0xB0,0x63,0x11,0x4D,
    0xB0,0x63,0x11,0x4D,0xB0,0x63,0x11,0x4D,0xB0,0x63,0x11,0x4D,0xB0,0x63,0x11,0x4D,0xB0,0x63,0x11,0x4D,0xB0,0x63,0x11,0x4D,0xB0,0x63,0x11,0x4D,0xB0,0x63,0x11,0x4D,0xB0,0x63,0x11,0x4D,0xB0,0x63,0x11,0x4D,0xB0,0x63,0x11,0x4D,0xB0,0x63,0x11,0x4D,0xB0,0x63,0x11,0x4D,0xB0,0x63,0x11,0x4D,0xB0,0x63,0x11,0x4D,0xB0,0x63,0x11,0x4D,
    0xB0,0x63,0x11,0x4D,0xB0,0x63,0x11,0x4D,0xB0,0x63,0x11,0x4D,0xB0,0x63,0x11,0x4D,0xB0,0x63,0x11,0x4D,0xB0,0x63,0x11,0x4D,0xB0,0x63,0x11,0x4D,0xB0,0x63,0x11,0x4D,0xB0,0x63,0x11,0x4D,0xB0,0x63,0x11,0x4D,0xB0,0x63,0x11,0x4D,0xB0,0x63,0x11,0x4D,0xB0,0x63,0x11,0x4D,0xB0,0x63,0x11,0x4D,0xB0,0x63,0x11,0x4D,0xB0,0x63,0x11,0x4D,
    0xB0,0x63,0x11,0x4D,0xB0,0x63,0x11,0x4D,0xB0,0x63,0x11,0x4D,0xB0,0x63,0x11,0x4D,0xB0,0x63,0x11,0x4D,0xB0,0x63,0x11,0x4D,0xB0,0x63,0x11,0x4D,0xB0,0x63,0x11,0x4D,0xB0,0x63,0x11,0x4D,0xB0,0x63,0x11,0x4D,0xB0,0x63,0x11,0x4D,0xB0,0x63,0x11,0x4D,0xB0,0x63,0x11,0x4D,0xB0,0x63,0x11,0x4D,0xB0,0x63,0x11,0x4D,0xB0,0x63,0x11,0x4D,
    0xB0,0x63,0x11,0x4D,0xB0,0x63,0x11,0x4D,0xB0,0x63,0x11,0x4D,0xB0,0x63,0x11,0x4D,0xB0,0x63,0x11,0x4D,0xB0,0x63,0x11,0x4D,0xB0,0x63,0x11,0x4D,0xB0,0x63,0x11,0x4D,0xB0,0x63,0x11,0x4D,0xB0,0x63,0x11,0x4D,0xB0,0x63,0x11,0x4D,0xB0,0x63,0x11,0x4D,0xB0,0x63,0x11,0x4D,0xB0,0x63,0x11,0x4D,0xB0,0x63,0x11,0x4D,0xB0,0x63,0x11,0x4D,
    0xB0,0x63,0x11,0x4D,0xB0,0x63,0x11,0x4D,0xB0,0x63,0x11,0x4D,0xB0,0x63,0x11,0x4D,0xB0,0x63,0x11,0x4D,0xB0,0x63,0x11,0x4D,0xB0,0x63,0x11,0x4D,0xB0,0x63,0x11,0x4D,0xB0,0x63,0x11,0x4D,0xB0,0x63,0x11,0x4D,0xB0,0x63,0x11,0x4D,0xB0,0x63,0x11,0x4D,0xB0,0x63,0x11,0x4D,0xB0,0x63,0x11,0x4D,0xB0,0x63,0x11,0x4D,0xB0,0x63,0x11,0x4D,
    0xB0,0x63,0x11,0x4D,0xB0,0x63,0x11,0x4D,0xB0,0x63,0x11,0x4D,0xB0,0x63,0x11,0x4D,0xB0,0x63,0x11,0x4D,0xB0,0x63,0x11,0x4D,0xB0,0x63,0x11,0x4D,0xB0,0x63,0x11,0x4D,0xB0,0x63,0x11,0x4D,0xB0,0x63,0x11,0x4D,0xB0,0x63,0x11,0x4D,0xB0,0x63,0x11,0x4D,0xB0,0x63,0x11,0x4D,0xB0,0x63,0x11,0x4D,0xB0,0x63,0x11,0x4D,0xB0,0x63,0x11,0x4D,
    0xB0,0x63,0x11,0x4D,0xB0,0x63,0x11,0x4D,0xB0,0x63,0x11,0x4D,0xB0,0x63,0x11,0x4D,0xB0,0x63,0x11,0x4D,0xB0,0x63,0x11,0x4D,0xB0,0x63,0x11,0x4D,0xB0,0x63,0x11,0x4D,0xB0,0x63,0x11,0x4D,0xB0,0x63,0x11,0x4D,0xB0,0x63,0x11,0x4D,0xB0,0x63,0x11,0x4D,0xB0,0x63,0x11,0x4D,0xB0,0x63,0x11,0x4D,0xB0,0x63,0x11,0x4D,0xB0,0x63,0x11,0x4D,
    0xB0,0x63,0x11,0x4D,0xB0,0x63,0x11,0x4D,0xB0,0x63,0x11,0x4D,0xB0,0x63,0x11,0x4D,0xB0,0x63,0x11,0x4D,0xB0,0x63,0x11,0x4D,0xB0,0x63,0x11,0x4D,0xB0,0x63,0x11,0x4D,0xB0,0x63,0x11,0x4D,0xB0,0x63,0x11,0x4D,0xB0,0x63,0x11,0x4D,0xB0,0x63,0x11,0x4D,0xB0,0x63,0x11,0x4D,0xB0,0x63,0x11,0x4D,0xB0,0x63,0x11,0x4D,0xB0,0x63,0x11,0x4D,
    0xB0,0x63,0x11,0x4D,0xB0,0x63,0x11,0x4D,0xB0,0x63,0x11,0x4D,0xB0,0x63,0x11,0x4D,0xB0,0x63,0x11,0x4D,0xB0,0x63,0x11,0x4D,0xB0,0x63,0x11,0x4D,0xB0,0x63,0x11,0x4D,0xB0,0x63,0x11,0x4D,0xB0,0x63,0x11,0x4D,0xB0,0x63,0x11,0x4D,0xB0,0x63,0x11,0x4D,0xB0,0x63,0x11,0x4D,0xB0,0x63,0x11,0x4D,0xB0,0x63,0x11,0x4D,0xB0,0x63,0x11,0x4D,
    0xB0,0x63,0x11,0x4D,0xB0,0x63,0x11,0x4D,0xB0,0x63,0x11,0x4D,0xB0,0x63,0x11,0x4D,0xB0,0x63,0x11,0x4D,0xB0,0x63,0x11,0x4D,0xB0,0x63,0x11,0x4D,0xB0,0x63,0x11,0x4D,0xB0,0x63,0x11,0x4D,0xB0,0x63,0x11,0x4D,0xB0,0x63,0x11,0x4D,0xB0,0x63,0x11,0x4D,0xB0,0x63,0x11,0x4D,0xB0,0x63,0x11,0x4D,0xB0,0x63,0x11,0x4D,0xB0,0x63,0x11,0x4D,
    0xB0,0x63,0x11,0x4D,0xB0,0x63,0x11,0x4D,0xB0,0x63,0x11,0x4D,0xB0,0x63,0x11,0x4D,0xB0,0x63,0x11,0x4D,0xB0,0x63,0x11,0x4D,0xB0,0x63,0x11,0x4D,0xB0,0x63,0x11,0x4D,0xB0,0x63,0x11,0x4D,0xB0,0x63,0x11,0x4D,0xB0,0x63,0x11,0x4D,0xB0,0x63,0x11,0x4D,0xB0,0x63,0x11,0x4D,0xB0,0x63,0x11,0x4D,0xB0,0x63,0x11,0x4D,0xB0,0x63,0x11,0x4D,
    0xB0,0x63,0x11,0x4D,0xB0,0x63,0x11,0x4D,0xB0,0x63,0x11,0x4D,0xB0,0x63,0x11,0x4D,0xB0,0x63,0x11,0x4D,0xB0,0x63,0x11,0x4D,0xB0,0x63,0x11,0x4D,0xB0,0x63,0x11,0x4D,0xB0,0x63,0x11,0x4D,0xB0,0x63,0x11,0x4D,0xB0,0x63,0x11,0x4D,0xB0,0x63,0x11,0x4D,0xB0,0x63,0x11,0x4D,0xB0,0x63,0x11,0x4D,0xB0,0x63,0x11,0x4D,0xB0,0x63,0x11,0x4D,
    0xB0,0x63,0x11,0x4D,0xB0,0x63,0x11,0x4D,0xB0,0x63,0x11,0x4D,0xB0,0x63,0x11,0x4D,0xB0,0x63,0x11,0x4D,0xB0,0x63,0x11,0x4D,0xB0,0x63,0x11,0x4D,0xB0,0x63,0x11,0x4D,0xB0,0x63,0x11,0x4D,0xB0,0x63,0x11,0x4D,0xB0,0x63,0x11,0x4D,0xB0,0x63,0x11,0x4D,0xB0,0x63,0x11,0x4D,0xB0,0x63,0x11,0x4D,0xB0,0x63,0x11,0x4D,0xB0,0x63,0x11,0x4D,
    0xB0,0x63,0x11,0x4D,0xB0,0x63,0x11,0x4D,0xB0,0x63,0x11,0x4D,0xB0,0x63,0x11,0x4D,0xB0,0x63,0x11,0x4D,0xB0,0x63,0x11,0x4D,0xB0,0x63,0x11,0x4D,0xB0,0x63,0x11,0x4D,0xB0,0x63,0x11,0x4D,0xB0,0x63,0x11,0x4D,0xB0,0x63,0x11,0x4D,0xB0,0x63,0x11,0x4D,0xB0,0x63,0x11,0x4D,0xB0,0x63,0x11,0x4D,0xB0,0x63,0x11,0x4D,0xB0,0x63,0x11,0x4D,
    0xB0,0x63,0x11,0x4D,0xB0,0x63,0x11,0x4D,0xB0,0x63,0x11,0x4D,0xB0,0x63,0x11,0x4D,0xB0,0x63,0x11,0x4D,0xB0,0x63,0x11,0x4D,0xB0,0x63,0x11,0x4D,0xB0,0x63,0x11,0x4D,0xB0,0x63,0x11,0x4D,0xB0,0x63,0x11,0x4D,0xB0,0x63,0x11,0x4D,0xB0,0x63,0x11,0x4D,0xB0,0x63,0x11,0x4D,0xB0,0x63,0x11,0x4D,0xB0,0x63,0x11,0x4D,0xB0,0x63,0x11,0x4D,
    0xB0,0x63,0x11,0x4D,0xB0,0x63,0x11,0x4D,0xB0,0x63,0x11,0x4D,0xB0,0x63,0x11,0x4D,0xB0,0x63,0x11,0x4D,0xB0,0x63,0x11,0x4D,0xB0,0x63,0x11,0x4D,0xB0,0x63,0x11,0x4D,0xB0,0x63,0x11,0x4D,0xB0,0x63,0x11,0x4D,0xB0,0x63,0x11,0x4D,0xB0,0x63,0x11,0x4D,0xB0,0x63,0x11,0x4D,0xB0,0x63,0x11,0x4D,0xB0,0x63,0x11,0x4D,0xB0,0x63,0x11,0x4D,
    0xB0,0x63,0x11,0x4D,0xB0,0x63,0x11,0x4D,0xB0,0x63,0x11,0x4D,0xB0,0x63,0x11,0x4D,0xB0,0x63,0x11,0x4D,0xB0,0x63,0x11,0x4D,0xB0,0x63,0x11,0x4D,0xB0,0x63,0x11,0x4D,0xB0,0x63,0x11,0x4D,0xB0,0x63,0x11,0x4D,0xB0,0x63,0x11,0x4D,0xB0,0x63,0x11,0x4D,0xB0,0x63,0x11,0x4D,0xB0,0x63,0x11,0x4D,0xB0,0x63,0x11,0x4D,0xB0,0x63,0x11,0x4D,
    0xB0,0x63,0x11,0x4D,0xB0,0x63,0x11,0x4D,0xB0,0x63,0x11,0x4D,0xB0,0x63,0x11,0x4D,0xB0,0x63,0x11,0x4D,0xB0,0x63,0x11,0x4D,0xB0,0x63,0x11,0x4D,0xB0,0x63,0x11,0x4D,0xB0,0x63,0x11,0x4D,0xB0,0x63,0x11,0x4D,0xB0,0x63,0x11,0x4D,0xB0,0x63,0x11,0x4D,0xB0,0x63,0x11,0x4D,0xB0,0x63,0x11,0x4D,0xB0,0x63,0x11,0x4D,0xB0,0x63,0x11,0x4D,
    0xB0,0x63,0x11,0x4D,0xB0,0x63,0x11,0x4D,0xB0,0x63,0x11,0x4D,0xB0,0x63,0x11,0x4D,0xB0,0x63,0x11,0x4D,0xB0,0x63,0x11,0x4D,0xB0,0x63,0x11,0x4D,0xB0,0x63,0x11,0x4D,0xB0,0x63,0x11,0x4D,0xB0,0x63,0x11,0x4D,0xB0,0x63,0x11,0x4D,0xB0,0x63,0x11,0x4D,0xB0,0x63,0x11,0x4D,0xB0,0x63,0x11,0x4D,0xB0,0x63,0x11,0x4D,0xB0,0x63,0x11,0x4D,
    0xB0,0x63,0x11,0x4D,0xB0,0x63,0x11,0x4D,0xB0,0x63,0x11,0x4D,0xB0,0x63,0x11,0x4D,0xB0,0x63,0x11,0x4D,0xB0,0x63,0x11,0x4D,0xB0,0x63,0x11,0x4D,0xB0,0x63,0x11,0x4D,0xB0,0x63,0x11,0x4D,0xB0,0x63,0x11,0x4D,0xB0,0x63,0x11,0x4D,0xB0,0x63,0x11,0x4D,0xB0,0x63,0x11,0x4D,0xB0,0x63,0x11,0x4D,0xB0,0x63,0x11,0x4D,0xB0,0x63,0x11,0x4D,
    0xB0,0x63,0x11,0x4D,0xB0,0x63,0x11,0x4D,0xB0,0x63,0x11,0x4D,0xB0,0x63,0x11,0x4D,0xB0,0x63,0x11,0x4D,0xB0,0x63,0x11,0x4D,0xB0,0x63,0x11,0x4D,0xB0,0x63,0x11,0x4D,0xB0,0x63,0x11,0x4D,0xB0,0x63,0x11,0x4D,0xB0,0x63,0x11,0x4D,0xB0,0x63,0x11,0x4D,0xB0,0x63,0x11,0x4D,0xB0,0x63,0x11,0x4D,0xB0,0x63,0x11,0x4D,0xB0,0x63,0x11,0x4D,
    0xB0,0x63,0x11,0x4D,0xB0,0x63,0x11,0x4D,0xB0,0x63,0x11,0x4D,0xB0,0x63,0x11,0x4D,0xB1,0x63,0x11,0x4B,0xB0,0x63,0x11,0x4D,0xB0,0x63,0x11,0x4D,0xB0,0x63,0x11,0x4D,0xB0,0x63,0x11,0x4D,0xB0,0x63,0x11,0x4D,0xB0,0x63,0x11,0x4D,0xB0,0x63,0x11,0x4D,0xB0,0x63,0x11,0x4D,0xB0,0x63,0x11,0x4D,0xB0,0x63,0x11,0x4D,0xB0,0x63,0x11,0x4D,
    0xB0,0x63,0x11,0x4D,0xB0,0x63,0x11,0x4D,0xB0,0x63,0x11,0x4D,0xB0,0x63,0x11,0x4D,0xB0,0x63,0x11,0x4D,0xB0,0x63,0x11,0x4D,0xB0,0x63,0x11,0x4D,0xB0,0x63,0x11,0x4D,0xB0,0x63,0x11,0x4D,0xB0,0x63,0x11,0x4D,0xB0,0x63,0x11,0x4D,0xB0,0x63,0x11,0x4D,0xB0,0x63,0x11,0x4D,0xB0,0x63,0x11,0x4D,0xB0,0x63,0x11,0x4D,0xB0,0x63,0x11,0x4D,
    0xB0,0x63,0x11,0x4D,0xB0,0x63,0x11,0x4D,0xB0,0x63,0x11,0x4D,0xB0,0x63,0x11,0x4D,0xB0,0x63,0x11,0x4D,0xB0,0x63,0x11,0x4D,0xB0,0x63,0x11,0x4D,0xB0,0x63,0x11,0x4D,0xB0,0x63,0x11,0x4D,0xB0,0x63,0x11,0x4D,0xB0,0x63,0x11,0x4D,0xB0,0x63,0x11,0x4D,0xB0,0x63,0x11,0x4D,0xB0,0x63,0x11,0x4D,0xB0,0x63,0x11,0x4D,0xB0,0x63,0x11,0x4D,
    0xB0,0x63,0x11,0x4D,0xB0,0x63,0x11,0x4D,0xB0,0x63,0x11,0x4D,0xB0,0x63,0x11,0x4D,0xB0,0x63,0x11,0x4D,0xB0,0x63,0x11,0x4D,0xB0,0x63,0x11,0x4D,0xB0,0x63,0x11,0x4D,0xB0,0x63,0x11,0x4D,0xB0,0x63,0x11,0x4D,0xB0,0x63,0x11,0x4D,0xB0,0x63,0x11,0x4D,0xB0,0x63,0x11,0x4D,0xB0,0x63,0x11,0x4D,0xB0,0x63,0x11,0x4D,0xB0,0x63,0x11,0x4D,
    0xB0,0x63,0x11,0x4D,0xB0,0x63,0x11,0x4D,0xB0,0x63,0x11,0x4D,0xB0,0x63,0x11,0x4D,0xB0,0x63,0x11,0x4D,0xB0,0x63,0x11,0x4D,0xB0,0x63,0x11,0x4D,0xB0,0x63,0x11,0x4D,0xB0,0x63,0x11,0x4D,0xB0,0x63,0x11,0x4D,0xB0,0x63,0x11,0x4D,0xB0,0x63,0x11,0x4D,0xB0,0x63,0x11,0x4D,0xB0,0x63,0x11,0x4D,0xB0,0x63,0x11,0x4D,0xB0,0x63,0x11,0x4D,
    0xB0,0x63,0x11,0x4D,0xB0,0x63,0x11,0x4D,0xB0,0x63,0x11,0x4D,0xB0,0x63,0x11,0x4D,0xB0,0x63,0x11,0x4D,0xB0,0x63,0x11,0x4D,0xB0,0x63,0x11,0x4D,0xB0,0x63,0x11,0x4D,0xB0,0x63,0x11,0x4D,0xB0,0x63,0x11,0x4D,0xB0,0x63,0x11,0x4D,0xB0,0x63,0x11,0x4D,0xB0,0x63,0x11,0x4D,0xB0,0x63,0x11,0x4D,0xB0,0x63,0x11,0x4D,0xB0,0x63,0x11,0x4D,
    0xB0,0x63,0x11,0x4D,0xB0,0x63,0x11,0x4D,0xB0,0x63,0x11,0x4D,0xB0,0x63,0x11,0x4D,0xB0,0x63,0x11,0x4D,0xB0,0x63,0x11,0x4D,0xB0,0x63,0x11,0x4D,0xB0,0x63,0x11,0x4D,0xB0,0x63,0x11,0x4D,0xB0,0x63,0x11,0x4D,0xB0,0x63,0x11,0x4D,0xB0,0x63,0x11,0x4D,0xB0,0x63,0x11,0x4D,0xB0,0x63,0x11,0x4D,0xB0,0x63,0x11,0x4D,0xB0,0x63,0x11,0x4D,
    0xB0,0x63,0x11,0x4D,0xB0,0x63,0x11,0x4D,0xB0,0x63,0x11,0x4D,0xB0,0x63,0x11,0x4D,0xB0,0x63,0x11,0x4D,0xB0,0x63,0x11,0x4D,0xB0,0x63,0x11,0x4D,0xB0,0x63,0x11,0x4D,0xB0,0x63,0x11,0x4D,0xB0,0x63,0x11,0x4D,0xB0,0x63,0x11,0x4D,0xB0,0x63,0x11,0x4D,0xB0,0x63,0x11,0x4D,0xB0,0x63,0x11,0x4D,0xB0,0x63,0x11,0x4D,0xB0,0x63,0x11,0x4D,
    0xB0,0x63,0x11,0x4D,0xB0,0x63,0x11,0x4D,0xB0,0x63,0x11,0x4D,0xB0,0x63,0x11,0x4D,0xB0,0x63,0x11,0x4D,0xB0,0x63,0x11,0x4D,0xB0,0x63,0x11,0x4D,0xB0,0x63,0x11,0x4D,0xB0,0x63,0x11,0x4D,0xB0,0x63,0x11,0x4D,0xB0,0x63,0x11,0x4D,0xB0,0x63,0x11,0x4D,0xB0,0x63,0x11,0x4D,0xB0,0x63,0x11,0x4D,0xB0,0x63,0x11,0x4D,0xB0,0x63,0x11,0x4D,
    0xB0,0x63,0x11,0x4D,0xB0,0x63,0x11,0x4D,0xB0,0x63,0x11,0x4D,0xB0,0x63,0x11,0x4D,0xB0,0x63,0x11,0x4D,0xB0,0x63,0x11,0x4D,0xB0,0x63,0x11,0x4D,0xB0,0x63,0x11,0x4D,0xB0,0x63,0x11,0x4D,0xB0,0x63,0x11,0x4D,0xB0,0x63,0x11,0x4D,0xB0,0x63,0x11,0x4D,0xB0,0x63,0x11,0x4D,0xB0,0x63,0x11,0x4D,0xB0,0x63,0x11,0x4D,0xB0,0x63,0x11,0x4D,
    0xB0,0x63,0x11,0x4D,0xB0,0x63,0x11,0x4D,0xB0,0x63,0x11,0x4D,0xB0,0x63,0x11,0x4D,0xB0,0x63,0x11,0x4D,0xB0,0x63,0x11,0x4D,0xB0,0x63,0x11,0x4D,0xB0,0x63,0x11,0x4D,0xB0,0x63,0x11,0x4D,0xB0,0x63,0x11,0x4D,0xB0,0x63,0x11,0x4D,0xB0,0x63,0x11,0x4D,0xB0,0x63,0x11,0x4D,0xB0,0x63,0x11,0x4D,0xB0,0x63,0x11,0x4D,0xB0,0x63,0x11,0x4D,
    0xB0,0x63,0x11,0x4D,0xB0,0x63,0x11,0x4D,0xB0,0x63,0x11,0x4D,0xB0,0x63,0x11,0x4D,0xB0,0x63,0x11,0x4D,0xB0,0x63,0x11,0x4D,0xB0,0x63,0x11,0x4D,0xB0,0x63,0x11,0x4D,0xB0,0x63,0x11,0x4D,0xB0,0x63,0x11,0x4D,0xB0,0x63,0x11,0x4D,0xB0,0x63,0x11,0x4D,0xB0,0x63,0x11,0x4D,0xB0,0x63,0x11,0x4D,0xB0,0x63,0x11,0x4D,0xB0,0x63,0x11,0x4D,
    0xB0,0x63,0x11,0x4D,0xB0,0x63,0x11,0x4D,0xB0,0x63,0x11,0x4D,0xB0,0x63,0x11,0x4D,0xB0,0x63,0x11,0x4D,0xB0,0x63,0x11,0x4D,0xB0,0x63,0x11,0x4D,0xB0,0x63,0x11,0x4D,0xB0,0x63,0x11,0x4D,0xB0,0x63,0x11,0x4D,0xB0,0x63,0x11,0x4D,0xB0,0x63,0x11,0x4D,0xB0,0x63,0x11,0x4D,0xB0,0x63,0x11,0x4D,0xB0,0x63,0x11,0x4D,0xB0,0x63,0x11,0x4D,
    0xB0,0x63,0x11,0x4D,0xB0,0x63,0x11,0x4D,0xB0,0x63,0x11,0x4D,0xB0,0x63,0x11,0x4D,0xB0,0x63,0x11,0x4D,0xB0,0x63,0x11,0x4D,0xB0,0x63,0x11,0x4D,0xB0,0x63,0x11,0x4D,0xB0,0x63,0x11,0x4D,0xB0,0x63,0x11,0x4D,0xB0,0x63,0x11,0x4D,0xB0,0x63,0x11,0x4D,0xB0,0x63,0x11,0x4D,0xB0,0x63,0x11,0x4D,0xB0,0x63,0x11,0x4D,0xB0,0x63,0x11,0x4D,
    0xB0,0x63,0x11,0x4D,0xB0,0x63,0x11,0x4D,0xB0,0x63,0x11,0x4D,0xB0,0x63,0x11,0x4D,0xB0,0x63,0x11,0x4D,0xB0,0x63,0x11,0x4D,0xB0,0x63,0x11,0x4D,0xB0,0x63,0x11,0x4D,0xB0,0x63,0x11,0x4D,0xB0,0x63,0x11,0x4D,0xB0,0x63,0x11,0x4D,0xB0,0x63,0x11,0x4D,0xB0,0x63,0x11,0x4D,0xB0,0x63,0x11,0x4D,0xB0,0x63,0x11,0x4D,0xB0,0x63,0x11,0x4D,
    0xB0,0x63,0x11,0x4D,0xB0,0x63,0x11,0x4D,0xB0,0x63,0x11,0x4D,0xB0,0x63,0x11,0x4D,0xB0,0x63,0x11,0x4D,0xB0,0x63,0x11,0x4D,0xB0,0x63,0x11,0x4D,0xB0,0x63,0x11,0x4D,0xB0,0x63,0x11,0x4D,0xB0,0x63,0x11,0x4D,0xB0,0x63,0x11,0x4D,0xB0,0x63,0x11,0x4D,0xB0,0x63,0x11,0x4D,0xB0,0x63,0x11,0x4D,0xB0,0x63,0x11,0x4D,0xB0,0x63,0x11,0x4D,
    0xB0,0x63,0x11,0x4D,0xB0,0x63,0x11,0x4D,0xB0,0x63,0x11,0x4D,0xB0,0x63,0x11,0x4D,0xB0,0x63,0x11,0x4D,0xB0,0x63,0x11,0x4D,0xB0,0x63,0x11,0x4D,0xB0,0x63,0x11,0x4D,0xB0,0x63,0x11,0x4D,0xB0,0x63,0x11,0x4D,0xB0,0x63,0x11,0x4D,0xB0,0x63,0x11,0x4D,0xB0,0x63,0x11,0x4D,0xB0,0x63,0x11,0x4D,0xB0,0x63,0x11,0x4D,0xB0,0x63,0x11,0x4D,
    0xB0,0x63,0x11,0x4D,0xB0,0x63,0x11,0x4D,0xB0,0x63,0x11,0x4D,0xB0,0x63,0x11,0x4D,0xB0,0x63,0x11,0x4D,0xB0,0x63,0x11,0x4D,0xB0,0x63,0x11,0x4D,0xB0,0x63,0x11,0x4D,0xB0,0x63,0x11,0x4D,0xB0,0x63,0x11,0x4D,0xB0,0x63,0x11,0x4D,0xB0,0x63,0x11,0x4D,0xB0,0x63,0x11,0x4D,0xB0,0x63,0x11,0x4D,0xB0,0x63,0x11,0x4D,0xB0,0x63,0x11,0x4D,
    0xB0,0x63,0x11,0x4D,0xB0,0x63,0x11,0x4D,0xB0,0x63,0x11,0x4D,0xB0,0x63,0x11,0x4D,0xB0,0x63,0x11,0x4D,0xB0,0x63,0x11,0x4D,0xB0,0x63,0x11,0x4D,0xB0,0x63,0x11,0x4D,0xB0,0x63,0x11,0x4D,0xB0,0x63,0x11,0x4D,0xB0,0x63,0x11,0x4D,0xB0,0x63,0x11,0x4D,0xB0,0x63,0x11,0x4D,0xB0,0x63,0x11,0x4D,0xB0,0x63,0x11,0x4D,0xB0,0x63,0x11,0x4D,
    0xB0,0x63,0x11,0x4D,0xB0,0x63,0x11,0x4D,0xB0,0x63,0x11,0x4D,0xB0,0x63,0x11,0x4D,0xB0,0x63,0x11,0x4D,0xB0,0x63,0x11,0x4D,0xB0,0x63,0x11,0x4D,0xB0,0x63,0x11,0x4D,0xB0,0x63,0x11,0x4D,0xB1,0x63,0x11,0x4B,0xAF,0x63,0x0F,0x43,0xB0,0x63,0x11,0x4D,0xB0,0x63,0x11,0x4D,0xB0,0x63,0x11,0x4D,0xB0,0x63,0x11,0x4D,0xB0,0x63,0x11,0x4D,
    0xB0,0x63,0x11,0x4D,0xB0,0x63,0x11,0x4D,0xB0,0x63,0x11,0x4D,0xB0,0x63,0x11,0x4D,0xB0,0x63,0x11,0x4D,0xB0,0x63,0x11,0x4D,0xB0,0x63,0x11,0x4D,0xB0,0x63,0x11,0x4D,0xB0,0x63,0x11,0x4D,0xB0,0x63,0x11,0x4D,0xB0,0x63,0x11,0x4D,0xB0,0x63,0x11,0x4D,0xB0,0x63,0x11,0x4D,0xB0,0x63,0x11,0x4D,0xB0,0x63,0x11,0x4D,0xB0,0x63,0x11,0x4D,
    0xB0,0x63,0x11,0x4D,0xB0,0x63,0x11,0x4D,0xB0,0x63,0x11,0x4D,0xB0,0x63,0x11,0x4D,0xB0,0x63,0x11,0x4D,0xB0,0x63,0x11,0x4D,0xB0,0x63,0x11,0x4D,0xB0,0x63,0x11,0x4D,0xB0,0x63,0x11,0x4D,0xB0,0x63,0x11,0x4D,0xB0,0x63,0x11,0x4D,0xB0,0x63,0x11,0x4D,0xB0,0x63,0x11,0x4D,0xB0,0x63,0x11,0x4D,0xB0,0x63,0x11,0x4D,0xB0,0x63,0x11,0x4D,
    0xB0,0x63,0x11,0x4D,0xB0,0x63,0x11,0x4D,0xB0,0x63,0x11,0x4D,0xB0,0x63,0x11,0x4D,0xB0,0x63,0x11,0x4D,0xB0,0x63,0x11,0x4D,0xB0,0x63,0x11,0x4D,0xB0,0x63,0x11,0x4D,0xB0,0x63,0x11,0x4D,0xB0,0x63,0x11,0x4D,0xB0,0x63,0x11,0x4D,0xB0,0x63,0x11,0x4D,0xB0,0x63,0x11,0x4D,0xB0,0x63,0x11,0x4D,0xB0,0x63,0x11,0x4D,0xB0,0x63,0x11,0x4D,
    0xB0,0x63,0x11,0x4D,0xB0,0x63,0x11,0x4D,0xB0,0x63,0x11,0x4D,0xB0,0x63,0x11,0x4D,0xB0,0x63,0x11,0x4D,0xB0,0x63,0x11,0x4D,0xB0,0x63,0x11,0x4D,0xB0,0x63,0x11,0x4D,0xB0,0x63,0x11,0x4D,0xB0,0x63,0x11,0x4D,0xB0,0x63,0x11,0x4D,0xB0,0x63,0x11,0x4D,0xB0,0x63,0x11,0x4D,0xB0,0x63,0x11,0x4D,0xB0,0x63,0x11,0x4D,0xB0,0x63,0x11,0x4D,
    0xB0,0x63,0x11,0x4D,0xB0,0x63,0x11,0x4D,0xB0,0x63,0x11,0x4D,0xB0,0x63,0x11,0x4D,0xB0,0x63,0x11,0x4D,0xB0,0x63,0x11,0x4D,0xB0,0x63,0x11,0x4D,0xB0,0x63,0x11,0x4D,0xB0,0x63,0x11,0x4D,0xB0,0x63,0x11,0x4D,0xB0,0x63,0x11,0x4D,0xB0,0x63,0x11,0x4D,0xB0,0x63,0x11,0x4D,0xB0,0x63,0x11,0x4D,0xB0,0x63,0x11,0x4D,0xB0,0x63,0x11,0x4D,
    0xB0,0x63,0x11,0x4D,0xB0,0x63,0x11,0x4D,0xB0,0x63,0x11,0x4D,0xB0,0x63,0x11,0x4D,0xB0,0x63,0x11,0x4D,0xB0,0x63,0x11,0x4D,0xB0,0x63,0x11,0x4D,0xB0,0x63,0x11,0x4D,0xB0,0x63,0x11,0x4D,0xB0,0x63,0x11,0x4D,0xB0,0x63,0x11,0x4D,0xB0,0x63,0x11,0x4D,0xB0,0x63,0x11,0x4D,0xB0,0x63,0x11,0x4D,0xB0,0x63,0x11,0x4D,0xB0,0x63,0x11,0x4D,
    0xB0,0x63,0x11,0x4D,0xB0,0x63,0x11,0x4D,0xB0,0x63,0x11,0x4D,0xB0,0x63,0x11,0x4D,0xB0,0x63,0x11,0x4D,0xB0,0x63,0x11,0x4D,0xB0,0x63,0x11,0x4D,0xB0,0x63,0x11,0x4D,0xB0,0x63,0x11,0x4D,0xB0,0x63,0x11,0x4D,0xB0,0x63,0x11,0x4D,0xB0,0x63,0x11,0x4D,0xB0,0x63,0x11,0x4D,0xB0,0x63,0x11,0x4D,0xB0,0x63,0x11,0x4D,0xB0,0x63,0x11,0x4D,
    0xB0,0x63,0x11,0x4D,0xB0,0x63,0x11,0x4D,0xB0,0x63,0x11,0x4D,0xB0,0x63,0x11,0x4D,0xB0,0x63,0x11,0x4D,0xB0,0x63,0x11,0x4D,0xB0,0x63,0x11,0x4D,0xB0,0x63,0x11,0x4D,0xB0,0x63,0x11,0x4D,0xB0,0x63,0x11,0x4D,0xB0,0x63,0x11,0x4D,0xB0,0x63,0x11,0x4D,0xB0,0x63,0x11,0x4D,0xB0,0x63,0x11,0x4D,0xB0,0x63,0x11,0x4D,0xB0,0x63,0x11,0x4D,
    0xB0,0x63,0x11,0x4D,0xB0,0x63,0x11,0x4D,0xB0,0x63,0x11,0x4D,0xB0,0x63,0x11,0x4D,0xB0,0x63,0x11,0x4D,0xB0,0x63,0x11,0x4D,0xB0,0x63,0x11,0x4D,0xB0,0x63,0x11,0x4D,0xB0,0x63,0x11,0x4D,0xB0,0x63,0x11,0x4D,0xB0,0x63,0x11,0x4D,0xB0,0x63,0x11,0x4D,0xB0,0x63,0x11,0x4D,0xB0,0x63,0x11,0x4D,0xB0,0x63,0x11,0x4D,0xB0,0x63,0x11,0x4D,
    0xB0,0x63,0x11,0x4D,0xB0,0x63,0x11,0x4D,0xB0,0x63,0x11,0x4D,0xB0,0x63,0x11,0x4D,0xB0,0x63,0x11,0x4D,0xB0,0x63,0x11,0x4D,0xB0,0x63,0x11,0x4D,0xB0,0x63,0x11,0x4D,0xB0,0x63,0x11,0x4D,0xB0,0x63,0x11,0x4D,0xB0,0x63,0x11,0x4D,0xB0,0x63,0x11,0x4D,0xB0,0x63,0x11,0x4D,0xB0,0x63,0x11,0x4D,0xB0,0x63,0x11,0x4D,0xB0,0x63,0x11,0x4D,
    0xB0,0x63,0x11,0x4D,0xB0,0x63,0x11,0x4D,0xB0,0x63,0x11,0x4D,0xB0,0x63,0x11,0x4D,0xB0,0x63,0x11,0x4D,0xB0,0x63,0x11,0x4D,0xB0,0x63,0x11,0x4D,0xB0,0x63,0x11,0x4D,0xB0,0x63,0x11,0x4D,0xB0,0x63,0x11,0x4D,0xB0,0x63,0x11,0x4D,0xB0,0x63,0x11,0x4D,0xB0,0x63,0x11,0x4D,0xB0,0x63,0x11,0x4D,0xB0,0x63,0x11,0x4D,0xB0,0x63,0x11,0x4D,
    0xB0,0x63,0x11,0x4D,0xB0,0x63,0x11,0x4D,0xB0,0x63,0x11,0x4D,0xB0,0x63,0x11,0x4D,0xB0,0x63,0x11,0x4D,0xB0,0x63,0x11,0x4D,0xB0,0x63,0x11,0x4D,0xB0,0x63,0x11,0x4D,0xB0,0x63,0x11,0x4D,0xB0,0x63,0x11,0x4D,0xB0,0x63,0x11,0x4D,0xB0,0x63,0x11,0x4D,0xB0,0x63,0x11,0x4D,0xB0,0x63,0x11,0x4D,0xB0,0x63,0x11,0x4D,0xB0,0x63,0x11,0x4D,
    0xB0,0x63,0x11,0x4D,0xB0,0x63,0x11,0x4D,0xB0,0x63,0x11,0x4D,0xB0,0x63,0x11,0x4D,0xB0,0x63,0x11,0x4D,0xB0,0x63,0x11,0x4D,0xB0,0x63,0x11,0x4D,0xB0,0x63,0x11,0x4D,0xB0,0x63,0x11,0x4D,0xB0,0x63,0x11,0x4D,0xB0,0x63,0x11,0x4D,0xB0,0x63,0x11,0x4D,0xB0,0x63,0x11,0x4D,0xB0,0x63,0x11,0x4D,0xB0,0x63,0x11,0x4D,0xB0,0x63,0x11,0x4D,
    0xB0,0x63,0x11,0x4D,0xB0,0x63,0x11,0x4D,0xB0,0x63,0x11,0x4D,0xB0,0x63,0x11,0x4D,0xB0,0x63,0x11,0x4D,0xB0,0x63,0x11,0x4D,0xB0,0x63,0x11,0x4D,0xB0,0x63,0x11,0x4D,0xB0,0x63,0x11,0x4D,0xB0,0x63,0x11,0x4D,0xB0,0x63,0x11,0x4D,0xB0,0x63,0x11,0x4D,0xB0,0x63,0x11,0x4D,0xB0,0x63,0x11,0x4D,0xB0,0x63,0x11,0x4D,0xB0,0x63,0x11,0x4D,
    0xB0,0x63,0x11,0x4D,0xB0,0x63,0x11,0x4D,0xB0,0x63,0x11,0x4D,0xB0,0x63,0x11,0x4D,0xB0,0x63,0x11,0x4D,0xB0,0x63,0x11,0x4D,0xB0,0x63,0x11,0x4D,0xB0,0x63,0x11,0x4D,0xB0,0x63,0x11,0x4D,0xB0,0x63,0x11,0x4D,0xB0,0x63,0x11,0x4D,0xB0,0x63,0x11,0x4D,0xB0,0x63,0x11,0x4D,0xB0,0x63,0x11,0x4D,0xB0,0x63,0x11,0x4D,0xB0,0x63,0x11,0x4D,
    0xB0,0x63,0x11,0x4D,0xB0,0x63,0x11,0x4D,0xB0,0x63,0x11,0x4D,0xB0,0x63,0x11,0x4D,0xB0,0x63,0x11,0x4D,0xB0,0x63,0x11,0x4D,0xB0,0x63,0x11,0x4D,0xB0,0x63,0x11,0x4D,0xB0,0x63,0x11,0x4D,0xB0,0x63,0x11,0x4D,0xB0,0x63,0x11,0x4D,0xB0,0x63,0x11,0x4D,0xB0,0x63,0x11,0x4D,0xB0,0x63,0x11,0x4D,0xB0,0x63,0x11,0x4D,0xB0,0x63,0x11,0x4D,
    0xB0,0x63,0x11,0x4D,0xB0,0x63,0x11,0x4D,0xB0,0x63,0x11,0x4D,0xB0,0x63,0x11,0x4D,0xB0,0x63,0x11,0x4D,0xB0,0x63,0x11,0x4D,0xB0,0x63,0x11,0x4D,0xB0,0x63,0x11,0x4D,0xB0,0x63,0x11,0x4D,0xB0,0x63,0x11,0x4D,0xB0,0x63,0x11,0x4D,0xB0,0x63,0x11,0x4D,0xB0,0x63,0x11,0x4D,0xB0,0x63,0x11,0x4D,0xB0,0x63,0x11,0x4D,0xB0,0x63,0x11,0x4D,
    0xB0,0x63,0x11,0x4D,0xB0,0x63,0x11,0x4D,0xB0,0x63,0x11,0x4D,0xB0,0x63,0x11,0x4D,0xB0,0x63,0x11,0x4D,0xB0,0x63,0x11,0x4D,0xB0,0x63,0x11,0x4D,0xB0,0x63,0x11,0x4D,0xB0,0x63,0x11,0x4D,0xB0,0x63,0x11,0x4D,0xB0,0x63,0x11,0x4D,0xB0,0x63,0x11,0x4D,0xB0,0x63,0x11,0x4D,0xB0,0x63,0x11,0x4D,0xB0,0x63,0x11,0x4D,0xB0,0x63,0x11,0x4D,
    0xB0,0x63,0x11,0x4D,0xB0,0x63,0x11,0x4D,0xB0,0x63,0x11,0x4D,0xB0,0x63,0x11,0x4D,0xB0,0x63,0x11,0x4D,0xB0,0x63,0x11,0x4D,0xB0,0x63,0x11,0x4D,0xB0,0x63,0x11,0x4D,0xB0,0x63,0x11,0x4D,0xB0,0x63,0x11,0x4D,0xB0,0x63,0x11,0x4D,0xB0,0x63,0x11,0x4D,0xB0,0x63,0x11,0x4D,0xB0,0x63,0x11,0x4D,0xB0,0x63,0x11,0x4D,0xAF,0x63,0x0F,0x43,
    0xB2,0x65,0x0E,0x35,0xB0,0x63,0x11,0x4D,0xB0,0x63,0x11,0x4D,0xB0,0x63,0x11,0x4D,0xB0,0x63,0x11,0x4D,0xB0,0x63,0x11,0x4D,0xB0,0x63,0x11,0x4D,0xB0,0x63,0x11,0x4D,0xB0,0x63,0x11,0x4D,0xB0,0x63,0x11,0x4D,0xB0,0x63,0x11,0x4D,0xB0,0x63,0x11,0x4D,0xB0,0x63,0x11,0x4D,0xB0,0x63,0x11,0x4D,0xB0,0x63,0x11,0x4D,0xB0,0x63,0x11,0x4D,
    0xB0,0x63,0x11,0x4D,0xB0,0x63,0x11,0x4D,0xB0,0x63,0x11,0x4D,0xB0,0x63,0x11,0x4D,0xB0,0x63,0x11,0x4D,0xB0,0x63,0x11,0x4D,0xB0,0x63,0x11,0x4D,0xB0,0x63,0x11,0x4D,0xB0,0x63,0x11,0x4D,0xB0,0x63,0x11,0x4D,0xB0,0x63,0x11,0x4D,0xB0,0x63,0x11,0x4D,0xB0,0x63,0x11,0x4D,0xB0,0x63,0x11,0x4D,0xB0,0x63,0x11,0x4D,0xB0,0x63,0x11,0x4D,
    0xB0,0x63,0x11,0x4D,0xB0,0x63,0x11,0x4D,0xB0,0x63,0x11,0x4D,0xB0,0x63,0x11,0x4D,0xB0,0x63,0x11,0x4D,0xB0,0x63,0x11,0x4D,0xB0,0x63,0x11,0x4D,0xB0,0x63,0x11,0x4D,0xB0,0x63,0x11,0x4D,0xB0,0x63,0x11,0x4D,0xB0,0x63,0x11,0x4D,0xB0,0x63,0x11,0x4D,0xB0,0x63,0x11,0x4D,0xB0,0x63,0x11,0x4D,0xB0,0x63,0x11,0x4D,0xB0,0x63,0x11,0x4D,
    0xB0,0x63,0x11,0x4D,0xB0,0x63,0x11,0x4D,0xB0,0x63,0x11,0x4D,0xB0,0x63,0x11,0x4D,0xB0,0x63,0x11,0x4D,0xB0,0x63,0x11,0x4D,0xB0,0x63,0x11,0x4D,0xB0,0x63,0x11,0x4D,0xB0,0x63,0x11,0x4D,0xB0,0x63,0x11,0x4D,0xB0,0x63,0x11,0x4D,0xB0,0x63,0x11,0x4D,0xB0,0x63,0x11,0x4D,0xB0,0x63,0x11,0x4D,0xB0,0x63,0x11,0x4D,0xB0,0x63,0x11,0x4D,
    0xB0,0x63,0x11,0x4D,0xB0,0x63,0x11,0x4D,0xB0,0x63,0x11,0x4D,0xB0,0x63,0x11,0x4D,0xB0,0x63,0x11,0x4D,0xB0,0x63,0x11,0x4D,0xB0,0x63,0x11,0x4D,0xB0,0x63,0x11,0x4D,0xB0,0x63,0x11,0x4D,0xB0,0x63,0x11,0x4D,0xB0,0x63,0x11,0x4D,0xB0,0x63,0x11,0x4D,0xB0,0x63,0x11,0x4D,0xB0,0x63,0x11,0x4D,0xB0,0x63,0x11,0x4D,0xB0,0x63,0x11,0x4D,
    0xB0,0x63,0x11,0x4D,0xB0,0x63,0x11,0x4D,0xB0,0x63,0x11,0x4D,0xB0,0x63,0x11,0x4D,0xB0,0x63,0x11,0x4D,0xB0,0x63,0x11,0x4D,0xB0,0x63,0x11,0x4D,0xB0,0x63,0x11,0x4D,0xB0,0x63,0x11,0x4D,0xB0,0x63,0x11,0x4D,0xB0,0x63,0x11,0x4D,0xB0,0x63,0x11,0x4D,0xB0,0x63,0x11,0x4D,0xB0,0x63,0x11,0x4D,0xB0,0x63,0x11,0x4D,0xB0,0x63,0x11,0x4D,
    0xB0,0x63,0x11,0x4D,0xB0,0x63,0x11,0x4D,0xB0,0x63,0x11,0x4D,0xB0,0x63,0x11,0x4D,0xB0,0x63,0x11,0x4D,0xB0,0x63,0x11,0x4D,0xB0,0x63,0x11,0x4D,0xB0,0x63,0x11,0x4D,0xB0,0x63,0x11,0x4D,0xB0,0x63,0x11,0x4D,0xB0,0x63,0x11,0x4D,0xB0,0x63,0x11,0x4D,0xB0,0x63,0x11,0x4D,0xB0,0x63,0x11,0x4D,0xB0,0x63,0x11,0x4D,0xB0,0x63,0x11,0x4D,
    0xB0,0x63,0x11,0x4D,0xB0,0x63,0x11,0x4D,0xB0,0x63,0x11,0x4D,0xB0,0x63,0x11,0x4D,0xB0,0x63,0x11,0x4D,0xB0,0x63,0x11,0x4D,0xB0,0x63,0x11,0x4D,0xB0,0x63,0x11,0x4D,0xB0,0x63,0x11,0x4D,0xB0,0x63,0x11,0x4D,0xB0,0x63,0x11,0x4D,0xB0,0x63,0x11,0x4D,0xB0,0x63,0x11,0x4D,0xB0,0x63,0x11,0x4D,0xB0,0x63,0x11,0x4D,0xB0,0x63,0x11,0x4D,
    0xB0,0x63,0x11,0x4D,0xB0,0x63,0x11,0x4D,0xB0,0x63,0x11,0x4D,0xB0,0x63,0x11,0x4D,0xB0,0x63,0x11,0x4D,0xB0,0x63,0x11,0x4D,0xB0,0x63,0x11,0x4D,0xB0,0x63,0x11,0x4D,0xB0,0x63,0x11,0x4D,0xB0,0x63,0x11,0x4D,0xB0,0x63,0x11,0x4D,0xB0,0x63,0x11,0x4D,0xB0,0x63,0x11,0x4D,0xB0,0x63,0x11,0x4D,0xB0,0x63,0x11,0x4D,0xB0,0x63,0x11,0x4D,
    0xB0,0x63,0x11,0x4D,0xB0,0x63,0x11,0x4D,0xB0,0x63,0x11,0x4D,0xB0,0x63,0x11,0x4D,0xB0,0x63,0x11,0x4D,0xB0,0x63,0x11,0x4D,0xB0,0x63,0x11,0x4D,0xB0,0x63,0x11,0x4D,0xB0,0x63,0x11,0x4D,0xB0,0x63,0x11,0x4D,0xB0,0x63,0x11,0x4D,0xB0,0x63,0x11,0x4D,0xB0,0x63,0x11,0x4D,0xB0,0x63,0x11,0x4D,0xB0,0x63,0x11,0x4D,0xB0,0x63,0x11,0x4D,
    0xB0,0x63,0x11,0x4D,0xB0,0x63,0x11,0x4D,0xB0,0x63,0x11,0x4D,0xB0,0x63,0x11,0x4D,0xB0,0x63,0x11,0x4D,0xB0,0x63,0x11,0x4D,0xB0,0x63,0x11,0x4D,0xB0,0x63,0x11,0x4D,0xB0,0x63,0x11,0x4D,0xB0,0x63,0x11,0x4D,0xB0,0x63,0x11,0x4D,0xB0,0x63,0x11,0x4D,0xB0,0x63,0x11,0x4D,0xB0,0x63,0x11,0x4D,0xB0,0x63,0x11,0x4D,0xB0,0x63,0x11,0x4D,
    0xB0,0x63,0x11,0x4D,0xB0,0x63,0x11,0x4D,0xB0,0x63,0x11,0x4D,0xB0,0x63,0x11,0x4D,0xB0,0x63,0x11,0x4D,0xB0,0x63,0x11,0x4D,0xB0,0x63,0x11,0x4D,0xB0,0x63,0x11,0x4D,0xB0,0x63,0x11,0x4D,0xB0,0x63,0x11,0x4D,0xB0,0x63,0x11,0x4D,0xB0,0x63,0x11,0x4D,0xB0,0x63,0x11,0x4D,0xB0,0x63,0x11,0x4D,0xB0,0x63,0x11,0x4D,0xB0,0x63,0x11,0x4D,
    0xB0,0x63,0x11,0x4D,0xB0,0x63,0x11,0x4D,0xB0,0x63,0x11,0x4D,0xB0,0x63,0x11,0x4D,0xB0,0x63,0x11,0x4D,0xB0,0x63,0x11,0x4D,0xB0,0x63,0x11,0x4D,0xB0,0x63,0x11,0x4D,0xB0,0x63,0x11,0x4D,0xB0,0x63,0x11,0x4D,0xB0,0x63,0x11,0x4D,0xB0,0x63,0x11,0x4D,0xB0,0x63,0x11,0x4D,0xB0,0x63,0x11,0x4D,0xB0,0x63,0x11,0x4D,0xB0,0x63,0x11,0x4D,
    0xB0,0x63,0x11,0x4D,0xB0,0x63,0x11,0x4D,0xB0,0x63,0x11,0x4D,0xB0,0x63,0x11,0x4D,0xB0,0x63,0x11,0x4D,0xB0,0x63,0x11,0x4D,0xB0,0x63,0x11,0x4D,0xB0,0x63,0x11,0x4D,0xB0,0x63,0x11,0x4D,0xB0,0x63,0x11,0x4D,0xB0,0x63,0x11,0x4D,0xB0,0x63,0x11,0x4D,0xB0,0x63,0x11,0x4D,0xB0,0x63,0x11,0x4D,0xB0,0x63,0x11,0x4D,0xB0,0x63,0x11,0x4D,
    0xB0,0x63,0x11,0x4D,0xB0,0x63,0x11,0x4D,0xB0,0x63,0x11,0x4D,0xB0,0x63,0x11,0x4D,0xB0,0x63,0x11,0x4D,0xB0,0x63,0x11,0x4D,0xB0,0x63,0x11,0x4D,0xB0,0x63,0x11,0x4D,0xB0,0x63,0x11,0x4D,0xB0,0x63,0x11,0x4D,0xB0,0x63,0x11,0x4D,0xB0,0x63,0x11,0x4D,0xB0,0x63,0x11,0x4D,0xB0,0x63,0x11,0x4D,0xB0,0x63,0x11,0x4D,0xB0,0x63,0x11,0x4D,
    0xB0,0x63,0x11,0x4D,0xB0,0x63,0x11,0x4D,0xB0,0x63,0x11,0x4D,0xB0,0x63,0x11,0x4D,0xB0,0x63,0x11,0x4D,0xB0,0x63,0x11,0x4D,0xB0,0x63,0x11,0x4D,0xB0,0x63,0x11,0x4D,0xB0,0x63,0x11,0x4D,0xB0,0x63,0x11,0x4D,0xB0,0x63,0x11,0x4D,0xB0,0x63,0x11,0x4D,0xB0,0x63,0x11,0x4D,0xB0,0x63,0x11,0x4D,0xB0,0x63,0x11,0x4D,0xB0,0x63,0x11,0x4D,
    0xB0,0x63,0x11,0x4D,0xB0,0x63,0x11,0x4D,0xB0,0x63,0x11,0x4D,0xB0,0x63,0x11,0x4D,0xB0,0x63,0x11,0x4D,0xB0,0x63,0x11,0x4D,0xB0,0x63,0x11,0x4D,0xB0,0x63,0x11,0x4D,0xB0,0x63,0x11,0x4D,0xB0,0x63,0x11,0x4D,0xB0,0x63,0x11,0x4D,0xB0,0x63,0x11,0x4D,0xB0,0x63,0x11,0x4D,0xB0,0x63,0x11,0x4D,0xB0,0x63,0x11,0x4D,0xB0,0x63,0x11,0x4D,
    0xB0,0x63,0x11,0x4D,0xB0,0x63,0x11,0x4D,0xB0,0x63,0x11,0x4D,0xB0,0x63,0x11,0x4D,0xB0,0x63,0x11,0x4D,0xB0,0x63,0x11,0x4D,0xB0,0x63,0x11,0x4D,0xB0,0x63,0x11,0x4D,0xB0,0x63,0x11,0x4D,0xB0,0x63,0x11,0x4D,0xB0,0x63,0x11,0x4D,0xB0,0x63,0x11,0x4D,0xB0,0x63,0x11,0x4D,0xB0,0x63,0x11,0x4D,0xB0,0x63,0x11,0x4D,0xB0,0x63,0x11,0x4D,
    0xB0,0x63,0x11,0x4D,0xB0,0x63,0x11,0x4D,0xB0,0x63,0x11,0x4D,0xB0,0x63,0x11,0x4D,0xB0,0x63,0x11,0x4D,0xB0,0x63,0x11,0x4D,0xB0,0x63,0x11,0x4D,0xB0,0x63,0x11,0x4D,0xB0,0x63,0x11,0x4D,0xB0,0x63,0x11,0x4D,0xB0,0x63,0x11,0x4D,0xB0,0x63,0x11,0x4D,0xB0,0x63,0x11,0x4D,0xB0,0x63,0x11,0x4D,0xB0,0x63,0x11,0x4D,0xB0,0x63,0x11,0x4D,
    0xB0,0x63,0x11,0x4D,0xB0,0x63,0x11,0x4D,0xB0,0x63,0x11,0x4D,0xB0,0x63,0x11,0x4D,0xB0,0x63,0x11,0x4D,0xB2,0x65,0x0E,0x35,0xAA,0x5E,0x13,0x1B,0xB0,0x63,0x11,0x4D,0xB0,0x63,0x11,0x4D,0xB0,0x63,0x11,0x4D,0xB0,0x63,0x11,0x4D,0xB0,0x63,0x11,0x4D,0xB0,0x63,0x11,0x4D,0xB0,0x63,0x11,0x4D,0xB0,0x63,0x11,0x4D,0xB0,0x63,0x11,0x4D,
    0xB0,0x63,0x11,0x4D,0xB0,0x63,0x11,0x4D,0xB0,0x63,0x11,0x4D,0xB0,0x63,0x11,0x4D,0xB0,0x63,0x11,0x4D,0xB0,0x63,0x11,0x4D,0xB0,0x63,0x11,0x4D,0xB0,0x63,0x11,0x4D,0xB0,0x63,0x11,0x4D,0xB0,0x63,0x11,0x4D,0xB0,0x63,0x11,0x4D,0xB0,0x63,0x11,0x4D,0xB0,0x63,0x11,0x4D,0xB0,0x63,0x11,0x4D,0xB0,0x63,0x11,0x4D,0xB0,0x63,0x11,0x4D,
    0xB0,0x63,0x11,0x4D,0xB0,0x63,0x11,0x4D,0xB0,0x63,0x11,0x4D,0xB0,0x63,0x11,0x4D,0xB0,0x63,0x11,0x4D,0xB0,0x63,0x11,0x4D,0xB0,0x63,0x11,0x4D,0xB0,0x63,0x11,0x4D,0xB0,0x63,0x11,0x4D,0xB0,0x63,0x11,0x4D,0xB0,0x63,0x11,0x4D,0xB0,0x63,0x11,0x4D,0xB0,0x63,0x11,0x4D,0xB0,0x63,0x11,0x4D,0xB0,0x63,0x11,0x4D,0xB0,0x63,0x11,0x4D,
    0xB0,0x63,0x11,0x4D,0xB0,0x63,0x11,0x4D,0xB0,0x63,0x11,0x4D,0xB0,0x63,0x11,0x4D,0xB0,0x63,0x11,0x4D,0xB0,0x63,0x11,0x4D,0xB0,0x63,0x11,0x4D,0xB0,0x63,0x11,0x4D,0xB0,0x63,0x11,0x4D,0xB0,0x63,0x11,0x4D,0xB0,0x63,0x11,0x4D,0xB0,0x63,0x11,0x4D,0xB0,0x63,0x11,0x4D,0xB0,0x63,0x11,0x4D,0xB0,0x63,0x11,0x4D,0xB0,0x63,0x11,0x4D,
    0xB0,0x63,0x11,0x4D,0xB0,0x63,0x11,0x4D,0xB0,0x63,0x11,0x4D,0xB0,0x63,0x11,0x4D,0xB0,0x63,0x11,0x4D,0xB0,0x63,0x11,0x4D,0xB0,0x63,0x11,0x4D,0xB0,0x63,0x11,0x4D,0xB0,0x63,0x11,0x4D,0xB0,0x63,0x11,0x4D,0xB0,0x63,0x11,0x4D,0xB0,0x63,0x11,0x4D,0xB0,0x63,0x11,0x4D,0xB0,0x63,0x11,0x4D,0xB0,0x63,0x11,0x4D,0xB0,0x63,0x11,0x4D,
    0xB0,0x63,0x11,0x4D,0xB0,0x63,0x11,0x4D,0xB0,0x63,0x11,0x4D,0xB0,0x63,0x11,0x4D,0xB0,0x63,0x11,0x4D,0xB0,0x63,0x11,0x4D,0xB0,0x63,0x11,0x4D,0xB0,0x63,0x11,0x4D,0xB0,0x63,0x11,0x4D,0xB0,0x63,0x11,0x4D,0xB0,0x63,0x11,0x4D,0xB0,0x63,0x11,0x4D,0xB0,0x63,0x11,0x4D,0xB0,0x63,0x11,0x4D,0xB0,0x63,0x11,0x4D,0xB0,0x63,0x11,0x4D,
    0xB0,0x63,0x11,0x4D,0xB0,0x63,0x11,0x4D,0xB0,0x63,0x11,0x4D,0xB0,0x63,0x11,0x4D,0xB0,0x63,0x11,0x4D,0xB0,0x63,0x11,0x4D,0xB0,0x63,0x11,0x4D,0xB0,0x63,0x11,0x4D,0xB0,0x63,0x11,0x4D,0xB0,0x63,0x11,0x4D,0xB0,0x63,0x11,0x4D,0xB0,0x63,0x11,0x4D,0xB0,0x63,0x11,0x4D,0xB0,0x63,0x11,0x4D,0xB0,0x63,0x11,0x4D,0xB0,0x63,0x11,0x4D,
    0xB0,0x63,0x11,0x4D,0xB0,0x63,0x11,0x4D,0xB0,0x63,0x11,0x4D,0xB0,0x63,0x11,0x4D,0xB0,0x63,0x11,0x4D,0xB0,0x63,0x11,0x4D,0xB0,0x63,0x11,0x4D,0xB0,0x63,0x11,0x4D,0xB0,0x63,0x11,0x4D,0xB0,0x63,0x11,0x4D,0xB0,0x63,0x11,0x4D,0xB0,0x63,0x11,0x4D,0xB0,0x63,0x11,0x4D,0xB0,0x63,0x11,0x4D,0xB0,0x63,0x11,0x4D,0xB0,0x63,0x11,0x4D,
    0xB0,0x63,0x11,0x4D,0xB0,0x63,0x11,0x4D,0xB0,0x63,0x11,0x4D,0xB0,0x63,0x11,0x4D,0xB0,0x63,0x11,0x4D,0xB0,0x63,0x11,0x4D,0xB0,0x63,0x11,0x4D,0xB0,0x63,0x11,0x4D,0xB0,0x63,0x11,0x4D,0xB0,0x63,0x11,0x4D,0xB0,0x63,0x11,0x4D,0xB0,0x63,0x11,0x4D,0xB0,0x63,0x11,0x4D,0xB0,0x63,0x11,0x4D,0xB0,0x63,0x11,0x4D,0xB0,0x63,0x11,0x4D,
    0xB0,0x63,0x11,0x4D,0xB0,0x63,0x11,0x4D,0xB0,0x63,0x11,0x4D,0xB0,0x63,0x11,0x4D,0xB0,0x63,0x11,0x4D,0xB0,0x63,0x11,0x4D,0xB0,0x63,0x11,0x4D,0xB0,0x63,0x11,0x4D,0xB0,0x63,0x11,0x4D,0xB0,0x63,0x11,0x4D,0xB0,0x63,0x11,0x4D,0xB0,0x63,0x11,0x4D,0xB0,0x63,0x11,0x4D,0xB0,0x63,0x11,0x4D,0xB0,0x63,0x11,0x4D,0xB0,0x63,0x11,0x4D,
    0xB0,0x63,0x11,0x4D,0xB0,0x63,0x11,0x4D,0xB0,0x63,0x11,0x4D,0xB0,0x63,0x11,0x4D,0xB0,0x63,0x11,0x4D,0xB0,0x63,0x11,0x4D,0xB0,0x63,0x11,0x4D,0xB0,0x63,0x11,0x4D,0xB0,0x63,0x11,0x4D,0xB0,0x63,0x11,0x4D,0xB0,0x63,0x11,0x4D,0xB0,0x63,0x11,0x4D,0xB0,0x63,0x11,0x4D,0xB0,0x63,0x11,0x4D,0xB0,0x63,0x11,0x4D,0xB0,0x63,0x11,0x4D,
    0xB0,0x63,0x11,0x4D,0xB0,0x63,0x11,0x4D,0xB0,0x63,0x11,0x4D,0xB0,0x63,0x11,0x4D,0xB0,0x63,0x11,0x4D,0xB0,0x63,0x11,0x4D,0xB0,0x63,0x11,0x4D,0xB0,0x63,0x11,0x4D,0xB0,0x63,0x11,0x4D,0xB0,0x63,0x11,0x4D,0xB0,0x63,0x11,0x4D,0xB0,0x63,0x11,0x4D,0xB0,0x63,0x11,0x4D,0xB0,0x63,0x11,0x4D,0xB0,0x63,0x11,0x4D,0xB0,0x63,0x11,0x4D,
    0xB0,0x63,0x11,0x4D,0xB0,0x63,0x11,0x4D,0xB0,0x63,0x11,0x4D,0xB0,0x63,0x11,0x4D,0xB0,0x63,0x11,0x4D,0xB0,0x63,0x11,0x4D,0xB0,0x63,0x11,0x4D,0xB0,0x63,0x11,0x4D,0xB0,0x63,0x11,0x4D,0xB0,0x63,0x11,0x4D,0xB0,0x63,0x11,0x4D,0xB0,0x63,0x11,0x4D,0xB0,0x63,0x11,0x4D,0xB0,0x63,0x11,0x4D,0xB0,0x63,0x11,0x4D,0xB0,0x63,0x11,0x4D,
    0xB0,0x63,0x11,0x4D,0xB0,0x63,0x11,0x4D,0xB0,0x63,0x11,0x4D,0xB0,0x63,0x11,0x4D,0xB0,0x63,0x11,0x4D,0xB0,0x63,0x11,0x4D,0xB0,0x63,0x11,0x4D,0xB0,0x63,0x11,0x4D,0xB0,0x63,0x11,0x4D,0xB0,0x63,0x11,0x4D,0xB0,0x63,0x11,0x4D,0xB0,0x63,0x11,0x4D,0xB0,0x63,0x11,0x4D,0xB0,0x63,0x11,0x4D,0xB0,0x63,0x11,0x4D,0xB0,0x63,0x11,0x4D,
    0xB0,0x63,0x11,0x4D,0xB0,0x63,0x11,0x4D,0xB0,0x63,0x11,0x4D,0xB0,0x63,0x11,0x4D,0xB0,0x63,0x11,0x4D,0xB0,0x63,0x11,0x4D,0xB0,0x63,0x11,0x4D,0xB0,0x63,0x11,0x4D,0xB0,0x63,0x11,0x4D,0xB0,0x63,0x11,0x4D,0xB0,0x63,0x11,0x4D,0xB0,0x63,0x11,0x4D,0xB0,0x63,0x11,0x4D,0xB0,0x63,0x11,0x4D,0xB0,0x63,0x11,0x4D,0xB0,0x63,0x11,0x4D,
    0xB0,0x63,0x11,0x4D,0xB0,0x63,0x11,0x4D,0xB0,0x63,0x11,0x4D,0xB0,0x63,0x11,0x4D,0xB0,0x63,0x11,0x4D,0xB0,0x63,0x11,0x4D,0xB0,0x63,0x11,0x4D,0xB0,0x63,0x11,0x4D,0xB0,0x63,0x11,0x4D,0xB0,0x63,0x11,0x4D,0xB0,0x63,0x11,0x4D,0xB0,0x63,0x11,0x4D,0xB0,0x63,0x11,0x4D,0xB0,0x63,0x11,0x4D,0xB0,0x63,0x11,0x4D,0xB0,0x63,0x11,0x4D,
    0xB0,0x63,0x11,0x4D,0xB0,0x63,0x11,0x4D,0xB0,0x63,0x11,0x4D,0xB0,0x63,0x11,0x4D,0xB0,0x63,0x11,0x4D,0xB0,0x63,0x11,0x4D,0xB0,0x63,0x11,0x4D,0xB0,0x63,0x11,0x4D,0xB0,0x63,0x11,0x4D,0xB0,0x63,0x11,0x4D,0xB0,0x63,0x11,0x4D,0xB0,0x63,0x11,0x4D,0xB0,0x63,0x11,0x4D,0xB0,0x63,0x11,0x4D,0xB0,0x63,0x11,0x4D,0xB0,0x63,0x11,0x4D,
    0xB0,0x63,0x11,0x4D,0xB0,0x63,0x11,0x4D,0xB0,0x63,0x11,0x4D,0xB0,0x63,0x11,0x4D,0xB0,0x63,0x11,0x4D,0xB0,0x63,0x11,0x4D,0xB0,0x63,0x11,0x4D,0xB0,0x63,0x11,0x4D,0xB0,0x63,0x11,0x4D,0xB0,0x63,0x11,0x4D,0xB0,0x63,0x11,0x4D,0xB0,0x63,0x11,0x4D,0xB0,0x63,0x11,0x4D,0xB0,0x63,0x11,0x4D,0xB0,0x63,0x11,0x4D,0xB0,0x63,0x11,0x4D,
    0xB0,0x63,0x11,0x4D,0xB0,0x63,0x11,0x4D,0xB0,0x63,0x11,0x4D,0xB0,0x63,0x11,0x4D,0xB0,0x63,0x11,0x4D,0xB0,0x63,0x11,0x4D,0xB0,0x63,0x11,0x4D,0xB0,0x63,0x11,0x4D,0xB0,0x63,0x11,0x4D,0xB0,0x63,0x11,0x4D,0xB0,0x63,0x11,0x4D,0xB0,0x63,0x11,0x4D,0xB0,0x63,0x11,0x4D,0xB0,0x63,0x11,0x4D,0xB0,0x63,0x11,0x4D,0xB0,0x63,0x11,0x4D,
    0xB0,0x63,0x11,0x4D,0xB0,0x63,0x11,0x4D,0xB0,0x63,0x11,0x4D,0xB0,0x63,0x11,0x4D,0xB0,0x63,0x11,0x4D,0xB0,0x63,0x11,0x4D,0xB0,0x63,0x11,0x4D,0xB0,0x63,0x11,0x4D,0xB0,0x63,0x11,0x4D,0xB0,0x63,0x11,0x4D,0xB0,0x63,0x11,0x4D,0xAA,0x5E,0x13,0x1B,0x99,0x66,0x00,0x05,0xAF,0x63,0x0F,0x43,0xB0,0x63,0x11,0x4D,0xB0,0x63,0x11,0x4D,
    0xB0,0x63,0x11,0x4D,0xB0,0x63,0x11,0x4D,0xB0,0x63,0x11,0x4D,0xB0,0x63,0x11,0x4D,0xB0,0x63,0x11,0x4D,0xB0,0x63,0x11,0x4D,0xB0,0x63,0x11,0x4D,0xB0,0x63,0x11,0x4D,0xB0,0x63,0x11,0x4D,0xB0,0x63,0x11,0x4D,0xB0,0x63,0x11,0x4D,0xB0,0x63,0x11,0x4D,0xB0,0x63,0x11,0x4D,0xB0,0x63,0x11,0x4D,0xB0,0x63,0x11,0x4D,0xB0,0x63,0x11,0x4D,
    0xB0,0x63,0x11,0x4D,0xB0,0x63,0x11,0x4D,0xB0,0x63,0x11,0x4D,0xB0,0x63,0x11,0x4D,0xB0,0x63,0x11,0x4D,0xB0,0x63,0x11,0x4D,0xB0,0x63,0x11,0x4D,0xB0,0x63,0x11,0x4D,0xB0,0x63,0x11,0x4D,0xB0,0x63,0x11,0x4D,0xB0,0x63,0x11,0x4D,0xB0,0x63,0x11,0x4D,0xB0,0x63,0x11,0x4D,0xB0,0x63,0x11,0x4D,0xB0,0x63,0x11,0x4D,0xB0,0x63,0x11,0x4D,
    0xB0,0x63,0x11,0x4D,0xB0,0x63,0x11,0x4D,0xB0,0x63,0x11,0x4D,0xB0,0x63,0x11,0x4D,0xB0,0x63,0x11,0x4D,0xB0,0x63,0x11,0x4D,0xB0,0x63,0x11,0x4D,0xB0,0x63,0x11,0x4D,0xB0,0x63,0x11,0x4D,0xB0,0x63,0x11,0x4D,0xB0,0x63,0x11,0x4D,0xB0,0x63,0x11,0x4D,0xB0,0x63,0x11,0x4D,0xB0,0x63,0x11,0x4D,0xB0,0x63,0x11,0x4D,0xB0,0x63,0x11,0x4D,
    0xB0,0x63,0x11,0x4D,0xB0,0x63,0x11,0x4D,0xB0,0x63,0x11,0x4D,0xB0,0x63,0x11,0x4D,0xB0,0x63,0x11,0x4D,0xB0,0x63,0x11,0x4D,0xB0,0x63,0x11,0x4D,0xB0,0x63,0x11,0x4D,0xB0,0x63,0x11,0x4D,0xB0,0x63,0x11,0x4D,0xB0,0x63,0x11,0x4D,0xB0,0x63,0x11,0x4D,0xB0,0x63,0x11,0x4D,0xB0,0x63,0x11,0x4D,0xB0,0x63,0x11,0x4D,0xB0,0x63,0x11,0x4D,
    0xB0,0x63,0x11,0x4D,0xB0,0x63,0x11,0x4D,0xB0,0x63,0x11,0x4D,0xB0,0x63,0x11,0x4D,0xB0,0x63,0x11,0x4D,0xB0,0x63,0x11,0x4D,0xB0,0x63,0x11,0x4D,0xB0,0x63,0x11,0x4D,0xB0,0x63,0x11,0x4D,0xB0,0x63,0x11,0x4D,0xB0,0x63,0x11,0x4D,0xB0,0x63,0x11,0x4D,0xB0,0x63,0x11,0x4D,0xB0,0x63,0x11,0x4D,0xB0,0x63,0x11,0x4D,0xB0,0x63,0x11,0x4D,
    0xB0,0x63,0x11,0x4D,0xB0,0x63,0x11,0x4D,0xB0,0x63,0x11,0x4D,0xB0,0x63,0x11,0x4D,0xB0,0x63,0x11,0x4D,0xB0,0x63,0x11,0x4D,0xB0,0x63,0x11,0x4D,0xB0,0x63,0x11,0x4D,0xB0,0x63,0x11,0x4D,0xB0,0x63,0x11,0x4D,0xB0,0x63,0x11,0x4D,0xB0,0x63,0x11,0x4D,0xB0,0x63,0x11,0x4D,0xB0,0x63,0x11,0x4D,0xB0,0x63,0x11,0x4D,0xB0,0x63,0x11,0x4D,
    0xB0,0x63,0x11,0x4D,0xB0,0x63,0x11,0x4D,0xB0,0x63,0x11,0x4D,0xB0,0x63,0x11,0x4D,0xB0,0x63,0x11,0x4D,0xB0,0x63,0x11,0x4D,0xB0,0x63,0x11,0x4D,0xB0,0x63,0x11,0x4D,0xB0,0x63,0x11,0x4D,0xB0,0x63,0x11,0x4D,0xB0,0x63,0x11,0x4D,0xB0,0x63,0x11,0x4D,0xB0,0x63,0x11,0x4D,0xB0,0x63,0x11,0x4D,0xB0,0x63,0x11,0x4D,0xB0,0x63,0x11,0x4D,
    0xB0,0x63,0x11,0x4D,0xB0,0x63,0x11,0x4D,0xB0,0x63,0x11,0x4D,0xB0,0x63,0x11,0x4D,0xB0,0x63,0x11,0x4D,0xB0,0x63,0x11,0x4D,0xB0,0x63,0x11,0x4D,0xB0,0x63,0x11,0x4D,0xB0,0x63,0x11,0x4D,0xB0,0x63,0x11,0x4D,0xB0,0x63,0x11,0x4D,0xB0,0x63,0x11,0x4D,0xB0,0x63,0x11,0x4D,0xB0,0x63,0x11,0x4D,0xB0,0x63,0x11,0x4D,0xB0,0x63,0x11,0x4D,
    0xB0,0x63,0x11,0x4D,0xB0,0x63,0x11,0x4D,0xB0,0x63,0x11,0x4D,0xB0,0x63,0x11,0x4D,0xB0,0x63,0x11,0x4D,0xB0,0x63,0x11,0x4D,0xB0,0x63,0x11,0x4D,0xB0,0x63,0x11,0x4D,0xB0,0x63,0x11,0x4D,0xB0,0x63,0x11,0x4D,0xB0,0x63,0x11,0x4D,0xB0,0x63,0x11,0x4D,0xB0,0x63,0x11,0x4D,0xB0,0x63,0x11,0x4D,0xB0,0x63,0x11,0x4D,0xB0,0x63,0x11,0x4D,
    0xB0,0x63,0x11,0x4D,0xB0,0x63,0x11,0x4D,0xB0,0x63,0x11,0x4D,0xB0,0x63,0x11,0x4D,0xB0,0x63,0x11,0x4D,0xB0,0x63,0x11,0x4D,0xB0,0x63,0x11,0x4D,0xB0,0x63,0x11,0x4D,0xB0,0x63,0x11,0x4D,0xB0,0x63,0x11,0x4D,0xB0,0x63,0x11,0x4D,0xB0,0x63,0x11,0x4D,0xB0,0x63,0x11,0x4D,0xB0,0x63,0x11,0x4D,0xB0,0x63,0x11,0x4D,0xB0,0x63,0x11,0x4D,
    0xB0,0x63,0x11,0x4D,0xB0,0x63,0x11,0x4D,0xB0,0x63,0x11,0x4D,0xB0,0x63,0x11,0x4D,0xB0,0x63,0x11,0x4D,0xB0,0x63,0x11,0x4D,0xB0,0x63,0x11,0x4D,0xB0,0x63,0x11,0x4D,0xB0,0x63,0x11,0x4D,0xB0,0x63,0x11,0x4D,0xB0,0x63,0x11,0x4D,0xB0,0x63,0x11,0x4D,0xB0,0x63,0x11,0x4D,0xB0,0x63,0x11,0x4D,0xB0,0x63,0x11,0x4D,0xB0,0x63,0x11,0x4D,
    0xB0,0x63,0x11,0x4D,0xB0,0x63,0x11,0x4D,0xB0,0x63,0x11,0x4D,0xB0,0x63,0x11,0x4D,0xB0,0x63,0x11,0x4D,0xB0,0x63,0x11,0x4D,0xB0,0x63,0x11,0x4D,0xB0,0x63,0x11,0x4D,0xB0,0x63,0x11,0x4D,0xB0,0x63,0x11,0x4D,0xB0,0x63,0x11,0x4D,0xB0,0x63,0x11,0x4D,0xB0,0x63,0x11,0x4D,0xB0,0x63,0x11,0x4D,0xB0,0x63,0x11,0x4D,0xB0,0x63,0x11,0x4D,
    0xB0,0x63,0x11,0x4D,0xB0,0x63,0x11,0x4D,0xB0,0x63,0x11,0x4D,0xB0,0x63,0x11,0x4D,0xB0,0x63,0x11,0x4D,0xB0,0x63,0x11,0x4D,0xB0,0x63,0x11,0x4D,0xB0,0x63,0x11,0x4D,0xB0,0x63,0x11,0x4D,0xB0,0x63,0x11,0x4D,0xB0,0x63,0x11,0x4D,0xB0,0x63,0x11,0x4D,0xB0,0x63,0x11,0x4D,0xB0,0x63,0x11,0x4D,0xB0,0x63,0x11,0x4D,0xB0,0x63,0x11,0x4D,
    0xB0,0x63,0x11,0x4D,0xB0,0x63,0x11,0x4D,0xB0,0x63,0x11,0x4D,0xB0,0x63,0x11,0x4D,0xB0,0x63,0x11,0x4D,0xB0,0x63,0x11,0x4D,0xB0,0x63,0x11,0x4D,0xB0,0x63,0x11,0x4D,0xB0,0x63,0x11,0x4D,0xB0,0x63,0x11,0x4D,0xB0,0x63,0x11,0x4D,0xB0,0x63,0x11,0x4D,0xB0,0x63,0x11,0x4D,0xB0,0x63,0x11,0x4D,0xB0,0x63,0x11,0x4D,0xB0,0x63,0x11,0x4D,
    0xB0,0x63,0x11,0x4D,0xB0,0x63,0x11,0x4D,0xB0,0x63,0x11,0x4D,0xB0,0x63,0x11,0x4D,0xB0,0x63,0x11,0x4D,0xB0,0x63,0x11,0x4D,0xB0,0x63,0x11,0x4D,0xB0,0x63,0x11,0x4D,0xB0,0x63,0x11,0x4D,0xB0,0x63,0x11,0x4D,0xB0,0x63,0x11,0x4D,0xB0,0x63,0x11,0x4D,0xB0,0x63,0x11,0x4D,0xB0,0x63,0x11,0x4D,0xB0,0x63,0x11,0x4D,0xB0,0x63,0x11,0x4D,
    0xB0,0x63,0x11,0x4D,0xB0,0x63,0x11,0x4D,0xB0,0x63,0x11,0x4D,0xB0,0x63,0x11,0x4D,0xB0,0x63,0x11,0x4D,0xB0,0x63,0x11,0x4D,0xB0,0x63,0x11,0x4D,0xB0,0x63,0x11,0x4D,0xB0,0x63,0x11,0x4D,0xB0,0x63,0x11,0x4D,0xB0,0x63,0x11,0x4D,0xB0,0x63,0x11,0x4D,0xB0,0x63,0x11,0x4D,0xB0,0x63,0x11,0x4D,0xB0,0x63,0x11,0x4D,0xB0,0x63,0x11,0x4D,
    0xB0,0x63,0x11,0x4D,0xB0,0x63,0x11,0x4D,0xB0,0x63,0x11,0x4D,0xB0,0x63,0x11,0x4D,0xB0,0x63,0x11,0x4D,0xB0,0x63,0x11,0x4D,0xB0,0x63,0x11,0x4D,0xB0,0x63,0x11,0x4D,0xB0,0x63,0x11,0x4D,0xB0,0x63,0x11,0x4D,0xB0,0x63,0x11,0x4D,0xB0,0x63,0x11,0x4D,0xB0,0x63,0x11,0x4D,0xB0,0x63,0x11,0x4D,0xB0,0x63,0x11,0x4D,0xB0,0x63,0x11,0x4D,
    0xB0,0x63,0x11,0x4D,0xB0,0x63,0x11,0x4D,0xB0,0x63,0x11,0x4D,0xB0,0x63,0x11,0x4D,0xB0,0x63,0x11,0x4D,0xB0,0x63,0x11,0x4D,0xB0,0x63,0x11,0x4D,0xB0,0x63,0x11,0x4D,0xB0,0x63,0x11,0x4D,0xB0,0x63,0x11,0x4D,0xB0,0x63,0x11,0x4D,0xB0,0x63,0x11,0x4D,0xB0,0x63,0x11,0x4D,0xB0,0x63,0x11,0x4D,0xB0,0x63,0x11,0x4D,0xB0,0x63,0x11,0x4D,
    0xB0,0x63,0x11,0x4D,0xB0,0x63,0x11,0x4D,0xB0,0x63,0x11,0x4D,0xB0,0x63,0x11,0x4D,0xB0,0x63,0x11,0x4D,0xB0,0x63,0x11,0x4D,0xB0,0x63,0x11,0x4D,0xB0,0x63,0x11,0x4D,0xB0,0x63,0x11,0x4D,0xB0,0x63,0x11,0x4D,0xB0,0x63,0x11,0x4D,0xB0,0x63,0x11,0x4D,0xB0,0x63,0x11,0x4D,0xB0,0x63,0x11,0x4D,0xB0,0x63,0x11,0x4D,0xB0,0x63,0x11,0x4D,
    0xAF,0x63,0x0F,0x43,0x99,0x66,0x00,0x05,0x00,0x00,0x00,0x00,0xAD,0x64,0x12,0x1C,0xB0,0x63,0x11,0x4D,0xB0,0x63,0x11,0x4D,0xB0,0x63,0x11,0x4D,0xB0,0x63,0x11,0x4D,0xB0,0x63,0x11,0x4D,0xB0,0x63,0x11,0x4D,0xB0,0x63,0x11,0x4D,0xB0,0x63,0x11,0x4D,0xB0,0x63,0x11,0x4D,0xB0,0x63,0x11,0x4D,0xB0,0x63,0x11,0x4D,0xB0,0x63,0x11,0x4D,
    0xB0,0x63,0x11,0x4D,0xB0,0x63,0x11,0x4D,0xB0,0x63,0x11,0x4D,0xB0,0x63,0x11,0x4D,0xB0,0x63,0x11,0x4D,0xB0,0x63,0x11,0x4D,0xB0,0x63,0x11,0x4D,0xB0,0x63,0x11,0x4D,0xB0,0x63,0x11,0x4D,0xB0,0x63,0x11,0x4D,0xB0,0x63,0x11,0x4D,0xB0,0x63,0x11,0x4D,0xB0,0x63,0x11,0x4D,0xB0,0x63,0x11,0x4D,0xB0,0x63,0x11,0x4D,0xB0,0x63,0x11,0x4D,
    0xB0,0x63,0x11,0x4D,0xB0,0x63,0x11,0x4D,0xB0,0x63,0x11,0x4D,0xB0,0x63,0x11,0x4D,0xB0,0x63,0x11,0x4D,0xB0,0x63,0x11,0x4D,0xB0,0x63,0x11,0x4D,0xB0,0x63,0x11,0x4D,0xB0,0x63,0x11,0x4D,0xB0,0x63,0x11,0x4D,0xB0,0x63,0x11,0x4D,0xB0,0x63,0x11,0x4D,0xB0,0x63,0x11,0x4D,0xB0,0x63,0x11,0x4D,0xB0,0x63,0x11,0x4D,0xB0,0x63,0x11,0x4D,
    0xB0,0x63,0x11,0x4D,0xB0,0x63,0x11,0x4D,0xB0,0x63,0x11,0x4D,0xB0,0x63,0x11,0x4D,0xB0,0x63,0x11,0x4D,0xB0,0x63,0x11,0x4D,0xB0,0x63,0x11,0x4D,0xB0,0x63,0x11,0x4D,0xB0,0x63,0x11,0x4D,0xB0,0x63,0x11,0x4D,0xB0,0x63,0x11,0x4D,0xB0,0x63,0x11,0x4D,0xB0,0x63,0x11,0x4D,0xB0,0x63,0x11,0x4D,0xB0,0x63,0x11,0x4D,0xB0,0x63,0x11,0x4D,
    0xB0,0x63,0x11,0x4D,0xB0,0x63,0x11,0x4D,0xB0,0x63,0x11,0x4D,0xB0,0x63,0x11,0x4D,0xB0,0x63,0x11,0x4D,0xB0,0x63,0x11,0x4D,0xB0,0x63,0x11,0x4D,0xB0,0x63,0x11,0x4D,0xB0,0x63,0x11,0x4D,0xB0,0x63,0x11,0x4D,0xB0,0x63,0x11,0x4D,0xB0,0x63,0x11,0x4D,0xB0,0x63,0x11,0x4D,0xB0,0x63,0x11,0x4D,0xB0,0x63,0x11,0x4D,0xB0,0x63,0x11,0x4D,
    0xB0,0x63,0x11,0x4D,0xB0,0x63,0x11,0x4D,0xB0,0x63,0x11,0x4D,0xB0,0x63,0x11,0x4D,0xB0,0x63,0x11,0x4D,0xB0,0x63,0x11,0x4D,0xB0,0x63,0x11,0x4D,0xB0,0x63,0x11,0x4D,0xB0,0x63,0x11,0x4D,0xB0,0x63,0x11,0x4D,0xB0,0x63,0x11,0x4D,0xB0,0x63,0x11,0x4D,0xB0,0x63,0x11,0x4D,0xB0,0x63,0x11,0x4D,0xB0,0x63,0x11,0x4D,0xB0,0x63,0x11,0x4D,
    0xB0,0x63,0x11,0x4D,0xB0,0x63,0x11,0x4D,0xB0,0x63,0x11,0x4D,0xB0,0x63,0x11,0x4D,0xB0,0x63,0x11,0x4D,0xB0,0x63,0x11,0x4D,0xB0,0x63,0x11,0x4D,0xB0,0x63,0x11,0x4D,0xB0,0x63,0x11,0x4D,0xB0,0x63,0x11,0x4D,0xB0,0x63,0x11,0x4D,0xB0,0x63,0x11,0x4D,0xB0,0x63,0x11,0x4D,0xB0,0x63,0x11,0x4D,0xB0,0x63,0x11,0x4D,0xB0,0x63,0x11,0x4D,
    0xB0,0x63,0x11,0x4D,0xB0,0x63,0x11,0x4D,0xB0,0x63,0x11,0x4D,0xB0,0x63,0x11,0x4D,0xB0,0x63,0x11,0x4D,0xB0,0x63,0x11,0x4D,0xB0,0x63,0x11,0x4D,0xB0,0x63,0x11,0x4D,0xB0,0x63,0x11,0x4D,0xB0,0x63,0x11,0x4D,0xB0,0x63,0x11,0x4D,0xB0,0x63,0x11,0x4D,0xB0,0x63,0x11,0x4D,0xB0,0x63,0x11,0x4D,0xB0,0x63,0x11,0x4D,0xB0,0x63,0x11,0x4D,
    0xB0,0x63,0x11,0x4D,0xB0,0x63,0x11,0x4D,0xB0,0x63,0x11,0x4D,0xB0,0x63,0x11,0x4D,0xB0,0x63,0x11,0x4D,0xB0,0x63,0x11,0x4D,0xB0,0x63,0x11,0x4D,0xB0,0x63,0x11,0x4D,0xB0,0x63,0x11,0x4D,0xB0,0x63,0x11,0x4D,0xB0,0x63,0x11,0x4D,0xB0,0x63,0x11,0x4D,0xB0,0x63,0x11,0x4D,0xB0,0x63,0x11,0x4D,0xB0,0x63,0x11,0x4D,0xB0,0x63,0x11,0x4D,
    0xB0,0x63,0x11,0x4D,0xB0,0x63,0x11,0x4D,0xB0,0x63,0x11,0x4D,0xB0,0x63,0x11,0x4D,0xB0,0x63,0x11,0x4D,0xB0,0x63,0x11,0x4D,0xB0,0x63,0x11,0x4D,0xB0,0x63,0x11,0x4D,0xB0,0x63,0x11,0x4D,0xB0,0x63,0x11,0x4D,0xB0,0x63,0x11,0x4D,0xB0,0x63,0x11,0x4D,0xB0,0x63,0x11,0x4D,0xB0,0x63,0x11,0x4D,0xB0,0x63,0x11,0x4D,0xB0,0x63,0x11,0x4D,
    0xB0,0x63,0x11,0x4D,0xB0,0x63,0x11,0x4D,0xB0,0x63,0x11,0x4D,0xB0,0x63,0x11,0x4D,0xB0,0x63,0x11,0x4D,0xB0,0x63,0x11,0x4D,0xB0,0x63,0x11,0x4D,0xB0,0x63,0x11,0x4D,0xB0,0x63,0x11,0x4D,0xB0,0x63,0x11,0x4D,0xB0,0x63,0x11,0x4D,0xB0,0x63,0x11,0x4D,0xB0,0x63,0x11,0x4D,0xB0,0x63,0x11,0x4D,0xB0,0x63,0x11,0x4D,0xB0,0x63,0x11,0x4D,
    0xB0,0x63,0x11,0x4D,0xB0,0x63,0x11,0x4D,0xB0,0x63,0x11,0x4D,0xB0,0x63,0x11,0x4D,0xB0,0x63,0x11,0x4D,0xB0,0x63,0x11,0x4D,0xB0,0x63,0x11,0x4D,0xB0,0x63,0x11,0x4D,0xB0,0x63,0x11,0x4D,0xB0,0x63,0x11,0x4D,0xB0,0x63,0x11,0x4D,0xB0,0x63,0x11,0x4D,0xB0,0x63,0x11,0x4D,0xB0,0x63,0x11,0x4D,0xB0,0x63,0x11,0x4D,0xB0,0x63,0x11,0x4D,
    0xB0,0x63,0x11,0x4D,0xB0,0x63,0x11,0x4D,0xB0,0x63,0x11,0x4D,0xB0,0x63,0x11,0x4D,0xB0,0x63,0x11,0x4D,0xB0,0x63,0x11,0x4D,0xB0,0x63,0x11,0x4D,0xB0,0x63,0x11,0x4D,0xB0,0x63,0x11,0x4D,0xB0,0x63,0x11,0x4D,0xB0,0x63,0x11,0x4D,0xB0,0x63,0x11,0x4D,0xB0,0x63,0x11,0x4D,0xB0,0x63,0x11,0x4D,0xB0,0x63,0x11,0x4D,0xB0,0x63,0x11,0x4D,
    0xB0,0x63,0x11,0x4D,0xB0,0x63,0x11,0x4D,0xB0,0x63,0x11,0x4D,0xB0,0x63,0x11,0x4D,0xB0,0x63,0x11,0x4D,0xB0,0x63,0x11,0x4D,0xB0,0x63,0x11,0x4D,0xB0,0x63,0x11,0x4D,0xB0,0x63,0x11,0x4D,0xB0,0x63,0x11,0x4D,0xB0,0x63,0x11,0x4D,0xB0,0x63,0x11,0x4D,0xB0,0x63,0x11,0x4D,0xB0,0x63,0x11,0x4D,0xB0,0x63,0x11,0x4D,0xB0,0x63,0x11,0x4D,
    0xB0,0x63,0x11,0x4D,0xB0,0x63,0x11,0x4D,0xB0,0x63,0x11,0x4D,0xB0,0x63,0x11,0x4D,0xB0,0x63,0x11,0x4D,0xB0,0x63,0x11,0x4D,0xB0,0x63,0x11,0x4D,0xB0,0x63,0x11,0x4D,0xB0,0x63,0x11,0x4D,0xB0,0x63,0x11,0x4D,0xB0,0x63,0x11,0x4D,0xB0,0x63,0x11,0x4D,0xB0,0x63,0x11,0x4D,0xB0,0x63,0x11,0x4D,0xB0,0x63,0x11,0x4D,0xB0,0x63,0x11,0x4D,
    0xB0,0x63,0x11,0x4D,0xB0,0x63,0x11,0x4D,0xB0,0x63,0x11,0x4D,0xB0,0x63,0x11,0x4D,0xB0,0x63,0x11,0x4D,0xB0,0x63,0x11,0x4D,0xB0,0x63,0x11,0x4D,0xB0,0x63,0x11,0x4D,0xB0,0x63,0x11,0x4D,0xB0,0x63,0x11,0x4D,0xB0,0x63,0x11,0x4D,0xB0,0x63,0x11,0x4D,0xB0,0x63,0x11,0x4D,0xB0,0x63,0x11,0x4D,0xB0,0x63,0x11,0x4D,0xB0,0x63,0x11,0x4D,
    0xB0,0x63,0x11,0x4D,0xB0,0x63,0x11,0x4D,0xB0,0x63,0x11,0x4D,0xB0,0x63,0x11,0x4D,0xB0,0x63,0x11,0x4D,0xB0,0x63,0x11,0x4D,0xB0,0x63,0x11,0x4D,0xB0,0x63,0x11,0x4D,0xB0,0x63,0x11,0x4D,0xB0,0x63,0x11,0x4D,0xB0,0x63,0x11,0x4D,0xB0,0x63,0x11,0x4D,0xB0,0x63,0x11,0x4D,0xB0,0x63,0x11,0x4D,0xB0,0x63,0x11,0x4D,0xB0,0x63,0x11,0x4D,
    0xB0,0x63,0x11,0x4D,0xB0,0x63,0x11,0x4D,0xB0,0x63,0x11,0x4D,0xB0,0x63,0x11,0x4D,0xB0,0x63,0x11,0x4D,0xB0,0x63,0x11,0x4D,0xB0,0x63,0x11,0x4D,0xB0,0x63,0x11,0x4D,0xB0,0x63,0x11,0x4D,0xB0,0x63,0x11,0x4D,0xB0,0x63,0x11,0x4D,0xB0,0x63,0x11,0x4D,0xB0,0x63,0x11,0x4D,0xB0,0x63,0x11,0x4D,0xB0,0x63,0x11,0x4D,0xB0,0x63,0x11,0x4D,
    0xB0,0x63,0x11,0x4D,0xB0,0x63,0x11,0x4D,0xB0,0x63,0x11,0x4D,0xB0,0x63,0x11,0x4D,0xB0,0x63,0x11,0x4D,0xB0,0x63,0x11,0x4D,0xB0,0x63,0x11,0x4D,0xB0,0x63,0x11,0x4D,0xB0,0x63,0x11,0x4D,0xB0,0x63,0x11,0x4D,0xB0,0x63,0x11,0x4D,0xB0,0x63,0x11,0x4D,0xB0,0x63,0x11,0x4D,0xB0,0x63,0x11,0x4D,0xB0,0x63,0x11,0x4D,0xB0,0x63,0x11,0x4D,
    0xB0,0x63,0x11,0x4D,0xB0,0x63,0x11,0x4D,0xB0,0x63,0x11,0x4D,0xB0,0x63,0x11,0x4D,0xB0,0x63,0x11,0x4D,0xB0,0x63,0x11,0x4D,0xAD,0x64,0x12,0x1C,0x00,0x00,0x00,0x00,0x00,0x00,0x00,0x00,0x00,0x00,0x00,0x00,0xAE,0x63,0x11,0x2C,0xB0,0x63,0x11,0x4D,0xB0,0x63,0x11,0x4D,0xB0,0x63,0x11,0x4D,0xB0,0x63,0x11,0x4D,0xB0,0x63,0x11,0x4D,
    0xB0,0x63,0x11,0x4D,0xB0,0x63,0x11,0x4D,0xB0,0x63,0x11,0x4D,0xB0,0x63,0x11,0x4D,0xB0,0x63,0x11,0x4D,0xB0,0x63,0x11,0x4D,0xB0,0x63,0x11,0x4D,0xB0,0x63,0x11,0x4D,0xB0,0x63,0x11,0x4D,0xB0,0x63,0x11,0x4D,0xB0,0x63,0x11,0x4D,0xB0,0x63,0x11,0x4D,0xB0,0x63,0x11,0x4D,0xB0,0x63,0x11,0x4D,0xB0,0x63,0x11,0x4D,0xB0,0x63,0x11,0x4D,
    0xB0,0x63,0x11,0x4D,0xB0,0x63,0x11,0x4D,0xB0,0x63,0x11,0x4D,0xB0,0x63,0x11,0x4D,0xB0,0x63,0x11,0x4D,0xB0,0x63,0x11,0x4D,0xB0,0x63,0x11,0x4D,0xB0,0x63,0x11,0x4D,0xB0,0x63,0x11,0x4D,0xB0,0x63,0x11,0x4D,0xB0,0x63,0x11,0x4D,0xB0,0x63,0x11,0x4D,0xB0,0x63,0x11,0x4D,0xB0,0x63,0x11,0x4D,0xB0,0x63,0x11,0x4D,0xB0,0x63,0x11,0x4D,
    0xB0,0x63,0x11,0x4D,0xB0,0x63,0x11,0x4D,0xB0,0x63,0x11,0x4D,0xB0,0x63,0x11,0x4D,0xB0,0x63,0x11,0x4D,0xB0,0x63,0x11,0x4D,0xB0,0x63,0x11,0x4D,0xB0,0x63,0x11,0x4D,0xB0,0x63,0x11,0x4D,0xB0,0x63,0x11,0x4D,0xB0,0x63,0x11,0x4D,0xB0,0x63,0x11,0x4D,0xB0,0x63,0x11,0x4D,0xB0,0x63,0x11,0x4D,0xB0,0x63,0x11,0x4D,0xB0,0x63,0x11,0x4D,
    0xB0,0x63,0x11,0x4D,0xB0,0x63,0x11,0x4D,0xB0,0x63,0x11,0x4D,0xB0,0x63,0x11,0x4D,0xB0,0x63,0x11,0x4D,0xB0,0x63,0x11,0x4D,0xB0,0x63,0x11,0x4D,0xB0,0x63,0x11,0x4D,0xB0,0x63,0x11,0x4D,0xB0,0x63,0x11,0x4D,0xB0,0x63,0x11,0x4D,0xB0,0x63,0x11,0x4D,0xB0,0x63,0x11,0x4D,0xB0,0x63,0x11,0x4D,0xB0,0x63,0x11,0x4D,0xB0,0x63,0x11,0x4D,
    0xB0,0x63,0x11,0x4D,0xB0,0x63,0x11,0x4D,0xB0,0x63,0x11,0x4D,0xB0,0x63,0x11,0x4D,0xB0,0x63,0x11,0x4D,0xB0,0x63,0x11,0x4D,0xB0,0x63,0x11,0x4D,0xB0,0x63,0x11,0x4D,0xB0,0x63,0x11,0x4D,0xB0,0x63,0x11,0x4D,0xB0,0x63,0x11,0x4D,0xB0,0x63,0x11,0x4D,0xB0,0x63,0x11,0x4D,0xB0,0x63,0x11,0x4D,0xB0,0x63,0x11,0x4D,0xB0,0x63,0x11,0x4D,
    0xB0,0x63,0x11,0x4D,0xB0,0x63,0x11,0x4D,0xB0,0x63,0x11,0x4D,0xB0,0x63,0x11,0x4D,0xB0,0x63,0x11,0x4D,0xB0,0x63,0x11,0x4D,0xB0,0x63,0x11,0x4D,0xB0,0x63,0x11,0x4D,0xB0,0x63,0x11,0x4D,0xB0,0x63,0x11,0x4D,0xB0,0x63,0x11,0x4D,0xB0,0x63,0x11,0x4D,0xB0,0x63,0x11,0x4D,0xB0,0x63,0x11,0x4D,0xB0,0x63,0x11,0x4D,0xB0,0x63,0x11,0x4D,
    0xB0,0x63,0x11,0x4D,0xB0,0x63,0x11,0x4D,0xB0,0x63,0x11,0x4D,0xB0,0x63,0x11,0x4D,0xB0,0x63,0x11,0x4D,0xB0,0x63,0x11,0x4D,0xB0,0x63,0x11,0x4D,0xB0,0x63,0x11,0x4D,0xB0,0x63,0x11,0x4D,0xB0,0x63,0x11,0x4D,0xB0,0x63,0x11,0x4D,0xB0,0x63,0x11,0x4D,0xB0,0x63,0x11,0x4D,0xB0,0x63,0x11,0x4D,0xB0,0x63,0x11,0x4D,0xB0,0x63,0x11,0x4D,
    0xB0,0x63,0x11,0x4D,0xB0,0x63,0x11,0x4D,0xB0,0x63,0x11,0x4D,0xB0,0x63,0x11,0x4D,0xB0,0x63,0x11,0x4D,0xB0,0x63,0x11,0x4D,0xB0,0x63,0x11,0x4D,0xB0,0x63,0x11,0x4D,0xB0,0x63,0x11,0x4D,0xB0,0x63,0x11,0x4D,0xB0,0x63,0x11,0x4D,0xB0,0x63,0x11,0x4D,0xB0,0x63,0x11,0x4D,0xB0,0x63,0x11,0x4D,0xB0,0x63,0x11,0x4D,0xB0,0x63,0x11,0x4D,
    0xB0,0x63,0x11,0x4D,0xB0,0x63,0x11,0x4D,0xB0,0x63,0x11,0x4D,0xB0,0x63,0x11,0x4D,0xB0,0x63,0x11,0x4D,0xB0,0x63,0x11,0x4D,0xB0,0x63,0x11,0x4D,0xB0,0x63,0x11,0x4D,0xB0,0x63,0x11,0x4D,0xB0,0x63,0x11,0x4D,0xB0,0x63,0x11,0x4D,0xB0,0x63,0x11,0x4D,0xB0,0x63,0x11,0x4D,0xB0,0x63,0x11,0x4D,0xB0,0x63,0x11,0x4D,0xB0,0x63,0x11,0x4D,
    0xB0,0x63,0x11,0x4D,0xB0,0x63,0x11,0x4D,0xB0,0x63,0x11,0x4D,0xB0,0x63,0x11,0x4D,0xB0,0x63,0x11,0x4D,0xB0,0x63,0x11,0x4D,0xB0,0x63,0x11,0x4D,0xB0,0x63,0x11,0x4D,0xB0,0x63,0x11,0x4D,0xB0,0x63,0x11,0x4D,0xB0,0x63,0x11,0x4D,0xB0,0x63,0x11,0x4D,0xB0,0x63,0x11,0x4D,0xB0,0x63,0x11,0x4D,0xB0,0x63,0x11,0x4D,0xB0,0x63,0x11,0x4D,
    0xB0,0x63,0x11,0x4D,0xB0,0x63,0x11,0x4D,0xB0,0x63,0x11,0x4D,0xB0,0x63,0x11,0x4D,0xB0,0x63,0x11,0x4D,0xB0,0x63,0x11,0x4D,0xB0,0x63,0x11,0x4D,0xB0,0x63,0x11,0x4D,0xB0,0x63,0x11,0x4D,0xB0,0x63,0x11,0x4D,0xB0,0x63,0x11,0x4D,0xB0,0x63,0x11,0x4D,0xB0,0x63,0x11,0x4D,0xB0,0x63,0x11,0x4D,0xB0,0x63,0x11,0x4D,0xB0,0x63,0x11,0x4D,
    0xB0,0x63,0x11,0x4D,0xB0,0x63,0x11,0x4D,0xB0,0x63,0x11,0x4D,0xB0,0x63,0x11,0x4D,0xB0,0x63,0x11,0x4D,0xB0,0x63,0x11,0x4D,0xB0,0x63,0x11,0x4D,0xB0,0x63,0x11,0x4D,0xB0,0x63,0x11,0x4D,0xB0,0x63,0x11,0x4D,0xB0,0x63,0x11,0x4D,0xB0,0x63,0x11,0x4D,0xB0,0x63,0x11,0x4D,0xB0,0x63,0x11,0x4D,0xB0,0x63,0x11,0x4D,0xB0,0x63,0x11,0x4D,
    0xB0,0x63,0x11,0x4D,0xB0,0x63,0x11,0x4D,0xB0,0x63,0x11,0x4D,0xB0,0x63,0x11,0x4D,0xB0,0x63,0x11,0x4D,0xB0,0x63,0x11,0x4D,0xB0,0x63,0x11,0x4D,0xB0,0x63,0x11,0x4D,0xB0,0x63,0x11,0x4D,0xB0,0x63,0x11,0x4D,0xB0,0x63,0x11,0x4D,0xB0,0x63,0x11,0x4D,0xB0,0x63,0x11,0x4D,0xB0,0x63,0x11,0x4D,0xB0,0x63,0x11,0x4D,0xB0,0x63,0x11,0x4D,
    0xB0,0x63,0x11,0x4D,0xB0,0x63,0x11,0x4D,0xB0,0x63,0x11,0x4D,0xB0,0x63,0x11,0x4D,0xB0,0x63,0x11,0x4D,0xB0,0x63,0x11,0x4D,0xB0,0x63,0x11,0x4D,0xB0,0x63,0x11,0x4D,0xB0,0x63,0x11,0x4D,0xB0,0x63,0x11,0x4D,0xB0,0x63,0x11,0x4D,0xB0,0x63,0x11,0x4D,0xB0,0x63,0x11,0x4D,0xB0,0x63,0x11,0x4D,0xB0,0x63,0x11,0x4D,0xB0,0x63,0x11,0x4D,
    0xB0,0x63,0x11,0x4D,0xB0,0x63,0x11,0x4D,0xB0,0x63,0x11,0x4D,0xB0,0x63,0x11,0x4D,0xB0,0x63,0x11,0x4D,0xB0,0x63,0x11,0x4D,0xB0,0x63,0x11,0x4D,0xB0,0x63,0x11,0x4D,0xB0,0x63,0x11,0x4D,0xB0,0x63,0x11,0x4D,0xB0,0x63,0x11,0x4D,0xB0,0x63,0x11,0x4D,0xB0,0x63,0x11,0x4D,0xB0,0x63,0x11,0x4D,0xB0,0x63,0x11,0x4D,0xB0,0x63,0x11,0x4D,
    0xB0,0x63,0x11,0x4D,0xB0,0x63,0x11,0x4D,0xB0,0x63,0x11,0x4D,0xB0,0x63,0x11,0x4D,0xB0,0x63,0x11,0x4D,0xB0,0x63,0x11,0x4D,0xB0,0x63,0x11,0x4D,0xB0,0x63,0x11,0x4D,0xB0,0x63,0x11,0x4D,0xB0,0x63,0x11,0x4D,0xB0,0x63,0x11,0x4D,0xB0,0x63,0x11,0x4D,0xB0,0x63,0x11,0x4D,0xB0,0x63,0x11,0x4D,0xB0,0x63,0x11,0x4D,0xB0,0x63,0x11,0x4D,
    0xB0,0x63,0x11,0x4D,0xB0,0x63,0x11,0x4D,0xB0,0x63,0x11,0x4D,0xB0,0x63,0x11,0x4D,0xB0,0x63,0x11,0x4D,0xB0,0x63,0x11,0x4D,0xB0,0x63,0x11,0x4D,0xB0,0x63,0x11,0x4D,0xB0,0x63,0x11,0x4D,0xB0,0x63,0x11,0x4D,0xB0,0x63,0x11,0x4D,0xB0,0x63,0x11,0x4D,0xB0,0x63,0x11,0x4D,0xB0,0x63,0x11,0x4D,0xB0,0x63,0x11,0x4D,0xB0,0x63,0x11,0x4D,
    0xB0,0x63,0x11,0x4D,0xB0,0x63,0x11,0x4D,0xB0,0x63,0x11,0x4D,0xB0,0x63,0x11,0x4D,0xB0,0x63,0x11,0x4D,0xB0,0x63,0x11,0x4D,0xB0,0x63,0x11,0x4D,0xB0,0x63,0x11,0x4D,0xB0,0x63,0x11,0x4D,0xB0,0x63,0x11,0x4D,0xB0,0x63,0x11,0x4D,0xB0,0x63,0x11,0x4D,0xB0,0x63,0x11,0x4D,0xB0,0x63,0x11,0x4D,0xB0,0x63,0x11,0x4D,0xB0,0x63,0x11,0x4D,
    0xB0,0x63,0x11,0x4D,0xB0,0x63,0x11,0x4D,0xB0,0x63,0x11,0x4D,0xB0,0x63,0x11,0x4D,0xB0,0x63,0x11,0x4D,0xB0,0x63,0x11,0x4D,0xB0,0x63,0x11,0x4D,0xB0,0x63,0x11,0x4D,0xB0,0x63,0x11,0x4D,0xB0,0x63,0x11,0x4D,0xB0,0x63,0x11,0x4D,0xAE,0x63,0x11,0x2C,0x00,0x00,0x00,0x00,0x00,0x00,0x00,0x00,0x00,0x00,0x00,0x00,0x00,0x00,0x00,0x00,
    0xAA,0x55,0x00,0x03,0xAE,0x63,0x11,0x2C,0xB0,0x63,0x11,0x4D,0xB0,0x63,0x11,0x4D,0xB0,0x63,0x11,0x4D,0xB0,0x63,0x11,0x4D,0xB0,0x63,0x11,0x4D,0xB0,0x63,0x11,0x4D,0xB0,0x63,0x11,0x4D,0xB0,0x63,0x11,0x4D,0xB0,0x63,0x11,0x4D,0xB0,0x63,0x11,0x4D,0xB0,0x63,0x11,0x4D,0xB0,0x63,0x11,0x4D,0xB0,0x63,0x11,0x4D,0xB0,0x63,0x11,0x4D,
    0xB0,0x63,0x11,0x4D,0xB0,0x63,0x11,0x4D,0xB0,0x63,0x11,0x4D,0xB0,0x63,0x11,0x4D,0xB0,0x63,0x11,0x4D,0xB0,0x63,0x11,0x4D,0xB0,0x63,0x11,0x4D,0xB0,0x63,0x11,0x4D,0xB0,0x63,0x11,0x4D,0xB0,0x63,0x11,0x4D,0xB0,0x63,0x11,0x4D,0xB0,0x63,0x11,0x4D,0xB0,0x63,0x11,0x4D,0xB0,0x63,0x11,0x4D,0xB0,0x63,0x11,0x4D,0xB0,0x63,0x11,0x4D,
    0xB0,0x63,0x11,0x4D,0xB0,0x63,0x11,0x4D,0xB0,0x63,0x11,0x4D,0xB0,0x63,0x11,0x4D,0xB0,0x63,0x11,0x4D,0xB0,0x63,0x11,0x4D,0xB0,0x63,0x11,0x4D,0xB0,0x63,0x11,0x4D,0xB0,0x63,0x11,0x4D,0xB0,0x63,0x11,0x4D,0xB0,0x63,0x11,0x4D,0xB0,0x63,0x11,0x4D,0xB0,0x63,0x11,0x4D,0xB0,0x63,0x11,0x4D,0xB0,0x63,0x11,0x4D,0xB0,0x63,0x11,0x4D,
    0xB0,0x63,0x11,0x4D,0xB0,0x63,0x11,0x4D,0xB0,0x63,0x11,0x4D,0xB0,0x63,0x11,0x4D,0xB0,0x63,0x11,0x4D,0xB0,0x63,0x11,0x4D,0xB0,0x63,0x11,0x4D,0xB0,0x63,0x11,0x4D,0xB0,0x63,0x11,0x4D,0xB0,0x63,0x11,0x4D,0xB0,0x63,0x11,0x4D,0xB0,0x63,0x11,0x4D,0xB0,0x63,0x11,0x4D,0xB0,0x63,0x11,0x4D,0xB0,0x63,0x11,0x4D,0xB0,0x63,0x11,0x4D,
    0xB0,0x63,0x11,0x4D,0xB0,0x63,0x11,0x4D,0xB0,0x63,0x11,0x4D,0xB0,0x63,0x11,0x4D,0xB0,0x63,0x11,0x4D,0xB0,0x63,0x11,0x4D,0xB0,0x63,0x11,0x4D,0xB0,0x63,0x11,0x4D,0xB0,0x63,0x11,0x4D,0xB0,0x63,0x11,0x4D,0xB0,0x63,0x11,0x4D,0xB0,0x63,0x11,0x4D,0xB0,0x63,0x11,0x4D,0xB0,0x63,0x11,0x4D,0xB0,0x63,0x11,0x4D,0xB0,0x63,0x11,0x4D,
    0xB0,0x63,0x11,0x4D,0xB0,0x63,0x11,0x4D,0xB0,0x63,0x11,0x4D,0xB0,0x63,0x11,0x4D,0xB0,0x63,0x11,0x4D,0xB0,0x63,0x11,0x4D,0xB0,0x63,0x11,0x4D,0xB0,0x63,0x11,0x4D,0xB0,0x63,0x11,0x4D,0xB0,0x63,0x11,0x4D,0xB0,0x63,0x11,0x4D,0xB0,0x63,0x11,0x4D,0xB0,0x63,0x11,0x4D,0xB0,0x63,0x11,0x4D,0xB0,0x63,0x11,0x4D,0xB0,0x63,0x11,0x4D,
    0xB0,0x63,0x11,0x4D,0xB0,0x63,0x11,0x4D,0xB0,0x63,0x11,0x4D,0xB0,0x63,0x11,0x4D,0xB0,0x63,0x11,0x4D,0xB0,0x63,0x11,0x4D,0xB0,0x63,0x11,0x4D,0xB0,0x63,0x11,0x4D,0xB0,0x63,0x11,0x4D,0xB0,0x63,0x11,0x4D,0xB0,0x63,0x11,0x4D,0xB0,0x63,0x11,0x4D,0xB0,0x63,0x11,0x4D,0xB0,0x63,0x11,0x4D,0xB0,0x63,0x11,0x4D,0xB0,0x63,0x11,0x4D,
    0xB0,0x63,0x11,0x4D,0xB0,0x63,0x11,0x4D,0xB0,0x63,0x11,0x4D,0xB0,0x63,0x11,0x4D,0xB0,0x63,0x11,0x4D,0xB0,0x63,0x11,0x4D,0xB0,0x63,0x11,0x4D,0xB0,0x63,0x11,0x4D,0xB0,0x63,0x11,0x4D,0xB0,0x63,0x11,0x4D,0xB0,0x63,0x11,0x4D,0xB0,0x63,0x11,0x4D,0xB0,0x63,0x11,0x4D,0xB0,0x63,0x11,0x4D,0xB0,0x63,0x11,0x4D,0xB0,0x63,0x11,0x4D,
    0xB0,0x63,0x11,0x4D,0xB0,0x63,0x11,0x4D,0xB0,0x63,0x11,0x4D,0xB0,0x63,0x11,0x4D,0xB0,0x63,0x11,0x4D,0xB0,0x63,0x11,0x4D,0xB0,0x63,0x11,0x4D,0xB0,0x63,0x11,0x4D,0xB0,0x63,0x11,0x4D,0xB0,0x63,0x11,0x4D,0xB0,0x63,0x11,0x4D,0xB0,0x63,0x11,0x4D,0xB0,0x63,0x11,0x4D,0xB0,0x63,0x11,0x4D,0xB0,0x63,0x11,0x4D,0xB0,0x63,0x11,0x4D,
    0xB0,0x63,0x11,0x4D,0xB0,0x63,0x11,0x4D,0xB0,0x63,0x11,0x4D,0xB0,0x63,0x11,0x4D,0xB0,0x63,0x11,0x4D,0xB0,0x63,0x11,0x4D,0xB0,0x63,0x11,0x4D,0xB0,0x63,0x11,0x4D,0xB0,0x63,0x11,0x4D,0xB0,0x63,0x11,0x4D,0xB0,0x63,0x11,0x4D,0xB0,0x63,0x11,0x4D,0xB0,0x63,0x11,0x4D,0xB0,0x63,0x11,0x4D,0xB0,0x63,0x11,0x4D,0xB0,0x63,0x11,0x4D,
    0xB0,0x63,0x11,0x4D,0xB0,0x63,0x11,0x4D,0xB0,0x63,0x11,0x4D,0xB0,0x63,0x11,0x4D,0xB0,0x63,0x11,0x4D,0xB0,0x63,0x11,0x4D,0xB0,0x63,0x11,0x4D,0xB0,0x63,0x11,0x4D,0xB0,0x63,0x11,0x4D,0xB0,0x63,0x11,0x4D,0xB0,0x63,0x11,0x4D,0xB0,0x63,0x11,0x4D,0xB0,0x63,0x11,0x4D,0xB0,0x63,0x11,0x4D,0xB0,0x63,0x11,0x4D,0xB0,0x63,0x11,0x4D,
    0xB0,0x63,0x11,0x4D,0xB0,0x63,0x11,0x4D,0xB0,0x63,0x11,0x4D,0xB0,0x63,0x11,0x4D,0xB0,0x63,0x11,0x4D,0xB0,0x63,0x11,0x4D,0xB0,0x63,0x11,0x4D,0xB0,0x63,0x11,0x4D,0xB0,0x63,0x11,0x4D,0xB0,0x63,0x11,0x4D,0xB0,0x63,0x11,0x4D,0xB0,0x63,0x11,0x4D,0xB0,0x63,0x11,0x4D,0xB0,0x63,0x11,0x4D,0xB0,0x63,0x11,0x4D,0xB0,0x63,0x11,0x4D,
    0xB0,0x63,0x11,0x4D,0xB0,0x63,0x11,0x4D,0xB0,0x63,0x11,0x4D,0xB0,0x63,0x11,0x4D,0xB0,0x63,0x11,0x4D,0xB0,0x63,0x11,0x4D,0xB0,0x63,0x11,0x4D,0xB0,0x63,0x11,0x4D,0xB0,0x63,0x11,0x4D,0xB0,0x63,0x11,0x4D,0xB0,0x63,0x11,0x4D,0xB0,0x63,0x11,0x4D,0xB0,0x63,0x11,0x4D,0xB0,0x63,0x11,0x4D,0xB0,0x63,0x11,0x4D,0xB0,0x63,0x11,0x4D,
    0xB0,0x63,0x11,0x4D,0xB0,0x63,0x11,0x4D,0xB0,0x63,0x11,0x4D,0xB0,0x63,0x11,0x4D,0xB0,0x63,0x11,0x4D,0xB0,0x63,0x11,0x4D,0xB0,0x63,0x11,0x4D,0xB0,0x63,0x11,0x4D,0xB0,0x63,0x11,0x4D,0xB0,0x63,0x11,0x4D,0xB0,0x63,0x11,0x4D,0xB0,0x63,0x11,0x4D,0xB0,0x63,0x11,0x4D,0xB0,0x63,0x11,0x4D,0xB0,0x63,0x11,0x4D,0xB0,0x63,0x11,0x4D,
    0xB0,0x63,0x11,0x4D,0xB0,0x63,0x11,0x4D,0xB0,0x63,0x11,0x4D,0xB0,0x63,0x11,0x4D,0xB0,0x63,0x11,0x4D,0xB0,0x63,0x11,0x4D,0xB0,0x63,0x11,0x4D,0xB0,0x63,0x11,0x4D,0xB0,0x63,0x11,0x4D,0xB0,0x63,0x11,0x4D,0xB0,0x63,0x11,0x4D,0xB0,0x63,0x11,0x4D,0xB0,0x63,0x11,0x4D,0xB0,0x63,0x11,0x4D,0xB0,0x63,0x11,0x4D,0xB0,0x63,0x11,0x4D,
    0xB0,0x63,0x11,0x4D,0xB0,0x63,0x11,0x4D,0xB0,0x63,0x11,0x4D,0xB0,0x63,0x11,0x4D,0xB0,0x63,0x11,0x4D,0xB0,0x63,0x11,0x4D,0xB0,0x63,0x11,0x4D,0xB0,0x63,0x11,0x4D,0xB0,0x63,0x11,0x4D,0xB0,0x63,0x11,0x4D,0xB0,0x63,0x11,0x4D,0xB0,0x63,0x11,0x4D,0xB0,0x63,0x11,0x4D,0xB0,0x63,0x11,0x4D,0xB0,0x63,0x11,0x4D,0xB0,0x63,0x11,0x4D,
    0xB0,0x63,0x11,0x4D,0xB0,0x63,0x11,0x4D,0xB0,0x63,0x11,0x4D,0xB0,0x63,0x11,0x4D,0xB0,0x63,0x11,0x4D,0xB0,0x63,0x11,0x4D,0xB0,0x63,0x11,0x4D,0xB0,0x63,0x11,0x4D,0xB0,0x63,0x11,0x4D,0xB0,0x63,0x11,0x4D,0xB0,0x63,0x11,0x4D,0xB0,0x63,0x11,0x4D,0xB0,0x63,0x11,0x4D,0xB0,0x63,0x11,0x4D,0xB0,0x63,0x11,0x4D,0xB0,0x63,0x11,0x4D,
    0xB0,0x63,0x11,0x4D,0xB0,0x63,0x11,0x4D,0xB0,0x63,0x11,0x4D,0xB0,0x63,0x11,0x4D,0xB0,0x63,0x11,0x4D,0xB0,0x63,0x11,0x4D,0xB0,0x63,0x11,0x4D,0xB0,0x63,0x11,0x4D,0xB0,0x63,0x11,0x4D,0xB0,0x63,0x11,0x4D,0xB0,0x63,0x11,0x4D,0xB0,0x63,0x11,0x4D,0xB0,0x63,0x11,0x4D,0xB0,0x63,0x11,0x4D,0xB0,0x63,0x11,0x4D,0xB0,0x63,0x11,0x4D,
    0xB0,0x63,0x11,0x4D,0xB0,0x63,0x11,0x4D,0xB0,0x63,0x11,0x4D,0xB0,0x63,0x11,0x4D,0xB0,0x63,0x11,0x4D,0xB0,0x63,0x11,0x4D,0xB0,0x63,0x11,0x4D,0xB0,0x63,0x11,0x4D,0xB0,0x63,0x11,0x4D,0xB0,0x63,0x11,0x4D,0xB0,0x63,0x11,0x4D,0xB0,0x63,0x11,0x4D,0xB0,0x63,0x11,0x4D,0xB0,0x63,0x11,0x4D,0xB0,0x63,0x11,0x4D,0xB0,0x63,0x11,0x4D,
    0xAE,0x63,0x11,0x2C,0xAA,0x55,0x00,0x03,0x00,0x00,0x00,0x00,0x00,0x00,0x00,0x00,0x00,0x00,0x00,0x00,0x00,0x00,0x00,0x00,0x00,0x00,0x00,0x00,0x00,0x00,0x00,0x00,0xAD,0x64,0x12,0x1C,0xAF,0x63,0x0F,0x43,0xB0,0x63,0x11,0x4D,0xB0,0x63,0x11,0x4D,0xB0,0x63,0x11,0x4D,0xB0,0x63,0x11,0x4D,0xB0,0x63,0x11,0x4D,0xB0,0x63,0x11,0x4D,
    0xB0,0x63,0x11,0x4D,0xB0,0x63,0x11,0x4D,0xB0,0x63,0x11,0x4D,0xB0,0x63,0x11,0x4D,0xB0,0x63,0x11,0x4D,0xB0,0x63,0x11,0x4D,0xB0,0x63,0x11,0x4D,0xB0,0x63,0x11,0x4D,0xB0,0x63,0x11,0x4D,0xB0,0x63,0x11,0x4D,0xB0,0x63,0x11,0x4D,0xB0,0x63,0x11,0x4D,0xB0,0x63,0x11,0x4D,0xB0,0x63,0x11,0x4D,0xB0,0x63,0x11,0x4D,0xB0,0x63,0x11,0x4D,
    0xB0,0x63,0x11,0x4D,0xB0,0x63,0x11,0x4D,0xB0,0x63,0x11,0x4D,0xB0,0x63,0x11,0x4D,0xB0,0x63,0x11,0x4D,0xB0,0x63,0x11,0x4D,0xB0,0x63,0x11,0x4D,0xB0,0x63,0x11,0x4D,0xB0,0x63,0x11,0x4D,0xB0,0x63,0x11,0x4D,0xB0,0x63,0x11,0x4D,0xB0,0x63,0x11,0x4D,0xB0,0x63,0x11,0x4D,0xB0,0x63,0x11,0x4D,0xB0,0x63,0x11,0x4D,0xB0,0x63,0x11,0x4D,
    0xB0,0x63,0x11,0x4D,0xB0,0x63,0x11,0x4D,0xB0,0x63,0x11,0x4D,0xB0,0x63,0x11,0x4D,0xB0,0x63,0x11,0x4D,0xB0,0x63,0x11,0x4D,0xB0,0x63,0x11,0x4D,0xB0,0x63,0x11,0x4D,0xB0,0x63,0x11,0x4D,0xB0,0x63,0x11,0x4D,0xB0,0x63,0x11,0x4D,0xB0,0x63,0x11,0x4D,0xB0,0x63,0x11,0x4D,0xB0,0x63,0x11,0x4D,0xB0,0x63,0x11,0x4D,0xB0,0x63,0x11,0x4D,
    0xB0,0x63,0x11,0x4D,0xB0,0x63,0x11,0x4D,0xB0,0x63,0x11,0x4D,0xB0,0x63,0x11,0x4D,0xB0,0x63,0x11,0x4D,0xB0,0x63,0x11,0x4D,0xB0,0x63,0x11,0x4D,0xB0,0x63,0x11,0x4D,0xB0,0x63,0x11,0x4D,0xB0,0x63,0x11,0x4D,0xB0,0x63,0x11,0x4D,0xB0,0x63,0x11,0x4D,0xB0,0x63,0x11,0x4D,0xB0,0x63,0x11,0x4D,0xB0,0x63,0x11,0x4D,0xB0,0x63,0x11,0x4D,
    0xB0,0x63,0x11,0x4D,0xB0,0x63,0x11,0x4D,0xB0,0x63,0x11,0x4D,0xB0,0x63,0x11,0x4D,0xB0,0x63,0x11,0x4D,0xB0,0x63,0x11,0x4D,0xB0,0x63,0x11,0x4D,0xB0,0x63,0x11,0x4D,0xB0,0x63,0x11,0x4D,0xB0,0x63,0x11,0x4D,0xB0,0x63,0x11,0x4D,0xB0,0x63,0x11,0x4D,0xB0,0x63,0x11,0x4D,0xB0,0x63,0x11,0x4D,0xB0,0x63,0x11,0x4D,0xB0,0x63,0x11,0x4D,
    0xB0,0x63,0x11,0x4D,0xB0,0x63,0x11,0x4D,0xB0,0x63,0x11,0x4D,0xB0,0x63,0x11,0x4D,0xB0,0x63,0x11,0x4D,0xB0,0x63,0x11,0x4D,0xB0,0x63,0x11,0x4D,0xB0,0x63,0x11,0x4D,0xB0,0x63,0x11,0x4D,0xB0,0x63,0x11,0x4D,0xB0,0x63,0x11,0x4D,0xB0,0x63,0x11,0x4D,0xB0,0x63,0x11,0x4D,0xB0,0x63,0x11,0x4D,0xB0,0x63,0x11,0x4D,0xB0,0x63,0x11,0x4D,
    0xB0,0x63,0x11,0x4D,0xB0,0x63,0x11,0x4D,0xB0,0x63,0x11,0x4D,0xB0,0x63,0x11,0x4D,0xB0,0x63,0x11,0x4D,0xB0,0x63,0x11,0x4D,0xB0,0x63,0x11,0x4D,0xB0,0x63,0x11,0x4D,0xB0,0x63,0x11,0x4D,0xB0,0x63,0x11,0x4D,0xB0,0x63,0x11,0x4D,0xB0,0x63,0x11,0x4D,0xB0,0x63,0x11,0x4D,0xB0,0x63,0x11,0x4D,0xB0,0x63,0x11,0x4D,0xB0,0x63,0x11,0x4D,
    0xB0,0x63,0x11,0x4D,0xB0,0x63,0x11,0x4D,0xB0,0x63,0x11,0x4D,0xB0,0x63,0x11,0x4D,0xB0,0x63,0x11,0x4D,0xB0,0x63,0x11,0x4D,0xB0,0x63,0x11,0x4D,0xB0,0x63,0x11,0x4D,0xB0,0x63,0x11,0x4D,0xB0,0x63,0x11,0x4D,0xB0,0x63,0x11,0x4D,0xB0,0x63,0x11,0x4D,0xB0,0x63,0x11,0x4D,0xB0,0x63,0x11,0x4D,0xB0,0x63,0x11,0x4D,0xB0,0x63,0x11,0x4D,
    0xB0,0x63,0x11,0x4D,0xB0,0x63,0x11,0x4D,0xB0,0x63,0x11,0x4D,0xB0,0x63,0x11,0x4D,0xB0,0x63,0x11,0x4D,0xB0,0x63,0x11,0x4D,0xB0,0x63,0x11,0x4D,0xB0,0x63,0x11,0x4D,0xB0,0x63,0x11,0x4D,0xB0,0x63,0x11,0x4D,0xB0,0x63,0x11,0x4D,0xB0,0x63,0x11,0x4D,0xB0,0x63,0x11,0x4D,0xB0,0x63,0x11,0x4D,0xB0,0x63,0x11,0x4D,0xB0,0x63,0x11,0x4D,
    0xB0,0x63,0x11,0x4D,0xB0,0x63,0x11,0x4D,0xB0,0x63,0x11,0x4D,0xB0,0x63,0x11,0x4D,0xB0,0x63,0x11,0x4D,0xB0,0x63,0x11,0x4D,0xB0,0x63,0x11,0x4D,0xB0,0x63,0x11,0x4D,0xB0,0x63,0x11,0x4D,0xB0,0x63,0x11,0x4D,0xB0,0x63,0x11,0x4D,0xB0,0x63,0x11,0x4D,0xB0,0x63,0x11,0x4D,0xB0,0x63,0x11,0x4D,0xB0,0x63,0x11,0x4D,0xB0,0x63,0x11,0x4D,
    0xB0,0x63,0x11,0x4D,0xB0,0x63,0x11,0x4D,0xB0,0x63,0x11,0x4D,0xB0,0x63,0x11,0x4D,0xB0,0x63,0x11,0x4D,0xB0,0x63,0x11,0x4D,0xB0,0x63,0x11,0x4D,0xB0,0x63,0x11,0x4D,0xB0,0x63,0x11,0x4D,0xB0,0x63,0x11,0x4D,0xB0,0x63,0x11,0x4D,0xB0,0x63,0x11,0x4D,0xB0,0x63,0x11,0x4D,0xB0,0x63,0x11,0x4D,0xB0,0x63,0x11,0x4D,0xB0,0x63,0x11,0x4D,
    0xB0,0x63,0x11,0x4D,0xB0,0x63,0x11,0x4D,0xB0,0x63,0x11,0x4D,0xB0,0x63,0x11,0x4D,0xB0,0x63,0x11,0x4D,0xB0,0x63,0x11,0x4D,0xB0,0x63,0x11,0x4D,0xB0,0x63,0x11,0x4D,0xB0,0x63,0x11,0x4D,0xB0,0x63,0x11,0x4D,0xB0,0x63,0x11,0x4D,0xB0,0x63,0x11,0x4D,0xB0,0x63,0x11,0x4D,0xB0,0x63,0x11,0x4D,0xB0,0x63,0x11,0x4D,0xB0,0x63,0x11,0x4D,
    0xB0,0x63,0x11,0x4D,0xB0,0x63,0x11,0x4D,0xB0,0x63,0x11,0x4D,0xB0,0x63,0x11,0x4D,0xB0,0x63,0x11,0x4D,0xB0,0x63,0x11,0x4D,0xB0,0x63,0x11,0x4D,0xB0,0x63,0x11,0x4D,0xB0,0x63,0x11,0x4D,0xB0,0x63,0x11,0x4D,0xB0,0x63,0x11,0x4D,0xB0,0x63,0x11,0x4D,0xB0,0x63,0x11,0x4D,0xB0,0x63,0x11,0x4D,0xB0,0x63,0x11,0x4D,0xB0,0x63,0x11,0x4D,
    0xB0,0x63,0x11,0x4D,0xB0,0x63,0x11,0x4D,0xB0,0x63,0x11,0x4D,0xB0,0x63,0x11,0x4D,0xB0,0x63,0x11,0x4D,0xB0,0x63,0x11,0x4D,0xB0,0x63,0x11,0x4D,0xB0,0x63,0x11,0x4D,0xB0,0x63,0x11,0x4D,0xB0,0x63,0x11,0x4D,0xB0,0x63,0x11,0x4D,0xB0,0x63,0x11,0x4D,0xB0,0x63,0x11,0x4D,0xB0,0x63,0x11,0x4D,0xB0,0x63,0x11,0x4D,0xB0,0x63,0x11,0x4D,
    0xB0,0x63,0x11,0x4D,0xB0,0x63,0x11,0x4D,0xB0,0x63,0x11,0x4D,0xB0,0x63,0x11,0x4D,0xB0,0x63,0x11,0x4D,0xB0,0x63,0x11,0x4D,0xB0,0x63,0x11,0x4D,0xB0,0x63,0x11,0x4D,0xB0,0x63,0x11,0x4D,0xB0,0x63,0x11,0x4D,0xB0,0x63,0x11,0x4D,0xB0,0x63,0x11,0x4D,0xB0,0x63,0x11,0x4D,0xB0,0x63,0x11,0x4D,0xB0,0x63,0x11,0x4D,0xB0,0x63,0x11,0x4D,
    0xB0,0x63,0x11,0x4D,0xB0,0x63,0x11,0x4D,0xB0,0x63,0x11,0x4D,0xB0,0x63,0x11,0x4D,0xB0,0x63,0x11,0x4D,0xB0,0x63,0x11,0x4D,0xB0,0x63,0x11,0x4D,0xB0,0x63,0x11,0x4D,0xB0,0x63,0x11,0x4D,0xB0,0x63,0x11,0x4D,0xB0,0x63,0x11,0x4D,0xB0,0x63,0x11,0x4D,0xB0,0x63,0x11,0x4D,0xB0,0x63,0x11,0x4D,0xB0,0x63,0x11,0x4D,0xB0,0x63,0x11,0x4D,
    0xB0,0x63,0x11,0x4D,0xB0,0x63,0x11,0x4D,0xB0,0x63,0x11,0x4D,0xB0,0x63,0x11,0x4D,0xB0,0x63,0x11,0x4D,0xB0,0x63,0x11,0x4D,0xB0,0x63,0x11,0x4D,0xB0,0x63,0x11,0x4D,0xB0,0x63,0x11,0x4D,0xB0,0x63,0x11,0x4D,0xB0,0x63,0x11,0x4D,0xB0,0x63,0x11,0x4D,0xB0,0x63,0x11,0x4D,0xB0,0x63,0x11,0x4D,0xB0,0x63,0x11,0x4D,0xB0,0x63,0x11,0x4D,
    0xB0,0x63,0x11,0x4D,0xB0,0x63,0x11,0x4D,0xB0,0x63,0x11,0x4D,0xB0,0x63,0x11,0x4D,0xB0,0x63,0x11,0x4D,0xB0,0x63,0x11,0x4D,0xB0,0x63,0x11,0x4D,0xB0,0x63,0x11,0x4D,0xB0,0x63,0x11,0x4D,0xB0,0x63,0x11,0x4D,0xB0,0x63,0x11,0x4D,0xB0,0x63,0x11,0x4D,0xB0,0x63,0x11,0x4D,0xB0,0x63,0x11,0x4D,0xB0,0x63,0x11,0x4D,0xB0,0x63,0x11,0x4D,
    0xB0,0x63,0x11,0x4D,0xB0,0x63,0x11,0x4D,0xB0,0x63,0x11,0x4D,0xB0,0x63,0x11,0x4D,0xAF,0x63,0x0F,0x43,0xAD,0x64,0x12,0x1C,0x00,0x00,0x00,0x00,0x00,0x00,0x00,0x00,0x00,0x00,0x00,0x00,0x00,0x00,0x00,0x00,0x00,0x00,0x00,0x00,0x00,0x00,0x00,0x00,0x00,0x00,0x00,0x00,0x00,0x00,0x00,0x00,0x00,0x00,0x00,0x00,0x99,0x66,0x00,0x05,
    0xAA,0x5E,0x13,0x1B,0xB2,0x65,0x0E,0x35,0xAF,0x63,0x0F,0x43,0xB1,0x63,0x11,0x4B,0xB0,0x63,0x11,0x4D,0xB0,0x63,0x11,0x4D,0xB0,0x63,0x11,0x4D,0xB0,0x63,0x11,0x4D,0xB0,0x63,0x11,0x4D,0xB0,0x63,0x11,0x4D,0xB0,0x63,0x11,0x4D,0xB0,0x63,0x11,0x4D,0xB0,0x63,0x11,0x4D,0xB0,0x63,0x11,0x4D,0xB0,0x63,0x11,0x4D,0xB0,0x63,0x11,0x4D,
    0xB0,0x63,0x11,0x4D,0xB0,0x63,0x11,0x4D,0xB0,0x63,0x11,0x4D,0xB0,0x63,0x11,0x4D,0xB0,0x63,0x11,0x4D,0xB0,0x63,0x11,0x4D,0xB0,0x63,0x11,0x4D,0xB0,0x63,0x11,0x4D,0xB0,0x63,0x11,0x4D,0xB0,0x63,0x11,0x4D,0xB0,0x63,0x11,0x4D,0xB0,0x63,0x11,0x4D,0xB0,0x63,0x11,0x4D,0xB0,0x63,0x11,0x4D,0xB0,0x63,0x11,0x4D,0xB0,0x63,0x11,0x4D,
    0xB0,0x63,0x11,0x4D,0xB0,0x63,0x11,0x4D,0xB0,0x63,0x11,0x4D,0xB0,0x63,0x11,0x4D,0xB0,0x63,0x11,0x4D,0xB0,0x63,0x11,0x4D,0xB0,0x63,0x11,0x4D,0xB0,0x63,0x11,0x4D,0xB0,0x63,0x11,0x4D,0xB0,0x63,0x11,0x4D,0xB0,0x63,0x11,0x4D,0xB0,0x63,0x11,0x4D,0xB0,0x63,0x11,0x4D,0xB0,0x63,0x11,0x4D,0xB0,0x63,0x11,0x4D,0xB0,0x63,0x11,0x4D,
    0xB0,0x63,0x11,0x4D,0xB0,0x63,0x11,0x4D,0xB0,0x63,0x11,0x4D,0xB0,0x63,0x11,0x4D,0xB0,0x63,0x11,0x4D,0xB0,0x63,0x11,0x4D,0xB0,0x63,0x11,0x4D,0xB0,0x63,0x11,0x4D,0xB0,0x63,0x11,0x4D,0xB0,0x63,0x11,0x4D,0xB0,0x63,0x11,0x4D,0xB0,0x63,0x11,0x4D,0xB0,0x63,0x11,0x4D,0xB0,0x63,0x11,0x4D,0xB0,0x63,0x11,0x4D,0xB0,0x63,0x11,0x4D,
    0xB0,0x63,0x11,0x4D,0xB0,0x63,0x11,0x4D,0xB0,0x63,0x11,0x4D,0xB0,0x63,0x11,0x4D,0xB0,0x63,0x11,0x4D,0xB0,0x63,0x11,0x4D,0xB0,0x63,0x11,0x4D,0xB0,0x63,0x11,0x4D,0xB0,0x63,0x11,0x4D,0xB0,0x63,0x11,0x4D,0xB0,0x63,0x11,0x4D,0xB0,0x63,0x11,0x4D,0xB0,0x63,0x11,0x4D,0xB0,0x63,0x11,0x4D,0xB0,0x63,0x11,0x4D,0xB0,0x63,0x11,0x4D,
    0xB0,0x63,0x11,0x4D,0xB0,0x63,0x11,0x4D,0xB0,0x63,0x11,0x4D,0xB0,0x63,0x11,0x4D,0xB0,0x63,0x11,0x4D,0xB0,0x63,0x11,0x4D,0xB0,0x63,0x11,0x4D,0xB0,0x63,0x11,0x4D,0xB0,0x63,0x11,0x4D,0xB0,0x63,0x11,0x4D,0xB0,0x63,0x11,0x4D,0xB0,0x63,0x11,0x4D,0xB0,0x63,0x11,0x4D,0xB0,0x63,0x11,0x4D,0xB0,0x63,0x11,0x4D,0xB0,0x63,0x11,0x4D,
    0xB0,0x63,0x11,0x4D,0xB0,0x63,0x11,0x4D,0xB0,0x63,0x11,0x4D,0xB0,0x63,0x11,0x4D,0xB0,0x63,0x11,0x4D,0xB0,0x63,0x11,0x4D,0xB0,0x63,0x11,0x4D,0xB0,0x63,0x11,0x4D,0xB0,0x63,0x11,0x4D,0xB0,0x63,0x11,0x4D,0xB0,0x63,0x11,0x4D,0xB0,0x63,0x11,0x4D,0xB0,0x63,0x11,0x4D,0xB0,0x63,0x11,0x4D,0xB0,0x63,0x11,0x4D,0xB0,0x63,0x11,0x4D,
    0xB0,0x63,0x11,0x4D,0xB0,0x63,0x11,0x4D,0xB0,0x63,0x11,0x4D,0xB0,0x63,0x11,0x4D,0xB0,0x63,0x11,0x4D,0xB0,0x63,0x11,0x4D,0xB0,0x63,0x11,0x4D,0xB0,0x63,0x11,0x4D,0xB0,0x63,0x11,0x4D,0xB0,0x63,0x11,0x4D,0xB0,0x63,0x11,0x4D,0xB0,0x63,0x11,0x4D,0xB0,0x63,0x11,0x4D,0xB0,0x63,0x11,0x4D,0xB0,0x63,0x11,0x4D,0xB0,0x63,0x11,0x4D,
    0xB0,0x63,0x11,0x4D,0xB0,0x63,0x11,0x4D,0xB0,0x63,0x11,0x4D,0xB0,0x63,0x11,0x4D,0xB0,0x63,0x11,0x4D,0xB0,0x63,0x11,0x4D,0xB0,0x63,0x11,0x4D,0xB0,0x63,0x11,0x4D,0xB0,0x63,0x11,0x4D,0xB0,0x63,0x11,0x4D,0xB0,0x63,0x11,0x4D,0xB0,0x63,0x11,0x4D,0xB0,0x63,0x11,0x4D,0xB0,0x63,0x11,0x4D,0xB0,0x63,0x11,0x4D,0xB0,0x63,0x11,0x4D,
    0xB0,0x63,0x11,0x4D,0xB0,0x63,0x11,0x4D,0xB0,0x63,0x11,0x4D,0xB0,0x63,0x11,0x4D,0xB0,0x63,0x11,0x4D,0xB0,0x63,0x11,0x4D,0xB0,0x63,0x11,0x4D,0xB0,0x63,0x11,0x4D,0xB0,0x63,0x11,0x4D,0xB0,0x63,0x11,0x4D,0xB0,0x63,0x11,0x4D,0xB0,0x63,0x11,0x4D,0xB0,0x63,0x11,0x4D,0xB0,0x63,0x11,0x4D,0xB0,0x63,0x11,0x4D,0xB0,0x63,0x11,0x4D,
    0xB0,0x63,0x11,0x4D,0xB0,0x63,0x11,0x4D,0xB0,0x63,0x11,0x4D,0xB0,0x63,0x11,0x4D,0xB0,0x63,0x11,0x4D,0xB0,0x63,0x11,0x4D,0xB0,0x63,0x11,0x4D,0xB0,0x63,0x11,0x4D,0xB0,0x63,0x11,0x4D,0xB0,0x63,0x11,0x4D,0xB0,0x63,0x11,0x4D,0xB0,0x63,0x11,0x4D,0xB0,0x63,0x11,0x4D,0xB0,0x63,0x11,0x4D,0xB0,0x63,0x11,0x4D,0xB0,0x63,0x11,0x4D,
    0xB0,0x63,0x11,0x4D,0xB0,0x63,0x11,0x4D,0xB0,0x63,0x11,0x4D,0xB0,0x63,0x11,0x4D,0xB0,0x63,0x11,0x4D,0xB0,0x63,0x11,0x4D,0xB0,0x63,0x11,0x4D,0xB0,0x63,0x11,0x4D,0xB0,0x63,0x11,0x4D,0xB0,0x63,0x11,0x4D,0xB0,0x63,0x11,0x4D,0xB0,0x63,0x11,0x4D,0xB0,0x63,0x11,0x4D,0xB0,0x63,0x11,0x4D,0xB0,0x63,0x11,0x4D,0xB0,0x63,0x11,0x4D,
    0xB0,0x63,0x11,0x4D,0xB0,0x63,0x11,0x4D,0xB0,0x63,0x11,0x4D,0xB0,0x63,0x11,0x4D,0xB0,0x63,0x11,0x4D,0xB0,0x63,0x11,0x4D,0xB0,0x63,0x11,0x4D,0xB0,0x63,0x11,0x4D,0xB0,0x63,0x11,0x4D,0xB0,0x63,0x11,0x4D,0xB0,0x63,0x11,0x4D,0xB0,0x63,0x11,0x4D,0xB0,0x63,0x11,0x4D,0xB0,0x63,0x11,0x4D,0xB0,0x63,0x11,0x4D,0xB0,0x63,0x11,0x4D,
    0xB0,0x63,0x11,0x4D,0xB0,0x63,0x11,0x4D,0xB0,0x63,0x11,0x4D,0xB0,0x63,0x11,0x4D,0xB0,0x63,0x11,0x4D,0xB0,0x63,0x11,0x4D,0xB0,0x63,0x11,0x4D,0xB0,0x63,0x11,0x4D,0xB0,0x63,0x11,0x4D,0xB0,0x63,0x11,0x4D,0xB0,0x63,0x11,0x4D,0xB0,0x63,0x11,0x4D,0xB0,0x63,0x11,0x4D,0xB0,0x63,0x11,0x4D,0xB0,0x63,0x11,0x4D,0xB0,0x63,0x11,0x4D,
    0xB0,0x63,0x11,0x4D,0xB0,0x63,0x11,0x4D,0xB0,0x63,0x11,0x4D,0xB0,0x63,0x11,0x4D,0xB0,0x63,0x11,0x4D,0xB0,0x63,0x11,0x4D,0xB0,0x63,0x11,0x4D,0xB0,0x63,0x11,0x4D,0xB0,0x63,0x11,0x4D,0xB0,0x63,0x11,0x4D,0xB0,0x63,0x11,0x4D,0xB0,0x63,0x11,0x4D,0xB0,0x63,0x11,0x4D,0xB0,0x63,0x11,0x4D,0xB0,0x63,0x11,0x4D,0xB0,0x63,0x11,0x4D,
    0xB0,0x63,0x11,0x4D,0xB0,0x63,0x11,0x4D,0xB0,0x63,0x11,0x4D,0xB0,0x63,0x11,0x4D,0xB0,0x63,0x11,0x4D,0xB0,0x63,0x11,0x4D,0xB0,0x63,0x11,0x4D,0xB0,0x63,0x11,0x4D,0xB0,0x63,0x11,0x4D,0xB0,0x63,0x11,0x4D,0xB0,0x63,0x11,0x4D,0xB0,0x63,0x11,0x4D,0xB0,0x63,0x11,0x4D,0xB0,0x63,0x11,0x4D,0xB0,0x63,0x11,0x4D,0xB0,0x63,0x11,0x4D,
    0xB0,0x63,0x11,0x4D,0xB0,0x63,0x11,0x4D,0xB0,0x63,0x11,0x4D,0xB0,0x63,0x11,0x4D,0xB0,0x63,0x11,0x4D,0xB0,0x63,0x11,0x4D,0xB0,0x63,0x11,0x4D,0xB0,0x63,0x11,0x4D,0xB0,0x63,0x11,0x4D,0xB0,0x63,0x11,0x4D,0xB0,0x63,0x11,0x4D,0xB0,0x63,0x11,0x4D,0xB0,0x63,0x11,0x4D,0xB0,0x63,0x11,0x4D,0xB0,0x63,0x11,0x4D,0xB0,0x63,0x11,0x4D,
    0xB0,0x63,0x11,0x4D,0xB0,0x63,0x11,0x4D,0xB0,0x63,0x11,0x4D,0xB0,0x63,0x11,0x4D,0xB0,0x63,0x11,0x4D,0xB0,0x63,0x11,0x4D,0xB0,0x63,0x11,0x4D,0xB0,0x63,0x11,0x4D,0xB0,0x63,0x11,0x4D,0xB0,0x63,0x11,0x4D,0xB0,0x63,0x11,0x4D,0xB0,0x63,0x11,0x4D,0xB0,0x63,0x11,0x4D,0xB0,0x63,0x11,0x4D,0xB0,0x63,0x11,0x4D,0xB0,0x63,0x11,0x4D,
    0xB0,0x63,0x11,0x4D,0xB0,0x63,0x11,0x4D,0xB0,0x63,0x11,0x4D,0xB0,0x63,0x11,0x4D,0xB0,0x63,0x11,0x4D,0xB0,0x63,0x11,0x4D,0xB1,0x63,0x11,0x4B,0xAF,0x63,0x0F,0x43,0xB2,0x65,0x0E,0x35,0xAA,0x5E,0x13,0x1B,0x99,0x66,0x00,0x05,0x00,0x00,0x00,0x00,0x00,0x00,0x00,0x00,0x00,0x00,0x00,0x00,0x00,0x00,0x00,0x00,0x00,0x00,0x00,0x00
};

const lv_image_dsc_t ui_img_settings_btn2w_n_png = {
    .header.w = 310,
    .header.h = 80,
    .data_size = sizeof(ui_img_settings_btn2w_n_png_data),
    .header.cf = LV_COLOR_FORMAT_NATIVE_WITH_ALPHA,
    .header.magic = LV_IMAGE_HEADER_MAGIC,
    .data = ui_img_settings_btn2w_n_png_data
};
