// Auto-generated from storage_p.png by convert_dvr_images.py
// LVGL version: 9.2.2   Image: 360x20 ARGB8888

#include "../ui.h"

#ifndef LV_ATTRIBUTE_MEM_ALIGN
    #define LV_ATTRIBUTE_MEM_ALIGN
#endif

// IMAGE DATA: storage_p.png
const LV_ATTRIBUTE_MEM_ALIGN uint8_t ui_img_storage_p_png_data[] = {
    0x00,0x00,0x00,0x00,0x00,0x00,0x00,0x00,0x00,0x00,0x00,0x00,0x00,0x00,0x00,0x00,0x00,0x00,0x00,0x00,0x11,0x99,0xFF,0x0F,0x0E,0x9B,0xFF,0x59,0x0E,0x99,0xFF,0xB1,0x0E,0x9A,0xFF,0xDE,0x0E,0x9A,0xFF,0xFA,0x0E,0x9A,0xFF,0xFF,0x0E,0x9A,0xFF,0xFF,0x0E,0x9A,0xFF,0xFF,0x0E,0x9A,0xFF,0xFF,0x0E,0x9A,0xFF,0xFF,0x0E,0x9A,0xFF,0xFF,
    0x0E,0x9A,0xFF,0xFF,0x0E,0x9A,0xFF,0xFF,0x0E,0x9A,0xFF,0xFF,0x0E,0x9A,0xFF,0xFF,0x0E,0x9A,0xFF,0xFF,0x0E,0x9A,0xFF,0xFF,0x0E,0x9A,0xFF,0xFF,0x0E,0x9A,0xFF,0xFF,0x0E,0x9A,0xFF,0xFF,0x0E,0x9A,0xFF,0xFF,0x0E,0x9A,0xFF,0xFF,0x0E,0x9A,0xFF,0xFF,0x0E,0x9A,0xFF,0xFF,0x0E,0x9A,0xFF,0xFF,0x0E,0x9A,0xFF,0xFF,0x0E,0x9A,0xFF,0xFF,
    0x0E,0x9A,0xFF,0xFF,0x0E,0x9A,0xFF,0xFF,0x0E,0x9A,0xFF,0xFF,0x0E,0x9A,0xFF,0xFF,0x0E,0x9A,0xFF,0xFF,0x0E,0x9A,0xFF,0xFF,0x0E,0x9A,0xFF,0xFF,0x0E,0x9A,0xFF,0xFF,0x0E,0x9A,0xFF,0xFF,0x0E,0x9A,0xFF,0xFF,0x0E,0x9A,0xFF,0xFF,0x0E,0x9A,0xFF,0xFF,0x0E,0x9A,0xFF,0xFF,0x0E,0x9A,0xFF,0xFF,0x0E,0x9A,0xFF,0xFF,0x0E,0x9A,0xFF,0xFF,
    0x0E,0x9A,0xFF,0xFF,0x0E,0x9A,0xFF,0xFF,0x0E,0x9A,0xFF,0xFF,0x0E,0x9A,0xFF,0xFF,0x0E,0x9A,0xFF,0xFF,0x0E,0x9A,0xFF,0xFF,0x0E,0x9A,0xFF,0xFF,0x0E,0x9A,0xFF,0xFF,0x0E,0x9A,0xFF,0xFF,0x0E,0x9A,0xFF,0xFF,0x0E,0x9A,0xFF,0xFF,0x0E,0x9A,0xFF,0xFF,0x0E,0x9A,0xFF,0xFF,0x0E,0x9A,0xFF,0xFF,0x0E,0x9A,0xFF,0xFF,0x0E,0x9A,0xFF,0xFF,
    0x0E,0x9A,0xFF,0xFF,0x0E,0x9A,0xFF,0xFF,0x0E,0x9A,0xFF,0xFF,0x0E,0x9A,0xFF,0xFF,0x0E,0x9A,0xFF,0xFF,0x0E,0x9A,0xFF,0xFF,0x0E,0x9A,0xFF,0xFF,0x0E,0x9A,0xFF,0xFF,0x0E,0x9A,0xFF,0xFF,0x0E,0x9A,0xFF,0xFF,0x0E,0x9A,0xFF,0xFF,0x0E,0x9A,0xFF,0xFF,0x0E,0x9A,0xFF,0xFF,0x0E,0x9A,0xFF,0xFF,0x0E,0x9A,0xFF,0xFF,0x0E,0x9A,0xFF,0xFF,
    0x0E,0x9A,0xFF,0xFF,0x0E,0x9A,0xFF,0xFF,0x0E,0x9A,0xFF,0xFF,0x0E,0x9A,0xFF,0xFF,0x0E,0x9A,0xFF,0xFF,0x0E,0x9A,0xFF,0xFF,0x0E,0x9A,0xFF,0xFF,0x0E,0x9A,0xFF,0xFF,0x0E,0x9A,0xFF,0xFF,0x0E,0x9A,0xFF,0xFF,0x0E,0x9A,0xFF,0xFF,0x0E,0x9A,0xFF,0xFF,0x0E,0x9A,0xFF,0xFF,0x0E,0x9A,0xFF,0xFF,0x0E,0x9A,0xFF,0xFF,0x0E,0x9A,0xFF,0xFF,
    0x0E,0x9A,0xFF,0xFF,0x0E,0x9A,0xFF,0xFF,0x0E,0x9A,0xFF,0xFF,0x0E,0x9A,0xFF,0xFF,0x0E,0x9A,0xFF,0xFF,0x0E,0x9A,0xFF,0xFF,0x0E,0x9A,0xFF,0xFF,0x0E,0x9A,0xFF,0xFF,0x0E,0x9A,0xFF,0xFF,0x0E,0x9A,0xFF,0xFF,0x0E,0x9A,0xFF,0xFF,0x0E,0x9A,0xFF,0xFF,0x0E,0x9A,0xFF,0xFF,0x0E,0x9A,0xFF,0xFF,0x0E,0x9A,0xFF,0xFF,0x0E,0x9A,0xFF,0xFF,
    0x0E,0x9A,0xFF,0xFF,0x0E,0x9A,0xFF,0xFF,0x0E,0x9A,0xFF,0xFF,0x0E,0x9A,0xFF,0xFF,0x0E,0x9A,0xFF,0xFF,0x0E,0x9A,0xFF,0xFF,0x0E,0x9A,0xFF,0xFF,0x0E,0x9A,0xFF,0xFF,0x0E,0x9A,0xFF,0xFF,0x0E,0x9A,0xFF,0xFF,0x0E,0x9A,0xFF,0xFF,0x0E,0x9A,0xFF,0xFF,0x0E,0x9A,0xFF,0xFF,0x0E,0x9A,0xFF,0xFF,0x0E,0x9A,0xFF,0xFF,0x0E,0x9A,0xFF,0xFF,
    0x0E,0x9A,0xFF,0xFF,0x0E,0x9A,0xFF,0xFF,0x0E,0x9A,0xFF,0xFF,0x0E,0x9A,0xFF,0xFF,0x0E,0x9A,0xFF,0xFF,0x0E,0x9A,0xFF,0xFF,0x0E,0x9A,0xFF,0xFF,0x0E,0x9A,0xFF,0xFF,0x0E,0x9A,0xFF,0xFF,0x0E,0x9A,0xFF,0xFF,0x0E,0x9A,0xFF,0xFF,0x0E,0x9A,0xFF,0xFF,0x0E,0x9A,0xFF,0xFF,0x0E,0x9A,0xFF,0xFF,0x0E,0x9A,0xFF,0xFF,0x0E,0x9A,0xFF,0xFF,
    0x0E,0x9A,0xFF,0xFF,0x0E,0x9A,0xFF,0xFF,0x0E,0x9A,0xFF,0xFF,0x0E,0x9A,0xFF,0xFF,0x0E,0x9A,0xFF,0xFF,0x0E,0x9A,0xFF,0xFF,0x0E,0x9A,0xFF,0xFF,0x0E,0x9A,0xFF,0xFF,0x0E,0x9A,0xFF,0xFF,0x0E,0x9A,0xFF,0xFF,0x0E,0x9A,0xFF,0xFF,0x0E,0x9A,0xFF,0xFF,0x0E,0x9A,0xFF,0xFF,0x0E,0x9A,0xFF,0xFF,0x0E,0x9A,0xFF,0xFF,0x0E,0x9A,0xFF,0xFF,
    0x0E,0x9A,0xFF,0xFF,0x0E,0x9A,0xFF,0xFF,0x0E,0x9A,0xFF,0xFF,0x0E,0x9A,0xFF,0xFF,0x0E,0x9A,0xFF,0xFF,0x0E,0x9A,0xFF,0xFF,0x0E,0x9A,0xFF,0xFF,0x0E,0x9A,0xFF,0xFF,0x0E,0x9A,0xFF,0xFF,0x0E,0x9A,0xFF,0xFF,0x0E,0x9A,0xFF,0xFF,0x0E,0x9A,0xFF,0xFF,0x0E,0x9A,0xFF,0xFF,0x0E,0x9A,0xFF,0xFF,0x0E,0x9A,0xFF,0xFF,0x0E,0x9A,0xFF,0xFF,
    0x0E,0x9A,0xFF,0xFF,0x0E,0x9A,0xFF,0xFF,0x0E,0x9A,0xFF,0xFF,0x0E,0x9A,0xFF,0xFF,0x0E,0x9A,0xFF,0xFF,0x0E,0x9A,0xFF,0xFF,0x0E,0x9A,0xFF,0xFF,0x0E,0x9A,0xFF,0xFF,0x0E,0x9A,0xFF,0xFF,0x0E,0x9A,0xFF,0xFF,0x0E,0x9A,0xFF,0xFF,0x0E,0x9A,0xFF,0xFF,0x0E,0x9A,0xFF,0xFF,0x0E,0x9A,0xFF,0xFF,0x0E,0x9A,0xFF,0xFF,0x0E,0x9A,0xFF,0xFF,
    0x0E,0x9A,0xFF,0xFF,0x0E,0x9A,0xFF,0xFF,0x0E,0x9A,0xFF,0xFF,0x0E,0x9A,0xFF,0xFF,0x0E,0x9A,0xFF,0xFF,0x0E,0x9A,0xFF,0xFF,0x0E,0x9A,0xFF,0xFF,0x0E,0x9A,0xFF,0xFF,0x0E,0x9A,0xFF,0xFF,0x0E,0x9A,0xFF,0xFF,0x0E,0x9A,0xFF,0xFF,0x0E,0x9A,0xFF,0xFF,0x0E,0x9A,0xFF,0xFF,0x0E,0x9A,0xFF,0xFF,0x0E,0x9A,0xFF,0xFF,0x0E,0x9A,0xFF,0xFF,
    0x0E,0x9A,0xFF,0xFF,0x0E,0x9A,0xFF,0xFF,0x0E,0x9A,0xFF,0xFF,0x0E,0x9A,0xFF,0xFF,0x0E,0x9A,0xFF,0xFF,0x0E,0x9A,0xFF,0xFF,0x0E,0x9A,0xFF,0xFF,0x0E,0x9A,0xFF,0xFF,0x0E,0x9A,0xFF,0xFF,0x0E,0x9A,0xFF,0xFF,0x0E,0x9A,0xFF,0xFF,0x0E,0x9A,0xFF,0xFF,0x0E,0x9A,0xFF,0xFF,0x0E,0x9A,0xFF,0xFF,0x0E,0x9A,0xFF,0xFF,0x0E,0x9A,0xFF,0xFF,
    0x0E,0x9A,0xFF,0xFF,0x0E,0x9A,0xFF,0xFF,0x0E,0x9A,0xFF,0xFF,0x0E,0x9A,0xFF,0xFF,0x0E,0x9A,0xFF,0xFF,0x0E,0x9A,0xFF,0xFF,0x0E,0x9A,0xFF,0xFF,0x0E,0x9A,0xFF,0xFF,0x0E,0x9A,0xFF,0xFF,0x0E,0x9A,0xFF,0xFF,0x0E,0x9A,0xFF,0xFF,0x0E,0x9A,0xFF,0xFF,0x0E,0x9A,0xFF,0xFF,0x0E,0x9A,0xFF,0xFF,0x0E,0x9A,0xFF,0xFF,0x0E,0x9A,0xFF,0xFF,
    0x0E,0x9A,0xFF,0xFF,0x0E,0x9A,0xFF,0xFF,0x0E,0x9A,0xFF,0xFF,0x0E,0x9A,0xFF,0xFF,0x0E,0x9A,0xFF,0xFF,0x0E,0x9A,0xFF,0xFF,0x0E,0x9A,0xFF,0xFF,0x0E,0x9A,0xFF,0xFF,0x0E,0x9A,0xFF,0xFF,0x0E,0x9A,0xFF,0xFF,0x0E,0x9A,0xFF,0xFF,0x0E,0x9A,0xFF,0xFF,0x0E,0x9A,0xFF,0xFF,0x0E,0x9A,0xFF,0xFF,0x0E,0x9A,0xFF,0xFF,0x0E,0x9A,0xFF,0xFF,
    0x0E,0x9A,0xFF,0xFF,0x0E,0x9A,0xFF,0xFF,0x0E,0x9A,0xFF,0xFF,0x0E,0x9A,0xFF,0xFF,0x0E,0x9A,0xFF,0xFF,0x0E,0x9A,0xFF,0xFF,0x0E,0x9A,0xFF,0xFF,0x0E,0x9A,0xFF,0xFF,0x0E,0x9A,0xFF,0xFF,0x0E,0x9A,0xFF,0xFF,0x0E,0x9A,0xFF,0xFF,0x0E,0x9A,0xFF,0xFF,0x0E,0x9A,0xFF,0xFF,0x0E,0x9A,0xFF,0xFF,0x0E,0x9A,0xFF,0xFF,0x0E,0x9A,0xFF,0xFF,
    0x0E,0x9A,0xFF,0xFF,0x0E,0x9A,0xFF,0xFF,0x0E,0x9A,0xFF,0xFF,0x0E,0x9A,0xFF,0xFF,0x0E,0x9A,0xFF,0xFF,0x0E,0x9A,0xFF,0xFF,0x0E,0x9A,0xFF,0xFF,0x0E,0x9A,0xFF,0xFF,0x0E,0x9A,0xFF,0xFF,0x0E,0x9A,0xFF,0xFF,0x0E,0x9A,0xFF,0xFF,0x0E,0x9A,0xFF,0xFF,0x0E,0x9A,0xFF,0xFF,0x0E,0x9A,0xFF,0xFF,0x0E,0x9A,0xFF,0xFF,0x0E,0x9A,0xFF,0xFF,
    0x0E,0x9A,0xFF,0xFF,0x0E,0x9A,0xFF,0xFF,0x0E,0x9A,0xFF,0xFF,0x0E,0x9A,0xFF,0xFF,0x0E,0x9A,0xFF,0xFF,0x0E,0x9A,0xFF,0xFF,0x0E,0x9A,0xFF,0xFF,0x0E,0x9A,0xFF,0xFF,0x0E,0x9A,0xFF,0xFF,0x0E,0x9A,0xFF,0xFF,0x0E,0x9A,0xFF,0xFF,0x0E,0x9A,0xFF,0xFF,0x0E,0x9A,0xFF,0xFF,0x0E,0x9A,0xFF,0xFF,0x0E,0x9A,0xFF,0xFF,0x0E,0x9A,0xFF,0xFF,
    0x0E,0x9A,0xFF,0xFF,0x0E,0x9A,0xFF,0xFF,0x0E,0x9A,0xFF,0xFF,0x0E,0x9A,0xFF,0xFF,0x0E,0x9A,0xFF,0xFF,0x0E,0x9A,0xFF,0xFF,0x0E,0x9A,0xFF,0xFF,0x0E,0x9A,0xFF,0xFF,0x0E,0x9A,0xFF,0xFF,0x0E,0x9A,0xFF,0xFF,0x0E,0x9A,0xFF,0xFF,0x0E,0x9A,0xFF,0xFF,0x0E,0x9A,0xFF,0xFF,0x0E,0x9A,0xFF,0xFF,0x0E,0x9A,0xFF,0xFF,0x0E,0x9A,0xFF,0xFF,
    0x0E,0x9A,0xFF,0xFF,0x0E,0x9A,0xFF,0xFF,0x0E,0x9A,0xFF,0xFF,0x0E,0x9A,0xFF,0xFF,0x0E,0x9A,0xFF,0xFF,0x0E,0x9A,0xFF,0xFF,0x0E,0x9A,0xFF,0xFF,0x0E,0x9A,0xFF,0xFF,0x0E,0x9A,0xFF,0xFF,0x0E,0x9A,0xFF,0xFF,0x0E,0x9A,0xFF,0xFF,0x0E,0x9A,0xFF,0xFF,0x0E,0x9A,0xFF,0xFF,0x0E,0x9A,0xFF,0xFF,0x0E,0x9A,0xFF,0xFF,0x0E,0x9A,0xFF,0xFF,
    0x0E,0x9A,0xFF,0xFF,0x0E,0x9A,0xFF,0xFF,0x0E,0x9A,0xFF,0xFF,0x0E,0x9A,0xFF,0xFF,0x0E,0x9A,0xFF,0xFF,0x0E,0x9A,0xFF,0xFF,0x0E,0x9A,0xFF,0xFF,0x0E,0x9A,0xFF,0xFF,0x0E,0x9A,0xFF,0xFF,0x0E,0x9A,0xFF,0xFF,0x0E,0x9A,0xFF,0xFF,0x0E,0x9A,0xFF,0xFF,0x0E,0x9A,0xFF,0xFF,0x0E,0x9A,0xFF,0xFF,0x0E,0x9A,0xFF,0xFA,0x0E,0x9A,0xFF,0xDE,
    0x0E,0x9A,0xFF,0xB1,0x0E,0x9B,0xFF,0x59,0x11,0x99,0xFF,0x0F,0x00,0x00,0x00,0x00,0x00,0x00,0x00,0x00,0x00,0x00,0x00,0x00,0x00,0x00,0x00,0x00,0x00,0x00,0x00,0x00,0x00,0x00,0x00,0x00,0x00,0x00,0x00,0x00,0x00,0x00,0x00,0x00,0x00,0x80,0xFF,0x02,0x0E,0x9B,0xFF,0x5C,0x0E,0x9A,0xFF,0xDE,0x0E,0x9A,0xFF,0xFF,0x0E,0x9A,0xFF,0xFF,
    0x0E,0x9A,0xFF,0xFF,0x0E,0x9A,0xFF,0xFF,0x0E,0x9A,0xFF,0xFF,0x0E,0x9A,0xFF,0xFF,0x0E,0x9A,0xFF,0xFF,0x0E,0x9A,0xFF,0xFF,0x0E,0x9A,0xFF,0xFF,0x0E,0x9A,0xFF,0xFF,0x0E,0x9A,0xFF,0xFF,0x0E,0x9A,0xFF,0xFF,0x0E,0x9A,0xFF,0xFF,0x0E,0x9A,0xFF,0xFF,0x0E,0x9A,0xFF,0xFF,0x0E,0x9A,0xFF,0xFF,0x0E,0x9A,0xFF,0xFF,0x0E,0x9A,0xFF,0xFF,
    0x0E,0x9A,0xFF,0xFF,0x0E,0x9A,0xFF,0xFF,0x0E,0x9A,0xFF,0xFF,0x0E,0x9A,0xFF,0xFF,0x0E,0x9A,0xFF,0xFF,0x0E,0x9A,0xFF,0xFF,0x0E,0x9A,0xFF,0xFF,0x0E,0x9A,0xFF,0xFF,0x0E,0x9A,0xFF,0xFF,0x0E,0x9A,0xFF,0xFF,0x0E,0x9A,0xFF,0xFF,0x0E,0x9A,0xFF,0xFF,0x0E,0x9A,0xFF,0xFF,0x0E,0x9A,0xFF,0xFF,0x0E,0x9A,0xFF,0xFF,0x0E,0x9A,0xFF,0xFF,
    0x0E,0x9A,0xFF,0xFF,0x0E,0x9A,0xFF,0xFF,0x0E,0x9A,0xFF,0xFF,0x0E,0x9A,0xFF,0xFF,0x0E,0x9A,0xFF,0xFF,0x0E,0x9A,0xFF,0xFF,0x0E,0x9A,0xFF,0xFF,0x0E,0x9A,0xFF,0xFF,0x0E,0x9A,0xFF,0xFF,0x0E,0x9A,0xFF,0xFF,0x0E,0x9A,0xFF,0xFF,0x0E,0x9A,0xFF,0xFF,0x0E,0x9A,0xFF,0xFF,0x0E,0x9A,0xFF,0xFF,0x0E,0x9A,0xFF,0xFF,0x0E,0x9A,0xFF,0xFF,
    0x0E,0x9A,0xFF,0xFF,0x0E,0x9A,0xFF,0xFF,0x0E,0x9A,0xFF,0xFF,0x0E,0x9A,0xFF,0xFF,0x0E,0x9A,0xFF,0xFF,0x0E,0x9A,0xFF,0xFF,0x0E,0x9A,0xFF,0xFF,0x0E,0x9A,0xFF,0xFF,0x0E,0x9A,0xFF,0xFF,0x0E,0x9A,0xFF,0xFF,0x0E,0x9A,0xFF,0xFF,0x0E,0x9A,0xFF,0xFF,0x0E,0x9A,0xFF,0xFF,0x0E,0x9A,0xFF,0xFF,0x0E,0x9A,0xFF,0xFF,0x0E,0x9A,0xFF,0xFF,
    0x0E,0x9A,0xFF,0xFF,0x0E,0x9A,0xFF,0xFF,0x0E,0x9A,0xFF,0xFF,0x0E,0x9A,0xFF,0xFF,0x0E,0x9A,0xFF,0xFF,0x0E,0x9A,0xFF,0xFF,0x0E,0x9A,0xFF,0xFF,0x0E,0x9A,0xFF,0xFF,0x0E,0x9A,0xFF,0xFF,0x0E,0x9A,0xFF,0xFF,0x0E,0x9A,0xFF,0xFF,0x0E,0x9A,0xFF,0xFF,0x0E,0x9A,0xFF,0xFF,0x0E,0x9A,0xFF,0xFF,0x0E,0x9A,0xFF,0xFF,0x0E,0x9A,0xFF,0xFF,
    0x0E,0x9A,0xFF,0xFF,0x0E,0x9A,0xFF,0xFF,0x0E,0x9A,0xFF,0xFF,0x0E,0x9A,0xFF,0xFF,0x0E,0x9A,0xFF,0xFF,0x0E,0x9A,0xFF,0xFF,0x0E,0x9A,0xFF,0xFF,0x0E,0x9A,0xFF,0xFF,0x0E,0x9A,0xFF,0xFF,0x0E,0x9A,0xFF,0xFF,0x0E,0x9A,0xFF,0xFF,0x0E,0x9A,0xFF,0xFF,0x0E,0x9A,0xFF,0xFF,0x0E,0x9A,0xFF,0xFF,0x0E,0x9A,0xFF,0xFF,0x0E,0x9A,0xFF,0xFF,
    0x0E,0x9A,0xFF,0xFF,0x0E,0x9A,0xFF,0xFF,0x0E,0x9A,0xFF,0xFF,0x0E,0x9A,0xFF,0xFF,0x0E,0x9A,0xFF,0xFF,0x0E,0x9A,0xFF,0xFF,0x0E,0x9A,0xFF,0xFF,0x0E,0x9A,0xFF,0xFF,0x0E,0x9A,0xFF,0xFF,0x0E,0x9A,0xFF,0xFF,0x0E,0x9A,0xFF,0xFF,0x0E,0x9A,0xFF,0xFF,0x0E,0x9A,0xFF,0xFF,0x0E,0x9A,0xFF,0xFF,0x0E,0x9A,0xFF,0xFF,0x0E,0x9A,0xFF,0xFF,
    0x0E,0x9A,0xFF,0xFF,0x0E,0x9A,0xFF,0xFF,0x0E,0x9A,0xFF,0xFF,0x0E,0x9A,0xFF,0xFF,0x0E,0x9A,0xFF,0xFF,0x0E,0x9A,0xFF,0xFF,0x0E,0x9A,0xFF,0xFF,0x0E,0x9A,0xFF,0xFF,0x0E,0x9A,0xFF,0xFF,0x0E,0x9A,0xFF,0xFF,0x0E,0x9A,0xFF,0xFF,0x0E,0x9A,0xFF,0xFF,0x0E,0x9A,0xFF,0xFF,0x0E,0x9A,0xFF,0xFF,0x0E,0x9A,0xFF,0xFF,0x0E,0x9A,0xFF,0xFF,
    0x0E,0x9A,0xFF,0xFF,0x0E,0x9A,0xFF,0xFF,0x0E,0x9A,0xFF,0xFF,0x0E,0x9A,0xFF,0xFF,0x0E,0x9A,0xFF,0xFF,0x0E,0x9A,0xFF,0xFF,0x0E,0x9A,0xFF,0xFF,0x0E,0x9A,0xFF,0xFF,0x0E,0x9A,0xFF,0xFF,0x0E,0x9A,0xFF,0xFF,0x0E,0x9A,0xFF,0xFF,0x0E,0x9A,0xFF,0xFF,0x0E,0x9A,0xFF,0xFF,0x0E,0x9A,0xFF,0xFF,0x0E,0x9A,0xFF,0xFF,0x0E,0x9A,0xFF,0xFF,
    0x0E,0x9A,0xFF,0xFF,0x0E,0x9A,0xFF,0xFF,0x0E,0x9A,0xFF,0xFF,0x0E,0x9A,0xFF,0xFF,0x0E,0x9A,0xFF,0xFF,0x0E,0x9A,0xFF,0xFF,0x0E,0x9A,0xFF,0xFF,0x0E,0x9A,0xFF,0xFF,0x0E,0x9A,0xFF,0xFF,0x0E,0x9A,0xFF,0xFF,0x0E,0x9A,0xFF,0xFF,0x0E,0x9A,0xFF,0xFF,0x0E,0x9A,0xFF,0xFF,0x0E,0x9A,0xFF,0xFF,0x0E,0x9A,0xFF,0xFF,0x0E,0x9A,0xFF,0xFF,
    0x0E,0x9A,0xFF,0xFF,0x0E,0x9A,0xFF,0xFF,0x0E,0x9A,0xFF,0xFF,0x0E,0x9A,0xFF,0xFF,0x0E,0x9A,0xFF,0xFF,0x0E,0x9A,0xFF,0xFF,0x0E,0x9A,0xFF,0xFF,0x0E,0x9A,0xFF,0xFF,0x0E,0x9A,0xFF,0xFF,0x0E,0x9A,0xFF,0xFF,0x0E,0x9A,0xFF,0xFF,0x0E,0x9A,0xFF,0xFF,0x0E,0x9A,0xFF,0xFF,0x0E,0x9A,0xFF,0xFF,0x0E,0x9A,0xFF,0xFF,0x0E,0x9A,0xFF,0xFF,
    0x0E,0x9A,0xFF,0xFF,0x0E,0x9A,0xFF,0xFF,0x0E,0x9A,0xFF,0xFF,0x0E,0x9A,0xFF,0xFF,0x0E,0x9A,0xFF,0xFF,0x0E,0x9A,0xFF,0xFF,0x0E,0x9A,0xFF,0xFF,0x0E,0x9A,0xFF,0xFF,0x0E,0x9A,0xFF,0xFF,0x0E,0x9A,0xFF,0xFF,0x0E,0x9A,0xFF,0xFF,0x0E,0x9A,0xFF,0xFF,0x0E,0x9A,0xFF,0xFF,0x0E,0x9A,0xFF,0xFF,0x0E,0x9A,0xFF,0xFF,0x0E,0x9A,0xFF,0xFF,
    0x0E,0x9A,0xFF,0xFF,0x0E,0x9A,0xFF,0xFF,0x0E,0x9A,0xFF,0xFF,0x0E,0x9A,0xFF,0xFF,0x0E,0x9A,0xFF,0xFF,0x0E,0x9A,0xFF,0xFF,0x0E,0x9A,0xFF,0xFF,0x0E,0x9A,0xFF,0xFF,0x0E,0x9A,0xFF,0xFF,0x0E,0x9A,0xFF,0xFF,0x0E,0x9A,0xFF,0xFF,0x0E,0x9A,0xFF,0xFF,0x0E,0x9A,0xFF,0xFF,0x0E,0x9A,0xFF,0xFF,0x0E,0x9A,0xFF,0xFF,0x0E,0x9A,0xFF,0xFF,
    0x0E,0x9A,0xFF,0xFF,0x0E,0x9A,0xFF,0xFF,0x0E,0x9A,0xFF,0xFF,0x0E,0x9A,0xFF,0xFF,0x0E,0x9A,0xFF,0xFF,0x0E,0x9A,0xFF,0xFF,0x0E,0x9A,0xFF,0xFF,0x0E,0x9A,0xFF,0xFF,0x0E,0x9A,0xFF,0xFF,0x0E,0x9A,0xFF,0xFF,0x0E,0x9A,0xFF,0xFF,0x0E,0x9A,0xFF,0xFF,0x0E,0x9A,0xFF,0xFF,0x0E,0x9A,0xFF,0xFF,0x0E,0x9A,0xFF,0xFF,0x0E,0x9A,0xFF,0xFF,
    0x0E,0x9A,0xFF,0xFF,0x0E,0x9A,0xFF,0xFF,0x0E,0x9A,0xFF,0xFF,0x0E,0x9A,0xFF,0xFF,0x0E,0x9A,0xFF,0xFF,0x0E,0x9A,0xFF,0xFF,0x0E,0x9A,0xFF,0xFF,0x0E,0x9A,0xFF,0xFF,0x0E,0x9A,0xFF,0xFF,0x0E,0x9A,0xFF,0xFF,0x0E,0x9A,0xFF,0xFF,0x0E,0x9A,0xFF,0xFF,0x0E,0x9A,0xFF,0xFF,0x0E,0x9A,0xFF,0xFF,0x0E,0x9A,0xFF,0xFF,0x0E,0x9A,0xFF,0xFF,
    0x0E,0x9A,0xFF,0xFF,0x0E,0x9A,0xFF,0xFF,0x0E,0x9A,0xFF,0xFF,0x0E,0x9A,0xFF,0xFF,0x0E,0x9A,0xFF,0xFF,0x0E,0x9A,0xFF,0xFF,0x0E,0x9A,0xFF,0xFF,0x0E,0x9A,0xFF,0xFF,0x0E,0x9A,0xFF,0xFF,0x0E,0x9A,0xFF,0xFF,0x0E,0x9A,0xFF,0xFF,0x0E,0x9A,0xFF,0xFF,0x0E,0x9A,0xFF,0xFF,0x0E,0x9A,0xFF,0xFF,0x0E,0x9A,0xFF,0xFF,0x0E,0x9A,0xFF,0xFF,
    0x0E,0x9A,0xFF,0xFF,0x0E,0x9A,0xFF,0xFF,0x0E,0x9A,0xFF,0xFF,0x0E,0x9A,0xFF,0xFF,0x0E,0x9A,0xFF,0xFF,0x0E,0x9A,0xFF,0xFF,0x0E,0x9A,0xFF,0xFF,0x0E,0x9A,0xFF,0xFF,0x0E,0x9A,0xFF,0xFF,0x0E,0x9A,0xFF,0xFF,0x0E,0x9A,0xFF,0xFF,0x0E,0x9A,0xFF,0xFF,0x0E,0x9A,0xFF,0xFF,0x0E,0x9A,0xFF,0xFF,0x0E,0x9A,0xFF,0xFF,0x0E,0x9A,0xFF,0xFF,
    0x0E,0x9A,0xFF,0xFF,0x0E,0x9A,0xFF,0xFF,0x0E,0x9A,0xFF,0xFF,0x0E,0x9A,0xFF,0xFF,0x0E,0x9A,0xFF,0xFF,0x0E,0x9A,0xFF,0xFF,0x0E,0x9A,0xFF,0xFF,0x0E,0x9A,0xFF,0xFF,0x0E,0x9A,0xFF,0xFF,0x0E,0x9A,0xFF,0xFF,0x0E,0x9A,0xFF,0xFF,0x0E,0x9A,0xFF,0xFF,0x0E,0x9A,0xFF,0xFF,0x0E,0x9A,0xFF,0xFF,0x0E,0x9A,0xFF,0xFF,0x0E,0x9A,0xFF,0xFF,
    0x0E,0x9A,0xFF,0xFF,0x0E,0x9A,0xFF,0xFF,0x0E,0x9A,0xFF,0xFF,0x0E,0x9A,0xFF,0xFF,0x0E,0x9A,0xFF,0xFF,0x0E,0x9A,0xFF,0xFF,0x0E,0x9A,0xFF,0xFF,0x0E,0x9A,0xFF,0xFF,0x0E,0x9A,0xFF,0xFF,0x0E,0x9A,0xFF,0xFF,0x0E,0x9A,0xFF,0xFF,0x0E,0x9A,0xFF,0xFF,0x0E,0x9A,0xFF,0xFF,0x0E,0x9A,0xFF,0xFF,0x0E,0x9A,0xFF,0xFF,0x0E,0x9A,0xFF,0xFF,
    0x0E,0x9A,0xFF,0xFF,0x0E,0x9A,0xFF,0xFF,0x0E,0x9A,0xFF,0xFF,0x0E,0x9A,0xFF,0xFF,0x0E,0x9A,0xFF,0xFF,0x0E,0x9A,0xFF,0xFF,0x0E,0x9A,0xFF,0xFF,0x0E,0x9A,0xFF,0xFF,0x0E,0x9A,0xFF,0xFF,0x0E,0x9A,0xFF,0xFF,0x0E,0x9A,0xFF,0xFF,0x0E,0x9A,0xFF,0xFF,0x0E,0x9A,0xFF,0xFF,0x0E,0x9A,0xFF,0xFF,0x0E,0x9A,0xFF,0xFF,0x0E,0x9A,0xFF,0xFF,
    0x0E,0x9A,0xFF,0xFF,0x0E,0x9A,0xFF,0xFF,0x0E,0x9A,0xFF,0xFF,0x0E,0x9A,0xFF,0xFF,0x0E,0x9A,0xFF,0xFF,0x0E,0x9A,0xFF,0xFF,0x0E,0x9A,0xFF,0xFF,0x0E,0x9A,0xFF,0xFF,0x0E,0x9A,0xFF,0xFF,0x0E,0x9A,0xFF,0xFF,0x0E,0x9A,0xFF,0xFF,0x0E,0x9A,0xFF,0xFF,0x0E,0x9A,0xFF,0xFF,0x0E,0x9A,0xFF,0xFF,0x0E,0x9A,0xFF,0xFF,0x0E,0x9A,0xFF,0xFF,
    0x0E,0x9A,0xFF,0xFF,0x0E,0x9A,0xFF,0xFF,0x0E,0x9A,0xFF,0xFF,0x0E,0x9A,0xFF,0xFF,0x0E,0x9A,0xFF,0xFF,0x0E,0x9A,0xFF,0xFF,0x0E,0x9A,0xFF,0xFF,0x0E,0x9A,0xFF,0xFF,0x0E,0x9A,0xFF,0xFF,0x0E,0x9A,0xFF,0xFF,0x0E,0x9A,0xFF,0xDE,0x0E,0x9B,0xFF,0x5C,0x00,0x80,0xFF,0x02,0x00,0x00,0x00,0x00,0x00,0x00,0x00,0x00,0x00,0x00,0x00,0x00,
    0x00,0x00,0x00,0x00,0x00,0x00,0x00,0x00,0x00,0x99,0xFF,0x0A,0x0E,0x9A,0xFF,0x93,0x0E,0x9A,0xFF,0xFF,0x0E,0x9A,0xFF,0xFF,0x0E,0x9A,0xFF,0xFF,0x0E,0x9A,0xFF,0xFF,0x0E,0x9A,0xFF,0xFF,0x0E,0x9A,0xFF,0xFF,0x0E,0x9A,0xFF,0xFF,0x0E,0x9A,0xFF,0xFF,0x0E,0x9A,0xFF,0xFF,0x0E,0x9A,0xFF,0xFF,0x0E,0x9A,0xFF,0xFF,0x0E,0x9A,0xFF,0xFF,
    0x0E,0x9A,0xFF,0xFF,0x0E,0x9A,0xFF,0xFF,0x0E,0x9A,0xFF,0xFF,0x0E,0x9A,0xFF,0xFF,0x0E,0x9A,0xFF,0xFF,0x0E,0x9A,0xFF,0xFF,0x0E,0x9A,0xFF,0xFF,0x0E,0x9A,0xFF,0xFF,0x0E,0x9A,0xFF,0xFF,0x0E,0x9A,0xFF,0xFF,0x0E,0x9A,0xFF,0xFF,0x0E,0x9A,0xFF,0xFF,0x0E,0x9A,0xFF,0xFF,0x0E,0x9A,0xFF,0xFF,0x0E,0x9A,0xFF,0xFF,0x0E,0x9A,0xFF,0xFF,
    0x0E,0x9A,0xFF,0xFF,0x0E,0x9A,0xFF,0xFF,0x0E,0x9A,0xFF,0xFF,0x0E,0x9A,0xFF,0xFF,0x0E,0x9A,0xFF,0xFF,0x0E,0x9A,0xFF,0xFF,0x0E,0x9A,0xFF,0xFF,0x0E,0x9A,0xFF,0xFF,0x0E,0x9A,0xFF,0xFF,0x0E,0x9A,0xFF,0xFF,0x0E,0x9A,0xFF,0xFF,0x0E,0x9A,0xFF,0xFF,0x0E,0x9A,0xFF,0xFF,0x0E,0x9A,0xFF,0xFF,0x0E,0x9A,0xFF,0xFF,0x0E,0x9A,0xFF,0xFF,
    0x0E,0x9A,0xFF,0xFF,0x0E,0x9A,0xFF,0xFF,0x0E,0x9A,0xFF,0xFF,0x0E,0x9A,0xFF,0xFF,0x0E,0x9A,0xFF,0xFF,0x0E,0x9A,0xFF,0xFF,0x0E,0x9A,0xFF,0xFF,0x0E,0x9A,0xFF,0xFF,0x0E,0x9A,0xFF,0xFF,0x0E,0x9A,0xFF,0xFF,0x0E,0x9A,0xFF,0xFF,0x0E,0x9A,0xFF,0xFF,0x0E,0x9A,0xFF,0xFF,0x0E,0x9A,0xFF,0xFF,0x0E,0x9A,0xFF,0xFF,0x0E,0x9A,0xFF,0xFF,
    0x0E,0x9A,0xFF,0xFF,0x0E,0x9A,0xFF,0xFF,0x0E,0x9A,0xFF,0xFF,0x0E,0x9A,0xFF,0xFF,0x0E,0x9A,0xFF,0xFF,0x0E,0x9A,0xFF,0xFF,0x0E,0x9A,0xFF,0xFF,0x0E,0x9A,0xFF,0xFF,0x0E,0x9A,0xFF,0xFF,0x0E,0x9A,0xFF,0xFF,0x0E,0x9A,0xFF,0xFF,0x0E,0x9A,0xFF,0xFF,0x0E,0x9A,0xFF,0xFF,0x0E,0x9A,0xFF,0xFF,0x0E,0x9A,0xFF,0xFF,0x0E,0x9A,0xFF,0xFF,
    0x0E,0x9A,0xFF,0xFF,0x0E,0x9A,0xFF,0xFF,0x0E,0x9A,0xFF,0xFF,0x0E,0x9A,0xFF,0xFF,0x0E,0x9A,0xFF,0xFF,0x0E,0x9A,0xFF,0xFF,0x0E,0x9A,0xFF,0xFF,0x0E,0x9A,0xFF,0xFF,0x0E,0x9A,0xFF,0xFF,0x0E,0x9A,0xFF,0xFF,0x0E,0x9A,0xFF,0xFF,0x0E,0x9A,0xFF,0xFF,0x0E,0x9A,0xFF,0xFF,0x0E,0x9A,0xFF,0xFF,0x0E,0x9A,0xFF,0xFF,0x0E,0x9A,0xFF,0xFF,
    0x0E,0x9A,0xFF,0xFF,0x0E,0x9A,0xFF,0xFF,0x0E,0x9A,0xFF,0xFF,0x0E,0x9A,0xFF,0xFF,0x0E,0x9A,0xFF,0xFF,0x0E,0x9A,0xFF,0xFF,0x0E,0x9A,0xFF,0xFF,0x0E,0x9A,0xFF,0xFF,0x0E,0x9A,0xFF,0xFF,0x0E,0x9A,0xFF,0xFF,0x0E,0x9A,0xFF,0xFF,0x0E,0x9A,0xFF,0xFF,0x0E,0x9A,0xFF,0xFF,0x0E,0x9A,0xFF,0xFF,0x0E,0x9A,0xFF,0xFF,0x0E,0x9A,0xFF,0xFF,
    0x0E,0x9A,0xFF,0xFF,0x0E,0x9A,0xFF,0xFF,0x0E,0x9A,0xFF,0xFF,0x0E,0x9A,0xFF,0xFF,0x0E,0x9A,0xFF,0xFF,0x0E,0x9A,0xFF,0xFF,0x0E,0x9A,0xFF,0xFF,0x0E,0x9A,0xFF,0xFF,0x0E,0x9A,0xFF,0xFF,0x0E,0x9A,0xFF,0xFF,0x0E,0x9A,0xFF,0xFF,0x0E,0x9A,0xFF,0xFF,0x0E,0x9A,0xFF,0xFF,0x0E,0x9A,0xFF,0xFF,0x0E,0x9A,0xFF,0xFF,0x0E,0x9A,0xFF,0xFF,
    0x0E,0x9A,0xFF,0xFF,0x0E,0x9A,0xFF,0xFF,0x0E,0x9A,0xFF,0xFF,0x0E,0x9A,0xFF,0xFF,0x0E,0x9A,0xFF,0xFF,0x0E,0x9A,0xFF,0xFF,0x0E,0x9A,0xFF,0xFF,0x0E,0x9A,0xFF,0xFF,0x0E,0x9A,0xFF,0xFF,0x0E,0x9A,0xFF,0xFF,0x0E,0x9A,0xFF,0xFF,0x0E,0x9A,0xFF,0xFF,0x0E,0x9A,0xFF,0xFF,0x0E,0x9A,0xFF,0xFF,0x0E,0x9A,0xFF,0xFF,0x0E,0x9A,0xFF,0xFF,
    0x0E,0x9A,0xFF,0xFF,0x0E,0x9A,0xFF,0xFF,0x0E,0x9A,0xFF,0xFF,0x0E,0x9A,0xFF,0xFF,0x0E,0x9A,0xFF,0xFF,0x0E,0x9A,0xFF,0xFF,0x0E,0x9A,0xFF,0xFF,0x0E,0x9A,0xFF,0xFF,0x0E,0x9A,0xFF,0xFF,0x0E,0x9A,0xFF,0xFF,0x0E,0x9A,0xFF,0xFF,0x0E,0x9A,0xFF,0xFF,0x0E,0x9A,0xFF,0xFF,0x0E,0x9A,0xFF,0xFF,0x0E,0x9A,0xFF,0xFF,0x0E,0x9A,0xFF,0xFF,
    0x0E,0x9A,0xFF,0xFF,0x0E,0x9A,0xFF,0xFF,0x0E,0x9A,0xFF,0xFF,0x0E,0x9A,0xFF,0xFF,0x0E,0x9A,0xFF,0xFF,0x0E,0x9A,0xFF,0xFF,0x0E,0x9A,0xFF,0xFF,0x0E,0x9A,0xFF,0xFF,0x0E,0x9A,0xFF,0xFF,0x0E,0x9A,0xFF,0xFF,0x0E,0x9A,0xFF,0xFF,0x0E,0x9A,0xFF,0xFF,0x0E,0x9A,0xFF,0xFF,0x0E,0x9A,0xFF,0xFF,0x0E,0x9A,0xFF,0xFF,0x0E,0x9A,0xFF,0xFF,
    0x0E,0x9A,0xFF,0xFF,0x0E,0x9A,0xFF,0xFF,0x0E,0x9A,0xFF,0xFF,0x0E,0x9A,0xFF,0xFF,0x0E,0x9A,0xFF,0xFF,0x0E,0x9A,0xFF,0xFF,0x0E,0x9A,0xFF,0xFF,0x0E,0x9A,0xFF,0xFF,0x0E,0x9A,0xFF,0xFF,0x0E,0x9A,0xFF,0xFF,0x0E,0x9A,0xFF,0xFF,0x0E,0x9A,0xFF,0xFF,0x0E,0x9A,0xFF,0xFF,0x0E,0x9A,0xFF,0xFF,0x0E,0x9A,0xFF,0xFF,0x0E,0x9A,0xFF,0xFF,
    0x0E,0x9A,0xFF,0xFF,0x0E,0x9A,0xFF,0xFF,0x0E,0x9A,0xFF,0xFF,0x0E,0x9A,0xFF,0xFF,0x0E,0x9A,0xFF,0xFF,0x0E,0x9A,0xFF,0xFF,0x0E,0x9A,0xFF,0xFF,0x0E,0x9A,0xFF,0xFF,0x0E,0x9A,0xFF,0xFF,0x0E,0x9A,0xFF,0xFF,0x0E,0x9A,0xFF,0xFF,0x0E,0x9A,0xFF,0xFF,0x0E,0x9A,0xFF,0xFF,0x0E,0x9A,0xFF,0xFF,0x0E,0x9A,0xFF,0xFF,0x0E,0x9A,0xFF,0xFF,
    0x0E,0x9A,0xFF,0xFF,0x0E,0x9A,0xFF,0xFF,0x0E,0x9A,0xFF,0xFF,0x0E,0x9A,0xFF,0xFF,0x0E,0x9A,0xFF,0xFF,0x0E,0x9A,0xFF,0xFF,0x0E,0x9A,0xFF,0xFF,0x0E,0x9A,0xFF,0xFF,0x0E,0x9A,0xFF,0xFF,0x0E,0x9A,0xFF,0xFF,0x0E,0x9A,0xFF,0xFF,0x0E,0x9A,0xFF,0xFF,0x0E,0x9A,0xFF,0xFF,0x0E,0x9A,0xFF,0xFF,0x0E,0x9A,0xFF,0xFF,0x0E,0x9A,0xFF,0xFF,
    0x0E,0x9A,0xFF,0xFF,0x0E,0x9A,0xFF,0xFF,0x0E,0x9A,0xFF,0xFF,0x0E,0x9A,0xFF,0xFF,0x0E,0x9A,0xFF,0xFF,0x0E,0x9A,0xFF,0xFF,0x0E,0x9A,0xFF,0xFF,0x0E,0x9A,0xFF,0xFF,0x0E,0x9A,0xFF,0xFF,0x0E,0x9A,0xFF,0xFF,0x0E,0x9A,0xFF,0xFF,0x0E,0x9A,0xFF,0xFF,0x0E,0x9A,0xFF,0xFF,0x0E,0x9A,0xFF,0xFF,0x0E,0x9A,0xFF,0xFF,0x0E,0x9A,0xFF,0xFF,
    0x0E,0x9A,0xFF,0xFF,0x0E,0x9A,0xFF,0xFF,0x0E,0x9A,0xFF,0xFF,0x0E,0x9A,0xFF,0xFF,0x0E,0x9A,0xFF,0xFF,0x0E,0x9A,0xFF,0xFF,0x0E,0x9A,0xFF,0xFF,0x0E,0x9A,0xFF,0xFF,0x0E,0x9A,0xFF,0xFF,0x0E,0x9A,0xFF,0xFF,0x0E,0x9A,0xFF,0xFF,0x0E,0x9A,0xFF,0xFF,0x0E,0x9A,0xFF,0xFF,0x0E,0x9A,0xFF,0xFF,0x0E,0x9A,0xFF,0xFF,0x0E,0x9A,0xFF,0xFF,
    0x0E,0x9A,0xFF,0xFF,0x0E,0x9A,0xFF,0xFF,0x0E,0x9A,0xFF,0xFF,0x0E,0x9A,0xFF,0xFF,0x0E,0x9A,0xFF,0xFF,0x0E,0x9A,0xFF,0xFF,0x0E,0x9A,0xFF,0xFF,0x0E,0x9A,0xFF,0xFF,0x0E,0x9A,0xFF,0xFF,0x0E,0x9A,0xFF,0xFF,0x0E,0x9A,0xFF,0xFF,0x0E,0x9A,0xFF,0xFF,0x0E,0x9A,0xFF,0xFF,0x0E,0x9A,0xFF,0xFF,0x0E,0x9A,0xFF,0xFF,0x0E,0x9A,0xFF,0xFF,
    0x0E,0x9A,0xFF,0xFF,0x0E,0x9A,0xFF,0xFF,0x0E,0x9A,0xFF,0xFF,0x0E,0x9A,0xFF,0xFF,0x0E,0x9A,0xFF,0xFF,0x0E,0x9A,0xFF,0xFF,0x0E,0x9A,0xFF,0xFF,0x0E,0x9A,0xFF,0xFF,0x0E,0x9A,0xFF,0xFF,0x0E,0x9A,0xFF,0xFF,0x0E,0x9A,0xFF,0xFF,0x0E,0x9A,0xFF,0xFF,0x0E,0x9A,0xFF,0xFF,0x0E,0x9A,0xFF,0xFF,0x0E,0x9A,0xFF,0xFF,0x0E,0x9A,0xFF,0xFF,
    0x0E,0x9A,0xFF,0xFF,0x0E,0x9A,0xFF,0xFF,0x0E,0x9A,0xFF,0xFF,0x0E,0x9A,0xFF,0xFF,0x0E,0x9A,0xFF,0xFF,0x0E,0x9A,0xFF,0xFF,0x0E,0x9A,0xFF,0xFF,0x0E,0x9A,0xFF,0xFF,0x0E,0x9A,0xFF,0xFF,0x0E,0x9A,0xFF,0xFF,0x0E,0x9A,0xFF,0xFF,0x0E,0x9A,0xFF,0xFF,0x0E,0x9A,0xFF,0xFF,0x0E,0x9A,0xFF,0xFF,0x0E,0x9A,0xFF,0xFF,0x0E,0x9A,0xFF,0xFF,
    0x0E,0x9A,0xFF,0xFF,0x0E,0x9A,0xFF,0xFF,0x0E,0x9A,0xFF,0xFF,0x0E,0x9A,0xFF,0xFF,0x0E,0x9A,0xFF,0xFF,0x0E,0x9A,0xFF,0xFF,0x0E,0x9A,0xFF,0xFF,0x0E,0x9A,0xFF,0xFF,0x0E,0x9A,0xFF,0xFF,0x0E,0x9A,0xFF,0xFF,0x0E,0x9A,0xFF,0xFF,0x0E,0x9A,0xFF,0xFF,0x0E,0x9A,0xFF,0xFF,0x0E,0x9A,0xFF,0xFF,0x0E,0x9A,0xFF,0xFF,0x0E,0x9A,0xFF,0xFF,
    0x0E,0x9A,0xFF,0xFF,0x0E,0x9A,0xFF,0xFF,0x0E,0x9A,0xFF,0xFF,0x0E,0x9A,0xFF,0xFF,0x0E,0x9A,0xFF,0xFF,0x0E,0x9A,0xFF,0xFF,0x0E,0x9A,0xFF,0xFF,0x0E,0x9A,0xFF,0xFF,0x0E,0x9A,0xFF,0xFF,0x0E,0x9A,0xFF,0xFF,0x0E,0x9A,0xFF,0xFF,0x0E,0x9A,0xFF,0xFF,0x0E,0x9A,0xFF,0xFF,0x0E,0x9A,0xFF,0xFF,0x0E,0x9A,0xFF,0xFF,0x0E,0x9A,0xFF,0xFF,
    0x0E,0x9A,0xFF,0xFF,0x0E,0x9A,0xFF,0xFF,0x0E,0x9A,0xFF,0xFF,0x0E,0x9A,0xFF,0xFF,0x0E,0x9A,0xFF,0xFF,0x0E,0x9A,0xFF,0xFF,0x0E,0x9A,0xFF,0xFF,0x0E,0x9A,0xFF,0xFF,0x0E,0x9A,0xFF,0xFF,0x0E,0x9A,0xFF,0xFF,0x0E,0x9A,0xFF,0xFF,0x0E,0x9A,0xFF,0xFF,0x0E,0x9A,0xFF,0xFF,0x0E,0x9A,0xFF,0xFF,0x0E,0x9A,0xFF,0xFF,0x0E,0x9A,0xFF,0xFF,
    0x0E,0x9A,0xFF,0xFF,0x0E,0x9A,0xFF,0xFF,0x0E,0x9A,0xFF,0xFF,0x0E,0x9A,0xFF,0xFF,0x0E,0x9A,0xFF,0x93,0x00,0x99,0xFF,0x0A,0x00,0x00,0x00,0x00,0x00,0x00,0x00,0x00,0x00,0x00,0x00,0x00,0x00,0x80,0xFF,0x02,0x0E,0x9A,0xFF,0x93,0x0E,0x9A,0xFF,0xFF,0x0E,0x9A,0xFF,0xFF,0x0E,0x9A,0xFF,0xFF,0x0E,0x9A,0xFF,0xFF,0x0E,0x9A,0xFF,0xFF,
    0x0E,0x9A,0xFF,0xFF,0x0E,0x9A,0xFF,0xFF,0x0E,0x9A,0xFF,0xFF,0x0E,0x9A,0xFF,0xFF,0x0E,0x9A,0xFF,0xFF,0x0E,0x9A,0xFF,0xFF,0x0E,0x9A,0xFF,0xFF,0x0E,0x9A,0xFF,0xFF,0x0E,0x9A,0xFF,0xFF,0x0E,0x9A,0xFF,0xFF,0x0E,0x9A,0xFF,0xFF,0x0E,0x9A,0xFF,0xFF,0x0E,0x9A,0xFF,0xFF,0x0E,0x9A,0xFF,0xFF,0x0E,0x9A,0xFF,0xFF,0x0E,0x9A,0xFF,0xFF,
    0x0E,0x9A,0xFF,0xFF,0x0E,0x9A,0xFF,0xFF,0x0E,0x9A,0xFF,0xFF,0x0E,0x9A,0xFF,0xFF,0x0E,0x9A,0xFF,0xFF,0x0E,0x9A,0xFF,0xFF,0x0E,0x9A,0xFF,0xFF,0x0E,0x9A,0xFF,0xFF,0x0E,0x9A,0xFF,0xFF,0x0E,0x9A,0xFF,0xFF,0x0E,0x9A,0xFF,0xFF,0x0E,0x9A,0xFF,0xFF,0x0E,0x9A,0xFF,0xFF,0x0E,0x9A,0xFF,0xFF,0x0E,0x9A,0xFF,0xFF,0x0E,0x9A,0xFF,0xFF,
    0x0E,0x9A,0xFF,0xFF,0x0E,0x9A,0xFF,0xFF,0x0E,0x9A,0xFF,0xFF,0x0E,0x9A,0xFF,0xFF,0x0E,0x9A,0xFF,0xFF,0x0E,0x9A,0xFF,0xFF,0x0E,0x9A,0xFF,0xFF,0x0E,0x9A,0xFF,0xFF,0x0E,0x9A,0xFF,0xFF,0x0E,0x9A,0xFF,0xFF,0x0E,0x9A,0xFF,0xFF,0x0E,0x9A,0xFF,0xFF,0x0E,0x9A,0xFF,0xFF,0x0E,0x9A,0xFF,0xFF,0x0E,0x9A,0xFF,0xFF,0x0E,0x9A,0xFF,0xFF,
    0x0E,0x9A,0xFF,0xFF,0x0E,0x9A,0xFF,0xFF,0x0E,0x9A,0xFF,0xFF,0x0E,0x9A,0xFF,0xFF,0x0E,0x9A,0xFF,0xFF,0x0E,0x9A,0xFF,0xFF,0x0E,0x9A,0xFF,0xFF,0x0E,0x9A,0xFF,0xFF,0x0E,0x9A,0xFF,0xFF,0x0E,0x9A,0xFF,0xFF,0x0E,0x9A,0xFF,0xFF,0x0E,0x9A,0xFF,0xFF,0x0E,0x9A,0xFF,0xFF,0x0E,0x9A,0xFF,0xFF,0x0E,0x9A,0xFF,0xFF,0x0E,0x9A,0xFF,0xFF,
    0x0E,0x9A,0xFF,0xFF,0x0E,0x9A,0xFF,0xFF,0x0E,0x9A,0xFF,0xFF,0x0E,0x9A,0xFF,0xFF,0x0E,0x9A,0xFF,0xFF,0x0E,0x9A,0xFF,0xFF,0x0E,0x9A,0xFF,0xFF,0x0E,0x9A,0xFF,0xFF,0x0E,0x9A,0xFF,0xFF,0x0E,0x9A,0xFF,0xFF,0x0E,0x9A,0xFF,0xFF,0x0E,0x9A,0xFF,0xFF,0x0E,0x9A,0xFF,0xFF,0x0E,0x9A,0xFF,0xFF,0x0E,0x9A,0xFF,0xFF,0x0E,0x9A,0xFF,0xFF,
    0x0E,0x9A,0xFF,0xFF,0x0E,0x9A,0xFF,0xFF,0x0E,0x9A,0xFF,0xFF,0x0E,0x9A,0xFF,0xFF,0x0E,0x9A,0xFF,0xFF,0x0E,0x9A,0xFF,0xFF,0x0E,0x9A,0xFF,0xFF,0x0E,0x9A,0xFF,0xFF,0x0E,0x9A,0xFF,0xFF,0x0E,0x9A,0xFF,0xFF,0x0E,0x9A,0xFF,0xFF,0x0E,0x9A,0xFF,0xFF,0x0E,0x9A,0xFF,0xFF,0x0E,0x9A,0xFF,0xFF,0x0E,0x9A,0xFF,0xFF,0x0E,0x9A,0xFF,0xFF,
    0x0E,0x9A,0xFF,0xFF,0x0E,0x9A,0xFF,0xFF,0x0E,0x9A,0xFF,0xFF,0x0E,0x9A,0xFF,0xFF,0x0E,0x9A,0xFF,0xFF,0x0E,0x9A,0xFF,0xFF,0x0E,0x9A,0xFF,0xFF,0x0E,0x9A,0xFF,0xFF,0x0E,0x9A,0xFF,0xFF,0x0E,0x9A,0xFF,0xFF,0x0E,0x9A,0xFF,0xFF,0x0E,0x9A,0xFF,0xFF,0x0E,0x9A,0xFF,0xFF,0x0E,0x9A,0xFF,0xFF,0x0E,0x9A,0xFF,0xFF,0x0E,0x9A,0xFF,0xFF,
    0x0E,0x9A,0xFF,0xFF,0x0E,0x9A,0xFF,0xFF,0x0E,0x9A,0xFF,0xFF,0x0E,0x9A,0xFF,0xFF,0x0E,0x9A,0xFF,0xFF,0x0E,0x9A,0xFF,0xFF,0x0E,0x9A,0xFF,0xFF,0x0E,0x9A,0xFF,0xFF,0x0E,0x9A,0xFF,0xFF,0x0E,0x9A,0xFF,0xFF,0x0E,0x9A,0xFF,0xFF,0x0E,0x9A,0xFF,0xFF,0x0E,0x9A,0xFF,0xFF,0x0E,0x9A,0xFF,0xFF,0x0E,0x9A,0xFF,0xFF,0x0E,0x9A,0xFF,0xFF,
    0x0E,0x9A,0xFF,0xFF,0x0E,0x9A,0xFF,0xFF,0x0E,0x9A,0xFF,0xFF,0x0E,0x9A,0xFF,0xFF,0x0E,0x9A,0xFF,0xFF,0x0E,0x9A,0xFF,0xFF,0x0E,0x9A,0xFF,0xFF,0x0E,0x9A,0xFF,0xFF,0x0E,0x9A,0xFF,0xFF,0x0E,0x9A,0xFF,0xFF,0x0E,0x9A,0xFF,0xFF,0x0E,0x9A,0xFF,0xFF,0x0E,0x9A,0xFF,0xFF,0x0E,0x9A,0xFF,0xFF,0x0E,0x9A,0xFF,0xFF,0x0E,0x9A,0xFF,0xFF,
    0x0E,0x9A,0xFF,0xFF,0x0E,0x9A,0xFF,0xFF,0x0E,0x9A,0xFF,0xFF,0x0E,0x9A,0xFF,0xFF,0x0E,0x9A,0xFF,0xFF,0x0E,0x9A,0xFF,0xFF,0x0E,0x9A,0xFF,0xFF,0x0E,0x9A,0xFF,0xFF,0x0E,0x9A,0xFF,0xFF,0x0E,0x9A,0xFF,0xFF,0x0E,0x9A,0xFF,0xFF,0x0E,0x9A,0xFF,0xFF,0x0E,0x9A,0xFF,0xFF,0x0E,0x9A,0xFF,0xFF,0x0E,0x9A,0xFF,0xFF,0x0E,0x9A,0xFF,0xFF,
    0x0E,0x9A,0xFF,0xFF,0x0E,0x9A,0xFF,0xFF,0x0E,0x9A,0xFF,0xFF,0x0E,0x9A,0xFF,0xFF,0x0E,0x9A,0xFF,0xFF,0x0E,0x9A,0xFF,0xFF,0x0E,0x9A,0xFF,0xFF,0x0E,0x9A,0xFF,0xFF,0x0E,0x9A,0xFF,0xFF,0x0E,0x9A,0xFF,0xFF,0x0E,0x9A,0xFF,0xFF,0x0E,0x9A,0xFF,0xFF,0x0E,0x9A,0xFF,0xFF,0x0E,0x9A,0xFF,0xFF,0x0E,0x9A,0xFF,0xFF,0x0E,0x9A,0xFF,0xFF,
    0x0E,0x9A,0xFF,0xFF,0x0E,0x9A,0xFF,0xFF,0x0E,0x9A,0xFF,0xFF,0x0E,0x9A,0xFF,0xFF,0x0E,0x9A,0xFF,0xFF,0x0E,0x9A,0xFF,0xFF,0x0E,0x9A,0xFF,0xFF,0x0E,0x9A,0xFF,0xFF,0x0E,0x9A,0xFF,0xFF,0x0E,0x9A,0xFF,0xFF,0x0E,0x9A,0xFF,0xFF,0x0E,0x9A,0xFF,0xFF,0x0E,0x9A,0xFF,0xFF,0x0E,0x9A,0xFF,0xFF,0x0E,0x9A,0xFF,0xFF,0x0E,0x9A,0xFF,0xFF,
    0x0E,0x9A,0xFF,0xFF,0x0E,0x9A,0xFF,0xFF,0x0E,0x9A,0xFF,0xFF,0x0E,0x9A,0xFF,0xFF,0x0E,0x9A,0xFF,0xFF,0x0E,0x9A,0xFF,0xFF,0x0E,0x9A,0xFF,0xFF,0x0E,0x9A,0xFF,0xFF,0x0E,0x9A,0xFF,0xFF,0x0E,0x9A,0xFF,0xFF,0x0E,0x9A,0xFF,0xFF,0x0E,0x9A,0xFF,0xFF,0x0E,0x9A,0xFF,0xFF,0x0E,0x9A,0xFF,0xFF,0x0E,0x9A,0xFF,0xFF,0x0E,0x9A,0xFF,0xFF,
    0x0E,0x9A,0xFF,0xFF,0x0E,0x9A,0xFF,0xFF,0x0E,0x9A,0xFF,0xFF,0x0E,0x9A,0xFF,0xFF,0x0E,0x9A,0xFF,0xFF,0x0E,0x9A,0xFF,0xFF,0x0E,0x9A,0xFF,0xFF,0x0E,0x9A,0xFF,0xFF,0x0E,0x9A,0xFF,0xFF,0x0E,0x9A,0xFF,0xFF,0x0E,0x9A,0xFF,0xFF,0x0E,0x9A,0xFF,0xFF,0x0E,0x9A,0xFF,0xFF,0x0E,0x9A,0xFF,0xFF,0x0E,0x9A,0xFF,0xFF,0x0E,0x9A,0xFF,0xFF,
    0x0E,0x9A,0xFF,0xFF,0x0E,0x9A,0xFF,0xFF,0x0E,0x9A,0xFF,0xFF,0x0E,0x9A,0xFF,0xFF,0x0E,0x9A,0xFF,0xFF,0x0E,0x9A,0xFF,0xFF,0x0E,0x9A,0xFF,0xFF,0x0E,0x9A,0xFF,0xFF,0x0E,0x9A,0xFF,0xFF,0x0E,0x9A,0xFF,0xFF,0x0E,0x9A,0xFF,0xFF,0x0E,0x9A,0xFF,0xFF,0x0E,0x9A,0xFF,0xFF,0x0E,0x9A,0xFF,0xFF,0x0E,0x9A,0xFF,0xFF,0x0E,0x9A,0xFF,0xFF,
    0x0E,0x9A,0xFF,0xFF,0x0E,0x9A,0xFF,0xFF,0x0E,0x9A,0xFF,0xFF,0x0E,0x9A,0xFF,0xFF,0x0E,0x9A,0xFF,0xFF,0x0E,0x9A,0xFF,0xFF,0x0E,0x9A,0xFF,0xFF,0x0E,0x9A,0xFF,0xFF,0x0E,0x9A,0xFF,0xFF,0x0E,0x9A,0xFF,0xFF,0x0E,0x9A,0xFF,0xFF,0x0E,0x9A,0xFF,0xFF,0x0E,0x9A,0xFF,0xFF,0x0E,0x9A,0xFF,0xFF,0x0E,0x9A,0xFF,0xFF,0x0E,0x9A,0xFF,0xFF,
    0x0E,0x9A,0xFF,0xFF,0x0E,0x9A,0xFF,0xFF,0x0E,0x9A,0xFF,0xFF,0x0E,0x9A,0xFF,0xFF,0x0E,0x9A,0xFF,0xFF,0x0E,0x9A,0xFF,0xFF,0x0E,0x9A,0xFF,0xFF,0x0E,0x9A,0xFF,0xFF,0x0E,0x9A,0xFF,0xFF,0x0E,0x9A,0xFF,0xFF,0x0E,0x9A,0xFF,0xFF,0x0E,0x9A,0xFF,0xFF,0x0E,0x9A,0xFF,0xFF,0x0E,0x9A,0xFF,0xFF,0x0E,0x9A,0xFF,0xFF,0x0E,0x9A,0xFF,0xFF,
    0x0E,0x9A,0xFF,0xFF,0x0E,0x9A,0xFF,0xFF,0x0E,0x9A,0xFF,0xFF,0x0E,0x9A,0xFF,0xFF,0x0E,0x9A,0xFF,0xFF,0x0E,0x9A,0xFF,0xFF,0x0E,0x9A,0xFF,0xFF,0x0E,0x9A,0xFF,0xFF,0x0E,0x9A,0xFF,0xFF,0x0E,0x9A,0xFF,0xFF,0x0E,0x9A,0xFF,0xFF,0x0E,0x9A,0xFF,0xFF,0x0E,0x9A,0xFF,0xFF,0x0E,0x9A,0xFF,0xFF,0x0E,0x9A,0xFF,0xFF,0x0E,0x9A,0xFF,0xFF,
    0x0E,0x9A,0xFF,0xFF,0x0E,0x9A,0xFF,0xFF,0x0E,0x9A,0xFF,0xFF,0x0E,0x9A,0xFF,0xFF,0x0E,0x9A,0xFF,0xFF,0x0E,0x9A,0xFF,0xFF,0x0E,0x9A,0xFF,0xFF,0x0E,0x9A,0xFF,0xFF,0x0E,0x9A,0xFF,0xFF,0x0E,0x9A,0xFF,0xFF,0x0E,0x9A,0xFF,0xFF,0x0E,0x9A,0xFF,0xFF,0x0E,0x9A,0xFF,0xFF,0x0E,0x9A,0xFF,0xFF,0x0E,0x9A,0xFF,0xFF,0x0E,0x9A,0xFF,0xFF,
    0x0E,0x9A,0xFF,0xFF,0x0E,0x9A,0xFF,0xFF,0x0E,0x9A,0xFF,0xFF,0x0E,0x9A,0xFF,0xFF,0x0E,0x9A,0xFF,0xFF,0x0E,0x9A,0xFF,0xFF,0x0E,0x9A,0xFF,0xFF,0x0E,0x9A,0xFF,0xFF,0x0E,0x9A,0xFF,0xFF,0x0E,0x9A,0xFF,0xFF,0x0E,0x9A,0xFF,0xFF,0x0E,0x9A,0xFF,0xFF,0x0E,0x9A,0xFF,0xFF,0x0E,0x9A,0xFF,0xFF,0x0E,0x9A,0xFF,0xFF,0x0E,0x9A,0xFF,0xFF,
    0x0E,0x9A,0xFF,0xFF,0x0E,0x9A,0xFF,0xFF,0x0E,0x9A,0xFF,0xFF,0x0E,0x9A,0xFF,0xFF,0x0E,0x9A,0xFF,0xFF,0x0E,0x9A,0xFF,0xFF,0x0E,0x9A,0xFF,0xFF,0x0E,0x9A,0xFF,0xFF,0x0E,0x9A,0xFF,0xFF,0x0E,0x9A,0xFF,0xFF,0x0E,0x9A,0xFF,0xFF,0x0E,0x9A,0xFF,0xFF,0x0E,0x9A,0xFF,0xFF,0x0E,0x9A,0xFF,0xFF,0x0E,0x9A,0xFF,0xFF,0x0E,0x9A,0xFF,0xFF,
    0x0E,0x9A,0xFF,0xFF,0x0E,0x9A,0xFF,0xFF,0x0E,0x9A,0xFF,0xFF,0x0E,0x9A,0xFF,0xFF,0x0E,0x9A,0xFF,0xFF,0x0E,0x9A,0xFF,0xFF,0x0E,0x9A,0xFF,0xFF,0x0E,0x9A,0xFF,0xFF,0x0E,0x9A,0xFF,0xFF,0x0E,0x9A,0xFF,0xFF,0x0E,0x9A,0xFF,0xFF,0x0E,0x9A,0xFF,0xFF,0x0E,0x9A,0xFF,0xFF,0x0E,0x9A,0xFF,0x93,0x00,0x80,0xFF,0x02,0x00,0x00,0x00,0x00,
    0x00,0x00,0x00,0x00,0x0E,0x9B,0xFF,0x5C,0x0E,0x9A,0xFF,0xFF,0x0E,0x9A,0xFF,0xFF,0x0E,0x9A,0xFF,0xFF,0x0E,0x9A,0xFF,0xFF,0x0E,0x9A,0xFF,0xFF,0x0E,0x9A,0xFF,0xFF,0x0E,0x9A,0xFF,0xFF,0x0E,0x9A,0xFF,0xFF,0x0E,0x9A,0xFF,0xFF,0x0E,0x9A,0xFF,0xFF,0x0E,0x9A,0xFF,0xFF,0x0E,0x9A,0xFF,0xFF,0x0E,0x9A,0xFF,0xFF,0x0E,0x9A,0xFF,0xFF,
    0x0E,0x9A,0xFF,0xFF,0x0E,0x9A,0xFF,0xFF,0x0E,0x9A,0xFF,0xFF,0x0E,0x9A,0xFF,0xFF,0x0E,0x9A,0xFF,0xFF,0x0E,0x9A,0xFF,0xFF,0x0E,0x9A,0xFF,0xFF,0x0E,0x9A,0xFF,0xFF,0x0E,0x9A,0xFF,0xFF,0x0E,0x9A,0xFF,0xFF,0x0E,0x9A,0xFF,0xFF,0x0E,0x9A,0xFF,0xFF,0x0E,0x9A,0xFF,0xFF,0x0E,0x9A,0xFF,0xFF,0x0E,0x9A,0xFF,0xFF,0x0E,0x9A,0xFF,0xFF,
    0x0E,0x9A,0xFF,0xFF,0x0E,0x9A,0xFF,0xFF,0x0E,0x9A,0xFF,0xFF,0x0E,0x9A,0xFF,0xFF,0x0E,0x9A,0xFF,0xFF,0x0E,0x9A,0xFF,0xFF,0x0E,0x9A,0xFF,0xFF,0x0E,0x9A,0xFF,0xFF,0x0E,0x9A,0xFF,0xFF,0x0E,0x9A,0xFF,0xFF,0x0E,0x9A,0xFF,0xFF,0x0E,0x9A,0xFF,0xFF,0x0E,0x9A,0xFF,0xFF,0x0E,0x9A,0xFF,0xFF,0x0E,0x9A,0xFF,0xFF,0x0E,0x9A,0xFF,0xFF,
    0x0E,0x9A,0xFF,0xFF,0x0E,0x9A,0xFF,0xFF,0x0E,0x9A,0xFF,0xFF,0x0E,0x9A,0xFF,0xFF,0x0E,0x9A,0xFF,0xFF,0x0E,0x9A,0xFF,0xFF,0x0E,0x9A,0xFF,0xFF,0x0E,0x9A,0xFF,0xFF,0x0E,0x9A,0xFF,0xFF,0x0E,0x9A,0xFF,0xFF,0x0E,0x9A,0xFF,0xFF,0x0E,0x9A,0xFF,0xFF,0x0E,0x9A,0xFF,0xFF,0x0E,0x9A,0xFF,0xFF,0x0E,0x9A,0xFF,0xFF,0x0E,0x9A,0xFF,0xFF,
    0x0E,0x9A,0xFF,0xFF,0x0E,0x9A,0xFF,0xFF,0x0E,0x9A,0xFF,0xFF,0x0E,0x9A,0xFF,0xFF,0x0E,0x9A,0xFF,0xFF,0x0E,0x9A,0xFF,0xFF,0x0E,0x9A,0xFF,0xFF,0x0E,0x9A,0xFF,0xFF,0x0E,0x9A,0xFF,0xFF,0x0E,0x9A,0xFF,0xFF,0x0E,0x9A,0xFF,0xFF,0x0E,0x9A,0xFF,0xFF,0x0E,0x9A,0xFF,0xFF,0x0E,0x9A,0xFF,0xFF,0x0E,0x9A,0xFF,0xFF,0x0E,0x9A,0xFF,0xFF,
    0x0E,0x9A,0xFF,0xFF,0x0E,0x9A,0xFF,0xFF,0x0E,0x9A,0xFF,0xFF,0x0E,0x9A,0xFF,0xFF,0x0E,0x9A,0xFF,0xFF,0x0E,0x9A,0xFF,0xFF,0x0E,0x9A,0xFF,0xFF,0x0E,0x9A,0xFF,0xFF,0x0E,0x9A,0xFF,0xFF,0x0E,0x9A,0xFF,0xFF,0x0E,0x9A,0xFF,0xFF,0x0E,0x9A,0xFF,0xFF,0x0E,0x9A,0xFF,0xFF,0x0E,0x9A,0xFF,0xFF,0x0E,0x9A,0xFF,0xFF,0x0E,0x9A,0xFF,0xFF,
    0x0E,0x9A,0xFF,0xFF,0x0E,0x9A,0xFF,0xFF,0x0E,0x9A,0xFF,0xFF,0x0E,0x9A,0xFF,0xFF,0x0E,0x9A,0xFF,0xFF,0x0E,0x9A,0xFF,0xFF,0x0E,0x9A,0xFF,0xFF,0x0E,0x9A,0xFF,0xFF,0x0E,0x9A,0xFF,0xFF,0x0E,0x9A,0xFF,0xFF,0x0E,0x9A,0xFF,0xFF,0x0E,0x9A,0xFF,0xFF,0x0E,0x9A,0xFF,0xFF,0x0E,0x9A,0xFF,0xFF,0x0E,0x9A,0xFF,0xFF,0x0E,0x9A,0xFF,0xFF,
    0x0E,0x9A,0xFF,0xFF,0x0E,0x9A,0xFF,0xFF,0x0E,0x9A,0xFF,0xFF,0x0E,0x9A,0xFF,0xFF,0x0E,0x9A,0xFF,0xFF,0x0E,0x9A,0xFF,0xFF,0x0E,0x9A,0xFF,0xFF,0x0E,0x9A,0xFF,0xFF,0x0E,0x9A,0xFF,0xFF,0x0E,0x9A,0xFF,0xFF,0x0E,0x9A,0xFF,0xFF,0x0E,0x9A,0xFF,0xFF,0x0E,0x9A,0xFF,0xFF,0x0E,0x9A,0xFF,0xFF,0x0E,0x9A,0xFF,0xFF,0x0E,0x9A,0xFF,0xFF,
    0x0E,0x9A,0xFF,0xFF,0x0E,0x9A,0xFF,0xFF,0x0E,0x9A,0xFF,0xFF,0x0E,0x9A,0xFF,0xFF,0x0E,0x9A,0xFF,0xFF,0x0E,0x9A,0xFF,0xFF,0x0E,0x9A,0xFF,0xFF,0x0E,0x9A,0xFF,0xFF,0x0E,0x9A,0xFF,0xFF,0x0E,0x9A,0xFF,0xFF,0x0E,0x9A,0xFF,0xFF,0x0E,0x9A,0xFF,0xFF,0x0E,0x9A,0xFF,0xFF,0x0E,0x9A,0xFF,0xFF,0x0E,0x9A,0xFF,0xFF,0x0E,0x9A,0xFF,0xFF,
    0x0E,0x9A,0xFF,0xFF,0x0E,0x9A,0xFF,0xFF,0x0E,0x9A,0xFF,0xFF,0x0E,0x9A,0xFF,0xFF,0x0E,0x9A,0xFF,0xFF,0x0E,0x9A,0xFF,0xFF,0x0E,0x9A,0xFF,0xFF,0x0E,0x9A,0xFF,0xFF,0x0E,0x9A,0xFF,0xFF,0x0E,0x9A,0xFF,0xFF,0x0E,0x9A,0xFF,0xFF,0x0E,0x9A,0xFF,0xFF,0x0E,0x9A,0xFF,0xFF,0x0E,0x9A,0xFF,0xFF,0x0E,0x9A,0xFF,0xFF,0x0E,0x9A,0xFF,0xFF,
    0x0E,0x9A,0xFF,0xFF,0x0E,0x9A,0xFF,0xFF,0x0E,0x9A,0xFF,0xFF,0x0E,0x9A,0xFF,0xFF,0x0E,0x9A,0xFF,0xFF,0x0E,0x9A,0xFF,0xFF,0x0E,0x9A,0xFF,0xFF,0x0E,0x9A,0xFF,0xFF,0x0E,0x9A,0xFF,0xFF,0x0E,0x9A,0xFF,0xFF,0x0E,0x9A,0xFF,0xFF,0x0E,0x9A,0xFF,0xFF,0x0E,0x9A,0xFF,0xFF,0x0E,0x9A,0xFF,0xFF,0x0E,0x9A,0xFF,0xFF,0x0E,0x9A,0xFF,0xFF,
    0x0E,0x9A,0xFF,0xFF,0x0E,0x9A,0xFF,0xFF,0x0E,0x9A,0xFF,0xFF,0x0E,0x9A,0xFF,0xFF,0x0E,0x9A,0xFF,0xFF,0x0E,0x9A,0xFF,0xFF,0x0E,0x9A,0xFF,0xFF,0x0E,0x9A,0xFF,0xFF,0x0E,0x9A,0xFF,0xFF,0x0E,0x9A,0xFF,0xFF,0x0E,0x9A,0xFF,0xFF,0x0E,0x9A,0xFF,0xFF,0x0E,0x9A,0xFF,0xFF,0x0E,0x9A,0xFF,0xFF,0x0E,0x9A,0xFF,0xFF,0x0E,0x9A,0xFF,0xFF,
    0x0E,0x9A,0xFF,0xFF,0x0E,0x9A,0xFF,0xFF,0x0E,0x9A,0xFF,0xFF,0x0E,0x9A,0xFF,0xFF,0x0E,0x9A,0xFF,0xFF,0x0E,0x9A,0xFF,0xFF,0x0E,0x9A,0xFF,0xFF,0x0E,0x9A,0xFF,0xFF,0x0E,0x9A,0xFF,0xFF,0x0E,0x9A,0xFF,0xFF,0x0E,0x9A,0xFF,0xFF,0x0E,0x9A,0xFF,0xFF,0x0E,0x9A,0xFF,0xFF,0x0E,0x9A,0xFF,0xFF,0x0E,0x9A,0xFF,0xFF,0x0E,0x9A,0xFF,0xFF,
    0x0E,0x9A,0xFF,0xFF,0x0E,0x9A,0xFF,0xFF,0x0E,0x9A,0xFF,0xFF,0x0E,0x9A,0xFF,0xFF,0x0E,0x9A,0xFF,0xFF,0x0E,0x9A,0xFF,0xFF,0x0E,0x9A,0xFF,0xFF,0x0E,0x9A,0xFF,0xFF,0x0E,0x9A,0xFF,0xFF,0x0E,0x9A,0xFF,0xFF,0x0E,0x9A,0xFF,0xFF,0x0E,0x9A,0xFF,0xFF,0x0E,0x9A,0xFF,0xFF,0x0E,0x9A,0xFF,0xFF,0x0E,0x9A,0xFF,0xFF,0x0E,0x9A,0xFF,0xFF,
    0x0E,0x9A,0xFF,0xFF,0x0E,0x9A,0xFF,0xFF,0x0E,0x9A,0xFF,0xFF,0x0E,0x9A,0xFF,0xFF,0x0E,0x9A,0xFF,0xFF,0x0E,0x9A,0xFF,0xFF,0x0E,0x9A,0xFF,0xFF,0x0E,0x9A,0xFF,0xFF,0x0E,0x9A,0xFF,0xFF,0x0E,0x9A,0xFF,0xFF,0x0E,0x9A,0xFF,0xFF,0x0E,0x9A,0xFF,0xFF,0x0E,0x9A,0xFF,0xFF,0x0E,0x9A,0xFF,0xFF,0x0E,0x9A,0xFF,0xFF,0x0E,0x9A,0xFF,0xFF,
    0x0E,0x9A,0xFF,0xFF,0x0E,0x9A,0xFF,0xFF,0x0E,0x9A,0xFF,0xFF,0x0E,0x9A,0xFF,0xFF,0x0E,0x9A,0xFF,0xFF,0x0E,0x9A,0xFF,0xFF,0x0E,0x9A,0xFF,0xFF,0x0E,0x9A,0xFF,0xFF,0x0E,0x9A,0xFF,0xFF,0x0E,0x9A,0xFF,0xFF,0x0E,0x9A,0xFF,0xFF,0x0E,0x9A,0xFF,0xFF,0x0E,0x9A,0xFF,0xFF,0x0E,0x9A,0xFF,0xFF,0x0E,0x9A,0xFF,0xFF,0x0E,0x9A,0xFF,0xFF,
    0x0E,0x9A,0xFF,0xFF,0x0E,0x9A,0xFF,0xFF,0x0E,0x9A,0xFF,0xFF,0x0E,0x9A,0xFF,0xFF,0x0E,0x9A,0xFF,0xFF,0x0E,0x9A,0xFF,0xFF,0x0E,0x9A,0xFF,0xFF,0x0E,0x9A,0xFF,0xFF,0x0E,0x9A,0xFF,0xFF,0x0E,0x9A,0xFF,0xFF,0x0E,0x9A,0xFF,0xFF,0x0E,0x9A,0xFF,0xFF,0x0E,0x9A,0xFF,0xFF,0x0E,0x9A,0xFF,0xFF,0x0E,0x9A,0xFF,0xFF,0x0E,0x9A,0xFF,0xFF,
    0x0E,0x9A,0xFF,0xFF,0x0E,0x9A,0xFF,0xFF,0x0E,0x9A,0xFF,0xFF,0x0E,0x9A,0xFF,0xFF,0x0E,0x9A,0xFF,0xFF,0x0E,0x9A,0xFF,0xFF,0x0E,0x9A,0xFF,0xFF,0x0E,0x9A,0xFF,0xFF,0x0E,0x9A,0xFF,0xFF,0x0E,0x9A,0xFF,0xFF,0x0E,0x9A,0xFF,0xFF,0x0E,0x9A,0xFF,0xFF,0x0E,0x9A,0xFF,0xFF,0x0E,0x9A,0xFF,0xFF,0x0E,0x9A,0xFF,0xFF,0x0E,0x9A,0xFF,0xFF,
    0x0E,0x9A,0xFF,0xFF,0x0E,0x9A,0xFF,0xFF,0x0E,0x9A,0xFF,0xFF,0x0E,0x9A,0xFF,0xFF,0x0E,0x9A,0xFF,0xFF,0x0E,0x9A,0xFF,0xFF,0x0E,0x9A,0xFF,0xFF,0x0E,0x9A,0xFF,0xFF,0x0E,0x9A,0xFF,0xFF,0x0E,0x9A,0xFF,0xFF,0x0E,0x9A,0xFF,0xFF,0x0E,0x9A,0xFF,0xFF,0x0E,0x9A,0xFF,0xFF,0x0E,0x9A,0xFF,0xFF,0x0E,0x9A,0xFF,0xFF,0x0E,0x9A,0xFF,0xFF,
    0x0E,0x9A,0xFF,0xFF,0x0E,0x9A,0xFF,0xFF,0x0E,0x9A,0xFF,0xFF,0x0E,0x9A,0xFF,0xFF,0x0E,0x9A,0xFF,0xFF,0x0E,0x9A,0xFF,0xFF,0x0E,0x9A,0xFF,0xFF,0x0E,0x9A,0xFF,0xFF,0x0E,0x9A,0xFF,0xFF,0x0E,0x9A,0xFF,0xFF,0x0E,0x9A,0xFF,0xFF,0x0E,0x9A,0xFF,0xFF,0x0E,0x9A,0xFF,0xFF,0x0E,0x9A,0xFF,0xFF,0x0E,0x9A,0xFF,0xFF,0x0E,0x9A,0xFF,0xFF,
    0x0E,0x9A,0xFF,0xFF,0x0E,0x9A,0xFF,0xFF,0x0E,0x9A,0xFF,0xFF,0x0E,0x9A,0xFF,0xFF,0x0E,0x9A,0xFF,0xFF,0x0E,0x9A,0xFF,0xFF,0x0E,0x9A,0xFF,0xFF,0x0E,0x9A,0xFF,0xFF,0x0E,0x9A,0xFF,0xFF,0x0E,0x9A,0xFF,0xFF,0x0E,0x9A,0xFF,0xFF,0x0E,0x9A,0xFF,0xFF,0x0E,0x9A,0xFF,0xFF,0x0E,0x9A,0xFF,0xFF,0x0E,0x9A,0xFF,0xFF,0x0E,0x9A,0xFF,0xFF,
    0x0E,0x9A,0xFF,0xFF,0x0E,0x9A,0xFF,0xFF,0x0E,0x9A,0xFF,0xFF,0x0E,0x9A,0xFF,0xFF,0x0E,0x9A,0xFF,0xFF,0x0E,0x9A,0xFF,0xFF,0x0E,0x9A,0xFF,0xFF,0x0E,0x9A,0xFF,0xFF,0x0E,0x9A,0xFF,0xFF,0x0E,0x9A,0xFF,0xFF,0x0E,0x9A,0xFF,0xFF,0x0E,0x9A,0xFF,0xFF,0x0E,0x9A,0xFF,0xFF,0x0E,0x9A,0xFF,0xFF,0x0E,0x9A,0xFF,0xFF,0x0E,0x9A,0xFF,0xFF,
    0x0E,0x9A,0xFF,0xFF,0x0E,0x9A,0xFF,0xFF,0x0E,0x9A,0xFF,0xFF,0x0E,0x9A,0xFF,0xFF,0x0E,0x9A,0xFF,0xFF,0x0E,0x9A,0xFF,0xFF,0x0E,0x9A,0xFF,0x5D,0x00,0x00,0x00,0x00,0x10,0x8F,0xFF,0x10,0x0E,0x9A,0xFF,0xDE,0x0E,0x9A,0xFF,0xFF,0x0E,0x9A,0xFF,0xFF,0x0E,0x9A,0xFF,0xFF,0x0E,0x9A,0xFF,0xFF,0x0E,0x9A,0xFF,0xFF,0x0E,0x9A,0xFF,0xFF,
    0x0E,0x9A,0xFF,0xFF,0x0E,0x9A,0xFF,0xFF,0x0E,0x9A,0xFF,0xFF,0x0E,0x9A,0xFF,0xFF,0x0E,0x9A,0xFF,0xFF,0x0E,0x9A,0xFF,0xFF,0x0E,0x9A,0xFF,0xFF,0x0E,0x9A,0xFF,0xFF,0x0E,0x9A,0xFF,0xFF,0x0E,0x9A,0xFF,0xFF,0x0E,0x9A,0xFF,0xFF,0x0E,0x9A,0xFF,0xFF,0x0E,0x9A,0xFF,0xFF,0x0E,0x9A,0xFF,0xFF,0x0E,0x9A,0xFF,0xFF,0x0E,0x9A,0xFF,0xFF,
    0x0E,0x9A,0xFF,0xFF,0x0E,0x9A,0xFF,0xFF,0x0E,0x9A,0xFF,0xFF,0x0E,0x9A,0xFF,0xFF,0x0E,0x9A,0xFF,0xFF,0x0E,0x9A,0xFF,0xFF,0x0E,0x9A,0xFF,0xFF,0x0E,0x9A,0xFF,0xFF,0x0E,0x9A,0xFF,0xFF,0x0E,0x9A,0xFF,0xFF,0x0E,0x9A,0xFF,0xFF,0x0E,0x9A,0xFF,0xFF,0x0E,0x9A,0xFF,0xFF,0x0E,0x9A,0xFF,0xFF,0x0E,0x9A,0xFF,0xFF,0x0E,0x9A,0xFF,0xFF,
    0x0E,0x9A,0xFF,0xFF,0x0E,0x9A,0xFF,0xFF,0x0E,0x9A,0xFF,0xFF,0x0E,0x9A,0xFF,0xFF,0x0E,0x9A,0xFF,0xFF,0x0E,0x9A,0xFF,0xFF,0x0E,0x9A,0xFF,0xFF,0x0E,0x9A,0xFF,0xFF,0x0E,0x9A,0xFF,0xFF,0x0E,0x9A,0xFF,0xFF,0x0E,0x9A,0xFF,0xFF,0x0E,0x9A,0xFF,0xFF,0x0E,0x9A,0xFF,0xFF,0x0E,0x9A,0xFF,0xFF,0x0E,0x9A,0xFF,0xFF,0x0E,0x9A,0xFF,0xFF,
    0x0E,0x9A,0xFF,0xFF,0x0E,0x9A,0xFF,0xFF,0x0E,0x9A,0xFF,0xFF,0x0E,0x9A,0xFF,0xFF,0x0E,0x9A,0xFF,0xFF,0x0E,0x9A,0xFF,0xFF,0x0E,0x9A,0xFF,0xFF,0x0E,0x9A,0xFF,0xFF,0x0E,0x9A,0xFF,0xFF,0x0E,0x9A,0xFF,0xFF,0x0E,0x9A,0xFF,0xFF,0x0E,0x9A,0xFF,0xFF,0x0E,0x9A,0xFF,0xFF,0x0E,0x9A,0xFF,0xFF,0x0E,0x9A,0xFF,0xFF,0x0E,0x9A,0xFF,0xFF,
    0x0E,0x9A,0xFF,0xFF,0x0E,0x9A,0xFF,0xFF,0x0E,0x9A,0xFF,0xFF,0x0E,0x9A,0xFF,0xFF,0x0E,0x9A,0xFF,0xFF,0x0E,0x9A,0xFF,0xFF,0x0E,0x9A,0xFF,0xFF,0x0E,0x9A,0xFF,0xFF,0x0E,0x9A,0xFF,0xFF,0x0E,0x9A,0xFF,0xFF,0x0E,0x9A,0xFF,0xFF,0x0E,0x9A,0xFF,0xFF,0x0E,0x9A,0xFF,0xFF,0x0E,0x9A,0xFF,0xFF,0x0E,0x9A,0xFF,0xFF,0x0E,0x9A,0xFF,0xFF,
    0x0E,0x9A,0xFF,0xFF,0x0E,0x9A,0xFF,0xFF,0x0E,0x9A,0xFF,0xFF,0x0E,0x9A,0xFF,0xFF,0x0E,0x9A,0xFF,0xFF,0x0E,0x9A,0xFF,0xFF,0x0E,0x9A,0xFF,0xFF,0x0E,0x9A,0xFF,0xFF,0x0E,0x9A,0xFF,0xFF,0x0E,0x9A,0xFF,0xFF,0x0E,0x9A,0xFF,0xFF,0x0E,0x9A,0xFF,0xFF,0x0E,0x9A,0xFF,0xFF,0x0E,0x9A,0xFF,0xFF,0x0E,0x9A,0xFF,0xFF,0x0E,0x9A,0xFF,0xFF,
    0x0E,0x9A,0xFF,0xFF,0x0E,0x9A,0xFF,0xFF,0x0E,0x9A,0xFF,0xFF,0x0E,0x9A,0xFF,0xFF,0x0E,0x9A,0xFF,0xFF,0x0E,0x9A,0xFF,0xFF,0x0E,0x9A,0xFF,0xFF,0x0E,0x9A,0xFF,0xFF,0x0E,0x9A,0xFF,0xFF,0x0E,0x9A,0xFF,0xFF,0x0E,0x9A,0xFF,0xFF,0x0E,0x9A,0xFF,0xFF,0x0E,0x9A,0xFF,0xFF,0x0E,0x9A,0xFF,0xFF,0x0E,0x9A,0xFF,0xFF,0x0E,0x9A,0xFF,0xFF,
    0x0E,0x9A,0xFF,0xFF,0x0E,0x9A,0xFF,0xFF,0x0E,0x9A,0xFF,0xFF,0x0E,0x9A,0xFF,0xFF,0x0E,0x9A,0xFF,0xFF,0x0E,0x9A,0xFF,0xFF,0x0E,0x9A,0xFF,0xFF,0x0E,0x9A,0xFF,0xFF,0x0E,0x9A,0xFF,0xFF,0x0E,0x9A,0xFF,0xFF,0x0E,0x9A,0xFF,0xFF,0x0E,0x9A,0xFF,0xFF,0x0E,0x9A,0xFF,0xFF,0x0E,0x9A,0xFF,0xFF,0x0E,0x9A,0xFF,0xFF,0x0E,0x9A,0xFF,0xFF,
    0x0E,0x9A,0xFF,0xFF,0x0E,0x9A,0xFF,0xFF,0x0E,0x9A,0xFF,0xFF,0x0E,0x9A,0xFF,0xFF,0x0E,0x9A,0xFF,0xFF,0x0E,0x9A,0xFF,0xFF,0x0E,0x9A,0xFF,0xFF,0x0E,0x9A,0xFF,0xFF,0x0E,0x9A,0xFF,0xFF,0x0E,0x9A,0xFF,0xFF,0x0E,0x9A,0xFF,0xFF,0x0E,0x9A,0xFF,0xFF,0x0E,0x9A,0xFF,0xFF,0x0E,0x9A,0xFF,0xFF,0x0E,0x9A,0xFF,0xFF,0x0E,0x9A,0xFF,0xFF,
    0x0E,0x9A,0xFF,0xFF,0x0E,0x9A,0xFF,0xFF,0x0E,0x9A,0xFF,0xFF,0x0E,0x9A,0xFF,0xFF,0x0E,0x9A,0xFF,0xFF,0x0E,0x9A,0xFF,0xFF,0x0E,0x9A,0xFF,0xFF,0x0E,0x9A,0xFF,0xFF,0x0E,0x9A,0xFF,0xFF,0x0E,0x9A,0xFF,0xFF,0x0E,0x9A,0xFF,0xFF,0x0E,0x9A,0xFF,0xFF,0x0E,0x9A,0xFF,0xFF,0x0E,0x9A,0xFF,0xFF,0x0E,0x9A,0xFF,0xFF,0x0E,0x9A,0xFF,0xFF,
    0x0E,0x9A,0xFF,0xFF,0x0E,0x9A,0xFF,0xFF,0x0E,0x9A,0xFF,0xFF,0x0E,0x9A,0xFF,0xFF,0x0E,0x9A,0xFF,0xFF,0x0E,0x9A,0xFF,0xFF,0x0E,0x9A,0xFF,0xFF,0x0E,0x9A,0xFF,0xFF,0x0E,0x9A,0xFF,0xFF,0x0E,0x9A,0xFF,0xFF,0x0E,0x9A,0xFF,0xFF,0x0E,0x9A,0xFF,0xFF,0x0E,0x9A,0xFF,0xFF,0x0E,0x9A,0xFF,0xFF,0x0E,0x9A,0xFF,0xFF,0x0E,0x9A,0xFF,0xFF,
    0x0E,0x9A,0xFF,0xFF,0x0E,0x9A,0xFF,0xFF,0x0E,0x9A,0xFF,0xFF,0x0E,0x9A,0xFF,0xFF,0x0E,0x9A,0xFF,0xFF,0x0E,0x9A,0xFF,0xFF,0x0E,0x9A,0xFF,0xFF,0x0E,0x9A,0xFF,0xFF,0x0E,0x9A,0xFF,0xFF,0x0E,0x9A,0xFF,0xFF,0x0E,0x9A,0xFF,0xFF,0x0E,0x9A,0xFF,0xFF,0x0E,0x9A,0xFF,0xFF,0x0E,0x9A,0xFF,0xFF,0x0E,0x9A,0xFF,0xFF,0x0E,0x9A,0xFF,0xFF,
    0x0E,0x9A,0xFF,0xFF,0x0E,0x9A,0xFF,0xFF,0x0E,0x9A,0xFF,0xFF,0x0E,0x9A,0xFF,0xFF,0x0E,0x9A,0xFF,0xFF,0x0E,0x9A,0xFF,0xFF,0x0E,0x9A,0xFF,0xFF,0x0E,0x9A,0xFF,0xFF,0x0E,0x9A,0xFF,0xFF,0x0E,0x9A,0xFF,0xFF,0x0E,0x9A,0xFF,0xFF,0x0E,0x9A,0xFF,0xFF,0x0E,0x9A,0xFF,0xFF,0x0E,0x9A,0xFF,0xFF,0x0E,0x9A,0xFF,0xFF,0x0E,0x9A,0xFF,0xFF,
    0x0E,0x9A,0xFF,0xFF,0x0E,0x9A,0xFF,0xFF,0x0E,0x9A,0xFF,0xFF,0x0E,0x9A,0xFF,0xFF,0x0E,0x9A,0xFF,0xFF,0x0E,0x9A,0xFF,0xFF,0x0E,0x9A,0xFF,0xFF,0x0E,0x9A,0xFF,0xFF,0x0E,0x9A,0xFF,0xFF,0x0E,0x9A,0xFF,0xFF,0x0E,0x9A,0xFF,0xFF,0x0E,0x9A,0xFF,0xFF,0x0E,0x9A,0xFF,0xFF,0x0E,0x9A,0xFF,0xFF,0x0E,0x9A,0xFF,0xFF,0x0E,0x9A,0xFF,0xFF,
    0x0E,0x9A,0xFF,0xFF,0x0E,0x9A,0xFF,0xFF,0x0E,0x9A,0xFF,0xFF,0x0E,0x9A,0xFF,0xFF,0x0E,0x9A,0xFF,0xFF,0x0E,0x9A,0xFF,0xFF,0x0E,0x9A,0xFF,0xFF,0x0E,0x9A,0xFF,0xFF,0x0E,0x9A,0xFF,0xFF,0x0E,0x9A,0xFF,0xFF,0x0E,0x9A,0xFF,0xFF,0x0E,0x9A,0xFF,0xFF,0x0E,0x9A,0xFF,0xFF,0x0E,0x9A,0xFF,0xFF,0x0E,0x9A,0xFF,0xFF,0x0E,0x9A,0xFF,0xFF,
    0x0E,0x9A,0xFF,0xFF,0x0E,0x9A,0xFF,0xFF,0x0E,0x9A,0xFF,0xFF,0x0E,0x9A,0xFF,0xFF,0x0E,0x9A,0xFF,0xFF,0x0E,0x9A,0xFF,0xFF,0x0E,0x9A,0xFF,0xFF,0x0E,0x9A,0xFF,0xFF,0x0E,0x9A,0xFF,0xFF,0x0E,0x9A,0xFF,0xFF,0x0E,0x9A,0xFF,0xFF,0x0E,0x9A,0xFF,0xFF,0x0E,0x9A,0xFF,0xFF,0x0E,0x9A,0xFF,0xFF,0x0E,0x9A,0xFF,0xFF,0x0E,0x9A,0xFF,0xFF,
    0x0E,0x9A,0xFF,0xFF,0x0E,0x9A,0xFF,0xFF,0x0E,0x9A,0xFF,0xFF,0x0E,0x9A,0xFF,0xFF,0x0E,0x9A,0xFF,0xFF,0x0E,0x9A,0xFF,0xFF,0x0E,0x9A,0xFF,0xFF,0x0E,0x9A,0xFF,0xFF,0x0E,0x9A,0xFF,0xFF,0x0E,0x9A,0xFF,0xFF,0x0E,0x9A,0xFF,0xFF,0x0E,0x9A,0xFF,0xFF,0x0E,0x9A,0xFF,0xFF,0x0E,0x9A,0xFF,0xFF,0x0E,0x9A,0xFF,0xFF,0x0E,0x9A,0xFF,0xFF,
    0x0E,0x9A,0xFF,0xFF,0x0E,0x9A,0xFF,0xFF,0x0E,0x9A,0xFF,0xFF,0x0E,0x9A,0xFF,0xFF,0x0E,0x9A,0xFF,0xFF,0x0E,0x9A,0xFF,0xFF,0x0E,0x9A,0xFF,0xFF,0x0E,0x9A,0xFF,0xFF,0x0E,0x9A,0xFF,0xFF,0x0E,0x9A,0xFF,0xFF,0x0E,0x9A,0xFF,0xFF,0x0E,0x9A,0xFF,0xFF,0x0E,0x9A,0xFF,0xFF,0x0E,0x9A,0xFF,0xFF,0x0E,0x9A,0xFF,0xFF,0x0E,0x9A,0xFF,0xFF,
    0x0E,0x9A,0xFF,0xFF,0x0E,0x9A,0xFF,0xFF,0x0E,0x9A,0xFF,0xFF,0x0E,0x9A,0xFF,0xFF,0x0E,0x9A,0xFF,0xFF,0x0E,0x9A,0xFF,0xFF,0x0E,0x9A,0xFF,0xFF,0x0E,0x9A,0xFF,0xFF,0x0E,0x9A,0xFF,0xFF,0x0E,0x9A,0xFF,0xFF,0x0E,0x9A,0xFF,0xFF,0x0E,0x9A,0xFF,0xFF,0x0E,0x9A,0xFF,0xFF,0x0E,0x9A,0xFF,0xFF,0x0E,0x9A,0xFF,0xFF,0x0E,0x9A,0xFF,0xFF,
    0x0E,0x9A,0xFF,0xFF,0x0E,0x9A,0xFF,0xFF,0x0E,0x9A,0xFF,0xFF,0x0E,0x9A,0xFF,0xFF,0x0E,0x9A,0xFF,0xFF,0x0E,0x9A,0xFF,0xFF,0x0E,0x9A,0xFF,0xFF,0x0E,0x9A,0xFF,0xFF,0x0E,0x9A,0xFF,0xFF,0x0E,0x9A,0xFF,0xFF,0x0E,0x9A,0xFF,0xFF,0x0E,0x9A,0xFF,0xFF,0x0E,0x9A,0xFF,0xFF,0x0E,0x9A,0xFF,0xFF,0x0E,0x9A,0xFF,0xFF,0x0E,0x9A,0xFF,0xFF,
    0x0E,0x9A,0xFF,0xFF,0x0E,0x9A,0xFF,0xFF,0x0E,0x9A,0xFF,0xFF,0x0E,0x9A,0xFF,0xFF,0x0E,0x9A,0xFF,0xFF,0x0E,0x9A,0xFF,0xFF,0x0E,0x9A,0xFF,0xFF,0x0E,0x9A,0xFF,0xFF,0x0E,0x9A,0xFF,0xFF,0x0E,0x9A,0xFF,0xFF,0x0E,0x9A,0xFF,0xFF,0x0E,0x9A,0xFF,0xFF,0x0E,0x9A,0xFF,0xFF,0x0E,0x9A,0xFF,0xFF,0x0E,0x9A,0xFF,0xFF,0x0E,0x9A,0xFF,0xFF,
    0x0E,0x9A,0xFF,0xFF,0x0E,0x9A,0xFF,0xFF,0x0E,0x9A,0xFF,0xFF,0x0E,0x9A,0xFF,0xFF,0x0E,0x9A,0xFF,0xFF,0x0E,0x9A,0xFF,0xFF,0x0E,0x9A,0xFF,0xFF,0x0E,0x9A,0xFF,0xFF,0x0E,0x9A,0xFF,0xFF,0x0E,0x9A,0xFF,0xFF,0x0E,0x9A,0xFF,0xFF,0x0E,0x9A,0xFF,0xFF,0x0E,0x9A,0xFF,0xFF,0x0E,0x9A,0xFF,0xFF,0x0E,0x9A,0xFF,0xDE,0x10,0x8F,0xFF,0x10,
    0x0E,0x99,0xFF,0x5A,0x0E,0x9A,0xFF,0xFF,0x0E,0x9A,0xFF,0xFF,0x0E,0x9A,0xFF,0xFF,0x0E,0x9A,0xFF,0xFF,0x0E,0x9A,0xFF,0xFF,0x0E,0x9A,0xFF,0xFF,0x0E,0x9A,0xFF,0xFF,0x0E,0x9A,0xFF,0xFF,0x0E,0x9A,0xFF,0xFF,0x0E,0x9A,0xFF,0xFF,0x0E,0x9A,0xFF,0xFF,0x0E,0x9A,0xFF,0xFF,0x0E,0x9A,0xFF,0xFF,0x0E,0x9A,0xFF,0xFF,0x0E,0x9A,0xFF,0xFF,
    0x0E,0x9A,0xFF,0xFF,0x0E,0x9A,0xFF,0xFF,0x0E,0x9A,0xFF,0xFF,0x0E,0x9A,0xFF,0xFF,0x0E,0x9A,0xFF,0xFF,0x0E,0x9A,0xFF,0xFF,0x0E,0x9A,0xFF,0xFF,0x0E,0x9A,0xFF,0xFF,0x0E,0x9A,0xFF,0xFF,0x0E,0x9A,0xFF,0xFF,0x0E,0x9A,0xFF,0xFF,0x0E,0x9A,0xFF,0xFF,0x0E,0x9A,0xFF,0xFF,0x0E,0x9A,0xFF,0xFF,0x0E,0x9A,0xFF,0xFF,0x0E,0x9A,0xFF,0xFF,
    0x0E,0x9A,0xFF,0xFF,0x0E,0x9A,0xFF,0xFF,0x0E,0x9A,0xFF,0xFF,0x0E,0x9A,0xFF,0xFF,0x0E,0x9A,0xFF,0xFF,0x0E,0x9A,0xFF,0xFF,0x0E,0x9A,0xFF,0xFF,0x0E,0x9A,0xFF,0xFF,0x0E,0x9A,0xFF,0xFF,0x0E,0x9A,0xFF,0xFF,0x0E,0x9A,0xFF,0xFF,0x0E,0x9A,0xFF,0xFF,0x0E,0x9A,0xFF,0xFF,0x0E,0x9A,0xFF,0xFF,0x0E,0x9A,0xFF,0xFF,0x0E,0x9A,0xFF,0xFF,
    0x0E,0x9A,0xFF,0xFF,0x0E,0x9A,0xFF,0xFF,0x0E,0x9A,0xFF,0xFF,0x0E,0x9A,0xFF,0xFF,0x0E,0x9A,0xFF,0xFF,0x0E,0x9A,0xFF,0xFF,0x0E,0x9A,0xFF,0xFF,0x0E,0x9A,0xFF,0xFF,0x0E,0x9A,0xFF,0xFF,0x0E,0x9A,0xFF,0xFF,0x0E,0x9A,0xFF,0xFF,0x0E,0x9A,0xFF,0xFF,0x0E,0x9A,0xFF,0xFF,0x0E,0x9A,0xFF,0xFF,0x0E,0x9A,0xFF,0xFF,0x0E,0x9A,0xFF,0xFF,
    0x0E,0x9A,0xFF,0xFF,0x0E,0x9A,0xFF,0xFF,0x0E,0x9A,0xFF,0xFF,0x0E,0x9A,0xFF,0xFF,0x0E,0x9A,0xFF,0xFF,0x0E,0x9A,0xFF,0xFF,0x0E,0x9A,0xFF,0xFF,0x0E,0x9A,0xFF,0xFF,0x0E,0x9A,0xFF,0xFF,0x0E,0x9A,0xFF,0xFF,0x0E,0x9A,0xFF,0xFF,0x0E,0x9A,0xFF,0xFF,0x0E,0x9A,0xFF,0xFF,0x0E,0x9A,0xFF,0xFF,0x0E,0x9A,0xFF,0xFF,0x0E,0x9A,0xFF,0xFF,
    0x0E,0x9A,0xFF,0xFF,0x0E,0x9A,0xFF,0xFF,0x0E,0x9A,0xFF,0xFF,0x0E,0x9A,0xFF,0xFF,0x0E,0x9A,0xFF,0xFF,0x0E,0x9A,0xFF,0xFF,0x0E,0x9A,0xFF,0xFF,0x0E,0x9A,0xFF,0xFF,0x0E,0x9A,0xFF,0xFF,0x0E,0x9A,0xFF,0xFF,0x0E,0x9A,0xFF,0xFF,0x0E,0x9A,0xFF,0xFF,0x0E,0x9A,0xFF,0xFF,0x0E,0x9A,0xFF,0xFF,0x0E,0x9A,0xFF,0xFF,0x0E,0x9A,0xFF,0xFF,
    0x0E,0x9A,0xFF,0xFF,0x0E,0x9A,0xFF,0xFF,0x0E,0x9A,0xFF,0xFF,0x0E,0x9A,0xFF,0xFF,0x0E,0x9A,0xFF,0xFF,0x0E,0x9A,0xFF,0xFF,0x0E,0x9A,0xFF,0xFF,0x0E,0x9A,0xFF,0xFF,0x0E,0x9A,0xFF,0xFF,0x0E,0x9A,0xFF,0xFF,0x0E,0x9A,0xFF,0xFF,0x0E,0x9A,0xFF,0xFF,0x0E,0x9A,0xFF,0xFF,0x0E,0x9A,0xFF,0xFF,0x0E,0x9A,0xFF,0xFF,0x0E,0x9A,0xFF,0xFF,
    0x0E,0x9A,0xFF,0xFF,0x0E,0x9A,0xFF,0xFF,0x0E,0x9A,0xFF,0xFF,0x0E,0x9A,0xFF,0xFF,0x0E,0x9A,0xFF,0xFF,0x0E,0x9A,0xFF,0xFF,0x0E,0x9A,0xFF,0xFF,0x0E,0x9A,0xFF,0xFF,0x0E,0x9A,0xFF,0xFF,0x0E,0x9A,0xFF,0xFF,0x0E,0x9A,0xFF,0xFF,0x0E,0x9A,0xFF,0xFF,0x0E,0x9A,0xFF,0xFF,0x0E,0x9A,0xFF,0xFF,0x0E,0x9A,0xFF,0xFF,0x0E,0x9A,0xFF,0xFF,
    0x0E,0x9A,0xFF,0xFF,0x0E,0x9A,0xFF,0xFF,0x0E,0x9A,0xFF,0xFF,0x0E,0x9A,0xFF,0xFF,0x0E,0x9A,0xFF,0xFF,0x0E,0x9A,0xFF,0xFF,0x0E,0x9A,0xFF,0xFF,0x0E,0x9A,0xFF,0xFF,0x0E,0x9A,0xFF,0xFF,0x0E,0x9A,0xFF,0xFF,0x0E,0x9A,0xFF,0xFF,0x0E,0x9A,0xFF,0xFF,0x0E,0x9A,0xFF,0xFF,0x0E,0x9A,0xFF,0xFF,0x0E,0x9A,0xFF,0xFF,0x0E,0x9A,0xFF,0xFF,
    0x0E,0x9A,0xFF,0xFF,0x0E,0x9A,0xFF,0xFF,0x0E,0x9A,0xFF,0xFF,0x0E,0x9A,0xFF,0xFF,0x0E,0x9A,0xFF,0xFF,0x0E,0x9A,0xFF,0xFF,0x0E,0x9A,0xFF,0xFF,0x0E,0x9A,0xFF,0xFF,0x0E,0x9A,0xFF,0xFF,0x0E,0x9A,0xFF,0xFF,0x0E,0x9A,0xFF,0xFF,0x0E,0x9A,0xFF,0xFF,0x0E,0x9A,0xFF,0xFF,0x0E,0x9A,0xFF,0xFF,0x0E,0x9A,0xFF,0xFF,0x0E,0x9A,0xFF,0xFF,
    0x0E,0x9A,0xFF,0xFF,0x0E,0x9A,0xFF,0xFF,0x0E,0x9A,0xFF,0xFF,0x0E,0x9A,0xFF,0xFF,0x0E,0x9A,0xFF,0xFF,0x0E,0x9A,0xFF,0xFF,0x0E,0x9A,0xFF,0xFF,0x0E,0x9A,0xFF,0xFF,0x0E,0x9A,0xFF,0xFF,0x0E,0x9A,0xFF,0xFF,0x0E,0x9A,0xFF,0xFF,0x0E,0x9A,0xFF,0xFF,0x0E,0x9A,0xFF,0xFF,0x0E,0x9A,0xFF,0xFF,0x0E,0x9A,0xFF,0xFF,0x0E,0x9A,0xFF,0xFF,
    0x0E,0x9A,0xFF,0xFF,0x0E,0x9A,0xFF,0xFF,0x0E,0x9A,0xFF,0xFF,0x0E,0x9A,0xFF,0xFF,0x0E,0x9A,0xFF,0xFF,0x0E,0x9A,0xFF,0xFF,0x0E,0x9A,0xFF,0xFF,0x0E,0x9A,0xFF,0xFF,0x0E,0x9A,0xFF,0xFF,0x0E,0x9A,0xFF,0xFF,0x0E,0x9A,0xFF,0xFF,0x0E,0x9A,0xFF,0xFF,0x0E,0x9A,0xFF,0xFF,0x0E,0x9A,0xFF,0xFF,0x0E,0x9A,0xFF,0xFF,0x0E,0x9A,0xFF,0xFF,
    0x0E,0x9A,0xFF,0xFF,0x0E,0x9A,0xFF,0xFF,0x0E,0x9A,0xFF,0xFF,0x0E,0x9A,0xFF,0xFF,0x0E,0x9A,0xFF,0xFF,0x0E,0x9A,0xFF,0xFF,0x0E,0x9A,0xFF,0xFF,0x0E,0x9A,0xFF,0xFF,0x0E,0x9A,0xFF,0xFF,0x0E,0x9A,0xFF,0xFF,0x0E,0x9A,0xFF,0xFF,0x0E,0x9A,0xFF,0xFF,0x0E,0x9A,0xFF,0xFF,0x0E,0x9A,0xFF,0xFF,0x0E,0x9A,0xFF,0xFF,0x0E,0x9A,0xFF,0xFF,
    0x0E,0x9A,0xFF,0xFF,0x0E,0x9A,0xFF,0xFF,0x0E,0x9A,0xFF,0xFF,0x0E,0x9A,0xFF,0xFF,0x0E,0x9A,0xFF,0xFF,0x0E,0x9A,0xFF,0xFF,0x0E,0x9A,0xFF,0xFF,0x0E,0x9A,0xFF,0xFF,0x0E,0x9A,0xFF,0xFF,0x0E,0x9A,0xFF,0xFF,0x0E,0x9A,0xFF,0xFF,0x0E,0x9A,0xFF,0xFF,0x0E,0x9A,0xFF,0xFF,0x0E,0x9A,0xFF,0xFF,0x0E,0x9A,0xFF,0xFF,0x0E,0x9A,0xFF,0xFF,
    0x0E,0x9A,0xFF,0xFF,0x0E,0x9A,0xFF,0xFF,0x0E,0x9A,0xFF,0xFF,0x0E,0x9A,0xFF,0xFF,0x0E,0x9A,0xFF,0xFF,0x0E,0x9A,0xFF,0xFF,0x0E,0x9A,0xFF,0xFF,0x0E,0x9A,0xFF,0xFF,0x0E,0x9A,0xFF,0xFF,0x0E,0x9A,0xFF,0xFF,0x0E,0x9A,0xFF,0xFF,0x0E,0x9A,0xFF,0xFF,0x0E,0x9A,0xFF,0xFF,0x0E,0x9A,0xFF,0xFF,0x0E,0x9A,0xFF,0xFF,0x0E,0x9A,0xFF,0xFF,
    0x0E,0x9A,0xFF,0xFF,0x0E,0x9A,0xFF,0xFF,0x0E,0x9A,0xFF,0xFF,0x0E,0x9A,0xFF,0xFF,0x0E,0x9A,0xFF,0xFF,0x0E,0x9A,0xFF,0xFF,0x0E,0x9A,0xFF,0xFF,0x0E,0x9A,0xFF,0xFF,0x0E,0x9A,0xFF,0xFF,0x0E,0x9A,0xFF,0xFF,0x0E,0x9A,0xFF,0xFF,0x0E,0x9A,0xFF,0xFF,0x0E,0x9A,0xFF,0xFF,0x0E,0x9A,0xFF,0xFF,0x0E,0x9A,0xFF,0xFF,0x0E,0x9A,0xFF,0xFF,
    0x0E,0x9A,0xFF,0xFF,0x0E,0x9A,0xFF,0xFF,0x0E,0x9A,0xFF,0xFF,0x0E,0x9A,0xFF,0xFF,0x0E,0x9A,0xFF,0xFF,0x0E,0x9A,0xFF,0xFF,0x0E,0x9A,0xFF,0xFF,0x0E,0x9A,0xFF,0xFF,0x0E,0x9A,0xFF,0xFF,0x0E,0x9A,0xFF,0xFF,0x0E,0x9A,0xFF,0xFF,0x0E,0x9A,0xFF,0xFF,0x0E,0x9A,0xFF,0xFF,0x0E,0x9A,0xFF,0xFF,0x0E,0x9A,0xFF,0xFF,0x0E,0x9A,0xFF,0xFF,
    0x0E,0x9A,0xFF,0xFF,0x0E,0x9A,0xFF,0xFF,0x0E,0x9A,0xFF,0xFF,0x0E,0x9A,0xFF,0xFF,0x0E,0x9A,0xFF,0xFF,0x0E,0x9A,0xFF,0xFF,0x0E,0x9A,0xFF,0xFF,0x0E,0x9A,0xFF,0xFF,0x0E,0x9A,0xFF,0xFF,0x0E,0x9A,0xFF,0xFF,0x0E,0x9A,0xFF,0xFF,0x0E,0x9A,0xFF,0xFF,0x0E,0x9A,0xFF,0xFF,0x0E,0x9A,0xFF,0xFF,0x0E,0x9A,0xFF,0xFF,0x0E,0x9A,0xFF,0xFF,
    0x0E,0x9A,0xFF,0xFF,0x0E,0x9A,0xFF,0xFF,0x0E,0x9A,0xFF,0xFF,0x0E,0x9A,0xFF,0xFF,0x0E,0x9A,0xFF,0xFF,0x0E,0x9A,0xFF,0xFF,0x0E,0x9A,0xFF,0xFF,0x0E,0x9A,0xFF,0xFF,0x0E,0x9A,0xFF,0xFF,0x0E,0x9A,0xFF,0xFF,0x0E,0x9A,0xFF,0xFF,0x0E,0x9A,0xFF,0xFF,0x0E,0x9A,0xFF,0xFF,0x0E,0x9A,0xFF,0xFF,0x0E,0x9A,0xFF,0xFF,0x0E,0x9A,0xFF,0xFF,
    0x0E,0x9A,0xFF,0xFF,0x0E,0x9A,0xFF,0xFF,0x0E,0x9A,0xFF,0xFF,0x0E,0x9A,0xFF,0xFF,0x0E,0x9A,0xFF,0xFF,0x0E,0x9A,0xFF,0xFF,0x0E,0x9A,0xFF,0xFF,0x0E,0x9A,0xFF,0xFF,0x0E,0x9A,0xFF,0xFF,0x0E,0x9A,0xFF,0xFF,0x0E,0x9A,0xFF,0xFF,0x0E,0x9A,0xFF,0xFF,0x0E,0x9A,0xFF,0xFF,0x0E,0x9A,0xFF,0xFF,0x0E,0x9A,0xFF,0xFF,0x0E,0x9A,0xFF,0xFF,
    0x0E,0x9A,0xFF,0xFF,0x0E,0x9A,0xFF,0xFF,0x0E,0x9A,0xFF,0xFF,0x0E,0x9A,0xFF,0xFF,0x0E,0x9A,0xFF,0xFF,0x0E,0x9A,0xFF,0xFF,0x0E,0x9A,0xFF,0xFF,0x0E,0x9A,0xFF,0xFF,0x0E,0x9A,0xFF,0xFF,0x0E,0x9A,0xFF,0xFF,0x0E,0x9A,0xFF,0xFF,0x0E,0x9A,0xFF,0xFF,0x0E,0x9A,0xFF,0xFF,0x0E,0x9A,0xFF,0xFF,0x0E,0x9A,0xFF,0xFF,0x0E,0x9A,0xFF,0xFF,
    0x0E,0x9A,0xFF,0xFF,0x0E,0x9A,0xFF,0xFF,0x0E,0x9A,0xFF,0xFF,0x0E,0x9A,0xFF,0xFF,0x0E,0x9A,0xFF,0xFF,0x0E,0x9A,0xFF,0xFF,0x0E,0x9A,0xFF,0xFF,0x0E,0x9A,0xFF,0xFF,0x0E,0x9A,0xFF,0xFF,0x0E,0x9A,0xFF,0xFF,0x0E,0x9A,0xFF,0xFF,0x0E,0x9A,0xFF,0xFF,0x0E,0x9A,0xFF,0xFF,0x0E,0x9A,0xFF,0xFF,0x0E,0x9A,0xFF,0xFF,0x0E,0x9A,0xFF,0xFF,
    0x0E,0x9A,0xFF,0xFF,0x0E,0x9A,0xFF,0xFF,0x0E,0x9A,0xFF,0xFF,0x0E,0x9A,0xFF,0xFF,0x0E,0x9A,0xFF,0xFF,0x0E,0x9A,0xFF,0xFF,0x0E,0x9A,0xFF,0xFF,0x0E,0x99,0xFF,0x5A,0x0E,0x9A,0xFF,0xB1,0x0E,0x9A,0xFF,0xFF,0x0E,0x9A,0xFF,0xFF,0x0E,0x9A,0xFF,0xFF,0x0E,0x9A,0xFF,0xFF,0x0E,0x9A,0xFF,0xFF,0x0E,0x9A,0xFF,0xFF,0x0E,0x9A,0xFF,0xFF,
    0x0E,0x9A,0xFF,0xFF,0x0E,0x9A,0xFF,0xFF,0x0E,0x9A,0xFF,0xFF,0x0E,0x9A,0xFF,0xFF,0x0E,0x9A,0xFF,0xFF,0x0E,0x9A,0xFF,0xFF,0x0E,0x9A,0xFF,0xFF,0x0E,0x9A,0xFF,0xFF,0x0E,0x9A,0xFF,0xFF,0x0E,0x9A,0xFF,0xFF,0x0E,0x9A,0xFF,0xFF,0x0E,0x9A,0xFF,0xFF,0x0E,0x9A,0xFF,0xFF,0x0E,0x9A,0xFF,0xFF,0x0E,0x9A,0xFF,0xFF,0x0E,0x9A,0xFF,0xFF,
    0x0E,0x9A,0xFF,0xFF,0x0E,0x9A,0xFF,0xFF,0x0E,0x9A,0xFF,0xFF,0x0E,0x9A,0xFF,0xFF,0x0E,0x9A,0xFF,0xFF,0x0E,0x9A,0xFF,0xFF,0x0E,0x9A,0xFF,0xFF,0x0E,0x9A,0xFF,0xFF,0x0E,0x9A,0xFF,0xFF,0x0E,0x9A,0xFF,0xFF,0x0E,0x9A,0xFF,0xFF,0x0E,0x9A,0xFF,0xFF,0x0E,0x9A,0xFF,0xFF,0x0E,0x9A,0xFF,0xFF,0x0E,0x9A,0xFF,0xFF,0x0E,0x9A,0xFF,0xFF,
    0x0E,0x9A,0xFF,0xFF,0x0E,0x9A,0xFF,0xFF,0x0E,0x9A,0xFF,0xFF,0x0E,0x9A,0xFF,0xFF,0x0E,0x9A,0xFF,0xFF,0x0E,0x9A,0xFF,0xFF,0x0E,0x9A,0xFF,0xFF,0x0E,0x9A,0xFF,0xFF,0x0E,0x9A,0xFF,0xFF,0x0E,0x9A,0xFF,0xFF,0x0E,0x9A,0xFF,0xFF,0x0E,0x9A,0xFF,0xFF,0x0E,0x9A,0xFF,0xFF,0x0E,0x9A,0xFF,0xFF,0x0E,0x9A,0xFF,0xFF,0x0E,0x9A,0xFF,0xFF,
    0x0E,0x9A,0xFF,0xFF,0x0E,0x9A,0xFF,0xFF,0x0E,0x9A,0xFF,0xFF,0x0E,0x9A,0xFF,0xFF,0x0E,0x9A,0xFF,0xFF,0x0E,0x9A,0xFF,0xFF,0x0E,0x9A,0xFF,0xFF,0x0E,0x9A,0xFF,0xFF,0x0E,0x9A,0xFF,0xFF,0x0E,0x9A,0xFF,0xFF,0x0E,0x9A,0xFF,0xFF,0x0E,0x9A,0xFF,0xFF,0x0E,0x9A,0xFF,0xFF,0x0E,0x9A,0xFF,0xFF,0x0E,0x9A,0xFF,0xFF,0x0E,0x9A,0xFF,0xFF,
    0x0E,0x9A,0xFF,0xFF,0x0E,0x9A,0xFF,0xFF,0x0E,0x9A,0xFF,0xFF,0x0E,0x9A,0xFF,0xFF,0x0E,0x9A,0xFF,0xFF,0x0E,0x9A,0xFF,0xFF,0x0E,0x9A,0xFF,0xFF,0x0E,0x9A,0xFF,0xFF,0x0E,0x9A,0xFF,0xFF,0x0E,0x9A,0xFF,0xFF,0x0E,0x9A,0xFF,0xFF,0x0E,0x9A,0xFF,0xFF,0x0E,0x9A,0xFF,0xFF,0x0E,0x9A,0xFF,0xFF,0x0E,0x9A,0xFF,0xFF,0x0E,0x9A,0xFF,0xFF,
    0x0E,0x9A,0xFF,0xFF,0x0E,0x9A,0xFF,0xFF,0x0E,0x9A,0xFF,0xFF,0x0E,0x9A,0xFF,0xFF,0x0E,0x9A,0xFF,0xFF,0x0E,0x9A,0xFF,0xFF,0x0E,0x9A,0xFF,0xFF,0x0E,0x9A,0xFF,0xFF,0x0E,0x9A,0xFF,0xFF,0x0E,0x9A,0xFF,0xFF,0x0E,0x9A,0xFF,0xFF,0x0E,0x9A,0xFF,0xFF,0x0E,0x9A,0xFF,0xFF,0x0E,0x9A,0xFF,0xFF,0x0E,0x9A,0xFF,0xFF,0x0E,0x9A,0xFF,0xFF,
    0x0E,0x9A,0xFF,0xFF,0x0E,0x9A,0xFF,0xFF,0x0E,0x9A,0xFF,0xFF,0x0E,0x9A,0xFF,0xFF,0x0E,0x9A,0xFF,0xFF,0x0E,0x9A,0xFF,0xFF,0x0E,0x9A,0xFF,0xFF,0x0E,0x9A,0xFF,0xFF,0x0E,0x9A,0xFF,0xFF,0x0E,0x9A,0xFF,0xFF,0x0E,0x9A,0xFF,0xFF,0x0E,0x9A,0xFF,0xFF,0x0E,0x9A,0xFF,0xFF,0x0E,0x9A,0xFF,0xFF,0x0E,0x9A,0xFF,0xFF,0x0E,0x9A,0xFF,0xFF,
    0x0E,0x9A,0xFF,0xFF,0x0E,0x9A,0xFF,0xFF,0x0E,0x9A,0xFF,0xFF,0x0E,0x9A,0xFF,0xFF,0x0E,0x9A,0xFF,0xFF,0x0E,0x9A,0xFF,0xFF,0x0E,0x9A,0xFF,0xFF,0x0E,0x9A,0xFF,0xFF,0x0E,0x9A,0xFF,0xFF,0x0E,0x9A,0xFF,0xFF,0x0E,0x9A,0xFF,0xFF,0x0E,0x9A,0xFF,0xFF,0x0E,0x9A,0xFF,0xFF,0x0E,0x9A,0xFF,0xFF,0x0E,0x9A,0xFF,0xFF,0x0E,0x9A,0xFF,0xFF,
    0x0E,0x9A,0xFF,0xFF,0x0E,0x9A,0xFF,0xFF,0x0E,0x9A,0xFF,0xFF,0x0E,0x9A,0xFF,0xFF,0x0E,0x9A,0xFF,0xFF,0x0E,0x9A,0xFF,0xFF,0x0E,0x9A,0xFF,0xFF,0x0E,0x9A,0xFF,0xFF,0x0E,0x9A,0xFF,0xFF,0x0E,0x9A,0xFF,0xFF,0x0E,0x9A,0xFF,0xFF,0x0E,0x9A,0xFF,0xFF,0x0E,0x9A,0xFF,0xFF,0x0E,0x9A,0xFF,0xFF,0x0E,0x9A,0xFF,0xFF,0x0E,0x9A,0xFF,0xFF,
    0x0E,0x9A,0xFF,0xFF,0x0E,0x9A,0xFF,0xFF,0x0E,0x9A,0xFF,0xFF,0x0E,0x9A,0xFF,0xFF,0x0E,0x9A,0xFF,0xFF,0x0E,0x9A,0xFF,0xFF,0x0E,0x9A,0xFF,0xFF,0x0E,0x9A,0xFF,0xFF,0x0E,0x9A,0xFF,0xFF,0x0E,0x9A,0xFF,0xFF,0x0E,0x9A,0xFF,0xFF,0x0E,0x9A,0xFF,0xFF,0x0E,0x9A,0xFF,0xFF,0x0E,0x9A,0xFF,0xFF,0x0E,0x9A,0xFF,0xFF,0x0E,0x9A,0xFF,0xFF,
    0x0E,0x9A,0xFF,0xFF,0x0E,0x9A,0xFF,0xFF,0x0E,0x9A,0xFF,0xFF,0x0E,0x9A,0xFF,0xFF,0x0E,0x9A,0xFF,0xFF,0x0E,0x9A,0xFF,0xFF,0x0E,0x9A,0xFF,0xFF,0x0E,0x9A,0xFF,0xFF,0x0E,0x9A,0xFF,0xFF,0x0E,0x9A,0xFF,0xFF,0x0E,0x9A,0xFF,0xFF,0x0E,0x9A,0xFF,0xFF,0x0E,0x9A,0xFF,0xFF,0x0E,0x9A,0xFF,0xFF,0x0E,0x9A,0xFF,0xFF,0x0E,0x9A,0xFF,0xFF,
    0x0E,0x9A,0xFF,0xFF,0x0E,0x9A,0xFF,0xFF,0x0E,0x9A,0xFF,0xFF,0x0E,0x9A,0xFF,0xFF,0x0E,0x9A,0xFF,0xFF,0x0E,0x9A,0xFF,0xFF,0x0E,0x9A,0xFF,0xFF,0x0E,0x9A,0xFF,0xFF,0x0E,0x9A,0xFF,0xFF,0x0E,0x9A,0xFF,0xFF,0x0E,0x9A,0xFF,0xFF,0x0E,0x9A,0xFF,0xFF,0x0E,0x9A,0xFF,0xFF,0x0E,0x9A,0xFF,0xFF,0x0E,0x9A,0xFF,0xFF,0x0E,0x9A,0xFF,0xFF,
    0x0E,0x9A,0xFF,0xFF,0x0E,0x9A,0xFF,0xFF,0x0E,0x9A,0xFF,0xFF,0x0E,0x9A,0xFF,0xFF,0x0E,0x9A,0xFF,0xFF,0x0E,0x9A,0xFF,0xFF,0x0E,0x9A,0xFF,0xFF,0x0E,0x9A,0xFF,0xFF,0x0E,0x9A,0xFF,0xFF,0x0E,0x9A,0xFF,0xFF,0x0E,0x9A,0xFF,0xFF,0x0E,0x9A,0xFF,0xFF,0x0E,0x9A,0xFF,0xFF,0x0E,0x9A,0xFF,0xFF,0x0E,0x9A,0xFF,0xFF,0x0E,0x9A,0xFF,0xFF,
    0x0E,0x9A,0xFF,0xFF,0x0E,0x9A,0xFF,0xFF,0x0E,0x9A,0xFF,0xFF,0x0E,0x9A,0xFF,0xFF,0x0E,0x9A,0xFF,0xFF,0x0E,0x9A,0xFF,0xFF,0x0E,0x9A,0xFF,0xFF,0x0E,0x9A,0xFF,0xFF,0x0E,0x9A,0xFF,0xFF,0x0E,0x9A,0xFF,0xFF,0x0E,0x9A,0xFF,0xFF,0x0E,0x9A,0xFF,0xFF,0x0E,0x9A,0xFF,0xFF,0x0E,0x9A,0xFF,0xFF,0x0E,0x9A,0xFF,0xFF,0x0E,0x9A,0xFF,0xFF,
    0x0E,0x9A,0xFF,0xFF,0x0E,0x9A,0xFF,0xFF,0x0E,0x9A,0xFF,0xFF,0x0E,0x9A,0xFF,0xFF,0x0E,0x9A,0xFF,0xFF,0x0E,0x9A,0xFF,0xFF,0x0E,0x9A,0xFF,0xFF,0x0E,0x9A,0xFF,0xFF,0x0E,0x9A,0xFF,0xFF,0x0E,0x9A,0xFF,0xFF,0x0E,0x9A,0xFF,0xFF,0x0E,0x9A,0xFF,0xFF,0x0E,0x9A,0xFF,0xFF,0x0E,0x9A,0xFF,0xFF,0x0E,0x9A,0xFF,0xFF,0x0E,0x9A,0xFF,0xFF,
    0x0E,0x9A,0xFF,0xFF,0x0E,0x9A,0xFF,0xFF,0x0E,0x9A,0xFF,0xFF,0x0E,0x9A,0xFF,0xFF,0x0E,0x9A,0xFF,0xFF,0x0E,0x9A,0xFF,0xFF,0x0E,0x9A,0xFF,0xFF,0x0E,0x9A,0xFF,0xFF,0x0E,0x9A,0xFF,0xFF,0x0E,0x9A,0xFF,0xFF,0x0E,0x9A,0xFF,0xFF,0x0E,0x9A,0xFF,0xFF,0x0E,0x9A,0xFF,0xFF,0x0E,0x9A,0xFF,0xFF,0x0E,0x9A,0xFF,0xFF,0x0E,0x9A,0xFF,0xFF,
    0x0E,0x9A,0xFF,0xFF,0x0E,0x9A,0xFF,0xFF,0x0E,0x9A,0xFF,0xFF,0x0E,0x9A,0xFF,0xFF,0x0E,0x9A,0xFF,0xFF,0x0E,0x9A,0xFF,0xFF,0x0E,0x9A,0xFF,0xFF,0x0E,0x9A,0xFF,0xFF,0x0E,0x9A,0xFF,0xFF,0x0E,0x9A,0xFF,0xFF,0x0E,0x9A,0xFF,0xFF,0x0E,0x9A,0xFF,0xFF,0x0E,0x9A,0xFF,0xFF,0x0E,0x9A,0xFF,0xFF,0x0E,0x9A,0xFF,0xFF,0x0E,0x9A,0xFF,0xFF,
    0x0E,0x9A,0xFF,0xFF,0x0E,0x9A,0xFF,0xFF,0x0E,0x9A,0xFF,0xFF,0x0E,0x9A,0xFF,0xFF,0x0E,0x9A,0xFF,0xFF,0x0E,0x9A,0xFF,0xFF,0x0E,0x9A,0xFF,0xFF,0x0E,0x9A,0xFF,0xFF,0x0E,0x9A,0xFF,0xFF,0x0E,0x9A,0xFF,0xFF,0x0E,0x9A,0xFF,0xFF,0x0E,0x9A,0xFF,0xFF,0x0E,0x9A,0xFF,0xFF,0x0E,0x9A,0xFF,0xFF,0x0E,0x9A,0xFF,0xFF,0x0E,0x9A,0xFF,0xFF,
    0x0E,0x9A,0xFF,0xFF,0x0E,0x9A,0xFF,0xFF,0x0E,0x9A,0xFF,0xFF,0x0E,0x9A,0xFF,0xFF,0x0E,0x9A,0xFF,0xFF,0x0E,0x9A,0xFF,0xFF,0x0E,0x9A,0xFF,0xFF,0x0E,0x9A,0xFF,0xFF,0x0E,0x9A,0xFF,0xFF,0x0E,0x9A,0xFF,0xFF,0x0E,0x9A,0xFF,0xFF,0x0E,0x9A,0xFF,0xFF,0x0E,0x9A,0xFF,0xFF,0x0E,0x9A,0xFF,0xFF,0x0E,0x9A,0xFF,0xFF,0x0E,0x9A,0xFF,0xFF,
    0x0E,0x9A,0xFF,0xFF,0x0E,0x9A,0xFF,0xFF,0x0E,0x9A,0xFF,0xFF,0x0E,0x9A,0xFF,0xFF,0x0E,0x9A,0xFF,0xFF,0x0E,0x9A,0xFF,0xFF,0x0E,0x9A,0xFF,0xFF,0x0E,0x9A,0xFF,0xFF,0x0E,0x9A,0xFF,0xFF,0x0E,0x9A,0xFF,0xFF,0x0E,0x9A,0xFF,0xFF,0x0E,0x9A,0xFF,0xFF,0x0E,0x9A,0xFF,0xFF,0x0E,0x9A,0xFF,0xFF,0x0E,0x9A,0xFF,0xFF,0x0E,0x9A,0xFF,0xFF,
    0x0E,0x9A,0xFF,0xFF,0x0E,0x9A,0xFF,0xFF,0x0E,0x9A,0xFF,0xFF,0x0E,0x9A,0xFF,0xFF,0x0E,0x9A,0xFF,0xFF,0x0E,0x9A,0xFF,0xFF,0x0E,0x9A,0xFF,0xFF,0x0E,0x9A,0xFF,0xFF,0x0E,0x9A,0xFF,0xFF,0x0E,0x9A,0xFF,0xFF,0x0E,0x9A,0xFF,0xFF,0x0E,0x9A,0xFF,0xFF,0x0E,0x9A,0xFF,0xFF,0x0E,0x9A,0xFF,0xFF,0x0E,0x9A,0xFF,0xFF,0x0E,0x9A,0xFF,0xFF,
    0x0E,0x9A,0xFF,0xFF,0x0E,0x9A,0xFF,0xFF,0x0E,0x9A,0xFF,0xFF,0x0E,0x9A,0xFF,0xFF,0x0E,0x9A,0xFF,0xFF,0x0E,0x9A,0xFF,0xFF,0x0E,0x9A,0xFF,0xFF,0x0E,0x9A,0xFF,0xFF,0x0E,0x9A,0xFF,0xFF,0x0E,0x9A,0xFF,0xFF,0x0E,0x9A,0xFF,0xFF,0x0E,0x9A,0xFF,0xFF,0x0E,0x9A,0xFF,0xFF,0x0E,0x9A,0xFF,0xFF,0x0E,0x9A,0xFF,0xFF,0x0E,0x9A,0xFF,0xB1,
    0x0E,0x9A,0xFF,0xDE,0x0E,0x9A,0xFF,0xFF,0x0E,0x9A,0xFF,0xFF,0x0E,0x9A,0xFF,0xFF,0x0E,0x9A,0xFF,0xFF,0x0E,0x9A,0xFF,0xFF,0x0E,0x9A,0xFF,0xFF,0x0E,0x9A,0xFF,0xFF,0x0E,0x9A,0xFF,0xFF,0x0E,0x9A,0xFF,0xFF,0x0E,0x9A,0xFF,0xFF,0x0E,0x9A,0xFF,0xFF,0x0E,0x9A,0xFF,0xFF,0x0E,0x9A,0xFF,0xFF,0x0E,0x9A,0xFF,0xFF,0x0E,0x9A,0xFF,0xFF,
    0x0E,0x9A,0xFF,0xFF,0x0E,0x9A,0xFF,0xFF,0x0E,0x9A,0xFF,0xFF,0x0E,0x9A,0xFF,0xFF,0x0E,0x9A,0xFF,0xFF,0x0E,0x9A,0xFF,0xFF,0x0E,0x9A,0xFF,0xFF,0x0E,0x9A,0xFF,0xFF,0x0E,0x9A,0xFF,0xFF,0x0E,0x9A,0xFF,0xFF,0x0E,0x9A,0xFF,0xFF,0x0E,0x9A,0xFF,0xFF,0x0E,0x9A,0xFF,0xFF,0x0E,0x9A,0xFF,0xFF,0x0E,0x9A,0xFF,0xFF,0x0E,0x9A,0xFF,0xFF,
    0x0E,0x9A,0xFF,0xFF,0x0E,0x9A,0xFF,0xFF,0x0E,0x9A,0xFF,0xFF,0x0E,0x9A,0xFF,0xFF,0x0E,0x9A,0xFF,0xFF,0x0E,0x9A,0xFF,0xFF,0x0E,0x9A,0xFF,0xFF,0x0E,0x9A,0xFF,0xFF,0x0E,0x9A,0xFF,0xFF,0x0E,0x9A,0xFF,0xFF,0x0E,0x9A,0xFF,0xFF,0x0E,0x9A,0xFF,0xFF,0x0E,0x9A,0xFF,0xFF,0x0E,0x9A,0xFF,0xFF,0x0E,0x9A,0xFF,0xFF,0x0E,0x9A,0xFF,0xFF,
    0x0E,0x9A,0xFF,0xFF,0x0E,0x9A,0xFF,0xFF,0x0E,0x9A,0xFF,0xFF,0x0E,0x9A,0xFF,0xFF,0x0E,0x9A,0xFF,0xFF,0x0E,0x9A,0xFF,0xFF,0x0E,0x9A,0xFF,0xFF,0x0E,0x9A,0xFF,0xFF,0x0E,0x9A,0xFF,0xFF,0x0E,0x9A,0xFF,0xFF,0x0E,0x9A,0xFF,0xFF,0x0E,0x9A,0xFF,0xFF,0x0E,0x9A,0xFF,0xFF,0x0E,0x9A,0xFF,0xFF,0x0E,0x9A,0xFF,0xFF,0x0E,0x9A,0xFF,0xFF,
    0x0E,0x9A,0xFF,0xFF,0x0E,0x9A,0xFF,0xFF,0x0E,0x9A,0xFF,0xFF,0x0E,0x9A,0xFF,0xFF,0x0E,0x9A,0xFF,0xFF,0x0E,0x9A,0xFF,0xFF,0x0E,0x9A,0xFF,0xFF,0x0E,0x9A,0xFF,0xFF,0x0E,0x9A,0xFF,0xFF,0x0E,0x9A,0xFF,0xFF,0x0E,0x9A,0xFF,0xFF,0x0E,0x9A,0xFF,0xFF,0x0E,0x9A,0xFF,0xFF,0x0E,0x9A,0xFF,0xFF,0x0E,0x9A,0xFF,0xFF,0x0E,0x9A,0xFF,0xFF,
    0x0E,0x9A,0xFF,0xFF,0x0E,0x9A,0xFF,0xFF,0x0E,0x9A,0xFF,0xFF,0x0E,0x9A,0xFF,0xFF,0x0E,0x9A,0xFF,0xFF,0x0E,0x9A,0xFF,0xFF,0x0E,0x9A,0xFF,0xFF,0x0E,0x9A,0xFF,0xFF,0x0E,0x9A,0xFF,0xFF,0x0E,0x9A,0xFF,0xFF,0x0E,0x9A,0xFF,0xFF,0x0E,0x9A,0xFF,0xFF,0x0E,0x9A,0xFF,0xFF,0x0E,0x9A,0xFF,0xFF,0x0E,0x9A,0xFF,0xFF,0x0E,0x9A,0xFF,0xFF,
    0x0E,0x9A,0xFF,0xFF,0x0E,0x9A,0xFF,0xFF,0x0E,0x9A,0xFF,0xFF,0x0E,0x9A,0xFF,0xFF,0x0E,0x9A,0xFF,0xFF,0x0E,0x9A,0xFF,0xFF,0x0E,0x9A,0xFF,0xFF,0x0E,0x9A,0xFF,0xFF,0x0E,0x9A,0xFF,0xFF,0x0E,0x9A,0xFF,0xFF,0x0E,0x9A,0xFF,0xFF,0x0E,0x9A,0xFF,0xFF,0x0E,0x9A,0xFF,0xFF,0x0E,0x9A,0xFF,0xFF,0x0E,0x9A,0xFF,0xFF,0x0E,0x9A,0xFF,0xFF,
    0x0E,0x9A,0xFF,0xFF,0x0E,0x9A,0xFF,0xFF,0x0E,0x9A,0xFF,0xFF,0x0E,0x9A,0xFF,0xFF,0x0E,0x9A,0xFF,0xFF,0x0E,0x9A,0xFF,0xFF,0x0E,0x9A,0xFF,0xFF,0x0E,0x9A,0xFF,0xFF,0x0E,0x9A,0xFF,0xFF,0x0E,0x9A,0xFF,0xFF,0x0E,0x9A,0xFF,0xFF,0x0E,0x9A,0xFF,0xFF,0x0E,0x9A,0xFF,0xFF,0x0E,0x9A,0xFF,0xFF,0x0E,0x9A,0xFF,0xFF,0x0E,0x9A,0xFF,0xFF,
    0x0E,0x9A,0xFF,0xFF,0x0E,0x9A,0xFF,0xFF,0x0E,0x9A,0xFF,0xFF,0x0E,0x9A,0xFF,0xFF,0x0E,0x9A,0xFF,0xFF,0x0E,0x9A,0xFF,0xFF,0x0E,0x9A,0xFF,0xFF,0x0E,0x9A,0xFF,0xFF,0x0E,0x9A,0xFF,0xFF,0x0E,0x9A,0xFF,0xFF,0x0E,0x9A,0xFF,0xFF,0x0E,0x9A,0xFF,0xFF,0x0E,0x9A,0xFF,0xFF,0x0E,0x9A,0xFF,0xFF,0x0E,0x9A,0xFF,0xFF,0x0E,0x9A,0xFF,0xFF,
    0x0E,0x9A,0xFF,0xFF,0x0E,0x9A,0xFF,0xFF,0x0E,0x9A,0xFF,0xFF,0x0E,0x9A,0xFF,0xFF,0x0E,0x9A,0xFF,0xFF,0x0E,0x9A,0xFF,0xFF,0x0E,0x9A,0xFF,0xFF,0x0E,0x9A,0xFF,0xFF,0x0E,0x9A,0xFF,0xFF,0x0E,0x9A,0xFF,0xFF,0x0E,0x9A,0xFF,0xFF,0x0E,0x9A,0xFF,0xFF,0x0E,0x9A,0xFF,0xFF,0x0E,0x9A,0xFF,0xFF,0x0E,0x9A,0xFF,0xFF,0x0E,0x9A,0xFF,0xFF,
    0x0E,0x9A,0xFF,0xFF,0x0E,0x9A,0xFF,0xFF,0x0E,0x9A,0xFF,0xFF,0x0E,0x9A,0xFF,0xFF,0x0E,0x9A,0xFF,0xFF,0x0E,0x9A,0xFF,0xFF,0x0E,0x9A,0xFF,0xFF,0x0E,0x9A,0xFF,0xFF,0x0E,0x9A,0xFF,0xFF,0x0E,0x9A,0xFF,0xFF,0x0E,0x9A,0xFF,0xFF,0x0E,0x9A,0xFF,0xFF,0x0E,0x9A,0xFF,0xFF,0x0E,0x9A,0xFF,0xFF,0x0E,0x9A,0xFF,0xFF,0x0E,0x9A,0xFF,0xFF,
    0x0E,0x9A,0xFF,0xFF,0x0E,0x9A,0xFF,0xFF,0x0E,0x9A,0xFF,0xFF,0x0E,0x9A,0xFF,0xFF,0x0E,0x9A,0xFF,0xFF,0x0E,0x9A,0xFF,0xFF,0x0E,0x9A,0xFF,0xFF,0x0E,0x9A,0xFF,0xFF,0x0E,0x9A,0xFF,0xFF,0x0E,0x9A,0xFF,0xFF,0x0E,0x9A,0xFF,0xFF,0x0E,0x9A,0xFF,0xFF,0x0E,0x9A,0xFF,0xFF,0x0E,0x9A,0xFF,0xFF,0x0E,0x9A,0xFF,0xFF,0x0E,0x9A,0xFF,0xFF,
    0x0E,0x9A,0xFF,0xFF,0x0E,0x9A,0xFF,0xFF,0x0E,0x9A,0xFF,0xFF,0x0E,0x9A,0xFF,0xFF,0x0E,0x9A,0xFF,0xFF,0x0E,0x9A,0xFF,0xFF,0x0E,0x9A,0xFF,0xFF,0x0E,0x9A,0xFF,0xFF,0x0E,0x9A,0xFF,0xFF,0x0E,0x9A,0xFF,0xFF,0x0E,0x9A,0xFF,0xFF,0x0E,0x9A,0xFF,0xFF,0x0E,0x9A,0xFF,0xFF,0x0E,0x9A,0xFF,0xFF,0x0E,0x9A,0xFF,0xFF,0x0E,0x9A,0xFF,0xFF,
    0x0E,0x9A,0xFF,0xFF,0x0E,0x9A,0xFF,0xFF,0x0E,0x9A,0xFF,0xFF,0x0E,0x9A,0xFF,0xFF,0x0E,0x9A,0xFF,0xFF,0x0E,0x9A,0xFF,0xFF,0x0E,0x9A,0xFF,0xFF,0x0E,0x9A,0xFF,0xFF,0x0E,0x9A,0xFF,0xFF,0x0E,0x9A,0xFF,0xFF,0x0E,0x9A,0xFF,0xFF,0x0E,0x9A,0xFF,0xFF,0x0E,0x9A,0xFF,0xFF,0x0E,0x9A,0xFF,0xFF,0x0E,0x9A,0xFF,0xFF,0x0E,0x9A,0xFF,0xFF,
    0x0E,0x9A,0xFF,0xFF,0x0E,0x9A,0xFF,0xFF,0x0E,0x9A,0xFF,0xFF,0x0E,0x9A,0xFF,0xFF,0x0E,0x9A,0xFF,0xFF,0x0E,0x9A,0xFF,0xFF,0x0E,0x9A,0xFF,0xFF,0x0E,0x9A,0xFF,0xFF,0x0E,0x9A,0xFF,0xFF,0x0E,0x9A,0xFF,0xFF,0x0E,0x9A,0xFF,0xFF,0x0E,0x9A,0xFF,0xFF,0x0E,0x9A,0xFF,0xFF,0x0E,0x9A,0xFF,0xFF,0x0E,0x9A,0xFF,0xFF,0x0E,0x9A,0xFF,0xFF,
    0x0E,0x9A,0xFF,0xFF,0x0E,0x9A,0xFF,0xFF,0x0E,0x9A,0xFF,0xFF,0x0E,0x9A,0xFF,0xFF,0x0E,0x9A,0xFF,0xFF,0x0E,0x9A,0xFF,0xFF,0x0E,0x9A,0xFF,0xFF,0x0E,0x9A,0xFF,0xFF,0x0E,0x9A,0xFF,0xFF,0x0E,0x9A,0xFF,0xFF,0x0E,0x9A,0xFF,0xFF,0x0E,0x9A,0xFF,0xFF,0x0E,0x9A,0xFF,0xFF,0x0E,0x9A,0xFF,0xFF,0x0E,0x9A,0xFF,0xFF,0x0E,0x9A,0xFF,0xFF,
    0x0E,0x9A,0xFF,0xFF,0x0E,0x9A,0xFF,0xFF,0x0E,0x9A,0xFF,0xFF,0x0E,0x9A,0xFF,0xFF,0x0E,0x9A,0xFF,0xFF,0x0E,0x9A,0xFF,0xFF,0x0E,0x9A,0xFF,0xFF,0x0E,0x9A,0xFF,0xFF,0x0E,0x9A,0xFF,0xFF,0x0E,0x9A,0xFF,0xFF,0x0E,0x9A,0xFF,0xFF,0x0E,0x9A,0xFF,0xFF,0x0E,0x9A,0xFF,0xFF,0x0E,0x9A,0xFF,0xFF,0x0E,0x9A,0xFF,0xFF,0x0E,0x9A,0xFF,0xFF,
    0x0E,0x9A,0xFF,0xFF,0x0E,0x9A,0xFF,0xFF,0x0E,0x9A,0xFF,0xFF,0x0E,0x9A,0xFF,0xFF,0x0E,0x9A,0xFF,0xFF,0x0E,0x9A,0xFF,0xFF,0x0E,0x9A,0xFF,0xFF,0x0E,0x9A,0xFF,0xFF,0x0E,0x9A,0xFF,0xFF,0x0E,0x9A,0xFF,0xFF,0x0E,0x9A,0xFF,0xFF,0x0E,0x9A,0xFF,0xFF,0x0E,0x9A,0xFF,0xFF,0x0E,0x9A,0xFF,0xFF,0x0E,0x9A,0xFF,0xFF,0x0E,0x9A,0xFF,0xFF,
    0x0E,0x9A,0xFF,0xFF,0x0E,0x9A,0xFF,0xFF,0x0E,0x9A,0xFF,0xFF,0x0E,0x9A,0xFF,0xFF,0x0E,0x9A,0xFF,0xFF,0x0E,0x9A,0xFF,0xFF,0x0E,0x9A,0xFF,0xFF,0x0E,0x9A,0xFF,0xFF,0x0E,0x9A,0xFF,0xFF,0x0E,0x9A,0xFF,0xFF,0x0E,0x9A,0xFF,0xFF,0x0E,0x9A,0xFF,0xFF,0x0E,0x9A,0xFF,0xFF,0x0E,0x9A,0xFF,0xFF,0x0E,0x9A,0xFF,0xFF,0x0E,0x9A,0xFF,0xFF,
    0x0E,0x9A,0xFF,0xFF,0x0E,0x9A,0xFF,0xFF,0x0E,0x9A,0xFF,0xFF,0x0E,0x9A,0xFF,0xFF,0x0E,0x9A,0xFF,0xFF,0x0E,0x9A,0xFF,0xFF,0x0E,0x9A,0xFF,0xFF,0x0E,0x9A,0xFF,0xFF,0x0E,0x9A,0xFF,0xFF,0x0E,0x9A,0xFF,0xFF,0x0E,0x9A,0xFF,0xFF,0x0E,0x9A,0xFF,0xFF,0x0E,0x9A,0xFF,0xFF,0x0E,0x9A,0xFF,0xFF,0x0E,0x9A,0xFF,0xFF,0x0E,0x9A,0xFF,0xFF,
    0x0E,0x9A,0xFF,0xFF,0x0E,0x9A,0xFF,0xFF,0x0E,0x9A,0xFF,0xFF,0x0E,0x9A,0xFF,0xFF,0x0E,0x9A,0xFF,0xFF,0x0E,0x9A,0xFF,0xFF,0x0E,0x9A,0xFF,0xFF,0x0E,0x9A,0xFF,0xFF,0x0E,0x9A,0xFF,0xFF,0x0E,0x9A,0xFF,0xFF,0x0E,0x9A,0xFF,0xFF,0x0E,0x9A,0xFF,0xFF,0x0E,0x9A,0xFF,0xFF,0x0E,0x9A,0xFF,0xFF,0x0E,0x9A,0xFF,0xFF,0x0E,0x9A,0xFF,0xFF,
    0x0E,0x9A,0xFF,0xFF,0x0E,0x9A,0xFF,0xFF,0x0E,0x9A,0xFF,0xFF,0x0E,0x9A,0xFF,0xFF,0x0E,0x9A,0xFF,0xFF,0x0E,0x9A,0xFF,0xFF,0x0E,0x9A,0xFF,0xFF,0x0E,0x9A,0xFF,0xFF,0x0E,0x9A,0xFF,0xFF,0x0E,0x9A,0xFF,0xFF,0x0E,0x9A,0xFF,0xFF,0x0E,0x9A,0xFF,0xFF,0x0E,0x9A,0xFF,0xFF,0x0E,0x9A,0xFF,0xFF,0x0E,0x9A,0xFF,0xFF,0x0E,0x9A,0xFF,0xFF,
    0x0E,0x9A,0xFF,0xFF,0x0E,0x9A,0xFF,0xFF,0x0E,0x9A,0xFF,0xFF,0x0E,0x9A,0xFF,0xFF,0x0E,0x9A,0xFF,0xFF,0x0E,0x9A,0xFF,0xFF,0x0E,0x9A,0xFF,0xFF,0x0E,0x9A,0xFF,0xDE,0x0E,0x9A,0xFF,0xFA,0x0E,0x9A,0xFF,0xFF,0x0E,0x9A,0xFF,0xFF,0x0E,0x9A,0xFF,0xFF,0x0E,0x9A,0xFF,0xFF,0x0E,0x9A,0xFF,0xFF,0x0E,0x9A,0xFF,0xFF,0x0E,0x9A,0xFF,0xFF,
    0x0E,0x9A,0xFF,0xFF,0x0E,0x9A,0xFF,0xFF,0x0E,0x9A,0xFF,0xFF,0x0E,0x9A,0xFF,0xFF,0x0E,0x9A,0xFF,0xFF,0x0E,0x9A,0xFF,0xFF,0x0E,0x9A,0xFF,0xFF,0x0E,0x9A,0xFF,0xFF,0x0E,0x9A,0xFF,0xFF,0x0E,0x9A,0xFF,0xFF,0x0E,0x9A,0xFF,0xFF,0x0E,0x9A,0xFF,0xFF,0x0E,0x9A,0xFF,0xFF,0x0E,0x9A,0xFF,0xFF,0x0E,0x9A,0xFF,0xFF,0x0E,0x9A,0xFF,0xFF,
    0x0E,0x9A,0xFF,0xFF,0x0E,0x9A,0xFF,0xFF,0x0E,0x9A,0xFF,0xFF,0x0E,0x9A,0xFF,0xFF,0x0E,0x9A,0xFF,0xFF,0x0E,0x9A,0xFF,0xFF,0x0E,0x9A,0xFF,0xFF,0x0E,0x9A,0xFF,0xFF,0x0E,0x9A,0xFF,0xFF,0x0E,0x9A,0xFF,0xFF,0x0E,0x9A,0xFF,0xFF,0x0E,0x9A,0xFF,0xFF,0x0E,0x9A,0xFF,0xFF,0x0E,0x9A,0xFF,0xFF,0x0E,0x9A,0xFF,0xFF,0x0E,0x9A,0xFF,0xFF,
    0x0E,0x9A,0xFF,0xFF,0x0E,0x9A,0xFF,0xFF,0x0E,0x9A,0xFF,0xFF,0x0E,0x9A,0xFF,0xFF,0x0E,0x9A,0xFF,0xFF,0x0E,0x9A,0xFF,0xFF,0x0E,0x9A,0xFF,0xFF,0x0E,0x9A,0xFF,0xFF,0x0E,0x9A,0xFF,0xFF,0x0E,0x9A,0xFF,0xFF,0x0E,0x9A,0xFF,0xFF,0x0E,0x9A,0xFF,0xFF,0x0E,0x9A,0xFF,0xFF,0x0E,0x9A,0xFF,0xFF,0x0E,0x9A,0xFF,0xFF,0x0E,0x9A,0xFF,0xFF,
    0x0E,0x9A,0xFF,0xFF,0x0E,0x9A,0xFF,0xFF,0x0E,0x9A,0xFF,0xFF,0x0E,0x9A,0xFF,0xFF,0x0E,0x9A,0xFF,0xFF,0x0E,0x9A,0xFF,0xFF,0x0E,0x9A,0xFF,0xFF,0x0E,0x9A,0xFF,0xFF,0x0E,0x9A,0xFF,0xFF,0x0E,0x9A,0xFF,0xFF,0x0E,0x9A,0xFF,0xFF,0x0E,0x9A,0xFF,0xFF,0x0E,0x9A,0xFF,0xFF,0x0E,0x9A,0xFF,0xFF,0x0E,0x9A,0xFF,0xFF,0x0E,0x9A,0xFF,0xFF,
    0x0E,0x9A,0xFF,0xFF,0x0E,0x9A,0xFF,0xFF,0x0E,0x9A,0xFF,0xFF,0x0E,0x9A,0xFF,0xFF,0x0E,0x9A,0xFF,0xFF,0x0E,0x9A,0xFF,0xFF,0x0E,0x9A,0xFF,0xFF,0x0E,0x9A,0xFF,0xFF,0x0E,0x9A,0xFF,0xFF,0x0E,0x9A,0xFF,0xFF,0x0E,0x9A,0xFF,0xFF,0x0E,0x9A,0xFF,0xFF,0x0E,0x9A,0xFF,0xFF,0x0E,0x9A,0xFF,0xFF,0x0E,0x9A,0xFF,0xFF,0x0E,0x9A,0xFF,0xFF,
    0x0E,0x9A,0xFF,0xFF,0x0E,0x9A,0xFF,0xFF,0x0E,0x9A,0xFF,0xFF,0x0E,0x9A,0xFF,0xFF,0x0E,0x9A,0xFF,0xFF,0x0E,0x9A,0xFF,0xFF,0x0E,0x9A,0xFF,0xFF,0x0E,0x9A,0xFF,0xFF,0x0E,0x9A,0xFF,0xFF,0x0E,0x9A,0xFF,0xFF,0x0E,0x9A,0xFF,0xFF,0x0E,0x9A,0xFF,0xFF,0x0E,0x9A,0xFF,0xFF,0x0E,0x9A,0xFF,0xFF,0x0E,0x9A,0xFF,0xFF,0x0E,0x9A,0xFF,0xFF,
    0x0E,0x9A,0xFF,0xFF,0x0E,0x9A,0xFF,0xFF,0x0E,0x9A,0xFF,0xFF,0x0E,0x9A,0xFF,0xFF,0x0E,0x9A,0xFF,0xFF,0x0E,0x9A,0xFF,0xFF,0x0E,0x9A,0xFF,0xFF,0x0E,0x9A,0xFF,0xFF,0x0E,0x9A,0xFF,0xFF,0x0E,0x9A,0xFF,0xFF,0x0E,0x9A,0xFF,0xFF,0x0E,0x9A,0xFF,0xFF,0x0E,0x9A,0xFF,0xFF,0x0E,0x9A,0xFF,0xFF,0x0E,0x9A,0xFF,0xFF,0x0E,0x9A,0xFF,0xFF,
    0x0E,0x9A,0xFF,0xFF,0x0E,0x9A,0xFF,0xFF,0x0E,0x9A,0xFF,0xFF,0x0E,0x9A,0xFF,0xFF,0x0E,0x9A,0xFF,0xFF,0x0E,0x9A,0xFF,0xFF,0x0E,0x9A,0xFF,0xFF,0x0E,0x9A,0xFF,0xFF,0x0E,0x9A,0xFF,0xFF,0x0E,0x9A,0xFF,0xFF,0x0E,0x9A,0xFF,0xFF,0x0E,0x9A,0xFF,0xFF,0x0E,0x9A,0xFF,0xFF,0x0E,0x9A,0xFF,0xFF,0x0E,0x9A,0xFF,0xFF,0x0E,0x9A,0xFF,0xFF,
    0x0E,0x9A,0xFF,0xFF,0x0E,0x9A,0xFF,0xFF,0x0E,0x9A,0xFF,0xFF,0x0E,0x9A,0xFF,0xFF,0x0E,0x9A,0xFF,0xFF,0x0E,0x9A,0xFF,0xFF,0x0E,0x9A,0xFF,0xFF,0x0E,0x9A,0xFF,0xFF,0x0E,0x9A,0xFF,0xFF,0x0E,0x9A,0xFF,0xFF,0x0E,0x9A,0xFF,0xFF,0x0E,0x9A,0xFF,0xFF,0x0E,0x9A,0xFF,0xFF,0x0E,0x9A,0xFF,0xFF,0x0E,0x9A,0xFF,0xFF,0x0E,0x9A,0xFF,0xFF,
    0x0E,0x9A,0xFF,0xFF,0x0E,0x9A,0xFF,0xFF,0x0E,0x9A,0xFF,0xFF,0x0E,0x9A,0xFF,0xFF,0x0E,0x9A,0xFF,0xFF,0x0E,0x9A,0xFF,0xFF,0x0E,0x9A,0xFF,0xFF,0x0E,0x9A,0xFF,0xFF,0x0E,0x9A,0xFF,0xFF,0x0E,0x9A,0xFF,0xFF,0x0E,0x9A,0xFF,0xFF,0x0E,0x9A,0xFF,0xFF,0x0E,0x9A,0xFF,0xFF,0x0E,0x9A,0xFF,0xFF,0x0E,0x9A,0xFF,0xFF,0x0E,0x9A,0xFF,0xFF,
    0x0E,0x9A,0xFF,0xFF,0x0E,0x9A,0xFF,0xFF,0x0E,0x9A,0xFF,0xFF,0x0E,0x9A,0xFF,0xFF,0x0E,0x9A,0xFF,0xFF,0x0E,0x9A,0xFF,0xFF,0x0E,0x9A,0xFF,0xFF,0x0E,0x9A,0xFF,0xFF,0x0E,0x9A,0xFF,0xFF,0x0E,0x9A,0xFF,0xFF,0x0E,0x9A,0xFF,0xFF,0x0E,0x9A,0xFF,0xFF,0x0E,0x9A,0xFF,0xFF,0x0E,0x9A,0xFF,0xFF,0x0E,0x9A,0xFF,0xFF,0x0E,0x9A,0xFF,0xFF,
    0x0E,0x9A,0xFF,0xFF,0x0E,0x9A,0xFF,0xFF,0x0E,0x9A,0xFF,0xFF,0x0E,0x9A,0xFF,0xFF,0x0E,0x9A,0xFF,0xFF,0x0E,0x9A,0xFF,0xFF,0x0E,0x9A,0xFF,0xFF,0x0E,0x9A,0xFF,0xFF,0x0E,0x9A,0xFF,0xFF,0x0E,0x9A,0xFF,0xFF,0x0E,0x9A,0xFF,0xFF,0x0E,0x9A,0xFF,0xFF,0x0E,0x9A,0xFF,0xFF,0x0E,0x9A,0xFF,0xFF,0x0E,0x9A,0xFF,0xFF,0x0E,0x9A,0xFF,0xFF,
    0x0E,0x9A,0xFF,0xFF,0x0E,0x9A,0xFF,0xFF,0x0E,0x9A,0xFF,0xFF,0x0E,0x9A,0xFF,0xFF,0x0E,0x9A,0xFF,0xFF,0x0E,0x9A,0xFF,0xFF,0x0E,0x9A,0xFF,0xFF,0x0E,0x9A,0xFF,0xFF,0x0E,0x9A,0xFF,0xFF,0x0E,0x9A,0xFF,0xFF,0x0E,0x9A,0xFF,0xFF,0x0E,0x9A,0xFF,0xFF,0x0E,0x9A,0xFF,0xFF,0x0E,0x9A,0xFF,0xFF,0x0E,0x9A,0xFF,0xFF,0x0E,0x9A,0xFF,0xFF,
    0x0E,0x9A,0xFF,0xFF,0x0E,0x9A,0xFF,0xFF,0x0E,0x9A,0xFF,0xFF,0x0E,0x9A,0xFF,0xFF,0x0E,0x9A,0xFF,0xFF,0x0E,0x9A,0xFF,0xFF,0x0E,0x9A,0xFF,0xFF,0x0E,0x9A,0xFF,0xFF,0x0E,0x9A,0xFF,0xFF,0x0E,0x9A,0xFF,0xFF,0x0E,0x9A,0xFF,0xFF,0x0E,0x9A,0xFF,0xFF,0x0E,0x9A,0xFF,0xFF,0x0E,0x9A,0xFF,0xFF,0x0E,0x9A,0xFF,0xFF,0x0E,0x9A,0xFF,0xFF,
    0x0E,0x9A,0xFF,0xFF,0x0E,0x9A,0xFF,0xFF,0x0E,0x9A,0xFF,0xFF,0x0E,0x9A,0xFF,0xFF,0x0E,0x9A,0xFF,0xFF,0x0E,0x9A,0xFF,0xFF,0x0E,0x9A,0xFF,0xFF,0x0E,0x9A,0xFF,0xFF,0x0E,0x9A,0xFF,0xFF,0x0E,0x9A,0xFF,0xFF,0x0E,0x9A,0xFF,0xFF,0x0E,0x9A,0xFF,0xFF,0x0E,0x9A,0xFF,0xFF,0x0E,0x9A,0xFF,0xFF,0x0E,0x9A,0xFF,0xFF,0x0E,0x9A,0xFF,0xFF,
    0x0E,0x9A,0xFF,0xFF,0x0E,0x9A,0xFF,0xFF,0x0E,0x9A,0xFF,0xFF,0x0E,0x9A,0xFF,0xFF,0x0E,0x9A,0xFF,0xFF,0x0E,0x9A,0xFF,0xFF,0x0E,0x9A,0xFF,0xFF,0x0E,0x9A,0xFF,0xFF,0x0E,0x9A,0xFF,0xFF,0x0E,0x9A,0xFF,0xFF,0x0E,0x9A,0xFF,0xFF,0x0E,0x9A,0xFF,0xFF,0x0E,0x9A,0xFF,0xFF,0x0E,0x9A,0xFF,0xFF,0x0E,0x9A,0xFF,0xFF,0x0E,0x9A,0xFF,0xFF,
    0x0E,0x9A,0xFF,0xFF,0x0E,0x9A,0xFF,0xFF,0x0E,0x9A,0xFF,0xFF,0x0E,0x9A,0xFF,0xFF,0x0E,0x9A,0xFF,0xFF,0x0E,0x9A,0xFF,0xFF,0x0E,0x9A,0xFF,0xFF,0x0E,0x9A,0xFF,0xFF,0x0E,0x9A,0xFF,0xFF,0x0E,0x9A,0xFF,0xFF,0x0E,0x9A,0xFF,0xFF,0x0E,0x9A,0xFF,0xFF,0x0E,0x9A,0xFF,0xFF,0x0E,0x9A,0xFF,0xFF,0x0E,0x9A,0xFF,0xFF,0x0E,0x9A,0xFF,0xFF,
    0x0E,0x9A,0xFF,0xFF,0x0E,0x9A,0xFF,0xFF,0x0E,0x9A,0xFF,0xFF,0x0E,0x9A,0xFF,0xFF,0x0E,0x9A,0xFF,0xFF,0x0E,0x9A,0xFF,0xFF,0x0E,0x9A,0xFF,0xFF,0x0E,0x9A,0xFF,0xFF,0x0E,0x9A,0xFF,0xFF,0x0E,0x9A,0xFF,0xFF,0x0E,0x9A,0xFF,0xFF,0x0E,0x9A,0xFF,0xFF,0x0E,0x9A,0xFF,0xFF,0x0E,0x9A,0xFF,0xFF,0x0E,0x9A,0xFF,0xFF,0x0E,0x9A,0xFF,0xFF,
    0x0E,0x9A,0xFF,0xFF,0x0E,0x9A,0xFF,0xFF,0x0E,0x9A,0xFF,0xFF,0x0E,0x9A,0xFF,0xFF,0x0E,0x9A,0xFF,0xFF,0x0E,0x9A,0xFF,0xFF,0x0E,0x9A,0xFF,0xFF,0x0E,0x9A,0xFF,0xFF,0x0E,0x9A,0xFF,0xFF,0x0E,0x9A,0xFF,0xFF,0x0E,0x9A,0xFF,0xFF,0x0E,0x9A,0xFF,0xFF,0x0E,0x9A,0xFF,0xFF,0x0E,0x9A,0xFF,0xFF,0x0E,0x9A,0xFF,0xFF,0x0E,0x9A,0xFF,0xFF,
    0x0E,0x9A,0xFF,0xFF,0x0E,0x9A,0xFF,0xFF,0x0E,0x9A,0xFF,0xFF,0x0E,0x9A,0xFF,0xFF,0x0E,0x9A,0xFF,0xFF,0x0E,0x9A,0xFF,0xFF,0x0E,0x9A,0xFF,0xFF,0x0E,0x9A,0xFF,0xFF,0x0E,0x9A,0xFF,0xFF,0x0E,0x9A,0xFF,0xFF,0x0E,0x9A,0xFF,0xFF,0x0E,0x9A,0xFF,0xFF,0x0E,0x9A,0xFF,0xFF,0x0E,0x9A,0xFF,0xFF,0x0E,0x9A,0xFF,0xFF,0x0E,0x9A,0xFF,0xFF,
    0x0E,0x9A,0xFF,0xFF,0x0E,0x9A,0xFF,0xFF,0x0E,0x9A,0xFF,0xFF,0x0E,0x9A,0xFF,0xFF,0x0E,0x9A,0xFF,0xFF,0x0E,0x9A,0xFF,0xFF,0x0E,0x9A,0xFF,0xFF,0x0E,0x9A,0xFF,0xFF,0x0E,0x9A,0xFF,0xFF,0x0E,0x9A,0xFF,0xFF,0x0E,0x9A,0xFF,0xFF,0x0E,0x9A,0xFF,0xFF,0x0E,0x9A,0xFF,0xFF,0x0E,0x9A,0xFF,0xFF,0x0E,0x9A,0xFF,0xFF,0x0E,0x9A,0xFF,0xFF,
    0x0E,0x9A,0xFF,0xFF,0x0E,0x9A,0xFF,0xFF,0x0E,0x9A,0xFF,0xFF,0x0E,0x9A,0xFF,0xFF,0x0E,0x9A,0xFF,0xFF,0x0E,0x9A,0xFF,0xFF,0x0E,0x9A,0xFF,0xFF,0x0E,0x9A,0xFF,0xFF,0x0E,0x9A,0xFF,0xFF,0x0E,0x9A,0xFF,0xFF,0x0E,0x9A,0xFF,0xFF,0x0E,0x9A,0xFF,0xFF,0x0E,0x9A,0xFF,0xFF,0x0E,0x9A,0xFF,0xFF,0x0E,0x9A,0xFF,0xFF,0x0E,0x9A,0xFF,0xFA,
    0x0E,0x9A,0xFF,0xFA,0x0E,0x9A,0xFF,0xFF,0x0E,0x9A,0xFF,0xFF,0x0E,0x9A,0xFF,0xFF,0x0E,0x9A,0xFF,0xFF,0x0E,0x9A,0xFF,0xFF,0x0E,0x9A,0xFF,0xFF,0x0E,0x9A,0xFF,0xFF,0x0E,0x9A,0xFF,0xFF,0x0E,0x9A,0xFF,0xFF,0x0E,0x9A,0xFF,0xFF,0x0E,0x9A,0xFF,0xFF,0x0E,0x9A,0xFF,0xFF,0x0E,0x9A,0xFF,0xFF,0x0E,0x9A,0xFF,0xFF,0x0E,0x9A,0xFF,0xFF,
    0x0E,0x9A,0xFF,0xFF,0x0E,0x9A,0xFF,0xFF,0x0E,0x9A,0xFF,0xFF,0x0E,0x9A,0xFF,0xFF,0x0E,0x9A,0xFF,0xFF,0x0E,0x9A,0xFF,0xFF,0x0E,0x9A,0xFF,0xFF,0x0E,0x9A,0xFF,0xFF,0x0E,0x9A,0xFF,0xFF,0x0E,0x9A,0xFF,0xFF,0x0E,0x9A,0xFF,0xFF,0x0E,0x9A,0xFF,0xFF,0x0E,0x9A,0xFF,0xFF,0x0E,0x9A,0xFF,0xFF,0x0E,0x9A,0xFF,0xFF,0x0E,0x9A,0xFF,0xFF,
    0x0E,0x9A,0xFF,0xFF,0x0E,0x9A,0xFF,0xFF,0x0E,0x9A,0xFF,0xFF,0x0E,0x9A,0xFF,0xFF,0x0E,0x9A,0xFF,0xFF,0x0E,0x9A,0xFF,0xFF,0x0E,0x9A,0xFF,0xFF,0x0E,0x9A,0xFF,0xFF,0x0E,0x9A,0xFF,0xFF,0x0E,0x9A,0xFF,0xFF,0x0E,0x9A,0xFF,0xFF,0x0E,0x9A,0xFF,0xFF,0x0E,0x9A,0xFF,0xFF,0x0E,0x9A,0xFF,0xFF,0x0E,0x9A,0xFF,0xFF,0x0E,0x9A,0xFF,0xFF,
    0x0E,0x9A,0xFF,0xFF,0x0E,0x9A,0xFF,0xFF,0x0E,0x9A,0xFF,0xFF,0x0E,0x9A,0xFF,0xFF,0x0E,0x9A,0xFF,0xFF,0x0E,0x9A,0xFF,0xFF,0x0E,0x9A,0xFF,0xFF,0x0E,0x9A,0xFF,0xFF,0x0E,0x9A,0xFF,0xFF,0x0E,0x9A,0xFF,0xFF,0x0E,0x9A,0xFF,0xFF,0x0E,0x9A,0xFF,0xFF,0x0E,0x9A,0xFF,0xFF,0x0E,0x9A,0xFF,0xFF,0x0E,0x9A,0xFF,0xFF,0x0E,0x9A,0xFF,0xFF,
    0x0E,0x9A,0xFF,0xFF,0x0E,0x9A,0xFF,0xFF,0x0E,0x9A,0xFF,0xFF,0x0E,0x9A,0xFF,0xFF,0x0E,0x9A,0xFF,0xFF,0x0E,0x9A,0xFF,0xFF,0x0E,0x9A,0xFF,0xFF,0x0E,0x9A,0xFF,0xFF,0x0E,0x9A,0xFF,0xFF,0x0E,0x9A,0xFF,0xFF,0x0E,0x9A,0xFF,0xFF,0x0E,0x9A,0xFF,0xFF,0x0E,0x9A,0xFF,0xFF,0x0E,0x9A,0xFF,0xFF,0x0E,0x9A,0xFF,0xFF,0x0E,0x9A,0xFF,0xFF,
    0x0E,0x9A,0xFF,0xFF,0x0E,0x9A,0xFF,0xFF,0x0E,0x9A,0xFF,0xFF,0x0E,0x9A,0xFF,0xFF,0x0E,0x9A,0xFF,0xFF,0x0E,0x9A,0xFF,0xFF,0x0E,0x9A,0xFF,0xFF,0x0E,0x9A,0xFF,0xFF,0x0E,0x9A,0xFF,0xFF,0x0E,0x9A,0xFF,0xFF,0x0E,0x9A,0xFF,0xFF,0x0E,0x9A,0xFF,0xFF,0x0E,0x9A,0xFF,0xFF,0x0E,0x9A,0xFF,0xFF,0x0E,0x9A,0xFF,0xFF,0x0E,0x9A,0xFF,0xFF,
    0x0E,0x9A,0xFF,0xFF,0x0E,0x9A,0xFF,0xFF,0x0E,0x9A,0xFF,0xFF,0x0E,0x9A,0xFF,0xFF,0x0E,0x9A,0xFF,0xFF,0x0E,0x9A,0xFF,0xFF,0x0E,0x9A,0xFF,0xFF,0x0E,0x9A,0xFF,0xFF,0x0E,0x9A,0xFF,0xFF,0x0E,0x9A,0xFF,0xFF,0x0E,0x9A,0xFF,0xFF,0x0E,0x9A,0xFF,0xFF,0x0E,0x9A,0xFF,0xFF,0x0E,0x9A,0xFF,0xFF,0x0E,0x9A,0xFF,0xFF,0x0E,0x9A,0xFF,0xFF,
    0x0E,0x9A,0xFF,0xFF,0x0E,0x9A,0xFF,0xFF,0x0E,0x9A,0xFF,0xFF,0x0E,0x9A,0xFF,0xFF,0x0E,0x9A,0xFF,0xFF,0x0E,0x9A,0xFF,0xFF,0x0E,0x9A,0xFF,0xFF,0x0E,0x9A,0xFF,0xFF,0x0E,0x9A,0xFF,0xFF,0x0E,0x9A,0xFF,0xFF,0x0E,0x9A,0xFF,0xFF,0x0E,0x9A,0xFF,0xFF,0x0E,0x9A,0xFF,0xFF,0x0E,0x9A,0xFF,0xFF,0x0E,0x9A,0xFF,0xFF,0x0E,0x9A,0xFF,0xFF,
    0x0E,0x9A,0xFF,0xFF,0x0E,0x9A,0xFF,0xFF,0x0E,0x9A,0xFF,0xFF,0x0E,0x9A,0xFF,0xFF,0x0E,0x9A,0xFF,0xFF,0x0E,0x9A,0xFF,0xFF,0x0E,0x9A,0xFF,0xFF,0x0E,0x9A,0xFF,0xFF,0x0E,0x9A,0xFF,0xFF,0x0E,0x9A,0xFF,0xFF,0x0E,0x9A,0xFF,0xFF,0x0E,0x9A,0xFF,0xFF,0x0E,0x9A,0xFF,0xFF,0x0E,0x9A,0xFF,0xFF,0x0E,0x9A,0xFF,0xFF,0x0E,0x9A,0xFF,0xFF,
    0x0E,0x9A,0xFF,0xFF,0x0E,0x9A,0xFF,0xFF,0x0E,0x9A,0xFF,0xFF,0x0E,0x9A,0xFF,0xFF,0x0E,0x9A,0xFF,0xFF,0x0E,0x9A,0xFF,0xFF,0x0E,0x9A,0xFF,0xFF,0x0E,0x9A,0xFF,0xFF,0x0E,0x9A,0xFF,0xFF,0x0E,0x9A,0xFF,0xFF,0x0E,0x9A,0xFF,0xFF,0x0E,0x9A,0xFF,0xFF,0x0E,0x9A,0xFF,0xFF,0x0E,0x9A,0xFF,0xFF,0x0E,0x9A,0xFF,0xFF,0x0E,0x9A,0xFF,0xFF,
    0x0E,0x9A,0xFF,0xFF,0x0E,0x9A,0xFF,0xFF,0x0E,0x9A,0xFF,0xFF,0x0E,0x9A,0xFF,0xFF,0x0E,0x9A,0xFF,0xFF,0x0E,0x9A,0xFF,0xFF,0x0E,0x9A,0xFF,0xFF,0x0E,0x9A,0xFF,0xFF,0x0E,0x9A,0xFF,0xFF,0x0E,0x9A,0xFF,0xFF,0x0E,0x9A,0xFF,0xFF,0x0E,0x9A,0xFF,0xFF,0x0E,0x9A,0xFF,0xFF,0x0E,0x9A,0xFF,0xFF,0x0E,0x9A,0xFF,0xFF,0x0E,0x9A,0xFF,0xFF,
    0x0E,0x9A,0xFF,0xFF,0x0E,0x9A,0xFF,0xFF,0x0E,0x9A,0xFF,0xFF,0x0E,0x9A,0xFF,0xFF,0x0E,0x9A,0xFF,0xFF,0x0E,0x9A,0xFF,0xFF,0x0E,0x9A,0xFF,0xFF,0x0E,0x9A,0xFF,0xFF,0x0E,0x9A,0xFF,0xFF,0x0E,0x9A,0xFF,0xFF,0x0E,0x9A,0xFF,0xFF,0x0E,0x9A,0xFF,0xFF,0x0E,0x9A,0xFF,0xFF,0x0E,0x9A,0xFF,0xFF,0x0E,0x9A,0xFF,0xFF,0x0E,0x9A,0xFF,0xFF,
    0x0E,0x9A,0xFF,0xFF,0x0E,0x9A,0xFF,0xFF,0x0E,0x9A,0xFF,0xFF,0x0E,0x9A,0xFF,0xFF,0x0E,0x9A,0xFF,0xFF,0x0E,0x9A,0xFF,0xFF,0x0E,0x9A,0xFF,0xFF,0x0E,0x9A,0xFF,0xFF,0x0E,0x9A,0xFF,0xFF,0x0E,0x9A,0xFF,0xFF,0x0E,0x9A,0xFF,0xFF,0x0E,0x9A,0xFF,0xFF,0x0E,0x9A,0xFF,0xFF,0x0E,0x9A,0xFF,0xFF,0x0E,0x9A,0xFF,0xFF,0x0E,0x9A,0xFF,0xFF,
    0x0E,0x9A,0xFF,0xFF,0x0E,0x9A,0xFF,0xFF,0x0E,0x9A,0xFF,0xFF,0x0E,0x9A,0xFF,0xFF,0x0E,0x9A,0xFF,0xFF,0x0E,0x9A,0xFF,0xFF,0x0E,0x9A,0xFF,0xFF,0x0E,0x9A,0xFF,0xFF,0x0E,0x9A,0xFF,0xFF,0x0E,0x9A,0xFF,0xFF,0x0E,0x9A,0xFF,0xFF,0x0E,0x9A,0xFF,0xFF,0x0E,0x9A,0xFF,0xFF,0x0E,0x9A,0xFF,0xFF,0x0E,0x9A,0xFF,0xFF,0x0E,0x9A,0xFF,0xFF,
    0x0E,0x9A,0xFF,0xFF,0x0E,0x9A,0xFF,0xFF,0x0E,0x9A,0xFF,0xFF,0x0E,0x9A,0xFF,0xFF,0x0E,0x9A,0xFF,0xFF,0x0E,0x9A,0xFF,0xFF,0x0E,0x9A,0xFF,0xFF,0x0E,0x9A,0xFF,0xFF,0x0E,0x9A,0xFF,0xFF,0x0E,0x9A,0xFF,0xFF,0x0E,0x9A,0xFF,0xFF,0x0E,0x9A,0xFF,0xFF,0x0E,0x9A,0xFF,0xFF,0x0E,0x9A,0xFF,0xFF,0x0E,0x9A,0xFF,0xFF,0x0E,0x9A,0xFF,0xFF,
    0x0E,0x9A,0xFF,0xFF,0x0E,0x9A,0xFF,0xFF,0x0E,0x9A,0xFF,0xFF,0x0E,0x9A,0xFF,0xFF,0x0E,0x9A,0xFF,0xFF,0x0E,0x9A,0xFF,0xFF,0x0E,0x9A,0xFF,0xFF,0x0E,0x9A,0xFF,0xFF,0x0E,0x9A,0xFF,0xFF,0x0E,0x9A,0xFF,0xFF,0x0E,0x9A,0xFF,0xFF,0x0E,0x9A,0xFF,0xFF,0x0E,0x9A,0xFF,0xFF,0x0E,0x9A,0xFF,0xFF,0x0E,0x9A,0xFF,0xFF,0x0E,0x9A,0xFF,0xFF,
    0x0E,0x9A,0xFF,0xFF,0x0E,0x9A,0xFF,0xFF,0x0E,0x9A,0xFF,0xFF,0x0E,0x9A,0xFF,0xFF,0x0E,0x9A,0xFF,0xFF,0x0E,0x9A,0xFF,0xFF,0x0E,0x9A,0xFF,0xFF,0x0E,0x9A,0xFF,0xFF,0x0E,0x9A,0xFF,0xFF,0x0E,0x9A,0xFF,0xFF,0x0E,0x9A,0xFF,0xFF,0x0E,0x9A,0xFF,0xFF,0x0E,0x9A,0xFF,0xFF,0x0E,0x9A,0xFF,0xFF,0x0E,0x9A,0xFF,0xFF,0x0E,0x9A,0xFF,0xFF,
    0x0E,0x9A,0xFF,0xFF,0x0E,0x9A,0xFF,0xFF,0x0E,0x9A,0xFF,0xFF,0x0E,0x9A,0xFF,0xFF,0x0E,0x9A,0xFF,0xFF,0x0E,0x9A,0xFF,0xFF,0x0E,0x9A,0xFF,0xFF,0x0E,0x9A,0xFF,0xFF,0x0E,0x9A,0xFF,0xFF,0x0E,0x9A,0xFF,0xFF,0x0E,0x9A,0xFF,0xFF,0x0E,0x9A,0xFF,0xFF,0x0E,0x9A,0xFF,0xFF,0x0E,0x9A,0xFF,0xFF,0x0E,0x9A,0xFF,0xFF,0x0E,0x9A,0xFF,0xFF,
    0x0E,0x9A,0xFF,0xFF,0x0E,0x9A,0xFF,0xFF,0x0E,0x9A,0xFF,0xFF,0x0E,0x9A,0xFF,0xFF,0x0E,0x9A,0xFF,0xFF,0x0E,0x9A,0xFF,0xFF,0x0E,0x9A,0xFF,0xFF,0x0E,0x9A,0xFF,0xFF,0x0E,0x9A,0xFF,0xFF,0x0E,0x9A,0xFF,0xFF,0x0E,0x9A,0xFF,0xFF,0x0E,0x9A,0xFF,0xFF,0x0E,0x9A,0xFF,0xFF,0x0E,0x9A,0xFF,0xFF,0x0E,0x9A,0xFF,0xFF,0x0E,0x9A,0xFF,0xFF,
    0x0E,0x9A,0xFF,0xFF,0x0E,0x9A,0xFF,0xFF,0x0E,0x9A,0xFF,0xFF,0x0E,0x9A,0xFF,0xFF,0x0E,0x9A,0xFF,0xFF,0x0E,0x9A,0xFF,0xFF,0x0E,0x9A,0xFF,0xFF,0x0E,0x9A,0xFF,0xFF,0x0E,0x9A,0xFF,0xFF,0x0E,0x9A,0xFF,0xFF,0x0E,0x9A,0xFF,0xFF,0x0E,0x9A,0xFF,0xFF,0x0E,0x9A,0xFF,0xFF,0x0E,0x9A,0xFF,0xFF,0x0E,0x9A,0xFF,0xFF,0x0E,0x9A,0xFF,0xFF,
    0x0E,0x9A,0xFF,0xFF,0x0E,0x9A,0xFF,0xFF,0x0E,0x9A,0xFF,0xFF,0x0E,0x9A,0xFF,0xFF,0x0E,0x9A,0xFF,0xFF,0x0E,0x9A,0xFF,0xFF,0x0E,0x9A,0xFF,0xFF,0x0E,0x9A,0xFF,0xFF,0x0E,0x9A,0xFF,0xFF,0x0E,0x9A,0xFF,0xFF,0x0E,0x9A,0xFF,0xFF,0x0E,0x9A,0xFF,0xFF,0x0E,0x9A,0xFF,0xFF,0x0E,0x9A,0xFF,0xFF,0x0E,0x9A,0xFF,0xFF,0x0E,0x9A,0xFF,0xFF,
    0x0E,0x9A,0xFF,0xFF,0x0E,0x9A,0xFF,0xFF,0x0E,0x9A,0xFF,0xFF,0x0E,0x9A,0xFF,0xFF,0x0E,0x9A,0xFF,0xFF,0x0E,0x9A,0xFF,0xFF,0x0E,0x9A,0xFF,0xFF,0x0E,0x9A,0xFF,0xFF,0x0E,0x9A,0xFF,0xFF,0x0E,0x9A,0xFF,0xFF,0x0E,0x9A,0xFF,0xFF,0x0E,0x9A,0xFF,0xFF,0x0E,0x9A,0xFF,0xFF,0x0E,0x9A,0xFF,0xFF,0x0E,0x9A,0xFF,0xFF,0x0E,0x9A,0xFF,0xFF,
    0x0E,0x9A,0xFF,0xFF,0x0E,0x9A,0xFF,0xFF,0x0E,0x9A,0xFF,0xFF,0x0E,0x9A,0xFF,0xFF,0x0E,0x9A,0xFF,0xFF,0x0E,0x9A,0xFF,0xFF,0x0E,0x9A,0xFF,0xFF,0x0E,0x9A,0xFF,0xFA,0x0E,0x9A,0xFF,0xDE,0x0E,0x9A,0xFF,0xFF,0x0E,0x9A,0xFF,0xFF,0x0E,0x9A,0xFF,0xFF,0x0E,0x9A,0xFF,0xFF,0x0E,0x9A,0xFF,0xFF,0x0E,0x9A,0xFF,0xFF,0x0E,0x9A,0xFF,0xFF,
    0x0E,0x9A,0xFF,0xFF,0x0E,0x9A,0xFF,0xFF,0x0E,0x9A,0xFF,0xFF,0x0E,0x9A,0xFF,0xFF,0x0E,0x9A,0xFF,0xFF,0x0E,0x9A,0xFF,0xFF,0x0E,0x9A,0xFF,0xFF,0x0E,0x9A,0xFF,0xFF,0x0E,0x9A,0xFF,0xFF,0x0E,0x9A,0xFF,0xFF,0x0E,0x9A,0xFF,0xFF,0x0E,0x9A,0xFF,0xFF,0x0E,0x9A,0xFF,0xFF,0x0E,0x9A,0xFF,0xFF,0x0E,0x9A,0xFF,0xFF,0x0E,0x9A,0xFF,0xFF,
    0x0E,0x9A,0xFF,0xFF,0x0E,0x9A,0xFF,0xFF,0x0E,0x9A,0xFF,0xFF,0x0E,0x9A,0xFF,0xFF,0x0E,0x9A,0xFF,0xFF,0x0E,0x9A,0xFF,0xFF,0x0E,0x9A,0xFF,0xFF,0x0E,0x9A,0xFF,0xFF,0x0E,0x9A,0xFF,0xFF,0x0E,0x9A,0xFF,0xFF,0x0E,0x9A,0xFF,0xFF,0x0E,0x9A,0xFF,0xFF,0x0E,0x9A,0xFF,0xFF,0x0E,0x9A,0xFF,0xFF,0x0E,0x9A,0xFF,0xFF,0x0E,0x9A,0xFF,0xFF,
    0x0E,0x9A,0xFF,0xFF,0x0E,0x9A,0xFF,0xFF,0x0E,0x9A,0xFF,0xFF,0x0E,0x9A,0xFF,0xFF,0x0E,0x9A,0xFF,0xFF,0x0E,0x9A,0xFF,0xFF,0x0E,0x9A,0xFF,0xFF,0x0E,0x9A,0xFF,0xFF,0x0E,0x9A,0xFF,0xFF,0x0E,0x9A,0xFF,0xFF,0x0E,0x9A,0xFF,0xFF,0x0E,0x9A,0xFF,0xFF,0x0E,0x9A,0xFF,0xFF,0x0E,0x9A,0xFF,0xFF,0x0E,0x9A,0xFF,0xFF,0x0E,0x9A,0xFF,0xFF,
    0x0E,0x9A,0xFF,0xFF,0x0E,0x9A,0xFF,0xFF,0x0E,0x9A,0xFF,0xFF,0x0E,0x9A,0xFF,0xFF,0x0E,0x9A,0xFF,0xFF,0x0E,0x9A,0xFF,0xFF,0x0E,0x9A,0xFF,0xFF,0x0E,0x9A,0xFF,0xFF,0x0E,0x9A,0xFF,0xFF,0x0E,0x9A,0xFF,0xFF,0x0E,0x9A,0xFF,0xFF,0x0E,0x9A,0xFF,0xFF,0x0E,0x9A,0xFF,0xFF,0x0E,0x9A,0xFF,0xFF,0x0E,0x9A,0xFF,0xFF,0x0E,0x9A,0xFF,0xFF,
    0x0E,0x9A,0xFF,0xFF,0x0E,0x9A,0xFF,0xFF,0x0E,0x9A,0xFF,0xFF,0x0E,0x9A,0xFF,0xFF,0x0E,0x9A,0xFF,0xFF,0x0E,0x9A,0xFF,0xFF,0x0E,0x9A,0xFF,0xFF,0x0E,0x9A,0xFF,0xFF,0x0E,0x9A,0xFF,0xFF,0x0E,0x9A,0xFF,0xFF,0x0E,0x9A,0xFF,0xFF,0x0E,0x9A,0xFF,0xFF,0x0E,0x9A,0xFF,0xFF,0x0E,0x9A,0xFF,0xFF,0x0E,0x9A,0xFF,0xFF,0x0E,0x9A,0xFF,0xFF,
    0x0E,0x9A,0xFF,0xFF,0x0E,0x9A,0xFF,0xFF,0x0E,0x9A,0xFF,0xFF,0x0E,0x9A,0xFF,0xFF,0x0E,0x9A,0xFF,0xFF,0x0E,0x9A,0xFF,0xFF,0x0E,0x9A,0xFF,0xFF,0x0E,0x9A,0xFF,0xFF,0x0E,0x9A,0xFF,0xFF,0x0E,0x9A,0xFF,0xFF,0x0E,0x9A,0xFF,0xFF,0x0E,0x9A,0xFF,0xFF,0x0E,0x9A,0xFF,0xFF,0x0E,0x9A,0xFF,0xFF,0x0E,0x9A,0xFF,0xFF,0x0E,0x9A,0xFF,0xFF,
    0x0E,0x9A,0xFF,0xFF,0x0E,0x9A,0xFF,0xFF,0x0E,0x9A,0xFF,0xFF,0x0E,0x9A,0xFF,0xFF,0x0E,0x9A,0xFF,0xFF,0x0E,0x9A,0xFF,0xFF,0x0E,0x9A,0xFF,0xFF,0x0E,0x9A,0xFF,0xFF,0x0E,0x9A,0xFF,0xFF,0x0E,0x9A,0xFF,0xFF,0x0E,0x9A,0xFF,0xFF,0x0E,0x9A,0xFF,0xFF,0x0E,0x9A,0xFF,0xFF,0x0E,0x9A,0xFF,0xFF,0x0E,0x9A,0xFF,0xFF,0x0E,0x9A,0xFF,0xFF,
    0x0E,0x9A,0xFF,0xFF,0x0E,0x9A,0xFF,0xFF,0x0E,0x9A,0xFF,0xFF,0x0E,0x9A,0xFF,0xFF,0x0E,0x9A,0xFF,0xFF,0x0E,0x9A,0xFF,0xFF,0x0E,0x9A,0xFF,0xFF,0x0E,0x9A,0xFF,0xFF,0x0E,0x9A,0xFF,0xFF,0x0E,0x9A,0xFF,0xFF,0x0E,0x9A,0xFF,0xFF,0x0E,0x9A,0xFF,0xFF,0x0E,0x9A,0xFF,0xFF,0x0E,0x9A,0xFF,0xFF,0x0E,0x9A,0xFF,0xFF,0x0E,0x9A,0xFF,0xFF,
    0x0E,0x9A,0xFF,0xFF,0x0E,0x9A,0xFF,0xFF,0x0E,0x9A,0xFF,0xFF,0x0E,0x9A,0xFF,0xFF,0x0E,0x9A,0xFF,0xFF,0x0E,0x9A,0xFF,0xFF,0x0E,0x9A,0xFF,0xFF,0x0E,0x9A,0xFF,0xFF,0x0E,0x9A,0xFF,0xFF,0x0E,0x9A,0xFF,0xFF,0x0E,0x9A,0xFF,0xFF,0x0E,0x9A,0xFF,0xFF,0x0E,0x9A,0xFF,0xFF,0x0E,0x9A,0xFF,0xFF,0x0E,0x9A,0xFF,0xFF,0x0E,0x9A,0xFF,0xFF,
    0x0E,0x9A,0xFF,0xFF,0x0E,0x9A,0xFF,0xFF,0x0E,0x9A,0xFF,0xFF,0x0E,0x9A,0xFF,0xFF,0x0E,0x9A,0xFF,0xFF,0x0E,0x9A,0xFF,0xFF,0x0E,0x9A,0xFF,0xFF,0x0E,0x9A,0xFF,0xFF,0x0E,0x9A,0xFF,0xFF,0x0E,0x9A,0xFF,0xFF,0x0E,0x9A,0xFF,0xFF,0x0E,0x9A,0xFF,0xFF,0x0E,0x9A,0xFF,0xFF,0x0E,0x9A,0xFF,0xFF,0x0E,0x9A,0xFF,0xFF,0x0E,0x9A,0xFF,0xFF,
    0x0E,0x9A,0xFF,0xFF,0x0E,0x9A,0xFF,0xFF,0x0E,0x9A,0xFF,0xFF,0x0E,0x9A,0xFF,0xFF,0x0E,0x9A,0xFF,0xFF,0x0E,0x9A,0xFF,0xFF,0x0E,0x9A,0xFF,0xFF,0x0E,0x9A,0xFF,0xFF,0x0E,0x9A,0xFF,0xFF,0x0E,0x9A,0xFF,0xFF,0x0E,0x9A,0xFF,0xFF,0x0E,0x9A,0xFF,0xFF,0x0E,0x9A,0xFF,0xFF,0x0E,0x9A,0xFF,0xFF,0x0E,0x9A,0xFF,0xFF,0x0E,0x9A,0xFF,0xFF,
    0x0E,0x9A,0xFF,0xFF,0x0E,0x9A,0xFF,0xFF,0x0E,0x9A,0xFF,0xFF,0x0E,0x9A,0xFF,0xFF,0x0E,0x9A,0xFF,0xFF,0x0E,0x9A,0xFF,0xFF,0x0E,0x9A,0xFF,0xFF,0x0E,0x9A,0xFF,0xFF,0x0E,0x9A,0xFF,0xFF,0x0E,0x9A,0xFF,0xFF,0x0E,0x9A,0xFF,0xFF,0x0E,0x9A,0xFF,0xFF,0x0E,0x9A,0xFF,0xFF,0x0E,0x9A,0xFF,0xFF,0x0E,0x9A,0xFF,0xFF,0x0E,0x9A,0xFF,0xFF,
    0x0E,0x9A,0xFF,0xFF,0x0E,0x9A,0xFF,0xFF,0x0E,0x9A,0xFF,0xFF,0x0E,0x9A,0xFF,0xFF,0x0E,0x9A,0xFF,0xFF,0x0E,0x9A,0xFF,0xFF,0x0E,0x9A,0xFF,0xFF,0x0E,0x9A,0xFF,0xFF,0x0E,0x9A,0xFF,0xFF,0x0E,0x9A,0xFF,0xFF,0x0E,0x9A,0xFF,0xFF,0x0E,0x9A,0xFF,0xFF,0x0E,0x9A,0xFF,0xFF,0x0E,0x9A,0xFF,0xFF,0x0E,0x9A,0xFF,0xFF,0x0E,0x9A,0xFF,0xFF,
    0x0E,0x9A,0xFF,0xFF,0x0E,0x9A,0xFF,0xFF,0x0E,0x9A,0xFF,0xFF,0x0E,0x9A,0xFF,0xFF,0x0E,0x9A,0xFF,0xFF,0x0E,0x9A,0xFF,0xFF,0x0E,0x9A,0xFF,0xFF,0x0E,0x9A,0xFF,0xFF,0x0E,0x9A,0xFF,0xFF,0x0E,0x9A,0xFF,0xFF,0x0E,0x9A,0xFF,0xFF,0x0E,0x9A,0xFF,0xFF,0x0E,0x9A,0xFF,0xFF,0x0E,0x9A,0xFF,0xFF,0x0E,0x9A,0xFF,0xFF,0x0E,0x9A,0xFF,0xFF,
    0x0E,0x9A,0xFF,0xFF,0x0E,0x9A,0xFF,0xFF,0x0E,0x9A,0xFF,0xFF,0x0E,0x9A,0xFF,0xFF,0x0E,0x9A,0xFF,0xFF,0x0E,0x9A,0xFF,0xFF,0x0E,0x9A,0xFF,0xFF,0x0E,0x9A,0xFF,0xFF,0x0E,0x9A,0xFF,0xFF,0x0E,0x9A,0xFF,0xFF,0x0E,0x9A,0xFF,0xFF,0x0E,0x9A,0xFF,0xFF,0x0E,0x9A,0xFF,0xFF,0x0E,0x9A,0xFF,0xFF,0x0E,0x9A,0xFF,0xFF,0x0E,0x9A,0xFF,0xFF,
    0x0E,0x9A,0xFF,0xFF,0x0E,0x9A,0xFF,0xFF,0x0E,0x9A,0xFF,0xFF,0x0E,0x9A,0xFF,0xFF,0x0E,0x9A,0xFF,0xFF,0x0E,0x9A,0xFF,0xFF,0x0E,0x9A,0xFF,0xFF,0x0E,0x9A,0xFF,0xFF,0x0E,0x9A,0xFF,0xFF,0x0E,0x9A,0xFF,0xFF,0x0E,0x9A,0xFF,0xFF,0x0E,0x9A,0xFF,0xFF,0x0E,0x9A,0xFF,0xFF,0x0E,0x9A,0xFF,0xFF,0x0E,0x9A,0xFF,0xFF,0x0E,0x9A,0xFF,0xFF,
    0x0E,0x9A,0xFF,0xFF,0x0E,0x9A,0xFF,0xFF,0x0E,0x9A,0xFF,0xFF,0x0E,0x9A,0xFF,0xFF,0x0E,0x9A,0xFF,0xFF,0x0E,0x9A,0xFF,0xFF,0x0E,0x9A,0xFF,0xFF,0x0E,0x9A,0xFF,0xFF,0x0E,0x9A,0xFF,0xFF,0x0E,0x9A,0xFF,0xFF,0x0E,0x9A,0xFF,0xFF,0x0E,0x9A,0xFF,0xFF,0x0E,0x9A,0xFF,0xFF,0x0E,0x9A,0xFF,0xFF,0x0E,0x9A,0xFF,0xFF,0x0E,0x9A,0xFF,0xFF,
    0x0E,0x9A,0xFF,0xFF,0x0E,0x9A,0xFF,0xFF,0x0E,0x9A,0xFF,0xFF,0x0E,0x9A,0xFF,0xFF,0x0E,0x9A,0xFF,0xFF,0x0E,0x9A,0xFF,0xFF,0x0E,0x9A,0xFF,0xFF,0x0E,0x9A,0xFF,0xFF,0x0E,0x9A,0xFF,0xFF,0x0E,0x9A,0xFF,0xFF,0x0E,0x9A,0xFF,0xFF,0x0E,0x9A,0xFF,0xFF,0x0E,0x9A,0xFF,0xFF,0x0E,0x9A,0xFF,0xFF,0x0E,0x9A,0xFF,0xFF,0x0E,0x9A,0xFF,0xFF,
    0x0E,0x9A,0xFF,0xFF,0x0E,0x9A,0xFF,0xFF,0x0E,0x9A,0xFF,0xFF,0x0E,0x9A,0xFF,0xFF,0x0E,0x9A,0xFF,0xFF,0x0E,0x9A,0xFF,0xFF,0x0E,0x9A,0xFF,0xFF,0x0E,0x9A,0xFF,0xFF,0x0E,0x9A,0xFF,0xFF,0x0E,0x9A,0xFF,0xFF,0x0E,0x9A,0xFF,0xFF,0x0E,0x9A,0xFF,0xFF,0x0E,0x9A,0xFF,0xFF,0x0E,0x9A,0xFF,0xFF,0x0E,0x9A,0xFF,0xFF,0x0E,0x9A,0xFF,0xFF,
    0x0E,0x9A,0xFF,0xFF,0x0E,0x9A,0xFF,0xFF,0x0E,0x9A,0xFF,0xFF,0x0E,0x9A,0xFF,0xFF,0x0E,0x9A,0xFF,0xFF,0x0E,0x9A,0xFF,0xFF,0x0E,0x9A,0xFF,0xFF,0x0E,0x9A,0xFF,0xFF,0x0E,0x9A,0xFF,0xFF,0x0E,0x9A,0xFF,0xFF,0x0E,0x9A,0xFF,0xFF,0x0E,0x9A,0xFF,0xFF,0x0E,0x9A,0xFF,0xFF,0x0E,0x9A,0xFF,0xFF,0x0E,0x9A,0xFF,0xFF,0x0E,0x9A,0xFF,0xFF,
    0x0E,0x9A,0xFF,0xFF,0x0E,0x9A,0xFF,0xFF,0x0E,0x9A,0xFF,0xFF,0x0E,0x9A,0xFF,0xFF,0x0E,0x9A,0xFF,0xFF,0x0E,0x9A,0xFF,0xFF,0x0E,0x9A,0xFF,0xFF,0x0E,0x9A,0xFF,0xFF,0x0E,0x9A,0xFF,0xFF,0x0E,0x9A,0xFF,0xFF,0x0E,0x9A,0xFF,0xFF,0x0E,0x9A,0xFF,0xFF,0x0E,0x9A,0xFF,0xFF,0x0E,0x9A,0xFF,0xFF,0x0E,0x9A,0xFF,0xFF,0x0E,0x9A,0xFF,0xFF,
    0x0E,0x9A,0xFF,0xFF,0x0E,0x9A,0xFF,0xFF,0x0E,0x9A,0xFF,0xFF,0x0E,0x9A,0xFF,0xFF,0x0E,0x9A,0xFF,0xFF,0x0E,0x9A,0xFF,0xFF,0x0E,0x9A,0xFF,0xFF,0x0E,0x9A,0xFF,0xFF,0x0E,0x9A,0xFF,0xFF,0x0E,0x9A,0xFF,0xFF,0x0E,0x9A,0xFF,0xFF,0x0E,0x9A,0xFF,0xFF,0x0E,0x9A,0xFF,0xFF,0x0E,0x9A,0xFF,0xFF,0x0E,0x9A,0xFF,0xFF,0x0E,0x9A,0xFF,0xDE,
    0x0E,0x9A,0xFF,0xB1,0x0E,0x9A,0xFF,0xFF,0x0E,0x9A,0xFF,0xFF,0x0E,0x9A,0xFF,0xFF,0x0E,0x9A,0xFF,0xFF,0x0E,0x9A,0xFF,0xFF,0x0E,0x9A,0xFF,0xFF,0x0E,0x9A,0xFF,0xFF,0x0E,0x9A,0xFF,0xFF,0x0E,0x9A,0xFF,0xFF,0x0E,0x9A,0xFF,0xFF,0x0E,0x9A,0xFF,0xFF,0x0E,0x9A,0xFF,0xFF,0x0E,0x9A,0xFF,0xFF,0x0E,0x9A,0xFF,0xFF,0x0E,0x9A,0xFF,0xFF,
    0x0E,0x9A,0xFF,0xFF,0x0E,0x9A,0xFF,0xFF,0x0E,0x9A,0xFF,0xFF,0x0E,0x9A,0xFF,0xFF,0x0E,0x9A,0xFF,0xFF,0x0E,0x9A,0xFF,0xFF,0x0E,0x9A,0xFF,0xFF,0x0E,0x9A,0xFF,0xFF,0x0E,0x9A,0xFF,0xFF,0x0E,0x9A,0xFF,0xFF,0x0E,0x9A,0xFF,0xFF,0x0E,0x9A,0xFF,0xFF,0x0E,0x9A,0xFF,0xFF,0x0E,0x9A,0xFF,0xFF,0x0E,0x9A,0xFF,0xFF,0x0E,0x9A,0xFF,0xFF,
    0x0E,0x9A,0xFF,0xFF,0x0E,0x9A,0xFF,0xFF,0x0E,0x9A,0xFF,0xFF,0x0E,0x9A,0xFF,0xFF,0x0E,0x9A,0xFF,0xFF,0x0E,0x9A,0xFF,0xFF,0x0E,0x9A,0xFF,0xFF,0x0E,0x9A,0xFF,0xFF,0x0E,0x9A,0xFF,0xFF,0x0E,0x9A,0xFF,0xFF,0x0E,0x9A,0xFF,0xFF,0x0E,0x9A,0xFF,0xFF,0x0E,0x9A,0xFF,0xFF,0x0E,0x9A,0xFF,0xFF,0x0E,0x9A,0xFF,0xFF,0x0E,0x9A,0xFF,0xFF,
    0x0E,0x9A,0xFF,0xFF,0x0E,0x9A,0xFF,0xFF,0x0E,0x9A,0xFF,0xFF,0x0E,0x9A,0xFF,0xFF,0x0E,0x9A,0xFF,0xFF,0x0E,0x9A,0xFF,0xFF,0x0E,0x9A,0xFF,0xFF,0x0E,0x9A,0xFF,0xFF,0x0E,0x9A,0xFF,0xFF,0x0E,0x9A,0xFF,0xFF,0x0E,0x9A,0xFF,0xFF,0x0E,0x9A,0xFF,0xFF,0x0E,0x9A,0xFF,0xFF,0x0E,0x9A,0xFF,0xFF,0x0E,0x9A,0xFF,0xFF,0x0E,0x9A,0xFF,0xFF,
    0x0E,0x9A,0xFF,0xFF,0x0E,0x9A,0xFF,0xFF,0x0E,0x9A,0xFF,0xFF,0x0E,0x9A,0xFF,0xFF,0x0E,0x9A,0xFF,0xFF,0x0E,0x9A,0xFF,0xFF,0x0E,0x9A,0xFF,0xFF,0x0E,0x9A,0xFF,0xFF,0x0E,0x9A,0xFF,0xFF,0x0E,0x9A,0xFF,0xFF,0x0E,0x9A,0xFF,0xFF,0x0E,0x9A,0xFF,0xFF,0x0E,0x9A,0xFF,0xFF,0x0E,0x9A,0xFF,0xFF,0x0E,0x9A,0xFF,0xFF,0x0E,0x9A,0xFF,0xFF,
    0x0E,0x9A,0xFF,0xFF,0x0E,0x9A,0xFF,0xFF,0x0E,0x9A,0xFF,0xFF,0x0E,0x9A,0xFF,0xFF,0x0E,0x9A,0xFF,0xFF,0x0E,0x9A,0xFF,0xFF,0x0E,0x9A,0xFF,0xFF,0x0E,0x9A,0xFF,0xFF,0x0E,0x9A,0xFF,0xFF,0x0E,0x9A,0xFF,0xFF,0x0E,0x9A,0xFF,0xFF,0x0E,0x9A,0xFF,0xFF,0x0E,0x9A,0xFF,0xFF,0x0E,0x9A,0xFF,0xFF,0x0E,0x9A,0xFF,0xFF,0x0E,0x9A,0xFF,0xFF,
    0x0E,0x9A,0xFF,0xFF,0x0E,0x9A,0xFF,0xFF,0x0E,0x9A,0xFF,0xFF,0x0E,0x9A,0xFF,0xFF,0x0E,0x9A,0xFF,0xFF,0x0E,0x9A,0xFF,0xFF,0x0E,0x9A,0xFF,0xFF,0x0E,0x9A,0xFF,0xFF,0x0E,0x9A,0xFF,0xFF,0x0E,0x9A,0xFF,0xFF,0x0E,0x9A,0xFF,0xFF,0x0E,0x9A,0xFF,0xFF,0x0E,0x9A,0xFF,0xFF,0x0E,0x9A,0xFF,0xFF,0x0E,0x9A,0xFF,0xFF,0x0E,0x9A,0xFF,0xFF,
    0x0E,0x9A,0xFF,0xFF,0x0E,0x9A,0xFF,0xFF,0x0E,0x9A,0xFF,0xFF,0x0E,0x9A,0xFF,0xFF,0x0E,0x9A,0xFF,0xFF,0x0E,0x9A,0xFF,0xFF,0x0E,0x9A,0xFF,0xFF,0x0E,0x9A,0xFF,0xFF,0x0E,0x9A,0xFF,0xFF,0x0E,0x9A,0xFF,0xFF,0x0E,0x9A,0xFF,0xFF,0x0E,0x9A,0xFF,0xFF,0x0E,0x9A,0xFF,0xFF,0x0E,0x9A,0xFF,0xFF,0x0E,0x9A,0xFF,0xFF,0x0E,0x9A,0xFF,0xFF,
    0x0E,0x9A,0xFF,0xFF,0x0E,0x9A,0xFF,0xFF,0x0E,0x9A,0xFF,0xFF,0x0E,0x9A,0xFF,0xFF,0x0E,0x9A,0xFF,0xFF,0x0E,0x9A,0xFF,0xFF,0x0E,0x9A,0xFF,0xFF,0x0E,0x9A,0xFF,0xFF,0x0E,0x9A,0xFF,0xFF,0x0E,0x9A,0xFF,0xFF,0x0E,0x9A,0xFF,0xFF,0x0E,0x9A,0xFF,0xFF,0x0E,0x9A,0xFF,0xFF,0x0E,0x9A,0xFF,0xFF,0x0E,0x9A,0xFF,0xFF,0x0E,0x9A,0xFF,0xFF,
    0x0E,0x9A,0xFF,0xFF,0x0E,0x9A,0xFF,0xFF,0x0E,0x9A,0xFF,0xFF,0x0E,0x9A,0xFF,0xFF,0x0E,0x9A,0xFF,0xFF,0x0E,0x9A,0xFF,0xFF,0x0E,0x9A,0xFF,0xFF,0x0E,0x9A,0xFF,0xFF,0x0E,0x9A,0xFF,0xFF,0x0E,0x9A,0xFF,0xFF,0x0E,0x9A,0xFF,0xFF,0x0E,0x9A,0xFF,0xFF,0x0E,0x9A,0xFF,0xFF,0x0E,0x9A,0xFF,0xFF,0x0E,0x9A,0xFF,0xFF,0x0E,0x9A,0xFF,0xFF,
    0x0E,0x9A,0xFF,0xFF,0x0E,0x9A,0xFF,0xFF,0x0E,0x9A,0xFF,0xFF,0x0E,0x9A,0xFF,0xFF,0x0E,0x9A,0xFF,0xFF,0x0E,0x9A,0xFF,0xFF,0x0E,0x9A,0xFF,0xFF,0x0E,0x9A,0xFF,0xFF,0x0E,0x9A,0xFF,0xFF,0x0E,0x9A,0xFF,0xFF,0x0E,0x9A,0xFF,0xFF,0x0E,0x9A,0xFF,0xFF,0x0E,0x9A,0xFF,0xFF,0x0E,0x9A,0xFF,0xFF,0x0E,0x9A,0xFF,0xFF,0x0E,0x9A,0xFF,0xFF,
    0x0E,0x9A,0xFF,0xFF,0x0E,0x9A,0xFF,0xFF,0x0E,0x9A,0xFF,0xFF,0x0E,0x9A,0xFF,0xFF,0x0E,0x9A,0xFF,0xFF,0x0E,0x9A,0xFF,0xFF,0x0E,0x9A,0xFF,0xFF,0x0E,0x9A,0xFF,0xFF,0x0E,0x9A,0xFF,0xFF,0x0E,0x9A,0xFF,0xFF,0x0E,0x9A,0xFF,0xFF,0x0E,0x9A,0xFF,0xFF,0x0E,0x9A,0xFF,0xFF,0x0E,0x9A,0xFF,0xFF,0x0E,0x9A,0xFF,0xFF,0x0E,0x9A,0xFF,0xFF,
    0x0E,0x9A,0xFF,0xFF,0x0E,0x9A,0xFF,0xFF,0x0E,0x9A,0xFF,0xFF,0x0E,0x9A,0xFF,0xFF,0x0E,0x9A,0xFF,0xFF,0x0E,0x9A,0xFF,0xFF,0x0E,0x9A,0xFF,0xFF,0x0E,0x9A,0xFF,0xFF,0x0E,0x9A,0xFF,0xFF,0x0E,0x9A,0xFF,0xFF,0x0E,0x9A,0xFF,0xFF,0x0E,0x9A,0xFF,0xFF,0x0E,0x9A,0xFF,0xFF,0x0E,0x9A,0xFF,0xFF,0x0E,0x9A,0xFF,0xFF,0x0E,0x9A,0xFF,0xFF,
    0x0E,0x9A,0xFF,0xFF,0x0E,0x9A,0xFF,0xFF,0x0E,0x9A,0xFF,0xFF,0x0E,0x9A,0xFF,0xFF,0x0E,0x9A,0xFF,0xFF,0x0E,0x9A,0xFF,0xFF,0x0E,0x9A,0xFF,0xFF,0x0E,0x9A,0xFF,0xFF,0x0E,0x9A,0xFF,0xFF,0x0E,0x9A,0xFF,0xFF,0x0E,0x9A,0xFF,0xFF,0x0E,0x9A,0xFF,0xFF,0x0E,0x9A,0xFF,0xFF,0x0E,0x9A,0xFF,0xFF,0x0E,0x9A,0xFF,0xFF,0x0E,0x9A,0xFF,0xFF,
    0x0E,0x9A,0xFF,0xFF,0x0E,0x9A,0xFF,0xFF,0x0E,0x9A,0xFF,0xFF,0x0E,0x9A,0xFF,0xFF,0x0E,0x9A,0xFF,0xFF,0x0E,0x9A,0xFF,0xFF,0x0E,0x9A,0xFF,0xFF,0x0E,0x9A,0xFF,0xFF,0x0E,0x9A,0xFF,0xFF,0x0E,0x9A,0xFF,0xFF,0x0E,0x9A,0xFF,0xFF,0x0E,0x9A,0xFF,0xFF,0x0E,0x9A,0xFF,0xFF,0x0E,0x9A,0xFF,0xFF,0x0E,0x9A,0xFF,0xFF,0x0E,0x9A,0xFF,0xFF,
    0x0E,0x9A,0xFF,0xFF,0x0E,0x9A,0xFF,0xFF,0x0E,0x9A,0xFF,0xFF,0x0E,0x9A,0xFF,0xFF,0x0E,0x9A,0xFF,0xFF,0x0E,0x9A,0xFF,0xFF,0x0E,0x9A,0xFF,0xFF,0x0E,0x9A,0xFF,0xFF,0x0E,0x9A,0xFF,0xFF,0x0E,0x9A,0xFF,0xFF,0x0E,0x9A,0xFF,0xFF,0x0E,0x9A,0xFF,0xFF,0x0E,0x9A,0xFF,0xFF,0x0E,0x9A,0xFF,0xFF,0x0E,0x9A,0xFF,0xFF,0x0E,0x9A,0xFF,0xFF,
    0x0E,0x9A,0xFF,0xFF,0x0E,0x9A,0xFF,0xFF,0x0E,0x9A,0xFF,0xFF,0x0E,0x9A,0xFF,0xFF,0x0E,0x9A,0xFF,0xFF,0x0E,0x9A,0xFF,0xFF,0x0E,0x9A,0xFF,0xFF,0x0E,0x9A,0xFF,0xFF,0x0E,0x9A,0xFF,0xFF,0x0E,0x9A,0xFF,0xFF,0x0E,0x9A,0xFF,0xFF,0x0E,0x9A,0xFF,0xFF,0x0E,0x9A,0xFF,0xFF,0x0E,0x9A,0xFF,0xFF,0x0E,0x9A,0xFF,0xFF,0x0E,0x9A,0xFF,0xFF,
    0x0E,0x9A,0xFF,0xFF,0x0E,0x9A,0xFF,0xFF,0x0E,0x9A,0xFF,0xFF,0x0E,0x9A,0xFF,0xFF,0x0E,0x9A,0xFF,0xFF,0x0E,0x9A,0xFF,0xFF,0x0E,0x9A,0xFF,0xFF,0x0E,0x9A,0xFF,0xFF,0x0E,0x9A,0xFF,0xFF,0x0E,0x9A,0xFF,0xFF,0x0E,0x9A,0xFF,0xFF,0x0E,0x9A,0xFF,0xFF,0x0E,0x9A,0xFF,0xFF,0x0E,0x9A,0xFF,0xFF,0x0E,0x9A,0xFF,0xFF,0x0E,0x9A,0xFF,0xFF,
    0x0E,0x9A,0xFF,0xFF,0x0E,0x9A,0xFF,0xFF,0x0E,0x9A,0xFF,0xFF,0x0E,0x9A,0xFF,0xFF,0x0E,0x9A,0xFF,0xFF,0x0E,0x9A,0xFF,0xFF,0x0E,0x9A,0xFF,0xFF,0x0E,0x9A,0xFF,0xFF,0x0E,0x9A,0xFF,0xFF,0x0E,0x9A,0xFF,0xFF,0x0E,0x9A,0xFF,0xFF,0x0E,0x9A,0xFF,0xFF,0x0E,0x9A,0xFF,0xFF,0x0E,0x9A,0xFF,0xFF,0x0E,0x9A,0xFF,0xFF,0x0E,0x9A,0xFF,0xFF,
    0x0E,0x9A,0xFF,0xFF,0x0E,0x9A,0xFF,0xFF,0x0E,0x9A,0xFF,0xFF,0x0E,0x9A,0xFF,0xFF,0x0E,0x9A,0xFF,0xFF,0x0E,0x9A,0xFF,0xFF,0x0E,0x9A,0xFF,0xFF,0x0E,0x9A,0xFF,0xFF,0x0E,0x9A,0xFF,0xFF,0x0E,0x9A,0xFF,0xFF,0x0E,0x9A,0xFF,0xFF,0x0E,0x9A,0xFF,0xFF,0x0E,0x9A,0xFF,0xFF,0x0E,0x9A,0xFF,0xFF,0x0E,0x9A,0xFF,0xFF,0x0E,0x9A,0xFF,0xFF,
    0x0E,0x9A,0xFF,0xFF,0x0E,0x9A,0xFF,0xFF,0x0E,0x9A,0xFF,0xFF,0x0E,0x9A,0xFF,0xFF,0x0E,0x9A,0xFF,0xFF,0x0E,0x9A,0xFF,0xFF,0x0E,0x9A,0xFF,0xFF,0x0E,0x9A,0xFF,0xFF,0x0E,0x9A,0xFF,0xFF,0x0E,0x9A,0xFF,0xFF,0x0E,0x9A,0xFF,0xFF,0x0E,0x9A,0xFF,0xFF,0x0E,0x9A,0xFF,0xFF,0x0E,0x9A,0xFF,0xFF,0x0E,0x9A,0xFF,0xFF,0x0E,0x9A,0xFF,0xFF,
    0x0E,0x9A,0xFF,0xFF,0x0E,0x9A,0xFF,0xFF,0x0E,0x9A,0xFF,0xFF,0x0E,0x9A,0xFF,0xFF,0x0E,0x9A,0xFF,0xFF,0x0E,0x9A,0xFF,0xFF,0x0E,0x9A,0xFF,0xFF,0x0E,0x9A,0xFF,0xFF,0x0E,0x9A,0xFF,0xFF,0x0E,0x9A,0xFF,0xFF,0x0E,0x9A,0xFF,0xFF,0x0E,0x9A,0xFF,0xFF,0x0E,0x9A,0xFF,0xFF,0x0E,0x9A,0xFF,0xFF,0x0E,0x9A,0xFF,0xFF,0x0E,0x9A,0xFF,0xFF,
    0x0E,0x9A,0xFF,0xFF,0x0E,0x9A,0xFF,0xFF,0x0E,0x9A,0xFF,0xFF,0x0E,0x9A,0xFF,0xFF,0x0E,0x9A,0xFF,0xFF,0x0E,0x9A,0xFF,0xFF,0x0E,0x9A,0xFF,0xFF,0x0E,0x9A,0xFF,0xB1,0x0E,0x99,0xFF,0x5A,0x0E,0x9A,0xFF,0xFF,0x0E,0x9A,0xFF,0xFF,0x0E,0x9A,0xFF,0xFF,0x0E,0x9A,0xFF,0xFF,0x0E,0x9A,0xFF,0xFF,0x0E,0x9A,0xFF,0xFF,0x0E,0x9A,0xFF,0xFF,
    0x0E,0x9A,0xFF,0xFF,0x0E,0x9A,0xFF,0xFF,0x0E,0x9A,0xFF,0xFF,0x0E,0x9A,0xFF,0xFF,0x0E,0x9A,0xFF,0xFF,0x0E,0x9A,0xFF,0xFF,0x0E,0x9A,0xFF,0xFF,0x0E,0x9A,0xFF,0xFF,0x0E,0x9A,0xFF,0xFF,0x0E,0x9A,0xFF,0xFF,0x0E,0x9A,0xFF,0xFF,0x0E,0x9A,0xFF,0xFF,0x0E,0x9A,0xFF,0xFF,0x0E,0x9A,0xFF,0xFF,0x0E,0x9A,0xFF,0xFF,0x0E,0x9A,0xFF,0xFF,
    0x0E,0x9A,0xFF,0xFF,0x0E,0x9A,0xFF,0xFF,0x0E,0x9A,0xFF,0xFF,0x0E,0x9A,0xFF,0xFF,0x0E,0x9A,0xFF,0xFF,0x0E,0x9A,0xFF,0xFF,0x0E,0x9A,0xFF,0xFF,0x0E,0x9A,0xFF,0xFF,0x0E,0x9A,0xFF,0xFF,0x0E,0x9A,0xFF,0xFF,0x0E,0x9A,0xFF,0xFF,0x0E,0x9A,0xFF,0xFF,0x0E,0x9A,0xFF,0xFF,0x0E,0x9A,0xFF,0xFF,0x0E,0x9A,0xFF,0xFF,0x0E,0x9A,0xFF,0xFF,
    0x0E,0x9A,0xFF,0xFF,0x0E,0x9A,0xFF,0xFF,0x0E,0x9A,0xFF,0xFF,0x0E,0x9A,0xFF,0xFF,0x0E,0x9A,0xFF,0xFF,0x0E,0x9A,0xFF,0xFF,0x0E,0x9A,0xFF,0xFF,0x0E,0x9A,0xFF,0xFF,0x0E,0x9A,0xFF,0xFF,0x0E,0x9A,0xFF,0xFF,0x0E,0x9A,0xFF,0xFF,0x0E,0x9A,0xFF,0xFF,0x0E,0x9A,0xFF,0xFF,0x0E,0x9A,0xFF,0xFF,0x0E,0x9A,0xFF,0xFF,0x0E,0x9A,0xFF,0xFF,
    0x0E,0x9A,0xFF,0xFF,0x0E,0x9A,0xFF,0xFF,0x0E,0x9A,0xFF,0xFF,0x0E,0x9A,0xFF,0xFF,0x0E,0x9A,0xFF,0xFF,0x0E,0x9A,0xFF,0xFF,0x0E,0x9A,0xFF,0xFF,0x0E,0x9A,0xFF,0xFF,0x0E,0x9A,0xFF,0xFF,0x0E,0x9A,0xFF,0xFF,0x0E,0x9A,0xFF,0xFF,0x0E,0x9A,0xFF,0xFF,0x0E,0x9A,0xFF,0xFF,0x0E,0x9A,0xFF,0xFF,0x0E,0x9A,0xFF,0xFF,0x0E,0x9A,0xFF,0xFF,
    0x0E,0x9A,0xFF,0xFF,0x0E,0x9A,0xFF,0xFF,0x0E,0x9A,0xFF,0xFF,0x0E,0x9A,0xFF,0xFF,0x0E,0x9A,0xFF,0xFF,0x0E,0x9A,0xFF,0xFF,0x0E,0x9A,0xFF,0xFF,0x0E,0x9A,0xFF,0xFF,0x0E,0x9A,0xFF,0xFF,0x0E,0x9A,0xFF,0xFF,0x0E,0x9A,0xFF,0xFF,0x0E,0x9A,0xFF,0xFF,0x0E,0x9A,0xFF,0xFF,0x0E,0x9A,0xFF,0xFF,0x0E,0x9A,0xFF,0xFF,0x0E,0x9A,0xFF,0xFF,
    0x0E,0x9A,0xFF,0xFF,0x0E,0x9A,0xFF,0xFF,0x0E,0x9A,0xFF,0xFF,0x0E,0x9A,0xFF,0xFF,0x0E,0x9A,0xFF,0xFF,0x0E,0x9A,0xFF,0xFF,0x0E,0x9A,0xFF,0xFF,0x0E,0x9A,0xFF,0xFF,0x0E,0x9A,0xFF,0xFF,0x0E,0x9A,0xFF,0xFF,0x0E,0x9A,0xFF,0xFF,0x0E,0x9A,0xFF,0xFF,0x0E,0x9A,0xFF,0xFF,0x0E,0x9A,0xFF,0xFF,0x0E,0x9A,0xFF,0xFF,0x0E,0x9A,0xFF,0xFF,
    0x0E,0x9A,0xFF,0xFF,0x0E,0x9A,0xFF,0xFF,0x0E,0x9A,0xFF,0xFF,0x0E,0x9A,0xFF,0xFF,0x0E,0x9A,0xFF,0xFF,0x0E,0x9A,0xFF,0xFF,0x0E,0x9A,0xFF,0xFF,0x0E,0x9A,0xFF,0xFF,0x0E,0x9A,0xFF,0xFF,0x0E,0x9A,0xFF,0xFF,0x0E,0x9A,0xFF,0xFF,0x0E,0x9A,0xFF,0xFF,0x0E,0x9A,0xFF,0xFF,0x0E,0x9A,0xFF,0xFF,0x0E,0x9A,0xFF,0xFF,0x0E,0x9A,0xFF,0xFF,
    0x0E,0x9A,0xFF,0xFF,0x0E,0x9A,0xFF,0xFF,0x0E,0x9A,0xFF,0xFF,0x0E,0x9A,0xFF,0xFF,0x0E,0x9A,0xFF,0xFF,0x0E,0x9A,0xFF,0xFF,0x0E,0x9A,0xFF,0xFF,0x0E,0x9A,0xFF,0xFF,0x0E,0x9A,0xFF,0xFF,0x0E,0x9A,0xFF,0xFF,0x0E,0x9A,0xFF,0xFF,0x0E,0x9A,0xFF,0xFF,0x0E,0x9A,0xFF,0xFF,0x0E,0x9A,0xFF,0xFF,0x0E,0x9A,0xFF,0xFF,0x0E,0x9A,0xFF,0xFF,
    0x0E,0x9A,0xFF,0xFF,0x0E,0x9A,0xFF,0xFF,0x0E,0x9A,0xFF,0xFF,0x0E,0x9A,0xFF,0xFF,0x0E,0x9A,0xFF,0xFF,0x0E,0x9A,0xFF,0xFF,0x0E,0x9A,0xFF,0xFF,0x0E,0x9A,0xFF,0xFF,0x0E,0x9A,0xFF,0xFF,0x0E,0x9A,0xFF,0xFF,0x0E,0x9A,0xFF,0xFF,0x0E,0x9A,0xFF,0xFF,0x0E,0x9A,0xFF,0xFF,0x0E,0x9A,0xFF,0xFF,0x0E,0x9A,0xFF,0xFF,0x0E,0x9A,0xFF,0xFF,
    0x0E,0x9A,0xFF,0xFF,0x0E,0x9A,0xFF,0xFF,0x0E,0x9A,0xFF,0xFF,0x0E,0x9A,0xFF,0xFF,0x0E,0x9A,0xFF,0xFF,0x0E,0x9A,0xFF,0xFF,0x0E,0x9A,0xFF,0xFF,0x0E,0x9A,0xFF,0xFF,0x0E,0x9A,0xFF,0xFF,0x0E,0x9A,0xFF,0xFF,0x0E,0x9A,0xFF,0xFF,0x0E,0x9A,0xFF,0xFF,0x0E,0x9A,0xFF,0xFF,0x0E,0x9A,0xFF,0xFF,0x0E,0x9A,0xFF,0xFF,0x0E,0x9A,0xFF,0xFF,
    0x0E,0x9A,0xFF,0xFF,0x0E,0x9A,0xFF,0xFF,0x0E,0x9A,0xFF,0xFF,0x0E,0x9A,0xFF,0xFF,0x0E,0x9A,0xFF,0xFF,0x0E,0x9A,0xFF,0xFF,0x0E,0x9A,0xFF,0xFF,0x0E,0x9A,0xFF,0xFF,0x0E,0x9A,0xFF,0xFF,0x0E,0x9A,0xFF,0xFF,0x0E,0x9A,0xFF,0xFF,0x0E,0x9A,0xFF,0xFF,0x0E,0x9A,0xFF,0xFF,0x0E,0x9A,0xFF,0xFF,0x0E,0x9A,0xFF,0xFF,0x0E,0x9A,0xFF,0xFF,
    0x0E,0x9A,0xFF,0xFF,0x0E,0x9A,0xFF,0xFF,0x0E,0x9A,0xFF,0xFF,0x0E,0x9A,0xFF,0xFF,0x0E,0x9A,0xFF,0xFF,0x0E,0x9A,0xFF,0xFF,0x0E,0x9A,0xFF,0xFF,0x0E,0x9A,0xFF,0xFF,0x0E,0x9A,0xFF,0xFF,0x0E,0x9A,0xFF,0xFF,0x0E,0x9A,0xFF,0xFF,0x0E,0x9A,0xFF,0xFF,0x0E,0x9A,0xFF,0xFF,0x0E,0x9A,0xFF,0xFF,0x0E,0x9A,0xFF,0xFF,0x0E,0x9A,0xFF,0xFF,
    0x0E,0x9A,0xFF,0xFF,0x0E,0x9A,0xFF,0xFF,0x0E,0x9A,0xFF,0xFF,0x0E,0x9A,0xFF,0xFF,0x0E,0x9A,0xFF,0xFF,0x0E,0x9A,0xFF,0xFF,0x0E,0x9A,0xFF,0xFF,0x0E,0x9A,0xFF,0xFF,0x0E,0x9A,0xFF,0xFF,0x0E,0x9A,0xFF,0xFF,0x0E,0x9A,0xFF,0xFF,0x0E,0x9A,0xFF,0xFF,0x0E,0x9A,0xFF,0xFF,0x0E,0x9A,0xFF,0xFF,0x0E,0x9A,0xFF,0xFF,0x0E,0x9A,0xFF,0xFF,
    0x0E,0x9A,0xFF,0xFF,0x0E,0x9A,0xFF,0xFF,0x0E,0x9A,0xFF,0xFF,0x0E,0x9A,0xFF,0xFF,0x0E,0x9A,0xFF,0xFF,0x0E,0x9A,0xFF,0xFF,0x0E,0x9A,0xFF,0xFF,0x0E,0x9A,0xFF,0xFF,0x0E,0x9A,0xFF,0xFF,0x0E,0x9A,0xFF,0xFF,0x0E,0x9A,0xFF,0xFF,0x0E,0x9A,0xFF,0xFF,0x0E,0x9A,0xFF,0xFF,0x0E,0x9A,0xFF,0xFF,0x0E,0x9A,0xFF,0xFF,0x0E,0x9A,0xFF,0xFF,
    0x0E,0x9A,0xFF,0xFF,0x0E,0x9A,0xFF,0xFF,0x0E,0x9A,0xFF,0xFF,0x0E,0x9A,0xFF,0xFF,0x0E,0x9A,0xFF,0xFF,0x0E,0x9A,0xFF,0xFF,0x0E,0x9A,0xFF,0xFF,0x0E,0x9A,0xFF,0xFF,0x0E,0x9A,0xFF,0xFF,0x0E,0x9A,0xFF,0xFF,0x0E,0x9A,0xFF,0xFF,0x0E,0x9A,0xFF,0xFF,0x0E,0x9A,0xFF,0xFF,0x0E,0x9A,0xFF,0xFF,0x0E,0x9A,0xFF,0xFF,0x0E,0x9A,0xFF,0xFF,
    0x0E,0x9A,0xFF,0xFF,0x0E,0x9A,0xFF,0xFF,0x0E,0x9A,0xFF,0xFF,0x0E,0x9A,0xFF,0xFF,0x0E,0x9A,0xFF,0xFF,0x0E,0x9A,0xFF,0xFF,0x0E,0x9A,0xFF,0xFF,0x0E,0x9A,0xFF,0xFF,0x0E,0x9A,0xFF,0xFF,0x0E,0x9A,0xFF,0xFF,0x0E,0x9A,0xFF,0xFF,0x0E,0x9A,0xFF,0xFF,0x0E,0x9A,0xFF,0xFF,0x0E,0x9A,0xFF,0xFF,0x0E,0x9A,0xFF,0xFF,0x0E,0x9A,0xFF,0xFF,
    0x0E,0x9A,0xFF,0xFF,0x0E,0x9A,0xFF,0xFF,0x0E,0x9A,0xFF,0xFF,0x0E,0x9A,0xFF,0xFF,0x0E,0x9A,0xFF,0xFF,0x0E,0x9A,0xFF,0xFF,0x0E,0x9A,0xFF,0xFF,0x0E,0x9A,0xFF,0xFF,0x0E,0x9A,0xFF,0xFF,0x0E,0x9A,0xFF,0xFF,0x0E,0x9A,0xFF,0xFF,0x0E,0x9A,0xFF,0xFF,0x0E,0x9A,0xFF,0xFF,0x0E,0x9A,0xFF,0xFF,0x0E,0x9A,0xFF,0xFF,0x0E,0x9A,0xFF,0xFF,
    0x0E,0x9A,0xFF,0xFF,0x0E,0x9A,0xFF,0xFF,0x0E,0x9A,0xFF,0xFF,0x0E,0x9A,0xFF,0xFF,0x0E,0x9A,0xFF,0xFF,0x0E,0x9A,0xFF,0xFF,0x0E,0x9A,0xFF,0xFF,0x0E,0x9A,0xFF,0xFF,0x0E,0x9A,0xFF,0xFF,0x0E,0x9A,0xFF,0xFF,0x0E,0x9A,0xFF,0xFF,0x0E,0x9A,0xFF,0xFF,0x0E,0x9A,0xFF,0xFF,0x0E,0x9A,0xFF,0xFF,0x0E,0x9A,0xFF,0xFF,0x0E,0x9A,0xFF,0xFF,
    0x0E,0x9A,0xFF,0xFF,0x0E,0x9A,0xFF,0xFF,0x0E,0x9A,0xFF,0xFF,0x0E,0x9A,0xFF,0xFF,0x0E,0x9A,0xFF,0xFF,0x0E,0x9A,0xFF,0xFF,0x0E,0x9A,0xFF,0xFF,0x0E,0x9A,0xFF,0xFF,0x0E,0x9A,0xFF,0xFF,0x0E,0x9A,0xFF,0xFF,0x0E,0x9A,0xFF,0xFF,0x0E,0x9A,0xFF,0xFF,0x0E,0x9A,0xFF,0xFF,0x0E,0x9A,0xFF,0xFF,0x0E,0x9A,0xFF,0xFF,0x0E,0x9A,0xFF,0xFF,
    0x0E,0x9A,0xFF,0xFF,0x0E,0x9A,0xFF,0xFF,0x0E,0x9A,0xFF,0xFF,0x0E,0x9A,0xFF,0xFF,0x0E,0x9A,0xFF,0xFF,0x0E,0x9A,0xFF,0xFF,0x0E,0x9A,0xFF,0xFF,0x0E,0x9A,0xFF,0xFF,0x0E,0x9A,0xFF,0xFF,0x0E,0x9A,0xFF,0xFF,0x0E,0x9A,0xFF,0xFF,0x0E,0x9A,0xFF,0xFF,0x0E,0x9A,0xFF,0xFF,0x0E,0x9A,0xFF,0xFF,0x0E,0x9A,0xFF,0xFF,0x0E,0x9A,0xFF,0xFF,
    0x0E,0x9A,0xFF,0xFF,0x0E,0x9A,0xFF,0xFF,0x0E,0x9A,0xFF,0xFF,0x0E,0x9A,0xFF,0xFF,0x0E,0x9A,0xFF,0xFF,0x0E,0x9A,0xFF,0xFF,0x0E,0x9A,0xFF,0xFF,0x0E,0x9A,0xFF,0xFF,0x0E,0x9A,0xFF,0xFF,0x0E,0x9A,0xFF,0xFF,0x0E,0x9A,0xFF,0xFF,0x0E,0x9A,0xFF,0xFF,0x0E,0x9A,0xFF,0xFF,0x0E,0x9A,0xFF,0xFF,0x0E,0x9A,0xFF,0xFF,0x0E,0x9A,0xFF,0xFF,
    0x0E,0x9A,0xFF,0xFF,0x0E,0x9A,0xFF,0xFF,0x0E,0x9A,0xFF,0xFF,0x0E,0x9A,0xFF,0xFF,0x0E,0x9A,0xFF,0xFF,0x0E,0x9A,0xFF,0xFF,0x0E,0x9A,0xFF,0xFF,0x0E,0x9A,0xFF,0xFF,0x0E,0x9A,0xFF,0xFF,0x0E,0x9A,0xFF,0xFF,0x0E,0x9A,0xFF,0xFF,0x0E,0x9A,0xFF,0xFF,0x0E,0x9A,0xFF,0xFF,0x0E,0x9A,0xFF,0xFF,0x0E,0x9A,0xFF,0xFF,0x0E,0x99,0xFF,0x5A,
    0x10,0x8F,0xFF,0x10,0x0E,0x9A,0xFF,0xDE,0x0E,0x9A,0xFF,0xFF,0x0E,0x9A,0xFF,0xFF,0x0E,0x9A,0xFF,0xFF,0x0E,0x9A,0xFF,0xFF,0x0E,0x9A,0xFF,0xFF,0x0E,0x9A,0xFF,0xFF,0x0E,0x9A,0xFF,0xFF,0x0E,0x9A,0xFF,0xFF,0x0E,0x9A,0xFF,0xFF,0x0E,0x9A,0xFF,0xFF,0x0E,0x9A,0xFF,0xFF,0x0E,0x9A,0xFF,0xFF,0x0E,0x9A,0xFF,0xFF,0x0E,0x9A,0xFF,0xFF,
    0x0E,0x9A,0xFF,0xFF,0x0E,0x9A,0xFF,0xFF,0x0E,0x9A,0xFF,0xFF,0x0E,0x9A,0xFF,0xFF,0x0E,0x9A,0xFF,0xFF,0x0E,0x9A,0xFF,0xFF,0x0E,0x9A,0xFF,0xFF,0x0E,0x9A,0xFF,0xFF,0x0E,0x9A,0xFF,0xFF,0x0E,0x9A,0xFF,0xFF,0x0E,0x9A,0xFF,0xFF,0x0E,0x9A,0xFF,0xFF,0x0E,0x9A,0xFF,0xFF,0x0E,0x9A,0xFF,0xFF,0x0E,0x9A,0xFF,0xFF,0x0E,0x9A,0xFF,0xFF,
    0x0E,0x9A,0xFF,0xFF,0x0E,0x9A,0xFF,0xFF,0x0E,0x9A,0xFF,0xFF,0x0E,0x9A,0xFF,0xFF,0x0E,0x9A,0xFF,0xFF,0x0E,0x9A,0xFF,0xFF,0x0E,0x9A,0xFF,0xFF,0x0E,0x9A,0xFF,0xFF,0x0E,0x9A,0xFF,0xFF,0x0E,0x9A,0xFF,0xFF,0x0E,0x9A,0xFF,0xFF,0x0E,0x9A,0xFF,0xFF,0x0E,0x9A,0xFF,0xFF,0x0E,0x9A,0xFF,0xFF,0x0E,0x9A,0xFF,0xFF,0x0E,0x9A,0xFF,0xFF,
    0x0E,0x9A,0xFF,0xFF,0x0E,0x9A,0xFF,0xFF,0x0E,0x9A,0xFF,0xFF,0x0E,0x9A,0xFF,0xFF,0x0E,0x9A,0xFF,0xFF,0x0E,0x9A,0xFF,0xFF,0x0E,0x9A,0xFF,0xFF,0x0E,0x9A,0xFF,0xFF,0x0E,0x9A,0xFF,0xFF,0x0E,0x9A,0xFF,0xFF,0x0E,0x9A,0xFF,0xFF,0x0E,0x9A,0xFF,0xFF,0x0E,0x9A,0xFF,0xFF,0x0E,0x9A,0xFF,0xFF,0x0E,0x9A,0xFF,0xFF,0x0E,0x9A,0xFF,0xFF,
    0x0E,0x9A,0xFF,0xFF,0x0E,0x9A,0xFF,0xFF,0x0E,0x9A,0xFF,0xFF,0x0E,0x9A,0xFF,0xFF,0x0E,0x9A,0xFF,0xFF,0x0E,0x9A,0xFF,0xFF,0x0E,0x9A,0xFF,0xFF,0x0E,0x9A,0xFF,0xFF,0x0E,0x9A,0xFF,0xFF,0x0E,0x9A,0xFF,0xFF,0x0E,0x9A,0xFF,0xFF,0x0E,0x9A,0xFF,0xFF,0x0E,0x9A,0xFF,0xFF,0x0E,0x9A,0xFF,0xFF,0x0E,0x9A,0xFF,0xFF,0x0E,0x9A,0xFF,0xFF,
    0x0E,0x9A,0xFF,0xFF,0x0E,0x9A,0xFF,0xFF,0x0E,0x9A,0xFF,0xFF,0x0E,0x9A,0xFF,0xFF,0x0E,0x9A,0xFF,0xFF,0x0E,0x9A,0xFF,0xFF,0x0E,0x9A,0xFF,0xFF,0x0E,0x9A,0xFF,0xFF,0x0E,0x9A,0xFF,0xFF,0x0E,0x9A,0xFF,0xFF,0x0E,0x9A,0xFF,0xFF,0x0E,0x9A,0xFF,0xFF,0x0E,0x9A,0xFF,0xFF,0x0E,0x9A,0xFF,0xFF,0x0E,0x9A,0xFF,0xFF,0x0E,0x9A,0xFF,0xFF,
    0x0E,0x9A,0xFF,0xFF,0x0E,0x9A,0xFF,0xFF,0x0E,0x9A,0xFF,0xFF,0x0E,0x9A,0xFF,0xFF,0x0E,0x9A,0xFF,0xFF,0x0E,0x9A,0xFF,0xFF,0x0E,0x9A,0xFF,0xFF,0x0E,0x9A,0xFF,0xFF,0x0E,0x9A,0xFF,0xFF,0x0E,0x9A,0xFF,0xFF,0x0E,0x9A,0xFF,0xFF,0x0E,0x9A,0xFF,0xFF,0x0E,0x9A,0xFF,0xFF,0x0E,0x9A,0xFF,0xFF,0x0E,0x9A,0xFF,0xFF,0x0E,0x9A,0xFF,0xFF,
    0x0E,0x9A,0xFF,0xFF,0x0E,0x9A,0xFF,0xFF,0x0E,0x9A,0xFF,0xFF,0x0E,0x9A,0xFF,0xFF,0x0E,0x9A,0xFF,0xFF,0x0E,0x9A,0xFF,0xFF,0x0E,0x9A,0xFF,0xFF,0x0E,0x9A,0xFF,0xFF,0x0E,0x9A,0xFF,0xFF,0x0E,0x9A,0xFF,0xFF,0x0E,0x9A,0xFF,0xFF,0x0E,0x9A,0xFF,0xFF,0x0E,0x9A,0xFF,0xFF,0x0E,0x9A,0xFF,0xFF,0x0E,0x9A,0xFF,0xFF,0x0E,0x9A,0xFF,0xFF,
    0x0E,0x9A,0xFF,0xFF,0x0E,0x9A,0xFF,0xFF,0x0E,0x9A,0xFF,0xFF,0x0E,0x9A,0xFF,0xFF,0x0E,0x9A,0xFF,0xFF,0x0E,0x9A,0xFF,0xFF,0x0E,0x9A,0xFF,0xFF,0x0E,0x9A,0xFF,0xFF,0x0E,0x9A,0xFF,0xFF,0x0E,0x9A,0xFF,0xFF,0x0E,0x9A,0xFF,0xFF,0x0E,0x9A,0xFF,0xFF,0x0E,0x9A,0xFF,0xFF,0x0E,0x9A,0xFF,0xFF,0x0E,0x9A,0xFF,0xFF,0x0E,0x9A,0xFF,0xFF,
    0x0E,0x9A,0xFF,0xFF,0x0E,0x9A,0xFF,0xFF,0x0E,0x9A,0xFF,0xFF,0x0E,0x9A,0xFF,0xFF,0x0E,0x9A,0xFF,0xFF,0x0E,0x9A,0xFF,0xFF,0x0E,0x9A,0xFF,0xFF,0x0E,0x9A,0xFF,0xFF,0x0E,0x9A,0xFF,0xFF,0x0E,0x9A,0xFF,0xFF,0x0E,0x9A,0xFF,0xFF,0x0E,0x9A,0xFF,0xFF,0x0E,0x9A,0xFF,0xFF,0x0E,0x9A,0xFF,0xFF,0x0E,0x9A,0xFF,0xFF,0x0E,0x9A,0xFF,0xFF,
    0x0E,0x9A,0xFF,0xFF,0x0E,0x9A,0xFF,0xFF,0x0E,0x9A,0xFF,0xFF,0x0E,0x9A,0xFF,0xFF,0x0E,0x9A,0xFF,0xFF,0x0E,0x9A,0xFF,0xFF,0x0E,0x9A,0xFF,0xFF,0x0E,0x9A,0xFF,0xFF,0x0E,0x9A,0xFF,0xFF,0x0E,0x9A,0xFF,0xFF,0x0E,0x9A,0xFF,0xFF,0x0E,0x9A,0xFF,0xFF,0x0E,0x9A,0xFF,0xFF,0x0E,0x9A,0xFF,0xFF,0x0E,0x9A,0xFF,0xFF,0x0E,0x9A,0xFF,0xFF,
    0x0E,0x9A,0xFF,0xFF,0x0E,0x9A,0xFF,0xFF,0x0E,0x9A,0xFF,0xFF,0x0E,0x9A,0xFF,0xFF,0x0E,0x9A,0xFF,0xFF,0x0E,0x9A,0xFF,0xFF,0x0E,0x9A,0xFF,0xFF,0x0E,0x9A,0xFF,0xFF,0x0E,0x9A,0xFF,0xFF,0x0E,0x9A,0xFF,0xFF,0x0E,0x9A,0xFF,0xFF,0x0E,0x9A,0xFF,0xFF,0x0E,0x9A,0xFF,0xFF,0x0E,0x9A,0xFF,0xFF,0x0E,0x9A,0xFF,0xFF,0x0E,0x9A,0xFF,0xFF,
    0x0E,0x9A,0xFF,0xFF,0x0E,0x9A,0xFF,0xFF,0x0E,0x9A,0xFF,0xFF,0x0E,0x9A,0xFF,0xFF,0x0E,0x9A,0xFF,0xFF,0x0E,0x9A,0xFF,0xFF,0x0E,0x9A,0xFF,0xFF,0x0E,0x9A,0xFF,0xFF,0x0E,0x9A,0xFF,0xFF,0x0E,0x9A,0xFF,0xFF,0x0E,0x9A,0xFF,0xFF,0x0E,0x9A,0xFF,0xFF,0x0E,0x9A,0xFF,0xFF,0x0E,0x9A,0xFF,0xFF,0x0E,0x9A,0xFF,0xFF,0x0E,0x9A,0xFF,0xFF,
    0x0E,0x9A,0xFF,0xFF,0x0E,0x9A,0xFF,0xFF,0x0E,0x9A,0xFF,0xFF,0x0E,0x9A,0xFF,0xFF,0x0E,0x9A,0xFF,0xFF,0x0E,0x9A,0xFF,0xFF,0x0E,0x9A,0xFF,0xFF,0x0E,0x9A,0xFF,0xFF,0x0E,0x9A,0xFF,0xFF,0x0E,0x9A,0xFF,0xFF,0x0E,0x9A,0xFF,0xFF,0x0E,0x9A,0xFF,0xFF,0x0E,0x9A,0xFF,0xFF,0x0E,0x9A,0xFF,0xFF,0x0E,0x9A,0xFF,0xFF,0x0E,0x9A,0xFF,0xFF,
    0x0E,0x9A,0xFF,0xFF,0x0E,0x9A,0xFF,0xFF,0x0E,0x9A,0xFF,0xFF,0x0E,0x9A,0xFF,0xFF,0x0E,0x9A,0xFF,0xFF,0x0E,0x9A,0xFF,0xFF,0x0E,0x9A,0xFF,0xFF,0x0E,0x9A,0xFF,0xFF,0x0E,0x9A,0xFF,0xFF,0x0E,0x9A,0xFF,0xFF,0x0E,0x9A,0xFF,0xFF,0x0E,0x9A,0xFF,0xFF,0x0E,0x9A,0xFF,0xFF,0x0E,0x9A,0xFF,0xFF,0x0E,0x9A,0xFF,0xFF,0x0E,0x9A,0xFF,0xFF,
    0x0E,0x9A,0xFF,0xFF,0x0E,0x9A,0xFF,0xFF,0x0E,0x9A,0xFF,0xFF,0x0E,0x9A,0xFF,0xFF,0x0E,0x9A,0xFF,0xFF,0x0E,0x9A,0xFF,0xFF,0x0E,0x9A,0xFF,0xFF,0x0E,0x9A,0xFF,0xFF,0x0E,0x9A,0xFF,0xFF,0x0E,0x9A,0xFF,0xFF,0x0E,0x9A,0xFF,0xFF,0x0E,0x9A,0xFF,0xFF,0x0E,0x9A,0xFF,0xFF,0x0E,0x9A,0xFF,0xFF,0x0E,0x9A,0xFF,0xFF,0x0E,0x9A,0xFF,0xFF,
    0x0E,0x9A,0xFF,0xFF,0x0E,0x9A,0xFF,0xFF,0x0E,0x9A,0xFF,0xFF,0x0E,0x9A,0xFF,0xFF,0x0E,0x9A,0xFF,0xFF,0x0E,0x9A,0xFF,0xFF,0x0E,0x9A,0xFF,0xFF,0x0E,0x9A,0xFF,0xFF,0x0E,0x9A,0xFF,0xFF,0x0E,0x9A,0xFF,0xFF,0x0E,0x9A,0xFF,0xFF,0x0E,0x9A,0xFF,0xFF,0x0E,0x9A,0xFF,0xFF,0x0E,0x9A,0xFF,0xFF,0x0E,0x9A,0xFF,0xFF,0x0E,0x9A,0xFF,0xFF,
    0x0E,0x9A,0xFF,0xFF,0x0E,0x9A,0xFF,0xFF,0x0E,0x9A,0xFF,0xFF,0x0E,0x9A,0xFF,0xFF,0x0E,0x9A,0xFF,0xFF,0x0E,0x9A,0xFF,0xFF,0x0E,0x9A,0xFF,0xFF,0x0E,0x9A,0xFF,0xFF,0x0E,0x9A,0xFF,0xFF,0x0E,0x9A,0xFF,0xFF,0x0E,0x9A,0xFF,0xFF,0x0E,0x9A,0xFF,0xFF,0x0E,0x9A,0xFF,0xFF,0x0E,0x9A,0xFF,0xFF,0x0E,0x9A,0xFF,0xFF,0x0E,0x9A,0xFF,0xFF,
    0x0E,0x9A,0xFF,0xFF,0x0E,0x9A,0xFF,0xFF,0x0E,0x9A,0xFF,0xFF,0x0E,0x9A,0xFF,0xFF,0x0E,0x9A,0xFF,0xFF,0x0E,0x9A,0xFF,0xFF,0x0E,0x9A,0xFF,0xFF,0x0E,0x9A,0xFF,0xFF,0x0E,0x9A,0xFF,0xFF,0x0E,0x9A,0xFF,0xFF,0x0E,0x9A,0xFF,0xFF,0x0E,0x9A,0xFF,0xFF,0x0E,0x9A,0xFF,0xFF,0x0E,0x9A,0xFF,0xFF,0x0E,0x9A,0xFF,0xFF,0x0E,0x9A,0xFF,0xFF,
    0x0E,0x9A,0xFF,0xFF,0x0E,0x9A,0xFF,0xFF,0x0E,0x9A,0xFF,0xFF,0x0E,0x9A,0xFF,0xFF,0x0E,0x9A,0xFF,0xFF,0x0E,0x9A,0xFF,0xFF,0x0E,0x9A,0xFF,0xFF,0x0E,0x9A,0xFF,0xFF,0x0E,0x9A,0xFF,0xFF,0x0E,0x9A,0xFF,0xFF,0x0E,0x9A,0xFF,0xFF,0x0E,0x9A,0xFF,0xFF,0x0E,0x9A,0xFF,0xFF,0x0E,0x9A,0xFF,0xFF,0x0E,0x9A,0xFF,0xFF,0x0E,0x9A,0xFF,0xFF,
    0x0E,0x9A,0xFF,0xFF,0x0E,0x9A,0xFF,0xFF,0x0E,0x9A,0xFF,0xFF,0x0E,0x9A,0xFF,0xFF,0x0E,0x9A,0xFF,0xFF,0x0E,0x9A,0xFF,0xFF,0x0E,0x9A,0xFF,0xFF,0x0E,0x9A,0xFF,0xFF,0x0E,0x9A,0xFF,0xFF,0x0E,0x9A,0xFF,0xFF,0x0E,0x9A,0xFF,0xFF,0x0E,0x9A,0xFF,0xFF,0x0E,0x9A,0xFF,0xFF,0x0E,0x9A,0xFF,0xFF,0x0E,0x9A,0xFF,0xFF,0x0E,0x9A,0xFF,0xFF,
    0x0E,0x9A,0xFF,0xFF,0x0E,0x9A,0xFF,0xFF,0x0E,0x9A,0xFF,0xFF,0x0E,0x9A,0xFF,0xFF,0x0E,0x9A,0xFF,0xFF,0x0E,0x9A,0xFF,0xFF,0x0E,0x9A,0xFF,0xFF,0x0E,0x9A,0xFF,0xFF,0x0E,0x9A,0xFF,0xFF,0x0E,0x9A,0xFF,0xFF,0x0E,0x9A,0xFF,0xFF,0x0E,0x9A,0xFF,0xFF,0x0E,0x9A,0xFF,0xFF,0x0E,0x9A,0xFF,0xFF,0x0E,0x9A,0xFF,0xFF,0x0E,0x9A,0xFF,0xFF,
    0x0E,0x9A,0xFF,0xFF,0x0E,0x9A,0xFF,0xFF,0x0E,0x9A,0xFF,0xFF,0x0E,0x9A,0xFF,0xFF,0x0E,0x9A,0xFF,0xFF,0x0E,0x9A,0xFF,0xFF,0x0E,0x9A,0xFF,0xDE,0x10,0x8F,0xFF,0x10,0x00,0x00,0x00,0x00,0x0E,0x9A,0xFF,0x5D,0x0E,0x9A,0xFF,0xFF,0x0E,0x9A,0xFF,0xFF,0x0E,0x9A,0xFF,0xFF,0x0E,0x9A,0xFF,0xFF,0x0E,0x9A,0xFF,0xFF,0x0E,0x9A,0xFF,0xFF,
    0x0E,0x9A,0xFF,0xFF,0x0E,0x9A,0xFF,0xFF,0x0E,0x9A,0xFF,0xFF,0x0E,0x9A,0xFF,0xFF,0x0E,0x9A,0xFF,0xFF,0x0E,0x9A,0xFF,0xFF,0x0E,0x9A,0xFF,0xFF,0x0E,0x9A,0xFF,0xFF,0x0E,0x9A,0xFF,0xFF,0x0E,0x9A,0xFF,0xFF,0x0E,0x9A,0xFF,0xFF,0x0E,0x9A,0xFF,0xFF,0x0E,0x9A,0xFF,0xFF,0x0E,0x9A,0xFF,0xFF,0x0E,0x9A,0xFF,0xFF,0x0E,0x9A,0xFF,0xFF,
    0x0E,0x9A,0xFF,0xFF,0x0E,0x9A,0xFF,0xFF,0x0E,0x9A,0xFF,0xFF,0x0E,0x9A,0xFF,0xFF,0x0E,0x9A,0xFF,0xFF,0x0E,0x9A,0xFF,0xFF,0x0E,0x9A,0xFF,0xFF,0x0E,0x9A,0xFF,0xFF,0x0E,0x9A,0xFF,0xFF,0x0E,0x9A,0xFF,0xFF,0x0E,0x9A,0xFF,0xFF,0x0E,0x9A,0xFF,0xFF,0x0E,0x9A,0xFF,0xFF,0x0E,0x9A,0xFF,0xFF,0x0E,0x9A,0xFF,0xFF,0x0E,0x9A,0xFF,0xFF,
    0x0E,0x9A,0xFF,0xFF,0x0E,0x9A,0xFF,0xFF,0x0E,0x9A,0xFF,0xFF,0x0E,0x9A,0xFF,0xFF,0x0E,0x9A,0xFF,0xFF,0x0E,0x9A,0xFF,0xFF,0x0E,0x9A,0xFF,0xFF,0x0E,0x9A,0xFF,0xFF,0x0E,0x9A,0xFF,0xFF,0x0E,0x9A,0xFF,0xFF,0x0E,0x9A,0xFF,0xFF,0x0E,0x9A,0xFF,0xFF,0x0E,0x9A,0xFF,0xFF,0x0E,0x9A,0xFF,0xFF,0x0E,0x9A,0xFF,0xFF,0x0E,0x9A,0xFF,0xFF,
    0x0E,0x9A,0xFF,0xFF,0x0E,0x9A,0xFF,0xFF,0x0E,0x9A,0xFF,0xFF,0x0E,0x9A,0xFF,0xFF,0x0E,0x9A,0xFF,0xFF,0x0E,0x9A,0xFF,0xFF,0x0E,0x9A,0xFF,0xFF,0x0E,0x9A,0xFF,0xFF,0x0E,0x9A,0xFF,0xFF,0x0E,0x9A,0xFF,0xFF,0x0E,0x9A,0xFF,0xFF,0x0E,0x9A,0xFF,0xFF,0x0E,0x9A,0xFF,0xFF,0x0E,0x9A,0xFF,0xFF,0x0E,0x9A,0xFF,0xFF,0x0E,0x9A,0xFF,0xFF,
    0x0E,0x9A,0xFF,0xFF,0x0E,0x9A,0xFF,0xFF,0x0E,0x9A,0xFF,0xFF,0x0E,0x9A,0xFF,0xFF,0x0E,0x9A,0xFF,0xFF,0x0E,0x9A,0xFF,0xFF,0x0E,0x9A,0xFF,0xFF,0x0E,0x9A,0xFF,0xFF,0x0E,0x9A,0xFF,0xFF,0x0E,0x9A,0xFF,0xFF,0x0E,0x9A,0xFF,0xFF,0x0E,0x9A,0xFF,0xFF,0x0E,0x9A,0xFF,0xFF,0x0E,0x9A,0xFF,0xFF,0x0E,0x9A,0xFF,0xFF,0x0E,0x9A,0xFF,0xFF,
    0x0E,0x9A,0xFF,0xFF,0x0E,0x9A,0xFF,0xFF,0x0E,0x9A,0xFF,0xFF,0x0E,0x9A,0xFF,0xFF,0x0E,0x9A,0xFF,0xFF,0x0E,0x9A,0xFF,0xFF,0x0E,0x9A,0xFF,0xFF,0x0E,0x9A,0xFF,0xFF,0x0E,0x9A,0xFF,0xFF,0x0E,0x9A,0xFF,0xFF,0x0E,0x9A,0xFF,0xFF,0x0E,0x9A,0xFF,0xFF,0x0E,0x9A,0xFF,0xFF,0x0E,0x9A,0xFF,0xFF,0x0E,0x9A,0xFF,0xFF,0x0E,0x9A,0xFF,0xFF,
    0x0E,0x9A,0xFF,0xFF,0x0E,0x9A,0xFF,0xFF,0x0E,0x9A,0xFF,0xFF,0x0E,0x9A,0xFF,0xFF,0x0E,0x9A,0xFF,0xFF,0x0E,0x9A,0xFF,0xFF,0x0E,0x9A,0xFF,0xFF,0x0E,0x9A,0xFF,0xFF,0x0E,0x9A,0xFF,0xFF,0x0E,0x9A,0xFF,0xFF,0x0E,0x9A,0xFF,0xFF,0x0E,0x9A,0xFF,0xFF,0x0E,0x9A,0xFF,0xFF,0x0E,0x9A,0xFF,0xFF,0x0E,0x9A,0xFF,0xFF,0x0E,0x9A,0xFF,0xFF,
    0x0E,0x9A,0xFF,0xFF,0x0E,0x9A,0xFF,0xFF,0x0E,0x9A,0xFF,0xFF,0x0E,0x9A,0xFF,0xFF,0x0E,0x9A,0xFF,0xFF,0x0E,0x9A,0xFF,0xFF,0x0E,0x9A,0xFF,0xFF,0x0E,0x9A,0xFF,0xFF,0x0E,0x9A,0xFF,0xFF,0x0E,0x9A,0xFF,0xFF,0x0E,0x9A,0xFF,0xFF,0x0E,0x9A,0xFF,0xFF,0x0E,0x9A,0xFF,0xFF,0x0E,0x9A,0xFF,0xFF,0x0E,0x9A,0xFF,0xFF,0x0E,0x9A,0xFF,0xFF,
    0x0E,0x9A,0xFF,0xFF,0x0E,0x9A,0xFF,0xFF,0x0E,0x9A,0xFF,0xFF,0x0E,0x9A,0xFF,0xFF,0x0E,0x9A,0xFF,0xFF,0x0E,0x9A,0xFF,0xFF,0x0E,0x9A,0xFF,0xFF,0x0E,0x9A,0xFF,0xFF,0x0E,0x9A,0xFF,0xFF,0x0E,0x9A,0xFF,0xFF,0x0E,0x9A,0xFF,0xFF,0x0E,0x9A,0xFF,0xFF,0x0E,0x9A,0xFF,0xFF,0x0E,0x9A,0xFF,0xFF,0x0E,0x9A,0xFF,0xFF,0x0E,0x9A,0xFF,0xFF,
    0x0E,0x9A,0xFF,0xFF,0x0E,0x9A,0xFF,0xFF,0x0E,0x9A,0xFF,0xFF,0x0E,0x9A,0xFF,0xFF,0x0E,0x9A,0xFF,0xFF,0x0E,0x9A,0xFF,0xFF,0x0E,0x9A,0xFF,0xFF,0x0E,0x9A,0xFF,0xFF,0x0E,0x9A,0xFF,0xFF,0x0E,0x9A,0xFF,0xFF,0x0E,0x9A,0xFF,0xFF,0x0E,0x9A,0xFF,0xFF,0x0E,0x9A,0xFF,0xFF,0x0E,0x9A,0xFF,0xFF,0x0E,0x9A,0xFF,0xFF,0x0E,0x9A,0xFF,0xFF,
    0x0E,0x9A,0xFF,0xFF,0x0E,0x9A,0xFF,0xFF,0x0E,0x9A,0xFF,0xFF,0x0E,0x9A,0xFF,0xFF,0x0E,0x9A,0xFF,0xFF,0x0E,0x9A,0xFF,0xFF,0x0E,0x9A,0xFF,0xFF,0x0E,0x9A,0xFF,0xFF,0x0E,0x9A,0xFF,0xFF,0x0E,0x9A,0xFF,0xFF,0x0E,0x9A,0xFF,0xFF,0x0E,0x9A,0xFF,0xFF,0x0E,0x9A,0xFF,0xFF,0x0E,0x9A,0xFF,0xFF,0x0E,0x9A,0xFF,0xFF,0x0E,0x9A,0xFF,0xFF,
    0x0E,0x9A,0xFF,0xFF,0x0E,0x9A,0xFF,0xFF,0x0E,0x9A,0xFF,0xFF,0x0E,0x9A,0xFF,0xFF,0x0E,0x9A,0xFF,0xFF,0x0E,0x9A,0xFF,0xFF,0x0E,0x9A,0xFF,0xFF,0x0E,0x9A,0xFF,0xFF,0x0E,0x9A,0xFF,0xFF,0x0E,0x9A,0xFF,0xFF,0x0E,0x9A,0xFF,0xFF,0x0E,0x9A,0xFF,0xFF,0x0E,0x9A,0xFF,0xFF,0x0E,0x9A,0xFF,0xFF,0x0E,0x9A,0xFF,0xFF,0x0E,0x9A,0xFF,0xFF,
    0x0E,0x9A,0xFF,0xFF,0x0E,0x9A,0xFF,0xFF,0x0E,0x9A,0xFF,0xFF,0x0E,0x9A,0xFF,0xFF,0x0E,0x9A,0xFF,0xFF,0x0E,0x9A,0xFF,0xFF,0x0E,0x9A,0xFF,0xFF,0x0E,0x9A,0xFF,0xFF,0x0E,0x9A,0xFF,0xFF,0x0E,0x9A,0xFF,0xFF,0x0E,0x9A,0xFF,0xFF,0x0E,0x9A,0xFF,0xFF,0x0E,0x9A,0xFF,0xFF,0x0E,0x9A,0xFF,0xFF,0x0E,0x9A,0xFF,0xFF,0x0E,0x9A,0xFF,0xFF,
    0x0E,0x9A,0xFF,0xFF,0x0E,0x9A,0xFF,0xFF,0x0E,0x9A,0xFF,0xFF,0x0E,0x9A,0xFF,0xFF,0x0E,0x9A,0xFF,0xFF,0x0E,0x9A,0xFF,0xFF,0x0E,0x9A,0xFF,0xFF,0x0E,0x9A,0xFF,0xFF,0x0E,0x9A,0xFF,0xFF,0x0E,0x9A,0xFF,0xFF,0x0E,0x9A,0xFF,0xFF,0x0E,0x9A,0xFF,0xFF,0x0E,0x9A,0xFF,0xFF,0x0E,0x9A,0xFF,0xFF,0x0E,0x9A,0xFF,0xFF,0x0E,0x9A,0xFF,0xFF,
    0x0E,0x9A,0xFF,0xFF,0x0E,0x9A,0xFF,0xFF,0x0E,0x9A,0xFF,0xFF,0x0E,0x9A,0xFF,0xFF,0x0E,0x9A,0xFF,0xFF,0x0E,0x9A,0xFF,0xFF,0x0E,0x9A,0xFF,0xFF,0x0E,0x9A,0xFF,0xFF,0x0E,0x9A,0xFF,0xFF,0x0E,0x9A,0xFF,0xFF,0x0E,0x9A,0xFF,0xFF,0x0E,0x9A,0xFF,0xFF,0x0E,0x9A,0xFF,0xFF,0x0E,0x9A,0xFF,0xFF,0x0E,0x9A,0xFF,0xFF,0x0E,0x9A,0xFF,0xFF,
    0x0E,0x9A,0xFF,0xFF,0x0E,0x9A,0xFF,0xFF,0x0E,0x9A,0xFF,0xFF,0x0E,0x9A,0xFF,0xFF,0x0E,0x9A,0xFF,0xFF,0x0E,0x9A,0xFF,0xFF,0x0E,0x9A,0xFF,0xFF,0x0E,0x9A,0xFF,0xFF,0x0E,0x9A,0xFF,0xFF,0x0E,0x9A,0xFF,0xFF,0x0E,0x9A,0xFF,0xFF,0x0E,0x9A,0xFF,0xFF,0x0E,0x9A,0xFF,0xFF,0x0E,0x9A,0xFF,0xFF,0x0E,0x9A,0xFF,0xFF,0x0E,0x9A,0xFF,0xFF,
    0x0E,0x9A,0xFF,0xFF,0x0E,0x9A,0xFF,0xFF,0x0E,0x9A,0xFF,0xFF,0x0E,0x9A,0xFF,0xFF,0x0E,0x9A,0xFF,0xFF,0x0E,0x9A,0xFF,0xFF,0x0E,0x9A,0xFF,0xFF,0x0E,0x9A,0xFF,0xFF,0x0E,0x9A,0xFF,0xFF,0x0E,0x9A,0xFF,0xFF,0x0E,0x9A,0xFF,0xFF,0x0E,0x9A,0xFF,0xFF,0x0E,0x9A,0xFF,0xFF,0x0E,0x9A,0xFF,0xFF,0x0E,0x9A,0xFF,0xFF,0x0E,0x9A,0xFF,0xFF,
    0x0E,0x9A,0xFF,0xFF,0x0E,0x9A,0xFF,0xFF,0x0E,0x9A,0xFF,0xFF,0x0E,0x9A,0xFF,0xFF,0x0E,0x9A,0xFF,0xFF,0x0E,0x9A,0xFF,0xFF,0x0E,0x9A,0xFF,0xFF,0x0E,0x9A,0xFF,0xFF,0x0E,0x9A,0xFF,0xFF,0x0E,0x9A,0xFF,0xFF,0x0E,0x9A,0xFF,0xFF,0x0E,0x9A,0xFF,0xFF,0x0E,0x9A,0xFF,0xFF,0x0E,0x9A,0xFF,0xFF,0x0E,0x9A,0xFF,0xFF,0x0E,0x9A,0xFF,0xFF,
    0x0E,0x9A,0xFF,0xFF,0x0E,0x9A,0xFF,0xFF,0x0E,0x9A,0xFF,0xFF,0x0E,0x9A,0xFF,0xFF,0x0E,0x9A,0xFF,0xFF,0x0E,0x9A,0xFF,0xFF,0x0E,0x9A,0xFF,0xFF,0x0E,0x9A,0xFF,0xFF,0x0E,0x9A,0xFF,0xFF,0x0E,0x9A,0xFF,0xFF,0x0E,0x9A,0xFF,0xFF,0x0E,0x9A,0xFF,0xFF,0x0E,0x9A,0xFF,0xFF,0x0E,0x9A,0xFF,0xFF,0x0E,0x9A,0xFF,0xFF,0x0E,0x9A,0xFF,0xFF,
    0x0E,0x9A,0xFF,0xFF,0x0E,0x9A,0xFF,0xFF,0x0E,0x9A,0xFF,0xFF,0x0E,0x9A,0xFF,0xFF,0x0E,0x9A,0xFF,0xFF,0x0E,0x9A,0xFF,0xFF,0x0E,0x9A,0xFF,0xFF,0x0E,0x9A,0xFF,0xFF,0x0E,0x9A,0xFF,0xFF,0x0E,0x9A,0xFF,0xFF,0x0E,0x9A,0xFF,0xFF,0x0E,0x9A,0xFF,0xFF,0x0E,0x9A,0xFF,0xFF,0x0E,0x9A,0xFF,0xFF,0x0E,0x9A,0xFF,0xFF,0x0E,0x9A,0xFF,0xFF,
    0x0E,0x9A,0xFF,0xFF,0x0E,0x9A,0xFF,0xFF,0x0E,0x9A,0xFF,0xFF,0x0E,0x9A,0xFF,0xFF,0x0E,0x9A,0xFF,0xFF,0x0E,0x9A,0xFF,0xFF,0x0E,0x9A,0xFF,0xFF,0x0E,0x9A,0xFF,0xFF,0x0E,0x9A,0xFF,0xFF,0x0E,0x9A,0xFF,0xFF,0x0E,0x9A,0xFF,0xFF,0x0E,0x9A,0xFF,0xFF,0x0E,0x9A,0xFF,0xFF,0x0E,0x9A,0xFF,0xFF,0x0E,0x9A,0xFF,0xFF,0x0E,0x9A,0xFF,0xFF,
    0x0E,0x9A,0xFF,0xFF,0x0E,0x9A,0xFF,0xFF,0x0E,0x9A,0xFF,0xFF,0x0E,0x9A,0xFF,0xFF,0x0E,0x9A,0xFF,0xFF,0x0E,0x9A,0xFF,0xFF,0x0E,0x9A,0xFF,0xFF,0x0E,0x9A,0xFF,0xFF,0x0E,0x9A,0xFF,0xFF,0x0E,0x9A,0xFF,0xFF,0x0E,0x9A,0xFF,0xFF,0x0E,0x9A,0xFF,0xFF,0x0E,0x9A,0xFF,0xFF,0x0E,0x9A,0xFF,0xFF,0x0E,0x9B,0xFF,0x5C,0x00,0x00,0x00,0x00,
    0x00,0x00,0x00,0x00,0x00,0x80,0xFF,0x02,0x0E,0x9A,0xFF,0x93,0x0E,0x9A,0xFF,0xFF,0x0E,0x9A,0xFF,0xFF,0x0E,0x9A,0xFF,0xFF,0x0E,0x9A,0xFF,0xFF,0x0E,0x9A,0xFF,0xFF,0x0E,0x9A,0xFF,0xFF,0x0E,0x9A,0xFF,0xFF,0x0E,0x9A,0xFF,0xFF,0x0E,0x9A,0xFF,0xFF,0x0E,0x9A,0xFF,0xFF,0x0E,0x9A,0xFF,0xFF,0x0E,0x9A,0xFF,0xFF,0x0E,0x9A,0xFF,0xFF,
    0x0E,0x9A,0xFF,0xFF,0x0E,0x9A,0xFF,0xFF,0x0E,0x9A,0xFF,0xFF,0x0E,0x9A,0xFF,0xFF,0x0E,0x9A,0xFF,0xFF,0x0E,0x9A,0xFF,0xFF,0x0E,0x9A,0xFF,0xFF,0x0E,0x9A,0xFF,0xFF,0x0E,0x9A,0xFF,0xFF,0x0E,0x9A,0xFF,0xFF,0x0E,0x9A,0xFF,0xFF,0x0E,0x9A,0xFF,0xFF,0x0E,0x9A,0xFF,0xFF,0x0E,0x9A,0xFF,0xFF,0x0E,0x9A,0xFF,0xFF,0x0E,0x9A,0xFF,0xFF,
    0x0E,0x9A,0xFF,0xFF,0x0E,0x9A,0xFF,0xFF,0x0E,0x9A,0xFF,0xFF,0x0E,0x9A,0xFF,0xFF,0x0E,0x9A,0xFF,0xFF,0x0E,0x9A,0xFF,0xFF,0x0E,0x9A,0xFF,0xFF,0x0E,0x9A,0xFF,0xFF,0x0E,0x9A,0xFF,0xFF,0x0E,0x9A,0xFF,0xFF,0x0E,0x9A,0xFF,0xFF,0x0E,0x9A,0xFF,0xFF,0x0E,0x9A,0xFF,0xFF,0x0E,0x9A,0xFF,0xFF,0x0E,0x9A,0xFF,0xFF,0x0E,0x9A,0xFF,0xFF,
    0x0E,0x9A,0xFF,0xFF,0x0E,0x9A,0xFF,0xFF,0x0E,0x9A,0xFF,0xFF,0x0E,0x9A,0xFF,0xFF,0x0E,0x9A,0xFF,0xFF,0x0E,0x9A,0xFF,0xFF,0x0E,0x9A,0xFF,0xFF,0x0E,0x9A,0xFF,0xFF,0x0E,0x9A,0xFF,0xFF,0x0E,0x9A,0xFF,0xFF,0x0E,0x9A,0xFF,0xFF,0x0E,0x9A,0xFF,0xFF,0x0E,0x9A,0xFF,0xFF,0x0E,0x9A,0xFF,0xFF,0x0E,0x9A,0xFF,0xFF,0x0E,0x9A,0xFF,0xFF,
    0x0E,0x9A,0xFF,0xFF,0x0E,0x9A,0xFF,0xFF,0x0E,0x9A,0xFF,0xFF,0x0E,0x9A,0xFF,0xFF,0x0E,0x9A,0xFF,0xFF,0x0E,0x9A,0xFF,0xFF,0x0E,0x9A,0xFF,0xFF,0x0E,0x9A,0xFF,0xFF,0x0E,0x9A,0xFF,0xFF,0x0E,0x9A,0xFF,0xFF,0x0E,0x9A,0xFF,0xFF,0x0E,0x9A,0xFF,0xFF,0x0E,0x9A,0xFF,0xFF,0x0E,0x9A,0xFF,0xFF,0x0E,0x9A,0xFF,0xFF,0x0E,0x9A,0xFF,0xFF,
    0x0E,0x9A,0xFF,0xFF,0x0E,0x9A,0xFF,0xFF,0x0E,0x9A,0xFF,0xFF,0x0E,0x9A,0xFF,0xFF,0x0E,0x9A,0xFF,0xFF,0x0E,0x9A,0xFF,0xFF,0x0E,0x9A,0xFF,0xFF,0x0E,0x9A,0xFF,0xFF,0x0E,0x9A,0xFF,0xFF,0x0E,0x9A,0xFF,0xFF,0x0E,0x9A,0xFF,0xFF,0x0E,0x9A,0xFF,0xFF,0x0E,0x9A,0xFF,0xFF,0x0E,0x9A,0xFF,0xFF,0x0E,0x9A,0xFF,0xFF,0x0E,0x9A,0xFF,0xFF,
    0x0E,0x9A,0xFF,0xFF,0x0E,0x9A,0xFF,0xFF,0x0E,0x9A,0xFF,0xFF,0x0E,0x9A,0xFF,0xFF,0x0E,0x9A,0xFF,0xFF,0x0E,0x9A,0xFF,0xFF,0x0E,0x9A,0xFF,0xFF,0x0E,0x9A,0xFF,0xFF,0x0E,0x9A,0xFF,0xFF,0x0E,0x9A,0xFF,0xFF,0x0E,0x9A,0xFF,0xFF,0x0E,0x9A,0xFF,0xFF,0x0E,0x9A,0xFF,0xFF,0x0E,0x9A,0xFF,0xFF,0x0E,0x9A,0xFF,0xFF,0x0E,0x9A,0xFF,0xFF,
    0x0E,0x9A,0xFF,0xFF,0x0E,0x9A,0xFF,0xFF,0x0E,0x9A,0xFF,0xFF,0x0E,0x9A,0xFF,0xFF,0x0E,0x9A,0xFF,0xFF,0x0E,0x9A,0xFF,0xFF,0x0E,0x9A,0xFF,0xFF,0x0E,0x9A,0xFF,0xFF,0x0E,0x9A,0xFF,0xFF,0x0E,0x9A,0xFF,0xFF,0x0E,0x9A,0xFF,0xFF,0x0E,0x9A,0xFF,0xFF,0x0E,0x9A,0xFF,0xFF,0x0E,0x9A,0xFF,0xFF,0x0E,0x9A,0xFF,0xFF,0x0E,0x9A,0xFF,0xFF,
    0x0E,0x9A,0xFF,0xFF,0x0E,0x9A,0xFF,0xFF,0x0E,0x9A,0xFF,0xFF,0x0E,0x9A,0xFF,0xFF,0x0E,0x9A,0xFF,0xFF,0x0E,0x9A,0xFF,0xFF,0x0E,0x9A,0xFF,0xFF,0x0E,0x9A,0xFF,0xFF,0x0E,0x9A,0xFF,0xFF,0x0E,0x9A,0xFF,0xFF,0x0E,0x9A,0xFF,0xFF,0x0E,0x9A,0xFF,0xFF,0x0E,0x9A,0xFF,0xFF,0x0E,0x9A,0xFF,0xFF,0x0E,0x9A,0xFF,0xFF,0x0E,0x9A,0xFF,0xFF,
    0x0E,0x9A,0xFF,0xFF,0x0E,0x9A,0xFF,0xFF,0x0E,0x9A,0xFF,0xFF,0x0E,0x9A,0xFF,0xFF,0x0E,0x9A,0xFF,0xFF,0x0E,0x9A,0xFF,0xFF,0x0E,0x9A,0xFF,0xFF,0x0E,0x9A,0xFF,0xFF,0x0E,0x9A,0xFF,0xFF,0x0E,0x9A,0xFF,0xFF,0x0E,0x9A,0xFF,0xFF,0x0E,0x9A,0xFF,0xFF,0x0E,0x9A,0xFF,0xFF,0x0E,0x9A,0xFF,0xFF,0x0E,0x9A,0xFF,0xFF,0x0E,0x9A,0xFF,0xFF,
    0x0E,0x9A,0xFF,0xFF,0x0E,0x9A,0xFF,0xFF,0x0E,0x9A,0xFF,0xFF,0x0E,0x9A,0xFF,0xFF,0x0E,0x9A,0xFF,0xFF,0x0E,0x9A,0xFF,0xFF,0x0E,0x9A,0xFF,0xFF,0x0E,0x9A,0xFF,0xFF,0x0E,0x9A,0xFF,0xFF,0x0E,0x9A,0xFF,0xFF,0x0E,0x9A,0xFF,0xFF,0x0E,0x9A,0xFF,0xFF,0x0E,0x9A,0xFF,0xFF,0x0E,0x9A,0xFF,0xFF,0x0E,0x9A,0xFF,0xFF,0x0E,0x9A,0xFF,0xFF,
    0x0E,0x9A,0xFF,0xFF,0x0E,0x9A,0xFF,0xFF,0x0E,0x9A,0xFF,0xFF,0x0E,0x9A,0xFF,0xFF,0x0E,0x9A,0xFF,0xFF,0x0E,0x9A,0xFF,0xFF,0x0E,0x9A,0xFF,0xFF,0x0E,0x9A,0xFF,0xFF,0x0E,0x9A,0xFF,0xFF,0x0E,0x9A,0xFF,0xFF,0x0E,0x9A,0xFF,0xFF,0x0E,0x9A,0xFF,0xFF,0x0E,0x9A,0xFF,0xFF,0x0E,0x9A,0xFF,0xFF,0x0E,0x9A,0xFF,0xFF,0x0E,0x9A,0xFF,0xFF,
    0x0E,0x9A,0xFF,0xFF,0x0E,0x9A,0xFF,0xFF,0x0E,0x9A,0xFF,0xFF,0x0E,0x9A,0xFF,0xFF,0x0E,0x9A,0xFF,0xFF,0x0E,0x9A,0xFF,0xFF,0x0E,0x9A,0xFF,0xFF,0x0E,0x9A,0xFF,0xFF,0x0E,0x9A,0xFF,0xFF,0x0E,0x9A,0xFF,0xFF,0x0E,0x9A,0xFF,0xFF,0x0E,0x9A,0xFF,0xFF,0x0E,0x9A,0xFF,0xFF,0x0E,0x9A,0xFF,0xFF,0x0E,0x9A,0xFF,0xFF,0x0E,0x9A,0xFF,0xFF,
    0x0E,0x9A,0xFF,0xFF,0x0E,0x9A,0xFF,0xFF,0x0E,0x9A,0xFF,0xFF,0x0E,0x9A,0xFF,0xFF,0x0E,0x9A,0xFF,0xFF,0x0E,0x9A,0xFF,0xFF,0x0E,0x9A,0xFF,0xFF,0x0E,0x9A,0xFF,0xFF,0x0E,0x9A,0xFF,0xFF,0x0E,0x9A,0xFF,0xFF,0x0E,0x9A,0xFF,0xFF,0x0E,0x9A,0xFF,0xFF,0x0E,0x9A,0xFF,0xFF,0x0E,0x9A,0xFF,0xFF,0x0E,0x9A,0xFF,0xFF,0x0E,0x9A,0xFF,0xFF,
    0x0E,0x9A,0xFF,0xFF,0x0E,0x9A,0xFF,0xFF,0x0E,0x9A,0xFF,0xFF,0x0E,0x9A,0xFF,0xFF,0x0E,0x9A,0xFF,0xFF,0x0E,0x9A,0xFF,0xFF,0x0E,0x9A,0xFF,0xFF,0x0E,0x9A,0xFF,0xFF,0x0E,0x9A,0xFF,0xFF,0x0E,0x9A,0xFF,0xFF,0x0E,0x9A,0xFF,0xFF,0x0E,0x9A,0xFF,0xFF,0x0E,0x9A,0xFF,0xFF,0x0E,0x9A,0xFF,0xFF,0x0E,0x9A,0xFF,0xFF,0x0E,0x9A,0xFF,0xFF,
    0x0E,0x9A,0xFF,0xFF,0x0E,0x9A,0xFF,0xFF,0x0E,0x9A,0xFF,0xFF,0x0E,0x9A,0xFF,0xFF,0x0E,0x9A,0xFF,0xFF,0x0E,0x9A,0xFF,0xFF,0x0E,0x9A,0xFF,0xFF,0x0E,0x9A,0xFF,0xFF,0x0E,0x9A,0xFF,0xFF,0x0E,0x9A,0xFF,0xFF,0x0E,0x9A,0xFF,0xFF,0x0E,0x9A,0xFF,0xFF,0x0E,0x9A,0xFF,0xFF,0x0E,0x9A,0xFF,0xFF,0x0E,0x9A,0xFF,0xFF,0x0E,0x9A,0xFF,0xFF,
    0x0E,0x9A,0xFF,0xFF,0x0E,0x9A,0xFF,0xFF,0x0E,0x9A,0xFF,0xFF,0x0E,0x9A,0xFF,0xFF,0x0E,0x9A,0xFF,0xFF,0x0E,0x9A,0xFF,0xFF,0x0E,0x9A,0xFF,0xFF,0x0E,0x9A,0xFF,0xFF,0x0E,0x9A,0xFF,0xFF,0x0E,0x9A,0xFF,0xFF,0x0E,0x9A,0xFF,0xFF,0x0E,0x9A,0xFF,0xFF,0x0E,0x9A,0xFF,0xFF,0x0E,0x9A,0xFF,0xFF,0x0E,0x9A,0xFF,0xFF,0x0E,0x9A,0xFF,0xFF,
    0x0E,0x9A,0xFF,0xFF,0x0E,0x9A,0xFF,0xFF,0x0E,0x9A,0xFF,0xFF,0x0E,0x9A,0xFF,0xFF,0x0E,0x9A,0xFF,0xFF,0x0E,0x9A,0xFF,0xFF,0x0E,0x9A,0xFF,0xFF,0x0E,0x9A,0xFF,0xFF,0x0E,0x9A,0xFF,0xFF,0x0E,0x9A,0xFF,0xFF,0x0E,0x9A,0xFF,0xFF,0x0E,0x9A,0xFF,0xFF,0x0E,0x9A,0xFF,0xFF,0x0E,0x9A,0xFF,0xFF,0x0E,0x9A,0xFF,0xFF,0x0E,0x9A,0xFF,0xFF,
    0x0E,0x9A,0xFF,0xFF,0x0E,0x9A,0xFF,0xFF,0x0E,0x9A,0xFF,0xFF,0x0E,0x9A,0xFF,0xFF,0x0E,0x9A,0xFF,0xFF,0x0E,0x9A,0xFF,0xFF,0x0E,0x9A,0xFF,0xFF,0x0E,0x9A,0xFF,0xFF,0x0E,0x9A,0xFF,0xFF,0x0E,0x9A,0xFF,0xFF,0x0E,0x9A,0xFF,0xFF,0x0E,0x9A,0xFF,0xFF,0x0E,0x9A,0xFF,0xFF,0x0E,0x9A,0xFF,0xFF,0x0E,0x9A,0xFF,0xFF,0x0E,0x9A,0xFF,0xFF,
    0x0E,0x9A,0xFF,0xFF,0x0E,0x9A,0xFF,0xFF,0x0E,0x9A,0xFF,0xFF,0x0E,0x9A,0xFF,0xFF,0x0E,0x9A,0xFF,0xFF,0x0E,0x9A,0xFF,0xFF,0x0E,0x9A,0xFF,0xFF,0x0E,0x9A,0xFF,0xFF,0x0E,0x9A,0xFF,0xFF,0x0E,0x9A,0xFF,0xFF,0x0E,0x9A,0xFF,0xFF,0x0E,0x9A,0xFF,0xFF,0x0E,0x9A,0xFF,0xFF,0x0E,0x9A,0xFF,0xFF,0x0E,0x9A,0xFF,0xFF,0x0E,0x9A,0xFF,0xFF,
    0x0E,0x9A,0xFF,0xFF,0x0E,0x9A,0xFF,0xFF,0x0E,0x9A,0xFF,0xFF,0x0E,0x9A,0xFF,0xFF,0x0E,0x9A,0xFF,0xFF,0x0E,0x9A,0xFF,0xFF,0x0E,0x9A,0xFF,0xFF,0x0E,0x9A,0xFF,0xFF,0x0E,0x9A,0xFF,0xFF,0x0E,0x9A,0xFF,0xFF,0x0E,0x9A,0xFF,0xFF,0x0E,0x9A,0xFF,0xFF,0x0E,0x9A,0xFF,0xFF,0x0E,0x9A,0xFF,0xFF,0x0E,0x9A,0xFF,0xFF,0x0E,0x9A,0xFF,0xFF,
    0x0E,0x9A,0xFF,0xFF,0x0E,0x9A,0xFF,0xFF,0x0E,0x9A,0xFF,0xFF,0x0E,0x9A,0xFF,0xFF,0x0E,0x9A,0xFF,0xFF,0x0E,0x9A,0xFF,0xFF,0x0E,0x9A,0xFF,0xFF,0x0E,0x9A,0xFF,0xFF,0x0E,0x9A,0xFF,0xFF,0x0E,0x9A,0xFF,0xFF,0x0E,0x9A,0xFF,0xFF,0x0E,0x9A,0xFF,0xFF,0x0E,0x9A,0xFF,0xFF,0x0E,0x9A,0xFF,0xFF,0x0E,0x9A,0xFF,0xFF,0x0E,0x9A,0xFF,0xFF,
    0x0E,0x9A,0xFF,0xFF,0x0E,0x9A,0xFF,0xFF,0x0E,0x9A,0xFF,0xFF,0x0E,0x9A,0xFF,0xFF,0x0E,0x9A,0xFF,0xFF,0x0E,0x9A,0xFF,0x93,0x00,0x80,0xFF,0x02,0x00,0x00,0x00,0x00,0x00,0x00,0x00,0x00,0x00,0x00,0x00,0x00,0x00,0x99,0xFF,0x0A,0x0E,0x9A,0xFF,0x93,0x0E,0x9A,0xFF,0xFF,0x0E,0x9A,0xFF,0xFF,0x0E,0x9A,0xFF,0xFF,0x0E,0x9A,0xFF,0xFF,
    0x0E,0x9A,0xFF,0xFF,0x0E,0x9A,0xFF,0xFF,0x0E,0x9A,0xFF,0xFF,0x0E,0x9A,0xFF,0xFF,0x0E,0x9A,0xFF,0xFF,0x0E,0x9A,0xFF,0xFF,0x0E,0x9A,0xFF,0xFF,0x0E,0x9A,0xFF,0xFF,0x0E,0x9A,0xFF,0xFF,0x0E,0x9A,0xFF,0xFF,0x0E,0x9A,0xFF,0xFF,0x0E,0x9A,0xFF,0xFF,0x0E,0x9A,0xFF,0xFF,0x0E,0x9A,0xFF,0xFF,0x0E,0x9A,0xFF,0xFF,0x0E,0x9A,0xFF,0xFF,
    0x0E,0x9A,0xFF,0xFF,0x0E,0x9A,0xFF,0xFF,0x0E,0x9A,0xFF,0xFF,0x0E,0x9A,0xFF,0xFF,0x0E,0x9A,0xFF,0xFF,0x0E,0x9A,0xFF,0xFF,0x0E,0x9A,0xFF,0xFF,0x0E,0x9A,0xFF,0xFF,0x0E,0x9A,0xFF,0xFF,0x0E,0x9A,0xFF,0xFF,0x0E,0x9A,0xFF,0xFF,0x0E,0x9A,0xFF,0xFF,0x0E,0x9A,0xFF,0xFF,0x0E,0x9A,0xFF,0xFF,0x0E,0x9A,0xFF,0xFF,0x0E,0x9A,0xFF,0xFF,
    0x0E,0x9A,0xFF,0xFF,0x0E,0x9A,0xFF,0xFF,0x0E,0x9A,0xFF,0xFF,0x0E,0x9A,0xFF,0xFF,0x0E,0x9A,0xFF,0xFF,0x0E,0x9A,0xFF,0xFF,0x0E,0x9A,0xFF,0xFF,0x0E,0x9A,0xFF,0xFF,0x0E,0x9A,0xFF,0xFF,0x0E,0x9A,0xFF,0xFF,0x0E,0x9A,0xFF,0xFF,0x0E,0x9A,0xFF,0xFF,0x0E,0x9A,0xFF,0xFF,0x0E,0x9A,0xFF,0xFF,0x0E,0x9A,0xFF,0xFF,0x0E,0x9A,0xFF,0xFF,
    0x0E,0x9A,0xFF,0xFF,0x0E,0x9A,0xFF,0xFF,0x0E,0x9A,0xFF,0xFF,0x0E,0x9A,0xFF,0xFF,0x0E,0x9A,0xFF,0xFF,0x0E,0x9A,0xFF,0xFF,0x0E,0x9A,0xFF,0xFF,0x0E,0x9A,0xFF,0xFF,0x0E,0x9A,0xFF,0xFF,0x0E,0x9A,0xFF,0xFF,0x0E,0x9A,0xFF,0xFF,0x0E,0x9A,0xFF,0xFF,0x0E,0x9A,0xFF,0xFF,0x0E,0x9A,0xFF,0xFF,0x0E,0x9A,0xFF,0xFF,0x0E,0x9A,0xFF,0xFF,
    0x0E,0x9A,0xFF,0xFF,0x0E,0x9A,0xFF,0xFF,0x0E,0x9A,0xFF,0xFF,0x0E,0x9A,0xFF,0xFF,0x0E,0x9A,0xFF,0xFF,0x0E,0x9A,0xFF,0xFF,0x0E,0x9A,0xFF,0xFF,0x0E,0x9A,0xFF,0xFF,0x0E,0x9A,0xFF,0xFF,0x0E,0x9A,0xFF,0xFF,0x0E,0x9A,0xFF,0xFF,0x0E,0x9A,0xFF,0xFF,0x0E,0x9A,0xFF,0xFF,0x0E,0x9A,0xFF,0xFF,0x0E,0x9A,0xFF,0xFF,0x0E,0x9A,0xFF,0xFF,
    0x0E,0x9A,0xFF,0xFF,0x0E,0x9A,0xFF,0xFF,0x0E,0x9A,0xFF,0xFF,0x0E,0x9A,0xFF,0xFF,0x0E,0x9A,0xFF,0xFF,0x0E,0x9A,0xFF,0xFF,0x0E,0x9A,0xFF,0xFF,0x0E,0x9A,0xFF,0xFF,0x0E,0x9A,0xFF,0xFF,0x0E,0x9A,0xFF,0xFF,0x0E,0x9A,0xFF,0xFF,0x0E,0x9A,0xFF,0xFF,0x0E,0x9A,0xFF,0xFF,0x0E,0x9A,0xFF,0xFF,0x0E,0x9A,0xFF,0xFF,0x0E,0x9A,0xFF,0xFF,
    0x0E,0x9A,0xFF,0xFF,0x0E,0x9A,0xFF,0xFF,0x0E,0x9A,0xFF,0xFF,0x0E,0x9A,0xFF,0xFF,0x0E,0x9A,0xFF,0xFF,0x0E,0x9A,0xFF,0xFF,0x0E,0x9A,0xFF,0xFF,0x0E,0x9A,0xFF,0xFF,0x0E,0x9A,0xFF,0xFF,0x0E,0x9A,0xFF,0xFF,0x0E,0x9A,0xFF,0xFF,0x0E,0x9A,0xFF,0xFF,0x0E,0x9A,0xFF,0xFF,0x0E,0x9A,0xFF,0xFF,0x0E,0x9A,0xFF,0xFF,0x0E,0x9A,0xFF,0xFF,
    0x0E,0x9A,0xFF,0xFF,0x0E,0x9A,0xFF,0xFF,0x0E,0x9A,0xFF,0xFF,0x0E,0x9A,0xFF,0xFF,0x0E,0x9A,0xFF,0xFF,0x0E,0x9A,0xFF,0xFF,0x0E,0x9A,0xFF,0xFF,0x0E,0x9A,0xFF,0xFF,0x0E,0x9A,0xFF,0xFF,0x0E,0x9A,0xFF,0xFF,0x0E,0x9A,0xFF,0xFF,0x0E,0x9A,0xFF,0xFF,0x0E,0x9A,0xFF,0xFF,0x0E,0x9A,0xFF,0xFF,0x0E,0x9A,0xFF,0xFF,0x0E,0x9A,0xFF,0xFF,
    0x0E,0x9A,0xFF,0xFF,0x0E,0x9A,0xFF,0xFF,0x0E,0x9A,0xFF,0xFF,0x0E,0x9A,0xFF,0xFF,0x0E,0x9A,0xFF,0xFF,0x0E,0x9A,0xFF,0xFF,0x0E,0x9A,0xFF,0xFF,0x0E,0x9A,0xFF,0xFF,0x0E,0x9A,0xFF,0xFF,0x0E,0x9A,0xFF,0xFF,0x0E,0x9A,0xFF,0xFF,0x0E,0x9A,0xFF,0xFF,0x0E,0x9A,0xFF,0xFF,0x0E,0x9A,0xFF,0xFF,0x0E,0x9A,0xFF,0xFF,0x0E,0x9A,0xFF,0xFF,
    0x0E,0x9A,0xFF,0xFF,0x0E,0x9A,0xFF,0xFF,0x0E,0x9A,0xFF,0xFF,0x0E,0x9A,0xFF,0xFF,0x0E,0x9A,0xFF,0xFF,0x0E,0x9A,0xFF,0xFF,0x0E,0x9A,0xFF,0xFF,0x0E,0x9A,0xFF,0xFF,0x0E,0x9A,0xFF,0xFF,0x0E,0x9A,0xFF,0xFF,0x0E,0x9A,0xFF,0xFF,0x0E,0x9A,0xFF,0xFF,0x0E,0x9A,0xFF,0xFF,0x0E,0x9A,0xFF,0xFF,0x0E,0x9A,0xFF,0xFF,0x0E,0x9A,0xFF,0xFF,
    0x0E,0x9A,0xFF,0xFF,0x0E,0x9A,0xFF,0xFF,0x0E,0x9A,0xFF,0xFF,0x0E,0x9A,0xFF,0xFF,0x0E,0x9A,0xFF,0xFF,0x0E,0x9A,0xFF,0xFF,0x0E,0x9A,0xFF,0xFF,0x0E,0x9A,0xFF,0xFF,0x0E,0x9A,0xFF,0xFF,0x0E,0x9A,0xFF,0xFF,0x0E,0x9A,0xFF,0xFF,0x0E,0x9A,0xFF,0xFF,0x0E,0x9A,0xFF,0xFF,0x0E,0x9A,0xFF,0xFF,0x0E,0x9A,0xFF,0xFF,0x0E,0x9A,0xFF,0xFF,
    0x0E,0x9A,0xFF,0xFF,0x0E,0x9A,0xFF,0xFF,0x0E,0x9A,0xFF,0xFF,0x0E,0x9A,0xFF,0xFF,0x0E,0x9A,0xFF,0xFF,0x0E,0x9A,0xFF,0xFF,0x0E,0x9A,0xFF,0xFF,0x0E,0x9A,0xFF,0xFF,0x0E,0x9A,0xFF,0xFF,0x0E,0x9A,0xFF,0xFF,0x0E,0x9A,0xFF,0xFF,0x0E,0x9A,0xFF,0xFF,0x0E,0x9A,0xFF,0xFF,0x0E,0x9A,0xFF,0xFF,0x0E,0x9A,0xFF,0xFF,0x0E,0x9A,0xFF,0xFF,
    0x0E,0x9A,0xFF,0xFF,0x0E,0x9A,0xFF,0xFF,0x0E,0x9A,0xFF,0xFF,0x0E,0x9A,0xFF,0xFF,0x0E,0x9A,0xFF,0xFF,0x0E,0x9A,0xFF,0xFF,0x0E,0x9A,0xFF,0xFF,0x0E,0x9A,0xFF,0xFF,0x0E,0x9A,0xFF,0xFF,0x0E,0x9A,0xFF,0xFF,0x0E,0x9A,0xFF,0xFF,0x0E,0x9A,0xFF,0xFF,0x0E,0x9A,0xFF,0xFF,0x0E,0x9A,0xFF,0xFF,0x0E,0x9A,0xFF,0xFF,0x0E,0x9A,0xFF,0xFF,
    0x0E,0x9A,0xFF,0xFF,0x0E,0x9A,0xFF,0xFF,0x0E,0x9A,0xFF,0xFF,0x0E,0x9A,0xFF,0xFF,0x0E,0x9A,0xFF,0xFF,0x0E,0x9A,0xFF,0xFF,0x0E,0x9A,0xFF,0xFF,0x0E,0x9A,0xFF,0xFF,0x0E,0x9A,0xFF,0xFF,0x0E,0x9A,0xFF,0xFF,0x0E,0x9A,0xFF,0xFF,0x0E,0x9A,0xFF,0xFF,0x0E,0x9A,0xFF,0xFF,0x0E,0x9A,0xFF,0xFF,0x0E,0x9A,0xFF,0xFF,0x0E,0x9A,0xFF,0xFF,
    0x0E,0x9A,0xFF,0xFF,0x0E,0x9A,0xFF,0xFF,0x0E,0x9A,0xFF,0xFF,0x0E,0x9A,0xFF,0xFF,0x0E,0x9A,0xFF,0xFF,0x0E,0x9A,0xFF,0xFF,0x0E,0x9A,0xFF,0xFF,0x0E,0x9A,0xFF,0xFF,0x0E,0x9A,0xFF,0xFF,0x0E,0x9A,0xFF,0xFF,0x0E,0x9A,0xFF,0xFF,0x0E,0x9A,0xFF,0xFF,0x0E,0x9A,0xFF,0xFF,0x0E,0x9A,0xFF,0xFF,0x0E,0x9A,0xFF,0xFF,0x0E,0x9A,0xFF,0xFF,
    0x0E,0x9A,0xFF,0xFF,0x0E,0x9A,0xFF,0xFF,0x0E,0x9A,0xFF,0xFF,0x0E,0x9A,0xFF,0xFF,0x0E,0x9A,0xFF,0xFF,0x0E,0x9A,0xFF,0xFF,0x0E,0x9A,0xFF,0xFF,0x0E,0x9A,0xFF,0xFF,0x0E,0x9A,0xFF,0xFF,0x0E,0x9A,0xFF,0xFF,0x0E,0x9A,0xFF,0xFF,0x0E,0x9A,0xFF,0xFF,0x0E,0x9A,0xFF,0xFF,0x0E,0x9A,0xFF,0xFF,0x0E,0x9A,0xFF,0xFF,0x0E,0x9A,0xFF,0xFF,
    0x0E,0x9A,0xFF,0xFF,0x0E,0x9A,0xFF,0xFF,0x0E,0x9A,0xFF,0xFF,0x0E,0x9A,0xFF,0xFF,0x0E,0x9A,0xFF,0xFF,0x0E,0x9A,0xFF,0xFF,0x0E,0x9A,0xFF,0xFF,0x0E,0x9A,0xFF,0xFF,0x0E,0x9A,0xFF,0xFF,0x0E,0x9A,0xFF,0xFF,0x0E,0x9A,0xFF,0xFF,0x0E,0x9A,0xFF,0xFF,0x0E,0x9A,0xFF,0xFF,0x0E,0x9A,0xFF,0xFF,0x0E,0x9A,0xFF,0xFF,0x0E,0x9A,0xFF,0xFF,
    0x0E,0x9A,0xFF,0xFF,0x0E,0x9A,0xFF,0xFF,0x0E,0x9A,0xFF,0xFF,0x0E,0x9A,0xFF,0xFF,0x0E,0x9A,0xFF,0xFF,0x0E,0x9A,0xFF,0xFF,0x0E,0x9A,0xFF,0xFF,0x0E,0x9A,0xFF,0xFF,0x0E,0x9A,0xFF,0xFF,0x0E,0x9A,0xFF,0xFF,0x0E,0x9A,0xFF,0xFF,0x0E,0x9A,0xFF,0xFF,0x0E,0x9A,0xFF,0xFF,0x0E,0x9A,0xFF,0xFF,0x0E,0x9A,0xFF,0xFF,0x0E,0x9A,0xFF,0xFF,
    0x0E,0x9A,0xFF,0xFF,0x0E,0x9A,0xFF,0xFF,0x0E,0x9A,0xFF,0xFF,0x0E,0x9A,0xFF,0xFF,0x0E,0x9A,0xFF,0xFF,0x0E,0x9A,0xFF,0xFF,0x0E,0x9A,0xFF,0xFF,0x0E,0x9A,0xFF,0xFF,0x0E,0x9A,0xFF,0xFF,0x0E,0x9A,0xFF,0xFF,0x0E,0x9A,0xFF,0xFF,0x0E,0x9A,0xFF,0xFF,0x0E,0x9A,0xFF,0xFF,0x0E,0x9A,0xFF,0xFF,0x0E,0x9A,0xFF,0xFF,0x0E,0x9A,0xFF,0xFF,
    0x0E,0x9A,0xFF,0xFF,0x0E,0x9A,0xFF,0xFF,0x0E,0x9A,0xFF,0xFF,0x0E,0x9A,0xFF,0xFF,0x0E,0x9A,0xFF,0xFF,0x0E,0x9A,0xFF,0xFF,0x0E,0x9A,0xFF,0xFF,0x0E,0x9A,0xFF,0xFF,0x0E,0x9A,0xFF,0xFF,0x0E,0x9A,0xFF,0xFF,0x0E,0x9A,0xFF,0xFF,0x0E,0x9A,0xFF,0xFF,0x0E,0x9A,0xFF,0xFF,0x0E,0x9A,0xFF,0xFF,0x0E,0x9A,0xFF,0xFF,0x0E,0x9A,0xFF,0xFF,
    0x0E,0x9A,0xFF,0xFF,0x0E,0x9A,0xFF,0xFF,0x0E,0x9A,0xFF,0xFF,0x0E,0x9A,0xFF,0xFF,0x0E,0x9A,0xFF,0xFF,0x0E,0x9A,0xFF,0xFF,0x0E,0x9A,0xFF,0xFF,0x0E,0x9A,0xFF,0xFF,0x0E,0x9A,0xFF,0xFF,0x0E,0x9A,0xFF,0xFF,0x0E,0x9A,0xFF,0xFF,0x0E,0x9A,0xFF,0xFF,0x0E,0x9A,0xFF,0xFF,0x0E,0x9A,0xFF,0xFF,0x0E,0x9A,0xFF,0xFF,0x0E,0x9A,0xFF,0xFF,
    0x0E,0x9A,0xFF,0xFF,0x0E,0x9A,0xFF,0xFF,0x0E,0x9A,0xFF,0xFF,0x0E,0x9A,0xFF,0xFF,0x0E,0x9A,0xFF,0xFF,0x0E,0x9A,0xFF,0xFF,0x0E,0x9A,0xFF,0xFF,0x0E,0x9A,0xFF,0xFF,0x0E,0x9A,0xFF,0xFF,0x0E,0x9A,0xFF,0xFF,0x0E,0x9A,0xFF,0xFF,0x0E,0x9A,0xFF,0xFF,0x0E,0x9A,0xFF,0x93,0x00,0x99,0xFF,0x0A,0x00,0x00,0x00,0x00,0x00,0x00,0x00,0x00,
    0x00,0x00,0x00,0x00,0x00,0x00,0x00,0x00,0x00,0x00,0x00,0x00,0x00,0x80,0xFF,0x02,0x0E,0x9B,0xFF,0x5C,0x0E,0x9A,0xFF,0xDE,0x0E,0x9A,0xFF,0xFF,0x0E,0x9A,0xFF,0xFF,0x0E,0x9A,0xFF,0xFF,0x0E,0x9A,0xFF,0xFF,0x0E,0x9A,0xFF,0xFF,0x0E,0x9A,0xFF,0xFF,0x0E,0x9A,0xFF,0xFF,0x0E,0x9A,0xFF,0xFF,0x0E,0x9A,0xFF,0xFF,0x0E,0x9A,0xFF,0xFF,
    0x0E,0x9A,0xFF,0xFF,0x0E,0x9A,0xFF,0xFF,0x0E,0x9A,0xFF,0xFF,0x0E,0x9A,0xFF,0xFF,0x0E,0x9A,0xFF,0xFF,0x0E,0x9A,0xFF,0xFF,0x0E,0x9A,0xFF,0xFF,0x0E,0x9A,0xFF,0xFF,0x0E,0x9A,0xFF,0xFF,0x0E,0x9A,0xFF,0xFF,0x0E,0x9A,0xFF,0xFF,0x0E,0x9A,0xFF,0xFF,0x0E,0x9A,0xFF,0xFF,0x0E,0x9A,0xFF,0xFF,0x0E,0x9A,0xFF,0xFF,0x0E,0x9A,0xFF,0xFF,
    0x0E,0x9A,0xFF,0xFF,0x0E,0x9A,0xFF,0xFF,0x0E,0x9A,0xFF,0xFF,0x0E,0x9A,0xFF,0xFF,0x0E,0x9A,0xFF,0xFF,0x0E,0x9A,0xFF,0xFF,0x0E,0x9A,0xFF,0xFF,0x0E,0x9A,0xFF,0xFF,0x0E,0x9A,0xFF,0xFF,0x0E,0x9A,0xFF,0xFF,0x0E,0x9A,0xFF,0xFF,0x0E,0x9A,0xFF,0xFF,0x0E,0x9A,0xFF,0xFF,0x0E,0x9A,0xFF,0xFF,0x0E,0x9A,0xFF,0xFF,0x0E,0x9A,0xFF,0xFF,
    0x0E,0x9A,0xFF,0xFF,0x0E,0x9A,0xFF,0xFF,0x0E,0x9A,0xFF,0xFF,0x0E,0x9A,0xFF,0xFF,0x0E,0x9A,0xFF,0xFF,0x0E,0x9A,0xFF,0xFF,0x0E,0x9A,0xFF,0xFF,0x0E,0x9A,0xFF,0xFF,0x0E,0x9A,0xFF,0xFF,0x0E,0x9A,0xFF,0xFF,0x0E,0x9A,0xFF,0xFF,0x0E,0x9A,0xFF,0xFF,0x0E,0x9A,0xFF,0xFF,0x0E,0x9A,0xFF,0xFF,0x0E,0x9A,0xFF,0xFF,0x0E,0x9A,0xFF,0xFF,
    0x0E,0x9A,0xFF,0xFF,0x0E,0x9A,0xFF,0xFF,0x0E,0x9A,0xFF,0xFF,0x0E,0x9A,0xFF,0xFF,0x0E,0x9A,0xFF,0xFF,0x0E,0x9A,0xFF,0xFF,0x0E,0x9A,0xFF,0xFF,0x0E,0x9A,0xFF,0xFF,0x0E,0x9A,0xFF,0xFF,0x0E,0x9A,0xFF,0xFF,0x0E,0x9A,0xFF,0xFF,0x0E,0x9A,0xFF,0xFF,0x0E,0x9A,0xFF,0xFF,0x0E,0x9A,0xFF,0xFF,0x0E,0x9A,0xFF,0xFF,0x0E,0x9A,0xFF,0xFF,
    0x0E,0x9A,0xFF,0xFF,0x0E,0x9A,0xFF,0xFF,0x0E,0x9A,0xFF,0xFF,0x0E,0x9A,0xFF,0xFF,0x0E,0x9A,0xFF,0xFF,0x0E,0x9A,0xFF,0xFF,0x0E,0x9A,0xFF,0xFF,0x0E,0x9A,0xFF,0xFF,0x0E,0x9A,0xFF,0xFF,0x0E,0x9A,0xFF,0xFF,0x0E,0x9A,0xFF,0xFF,0x0E,0x9A,0xFF,0xFF,0x0E,0x9A,0xFF,0xFF,0x0E,0x9A,0xFF,0xFF,0x0E,0x9A,0xFF,0xFF,0x0E,0x9A,0xFF,0xFF,
    0x0E,0x9A,0xFF,0xFF,0x0E,0x9A,0xFF,0xFF,0x0E,0x9A,0xFF,0xFF,0x0E,0x9A,0xFF,0xFF,0x0E,0x9A,0xFF,0xFF,0x0E,0x9A,0xFF,0xFF,0x0E,0x9A,0xFF,0xFF,0x0E,0x9A,0xFF,0xFF,0x0E,0x9A,0xFF,0xFF,0x0E,0x9A,0xFF,0xFF,0x0E,0x9A,0xFF,0xFF,0x0E,0x9A,0xFF,0xFF,0x0E,0x9A,0xFF,0xFF,0x0E,0x9A,0xFF,0xFF,0x0E,0x9A,0xFF,0xFF,0x0E,0x9A,0xFF,0xFF,
    0x0E,0x9A,0xFF,0xFF,0x0E,0x9A,0xFF,0xFF,0x0E,0x9A,0xFF,0xFF,0x0E,0x9A,0xFF,0xFF,0x0E,0x9A,0xFF,0xFF,0x0E,0x9A,0xFF,0xFF,0x0E,0x9A,0xFF,0xFF,0x0E,0x9A,0xFF,0xFF,0x0E,0x9A,0xFF,0xFF,0x0E,0x9A,0xFF,0xFF,0x0E,0x9A,0xFF,0xFF,0x0E,0x9A,0xFF,0xFF,0x0E,0x9A,0xFF,0xFF,0x0E,0x9A,0xFF,0xFF,0x0E,0x9A,0xFF,0xFF,0x0E,0x9A,0xFF,0xFF,
    0x0E,0x9A,0xFF,0xFF,0x0E,0x9A,0xFF,0xFF,0x0E,0x9A,0xFF,0xFF,0x0E,0x9A,0xFF,0xFF,0x0E,0x9A,0xFF,0xFF,0x0E,0x9A,0xFF,0xFF,0x0E,0x9A,0xFF,0xFF,0x0E,0x9A,0xFF,0xFF,0x0E,0x9A,0xFF,0xFF,0x0E,0x9A,0xFF,0xFF,0x0E,0x9A,0xFF,0xFF,0x0E,0x9A,0xFF,0xFF,0x0E,0x9A,0xFF,0xFF,0x0E,0x9A,0xFF,0xFF,0x0E,0x9A,0xFF,0xFF,0x0E,0x9A,0xFF,0xFF,
    0x0E,0x9A,0xFF,0xFF,0x0E,0x9A,0xFF,0xFF,0x0E,0x9A,0xFF,0xFF,0x0E,0x9A,0xFF,0xFF,0x0E,0x9A,0xFF,0xFF,0x0E,0x9A,0xFF,0xFF,0x0E,0x9A,0xFF,0xFF,0x0E,0x9A,0xFF,0xFF,0x0E,0x9A,0xFF,0xFF,0x0E,0x9A,0xFF,0xFF,0x0E,0x9A,0xFF,0xFF,0x0E,0x9A,0xFF,0xFF,0x0E,0x9A,0xFF,0xFF,0x0E,0x9A,0xFF,0xFF,0x0E,0x9A,0xFF,0xFF,0x0E,0x9A,0xFF,0xFF,
    0x0E,0x9A,0xFF,0xFF,0x0E,0x9A,0xFF,0xFF,0x0E,0x9A,0xFF,0xFF,0x0E,0x9A,0xFF,0xFF,0x0E,0x9A,0xFF,0xFF,0x0E,0x9A,0xFF,0xFF,0x0E,0x9A,0xFF,0xFF,0x0E,0x9A,0xFF,0xFF,0x0E,0x9A,0xFF,0xFF,0x0E,0x9A,0xFF,0xFF,0x0E,0x9A,0xFF,0xFF,0x0E,0x9A,0xFF,0xFF,0x0E,0x9A,0xFF,0xFF,0x0E,0x9A,0xFF,0xFF,0x0E,0x9A,0xFF,0xFF,0x0E,0x9A,0xFF,0xFF,
    0x0E,0x9A,0xFF,0xFF,0x0E,0x9A,0xFF,0xFF,0x0E,0x9A,0xFF,0xFF,0x0E,0x9A,0xFF,0xFF,0x0E,0x9A,0xFF,0xFF,0x0E,0x9A,0xFF,0xFF,0x0E,0x9A,0xFF,0xFF,0x0E,0x9A,0xFF,0xFF,0x0E,0x9A,0xFF,0xFF,0x0E,0x9A,0xFF,0xFF,0x0E,0x9A,0xFF,0xFF,0x0E,0x9A,0xFF,0xFF,0x0E,0x9A,0xFF,0xFF,0x0E,0x9A,0xFF,0xFF,0x0E,0x9A,0xFF,0xFF,0x0E,0x9A,0xFF,0xFF,
    0x0E,0x9A,0xFF,0xFF,0x0E,0x9A,0xFF,0xFF,0x0E,0x9A,0xFF,0xFF,0x0E,0x9A,0xFF,0xFF,0x0E,0x9A,0xFF,0xFF,0x0E,0x9A,0xFF,0xFF,0x0E,0x9A,0xFF,0xFF,0x0E,0x9A,0xFF,0xFF,0x0E,0x9A,0xFF,0xFF,0x0E,0x9A,0xFF,0xFF,0x0E,0x9A,0xFF,0xFF,0x0E,0x9A,0xFF,0xFF,0x0E,0x9A,0xFF,0xFF,0x0E,0x9A,0xFF,0xFF,0x0E,0x9A,0xFF,0xFF,0x0E,0x9A,0xFF,0xFF,
    0x0E,0x9A,0xFF,0xFF,0x0E,0x9A,0xFF,0xFF,0x0E,0x9A,0xFF,0xFF,0x0E,0x9A,0xFF,0xFF,0x0E,0x9A,0xFF,0xFF,0x0E,0x9A,0xFF,0xFF,0x0E,0x9A,0xFF,0xFF,0x0E,0x9A,0xFF,0xFF,0x0E,0x9A,0xFF,0xFF,0x0E,0x9A,0xFF,0xFF,0x0E,0x9A,0xFF,0xFF,0x0E,0x9A,0xFF,0xFF,0x0E,0x9A,0xFF,0xFF,0x0E,0x9A,0xFF,0xFF,0x0E,0x9A,0xFF,0xFF,0x0E,0x9A,0xFF,0xFF,
    0x0E,0x9A,0xFF,0xFF,0x0E,0x9A,0xFF,0xFF,0x0E,0x9A,0xFF,0xFF,0x0E,0x9A,0xFF,0xFF,0x0E,0x9A,0xFF,0xFF,0x0E,0x9A,0xFF,0xFF,0x0E,0x9A,0xFF,0xFF,0x0E,0x9A,0xFF,0xFF,0x0E,0x9A,0xFF,0xFF,0x0E,0x9A,0xFF,0xFF,0x0E,0x9A,0xFF,0xFF,0x0E,0x9A,0xFF,0xFF,0x0E,0x9A,0xFF,0xFF,0x0E,0x9A,0xFF,0xFF,0x0E,0x9A,0xFF,0xFF,0x0E,0x9A,0xFF,0xFF,
    0x0E,0x9A,0xFF,0xFF,0x0E,0x9A,0xFF,0xFF,0x0E,0x9A,0xFF,0xFF,0x0E,0x9A,0xFF,0xFF,0x0E,0x9A,0xFF,0xFF,0x0E,0x9A,0xFF,0xFF,0x0E,0x9A,0xFF,0xFF,0x0E,0x9A,0xFF,0xFF,0x0E,0x9A,0xFF,0xFF,0x0E,0x9A,0xFF,0xFF,0x0E,0x9A,0xFF,0xFF,0x0E,0x9A,0xFF,0xFF,0x0E,0x9A,0xFF,0xFF,0x0E,0x9A,0xFF,0xFF,0x0E,0x9A,0xFF,0xFF,0x0E,0x9A,0xFF,0xFF,
    0x0E,0x9A,0xFF,0xFF,0x0E,0x9A,0xFF,0xFF,0x0E,0x9A,0xFF,0xFF,0x0E,0x9A,0xFF,0xFF,0x0E,0x9A,0xFF,0xFF,0x0E,0x9A,0xFF,0xFF,0x0E,0x9A,0xFF,0xFF,0x0E,0x9A,0xFF,0xFF,0x0E,0x9A,0xFF,0xFF,0x0E,0x9A,0xFF,0xFF,0x0E,0x9A,0xFF,0xFF,0x0E,0x9A,0xFF,0xFF,0x0E,0x9A,0xFF,0xFF,0x0E,0x9A,0xFF,0xFF,0x0E,0x9A,0xFF,0xFF,0x0E,0x9A,0xFF,0xFF,
    0x0E,0x9A,0xFF,0xFF,0x0E,0x9A,0xFF,0xFF,0x0E,0x9A,0xFF,0xFF,0x0E,0x9A,0xFF,0xFF,0x0E,0x9A,0xFF,0xFF,0x0E,0x9A,0xFF,0xFF,0x0E,0x9A,0xFF,0xFF,0x0E,0x9A,0xFF,0xFF,0x0E,0x9A,0xFF,0xFF,0x0E,0x9A,0xFF,0xFF,0x0E,0x9A,0xFF,0xFF,0x0E,0x9A,0xFF,0xFF,0x0E,0x9A,0xFF,0xFF,0x0E,0x9A,0xFF,0xFF,0x0E,0x9A,0xFF,0xFF,0x0E,0x9A,0xFF,0xFF,
    0x0E,0x9A,0xFF,0xFF,0x0E,0x9A,0xFF,0xFF,0x0E,0x9A,0xFF,0xFF,0x0E,0x9A,0xFF,0xFF,0x0E,0x9A,0xFF,0xFF,0x0E,0x9A,0xFF,0xFF,0x0E,0x9A,0xFF,0xFF,0x0E,0x9A,0xFF,0xFF,0x0E,0x9A,0xFF,0xFF,0x0E,0x9A,0xFF,0xFF,0x0E,0x9A,0xFF,0xFF,0x0E,0x9A,0xFF,0xFF,0x0E,0x9A,0xFF,0xFF,0x0E,0x9A,0xFF,0xFF,0x0E,0x9A,0xFF,0xFF,0x0E,0x9A,0xFF,0xFF,
    0x0E,0x9A,0xFF,0xFF,0x0E,0x9A,0xFF,0xFF,0x0E,0x9A,0xFF,0xFF,0x0E,0x9A,0xFF,0xFF,0x0E,0x9A,0xFF,0xFF,0x0E,0x9A,0xFF,0xFF,0x0E,0x9A,0xFF,0xFF,0x0E,0x9A,0xFF,0xFF,0x0E,0x9A,0xFF,0xFF,0x0E,0x9A,0xFF,0xFF,0x0E,0x9A,0xFF,0xFF,0x0E,0x9A,0xFF,0xFF,0x0E,0x9A,0xFF,0xFF,0x0E,0x9A,0xFF,0xFF,0x0E,0x9A,0xFF,0xFF,0x0E,0x9A,0xFF,0xFF,
    0x0E,0x9A,0xFF,0xFF,0x0E,0x9A,0xFF,0xFF,0x0E,0x9A,0xFF,0xFF,0x0E,0x9A,0xFF,0xFF,0x0E,0x9A,0xFF,0xFF,0x0E,0x9A,0xFF,0xFF,0x0E,0x9A,0xFF,0xFF,0x0E,0x9A,0xFF,0xFF,0x0E,0x9A,0xFF,0xFF,0x0E,0x9A,0xFF,0xFF,0x0E,0x9A,0xFF,0xFF,0x0E,0x9A,0xFF,0xFF,0x0E,0x9A,0xFF,0xFF,0x0E,0x9A,0xFF,0xFF,0x0E,0x9A,0xFF,0xFF,0x0E,0x9A,0xFF,0xFF,
    0x0E,0x9A,0xFF,0xFF,0x0E,0x9A,0xFF,0xFF,0x0E,0x9A,0xFF,0xFF,0x0E,0x9A,0xFF,0xFF,0x0E,0x9A,0xFF,0xFF,0x0E,0x9A,0xFF,0xFF,0x0E,0x9A,0xFF,0xFF,0x0E,0x9A,0xFF,0xFF,0x0E,0x9A,0xFF,0xFF,0x0E,0x9A,0xFF,0xFF,0x0E,0x9A,0xFF,0xFF,0x0E,0x9A,0xFF,0xFF,0x0E,0x9A,0xFF,0xFF,0x0E,0x9A,0xFF,0xFF,0x0E,0x9A,0xFF,0xFF,0x0E,0x9A,0xFF,0xFF,
    0x0E,0x9A,0xFF,0xFF,0x0E,0x9A,0xFF,0xFF,0x0E,0x9A,0xFF,0xDE,0x0E,0x9B,0xFF,0x5C,0x00,0x80,0xFF,0x02,0x00,0x00,0x00,0x00,0x00,0x00,0x00,0x00,0x00,0x00,0x00,0x00,0x00,0x00,0x00,0x00,0x00,0x00,0x00,0x00,0x00,0x00,0x00,0x00,0x00,0x00,0x00,0x00,0x00,0x00,0x00,0x00,0x11,0x99,0xFF,0x0F,0x0E,0x9B,0xFF,0x59,0x0E,0x9A,0xFF,0xB1,
    0x0E,0x9A,0xFF,0xDE,0x0E,0x9A,0xFF,0xFA,0x0E,0x9A,0xFF,0xFF,0x0E,0x9A,0xFF,0xFF,0x0E,0x9A,0xFF,0xFF,0x0E,0x9A,0xFF,0xFF,0x0E,0x9A,0xFF,0xFF,0x0E,0x9A,0xFF,0xFF,0x0E,0x9A,0xFF,0xFF,0x0E,0x9A,0xFF,0xFF,0x0E,0x9A,0xFF,0xFF,0x0E,0x9A,0xFF,0xFF,0x0E,0x9A,0xFF,0xFF,0x0E,0x9A,0xFF,0xFF,0x0E,0x9A,0xFF,0xFF,0x0E,0x9A,0xFF,0xFF,
    0x0E,0x9A,0xFF,0xFF,0x0E,0x9A,0xFF,0xFF,0x0E,0x9A,0xFF,0xFF,0x0E,0x9A,0xFF,0xFF,0x0E,0x9A,0xFF,0xFF,0x0E,0x9A,0xFF,0xFF,0x0E,0x9A,0xFF,0xFF,0x0E,0x9A,0xFF,0xFF,0x0E,0x9A,0xFF,0xFF,0x0E,0x9A,0xFF,0xFF,0x0E,0x9A,0xFF,0xFF,0x0E,0x9A,0xFF,0xFF,0x0E,0x9A,0xFF,0xFF,0x0E,0x9A,0xFF,0xFF,0x0E,0x9A,0xFF,0xFF,0x0E,0x9A,0xFF,0xFF,
    0x0E,0x9A,0xFF,0xFF,0x0E,0x9A,0xFF,0xFF,0x0E,0x9A,0xFF,0xFF,0x0E,0x9A,0xFF,0xFF,0x0E,0x9A,0xFF,0xFF,0x0E,0x9A,0xFF,0xFF,0x0E,0x9A,0xFF,0xFF,0x0E,0x9A,0xFF,0xFF,0x0E,0x9A,0xFF,0xFF,0x0E,0x9A,0xFF,0xFF,0x0E,0x9A,0xFF,0xFF,0x0E,0x9A,0xFF,0xFF,0x0E,0x9A,0xFF,0xFF,0x0E,0x9A,0xFF,0xFF,0x0E,0x9A,0xFF,0xFF,0x0E,0x9A,0xFF,0xFF,
    0x0E,0x9A,0xFF,0xFF,0x0E,0x9A,0xFF,0xFF,0x0E,0x9A,0xFF,0xFF,0x0E,0x9A,0xFF,0xFF,0x0E,0x9A,0xFF,0xFF,0x0E,0x9A,0xFF,0xFF,0x0E,0x9A,0xFF,0xFF,0x0E,0x9A,0xFF,0xFF,0x0E,0x9A,0xFF,0xFF,0x0E,0x9A,0xFF,0xFF,0x0E,0x9A,0xFF,0xFF,0x0E,0x9A,0xFF,0xFF,0x0E,0x9A,0xFF,0xFF,0x0E,0x9A,0xFF,0xFF,0x0E,0x9A,0xFF,0xFF,0x0E,0x9A,0xFF,0xFF,
    0x0E,0x9A,0xFF,0xFF,0x0E,0x9A,0xFF,0xFF,0x0E,0x9A,0xFF,0xFF,0x0E,0x9A,0xFF,0xFF,0x0E,0x9A,0xFF,0xFF,0x0E,0x9A,0xFF,0xFF,0x0E,0x9A,0xFF,0xFF,0x0E,0x9A,0xFF,0xFF,0x0E,0x9A,0xFF,0xFF,0x0E,0x9A,0xFF,0xFF,0x0E,0x9A,0xFF,0xFF,0x0E,0x9A,0xFF,0xFF,0x0E,0x9A,0xFF,0xFF,0x0E,0x9A,0xFF,0xFF,0x0E,0x9A,0xFF,0xFF,0x0E,0x9A,0xFF,0xFF,
    0x0E,0x9A,0xFF,0xFF,0x0E,0x9A,0xFF,0xFF,0x0E,0x9A,0xFF,0xFF,0x0E,0x9A,0xFF,0xFF,0x0E,0x9A,0xFF,0xFF,0x0E,0x9A,0xFF,0xFF,0x0E,0x9A,0xFF,0xFF,0x0E,0x9A,0xFF,0xFF,0x0E,0x9A,0xFF,0xFF,0x0E,0x9A,0xFF,0xFF,0x0E,0x9A,0xFF,0xFF,0x0E,0x9A,0xFF,0xFF,0x0E,0x9A,0xFF,0xFF,0x0E,0x9A,0xFF,0xFF,0x0E,0x9A,0xFF,0xFF,0x0E,0x9A,0xFF,0xFF,
    0x0E,0x9A,0xFF,0xFF,0x0E,0x9A,0xFF,0xFF,0x0E,0x9A,0xFF,0xFF,0x0E,0x9A,0xFF,0xFF,0x0E,0x9A,0xFF,0xFF,0x0E,0x9A,0xFF,0xFF,0x0E,0x9A,0xFF,0xFF,0x0E,0x9A,0xFF,0xFF,0x0E,0x9A,0xFF,0xFF,0x0E,0x9A,0xFF,0xFF,0x0E,0x9A,0xFF,0xFF,0x0E,0x9A,0xFF,0xFF,0x0E,0x9A,0xFF,0xFF,0x0E,0x9A,0xFF,0xFF,0x0E,0x9A,0xFF,0xFF,0x0E,0x9A,0xFF,0xFF,
    0x0E,0x9A,0xFF,0xFF,0x0E,0x9A,0xFF,0xFF,0x0E,0x9A,0xFF,0xFF,0x0E,0x9A,0xFF,0xFF,0x0E,0x9A,0xFF,0xFF,0x0E,0x9A,0xFF,0xFF,0x0E,0x9A,0xFF,0xFF,0x0E,0x9A,0xFF,0xFF,0x0E,0x9A,0xFF,0xFF,0x0E,0x9A,0xFF,0xFF,0x0E,0x9A,0xFF,0xFF,0x0E,0x9A,0xFF,0xFF,0x0E,0x9A,0xFF,0xFF,0x0E,0x9A,0xFF,0xFF,0x0E,0x9A,0xFF,0xFF,0x0E,0x9A,0xFF,0xFF,
    0x0E,0x9A,0xFF,0xFF,0x0E,0x9A,0xFF,0xFF,0x0E,0x9A,0xFF,0xFF,0x0E,0x9A,0xFF,0xFF,0x0E,0x9A,0xFF,0xFF,0x0E,0x9A,0xFF,0xFF,0x0E,0x9A,0xFF,0xFF,0x0E,0x9A,0xFF,0xFF,0x0E,0x9A,0xFF,0xFF,0x0E,0x9A,0xFF,0xFF,0x0E,0x9A,0xFF,0xFF,0x0E,0x9A,0xFF,0xFF,0x0E,0x9A,0xFF,0xFF,0x0E,0x9A,0xFF,0xFF,0x0E,0x9A,0xFF,0xFF,0x0E,0x9A,0xFF,0xFF,
    0x0E,0x9A,0xFF,0xFF,0x0E,0x9A,0xFF,0xFF,0x0E,0x9A,0xFF,0xFF,0x0E,0x9A,0xFF,0xFF,0x0E,0x9A,0xFF,0xFF,0x0E,0x9A,0xFF,0xFF,0x0E,0x9A,0xFF,0xFF,0x0E,0x9A,0xFF,0xFF,0x0E,0x9A,0xFF,0xFF,0x0E,0x9A,0xFF,0xFF,0x0E,0x9A,0xFF,0xFF,0x0E,0x9A,0xFF,0xFF,0x0E,0x9A,0xFF,0xFF,0x0E,0x9A,0xFF,0xFF,0x0E,0x9A,0xFF,0xFF,0x0E,0x9A,0xFF,0xFF,
    0x0E,0x9A,0xFF,0xFF,0x0E,0x9A,0xFF,0xFF,0x0E,0x9A,0xFF,0xFF,0x0E,0x9A,0xFF,0xFF,0x0E,0x9A,0xFF,0xFF,0x0E,0x9A,0xFF,0xFF,0x0E,0x9A,0xFF,0xFF,0x0E,0x9A,0xFF,0xFF,0x0E,0x9A,0xFF,0xFF,0x0E,0x9A,0xFF,0xFF,0x0E,0x9A,0xFF,0xFF,0x0E,0x9A,0xFF,0xFF,0x0E,0x9A,0xFF,0xFF,0x0E,0x9A,0xFF,0xFF,0x0E,0x9A,0xFF,0xFF,0x0E,0x9A,0xFF,0xFF,
    0x0E,0x9A,0xFF,0xFF,0x0E,0x9A,0xFF,0xFF,0x0E,0x9A,0xFF,0xFF,0x0E,0x9A,0xFF,0xFF,0x0E,0x9A,0xFF,0xFF,0x0E,0x9A,0xFF,0xFF,0x0E,0x9A,0xFF,0xFF,0x0E,0x9A,0xFF,0xFF,0x0E,0x9A,0xFF,0xFF,0x0E,0x9A,0xFF,0xFF,0x0E,0x9A,0xFF,0xFF,0x0E,0x9A,0xFF,0xFF,0x0E,0x9A,0xFF,0xFF,0x0E,0x9A,0xFF,0xFF,0x0E,0x9A,0xFF,0xFF,0x0E,0x9A,0xFF,0xFF,
    0x0E,0x9A,0xFF,0xFF,0x0E,0x9A,0xFF,0xFF,0x0E,0x9A,0xFF,0xFF,0x0E,0x9A,0xFF,0xFF,0x0E,0x9A,0xFF,0xFF,0x0E,0x9A,0xFF,0xFF,0x0E,0x9A,0xFF,0xFF,0x0E,0x9A,0xFF,0xFF,0x0E,0x9A,0xFF,0xFF,0x0E,0x9A,0xFF,0xFF,0x0E,0x9A,0xFF,0xFF,0x0E,0x9A,0xFF,0xFF,0x0E,0x9A,0xFF,0xFF,0x0E,0x9A,0xFF,0xFF,0x0E,0x9A,0xFF,0xFF,0x0E,0x9A,0xFF,0xFF,
    0x0E,0x9A,0xFF,0xFF,0x0E,0x9A,0xFF,0xFF,0x0E,0x9A,0xFF,0xFF,0x0E,0x9A,0xFF,0xFF,0x0E,0x9A,0xFF,0xFF,0x0E,0x9A,0xFF,0xFF,0x0E,0x9A,0xFF,0xFF,0x0E,0x9A,0xFF,0xFF,0x0E,0x9A,0xFF,0xFF,0x0E,0x9A,0xFF,0xFF,0x0E,0x9A,0xFF,0xFF,0x0E,0x9A,0xFF,0xFF,0x0E,0x9A,0xFF,0xFF,0x0E,0x9A,0xFF,0xFF,0x0E,0x9A,0xFF,0xFF,0x0E,0x9A,0xFF,0xFF,
    0x0E,0x9A,0xFF,0xFF,0x0E,0x9A,0xFF,0xFF,0x0E,0x9A,0xFF,0xFF,0x0E,0x9A,0xFF,0xFF,0x0E,0x9A,0xFF,0xFF,0x0E,0x9A,0xFF,0xFF,0x0E,0x9A,0xFF,0xFF,0x0E,0x9A,0xFF,0xFF,0x0E,0x9A,0xFF,0xFF,0x0E,0x9A,0xFF,0xFF,0x0E,0x9A,0xFF,0xFF,0x0E,0x9A,0xFF,0xFF,0x0E,0x9A,0xFF,0xFF,0x0E,0x9A,0xFF,0xFF,0x0E,0x9A,0xFF,0xFF,0x0E,0x9A,0xFF,0xFF,
    0x0E,0x9A,0xFF,0xFF,0x0E,0x9A,0xFF,0xFF,0x0E,0x9A,0xFF,0xFF,0x0E,0x9A,0xFF,0xFF,0x0E,0x9A,0xFF,0xFF,0x0E,0x9A,0xFF,0xFF,0x0E,0x9A,0xFF,0xFF,0x0E,0x9A,0xFF,0xFF,0x0E,0x9A,0xFF,0xFF,0x0E,0x9A,0xFF,0xFF,0x0E,0x9A,0xFF,0xFF,0x0E,0x9A,0xFF,0xFF,0x0E,0x9A,0xFF,0xFF,0x0E,0x9A,0xFF,0xFF,0x0E,0x9A,0xFF,0xFF,0x0E,0x9A,0xFF,0xFF,
    0x0E,0x9A,0xFF,0xFF,0x0E,0x9A,0xFF,0xFF,0x0E,0x9A,0xFF,0xFF,0x0E,0x9A,0xFF,0xFF,0x0E,0x9A,0xFF,0xFF,0x0E,0x9A,0xFF,0xFF,0x0E,0x9A,0xFF,0xFF,0x0E,0x9A,0xFF,0xFF,0x0E,0x9A,0xFF,0xFF,0x0E,0x9A,0xFF,0xFF,0x0E,0x9A,0xFF,0xFF,0x0E,0x9A,0xFF,0xFF,0x0E,0x9A,0xFF,0xFF,0x0E,0x9A,0xFF,0xFF,0x0E,0x9A,0xFF,0xFF,0x0E,0x9A,0xFF,0xFF,
    0x0E,0x9A,0xFF,0xFF,0x0E,0x9A,0xFF,0xFF,0x0E,0x9A,0xFF,0xFF,0x0E,0x9A,0xFF,0xFF,0x0E,0x9A,0xFF,0xFF,0x0E,0x9A,0xFF,0xFF,0x0E,0x9A,0xFF,0xFF,0x0E,0x9A,0xFF,0xFF,0x0E,0x9A,0xFF,0xFF,0x0E,0x9A,0xFF,0xFF,0x0E,0x9A,0xFF,0xFF,0x0E,0x9A,0xFF,0xFF,0x0E,0x9A,0xFF,0xFF,0x0E,0x9A,0xFF,0xFF,0x0E,0x9A,0xFF,0xFF,0x0E,0x9A,0xFF,0xFF,
    0x0E,0x9A,0xFF,0xFF,0x0E,0x9A,0xFF,0xFF,0x0E,0x9A,0xFF,0xFF,0x0E,0x9A,0xFF,0xFF,0x0E,0x9A,0xFF,0xFF,0x0E,0x9A,0xFF,0xFF,0x0E,0x9A,0xFF,0xFF,0x0E,0x9A,0xFF,0xFF,0x0E,0x9A,0xFF,0xFF,0x0E,0x9A,0xFF,0xFF,0x0E,0x9A,0xFF,0xFF,0x0E,0x9A,0xFF,0xFF,0x0E,0x9A,0xFF,0xFF,0x0E,0x9A,0xFF,0xFF,0x0E,0x9A,0xFF,0xFF,0x0E,0x9A,0xFF,0xFF,
    0x0E,0x9A,0xFF,0xFF,0x0E,0x9A,0xFF,0xFF,0x0E,0x9A,0xFF,0xFF,0x0E,0x9A,0xFF,0xFF,0x0E,0x9A,0xFF,0xFF,0x0E,0x9A,0xFF,0xFF,0x0E,0x9A,0xFF,0xFF,0x0E,0x9A,0xFF,0xFF,0x0E,0x9A,0xFF,0xFF,0x0E,0x9A,0xFF,0xFF,0x0E,0x9A,0xFF,0xFF,0x0E,0x9A,0xFF,0xFF,0x0E,0x9A,0xFF,0xFF,0x0E,0x9A,0xFF,0xFF,0x0E,0x9A,0xFF,0xFF,0x0E,0x9A,0xFF,0xFF,
    0x0E,0x9A,0xFF,0xFF,0x0E,0x9A,0xFF,0xFF,0x0E,0x9A,0xFF,0xFF,0x0E,0x9A,0xFF,0xFF,0x0E,0x9A,0xFF,0xFF,0x0E,0x9A,0xFF,0xFF,0x0E,0x9A,0xFF,0xFF,0x0E,0x9A,0xFF,0xFF,0x0E,0x9A,0xFF,0xFF,0x0E,0x9A,0xFF,0xFF,0x0E,0x9A,0xFF,0xFF,0x0E,0x9A,0xFF,0xFF,0x0E,0x9A,0xFF,0xFF,0x0E,0x9A,0xFF,0xFF,0x0E,0x9A,0xFF,0xFF,0x0E,0x9A,0xFF,0xFF,
    0x0E,0x9A,0xFF,0xFF,0x0E,0x9A,0xFF,0xFF,0x0E,0x9A,0xFF,0xFF,0x0E,0x9A,0xFF,0xFF,0x0E,0x9A,0xFF,0xFF,0x0E,0x9A,0xFF,0xFF,0x0E,0x9A,0xFF,0xFA,0x0E,0x9A,0xFF,0xDE,0x0E,0x99,0xFF,0xB1,0x0E,0x9B,0xFF,0x59,0x11,0x99,0xFF,0x0F,0x00,0x00,0x00,0x00,0x00,0x00,0x00,0x00,0x00,0x00,0x00,0x00,0x00,0x00,0x00,0x00,0x00,0x00,0x00,0x00
};

const lv_image_dsc_t ui_img_storage_p_png = {
    .header.w = 360,
    .header.h = 20,
    .data_size = sizeof(ui_img_storage_p_png_data),
    .header.cf = LV_COLOR_FORMAT_NATIVE_WITH_ALPHA,
    .header.magic = LV_IMAGE_HEADER_MAGIC,
    .data = ui_img_storage_p_png_data
};
