// Auto-generated from icon_delete_n.png by convert_dvr_images.py
// LVGL version: 9.2.2   Image: 100x60 ARGB8888

#include "../ui.h"

#ifndef LV_ATTRIBUTE_MEM_ALIGN
    #define LV_ATTRIBUTE_MEM_ALIGN
#endif

// IMAGE DATA: icon_delete_n.png
const LV_ATTRIBUTE_MEM_ALIGN uint8_t ui_img_icon_delete_n_png_data[] = {
    0x00,0x00,0x00,0x00,0x00,0x00,0x00,0x00,0x00,0x00,0x00,0x00,0x00,0x00,0x00,0x00,0x00,0x00,0x00,0x00,0xAA,0xCC,0xEE,0x0F,0xAC,0xC9,0xEE,0x59,0xAB,0xCA,0xEE,0xB1,0xAB,0xC9,0xEE,0xDE,0xAC,0xCA,0xEE,0xFA,0xAC,0xCA,0xEE,0xFF,0xAC,0xCA,0xEE,0xFF,0xAC,0xCA,0xEE,0xFF,0xAC,0xCA,0xEE,0xFF,0xAC,0xCA,0xEE,0xFF,0xAC,0xCA,0xEE,0xFF,
    0xAC,0xCA,0xEE,0xFF,0xAC,0xCA,0xEE,0xFF,0xAC,0xCA,0xEE,0xFF,0xAC,0xCA,0xEE,0xFF,0xAC,0xCA,0xEE,0xFF,0xAC,0xCA,0xEE,0xFF,0xAC,0xCA,0xEE,0xFF,0xAC,0xCA,0xEE,0xFF,0xAC,0xCA,0xEE,0xFF,0xAC,0xCA,0xEE,0xFF,0xAC,0xCA,0xEE,0xFF,0xAC,0xCA,0xEE,0xFF,0xAC,0xCA,0xEE,0xFF,0xAC,0xCA,0xEE,0xFF,0xAC,0xCA,0xEE,0xFF,0xAC,0xCA,0xEE,0xFF,
    0xAC,0xCA,0xEE,0xFF,0xAC,0xCA,0xEE,0xFF,0xAC,0xCA,0xEE,0xFF,0xAC,0xCA,0xEE,0xFF,0xAC,0xCA,0xEE,0xFF,0xAC,0xCA,0xEE,0xFF,0xAC,0xCA,0xEE,0xFF,0xAC,0xCA,0xEE,0xFF,0xAC,0xCA,0xEE,0xFF,0xAC,0xCA,0xEE,0xFF,0xAC,0xCA,0xEE,0xFF,0xAC,0xCA,0xEE,0xFF,0xAC,0xCA,0xEE,0xFF,0xAC,0xCA,0xEE,0xFF,0xAC,0xCA,0xEE,0xFF,0xAC,0xCA,0xEE,0xFF,
    0xAC,0xCA,0xEE,0xFF,0xAC,0xCA,0xEE,0xFF,0xAC,0xCA,0xEE,0xFF,0xAC,0xCA,0xEE,0xFF,0xAC,0xCA,0xEE,0xFF,0xAC,0xCA,0xEE,0xFF,0xAC,0xCA,0xEE,0xFF,0xAC,0xCA,0xEE,0xFF,0xAC,0xCA,0xEE,0xFF,0xAC,0xCA,0xEE,0xFF,0xAC,0xCA,0xEE,0xFF,0xAC,0xCA,0xEE,0xFF,0xAC,0xCA,0xEE,0xFF,0xAC,0xCA,0xEE,0xFF,0xAC,0xCA,0xEE,0xFF,0xAC,0xCA,0xEE,0xFF,
    0xAC,0xCA,0xEE,0xFF,0xAC,0xCA,0xEE,0xFF,0xAC,0xCA,0xEE,0xFF,0xAC,0xCA,0xEE,0xFF,0xAC,0xCA,0xEE,0xFF,0xAC,0xCA,0xEE,0xFF,0xAC,0xCA,0xEE,0xFF,0xAC,0xCA,0xEE,0xFF,0xAC,0xCA,0xEE,0xFF,0xAC,0xCA,0xEE,0xFF,0xAC,0xCA,0xEE,0xFF,0xAC,0xCA,0xEE,0xFF,0xAC,0xCA,0xEE,0xFF,0xAC,0xCA,0xEE,0xFF,0xAC,0xCA,0xEE,0xFF,0xAC,0xCA,0xEE,0xFF,
    0xAC,0xCA,0xEE,0xFF,0xAC,0xCA,0xEE,0xFF,0xAC,0xCA,0xEE,0xFF,0xAC,0xCA,0xEE,0xFF,0xAC,0xCA,0xEE,0xFF,0xAC,0xCA,0xEE,0xFF,0xAC,0xCA,0xEE,0xFF,0xAC,0xCA,0xEE,0xFF,0xAC,0xCA,0xEE,0xFF,0xAC,0xCA,0xEE,0xFF,0xAC,0xCA,0xEE,0xFA,0xAB,0xC9,0xEE,0xDE,0xAB,0xCA,0xEE,0xB1,0xAC,0xC9,0xEE,0x59,0xAA,0xCC,0xEE,0x0F,0x00,0x00,0x00,0x00,
    0x00,0x00,0x00,0x00,0x00,0x00,0x00,0x00,0x00,0x00,0x00,0x00,0x00,0x00,0x00,0x00,0x00,0x00,0x00,0x00,0x00,0x00,0x00,0x00,0x00,0x00,0x00,0x00,0xFF,0xFF,0xFF,0x01,0xAE,0xCD,0xEE,0x5B,0xAC,0xCA,0xEE,0xDE,0xAC,0xCA,0xEE,0xFF,0xAC,0xCA,0xEE,0xFF,0xAC,0xCA,0xEE,0xFF,0xAC,0xCA,0xEE,0xFF,0xAC,0xCA,0xEE,0xFF,0xAC,0xCA,0xEE,0xFF,
    0xAC,0xCA,0xEE,0xFF,0xAC,0xCA,0xEE,0xFF,0xAC,0xCA,0xEE,0xFF,0xAC,0xCA,0xEE,0xFF,0xAC,0xCA,0xEE,0xFF,0xAC,0xCA,0xEE,0xFF,0xAC,0xCA,0xEE,0xFF,0xAC,0xCA,0xEE,0xFF,0xAC,0xCA,0xEE,0xFF,0xAC,0xCA,0xEE,0xFF,0xAC,0xCA,0xEE,0xFF,0xAC,0xCA,0xEE,0xFF,0xAC,0xCA,0xEE,0xFF,0xAC,0xCA,0xEE,0xFF,0xAC,0xCA,0xEE,0xFF,0xAC,0xCA,0xEE,0xFF,
    0xAC,0xCA,0xEE,0xFF,0xAC,0xCA,0xEE,0xFF,0xAC,0xCA,0xEE,0xFF,0xAC,0xCA,0xEE,0xFF,0xAC,0xCA,0xEE,0xFF,0xAC,0xCA,0xEE,0xFF,0xAC,0xCA,0xEE,0xFF,0xAC,0xCA,0xEE,0xFF,0xAC,0xCA,0xEE,0xFF,0xAC,0xCA,0xEE,0xFF,0xAC,0xCA,0xEE,0xFF,0xAC,0xCA,0xEE,0xFF,0xAC,0xCA,0xEE,0xFF,0xAC,0xCA,0xEE,0xFF,0xAC,0xCA,0xEE,0xFF,0xAC,0xCA,0xEE,0xFF,
    0xAC,0xCA,0xEE,0xFF,0xAC,0xCA,0xEE,0xFF,0xAC,0xCA,0xEE,0xFF,0xAC,0xCA,0xEE,0xFF,0xAC,0xCA,0xEE,0xFF,0xAC,0xCA,0xEE,0xFF,0xAC,0xCA,0xEE,0xFF,0xAC,0xCA,0xEE,0xFF,0xAC,0xCA,0xEE,0xFF,0xAC,0xCA,0xEE,0xFF,0xAC,0xCA,0xEE,0xFF,0xAC,0xCA,0xEE,0xFF,0xAC,0xCA,0xEE,0xFF,0xAC,0xCA,0xEE,0xFF,0xAC,0xCA,0xEE,0xFF,0xAC,0xCA,0xEE,0xFF,
    0xAC,0xCA,0xEE,0xFF,0xAC,0xCA,0xEE,0xFF,0xAC,0xCA,0xEE,0xFF,0xAC,0xCA,0xEE,0xFF,0xAC,0xCA,0xEE,0xFF,0xAC,0xCA,0xEE,0xFF,0xAC,0xCA,0xEE,0xFF,0xAC,0xCA,0xEE,0xFF,0xAC,0xCA,0xEE,0xFF,0xAC,0xCA,0xEE,0xFF,0xAC,0xCA,0xEE,0xFF,0xAC,0xCA,0xEE,0xFF,0xAC,0xCA,0xEE,0xFF,0xAC,0xCA,0xEE,0xFF,0xAC,0xCA,0xEE,0xFF,0xAC,0xCA,0xEE,0xFF,
    0xAC,0xCA,0xEE,0xFF,0xAC,0xCA,0xEE,0xFF,0xAC,0xCA,0xEE,0xFF,0xAC,0xCA,0xEE,0xFF,0xAC,0xCA,0xEE,0xFF,0xAC,0xCA,0xEE,0xFF,0xAC,0xCA,0xEE,0xFF,0xAC,0xCA,0xEE,0xFF,0xAC,0xCA,0xEE,0xFF,0xAC,0xCA,0xEE,0xFF,0xAC,0xCA,0xEE,0xFF,0xAC,0xCA,0xEE,0xFF,0xAC,0xCA,0xEE,0xFF,0xAC,0xCA,0xEE,0xFF,0xAC,0xCA,0xEE,0xFF,0xAC,0xCA,0xEE,0xFF,
    0xAC,0xCA,0xEE,0xFF,0xAC,0xCA,0xEE,0xFF,0xAC,0xCA,0xEE,0xDE,0xAE,0xCD,0xEE,0x5B,0xFF,0xFF,0xFF,0x01,0x00,0x00,0x00,0x00,0x00,0x00,0x00,0x00,0x00,0x00,0x00,0x00,0x00,0x00,0x00,0x00,0x00,0x00,0x00,0x00,0xB3,0xCC,0xE6,0x0A,0xAD,0xCB,0xEE,0x92,0xAC,0xCA,0xEE,0xFF,0xAC,0xCA,0xEE,0xFF,0xAC,0xCA,0xEE,0xFF,0xAC,0xCA,0xEE,0xFF,
    0xAC,0xCA,0xEE,0xFF,0xAC,0xCA,0xEE,0xFF,0xAC,0xCA,0xEE,0xFF,0xAC,0xCA,0xEE,0xFF,0xAC,0xCA,0xEE,0xFF,0xAC,0xCA,0xEE,0xFF,0xAC,0xCA,0xEE,0xFF,0xAC,0xCA,0xEE,0xFF,0xAC,0xCA,0xEE,0xFF,0xAC,0xCA,0xEE,0xFF,0xAC,0xCA,0xEE,0xFF,0xAC,0xCA,0xEE,0xFF,0xAC,0xCA,0xEE,0xFF,0xAC,0xCA,0xEE,0xFF,0xAC,0xCA,0xEE,0xFF,0xAC,0xCA,0xEE,0xFF,
    0xAC,0xCA,0xEE,0xFF,0xAC,0xCA,0xEE,0xFF,0xAC,0xCA,0xEE,0xFF,0xAC,0xCA,0xEE,0xFF,0xAC,0xCA,0xEE,0xFF,0xAC,0xCA,0xEE,0xFF,0xAC,0xCA,0xEE,0xFF,0xAC,0xCA,0xEE,0xFF,0xAC,0xCA,0xEE,0xFF,0xAC,0xCA,0xEE,0xFF,0xAC,0xCA,0xEE,0xFF,0xAC,0xCA,0xEE,0xFF,0xAC,0xCA,0xEE,0xFF,0xAC,0xCA,0xEE,0xFF,0xAC,0xCA,0xEE,0xFF,0xAC,0xCA,0xEE,0xFF,
    0xAC,0xCA,0xEE,0xFF,0xAC,0xCA,0xEE,0xFF,0xAC,0xCA,0xEE,0xFF,0xAC,0xCA,0xEE,0xFF,0xAC,0xCA,0xEE,0xFF,0xAC,0xCA,0xEE,0xFF,0xAC,0xCA,0xEE,0xFF,0xAC,0xCA,0xEE,0xFF,0xAC,0xCA,0xEE,0xFF,0xAC,0xCA,0xEE,0xFF,0xAC,0xCA,0xEE,0xFF,0xAC,0xCA,0xEE,0xFF,0xAC,0xCA,0xEE,0xFF,0xAC,0xCA,0xEE,0xFF,0xAC,0xCA,0xEE,0xFF,0xAC,0xCA,0xEE,0xFF,
    0xAC,0xCA,0xEE,0xFF,0xAC,0xCA,0xEE,0xFF,0xAC,0xCA,0xEE,0xFF,0xAC,0xCA,0xEE,0xFF,0xAC,0xCA,0xEE,0xFF,0xAC,0xCA,0xEE,0xFF,0xAC,0xCA,0xEE,0xFF,0xAC,0xCA,0xEE,0xFF,0xAC,0xCA,0xEE,0xFF,0xAC,0xCA,0xEE,0xFF,0xAC,0xCA,0xEE,0xFF,0xAC,0xCA,0xEE,0xFF,0xAC,0xCA,0xEE,0xFF,0xAC,0xCA,0xEE,0xFF,0xAC,0xCA,0xEE,0xFF,0xAC,0xCA,0xEE,0xFF,
    0xAC,0xCA,0xEE,0xFF,0xAC,0xCA,0xEE,0xFF,0xAC,0xCA,0xEE,0xFF,0xAC,0xCA,0xEE,0xFF,0xAC,0xCA,0xEE,0xFF,0xAC,0xCA,0xEE,0xFF,0xAC,0xCA,0xEE,0xFF,0xAC,0xCA,0xEE,0xFF,0xAC,0xCA,0xEE,0xFF,0xAC,0xCA,0xEE,0xFF,0xAC,0xCA,0xEE,0xFF,0xAC,0xCA,0xEE,0xFF,0xAC,0xCA,0xEE,0xFF,0xAC,0xCA,0xEE,0xFF,0xAC,0xCA,0xEE,0xFF,0xAC,0xCA,0xEE,0xFF,
    0xAC,0xCA,0xEE,0xFF,0xAC,0xCA,0xEE,0xFF,0xAC,0xCA,0xEE,0xFF,0xAC,0xCA,0xEE,0xFF,0xAC,0xCA,0xEE,0xFF,0xAC,0xCA,0xEE,0xFF,0xAC,0xCA,0xEE,0xFF,0xAC,0xCA,0xEE,0xFF,0xAD,0xCB,0xEE,0x92,0xB3,0xCC,0xE6,0x0A,0x00,0x00,0x00,0x00,0x00,0x00,0x00,0x00,0x00,0x00,0x00,0x00,0xFF,0xFF,0xFF,0x01,0xAD,0xCB,0xEE,0x92,0xAC,0xCA,0xEE,0xFF,
    0xAC,0xCA,0xEE,0xFF,0xAC,0xCA,0xEE,0xFF,0xAC,0xCA,0xEE,0xFF,0xAC,0xCA,0xEE,0xFF,0xAC,0xCA,0xEE,0xFF,0xAC,0xCA,0xEE,0xFF,0xAC,0xCA,0xEE,0xFF,0xAC,0xCA,0xEE,0xFF,0xAC,0xCA,0xEE,0xFF,0xAC,0xCA,0xEE,0xFF,0xAC,0xCA,0xEE,0xFF,0xAC,0xCA,0xEE,0xFF,0xAC,0xCA,0xEE,0xFF,0xAC,0xCA,0xEE,0xFF,0xAC,0xCA,0xEE,0xFF,0xAC,0xCA,0xEE,0xFF,
    0xAC,0xCA,0xEE,0xFF,0xAC,0xCA,0xEE,0xFF,0xAC,0xCA,0xEE,0xFF,0xAC,0xCA,0xEE,0xFF,0xAC,0xCA,0xEE,0xFF,0xAC,0xCA,0xEE,0xFF,0xAC,0xCA,0xEE,0xFF,0xAC,0xCA,0xEE,0xFF,0xAC,0xCA,0xEE,0xFF,0xAC,0xCA,0xEE,0xFF,0xAC,0xCA,0xEE,0xFF,0xAC,0xCA,0xEE,0xFF,0xAC,0xCA,0xEE,0xFF,0xAC,0xCA,0xEE,0xFF,0xAC,0xCA,0xEE,0xFF,0xAC,0xCA,0xEE,0xFF,
    0xAC,0xCA,0xEE,0xFF,0xAC,0xCA,0xEE,0xFF,0xAC,0xCA,0xEE,0xFF,0xAC,0xCA,0xEE,0xFF,0xAC,0xCA,0xEE,0xFF,0xAC,0xCA,0xEE,0xFF,0xAC,0xCA,0xEE,0xFF,0xAC,0xCA,0xEE,0xFF,0xAC,0xCA,0xEE,0xFF,0xAC,0xCA,0xEE,0xFF,0xAC,0xCA,0xEE,0xFF,0xAC,0xCA,0xEE,0xFF,0xAC,0xCA,0xEE,0xFF,0xAC,0xCA,0xEE,0xFF,0xAC,0xCA,0xEE,0xFF,0xAC,0xCA,0xEE,0xFF,
    0xAC,0xCA,0xEE,0xFF,0xAC,0xCA,0xEE,0xFF,0xAC,0xCA,0xEE,0xFF,0xAC,0xCA,0xEE,0xFF,0xAC,0xCA,0xEE,0xFF,0xAC,0xCA,0xEE,0xFF,0xAC,0xCA,0xEE,0xFF,0xAC,0xCA,0xEE,0xFF,0xAC,0xCA,0xEE,0xFF,0xAC,0xCA,0xEE,0xFF,0xAC,0xCA,0xEE,0xFF,0xAC,0xCA,0xEE,0xFF,0xAC,0xCA,0xEE,0xFF,0xAC,0xCA,0xEE,0xFF,0xAC,0xCA,0xEE,0xFF,0xAC,0xCA,0xEE,0xFF,
    0xAC,0xCA,0xEE,0xFF,0xAC,0xCA,0xEE,0xFF,0xAC,0xCA,0xEE,0xFF,0xAC,0xCA,0xEE,0xFF,0xAC,0xCA,0xEE,0xFF,0xAC,0xCA,0xEE,0xFF,0xAC,0xCA,0xEE,0xFF,0xAC,0xCA,0xEE,0xFF,0xAC,0xCA,0xEE,0xFF,0xAC,0xCA,0xEE,0xFF,0xAC,0xCA,0xEE,0xFF,0xAC,0xCA,0xEE,0xFF,0xAC,0xCA,0xEE,0xFF,0xAC,0xCA,0xEE,0xFF,0xAC,0xCA,0xEE,0xFF,0xAC,0xCA,0xEE,0xFF,
    0xAC,0xCA,0xEE,0xFF,0xAC,0xCA,0xEE,0xFF,0xAC,0xCA,0xEE,0xFF,0xAC,0xCA,0xEE,0xFF,0xAC,0xCA,0xEE,0xFF,0xAC,0xCA,0xEE,0xFF,0xAC,0xCA,0xEE,0xFF,0xAC,0xCA,0xEE,0xFF,0xAC,0xCA,0xEE,0xFF,0xAC,0xCA,0xEE,0xFF,0xAC,0xCA,0xEE,0xFF,0xAC,0xCA,0xEE,0xFF,0xAC,0xCA,0xEE,0xFF,0xAD,0xCB,0xEE,0x92,0xFF,0xFF,0xFF,0x01,0x00,0x00,0x00,0x00,
    0x00,0x00,0x00,0x00,0xAE,0xCD,0xEE,0x5B,0xAC,0xCA,0xEE,0xFF,0xAC,0xCA,0xEE,0xFF,0xAC,0xCA,0xEE,0xFF,0xAC,0xCA,0xEE,0xFF,0xAC,0xCA,0xEE,0xFF,0xAC,0xCA,0xEE,0xFF,0xAC,0xCA,0xEE,0xFF,0xAC,0xCA,0xEE,0xFF,0xAC,0xCA,0xEE,0xFF,0xAC,0xCA,0xEE,0xFF,0xAC,0xCA,0xEE,0xFF,0xAC,0xCA,0xEE,0xFF,0xAC,0xCA,0xEE,0xFF,0xAC,0xCA,0xEE,0xFF,
    0xAC,0xCA,0xEE,0xFF,0xAC,0xCA,0xEE,0xFF,0xAC,0xCA,0xEE,0xFF,0xAC,0xCA,0xEE,0xFF,0xAC,0xCA,0xEE,0xFF,0xAC,0xCA,0xEE,0xFF,0xAC,0xCA,0xEE,0xFF,0xAC,0xCA,0xEE,0xFF,0xAC,0xCA,0xEE,0xFF,0xAC,0xCA,0xEE,0xFF,0xAC,0xCA,0xEE,0xFF,0xAC,0xCA,0xEE,0xFF,0xAC,0xCA,0xEE,0xFF,0xAC,0xCA,0xEE,0xFF,0xAC,0xCA,0xEE,0xFF,0xAC,0xCA,0xEE,0xFF,
    0xAC,0xCA,0xEE,0xFF,0xAC,0xCA,0xEE,0xFF,0xAC,0xCA,0xEE,0xFF,0xAC,0xCA,0xEE,0xFF,0xAC,0xCA,0xEE,0xFF,0xAC,0xCA,0xEE,0xFF,0xAC,0xCA,0xEE,0xFF,0xAC,0xCA,0xEE,0xFF,0xAC,0xCA,0xEE,0xFF,0xAC,0xCA,0xEE,0xFF,0xAC,0xCA,0xEE,0xFF,0xAC,0xCA,0xEE,0xFF,0xAC,0xCA,0xEE,0xFF,0xAC,0xCA,0xEE,0xFF,0xAC,0xCA,0xEE,0xFF,0xAC,0xCA,0xEE,0xFF,
    0xAC,0xCA,0xEE,0xFF,0xAC,0xCA,0xEE,0xFF,0xAC,0xCA,0xEE,0xFF,0xAC,0xCA,0xEE,0xFF,0xAC,0xCA,0xEE,0xFF,0xAC,0xCA,0xEE,0xFF,0xAC,0xCA,0xEE,0xFF,0xAC,0xCA,0xEE,0xFF,0xAC,0xCA,0xEE,0xFF,0xAC,0xCA,0xEE,0xFF,0xAC,0xCA,0xEE,0xFF,0xAC,0xCA,0xEE,0xFF,0xAC,0xCA,0xEE,0xFF,0xAC,0xCA,0xEE,0xFF,0xAC,0xCA,0xEE,0xFF,0xAC,0xCA,0xEE,0xFF,
    0xAC,0xCA,0xEE,0xFF,0xAC,0xCA,0xEE,0xFF,0xAC,0xCA,0xEE,0xFF,0xAC,0xCA,0xEE,0xFF,0xAC,0xCA,0xEE,0xFF,0xAC,0xCA,0xEE,0xFF,0xAC,0xCA,0xEE,0xFF,0xAC,0xCA,0xEE,0xFF,0xAC,0xCA,0xEE,0xFF,0xAC,0xCA,0xEE,0xFF,0xAC,0xCA,0xEE,0xFF,0xAC,0xCA,0xEE,0xFF,0xAC,0xCA,0xEE,0xFF,0xAC,0xCA,0xEE,0xFF,0xAC,0xCA,0xEE,0xFF,0xAC,0xCA,0xEE,0xFF,
    0xAC,0xCA,0xEE,0xFF,0xAC,0xCA,0xEE,0xFF,0xAC,0xCA,0xEE,0xFF,0xAC,0xCA,0xEE,0xFF,0xAC,0xCA,0xEE,0xFF,0xAC,0xCA,0xEE,0xFF,0xAC,0xCA,0xEE,0xFF,0xAC,0xCA,0xEE,0xFF,0xAC,0xCA,0xEE,0xFF,0xAC,0xCA,0xEE,0xFF,0xAC,0xCA,0xEE,0xFF,0xAC,0xCA,0xEE,0xFF,0xAC,0xCA,0xEE,0xFF,0xAC,0xCA,0xEE,0xFF,0xAC,0xCA,0xEE,0xFF,0xAC,0xCA,0xEE,0xFF,
    0xAC,0xCA,0xEE,0xFF,0xAC,0xCA,0xEE,0xFF,0xAE,0xCD,0xEE,0x5B,0x00,0x00,0x00,0x00,0xAA,0xCC,0xEE,0x0F,0xAC,0xCA,0xEE,0xDE,0xAC,0xCA,0xEE,0xFF,0xAC,0xCA,0xEE,0xFF,0xAC,0xCA,0xEE,0xFF,0xAC,0xCA,0xEE,0xFF,0xAC,0xCA,0xEE,0xFF,0xAC,0xCA,0xEE,0xFF,0xAC,0xCA,0xEE,0xFF,0xAC,0xCA,0xEE,0xFF,0xAC,0xCA,0xEE,0xFF,0xAC,0xCA,0xEE,0xFF,
    0xAC,0xCA,0xEE,0xFF,0xAC,0xCA,0xEE,0xFF,0xAC,0xCA,0xEE,0xFF,0xAC,0xCA,0xEE,0xFF,0xAC,0xCA,0xEE,0xFF,0xAC,0xCA,0xEE,0xFF,0xAC,0xCA,0xEE,0xFF,0xAC,0xCA,0xEE,0xFF,0xAC,0xCA,0xEE,0xFF,0xAC,0xCA,0xEE,0xFF,0xAC,0xCA,0xEE,0xFF,0xAC,0xCA,0xEE,0xFF,0xAC,0xCA,0xEE,0xFF,0xAC,0xCA,0xEE,0xFF,0xAC,0xCA,0xEE,0xFF,0xAC,0xCA,0xEE,0xFF,
    0xAC,0xCA,0xEE,0xFF,0xAC,0xCA,0xEE,0xFF,0xAC,0xCA,0xEE,0xFF,0xAC,0xCA,0xEE,0xFF,0xAC,0xCA,0xEE,0xFF,0xAC,0xCA,0xEE,0xFF,0xAC,0xCA,0xEE,0xFF,0xAC,0xCA,0xEE,0xFF,0xAC,0xCA,0xEE,0xFF,0xAC,0xCA,0xEE,0xFF,0xAC,0xCA,0xEE,0xFF,0xAC,0xCA,0xEE,0xFF,0xAC,0xCA,0xEE,0xFF,0xAC,0xCA,0xEE,0xFF,0xAC,0xCA,0xEE,0xFF,0xAC,0xCA,0xEE,0xFF,
    0xAC,0xCA,0xEE,0xFF,0xAC,0xCA,0xEE,0xFF,0xAC,0xCA,0xEE,0xFF,0xAC,0xCA,0xEE,0xFF,0xAC,0xCA,0xEE,0xFF,0xAC,0xCA,0xEE,0xFF,0xAC,0xCA,0xEE,0xFF,0xAC,0xCA,0xEE,0xFF,0xAC,0xCA,0xEE,0xFF,0xAC,0xCA,0xEE,0xFF,0xAC,0xCA,0xEE,0xFF,0xAC,0xCA,0xEE,0xFF,0xAC,0xCA,0xEE,0xFF,0xAC,0xCA,0xEE,0xFF,0xAC,0xCA,0xEE,0xFF,0xAC,0xCA,0xEE,0xFF,
    0xAC,0xCA,0xEE,0xFF,0xAC,0xCA,0xEE,0xFF,0xAC,0xCA,0xEE,0xFF,0xAC,0xCA,0xEE,0xFF,0xAC,0xCA,0xEE,0xFF,0xAC,0xCA,0xEE,0xFF,0xAC,0xCA,0xEE,0xFF,0xAC,0xCA,0xEE,0xFF,0xAC,0xCA,0xEE,0xFF,0xAC,0xCA,0xEE,0xFF,0xAC,0xCA,0xEE,0xFF,0xAC,0xCA,0xEE,0xFF,0xAC,0xCA,0xEE,0xFF,0xAC,0xCA,0xEE,0xFF,0xAC,0xCA,0xEE,0xFF,0xAC,0xCA,0xEE,0xFF,
    0xAC,0xCA,0xEE,0xFF,0xAC,0xCA,0xEE,0xFF,0xAC,0xCA,0xEE,0xFF,0xAC,0xCA,0xEE,0xFF,0xAC,0xCA,0xEE,0xFF,0xAC,0xCA,0xEE,0xFF,0xAC,0xCA,0xEE,0xFF,0xAC,0xCA,0xEE,0xFF,0xAC,0xCA,0xEE,0xFF,0xAC,0xCA,0xEE,0xFF,0xAC,0xCA,0xEE,0xFF,0xAC,0xCA,0xEE,0xFF,0xAC,0xCA,0xEE,0xFF,0xAC,0xCA,0xEE,0xFF,0xAC,0xCA,0xEE,0xFF,0xAC,0xCA,0xEE,0xFF,
    0xAC,0xCA,0xEE,0xFF,0xAC,0xCA,0xEE,0xFF,0xAC,0xCA,0xEE,0xFF,0xAC,0xCA,0xEE,0xFF,0xAC,0xCA,0xEE,0xFF,0xAC,0xCA,0xEE,0xFF,0xAC,0xCA,0xEE,0xDE,0xAA,0xCC,0xEE,0x0F,0xAC,0xC9,0xEE,0x59,0xAC,0xCA,0xEE,0xFF,0xAC,0xCA,0xEE,0xFF,0xAC,0xCA,0xEE,0xFF,0xAC,0xCA,0xEE,0xFF,0xAC,0xCA,0xEE,0xFF,0xAC,0xCA,0xEE,0xFF,0xAC,0xCA,0xEE,0xFF,
    0xAC,0xCA,0xEE,0xFF,0xAC,0xCA,0xEE,0xFF,0xAC,0xCA,0xEE,0xFF,0xAC,0xCA,0xEE,0xFF,0xAC,0xCA,0xEE,0xFF,0xAC,0xCA,0xEE,0xFF,0xAC,0xCA,0xEE,0xFF,0xAC,0xCA,0xEE,0xFF,0xAC,0xCA,0xEE,0xFF,0xAC,0xCA,0xEE,0xFF,0xAC,0xCA,0xEE,0xFF,0xAC,0xCA,0xEE,0xFF,0xAC,0xCA,0xEE,0xFF,0xAC,0xCA,0xEE,0xFF,0xAC,0xCA,0xEE,0xFF,0xAC,0xCA,0xEE,0xFF,
    0xAC,0xCA,0xEE,0xFF,0xAC,0xCA,0xEE,0xFF,0xAC,0xCA,0xEE,0xFF,0xAC,0xCA,0xEE,0xFF,0xAC,0xCA,0xEE,0xFF,0xAC,0xCA,0xEE,0xFF,0xAC,0xCA,0xEE,0xFF,0xAC,0xCA,0xEE,0xFF,0xAC,0xCA,0xEE,0xFF,0xAC,0xCA,0xEE,0xFF,0xAC,0xCA,0xEE,0xFF,0xAC,0xCA,0xEE,0xFF,0xAC,0xCA,0xEE,0xFF,0xAC,0xCA,0xEE,0xFF,0xAC,0xCA,0xEE,0xFF,0xAC,0xCA,0xEE,0xFF,
    0xAC,0xCA,0xEE,0xFF,0xAC,0xCA,0xEE,0xFF,0xAC,0xCA,0xEE,0xFF,0xAC,0xCA,0xEE,0xFF,0xAC,0xCA,0xEE,0xFF,0xAC,0xCA,0xEE,0xFF,0xAC,0xCA,0xEE,0xFF,0xAC,0xCA,0xEE,0xFF,0xAC,0xCA,0xEE,0xFF,0xAC,0xCA,0xEE,0xFF,0xAC,0xCA,0xEE,0xFF,0xAC,0xCA,0xEE,0xFF,0xAC,0xCA,0xEE,0xFF,0xAC,0xCA,0xEE,0xFF,0xAC,0xCA,0xEE,0xFF,0xAC,0xCA,0xEE,0xFF,
    0xAC,0xCA,0xEE,0xFF,0xAC,0xCA,0xEE,0xFF,0xAC,0xCA,0xEE,0xFF,0xAC,0xCA,0xEE,0xFF,0xAC,0xCA,0xEE,0xFF,0xAC,0xCA,0xEE,0xFF,0xAC,0xCA,0xEE,0xFF,0xAC,0xCA,0xEE,0xFF,0xAC,0xCA,0xEE,0xFF,0xAC,0xCA,0xEE,0xFF,0xAC,0xCA,0xEE,0xFF,0xAC,0xCA,0xEE,0xFF,0xAC,0xCA,0xEE,0xFF,0xAC,0xCA,0xEE,0xFF,0xAC,0xCA,0xEE,0xFF,0xAC,0xCA,0xEE,0xFF,
    0xAC,0xCA,0xEE,0xFF,0xAC,0xCA,0xEE,0xFF,0xAC,0xCA,0xEE,0xFF,0xAC,0xCA,0xEE,0xFF,0xAC,0xCA,0xEE,0xFF,0xAC,0xCA,0xEE,0xFF,0xAC,0xCA,0xEE,0xFF,0xAC,0xCA,0xEE,0xFF,0xAC,0xCA,0xEE,0xFF,0xAC,0xCA,0xEE,0xFF,0xAC,0xCA,0xEE,0xFF,0xAC,0xCA,0xEE,0xFF,0xAC,0xCA,0xEE,0xFF,0xAC,0xCA,0xEE,0xFF,0xAC,0xCA,0xEE,0xFF,0xAC,0xCA,0xEE,0xFF,
    0xAC,0xCA,0xEE,0xFF,0xAC,0xCA,0xEE,0xFF,0xAC,0xCA,0xEE,0xFF,0xAC,0xCA,0xEE,0xFF,0xAC,0xCA,0xEE,0xFF,0xAC,0xCA,0xEE,0xFF,0xAC,0xCA,0xEE,0xFF,0xAC,0xCA,0xEE,0xFF,0xAC,0xCA,0xEE,0xFF,0xAC,0xCA,0xEE,0xFF,0xAC,0xCA,0xEE,0xFF,0xAC,0xC9,0xEE,0x59,0xAB,0xCA,0xEE,0xB1,0xAC,0xCA,0xEE,0xFF,0xAC,0xCA,0xEE,0xFF,0xAC,0xCA,0xEE,0xFF,
    0xAC,0xCA,0xEE,0xFF,0xAC,0xCA,0xEE,0xFF,0xAC,0xCA,0xEE,0xFF,0xAC,0xCA,0xEE,0xFF,0xAC,0xCA,0xEE,0xFF,0xAC,0xCA,0xEE,0xFF,0xAC,0xCA,0xEE,0xFF,0xAC,0xCA,0xEE,0xFF,0xAC,0xCA,0xEE,0xFF,0xAC,0xCA,0xEE,0xFF,0xAC,0xCA,0xEE,0xFF,0xAC,0xCA,0xEE,0xFF,0xAC,0xCA,0xEE,0xFF,0xAC,0xCA,0xEE,0xFF,0xAC,0xCA,0xEE,0xFF,0xAC,0xCA,0xEE,0xFF,
    0xAC,0xCA,0xEE,0xFF,0xAC,0xCA,0xEE,0xFF,0xAC,0xCA,0xEE,0xFF,0xAC,0xCA,0xEE,0xFF,0xAC,0xCA,0xEE,0xFF,0xAC,0xCA,0xEE,0xFF,0xAC,0xCA,0xEE,0xFF,0xAC,0xCA,0xEE,0xFF,0xAC,0xCA,0xEE,0xFF,0xAC,0xCA,0xEE,0xFF,0xAC,0xCA,0xEE,0xFF,0xAC,0xCA,0xEE,0xFF,0xAC,0xCA,0xEE,0xFF,0xAC,0xCA,0xEE,0xFF,0xAC,0xCA,0xEE,0xFF,0xAC,0xCA,0xEE,0xFF,
    0xAC,0xCA,0xEE,0xFF,0xAC,0xCA,0xEE,0xFF,0xAC,0xCA,0xEE,0xFF,0xAC,0xCA,0xEE,0xFF,0xAC,0xCA,0xEE,0xFF,0xAC,0xCA,0xEE,0xFF,0xAC,0xCA,0xEE,0xFF,0xAC,0xCA,0xEE,0xFF,0xAC,0xCA,0xEE,0xFF,0xAC,0xCA,0xEE,0xFF,0xAC,0xCA,0xEE,0xFF,0xAC,0xCA,0xEE,0xFF,0xAC,0xCA,0xEE,0xFF,0xAC,0xCA,0xEE,0xFF,0xAC,0xCA,0xEE,0xFF,0xAC,0xCA,0xEE,0xFF,
    0xAC,0xCA,0xEE,0xFF,0xAC,0xCA,0xEE,0xFF,0xAC,0xCA,0xEE,0xFF,0xAC,0xCA,0xEE,0xFF,0xAC,0xCA,0xEE,0xFF,0xAC,0xCA,0xEE,0xFF,0xAC,0xCA,0xEE,0xFF,0xAC,0xCA,0xEE,0xFF,0xAC,0xCA,0xEE,0xFF,0xAC,0xCA,0xEE,0xFF,0xAC,0xCA,0xEE,0xFF,0xAC,0xCA,0xEE,0xFF,0xAC,0xCA,0xEE,0xFF,0xAC,0xCA,0xEE,0xFF,0xAC,0xCA,0xEE,0xFF,0xAC,0xCA,0xEE,0xFF,
    0xAC,0xCA,0xEE,0xFF,0xAC,0xCA,0xEE,0xFF,0xAC,0xCA,0xEE,0xFF,0xAC,0xCA,0xEE,0xFF,0xAC,0xCA,0xEE,0xFF,0xAC,0xCA,0xEE,0xFF,0xAC,0xCA,0xEE,0xFF,0xAC,0xCA,0xEE,0xFF,0xAC,0xCA,0xEE,0xFF,0xAC,0xCA,0xEE,0xFF,0xAC,0xCA,0xEE,0xFF,0xAC,0xCA,0xEE,0xFF,0xAC,0xCA,0xEE,0xFF,0xAC,0xCA,0xEE,0xFF,0xAC,0xCA,0xEE,0xFF,0xAC,0xCA,0xEE,0xFF,
    0xAC,0xCA,0xEE,0xFF,0xAC,0xCA,0xEE,0xFF,0xAC,0xCA,0xEE,0xFF,0xAC,0xCA,0xEE,0xFF,0xAC,0xCA,0xEE,0xFF,0xAC,0xCA,0xEE,0xFF,0xAC,0xCA,0xEE,0xFF,0xAC,0xCA,0xEE,0xFF,0xAC,0xCA,0xEE,0xFF,0xAC,0xCA,0xEE,0xFF,0xAC,0xCA,0xEE,0xFF,0xAC,0xCA,0xEE,0xFF,0xAC,0xCA,0xEE,0xFF,0xAC,0xCA,0xEE,0xFF,0xAC,0xCA,0xEE,0xFF,0xAB,0xCA,0xEE,0xB1,
    0xAB,0xC9,0xEE,0xDE,0xAC,0xCA,0xEE,0xFF,0xAC,0xCA,0xEE,0xFF,0xAC,0xCA,0xEE,0xFF,0xAC,0xCA,0xEE,0xFF,0xAC,0xCA,0xEE,0xFF,0xAC,0xCA,0xEE,0xFF,0xAC,0xCA,0xEE,0xFF,0xAC,0xCA,0xEE,0xFF,0xAC,0xCA,0xEE,0xFF,0xAC,0xCA,0xEE,0xFF,0xAC,0xCA,0xEE,0xFF,0xAC,0xCA,0xEE,0xFF,0xAC,0xCA,0xEE,0xFF,0xAC,0xCA,0xEE,0xFF,0xAC,0xCA,0xEE,0xFF,
    0xAC,0xCA,0xEE,0xFF,0xAC,0xCA,0xEE,0xFF,0xAC,0xCA,0xEE,0xFF,0xAC,0xCA,0xEE,0xFF,0xAC,0xCA,0xEE,0xFF,0xAC,0xCA,0xEE,0xFF,0xAC,0xCA,0xEE,0xFF,0xAC,0xCA,0xEE,0xFF,0xAC,0xCA,0xEE,0xFF,0xAC,0xCA,0xEE,0xFF,0xAC,0xCA,0xEE,0xFF,0xAC,0xCA,0xEE,0xFF,0xAC,0xCA,0xEE,0xFF,0xAC,0xCA,0xEE,0xFF,0xAC,0xCA,0xEE,0xFF,0xAC,0xCA,0xEE,0xFF,
    0xAC,0xCA,0xEE,0xFF,0xAC,0xCA,0xEE,0xFF,0xAC,0xCA,0xEE,0xFF,0xAC,0xCA,0xEE,0xFF,0xAC,0xCA,0xEE,0xFF,0xAC,0xCA,0xEE,0xFF,0xAC,0xCA,0xEE,0xFF,0xAC,0xCA,0xEE,0xFF,0xAC,0xCA,0xEE,0xFF,0xAC,0xCA,0xEE,0xFF,0xAC,0xCA,0xEE,0xFF,0xAD,0xC2,0xE4,0xFF,0xB5,0xA8,0xBF,0xFF,0xBD,0x9E,0xAE,0xFF,0xC3,0x89,0x90,0xFF,0xC7,0x80,0x84,0xFF,
    0xCB,0x7F,0x80,0xFF,0xCD,0x80,0x80,0xFF,0xCD,0x80,0x80,0xFF,0xCB,0x7F,0x80,0xFF,0xC7,0x80,0x84,0xFF,0xC3,0x89,0x90,0xFF,0xBD,0x9E,0xAE,0xFF,0xB5,0xA8,0xBF,0xFF,0xAD,0xC2,0xE4,0xFF,0xAC,0xCA,0xEE,0xFF,0xAC,0xCA,0xEE,0xFF,0xAC,0xCA,0xEE,0xFF,0xAC,0xCA,0xEE,0xFF,0xAC,0xCA,0xEE,0xFF,0xAC,0xCA,0xEE,0xFF,0xAC,0xCA,0xEE,0xFF,
    0xAC,0xCA,0xEE,0xFF,0xAC,0xCA,0xEE,0xFF,0xAC,0xCA,0xEE,0xFF,0xAC,0xCA,0xEE,0xFF,0xAC,0xCA,0xEE,0xFF,0xAC,0xCA,0xEE,0xFF,0xAC,0xCA,0xEE,0xFF,0xAC,0xCA,0xEE,0xFF,0xAC,0xCA,0xEE,0xFF,0xAC,0xCA,0xEE,0xFF,0xAC,0xCA,0xEE,0xFF,0xAC,0xCA,0xEE,0xFF,0xAC,0xCA,0xEE,0xFF,0xAC,0xCA,0xEE,0xFF,0xAC,0xCA,0xEE,0xFF,0xAC,0xCA,0xEE,0xFF,
    0xAC,0xCA,0xEE,0xFF,0xAC,0xCA,0xEE,0xFF,0xAC,0xCA,0xEE,0xFF,0xAC,0xCA,0xEE,0xFF,0xAC,0xCA,0xEE,0xFF,0xAC,0xCA,0xEE,0xFF,0xAC,0xCA,0xEE,0xFF,0xAC,0xCA,0xEE,0xFF,0xAC,0xCA,0xEE,0xFF,0xAC,0xCA,0xEE,0xFF,0xAC,0xCA,0xEE,0xFF,0xAC,0xCA,0xEE,0xFF,0xAC,0xCA,0xEE,0xFF,0xAC,0xCA,0xEE,0xFF,0xAC,0xCA,0xEE,0xFF,0xAC,0xCA,0xEE,0xFF,
    0xAC,0xCA,0xEE,0xFF,0xAC,0xCA,0xEE,0xFF,0xAC,0xCA,0xEE,0xFF,0xAB,0xC9,0xEE,0xDE,0xAC,0xCA,0xEE,0xFA,0xAC,0xCA,0xEE,0xFF,0xAC,0xCA,0xEE,0xFF,0xAC,0xCA,0xEE,0xFF,0xAC,0xCA,0xEE,0xFF,0xAC,0xCA,0xEE,0xFF,0xAC,0xCA,0xEE,0xFF,0xAC,0xCA,0xEE,0xFF,0xAC,0xCA,0xEE,0xFF,0xAC,0xCA,0xEE,0xFF,0xAC,0xCA,0xEE,0xFF,0xAC,0xCA,0xEE,0xFF,
    0xAC,0xCA,0xEE,0xFF,0xAC,0xCA,0xEE,0xFF,0xAC,0xCA,0xEE,0xFF,0xAC,0xCA,0xEE,0xFF,0xAC,0xCA,0xEE,0xFF,0xAC,0xCA,0xEE,0xFF,0xAC,0xCA,0xEE,0xFF,0xAC,0xCA,0xEE,0xFF,0xAC,0xCA,0xEE,0xFF,0xAC,0xCA,0xEE,0xFF,0xAC,0xCA,0xEE,0xFF,0xAC,0xCA,0xEE,0xFF,0xAC,0xCA,0xEE,0xFF,0xAC,0xCA,0xEE,0xFF,0xAC,0xCA,0xEE,0xFF,0xAC,0xCA,0xEE,0xFF,
    0xAC,0xCA,0xEE,0xFF,0xAC,0xCA,0xEE,0xFF,0xAC,0xCA,0xEE,0xFF,0xAC,0xCA,0xEE,0xFF,0xAC,0xCA,0xEE,0xFF,0xAC,0xCA,0xEE,0xFF,0xAC,0xCA,0xEE,0xFF,0xAC,0xCA,0xEE,0xFF,0xAC,0xCA,0xEE,0xFF,0xAC,0xCA,0xEE,0xFF,0xAC,0xCA,0xEE,0xFF,0xAC,0xCA,0xEE,0xFF,0xAC,0xCA,0xEE,0xFF,0xB5,0xAA,0xC2,0xFF,0xC2,0x8D,0x96,0xFF,0xCB,0x80,0x80,0xFF,
    0xCD,0x80,0x80,0xFF,0xCD,0x80,0x80,0xFF,0xCD,0x80,0x80,0xFF,0xCD,0x80,0x80,0xFF,0xCD,0x80,0x80,0xFF,0xCD,0x80,0x80,0xFF,0xCD,0x80,0x80,0xFF,0xCD,0x80,0x80,0xFF,0xCD,0x80,0x80,0xFF,0xCD,0x80,0x80,0xFF,0xCD,0x80,0x80,0xFF,0xCD,0x80,0x80,0xFF,0xCB,0x80,0x80,0xFF,0xC2,0x8D,0x96,0xFF,0xB5,0xAA,0xC2,0xFF,0xAC,0xCA,0xEE,0xFF,
    0xAC,0xCA,0xEE,0xFF,0xAC,0xCA,0xEE,0xFF,0xAC,0xCA,0xEE,0xFF,0xAC,0xCA,0xEE,0xFF,0xAC,0xCA,0xEE,0xFF,0xAC,0xCA,0xEE,0xFF,0xAC,0xCA,0xEE,0xFF,0xAC,0xCA,0xEE,0xFF,0xAC,0xCA,0xEE,0xFF,0xAC,0xCA,0xEE,0xFF,0xAC,0xCA,0xEE,0xFF,0xAC,0xCA,0xEE,0xFF,0xAC,0xCA,0xEE,0xFF,0xAC,0xCA,0xEE,0xFF,0xAC,0xCA,0xEE,0xFF,0xAC,0xCA,0xEE,0xFF,
    0xAC,0xCA,0xEE,0xFF,0xAC,0xCA,0xEE,0xFF,0xAC,0xCA,0xEE,0xFF,0xAC,0xCA,0xEE,0xFF,0xAC,0xCA,0xEE,0xFF,0xAC,0xCA,0xEE,0xFF,0xAC,0xCA,0xEE,0xFF,0xAC,0xCA,0xEE,0xFF,0xAC,0xCA,0xEE,0xFF,0xAC,0xCA,0xEE,0xFF,0xAC,0xCA,0xEE,0xFF,0xAC,0xCA,0xEE,0xFF,0xAC,0xCA,0xEE,0xFF,0xAC,0xCA,0xEE,0xFF,0xAC,0xCA,0xEE,0xFF,0xAC,0xCA,0xEE,0xFF,
    0xAC,0xCA,0xEE,0xFF,0xAC,0xCA,0xEE,0xFF,0xAC,0xCA,0xEE,0xFF,0xAC,0xCA,0xEE,0xFF,0xAC,0xCA,0xEE,0xFF,0xAC,0xCA,0xEE,0xFF,0xAC,0xCA,0xEE,0xFF,0xAC,0xCA,0xEE,0xFA,0xAC,0xCA,0xEE,0xFF,0xAC,0xCA,0xEE,0xFF,0xAC,0xCA,0xEE,0xFF,0xAC,0xCA,0xEE,0xFF,0xAC,0xCA,0xEE,0xFF,0xAC,0xCA,0xEE,0xFF,0xAC,0xCA,0xEE,0xFF,0xAC,0xCA,0xEE,0xFF,
    0xAC,0xCA,0xEE,0xFF,0xAC,0xCA,0xEE,0xFF,0xAC,0xCA,0xEE,0xFF,0xAC,0xCA,0xEE,0xFF,0xAC,0xCA,0xEE,0xFF,0xAC,0xCA,0xEE,0xFF,0xAC,0xCA,0xEE,0xFF,0xAC,0xCA,0xEE,0xFF,0xAC,0xCA,0xEE,0xFF,0xAC,0xCA,0xEE,0xFF,0xAC,0xCA,0xEE,0xFF,0xAC,0xCA,0xEE,0xFF,0xAC,0xCA,0xEE,0xFF,0xAC,0xCA,0xEE,0xFF,0xAC,0xCA,0xEE,0xFF,0xAC,0xCA,0xEE,0xFF,
    0xAC,0xCA,0xEE,0xFF,0xAC,0xCA,0xEE,0xFF,0xAC,0xCA,0xEE,0xFF,0xAC,0xCA,0xEE,0xFF,0xAC,0xCA,0xEE,0xFF,0xAC,0xCA,0xEE,0xFF,0xAC,0xCA,0xEE,0xFF,0xAC,0xCA,0xEE,0xFF,0xAC,0xCA,0xEE,0xFF,0xAC,0xCA,0xEE,0xFF,0xAC,0xCA,0xEE,0xFF,0xAC,0xCA,0xEE,0xFF,0xAC,0xCA,0xEE,0xFF,0xAC,0xCA,0xEE,0xFF,0xAC,0xCA,0xEE,0xFF,0xB6,0xA9,0xC0,0xFF,
    0xC6,0x83,0x88,0xFF,0xCD,0x80,0x80,0xFF,0xCD,0x80,0x80,0xFF,0xCD,0x7F,0x7F,0xFF,0xC1,0x63,0x63,0xFF,0xB5,0x42,0x42,0xFF,0xAA,0x27,0x27,0xFF,0xA3,0x14,0x14,0xFF,0x9E,0x07,0x07,0xFF,0x9B,0x01,0x01,0xFF,0x9B,0x01,0x01,0xFF,0x9E,0x07,0x07,0xFF,0xA3,0x14,0x14,0xFF,0xAA,0x27,0x27,0xFF,0xB5,0x42,0x42,0xFF,0xC1,0x63,0x63,0xFF,
    0xCD,0x7F,0x7F,0xFF,0xCD,0x80,0x80,0xFF,0xCD,0x80,0x80,0xFF,0xC6,0x83,0x88,0xFF,0xB6,0xAA,0xC0,0xFF,0xAC,0xCA,0xEE,0xFF,0xAC,0xCA,0xEE,0xFF,0xAC,0xCA,0xEE,0xFF,0xAC,0xCA,0xEE,0xFF,0xAC,0xCA,0xEE,0xFF,0xAC,0xCA,0xEE,0xFF,0xAC,0xCA,0xEE,0xFF,0xAC,0xCA,0xEE,0xFF,0xAC,0xCA,0xEE,0xFF,0xAC,0xCA,0xEE,0xFF,0xAC,0xCA,0xEE,0xFF,
    0xAC,0xCA,0xEE,0xFF,0xAC,0xCA,0xEE,0xFF,0xAC,0xCA,0xEE,0xFF,0xAC,0xCA,0xEE,0xFF,0xAC,0xCA,0xEE,0xFF,0xAC,0xCA,0xEE,0xFF,0xAC,0xCA,0xEE,0xFF,0xAC,0xCA,0xEE,0xFF,0xAC,0xCA,0xEE,0xFF,0xAC,0xCA,0xEE,0xFF,0xAC,0xCA,0xEE,0xFF,0xAC,0xCA,0xEE,0xFF,0xAC,0xCA,0xEE,0xFF,0xAC,0xCA,0xEE,0xFF,0xAC,0xCA,0xEE,0xFF,0xAC,0xCA,0xEE,0xFF,
    0xAC,0xCA,0xEE,0xFF,0xAC,0xCA,0xEE,0xFF,0xAC,0xCA,0xEE,0xFF,0xAC,0xCA,0xEE,0xFF,0xAC,0xCA,0xEE,0xFF,0xAC,0xCA,0xEE,0xFF,0xAC,0xCA,0xEE,0xFF,0xAC,0xCA,0xEE,0xFF,0xAC,0xCA,0xEE,0xFF,0xAC,0xCA,0xEE,0xFF,0xAC,0xCA,0xEE,0xFF,0xAC,0xCA,0xEE,0xFF,0xAC,0xCA,0xEE,0xFF,0xAC,0xCA,0xEE,0xFF,0xAC,0xCA,0xEE,0xFF,0xAC,0xCA,0xEE,0xFF,
    0xAC,0xCA,0xEE,0xFF,0xAC,0xCA,0xEE,0xFF,0xAC,0xCA,0xEE,0xFF,0xAC,0xCA,0xEE,0xFF,0xAC,0xCA,0xEE,0xFF,0xAC,0xCA,0xEE,0xFF,0xAC,0xCA,0xEE,0xFF,0xAC,0xCA,0xEE,0xFF,0xAC,0xCA,0xEE,0xFF,0xAC,0xCA,0xEE,0xFF,0xAC,0xCA,0xEE,0xFF,0xAC,0xCA,0xEE,0xFF,0xAC,0xCA,0xEE,0xFF,0xAC,0xCA,0xEE,0xFF,0xAC,0xCA,0xEE,0xFF,0xAC,0xCA,0xEE,0xFF,
    0xAC,0xCA,0xEE,0xFF,0xAC,0xCA,0xEE,0xFF,0xAC,0xCA,0xEE,0xFF,0xAC,0xCA,0xEE,0xFF,0xAC,0xCA,0xEE,0xFF,0xAC,0xCA,0xEE,0xFF,0xAC,0xCA,0xEE,0xFF,0xAC,0xCA,0xEE,0xFF,0xAC,0xCA,0xEE,0xFF,0xAC,0xCA,0xEE,0xFF,0xAC,0xCA,0xEE,0xFF,0xAC,0xCA,0xEE,0xFF,0xAC,0xCA,0xEE,0xFF,0xAC,0xCA,0xEE,0xFF,0xAC,0xCA,0xEE,0xFF,0xAC,0xCA,0xEE,0xFF,
    0xAC,0xCA,0xEE,0xFF,0xB0,0xBA,0xD8,0xFF,0xC4,0x89,0x90,0xFF,0xCD,0x80,0x80,0xFF,0xCD,0x80,0x80,0xFF,0xC7,0x71,0x71,0xFF,0xB2,0x3B,0x3B,0xFF,0xA0,0x0C,0x0C,0xFF,0x9B,0x00,0x00,0xFF,0x9B,0x00,0x00,0xFF,0x9B,0x00,0x00,0xFF,0x9B,0x00,0x00,0xFF,0x9B,0x00,0x00,0xFF,0x9B,0x00,0x00,0xFF,0x9B,0x00,0x00,0xFF,0x9B,0x00,0x00,0xFF,
    0x9B,0x00,0x00,0xFF,0x9B,0x00,0x00,0xFF,0x9B,0x00,0x00,0xFF,0x9B,0x00,0x00,0xFF,0xA0,0x0C,0x0C,0xFF,0xB2,0x3B,0x3B,0xFF,0xC7,0x71,0x71,0xFF,0xCD,0x80,0x80,0xFF,0xCD,0x80,0x80,0xFF,0xC4,0x89,0x90,0xFF,0xB0,0xBA,0xD8,0xFF,0xAC,0xCA,0xEE,0xFF,0xAC,0xCA,0xEE,0xFF,0xAC,0xCA,0xEE,0xFF,0xAC,0xCA,0xEE,0xFF,0xAC,0xCA,0xEE,0xFF,
    0xAC,0xCA,0xEE,0xFF,0xAC,0xCA,0xEE,0xFF,0xAC,0xCA,0xEE,0xFF,0xAC,0xCA,0xEE,0xFF,0xAC,0xCA,0xEE,0xFF,0xAC,0xCA,0xEE,0xFF,0xAC,0xCA,0xEE,0xFF,0xAC,0xCA,0xEE,0xFF,0xAC,0xCA,0xEE,0xFF,0xAC,0xCA,0xEE,0xFF,0xAC,0xCA,0xEE,0xFF,0xAC,0xCA,0xEE,0xFF,0xAC,0xCA,0xEE,0xFF,0xAC,0xCA,0xEE,0xFF,0xAC,0xCA,0xEE,0xFF,0xAC,0xCA,0xEE,0xFF,
    0xAC,0xCA,0xEE,0xFF,0xAC,0xCA,0xEE,0xFF,0xAC,0xCA,0xEE,0xFF,0xAC,0xCA,0xEE,0xFF,0xAC,0xCA,0xEE,0xFF,0xAC,0xCA,0xEE,0xFF,0xAC,0xCA,0xEE,0xFF,0xAC,0xCA,0xEE,0xFF,0xAC,0xCA,0xEE,0xFF,0xAC,0xCA,0xEE,0xFF,0xAC,0xCA,0xEE,0xFF,0xAC,0xCA,0xEE,0xFF,0xAC,0xCA,0xEE,0xFF,0xAC,0xCA,0xEE,0xFF,0xAC,0xCA,0xEE,0xFF,0xAC,0xCA,0xEE,0xFF,
    0xAC,0xCA,0xEE,0xFF,0xAC,0xCA,0xEE,0xFF,0xAC,0xCA,0xEE,0xFF,0xAC,0xCA,0xEE,0xFF,0xAC,0xCA,0xEE,0xFF,0xAC,0xCA,0xEE,0xFF,0xAC,0xCA,0xEE,0xFF,0xAC,0xCA,0xEE,0xFF,0xAC,0xCA,0xEE,0xFF,0xAC,0xCA,0xEE,0xFF,0xAC,0xCA,0xEE,0xFF,0xAC,0xCA,0xEE,0xFF,0xAC,0xCA,0xEE,0xFF,0xAC,0xCA,0xEE,0xFF,0xAC,0xCA,0xEE,0xFF,0xAC,0xCA,0xEE,0xFF,
    0xAC,0xCA,0xEE,0xFF,0xAC,0xCA,0xEE,0xFF,0xAC,0xCA,0xEE,0xFF,0xAC,0xCA,0xEE,0xFF,0xAC,0xCA,0xEE,0xFF,0xAC,0xCA,0xEE,0xFF,0xAC,0xCA,0xEE,0xFF,0xAC,0xCA,0xEE,0xFF,0xAC,0xCA,0xEE,0xFF,0xAC,0xCA,0xEE,0xFF,0xAC,0xCA,0xEE,0xFF,0xAC,0xCA,0xEE,0xFF,0xAC,0xCA,0xEE,0xFF,0xAC,0xCA,0xEE,0xFF,0xAC,0xCA,0xEE,0xFF,0xAC,0xCA,0xEE,0xFF,
    0xAC,0xCA,0xEE,0xFF,0xAC,0xCA,0xEE,0xFF,0xAC,0xCA,0xEE,0xFF,0xAC,0xCA,0xEE,0xFF,0xB8,0xA3,0xB7,0xFF,0xCB,0x80,0x81,0xFF,0xCD,0x80,0x80,0xFF,0xC8,0x74,0x74,0xFF,0xB0,0x35,0x35,0xFF,0x9C,0x02,0x02,0xFF,0x9B,0x00,0x00,0xFF,0x9B,0x00,0x00,0xFF,0x9B,0x00,0x00,0xFF,0x9B,0x00,0x00,0xFF,0x9B,0x00,0x00,0xFF,0x9B,0x00,0x00,0xFF,
    0x9B,0x00,0x00,0xFF,0x9B,0x00,0x00,0xFF,0x9B,0x00,0x00,0xFF,0x9B,0x00,0x00,0xFF,0x9B,0x00,0x00,0xFF,0x9B,0x00,0x00,0xFF,0x9B,0x00,0x00,0xFF,0x9B,0x00,0x00,0xFF,0x9B,0x00,0x00,0xFF,0x9B,0x00,0x00,0xFF,0x9C,0x02,0x02,0xFF,0xB0,0x35,0x35,0xFF,0xC8,0x74,0x74,0xFF,0xCD,0x80,0x80,0xFF,0xCB,0x80,0x81,0xFF,0xB8,0xA3,0xB7,0xFF,
    0xAC,0xCA,0xEE,0xFF,0xAC,0xCA,0xEE,0xFF,0xAC,0xCA,0xEE,0xFF,0xAC,0xCA,0xEE,0xFF,0xAC,0xCA,0xEE,0xFF,0xAC,0xCA,0xEE,0xFF,0xAC,0xCA,0xEE,0xFF,0xAC,0xCA,0xEE,0xFF,0xAC,0xCA,0xEE,0xFF,0xAC,0xCA,0xEE,0xFF,0xAC,0xCA,0xEE,0xFF,0xAC,0xCA,0xEE,0xFF,0xAC,0xCA,0xEE,0xFF,0xAC,0xCA,0xEE,0xFF,0xAC,0xCA,0xEE,0xFF,0xAC,0xCA,0xEE,0xFF,
    0xAC,0xCA,0xEE,0xFF,0xAC,0xCA,0xEE,0xFF,0xAC,0xCA,0xEE,0xFF,0xAC,0xCA,0xEE,0xFF,0xAC,0xCA,0xEE,0xFF,0xAC,0xCA,0xEE,0xFF,0xAC,0xCA,0xEE,0xFF,0xAC,0xCA,0xEE,0xFF,0xAC,0xCA,0xEE,0xFF,0xAC,0xCA,0xEE,0xFF,0xAC,0xCA,0xEE,0xFF,0xAC,0xCA,0xEE,0xFF,0xAC,0xCA,0xEE,0xFF,0xAC,0xCA,0xEE,0xFF,0xAC,0xCA,0xEE,0xFF,0xAC,0xCA,0xEE,0xFF,
    0xAC,0xCA,0xEE,0xFF,0xAC,0xCA,0xEE,0xFF,0xAC,0xCA,0xEE,0xFF,0xAC,0xCA,0xEE,0xFF,0xAC,0xCA,0xEE,0xFF,0xAC,0xCA,0xEE,0xFF,0xAC,0xCA,0xEE,0xFF,0xAC,0xCA,0xEE,0xFF,0xAC,0xCA,0xEE,0xFF,0xAC,0xCA,0xEE,0xFF,0xAC,0xCA,0xEE,0xFF,0xAC,0xCA,0xEE,0xFF,0xAC,0xCA,0xEE,0xFF,0xAC,0xCA,0xEE,0xFF,0xAC,0xCA,0xEE,0xFF,0xAC,0xCA,0xEE,0xFF,
    0xAC,0xCA,0xEE,0xFF,0xAC,0xCA,0xEE,0xFF,0xAC,0xCA,0xEE,0xFF,0xAC,0xCA,0xEE,0xFF,0xAC,0xCA,0xEE,0xFF,0xAC,0xCA,0xEE,0xFF,0xAC,0xCA,0xEE,0xFF,0xAC,0xCA,0xEE,0xFF,0xAC,0xCA,0xEE,0xFF,0xAC,0xCA,0xEE,0xFF,0xAC,0xCA,0xEE,0xFF,0xAC,0xCA,0xEE,0xFF,0xAC,0xCA,0xEE,0xFF,0xAC,0xCA,0xEE,0xFF,0xAC,0xCA,0xEE,0xFF,0xAC,0xCA,0xEE,0xFF,
    0xAC,0xCA,0xEE,0xFF,0xAC,0xCA,0xEE,0xFF,0xAC,0xCA,0xEE,0xFF,0xAC,0xCA,0xEE,0xFF,0xAC,0xCA,0xEE,0xFF,0xAC,0xCA,0xEE,0xFF,0xAC,0xCA,0xEE,0xFF,0xBC,0x96,0xA5,0xFF,0xCD,0x80,0x80,0xFF,0xCD,0x80,0x80,0xFF,0xBA,0x4F,0x4F,0xFF,0x9F,0x0A,0x0A,0xFF,0x9B,0x00,0x00,0xFF,0x9B,0x00,0x00,0xFF,0x9B,0x00,0x00,0xFF,0x9B,0x00,0x00,0xFF,
    0x9B,0x00,0x00,0xFF,0x9B,0x00,0x00,0xFF,0x9B,0x00,0x00,0xFF,0x9B,0x00,0x00,0xFF,0x9B,0x00,0x00,0xFF,0x9B,0x00,0x00,0xFF,0x9B,0x00,0x00,0xFF,0x9B,0x00,0x00,0xFF,0x9B,0x00,0x00,0xFF,0x9B,0x00,0x00,0xFF,0x9B,0x00,0x00,0xFF,0x9B,0x00,0x00,0xFF,0x9B,0x00,0x00,0xFF,0x9B,0x00,0x00,0xFF,0x9B,0x00,0x00,0xFF,0x9B,0x00,0x00,0xFF,
    0x9F,0x0A,0x0A,0xFF,0xBA,0x4F,0x4F,0xFF,0xCD,0x80,0x80,0xFF,0xCD,0x80,0x80,0xFF,0xBC,0x96,0xA5,0xFF,0xAC,0xCA,0xEE,0xFF,0xAC,0xCA,0xEE,0xFF,0xAC,0xCA,0xEE,0xFF,0xAC,0xCA,0xEE,0xFF,0xAC,0xCA,0xEE,0xFF,0xAC,0xCA,0xEE,0xFF,0xAC,0xCA,0xEE,0xFF,0xAC,0xCA,0xEE,0xFF,0xAC,0xCA,0xEE,0xFF,0xAC,0xCA,0xEE,0xFF,0xAC,0xCA,0xEE,0xFF,
    0xAC,0xCA,0xEE,0xFF,0xAC,0xCA,0xEE,0xFF,0xAC,0xCA,0xEE,0xFF,0xAC,0xCA,0xEE,0xFF,0xAC,0xCA,0xEE,0xFF,0xAC,0xCA,0xEE,0xFF,0xAC,0xCA,0xEE,0xFF,0xAC,0xCA,0xEE,0xFF,0xAC,0xCA,0xEE,0xFF,0xAC,0xCA,0xEE,0xFF,0xAC,0xCA,0xEE,0xFF,0xAC,0xCA,0xEE,0xFF,0xAC,0xCA,0xEE,0xFF,0xAC,0xCA,0xEE,0xFF,0xAC,0xCA,0xEE,0xFF,0xAC,0xCA,0xEE,0xFF,
    0xAC,0xCA,0xEE,0xFF,0xAC,0xCA,0xEE,0xFF,0xAC,0xCA,0xEE,0xFF,0xAC,0xCA,0xEE,0xFF,0xAC,0xCA,0xEE,0xFF,0xAC,0xCA,0xEE,0xFF,0xAC,0xCA,0xEE,0xFF,0xAC,0xCA,0xEE,0xFF,0xAC,0xCA,0xEE,0xFF,0xAC,0xCA,0xEE,0xFF,0xAC,0xCA,0xEE,0xFF,0xAC,0xCA,0xEE,0xFF,0xAC,0xCA,0xEE,0xFF,0xAC,0xCA,0xEE,0xFF,0xAC,0xCA,0xEE,0xFF,0xAC,0xCA,0xEE,0xFF,
    0xAC,0xCA,0xEE,0xFF,0xAC,0xCA,0xEE,0xFF,0xAC,0xCA,0xEE,0xFF,0xAC,0xCA,0xEE,0xFF,0xAC,0xCA,0xEE,0xFF,0xAC,0xCA,0xEE,0xFF,0xAC,0xCA,0xEE,0xFF,0xAC,0xCA,0xEE,0xFF,0xAC,0xCA,0xEE,0xFF,0xAC,0xCA,0xEE,0xFF,0xAC,0xCA,0xEE,0xFF,0xAC,0xCA,0xEE,0xFF,0xAC,0xCA,0xEE,0xFF,0xAC,0xCA,0xEE,0xFF,0xAC,0xCA,0xEE,0xFF,0xAC,0xCA,0xEE,0xFF,
    0xAC,0xCA,0xEE,0xFF,0xAC,0xCA,0xEE,0xFF,0xAC,0xCA,0xEE,0xFF,0xAC,0xCA,0xEE,0xFF,0xAC,0xCA,0xEE,0xFF,0xAC,0xCA,0xEE,0xFF,0xAC,0xCA,0xEE,0xFF,0xAC,0xCA,0xEE,0xFF,0xAC,0xCA,0xEE,0xFF,0xAC,0xCA,0xEE,0xFF,0xBE,0x94,0xA1,0xFF,0xCD,0x80,0x80,0xFF,0xCC,0x7D,0x7D,0xFF,0xB0,0x35,0x35,0xFF,0x9B,0x00,0x00,0xFF,0x9B,0x00,0x00,0xFF,
    0x9B,0x00,0x00,0xFF,0x9B,0x00,0x00,0xFF,0x9B,0x00,0x00,0xFF,0x9B,0x00,0x00,0xFF,0x9B,0x00,0x00,0xFF,0x9B,0x00,0x00,0xFF,0x9B,0x00,0x00,0xFF,0x9B,0x00,0x00,0xFF,0x9B,0x00,0x00,0xFF,0x9B,0x00,0x00,0xFF,0x9B,0x00,0x00,0xFF,0x9B,0x00,0x00,0xFF,0x9B,0x00,0x00,0xFF,0x9B,0x00,0x00,0xFF,0x9B,0x00,0x00,0xFF,0x9B,0x00,0x00,0xFF,
    0x9B,0x00,0x00,0xFF,0x9B,0x00,0x00,0xFF,0x9B,0x00,0x00,0xFF,0x9B,0x00,0x00,0xFF,0x9B,0x00,0x00,0xFF,0x9B,0x00,0x00,0xFF,0xB0,0x35,0x35,0xFF,0xCC,0x7D,0x7D,0xFF,0xCD,0x80,0x80,0xFF,0xBE,0x94,0xA1,0xFF,0xAC,0xCA,0xEE,0xFF,0xAC,0xCA,0xEE,0xFF,0xAC,0xCA,0xEE,0xFF,0xAC,0xCA,0xEE,0xFF,0xAC,0xCA,0xEE,0xFF,0xAC,0xCA,0xEE,0xFF,
    0xAC,0xCA,0xEE,0xFF,0xAC,0xCA,0xEE,0xFF,0xAC,0xCA,0xEE,0xFF,0xAC,0xCA,0xEE,0xFF,0xAC,0xCA,0xEE,0xFF,0xAC,0xCA,0xEE,0xFF,0xAC,0xCA,0xEE,0xFF,0xAC,0xCA,0xEE,0xFF,0xAC,0xCA,0xEE,0xFF,0xAC,0xCA,0xEE,0xFF,0xAC,0xCA,0xEE,0xFF,0xAC,0xCA,0xEE,0xFF,0xAC,0xCA,0xEE,0xFF,0xAC,0xCA,0xEE,0xFF,0xAC,0xCA,0xEE,0xFF,0xAC,0xCA,0xEE,0xFF,
    0xAC,0xCA,0xEE,0xFF,0xAC,0xCA,0xEE,0xFF,0xAC,0xCA,0xEE,0xFF,0xAC,0xCA,0xEE,0xFF,0xAC,0xCA,0xEE,0xFF,0xAC,0xCA,0xEE,0xFF,0xAC,0xCA,0xEE,0xFF,0xAC,0xCA,0xEE,0xFF,0xAC,0xCA,0xEE,0xFF,0xAC,0xCA,0xEE,0xFF,0xAC,0xCA,0xEE,0xFF,0xAC,0xCA,0xEE,0xFF,0xAC,0xCA,0xEE,0xFF,0xAC,0xCA,0xEE,0xFF,0xAC,0xCA,0xEE,0xFF,0xAC,0xCA,0xEE,0xFF,
    0xAC,0xCA,0xEE,0xFF,0xAC,0xCA,0xEE,0xFF,0xAC,0xCA,0xEE,0xFF,0xAC,0xCA,0xEE,0xFF,0xAC,0xCA,0xEE,0xFF,0xAC,0xCA,0xEE,0xFF,0xAC,0xCA,0xEE,0xFF,0xAC,0xCA,0xEE,0xFF,0xAC,0xCA,0xEE,0xFF,0xAC,0xCA,0xEE,0xFF,0xAC,0xCA,0xEE,0xFF,0xAC,0xCA,0xEE,0xFF,0xAC,0xCA,0xEE,0xFF,0xAC,0xCA,0xEE,0xFF,0xAC,0xCA,0xEE,0xFF,0xAC,0xCA,0xEE,0xFF,
    0xAC,0xCA,0xEE,0xFF,0xAC,0xCA,0xEE,0xFF,0xAC,0xCA,0xEE,0xFF,0xAC,0xCA,0xEE,0xFF,0xAC,0xCA,0xEE,0xFF,0xAC,0xCA,0xEE,0xFF,0xAC,0xCA,0xEE,0xFF,0xAC,0xCA,0xEE,0xFF,0xAC,0xCA,0xEE,0xFF,0xAC,0xCA,0xEE,0xFF,0xAC,0xCA,0xEE,0xFF,0xAC,0xCA,0xEE,0xFF,0xAC,0xCA,0xEE,0xFF,0xBC,0x96,0xA5,0xFF,0xCD,0x80,0x80,0xFF,0xCA,0x7A,0x7A,0xFF,
    0xA9,0x23,0x23,0xFF,0x9B,0x00,0x00,0xFF,0x9B,0x00,0x00,0xFF,0x9B,0x00,0x00,0xFF,0x9B,0x00,0x00,0xFF,0x9B,0x00,0x00,0xFF,0x9B,0x00,0x00,0xFF,0x9B,0x00,0x00,0xFF,0x9B,0x00,0x00,0xFF,0x9B,0x00,0x00,0xFF,0x9B,0x00,0x00,0xFF,0x9B,0x00,0x00,0xFF,0x9B,0x00,0x00,0xFF,0x9B,0x00,0x00,0xFF,0x9B,0x00,0x00,0xFF,0x9B,0x00,0x00,0xFF,
    0x9B,0x00,0x00,0xFF,0x9B,0x00,0x00,0xFF,0x9B,0x00,0x00,0xFF,0x9B,0x00,0x00,0xFF,0x9B,0x00,0x00,0xFF,0x9B,0x00,0x00,0xFF,0x9B,0x00,0x00,0xFF,0x9B,0x00,0x00,0xFF,0x9B,0x00,0x00,0xFF,0x9B,0x00,0x00,0xFF,0x9B,0x00,0x00,0xFF,0xA9,0x23,0x23,0xFF,0xCA,0x7A,0x7A,0xFF,0xCD,0x80,0x80,0xFF,0xBC,0x96,0xA5,0xFF,0xAC,0xCA,0xEE,0xFF,
    0xAC,0xCA,0xEE,0xFF,0xAC,0xCA,0xEE,0xFF,0xAC,0xCA,0xEE,0xFF,0xAC,0xCA,0xEE,0xFF,0xAC,0xCA,0xEE,0xFF,0xAC,0xCA,0xEE,0xFF,0xAC,0xCA,0xEE,0xFF,0xAC,0xCA,0xEE,0xFF,0xAC,0xCA,0xEE,0xFF,0xAC,0xCA,0xEE,0xFF,0xAC,0xCA,0xEE,0xFF,0xAC,0xCA,0xEE,0xFF,0xAC,0xCA,0xEE,0xFF,0xAC,0xCA,0xEE,0xFF,0xAC,0xCA,0xEE,0xFF,0xAC,0xCA,0xEE,0xFF,
    0xAC,0xCA,0xEE,0xFF,0xAC,0xCA,0xEE,0xFF,0xAC,0xCA,0xEE,0xFF,0xAC,0xCA,0xEE,0xFF,0xAC,0xCA,0xEE,0xFF,0xAC,0xCA,0xEE,0xFF,0xAC,0xCA,0xEE,0xFF,0xAC,0xCA,0xEE,0xFF,0xAC,0xCA,0xEE,0xFF,0xAC,0xCA,0xEE,0xFF,0xAC,0xCA,0xEE,0xFF,0xAC,0xCA,0xEE,0xFF,0xAC,0xCA,0xEE,0xFF,0xAC,0xCA,0xEE,0xFF,0xAC,0xCA,0xEE,0xFF,0xAC,0xCA,0xEE,0xFF,
    0xAC,0xCA,0xEE,0xFF,0xAC,0xCA,0xEE,0xFF,0xAC,0xCA,0xEE,0xFF,0xAC,0xCA,0xEE,0xFF,0xAC,0xCA,0xEE,0xFF,0xAC,0xCA,0xEE,0xFF,0xAC,0xCA,0xEE,0xFF,0xAC,0xCA,0xEE,0xFF,0xAC,0xCA,0xEE,0xFF,0xAC,0xCA,0xEE,0xFF,0xAC,0xCA,0xEE,0xFF,0xAC,0xCA,0xEE,0xFF,0xAC,0xCA,0xEE,0xFF,0xAC,0xCA,0xEE,0xFF,0xAC,0xCA,0xEE,0xFF,0xAC,0xCA,0xEE,0xFF,
    0xAC,0xCA,0xEE,0xFF,0xAC,0xCA,0xEE,0xFF,0xAC,0xCA,0xEE,0xFF,0xAC,0xCA,0xEE,0xFF,0xAC,0xCA,0xEE,0xFF,0xAC,0xCA,0xEE,0xFF,0xAC,0xCA,0xEE,0xFF,0xAC,0xCA,0xEE,0xFF,0xAC,0xCA,0xEE,0xFF,0xAC,0xCA,0xEE,0xFF,0xAC,0xCA,0xEE,0xFF,0xAC,0xCA,0xEE,0xFF,0xAC,0xCA,0xEE,0xFF,0xAC,0xCA,0xEE,0xFF,0xAC,0xCA,0xEE,0xFF,0xAC,0xCA,0xEE,0xFF,
    0xB8,0xA3,0xB7,0xFF,0xCD,0x80,0x80,0xFF,0xCC,0x7D,0x7D,0xFF,0xA9,0x23,0x23,0xFF,0x9B,0x00,0x00,0xFF,0x9B,0x00,0x00,0xFF,0x9B,0x00,0x00,0xFF,0x9B,0x00,0x00,0xFF,0x9B,0x00,0x00,0xFF,0x9B,0x00,0x00,0xFF,0x9B,0x00,0x00,0xFF,0x9B,0x00,0x00,0xFF,0x9B,0x00,0x00,0xFF,0x9B,0x00,0x00,0xFF,0x9B,0x00,0x00,0xFF,0x9B,0x00,0x00,0xFF,
    0x9B,0x00,0x00,0xFF,0x9B,0x00,0x00,0xFF,0x9B,0x00,0x00,0xFF,0x9B,0x00,0x00,0xFF,0x9B,0x00,0x00,0xFF,0x9B,0x00,0x00,0xFF,0x9B,0x00,0x00,0xFF,0x9B,0x00,0x00,0xFF,0x9B,0x00,0x00,0xFF,0x9B,0x00,0x00,0xFF,0x9B,0x00,0x00,0xFF,0x9B,0x00,0x00,0xFF,0x9B,0x00,0x00,0xFF,0x9B,0x00,0x00,0xFF,0x9B,0x00,0x00,0xFF,0x9B,0x00,0x00,0xFF,
    0xA9,0x23,0x23,0xFF,0xCC,0x7D,0x7D,0xFF,0xCD,0x80,0x80,0xFF,0xB8,0xA3,0xB7,0xFF,0xAC,0xCA,0xEE,0xFF,0xAC,0xCA,0xEE,0xFF,0xAC,0xCA,0xEE,0xFF,0xAC,0xCA,0xEE,0xFF,0xAC,0xCA,0xEE,0xFF,0xAC,0xCA,0xEE,0xFF,0xAC,0xCA,0xEE,0xFF,0xAC,0xCA,0xEE,0xFF,0xAC,0xCA,0xEE,0xFF,0xAC,0xCA,0xEE,0xFF,0xAC,0xCA,0xEE,0xFF,0xAC,0xCA,0xEE,0xFF,
    0xAC,0xCA,0xEE,0xFF,0xAC,0xCA,0xEE,0xFF,0xAC,0xCA,0xEE,0xFF,0xAC,0xCA,0xEE,0xFF,0xAC,0xCA,0xEE,0xFF,0xAC,0xCA,0xEE,0xFF,0xAC,0xCA,0xEE,0xFF,0xAC,0xCA,0xEE,0xFF,0xAC,0xCA,0xEE,0xFF,0xAC,0xCA,0xEE,0xFF,0xAC,0xCA,0xEE,0xFF,0xAC,0xCA,0xEE,0xFF,0xAC,0xCA,0xEE,0xFF,0xAC,0xCA,0xEE,0xFF,0xAC,0xCA,0xEE,0xFF,0xAC,0xCA,0xEE,0xFF,
    0xAC,0xCA,0xEE,0xFF,0xAC,0xCA,0xEE,0xFF,0xAC,0xCA,0xEE,0xFF,0xAC,0xCA,0xEE,0xFF,0xAC,0xCA,0xEE,0xFF,0xAC,0xCA,0xEE,0xFF,0xAC,0xCA,0xEE,0xFF,0xAC,0xCA,0xEE,0xFF,0xAC,0xCA,0xEE,0xFF,0xAC,0xCA,0xEE,0xFF,0xAC,0xCA,0xEE,0xFF,0xAC,0xCA,0xEE,0xFF,0xAC,0xCA,0xEE,0xFF,0xAC,0xCA,0xEE,0xFF,0xAC,0xCA,0xEE,0xFF,0xAC,0xCA,0xEE,0xFF,
    0xAC,0xCA,0xEE,0xFF,0xAC,0xCA,0xEE,0xFF,0xAC,0xCA,0xEE,0xFF,0xAC,0xCA,0xEE,0xFF,0xAC,0xCA,0xEE,0xFF,0xAC,0xCA,0xEE,0xFF,0xAC,0xCA,0xEE,0xFF,0xAC,0xCA,0xEE,0xFF,0xAC,0xCA,0xEE,0xFF,0xAC,0xCA,0xEE,0xFF,0xAC,0xCA,0xEE,0xFF,0xAC,0xCA,0xEE,0xFF,0xAC,0xCA,0xEE,0xFF,0xAC,0xCA,0xEE,0xFF,0xAC,0xCA,0xEE,0xFF,0xAC,0xCA,0xEE,0xFF,
    0xAC,0xCA,0xEE,0xFF,0xAC,0xCA,0xEE,0xFF,0xAC,0xCA,0xEE,0xFF,0xB0,0xBA,0xD8,0xFF,0xCB,0x80,0x81,0xFF,0xCD,0x80,0x80,0xFF,0xB0,0x35,0x35,0xFF,0x9B,0x00,0x00,0xFF,0x9B,0x00,0x00,0xFF,0x9B,0x00,0x00,0xFF,0x9B,0x00,0x00,0xFF,0x9B,0x00,0x00,0xFF,0x9B,0x00,0x00,0xFF,0x9B,0x00,0x00,0xFF,0x9B,0x00,0x00,0xFF,0x9B,0x00,0x00,0xFF,
    0x9B,0x00,0x00,0xFF,0x9B,0x00,0x00,0xFF,0x9B,0x00,0x00,0xFF,0x9B,0x00,0x00,0xFF,0x9B,0x00,0x00,0xFF,0x9B,0x00,0x00,0xFF,0x9B,0x00,0x00,0xFF,0x9B,0x00,0x00,0xFF,0x9B,0x00,0x00,0xFF,0x9B,0x00,0x00,0xFF,0x9B,0x00,0x00,0xFF,0x9B,0x00,0x00,0xFF,0x9B,0x00,0x00,0xFF,0x9B,0x00,0x00,0xFF,0x9B,0x00,0x00,0xFF,0x9B,0x00,0x00,0xFF,
    0x9B,0x00,0x00,0xFF,0x9B,0x00,0x00,0xFF,0x9B,0x00,0x00,0xFF,0x9B,0x00,0x00,0xFF,0x9B,0x00,0x00,0xFF,0xB0,0x35,0x35,0xFF,0xCD,0x80,0x80,0xFF,0xCB,0x80,0x81,0xFF,0xB0,0xBA,0xD8,0xFF,0xAC,0xCA,0xEE,0xFF,0xAC,0xCA,0xEE,0xFF,0xAC,0xCA,0xEE,0xFF,0xAC,0xCA,0xEE,0xFF,0xAC,0xCA,0xEE,0xFF,0xAC,0xCA,0xEE,0xFF,0xAC,0xCA,0xEE,0xFF,
    0xAC,0xCA,0xEE,0xFF,0xAC,0xCA,0xEE,0xFF,0xAC,0xCA,0xEE,0xFF,0xAC,0xCA,0xEE,0xFF,0xAC,0xCA,0xEE,0xFF,0xAC,0xCA,0xEE,0xFF,0xAC,0xCA,0xEE,0xFF,0xAC,0xCA,0xEE,0xFF,0xAC,0xCA,0xEE,0xFF,0xAC,0xCA,0xEE,0xFF,0xAC,0xCA,0xEE,0xFF,0xAC,0xCA,0xEE,0xFF,0xAC,0xCA,0xEE,0xFF,0xAC,0xCA,0xEE,0xFF,0xAC,0xCA,0xEE,0xFF,0xAC,0xCA,0xEE,0xFF,
    0xAC,0xCA,0xEE,0xFF,0xAC,0xCA,0xEE,0xFF,0xAC,0xCA,0xEE,0xFF,0xAC,0xCA,0xEE,0xFF,0xAC,0xCA,0xEE,0xFF,0xAC,0xCA,0xEE,0xFF,0xAC,0xCA,0xEE,0xFF,0xAC,0xCA,0xEE,0xFF,0xAC,0xCA,0xEE,0xFF,0xAC,0xCA,0xEE,0xFF,0xAC,0xCA,0xEE,0xFF,0xAC,0xCA,0xEE,0xFF,0xAC,0xCA,0xEE,0xFF,0xAC,0xCA,0xEE,0xFF,0xAC,0xCA,0xEE,0xFF,0xAC,0xCA,0xEE,0xFF,
    0xAC,0xCA,0xEE,0xFF,0xAC,0xCA,0xEE,0xFF,0xAC,0xCA,0xEE,0xFF,0xAC,0xCA,0xEE,0xFF,0xAC,0xCA,0xEE,0xFF,0xAC,0xCA,0xEE,0xFF,0xAC,0xCA,0xEE,0xFF,0xAC,0xCA,0xEE,0xFF,0xAC,0xCA,0xEE,0xFF,0xAC,0xCA,0xEE,0xFF,0xAC,0xCA,0xEE,0xFF,0xAC,0xCA,0xEE,0xFF,0xAC,0xCA,0xEE,0xFF,0xAC,0xCA,0xEE,0xFF,0xAC,0xCA,0xEE,0xFF,0xAC,0xCA,0xEE,0xFF,
    0xAC,0xCA,0xEE,0xFF,0xAC,0xCA,0xEE,0xFF,0xAC,0xCA,0xEE,0xFF,0xAC,0xCA,0xEE,0xFF,0xAC,0xCA,0xEE,0xFF,0xAC,0xCA,0xEE,0xFF,0xAC,0xCA,0xEE,0xFF,0xC4,0x89,0x90,0xFF,0xCD,0x80,0x80,0xFF,0xBA,0x4F,0x4F,0xFF,0x9B,0x00,0x00,0xFF,0x9B,0x00,0x00,0xFF,0x9B,0x00,0x00,0xFF,0x9B,0x00,0x00,0xFF,0x9B,0x00,0x00,0xFF,0x9B,0x00,0x00,0xFF,
    0x9B,0x00,0x00,0xFF,0x9B,0x00,0x00,0xFF,0x9B,0x00,0x00,0xFF,0x9B,0x00,0x00,0xFF,0xC0,0x5F,0x5F,0xFF,0xFA,0xF2,0xF2,0xFF,0xFF,0xFF,0xFF,0xFF,0xFF,0xFF,0xFF,0xFF,0xFF,0xFF,0xFF,0xFF,0xFF,0xFF,0xFF,0xFF,0xFF,0xFF,0xFF,0xFF,0xFF,0xFF,0xFF,0xFF,0xFF,0xFF,0xFF,0xFF,0xFF,0xFF,0xFF,0xFF,0xFA,0xF3,0xF3,0xFF,0xC1,0x61,0x61,0xFF,
    0x9B,0x00,0x00,0xFF,0x9B,0x00,0x00,0xFF,0x9B,0x00,0x00,0xFF,0x9B,0x00,0x00,0xFF,0x9B,0x00,0x00,0xFF,0x9B,0x00,0x00,0xFF,0x9B,0x00,0x00,0xFF,0x9B,0x00,0x00,0xFF,0x9B,0x00,0x00,0xFF,0x9B,0x00,0x00,0xFF,0xBA,0x4F,0x4F,0xFF,0xCD,0x80,0x80,0xFF,0xC4,0x89,0x90,0xFF,0xAC,0xCA,0xEE,0xFF,0xAC,0xCA,0xEE,0xFF,0xAC,0xCA,0xEE,0xFF,
    0xAC,0xCA,0xEE,0xFF,0xAC,0xCA,0xEE,0xFF,0xAC,0xCA,0xEE,0xFF,0xAC,0xCA,0xEE,0xFF,0xAC,0xCA,0xEE,0xFF,0xAC,0xCA,0xEE,0xFF,0xAC,0xCA,0xEE,0xFF,0xAC,0xCA,0xEE,0xFF,0xAC,0xCA,0xEE,0xFF,0xAC,0xCA,0xEE,0xFF,0xAC,0xCA,0xEE,0xFF,0xAC,0xCA,0xEE,0xFF,0xAC,0xCA,0xEE,0xFF,0xAC,0xCA,0xEE,0xFF,0xAC,0xCA,0xEE,0xFF,0xAC,0xCA,0xEE,0xFF,
    0xAC,0xCA,0xEE,0xFF,0xAC,0xCA,0xEE,0xFF,0xAC,0xCA,0xEE,0xFF,0xAC,0xCA,0xEE,0xFF,0xAC,0xCA,0xEE,0xFF,0xAC,0xCA,0xEE,0xFF,0xAC,0xCA,0xEE,0xFF,0xAC,0xCA,0xEE,0xFF,0xAC,0xCA,0xEE,0xFF,0xAC,0xCA,0xEE,0xFF,0xAC,0xCA,0xEE,0xFF,0xAC,0xCA,0xEE,0xFF,0xAC,0xCA,0xEE,0xFF,0xAC,0xCA,0xEE,0xFF,0xAC,0xCA,0xEE,0xFF,0xAC,0xCA,0xEE,0xFF,
    0xAC,0xCA,0xEE,0xFF,0xAC,0xCA,0xEE,0xFF,0xAC,0xCA,0xEE,0xFF,0xAC,0xCA,0xEE,0xFF,0xAC,0xCA,0xEE,0xFF,0xAC,0xCA,0xEE,0xFF,0xAC,0xCA,0xEE,0xFF,0xAC,0xCA,0xEE,0xFF,0xAC,0xCA,0xEE,0xFF,0xAC,0xCA,0xEE,0xFF,0xAC,0xCA,0xEE,0xFF,0xAC,0xCA,0xEE,0xFF,0xAC,0xCA,0xEE,0xFF,0xAC,0xCA,0xEE,0xFF,0xAC,0xCA,0xEE,0xFF,0xAC,0xCA,0xEE,0xFF,
    0xAC,0xCA,0xEE,0xFF,0xAC,0xCA,0xEE,0xFF,0xAC,0xCA,0xEE,0xFF,0xAC,0xCA,0xEE,0xFF,0xAC,0xCA,0xEE,0xFF,0xAC,0xCA,0xEE,0xFF,0xAC,0xCA,0xEE,0xFF,0xAC,0xCA,0xEE,0xFF,0xAC,0xCA,0xEE,0xFF,0xAC,0xCA,0xEE,0xFF,0xB6,0xA9,0xC0,0xFF,0xCD,0x80,0x80,0xFF,0xC8,0x74,0x74,0xFF,0x9F,0x0A,0x0A,0xFF,0x9B,0x00,0x00,0xFF,0x9B,0x00,0x00,0xFF,
    0x9B,0x00,0x00,0xFF,0x9B,0x00,0x00,0xFF,0x9B,0x00,0x00,0xFF,0x9B,0x00,0x00,0xFF,0x9B,0x00,0x00,0xFF,0x9B,0x00,0x00,0xFF,0x9B,0x00,0x00,0xFF,0x9B,0x00,0x00,0xFF,0xF2,0xDF,0xDF,0xFF,0xF9,0xEF,0xEF,0xFF,0xE6,0xBF,0xBF,0xFF,0xE6,0xBF,0xBF,0xFF,0xE6,0xBF,0xBF,0xFF,0xE6,0xBF,0xBF,0xFF,0xE6,0xBF,0xBF,0xFF,0xE6,0xBF,0xBF,0xFF,
    0xE6,0xBF,0xBF,0xFF,0xE6,0xBF,0xBF,0xFF,0xFB,0xF4,0xF4,0xFF,0xEB,0xCB,0xCB,0xFF,0x9B,0x00,0x00,0xFF,0x9B,0x00,0x00,0xFF,0x9B,0x00,0x00,0xFF,0x9B,0x00,0x00,0xFF,0x9B,0x00,0x00,0xFF,0x9B,0x00,0x00,0xFF,0x9B,0x00,0x00,0xFF,0x9B,0x00,0x00,0xFF,0x9B,0x00,0x00,0xFF,0x9B,0x00,0x00,0xFF,0x9F,0x0A,0x0A,0xFF,0xC8,0x74,0x74,0xFF,
    0xCD,0x80,0x80,0xFF,0xB6,0xAA,0xC0,0xFF,0xAC,0xCA,0xEE,0xFF,0xAC,0xCA,0xEE,0xFF,0xAC,0xCA,0xEE,0xFF,0xAC,0xCA,0xEE,0xFF,0xAC,0xCA,0xEE,0xFF,0xAC,0xCA,0xEE,0xFF,0xAC,0xCA,0xEE,0xFF,0xAC,0xCA,0xEE,0xFF,0xAC,0xCA,0xEE,0xFF,0xAC,0xCA,0xEE,0xFF,0xAC,0xCA,0xEE,0xFF,0xAC,0xCA,0xEE,0xFF,0xAC,0xCA,0xEE,0xFF,0xAC,0xCA,0xEE,0xFF,
    0xAC,0xCA,0xEE,0xFF,0xAC,0xCA,0xEE,0xFF,0xAC,0xCA,0xEE,0xFF,0xAC,0xCA,0xEE,0xFF,0xAC,0xCA,0xEE,0xFF,0xAC,0xCA,0xEE,0xFF,0xAC,0xCA,0xEE,0xFF,0xAC,0xCA,0xEE,0xFF,0xAC,0xCA,0xEE,0xFF,0xAC,0xCA,0xEE,0xFF,0xAC,0xCA,0xEE,0xFF,0xAC,0xCA,0xEE,0xFF,0xAC,0xCA,0xEE,0xFF,0xAC,0xCA,0xEE,0xFF,0xAC,0xCA,0xEE,0xFF,0xAC,0xCA,0xEE,0xFF,
    0xAC,0xCA,0xEE,0xFF,0xAC,0xCA,0xEE,0xFF,0xAC,0xCA,0xEE,0xFF,0xAC,0xCA,0xEE,0xFF,0xAC,0xCA,0xEE,0xFF,0xAC,0xCA,0xEE,0xFF,0xAC,0xCA,0xEE,0xFF,0xAC,0xCA,0xEE,0xFF,0xAC,0xCA,0xEE,0xFF,0xAC,0xCA,0xEE,0xFF,0xAC,0xCA,0xEE,0xFF,0xAC,0xCA,0xEE,0xFF,0xAC,0xCA,0xEE,0xFF,0xAC,0xCA,0xEE,0xFF,0xAC,0xCA,0xEE,0xFF,0xAC,0xCA,0xEE,0xFF,
    0xAC,0xCA,0xEE,0xFF,0xAC,0xCA,0xEE,0xFF,0xAC,0xCA,0xEE,0xFF,0xAC,0xCA,0xEE,0xFF,0xAC,0xCA,0xEE,0xFF,0xAC,0xCA,0xEE,0xFF,0xAC,0xCA,0xEE,0xFF,0xAC,0xCA,0xEE,0xFF,0xAC,0xCA,0xEE,0xFF,0xAC,0xCA,0xEE,0xFF,0xAC,0xCA,0xEE,0xFF,0xAC,0xCA,0xEE,0xFF,0xAC,0xCA,0xEE,0xFF,0xAC,0xCA,0xEE,0xFF,0xC7,0x83,0x88,0xFF,0xCD,0x80,0x80,0xFF,
    0xB0,0x35,0x35,0xFF,0x9B,0x00,0x00,0xFF,0x9B,0x00,0x00,0xFF,0x9B,0x00,0x00,0xFF,0x9B,0x00,0x00,0xFF,0x9B,0x00,0x00,0xFF,0x9B,0x00,0x00,0xFF,0x9B,0x00,0x00,0xFF,0x9B,0x00,0x00,0xFF,0x9B,0x00,0x00,0xFF,0x9B,0x00,0x00,0xFF,0x9B,0x00,0x00,0xFF,0xF7,0xEA,0xEA,0xFF,0xE6,0xBF,0xBF,0xFF,0x9B,0x00,0x00,0xFF,0x9B,0x00,0x00,0xFF,
    0x9B,0x00,0x00,0xFF,0x9B,0x00,0x00,0xFF,0x9B,0x00,0x00,0xFF,0x9B,0x00,0x00,0xFF,0x9B,0x00,0x00,0xFF,0x9B,0x00,0x00,0xFF,0xEE,0xD4,0xD4,0xFF,0xEE,0xD5,0xD5,0xFF,0x9B,0x00,0x00,0xFF,0x9B,0x00,0x00,0xFF,0x9B,0x00,0x00,0xFF,0x9B,0x00,0x00,0xFF,0x9B,0x00,0x00,0xFF,0x9B,0x00,0x00,0xFF,0x9B,0x00,0x00,0xFF,0x9B,0x00,0x00,0xFF,
    0x9B,0x00,0x00,0xFF,0x9B,0x00,0x00,0xFF,0x9B,0x00,0x00,0xFF,0xB0,0x35,0x35,0xFF,0xCD,0x80,0x80,0xFF,0xC6,0x83,0x88,0xFF,0xAC,0xCA,0xEE,0xFF,0xAC,0xCA,0xEE,0xFF,0xAC,0xCA,0xEE,0xFF,0xAC,0xCA,0xEE,0xFF,0xAC,0xCA,0xEE,0xFF,0xAC,0xCA,0xEE,0xFF,0xAC,0xCA,0xEE,0xFF,0xAC,0xCA,0xEE,0xFF,0xAC,0xCA,0xEE,0xFF,0xAC,0xCA,0xEE,0xFF,
    0xAC,0xCA,0xEE,0xFF,0xAC,0xCA,0xEE,0xFF,0xAC,0xCA,0xEE,0xFF,0xAC,0xCA,0xEE,0xFF,0xAC,0xCA,0xEE,0xFF,0xAC,0xCA,0xEE,0xFF,0xAC,0xCA,0xEE,0xFF,0xAC,0xCA,0xEE,0xFF,0xAC,0xCA,0xEE,0xFF,0xAC,0xCA,0xEE,0xFF,0xAC,0xCA,0xEE,0xFF,0xAC,0xCA,0xEE,0xFF,0xAC,0xCA,0xEE,0xFF,0xAC,0xCA,0xEE,0xFF,0xAC,0xCA,0xEE,0xFF,0xAC,0xCA,0xEE,0xFF,
    0xAC,0xCA,0xEE,0xFF,0xAC,0xCA,0xEE,0xFF,0xAC,0xCA,0xEE,0xFF,0xAC,0xCA,0xEE,0xFF,0xAC,0xCA,0xEE,0xFF,0xAC,0xCA,0xEE,0xFF,0xAC,0xCA,0xEE,0xFF,0xAC,0xCA,0xEE,0xFF,0xAC,0xCA,0xEE,0xFF,0xAC,0xCA,0xEE,0xFF,0xAC,0xCA,0xEE,0xFF,0xAC,0xCA,0xEE,0xFF,0xAC,0xCA,0xEE,0xFF,0xAC,0xCA,0xEE,0xFF,0xAC,0xCA,0xEE,0xFF,0xAC,0xCA,0xEE,0xFF,
    0xAC,0xCA,0xEE,0xFF,0xAC,0xCA,0xEE,0xFF,0xAC,0xCA,0xEE,0xFF,0xAC,0xCA,0xEE,0xFF,0xAC,0xCA,0xEE,0xFF,0xAC,0xCA,0xEE,0xFF,0xAC,0xCA,0xEE,0xFF,0xAC,0xCA,0xEE,0xFF,0xAC,0xCA,0xEE,0xFF,0xAC,0xCA,0xEE,0xFF,0xAC,0xCA,0xEE,0xFF,0xAC,0xCA,0xEE,0xFF,0xAC,0xCA,0xEE,0xFF,0xAC,0xCA,0xEE,0xFF,0xAC,0xCA,0xEE,0xFF,0xAC,0xCA,0xEE,0xFF,
    0xAC,0xCA,0xEE,0xFF,0xB5,0xAA,0xC2,0xFF,0xCD,0x80,0x80,0xFF,0xC7,0x71,0x71,0xFF,0x9C,0x02,0x02,0xFF,0x9B,0x00,0x00,0xFF,0x9B,0x00,0x00,0xFF,0x9B,0x00,0x00,0xFF,0x9B,0x00,0x00,0xFF,0x9B,0x00,0x00,0xFF,0x9B,0x00,0x00,0xFF,0x9B,0x00,0x00,0xFF,0xBD,0x57,0x57,0xFF,0xD4,0x92,0x92,0xFF,0xD9,0x9F,0x9F,0xFF,0xD9,0x9F,0x9F,0xFF,
    0xFC,0xF7,0xF7,0xFF,0xF2,0xDF,0xDF,0xFF,0xCD,0x80,0x80,0xFF,0xCD,0x80,0x80,0xFF,0xCD,0x80,0x80,0xFF,0xCD,0x80,0x80,0xFF,0xCD,0x80,0x80,0xFF,0xCD,0x80,0x80,0xFF,0xCD,0x80,0x80,0xFF,0xCD,0x80,0x80,0xFF,0xF6,0xE9,0xE9,0xFF,0xF9,0xEF,0xEF,0xFF,0xD2,0x8E,0x8E,0xFF,0xCD,0x80,0x80,0xFF,0xC9,0x76,0x76,0xFF,0xB4,0x41,0x41,0xFF,
    0x9B,0x00,0x00,0xFF,0x9B,0x00,0x00,0xFF,0x9B,0x00,0x00,0xFF,0x9B,0x00,0x00,0xFF,0x9B,0x00,0x00,0xFF,0x9B,0x00,0x00,0xFF,0x9B,0x00,0x00,0xFF,0x9C,0x02,0x02,0xFF,0xC7,0x71,0x71,0xFF,0xCD,0x80,0x80,0xFF,0xB5,0xAA,0xC2,0xFF,0xAC,0xCA,0xEE,0xFF,0xAC,0xCA,0xEE,0xFF,0xAC,0xCA,0xEE,0xFF,0xAC,0xCA,0xEE,0xFF,0xAC,0xCA,0xEE,0xFF,
    0xAC,0xCA,0xEE,0xFF,0xAC,0xCA,0xEE,0xFF,0xAC,0xCA,0xEE,0xFF,0xAC,0xCA,0xEE,0xFF,0xAC,0xCA,0xEE,0xFF,0xAC,0xCA,0xEE,0xFF,0xAC,0xCA,0xEE,0xFF,0xAC,0xCA,0xEE,0xFF,0xAC,0xCA,0xEE,0xFF,0xAC,0xCA,0xEE,0xFF,0xAC,0xCA,0xEE,0xFF,0xAC,0xCA,0xEE,0xFF,0xAC,0xCA,0xEE,0xFF,0xAC,0xCA,0xEE,0xFF,0xAC,0xCA,0xEE,0xFF,0xAC,0xCA,0xEE,0xFF,
    0xAC,0xCA,0xEE,0xFF,0xAC,0xCA,0xEE,0xFF,0xAC,0xCA,0xEE,0xFF,0xAC,0xCA,0xEE,0xFF,0xAC,0xCA,0xEE,0xFF,0xAC,0xCA,0xEE,0xFF,0xAC,0xCA,0xEE,0xFF,0xAC,0xCA,0xEE,0xFF,0xAC,0xCA,0xEE,0xFF,0xAC,0xCA,0xEE,0xFF,0xAC,0xCA,0xEE,0xFF,0xAC,0xCA,0xEE,0xFF,0xAC,0xCA,0xEE,0xFF,0xAC,0xCA,0xEE,0xFF,0xAC,0xCA,0xEE,0xFF,0xAC,0xCA,0xEE,0xFF,
    0xAC,0xCA,0xEE,0xFF,0xAC,0xCA,0xEE,0xFF,0xAC,0xCA,0xEE,0xFF,0xAC,0xCA,0xEE,0xFF,0xAC,0xCA,0xEE,0xFF,0xAC,0xCA,0xEE,0xFF,0xAC,0xCA,0xEE,0xFF,0xAC,0xCA,0xEE,0xFF,0xAC,0xCA,0xEE,0xFF,0xAC,0xCA,0xEE,0xFF,0xAC,0xCA,0xEE,0xFF,0xAC,0xCA,0xEE,0xFF,0xAC,0xCA,0xEE,0xFF,0xAC,0xCA,0xEE,0xFF,0xAC,0xCA,0xEE,0xFF,0xAC,0xCA,0xEE,0xFF,
    0xAC,0xCA,0xEE,0xFF,0xAC,0xCA,0xEE,0xFF,0xAC,0xCA,0xEE,0xFF,0xAC,0xCA,0xEE,0xFF,0xAC,0xCA,0xEE,0xFF,0xC2,0x8D,0x96,0xFF,0xCD,0x80,0x80,0xFF,0xB2,0x3B,0x3B,0xFF,0x9B,0x00,0x00,0xFF,0x9B,0x00,0x00,0xFF,0x9B,0x00,0x00,0xFF,0x9B,0x00,0x00,0xFF,0x9B,0x00,0x00,0xFF,0x9B,0x00,0x00,0xFF,0x9B,0x00,0x00,0xFF,0xCE,0x83,0x83,0xFF,
    0xFF,0xFF,0xFF,0xFF,0xFF,0xFF,0xFF,0xFF,0xFF,0xFF,0xFF,0xFF,0xFF,0xFF,0xFF,0xFF,0xFF,0xFF,0xFF,0xFF,0xFF,0xFF,0xFF,0xFF,0xFF,0xFF,0xFF,0xFF,0xFF,0xFF,0xFF,0xFF,0xFF,0xFF,0xFF,0xFF,0xFF,0xFF,0xFF,0xFF,0xFF,0xFF,0xFF,0xFF,0xFF,0xFF,0xFF,0xFF,0xFF,0xFF,0xFF,0xFF,0xFF,0xFF,0xFF,0xFF,0xFF,0xFF,0xFF,0xFF,0xFF,0xFF,0xFF,0xFF,
    0xFF,0xFF,0xFF,0xFF,0xFF,0xFF,0xFF,0xFF,0xFF,0xFF,0xFF,0xFF,0xFF,0xFF,0xFF,0xFF,0xCD,0x7F,0x7F,0xFF,0x9B,0x00,0x00,0xFF,0x9B,0x00,0x00,0xFF,0x9B,0x00,0x00,0xFF,0x9B,0x00,0x00,0xFF,0x9B,0x00,0x00,0xFF,0x9B,0x00,0x00,0xFF,0x9B,0x00,0x00,0xFF,0xB2,0x3B,0x3B,0xFF,0xCD,0x80,0x80,0xFF,0xC2,0x8D,0x96,0xFF,0xAC,0xCA,0xEE,0xFF,
    0xAC,0xCA,0xEE,0xFF,0xAC,0xCA,0xEE,0xFF,0xAC,0xCA,0xEE,0xFF,0xAC,0xCA,0xEE,0xFF,0xAC,0xCA,0xEE,0xFF,0xAC,0xCA,0xEE,0xFF,0xAC,0xCA,0xEE,0xFF,0xAC,0xCA,0xEE,0xFF,0xAC,0xCA,0xEE,0xFF,0xAC,0xCA,0xEE,0xFF,0xAC,0xCA,0xEE,0xFF,0xAC,0xCA,0xEE,0xFF,0xAC,0xCA,0xEE,0xFF,0xAC,0xCA,0xEE,0xFF,0xAC,0xCA,0xEE,0xFF,0xAC,0xCA,0xEE,0xFF,
    0xAC,0xCA,0xEE,0xFF,0xAC,0xCA,0xEE,0xFF,0xAC,0xCA,0xEE,0xFF,0xAC,0xCA,0xEE,0xFF,0xAC,0xCA,0xEE,0xFF,0xAC,0xCA,0xEE,0xFF,0xAC,0xCA,0xEE,0xFF,0xAC,0xCA,0xEE,0xFF,0xAC,0xCA,0xEE,0xFF,0xAC,0xCA,0xEE,0xFF,0xAC,0xCA,0xEE,0xFF,0xAC,0xCA,0xEE,0xFF,0xAC,0xCA,0xEE,0xFF,0xAC,0xCA,0xEE,0xFF,0xAC,0xCA,0xEE,0xFF,0xAC,0xCA,0xEE,0xFF,
    0xAC,0xCA,0xEE,0xFF,0xAC,0xCA,0xEE,0xFF,0xAC,0xCA,0xEE,0xFF,0xAC,0xCA,0xEE,0xFF,0xAC,0xCA,0xEE,0xFF,0xAC,0xCA,0xEE,0xFF,0xAC,0xCA,0xEE,0xFF,0xAC,0xCA,0xEE,0xFF,0xAC,0xCA,0xEE,0xFF,0xAC,0xCA,0xEE,0xFF,0xAC,0xCA,0xEE,0xFF,0xAC,0xCA,0xEE,0xFF,0xAC,0xCA,0xEE,0xFF,0xAC,0xCA,0xEE,0xFF,0xAC,0xCA,0xEE,0xFF,0xAC,0xCA,0xEE,0xFF,
    0xAC,0xCA,0xEE,0xFF,0xAC,0xCA,0xEE,0xFF,0xAC,0xCA,0xEE,0xFF,0xAC,0xCA,0xEE,0xFF,0xAC,0xCA,0xEE,0xFF,0xAC,0xCA,0xEE,0xFF,0xAC,0xCA,0xEE,0xFF,0xAC,0xCA,0xEE,0xFF,0xAD,0xC2,0xE4,0xFF,0xCB,0x80,0x80,0xFF,0xCD,0x7F,0x7F,0xFF,0xA0,0x0C,0x0C,0xFF,0x9B,0x00,0x00,0xFF,0x9B,0x00,0x00,0xFF,0x9B,0x00,0x00,0xFF,0x9B,0x00,0x00,0xFF,
    0x9B,0x00,0x00,0xFF,0x9B,0x00,0x00,0xFF,0x9B,0x00,0x00,0xFF,0xF9,0xF0,0xF0,0xFF,0xFF,0xFF,0xFF,0xFF,0xFF,0xFF,0xFF,0xFF,0xFF,0xFF,0xFF,0xFF,0xFF,0xFF,0xFF,0xFF,0xFF,0xFF,0xFF,0xFF,0xFF,0xFF,0xFF,0xFF,0xFF,0xFF,0xFF,0xFF,0xFF,0xFF,0xFF,0xFF,0xFF,0xFF,0xFF,0xFF,0xFF,0xFF,0xFF,0xFF,0xFF,0xFF,0xFF,0xFF,0xFF,0xFF,0xFF,0xFF,
    0xFF,0xFF,0xFF,0xFF,0xFF,0xFF,0xFF,0xFF,0xFF,0xFF,0xFF,0xFF,0xFF,0xFF,0xFF,0xFF,0xFF,0xFF,0xFF,0xFF,0xFF,0xFF,0xFF,0xFF,0xFF,0xFF,0xFF,0xFF,0xFF,0xFF,0xFF,0xFF,0xF6,0xE8,0xE8,0xFF,0x9B,0x00,0x00,0xFF,0x9B,0x00,0x00,0xFF,0x9B,0x00,0x00,0xFF,0x9B,0x00,0x00,0xFF,0x9B,0x00,0x00,0xFF,0x9B,0x00,0x00,0xFF,0x9B,0x00,0x00,0xFF,
    0xA0,0x0C,0x0C,0xFF,0xCD,0x7F,0x7F,0xFF,0xCB,0x80,0x80,0xFF,0xAD,0xC2,0xE4,0xFF,0xAC,0xCA,0xEE,0xFF,0xAC,0xCA,0xEE,0xFF,0xAC,0xCA,0xEE,0xFF,0xAC,0xCA,0xEE,0xFF,0xAC,0xCA,0xEE,0xFF,0xAC,0xCA,0xEE,0xFF,0xAC,0xCA,0xEE,0xFF,0xAC,0xCA,0xEE,0xFF,0xAC,0xCA,0xEE,0xFF,0xAC,0xCA,0xEE,0xFF,0xAC,0xCA,0xEE,0xFF,0xAC,0xCA,0xEE,0xFF,
    0xAC,0xCA,0xEE,0xFF,0xAC,0xCA,0xEE,0xFF,0xAC,0xCA,0xEE,0xFF,0xAC,0xCA,0xEE,0xFF,0xAC,0xCA,0xEE,0xFF,0xAC,0xCA,0xEE,0xFF,0xAC,0xCA,0xEE,0xFF,0xAC,0xCA,0xEE,0xFF,0xAC,0xCA,0xEE,0xFF,0xAC,0xCA,0xEE,0xFF,0xAC,0xCA,0xEE,0xFF,0xAC,0xCA,0xEE,0xFF,0xAC,0xCA,0xEE,0xFF,0xAC,0xCA,0xEE,0xFF,0xAC,0xCA,0xEE,0xFF,0xAC,0xCA,0xEE,0xFF,
    0xAC,0xCA,0xEE,0xFF,0xAC,0xCA,0xEE,0xFF,0xAC,0xCA,0xEE,0xFF,0xAC,0xCA,0xEE,0xFF,0xAC,0xCA,0xEE,0xFF,0xAC,0xCA,0xEE,0xFF,0xAC,0xCA,0xEE,0xFF,0xAC,0xCA,0xEE,0xFF,0xAC,0xCA,0xEE,0xFF,0xAC,0xCA,0xEE,0xFF,0xAC,0xCA,0xEE,0xFF,0xAC,0xCA,0xEE,0xFF,0xAC,0xCA,0xEE,0xFF,0xAC,0xCA,0xEE,0xFF,0xAC,0xCA,0xEE,0xFF,0xAC,0xCA,0xEE,0xFF,
    0xAC,0xCA,0xEE,0xFF,0xAC,0xCA,0xEE,0xFF,0xAC,0xCA,0xEE,0xFF,0xAC,0xCA,0xEE,0xFF,0xAC,0xCA,0xEE,0xFF,0xAC,0xCA,0xEE,0xFF,0xAC,0xCA,0xEE,0xFF,0xAC,0xCA,0xEE,0xFF,0xAC,0xCA,0xEE,0xFF,0xAC,0xCA,0xEE,0xFF,0xAC,0xCA,0xEE,0xFF,0xAC,0xCA,0xEE,0xFF,0xB5,0xA8,0xBF,0xFF,0xCD,0x80,0x80,0xFF,0xC1,0x63,0x63,0xFF,0x9B,0x00,0x00,0xFF,
    0x9B,0x00,0x00,0xFF,0x9B,0x00,0x00,0xFF,0x9B,0x00,0x00,0xFF,0x9B,0x00,0x00,0xFF,0x9B,0x00,0x00,0xFF,0x9B,0x00,0x00,0xFF,0x9B,0x00,0x00,0xFF,0xF2,0xDD,0xDD,0xFF,0xF6,0xE8,0xE8,0xFF,0xFF,0xFF,0xFF,0xFF,0xFF,0xFF,0xFF,0xFF,0xFF,0xFF,0xFF,0xFF,0xFF,0xFF,0xFF,0xFF,0xFF,0xFF,0xFF,0xFF,0xFF,0xFF,0xFF,0xFF,0xFF,0xFF,0xFF,0xFF,
    0xFF,0xFF,0xFF,0xFF,0xFF,0xFF,0xFF,0xFF,0xFF,0xFF,0xFF,0xFF,0xFF,0xFF,0xFF,0xFF,0xFF,0xFF,0xFF,0xFF,0xFF,0xFF,0xFF,0xFF,0xFF,0xFF,0xFF,0xFF,0xFF,0xFF,0xFF,0xFF,0xFF,0xFF,0xFF,0xFF,0xFF,0xFF,0xFF,0xFF,0xFF,0xFF,0xFF,0xFF,0xF5,0xE6,0xE6,0xFF,0xF1,0xDD,0xDD,0xFF,0x9B,0x00,0x00,0xFF,0x9B,0x00,0x00,0xFF,0x9B,0x00,0x00,0xFF,
    0x9B,0x00,0x00,0xFF,0x9B,0x00,0x00,0xFF,0x9B,0x00,0x00,0xFF,0x9B,0x00,0x00,0xFF,0x9B,0x00,0x00,0xFF,0xC1,0x63,0x63,0xFF,0xCD,0x80,0x80,0xFF,0xB5,0xA8,0xBF,0xFF,0xAC,0xCA,0xEE,0xFF,0xAC,0xCA,0xEE,0xFF,0xAC,0xCA,0xEE,0xFF,0xAC,0xCA,0xEE,0xFF,0xAC,0xCA,0xEE,0xFF,0xAC,0xCA,0xEE,0xFF,0xAC,0xCA,0xEE,0xFF,0xAC,0xCA,0xEE,0xFF,
    0xAC,0xCA,0xEE,0xFF,0xAC,0xCA,0xEE,0xFF,0xAC,0xCA,0xEE,0xFF,0xAC,0xCA,0xEE,0xFF,0xAC,0xCA,0xEE,0xFF,0xAC,0xCA,0xEE,0xFF,0xAC,0xCA,0xEE,0xFF,0xAC,0xCA,0xEE,0xFF,0xAC,0xCA,0xEE,0xFF,0xAC,0xCA,0xEE,0xFF,0xAC,0xCA,0xEE,0xFF,0xAC,0xCA,0xEE,0xFF,0xAC,0xCA,0xEE,0xFF,0xAC,0xCA,0xEE,0xFF,0xAC,0xCA,0xEE,0xFF,0xAC,0xCA,0xEE,0xFF,
    0xAC,0xCA,0xEE,0xFF,0xAC,0xCA,0xEE,0xFF,0xAC,0xCA,0xEE,0xFF,0xAC,0xCA,0xEE,0xFF,0xAC,0xCA,0xEE,0xFF,0xAC,0xCA,0xEE,0xFF,0xAC,0xCA,0xEE,0xFF,0xAC,0xCA,0xEE,0xFF,0xAC,0xCA,0xEE,0xFF,0xAC,0xCA,0xEE,0xFF,0xAC,0xCA,0xEE,0xFF,0xAC,0xCA,0xEE,0xFF,0xAC,0xCA,0xEE,0xFF,0xAC,0xCA,0xEE,0xFF,0xAC,0xCA,0xEE,0xFF,0xAC,0xCA,0xEE,0xFF,
    0xAC,0xCA,0xEE,0xFF,0xAC,0xCA,0xEE,0xFF,0xAC,0xCA,0xEE,0xFF,0xAC,0xCA,0xEE,0xFF,0xAC,0xCA,0xEE,0xFF,0xAC,0xCA,0xEE,0xFF,0xAC,0xCA,0xEE,0xFF,0xAC,0xCA,0xEE,0xFF,0xAC,0xCA,0xEE,0xFF,0xAC,0xCA,0xEE,0xFF,0xAC,0xCA,0xEE,0xFF,0xAC,0xCA,0xEE,0xFF,0xAC,0xCA,0xEE,0xFF,0xAC,0xCA,0xEE,0xFF,0xAC,0xCA,0xEE,0xFF,0xAC,0xCA,0xEE,0xFF,
    0xBD,0x9E,0xAE,0xFF,0xCD,0x80,0x80,0xFF,0xB5,0x42,0x42,0xFF,0x9B,0x00,0x00,0xFF,0x9B,0x00,0x00,0xFF,0x9B,0x00,0x00,0xFF,0x9B,0x00,0x00,0xFF,0x9B,0x00,0x00,0xFF,0x9B,0x00,0x00,0xFF,0x9B,0x00,0x00,0xFF,0x9B,0x00,0x00,0xFF,0x9B,0x00,0x00,0xFF,0xB7,0x47,0x47,0xFF,0xFF,0xFF,0xFF,0xFF,0xFF,0xFF,0xFF,0xFF,0xFF,0xFF,0xFF,0xFF,
    0xA6,0x1C,0x1C,0xFF,0xB1,0x39,0x39,0xFF,0xFF,0xFF,0xFF,0xFF,0xFF,0xFF,0xFF,0xFF,0xFF,0xFF,0xFF,0xFF,0xA6,0x1C,0x1C,0xFF,0xB1,0x38,0x38,0xFF,0xFF,0xFF,0xFF,0xFF,0xFF,0xFF,0xFF,0xFF,0xFF,0xFF,0xFF,0xFF,0xAC,0x2B,0x2B,0xFF,0xA9,0x23,0x23,0xFF,0xFF,0xFF,0xFF,0xFF,0xFF,0xFF,0xFF,0xFF,0xFF,0xFF,0xFF,0xFF,0xAF,0x32,0x32,0xFF,
    0x9B,0x00,0x00,0xFF,0x9B,0x00,0x00,0xFF,0x9B,0x00,0x00,0xFF,0x9B,0x00,0x00,0xFF,0x9B,0x00,0x00,0xFF,0x9B,0x00,0x00,0xFF,0x9B,0x00,0x00,0xFF,0x9B,0x00,0x00,0xFF,0x9B,0x00,0x00,0xFF,0xB5,0x42,0x42,0xFF,0xCD,0x80,0x80,0xFF,0xBD,0x9E,0xAE,0xFF,0xAC,0xCA,0xEE,0xFF,0xAC,0xCA,0xEE,0xFF,0xAC,0xCA,0xEE,0xFF,0xAC,0xCA,0xEE,0xFF,
    0xAC,0xCA,0xEE,0xFF,0xAC,0xCA,0xEE,0xFF,0xAC,0xCA,0xEE,0xFF,0xAC,0xCA,0xEE,0xFF,0xAC,0xCA,0xEE,0xFF,0xAC,0xCA,0xEE,0xFF,0xAC,0xCA,0xEE,0xFF,0xAC,0xCA,0xEE,0xFF,0xAC,0xCA,0xEE,0xFF,0xAC,0xCA,0xEE,0xFF,0xAC,0xCA,0xEE,0xFF,0xAC,0xCA,0xEE,0xFF,0xAC,0xCA,0xEE,0xFF,0xAC,0xCA,0xEE,0xFF,0xAC,0xCA,0xEE,0xFF,0xAC,0xCA,0xEE,0xFF,
    0xAC,0xCA,0xEE,0xFF,0xAC,0xCA,0xEE,0xFF,0xAC,0xCA,0xEE,0xFF,0xAC,0xCA,0xEE,0xFF,0xAC,0xCA,0xEE,0xFF,0xAC,0xCA,0xEE,0xFF,0xAC,0xCA,0xEE,0xFF,0xAC,0xCA,0xEE,0xFF,0xAC,0xCA,0xEE,0xFF,0xAC,0xCA,0xEE,0xFF,0xAC,0xCA,0xEE,0xFF,0xAC,0xCA,0xEE,0xFF,0xAC,0xCA,0xEE,0xFF,0xAC,0xCA,0xEE,0xFF,0xAC,0xCA,0xEE,0xFF,0xAC,0xCA,0xEE,0xFF,
    0xAC,0xCA,0xEE,0xFF,0xAC,0xCA,0xEE,0xFF,0xAC,0xCA,0xEE,0xFF,0xAC,0xCA,0xEE,0xFF,0xAC,0xCA,0xEE,0xFF,0xAC,0xCA,0xEE,0xFF,0xAC,0xCA,0xEE,0xFF,0xAC,0xCA,0xEE,0xFF,0xAC,0xCA,0xEE,0xFF,0xAC,0xCA,0xEE,0xFF,0xAC,0xCA,0xEE,0xFF,0xAC,0xCA,0xEE,0xFF,0xAC,0xCA,0xEE,0xFF,0xAC,0xCA,0xEE,0xFF,0xAC,0xCA,0xEE,0xFF,0xAC,0xCA,0xEE,0xFF,
    0xAC,0xCA,0xEE,0xFF,0xAC,0xCA,0xEE,0xFF,0xAC,0xCA,0xEE,0xFF,0xAC,0xCA,0xEE,0xFF,0xC3,0x89,0x90,0xFF,0xCD,0x80,0x80,0xFF,0xAA,0x27,0x27,0xFF,0x9B,0x00,0x00,0xFF,0x9B,0x00,0x00,0xFF,0x9B,0x00,0x00,0xFF,0x9B,0x00,0x00,0xFF,0x9B,0x00,0x00,0xFF,0x9B,0x00,0x00,0xFF,0x9B,0x00,0x00,0xFF,0x9B,0x00,0x00,0xFF,0x9B,0x00,0x00,0xFF,
    0xB7,0x47,0x47,0xFF,0xFF,0xFF,0xFF,0xFF,0xFF,0xFF,0xFF,0xFF,0xFF,0xFF,0xFF,0xFF,0xA6,0x1C,0x1C,0xFF,0xB1,0x39,0x39,0xFF,0xFF,0xFF,0xFF,0xFF,0xFF,0xFF,0xFF,0xFF,0xFF,0xFF,0xFF,0xFF,0xA6,0x1C,0x1C,0xFF,0xB1,0x38,0x38,0xFF,0xFF,0xFF,0xFF,0xFF,0xFF,0xFF,0xFF,0xFF,0xFF,0xFF,0xFF,0xFF,0xAC,0x2B,0x2B,0xFF,0xA9,0x23,0x23,0xFF,
    0xFF,0xFF,0xFF,0xFF,0xFF,0xFF,0xFF,0xFF,0xFF,0xFF,0xFF,0xFF,0xAF,0x32,0x32,0xFF,0x9B,0x00,0x00,0xFF,0x9B,0x00,0x00,0xFF,0x9B,0x00,0x00,0xFF,0x9B,0x00,0x00,0xFF,0x9B,0x00,0x00,0xFF,0x9B,0x00,0x00,0xFF,0x9B,0x00,0x00,0xFF,0x9B,0x00,0x00,0xFF,0x9B,0x00,0x00,0xFF,0xAA,0x27,0x27,0xFF,0xCD,0x80,0x80,0xFF,0xC3,0x89,0x90,0xFF,
    0xAC,0xCA,0xEE,0xFF,0xAC,0xCA,0xEE,0xFF,0xAC,0xCA,0xEE,0xFF,0xAC,0xCA,0xEE,0xFF,0xAC,0xCA,0xEE,0xFF,0xAC,0xCA,0xEE,0xFF,0xAC,0xCA,0xEE,0xFF,0xAC,0xCA,0xEE,0xFF,0xAC,0xCA,0xEE,0xFF,0xAC,0xCA,0xEE,0xFF,0xAC,0xCA,0xEE,0xFF,0xAC,0xCA,0xEE,0xFF,0xAC,0xCA,0xEE,0xFF,0xAC,0xCA,0xEE,0xFF,0xAC,0xCA,0xEE,0xFF,0xAC,0xCA,0xEE,0xFF,
    0xAC,0xCA,0xEE,0xFF,0xAC,0xCA,0xEE,0xFF,0xAC,0xCA,0xEE,0xFF,0xAC,0xCA,0xEE,0xFF,0xAC,0xCA,0xEE,0xFF,0xAC,0xCA,0xEE,0xFF,0xAC,0xCA,0xEE,0xFF,0xAC,0xCA,0xEE,0xFF,0xAC,0xCA,0xEE,0xFF,0xAC,0xCA,0xEE,0xFF,0xAC,0xCA,0xEE,0xFF,0xAC,0xCA,0xEE,0xFF,0xAC,0xCA,0xEE,0xFF,0xAC,0xCA,0xEE,0xFF,0xAC,0xCA,0xEE,0xFF,0xAC,0xCA,0xEE,0xFF,
    0xAC,0xCA,0xEE,0xFF,0xAC,0xCA,0xEE,0xFF,0xAC,0xCA,0xEE,0xFF,0xAC,0xCA,0xEE,0xFF,0xAC,0xCA,0xEE,0xFF,0xAC,0xCA,0xEE,0xFF,0xAC,0xCA,0xEE,0xFF,0xAC,0xCA,0xEE,0xFF,0xAC,0xCA,0xEE,0xFF,0xAC,0xCA,0xEE,0xFF,0xAC,0xCA,0xEE,0xFF,0xAC,0xCA,0xEE,0xFF,0xAC,0xCA,0xEE,0xFF,0xAC,0xCA,0xEE,0xFF,0xAC,0xCA,0xEE,0xFF,0xAC,0xCA,0xEE,0xFF,
    0xAC,0xCA,0xEE,0xFF,0xAC,0xCA,0xEE,0xFF,0xAC,0xCA,0xEE,0xFF,0xAC,0xCA,0xEE,0xFF,0xAC,0xCA,0xEE,0xFF,0xAC,0xCA,0xEE,0xFF,0xAC,0xCA,0xEE,0xFF,0xAC,0xCA,0xEE,0xFF,0xC7,0x80,0x84,0xFF,0xCD,0x80,0x80,0xFF,0xA3,0x14,0x14,0xFF,0x9B,0x00,0x00,0xFF,0x9B,0x00,0x00,0xFF,0x9B,0x00,0x00,0xFF,0x9B,0x00,0x00,0xFF,0x9B,0x00,0x00,0xFF,
    0x9B,0x00,0x00,0xFF,0x9B,0x00,0x00,0xFF,0x9B,0x00,0x00,0xFF,0x9B,0x00,0x00,0xFF,0xB7,0x47,0x47,0xFF,0xFF,0xFF,0xFF,0xFF,0xFF,0xFF,0xFF,0xFF,0xFF,0xFF,0xFF,0xFF,0xA6,0x1C,0x1C,0xFF,0xB1,0x39,0x39,0xFF,0xFF,0xFF,0xFF,0xFF,0xFF,0xFF,0xFF,0xFF,0xFF,0xFF,0xFF,0xFF,0xA6,0x1C,0x1C,0xFF,0xB1,0x38,0x38,0xFF,0xFF,0xFF,0xFF,0xFF,
    0xFF,0xFF,0xFF,0xFF,0xFF,0xFF,0xFF,0xFF,0xAC,0x2B,0x2B,0xFF,0xA9,0x23,0x23,0xFF,0xFF,0xFF,0xFF,0xFF,0xFF,0xFF,0xFF,0xFF,0xFF,0xFF,0xFF,0xFF,0xAF,0x32,0x32,0xFF,0x9B,0x00,0x00,0xFF,0x9B,0x00,0x00,0xFF,0x9B,0x00,0x00,0xFF,0x9B,0x00,0x00,0xFF,0x9B,0x00,0x00,0xFF,0x9B,0x00,0x00,0xFF,0x9B,0x00,0x00,0xFF,0x9B,0x00,0x00,0xFF,
    0x9B,0x00,0x00,0xFF,0xA3,0x14,0x14,0xFF,0xCD,0x80,0x80,0xFF,0xC7,0x80,0x84,0xFF,0xAC,0xCA,0xEE,0xFF,0xAC,0xCA,0xEE,0xFF,0xAC,0xCA,0xEE,0xFF,0xAC,0xCA,0xEE,0xFF,0xAC,0xCA,0xEE,0xFF,0xAC,0xCA,0xEE,0xFF,0xAC,0xCA,0xEE,0xFF,0xAC,0xCA,0xEE,0xFF,0xAC,0xCA,0xEE,0xFF,0xAC,0xCA,0xEE,0xFF,0xAC,0xCA,0xEE,0xFF,0xAC,0xCA,0xEE,0xFF,
    0xAC,0xCA,0xEE,0xFF,0xAC,0xCA,0xEE,0xFF,0xAC,0xCA,0xEE,0xFF,0xAC,0xCA,0xEE,0xFF,0xAC,0xCA,0xEE,0xFF,0xAC,0xCA,0xEE,0xFF,0xAC,0xCA,0xEE,0xFF,0xAC,0xCA,0xEE,0xFF,0xAC,0xCA,0xEE,0xFF,0xAC,0xCA,0xEE,0xFF,0xAC,0xCA,0xEE,0xFF,0xAC,0xCA,0xEE,0xFF,0xAC,0xCA,0xEE,0xFF,0xAC,0xCA,0xEE,0xFF,0xAC,0xCA,0xEE,0xFF,0xAC,0xCA,0xEE,0xFF,
    0xAC,0xCA,0xEE,0xFF,0xAC,0xCA,0xEE,0xFF,0xAC,0xCA,0xEE,0xFF,0xAC,0xCA,0xEE,0xFF,0xAC,0xCA,0xEE,0xFF,0xAC,0xCA,0xEE,0xFF,0xAC,0xCA,0xEE,0xFF,0xAC,0xCA,0xEE,0xFF,0xAC,0xCA,0xEE,0xFF,0xAC,0xCA,0xEE,0xFF,0xAC,0xCA,0xEE,0xFF,0xAC,0xCA,0xEE,0xFF,0xAC,0xCA,0xEE,0xFF,0xAC,0xCA,0xEE,0xFF,0xAC,0xCA,0xEE,0xFF,0xAC,0xCA,0xEE,0xFF,
    0xAC,0xCA,0xEE,0xFF,0xAC,0xCA,0xEE,0xFF,0xAC,0xCA,0xEE,0xFF,0xAC,0xCA,0xEE,0xFF,0xAC,0xCA,0xEE,0xFF,0xAC,0xCA,0xEE,0xFF,0xAC,0xCA,0xEE,0xFF,0xAC,0xCA,0xEE,0xFF,0xAC,0xCA,0xEE,0xFF,0xAC,0xCA,0xEE,0xFF,0xAC,0xCA,0xEE,0xFF,0xAC,0xCA,0xEE,0xFF,0xCB,0x7F,0x80,0xFF,0xCD,0x80,0x80,0xFF,0x9E,0x07,0x07,0xFF,0x9B,0x00,0x00,0xFF,
    0x9B,0x00,0x00,0xFF,0x9B,0x00,0x00,0xFF,0x9B,0x00,0x00,0xFF,0x9B,0x00,0x00,0xFF,0x9B,0x00,0x00,0xFF,0x9B,0x00,0x00,0xFF,0x9B,0x00,0x00,0xFF,0x9B,0x00,0x00,0xFF,0xB7,0x47,0x47,0xFF,0xFF,0xFF,0xFF,0xFF,0xFF,0xFF,0xFF,0xFF,0xFF,0xFF,0xFF,0xFF,0xA6,0x1C,0x1C,0xFF,0xB1,0x39,0x39,0xFF,0xFF,0xFF,0xFF,0xFF,0xFF,0xFF,0xFF,0xFF,
    0xFF,0xFF,0xFF,0xFF,0xA6,0x1C,0x1C,0xFF,0xB1,0x38,0x38,0xFF,0xFF,0xFF,0xFF,0xFF,0xFF,0xFF,0xFF,0xFF,0xFF,0xFF,0xFF,0xFF,0xAC,0x2B,0x2B,0xFF,0xA9,0x23,0x23,0xFF,0xFF,0xFF,0xFF,0xFF,0xFF,0xFF,0xFF,0xFF,0xFF,0xFF,0xFF,0xFF,0xAF,0x32,0x32,0xFF,0x9B,0x00,0x00,0xFF,0x9B,0x00,0x00,0xFF,0x9B,0x00,0x00,0xFF,0x9B,0x00,0x00,0xFF,
    0x9B,0x00,0x00,0xFF,0x9B,0x00,0x00,0xFF,0x9B,0x00,0x00,0xFF,0x9B,0x00,0x00,0xFF,0x9B,0x00,0x00,0xFF,0x9E,0x07,0x07,0xFF,0xCD,0x80,0x80,0xFF,0xCB,0x7F,0x80,0xFF,0xAC,0xCA,0xEE,0xFF,0xAC,0xCA,0xEE,0xFF,0xAC,0xCA,0xEE,0xFF,0xAC,0xCA,0xEE,0xFF,0xAC,0xCA,0xEE,0xFF,0xAC,0xCA,0xEE,0xFF,0xAC,0xCA,0xEE,0xFF,0xAC,0xCA,0xEE,0xFF,
    0xAC,0xCA,0xEE,0xFF,0xAC,0xCA,0xEE,0xFF,0xAC,0xCA,0xEE,0xFF,0xAC,0xCA,0xEE,0xFF,0xAC,0xCA,0xEE,0xFF,0xAC,0xCA,0xEE,0xFF,0xAC,0xCA,0xEE,0xFF,0xAC,0xCA,0xEE,0xFF,0xAC,0xCA,0xEE,0xFF,0xAC,0xCA,0xEE,0xFF,0xAC,0xCA,0xEE,0xFF,0xAC,0xCA,0xEE,0xFF,0xAC,0xCA,0xEE,0xFF,0xAC,0xCA,0xEE,0xFF,0xAC,0xCA,0xEE,0xFF,0xAC,0xCA,0xEE,0xFF,
    0xAC,0xCA,0xEE,0xFF,0xAC,0xCA,0xEE,0xFF,0xAC,0xCA,0xEE,0xFF,0xAC,0xCA,0xEE,0xFF,0xAC,0xCA,0xEE,0xFF,0xAC,0xCA,0xEE,0xFF,0xAC,0xCA,0xEE,0xFF,0xAC,0xCA,0xEE,0xFF,0xAC,0xCA,0xEE,0xFF,0xAC,0xCA,0xEE,0xFF,0xAC,0xCA,0xEE,0xFF,0xAC,0xCA,0xEE,0xFF,0xAC,0xCA,0xEE,0xFF,0xAC,0xCA,0xEE,0xFF,0xAC,0xCA,0xEE,0xFF,0xAC,0xCA,0xEE,0xFF,
    0xAC,0xCA,0xEE,0xFF,0xAC,0xCA,0xEE,0xFF,0xAC,0xCA,0xEE,0xFF,0xAC,0xCA,0xEE,0xFF,0xAC,0xCA,0xEE,0xFF,0xAC,0xCA,0xEE,0xFF,0xAC,0xCA,0xEE,0xFF,0xAC,0xCA,0xEE,0xFF,0xAC,0xCA,0xEE,0xFF,0xAC,0xCA,0xEE,0xFF,0xAC,0xCA,0xEE,0xFF,0xAC,0xCA,0xEE,0xFF,0xAC,0xCA,0xEE,0xFF,0xAC,0xCA,0xEE,0xFF,0xAC,0xCA,0xEE,0xFF,0xAC,0xCA,0xEE,0xFF,
    0xCD,0x80,0x80,0xFF,0xCD,0x80,0x80,0xFF,0x9B,0x01,0x01,0xFF,0x9B,0x00,0x00,0xFF,0x9B,0x00,0x00,0xFF,0x9B,0x00,0x00,0xFF,0x9B,0x00,0x00,0xFF,0x9B,0x00,0x00,0xFF,0x9B,0x00,0x00,0xFF,0x9B,0x00,0x00,0xFF,0x9B,0x00,0x00,0xFF,0x9B,0x00,0x00,0xFF,0xB7,0x47,0x47,0xFF,0xFF,0xFF,0xFF,0xFF,0xFF,0xFF,0xFF,0xFF,0xFF,0xFF,0xFF,0xFF,
    0xA6,0x1C,0x1C,0xFF,0xB1,0x39,0x39,0xFF,0xFF,0xFF,0xFF,0xFF,0xFF,0xFF,0xFF,0xFF,0xFF,0xFF,0xFF,0xFF,0xA6,0x1C,0x1C,0xFF,0xB1,0x38,0x38,0xFF,0xFF,0xFF,0xFF,0xFF,0xFF,0xFF,0xFF,0xFF,0xFF,0xFF,0xFF,0xFF,0xAC,0x2B,0x2B,0xFF,0xA9,0x23,0x23,0xFF,0xFF,0xFF,0xFF,0xFF,0xFF,0xFF,0xFF,0xFF,0xFF,0xFF,0xFF,0xFF,0xAF,0x32,0x32,0xFF,
    0x9B,0x00,0x00,0xFF,0x9B,0x00,0x00,0xFF,0x9B,0x00,0x00,0xFF,0x9B,0x00,0x00,0xFF,0x9B,0x00,0x00,0xFF,0x9B,0x00,0x00,0xFF,0x9B,0x00,0x00,0xFF,0x9B,0x00,0x00,0xFF,0x9B,0x00,0x00,0xFF,0x9B,0x01,0x01,0xFF,0xCD,0x80,0x80,0xFF,0xCD,0x80,0x80,0xFF,0xAC,0xCA,0xEE,0xFF,0xAC,0xCA,0xEE,0xFF,0xAC,0xCA,0xEE,0xFF,0xAC,0xCA,0xEE,0xFF,
    0xAC,0xCA,0xEE,0xFF,0xAC,0xCA,0xEE,0xFF,0xAC,0xCA,0xEE,0xFF,0xAC,0xCA,0xEE,0xFF,0xAC,0xCA,0xEE,0xFF,0xAC,0xCA,0xEE,0xFF,0xAC,0xCA,0xEE,0xFF,0xAC,0xCA,0xEE,0xFF,0xAC,0xCA,0xEE,0xFF,0xAC,0xCA,0xEE,0xFF,0xAC,0xCA,0xEE,0xFF,0xAC,0xCA,0xEE,0xFF,0xAC,0xCA,0xEE,0xFF,0xAC,0xCA,0xEE,0xFF,0xAC,0xCA,0xEE,0xFF,0xAC,0xCA,0xEE,0xFF,
    0xAC,0xCA,0xEE,0xFF,0xAC,0xCA,0xEE,0xFF,0xAC,0xCA,0xEE,0xFF,0xAC,0xCA,0xEE,0xFF,0xAC,0xCA,0xEE,0xFF,0xAC,0xCA,0xEE,0xFF,0xAC,0xCA,0xEE,0xFF,0xAC,0xCA,0xEE,0xFF,0xAC,0xCA,0xEE,0xFF,0xAC,0xCA,0xEE,0xFF,0xAC,0xCA,0xEE,0xFF,0xAC,0xCA,0xEE,0xFF,0xAC,0xCA,0xEE,0xFF,0xAC,0xCA,0xEE,0xFF,0xAC,0xCA,0xEE,0xFF,0xAC,0xCA,0xEE,0xFF,
    0xAC,0xCA,0xEE,0xFF,0xAC,0xCA,0xEE,0xFF,0xAC,0xCA,0xEE,0xFF,0xAC,0xCA,0xEE,0xFF,0xAC,0xCA,0xEE,0xFF,0xAC,0xCA,0xEE,0xFF,0xAC,0xCA,0xEE,0xFF,0xAC,0xCA,0xEE,0xFF,0xAC,0xCA,0xEE,0xFF,0xAC,0xCA,0xEE,0xFF,0xAC,0xCA,0xEE,0xFF,0xAC,0xCA,0xEE,0xFF,0xAC,0xCA,0xEE,0xFF,0xAC,0xCA,0xEE,0xFF,0xAC,0xCA,0xEE,0xFF,0xAC,0xCA,0xEE,0xFF,
    0xAC,0xCA,0xEE,0xFF,0xAC,0xCA,0xEE,0xFF,0xAC,0xCA,0xEE,0xFF,0xAC,0xCA,0xEE,0xFF,0xCD,0x80,0x80,0xFF,0xCD,0x80,0x80,0xFF,0x9B,0x01,0x01,0xFF,0x9B,0x00,0x00,0xFF,0x9B,0x00,0x00,0xFF,0x9B,0x00,0x00,0xFF,0x9B,0x00,0x00,0xFF,0x9B,0x00,0x00,0xFF,0x9B,0x00,0x00,0xFF,0x9B,0x00,0x00,0xFF,0x9B,0x00,0x00,0xFF,0x9B,0x00,0x00,0xFF,
    0xB7,0x47,0x47,0xFF,0xFF,0xFF,0xFF,0xFF,0xFF,0xFF,0xFF,0xFF,0xFF,0xFF,0xFF,0xFF,0xA6,0x1C,0x1C,0xFF,0xB1,0x39,0x39,0xFF,0xFF,0xFF,0xFF,0xFF,0xFF,0xFF,0xFF,0xFF,0xFF,0xFF,0xFF,0xFF,0xA6,0x1C,0x1C,0xFF,0xB1,0x38,0x38,0xFF,0xFF,0xFF,0xFF,0xFF,0xFF,0xFF,0xFF,0xFF,0xFF,0xFF,0xFF,0xFF,0xAC,0x2B,0x2B,0xFF,0xA9,0x23,0x23,0xFF,
    0xFF,0xFF,0xFF,0xFF,0xFF,0xFF,0xFF,0xFF,0xFF,0xFF,0xFF,0xFF,0xAF,0x32,0x32,0xFF,0x9B,0x00,0x00,0xFF,0x9B,0x00,0x00,0xFF,0x9B,0x00,0x00,0xFF,0x9B,0x00,0x00,0xFF,0x9B,0x00,0x00,0xFF,0x9B,0x00,0x00,0xFF,0x9B,0x00,0x00,0xFF,0x9B,0x00,0x00,0xFF,0x9B,0x00,0x00,0xFF,0x9B,0x01,0x01,0xFF,0xCD,0x80,0x80,0xFF,0xCD,0x80,0x80,0xFF,
    0xAC,0xCA,0xEE,0xFF,0xAC,0xCA,0xEE,0xFF,0xAC,0xCA,0xEE,0xFF,0xAC,0xCA,0xEE,0xFF,0xAC,0xCA,0xEE,0xFF,0xAC,0xCA,0xEE,0xFF,0xAC,0xCA,0xEE,0xFF,0xAC,0xCA,0xEE,0xFF,0xAC,0xCA,0xEE,0xFF,0xAC,0xCA,0xEE,0xFF,0xAC,0xCA,0xEE,0xFF,0xAC,0xCA,0xEE,0xFF,0xAC,0xCA,0xEE,0xFF,0xAC,0xCA,0xEE,0xFF,0xAC,0xCA,0xEE,0xFF,0xAC,0xCA,0xEE,0xFF,
    0xAC,0xCA,0xEE,0xFF,0xAC,0xCA,0xEE,0xFF,0xAC,0xCA,0xEE,0xFF,0xAC,0xCA,0xEE,0xFF,0xAC,0xCA,0xEE,0xFF,0xAC,0xCA,0xEE,0xFF,0xAC,0xCA,0xEE,0xFF,0xAC,0xCA,0xEE,0xFF,0xAC,0xCA,0xEE,0xFF,0xAC,0xCA,0xEE,0xFF,0xAC,0xCA,0xEE,0xFF,0xAC,0xCA,0xEE,0xFF,0xAC,0xCA,0xEE,0xFF,0xAC,0xCA,0xEE,0xFF,0xAC,0xCA,0xEE,0xFF,0xAC,0xCA,0xEE,0xFF,
    0xAC,0xCA,0xEE,0xFF,0xAC,0xCA,0xEE,0xFF,0xAC,0xCA,0xEE,0xFF,0xAC,0xCA,0xEE,0xFF,0xAC,0xCA,0xEE,0xFF,0xAC,0xCA,0xEE,0xFF,0xAC,0xCA,0xEE,0xFF,0xAC,0xCA,0xEE,0xFF,0xAC,0xCA,0xEE,0xFF,0xAC,0xCA,0xEE,0xFF,0xAC,0xCA,0xEE,0xFF,0xAC,0xCA,0xEE,0xFF,0xAC,0xCA,0xEE,0xFF,0xAC,0xCA,0xEE,0xFF,0xAC,0xCA,0xEE,0xFF,0xAC,0xCA,0xEE,0xFF,
    0xAC,0xCA,0xEE,0xFF,0xAC,0xCA,0xEE,0xFF,0xAC,0xCA,0xEE,0xFF,0xAC,0xCA,0xEE,0xFF,0xAC,0xCA,0xEE,0xFF,0xAC,0xCA,0xEE,0xFF,0xAC,0xCA,0xEE,0xFF,0xAC,0xCA,0xEE,0xFF,0xCB,0x7F,0x80,0xFF,0xCD,0x80,0x80,0xFF,0x9E,0x07,0x07,0xFF,0x9B,0x00,0x00,0xFF,0x9B,0x00,0x00,0xFF,0x9B,0x00,0x00,0xFF,0x9B,0x00,0x00,0xFF,0x9B,0x00,0x00,0xFF,
    0x9B,0x00,0x00,0xFF,0x9B,0x00,0x00,0xFF,0x9B,0x00,0x00,0xFF,0x9B,0x00,0x00,0xFF,0xB7,0x47,0x47,0xFF,0xFF,0xFF,0xFF,0xFF,0xFF,0xFF,0xFF,0xFF,0xFF,0xFF,0xFF,0xFF,0xA6,0x1C,0x1C,0xFF,0xB1,0x39,0x39,0xFF,0xFF,0xFF,0xFF,0xFF,0xFF,0xFF,0xFF,0xFF,0xFF,0xFF,0xFF,0xFF,0xA6,0x1C,0x1C,0xFF,0xB1,0x38,0x38,0xFF,0xFF,0xFF,0xFF,0xFF,
    0xFF,0xFF,0xFF,0xFF,0xFF,0xFF,0xFF,0xFF,0xAC,0x2B,0x2B,0xFF,0xA9,0x23,0x23,0xFF,0xFF,0xFF,0xFF,0xFF,0xFF,0xFF,0xFF,0xFF,0xFF,0xFF,0xFF,0xFF,0xAF,0x32,0x32,0xFF,0x9B,0x00,0x00,0xFF,0x9B,0x00,0x00,0xFF,0x9B,0x00,0x00,0xFF,0x9B,0x00,0x00,0xFF,0x9B,0x00,0x00,0xFF,0x9B,0x00,0x00,0xFF,0x9B,0x00,0x00,0xFF,0x9B,0x00,0x00,0xFF,
    0x9B,0x00,0x00,0xFF,0x9E,0x07,0x07,0xFF,0xCD,0x80,0x80,0xFF,0xCB,0x7F,0x80,0xFF,0xAC,0xCA,0xEE,0xFF,0xAC,0xCA,0xEE,0xFF,0xAC,0xCA,0xEE,0xFF,0xAC,0xCA,0xEE,0xFF,0xAC,0xCA,0xEE,0xFF,0xAC,0xCA,0xEE,0xFF,0xAC,0xCA,0xEE,0xFF,0xAC,0xCA,0xEE,0xFF,0xAC,0xCA,0xEE,0xFF,0xAC,0xCA,0xEE,0xFF,0xAC,0xCA,0xEE,0xFF,0xAC,0xCA,0xEE,0xFF,
    0xAC,0xCA,0xEE,0xFF,0xAC,0xCA,0xEE,0xFF,0xAC,0xCA,0xEE,0xFF,0xAC,0xCA,0xEE,0xFF,0xAC,0xCA,0xEE,0xFF,0xAC,0xCA,0xEE,0xFF,0xAC,0xCA,0xEE,0xFF,0xAC,0xCA,0xEE,0xFF,0xAC,0xCA,0xEE,0xFF,0xAC,0xCA,0xEE,0xFF,0xAC,0xCA,0xEE,0xFF,0xAC,0xCA,0xEE,0xFF,0xAC,0xCA,0xEE,0xFF,0xAC,0xCA,0xEE,0xFF,0xAC,0xCA,0xEE,0xFF,0xAC,0xCA,0xEE,0xFF,
    0xAC,0xCA,0xEE,0xFF,0xAC,0xCA,0xEE,0xFF,0xAC,0xCA,0xEE,0xFF,0xAC,0xCA,0xEE,0xFF,0xAC,0xCA,0xEE,0xFF,0xAC,0xCA,0xEE,0xFF,0xAC,0xCA,0xEE,0xFF,0xAC,0xCA,0xEE,0xFF,0xAC,0xCA,0xEE,0xFF,0xAC,0xCA,0xEE,0xFF,0xAC,0xCA,0xEE,0xFF,0xAC,0xCA,0xEE,0xFF,0xAC,0xCA,0xEE,0xFF,0xAC,0xCA,0xEE,0xFF,0xAC,0xCA,0xEE,0xFF,0xAC,0xCA,0xEE,0xFF,
    0xAC,0xCA,0xEE,0xFF,0xAC,0xCA,0xEE,0xFF,0xAC,0xCA,0xEE,0xFF,0xAC,0xCA,0xEE,0xFF,0xAC,0xCA,0xEE,0xFF,0xAC,0xCA,0xEE,0xFF,0xAC,0xCA,0xEE,0xFF,0xAC,0xCA,0xEE,0xFF,0xAC,0xCA,0xEE,0xFF,0xAC,0xCA,0xEE,0xFF,0xAC,0xCA,0xEE,0xFF,0xAC,0xCA,0xEE,0xFF,0xC7,0x80,0x84,0xFF,0xCD,0x80,0x80,0xFF,0xA3,0x14,0x14,0xFF,0x9B,0x00,0x00,0xFF,
    0x9B,0x00,0x00,0xFF,0x9B,0x00,0x00,0xFF,0x9B,0x00,0x00,0xFF,0x9B,0x00,0x00,0xFF,0x9B,0x00,0x00,0xFF,0x9B,0x00,0x00,0xFF,0x9B,0x00,0x00,0xFF,0x9B,0x00,0x00,0xFF,0xB7,0x47,0x47,0xFF,0xFF,0xFF,0xFF,0xFF,0xFF,0xFF,0xFF,0xFF,0xFF,0xFF,0xFF,0xFF,0xA6,0x1C,0x1C,0xFF,0xB1,0x39,0x39,0xFF,0xFF,0xFF,0xFF,0xFF,0xFF,0xFF,0xFF,0xFF,
    0xFF,0xFF,0xFF,0xFF,0xA6,0x1C,0x1C,0xFF,0xB1,0x38,0x38,0xFF,0xFF,0xFF,0xFF,0xFF,0xFF,0xFF,0xFF,0xFF,0xFF,0xFF,0xFF,0xFF,0xAC,0x2B,0x2B,0xFF,0xA9,0x23,0x23,0xFF,0xFF,0xFF,0xFF,0xFF,0xFF,0xFF,0xFF,0xFF,0xFF,0xFF,0xFF,0xFF,0xAF,0x32,0x32,0xFF,0x9B,0x00,0x00,0xFF,0x9B,0x00,0x00,0xFF,0x9B,0x00,0x00,0xFF,0x9B,0x00,0x00,0xFF,
    0x9B,0x00,0x00,0xFF,0x9B,0x00,0x00,0xFF,0x9B,0x00,0x00,0xFF,0x9B,0x00,0x00,0xFF,0x9B,0x00,0x00,0xFF,0xA3,0x14,0x14,0xFF,0xCD,0x80,0x80,0xFF,0xC7,0x80,0x84,0xFF,0xAC,0xCA,0xEE,0xFF,0xAC,0xCA,0xEE,0xFF,0xAC,0xCA,0xEE,0xFF,0xAC,0xCA,0xEE,0xFF,0xAC,0xCA,0xEE,0xFF,0xAC,0xCA,0xEE,0xFF,0xAC,0xCA,0xEE,0xFF,0xAC,0xCA,0xEE,0xFF,
    0xAC,0xCA,0xEE,0xFF,0xAC,0xCA,0xEE,0xFF,0xAC,0xCA,0xEE,0xFF,0xAC,0xCA,0xEE,0xFF,0xAC,0xCA,0xEE,0xFF,0xAC,0xCA,0xEE,0xFF,0xAC,0xCA,0xEE,0xFF,0xAC,0xCA,0xEE,0xFF,0xAC,0xCA,0xEE,0xFF,0xAC,0xCA,0xEE,0xFF,0xAC,0xCA,0xEE,0xFF,0xAC,0xCA,0xEE,0xFF,0xAC,0xCA,0xEE,0xFF,0xAC,0xCA,0xEE,0xFF,0xAC,0xCA,0xEE,0xFF,0xAC,0xCA,0xEE,0xFF,
    0xAC,0xCA,0xEE,0xFF,0xAC,0xCA,0xEE,0xFF,0xAC,0xCA,0xEE,0xFF,0xAC,0xCA,0xEE,0xFF,0xAC,0xCA,0xEE,0xFF,0xAC,0xCA,0xEE,0xFF,0xAC,0xCA,0xEE,0xFF,0xAC,0xCA,0xEE,0xFF,0xAC,0xCA,0xEE,0xFF,0xAC,0xCA,0xEE,0xFF,0xAC,0xCA,0xEE,0xFF,0xAC,0xCA,0xEE,0xFF,0xAC,0xCA,0xEE,0xFF,0xAC,0xCA,0xEE,0xFF,0xAC,0xCA,0xEE,0xFF,0xAC,0xCA,0xEE,0xFF,
    0xAC,0xCA,0xEE,0xFF,0xAC,0xCA,0xEE,0xFF,0xAC,0xCA,0xEE,0xFF,0xAC,0xCA,0xEE,0xFF,0xAC,0xCA,0xEE,0xFF,0xAC,0xCA,0xEE,0xFF,0xAC,0xCA,0xEE,0xFF,0xAC,0xCA,0xEE,0xFF,0xAC,0xCA,0xEE,0xFF,0xAC,0xCA,0xEE,0xFF,0xAC,0xCA,0xEE,0xFF,0xAC,0xCA,0xEE,0xFF,0xAC,0xCA,0xEE,0xFF,0xAC,0xCA,0xEE,0xFF,0xAC,0xCA,0xEE,0xFF,0xAC,0xCA,0xEE,0xFF,
    0xC3,0x89,0x90,0xFF,0xCD,0x80,0x80,0xFF,0xAA,0x27,0x27,0xFF,0x9B,0x00,0x00,0xFF,0x9B,0x00,0x00,0xFF,0x9B,0x00,0x00,0xFF,0x9B,0x00,0x00,0xFF,0x9B,0x00,0x00,0xFF,0x9B,0x00,0x00,0xFF,0x9B,0x00,0x00,0xFF,0x9B,0x00,0x00,0xFF,0x9B,0x00,0x00,0xFF,0xB7,0x47,0x47,0xFF,0xFF,0xFF,0xFF,0xFF,0xFF,0xFF,0xFF,0xFF,0xFF,0xFF,0xFF,0xFF,
    0xA6,0x1C,0x1C,0xFF,0xB1,0x39,0x39,0xFF,0xFF,0xFF,0xFF,0xFF,0xFF,0xFF,0xFF,0xFF,0xFF,0xFF,0xFF,0xFF,0xA6,0x1C,0x1C,0xFF,0xB1,0x38,0x38,0xFF,0xFF,0xFF,0xFF,0xFF,0xFF,0xFF,0xFF,0xFF,0xFF,0xFF,0xFF,0xFF,0xAC,0x2B,0x2B,0xFF,0xA9,0x23,0x23,0xFF,0xFF,0xFF,0xFF,0xFF,0xFF,0xFF,0xFF,0xFF,0xFF,0xFF,0xFF,0xFF,0xAF,0x32,0x32,0xFF,
    0x9B,0x00,0x00,0xFF,0x9B,0x00,0x00,0xFF,0x9B,0x00,0x00,0xFF,0x9B,0x00,0x00,0xFF,0x9B,0x00,0x00,0xFF,0x9B,0x00,0x00,0xFF,0x9B,0x00,0x00,0xFF,0x9B,0x00,0x00,0xFF,0x9B,0x00,0x00,0xFF,0xAA,0x27,0x27,0xFF,0xCD,0x80,0x80,0xFF,0xC3,0x89,0x90,0xFF,0xAC,0xCA,0xEE,0xFF,0xAC,0xCA,0xEE,0xFF,0xAC,0xCA,0xEE,0xFF,0xAC,0xCA,0xEE,0xFF,
    0xAC,0xCA,0xEE,0xFF,0xAC,0xCA,0xEE,0xFF,0xAC,0xCA,0xEE,0xFF,0xAC,0xCA,0xEE,0xFF,0xAC,0xCA,0xEE,0xFF,0xAC,0xCA,0xEE,0xFF,0xAC,0xCA,0xEE,0xFF,0xAC,0xCA,0xEE,0xFF,0xAC,0xCA,0xEE,0xFF,0xAC,0xCA,0xEE,0xFF,0xAC,0xCA,0xEE,0xFF,0xAC,0xCA,0xEE,0xFF,0xAC,0xCA,0xEE,0xFF,0xAC,0xCA,0xEE,0xFF,0xAC,0xCA,0xEE,0xFF,0xAC,0xCA,0xEE,0xFF,
    0xAC,0xCA,0xEE,0xFF,0xAC,0xCA,0xEE,0xFF,0xAC,0xCA,0xEE,0xFF,0xAC,0xCA,0xEE,0xFF,0xAC,0xCA,0xEE,0xFF,0xAC,0xCA,0xEE,0xFF,0xAC,0xCA,0xEE,0xFF,0xAC,0xCA,0xEE,0xFF,0xAC,0xCA,0xEE,0xFF,0xAC,0xCA,0xEE,0xFF,0xAC,0xCA,0xEE,0xFF,0xAC,0xCA,0xEE,0xFF,0xAC,0xCA,0xEE,0xFF,0xAC,0xCA,0xEE,0xFF,0xAC,0xCA,0xEE,0xFF,0xAC,0xCA,0xEE,0xFF,
    0xAC,0xCA,0xEE,0xFF,0xAC,0xCA,0xEE,0xFF,0xAC,0xCA,0xEE,0xFF,0xAC,0xCA,0xEE,0xFF,0xAC,0xCA,0xEE,0xFF,0xAC,0xCA,0xEE,0xFF,0xAC,0xCA,0xEE,0xFF,0xAC,0xCA,0xEE,0xFF,0xAC,0xCA,0xEE,0xFF,0xAC,0xCA,0xEE,0xFF,0xAC,0xCA,0xEE,0xFF,0xAC,0xCA,0xEE,0xFF,0xAC,0xCA,0xEE,0xFF,0xAC,0xCA,0xEE,0xFF,0xAC,0xCA,0xEE,0xFF,0xAC,0xCA,0xEE,0xFF,
    0xAC,0xCA,0xEE,0xFF,0xAC,0xCA,0xEE,0xFF,0xAC,0xCA,0xEE,0xFF,0xAC,0xCA,0xEE,0xFF,0xBD,0x9E,0xAE,0xFF,0xCD,0x80,0x80,0xFF,0xB5,0x42,0x42,0xFF,0x9B,0x00,0x00,0xFF,0x9B,0x00,0x00,0xFF,0x9B,0x00,0x00,0xFF,0x9B,0x00,0x00,0xFF,0x9B,0x00,0x00,0xFF,0x9B,0x00,0x00,0xFF,0x9B,0x00,0x00,0xFF,0x9B,0x00,0x00,0xFF,0x9B,0x00,0x00,0xFF,
    0xB7,0x47,0x47,0xFF,0xFF,0xFF,0xFF,0xFF,0xFF,0xFF,0xFF,0xFF,0xFF,0xFF,0xFF,0xFF,0xA6,0x1C,0x1C,0xFF,0xB1,0x39,0x39,0xFF,0xFF,0xFF,0xFF,0xFF,0xFF,0xFF,0xFF,0xFF,0xFF,0xFF,0xFF,0xFF,0xA6,0x1C,0x1C,0xFF,0xB1,0x38,0x38,0xFF,0xFF,0xFF,0xFF,0xFF,0xFF,0xFF,0xFF,0xFF,0xFF,0xFF,0xFF,0xFF,0xAC,0x2B,0x2B,0xFF,0xA9,0x23,0x23,0xFF,
    0xFF,0xFF,0xFF,0xFF,0xFF,0xFF,0xFF,0xFF,0xFF,0xFF,0xFF,0xFF,0xAF,0x32,0x32,0xFF,0x9B,0x00,0x00,0xFF,0x9B,0x00,0x00,0xFF,0x9B,0x00,0x00,0xFF,0x9B,0x00,0x00,0xFF,0x9B,0x00,0x00,0xFF,0x9B,0x00,0x00,0xFF,0x9B,0x00,0x00,0xFF,0x9B,0x00,0x00,0xFF,0x9B,0x00,0x00,0xFF,0xB5,0x42,0x42,0xFF,0xCD,0x80,0x80,0xFF,0xBD,0x9E,0xAE,0xFF,
    0xAC,0xCA,0xEE,0xFF,0xAC,0xCA,0xEE,0xFF,0xAC,0xCA,0xEE,0xFF,0xAC,0xCA,0xEE,0xFF,0xAC,0xCA,0xEE,0xFF,0xAC,0xCA,0xEE,0xFF,0xAC,0xCA,0xEE,0xFF,0xAC,0xCA,0xEE,0xFF,0xAC,0xCA,0xEE,0xFF,0xAC,0xCA,0xEE,0xFF,0xAC,0xCA,0xEE,0xFF,0xAC,0xCA,0xEE,0xFF,0xAC,0xCA,0xEE,0xFF,0xAC,0xCA,0xEE,0xFF,0xAC,0xCA,0xEE,0xFF,0xAC,0xCA,0xEE,0xFF,
    0xAC,0xCA,0xEE,0xFF,0xAC,0xCA,0xEE,0xFF,0xAC,0xCA,0xEE,0xFF,0xAC,0xCA,0xEE,0xFF,0xAC,0xCA,0xEE,0xFF,0xAC,0xCA,0xEE,0xFF,0xAC,0xCA,0xEE,0xFF,0xAC,0xCA,0xEE,0xFF,0xAC,0xCA,0xEE,0xFF,0xAC,0xCA,0xEE,0xFF,0xAC,0xCA,0xEE,0xFF,0xAC,0xCA,0xEE,0xFF,0xAC,0xCA,0xEE,0xFF,0xAC,0xCA,0xEE,0xFF,0xAC,0xCA,0xEE,0xFF,0xAC,0xCA,0xEE,0xFF,
    0xAC,0xCA,0xEE,0xFF,0xAC,0xCA,0xEE,0xFF,0xAC,0xCA,0xEE,0xFF,0xAC,0xCA,0xEE,0xFF,0xAC,0xCA,0xEE,0xFF,0xAC,0xCA,0xEE,0xFF,0xAC,0xCA,0xEE,0xFF,0xAC,0xCA,0xEE,0xFF,0xAC,0xCA,0xEE,0xFF,0xAC,0xCA,0xEE,0xFF,0xAC,0xCA,0xEE,0xFF,0xAC,0xCA,0xEE,0xFF,0xAC,0xCA,0xEE,0xFF,0xAC,0xCA,0xEE,0xFF,0xAC,0xCA,0xEE,0xFF,0xAC,0xCA,0xEE,0xFF,
    0xAC,0xCA,0xEE,0xFF,0xAC,0xCA,0xEE,0xFF,0xAC,0xCA,0xEE,0xFF,0xAC,0xCA,0xEE,0xFF,0xAC,0xCA,0xEE,0xFF,0xAC,0xCA,0xEE,0xFF,0xAC,0xCA,0xEE,0xFF,0xAC,0xCA,0xEE,0xFF,0xB5,0xA8,0xBF,0xFF,0xCD,0x80,0x80,0xFF,0xC1,0x63,0x63,0xFF,0x9B,0x00,0x00,0xFF,0x9B,0x00,0x00,0xFF,0x9B,0x00,0x00,0xFF,0x9B,0x00,0x00,0xFF,0x9B,0x00,0x00,0xFF,
    0x9B,0x00,0x00,0xFF,0x9B,0x00,0x00,0xFF,0x9B,0x00,0x00,0xFF,0x9B,0x00,0x00,0xFF,0xB7,0x47,0x47,0xFF,0xFF,0xFF,0xFF,0xFF,0xFF,0xFF,0xFF,0xFF,0xFF,0xFF,0xFF,0xFF,0xA6,0x1C,0x1C,0xFF,0xB1,0x39,0x39,0xFF,0xFF,0xFF,0xFF,0xFF,0xFF,0xFF,0xFF,0xFF,0xFF,0xFF,0xFF,0xFF,0xA6,0x1C,0x1C,0xFF,0xB1,0x38,0x38,0xFF,0xFF,0xFF,0xFF,0xFF,
    0xFF,0xFF,0xFF,0xFF,0xFF,0xFF,0xFF,0xFF,0xAC,0x2B,0x2B,0xFF,0xA9,0x23,0x23,0xFF,0xFF,0xFF,0xFF,0xFF,0xFF,0xFF,0xFF,0xFF,0xFF,0xFF,0xFF,0xFF,0xAF,0x32,0x32,0xFF,0x9B,0x00,0x00,0xFF,0x9B,0x00,0x00,0xFF,0x9B,0x00,0x00,0xFF,0x9B,0x00,0x00,0xFF,0x9B,0x00,0x00,0xFF,0x9B,0x00,0x00,0xFF,0x9B,0x00,0x00,0xFF,0x9B,0x00,0x00,0xFF,
    0x9B,0x00,0x00,0xFF,0xC1,0x63,0x63,0xFF,0xCD,0x80,0x80,0xFF,0xB5,0xA8,0xBF,0xFF,0xAC,0xCA,0xEE,0xFF,0xAC,0xCA,0xEE,0xFF,0xAC,0xCA,0xEE,0xFF,0xAC,0xCA,0xEE,0xFF,0xAC,0xCA,0xEE,0xFF,0xAC,0xCA,0xEE,0xFF,0xAC,0xCA,0xEE,0xFF,0xAC,0xCA,0xEE,0xFF,0xAC,0xCA,0xEE,0xFF,0xAC,0xCA,0xEE,0xFF,0xAC,0xCA,0xEE,0xFF,0xAC,0xCA,0xEE,0xFF,
    0xAC,0xCA,0xEE,0xFF,0xAC,0xCA,0xEE,0xFF,0xAC,0xCA,0xEE,0xFF,0xAC,0xCA,0xEE,0xFF,0xAC,0xCA,0xEE,0xFF,0xAC,0xCA,0xEE,0xFF,0xAC,0xCA,0xEE,0xFF,0xAC,0xCA,0xEE,0xFF,0xAC,0xCA,0xEE,0xFF,0xAC,0xCA,0xEE,0xFF,0xAC,0xCA,0xEE,0xFF,0xAC,0xCA,0xEE,0xFF,0xAC,0xCA,0xEE,0xFF,0xAC,0xCA,0xEE,0xFF,0xAC,0xCA,0xEE,0xFF,0xAC,0xCA,0xEE,0xFF,
    0xAC,0xCA,0xEE,0xFF,0xAC,0xCA,0xEE,0xFF,0xAC,0xCA,0xEE,0xFF,0xAC,0xCA,0xEE,0xFF,0xAC,0xCA,0xEE,0xFF,0xAC,0xCA,0xEE,0xFF,0xAC,0xCA,0xEE,0xFF,0xAC,0xCA,0xEE,0xFF,0xAC,0xCA,0xEE,0xFF,0xAC,0xCA,0xEE,0xFF,0xAC,0xCA,0xEE,0xFF,0xAC,0xCA,0xEE,0xFF,0xAC,0xCA,0xEE,0xFF,0xAC,0xCA,0xEE,0xFF,0xAC,0xCA,0xEE,0xFF,0xAC,0xCA,0xEE,0xFF,
    0xAC,0xCA,0xEE,0xFF,0xAC,0xCA,0xEE,0xFF,0xAC,0xCA,0xEE,0xFF,0xAC,0xCA,0xEE,0xFF,0xAC,0xCA,0xEE,0xFF,0xAC,0xCA,0xEE,0xFF,0xAC,0xCA,0xEE,0xFF,0xAC,0xCA,0xEE,0xFF,0xAC,0xCA,0xEE,0xFF,0xAC,0xCA,0xEE,0xFF,0xAC,0xCA,0xEE,0xFF,0xAC,0xCA,0xEE,0xFF,0xAD,0xC2,0xE4,0xFF,0xCB,0x80,0x80,0xFF,0xCD,0x7F,0x7F,0xFF,0xA0,0x0C,0x0C,0xFF,
    0x9B,0x00,0x00,0xFF,0x9B,0x00,0x00,0xFF,0x9B,0x00,0x00,0xFF,0x9B,0x00,0x00,0xFF,0x9B,0x00,0x00,0xFF,0x9B,0x00,0x00,0xFF,0x9B,0x00,0x00,0xFF,0x9B,0x00,0x00,0xFF,0xB7,0x47,0x47,0xFF,0xFF,0xFF,0xFF,0xFF,0xFF,0xFF,0xFF,0xFF,0xFF,0xFF,0xFF,0xFF,0xA6,0x1C,0x1C,0xFF,0xB1,0x39,0x39,0xFF,0xFF,0xFF,0xFF,0xFF,0xFF,0xFF,0xFF,0xFF,
    0xFF,0xFF,0xFF,0xFF,0xA6,0x1C,0x1C,0xFF,0xB1,0x38,0x38,0xFF,0xFF,0xFF,0xFF,0xFF,0xFF,0xFF,0xFF,0xFF,0xFF,0xFF,0xFF,0xFF,0xAC,0x2B,0x2B,0xFF,0xA9,0x23,0x23,0xFF,0xFF,0xFF,0xFF,0xFF,0xFF,0xFF,0xFF,0xFF,0xFF,0xFF,0xFF,0xFF,0xAF,0x32,0x32,0xFF,0x9B,0x00,0x00,0xFF,0x9B,0x00,0x00,0xFF,0x9B,0x00,0x00,0xFF,0x9B,0x00,0x00,0xFF,
    0x9B,0x00,0x00,0xFF,0x9B,0x00,0x00,0xFF,0x9B,0x00,0x00,0xFF,0x9B,0x00,0x00,0xFF,0xA0,0x0C,0x0C,0xFF,0xCD,0x7F,0x7F,0xFF,0xCB,0x80,0x80,0xFF,0xAD,0xC2,0xE4,0xFF,0xAC,0xCA,0xEE,0xFF,0xAC,0xCA,0xEE,0xFF,0xAC,0xCA,0xEE,0xFF,0xAC,0xCA,0xEE,0xFF,0xAC,0xCA,0xEE,0xFF,0xAC,0xCA,0xEE,0xFF,0xAC,0xCA,0xEE,0xFF,0xAC,0xCA,0xEE,0xFF,
    0xAC,0xCA,0xEE,0xFF,0xAC,0xCA,0xEE,0xFF,0xAC,0xCA,0xEE,0xFF,0xAC,0xCA,0xEE,0xFF,0xAC,0xCA,0xEE,0xFF,0xAC,0xCA,0xEE,0xFF,0xAC,0xCA,0xEE,0xFF,0xAC,0xCA,0xEE,0xFF,0xAC,0xCA,0xEE,0xFF,0xAC,0xCA,0xEE,0xFF,0xAC,0xCA,0xEE,0xFF,0xAC,0xCA,0xEE,0xFF,0xAC,0xCA,0xEE,0xFF,0xAC,0xCA,0xEE,0xFF,0xAC,0xCA,0xEE,0xFF,0xAC,0xCA,0xEE,0xFF,
    0xAC,0xCA,0xEE,0xFF,0xAC,0xCA,0xEE,0xFF,0xAC,0xCA,0xEE,0xFF,0xAC,0xCA,0xEE,0xFF,0xAC,0xCA,0xEE,0xFF,0xAC,0xCA,0xEE,0xFF,0xAC,0xCA,0xEE,0xFF,0xAC,0xCA,0xEE,0xFF,0xAC,0xCA,0xEE,0xFF,0xAC,0xCA,0xEE,0xFF,0xAC,0xCA,0xEE,0xFF,0xAC,0xCA,0xEE,0xFF,0xAC,0xCA,0xEE,0xFF,0xAC,0xCA,0xEE,0xFF,0xAC,0xCA,0xEE,0xFF,0xAC,0xCA,0xEE,0xFF,
    0xAC,0xCA,0xEE,0xFF,0xAC,0xCA,0xEE,0xFF,0xAC,0xCA,0xEE,0xFF,0xAC,0xCA,0xEE,0xFF,0xAC,0xCA,0xEE,0xFF,0xAC,0xCA,0xEE,0xFF,0xAC,0xCA,0xEE,0xFF,0xAC,0xCA,0xEE,0xFF,0xAC,0xCA,0xEE,0xFF,0xAC,0xCA,0xEE,0xFF,0xAC,0xCA,0xEE,0xFF,0xAC,0xCA,0xEE,0xFF,0xAC,0xCA,0xEE,0xFF,0xAC,0xCA,0xEE,0xFF,0xAC,0xCA,0xEE,0xFF,0xAC,0xCA,0xEE,0xFF,
    0xAC,0xCA,0xEE,0xFF,0xC2,0x8D,0x96,0xFF,0xCD,0x80,0x80,0xFF,0xB2,0x3B,0x3B,0xFF,0x9B,0x00,0x00,0xFF,0x9B,0x00,0x00,0xFF,0x9B,0x00,0x00,0xFF,0x9B,0x00,0x00,0xFF,0x9B,0x00,0x00,0xFF,0x9B,0x00,0x00,0xFF,0x9B,0x00,0x00,0xFF,0x9B,0x00,0x00,0xFF,0xB7,0x47,0x47,0xFF,0xFF,0xFF,0xFF,0xFF,0xFF,0xFF,0xFF,0xFF,0xFF,0xFF,0xFF,0xFF,
    0xA6,0x1D,0x1D,0xFF,0xB3,0x3D,0x3D,0xFF,0xFF,0xFF,0xFF,0xFF,0xFF,0xFF,0xFF,0xFF,0xFF,0xFF,0xFF,0xFF,0xA8,0x21,0x21,0xFF,0xB2,0x3A,0x3A,0xFF,0xFF,0xFF,0xFF,0xFF,0xFF,0xFF,0xFF,0xFF,0xFF,0xFF,0xFF,0xFF,0xAD,0x2F,0x2F,0xFF,0xA9,0x25,0x25,0xFF,0xFF,0xFF,0xFF,0xFF,0xFF,0xFF,0xFF,0xFF,0xFF,0xFF,0xFF,0xFF,0xAF,0x32,0x32,0xFF,
    0x9B,0x00,0x00,0xFF,0x9B,0x00,0x00,0xFF,0x9B,0x00,0x00,0xFF,0x9B,0x00,0x00,0xFF,0x9B,0x00,0x00,0xFF,0x9B,0x00,0x00,0xFF,0x9B,0x00,0x00,0xFF,0x9B,0x00,0x00,0xFF,0xB2,0x3B,0x3B,0xFF,0xCD,0x80,0x80,0xFF,0xC2,0x8D,0x96,0xFF,0xAC,0xCA,0xEE,0xFF,0xAC,0xCA,0xEE,0xFF,0xAC,0xCA,0xEE,0xFF,0xAC,0xCA,0xEE,0xFF,0xAC,0xCA,0xEE,0xFF,
    0xAC,0xCA,0xEE,0xFF,0xAC,0xCA,0xEE,0xFF,0xAC,0xCA,0xEE,0xFF,0xAC,0xCA,0xEE,0xFF,0xAC,0xCA,0xEE,0xFF,0xAC,0xCA,0xEE,0xFF,0xAC,0xCA,0xEE,0xFF,0xAC,0xCA,0xEE,0xFF,0xAC,0xCA,0xEE,0xFF,0xAC,0xCA,0xEE,0xFF,0xAC,0xCA,0xEE,0xFF,0xAC,0xCA,0xEE,0xFF,0xAC,0xCA,0xEE,0xFF,0xAC,0xCA,0xEE,0xFF,0xAC,0xCA,0xEE,0xFF,0xAC,0xCA,0xEE,0xFF,
    0xAC,0xCA,0xEE,0xFF,0xAC,0xCA,0xEE,0xFF,0xAC,0xCA,0xEE,0xFF,0xAC,0xCA,0xEE,0xFF,0xAC,0xCA,0xEE,0xFF,0xAC,0xCA,0xEE,0xFF,0xAC,0xCA,0xEE,0xFF,0xAC,0xCA,0xEE,0xFF,0xAC,0xCA,0xEE,0xFF,0xAC,0xCA,0xEE,0xFF,0xAC,0xCA,0xEE,0xFF,0xAC,0xCA,0xEE,0xFF,0xAC,0xCA,0xEE,0xFF,0xAC,0xCA,0xEE,0xFF,0xAC,0xCA,0xEE,0xFF,0xAC,0xCA,0xEE,0xFF,
    0xAC,0xCA,0xEE,0xFF,0xAC,0xCA,0xEE,0xFF,0xAC,0xCA,0xEE,0xFF,0xAC,0xCA,0xEE,0xFF,0xAC,0xCA,0xEE,0xFF,0xAC,0xCA,0xEE,0xFF,0xAC,0xCA,0xEE,0xFF,0xAC,0xCA,0xEE,0xFF,0xAC,0xCA,0xEE,0xFF,0xAC,0xCA,0xEE,0xFF,0xAC,0xCA,0xEE,0xFF,0xAC,0xCA,0xEE,0xFF,0xAC,0xCA,0xEE,0xFF,0xAC,0xCA,0xEE,0xFF,0xAC,0xCA,0xEE,0xFF,0xAC,0xCA,0xEE,0xFF,
    0xAC,0xCA,0xEE,0xFF,0xAC,0xCA,0xEE,0xFF,0xAC,0xCA,0xEE,0xFF,0xAC,0xCA,0xEE,0xFF,0xAC,0xCA,0xEE,0xFF,0xB5,0xAA,0xC2,0xFF,0xCD,0x80,0x80,0xFF,0xC7,0x71,0x71,0xFF,0x9C,0x02,0x02,0xFF,0x9B,0x00,0x00,0xFF,0x9B,0x00,0x00,0xFF,0x9B,0x00,0x00,0xFF,0x9B,0x00,0x00,0xFF,0x9B,0x00,0x00,0xFF,0x9B,0x00,0x00,0xFF,0x9B,0x00,0x00,0xFF,
    0xB6,0x46,0x46,0xFF,0xFF,0xFF,0xFF,0xFF,0xFF,0xFF,0xFF,0xFF,0xFF,0xFF,0xFF,0xFF,0xC8,0x73,0x73,0xFF,0xDA,0xA1,0xA1,0xFF,0xFF,0xFF,0xFF,0xFF,0xFF,0xFF,0xFF,0xFF,0xFF,0xFF,0xFF,0xFF,0xD2,0x8D,0x8D,0xFF,0xD1,0x89,0x89,0xFF,0xFF,0xFF,0xFF,0xFF,0xFF,0xFF,0xFF,0xFF,0xFF,0xFF,0xFF,0xFF,0xD6,0x97,0x97,0xFF,0xD0,0x88,0x88,0xFF,
    0xFF,0xFF,0xFF,0xFF,0xFF,0xFF,0xFF,0xFF,0xFF,0xFF,0xFF,0xFF,0xAE,0x32,0x32,0xFF,0x9B,0x00,0x00,0xFF,0x9B,0x00,0x00,0xFF,0x9B,0x00,0x00,0xFF,0x9B,0x00,0x00,0xFF,0x9B,0x00,0x00,0xFF,0x9B,0x00,0x00,0xFF,0x9B,0x00,0x00,0xFF,0x9C,0x02,0x02,0xFF,0xC7,0x71,0x71,0xFF,0xCD,0x80,0x80,0xFF,0xB5,0xAA,0xC2,0xFF,0xAC,0xCA,0xEE,0xFF,
    0xAC,0xCA,0xEE,0xFF,0xAC,0xCA,0xEE,0xFF,0xAC,0xCA,0xEE,0xFF,0xAC,0xCA,0xEE,0xFF,0xAC,0xCA,0xEE,0xFF,0xAC,0xCA,0xEE,0xFF,0xAC,0xCA,0xEE,0xFF,0xAC,0xCA,0xEE,0xFF,0xAC,0xCA,0xEE,0xFF,0xAC,0xCA,0xEE,0xFF,0xAC,0xCA,0xEE,0xFF,0xAC,0xCA,0xEE,0xFF,0xAC,0xCA,0xEE,0xFF,0xAC,0xCA,0xEE,0xFF,0xAC,0xCA,0xEE,0xFF,0xAC,0xCA,0xEE,0xFF,
    0xAC,0xCA,0xEE,0xFF,0xAC,0xCA,0xEE,0xFF,0xAC,0xCA,0xEE,0xFF,0xAC,0xCA,0xEE,0xFF,0xAC,0xCA,0xEE,0xFF,0xAC,0xCA,0xEE,0xFF,0xAC,0xCA,0xEE,0xFF,0xAC,0xCA,0xEE,0xFF,0xAC,0xCA,0xEE,0xFF,0xAC,0xCA,0xEE,0xFF,0xAC,0xCA,0xEE,0xFF,0xAC,0xCA,0xEE,0xFF,0xAC,0xCA,0xEE,0xFF,0xAC,0xCA,0xEE,0xFF,0xAC,0xCA,0xEE,0xFF,0xAC,0xCA,0xEE,0xFF,
    0xAC,0xCA,0xEE,0xFF,0xAC,0xCA,0xEE,0xFF,0xAC,0xCA,0xEE,0xFF,0xAC,0xCA,0xEE,0xFF,0xAC,0xCA,0xEE,0xFF,0xAC,0xCA,0xEE,0xFF,0xAC,0xCA,0xEE,0xFF,0xAC,0xCA,0xEE,0xFF,0xAC,0xCA,0xEE,0xFF,0xAC,0xCA,0xEE,0xFF,0xAC,0xCA,0xEE,0xFF,0xAC,0xCA,0xEE,0xFF,0xAC,0xCA,0xEE,0xFF,0xAC,0xCA,0xEE,0xFF,0xAC,0xCA,0xEE,0xFF,0xAC,0xCA,0xEE,0xFF,
    0xAC,0xCA,0xEE,0xFF,0xAC,0xCA,0xEE,0xFF,0xAC,0xCA,0xEE,0xFF,0xAC,0xCA,0xEE,0xFF,0xAC,0xCA,0xEE,0xFF,0xAC,0xCA,0xEE,0xFF,0xAC,0xCA,0xEE,0xFF,0xAC,0xCA,0xEE,0xFF,0xAC,0xCA,0xEE,0xFF,0xAC,0xCA,0xEE,0xFF,0xC6,0x83,0x88,0xFF,0xCD,0x80,0x80,0xFF,0xB0,0x35,0x35,0xFF,0x9B,0x00,0x00,0xFF,0x9B,0x00,0x00,0xFF,0x9B,0x00,0x00,0xFF,
    0x9B,0x00,0x00,0xFF,0x9B,0x00,0x00,0xFF,0x9B,0x00,0x00,0xFF,0x9B,0x00,0x00,0xFF,0xAF,0x32,0x32,0xFF,0xFF,0xFF,0xFF,0xFF,0xFF,0xFF,0xFF,0xFF,0xFF,0xFF,0xFF,0xFF,0xFF,0xFF,0xFF,0xFF,0xFF,0xFF,0xFF,0xFF,0xFF,0xFF,0xFF,0xFF,0xFF,0xFF,0xFF,0xFF,0xFF,0xFF,0xFF,0xFF,0xFF,0xFF,0xFF,0xFF,0xFF,0xFF,0xFF,0xFF,0xFF,0xFF,0xFF,0xFF,
    0xFF,0xFF,0xFF,0xFF,0xFF,0xFF,0xFF,0xFF,0xFF,0xFF,0xFF,0xFF,0xFF,0xFF,0xFF,0xFF,0xFF,0xFF,0xFF,0xFF,0xFF,0xFF,0xFF,0xFF,0xFF,0xFF,0xFF,0xFF,0xAB,0x29,0x29,0xFF,0x9B,0x00,0x00,0xFF,0x9B,0x00,0x00,0xFF,0x9B,0x00,0x00,0xFF,0x9B,0x00,0x00,0xFF,0x9B,0x00,0x00,0xFF,0x9B,0x00,0x00,0xFF,0x9B,0x00,0x00,0xFF,0xB0,0x35,0x35,0xFF,
    0xCD,0x80,0x80,0xFF,0xC6,0x83,0x88,0xFF,0xAC,0xCA,0xEE,0xFF,0xAC,0xCA,0xEE,0xFF,0xAC,0xCA,0xEE,0xFF,0xAC,0xCA,0xEE,0xFF,0xAC,0xCA,0xEE,0xFF,0xAC,0xCA,0xEE,0xFF,0xAC,0xCA,0xEE,0xFF,0xAC,0xCA,0xEE,0xFF,0xAC,0xCA,0xEE,0xFF,0xAC,0xCA,0xEE,0xFF,0xAC,0xCA,0xEE,0xFF,0xAC,0xCA,0xEE,0xFF,0xAC,0xCA,0xEE,0xFF,0xAC,0xCA,0xEE,0xFF,
    0xAC,0xCA,0xEE,0xFF,0xAC,0xCA,0xEE,0xFF,0xAC,0xCA,0xEE,0xFF,0xAC,0xCA,0xEE,0xFF,0xAC,0xCA,0xEE,0xFF,0xAC,0xCA,0xEE,0xFF,0xAC,0xCA,0xEE,0xFF,0xAC,0xCA,0xEE,0xFF,0xAC,0xCA,0xEE,0xFF,0xAC,0xCA,0xEE,0xFF,0xAC,0xCA,0xEE,0xFF,0xAC,0xCA,0xEE,0xFF,0xAC,0xCA,0xEE,0xFF,0xAC,0xCA,0xEE,0xFF,0xAC,0xCA,0xEE,0xFF,0xAC,0xCA,0xEE,0xFF,
    0xAC,0xCA,0xEE,0xFF,0xAC,0xCA,0xEE,0xFF,0xAC,0xCA,0xEE,0xFF,0xAC,0xCA,0xEE,0xFF,0xAC,0xCA,0xEE,0xFF,0xAC,0xCA,0xEE,0xFF,0xAC,0xCA,0xEE,0xFF,0xAC,0xCA,0xEE,0xFF,0xAC,0xCA,0xEE,0xFF,0xAC,0xCA,0xEE,0xFF,0xAC,0xCA,0xEE,0xFF,0xAC,0xCA,0xEE,0xFF,0xAC,0xCA,0xEE,0xFF,0xAC,0xCA,0xEE,0xFF,0xAC,0xCA,0xEE,0xFF,0xAC,0xCA,0xEE,0xFF,
    0xAC,0xCA,0xEE,0xFF,0xAC,0xCA,0xEE,0xFF,0xAC,0xCA,0xEE,0xFF,0xAC,0xCA,0xEE,0xFF,0xAC,0xCA,0xEE,0xFF,0xAC,0xCA,0xEE,0xFF,0xAC,0xCA,0xEE,0xFF,0xAC,0xCA,0xEE,0xFF,0xAC,0xCA,0xEE,0xFF,0xAC,0xCA,0xEE,0xFF,0xAC,0xCA,0xEE,0xFF,0xAC,0xCA,0xEE,0xFF,0xAC,0xCA,0xEE,0xFF,0xAC,0xCA,0xEE,0xFF,0xB6,0xA9,0xC0,0xFF,0xCD,0x80,0x80,0xFF,
    0xC8,0x74,0x74,0xFF,0x9F,0x0A,0x0A,0xFF,0x9B,0x00,0x00,0xFF,0x9B,0x00,0x00,0xFF,0x9B,0x00,0x00,0xFF,0x9B,0x00,0x00,0xFF,0x9B,0x00,0x00,0xFF,0x9B,0x00,0x00,0xFF,0x9C,0x04,0x04,0xFF,0xEE,0xD5,0xD5,0xFF,0xFF,0xFF,0xFF,0xFF,0xFF,0xFF,0xFF,0xFF,0xFF,0xFF,0xFF,0xFF,0xFF,0xFF,0xFF,0xFF,0xFF,0xFF,0xFF,0xFF,0xFF,0xFF,0xFF,0xFF,
    0xFF,0xFF,0xFF,0xFF,0xFF,0xFF,0xFF,0xFF,0xFF,0xFF,0xFF,0xFF,0xFF,0xFF,0xFF,0xFF,0xFF,0xFF,0xFF,0xFF,0xFF,0xFF,0xFF,0xFF,0xFF,0xFF,0xFF,0xFF,0xFF,0xFF,0xFF,0xFF,0xFF,0xFF,0xFF,0xFF,0xFF,0xFF,0xFF,0xFF,0xED,0xD1,0xD1,0xFF,0x9B,0x00,0x00,0xFF,0x9B,0x00,0x00,0xFF,0x9B,0x00,0x00,0xFF,0x9B,0x00,0x00,0xFF,0x9B,0x00,0x00,0xFF,
    0x9B,0x00,0x00,0xFF,0x9B,0x00,0x00,0xFF,0x9F,0x0A,0x0A,0xFF,0xC8,0x74,0x74,0xFF,0xCD,0x80,0x80,0xFF,0xB6,0xA9,0xC0,0xFF,0xAC,0xCA,0xEE,0xFF,0xAC,0xCA,0xEE,0xFF,0xAC,0xCA,0xEE,0xFF,0xAC,0xCA,0xEE,0xFF,0xAC,0xCA,0xEE,0xFF,0xAC,0xCA,0xEE,0xFF,0xAC,0xCA,0xEE,0xFF,0xAC,0xCA,0xEE,0xFF,0xAC,0xCA,0xEE,0xFF,0xAC,0xCA,0xEE,0xFF,
    0xAC,0xCA,0xEE,0xFF,0xAC,0xCA,0xEE,0xFF,0xAC,0xCA,0xEE,0xFF,0xAC,0xCA,0xEE,0xFF,0xAC,0xCA,0xEE,0xFF,0xAC,0xCA,0xEE,0xFF,0xAC,0xCA,0xEE,0xFF,0xAC,0xCA,0xEE,0xFF,0xAC,0xCA,0xEE,0xFF,0xAC,0xCA,0xEE,0xFF,0xAC,0xCA,0xEE,0xFF,0xAC,0xCA,0xEE,0xFF,0xAC,0xCA,0xEE,0xFF,0xAC,0xCA,0xEE,0xFF,0xAC,0xCA,0xEE,0xFF,0xAC,0xCA,0xEE,0xFF,
    0xAC,0xCA,0xEE,0xFF,0xAC,0xCA,0xEE,0xFF,0xAC,0xCA,0xEE,0xFF,0xAC,0xCA,0xEE,0xFF,0xAC,0xCA,0xEE,0xFF,0xAC,0xCA,0xEE,0xFF,0xAC,0xCA,0xEE,0xFF,0xAC,0xCA,0xEE,0xFF,0xAC,0xCA,0xEE,0xFF,0xAC,0xCA,0xEE,0xFF,0xAC,0xCA,0xEE,0xFF,0xAC,0xCA,0xEE,0xFF,0xAC,0xCA,0xEE,0xFF,0xAC,0xCA,0xEE,0xFF,0xAC,0xCA,0xEE,0xFF,0xAC,0xCA,0xEE,0xFF,
    0xAC,0xCA,0xEE,0xFF,0xAC,0xCA,0xEE,0xFF,0xAC,0xCA,0xEE,0xFF,0xAC,0xCA,0xEE,0xFF,0xAC,0xCA,0xEE,0xFF,0xAC,0xCA,0xEE,0xFF,0xAC,0xCA,0xEE,0xFF,0xAC,0xCA,0xEE,0xFF,0xAC,0xCA,0xEE,0xFF,0xAC,0xCA,0xEE,0xFF,0xAC,0xCA,0xEE,0xFF,0xAC,0xCA,0xEE,0xFF,0xAC,0xCA,0xEE,0xFF,0xAC,0xCA,0xEE,0xFF,0xAC,0xCA,0xEE,0xFF,0xAC,0xCA,0xEE,0xFF,
    0xAC,0xCA,0xEE,0xFF,0xAC,0xCA,0xEE,0xFF,0xAC,0xCA,0xEE,0xFF,0xC4,0x89,0x90,0xFF,0xCD,0x80,0x80,0xFF,0xBA,0x4F,0x4F,0xFF,0x9B,0x00,0x00,0xFF,0x9B,0x00,0x00,0xFF,0x9B,0x00,0x00,0xFF,0x9B,0x00,0x00,0xFF,0x9B,0x00,0x00,0xFF,0x9B,0x00,0x00,0xFF,0x9B,0x00,0x00,0xFF,0xA4,0x16,0x16,0xFF,0xDA,0xA2,0xA2,0xFF,0xF5,0xE6,0xE6,0xFF,
    0xFF,0xFF,0xFF,0xFF,0xFF,0xFF,0xFF,0xFF,0xFF,0xFF,0xFF,0xFF,0xFF,0xFF,0xFF,0xFF,0xFF,0xFF,0xFF,0xFF,0xFF,0xFF,0xFF,0xFF,0xFF,0xFF,0xFF,0xFF,0xFF,0xFF,0xFF,0xFF,0xFF,0xFF,0xFF,0xFF,0xFF,0xFF,0xFF,0xFF,0xFF,0xFF,0xFF,0xFF,0xFF,0xFF,0xFF,0xFF,0xF7,0xEB,0xEB,0xFF,0xDE,0xAC,0xAC,0xFF,0xA5,0x1A,0x1A,0xFF,0x9B,0x00,0x00,0xFF,
    0x9B,0x00,0x00,0xFF,0x9B,0x00,0x00,0xFF,0x9B,0x00,0x00,0xFF,0x9B,0x00,0x00,0xFF,0x9B,0x00,0x00,0xFF,0x9B,0x00,0x00,0xFF,0xBA,0x4F,0x4F,0xFF,0xCD,0x80,0x80,0xFF,0xC4,0x89,0x90,0xFF,0xAC,0xCA,0xEE,0xFF,0xAC,0xCA,0xEE,0xFF,0xAC,0xCA,0xEE,0xFF,0xAC,0xCA,0xEE,0xFF,0xAC,0xCA,0xEE,0xFF,0xAC,0xCA,0xEE,0xFF,0xAC,0xCA,0xEE,0xFF,
    0xAC,0xCA,0xEE,0xFF,0xAC,0xCA,0xEE,0xFF,0xAC,0xCA,0xEE,0xFF,0xAC,0xCA,0xEE,0xFF,0xAC,0xCA,0xEE,0xFF,0xAC,0xCA,0xEE,0xFF,0xAC,0xCA,0xEE,0xFF,0xAC,0xCA,0xEE,0xFF,0xAC,0xCA,0xEE,0xFF,0xAC,0xCA,0xEE,0xFF,0xAC,0xCA,0xEE,0xFF,0xAC,0xCA,0xEE,0xFF,0xAC,0xCA,0xEE,0xFF,0xAC,0xCA,0xEE,0xFF,0xAC,0xCA,0xEE,0xFF,0xAC,0xCA,0xEE,0xFF,
    0xAC,0xCA,0xEE,0xFF,0xAC,0xCA,0xEE,0xFF,0xAC,0xCA,0xEE,0xFF,0xAC,0xCA,0xEE,0xFF,0xAC,0xCA,0xEE,0xFF,0xAC,0xCA,0xEE,0xFF,0xAC,0xCA,0xEE,0xFF,0xAC,0xCA,0xEE,0xFF,0xAC,0xCA,0xEE,0xFF,0xAC,0xCA,0xEE,0xFF,0xAC,0xCA,0xEE,0xFF,0xAC,0xCA,0xEE,0xFF,0xAC,0xCA,0xEE,0xFF,0xAC,0xCA,0xEE,0xFF,0xAC,0xCA,0xEE,0xFF,0xAC,0xCA,0xEE,0xFF,
    0xAC,0xCA,0xEE,0xFF,0xAC,0xCA,0xEE,0xFF,0xAC,0xCA,0xEE,0xFF,0xAC,0xCA,0xEE,0xFF,0xAC,0xCA,0xEE,0xFF,0xAC,0xCA,0xEE,0xFF,0xAC,0xCA,0xEE,0xFF,0xAC,0xCA,0xEE,0xFF,0xAC,0xCA,0xEE,0xFF,0xAC,0xCA,0xEE,0xFF,0xAC,0xCA,0xEE,0xFF,0xAC,0xCA,0xEE,0xFF,0xAC,0xCA,0xEE,0xFF,0xAC,0xCA,0xEE,0xFF,0xAC,0xCA,0xEE,0xFF,0xAC,0xCA,0xEE,0xFF,
    0xAC,0xCA,0xEE,0xFF,0xAC,0xCA,0xEE,0xFF,0xAC,0xCA,0xEE,0xFF,0xAC,0xCA,0xEE,0xFF,0xAC,0xCA,0xEE,0xFF,0xAC,0xCA,0xEE,0xFF,0xAC,0xCA,0xEE,0xFF,0xB0,0xBA,0xD8,0xFF,0xCB,0x80,0x81,0xFF,0xCD,0x80,0x80,0xFF,0xB0,0x35,0x35,0xFF,0x9B,0x00,0x00,0xFF,0x9B,0x00,0x00,0xFF,0x9B,0x00,0x00,0xFF,0x9B,0x00,0x00,0xFF,0x9B,0x00,0x00,0xFF,
    0x9B,0x00,0x00,0xFF,0x9B,0x00,0x00,0xFF,0x9B,0x00,0x00,0xFF,0x9B,0x00,0x00,0xFF,0x9B,0x00,0x00,0xFF,0x9B,0x00,0x00,0xFF,0x9B,0x00,0x00,0xFF,0x9B,0x00,0x00,0xFF,0x9B,0x00,0x00,0xFF,0x9B,0x00,0x00,0xFF,0x9B,0x00,0x00,0xFF,0x9B,0x00,0x00,0xFF,0x9B,0x00,0x00,0xFF,0x9B,0x00,0x00,0xFF,0x9B,0x00,0x00,0xFF,0x9B,0x00,0x00,0xFF,
    0x9B,0x00,0x00,0xFF,0x9B,0x00,0x00,0xFF,0x9B,0x00,0x00,0xFF,0x9B,0x00,0x00,0xFF,0x9B,0x00,0x00,0xFF,0x9B,0x00,0x00,0xFF,0x9B,0x00,0x00,0xFF,0x9B,0x00,0x00,0xFF,0x9B,0x00,0x00,0xFF,0xB0,0x35,0x35,0xFF,0xCD,0x80,0x80,0xFF,0xCB,0x80,0x81,0xFF,0xB0,0xBA,0xD8,0xFF,0xAC,0xCA,0xEE,0xFF,0xAC,0xCA,0xEE,0xFF,0xAC,0xCA,0xEE,0xFF,
    0xAC,0xCA,0xEE,0xFF,0xAC,0xCA,0xEE,0xFF,0xAC,0xCA,0xEE,0xFF,0xAC,0xCA,0xEE,0xFF,0xAC,0xCA,0xEE,0xFF,0xAC,0xCA,0xEE,0xFF,0xAC,0xCA,0xEE,0xFF,0xAC,0xCA,0xEE,0xFF,0xAC,0xCA,0xEE,0xFF,0xAC,0xCA,0xEE,0xFF,0xAC,0xCA,0xEE,0xFF,0xAC,0xCA,0xEE,0xFF,0xAC,0xCA,0xEE,0xFF,0xAC,0xCA,0xEE,0xFF,0xAC,0xCA,0xEE,0xFF,0xAC,0xCA,0xEE,0xFF,
    0xAC,0xCA,0xEE,0xFF,0xAC,0xCA,0xEE,0xFF,0xAC,0xCA,0xEE,0xFF,0xAC,0xCA,0xEE,0xFF,0xAC,0xCA,0xEE,0xFF,0xAC,0xCA,0xEE,0xFF,0xAC,0xCA,0xEE,0xFF,0xAC,0xCA,0xEE,0xFF,0xAC,0xCA,0xEE,0xFF,0xAC,0xCA,0xEE,0xFF,0xAC,0xCA,0xEE,0xFF,0xAC,0xCA,0xEE,0xFF,0xAC,0xCA,0xEE,0xFF,0xAC,0xCA,0xEE,0xFF,0xAC,0xCA,0xEE,0xFF,0xAC,0xCA,0xEE,0xFF,
    0xAC,0xCA,0xEE,0xFF,0xAC,0xCA,0xEE,0xFF,0xAC,0xCA,0xEE,0xFF,0xAC,0xCA,0xEE,0xFF,0xAC,0xCA,0xEE,0xFF,0xAC,0xCA,0xEE,0xFF,0xAC,0xCA,0xEE,0xFF,0xAC,0xCA,0xEE,0xFF,0xAC,0xCA,0xEE,0xFF,0xAC,0xCA,0xEE,0xFF,0xAC,0xCA,0xEE,0xFF,0xAC,0xCA,0xEE,0xFF,0xAC,0xCA,0xEE,0xFF,0xAC,0xCA,0xEE,0xFF,0xAC,0xCA,0xEE,0xFF,0xAC,0xCA,0xEE,0xFF,
    0xAC,0xCA,0xEE,0xFF,0xAC,0xCA,0xEE,0xFF,0xAC,0xCA,0xEE,0xFF,0xAC,0xCA,0xEE,0xFF,0xAC,0xCA,0xEE,0xFF,0xAC,0xCA,0xEE,0xFF,0xAC,0xCA,0xEE,0xFF,0xAC,0xCA,0xEE,0xFF,0xAC,0xCA,0xEE,0xFF,0xAC,0xCA,0xEE,0xFF,0xAC,0xCA,0xEE,0xFF,0xAC,0xCA,0xEE,0xFF,0xB8,0xA3,0xB7,0xFF,0xCD,0x80,0x80,0xFF,0xCC,0x7D,0x7D,0xFF,0xA9,0x23,0x23,0xFF,
    0x9B,0x00,0x00,0xFF,0x9B,0x00,0x00,0xFF,0x9B,0x00,0x00,0xFF,0x9B,0x00,0x00,0xFF,0x9B,0x00,0x00,0xFF,0x9B,0x00,0x00,0xFF,0x9B,0x00,0x00,0xFF,0x9B,0x00,0x00,0xFF,0x9B,0x00,0x00,0xFF,0x9B,0x00,0x00,0xFF,0x9B,0x00,0x00,0xFF,0x9B,0x00,0x00,0xFF,0x9B,0x00,0x00,0xFF,0x9B,0x00,0x00,0xFF,0x9B,0x00,0x00,0xFF,0x9B,0x00,0x00,0xFF,
    0x9B,0x00,0x00,0xFF,0x9B,0x00,0x00,0xFF,0x9B,0x00,0x00,0xFF,0x9B,0x00,0x00,0xFF,0x9B,0x00,0x00,0xFF,0x9B,0x00,0x00,0xFF,0x9B,0x00,0x00,0xFF,0x9B,0x00,0x00,0xFF,0x9B,0x00,0x00,0xFF,0x9B,0x00,0x00,0xFF,0x9B,0x00,0x00,0xFF,0x9B,0x00,0x00,0xFF,0xA9,0x23,0x23,0xFF,0xCC,0x7D,0x7D,0xFF,0xCD,0x80,0x80,0xFF,0xB8,0xA3,0xB7,0xFF,
    0xAC,0xCA,0xEE,0xFF,0xAC,0xCA,0xEE,0xFF,0xAC,0xCA,0xEE,0xFF,0xAC,0xCA,0xEE,0xFF,0xAC,0xCA,0xEE,0xFF,0xAC,0xCA,0xEE,0xFF,0xAC,0xCA,0xEE,0xFF,0xAC,0xCA,0xEE,0xFF,0xAC,0xCA,0xEE,0xFF,0xAC,0xCA,0xEE,0xFF,0xAC,0xCA,0xEE,0xFF,0xAC,0xCA,0xEE,0xFF,0xAC,0xCA,0xEE,0xFF,0xAC,0xCA,0xEE,0xFF,0xAC,0xCA,0xEE,0xFF,0xAC,0xCA,0xEE,0xFF,
    0xAC,0xCA,0xEE,0xFF,0xAC,0xCA,0xEE,0xFF,0xAC,0xCA,0xEE,0xFF,0xAC,0xCA,0xEE,0xFF,0xAC,0xCA,0xEE,0xFF,0xAC,0xCA,0xEE,0xFF,0xAC,0xCA,0xEE,0xFF,0xAC,0xCA,0xEE,0xFF,0xAC,0xCA,0xEE,0xFF,0xAC,0xCA,0xEE,0xFF,0xAC,0xCA,0xEE,0xFF,0xAC,0xCA,0xEE,0xFF,0xAC,0xCA,0xEE,0xFF,0xAC,0xCA,0xEE,0xFF,0xAC,0xCA,0xEE,0xFF,0xAC,0xCA,0xEE,0xFF,
    0xAC,0xCA,0xEE,0xFF,0xAC,0xCA,0xEE,0xFF,0xAC,0xCA,0xEE,0xFF,0xAC,0xCA,0xEE,0xFF,0xAC,0xCA,0xEE,0xFF,0xAC,0xCA,0xEE,0xFF,0xAC,0xCA,0xEE,0xFF,0xAC,0xCA,0xEE,0xFF,0xAC,0xCA,0xEE,0xFF,0xAC,0xCA,0xEE,0xFF,0xAC,0xCA,0xEE,0xFF,0xAC,0xCA,0xEE,0xFF,0xAC,0xCA,0xEE,0xFF,0xAC,0xCA,0xEE,0xFF,0xAC,0xCA,0xEE,0xFF,0xAC,0xCA,0xEE,0xFF,
    0xAC,0xCA,0xEE,0xFF,0xAC,0xCA,0xEE,0xFF,0xAC,0xCA,0xEE,0xFF,0xAC,0xCA,0xEE,0xFF,0xAC,0xCA,0xEE,0xFF,0xAC,0xCA,0xEE,0xFF,0xAC,0xCA,0xEE,0xFF,0xAC,0xCA,0xEE,0xFF,0xAC,0xCA,0xEE,0xFF,0xAC,0xCA,0xEE,0xFF,0xAC,0xCA,0xEE,0xFF,0xAC,0xCA,0xEE,0xFF,0xAC,0xCA,0xEE,0xFF,0xAC,0xCA,0xEE,0xFF,0xAC,0xCA,0xEE,0xFF,0xAC,0xCA,0xEE,0xFF,
    0xAC,0xCA,0xEE,0xFF,0xBC,0x96,0xA5,0xFF,0xCD,0x80,0x80,0xFF,0xCA,0x7A,0x7A,0xFF,0xA9,0x23,0x23,0xFF,0x9B,0x00,0x00,0xFF,0x9B,0x00,0x00,0xFF,0x9B,0x00,0x00,0xFF,0x9B,0x00,0x00,0xFF,0x9B,0x00,0x00,0xFF,0x9B,0x00,0x00,0xFF,0x9B,0x00,0x00,0xFF,0x9B,0x00,0x00,0xFF,0x9B,0x00,0x00,0xFF,0x9B,0x00,0x00,0xFF,0x9B,0x00,0x00,0xFF,
    0x9B,0x00,0x00,0xFF,0x9B,0x00,0x00,0xFF,0x9B,0x00,0x00,0xFF,0x9B,0x00,0x00,0xFF,0x9B,0x00,0x00,0xFF,0x9B,0x00,0x00,0xFF,0x9B,0x00,0x00,0xFF,0x9B,0x00,0x00,0xFF,0x9B,0x00,0x00,0xFF,0x9B,0x00,0x00,0xFF,0x9B,0x00,0x00,0xFF,0x9B,0x00,0x00,0xFF,0x9B,0x00,0x00,0xFF,0x9B,0x00,0x00,0xFF,0x9B,0x00,0x00,0xFF,0xA9,0x23,0x23,0xFF,
    0xCA,0x7A,0x7A,0xFF,0xCD,0x80,0x80,0xFF,0xBC,0x96,0xA5,0xFF,0xAC,0xCA,0xEE,0xFF,0xAC,0xCA,0xEE,0xFF,0xAC,0xCA,0xEE,0xFF,0xAC,0xCA,0xEE,0xFF,0xAC,0xCA,0xEE,0xFF,0xAC,0xCA,0xEE,0xFF,0xAC,0xCA,0xEE,0xFF,0xAC,0xCA,0xEE,0xFF,0xAC,0xCA,0xEE,0xFF,0xAC,0xCA,0xEE,0xFF,0xAC,0xCA,0xEE,0xFF,0xAC,0xCA,0xEE,0xFF,0xAC,0xCA,0xEE,0xFF,
    0xAC,0xCA,0xEE,0xFF,0xAC,0xCA,0xEE,0xFF,0xAC,0xCA,0xEE,0xFF,0xAC,0xCA,0xEE,0xFF,0xAC,0xCA,0xEE,0xFF,0xAC,0xCA,0xEE,0xFF,0xAC,0xCA,0xEE,0xFF,0xAC,0xCA,0xEE,0xFF,0xAC,0xCA,0xEE,0xFF,0xAC,0xCA,0xEE,0xFF,0xAC,0xCA,0xEE,0xFF,0xAC,0xCA,0xEE,0xFF,0xAC,0xCA,0xEE,0xFF,0xAC,0xCA,0xEE,0xFF,0xAC,0xCA,0xEE,0xFF,0xAC,0xCA,0xEE,0xFF,
    0xAC,0xCA,0xEE,0xFF,0xAC,0xCA,0xEE,0xFF,0xAC,0xCA,0xEE,0xFF,0xAC,0xCA,0xEE,0xFF,0xAC,0xCA,0xEE,0xFF,0xAC,0xCA,0xEE,0xFF,0xAC,0xCA,0xEE,0xFF,0xAC,0xCA,0xEE,0xFF,0xAC,0xCA,0xEE,0xFF,0xAC,0xCA,0xEE,0xFF,0xAC,0xCA,0xEE,0xFF,0xAC,0xCA,0xEE,0xFF,0xAC,0xCA,0xEE,0xFF,0xAC,0xCA,0xEE,0xFF,0xAC,0xCA,0xEE,0xFF,0xAC,0xCA,0xEE,0xFF,
    0xAC,0xCA,0xEE,0xFF,0xAC,0xCA,0xEE,0xFF,0xAC,0xCA,0xEE,0xFF,0xAC,0xCA,0xEE,0xFF,0xAC,0xCA,0xEE,0xFF,0xAC,0xCA,0xEE,0xFF,0xAC,0xCA,0xEE,0xFF,0xAC,0xCA,0xEE,0xFF,0xAC,0xCA,0xEE,0xFF,0xAC,0xCA,0xEE,0xFF,0xAC,0xCA,0xEE,0xFF,0xAC,0xCA,0xEE,0xFF,0xAC,0xCA,0xEE,0xFF,0xAC,0xCA,0xEE,0xFF,0xAC,0xCA,0xEE,0xFF,0xAC,0xCA,0xEE,0xFF,
    0xAC,0xCA,0xEE,0xFF,0xAC,0xCA,0xEE,0xFF,0xAC,0xCA,0xEE,0xFF,0xAC,0xCA,0xEE,0xFF,0xAC,0xCA,0xEE,0xFF,0xAC,0xCA,0xEE,0xFF,0xBE,0x94,0xA1,0xFF,0xCD,0x80,0x80,0xFF,0xCC,0x7D,0x7D,0xFF,0xB0,0x35,0x35,0xFF,0x9B,0x00,0x00,0xFF,0x9B,0x00,0x00,0xFF,0x9B,0x00,0x00,0xFF,0x9B,0x00,0x00,0xFF,0x9B,0x00,0x00,0xFF,0x9B,0x00,0x00,0xFF,
    0x9B,0x00,0x00,0xFF,0x9B,0x00,0x00,0xFF,0x9B,0x00,0x00,0xFF,0x9B,0x00,0x00,0xFF,0x9B,0x00,0x00,0xFF,0x9B,0x00,0x00,0xFF,0x9B,0x00,0x00,0xFF,0x9B,0x00,0x00,0xFF,0x9B,0x00,0x00,0xFF,0x9B,0x00,0x00,0xFF,0x9B,0x00,0x00,0xFF,0x9B,0x00,0x00,0xFF,0x9B,0x00,0x00,0xFF,0x9B,0x00,0x00,0xFF,0x9B,0x00,0x00,0xFF,0x9B,0x00,0x00,0xFF,
    0x9B,0x00,0x00,0xFF,0x9B,0x00,0x00,0xFF,0xB0,0x35,0x35,0xFF,0xCC,0x7D,0x7D,0xFF,0xCD,0x80,0x80,0xFF,0xBE,0x94,0xA1,0xFF,0xAC,0xCA,0xEE,0xFF,0xAC,0xCA,0xEE,0xFF,0xAC,0xCA,0xEE,0xFF,0xAC,0xCA,0xEE,0xFF,0xAC,0xCA,0xEE,0xFF,0xAC,0xCA,0xEE,0xFF,0xAC,0xCA,0xEE,0xFF,0xAC,0xCA,0xEE,0xFF,0xAC,0xCA,0xEE,0xFF,0xAC,0xCA,0xEE,0xFF,
    0xAC,0xCA,0xEE,0xFF,0xAC,0xCA,0xEE,0xFF,0xAC,0xCA,0xEE,0xFF,0xAC,0xCA,0xEE,0xFF,0xAC,0xCA,0xEE,0xFF,0xAC,0xCA,0xEE,0xFF,0xAC,0xCA,0xEE,0xFF,0xAC,0xCA,0xEE,0xFF,0xAC,0xCA,0xEE,0xFF,0xAC,0xCA,0xEE,0xFF,0xAC,0xCA,0xEE,0xFF,0xAC,0xCA,0xEE,0xFF,0xAC,0xCA,0xEE,0xFF,0xAC,0xCA,0xEE,0xFF,0xAC,0xCA,0xEE,0xFF,0xAC,0xCA,0xEE,0xFF,
    0xAC,0xCA,0xEE,0xFF,0xAC,0xCA,0xEE,0xFF,0xAC,0xCA,0xEE,0xFF,0xAC,0xCA,0xEE,0xFF,0xAC,0xCA,0xEE,0xFF,0xAC,0xCA,0xEE,0xFF,0xAC,0xCA,0xEE,0xFF,0xAC,0xCA,0xEE,0xFF,0xAC,0xCA,0xEE,0xFF,0xAC,0xCA,0xEE,0xFF,0xAC,0xCA,0xEE,0xFF,0xAC,0xCA,0xEE,0xFF,0xAC,0xCA,0xEE,0xFF,0xAC,0xCA,0xEE,0xFF,0xAC,0xCA,0xEE,0xFF,0xAC,0xCA,0xEE,0xFF,
    0xAC,0xCA,0xEE,0xFF,0xAC,0xCA,0xEE,0xFF,0xAC,0xCA,0xEE,0xFF,0xAC,0xCA,0xEE,0xFF,0xAC,0xCA,0xEE,0xFF,0xAC,0xCA,0xEE,0xFF,0xAC,0xCA,0xEE,0xFF,0xAC,0xCA,0xEE,0xFF,0xAC,0xCA,0xEE,0xFF,0xAC,0xCA,0xEE,0xFF,0xAC,0xCA,0xEE,0xFF,0xAC,0xCA,0xEE,0xFF,0xAC,0xCA,0xEE,0xFF,0xAC,0xCA,0xEE,0xFF,0xAC,0xCA,0xEE,0xFF,0xAC,0xCA,0xEE,0xFF,
    0xAC,0xCA,0xEE,0xFF,0xAC,0xCA,0xEE,0xFF,0xAC,0xCA,0xEE,0xFF,0xAC,0xCA,0xEE,0xFF,0xAC,0xCA,0xEE,0xFF,0xAC,0xCA,0xEE,0xFF,0xAC,0xCA,0xEE,0xFF,0xAC,0xCA,0xEE,0xFF,0xAC,0xCA,0xEE,0xFF,0xAC,0xCA,0xEE,0xFF,0xAC,0xCA,0xEE,0xFF,0xBC,0x96,0xA5,0xFF,0xCD,0x80,0x80,0xFF,0xCD,0x80,0x80,0xFF,0xBA,0x4F,0x4F,0xFF,0x9F,0x0A,0x0A,0xFF,
    0x9B,0x00,0x00,0xFF,0x9B,0x00,0x00,0xFF,0x9B,0x00,0x00,0xFF,0x9B,0x00,0x00,0xFF,0x9B,0x00,0x00,0xFF,0x9B,0x00,0x00,0xFF,0x9B,0x00,0x00,0xFF,0x9B,0x00,0x00,0xFF,0x9B,0x00,0x00,0xFF,0x9B,0x00,0x00,0xFF,0x9B,0x00,0x00,0xFF,0x9B,0x00,0x00,0xFF,0x9B,0x00,0x00,0xFF,0x9B,0x00,0x00,0xFF,0x9B,0x00,0x00,0xFF,0x9B,0x00,0x00,0xFF,
    0x9B,0x00,0x00,0xFF,0x9B,0x00,0x00,0xFF,0x9B,0x00,0x00,0xFF,0x9B,0x00,0x00,0xFF,0x9F,0x0A,0x0A,0xFF,0xBA,0x4F,0x4F,0xFF,0xCD,0x80,0x80,0xFF,0xCD,0x80,0x80,0xFF,0xBC,0x96,0xA5,0xFF,0xAC,0xCA,0xEE,0xFF,0xAC,0xCA,0xEE,0xFF,0xAC,0xCA,0xEE,0xFF,0xAC,0xCA,0xEE,0xFF,0xAC,0xCA,0xEE,0xFF,0xAC,0xCA,0xEE,0xFF,0xAC,0xCA,0xEE,0xFF,
    0xAC,0xCA,0xEE,0xFF,0xAC,0xCA,0xEE,0xFF,0xAC,0xCA,0xEE,0xFF,0xAC,0xCA,0xEE,0xFF,0xAC,0xCA,0xEE,0xFF,0xAC,0xCA,0xEE,0xFF,0xAC,0xCA,0xEE,0xFF,0xAC,0xCA,0xEE,0xFF,0xAC,0xCA,0xEE,0xFF,0xAC,0xCA,0xEE,0xFF,0xAC,0xCA,0xEE,0xFF,0xAC,0xCA,0xEE,0xFF,0xAC,0xCA,0xEE,0xFF,0xAC,0xCA,0xEE,0xFF,0xAC,0xCA,0xEE,0xFF,0xAC,0xCA,0xEE,0xFF,
    0xAC,0xCA,0xEE,0xFF,0xAC,0xCA,0xEE,0xFF,0xAC,0xCA,0xEE,0xFF,0xAC,0xCA,0xEE,0xFF,0xAC,0xCA,0xEE,0xFF,0xAC,0xCA,0xEE,0xFF,0xAC,0xCA,0xEE,0xFF,0xAC,0xCA,0xEE,0xFF,0xAC,0xCA,0xEE,0xFF,0xAC,0xCA,0xEE,0xFF,0xAC,0xCA,0xEE,0xFF,0xAC,0xCA,0xEE,0xFF,0xAC,0xCA,0xEE,0xFF,0xAC,0xCA,0xEE,0xFF,0xAC,0xCA,0xEE,0xFF,0xAC,0xCA,0xEE,0xFF,
    0xAC,0xCA,0xEE,0xFF,0xAC,0xCA,0xEE,0xFF,0xAC,0xCA,0xEE,0xFF,0xAC,0xCA,0xEE,0xFF,0xAC,0xCA,0xEE,0xFF,0xAC,0xCA,0xEE,0xFF,0xAC,0xCA,0xEE,0xFF,0xAC,0xCA,0xEE,0xFF,0xAC,0xCA,0xEE,0xFF,0xAC,0xCA,0xEE,0xFF,0xAC,0xCA,0xEE,0xFF,0xAC,0xCA,0xEE,0xFF,0xAC,0xCA,0xEE,0xFF,0xAC,0xCA,0xEE,0xFF,0xAC,0xCA,0xEE,0xFF,0xAC,0xCA,0xEE,0xFF,
    0xAC,0xCA,0xEE,0xFF,0xAC,0xCA,0xEE,0xFF,0xAC,0xCA,0xEE,0xFF,0xAC,0xCA,0xEE,0xFF,0xAC,0xCA,0xEE,0xFF,0xAC,0xCA,0xEE,0xFF,0xAC,0xCA,0xEE,0xFF,0xAC,0xCA,0xEE,0xFF,0xAC,0xCA,0xEE,0xFF,0xAC,0xCA,0xEE,0xFF,0xAC,0xCA,0xEE,0xFF,0xAC,0xCA,0xEE,0xFF,0xAC,0xCA,0xEE,0xFF,0xAC,0xCA,0xEE,0xFF,0xAC,0xCA,0xEE,0xFF,0xAC,0xCA,0xEE,0xFF,
    0xB8,0xA3,0xB7,0xFF,0xCB,0x80,0x81,0xFF,0xCD,0x80,0x80,0xFF,0xC8,0x74,0x74,0xFF,0xB0,0x35,0x35,0xFF,0x9C,0x02,0x02,0xFF,0x9B,0x00,0x00,0xFF,0x9B,0x00,0x00,0xFF,0x9B,0x00,0x00,0xFF,0x9B,0x00,0x00,0xFF,0x9B,0x00,0x00,0xFF,0x9B,0x00,0x00,0xFF,0x9B,0x00,0x00,0xFF,0x9B,0x00,0x00,0xFF,0x9B,0x00,0x00,0xFF,0x9B,0x00,0x00,0xFF,
    0x9B,0x00,0x00,0xFF,0x9B,0x00,0x00,0xFF,0x9B,0x00,0x00,0xFF,0x9B,0x00,0x00,0xFF,0x9B,0x00,0x00,0xFF,0x9B,0x00,0x00,0xFF,0x9C,0x02,0x02,0xFF,0xB0,0x35,0x35,0xFF,0xC8,0x74,0x74,0xFF,0xCD,0x80,0x80,0xFF,0xCB,0x80,0x81,0xFF,0xB8,0xA3,0xB7,0xFF,0xAC,0xCA,0xEE,0xFF,0xAC,0xCA,0xEE,0xFF,0xAC,0xCA,0xEE,0xFF,0xAC,0xCA,0xEE,0xFF,
    0xAC,0xCA,0xEE,0xFF,0xAC,0xCA,0xEE,0xFF,0xAC,0xCA,0xEE,0xFF,0xAC,0xCA,0xEE,0xFF,0xAC,0xCA,0xEE,0xFF,0xAC,0xCA,0xEE,0xFF,0xAC,0xCA,0xEE,0xFF,0xAC,0xCA,0xEE,0xFF,0xAC,0xCA,0xEE,0xFF,0xAC,0xCA,0xEE,0xFF,0xAC,0xCA,0xEE,0xFF,0xAC,0xCA,0xEE,0xFF,0xAC,0xCA,0xEE,0xFF,0xAC,0xCA,0xEE,0xFF,0xAC,0xCA,0xEE,0xFF,0xAC,0xCA,0xEE,0xFF,
    0xAC,0xCA,0xEE,0xFF,0xAC,0xCA,0xEE,0xFF,0xAC,0xCA,0xEE,0xFF,0xAC,0xCA,0xEE,0xFF,0xAC,0xCA,0xEE,0xFF,0xAC,0xCA,0xEE,0xFF,0xAC,0xCA,0xEE,0xFF,0xAC,0xCA,0xEE,0xFF,0xAC,0xCA,0xEE,0xFF,0xAC,0xCA,0xEE,0xFF,0xAC,0xCA,0xEE,0xFF,0xAC,0xCA,0xEE,0xFF,0xAC,0xCA,0xEE,0xFF,0xAC,0xCA,0xEE,0xFF,0xAC,0xCA,0xEE,0xFF,0xAC,0xCA,0xEE,0xFF,
    0xAC,0xCA,0xEE,0xFF,0xAC,0xCA,0xEE,0xFF,0xAC,0xCA,0xEE,0xFF,0xAC,0xCA,0xEE,0xFF,0xAC,0xCA,0xEE,0xFF,0xAC,0xCA,0xEE,0xFF,0xAC,0xCA,0xEE,0xFF,0xAC,0xCA,0xEE,0xFF,0xAC,0xCA,0xEE,0xFF,0xAC,0xCA,0xEE,0xFF,0xAC,0xCA,0xEE,0xFF,0xAC,0xCA,0xEE,0xFF,0xAC,0xCA,0xEE,0xFF,0xAC,0xCA,0xEE,0xFF,0xAC,0xCA,0xEE,0xFF,0xAC,0xCA,0xEE,0xFF,
    0xAC,0xCA,0xEE,0xFF,0xAC,0xCA,0xEE,0xFF,0xAC,0xCA,0xEE,0xFF,0xAC,0xCA,0xEE,0xFF,0xAC,0xCA,0xEE,0xFF,0xAC,0xCA,0xEE,0xFF,0xAC,0xCA,0xEE,0xFF,0xAC,0xCA,0xEE,0xFF,0xAC,0xCA,0xEE,0xFF,0xAC,0xCA,0xEE,0xFF,0xAC,0xCA,0xEE,0xFF,0xAC,0xCA,0xEE,0xFF,0xAC,0xCA,0xEE,0xFF,0xAC,0xCA,0xEE,0xFF,0xAC,0xCA,0xEE,0xFF,0xAC,0xCA,0xEE,0xFF,
    0xAC,0xCA,0xEE,0xFF,0xAC,0xCA,0xEE,0xFF,0xAC,0xCA,0xEE,0xFF,0xAC,0xCA,0xEE,0xFF,0xAC,0xCA,0xEE,0xFF,0xB0,0xBA,0xD8,0xFF,0xC4,0x89,0x90,0xFF,0xCD,0x80,0x80,0xFF,0xCD,0x80,0x80,0xFF,0xC7,0x71,0x71,0xFF,0xB2,0x3B,0x3B,0xFF,0xA0,0x0C,0x0C,0xFF,0x9B,0x00,0x00,0xFF,0x9B,0x00,0x00,0xFF,0x9B,0x00,0x00,0xFF,0x9B,0x00,0x00,0xFF,
    0x9B,0x00,0x00,0xFF,0x9B,0x00,0x00,0xFF,0x9B,0x00,0x00,0xFF,0x9B,0x00,0x00,0xFF,0x9B,0x00,0x00,0xFF,0x9B,0x00,0x00,0xFF,0x9B,0x00,0x00,0xFF,0x9B,0x00,0x00,0xFF,0xA0,0x0C,0x0C,0xFF,0xB2,0x3B,0x3B,0xFF,0xC7,0x71,0x71,0xFF,0xCD,0x80,0x80,0xFF,0xCD,0x80,0x80,0xFF,0xC4,0x89,0x90,0xFF,0xB0,0xBA,0xD8,0xFF,0xAC,0xCA,0xEE,0xFF,
    0xAC,0xCA,0xEE,0xFF,0xAC,0xCA,0xEE,0xFF,0xAC,0xCA,0xEE,0xFF,0xAC,0xCA,0xEE,0xFF,0xAC,0xCA,0xEE,0xFF,0xAC,0xCA,0xEE,0xFF,0xAC,0xCA,0xEE,0xFF,0xAC,0xCA,0xEE,0xFF,0xAC,0xCA,0xEE,0xFF,0xAC,0xCA,0xEE,0xFF,0xAC,0xCA,0xEE,0xFF,0xAC,0xCA,0xEE,0xFF,0xAC,0xCA,0xEE,0xFF,0xAC,0xCA,0xEE,0xFF,0xAC,0xCA,0xEE,0xFF,0xAC,0xCA,0xEE,0xFF,
    0xAC,0xCA,0xEE,0xFF,0xAC,0xCA,0xEE,0xFF,0xAC,0xCA,0xEE,0xFF,0xAC,0xCA,0xEE,0xFF,0xAC,0xCA,0xEE,0xFF,0xAC,0xCA,0xEE,0xFF,0xAC,0xCA,0xEE,0xFF,0xAC,0xCA,0xEE,0xFF,0xAC,0xCA,0xEE,0xFF,0xAC,0xCA,0xEE,0xFF,0xAC,0xCA,0xEE,0xFF,0xAC,0xCA,0xEE,0xFF,0xAC,0xCA,0xEE,0xFF,0xAC,0xCA,0xEE,0xFF,0xAC,0xCA,0xEE,0xFF,0xAC,0xCA,0xEE,0xFF,
    0xAC,0xCA,0xEE,0xFF,0xAC,0xCA,0xEE,0xFF,0xAC,0xCA,0xEE,0xFF,0xAC,0xCA,0xEE,0xFF,0xAC,0xCA,0xEE,0xFF,0xAC,0xCA,0xEE,0xFF,0xAC,0xCA,0xEE,0xFF,0xAC,0xCA,0xEE,0xFF,0xAC,0xCA,0xEE,0xFF,0xAC,0xCA,0xEE,0xFF,0xAC,0xCA,0xEE,0xFF,0xAC,0xCA,0xEE,0xFF,0xAC,0xCA,0xEE,0xFF,0xAC,0xCA,0xEE,0xFF,0xAC,0xCA,0xEE,0xFF,0xAC,0xCA,0xEE,0xFF,
    0xAC,0xCA,0xEE,0xFF,0xAC,0xCA,0xEE,0xFF,0xAC,0xCA,0xEE,0xFF,0xAC,0xCA,0xEE,0xFF,0xAC,0xCA,0xEE,0xFF,0xAC,0xCA,0xEE,0xFF,0xAC,0xCA,0xEE,0xFF,0xAC,0xCA,0xEE,0xFF,0xAC,0xCA,0xEE,0xFF,0xAC,0xCA,0xEE,0xFF,0xAC,0xCA,0xEE,0xFF,0xAC,0xCA,0xEE,0xFF,0xAC,0xCA,0xEE,0xFF,0xAC,0xCA,0xEE,0xFF,0xAC,0xCA,0xEE,0xFF,0xAC,0xCA,0xEE,0xFF,
    0xAC,0xCA,0xEE,0xFF,0xAC,0xCA,0xEE,0xFF,0xAC,0xCA,0xEE,0xFF,0xAC,0xCA,0xEE,0xFF,0xAC,0xCA,0xEE,0xFF,0xAC,0xCA,0xEE,0xFF,0xAC,0xCA,0xEE,0xFF,0xAC,0xCA,0xEE,0xFF,0xAC,0xCA,0xEE,0xFF,0xAC,0xCA,0xEE,0xFF,0xAC,0xCA,0xEE,0xFF,0xB6,0xA9,0xC0,0xFF,0xC6,0x83,0x88,0xFF,0xCD,0x80,0x80,0xFF,0xCD,0x80,0x80,0xFF,0xCD,0x7F,0x7F,0xFF,
    0xC1,0x63,0x63,0xFF,0xB5,0x42,0x42,0xFF,0xAA,0x27,0x27,0xFF,0xA3,0x14,0x14,0xFF,0x9E,0x07,0x07,0xFF,0x9B,0x01,0x01,0xFF,0x9B,0x01,0x01,0xFF,0x9E,0x07,0x07,0xFF,0xA3,0x14,0x14,0xFF,0xAA,0x27,0x27,0xFF,0xB5,0x42,0x42,0xFF,0xC1,0x63,0x63,0xFF,0xCD,0x7F,0x7F,0xFF,0xCD,0x80,0x80,0xFF,0xCD,0x80,0x80,0xFF,0xC7,0x83,0x88,0xFF,
    0xB6,0xA9,0xC0,0xFF,0xAC,0xCA,0xEE,0xFF,0xAC,0xCA,0xEE,0xFF,0xAC,0xCA,0xEE,0xFF,0xAC,0xCA,0xEE,0xFF,0xAC,0xCA,0xEE,0xFF,0xAC,0xCA,0xEE,0xFF,0xAC,0xCA,0xEE,0xFF,0xAC,0xCA,0xEE,0xFF,0xAC,0xCA,0xEE,0xFF,0xAC,0xCA,0xEE,0xFF,0xAC,0xCA,0xEE,0xFF,0xAC,0xCA,0xEE,0xFF,0xAC,0xCA,0xEE,0xFF,0xAC,0xCA,0xEE,0xFF,0xAC,0xCA,0xEE,0xFF,
    0xAC,0xCA,0xEE,0xFF,0xAC,0xCA,0xEE,0xFF,0xAC,0xCA,0xEE,0xFF,0xAC,0xCA,0xEE,0xFF,0xAC,0xCA,0xEE,0xFF,0xAC,0xCA,0xEE,0xFF,0xAC,0xCA,0xEE,0xFF,0xAC,0xCA,0xEE,0xFF,0xAC,0xCA,0xEE,0xFF,0xAC,0xCA,0xEE,0xFF,0xAC,0xCA,0xEE,0xFF,0xAC,0xCA,0xEE,0xFF,0xAC,0xCA,0xEE,0xFF,0xAC,0xCA,0xEE,0xFF,0xAC,0xCA,0xEE,0xFF,0xAC,0xCA,0xEE,0xFF,
    0xAC,0xCA,0xEE,0xFF,0xAC,0xCA,0xEE,0xFF,0xAC,0xCA,0xEE,0xFF,0xAC,0xCA,0xEE,0xFF,0xAC,0xCA,0xEE,0xFF,0xAC,0xCA,0xEE,0xFF,0xAC,0xCA,0xEE,0xFF,0xAC,0xCA,0xEE,0xFF,0xAC,0xCA,0xEE,0xFA,0xAC,0xCA,0xEE,0xFF,0xAC,0xCA,0xEE,0xFF,0xAC,0xCA,0xEE,0xFF,0xAC,0xCA,0xEE,0xFF,0xAC,0xCA,0xEE,0xFF,0xAC,0xCA,0xEE,0xFF,0xAC,0xCA,0xEE,0xFF,
    0xAC,0xCA,0xEE,0xFF,0xAC,0xCA,0xEE,0xFF,0xAC,0xCA,0xEE,0xFF,0xAC,0xCA,0xEE,0xFF,0xAC,0xCA,0xEE,0xFF,0xAC,0xCA,0xEE,0xFF,0xAC,0xCA,0xEE,0xFF,0xAC,0xCA,0xEE,0xFF,0xAC,0xCA,0xEE,0xFF,0xAC,0xCA,0xEE,0xFF,0xAC,0xCA,0xEE,0xFF,0xAC,0xCA,0xEE,0xFF,0xAC,0xCA,0xEE,0xFF,0xAC,0xCA,0xEE,0xFF,0xAC,0xCA,0xEE,0xFF,0xAC,0xCA,0xEE,0xFF,
    0xAC,0xCA,0xEE,0xFF,0xAC,0xCA,0xEE,0xFF,0xAC,0xCA,0xEE,0xFF,0xAC,0xCA,0xEE,0xFF,0xAC,0xCA,0xEE,0xFF,0xAC,0xCA,0xEE,0xFF,0xAC,0xCA,0xEE,0xFF,0xAC,0xCA,0xEE,0xFF,0xAC,0xCA,0xEE,0xFF,0xAC,0xCA,0xEE,0xFF,0xAC,0xCA,0xEE,0xFF,0xAC,0xCA,0xEE,0xFF,0xAC,0xCA,0xEE,0xFF,0xAC,0xCA,0xEE,0xFF,0xAC,0xCA,0xEE,0xFF,0xAC,0xCA,0xEE,0xFF,
    0xAC,0xCA,0xEE,0xFF,0xB5,0xAA,0xC2,0xFF,0xC2,0x8D,0x96,0xFF,0xCB,0x80,0x80,0xFF,0xCD,0x80,0x80,0xFF,0xCD,0x80,0x80,0xFF,0xCD,0x80,0x80,0xFF,0xCD,0x80,0x80,0xFF,0xCD,0x80,0x80,0xFF,0xCD,0x80,0x80,0xFF,0xCD,0x80,0x80,0xFF,0xCD,0x80,0x80,0xFF,0xCD,0x80,0x80,0xFF,0xCD,0x80,0x80,0xFF,0xCD,0x80,0x80,0xFF,0xCD,0x80,0x80,0xFF,
    0xCB,0x80,0x80,0xFF,0xC2,0x8D,0x96,0xFF,0xB5,0xAA,0xC2,0xFF,0xAC,0xCA,0xEE,0xFF,0xAC,0xCA,0xEE,0xFF,0xAC,0xCA,0xEE,0xFF,0xAC,0xCA,0xEE,0xFF,0xAC,0xCA,0xEE,0xFF,0xAC,0xCA,0xEE,0xFF,0xAC,0xCA,0xEE,0xFF,0xAC,0xCA,0xEE,0xFF,0xAC,0xCA,0xEE,0xFF,0xAC,0xCA,0xEE,0xFF,0xAC,0xCA,0xEE,0xFF,0xAC,0xCA,0xEE,0xFF,0xAC,0xCA,0xEE,0xFF,
    0xAC,0xCA,0xEE,0xFF,0xAC,0xCA,0xEE,0xFF,0xAC,0xCA,0xEE,0xFF,0xAC,0xCA,0xEE,0xFF,0xAC,0xCA,0xEE,0xFF,0xAC,0xCA,0xEE,0xFF,0xAC,0xCA,0xEE,0xFF,0xAC,0xCA,0xEE,0xFF,0xAC,0xCA,0xEE,0xFF,0xAC,0xCA,0xEE,0xFF,0xAC,0xCA,0xEE,0xFF,0xAC,0xCA,0xEE,0xFF,0xAC,0xCA,0xEE,0xFF,0xAC,0xCA,0xEE,0xFF,0xAC,0xCA,0xEE,0xFF,0xAC,0xCA,0xEE,0xFF,
    0xAC,0xCA,0xEE,0xFF,0xAC,0xCA,0xEE,0xFF,0xAC,0xCA,0xEE,0xFF,0xAC,0xCA,0xEE,0xFF,0xAC,0xCA,0xEE,0xFF,0xAC,0xCA,0xEE,0xFF,0xAC,0xCA,0xEE,0xFF,0xAC,0xCA,0xEE,0xFF,0xAC,0xCA,0xEE,0xFF,0xAC,0xCA,0xEE,0xFF,0xAC,0xCA,0xEE,0xFF,0xAC,0xCA,0xEE,0xFA,0xAB,0xC9,0xEE,0xDE,0xAC,0xCA,0xEE,0xFF,0xAC,0xCA,0xEE,0xFF,0xAC,0xCA,0xEE,0xFF,
    0xAC,0xCA,0xEE,0xFF,0xAC,0xCA,0xEE,0xFF,0xAC,0xCA,0xEE,0xFF,0xAC,0xCA,0xEE,0xFF,0xAC,0xCA,0xEE,0xFF,0xAC,0xCA,0xEE,0xFF,0xAC,0xCA,0xEE,0xFF,0xAC,0xCA,0xEE,0xFF,0xAC,0xCA,0xEE,0xFF,0xAC,0xCA,0xEE,0xFF,0xAC,0xCA,0xEE,0xFF,0xAC,0xCA,0xEE,0xFF,0xAC,0xCA,0xEE,0xFF,0xAC,0xCA,0xEE,0xFF,0xAC,0xCA,0xEE,0xFF,0xAC,0xCA,0xEE,0xFF,
    0xAC,0xCA,0xEE,0xFF,0xAC,0xCA,0xEE,0xFF,0xAC,0xCA,0xEE,0xFF,0xAC,0xCA,0xEE,0xFF,0xAC,0xCA,0xEE,0xFF,0xAC,0xCA,0xEE,0xFF,0xAC,0xCA,0xEE,0xFF,0xAC,0xCA,0xEE,0xFF,0xAC,0xCA,0xEE,0xFF,0xAC,0xCA,0xEE,0xFF,0xAC,0xCA,0xEE,0xFF,0xAC,0xCA,0xEE,0xFF,0xAC,0xCA,0xEE,0xFF,0xAC,0xCA,0xEE,0xFF,0xAC,0xCA,0xEE,0xFF,0xAC,0xCA,0xEE,0xFF,
    0xAC,0xCA,0xEE,0xFF,0xAC,0xCA,0xEE,0xFF,0xAC,0xCA,0xEE,0xFF,0xAC,0xCA,0xEE,0xFF,0xAC,0xCA,0xEE,0xFF,0xAC,0xCA,0xEE,0xFF,0xAC,0xCA,0xEE,0xFF,0xAD,0xC2,0xE4,0xFF,0xB5,0xA8,0xBF,0xFF,0xBD,0x9E,0xAE,0xFF,0xC3,0x89,0x90,0xFF,0xC7,0x80,0x84,0xFF,0xCB,0x7F,0x80,0xFF,0xCD,0x80,0x80,0xFF,0xCD,0x80,0x80,0xFF,0xCB,0x7F,0x80,0xFF,
    0xC7,0x80,0x84,0xFF,0xC3,0x89,0x90,0xFF,0xBD,0x9E,0xAE,0xFF,0xB5,0xA8,0xBF,0xFF,0xAD,0xC2,0xE4,0xFF,0xAC,0xCA,0xEE,0xFF,0xAC,0xCA,0xEE,0xFF,0xAC,0xCA,0xEE,0xFF,0xAC,0xCA,0xEE,0xFF,0xAC,0xCA,0xEE,0xFF,0xAC,0xCA,0xEE,0xFF,0xAC,0xCA,0xEE,0xFF,0xAC,0xCA,0xEE,0xFF,0xAC,0xCA,0xEE,0xFF,0xAC,0xCA,0xEE,0xFF,0xAC,0xCA,0xEE,0xFF,
    0xAC,0xCA,0xEE,0xFF,0xAC,0xCA,0xEE,0xFF,0xAC,0xCA,0xEE,0xFF,0xAC,0xCA,0xEE,0xFF,0xAC,0xCA,0xEE,0xFF,0xAC,0xCA,0xEE,0xFF,0xAC,0xCA,0xEE,0xFF,0xAC,0xCA,0xEE,0xFF,0xAC,0xCA,0xEE,0xFF,0xAC,0xCA,0xEE,0xFF,0xAC,0xCA,0xEE,0xFF,0xAC,0xCA,0xEE,0xFF,0xAC,0xCA,0xEE,0xFF,0xAC,0xCA,0xEE,0xFF,0xAC,0xCA,0xEE,0xFF,0xAC,0xCA,0xEE,0xFF,
    0xAC,0xCA,0xEE,0xFF,0xAC,0xCA,0xEE,0xFF,0xAC,0xCA,0xEE,0xFF,0xAC,0xCA,0xEE,0xFF,0xAC,0xCA,0xEE,0xFF,0xAC,0xCA,0xEE,0xFF,0xAC,0xCA,0xEE,0xFF,0xAC,0xCA,0xEE,0xFF,0xAC,0xCA,0xEE,0xFF,0xAC,0xCA,0xEE,0xFF,0xAC,0xCA,0xEE,0xFF,0xAC,0xCA,0xEE,0xFF,0xAC,0xCA,0xEE,0xFF,0xAC,0xCA,0xEE,0xFF,0xAC,0xCA,0xEE,0xFF,0xAB,0xC9,0xEE,0xDE,
    0xAB,0xCA,0xEE,0xB1,0xAC,0xCA,0xEE,0xFF,0xAC,0xCA,0xEE,0xFF,0xAC,0xCA,0xEE,0xFF,0xAC,0xCA,0xEE,0xFF,0xAC,0xCA,0xEE,0xFF,0xAC,0xCA,0xEE,0xFF,0xAC,0xCA,0xEE,0xFF,0xAC,0xCA,0xEE,0xFF,0xAC,0xCA,0xEE,0xFF,0xAC,0xCA,0xEE,0xFF,0xAC,0xCA,0xEE,0xFF,0xAC,0xCA,0xEE,0xFF,0xAC,0xCA,0xEE,0xFF,0xAC,0xCA,0xEE,0xFF,0xAC,0xCA,0xEE,0xFF,
    0xAC,0xCA,0xEE,0xFF,0xAC,0xCA,0xEE,0xFF,0xAC,0xCA,0xEE,0xFF,0xAC,0xCA,0xEE,0xFF,0xAC,0xCA,0xEE,0xFF,0xAC,0xCA,0xEE,0xFF,0xAC,0xCA,0xEE,0xFF,0xAC,0xCA,0xEE,0xFF,0xAC,0xCA,0xEE,0xFF,0xAC,0xCA,0xEE,0xFF,0xAC,0xCA,0xEE,0xFF,0xAC,0xCA,0xEE,0xFF,0xAC,0xCA,0xEE,0xFF,0xAC,0xCA,0xEE,0xFF,0xAC,0xCA,0xEE,0xFF,0xAC,0xCA,0xEE,0xFF,
    0xAC,0xCA,0xEE,0xFF,0xAC,0xCA,0xEE,0xFF,0xAC,0xCA,0xEE,0xFF,0xAC,0xCA,0xEE,0xFF,0xAC,0xCA,0xEE,0xFF,0xAC,0xCA,0xEE,0xFF,0xAC,0xCA,0xEE,0xFF,0xAC,0xCA,0xEE,0xFF,0xAC,0xCA,0xEE,0xFF,0xAC,0xCA,0xEE,0xFF,0xAC,0xCA,0xEE,0xFF,0xAC,0xCA,0xEE,0xFF,0xAC,0xCA,0xEE,0xFF,0xAC,0xCA,0xEE,0xFF,0xAC,0xCA,0xEE,0xFF,0xAC,0xCA,0xEE,0xFF,
    0xAC,0xCA,0xEE,0xFF,0xAC,0xCA,0xEE,0xFF,0xAC,0xCA,0xEE,0xFF,0xAC,0xCA,0xEE,0xFF,0xAC,0xCA,0xEE,0xFF,0xAC,0xCA,0xEE,0xFF,0xAC,0xCA,0xEE,0xFF,0xAC,0xCA,0xEE,0xFF,0xAC,0xCA,0xEE,0xFF,0xAC,0xCA,0xEE,0xFF,0xAC,0xCA,0xEE,0xFF,0xAC,0xCA,0xEE,0xFF,0xAC,0xCA,0xEE,0xFF,0xAC,0xCA,0xEE,0xFF,0xAC,0xCA,0xEE,0xFF,0xAC,0xCA,0xEE,0xFF,
    0xAC,0xCA,0xEE,0xFF,0xAC,0xCA,0xEE,0xFF,0xAC,0xCA,0xEE,0xFF,0xAC,0xCA,0xEE,0xFF,0xAC,0xCA,0xEE,0xFF,0xAC,0xCA,0xEE,0xFF,0xAC,0xCA,0xEE,0xFF,0xAC,0xCA,0xEE,0xFF,0xAC,0xCA,0xEE,0xFF,0xAC,0xCA,0xEE,0xFF,0xAC,0xCA,0xEE,0xFF,0xAC,0xCA,0xEE,0xFF,0xAC,0xCA,0xEE,0xFF,0xAC,0xCA,0xEE,0xFF,0xAC,0xCA,0xEE,0xFF,0xAC,0xCA,0xEE,0xFF,
    0xAC,0xCA,0xEE,0xFF,0xAC,0xCA,0xEE,0xFF,0xAC,0xCA,0xEE,0xFF,0xAC,0xCA,0xEE,0xFF,0xAC,0xCA,0xEE,0xFF,0xAC,0xCA,0xEE,0xFF,0xAC,0xCA,0xEE,0xFF,0xAC,0xCA,0xEE,0xFF,0xAC,0xCA,0xEE,0xFF,0xAC,0xCA,0xEE,0xFF,0xAC,0xCA,0xEE,0xFF,0xAC,0xCA,0xEE,0xFF,0xAC,0xCA,0xEE,0xFF,0xAC,0xCA,0xEE,0xFF,0xAC,0xCA,0xEE,0xFF,0xAC,0xCA,0xEE,0xFF,
    0xAC,0xCA,0xEE,0xFF,0xAC,0xCA,0xEE,0xFF,0xAC,0xCA,0xEE,0xFF,0xAB,0xCA,0xEE,0xB1,0xAC,0xC9,0xEE,0x59,0xAC,0xCA,0xEE,0xFF,0xAC,0xCA,0xEE,0xFF,0xAC,0xCA,0xEE,0xFF,0xAC,0xCA,0xEE,0xFF,0xAC,0xCA,0xEE,0xFF,0xAC,0xCA,0xEE,0xFF,0xAC,0xCA,0xEE,0xFF,0xAC,0xCA,0xEE,0xFF,0xAC,0xCA,0xEE,0xFF,0xAC,0xCA,0xEE,0xFF,0xAC,0xCA,0xEE,0xFF,
    0xAC,0xCA,0xEE,0xFF,0xAC,0xCA,0xEE,0xFF,0xAC,0xCA,0xEE,0xFF,0xAC,0xCA,0xEE,0xFF,0xAC,0xCA,0xEE,0xFF,0xAC,0xCA,0xEE,0xFF,0xAC,0xCA,0xEE,0xFF,0xAC,0xCA,0xEE,0xFF,0xAC,0xCA,0xEE,0xFF,0xAC,0xCA,0xEE,0xFF,0xAC,0xCA,0xEE,0xFF,0xAC,0xCA,0xEE,0xFF,0xAC,0xCA,0xEE,0xFF,0xAC,0xCA,0xEE,0xFF,0xAC,0xCA,0xEE,0xFF,0xAC,0xCA,0xEE,0xFF,
    0xAC,0xCA,0xEE,0xFF,0xAC,0xCA,0xEE,0xFF,0xAC,0xCA,0xEE,0xFF,0xAC,0xCA,0xEE,0xFF,0xAC,0xCA,0xEE,0xFF,0xAC,0xCA,0xEE,0xFF,0xAC,0xCA,0xEE,0xFF,0xAC,0xCA,0xEE,0xFF,0xAC,0xCA,0xEE,0xFF,0xAC,0xCA,0xEE,0xFF,0xAC,0xCA,0xEE,0xFF,0xAC,0xCA,0xEE,0xFF,0xAC,0xCA,0xEE,0xFF,0xAC,0xCA,0xEE,0xFF,0xAC,0xCA,0xEE,0xFF,0xAC,0xCA,0xEE,0xFF,
    0xAC,0xCA,0xEE,0xFF,0xAC,0xCA,0xEE,0xFF,0xAC,0xCA,0xEE,0xFF,0xAC,0xCA,0xEE,0xFF,0xAC,0xCA,0xEE,0xFF,0xAC,0xCA,0xEE,0xFF,0xAC,0xCA,0xEE,0xFF,0xAC,0xCA,0xEE,0xFF,0xAC,0xCA,0xEE,0xFF,0xAC,0xCA,0xEE,0xFF,0xAC,0xCA,0xEE,0xFF,0xAC,0xCA,0xEE,0xFF,0xAC,0xCA,0xEE,0xFF,0xAC,0xCA,0xEE,0xFF,0xAC,0xCA,0xEE,0xFF,0xAC,0xCA,0xEE,0xFF,
    0xAC,0xCA,0xEE,0xFF,0xAC,0xCA,0xEE,0xFF,0xAC,0xCA,0xEE,0xFF,0xAC,0xCA,0xEE,0xFF,0xAC,0xCA,0xEE,0xFF,0xAC,0xCA,0xEE,0xFF,0xAC,0xCA,0xEE,0xFF,0xAC,0xCA,0xEE,0xFF,0xAC,0xCA,0xEE,0xFF,0xAC,0xCA,0xEE,0xFF,0xAC,0xCA,0xEE,0xFF,0xAC,0xCA,0xEE,0xFF,0xAC,0xCA,0xEE,0xFF,0xAC,0xCA,0xEE,0xFF,0xAC,0xCA,0xEE,0xFF,0xAC,0xCA,0xEE,0xFF,
    0xAC,0xCA,0xEE,0xFF,0xAC,0xCA,0xEE,0xFF,0xAC,0xCA,0xEE,0xFF,0xAC,0xCA,0xEE,0xFF,0xAC,0xCA,0xEE,0xFF,0xAC,0xCA,0xEE,0xFF,0xAC,0xCA,0xEE,0xFF,0xAC,0xCA,0xEE,0xFF,0xAC,0xCA,0xEE,0xFF,0xAC,0xCA,0xEE,0xFF,0xAC,0xCA,0xEE,0xFF,0xAC,0xCA,0xEE,0xFF,0xAC,0xCA,0xEE,0xFF,0xAC,0xCA,0xEE,0xFF,0xAC,0xCA,0xEE,0xFF,0xAC,0xCA,0xEE,0xFF,
    0xAC,0xCA,0xEE,0xFF,0xAC,0xCA,0xEE,0xFF,0xAC,0xCA,0xEE,0xFF,0xAC,0xCA,0xEE,0xFF,0xAC,0xCA,0xEE,0xFF,0xAC,0xCA,0xEE,0xFF,0xAC,0xCA,0xEE,0xFF,0xAC,0xC9,0xEE,0x59,0xAA,0xCC,0xEE,0x0F,0xAC,0xCA,0xEE,0xDE,0xAC,0xCA,0xEE,0xFF,0xAC,0xCA,0xEE,0xFF,0xAC,0xCA,0xEE,0xFF,0xAC,0xCA,0xEE,0xFF,0xAC,0xCA,0xEE,0xFF,0xAC,0xCA,0xEE,0xFF,
    0xAC,0xCA,0xEE,0xFF,0xAC,0xCA,0xEE,0xFF,0xAC,0xCA,0xEE,0xFF,0xAC,0xCA,0xEE,0xFF,0xAC,0xCA,0xEE,0xFF,0xAC,0xCA,0xEE,0xFF,0xAC,0xCA,0xEE,0xFF,0xAC,0xCA,0xEE,0xFF,0xAC,0xCA,0xEE,0xFF,0xAC,0xCA,0xEE,0xFF,0xAC,0xCA,0xEE,0xFF,0xAC,0xCA,0xEE,0xFF,0xAC,0xCA,0xEE,0xFF,0xAC,0xCA,0xEE,0xFF,0xAC,0xCA,0xEE,0xFF,0xAC,0xCA,0xEE,0xFF,
    0xAC,0xCA,0xEE,0xFF,0xAC,0xCA,0xEE,0xFF,0xAC,0xCA,0xEE,0xFF,0xAC,0xCA,0xEE,0xFF,0xAC,0xCA,0xEE,0xFF,0xAC,0xCA,0xEE,0xFF,0xAC,0xCA,0xEE,0xFF,0xAC,0xCA,0xEE,0xFF,0xAC,0xCA,0xEE,0xFF,0xAC,0xCA,0xEE,0xFF,0xAC,0xCA,0xEE,0xFF,0xAC,0xCA,0xEE,0xFF,0xAC,0xCA,0xEE,0xFF,0xAC,0xCA,0xEE,0xFF,0xAC,0xCA,0xEE,0xFF,0xAC,0xCA,0xEE,0xFF,
    0xAC,0xCA,0xEE,0xFF,0xAC,0xCA,0xEE,0xFF,0xAC,0xCA,0xEE,0xFF,0xAC,0xCA,0xEE,0xFF,0xAC,0xCA,0xEE,0xFF,0xAC,0xCA,0xEE,0xFF,0xAC,0xCA,0xEE,0xFF,0xAC,0xCA,0xEE,0xFF,0xAC,0xCA,0xEE,0xFF,0xAC,0xCA,0xEE,0xFF,0xAC,0xCA,0xEE,0xFF,0xAC,0xCA,0xEE,0xFF,0xAC,0xCA,0xEE,0xFF,0xAC,0xCA,0xEE,0xFF,0xAC,0xCA,0xEE,0xFF,0xAC,0xCA,0xEE,0xFF,
    0xAC,0xCA,0xEE,0xFF,0xAC,0xCA,0xEE,0xFF,0xAC,0xCA,0xEE,0xFF,0xAC,0xCA,0xEE,0xFF,0xAC,0xCA,0xEE,0xFF,0xAC,0xCA,0xEE,0xFF,0xAC,0xCA,0xEE,0xFF,0xAC,0xCA,0xEE,0xFF,0xAC,0xCA,0xEE,0xFF,0xAC,0xCA,0xEE,0xFF,0xAC,0xCA,0xEE,0xFF,0xAC,0xCA,0xEE,0xFF,0xAC,0xCA,0xEE,0xFF,0xAC,0xCA,0xEE,0xFF,0xAC,0xCA,0xEE,0xFF,0xAC,0xCA,0xEE,0xFF,
    0xAC,0xCA,0xEE,0xFF,0xAC,0xCA,0xEE,0xFF,0xAC,0xCA,0xEE,0xFF,0xAC,0xCA,0xEE,0xFF,0xAC,0xCA,0xEE,0xFF,0xAC,0xCA,0xEE,0xFF,0xAC,0xCA,0xEE,0xFF,0xAC,0xCA,0xEE,0xFF,0xAC,0xCA,0xEE,0xFF,0xAC,0xCA,0xEE,0xFF,0xAC,0xCA,0xEE,0xFF,0xAC,0xCA,0xEE,0xFF,0xAC,0xCA,0xEE,0xFF,0xAC,0xCA,0xEE,0xFF,0xAC,0xCA,0xEE,0xFF,0xAC,0xCA,0xEE,0xFF,
    0xAC,0xCA,0xEE,0xFF,0xAC,0xCA,0xEE,0xFF,0xAC,0xCA,0xEE,0xFF,0xAC,0xCA,0xEE,0xFF,0xAC,0xCA,0xEE,0xFF,0xAC,0xCA,0xEE,0xFF,0xAC,0xCA,0xEE,0xFF,0xAC,0xCA,0xEE,0xFF,0xAC,0xCA,0xEE,0xFF,0xAC,0xCA,0xEE,0xFF,0xAC,0xCA,0xEE,0xDE,0xAA,0xCC,0xEE,0x0F,0x00,0x00,0x00,0x00,0xAE,0xCD,0xEE,0x5B,0xAC,0xCA,0xEE,0xFF,0xAC,0xCA,0xEE,0xFF,
    0xAC,0xCA,0xEE,0xFF,0xAC,0xCA,0xEE,0xFF,0xAC,0xCA,0xEE,0xFF,0xAC,0xCA,0xEE,0xFF,0xAC,0xCA,0xEE,0xFF,0xAC,0xCA,0xEE,0xFF,0xAC,0xCA,0xEE,0xFF,0xAC,0xCA,0xEE,0xFF,0xAC,0xCA,0xEE,0xFF,0xAC,0xCA,0xEE,0xFF,0xAC,0xCA,0xEE,0xFF,0xAC,0xCA,0xEE,0xFF,0xAC,0xCA,0xEE,0xFF,0xAC,0xCA,0xEE,0xFF,0xAC,0xCA,0xEE,0xFF,0xAC,0xCA,0xEE,0xFF,
    0xAC,0xCA,0xEE,0xFF,0xAC,0xCA,0xEE,0xFF,0xAC,0xCA,0xEE,0xFF,0xAC,0xCA,0xEE,0xFF,0xAC,0xCA,0xEE,0xFF,0xAC,0xCA,0xEE,0xFF,0xAC,0xCA,0xEE,0xFF,0xAC,0xCA,0xEE,0xFF,0xAC,0xCA,0xEE,0xFF,0xAC,0xCA,0xEE,0xFF,0xAC,0xCA,0xEE,0xFF,0xAC,0xCA,0xEE,0xFF,0xAC,0xCA,0xEE,0xFF,0xAC,0xCA,0xEE,0xFF,0xAC,0xCA,0xEE,0xFF,0xAC,0xCA,0xEE,0xFF,
    0xAC,0xCA,0xEE,0xFF,0xAC,0xCA,0xEE,0xFF,0xAC,0xCA,0xEE,0xFF,0xAC,0xCA,0xEE,0xFF,0xAC,0xCA,0xEE,0xFF,0xAC,0xCA,0xEE,0xFF,0xAC,0xCA,0xEE,0xFF,0xAC,0xCA,0xEE,0xFF,0xAC,0xCA,0xEE,0xFF,0xAC,0xCA,0xEE,0xFF,0xAC,0xCA,0xEE,0xFF,0xAC,0xCA,0xEE,0xFF,0xAC,0xCA,0xEE,0xFF,0xAC,0xCA,0xEE,0xFF,0xAC,0xCA,0xEE,0xFF,0xAC,0xCA,0xEE,0xFF,
    0xAC,0xCA,0xEE,0xFF,0xAC,0xCA,0xEE,0xFF,0xAC,0xCA,0xEE,0xFF,0xAC,0xCA,0xEE,0xFF,0xAC,0xCA,0xEE,0xFF,0xAC,0xCA,0xEE,0xFF,0xAC,0xCA,0xEE,0xFF,0xAC,0xCA,0xEE,0xFF,0xAC,0xCA,0xEE,0xFF,0xAC,0xCA,0xEE,0xFF,0xAC,0xCA,0xEE,0xFF,0xAC,0xCA,0xEE,0xFF,0xAC,0xCA,0xEE,0xFF,0xAC,0xCA,0xEE,0xFF,0xAC,0xCA,0xEE,0xFF,0xAC,0xCA,0xEE,0xFF,
    0xAC,0xCA,0xEE,0xFF,0xAC,0xCA,0xEE,0xFF,0xAC,0xCA,0xEE,0xFF,0xAC,0xCA,0xEE,0xFF,0xAC,0xCA,0xEE,0xFF,0xAC,0xCA,0xEE,0xFF,0xAC,0xCA,0xEE,0xFF,0xAC,0xCA,0xEE,0xFF,0xAC,0xCA,0xEE,0xFF,0xAC,0xCA,0xEE,0xFF,0xAC,0xCA,0xEE,0xFF,0xAC,0xCA,0xEE,0xFF,0xAC,0xCA,0xEE,0xFF,0xAC,0xCA,0xEE,0xFF,0xAC,0xCA,0xEE,0xFF,0xAC,0xCA,0xEE,0xFF,
    0xAC,0xCA,0xEE,0xFF,0xAC,0xCA,0xEE,0xFF,0xAC,0xCA,0xEE,0xFF,0xAC,0xCA,0xEE,0xFF,0xAC,0xCA,0xEE,0xFF,0xAC,0xCA,0xEE,0xFF,0xAC,0xCA,0xEE,0xFF,0xAC,0xCA,0xEE,0xFF,0xAC,0xCA,0xEE,0xFF,0xAC,0xCA,0xEE,0xFF,0xAC,0xCA,0xEE,0xFF,0xAC,0xCA,0xEE,0xFF,0xAC,0xCA,0xEE,0xFF,0xAC,0xCA,0xEE,0xFF,0xAE,0xCD,0xEE,0x5B,0x00,0x00,0x00,0x00,
    0x00,0x00,0x00,0x00,0xFF,0xFF,0xFF,0x01,0xAD,0xCB,0xEE,0x92,0xAC,0xCA,0xEE,0xFF,0xAC,0xCA,0xEE,0xFF,0xAC,0xCA,0xEE,0xFF,0xAC,0xCA,0xEE,0xFF,0xAC,0xCA,0xEE,0xFF,0xAC,0xCA,0xEE,0xFF,0xAC,0xCA,0xEE,0xFF,0xAC,0xCA,0xEE,0xFF,0xAC,0xCA,0xEE,0xFF,0xAC,0xCA,0xEE,0xFF,0xAC,0xCA,0xEE,0xFF,0xAC,0xCA,0xEE,0xFF,0xAC,0xCA,0xEE,0xFF,
    0xAC,0xCA,0xEE,0xFF,0xAC,0xCA,0xEE,0xFF,0xAC,0xCA,0xEE,0xFF,0xAC,0xCA,0xEE,0xFF,0xAC,0xCA,0xEE,0xFF,0xAC,0xCA,0xEE,0xFF,0xAC,0xCA,0xEE,0xFF,0xAC,0xCA,0xEE,0xFF,0xAC,0xCA,0xEE,0xFF,0xAC,0xCA,0xEE,0xFF,0xAC,0xCA,0xEE,0xFF,0xAC,0xCA,0xEE,0xFF,0xAC,0xCA,0xEE,0xFF,0xAC,0xCA,0xEE,0xFF,0xAC,0xCA,0xEE,0xFF,0xAC,0xCA,0xEE,0xFF,
    0xAC,0xCA,0xEE,0xFF,0xAC,0xCA,0xEE,0xFF,0xAC,0xCA,0xEE,0xFF,0xAC,0xCA,0xEE,0xFF,0xAC,0xCA,0xEE,0xFF,0xAC,0xCA,0xEE,0xFF,0xAC,0xCA,0xEE,0xFF,0xAC,0xCA,0xEE,0xFF,0xAC,0xCA,0xEE,0xFF,0xAC,0xCA,0xEE,0xFF,0xAC,0xCA,0xEE,0xFF,0xAC,0xCA,0xEE,0xFF,0xAC,0xCA,0xEE,0xFF,0xAC,0xCA,0xEE,0xFF,0xAC,0xCA,0xEE,0xFF,0xAC,0xCA,0xEE,0xFF,
    0xAC,0xCA,0xEE,0xFF,0xAC,0xCA,0xEE,0xFF,0xAC,0xCA,0xEE,0xFF,0xAC,0xCA,0xEE,0xFF,0xAC,0xCA,0xEE,0xFF,0xAC,0xCA,0xEE,0xFF,0xAC,0xCA,0xEE,0xFF,0xAC,0xCA,0xEE,0xFF,0xAC,0xCA,0xEE,0xFF,0xAC,0xCA,0xEE,0xFF,0xAC,0xCA,0xEE,0xFF,0xAC,0xCA,0xEE,0xFF,0xAC,0xCA,0xEE,0xFF,0xAC,0xCA,0xEE,0xFF,0xAC,0xCA,0xEE,0xFF,0xAC,0xCA,0xEE,0xFF,
    0xAC,0xCA,0xEE,0xFF,0xAC,0xCA,0xEE,0xFF,0xAC,0xCA,0xEE,0xFF,0xAC,0xCA,0xEE,0xFF,0xAC,0xCA,0xEE,0xFF,0xAC,0xCA,0xEE,0xFF,0xAC,0xCA,0xEE,0xFF,0xAC,0xCA,0xEE,0xFF,0xAC,0xCA,0xEE,0xFF,0xAC,0xCA,0xEE,0xFF,0xAC,0xCA,0xEE,0xFF,0xAC,0xCA,0xEE,0xFF,0xAC,0xCA,0xEE,0xFF,0xAC,0xCA,0xEE,0xFF,0xAC,0xCA,0xEE,0xFF,0xAC,0xCA,0xEE,0xFF,
    0xAC,0xCA,0xEE,0xFF,0xAC,0xCA,0xEE,0xFF,0xAC,0xCA,0xEE,0xFF,0xAC,0xCA,0xEE,0xFF,0xAC,0xCA,0xEE,0xFF,0xAC,0xCA,0xEE,0xFF,0xAC,0xCA,0xEE,0xFF,0xAC,0xCA,0xEE,0xFF,0xAC,0xCA,0xEE,0xFF,0xAC,0xCA,0xEE,0xFF,0xAC,0xCA,0xEE,0xFF,0xAC,0xCA,0xEE,0xFF,0xAC,0xCA,0xEE,0xFF,0xAC,0xCA,0xEE,0xFF,0xAC,0xCA,0xEE,0xFF,0xAC,0xCA,0xEE,0xFF,
    0xAC,0xCA,0xEE,0xFF,0xAD,0xCB,0xEE,0x92,0xFF,0xFF,0xFF,0x01,0x00,0x00,0x00,0x00,0x00,0x00,0x00,0x00,0x00,0x00,0x00,0x00,0xB3,0xCC,0xE6,0x0A,0xAD,0xCB,0xEE,0x92,0xAC,0xCA,0xEE,0xFF,0xAC,0xCA,0xEE,0xFF,0xAC,0xCA,0xEE,0xFF,0xAC,0xCA,0xEE,0xFF,0xAC,0xCA,0xEE,0xFF,0xAC,0xCA,0xEE,0xFF,0xAC,0xCA,0xEE,0xFF,0xAC,0xCA,0xEE,0xFF,
    0xAC,0xCA,0xEE,0xFF,0xAC,0xCA,0xEE,0xFF,0xAC,0xCA,0xEE,0xFF,0xAC,0xCA,0xEE,0xFF,0xAC,0xCA,0xEE,0xFF,0xAC,0xCA,0xEE,0xFF,0xAC,0xCA,0xEE,0xFF,0xAC,0xCA,0xEE,0xFF,0xAC,0xCA,0xEE,0xFF,0xAC,0xCA,0xEE,0xFF,0xAC,0xCA,0xEE,0xFF,0xAC,0xCA,0xEE,0xFF,0xAC,0xCA,0xEE,0xFF,0xAC,0xCA,0xEE,0xFF,0xAC,0xCA,0xEE,0xFF,0xAC,0xCA,0xEE,0xFF,
    0xAC,0xCA,0xEE,0xFF,0xAC,0xCA,0xEE,0xFF,0xAC,0xCA,0xEE,0xFF,0xAC,0xCA,0xEE,0xFF,0xAC,0xCA,0xEE,0xFF,0xAC,0xCA,0xEE,0xFF,0xAC,0xCA,0xEE,0xFF,0xAC,0xCA,0xEE,0xFF,0xAC,0xCA,0xEE,0xFF,0xAC,0xCA,0xEE,0xFF,0xAC,0xCA,0xEE,0xFF,0xAC,0xCA,0xEE,0xFF,0xAC,0xCA,0xEE,0xFF,0xAC,0xCA,0xEE,0xFF,0xAC,0xCA,0xEE,0xFF,0xAC,0xCA,0xEE,0xFF,
    0xAC,0xCA,0xEE,0xFF,0xAC,0xCA,0xEE,0xFF,0xAC,0xCA,0xEE,0xFF,0xAC,0xCA,0xEE,0xFF,0xAC,0xCA,0xEE,0xFF,0xAC,0xCA,0xEE,0xFF,0xAC,0xCA,0xEE,0xFF,0xAC,0xCA,0xEE,0xFF,0xAC,0xCA,0xEE,0xFF,0xAC,0xCA,0xEE,0xFF,0xAC,0xCA,0xEE,0xFF,0xAC,0xCA,0xEE,0xFF,0xAC,0xCA,0xEE,0xFF,0xAC,0xCA,0xEE,0xFF,0xAC,0xCA,0xEE,0xFF,0xAC,0xCA,0xEE,0xFF,
    0xAC,0xCA,0xEE,0xFF,0xAC,0xCA,0xEE,0xFF,0xAC,0xCA,0xEE,0xFF,0xAC,0xCA,0xEE,0xFF,0xAC,0xCA,0xEE,0xFF,0xAC,0xCA,0xEE,0xFF,0xAC,0xCA,0xEE,0xFF,0xAC,0xCA,0xEE,0xFF,0xAC,0xCA,0xEE,0xFF,0xAC,0xCA,0xEE,0xFF,0xAC,0xCA,0xEE,0xFF,0xAC,0xCA,0xEE,0xFF,0xAC,0xCA,0xEE,0xFF,0xAC,0xCA,0xEE,0xFF,0xAC,0xCA,0xEE,0xFF,0xAC,0xCA,0xEE,0xFF,
    0xAC,0xCA,0xEE,0xFF,0xAC,0xCA,0xEE,0xFF,0xAC,0xCA,0xEE,0xFF,0xAC,0xCA,0xEE,0xFF,0xAC,0xCA,0xEE,0xFF,0xAC,0xCA,0xEE,0xFF,0xAC,0xCA,0xEE,0xFF,0xAC,0xCA,0xEE,0xFF,0xAC,0xCA,0xEE,0xFF,0xAC,0xCA,0xEE,0xFF,0xAC,0xCA,0xEE,0xFF,0xAC,0xCA,0xEE,0xFF,0xAC,0xCA,0xEE,0xFF,0xAC,0xCA,0xEE,0xFF,0xAC,0xCA,0xEE,0xFF,0xAC,0xCA,0xEE,0xFF,
    0xAC,0xCA,0xEE,0xFF,0xAC,0xCA,0xEE,0xFF,0xAC,0xCA,0xEE,0xFF,0xAC,0xCA,0xEE,0xFF,0xAD,0xCB,0xEE,0x92,0xB3,0xCC,0xE6,0x0A,0x00,0x00,0x00,0x00,0x00,0x00,0x00,0x00,0x00,0x00,0x00,0x00,0x00,0x00,0x00,0x00,0x00,0x00,0x00,0x00,0xFF,0xFF,0xFF,0x01,0xAE,0xCD,0xEE,0x5B,0xAC,0xCA,0xEE,0xDE,0xAC,0xCA,0xEE,0xFF,0xAC,0xCA,0xEE,0xFF,
    0xAC,0xCA,0xEE,0xFF,0xAC,0xCA,0xEE,0xFF,0xAC,0xCA,0xEE,0xFF,0xAC,0xCA,0xEE,0xFF,0xAC,0xCA,0xEE,0xFF,0xAC,0xCA,0xEE,0xFF,0xAC,0xCA,0xEE,0xFF,0xAC,0xCA,0xEE,0xFF,0xAC,0xCA,0xEE,0xFF,0xAC,0xCA,0xEE,0xFF,0xAC,0xCA,0xEE,0xFF,0xAC,0xCA,0xEE,0xFF,0xAC,0xCA,0xEE,0xFF,0xAC,0xCA,0xEE,0xFF,0xAC,0xCA,0xEE,0xFF,0xAC,0xCA,0xEE,0xFF,
    0xAC,0xCA,0xEE,0xFF,0xAC,0xCA,0xEE,0xFF,0xAC,0xCA,0xEE,0xFF,0xAC,0xCA,0xEE,0xFF,0xAC,0xCA,0xEE,0xFF,0xAC,0xCA,0xEE,0xFF,0xAC,0xCA,0xEE,0xFF,0xAC,0xCA,0xEE,0xFF,0xAC,0xCA,0xEE,0xFF,0xAC,0xCA,0xEE,0xFF,0xAC,0xCA,0xEE,0xFF,0xAC,0xCA,0xEE,0xFF,0xAC,0xCA,0xEE,0xFF,0xAC,0xCA,0xEE,0xFF,0xAC,0xCA,0xEE,0xFF,0xAC,0xCA,0xEE,0xFF,
    0xAC,0xCA,0xEE,0xFF,0xAC,0xCA,0xEE,0xFF,0xAC,0xCA,0xEE,0xFF,0xAC,0xCA,0xEE,0xFF,0xAC,0xCA,0xEE,0xFF,0xAC,0xCA,0xEE,0xFF,0xAC,0xCA,0xEE,0xFF,0xAC,0xCA,0xEE,0xFF,0xAC,0xCA,0xEE,0xFF,0xAC,0xCA,0xEE,0xFF,0xAC,0xCA,0xEE,0xFF,0xAC,0xCA,0xEE,0xFF,0xAC,0xCA,0xEE,0xFF,0xAC,0xCA,0xEE,0xFF,0xAC,0xCA,0xEE,0xFF,0xAC,0xCA,0xEE,0xFF,
    0xAC,0xCA,0xEE,0xFF,0xAC,0xCA,0xEE,0xFF,0xAC,0xCA,0xEE,0xFF,0xAC,0xCA,0xEE,0xFF,0xAC,0xCA,0xEE,0xFF,0xAC,0xCA,0xEE,0xFF,0xAC,0xCA,0xEE,0xFF,0xAC,0xCA,0xEE,0xFF,0xAC,0xCA,0xEE,0xFF,0xAC,0xCA,0xEE,0xFF,0xAC,0xCA,0xEE,0xFF,0xAC,0xCA,0xEE,0xFF,0xAC,0xCA,0xEE,0xFF,0xAC,0xCA,0xEE,0xFF,0xAC,0xCA,0xEE,0xFF,0xAC,0xCA,0xEE,0xFF,
    0xAC,0xCA,0xEE,0xFF,0xAC,0xCA,0xEE,0xFF,0xAC,0xCA,0xEE,0xFF,0xAC,0xCA,0xEE,0xFF,0xAC,0xCA,0xEE,0xFF,0xAC,0xCA,0xEE,0xFF,0xAC,0xCA,0xEE,0xFF,0xAC,0xCA,0xEE,0xFF,0xAC,0xCA,0xEE,0xFF,0xAC,0xCA,0xEE,0xFF,0xAC,0xCA,0xEE,0xFF,0xAC,0xCA,0xEE,0xFF,0xAC,0xCA,0xEE,0xFF,0xAC,0xCA,0xEE,0xFF,0xAC,0xCA,0xEE,0xFF,0xAC,0xCA,0xEE,0xFF,
    0xAC,0xCA,0xEE,0xFF,0xAC,0xCA,0xEE,0xFF,0xAC,0xCA,0xEE,0xFF,0xAC,0xCA,0xEE,0xFF,0xAC,0xCA,0xEE,0xFF,0xAC,0xCA,0xEE,0xFF,0xAC,0xCA,0xEE,0xDE,0xAE,0xCD,0xEE,0x5B,0xFF,0xFF,0xFF,0x01,0x00,0x00,0x00,0x00,0x00,0x00,0x00,0x00,0x00,0x00,0x00,0x00,0x00,0x00,0x00,0x00,0x00,0x00,0x00,0x00,0x00,0x00,0x00,0x00,0x00,0x00,0x00,0x00,
    0x00,0x00,0x00,0x00,0xAA,0xCC,0xEE,0x0F,0xAC,0xC9,0xEE,0x59,0xAB,0xCA,0xEE,0xB1,0xAB,0xC9,0xEE,0xDE,0xAC,0xCA,0xEE,0xFA,0xAC,0xCA,0xEE,0xFF,0xAC,0xCA,0xEE,0xFF,0xAC,0xCA,0xEE,0xFF,0xAC,0xCA,0xEE,0xFF,0xAC,0xCA,0xEE,0xFF,0xAC,0xCA,0xEE,0xFF,0xAC,0xCA,0xEE,0xFF,0xAC,0xCA,0xEE,0xFF,0xAC,0xCA,0xEE,0xFF,0xAC,0xCA,0xEE,0xFF,
    0xAC,0xCA,0xEE,0xFF,0xAC,0xCA,0xEE,0xFF,0xAC,0xCA,0xEE,0xFF,0xAC,0xCA,0xEE,0xFF,0xAC,0xCA,0xEE,0xFF,0xAC,0xCA,0xEE,0xFF,0xAC,0xCA,0xEE,0xFF,0xAC,0xCA,0xEE,0xFF,0xAC,0xCA,0xEE,0xFF,0xAC,0xCA,0xEE,0xFF,0xAC,0xCA,0xEE,0xFF,0xAC,0xCA,0xEE,0xFF,0xAC,0xCA,0xEE,0xFF,0xAC,0xCA,0xEE,0xFF,0xAC,0xCA,0xEE,0xFF,0xAC,0xCA,0xEE,0xFF,
    0xAC,0xCA,0xEE,0xFF,0xAC,0xCA,0xEE,0xFF,0xAC,0xCA,0xEE,0xFF,0xAC,0xCA,0xEE,0xFF,0xAC,0xCA,0xEE,0xFF,0xAC,0xCA,0xEE,0xFF,0xAC,0xCA,0xEE,0xFF,0xAC,0xCA,0xEE,0xFF,0xAC,0xCA,0xEE,0xFF,0xAC,0xCA,0xEE,0xFF,0xAC,0xCA,0xEE,0xFF,0xAC,0xCA,0xEE,0xFF,0xAC,0xCA,0xEE,0xFF,0xAC,0xCA,0xEE,0xFF,0xAC,0xCA,0xEE,0xFF,0xAC,0xCA,0xEE,0xFF,
    0xAC,0xCA,0xEE,0xFF,0xAC,0xCA,0xEE,0xFF,0xAC,0xCA,0xEE,0xFF,0xAC,0xCA,0xEE,0xFF,0xAC,0xCA,0xEE,0xFF,0xAC,0xCA,0xEE,0xFF,0xAC,0xCA,0xEE,0xFF,0xAC,0xCA,0xEE,0xFF,0xAC,0xCA,0xEE,0xFF,0xAC,0xCA,0xEE,0xFF,0xAC,0xCA,0xEE,0xFF,0xAC,0xCA,0xEE,0xFF,0xAC,0xCA,0xEE,0xFF,0xAC,0xCA,0xEE,0xFF,0xAC,0xCA,0xEE,0xFF,0xAC,0xCA,0xEE,0xFF,
    0xAC,0xCA,0xEE,0xFF,0xAC,0xCA,0xEE,0xFF,0xAC,0xCA,0xEE,0xFF,0xAC,0xCA,0xEE,0xFF,0xAC,0xCA,0xEE,0xFF,0xAC,0xCA,0xEE,0xFF,0xAC,0xCA,0xEE,0xFF,0xAC,0xCA,0xEE,0xFF,0xAC,0xCA,0xEE,0xFF,0xAC,0xCA,0xEE,0xFF,0xAC,0xCA,0xEE,0xFF,0xAC,0xCA,0xEE,0xFF,0xAC,0xCA,0xEE,0xFF,0xAC,0xCA,0xEE,0xFF,0xAC,0xCA,0xEE,0xFF,0xAC,0xCA,0xEE,0xFF,
    0xAC,0xCA,0xEE,0xFF,0xAC,0xCA,0xEE,0xFF,0xAC,0xCA,0xEE,0xFF,0xAC,0xCA,0xEE,0xFF,0xAC,0xCA,0xEE,0xFF,0xAC,0xCA,0xEE,0xFF,0xAC,0xCA,0xEE,0xFA,0xAB,0xC9,0xEE,0xDE,0xAB,0xCA,0xEE,0xB1,0xAC,0xC9,0xEE,0x59,0xAA,0xCC,0xEE,0x0F,0x00,0x00,0x00,0x00,0x00,0x00,0x00,0x00,0x00,0x00,0x00,0x00,0x00,0x00,0x00,0x00,0x00,0x00,0x00,0x00
};

const lv_image_dsc_t ui_img_icon_delete_n_png = {
    .header.w = 100,
    .header.h = 60,
    .data_size = sizeof(ui_img_icon_delete_n_png_data),
    .header.cf = LV_COLOR_FORMAT_NATIVE_WITH_ALPHA,
    .header.magic = LV_IMAGE_HEADER_MAGIC,
    .data = ui_img_icon_delete_n_png_data
};
