// Auto-generated from icon_view_p.png by convert_dvr_images.py
// LVGL version: 9.2.2   Image: 100x60 ARGB8888

#include "../ui.h"

#ifndef LV_ATTRIBUTE_MEM_ALIGN
    #define LV_ATTRIBUTE_MEM_ALIGN
#endif

// IMAGE DATA: icon_view_p.png
const LV_ATTRIBUTE_MEM_ALIGN uint8_t ui_img_icon_view_p_png_data[] = {
    0x00,0x00,0x00,0x00,0x00,0x00,0x00,0x00,0x00,0x00,0x00,0x00,0x00,0x00,0x00,0x00,0x00,0x00,0x00,0x00,0x33,0x77,0xEE,0x0F,0x31,0x7B,0xEB,0x59,0x31,0x7A,0xE9,0xB1,0x31,0x7B,0xE9,0xDE,0x32,0x7A,0xEA,0xFA,0x32,0x7B,0xEA,0xFF,0x32,0x7B,0xEA,0xFF,0x32,0x7B,0xEA,0xFF,0x32,0x7B,0xEA,0xFF,0x32,0x7B,0xEA,0xFF,0x32,0x7B,0xEA,0xFF,
    0x32,0x7B,0xEA,0xFF,0x32,0x7B,0xEA,0xFF,0x32,0x7B,0xEA,0xFF,0x32,0x7B,0xEA,0xFF,0x32,0x7B,0xEA,0xFF,0x32,0x7B,0xEA,0xFF,0x32,0x7B,0xEA,0xFF,0x32,0x7B,0xEA,0xFF,0x32,0x7B,0xEA,0xFF,0x32,0x7B,0xEA,0xFF,0x32,0x7B,0xEA,0xFF,0x32,0x7B,0xEA,0xFF,0x32,0x7B,0xEA,0xFF,0x32,0x7B,0xEA,0xFF,0x32,0x7B,0xEA,0xFF,0x32,0x7B,0xEA,0xFF,
    0x32,0x7B,0xEA,0xFF,0x32,0x7B,0xEA,0xFF,0x32,0x7B,0xEA,0xFF,0x32,0x7B,0xEA,0xFF,0x32,0x7B,0xEA,0xFF,0x32,0x7B,0xEA,0xFF,0x32,0x7B,0xEA,0xFF,0x32,0x7B,0xEA,0xFF,0x32,0x7B,0xEA,0xFF,0x32,0x7B,0xEA,0xFF,0x32,0x7B,0xEA,0xFF,0x32,0x7B,0xEA,0xFF,0x32,0x7B,0xEA,0xFF,0x32,0x7B,0xEA,0xFF,0x32,0x7B,0xEA,0xFF,0x32,0x7B,0xEA,0xFF,
    0x32,0x7B,0xEA,0xFF,0x32,0x7B,0xEA,0xFF,0x32,0x7B,0xEA,0xFF,0x32,0x7B,0xEA,0xFF,0x32,0x7B,0xEA,0xFF,0x32,0x7B,0xEA,0xFF,0x32,0x7B,0xEA,0xFF,0x32,0x7B,0xEA,0xFF,0x32,0x7B,0xEA,0xFF,0x32,0x7B,0xEA,0xFF,0x32,0x7B,0xEA,0xFF,0x32,0x7B,0xEA,0xFF,0x32,0x7B,0xEA,0xFF,0x32,0x7B,0xEA,0xFF,0x32,0x7B,0xEA,0xFF,0x32,0x7B,0xEA,0xFF,
    0x32,0x7B,0xEA,0xFF,0x32,0x7B,0xEA,0xFF,0x32,0x7B,0xEA,0xFF,0x32,0x7B,0xEA,0xFF,0x32,0x7B,0xEA,0xFF,0x32,0x7B,0xEA,0xFF,0x32,0x7B,0xEA,0xFF,0x32,0x7B,0xEA,0xFF,0x32,0x7B,0xEA,0xFF,0x32,0x7B,0xEA,0xFF,0x32,0x7B,0xEA,0xFF,0x32,0x7B,0xEA,0xFF,0x32,0x7B,0xEA,0xFF,0x32,0x7B,0xEA,0xFF,0x32,0x7B,0xEA,0xFF,0x32,0x7B,0xEA,0xFF,
    0x32,0x7B,0xEA,0xFF,0x32,0x7B,0xEA,0xFF,0x32,0x7B,0xEA,0xFF,0x32,0x7B,0xEA,0xFF,0x32,0x7B,0xEA,0xFF,0x32,0x7B,0xEA,0xFF,0x32,0x7B,0xEA,0xFF,0x32,0x7B,0xEA,0xFF,0x32,0x7B,0xEA,0xFF,0x32,0x7B,0xEA,0xFF,0x32,0x7A,0xEA,0xFA,0x31,0x7B,0xE9,0xDE,0x31,0x7A,0xE9,0xB1,0x31,0x7B,0xEB,0x59,0x33,0x77,0xEE,0x0F,0x00,0x00,0x00,0x00,
    0x00,0x00,0x00,0x00,0x00,0x00,0x00,0x00,0x00,0x00,0x00,0x00,0x00,0x00,0x00,0x00,0x00,0x00,0x00,0x00,0x00,0x00,0x00,0x00,0x00,0x00,0x00,0x00,0x00,0xFF,0xFF,0x01,0x32,0x7B,0xEB,0x5B,0x31,0x7B,0xEA,0xDE,0x32,0x7B,0xEA,0xFF,0x32,0x7B,0xEA,0xFF,0x32,0x7B,0xEA,0xFF,0x32,0x7B,0xEA,0xFF,0x32,0x7B,0xEA,0xFF,0x32,0x7B,0xEA,0xFF,
    0x32,0x7B,0xEA,0xFF,0x32,0x7B,0xEA,0xFF,0x32,0x7B,0xEA,0xFF,0x32,0x7B,0xEA,0xFF,0x32,0x7B,0xEA,0xFF,0x32,0x7B,0xEA,0xFF,0x32,0x7B,0xEA,0xFF,0x32,0x7B,0xEA,0xFF,0x32,0x7B,0xEA,0xFF,0x32,0x7B,0xEA,0xFF,0x32,0x7B,0xEA,0xFF,0x32,0x7B,0xEA,0xFF,0x32,0x7B,0xEA,0xFF,0x32,0x7B,0xEA,0xFF,0x32,0x7B,0xEA,0xFF,0x32,0x7B,0xEA,0xFF,
    0x32,0x7B,0xEA,0xFF,0x32,0x7B,0xEA,0xFF,0x32,0x7B,0xEA,0xFF,0x32,0x7B,0xEA,0xFF,0x32,0x7B,0xEA,0xFF,0x32,0x7B,0xEA,0xFF,0x32,0x7B,0xEA,0xFF,0x32,0x7B,0xEA,0xFF,0x32,0x7B,0xEA,0xFF,0x32,0x7B,0xEA,0xFF,0x32,0x7B,0xEA,0xFF,0x32,0x7B,0xEA,0xFF,0x32,0x7B,0xEA,0xFF,0x32,0x7B,0xEA,0xFF,0x32,0x7B,0xEA,0xFF,0x32,0x7B,0xEA,0xFF,
    0x32,0x7B,0xEA,0xFF,0x32,0x7B,0xEA,0xFF,0x32,0x7B,0xEA,0xFF,0x32,0x7B,0xEA,0xFF,0x32,0x7B,0xEA,0xFF,0x32,0x7B,0xEA,0xFF,0x32,0x7B,0xEA,0xFF,0x32,0x7B,0xEA,0xFF,0x32,0x7B,0xEA,0xFF,0x32,0x7B,0xEA,0xFF,0x32,0x7B,0xEA,0xFF,0x32,0x7B,0xEA,0xFF,0x32,0x7B,0xEA,0xFF,0x32,0x7B,0xEA,0xFF,0x32,0x7B,0xEA,0xFF,0x32,0x7B,0xEA,0xFF,
    0x32,0x7B,0xEA,0xFF,0x32,0x7B,0xEA,0xFF,0x32,0x7B,0xEA,0xFF,0x32,0x7B,0xEA,0xFF,0x32,0x7B,0xEA,0xFF,0x32,0x7B,0xEA,0xFF,0x32,0x7B,0xEA,0xFF,0x32,0x7B,0xEA,0xFF,0x32,0x7B,0xEA,0xFF,0x32,0x7B,0xEA,0xFF,0x32,0x7B,0xEA,0xFF,0x32,0x7B,0xEA,0xFF,0x32,0x7B,0xEA,0xFF,0x32,0x7B,0xEA,0xFF,0x32,0x7B,0xEA,0xFF,0x32,0x7B,0xEA,0xFF,
    0x32,0x7B,0xEA,0xFF,0x32,0x7B,0xEA,0xFF,0x32,0x7B,0xEA,0xFF,0x32,0x7B,0xEA,0xFF,0x32,0x7B,0xEA,0xFF,0x32,0x7B,0xEA,0xFF,0x32,0x7B,0xEA,0xFF,0x32,0x7B,0xEA,0xFF,0x32,0x7B,0xEA,0xFF,0x32,0x7B,0xEA,0xFF,0x32,0x7B,0xEA,0xFF,0x32,0x7B,0xEA,0xFF,0x32,0x7B,0xEA,0xFF,0x32,0x7B,0xEA,0xFF,0x32,0x7B,0xEA,0xFF,0x32,0x7B,0xEA,0xFF,
    0x32,0x7B,0xEA,0xFF,0x32,0x7B,0xEA,0xFF,0x31,0x7B,0xEA,0xDE,0x32,0x7B,0xEB,0x5B,0x00,0xFF,0xFF,0x01,0x00,0x00,0x00,0x00,0x00,0x00,0x00,0x00,0x00,0x00,0x00,0x00,0x00,0x00,0x00,0x00,0x00,0x00,0x00,0x00,0x33,0x80,0xE6,0x0A,0x33,0x7A,0xEA,0x92,0x32,0x7B,0xEA,0xFF,0x32,0x7B,0xEA,0xFF,0x32,0x7B,0xEA,0xFF,0x32,0x7B,0xEA,0xFF,
    0x32,0x7B,0xEA,0xFF,0x32,0x7B,0xEA,0xFF,0x32,0x7B,0xEA,0xFF,0x32,0x7B,0xEA,0xFF,0x32,0x7B,0xEA,0xFF,0x32,0x7B,0xEA,0xFF,0x32,0x7B,0xEA,0xFF,0x32,0x7B,0xEA,0xFF,0x32,0x7B,0xEA,0xFF,0x32,0x7B,0xEA,0xFF,0x32,0x7B,0xEA,0xFF,0x32,0x7B,0xEA,0xFF,0x32,0x7B,0xEA,0xFF,0x32,0x7B,0xEA,0xFF,0x32,0x7B,0xEA,0xFF,0x32,0x7B,0xEA,0xFF,
    0x32,0x7B,0xEA,0xFF,0x32,0x7B,0xEA,0xFF,0x32,0x7B,0xEA,0xFF,0x32,0x7B,0xEA,0xFF,0x32,0x7B,0xEA,0xFF,0x32,0x7B,0xEA,0xFF,0x32,0x7B,0xEA,0xFF,0x32,0x7B,0xEA,0xFF,0x32,0x7B,0xEA,0xFF,0x32,0x7B,0xEA,0xFF,0x32,0x7B,0xEA,0xFF,0x32,0x7B,0xEA,0xFF,0x32,0x7B,0xEA,0xFF,0x32,0x7B,0xEA,0xFF,0x32,0x7B,0xEA,0xFF,0x32,0x7B,0xEA,0xFF,
    0x32,0x7B,0xEA,0xFF,0x32,0x7B,0xEA,0xFF,0x32,0x7B,0xEA,0xFF,0x32,0x7B,0xEA,0xFF,0x32,0x7B,0xEA,0xFF,0x32,0x7B,0xEA,0xFF,0x32,0x7B,0xEA,0xFF,0x32,0x7B,0xEA,0xFF,0x32,0x7B,0xEA,0xFF,0x32,0x7B,0xEA,0xFF,0x32,0x7B,0xEA,0xFF,0x32,0x7B,0xEA,0xFF,0x32,0x7B,0xEA,0xFF,0x32,0x7B,0xEA,0xFF,0x32,0x7B,0xEA,0xFF,0x32,0x7B,0xEA,0xFF,
    0x32,0x7B,0xEA,0xFF,0x32,0x7B,0xEA,0xFF,0x32,0x7B,0xEA,0xFF,0x32,0x7B,0xEA,0xFF,0x32,0x7B,0xEA,0xFF,0x32,0x7B,0xEA,0xFF,0x32,0x7B,0xEA,0xFF,0x32,0x7B,0xEA,0xFF,0x32,0x7B,0xEA,0xFF,0x32,0x7B,0xEA,0xFF,0x32,0x7B,0xEA,0xFF,0x32,0x7B,0xEA,0xFF,0x32,0x7B,0xEA,0xFF,0x32,0x7B,0xEA,0xFF,0x32,0x7B,0xEA,0xFF,0x32,0x7B,0xEA,0xFF,
    0x32,0x7B,0xEA,0xFF,0x32,0x7B,0xEA,0xFF,0x32,0x7B,0xEA,0xFF,0x32,0x7B,0xEA,0xFF,0x32,0x7B,0xEA,0xFF,0x32,0x7B,0xEA,0xFF,0x32,0x7B,0xEA,0xFF,0x32,0x7B,0xEA,0xFF,0x32,0x7B,0xEA,0xFF,0x32,0x7B,0xEA,0xFF,0x32,0x7B,0xEA,0xFF,0x32,0x7B,0xEA,0xFF,0x32,0x7B,0xEA,0xFF,0x32,0x7B,0xEA,0xFF,0x32,0x7B,0xEA,0xFF,0x32,0x7B,0xEA,0xFF,
    0x32,0x7B,0xEA,0xFF,0x32,0x7B,0xEA,0xFF,0x32,0x7B,0xEA,0xFF,0x32,0x7B,0xEA,0xFF,0x32,0x7B,0xEA,0xFF,0x32,0x7B,0xEA,0xFF,0x32,0x7B,0xEA,0xFF,0x32,0x7B,0xEA,0xFF,0x33,0x7A,0xEA,0x92,0x33,0x80,0xE6,0x0A,0x00,0x00,0x00,0x00,0x00,0x00,0x00,0x00,0x00,0x00,0x00,0x00,0x00,0xFF,0xFF,0x01,0x33,0x7A,0xEA,0x92,0x32,0x7B,0xEA,0xFF,
    0x32,0x7B,0xEA,0xFF,0x32,0x7B,0xEA,0xFF,0x32,0x7B,0xEA,0xFF,0x32,0x7B,0xEA,0xFF,0x32,0x7B,0xEA,0xFF,0x32,0x7B,0xEA,0xFF,0x32,0x7B,0xEA,0xFF,0x32,0x7B,0xEA,0xFF,0x32,0x7B,0xEA,0xFF,0x32,0x7B,0xEA,0xFF,0x32,0x7B,0xEA,0xFF,0x32,0x7B,0xEA,0xFF,0x32,0x7B,0xEA,0xFF,0x32,0x7B,0xEA,0xFF,0x32,0x7B,0xEA,0xFF,0x32,0x7B,0xEA,0xFF,
    0x32,0x7B,0xEA,0xFF,0x32,0x7B,0xEA,0xFF,0x32,0x7B,0xEA,0xFF,0x32,0x7B,0xEA,0xFF,0x32,0x7B,0xEA,0xFF,0x32,0x7B,0xEA,0xFF,0x32,0x7B,0xEA,0xFF,0x32,0x7B,0xEA,0xFF,0x32,0x7B,0xEA,0xFF,0x32,0x7B,0xEA,0xFF,0x32,0x7B,0xEA,0xFF,0x32,0x7B,0xEA,0xFF,0x32,0x7B,0xEA,0xFF,0x32,0x7B,0xEA,0xFF,0x32,0x7B,0xEA,0xFF,0x32,0x7B,0xEA,0xFF,
    0x32,0x7B,0xEA,0xFF,0x32,0x7B,0xEA,0xFF,0x32,0x7B,0xEA,0xFF,0x32,0x7B,0xEA,0xFF,0x32,0x7B,0xEA,0xFF,0x32,0x7B,0xEA,0xFF,0x32,0x7B,0xEA,0xFF,0x32,0x7B,0xEA,0xFF,0x32,0x7B,0xEA,0xFF,0x32,0x7B,0xEA,0xFF,0x32,0x7B,0xEA,0xFF,0x32,0x7B,0xEA,0xFF,0x32,0x7B,0xEA,0xFF,0x32,0x7B,0xEA,0xFF,0x32,0x7B,0xEA,0xFF,0x32,0x7B,0xEA,0xFF,
    0x32,0x7B,0xEA,0xFF,0x32,0x7B,0xEA,0xFF,0x32,0x7B,0xEA,0xFF,0x32,0x7B,0xEA,0xFF,0x32,0x7B,0xEA,0xFF,0x32,0x7B,0xEA,0xFF,0x32,0x7B,0xEA,0xFF,0x32,0x7B,0xEA,0xFF,0x32,0x7B,0xEA,0xFF,0x32,0x7B,0xEA,0xFF,0x32,0x7B,0xEA,0xFF,0x32,0x7B,0xEA,0xFF,0x32,0x7B,0xEA,0xFF,0x32,0x7B,0xEA,0xFF,0x32,0x7B,0xEA,0xFF,0x32,0x7B,0xEA,0xFF,
    0x32,0x7B,0xEA,0xFF,0x32,0x7B,0xEA,0xFF,0x32,0x7B,0xEA,0xFF,0x32,0x7B,0xEA,0xFF,0x32,0x7B,0xEA,0xFF,0x32,0x7B,0xEA,0xFF,0x32,0x7B,0xEA,0xFF,0x32,0x7B,0xEA,0xFF,0x32,0x7B,0xEA,0xFF,0x32,0x7B,0xEA,0xFF,0x32,0x7B,0xEA,0xFF,0x32,0x7B,0xEA,0xFF,0x32,0x7B,0xEA,0xFF,0x32,0x7B,0xEA,0xFF,0x32,0x7B,0xEA,0xFF,0x32,0x7B,0xEA,0xFF,
    0x32,0x7B,0xEA,0xFF,0x32,0x7B,0xEA,0xFF,0x32,0x7B,0xEA,0xFF,0x32,0x7B,0xEA,0xFF,0x32,0x7B,0xEA,0xFF,0x32,0x7B,0xEA,0xFF,0x32,0x7B,0xEA,0xFF,0x32,0x7B,0xEA,0xFF,0x32,0x7B,0xEA,0xFF,0x32,0x7B,0xEA,0xFF,0x32,0x7B,0xEA,0xFF,0x32,0x7B,0xEA,0xFF,0x32,0x7B,0xEA,0xFF,0x33,0x7A,0xEA,0x92,0x00,0xFF,0xFF,0x01,0x00,0x00,0x00,0x00,
    0x00,0x00,0x00,0x00,0x32,0x7B,0xEB,0x5B,0x32,0x7B,0xEA,0xFF,0x32,0x7B,0xEA,0xFF,0x32,0x7B,0xEA,0xFF,0x32,0x7B,0xEA,0xFF,0x32,0x7B,0xEA,0xFF,0x32,0x7B,0xEA,0xFF,0x32,0x7B,0xEA,0xFF,0x32,0x7B,0xEA,0xFF,0x32,0x7B,0xEA,0xFF,0x32,0x7B,0xEA,0xFF,0x32,0x7B,0xEA,0xFF,0x32,0x7B,0xEA,0xFF,0x32,0x7B,0xEA,0xFF,0x32,0x7B,0xEA,0xFF,
    0x32,0x7B,0xEA,0xFF,0x32,0x7B,0xEA,0xFF,0x32,0x7B,0xEA,0xFF,0x32,0x7B,0xEA,0xFF,0x32,0x7B,0xEA,0xFF,0x32,0x7B,0xEA,0xFF,0x32,0x7B,0xEA,0xFF,0x32,0x7B,0xEA,0xFF,0x32,0x7B,0xEA,0xFF,0x32,0x7B,0xEA,0xFF,0x32,0x7B,0xEA,0xFF,0x32,0x7B,0xEA,0xFF,0x32,0x7B,0xEA,0xFF,0x32,0x7B,0xEA,0xFF,0x32,0x7B,0xEA,0xFF,0x32,0x7B,0xEA,0xFF,
    0x32,0x7B,0xEA,0xFF,0x32,0x7B,0xEA,0xFF,0x32,0x7B,0xEA,0xFF,0x32,0x7B,0xEA,0xFF,0x32,0x7B,0xEA,0xFF,0x32,0x7B,0xEA,0xFF,0x32,0x7B,0xEA,0xFF,0x32,0x7B,0xEA,0xFF,0x32,0x7B,0xEA,0xFF,0x32,0x7B,0xEA,0xFF,0x32,0x7B,0xEA,0xFF,0x32,0x7B,0xEA,0xFF,0x32,0x7B,0xEA,0xFF,0x32,0x7B,0xEA,0xFF,0x32,0x7B,0xEA,0xFF,0x32,0x7B,0xEA,0xFF,
    0x32,0x7B,0xEA,0xFF,0x32,0x7B,0xEA,0xFF,0x32,0x7B,0xEA,0xFF,0x32,0x7B,0xEA,0xFF,0x32,0x7B,0xEA,0xFF,0x32,0x7B,0xEA,0xFF,0x32,0x7B,0xEA,0xFF,0x32,0x7B,0xEA,0xFF,0x32,0x7B,0xEA,0xFF,0x32,0x7B,0xEA,0xFF,0x32,0x7B,0xEA,0xFF,0x32,0x7B,0xEA,0xFF,0x32,0x7B,0xEA,0xFF,0x32,0x7B,0xEA,0xFF,0x32,0x7B,0xEA,0xFF,0x32,0x7B,0xEA,0xFF,
    0x32,0x7B,0xEA,0xFF,0x32,0x7B,0xEA,0xFF,0x32,0x7B,0xEA,0xFF,0x32,0x7B,0xEA,0xFF,0x32,0x7B,0xEA,0xFF,0x32,0x7B,0xEA,0xFF,0x32,0x7B,0xEA,0xFF,0x32,0x7B,0xEA,0xFF,0x32,0x7B,0xEA,0xFF,0x32,0x7B,0xEA,0xFF,0x32,0x7B,0xEA,0xFF,0x32,0x7B,0xEA,0xFF,0x32,0x7B,0xEA,0xFF,0x32,0x7B,0xEA,0xFF,0x32,0x7B,0xEA,0xFF,0x32,0x7B,0xEA,0xFF,
    0x32,0x7B,0xEA,0xFF,0x32,0x7B,0xEA,0xFF,0x32,0x7B,0xEA,0xFF,0x32,0x7B,0xEA,0xFF,0x32,0x7B,0xEA,0xFF,0x32,0x7B,0xEA,0xFF,0x32,0x7B,0xEA,0xFF,0x32,0x7B,0xEA,0xFF,0x32,0x7B,0xEA,0xFF,0x32,0x7B,0xEA,0xFF,0x32,0x7B,0xEA,0xFF,0x32,0x7B,0xEA,0xFF,0x32,0x7B,0xEA,0xFF,0x32,0x7B,0xEA,0xFF,0x32,0x7B,0xEA,0xFF,0x32,0x7B,0xEA,0xFF,
    0x32,0x7B,0xEA,0xFF,0x32,0x7B,0xEA,0xFF,0x32,0x7B,0xEB,0x5B,0x00,0x00,0x00,0x00,0x33,0x77,0xEE,0x0F,0x31,0x7B,0xEA,0xDE,0x32,0x7B,0xEA,0xFF,0x32,0x7B,0xEA,0xFF,0x32,0x7B,0xEA,0xFF,0x32,0x7B,0xEA,0xFF,0x32,0x7B,0xEA,0xFF,0x32,0x7B,0xEA,0xFF,0x32,0x7B,0xEA,0xFF,0x32,0x7B,0xEA,0xFF,0x32,0x7B,0xEA,0xFF,0x32,0x7B,0xEA,0xFF,
    0x32,0x7B,0xEA,0xFF,0x32,0x7B,0xEA,0xFF,0x32,0x7B,0xEA,0xFF,0x32,0x7B,0xEA,0xFF,0x32,0x7B,0xEA,0xFF,0x32,0x7B,0xEA,0xFF,0x32,0x7B,0xEA,0xFF,0x32,0x7B,0xEA,0xFF,0x32,0x7B,0xEA,0xFF,0x32,0x7B,0xEA,0xFF,0x32,0x7B,0xEA,0xFF,0x32,0x7B,0xEA,0xFF,0x32,0x7B,0xEA,0xFF,0x32,0x7B,0xEA,0xFF,0x32,0x7B,0xEA,0xFF,0x32,0x7B,0xEA,0xFF,
    0x32,0x7B,0xEA,0xFF,0x32,0x7B,0xEA,0xFF,0x32,0x7B,0xEA,0xFF,0x32,0x7B,0xEA,0xFF,0x32,0x7B,0xEA,0xFF,0x32,0x7B,0xEA,0xFF,0x32,0x7B,0xEA,0xFF,0x32,0x7B,0xEA,0xFF,0x32,0x7B,0xEA,0xFF,0x32,0x7B,0xEA,0xFF,0x32,0x7B,0xEA,0xFF,0x32,0x7B,0xEA,0xFF,0x32,0x7B,0xEA,0xFF,0x32,0x7B,0xEA,0xFF,0x32,0x7B,0xEA,0xFF,0x32,0x7B,0xEA,0xFF,
    0x32,0x7B,0xEA,0xFF,0x32,0x7B,0xEA,0xFF,0x32,0x7B,0xEA,0xFF,0x32,0x7B,0xEA,0xFF,0x32,0x7B,0xEA,0xFF,0x32,0x7B,0xEA,0xFF,0x32,0x7B,0xEA,0xFF,0x32,0x7B,0xEA,0xFF,0x32,0x7B,0xEA,0xFF,0x32,0x7B,0xEA,0xFF,0x32,0x7B,0xEA,0xFF,0x32,0x7B,0xEA,0xFF,0x32,0x7B,0xEA,0xFF,0x32,0x7B,0xEA,0xFF,0x32,0x7B,0xEA,0xFF,0x32,0x7B,0xEA,0xFF,
    0x32,0x7B,0xEA,0xFF,0x32,0x7B,0xEA,0xFF,0x32,0x7B,0xEA,0xFF,0x32,0x7B,0xEA,0xFF,0x32,0x7B,0xEA,0xFF,0x32,0x7B,0xEA,0xFF,0x32,0x7B,0xEA,0xFF,0x32,0x7B,0xEA,0xFF,0x32,0x7B,0xEA,0xFF,0x32,0x7B,0xEA,0xFF,0x32,0x7B,0xEA,0xFF,0x32,0x7B,0xEA,0xFF,0x32,0x7B,0xEA,0xFF,0x32,0x7B,0xEA,0xFF,0x32,0x7B,0xEA,0xFF,0x32,0x7B,0xEA,0xFF,
    0x32,0x7B,0xEA,0xFF,0x32,0x7B,0xEA,0xFF,0x32,0x7B,0xEA,0xFF,0x32,0x7B,0xEA,0xFF,0x32,0x7B,0xEA,0xFF,0x32,0x7B,0xEA,0xFF,0x32,0x7B,0xEA,0xFF,0x32,0x7B,0xEA,0xFF,0x32,0x7B,0xEA,0xFF,0x32,0x7B,0xEA,0xFF,0x32,0x7B,0xEA,0xFF,0x32,0x7B,0xEA,0xFF,0x32,0x7B,0xEA,0xFF,0x32,0x7B,0xEA,0xFF,0x32,0x7B,0xEA,0xFF,0x32,0x7B,0xEA,0xFF,
    0x32,0x7B,0xEA,0xFF,0x32,0x7B,0xEA,0xFF,0x32,0x7B,0xEA,0xFF,0x32,0x7B,0xEA,0xFF,0x32,0x7B,0xEA,0xFF,0x32,0x7B,0xEA,0xFF,0x31,0x7B,0xEA,0xDE,0x33,0x77,0xEE,0x0F,0x31,0x7B,0xEB,0x59,0x32,0x7B,0xEA,0xFF,0x32,0x7B,0xEA,0xFF,0x32,0x7B,0xEA,0xFF,0x32,0x7B,0xEA,0xFF,0x32,0x7B,0xEA,0xFF,0x32,0x7B,0xEA,0xFF,0x32,0x7B,0xEA,0xFF,
    0x32,0x7B,0xEA,0xFF,0x32,0x7B,0xEA,0xFF,0x32,0x7B,0xEA,0xFF,0x32,0x7B,0xEA,0xFF,0x32,0x7B,0xEA,0xFF,0x32,0x7B,0xEA,0xFF,0x32,0x7B,0xEA,0xFF,0x32,0x7B,0xEA,0xFF,0x32,0x7B,0xEA,0xFF,0x32,0x7B,0xEA,0xFF,0x32,0x7B,0xEA,0xFF,0x32,0x7B,0xEA,0xFF,0x32,0x7B,0xEA,0xFF,0x32,0x7B,0xEA,0xFF,0x32,0x7B,0xEA,0xFF,0x32,0x7B,0xEA,0xFF,
    0x32,0x7B,0xEA,0xFF,0x32,0x7B,0xEA,0xFF,0x32,0x7B,0xEA,0xFF,0x32,0x7B,0xEA,0xFF,0x32,0x7B,0xEA,0xFF,0x32,0x7B,0xEA,0xFF,0x32,0x7B,0xEA,0xFF,0x32,0x7B,0xEA,0xFF,0x32,0x7B,0xEA,0xFF,0x32,0x7B,0xEA,0xFF,0x32,0x7B,0xEA,0xFF,0x32,0x7B,0xEA,0xFF,0x32,0x7B,0xEA,0xFF,0x32,0x7B,0xEA,0xFF,0x32,0x7B,0xEA,0xFF,0x32,0x7B,0xEA,0xFF,
    0x32,0x7B,0xEA,0xFF,0x32,0x7B,0xEA,0xFF,0x32,0x7B,0xEA,0xFF,0x32,0x7B,0xEA,0xFF,0x32,0x7B,0xEA,0xFF,0x32,0x7B,0xEA,0xFF,0x32,0x7B,0xEA,0xFF,0x32,0x7B,0xEA,0xFF,0x32,0x7B,0xEA,0xFF,0x32,0x7B,0xEA,0xFF,0x32,0x7B,0xEA,0xFF,0x32,0x7B,0xEA,0xFF,0x32,0x7B,0xEA,0xFF,0x32,0x7B,0xEA,0xFF,0x32,0x7B,0xEA,0xFF,0x32,0x7B,0xEA,0xFF,
    0x32,0x7B,0xEA,0xFF,0x32,0x7B,0xEA,0xFF,0x32,0x7B,0xEA,0xFF,0x32,0x7B,0xEA,0xFF,0x32,0x7B,0xEA,0xFF,0x32,0x7B,0xEA,0xFF,0x32,0x7B,0xEA,0xFF,0x32,0x7B,0xEA,0xFF,0x32,0x7B,0xEA,0xFF,0x32,0x7B,0xEA,0xFF,0x32,0x7B,0xEA,0xFF,0x32,0x7B,0xEA,0xFF,0x32,0x7B,0xEA,0xFF,0x32,0x7B,0xEA,0xFF,0x32,0x7B,0xEA,0xFF,0x32,0x7B,0xEA,0xFF,
    0x32,0x7B,0xEA,0xFF,0x32,0x7B,0xEA,0xFF,0x32,0x7B,0xEA,0xFF,0x32,0x7B,0xEA,0xFF,0x32,0x7B,0xEA,0xFF,0x32,0x7B,0xEA,0xFF,0x32,0x7B,0xEA,0xFF,0x32,0x7B,0xEA,0xFF,0x32,0x7B,0xEA,0xFF,0x32,0x7B,0xEA,0xFF,0x32,0x7B,0xEA,0xFF,0x32,0x7B,0xEA,0xFF,0x32,0x7B,0xEA,0xFF,0x32,0x7B,0xEA,0xFF,0x32,0x7B,0xEA,0xFF,0x32,0x7B,0xEA,0xFF,
    0x32,0x7B,0xEA,0xFF,0x32,0x7B,0xEA,0xFF,0x32,0x7B,0xEA,0xFF,0x32,0x7B,0xEA,0xFF,0x32,0x7B,0xEA,0xFF,0x32,0x7B,0xEA,0xFF,0x32,0x7B,0xEA,0xFF,0x32,0x7B,0xEA,0xFF,0x32,0x7B,0xEA,0xFF,0x32,0x7B,0xEA,0xFF,0x32,0x7B,0xEA,0xFF,0x31,0x7B,0xEB,0x59,0x31,0x7A,0xE9,0xB1,0x32,0x7B,0xEA,0xFF,0x32,0x7B,0xEA,0xFF,0x32,0x7B,0xEA,0xFF,
    0x32,0x7B,0xEA,0xFF,0x32,0x7B,0xEA,0xFF,0x32,0x7B,0xEA,0xFF,0x32,0x7B,0xEA,0xFF,0x32,0x7B,0xEA,0xFF,0x32,0x7B,0xEA,0xFF,0x32,0x7B,0xEA,0xFF,0x32,0x7B,0xEA,0xFF,0x32,0x7B,0xEA,0xFF,0x32,0x7B,0xEA,0xFF,0x32,0x7B,0xEA,0xFF,0x32,0x7B,0xEA,0xFF,0x32,0x7B,0xEA,0xFF,0x32,0x7B,0xEA,0xFF,0x32,0x7B,0xEA,0xFF,0x32,0x7B,0xEA,0xFF,
    0x32,0x7B,0xEA,0xFF,0x32,0x7B,0xEA,0xFF,0x32,0x7B,0xEA,0xFF,0x32,0x7B,0xEA,0xFF,0x32,0x7B,0xEA,0xFF,0x32,0x7B,0xEA,0xFF,0x32,0x7B,0xEA,0xFF,0x32,0x7B,0xEA,0xFF,0x32,0x7B,0xEA,0xFF,0x32,0x7B,0xEA,0xFF,0x32,0x7B,0xEA,0xFF,0x32,0x7B,0xEA,0xFF,0x32,0x7B,0xEA,0xFF,0x32,0x7B,0xEA,0xFF,0x32,0x7B,0xEA,0xFF,0x32,0x7B,0xEA,0xFF,
    0x32,0x7B,0xEA,0xFF,0x32,0x7B,0xEA,0xFF,0x32,0x7B,0xEA,0xFF,0x32,0x7B,0xEA,0xFF,0x32,0x7B,0xEA,0xFF,0x32,0x7B,0xEA,0xFF,0x32,0x7B,0xEA,0xFF,0x32,0x7B,0xEA,0xFF,0x32,0x7B,0xEA,0xFF,0x32,0x7B,0xEA,0xFF,0x32,0x7B,0xEA,0xFF,0x32,0x7B,0xEA,0xFF,0x32,0x7B,0xEA,0xFF,0x32,0x7B,0xEA,0xFF,0x32,0x7B,0xEA,0xFF,0x32,0x7B,0xEA,0xFF,
    0x32,0x7B,0xEA,0xFF,0x32,0x7B,0xEA,0xFF,0x32,0x7B,0xEA,0xFF,0x32,0x7B,0xEA,0xFF,0x32,0x7B,0xEA,0xFF,0x32,0x7B,0xEA,0xFF,0x32,0x7B,0xEA,0xFF,0x32,0x7B,0xEA,0xFF,0x32,0x7B,0xEA,0xFF,0x32,0x7B,0xEA,0xFF,0x32,0x7B,0xEA,0xFF,0x32,0x7B,0xEA,0xFF,0x32,0x7B,0xEA,0xFF,0x32,0x7B,0xEA,0xFF,0x32,0x7B,0xEA,0xFF,0x32,0x7B,0xEA,0xFF,
    0x32,0x7B,0xEA,0xFF,0x32,0x7B,0xEA,0xFF,0x32,0x7B,0xEA,0xFF,0x32,0x7B,0xEA,0xFF,0x32,0x7B,0xEA,0xFF,0x32,0x7B,0xEA,0xFF,0x32,0x7B,0xEA,0xFF,0x32,0x7B,0xEA,0xFF,0x32,0x7B,0xEA,0xFF,0x32,0x7B,0xEA,0xFF,0x32,0x7B,0xEA,0xFF,0x32,0x7B,0xEA,0xFF,0x32,0x7B,0xEA,0xFF,0x32,0x7B,0xEA,0xFF,0x32,0x7B,0xEA,0xFF,0x32,0x7B,0xEA,0xFF,
    0x32,0x7B,0xEA,0xFF,0x32,0x7B,0xEA,0xFF,0x32,0x7B,0xEA,0xFF,0x32,0x7B,0xEA,0xFF,0x32,0x7B,0xEA,0xFF,0x32,0x7B,0xEA,0xFF,0x32,0x7B,0xEA,0xFF,0x32,0x7B,0xEA,0xFF,0x32,0x7B,0xEA,0xFF,0x32,0x7B,0xEA,0xFF,0x32,0x7B,0xEA,0xFF,0x32,0x7B,0xEA,0xFF,0x32,0x7B,0xEA,0xFF,0x32,0x7B,0xEA,0xFF,0x32,0x7B,0xEA,0xFF,0x31,0x7A,0xE9,0xB1,
    0x31,0x7B,0xE9,0xDE,0x32,0x7B,0xEA,0xFF,0x32,0x7B,0xEA,0xFF,0x32,0x7B,0xEA,0xFF,0x32,0x7B,0xEA,0xFF,0x32,0x7B,0xEA,0xFF,0x32,0x7B,0xEA,0xFF,0x32,0x7B,0xEA,0xFF,0x32,0x7B,0xEA,0xFF,0x32,0x7B,0xEA,0xFF,0x32,0x7B,0xEA,0xFF,0x32,0x7B,0xEA,0xFF,0x32,0x7B,0xEA,0xFF,0x32,0x7B,0xEA,0xFF,0x32,0x7B,0xEA,0xFF,0x32,0x7B,0xEA,0xFF,
    0x32,0x7B,0xEA,0xFF,0x32,0x7B,0xEA,0xFF,0x32,0x7B,0xEA,0xFF,0x32,0x7B,0xEA,0xFF,0x32,0x7B,0xEA,0xFF,0x32,0x7B,0xEA,0xFF,0x32,0x7B,0xEA,0xFF,0x32,0x7B,0xEA,0xFF,0x32,0x7B,0xEA,0xFF,0x32,0x7B,0xEA,0xFF,0x32,0x7B,0xEA,0xFF,0x32,0x7B,0xEA,0xFF,0x32,0x7B,0xEA,0xFF,0x32,0x7B,0xEA,0xFF,0x32,0x7B,0xEA,0xFF,0x32,0x7B,0xEA,0xFF,
    0x32,0x7B,0xEA,0xFF,0x32,0x7B,0xEA,0xFF,0x32,0x7B,0xEA,0xFF,0x32,0x7B,0xEA,0xFF,0x32,0x7B,0xEA,0xFF,0x32,0x7B,0xEA,0xFF,0x32,0x7B,0xEA,0xFF,0x32,0x7B,0xEA,0xFF,0x32,0x7B,0xEA,0xFF,0x32,0x7B,0xEA,0xFF,0x32,0x7B,0xEA,0xFF,0x36,0x81,0xE0,0xFF,0x4B,0x9B,0xBD,0xFF,0x60,0xAF,0xAC,0xFF,0x70,0xC3,0x90,0xFF,0x7C,0xD0,0x83,0xFF,
    0x85,0xD7,0x80,0xFF,0x89,0xDA,0x80,0xFF,0x89,0xDA,0x80,0xFF,0x85,0xD7,0x80,0xFF,0x7C,0xD0,0x83,0xFF,0x70,0xC3,0x90,0xFF,0x60,0xAF,0xAC,0xFF,0x4B,0x9A,0xBD,0xFF,0x36,0x81,0xE0,0xFF,0x32,0x7B,0xEA,0xFF,0x32,0x7B,0xEA,0xFF,0x32,0x7B,0xEA,0xFF,0x32,0x7B,0xEA,0xFF,0x32,0x7B,0xEA,0xFF,0x32,0x7B,0xEA,0xFF,0x32,0x7B,0xEA,0xFF,
    0x32,0x7B,0xEA,0xFF,0x32,0x7B,0xEA,0xFF,0x32,0x7B,0xEA,0xFF,0x32,0x7B,0xEA,0xFF,0x32,0x7B,0xEA,0xFF,0x32,0x7B,0xEA,0xFF,0x32,0x7B,0xEA,0xFF,0x32,0x7B,0xEA,0xFF,0x32,0x7B,0xEA,0xFF,0x32,0x7B,0xEA,0xFF,0x32,0x7B,0xEA,0xFF,0x32,0x7B,0xEA,0xFF,0x32,0x7B,0xEA,0xFF,0x32,0x7B,0xEA,0xFF,0x32,0x7B,0xEA,0xFF,0x32,0x7B,0xEA,0xFF,
    0x32,0x7B,0xEA,0xFF,0x32,0x7B,0xEA,0xFF,0x32,0x7B,0xEA,0xFF,0x32,0x7B,0xEA,0xFF,0x32,0x7B,0xEA,0xFF,0x32,0x7B,0xEA,0xFF,0x32,0x7B,0xEA,0xFF,0x32,0x7B,0xEA,0xFF,0x32,0x7B,0xEA,0xFF,0x32,0x7B,0xEA,0xFF,0x32,0x7B,0xEA,0xFF,0x32,0x7B,0xEA,0xFF,0x32,0x7B,0xEA,0xFF,0x32,0x7B,0xEA,0xFF,0x32,0x7B,0xEA,0xFF,0x32,0x7B,0xEA,0xFF,
    0x32,0x7B,0xEA,0xFF,0x32,0x7B,0xEA,0xFF,0x32,0x7B,0xEA,0xFF,0x31,0x7B,0xE9,0xDE,0x32,0x7A,0xEA,0xFA,0x32,0x7B,0xEA,0xFF,0x32,0x7B,0xEA,0xFF,0x32,0x7B,0xEA,0xFF,0x32,0x7B,0xEA,0xFF,0x32,0x7B,0xEA,0xFF,0x32,0x7B,0xEA,0xFF,0x32,0x7B,0xEA,0xFF,0x32,0x7B,0xEA,0xFF,0x32,0x7B,0xEA,0xFF,0x32,0x7B,0xEA,0xFF,0x32,0x7B,0xEA,0xFF,
    0x32,0x7B,0xEA,0xFF,0x32,0x7B,0xEA,0xFF,0x32,0x7B,0xEA,0xFF,0x32,0x7B,0xEA,0xFF,0x32,0x7B,0xEA,0xFF,0x32,0x7B,0xEA,0xFF,0x32,0x7B,0xEA,0xFF,0x32,0x7B,0xEA,0xFF,0x32,0x7B,0xEA,0xFF,0x32,0x7B,0xEA,0xFF,0x32,0x7B,0xEA,0xFF,0x32,0x7B,0xEA,0xFF,0x32,0x7B,0xEA,0xFF,0x32,0x7B,0xEA,0xFF,0x32,0x7B,0xEA,0xFF,0x32,0x7B,0xEA,0xFF,
    0x32,0x7B,0xEA,0xFF,0x32,0x7B,0xEA,0xFF,0x32,0x7B,0xEA,0xFF,0x32,0x7B,0xEA,0xFF,0x32,0x7B,0xEA,0xFF,0x32,0x7B,0xEA,0xFF,0x32,0x7B,0xEA,0xFF,0x32,0x7B,0xEA,0xFF,0x32,0x7B,0xEA,0xFF,0x32,0x7B,0xEA,0xFF,0x32,0x7B,0xEA,0xFF,0x32,0x7B,0xEA,0xFF,0x32,0x7B,0xEA,0xFF,0x4A,0x99,0xBF,0xFF,0x6D,0xBF,0x95,0xFF,0x86,0xD8,0x80,0xFF,
    0x8A,0xDB,0x80,0xFF,0x8A,0xDB,0x80,0xFF,0x8A,0xDB,0x80,0xFF,0x8A,0xDB,0x80,0xFF,0x8A,0xDB,0x80,0xFF,0x8A,0xDB,0x80,0xFF,0x8A,0xDB,0x80,0xFF,0x8A,0xDB,0x80,0xFF,0x8A,0xDB,0x80,0xFF,0x8A,0xDB,0x80,0xFF,0x8A,0xDB,0x80,0xFF,0x8A,0xDB,0x80,0xFF,0x86,0xD8,0x80,0xFF,0x6D,0xBF,0x95,0xFF,0x4A,0x99,0xBF,0xFF,0x32,0x7B,0xEA,0xFF,
    0x32,0x7B,0xEA,0xFF,0x32,0x7B,0xEA,0xFF,0x32,0x7B,0xEA,0xFF,0x32,0x7B,0xEA,0xFF,0x32,0x7B,0xEA,0xFF,0x32,0x7B,0xEA,0xFF,0x32,0x7B,0xEA,0xFF,0x32,0x7B,0xEA,0xFF,0x32,0x7B,0xEA,0xFF,0x32,0x7B,0xEA,0xFF,0x32,0x7B,0xEA,0xFF,0x32,0x7B,0xEA,0xFF,0x32,0x7B,0xEA,0xFF,0x32,0x7B,0xEA,0xFF,0x32,0x7B,0xEA,0xFF,0x32,0x7B,0xEA,0xFF,
    0x32,0x7B,0xEA,0xFF,0x32,0x7B,0xEA,0xFF,0x32,0x7B,0xEA,0xFF,0x32,0x7B,0xEA,0xFF,0x32,0x7B,0xEA,0xFF,0x32,0x7B,0xEA,0xFF,0x32,0x7B,0xEA,0xFF,0x32,0x7B,0xEA,0xFF,0x32,0x7B,0xEA,0xFF,0x32,0x7B,0xEA,0xFF,0x32,0x7B,0xEA,0xFF,0x32,0x7B,0xEA,0xFF,0x32,0x7B,0xEA,0xFF,0x32,0x7B,0xEA,0xFF,0x32,0x7B,0xEA,0xFF,0x32,0x7B,0xEA,0xFF,
    0x32,0x7B,0xEA,0xFF,0x32,0x7B,0xEA,0xFF,0x32,0x7B,0xEA,0xFF,0x32,0x7B,0xEA,0xFF,0x32,0x7B,0xEA,0xFF,0x32,0x7B,0xEA,0xFF,0x32,0x7B,0xEA,0xFF,0x32,0x7A,0xEA,0xFA,0x32,0x7B,0xEA,0xFF,0x32,0x7B,0xEA,0xFF,0x32,0x7B,0xEA,0xFF,0x32,0x7B,0xEA,0xFF,0x32,0x7B,0xEA,0xFF,0x32,0x7B,0xEA,0xFF,0x32,0x7B,0xEA,0xFF,0x32,0x7B,0xEA,0xFF,
    0x32,0x7B,0xEA,0xFF,0x32,0x7B,0xEA,0xFF,0x32,0x7B,0xEA,0xFF,0x32,0x7B,0xEA,0xFF,0x32,0x7B,0xEA,0xFF,0x32,0x7B,0xEA,0xFF,0x32,0x7B,0xEA,0xFF,0x32,0x7B,0xEA,0xFF,0x32,0x7B,0xEA,0xFF,0x32,0x7B,0xEA,0xFF,0x32,0x7B,0xEA,0xFF,0x32,0x7B,0xEA,0xFF,0x32,0x7B,0xEA,0xFF,0x32,0x7B,0xEA,0xFF,0x32,0x7B,0xEA,0xFF,0x32,0x7B,0xEA,0xFF,
    0x32,0x7B,0xEA,0xFF,0x32,0x7B,0xEA,0xFF,0x32,0x7B,0xEA,0xFF,0x32,0x7B,0xEA,0xFF,0x32,0x7B,0xEA,0xFF,0x32,0x7B,0xEA,0xFF,0x32,0x7B,0xEA,0xFF,0x32,0x7B,0xEA,0xFF,0x32,0x7B,0xEA,0xFF,0x32,0x7B,0xEA,0xFF,0x32,0x7B,0xEA,0xFF,0x32,0x7B,0xEA,0xFF,0x32,0x7B,0xEA,0xFF,0x32,0x7B,0xEA,0xFF,0x32,0x7B,0xEA,0xFF,0x4D,0x9C,0xBE,0xFF,
    0x7A,0xCD,0x87,0xFF,0x8A,0xDB,0x80,0xFF,0x8A,0xDB,0x80,0xFF,0x89,0xDB,0x7F,0xFF,0x6F,0xD2,0x63,0xFF,0x51,0xC9,0x42,0xFF,0x39,0xC1,0x27,0xFF,0x28,0xBC,0x14,0xFF,0x1C,0xB8,0x07,0xFF,0x16,0xB6,0x01,0xFF,0x16,0xB6,0x01,0xFF,0x1C,0xB8,0x07,0xFF,0x28,0xBC,0x14,0xFF,0x39,0xC1,0x27,0xFF,0x51,0xC9,0x42,0xFF,0x6F,0xD2,0x63,0xFF,
    0x89,0xDB,0x7F,0xFF,0x8A,0xDB,0x80,0xFF,0x8A,0xDB,0x80,0xFF,0x7A,0xCD,0x87,0xFF,0x4D,0x9C,0xBE,0xFF,0x32,0x7B,0xEA,0xFF,0x32,0x7B,0xEA,0xFF,0x32,0x7B,0xEA,0xFF,0x32,0x7B,0xEA,0xFF,0x32,0x7B,0xEA,0xFF,0x32,0x7B,0xEA,0xFF,0x32,0x7B,0xEA,0xFF,0x32,0x7B,0xEA,0xFF,0x32,0x7B,0xEA,0xFF,0x32,0x7B,0xEA,0xFF,0x32,0x7B,0xEA,0xFF,
    0x32,0x7B,0xEA,0xFF,0x32,0x7B,0xEA,0xFF,0x32,0x7B,0xEA,0xFF,0x32,0x7B,0xEA,0xFF,0x32,0x7B,0xEA,0xFF,0x32,0x7B,0xEA,0xFF,0x32,0x7B,0xEA,0xFF,0x32,0x7B,0xEA,0xFF,0x32,0x7B,0xEA,0xFF,0x32,0x7B,0xEA,0xFF,0x32,0x7B,0xEA,0xFF,0x32,0x7B,0xEA,0xFF,0x32,0x7B,0xEA,0xFF,0x32,0x7B,0xEA,0xFF,0x32,0x7B,0xEA,0xFF,0x32,0x7B,0xEA,0xFF,
    0x32,0x7B,0xEA,0xFF,0x32,0x7B,0xEA,0xFF,0x32,0x7B,0xEA,0xFF,0x32,0x7B,0xEA,0xFF,0x32,0x7B,0xEA,0xFF,0x32,0x7B,0xEA,0xFF,0x32,0x7B,0xEA,0xFF,0x32,0x7B,0xEA,0xFF,0x32,0x7B,0xEA,0xFF,0x32,0x7B,0xEA,0xFF,0x32,0x7B,0xEA,0xFF,0x32,0x7B,0xEA,0xFF,0x32,0x7B,0xEA,0xFF,0x32,0x7B,0xEA,0xFF,0x32,0x7B,0xEA,0xFF,0x32,0x7B,0xEA,0xFF,
    0x32,0x7B,0xEA,0xFF,0x32,0x7B,0xEA,0xFF,0x32,0x7B,0xEA,0xFF,0x32,0x7B,0xEA,0xFF,0x32,0x7B,0xEA,0xFF,0x32,0x7B,0xEA,0xFF,0x32,0x7B,0xEA,0xFF,0x32,0x7B,0xEA,0xFF,0x32,0x7B,0xEA,0xFF,0x32,0x7B,0xEA,0xFF,0x32,0x7B,0xEA,0xFF,0x32,0x7B,0xEA,0xFF,0x32,0x7B,0xEA,0xFF,0x32,0x7B,0xEA,0xFF,0x32,0x7B,0xEA,0xFF,0x32,0x7B,0xEA,0xFF,
    0x32,0x7B,0xEA,0xFF,0x32,0x7B,0xEA,0xFF,0x32,0x7B,0xEA,0xFF,0x32,0x7B,0xEA,0xFF,0x32,0x7B,0xEA,0xFF,0x32,0x7B,0xEA,0xFF,0x32,0x7B,0xEA,0xFF,0x32,0x7B,0xEA,0xFF,0x32,0x7B,0xEA,0xFF,0x32,0x7B,0xEA,0xFF,0x32,0x7B,0xEA,0xFF,0x32,0x7B,0xEA,0xFF,0x32,0x7B,0xEA,0xFF,0x32,0x7B,0xEA,0xFF,0x32,0x7B,0xEA,0xFF,0x32,0x7B,0xEA,0xFF,
    0x32,0x7B,0xEA,0xFF,0x3D,0x89,0xD4,0xFF,0x73,0xC6,0x8F,0xFF,0x8A,0xDB,0x80,0xFF,0x8A,0xDB,0x80,0xFF,0x7C,0xD6,0x71,0xFF,0x4B,0xC7,0x3B,0xFF,0x20,0xB9,0x0C,0xFF,0x15,0xB6,0x00,0xFF,0x15,0xB6,0x00,0xFF,0x15,0xB6,0x00,0xFF,0x15,0xB6,0x00,0xFF,0x15,0xB6,0x00,0xFF,0x15,0xB6,0x00,0xFF,0x15,0xB6,0x00,0xFF,0x15,0xB6,0x00,0xFF,
    0x15,0xB6,0x00,0xFF,0x15,0xB6,0x00,0xFF,0x15,0xB6,0x00,0xFF,0x15,0xB6,0x00,0xFF,0x20,0xB9,0x0C,0xFF,0x4B,0xC7,0x3B,0xFF,0x7C,0xD6,0x71,0xFF,0x8A,0xDB,0x80,0xFF,0x8A,0xDB,0x80,0xFF,0x73,0xC6,0x8F,0xFF,0x3D,0x89,0xD4,0xFF,0x32,0x7B,0xEA,0xFF,0x32,0x7B,0xEA,0xFF,0x32,0x7B,0xEA,0xFF,0x32,0x7B,0xEA,0xFF,0x32,0x7B,0xEA,0xFF,
    0x32,0x7B,0xEA,0xFF,0x32,0x7B,0xEA,0xFF,0x32,0x7B,0xEA,0xFF,0x32,0x7B,0xEA,0xFF,0x32,0x7B,0xEA,0xFF,0x32,0x7B,0xEA,0xFF,0x32,0x7B,0xEA,0xFF,0x32,0x7B,0xEA,0xFF,0x32,0x7B,0xEA,0xFF,0x32,0x7B,0xEA,0xFF,0x32,0x7B,0xEA,0xFF,0x32,0x7B,0xEA,0xFF,0x32,0x7B,0xEA,0xFF,0x32,0x7B,0xEA,0xFF,0x32,0x7B,0xEA,0xFF,0x32,0x7B,0xEA,0xFF,
    0x32,0x7B,0xEA,0xFF,0x32,0x7B,0xEA,0xFF,0x32,0x7B,0xEA,0xFF,0x32,0x7B,0xEA,0xFF,0x32,0x7B,0xEA,0xFF,0x32,0x7B,0xEA,0xFF,0x32,0x7B,0xEA,0xFF,0x32,0x7B,0xEA,0xFF,0x32,0x7B,0xEA,0xFF,0x32,0x7B,0xEA,0xFF,0x32,0x7B,0xEA,0xFF,0x32,0x7B,0xEA,0xFF,0x32,0x7B,0xEA,0xFF,0x32,0x7B,0xEA,0xFF,0x32,0x7B,0xEA,0xFF,0x32,0x7B,0xEA,0xFF,
    0x32,0x7B,0xEA,0xFF,0x32,0x7B,0xEA,0xFF,0x32,0x7B,0xEA,0xFF,0x32,0x7B,0xEA,0xFF,0x32,0x7B,0xEA,0xFF,0x32,0x7B,0xEA,0xFF,0x32,0x7B,0xEA,0xFF,0x32,0x7B,0xEA,0xFF,0x32,0x7B,0xEA,0xFF,0x32,0x7B,0xEA,0xFF,0x32,0x7B,0xEA,0xFF,0x32,0x7B,0xEA,0xFF,0x32,0x7B,0xEA,0xFF,0x32,0x7B,0xEA,0xFF,0x32,0x7B,0xEA,0xFF,0x32,0x7B,0xEA,0xFF,
    0x32,0x7B,0xEA,0xFF,0x32,0x7B,0xEA,0xFF,0x32,0x7B,0xEA,0xFF,0x32,0x7B,0xEA,0xFF,0x32,0x7B,0xEA,0xFF,0x32,0x7B,0xEA,0xFF,0x32,0x7B,0xEA,0xFF,0x32,0x7B,0xEA,0xFF,0x32,0x7B,0xEA,0xFF,0x32,0x7B,0xEA,0xFF,0x32,0x7B,0xEA,0xFF,0x32,0x7B,0xEA,0xFF,0x32,0x7B,0xEA,0xFF,0x32,0x7B,0xEA,0xFF,0x32,0x7B,0xEA,0xFF,0x32,0x7B,0xEA,0xFF,
    0x32,0x7B,0xEA,0xFF,0x32,0x7B,0xEA,0xFF,0x32,0x7B,0xEA,0xFF,0x32,0x7B,0xEA,0xFF,0x54,0xA3,0xB4,0xFF,0x85,0xD7,0x81,0xFF,0x8A,0xDB,0x80,0xFF,0x7F,0xD7,0x74,0xFF,0x45,0xC5,0x35,0xFF,0x17,0xB7,0x02,0xFF,0x15,0xB6,0x00,0xFF,0x15,0xB6,0x00,0xFF,0x15,0xB6,0x00,0xFF,0x15,0xB6,0x00,0xFF,0x15,0xB6,0x00,0xFF,0x15,0xB6,0x00,0xFF,
    0x15,0xB6,0x00,0xFF,0x15,0xB6,0x00,0xFF,0x15,0xB6,0x00,0xFF,0x15,0xB6,0x00,0xFF,0x15,0xB6,0x00,0xFF,0x15,0xB6,0x00,0xFF,0x15,0xB6,0x00,0xFF,0x15,0xB6,0x00,0xFF,0x15,0xB6,0x00,0xFF,0x15,0xB6,0x00,0xFF,0x17,0xB7,0x02,0xFF,0x45,0xC5,0x35,0xFF,0x7F,0xD7,0x74,0xFF,0x8A,0xDB,0x80,0xFF,0x85,0xD7,0x81,0xFF,0x54,0xA4,0xB4,0xFF,
    0x32,0x7B,0xEA,0xFF,0x32,0x7B,0xEA,0xFF,0x32,0x7B,0xEA,0xFF,0x32,0x7B,0xEA,0xFF,0x32,0x7B,0xEA,0xFF,0x32,0x7B,0xEA,0xFF,0x32,0x7B,0xEA,0xFF,0x32,0x7B,0xEA,0xFF,0x32,0x7B,0xEA,0xFF,0x32,0x7B,0xEA,0xFF,0x32,0x7B,0xEA,0xFF,0x32,0x7B,0xEA,0xFF,0x32,0x7B,0xEA,0xFF,0x32,0x7B,0xEA,0xFF,0x32,0x7B,0xEA,0xFF,0x32,0x7B,0xEA,0xFF,
    0x32,0x7B,0xEA,0xFF,0x32,0x7B,0xEA,0xFF,0x32,0x7B,0xEA,0xFF,0x32,0x7B,0xEA,0xFF,0x32,0x7B,0xEA,0xFF,0x32,0x7B,0xEA,0xFF,0x32,0x7B,0xEA,0xFF,0x32,0x7B,0xEA,0xFF,0x32,0x7B,0xEA,0xFF,0x32,0x7B,0xEA,0xFF,0x32,0x7B,0xEA,0xFF,0x32,0x7B,0xEA,0xFF,0x32,0x7B,0xEA,0xFF,0x32,0x7B,0xEA,0xFF,0x32,0x7B,0xEA,0xFF,0x32,0x7B,0xEA,0xFF,
    0x32,0x7B,0xEA,0xFF,0x32,0x7B,0xEA,0xFF,0x32,0x7B,0xEA,0xFF,0x32,0x7B,0xEA,0xFF,0x32,0x7B,0xEA,0xFF,0x32,0x7B,0xEA,0xFF,0x32,0x7B,0xEA,0xFF,0x32,0x7B,0xEA,0xFF,0x32,0x7B,0xEA,0xFF,0x32,0x7B,0xEA,0xFF,0x32,0x7B,0xEA,0xFF,0x32,0x7B,0xEA,0xFF,0x32,0x7B,0xEA,0xFF,0x32,0x7B,0xEA,0xFF,0x32,0x7B,0xEA,0xFF,0x32,0x7B,0xEA,0xFF,
    0x32,0x7B,0xEA,0xFF,0x32,0x7B,0xEA,0xFF,0x32,0x7B,0xEA,0xFF,0x32,0x7B,0xEA,0xFF,0x32,0x7B,0xEA,0xFF,0x32,0x7B,0xEA,0xFF,0x32,0x7B,0xEA,0xFF,0x32,0x7B,0xEA,0xFF,0x32,0x7B,0xEA,0xFF,0x32,0x7B,0xEA,0xFF,0x32,0x7B,0xEA,0xFF,0x32,0x7B,0xEA,0xFF,0x32,0x7B,0xEA,0xFF,0x32,0x7B,0xEA,0xFF,0x32,0x7B,0xEA,0xFF,0x32,0x7B,0xEA,0xFF,
    0x32,0x7B,0xEA,0xFF,0x32,0x7B,0xEA,0xFF,0x32,0x7B,0xEA,0xFF,0x32,0x7B,0xEA,0xFF,0x32,0x7B,0xEA,0xFF,0x32,0x7B,0xEA,0xFF,0x32,0x7B,0xEA,0xFF,0x5F,0xB1,0xA3,0xFF,0x8A,0xDB,0x80,0xFF,0x8A,0xDB,0x80,0xFF,0x5E,0xCD,0x4F,0xFF,0x1E,0xB9,0x0A,0xFF,0x15,0xB6,0x00,0xFF,0x15,0xB6,0x00,0xFF,0x15,0xB6,0x00,0xFF,0x15,0xB6,0x00,0xFF,
    0x15,0xB6,0x00,0xFF,0x15,0xB6,0x00,0xFF,0x15,0xB6,0x00,0xFF,0x15,0xB6,0x00,0xFF,0x15,0xB6,0x00,0xFF,0x15,0xB6,0x00,0xFF,0x15,0xB6,0x00,0xFF,0x15,0xB6,0x00,0xFF,0x15,0xB6,0x00,0xFF,0x15,0xB6,0x00,0xFF,0x15,0xB6,0x00,0xFF,0x15,0xB6,0x00,0xFF,0x15,0xB6,0x00,0xFF,0x15,0xB6,0x00,0xFF,0x15,0xB6,0x00,0xFF,0x15,0xB6,0x00,0xFF,
    0x1E,0xB9,0x0A,0xFF,0x5E,0xCD,0x4F,0xFF,0x8A,0xDB,0x80,0xFF,0x8A,0xDB,0x80,0xFF,0x5F,0xB1,0xA3,0xFF,0x32,0x7B,0xEA,0xFF,0x32,0x7B,0xEA,0xFF,0x32,0x7B,0xEA,0xFF,0x32,0x7B,0xEA,0xFF,0x32,0x7B,0xEA,0xFF,0x32,0x7B,0xEA,0xFF,0x32,0x7B,0xEA,0xFF,0x32,0x7B,0xEA,0xFF,0x32,0x7B,0xEA,0xFF,0x32,0x7B,0xEA,0xFF,0x32,0x7B,0xEA,0xFF,
    0x32,0x7B,0xEA,0xFF,0x32,0x7B,0xEA,0xFF,0x32,0x7B,0xEA,0xFF,0x32,0x7B,0xEA,0xFF,0x32,0x7B,0xEA,0xFF,0x32,0x7B,0xEA,0xFF,0x32,0x7B,0xEA,0xFF,0x32,0x7B,0xEA,0xFF,0x32,0x7B,0xEA,0xFF,0x32,0x7B,0xEA,0xFF,0x32,0x7B,0xEA,0xFF,0x32,0x7B,0xEA,0xFF,0x32,0x7B,0xEA,0xFF,0x32,0x7B,0xEA,0xFF,0x32,0x7B,0xEA,0xFF,0x32,0x7B,0xEA,0xFF,
    0x32,0x7B,0xEA,0xFF,0x32,0x7B,0xEA,0xFF,0x32,0x7B,0xEA,0xFF,0x32,0x7B,0xEA,0xFF,0x32,0x7B,0xEA,0xFF,0x32,0x7B,0xEA,0xFF,0x32,0x7B,0xEA,0xFF,0x32,0x7B,0xEA,0xFF,0x32,0x7B,0xEA,0xFF,0x32,0x7B,0xEA,0xFF,0x32,0x7B,0xEA,0xFF,0x32,0x7B,0xEA,0xFF,0x32,0x7B,0xEA,0xFF,0x32,0x7B,0xEA,0xFF,0x32,0x7B,0xEA,0xFF,0x32,0x7B,0xEA,0xFF,
    0x32,0x7B,0xEA,0xFF,0x32,0x7B,0xEA,0xFF,0x32,0x7B,0xEA,0xFF,0x32,0x7B,0xEA,0xFF,0x32,0x7B,0xEA,0xFF,0x32,0x7B,0xEA,0xFF,0x32,0x7B,0xEA,0xFF,0x32,0x7B,0xEA,0xFF,0x32,0x7B,0xEA,0xFF,0x32,0x7B,0xEA,0xFF,0x32,0x7B,0xEA,0xFF,0x32,0x7B,0xEA,0xFF,0x32,0x7B,0xEA,0xFF,0x32,0x7B,0xEA,0xFF,0x32,0x7B,0xEA,0xFF,0x32,0x7B,0xEA,0xFF,
    0x32,0x7B,0xEA,0xFF,0x32,0x7B,0xEA,0xFF,0x32,0x7B,0xEA,0xFF,0x32,0x7B,0xEA,0xFF,0x32,0x7B,0xEA,0xFF,0x32,0x7B,0xEA,0xFF,0x32,0x7B,0xEA,0xFF,0x32,0x7B,0xEA,0xFF,0x32,0x7B,0xEA,0xFF,0x32,0x7B,0xEA,0xFF,0x63,0xB5,0x9F,0xFF,0x8A,0xDB,0x80,0xFF,0x87,0xDA,0x7D,0xFF,0x46,0xC5,0x35,0xFF,0x15,0xB6,0x00,0xFF,0x15,0xB6,0x00,0xFF,
    0x15,0xB6,0x00,0xFF,0x15,0xB6,0x00,0xFF,0x15,0xB6,0x00,0xFF,0x15,0xB6,0x00,0xFF,0x15,0xB6,0x00,0xFF,0x15,0xB6,0x00,0xFF,0x15,0xB6,0x00,0xFF,0x15,0xB6,0x00,0xFF,0x15,0xB6,0x00,0xFF,0x15,0xB6,0x00,0xFF,0x15,0xB6,0x00,0xFF,0x15,0xB6,0x00,0xFF,0x15,0xB6,0x00,0xFF,0x15,0xB6,0x00,0xFF,0x15,0xB6,0x00,0xFF,0x15,0xB6,0x00,0xFF,
    0x15,0xB6,0x00,0xFF,0x15,0xB6,0x00,0xFF,0x15,0xB6,0x00,0xFF,0x15,0xB6,0x00,0xFF,0x15,0xB6,0x00,0xFF,0x15,0xB6,0x00,0xFF,0x46,0xC5,0x35,0xFF,0x87,0xDA,0x7D,0xFF,0x8A,0xDB,0x80,0xFF,0x63,0xB6,0xA0,0xFF,0x32,0x7B,0xEA,0xFF,0x32,0x7B,0xEA,0xFF,0x32,0x7B,0xEA,0xFF,0x32,0x7B,0xEA,0xFF,0x32,0x7B,0xEA,0xFF,0x32,0x7B,0xEA,0xFF,
    0x32,0x7B,0xEA,0xFF,0x32,0x7B,0xEA,0xFF,0x32,0x7B,0xEA,0xFF,0x32,0x7B,0xEA,0xFF,0x32,0x7B,0xEA,0xFF,0x32,0x7B,0xEA,0xFF,0x32,0x7B,0xEA,0xFF,0x32,0x7B,0xEA,0xFF,0x32,0x7B,0xEA,0xFF,0x32,0x7B,0xEA,0xFF,0x32,0x7B,0xEA,0xFF,0x32,0x7B,0xEA,0xFF,0x32,0x7B,0xEA,0xFF,0x32,0x7B,0xEA,0xFF,0x32,0x7B,0xEA,0xFF,0x32,0x7B,0xEA,0xFF,
    0x32,0x7B,0xEA,0xFF,0x32,0x7B,0xEA,0xFF,0x32,0x7B,0xEA,0xFF,0x32,0x7B,0xEA,0xFF,0x32,0x7B,0xEA,0xFF,0x32,0x7B,0xEA,0xFF,0x32,0x7B,0xEA,0xFF,0x32,0x7B,0xEA,0xFF,0x32,0x7B,0xEA,0xFF,0x32,0x7B,0xEA,0xFF,0x32,0x7B,0xEA,0xFF,0x32,0x7B,0xEA,0xFF,0x32,0x7B,0xEA,0xFF,0x32,0x7B,0xEA,0xFF,0x32,0x7B,0xEA,0xFF,0x32,0x7B,0xEA,0xFF,
    0x32,0x7B,0xEA,0xFF,0x32,0x7B,0xEA,0xFF,0x32,0x7B,0xEA,0xFF,0x32,0x7B,0xEA,0xFF,0x32,0x7B,0xEA,0xFF,0x32,0x7B,0xEA,0xFF,0x32,0x7B,0xEA,0xFF,0x32,0x7B,0xEA,0xFF,0x32,0x7B,0xEA,0xFF,0x32,0x7B,0xEA,0xFF,0x32,0x7B,0xEA,0xFF,0x32,0x7B,0xEA,0xFF,0x32,0x7B,0xEA,0xFF,0x32,0x7B,0xEA,0xFF,0x32,0x7B,0xEA,0xFF,0x32,0x7B,0xEA,0xFF,
    0x32,0x7B,0xEA,0xFF,0x32,0x7B,0xEA,0xFF,0x32,0x7B,0xEA,0xFF,0x32,0x7B,0xEA,0xFF,0x32,0x7B,0xEA,0xFF,0x32,0x7B,0xEA,0xFF,0x32,0x7B,0xEA,0xFF,0x32,0x7B,0xEA,0xFF,0x32,0x7B,0xEA,0xFF,0x32,0x7B,0xEA,0xFF,0x32,0x7B,0xEA,0xFF,0x32,0x7B,0xEA,0xFF,0x32,0x7B,0xEA,0xFF,0x5F,0xB1,0xA3,0xFF,0x8A,0xDB,0x80,0xFF,0x84,0xD9,0x7A,0xFF,
    0x35,0xC0,0x23,0xFF,0x15,0xB6,0x00,0xFF,0x15,0xB6,0x00,0xFF,0x15,0xB6,0x00,0xFF,0x15,0xB6,0x00,0xFF,0x15,0xB6,0x00,0xFF,0x15,0xB6,0x00,0xFF,0x15,0xB6,0x00,0xFF,0x15,0xB6,0x00,0xFF,0x15,0xB6,0x00,0xFF,0x15,0xB6,0x00,0xFF,0x15,0xB6,0x00,0xFF,0x15,0xB6,0x00,0xFF,0x15,0xB6,0x00,0xFF,0x15,0xB6,0x00,0xFF,0x15,0xB6,0x00,0xFF,
    0x15,0xB6,0x00,0xFF,0x15,0xB6,0x00,0xFF,0x15,0xB6,0x00,0xFF,0x15,0xB6,0x00,0xFF,0x15,0xB6,0x00,0xFF,0x15,0xB6,0x00,0xFF,0x15,0xB6,0x00,0xFF,0x15,0xB6,0x00,0xFF,0x15,0xB6,0x00,0xFF,0x15,0xB6,0x00,0xFF,0x15,0xB6,0x00,0xFF,0x35,0xC0,0x23,0xFF,0x84,0xD9,0x7A,0xFF,0x8A,0xDB,0x80,0xFF,0x5F,0xB1,0xA3,0xFF,0x32,0x7B,0xEA,0xFF,
    0x32,0x7B,0xEA,0xFF,0x32,0x7B,0xEA,0xFF,0x32,0x7B,0xEA,0xFF,0x32,0x7B,0xEA,0xFF,0x32,0x7B,0xEA,0xFF,0x32,0x7B,0xEA,0xFF,0x32,0x7B,0xEA,0xFF,0x32,0x7B,0xEA,0xFF,0x32,0x7B,0xEA,0xFF,0x32,0x7B,0xEA,0xFF,0x32,0x7B,0xEA,0xFF,0x32,0x7B,0xEA,0xFF,0x32,0x7B,0xEA,0xFF,0x32,0x7B,0xEA,0xFF,0x32,0x7B,0xEA,0xFF,0x32,0x7B,0xEA,0xFF,
    0x32,0x7B,0xEA,0xFF,0x32,0x7B,0xEA,0xFF,0x32,0x7B,0xEA,0xFF,0x32,0x7B,0xEA,0xFF,0x32,0x7B,0xEA,0xFF,0x32,0x7B,0xEA,0xFF,0x32,0x7B,0xEA,0xFF,0x32,0x7B,0xEA,0xFF,0x32,0x7B,0xEA,0xFF,0x32,0x7B,0xEA,0xFF,0x32,0x7B,0xEA,0xFF,0x32,0x7B,0xEA,0xFF,0x32,0x7B,0xEA,0xFF,0x32,0x7B,0xEA,0xFF,0x32,0x7B,0xEA,0xFF,0x32,0x7B,0xEA,0xFF,
    0x32,0x7B,0xEA,0xFF,0x32,0x7B,0xEA,0xFF,0x32,0x7B,0xEA,0xFF,0x32,0x7B,0xEA,0xFF,0x32,0x7B,0xEA,0xFF,0x32,0x7B,0xEA,0xFF,0x32,0x7B,0xEA,0xFF,0x32,0x7B,0xEA,0xFF,0x32,0x7B,0xEA,0xFF,0x32,0x7B,0xEA,0xFF,0x32,0x7B,0xEA,0xFF,0x32,0x7B,0xEA,0xFF,0x32,0x7B,0xEA,0xFF,0x32,0x7B,0xEA,0xFF,0x32,0x7B,0xEA,0xFF,0x32,0x7B,0xEA,0xFF,
    0x32,0x7B,0xEA,0xFF,0x32,0x7B,0xEA,0xFF,0x32,0x7B,0xEA,0xFF,0x32,0x7B,0xEA,0xFF,0x32,0x7B,0xEA,0xFF,0x32,0x7B,0xEA,0xFF,0x32,0x7B,0xEA,0xFF,0x32,0x7B,0xEA,0xFF,0x32,0x7B,0xEA,0xFF,0x32,0x7B,0xEA,0xFF,0x32,0x7B,0xEA,0xFF,0x32,0x7B,0xEA,0xFF,0x32,0x7B,0xEA,0xFF,0x32,0x7B,0xEA,0xFF,0x32,0x7B,0xEA,0xFF,0x32,0x7B,0xEA,0xFF,
    0x54,0xA3,0xB4,0xFF,0x8A,0xDB,0x80,0xFF,0x87,0xDA,0x7D,0xFF,0x35,0xC0,0x23,0xFF,0x15,0xB6,0x00,0xFF,0x15,0xB6,0x00,0xFF,0x15,0xB6,0x00,0xFF,0x15,0xB6,0x00,0xFF,0x15,0xB6,0x00,0xFF,0x15,0xB6,0x00,0xFF,0x15,0xB6,0x00,0xFF,0x15,0xB6,0x00,0xFF,0x15,0xB6,0x00,0xFF,0x15,0xB6,0x00,0xFF,0x15,0xB6,0x00,0xFF,0x15,0xB6,0x00,0xFF,
    0x15,0xB6,0x00,0xFF,0x15,0xB6,0x00,0xFF,0x15,0xB6,0x00,0xFF,0x15,0xB6,0x00,0xFF,0x15,0xB6,0x00,0xFF,0x15,0xB6,0x00,0xFF,0x15,0xB6,0x00,0xFF,0x15,0xB6,0x00,0xFF,0x15,0xB6,0x00,0xFF,0x15,0xB6,0x00,0xFF,0x15,0xB6,0x00,0xFF,0x15,0xB6,0x00,0xFF,0x15,0xB6,0x00,0xFF,0x15,0xB6,0x00,0xFF,0x15,0xB6,0x00,0xFF,0x15,0xB6,0x00,0xFF,
    0x35,0xC0,0x23,0xFF,0x87,0xDA,0x7D,0xFF,0x8A,0xDB,0x80,0xFF,0x54,0xA4,0xB4,0xFF,0x32,0x7B,0xEA,0xFF,0x32,0x7B,0xEA,0xFF,0x32,0x7B,0xEA,0xFF,0x32,0x7B,0xEA,0xFF,0x32,0x7B,0xEA,0xFF,0x32,0x7B,0xEA,0xFF,0x32,0x7B,0xEA,0xFF,0x32,0x7B,0xEA,0xFF,0x32,0x7B,0xEA,0xFF,0x32,0x7B,0xEA,0xFF,0x32,0x7B,0xEA,0xFF,0x32,0x7B,0xEA,0xFF,
    0x32,0x7B,0xEA,0xFF,0x32,0x7B,0xEA,0xFF,0x32,0x7B,0xEA,0xFF,0x32,0x7B,0xEA,0xFF,0x32,0x7B,0xEA,0xFF,0x32,0x7B,0xEA,0xFF,0x32,0x7B,0xEA,0xFF,0x32,0x7B,0xEA,0xFF,0x32,0x7B,0xEA,0xFF,0x32,0x7B,0xEA,0xFF,0x32,0x7B,0xEA,0xFF,0x32,0x7B,0xEA,0xFF,0x32,0x7B,0xEA,0xFF,0x32,0x7B,0xEA,0xFF,0x32,0x7B,0xEA,0xFF,0x32,0x7B,0xEA,0xFF,
    0x32,0x7B,0xEA,0xFF,0x32,0x7B,0xEA,0xFF,0x32,0x7B,0xEA,0xFF,0x32,0x7B,0xEA,0xFF,0x32,0x7B,0xEA,0xFF,0x32,0x7B,0xEA,0xFF,0x32,0x7B,0xEA,0xFF,0x32,0x7B,0xEA,0xFF,0x32,0x7B,0xEA,0xFF,0x32,0x7B,0xEA,0xFF,0x32,0x7B,0xEA,0xFF,0x32,0x7B,0xEA,0xFF,0x32,0x7B,0xEA,0xFF,0x32,0x7B,0xEA,0xFF,0x32,0x7B,0xEA,0xFF,0x32,0x7B,0xEA,0xFF,
    0x32,0x7B,0xEA,0xFF,0x32,0x7B,0xEA,0xFF,0x32,0x7B,0xEA,0xFF,0x32,0x7B,0xEA,0xFF,0x32,0x7B,0xEA,0xFF,0x32,0x7B,0xEA,0xFF,0x32,0x7B,0xEA,0xFF,0x32,0x7B,0xEA,0xFF,0x32,0x7B,0xEA,0xFF,0x32,0x7B,0xEA,0xFF,0x32,0x7B,0xEA,0xFF,0x32,0x7B,0xEA,0xFF,0x32,0x7B,0xEA,0xFF,0x32,0x7B,0xEA,0xFF,0x32,0x7B,0xEA,0xFF,0x32,0x7B,0xEA,0xFF,
    0x32,0x7B,0xEA,0xFF,0x32,0x7B,0xEA,0xFF,0x32,0x7B,0xEA,0xFF,0x3D,0x89,0xD4,0xFF,0x85,0xD7,0x81,0xFF,0x8A,0xDB,0x80,0xFF,0x46,0xC5,0x35,0xFF,0x15,0xB6,0x00,0xFF,0x15,0xB6,0x00,0xFF,0x15,0xB6,0x00,0xFF,0x15,0xB6,0x00,0xFF,0x15,0xB6,0x00,0xFF,0x15,0xB6,0x00,0xFF,0x15,0xB6,0x00,0xFF,0x15,0xB6,0x00,0xFF,0x15,0xB6,0x00,0xFF,
    0x15,0xB6,0x00,0xFF,0x15,0xB6,0x00,0xFF,0x15,0xB6,0x00,0xFF,0x15,0xB6,0x00,0xFF,0x15,0xB6,0x00,0xFF,0x15,0xB6,0x00,0xFF,0x15,0xB6,0x00,0xFF,0x15,0xB6,0x00,0xFF,0x15,0xB6,0x00,0xFF,0x15,0xB6,0x00,0xFF,0x15,0xB6,0x00,0xFF,0x15,0xB6,0x00,0xFF,0x15,0xB6,0x00,0xFF,0x15,0xB6,0x00,0xFF,0x15,0xB6,0x00,0xFF,0x15,0xB6,0x00,0xFF,
    0x15,0xB6,0x00,0xFF,0x15,0xB6,0x00,0xFF,0x15,0xB6,0x00,0xFF,0x15,0xB6,0x00,0xFF,0x15,0xB6,0x00,0xFF,0x46,0xC5,0x35,0xFF,0x8A,0xDB,0x80,0xFF,0x85,0xD7,0x81,0xFF,0x3D,0x89,0xD4,0xFF,0x32,0x7B,0xEA,0xFF,0x32,0x7B,0xEA,0xFF,0x32,0x7B,0xEA,0xFF,0x32,0x7B,0xEA,0xFF,0x32,0x7B,0xEA,0xFF,0x32,0x7B,0xEA,0xFF,0x32,0x7B,0xEA,0xFF,
    0x32,0x7B,0xEA,0xFF,0x32,0x7B,0xEA,0xFF,0x32,0x7B,0xEA,0xFF,0x32,0x7B,0xEA,0xFF,0x32,0x7B,0xEA,0xFF,0x32,0x7B,0xEA,0xFF,0x32,0x7B,0xEA,0xFF,0x32,0x7B,0xEA,0xFF,0x32,0x7B,0xEA,0xFF,0x32,0x7B,0xEA,0xFF,0x32,0x7B,0xEA,0xFF,0x32,0x7B,0xEA,0xFF,0x32,0x7B,0xEA,0xFF,0x32,0x7B,0xEA,0xFF,0x32,0x7B,0xEA,0xFF,0x32,0x7B,0xEA,0xFF,
    0x32,0x7B,0xEA,0xFF,0x32,0x7B,0xEA,0xFF,0x32,0x7B,0xEA,0xFF,0x32,0x7B,0xEA,0xFF,0x32,0x7B,0xEA,0xFF,0x32,0x7B,0xEA,0xFF,0x32,0x7B,0xEA,0xFF,0x32,0x7B,0xEA,0xFF,0x32,0x7B,0xEA,0xFF,0x32,0x7B,0xEA,0xFF,0x32,0x7B,0xEA,0xFF,0x32,0x7B,0xEA,0xFF,0x32,0x7B,0xEA,0xFF,0x32,0x7B,0xEA,0xFF,0x32,0x7B,0xEA,0xFF,0x32,0x7B,0xEA,0xFF,
    0x32,0x7B,0xEA,0xFF,0x32,0x7B,0xEA,0xFF,0x32,0x7B,0xEA,0xFF,0x32,0x7B,0xEA,0xFF,0x32,0x7B,0xEA,0xFF,0x32,0x7B,0xEA,0xFF,0x32,0x7B,0xEA,0xFF,0x32,0x7B,0xEA,0xFF,0x32,0x7B,0xEA,0xFF,0x32,0x7B,0xEA,0xFF,0x32,0x7B,0xEA,0xFF,0x32,0x7B,0xEA,0xFF,0x32,0x7B,0xEA,0xFF,0x32,0x7B,0xEA,0xFF,0x32,0x7B,0xEA,0xFF,0x32,0x7B,0xEA,0xFF,
    0x32,0x7B,0xEA,0xFF,0x32,0x7B,0xEA,0xFF,0x32,0x7B,0xEA,0xFF,0x32,0x7B,0xEA,0xFF,0x32,0x7B,0xEA,0xFF,0x32,0x7B,0xEA,0xFF,0x32,0x7B,0xEA,0xFF,0x73,0xC6,0x8F,0xFF,0x8A,0xDB,0x80,0xFF,0x5E,0xCD,0x4F,0xFF,0x15,0xB6,0x00,0xFF,0x15,0xB6,0x00,0xFF,0x15,0xB6,0x00,0xFF,0x15,0xB6,0x00,0xFF,0x15,0xB6,0x00,0xFF,0x15,0xB6,0x00,0xFF,
    0x15,0xB6,0x00,0xFF,0x15,0xB6,0x00,0xFF,0x15,0xB6,0x00,0xFF,0x15,0xB6,0x00,0xFF,0x15,0xB6,0x00,0xFF,0x15,0xB6,0x00,0xFF,0x15,0xB6,0x00,0xFF,0x15,0xB6,0x00,0xFF,0x15,0xB6,0x00,0xFF,0x15,0xB6,0x00,0xFF,0x15,0xB6,0x00,0xFF,0x15,0xB6,0x00,0xFF,0x15,0xB6,0x00,0xFF,0x15,0xB6,0x00,0xFF,0x15,0xB6,0x00,0xFF,0x15,0xB6,0x00,0xFF,
    0x15,0xB6,0x00,0xFF,0x15,0xB6,0x00,0xFF,0x15,0xB6,0x00,0xFF,0x15,0xB6,0x00,0xFF,0x15,0xB6,0x00,0xFF,0x15,0xB6,0x00,0xFF,0x15,0xB6,0x00,0xFF,0x15,0xB6,0x00,0xFF,0x15,0xB6,0x00,0xFF,0x15,0xB6,0x00,0xFF,0x5E,0xCD,0x4F,0xFF,0x8A,0xDB,0x80,0xFF,0x73,0xC6,0x8F,0xFF,0x32,0x7B,0xEA,0xFF,0x32,0x7B,0xEA,0xFF,0x32,0x7B,0xEA,0xFF,
    0x32,0x7B,0xEA,0xFF,0x32,0x7B,0xEA,0xFF,0x32,0x7B,0xEA,0xFF,0x32,0x7B,0xEA,0xFF,0x32,0x7B,0xEA,0xFF,0x32,0x7B,0xEA,0xFF,0x32,0x7B,0xEA,0xFF,0x32,0x7B,0xEA,0xFF,0x32,0x7B,0xEA,0xFF,0x32,0x7B,0xEA,0xFF,0x32,0x7B,0xEA,0xFF,0x32,0x7B,0xEA,0xFF,0x32,0x7B,0xEA,0xFF,0x32,0x7B,0xEA,0xFF,0x32,0x7B,0xEA,0xFF,0x32,0x7B,0xEA,0xFF,
    0x32,0x7B,0xEA,0xFF,0x32,0x7B,0xEA,0xFF,0x32,0x7B,0xEA,0xFF,0x32,0x7B,0xEA,0xFF,0x32,0x7B,0xEA,0xFF,0x32,0x7B,0xEA,0xFF,0x32,0x7B,0xEA,0xFF,0x32,0x7B,0xEA,0xFF,0x32,0x7B,0xEA,0xFF,0x32,0x7B,0xEA,0xFF,0x32,0x7B,0xEA,0xFF,0x32,0x7B,0xEA,0xFF,0x32,0x7B,0xEA,0xFF,0x32,0x7B,0xEA,0xFF,0x32,0x7B,0xEA,0xFF,0x32,0x7B,0xEA,0xFF,
    0x32,0x7B,0xEA,0xFF,0x32,0x7B,0xEA,0xFF,0x32,0x7B,0xEA,0xFF,0x32,0x7B,0xEA,0xFF,0x32,0x7B,0xEA,0xFF,0x32,0x7B,0xEA,0xFF,0x32,0x7B,0xEA,0xFF,0x32,0x7B,0xEA,0xFF,0x32,0x7B,0xEA,0xFF,0x32,0x7B,0xEA,0xFF,0x32,0x7B,0xEA,0xFF,0x32,0x7B,0xEA,0xFF,0x32,0x7B,0xEA,0xFF,0x32,0x7B,0xEA,0xFF,0x32,0x7B,0xEA,0xFF,0x32,0x7B,0xEA,0xFF,
    0x32,0x7B,0xEA,0xFF,0x32,0x7B,0xEA,0xFF,0x32,0x7B,0xEA,0xFF,0x32,0x7B,0xEA,0xFF,0x32,0x7B,0xEA,0xFF,0x32,0x7B,0xEA,0xFF,0x32,0x7B,0xEA,0xFF,0x32,0x7B,0xEA,0xFF,0x32,0x7B,0xEA,0xFF,0x32,0x7B,0xEA,0xFF,0x4D,0x9C,0xBE,0xFF,0x8A,0xDB,0x80,0xFF,0x7F,0xD7,0x74,0xFF,0x1E,0xB9,0x0A,0xFF,0x15,0xB6,0x00,0xFF,0x15,0xB6,0x00,0xFF,
    0x15,0xB6,0x00,0xFF,0x15,0xB6,0x00,0xFF,0x15,0xB6,0x00,0xFF,0x15,0xB6,0x00,0xFF,0x15,0xB6,0x00,0xFF,0x15,0xB6,0x00,0xFF,0x15,0xB6,0x00,0xFF,0x15,0xB6,0x00,0xFF,0x15,0xB6,0x00,0xFF,0x1A,0xB8,0x06,0xFF,0x6F,0xD2,0x62,0xFF,0x6F,0xD2,0x62,0xFF,0x1A,0xB7,0x05,0xFF,0x15,0xB6,0x00,0xFF,0x15,0xB6,0x00,0xFF,0x15,0xB6,0x00,0xFF,
    0x15,0xB6,0x00,0xFF,0x15,0xB6,0x00,0xFF,0x15,0xB6,0x00,0xFF,0x15,0xB6,0x00,0xFF,0x15,0xB6,0x00,0xFF,0x15,0xB6,0x00,0xFF,0x15,0xB6,0x00,0xFF,0x15,0xB6,0x00,0xFF,0x15,0xB6,0x00,0xFF,0x15,0xB6,0x00,0xFF,0x15,0xB6,0x00,0xFF,0x15,0xB6,0x00,0xFF,0x15,0xB6,0x00,0xFF,0x15,0xB6,0x00,0xFF,0x1E,0xB9,0x0A,0xFF,0x7F,0xD7,0x74,0xFF,
    0x8A,0xDB,0x80,0xFF,0x4D,0x9C,0xBE,0xFF,0x32,0x7B,0xEA,0xFF,0x32,0x7B,0xEA,0xFF,0x32,0x7B,0xEA,0xFF,0x32,0x7B,0xEA,0xFF,0x32,0x7B,0xEA,0xFF,0x32,0x7B,0xEA,0xFF,0x32,0x7B,0xEA,0xFF,0x32,0x7B,0xEA,0xFF,0x32,0x7B,0xEA,0xFF,0x32,0x7B,0xEA,0xFF,0x32,0x7B,0xEA,0xFF,0x32,0x7B,0xEA,0xFF,0x32,0x7B,0xEA,0xFF,0x32,0x7B,0xEA,0xFF,
    0x32,0x7B,0xEA,0xFF,0x32,0x7B,0xEA,0xFF,0x32,0x7B,0xEA,0xFF,0x32,0x7B,0xEA,0xFF,0x32,0x7B,0xEA,0xFF,0x32,0x7B,0xEA,0xFF,0x32,0x7B,0xEA,0xFF,0x32,0x7B,0xEA,0xFF,0x32,0x7B,0xEA,0xFF,0x32,0x7B,0xEA,0xFF,0x32,0x7B,0xEA,0xFF,0x32,0x7B,0xEA,0xFF,0x32,0x7B,0xEA,0xFF,0x32,0x7B,0xEA,0xFF,0x32,0x7B,0xEA,0xFF,0x32,0x7B,0xEA,0xFF,
    0x32,0x7B,0xEA,0xFF,0x32,0x7B,0xEA,0xFF,0x32,0x7B,0xEA,0xFF,0x32,0x7B,0xEA,0xFF,0x32,0x7B,0xEA,0xFF,0x32,0x7B,0xEA,0xFF,0x32,0x7B,0xEA,0xFF,0x32,0x7B,0xEA,0xFF,0x32,0x7B,0xEA,0xFF,0x32,0x7B,0xEA,0xFF,0x32,0x7B,0xEA,0xFF,0x32,0x7B,0xEA,0xFF,0x32,0x7B,0xEA,0xFF,0x32,0x7B,0xEA,0xFF,0x32,0x7B,0xEA,0xFF,0x32,0x7B,0xEA,0xFF,
    0x32,0x7B,0xEA,0xFF,0x32,0x7B,0xEA,0xFF,0x32,0x7B,0xEA,0xFF,0x32,0x7B,0xEA,0xFF,0x32,0x7B,0xEA,0xFF,0x32,0x7B,0xEA,0xFF,0x32,0x7B,0xEA,0xFF,0x32,0x7B,0xEA,0xFF,0x32,0x7B,0xEA,0xFF,0x32,0x7B,0xEA,0xFF,0x32,0x7B,0xEA,0xFF,0x32,0x7B,0xEA,0xFF,0x32,0x7B,0xEA,0xFF,0x32,0x7B,0xEA,0xFF,0x7A,0xCD,0x87,0xFF,0x8A,0xDB,0x80,0xFF,
    0x45,0xC5,0x35,0xFF,0x15,0xB6,0x00,0xFF,0x15,0xB6,0x00,0xFF,0x15,0xB6,0x00,0xFF,0x15,0xB6,0x00,0xFF,0x15,0xB6,0x00,0xFF,0x15,0xB6,0x00,0xFF,0x15,0xB6,0x00,0xFF,0x15,0xB6,0x00,0xFF,0x15,0xB6,0x00,0xFF,0x15,0xB6,0x00,0xFF,0x15,0xB6,0x00,0xFF,0x15,0xB6,0x00,0xFF,0x71,0xD3,0x65,0xFF,0xFF,0xFF,0xFF,0xFF,0xFF,0xFF,0xFF,0xFF,
    0xB1,0xE7,0xAA,0xFF,0x19,0xB7,0x04,0xFF,0x15,0xB6,0x00,0xFF,0x15,0xB6,0x00,0xFF,0x15,0xB6,0x00,0xFF,0x15,0xB6,0x00,0xFF,0x15,0xB6,0x00,0xFF,0x15,0xB6,0x00,0xFF,0x15,0xB6,0x00,0xFF,0x15,0xB6,0x00,0xFF,0x15,0xB6,0x00,0xFF,0x15,0xB6,0x00,0xFF,0x15,0xB6,0x00,0xFF,0x15,0xB6,0x00,0xFF,0x15,0xB6,0x00,0xFF,0x15,0xB6,0x00,0xFF,
    0x15,0xB6,0x00,0xFF,0x15,0xB6,0x00,0xFF,0x15,0xB6,0x00,0xFF,0x45,0xC5,0x35,0xFF,0x8A,0xDB,0x80,0xFF,0x7A,0xCD,0x87,0xFF,0x32,0x7B,0xEA,0xFF,0x32,0x7B,0xEA,0xFF,0x32,0x7B,0xEA,0xFF,0x32,0x7B,0xEA,0xFF,0x32,0x7B,0xEA,0xFF,0x32,0x7B,0xEA,0xFF,0x32,0x7B,0xEA,0xFF,0x32,0x7B,0xEA,0xFF,0x32,0x7B,0xEA,0xFF,0x32,0x7B,0xEA,0xFF,
    0x32,0x7B,0xEA,0xFF,0x32,0x7B,0xEA,0xFF,0x32,0x7B,0xEA,0xFF,0x32,0x7B,0xEA,0xFF,0x32,0x7B,0xEA,0xFF,0x32,0x7B,0xEA,0xFF,0x32,0x7B,0xEA,0xFF,0x32,0x7B,0xEA,0xFF,0x32,0x7B,0xEA,0xFF,0x32,0x7B,0xEA,0xFF,0x32,0x7B,0xEA,0xFF,0x32,0x7B,0xEA,0xFF,0x32,0x7B,0xEA,0xFF,0x32,0x7B,0xEA,0xFF,0x32,0x7B,0xEA,0xFF,0x32,0x7B,0xEA,0xFF,
    0x32,0x7B,0xEA,0xFF,0x32,0x7B,0xEA,0xFF,0x32,0x7B,0xEA,0xFF,0x32,0x7B,0xEA,0xFF,0x32,0x7B,0xEA,0xFF,0x32,0x7B,0xEA,0xFF,0x32,0x7B,0xEA,0xFF,0x32,0x7B,0xEA,0xFF,0x32,0x7B,0xEA,0xFF,0x32,0x7B,0xEA,0xFF,0x32,0x7B,0xEA,0xFF,0x32,0x7B,0xEA,0xFF,0x32,0x7B,0xEA,0xFF,0x32,0x7B,0xEA,0xFF,0x32,0x7B,0xEA,0xFF,0x32,0x7B,0xEA,0xFF,
    0x32,0x7B,0xEA,0xFF,0x32,0x7B,0xEA,0xFF,0x32,0x7B,0xEA,0xFF,0x32,0x7B,0xEA,0xFF,0x32,0x7B,0xEA,0xFF,0x32,0x7B,0xEA,0xFF,0x32,0x7B,0xEA,0xFF,0x32,0x7B,0xEA,0xFF,0x32,0x7B,0xEA,0xFF,0x32,0x7B,0xEA,0xFF,0x32,0x7B,0xEA,0xFF,0x32,0x7B,0xEA,0xFF,0x32,0x7B,0xEA,0xFF,0x32,0x7B,0xEA,0xFF,0x32,0x7B,0xEA,0xFF,0x32,0x7B,0xEA,0xFF,
    0x32,0x7B,0xEA,0xFF,0x4A,0x99,0xBF,0xFF,0x8A,0xDB,0x80,0xFF,0x7C,0xD6,0x71,0xFF,0x17,0xB7,0x02,0xFF,0x15,0xB6,0x00,0xFF,0x15,0xB6,0x00,0xFF,0x15,0xB6,0x00,0xFF,0x15,0xB6,0x00,0xFF,0x15,0xB6,0x00,0xFF,0x15,0xB6,0x00,0xFF,0x15,0xB6,0x00,0xFF,0x15,0xB6,0x00,0xFF,0x15,0xB6,0x00,0xFF,0x15,0xB6,0x00,0xFF,0x15,0xB6,0x00,0xFF,
    0x15,0xB6,0x00,0xFF,0x71,0xD3,0x65,0xFF,0xFF,0xFF,0xFF,0xFF,0xFF,0xFF,0xFF,0xFF,0xFF,0xFF,0xFF,0xFF,0xB7,0xE8,0xB1,0xFF,0x1B,0xB8,0x07,0xFF,0x15,0xB6,0x00,0xFF,0x15,0xB6,0x00,0xFF,0x15,0xB6,0x00,0xFF,0x15,0xB6,0x00,0xFF,0x15,0xB6,0x00,0xFF,0x15,0xB6,0x00,0xFF,0x15,0xB6,0x00,0xFF,0x15,0xB6,0x00,0xFF,0x15,0xB6,0x00,0xFF,
    0x15,0xB6,0x00,0xFF,0x15,0xB6,0x00,0xFF,0x15,0xB6,0x00,0xFF,0x15,0xB6,0x00,0xFF,0x15,0xB6,0x00,0xFF,0x15,0xB6,0x00,0xFF,0x15,0xB6,0x00,0xFF,0x17,0xB7,0x02,0xFF,0x7C,0xD6,0x71,0xFF,0x8A,0xDB,0x80,0xFF,0x4A,0x99,0xBF,0xFF,0x32,0x7B,0xEA,0xFF,0x32,0x7B,0xEA,0xFF,0x32,0x7B,0xEA,0xFF,0x32,0x7B,0xEA,0xFF,0x32,0x7B,0xEA,0xFF,
    0x32,0x7B,0xEA,0xFF,0x32,0x7B,0xEA,0xFF,0x32,0x7B,0xEA,0xFF,0x32,0x7B,0xEA,0xFF,0x32,0x7B,0xEA,0xFF,0x32,0x7B,0xEA,0xFF,0x32,0x7B,0xEA,0xFF,0x32,0x7B,0xEA,0xFF,0x32,0x7B,0xEA,0xFF,0x32,0x7B,0xEA,0xFF,0x32,0x7B,0xEA,0xFF,0x32,0x7B,0xEA,0xFF,0x32,0x7B,0xEA,0xFF,0x32,0x7B,0xEA,0xFF,0x32,0x7B,0xEA,0xFF,0x32,0x7B,0xEA,0xFF,
    0x32,0x7B,0xEA,0xFF,0x32,0x7B,0xEA,0xFF,0x32,0x7B,0xEA,0xFF,0x32,0x7B,0xEA,0xFF,0x32,0x7B,0xEA,0xFF,0x32,0x7B,0xEA,0xFF,0x32,0x7B,0xEA,0xFF,0x32,0x7B,0xEA,0xFF,0x32,0x7B,0xEA,0xFF,0x32,0x7B,0xEA,0xFF,0x32,0x7B,0xEA,0xFF,0x32,0x7B,0xEA,0xFF,0x32,0x7B,0xEA,0xFF,0x32,0x7B,0xEA,0xFF,0x32,0x7B,0xEA,0xFF,0x32,0x7B,0xEA,0xFF,
    0x32,0x7B,0xEA,0xFF,0x32,0x7B,0xEA,0xFF,0x32,0x7B,0xEA,0xFF,0x32,0x7B,0xEA,0xFF,0x32,0x7B,0xEA,0xFF,0x32,0x7B,0xEA,0xFF,0x32,0x7B,0xEA,0xFF,0x32,0x7B,0xEA,0xFF,0x32,0x7B,0xEA,0xFF,0x32,0x7B,0xEA,0xFF,0x32,0x7B,0xEA,0xFF,0x32,0x7B,0xEA,0xFF,0x32,0x7B,0xEA,0xFF,0x32,0x7B,0xEA,0xFF,0x32,0x7B,0xEA,0xFF,0x32,0x7B,0xEA,0xFF,
    0x32,0x7B,0xEA,0xFF,0x32,0x7B,0xEA,0xFF,0x32,0x7B,0xEA,0xFF,0x32,0x7B,0xEA,0xFF,0x32,0x7B,0xEA,0xFF,0x6D,0xBF,0x95,0xFF,0x8A,0xDB,0x80,0xFF,0x4B,0xC7,0x3B,0xFF,0x15,0xB6,0x00,0xFF,0x15,0xB6,0x00,0xFF,0x15,0xB6,0x00,0xFF,0x15,0xB6,0x00,0xFF,0x15,0xB6,0x00,0xFF,0x15,0xB6,0x00,0xFF,0x15,0xB6,0x00,0xFF,0x15,0xB6,0x00,0xFF,
    0x15,0xB6,0x00,0xFF,0x15,0xB6,0x00,0xFF,0x15,0xB6,0x00,0xFF,0x15,0xB6,0x00,0xFF,0x15,0xB6,0x00,0xFF,0x1A,0xB8,0x06,0xFF,0xA9,0xE4,0xA1,0xFF,0xFF,0xFF,0xFF,0xFF,0xFF,0xFF,0xFF,0xFF,0xFF,0xFF,0xFF,0xFF,0xBF,0xEB,0xB9,0xFF,0x1D,0xB9,0x09,0xFF,0x15,0xB6,0x00,0xFF,0x15,0xB6,0x00,0xFF,0x15,0xB6,0x00,0xFF,0x15,0xB6,0x00,0xFF,
    0x15,0xB6,0x00,0xFF,0x15,0xB6,0x00,0xFF,0x15,0xB6,0x00,0xFF,0x15,0xB6,0x00,0xFF,0x15,0xB6,0x00,0xFF,0x15,0xB6,0x00,0xFF,0x15,0xB6,0x00,0xFF,0x15,0xB6,0x00,0xFF,0x15,0xB6,0x00,0xFF,0x15,0xB6,0x00,0xFF,0x15,0xB6,0x00,0xFF,0x15,0xB6,0x00,0xFF,0x4B,0xC7,0x3B,0xFF,0x8A,0xDB,0x80,0xFF,0x6D,0xBF,0x95,0xFF,0x32,0x7B,0xEA,0xFF,
    0x32,0x7B,0xEA,0xFF,0x32,0x7B,0xEA,0xFF,0x32,0x7B,0xEA,0xFF,0x32,0x7B,0xEA,0xFF,0x32,0x7B,0xEA,0xFF,0x32,0x7B,0xEA,0xFF,0x32,0x7B,0xEA,0xFF,0x32,0x7B,0xEA,0xFF,0x32,0x7B,0xEA,0xFF,0x32,0x7B,0xEA,0xFF,0x32,0x7B,0xEA,0xFF,0x32,0x7B,0xEA,0xFF,0x32,0x7B,0xEA,0xFF,0x32,0x7B,0xEA,0xFF,0x32,0x7B,0xEA,0xFF,0x32,0x7B,0xEA,0xFF,
    0x32,0x7B,0xEA,0xFF,0x32,0x7B,0xEA,0xFF,0x32,0x7B,0xEA,0xFF,0x32,0x7B,0xEA,0xFF,0x32,0x7B,0xEA,0xFF,0x32,0x7B,0xEA,0xFF,0x32,0x7B,0xEA,0xFF,0x32,0x7B,0xEA,0xFF,0x32,0x7B,0xEA,0xFF,0x32,0x7B,0xEA,0xFF,0x32,0x7B,0xEA,0xFF,0x32,0x7B,0xEA,0xFF,0x32,0x7B,0xEA,0xFF,0x32,0x7B,0xEA,0xFF,0x32,0x7B,0xEA,0xFF,0x32,0x7B,0xEA,0xFF,
    0x32,0x7B,0xEA,0xFF,0x32,0x7B,0xEA,0xFF,0x32,0x7B,0xEA,0xFF,0x32,0x7B,0xEA,0xFF,0x32,0x7B,0xEA,0xFF,0x32,0x7B,0xEA,0xFF,0x32,0x7B,0xEA,0xFF,0x32,0x7B,0xEA,0xFF,0x32,0x7B,0xEA,0xFF,0x32,0x7B,0xEA,0xFF,0x32,0x7B,0xEA,0xFF,0x32,0x7B,0xEA,0xFF,0x32,0x7B,0xEA,0xFF,0x32,0x7B,0xEA,0xFF,0x32,0x7B,0xEA,0xFF,0x32,0x7B,0xEA,0xFF,
    0x32,0x7B,0xEA,0xFF,0x32,0x7B,0xEA,0xFF,0x32,0x7B,0xEA,0xFF,0x32,0x7B,0xEA,0xFF,0x32,0x7B,0xEA,0xFF,0x32,0x7B,0xEA,0xFF,0x32,0x7B,0xEA,0xFF,0x32,0x7B,0xEA,0xFF,0x36,0x81,0xE0,0xFF,0x86,0xD8,0x80,0xFF,0x89,0xDB,0x7F,0xFF,0x20,0xB9,0x0C,0xFF,0x15,0xB6,0x00,0xFF,0x15,0xB6,0x00,0xFF,0x15,0xB6,0x00,0xFF,0x15,0xB6,0x00,0xFF,
    0x15,0xB6,0x00,0xFF,0x15,0xB6,0x00,0xFF,0x15,0xB6,0x00,0xFF,0x15,0xB6,0x00,0xFF,0x15,0xB6,0x00,0xFF,0x15,0xB6,0x00,0xFF,0x15,0xB6,0x00,0xFF,0x15,0xB6,0x00,0xFF,0x15,0xB6,0x00,0xFF,0x15,0xB6,0x00,0xFF,0x16,0xB6,0x01,0xFF,0x9E,0xE1,0x95,0xFF,0xFF,0xFF,0xFF,0xFF,0xFF,0xFF,0xFF,0xFF,0xFF,0xFF,0xFF,0xFF,0xC6,0xED,0xC1,0xFF,
    0x1F,0xB9,0x0B,0xFF,0x15,0xB6,0x00,0xFF,0x15,0xB6,0x00,0xFF,0x15,0xB6,0x00,0xFF,0x15,0xB6,0x00,0xFF,0x15,0xB6,0x00,0xFF,0x15,0xB6,0x00,0xFF,0x15,0xB6,0x00,0xFF,0x15,0xB6,0x00,0xFF,0x15,0xB6,0x00,0xFF,0x15,0xB6,0x00,0xFF,0x15,0xB6,0x00,0xFF,0x15,0xB6,0x00,0xFF,0x15,0xB6,0x00,0xFF,0x15,0xB6,0x00,0xFF,0x15,0xB6,0x00,0xFF,
    0x20,0xB9,0x0C,0xFF,0x89,0xDB,0x7F,0xFF,0x86,0xD8,0x80,0xFF,0x36,0x81,0xE0,0xFF,0x32,0x7B,0xEA,0xFF,0x32,0x7B,0xEA,0xFF,0x32,0x7B,0xEA,0xFF,0x32,0x7B,0xEA,0xFF,0x32,0x7B,0xEA,0xFF,0x32,0x7B,0xEA,0xFF,0x32,0x7B,0xEA,0xFF,0x32,0x7B,0xEA,0xFF,0x32,0x7B,0xEA,0xFF,0x32,0x7B,0xEA,0xFF,0x32,0x7B,0xEA,0xFF,0x32,0x7B,0xEA,0xFF,
    0x32,0x7B,0xEA,0xFF,0x32,0x7B,0xEA,0xFF,0x32,0x7B,0xEA,0xFF,0x32,0x7B,0xEA,0xFF,0x32,0x7B,0xEA,0xFF,0x32,0x7B,0xEA,0xFF,0x32,0x7B,0xEA,0xFF,0x32,0x7B,0xEA,0xFF,0x32,0x7B,0xEA,0xFF,0x32,0x7B,0xEA,0xFF,0x32,0x7B,0xEA,0xFF,0x32,0x7B,0xEA,0xFF,0x32,0x7B,0xEA,0xFF,0x32,0x7B,0xEA,0xFF,0x32,0x7B,0xEA,0xFF,0x32,0x7B,0xEA,0xFF,
    0x32,0x7B,0xEA,0xFF,0x32,0x7B,0xEA,0xFF,0x32,0x7B,0xEA,0xFF,0x32,0x7B,0xEA,0xFF,0x32,0x7B,0xEA,0xFF,0x32,0x7B,0xEA,0xFF,0x32,0x7B,0xEA,0xFF,0x32,0x7B,0xEA,0xFF,0x32,0x7B,0xEA,0xFF,0x32,0x7B,0xEA,0xFF,0x32,0x7B,0xEA,0xFF,0x32,0x7B,0xEA,0xFF,0x32,0x7B,0xEA,0xFF,0x32,0x7B,0xEA,0xFF,0x32,0x7B,0xEA,0xFF,0x32,0x7B,0xEA,0xFF,
    0x32,0x7B,0xEA,0xFF,0x32,0x7B,0xEA,0xFF,0x32,0x7B,0xEA,0xFF,0x32,0x7B,0xEA,0xFF,0x32,0x7B,0xEA,0xFF,0x32,0x7B,0xEA,0xFF,0x32,0x7B,0xEA,0xFF,0x32,0x7B,0xEA,0xFF,0x32,0x7B,0xEA,0xFF,0x32,0x7B,0xEA,0xFF,0x32,0x7B,0xEA,0xFF,0x32,0x7B,0xEA,0xFF,0x4B,0x9A,0xBD,0xFF,0x8A,0xDB,0x80,0xFF,0x6F,0xD2,0x63,0xFF,0x15,0xB6,0x00,0xFF,
    0x15,0xB6,0x00,0xFF,0x15,0xB6,0x00,0xFF,0x15,0xB6,0x00,0xFF,0x15,0xB6,0x00,0xFF,0x15,0xB6,0x00,0xFF,0x15,0xB6,0x00,0xFF,0x15,0xB6,0x00,0xFF,0x15,0xB6,0x00,0xFF,0x15,0xB6,0x00,0xFF,0x15,0xB6,0x00,0xFF,0x15,0xB6,0x00,0xFF,0x15,0xB6,0x00,0xFF,0x15,0xB6,0x00,0xFF,0x15,0xB6,0x00,0xFF,0x15,0xB6,0x00,0xFF,0x15,0xB6,0x00,0xFF,
    0x91,0xDC,0x87,0xFF,0xFF,0xFF,0xFF,0xFF,0xFF,0xFF,0xFF,0xFF,0xFF,0xFF,0xFF,0xFF,0xCA,0xEF,0xC6,0xFF,0x23,0xBA,0x0F,0xFF,0x15,0xB6,0x00,0xFF,0x15,0xB6,0x00,0xFF,0x15,0xB6,0x00,0xFF,0x15,0xB6,0x00,0xFF,0x15,0xB6,0x00,0xFF,0x15,0xB6,0x00,0xFF,0x15,0xB6,0x00,0xFF,0x15,0xB6,0x00,0xFF,0x15,0xB6,0x00,0xFF,0x15,0xB6,0x00,0xFF,
    0x15,0xB6,0x00,0xFF,0x15,0xB6,0x00,0xFF,0x15,0xB6,0x00,0xFF,0x15,0xB6,0x00,0xFF,0x15,0xB6,0x00,0xFF,0x6F,0xD2,0x63,0xFF,0x8A,0xDB,0x80,0xFF,0x4B,0x9A,0xBD,0xFF,0x32,0x7B,0xEA,0xFF,0x32,0x7B,0xEA,0xFF,0x32,0x7B,0xEA,0xFF,0x32,0x7B,0xEA,0xFF,0x32,0x7B,0xEA,0xFF,0x32,0x7B,0xEA,0xFF,0x32,0x7B,0xEA,0xFF,0x32,0x7B,0xEA,0xFF,
    0x32,0x7B,0xEA,0xFF,0x32,0x7B,0xEA,0xFF,0x32,0x7B,0xEA,0xFF,0x32,0x7B,0xEA,0xFF,0x32,0x7B,0xEA,0xFF,0x32,0x7B,0xEA,0xFF,0x32,0x7B,0xEA,0xFF,0x32,0x7B,0xEA,0xFF,0x32,0x7B,0xEA,0xFF,0x32,0x7B,0xEA,0xFF,0x32,0x7B,0xEA,0xFF,0x32,0x7B,0xEA,0xFF,0x32,0x7B,0xEA,0xFF,0x32,0x7B,0xEA,0xFF,0x32,0x7B,0xEA,0xFF,0x32,0x7B,0xEA,0xFF,
    0x32,0x7B,0xEA,0xFF,0x32,0x7B,0xEA,0xFF,0x32,0x7B,0xEA,0xFF,0x32,0x7B,0xEA,0xFF,0x32,0x7B,0xEA,0xFF,0x32,0x7B,0xEA,0xFF,0x32,0x7B,0xEA,0xFF,0x32,0x7B,0xEA,0xFF,0x32,0x7B,0xEA,0xFF,0x32,0x7B,0xEA,0xFF,0x32,0x7B,0xEA,0xFF,0x32,0x7B,0xEA,0xFF,0x32,0x7B,0xEA,0xFF,0x32,0x7B,0xEA,0xFF,0x32,0x7B,0xEA,0xFF,0x32,0x7B,0xEA,0xFF,
    0x32,0x7B,0xEA,0xFF,0x32,0x7B,0xEA,0xFF,0x32,0x7B,0xEA,0xFF,0x32,0x7B,0xEA,0xFF,0x32,0x7B,0xEA,0xFF,0x32,0x7B,0xEA,0xFF,0x32,0x7B,0xEA,0xFF,0x32,0x7B,0xEA,0xFF,0x32,0x7B,0xEA,0xFF,0x32,0x7B,0xEA,0xFF,0x32,0x7B,0xEA,0xFF,0x32,0x7B,0xEA,0xFF,0x32,0x7B,0xEA,0xFF,0x32,0x7B,0xEA,0xFF,0x32,0x7B,0xEA,0xFF,0x32,0x7B,0xEA,0xFF,
    0x60,0xAF,0xAC,0xFF,0x8A,0xDB,0x80,0xFF,0x51,0xC9,0x42,0xFF,0x15,0xB6,0x00,0xFF,0x15,0xB6,0x00,0xFF,0x15,0xB6,0x00,0xFF,0x15,0xB6,0x00,0xFF,0x15,0xB6,0x00,0xFF,0x15,0xB6,0x00,0xFF,0x15,0xB6,0x00,0xFF,0x15,0xB6,0x00,0xFF,0x15,0xB6,0x00,0xFF,0x15,0xB6,0x00,0xFF,0x15,0xB6,0x00,0xFF,0x15,0xB6,0x00,0xFF,0x15,0xB6,0x00,0xFF,
    0x15,0xB6,0x00,0xFF,0x15,0xB6,0x00,0xFF,0x15,0xB6,0x00,0xFF,0x15,0xB6,0x00,0xFF,0x15,0xB6,0x00,0xFF,0x81,0xD8,0x76,0xFF,0xFF,0xFF,0xFF,0xFF,0xFF,0xFF,0xFF,0xFF,0xFF,0xFF,0xFF,0xFF,0xD1,0xF1,0xCD,0xFF,0x26,0xBB,0x12,0xFF,0x15,0xB6,0x00,0xFF,0x15,0xB6,0x00,0xFF,0x15,0xB6,0x00,0xFF,0x15,0xB6,0x00,0xFF,0x15,0xB6,0x00,0xFF,
    0x15,0xB6,0x00,0xFF,0x15,0xB6,0x00,0xFF,0x15,0xB6,0x00,0xFF,0x15,0xB6,0x00,0xFF,0x15,0xB6,0x00,0xFF,0x15,0xB6,0x00,0xFF,0x15,0xB6,0x00,0xFF,0x15,0xB6,0x00,0xFF,0x15,0xB6,0x00,0xFF,0x51,0xC9,0x42,0xFF,0x8A,0xDB,0x80,0xFF,0x60,0xAF,0xAC,0xFF,0x32,0x7B,0xEA,0xFF,0x32,0x7B,0xEA,0xFF,0x32,0x7B,0xEA,0xFF,0x32,0x7B,0xEA,0xFF,
    0x32,0x7B,0xEA,0xFF,0x32,0x7B,0xEA,0xFF,0x32,0x7B,0xEA,0xFF,0x32,0x7B,0xEA,0xFF,0x32,0x7B,0xEA,0xFF,0x32,0x7B,0xEA,0xFF,0x32,0x7B,0xEA,0xFF,0x32,0x7B,0xEA,0xFF,0x32,0x7B,0xEA,0xFF,0x32,0x7B,0xEA,0xFF,0x32,0x7B,0xEA,0xFF,0x32,0x7B,0xEA,0xFF,0x32,0x7B,0xEA,0xFF,0x32,0x7B,0xEA,0xFF,0x32,0x7B,0xEA,0xFF,0x32,0x7B,0xEA,0xFF,
    0x32,0x7B,0xEA,0xFF,0x32,0x7B,0xEA,0xFF,0x32,0x7B,0xEA,0xFF,0x32,0x7B,0xEA,0xFF,0x32,0x7B,0xEA,0xFF,0x32,0x7B,0xEA,0xFF,0x32,0x7B,0xEA,0xFF,0x32,0x7B,0xEA,0xFF,0x32,0x7B,0xEA,0xFF,0x32,0x7B,0xEA,0xFF,0x32,0x7B,0xEA,0xFF,0x32,0x7B,0xEA,0xFF,0x32,0x7B,0xEA,0xFF,0x32,0x7B,0xEA,0xFF,0x32,0x7B,0xEA,0xFF,0x32,0x7B,0xEA,0xFF,
    0x32,0x7B,0xEA,0xFF,0x32,0x7B,0xEA,0xFF,0x32,0x7B,0xEA,0xFF,0x32,0x7B,0xEA,0xFF,0x32,0x7B,0xEA,0xFF,0x32,0x7B,0xEA,0xFF,0x32,0x7B,0xEA,0xFF,0x32,0x7B,0xEA,0xFF,0x32,0x7B,0xEA,0xFF,0x32,0x7B,0xEA,0xFF,0x32,0x7B,0xEA,0xFF,0x32,0x7B,0xEA,0xFF,0x32,0x7B,0xEA,0xFF,0x32,0x7B,0xEA,0xFF,0x32,0x7B,0xEA,0xFF,0x32,0x7B,0xEA,0xFF,
    0x32,0x7B,0xEA,0xFF,0x32,0x7B,0xEA,0xFF,0x32,0x7B,0xEA,0xFF,0x32,0x7B,0xEA,0xFF,0x70,0xC3,0x90,0xFF,0x8A,0xDB,0x80,0xFF,0x39,0xC1,0x27,0xFF,0x15,0xB6,0x00,0xFF,0x15,0xB6,0x00,0xFF,0x15,0xB6,0x00,0xFF,0x15,0xB6,0x00,0xFF,0x15,0xB6,0x00,0xFF,0x15,0xB6,0x00,0xFF,0x15,0xB6,0x00,0xFF,0x15,0xB6,0x00,0xFF,0x15,0xB6,0x00,0xFF,
    0x15,0xB6,0x00,0xFF,0x15,0xB6,0x00,0xFF,0x15,0xB6,0x00,0xFF,0x15,0xB6,0x00,0xFF,0x15,0xB6,0x00,0xFF,0x15,0xB6,0x00,0xFF,0x15,0xB6,0x00,0xFF,0x15,0xB6,0x00,0xFF,0x15,0xB6,0x00,0xFF,0x15,0xB6,0x00,0xFF,0x76,0xD4,0x6A,0xFF,0xFE,0xFF,0xFE,0xFF,0xFF,0xFF,0xFF,0xFF,0xFF,0xFF,0xFF,0xFF,0xD7,0xF2,0xD3,0xFF,0x2A,0xBC,0x17,0xFF,
    0x15,0xB6,0x00,0xFF,0x15,0xB6,0x00,0xFF,0x15,0xB6,0x00,0xFF,0x15,0xB6,0x00,0xFF,0x15,0xB6,0x00,0xFF,0x15,0xB6,0x00,0xFF,0x15,0xB6,0x00,0xFF,0x15,0xB6,0x00,0xFF,0x15,0xB6,0x00,0xFF,0x15,0xB6,0x00,0xFF,0x15,0xB6,0x00,0xFF,0x15,0xB6,0x00,0xFF,0x15,0xB6,0x00,0xFF,0x39,0xC1,0x27,0xFF,0x8A,0xDB,0x80,0xFF,0x70,0xC3,0x90,0xFF,
    0x32,0x7B,0xEA,0xFF,0x32,0x7B,0xEA,0xFF,0x32,0x7B,0xEA,0xFF,0x32,0x7B,0xEA,0xFF,0x32,0x7B,0xEA,0xFF,0x32,0x7B,0xEA,0xFF,0x32,0x7B,0xEA,0xFF,0x32,0x7B,0xEA,0xFF,0x32,0x7B,0xEA,0xFF,0x32,0x7B,0xEA,0xFF,0x32,0x7B,0xEA,0xFF,0x32,0x7B,0xEA,0xFF,0x32,0x7B,0xEA,0xFF,0x32,0x7B,0xEA,0xFF,0x32,0x7B,0xEA,0xFF,0x32,0x7B,0xEA,0xFF,
    0x32,0x7B,0xEA,0xFF,0x32,0x7B,0xEA,0xFF,0x32,0x7B,0xEA,0xFF,0x32,0x7B,0xEA,0xFF,0x32,0x7B,0xEA,0xFF,0x32,0x7B,0xEA,0xFF,0x32,0x7B,0xEA,0xFF,0x32,0x7B,0xEA,0xFF,0x32,0x7B,0xEA,0xFF,0x32,0x7B,0xEA,0xFF,0x32,0x7B,0xEA,0xFF,0x32,0x7B,0xEA,0xFF,0x32,0x7B,0xEA,0xFF,0x32,0x7B,0xEA,0xFF,0x32,0x7B,0xEA,0xFF,0x32,0x7B,0xEA,0xFF,
    0x32,0x7B,0xEA,0xFF,0x32,0x7B,0xEA,0xFF,0x32,0x7B,0xEA,0xFF,0x32,0x7B,0xEA,0xFF,0x32,0x7B,0xEA,0xFF,0x32,0x7B,0xEA,0xFF,0x32,0x7B,0xEA,0xFF,0x32,0x7B,0xEA,0xFF,0x32,0x7B,0xEA,0xFF,0x32,0x7B,0xEA,0xFF,0x32,0x7B,0xEA,0xFF,0x32,0x7B,0xEA,0xFF,0x32,0x7B,0xEA,0xFF,0x32,0x7B,0xEA,0xFF,0x32,0x7B,0xEA,0xFF,0x32,0x7B,0xEA,0xFF,
    0x32,0x7B,0xEA,0xFF,0x32,0x7B,0xEA,0xFF,0x32,0x7B,0xEA,0xFF,0x32,0x7B,0xEA,0xFF,0x32,0x7B,0xEA,0xFF,0x32,0x7B,0xEA,0xFF,0x32,0x7B,0xEA,0xFF,0x32,0x7B,0xEA,0xFF,0x7C,0xD0,0x83,0xFF,0x8A,0xDB,0x80,0xFF,0x28,0xBC,0x14,0xFF,0x15,0xB6,0x00,0xFF,0x15,0xB6,0x00,0xFF,0x15,0xB6,0x00,0xFF,0x15,0xB6,0x00,0xFF,0x15,0xB6,0x00,0xFF,
    0x15,0xB6,0x00,0xFF,0x15,0xB6,0x00,0xFF,0x15,0xB6,0x00,0xFF,0x15,0xB6,0x00,0xFF,0x15,0xB6,0x00,0xFF,0x15,0xB6,0x00,0xFF,0x15,0xB6,0x00,0xFF,0x15,0xB6,0x00,0xFF,0x15,0xB6,0x00,0xFF,0x15,0xB6,0x00,0xFF,0x15,0xB6,0x00,0xFF,0x15,0xB6,0x00,0xFF,0x15,0xB6,0x00,0xFF,0x15,0xB6,0x00,0xFF,0x15,0xB6,0x00,0xFF,0x6B,0xD1,0x5E,0xFF,
    0xFC,0xFE,0xFC,0xFF,0xFF,0xFF,0xFF,0xFF,0xFF,0xFF,0xFF,0xFF,0xDB,0xF4,0xD7,0xFF,0x2F,0xBE,0x1C,0xFF,0x15,0xB6,0x00,0xFF,0x15,0xB6,0x00,0xFF,0x15,0xB6,0x00,0xFF,0x15,0xB6,0x00,0xFF,0x15,0xB6,0x00,0xFF,0x15,0xB6,0x00,0xFF,0x15,0xB6,0x00,0xFF,0x15,0xB6,0x00,0xFF,0x15,0xB6,0x00,0xFF,0x15,0xB6,0x00,0xFF,0x15,0xB6,0x00,0xFF,
    0x15,0xB6,0x00,0xFF,0x28,0xBC,0x14,0xFF,0x8A,0xDB,0x80,0xFF,0x7C,0xD0,0x83,0xFF,0x32,0x7B,0xEA,0xFF,0x32,0x7B,0xEA,0xFF,0x32,0x7B,0xEA,0xFF,0x32,0x7B,0xEA,0xFF,0x32,0x7B,0xEA,0xFF,0x32,0x7B,0xEA,0xFF,0x32,0x7B,0xEA,0xFF,0x32,0x7B,0xEA,0xFF,0x32,0x7B,0xEA,0xFF,0x32,0x7B,0xEA,0xFF,0x32,0x7B,0xEA,0xFF,0x32,0x7B,0xEA,0xFF,
    0x32,0x7B,0xEA,0xFF,0x32,0x7B,0xEA,0xFF,0x32,0x7B,0xEA,0xFF,0x32,0x7B,0xEA,0xFF,0x32,0x7B,0xEA,0xFF,0x32,0x7B,0xEA,0xFF,0x32,0x7B,0xEA,0xFF,0x32,0x7B,0xEA,0xFF,0x32,0x7B,0xEA,0xFF,0x32,0x7B,0xEA,0xFF,0x32,0x7B,0xEA,0xFF,0x32,0x7B,0xEA,0xFF,0x32,0x7B,0xEA,0xFF,0x32,0x7B,0xEA,0xFF,0x32,0x7B,0xEA,0xFF,0x32,0x7B,0xEA,0xFF,
    0x32,0x7B,0xEA,0xFF,0x32,0x7B,0xEA,0xFF,0x32,0x7B,0xEA,0xFF,0x32,0x7B,0xEA,0xFF,0x32,0x7B,0xEA,0xFF,0x32,0x7B,0xEA,0xFF,0x32,0x7B,0xEA,0xFF,0x32,0x7B,0xEA,0xFF,0x32,0x7B,0xEA,0xFF,0x32,0x7B,0xEA,0xFF,0x32,0x7B,0xEA,0xFF,0x32,0x7B,0xEA,0xFF,0x32,0x7B,0xEA,0xFF,0x32,0x7B,0xEA,0xFF,0x32,0x7B,0xEA,0xFF,0x32,0x7B,0xEA,0xFF,
    0x32,0x7B,0xEA,0xFF,0x32,0x7B,0xEA,0xFF,0x32,0x7B,0xEA,0xFF,0x32,0x7B,0xEA,0xFF,0x32,0x7B,0xEA,0xFF,0x32,0x7B,0xEA,0xFF,0x32,0x7B,0xEA,0xFF,0x32,0x7B,0xEA,0xFF,0x32,0x7B,0xEA,0xFF,0x32,0x7B,0xEA,0xFF,0x32,0x7B,0xEA,0xFF,0x32,0x7B,0xEA,0xFF,0x85,0xD7,0x80,0xFF,0x8A,0xDB,0x80,0xFF,0x1C,0xB8,0x07,0xFF,0x15,0xB6,0x00,0xFF,
    0x15,0xB6,0x00,0xFF,0x15,0xB6,0x00,0xFF,0x15,0xB6,0x00,0xFF,0x15,0xB6,0x00,0xFF,0x15,0xB6,0x00,0xFF,0x15,0xB6,0x00,0xFF,0x15,0xB6,0x00,0xFF,0x15,0xB6,0x00,0xFF,0x15,0xB6,0x00,0xFF,0x15,0xB6,0x00,0xFF,0x15,0xB6,0x00,0xFF,0x15,0xB6,0x00,0xFF,0x15,0xB6,0x00,0xFF,0x15,0xB6,0x00,0xFF,0x15,0xB6,0x00,0xFF,0x15,0xB6,0x00,0xFF,
    0x15,0xB6,0x00,0xFF,0x15,0xB6,0x00,0xFF,0x15,0xB6,0x00,0xFF,0x15,0xB6,0x00,0xFF,0x61,0xCE,0x53,0xFF,0xFA,0xFD,0xFA,0xFF,0xFF,0xFF,0xFF,0xFF,0xFF,0xFF,0xFF,0xFF,0xE1,0xF6,0xDE,0xFF,0x31,0xBF,0x1F,0xFF,0x15,0xB6,0x00,0xFF,0x15,0xB6,0x00,0xFF,0x15,0xB6,0x00,0xFF,0x15,0xB6,0x00,0xFF,0x15,0xB6,0x00,0xFF,0x15,0xB6,0x00,0xFF,
    0x15,0xB6,0x00,0xFF,0x15,0xB6,0x00,0xFF,0x15,0xB6,0x00,0xFF,0x15,0xB6,0x00,0xFF,0x15,0xB6,0x00,0xFF,0x1C,0xB8,0x07,0xFF,0x8A,0xDB,0x80,0xFF,0x85,0xD7,0x80,0xFF,0x32,0x7B,0xEA,0xFF,0x32,0x7B,0xEA,0xFF,0x32,0x7B,0xEA,0xFF,0x32,0x7B,0xEA,0xFF,0x32,0x7B,0xEA,0xFF,0x32,0x7B,0xEA,0xFF,0x32,0x7B,0xEA,0xFF,0x32,0x7B,0xEA,0xFF,
    0x32,0x7B,0xEA,0xFF,0x32,0x7B,0xEA,0xFF,0x32,0x7B,0xEA,0xFF,0x32,0x7B,0xEA,0xFF,0x32,0x7B,0xEA,0xFF,0x32,0x7B,0xEA,0xFF,0x32,0x7B,0xEA,0xFF,0x32,0x7B,0xEA,0xFF,0x32,0x7B,0xEA,0xFF,0x32,0x7B,0xEA,0xFF,0x32,0x7B,0xEA,0xFF,0x32,0x7B,0xEA,0xFF,0x32,0x7B,0xEA,0xFF,0x32,0x7B,0xEA,0xFF,0x32,0x7B,0xEA,0xFF,0x32,0x7B,0xEA,0xFF,
    0x32,0x7B,0xEA,0xFF,0x32,0x7B,0xEA,0xFF,0x32,0x7B,0xEA,0xFF,0x32,0x7B,0xEA,0xFF,0x32,0x7B,0xEA,0xFF,0x32,0x7B,0xEA,0xFF,0x32,0x7B,0xEA,0xFF,0x32,0x7B,0xEA,0xFF,0x32,0x7B,0xEA,0xFF,0x32,0x7B,0xEA,0xFF,0x32,0x7B,0xEA,0xFF,0x32,0x7B,0xEA,0xFF,0x32,0x7B,0xEA,0xFF,0x32,0x7B,0xEA,0xFF,0x32,0x7B,0xEA,0xFF,0x32,0x7B,0xEA,0xFF,
    0x32,0x7B,0xEA,0xFF,0x32,0x7B,0xEA,0xFF,0x32,0x7B,0xEA,0xFF,0x32,0x7B,0xEA,0xFF,0x32,0x7B,0xEA,0xFF,0x32,0x7B,0xEA,0xFF,0x32,0x7B,0xEA,0xFF,0x32,0x7B,0xEA,0xFF,0x32,0x7B,0xEA,0xFF,0x32,0x7B,0xEA,0xFF,0x32,0x7B,0xEA,0xFF,0x32,0x7B,0xEA,0xFF,0x32,0x7B,0xEA,0xFF,0x32,0x7B,0xEA,0xFF,0x32,0x7B,0xEA,0xFF,0x32,0x7B,0xEA,0xFF,
    0x89,0xDA,0x80,0xFF,0x8A,0xDB,0x80,0xFF,0x16,0xB6,0x01,0xFF,0x15,0xB6,0x00,0xFF,0x15,0xB6,0x00,0xFF,0x15,0xB6,0x00,0xFF,0x15,0xB6,0x00,0xFF,0x15,0xB6,0x00,0xFF,0x15,0xB6,0x00,0xFF,0x15,0xB6,0x00,0xFF,0x15,0xB6,0x00,0xFF,0x15,0xB6,0x00,0xFF,0x15,0xB6,0x00,0xFF,0x15,0xB6,0x00,0xFF,0x15,0xB6,0x00,0xFF,0x15,0xB6,0x00,0xFF,
    0x15,0xB6,0x00,0xFF,0x15,0xB6,0x00,0xFF,0x15,0xB6,0x00,0xFF,0x15,0xB6,0x00,0xFF,0x15,0xB6,0x00,0xFF,0x15,0xB6,0x00,0xFF,0x15,0xB6,0x00,0xFF,0x15,0xB6,0x00,0xFF,0x15,0xB6,0x00,0xFF,0x57,0xCB,0x48,0xFF,0xF6,0xFC,0xF6,0xFF,0xFF,0xFF,0xFF,0xFF,0xFF,0xFF,0xFF,0xFF,0xBF,0xEB,0xBA,0xFF,0x15,0xB6,0x00,0xFF,0x15,0xB6,0x00,0xFF,
    0x15,0xB6,0x00,0xFF,0x15,0xB6,0x00,0xFF,0x15,0xB6,0x00,0xFF,0x15,0xB6,0x00,0xFF,0x15,0xB6,0x00,0xFF,0x15,0xB6,0x00,0xFF,0x15,0xB6,0x00,0xFF,0x15,0xB6,0x00,0xFF,0x15,0xB6,0x00,0xFF,0x16,0xB6,0x01,0xFF,0x8A,0xDB,0x80,0xFF,0x89,0xDA,0x80,0xFF,0x32,0x7B,0xEA,0xFF,0x32,0x7B,0xEA,0xFF,0x32,0x7B,0xEA,0xFF,0x32,0x7B,0xEA,0xFF,
    0x32,0x7B,0xEA,0xFF,0x32,0x7B,0xEA,0xFF,0x32,0x7B,0xEA,0xFF,0x32,0x7B,0xEA,0xFF,0x32,0x7B,0xEA,0xFF,0x32,0x7B,0xEA,0xFF,0x32,0x7B,0xEA,0xFF,0x32,0x7B,0xEA,0xFF,0x32,0x7B,0xEA,0xFF,0x32,0x7B,0xEA,0xFF,0x32,0x7B,0xEA,0xFF,0x32,0x7B,0xEA,0xFF,0x32,0x7B,0xEA,0xFF,0x32,0x7B,0xEA,0xFF,0x32,0x7B,0xEA,0xFF,0x32,0x7B,0xEA,0xFF,
    0x32,0x7B,0xEA,0xFF,0x32,0x7B,0xEA,0xFF,0x32,0x7B,0xEA,0xFF,0x32,0x7B,0xEA,0xFF,0x32,0x7B,0xEA,0xFF,0x32,0x7B,0xEA,0xFF,0x32,0x7B,0xEA,0xFF,0x32,0x7B,0xEA,0xFF,0x32,0x7B,0xEA,0xFF,0x32,0x7B,0xEA,0xFF,0x32,0x7B,0xEA,0xFF,0x32,0x7B,0xEA,0xFF,0x32,0x7B,0xEA,0xFF,0x32,0x7B,0xEA,0xFF,0x32,0x7B,0xEA,0xFF,0x32,0x7B,0xEA,0xFF,
    0x32,0x7B,0xEA,0xFF,0x32,0x7B,0xEA,0xFF,0x32,0x7B,0xEA,0xFF,0x32,0x7B,0xEA,0xFF,0x32,0x7B,0xEA,0xFF,0x32,0x7B,0xEA,0xFF,0x32,0x7B,0xEA,0xFF,0x32,0x7B,0xEA,0xFF,0x32,0x7B,0xEA,0xFF,0x32,0x7B,0xEA,0xFF,0x32,0x7B,0xEA,0xFF,0x32,0x7B,0xEA,0xFF,0x32,0x7B,0xEA,0xFF,0x32,0x7B,0xEA,0xFF,0x32,0x7B,0xEA,0xFF,0x32,0x7B,0xEA,0xFF,
    0x32,0x7B,0xEA,0xFF,0x32,0x7B,0xEA,0xFF,0x32,0x7B,0xEA,0xFF,0x32,0x7B,0xEA,0xFF,0x89,0xDA,0x80,0xFF,0x8A,0xDB,0x80,0xFF,0x16,0xB6,0x01,0xFF,0x15,0xB6,0x00,0xFF,0x15,0xB6,0x00,0xFF,0x15,0xB6,0x00,0xFF,0x15,0xB6,0x00,0xFF,0x15,0xB6,0x00,0xFF,0x15,0xB6,0x00,0xFF,0x15,0xB6,0x00,0xFF,0x15,0xB6,0x00,0xFF,0x15,0xB6,0x00,0xFF,
    0x15,0xB6,0x00,0xFF,0x15,0xB6,0x00,0xFF,0x15,0xB6,0x00,0xFF,0x15,0xB6,0x00,0xFF,0x15,0xB6,0x00,0xFF,0x15,0xB6,0x00,0xFF,0x15,0xB6,0x00,0xFF,0x15,0xB6,0x00,0xFF,0x15,0xB6,0x00,0xFF,0x15,0xB6,0x00,0xFF,0x15,0xB6,0x00,0xFF,0x15,0xB6,0x00,0xFF,0x15,0xB6,0x00,0xFF,0x15,0xB6,0x00,0xFF,0x7C,0xD6,0x70,0xFF,0xFF,0xFF,0xFF,0xFF,
    0xFF,0xFF,0xFF,0xFF,0xFC,0xFE,0xFC,0xFF,0x15,0xB6,0x00,0xFF,0x15,0xB6,0x00,0xFF,0x15,0xB6,0x00,0xFF,0x15,0xB6,0x00,0xFF,0x15,0xB6,0x00,0xFF,0x15,0xB6,0x00,0xFF,0x15,0xB6,0x00,0xFF,0x15,0xB6,0x00,0xFF,0x15,0xB6,0x00,0xFF,0x15,0xB6,0x00,0xFF,0x15,0xB6,0x00,0xFF,0x16,0xB6,0x01,0xFF,0x8A,0xDB,0x80,0xFF,0x89,0xDA,0x80,0xFF,
    0x32,0x7B,0xEA,0xFF,0x32,0x7B,0xEA,0xFF,0x32,0x7B,0xEA,0xFF,0x32,0x7B,0xEA,0xFF,0x32,0x7B,0xEA,0xFF,0x32,0x7B,0xEA,0xFF,0x32,0x7B,0xEA,0xFF,0x32,0x7B,0xEA,0xFF,0x32,0x7B,0xEA,0xFF,0x32,0x7B,0xEA,0xFF,0x32,0x7B,0xEA,0xFF,0x32,0x7B,0xEA,0xFF,0x32,0x7B,0xEA,0xFF,0x32,0x7B,0xEA,0xFF,0x32,0x7B,0xEA,0xFF,0x32,0x7B,0xEA,0xFF,
    0x32,0x7B,0xEA,0xFF,0x32,0x7B,0xEA,0xFF,0x32,0x7B,0xEA,0xFF,0x32,0x7B,0xEA,0xFF,0x32,0x7B,0xEA,0xFF,0x32,0x7B,0xEA,0xFF,0x32,0x7B,0xEA,0xFF,0x32,0x7B,0xEA,0xFF,0x32,0x7B,0xEA,0xFF,0x32,0x7B,0xEA,0xFF,0x32,0x7B,0xEA,0xFF,0x32,0x7B,0xEA,0xFF,0x32,0x7B,0xEA,0xFF,0x32,0x7B,0xEA,0xFF,0x32,0x7B,0xEA,0xFF,0x32,0x7B,0xEA,0xFF,
    0x32,0x7B,0xEA,0xFF,0x32,0x7B,0xEA,0xFF,0x32,0x7B,0xEA,0xFF,0x32,0x7B,0xEA,0xFF,0x32,0x7B,0xEA,0xFF,0x32,0x7B,0xEA,0xFF,0x32,0x7B,0xEA,0xFF,0x32,0x7B,0xEA,0xFF,0x32,0x7B,0xEA,0xFF,0x32,0x7B,0xEA,0xFF,0x32,0x7B,0xEA,0xFF,0x32,0x7B,0xEA,0xFF,0x32,0x7B,0xEA,0xFF,0x32,0x7B,0xEA,0xFF,0x32,0x7B,0xEA,0xFF,0x32,0x7B,0xEA,0xFF,
    0x32,0x7B,0xEA,0xFF,0x32,0x7B,0xEA,0xFF,0x32,0x7B,0xEA,0xFF,0x32,0x7B,0xEA,0xFF,0x32,0x7B,0xEA,0xFF,0x32,0x7B,0xEA,0xFF,0x32,0x7B,0xEA,0xFF,0x32,0x7B,0xEA,0xFF,0x85,0xD7,0x80,0xFF,0x8A,0xDB,0x80,0xFF,0x1C,0xB8,0x07,0xFF,0x15,0xB6,0x00,0xFF,0x15,0xB6,0x00,0xFF,0x15,0xB6,0x00,0xFF,0x15,0xB6,0x00,0xFF,0x15,0xB6,0x00,0xFF,
    0x15,0xB6,0x00,0xFF,0x15,0xB6,0x00,0xFF,0x15,0xB6,0x00,0xFF,0x15,0xB6,0x00,0xFF,0x15,0xB6,0x00,0xFF,0x15,0xB6,0x00,0xFF,0x15,0xB6,0x00,0xFF,0x15,0xB6,0x00,0xFF,0x15,0xB6,0x00,0xFF,0x15,0xB6,0x00,0xFF,0x15,0xB6,0x00,0xFF,0x15,0xB6,0x00,0xFF,0x15,0xB6,0x00,0xFF,0x15,0xB6,0x00,0xFF,0x15,0xB6,0x00,0xFF,0x15,0xB6,0x00,0xFF,
    0x15,0xB6,0x00,0xFF,0x56,0xCA,0x47,0xFF,0xF7,0xFD,0xF7,0xFF,0xFF,0xFF,0xFF,0xFF,0xFF,0xFF,0xFF,0xFF,0xCA,0xEE,0xC5,0xFF,0x15,0xB6,0x00,0xFF,0x15,0xB6,0x00,0xFF,0x15,0xB6,0x00,0xFF,0x15,0xB6,0x00,0xFF,0x15,0xB6,0x00,0xFF,0x15,0xB6,0x00,0xFF,0x15,0xB6,0x00,0xFF,0x15,0xB6,0x00,0xFF,0x15,0xB6,0x00,0xFF,0x15,0xB6,0x00,0xFF,
    0x15,0xB6,0x00,0xFF,0x1C,0xB8,0x07,0xFF,0x8A,0xDB,0x80,0xFF,0x85,0xD7,0x80,0xFF,0x32,0x7B,0xEA,0xFF,0x32,0x7B,0xEA,0xFF,0x32,0x7B,0xEA,0xFF,0x32,0x7B,0xEA,0xFF,0x32,0x7B,0xEA,0xFF,0x32,0x7B,0xEA,0xFF,0x32,0x7B,0xEA,0xFF,0x32,0x7B,0xEA,0xFF,0x32,0x7B,0xEA,0xFF,0x32,0x7B,0xEA,0xFF,0x32,0x7B,0xEA,0xFF,0x32,0x7B,0xEA,0xFF,
    0x32,0x7B,0xEA,0xFF,0x32,0x7B,0xEA,0xFF,0x32,0x7B,0xEA,0xFF,0x32,0x7B,0xEA,0xFF,0x32,0x7B,0xEA,0xFF,0x32,0x7B,0xEA,0xFF,0x32,0x7B,0xEA,0xFF,0x32,0x7B,0xEA,0xFF,0x32,0x7B,0xEA,0xFF,0x32,0x7B,0xEA,0xFF,0x32,0x7B,0xEA,0xFF,0x32,0x7B,0xEA,0xFF,0x32,0x7B,0xEA,0xFF,0x32,0x7B,0xEA,0xFF,0x32,0x7B,0xEA,0xFF,0x32,0x7B,0xEA,0xFF,
    0x32,0x7B,0xEA,0xFF,0x32,0x7B,0xEA,0xFF,0x32,0x7B,0xEA,0xFF,0x32,0x7B,0xEA,0xFF,0x32,0x7B,0xEA,0xFF,0x32,0x7B,0xEA,0xFF,0x32,0x7B,0xEA,0xFF,0x32,0x7B,0xEA,0xFF,0x32,0x7B,0xEA,0xFF,0x32,0x7B,0xEA,0xFF,0x32,0x7B,0xEA,0xFF,0x32,0x7B,0xEA,0xFF,0x32,0x7B,0xEA,0xFF,0x32,0x7B,0xEA,0xFF,0x32,0x7B,0xEA,0xFF,0x32,0x7B,0xEA,0xFF,
    0x32,0x7B,0xEA,0xFF,0x32,0x7B,0xEA,0xFF,0x32,0x7B,0xEA,0xFF,0x32,0x7B,0xEA,0xFF,0x32,0x7B,0xEA,0xFF,0x32,0x7B,0xEA,0xFF,0x32,0x7B,0xEA,0xFF,0x32,0x7B,0xEA,0xFF,0x32,0x7B,0xEA,0xFF,0x32,0x7B,0xEA,0xFF,0x32,0x7B,0xEA,0xFF,0x32,0x7B,0xEA,0xFF,0x7C,0xD0,0x83,0xFF,0x8A,0xDB,0x80,0xFF,0x28,0xBC,0x14,0xFF,0x15,0xB6,0x00,0xFF,
    0x15,0xB6,0x00,0xFF,0x15,0xB6,0x00,0xFF,0x15,0xB6,0x00,0xFF,0x15,0xB6,0x00,0xFF,0x15,0xB6,0x00,0xFF,0x15,0xB6,0x00,0xFF,0x15,0xB6,0x00,0xFF,0x15,0xB6,0x00,0xFF,0x15,0xB6,0x00,0xFF,0x15,0xB6,0x00,0xFF,0x15,0xB6,0x00,0xFF,0x15,0xB6,0x00,0xFF,0x15,0xB6,0x00,0xFF,0x15,0xB6,0x00,0xFF,0x15,0xB6,0x00,0xFF,0x15,0xB6,0x00,0xFF,
    0x15,0xB6,0x00,0xFF,0x15,0xB6,0x00,0xFF,0x15,0xB6,0x00,0xFF,0x15,0xB6,0x00,0xFF,0x61,0xCE,0x53,0xFF,0xFA,0xFD,0xFA,0xFF,0xFF,0xFF,0xFF,0xFF,0xFF,0xFF,0xFF,0xFF,0xE2,0xF6,0xDF,0xFF,0x32,0xBF,0x20,0xFF,0x15,0xB6,0x00,0xFF,0x15,0xB6,0x00,0xFF,0x15,0xB6,0x00,0xFF,0x15,0xB6,0x00,0xFF,0x15,0xB6,0x00,0xFF,0x15,0xB6,0x00,0xFF,
    0x15,0xB6,0x00,0xFF,0x15,0xB6,0x00,0xFF,0x15,0xB6,0x00,0xFF,0x15,0xB6,0x00,0xFF,0x15,0xB6,0x00,0xFF,0x28,0xBC,0x14,0xFF,0x8A,0xDB,0x80,0xFF,0x7C,0xD0,0x83,0xFF,0x32,0x7B,0xEA,0xFF,0x32,0x7B,0xEA,0xFF,0x32,0x7B,0xEA,0xFF,0x32,0x7B,0xEA,0xFF,0x32,0x7B,0xEA,0xFF,0x32,0x7B,0xEA,0xFF,0x32,0x7B,0xEA,0xFF,0x32,0x7B,0xEA,0xFF,
    0x32,0x7B,0xEA,0xFF,0x32,0x7B,0xEA,0xFF,0x32,0x7B,0xEA,0xFF,0x32,0x7B,0xEA,0xFF,0x32,0x7B,0xEA,0xFF,0x32,0x7B,0xEA,0xFF,0x32,0x7B,0xEA,0xFF,0x32,0x7B,0xEA,0xFF,0x32,0x7B,0xEA,0xFF,0x32,0x7B,0xEA,0xFF,0x32,0x7B,0xEA,0xFF,0x32,0x7B,0xEA,0xFF,0x32,0x7B,0xEA,0xFF,0x32,0x7B,0xEA,0xFF,0x32,0x7B,0xEA,0xFF,0x32,0x7B,0xEA,0xFF,
    0x32,0x7B,0xEA,0xFF,0x32,0x7B,0xEA,0xFF,0x32,0x7B,0xEA,0xFF,0x32,0x7B,0xEA,0xFF,0x32,0x7B,0xEA,0xFF,0x32,0x7B,0xEA,0xFF,0x32,0x7B,0xEA,0xFF,0x32,0x7B,0xEA,0xFF,0x32,0x7B,0xEA,0xFF,0x32,0x7B,0xEA,0xFF,0x32,0x7B,0xEA,0xFF,0x32,0x7B,0xEA,0xFF,0x32,0x7B,0xEA,0xFF,0x32,0x7B,0xEA,0xFF,0x32,0x7B,0xEA,0xFF,0x32,0x7B,0xEA,0xFF,
    0x32,0x7B,0xEA,0xFF,0x32,0x7B,0xEA,0xFF,0x32,0x7B,0xEA,0xFF,0x32,0x7B,0xEA,0xFF,0x32,0x7B,0xEA,0xFF,0x32,0x7B,0xEA,0xFF,0x32,0x7B,0xEA,0xFF,0x32,0x7B,0xEA,0xFF,0x32,0x7B,0xEA,0xFF,0x32,0x7B,0xEA,0xFF,0x32,0x7B,0xEA,0xFF,0x32,0x7B,0xEA,0xFF,0x32,0x7B,0xEA,0xFF,0x32,0x7B,0xEA,0xFF,0x32,0x7B,0xEA,0xFF,0x32,0x7B,0xEA,0xFF,
    0x70,0xC3,0x90,0xFF,0x8A,0xDB,0x80,0xFF,0x39,0xC1,0x27,0xFF,0x15,0xB6,0x00,0xFF,0x15,0xB6,0x00,0xFF,0x15,0xB6,0x00,0xFF,0x15,0xB6,0x00,0xFF,0x15,0xB6,0x00,0xFF,0x15,0xB6,0x00,0xFF,0x15,0xB6,0x00,0xFF,0x15,0xB6,0x00,0xFF,0x15,0xB6,0x00,0xFF,0x15,0xB6,0x00,0xFF,0x15,0xB6,0x00,0xFF,0x15,0xB6,0x00,0xFF,0x15,0xB6,0x00,0xFF,
    0x15,0xB6,0x00,0xFF,0x15,0xB6,0x00,0xFF,0x15,0xB6,0x00,0xFF,0x15,0xB6,0x00,0xFF,0x15,0xB6,0x00,0xFF,0x15,0xB6,0x00,0xFF,0x15,0xB6,0x00,0xFF,0x6B,0xD1,0x5E,0xFF,0xFC,0xFE,0xFC,0xFF,0xFF,0xFF,0xFF,0xFF,0xFF,0xFF,0xFF,0xFF,0xDB,0xF4,0xD7,0xFF,0x2F,0xBE,0x1C,0xFF,0x15,0xB6,0x00,0xFF,0x15,0xB6,0x00,0xFF,0x15,0xB6,0x00,0xFF,
    0x15,0xB6,0x00,0xFF,0x15,0xB6,0x00,0xFF,0x15,0xB6,0x00,0xFF,0x15,0xB6,0x00,0xFF,0x15,0xB6,0x00,0xFF,0x15,0xB6,0x00,0xFF,0x15,0xB6,0x00,0xFF,0x15,0xB6,0x00,0xFF,0x15,0xB6,0x00,0xFF,0x39,0xC1,0x27,0xFF,0x8A,0xDB,0x80,0xFF,0x70,0xC3,0x90,0xFF,0x32,0x7B,0xEA,0xFF,0x32,0x7B,0xEA,0xFF,0x32,0x7B,0xEA,0xFF,0x32,0x7B,0xEA,0xFF,
    0x32,0x7B,0xEA,0xFF,0x32,0x7B,0xEA,0xFF,0x32,0x7B,0xEA,0xFF,0x32,0x7B,0xEA,0xFF,0x32,0x7B,0xEA,0xFF,0x32,0x7B,0xEA,0xFF,0x32,0x7B,0xEA,0xFF,0x32,0x7B,0xEA,0xFF,0x32,0x7B,0xEA,0xFF,0x32,0x7B,0xEA,0xFF,0x32,0x7B,0xEA,0xFF,0x32,0x7B,0xEA,0xFF,0x32,0x7B,0xEA,0xFF,0x32,0x7B,0xEA,0xFF,0x32,0x7B,0xEA,0xFF,0x32,0x7B,0xEA,0xFF,
    0x32,0x7B,0xEA,0xFF,0x32,0x7B,0xEA,0xFF,0x32,0x7B,0xEA,0xFF,0x32,0x7B,0xEA,0xFF,0x32,0x7B,0xEA,0xFF,0x32,0x7B,0xEA,0xFF,0x32,0x7B,0xEA,0xFF,0x32,0x7B,0xEA,0xFF,0x32,0x7B,0xEA,0xFF,0x32,0x7B,0xEA,0xFF,0x32,0x7B,0xEA,0xFF,0x32,0x7B,0xEA,0xFF,0x32,0x7B,0xEA,0xFF,0x32,0x7B,0xEA,0xFF,0x32,0x7B,0xEA,0xFF,0x32,0x7B,0xEA,0xFF,
    0x32,0x7B,0xEA,0xFF,0x32,0x7B,0xEA,0xFF,0x32,0x7B,0xEA,0xFF,0x32,0x7B,0xEA,0xFF,0x32,0x7B,0xEA,0xFF,0x32,0x7B,0xEA,0xFF,0x32,0x7B,0xEA,0xFF,0x32,0x7B,0xEA,0xFF,0x32,0x7B,0xEA,0xFF,0x32,0x7B,0xEA,0xFF,0x32,0x7B,0xEA,0xFF,0x32,0x7B,0xEA,0xFF,0x32,0x7B,0xEA,0xFF,0x32,0x7B,0xEA,0xFF,0x32,0x7B,0xEA,0xFF,0x32,0x7B,0xEA,0xFF,
    0x32,0x7B,0xEA,0xFF,0x32,0x7B,0xEA,0xFF,0x32,0x7B,0xEA,0xFF,0x32,0x7B,0xEA,0xFF,0x60,0xAF,0xAC,0xFF,0x8A,0xDB,0x80,0xFF,0x51,0xC9,0x42,0xFF,0x15,0xB6,0x00,0xFF,0x15,0xB6,0x00,0xFF,0x15,0xB6,0x00,0xFF,0x15,0xB6,0x00,0xFF,0x15,0xB6,0x00,0xFF,0x15,0xB6,0x00,0xFF,0x15,0xB6,0x00,0xFF,0x15,0xB6,0x00,0xFF,0x15,0xB6,0x00,0xFF,
    0x15,0xB6,0x00,0xFF,0x15,0xB6,0x00,0xFF,0x15,0xB6,0x00,0xFF,0x15,0xB6,0x00,0xFF,0x15,0xB6,0x00,0xFF,0x15,0xB6,0x00,0xFF,0x15,0xB6,0x00,0xFF,0x15,0xB6,0x00,0xFF,0x15,0xB6,0x00,0xFF,0x15,0xB6,0x00,0xFF,0x76,0xD4,0x6A,0xFF,0xFE,0xFF,0xFE,0xFF,0xFF,0xFF,0xFF,0xFF,0xFF,0xFF,0xFF,0xFF,0xD7,0xF2,0xD3,0xFF,0x2A,0xBC,0x17,0xFF,
    0x15,0xB6,0x00,0xFF,0x15,0xB6,0x00,0xFF,0x15,0xB6,0x00,0xFF,0x15,0xB6,0x00,0xFF,0x15,0xB6,0x00,0xFF,0x15,0xB6,0x00,0xFF,0x15,0xB6,0x00,0xFF,0x15,0xB6,0x00,0xFF,0x15,0xB6,0x00,0xFF,0x15,0xB6,0x00,0xFF,0x15,0xB6,0x00,0xFF,0x15,0xB6,0x00,0xFF,0x15,0xB6,0x00,0xFF,0x51,0xC9,0x42,0xFF,0x8A,0xDB,0x80,0xFF,0x60,0xAF,0xAC,0xFF,
    0x32,0x7B,0xEA,0xFF,0x32,0x7B,0xEA,0xFF,0x32,0x7B,0xEA,0xFF,0x32,0x7B,0xEA,0xFF,0x32,0x7B,0xEA,0xFF,0x32,0x7B,0xEA,0xFF,0x32,0x7B,0xEA,0xFF,0x32,0x7B,0xEA,0xFF,0x32,0x7B,0xEA,0xFF,0x32,0x7B,0xEA,0xFF,0x32,0x7B,0xEA,0xFF,0x32,0x7B,0xEA,0xFF,0x32,0x7B,0xEA,0xFF,0x32,0x7B,0xEA,0xFF,0x32,0x7B,0xEA,0xFF,0x32,0x7B,0xEA,0xFF,
    0x32,0x7B,0xEA,0xFF,0x32,0x7B,0xEA,0xFF,0x32,0x7B,0xEA,0xFF,0x32,0x7B,0xEA,0xFF,0x32,0x7B,0xEA,0xFF,0x32,0x7B,0xEA,0xFF,0x32,0x7B,0xEA,0xFF,0x32,0x7B,0xEA,0xFF,0x32,0x7B,0xEA,0xFF,0x32,0x7B,0xEA,0xFF,0x32,0x7B,0xEA,0xFF,0x32,0x7B,0xEA,0xFF,0x32,0x7B,0xEA,0xFF,0x32,0x7B,0xEA,0xFF,0x32,0x7B,0xEA,0xFF,0x32,0x7B,0xEA,0xFF,
    0x32,0x7B,0xEA,0xFF,0x32,0x7B,0xEA,0xFF,0x32,0x7B,0xEA,0xFF,0x32,0x7B,0xEA,0xFF,0x32,0x7B,0xEA,0xFF,0x32,0x7B,0xEA,0xFF,0x32,0x7B,0xEA,0xFF,0x32,0x7B,0xEA,0xFF,0x32,0x7B,0xEA,0xFF,0x32,0x7B,0xEA,0xFF,0x32,0x7B,0xEA,0xFF,0x32,0x7B,0xEA,0xFF,0x32,0x7B,0xEA,0xFF,0x32,0x7B,0xEA,0xFF,0x32,0x7B,0xEA,0xFF,0x32,0x7B,0xEA,0xFF,
    0x32,0x7B,0xEA,0xFF,0x32,0x7B,0xEA,0xFF,0x32,0x7B,0xEA,0xFF,0x32,0x7B,0xEA,0xFF,0x32,0x7B,0xEA,0xFF,0x32,0x7B,0xEA,0xFF,0x32,0x7B,0xEA,0xFF,0x32,0x7B,0xEA,0xFF,0x4B,0x9B,0xBD,0xFF,0x8A,0xDB,0x80,0xFF,0x6F,0xD2,0x63,0xFF,0x15,0xB6,0x00,0xFF,0x15,0xB6,0x00,0xFF,0x15,0xB6,0x00,0xFF,0x15,0xB6,0x00,0xFF,0x15,0xB6,0x00,0xFF,
    0x15,0xB6,0x00,0xFF,0x15,0xB6,0x00,0xFF,0x15,0xB6,0x00,0xFF,0x15,0xB6,0x00,0xFF,0x15,0xB6,0x00,0xFF,0x15,0xB6,0x00,0xFF,0x15,0xB6,0x00,0xFF,0x15,0xB6,0x00,0xFF,0x15,0xB6,0x00,0xFF,0x15,0xB6,0x00,0xFF,0x15,0xB6,0x00,0xFF,0x15,0xB6,0x00,0xFF,0x15,0xB6,0x00,0xFF,0x83,0xD8,0x78,0xFF,0xFF,0xFF,0xFF,0xFF,0xFF,0xFF,0xFF,0xFF,
    0xFF,0xFF,0xFF,0xFF,0xD1,0xF1,0xCD,0xFF,0x26,0xBB,0x12,0xFF,0x15,0xB6,0x00,0xFF,0x15,0xB6,0x00,0xFF,0x15,0xB6,0x00,0xFF,0x15,0xB6,0x00,0xFF,0x15,0xB6,0x00,0xFF,0x15,0xB6,0x00,0xFF,0x15,0xB6,0x00,0xFF,0x15,0xB6,0x00,0xFF,0x15,0xB6,0x00,0xFF,0x15,0xB6,0x00,0xFF,0x15,0xB6,0x00,0xFF,0x15,0xB6,0x00,0xFF,0x15,0xB6,0x00,0xFF,
    0x15,0xB6,0x00,0xFF,0x6F,0xD2,0x63,0xFF,0x8A,0xDB,0x80,0xFF,0x4B,0x9B,0xBD,0xFF,0x32,0x7B,0xEA,0xFF,0x32,0x7B,0xEA,0xFF,0x32,0x7B,0xEA,0xFF,0x32,0x7B,0xEA,0xFF,0x32,0x7B,0xEA,0xFF,0x32,0x7B,0xEA,0xFF,0x32,0x7B,0xEA,0xFF,0x32,0x7B,0xEA,0xFF,0x32,0x7B,0xEA,0xFF,0x32,0x7B,0xEA,0xFF,0x32,0x7B,0xEA,0xFF,0x32,0x7B,0xEA,0xFF,
    0x32,0x7B,0xEA,0xFF,0x32,0x7B,0xEA,0xFF,0x32,0x7B,0xEA,0xFF,0x32,0x7B,0xEA,0xFF,0x32,0x7B,0xEA,0xFF,0x32,0x7B,0xEA,0xFF,0x32,0x7B,0xEA,0xFF,0x32,0x7B,0xEA,0xFF,0x32,0x7B,0xEA,0xFF,0x32,0x7B,0xEA,0xFF,0x32,0x7B,0xEA,0xFF,0x32,0x7B,0xEA,0xFF,0x32,0x7B,0xEA,0xFF,0x32,0x7B,0xEA,0xFF,0x32,0x7B,0xEA,0xFF,0x32,0x7B,0xEA,0xFF,
    0x32,0x7B,0xEA,0xFF,0x32,0x7B,0xEA,0xFF,0x32,0x7B,0xEA,0xFF,0x32,0x7B,0xEA,0xFF,0x32,0x7B,0xEA,0xFF,0x32,0x7B,0xEA,0xFF,0x32,0x7B,0xEA,0xFF,0x32,0x7B,0xEA,0xFF,0x32,0x7B,0xEA,0xFF,0x32,0x7B,0xEA,0xFF,0x32,0x7B,0xEA,0xFF,0x32,0x7B,0xEA,0xFF,0x32,0x7B,0xEA,0xFF,0x32,0x7B,0xEA,0xFF,0x32,0x7B,0xEA,0xFF,0x32,0x7B,0xEA,0xFF,
    0x32,0x7B,0xEA,0xFF,0x32,0x7B,0xEA,0xFF,0x32,0x7B,0xEA,0xFF,0x32,0x7B,0xEA,0xFF,0x32,0x7B,0xEA,0xFF,0x32,0x7B,0xEA,0xFF,0x32,0x7B,0xEA,0xFF,0x32,0x7B,0xEA,0xFF,0x32,0x7B,0xEA,0xFF,0x32,0x7B,0xEA,0xFF,0x32,0x7B,0xEA,0xFF,0x32,0x7B,0xEA,0xFF,0x36,0x81,0xE0,0xFF,0x86,0xD8,0x80,0xFF,0x89,0xDB,0x7F,0xFF,0x20,0xB9,0x0C,0xFF,
    0x15,0xB6,0x00,0xFF,0x15,0xB6,0x00,0xFF,0x15,0xB6,0x00,0xFF,0x15,0xB6,0x00,0xFF,0x15,0xB6,0x00,0xFF,0x15,0xB6,0x00,0xFF,0x15,0xB6,0x00,0xFF,0x15,0xB6,0x00,0xFF,0x15,0xB6,0x00,0xFF,0x15,0xB6,0x00,0xFF,0x15,0xB6,0x00,0xFF,0x15,0xB6,0x00,0xFF,0x15,0xB6,0x00,0xFF,0x15,0xB6,0x00,0xFF,0x15,0xB6,0x00,0xFF,0x15,0xB6,0x00,0xFF,
    0x93,0xDD,0x89,0xFF,0xFF,0xFF,0xFF,0xFF,0xFF,0xFF,0xFF,0xFF,0xFF,0xFF,0xFF,0xFF,0xCA,0xEF,0xC6,0xFF,0x23,0xBA,0x0F,0xFF,0x15,0xB6,0x00,0xFF,0x15,0xB6,0x00,0xFF,0x15,0xB6,0x00,0xFF,0x15,0xB6,0x00,0xFF,0x15,0xB6,0x00,0xFF,0x15,0xB6,0x00,0xFF,0x15,0xB6,0x00,0xFF,0x15,0xB6,0x00,0xFF,0x15,0xB6,0x00,0xFF,0x15,0xB6,0x00,0xFF,
    0x15,0xB6,0x00,0xFF,0x15,0xB6,0x00,0xFF,0x15,0xB6,0x00,0xFF,0x15,0xB6,0x00,0xFF,0x20,0xB9,0x0C,0xFF,0x89,0xDB,0x7F,0xFF,0x86,0xD8,0x80,0xFF,0x36,0x81,0xE0,0xFF,0x32,0x7B,0xEA,0xFF,0x32,0x7B,0xEA,0xFF,0x32,0x7B,0xEA,0xFF,0x32,0x7B,0xEA,0xFF,0x32,0x7B,0xEA,0xFF,0x32,0x7B,0xEA,0xFF,0x32,0x7B,0xEA,0xFF,0x32,0x7B,0xEA,0xFF,
    0x32,0x7B,0xEA,0xFF,0x32,0x7B,0xEA,0xFF,0x32,0x7B,0xEA,0xFF,0x32,0x7B,0xEA,0xFF,0x32,0x7B,0xEA,0xFF,0x32,0x7B,0xEA,0xFF,0x32,0x7B,0xEA,0xFF,0x32,0x7B,0xEA,0xFF,0x32,0x7B,0xEA,0xFF,0x32,0x7B,0xEA,0xFF,0x32,0x7B,0xEA,0xFF,0x32,0x7B,0xEA,0xFF,0x32,0x7B,0xEA,0xFF,0x32,0x7B,0xEA,0xFF,0x32,0x7B,0xEA,0xFF,0x32,0x7B,0xEA,0xFF,
    0x32,0x7B,0xEA,0xFF,0x32,0x7B,0xEA,0xFF,0x32,0x7B,0xEA,0xFF,0x32,0x7B,0xEA,0xFF,0x32,0x7B,0xEA,0xFF,0x32,0x7B,0xEA,0xFF,0x32,0x7B,0xEA,0xFF,0x32,0x7B,0xEA,0xFF,0x32,0x7B,0xEA,0xFF,0x32,0x7B,0xEA,0xFF,0x32,0x7B,0xEA,0xFF,0x32,0x7B,0xEA,0xFF,0x32,0x7B,0xEA,0xFF,0x32,0x7B,0xEA,0xFF,0x32,0x7B,0xEA,0xFF,0x32,0x7B,0xEA,0xFF,
    0x32,0x7B,0xEA,0xFF,0x32,0x7B,0xEA,0xFF,0x32,0x7B,0xEA,0xFF,0x32,0x7B,0xEA,0xFF,0x32,0x7B,0xEA,0xFF,0x32,0x7B,0xEA,0xFF,0x32,0x7B,0xEA,0xFF,0x32,0x7B,0xEA,0xFF,0x32,0x7B,0xEA,0xFF,0x32,0x7B,0xEA,0xFF,0x32,0x7B,0xEA,0xFF,0x32,0x7B,0xEA,0xFF,0x32,0x7B,0xEA,0xFF,0x32,0x7B,0xEA,0xFF,0x32,0x7B,0xEA,0xFF,0x32,0x7B,0xEA,0xFF,
    0x32,0x7B,0xEA,0xFF,0x6D,0xBF,0x95,0xFF,0x8A,0xDB,0x80,0xFF,0x4B,0xC7,0x3B,0xFF,0x15,0xB6,0x00,0xFF,0x15,0xB6,0x00,0xFF,0x15,0xB6,0x00,0xFF,0x15,0xB6,0x00,0xFF,0x15,0xB6,0x00,0xFF,0x15,0xB6,0x00,0xFF,0x15,0xB6,0x00,0xFF,0x15,0xB6,0x00,0xFF,0x15,0xB6,0x00,0xFF,0x15,0xB6,0x00,0xFF,0x15,0xB6,0x00,0xFF,0x15,0xB6,0x00,0xFF,
    0x15,0xB6,0x00,0xFF,0x15,0xB6,0x00,0xFF,0x16,0xB6,0x01,0xFF,0x9E,0xE1,0x95,0xFF,0xFF,0xFF,0xFF,0xFF,0xFF,0xFF,0xFF,0xFF,0xFF,0xFF,0xFF,0xFF,0xC6,0xED,0xC1,0xFF,0x1F,0xB9,0x0B,0xFF,0x15,0xB6,0x00,0xFF,0x15,0xB6,0x00,0xFF,0x15,0xB6,0x00,0xFF,0x15,0xB6,0x00,0xFF,0x15,0xB6,0x00,0xFF,0x15,0xB6,0x00,0xFF,0x15,0xB6,0x00,0xFF,
    0x15,0xB6,0x00,0xFF,0x15,0xB6,0x00,0xFF,0x15,0xB6,0x00,0xFF,0x15,0xB6,0x00,0xFF,0x15,0xB6,0x00,0xFF,0x15,0xB6,0x00,0xFF,0x15,0xB6,0x00,0xFF,0x15,0xB6,0x00,0xFF,0x4B,0xC7,0x3B,0xFF,0x8A,0xDB,0x80,0xFF,0x6D,0xBF,0x95,0xFF,0x32,0x7B,0xEA,0xFF,0x32,0x7B,0xEA,0xFF,0x32,0x7B,0xEA,0xFF,0x32,0x7B,0xEA,0xFF,0x32,0x7B,0xEA,0xFF,
    0x32,0x7B,0xEA,0xFF,0x32,0x7B,0xEA,0xFF,0x32,0x7B,0xEA,0xFF,0x32,0x7B,0xEA,0xFF,0x32,0x7B,0xEA,0xFF,0x32,0x7B,0xEA,0xFF,0x32,0x7B,0xEA,0xFF,0x32,0x7B,0xEA,0xFF,0x32,0x7B,0xEA,0xFF,0x32,0x7B,0xEA,0xFF,0x32,0x7B,0xEA,0xFF,0x32,0x7B,0xEA,0xFF,0x32,0x7B,0xEA,0xFF,0x32,0x7B,0xEA,0xFF,0x32,0x7B,0xEA,0xFF,0x32,0x7B,0xEA,0xFF,
    0x32,0x7B,0xEA,0xFF,0x32,0x7B,0xEA,0xFF,0x32,0x7B,0xEA,0xFF,0x32,0x7B,0xEA,0xFF,0x32,0x7B,0xEA,0xFF,0x32,0x7B,0xEA,0xFF,0x32,0x7B,0xEA,0xFF,0x32,0x7B,0xEA,0xFF,0x32,0x7B,0xEA,0xFF,0x32,0x7B,0xEA,0xFF,0x32,0x7B,0xEA,0xFF,0x32,0x7B,0xEA,0xFF,0x32,0x7B,0xEA,0xFF,0x32,0x7B,0xEA,0xFF,0x32,0x7B,0xEA,0xFF,0x32,0x7B,0xEA,0xFF,
    0x32,0x7B,0xEA,0xFF,0x32,0x7B,0xEA,0xFF,0x32,0x7B,0xEA,0xFF,0x32,0x7B,0xEA,0xFF,0x32,0x7B,0xEA,0xFF,0x32,0x7B,0xEA,0xFF,0x32,0x7B,0xEA,0xFF,0x32,0x7B,0xEA,0xFF,0x32,0x7B,0xEA,0xFF,0x32,0x7B,0xEA,0xFF,0x32,0x7B,0xEA,0xFF,0x32,0x7B,0xEA,0xFF,0x32,0x7B,0xEA,0xFF,0x32,0x7B,0xEA,0xFF,0x32,0x7B,0xEA,0xFF,0x32,0x7B,0xEA,0xFF,
    0x32,0x7B,0xEA,0xFF,0x32,0x7B,0xEA,0xFF,0x32,0x7B,0xEA,0xFF,0x32,0x7B,0xEA,0xFF,0x32,0x7B,0xEA,0xFF,0x4A,0x99,0xBF,0xFF,0x8A,0xDB,0x80,0xFF,0x7C,0xD6,0x71,0xFF,0x17,0xB7,0x02,0xFF,0x15,0xB6,0x00,0xFF,0x15,0xB6,0x00,0xFF,0x15,0xB6,0x00,0xFF,0x15,0xB6,0x00,0xFF,0x15,0xB6,0x00,0xFF,0x15,0xB6,0x00,0xFF,0x15,0xB6,0x00,0xFF,
    0x15,0xB6,0x00,0xFF,0x15,0xB6,0x00,0xFF,0x15,0xB6,0x00,0xFF,0x15,0xB6,0x00,0xFF,0x15,0xB6,0x00,0xFF,0x19,0xB7,0x05,0xFF,0xA9,0xE4,0xA2,0xFF,0xFF,0xFF,0xFF,0xFF,0xFF,0xFF,0xFF,0xFF,0xFF,0xFF,0xFF,0xFF,0xBF,0xEB,0xB9,0xFF,0x1D,0xB9,0x09,0xFF,0x15,0xB6,0x00,0xFF,0x15,0xB6,0x00,0xFF,0x15,0xB6,0x00,0xFF,0x15,0xB6,0x00,0xFF,
    0x15,0xB6,0x00,0xFF,0x15,0xB6,0x00,0xFF,0x15,0xB6,0x00,0xFF,0x15,0xB6,0x00,0xFF,0x15,0xB6,0x00,0xFF,0x15,0xB6,0x00,0xFF,0x15,0xB6,0x00,0xFF,0x15,0xB6,0x00,0xFF,0x15,0xB6,0x00,0xFF,0x15,0xB6,0x00,0xFF,0x15,0xB6,0x00,0xFF,0x17,0xB7,0x02,0xFF,0x7C,0xD6,0x71,0xFF,0x8A,0xDB,0x80,0xFF,0x4A,0x99,0xBF,0xFF,0x32,0x7B,0xEA,0xFF,
    0x32,0x7B,0xEA,0xFF,0x32,0x7B,0xEA,0xFF,0x32,0x7B,0xEA,0xFF,0x32,0x7B,0xEA,0xFF,0x32,0x7B,0xEA,0xFF,0x32,0x7B,0xEA,0xFF,0x32,0x7B,0xEA,0xFF,0x32,0x7B,0xEA,0xFF,0x32,0x7B,0xEA,0xFF,0x32,0x7B,0xEA,0xFF,0x32,0x7B,0xEA,0xFF,0x32,0x7B,0xEA,0xFF,0x32,0x7B,0xEA,0xFF,0x32,0x7B,0xEA,0xFF,0x32,0x7B,0xEA,0xFF,0x32,0x7B,0xEA,0xFF,
    0x32,0x7B,0xEA,0xFF,0x32,0x7B,0xEA,0xFF,0x32,0x7B,0xEA,0xFF,0x32,0x7B,0xEA,0xFF,0x32,0x7B,0xEA,0xFF,0x32,0x7B,0xEA,0xFF,0x32,0x7B,0xEA,0xFF,0x32,0x7B,0xEA,0xFF,0x32,0x7B,0xEA,0xFF,0x32,0x7B,0xEA,0xFF,0x32,0x7B,0xEA,0xFF,0x32,0x7B,0xEA,0xFF,0x32,0x7B,0xEA,0xFF,0x32,0x7B,0xEA,0xFF,0x32,0x7B,0xEA,0xFF,0x32,0x7B,0xEA,0xFF,
    0x32,0x7B,0xEA,0xFF,0x32,0x7B,0xEA,0xFF,0x32,0x7B,0xEA,0xFF,0x32,0x7B,0xEA,0xFF,0x32,0x7B,0xEA,0xFF,0x32,0x7B,0xEA,0xFF,0x32,0x7B,0xEA,0xFF,0x32,0x7B,0xEA,0xFF,0x32,0x7B,0xEA,0xFF,0x32,0x7B,0xEA,0xFF,0x32,0x7B,0xEA,0xFF,0x32,0x7B,0xEA,0xFF,0x32,0x7B,0xEA,0xFF,0x32,0x7B,0xEA,0xFF,0x32,0x7B,0xEA,0xFF,0x32,0x7B,0xEA,0xFF,
    0x32,0x7B,0xEA,0xFF,0x32,0x7B,0xEA,0xFF,0x32,0x7B,0xEA,0xFF,0x32,0x7B,0xEA,0xFF,0x32,0x7B,0xEA,0xFF,0x32,0x7B,0xEA,0xFF,0x32,0x7B,0xEA,0xFF,0x32,0x7B,0xEA,0xFF,0x32,0x7B,0xEA,0xFF,0x32,0x7B,0xEA,0xFF,0x7A,0xCD,0x87,0xFF,0x8A,0xDB,0x80,0xFF,0x45,0xC5,0x35,0xFF,0x15,0xB6,0x00,0xFF,0x15,0xB6,0x00,0xFF,0x15,0xB6,0x00,0xFF,
    0x15,0xB6,0x00,0xFF,0x15,0xB6,0x00,0xFF,0x15,0xB6,0x00,0xFF,0x15,0xB6,0x00,0xFF,0x15,0xB6,0x00,0xFF,0x15,0xB6,0x00,0xFF,0x15,0xB6,0x00,0xFF,0x15,0xB6,0x00,0xFF,0x15,0xB6,0x00,0xFF,0x71,0xD3,0x65,0xFF,0xFF,0xFF,0xFF,0xFF,0xFF,0xFF,0xFF,0xFF,0xFF,0xFF,0xFF,0xFF,0xB7,0xE9,0xB1,0xFF,0x1B,0xB8,0x07,0xFF,0x15,0xB6,0x00,0xFF,
    0x15,0xB6,0x00,0xFF,0x15,0xB6,0x00,0xFF,0x15,0xB6,0x00,0xFF,0x15,0xB6,0x00,0xFF,0x15,0xB6,0x00,0xFF,0x15,0xB6,0x00,0xFF,0x15,0xB6,0x00,0xFF,0x15,0xB6,0x00,0xFF,0x15,0xB6,0x00,0xFF,0x15,0xB6,0x00,0xFF,0x15,0xB6,0x00,0xFF,0x15,0xB6,0x00,0xFF,0x15,0xB6,0x00,0xFF,0x15,0xB6,0x00,0xFF,0x15,0xB6,0x00,0xFF,0x45,0xC5,0x35,0xFF,
    0x8A,0xDB,0x80,0xFF,0x7A,0xCD,0x87,0xFF,0x32,0x7B,0xEA,0xFF,0x32,0x7B,0xEA,0xFF,0x32,0x7B,0xEA,0xFF,0x32,0x7B,0xEA,0xFF,0x32,0x7B,0xEA,0xFF,0x32,0x7B,0xEA,0xFF,0x32,0x7B,0xEA,0xFF,0x32,0x7B,0xEA,0xFF,0x32,0x7B,0xEA,0xFF,0x32,0x7B,0xEA,0xFF,0x32,0x7B,0xEA,0xFF,0x32,0x7B,0xEA,0xFF,0x32,0x7B,0xEA,0xFF,0x32,0x7B,0xEA,0xFF,
    0x32,0x7B,0xEA,0xFF,0x32,0x7B,0xEA,0xFF,0x32,0x7B,0xEA,0xFF,0x32,0x7B,0xEA,0xFF,0x32,0x7B,0xEA,0xFF,0x32,0x7B,0xEA,0xFF,0x32,0x7B,0xEA,0xFF,0x32,0x7B,0xEA,0xFF,0x32,0x7B,0xEA,0xFF,0x32,0x7B,0xEA,0xFF,0x32,0x7B,0xEA,0xFF,0x32,0x7B,0xEA,0xFF,0x32,0x7B,0xEA,0xFF,0x32,0x7B,0xEA,0xFF,0x32,0x7B,0xEA,0xFF,0x32,0x7B,0xEA,0xFF,
    0x32,0x7B,0xEA,0xFF,0x32,0x7B,0xEA,0xFF,0x32,0x7B,0xEA,0xFF,0x32,0x7B,0xEA,0xFF,0x32,0x7B,0xEA,0xFF,0x32,0x7B,0xEA,0xFF,0x32,0x7B,0xEA,0xFF,0x32,0x7B,0xEA,0xFF,0x32,0x7B,0xEA,0xFF,0x32,0x7B,0xEA,0xFF,0x32,0x7B,0xEA,0xFF,0x32,0x7B,0xEA,0xFF,0x32,0x7B,0xEA,0xFF,0x32,0x7B,0xEA,0xFF,0x32,0x7B,0xEA,0xFF,0x32,0x7B,0xEA,0xFF,
    0x32,0x7B,0xEA,0xFF,0x32,0x7B,0xEA,0xFF,0x32,0x7B,0xEA,0xFF,0x32,0x7B,0xEA,0xFF,0x32,0x7B,0xEA,0xFF,0x32,0x7B,0xEA,0xFF,0x32,0x7B,0xEA,0xFF,0x32,0x7B,0xEA,0xFF,0x32,0x7B,0xEA,0xFF,0x32,0x7B,0xEA,0xFF,0x32,0x7B,0xEA,0xFF,0x32,0x7B,0xEA,0xFF,0x32,0x7B,0xEA,0xFF,0x32,0x7B,0xEA,0xFF,0x4D,0x9C,0xBE,0xFF,0x8A,0xDB,0x80,0xFF,
    0x7F,0xD7,0x74,0xFF,0x1E,0xB9,0x0A,0xFF,0x15,0xB6,0x00,0xFF,0x15,0xB6,0x00,0xFF,0x15,0xB6,0x00,0xFF,0x15,0xB6,0x00,0xFF,0x15,0xB6,0x00,0xFF,0x15,0xB6,0x00,0xFF,0x15,0xB6,0x00,0xFF,0x15,0xB6,0x00,0xFF,0x15,0xB6,0x00,0xFF,0x15,0xB6,0x00,0xFF,0x15,0xB6,0x00,0xFF,0x71,0xD3,0x65,0xFF,0xFF,0xFF,0xFF,0xFF,0xFF,0xFF,0xFF,0xFF,
    0xB1,0xE6,0xA9,0xFF,0x19,0xB7,0x04,0xFF,0x15,0xB6,0x00,0xFF,0x15,0xB6,0x00,0xFF,0x15,0xB6,0x00,0xFF,0x15,0xB6,0x00,0xFF,0x15,0xB6,0x00,0xFF,0x15,0xB6,0x00,0xFF,0x15,0xB6,0x00,0xFF,0x15,0xB6,0x00,0xFF,0x15,0xB6,0x00,0xFF,0x15,0xB6,0x00,0xFF,0x15,0xB6,0x00,0xFF,0x15,0xB6,0x00,0xFF,0x15,0xB6,0x00,0xFF,0x15,0xB6,0x00,0xFF,
    0x15,0xB6,0x00,0xFF,0x15,0xB6,0x00,0xFF,0x1E,0xB9,0x0A,0xFF,0x7F,0xD7,0x74,0xFF,0x8A,0xDB,0x80,0xFF,0x4D,0x9C,0xBE,0xFF,0x32,0x7B,0xEA,0xFF,0x32,0x7B,0xEA,0xFF,0x32,0x7B,0xEA,0xFF,0x32,0x7B,0xEA,0xFF,0x32,0x7B,0xEA,0xFF,0x32,0x7B,0xEA,0xFF,0x32,0x7B,0xEA,0xFF,0x32,0x7B,0xEA,0xFF,0x32,0x7B,0xEA,0xFF,0x32,0x7B,0xEA,0xFF,
    0x32,0x7B,0xEA,0xFF,0x32,0x7B,0xEA,0xFF,0x32,0x7B,0xEA,0xFF,0x32,0x7B,0xEA,0xFF,0x32,0x7B,0xEA,0xFF,0x32,0x7B,0xEA,0xFF,0x32,0x7B,0xEA,0xFF,0x32,0x7B,0xEA,0xFF,0x32,0x7B,0xEA,0xFF,0x32,0x7B,0xEA,0xFF,0x32,0x7B,0xEA,0xFF,0x32,0x7B,0xEA,0xFF,0x32,0x7B,0xEA,0xFF,0x32,0x7B,0xEA,0xFF,0x32,0x7B,0xEA,0xFF,0x32,0x7B,0xEA,0xFF,
    0x32,0x7B,0xEA,0xFF,0x32,0x7B,0xEA,0xFF,0x32,0x7B,0xEA,0xFF,0x32,0x7B,0xEA,0xFF,0x32,0x7B,0xEA,0xFF,0x32,0x7B,0xEA,0xFF,0x32,0x7B,0xEA,0xFF,0x32,0x7B,0xEA,0xFF,0x32,0x7B,0xEA,0xFF,0x32,0x7B,0xEA,0xFF,0x32,0x7B,0xEA,0xFF,0x32,0x7B,0xEA,0xFF,0x32,0x7B,0xEA,0xFF,0x32,0x7B,0xEA,0xFF,0x32,0x7B,0xEA,0xFF,0x32,0x7B,0xEA,0xFF,
    0x32,0x7B,0xEA,0xFF,0x32,0x7B,0xEA,0xFF,0x32,0x7B,0xEA,0xFF,0x32,0x7B,0xEA,0xFF,0x32,0x7B,0xEA,0xFF,0x32,0x7B,0xEA,0xFF,0x32,0x7B,0xEA,0xFF,0x32,0x7B,0xEA,0xFF,0x32,0x7B,0xEA,0xFF,0x32,0x7B,0xEA,0xFF,0x32,0x7B,0xEA,0xFF,0x32,0x7B,0xEA,0xFF,0x32,0x7B,0xEA,0xFF,0x32,0x7B,0xEA,0xFF,0x32,0x7B,0xEA,0xFF,0x32,0x7B,0xEA,0xFF,
    0x32,0x7B,0xEA,0xFF,0x32,0x7B,0xEA,0xFF,0x32,0x7B,0xEA,0xFF,0x73,0xC5,0x8F,0xFF,0x8A,0xDB,0x80,0xFF,0x5E,0xCD,0x4F,0xFF,0x15,0xB6,0x00,0xFF,0x15,0xB6,0x00,0xFF,0x15,0xB6,0x00,0xFF,0x15,0xB6,0x00,0xFF,0x15,0xB6,0x00,0xFF,0x15,0xB6,0x00,0xFF,0x15,0xB6,0x00,0xFF,0x15,0xB6,0x00,0xFF,0x15,0xB6,0x00,0xFF,0x15,0xB6,0x00,0xFF,
    0x15,0xB6,0x00,0xFF,0x1A,0xB8,0x06,0xFF,0x70,0xD2,0x64,0xFF,0x6F,0xD2,0x62,0xFF,0x1A,0xB8,0x06,0xFF,0x15,0xB6,0x00,0xFF,0x15,0xB6,0x00,0xFF,0x15,0xB6,0x00,0xFF,0x15,0xB6,0x00,0xFF,0x15,0xB6,0x00,0xFF,0x15,0xB6,0x00,0xFF,0x15,0xB6,0x00,0xFF,0x15,0xB6,0x00,0xFF,0x15,0xB6,0x00,0xFF,0x15,0xB6,0x00,0xFF,0x15,0xB6,0x00,0xFF,
    0x15,0xB6,0x00,0xFF,0x15,0xB6,0x00,0xFF,0x15,0xB6,0x00,0xFF,0x15,0xB6,0x00,0xFF,0x15,0xB6,0x00,0xFF,0x15,0xB6,0x00,0xFF,0x5E,0xCD,0x4F,0xFF,0x8A,0xDB,0x80,0xFF,0x73,0xC6,0x8F,0xFF,0x32,0x7B,0xEA,0xFF,0x32,0x7B,0xEA,0xFF,0x32,0x7B,0xEA,0xFF,0x32,0x7B,0xEA,0xFF,0x32,0x7B,0xEA,0xFF,0x32,0x7B,0xEA,0xFF,0x32,0x7B,0xEA,0xFF,
    0x32,0x7B,0xEA,0xFF,0x32,0x7B,0xEA,0xFF,0x32,0x7B,0xEA,0xFF,0x32,0x7B,0xEA,0xFF,0x32,0x7B,0xEA,0xFF,0x32,0x7B,0xEA,0xFF,0x32,0x7B,0xEA,0xFF,0x32,0x7B,0xEA,0xFF,0x32,0x7B,0xEA,0xFF,0x32,0x7B,0xEA,0xFF,0x32,0x7B,0xEA,0xFF,0x32,0x7B,0xEA,0xFF,0x32,0x7B,0xEA,0xFF,0x32,0x7B,0xEA,0xFF,0x32,0x7B,0xEA,0xFF,0x32,0x7B,0xEA,0xFF,
    0x32,0x7B,0xEA,0xFF,0x32,0x7B,0xEA,0xFF,0x32,0x7B,0xEA,0xFF,0x32,0x7B,0xEA,0xFF,0x32,0x7B,0xEA,0xFF,0x32,0x7B,0xEA,0xFF,0x32,0x7B,0xEA,0xFF,0x32,0x7B,0xEA,0xFF,0x32,0x7B,0xEA,0xFF,0x32,0x7B,0xEA,0xFF,0x32,0x7B,0xEA,0xFF,0x32,0x7B,0xEA,0xFF,0x32,0x7B,0xEA,0xFF,0x32,0x7B,0xEA,0xFF,0x32,0x7B,0xEA,0xFF,0x32,0x7B,0xEA,0xFF,
    0x32,0x7B,0xEA,0xFF,0x32,0x7B,0xEA,0xFF,0x32,0x7B,0xEA,0xFF,0x32,0x7B,0xEA,0xFF,0x32,0x7B,0xEA,0xFF,0x32,0x7B,0xEA,0xFF,0x32,0x7B,0xEA,0xFF,0x32,0x7B,0xEA,0xFF,0x32,0x7B,0xEA,0xFF,0x32,0x7B,0xEA,0xFF,0x32,0x7B,0xEA,0xFF,0x32,0x7B,0xEA,0xFF,0x32,0x7B,0xEA,0xFF,0x32,0x7B,0xEA,0xFF,0x32,0x7B,0xEA,0xFF,0x32,0x7B,0xEA,0xFF,
    0x32,0x7B,0xEA,0xFF,0x32,0x7B,0xEA,0xFF,0x32,0x7B,0xEA,0xFF,0x32,0x7B,0xEA,0xFF,0x32,0x7B,0xEA,0xFF,0x32,0x7B,0xEA,0xFF,0x32,0x7B,0xEA,0xFF,0x3D,0x89,0xD4,0xFF,0x85,0xD7,0x81,0xFF,0x8A,0xDB,0x80,0xFF,0x46,0xC5,0x35,0xFF,0x15,0xB6,0x00,0xFF,0x15,0xB6,0x00,0xFF,0x15,0xB6,0x00,0xFF,0x15,0xB6,0x00,0xFF,0x15,0xB6,0x00,0xFF,
    0x15,0xB6,0x00,0xFF,0x15,0xB6,0x00,0xFF,0x15,0xB6,0x00,0xFF,0x15,0xB6,0x00,0xFF,0x15,0xB6,0x00,0xFF,0x15,0xB6,0x00,0xFF,0x15,0xB6,0x00,0xFF,0x15,0xB6,0x00,0xFF,0x15,0xB6,0x00,0xFF,0x15,0xB6,0x00,0xFF,0x15,0xB6,0x00,0xFF,0x15,0xB6,0x00,0xFF,0x15,0xB6,0x00,0xFF,0x15,0xB6,0x00,0xFF,0x15,0xB6,0x00,0xFF,0x15,0xB6,0x00,0xFF,
    0x15,0xB6,0x00,0xFF,0x15,0xB6,0x00,0xFF,0x15,0xB6,0x00,0xFF,0x15,0xB6,0x00,0xFF,0x15,0xB6,0x00,0xFF,0x15,0xB6,0x00,0xFF,0x15,0xB6,0x00,0xFF,0x15,0xB6,0x00,0xFF,0x15,0xB6,0x00,0xFF,0x46,0xC5,0x35,0xFF,0x8A,0xDB,0x80,0xFF,0x85,0xD7,0x81,0xFF,0x3D,0x89,0xD4,0xFF,0x32,0x7B,0xEA,0xFF,0x32,0x7B,0xEA,0xFF,0x32,0x7B,0xEA,0xFF,
    0x32,0x7B,0xEA,0xFF,0x32,0x7B,0xEA,0xFF,0x32,0x7B,0xEA,0xFF,0x32,0x7B,0xEA,0xFF,0x32,0x7B,0xEA,0xFF,0x32,0x7B,0xEA,0xFF,0x32,0x7B,0xEA,0xFF,0x32,0x7B,0xEA,0xFF,0x32,0x7B,0xEA,0xFF,0x32,0x7B,0xEA,0xFF,0x32,0x7B,0xEA,0xFF,0x32,0x7B,0xEA,0xFF,0x32,0x7B,0xEA,0xFF,0x32,0x7B,0xEA,0xFF,0x32,0x7B,0xEA,0xFF,0x32,0x7B,0xEA,0xFF,
    0x32,0x7B,0xEA,0xFF,0x32,0x7B,0xEA,0xFF,0x32,0x7B,0xEA,0xFF,0x32,0x7B,0xEA,0xFF,0x32,0x7B,0xEA,0xFF,0x32,0x7B,0xEA,0xFF,0x32,0x7B,0xEA,0xFF,0x32,0x7B,0xEA,0xFF,0x32,0x7B,0xEA,0xFF,0x32,0x7B,0xEA,0xFF,0x32,0x7B,0xEA,0xFF,0x32,0x7B,0xEA,0xFF,0x32,0x7B,0xEA,0xFF,0x32,0x7B,0xEA,0xFF,0x32,0x7B,0xEA,0xFF,0x32,0x7B,0xEA,0xFF,
    0x32,0x7B,0xEA,0xFF,0x32,0x7B,0xEA,0xFF,0x32,0x7B,0xEA,0xFF,0x32,0x7B,0xEA,0xFF,0x32,0x7B,0xEA,0xFF,0x32,0x7B,0xEA,0xFF,0x32,0x7B,0xEA,0xFF,0x32,0x7B,0xEA,0xFF,0x32,0x7B,0xEA,0xFF,0x32,0x7B,0xEA,0xFF,0x32,0x7B,0xEA,0xFF,0x32,0x7B,0xEA,0xFF,0x32,0x7B,0xEA,0xFF,0x32,0x7B,0xEA,0xFF,0x32,0x7B,0xEA,0xFF,0x32,0x7B,0xEA,0xFF,
    0x32,0x7B,0xEA,0xFF,0x32,0x7B,0xEA,0xFF,0x32,0x7B,0xEA,0xFF,0x32,0x7B,0xEA,0xFF,0x32,0x7B,0xEA,0xFF,0x32,0x7B,0xEA,0xFF,0x32,0x7B,0xEA,0xFF,0x32,0x7B,0xEA,0xFF,0x32,0x7B,0xEA,0xFF,0x32,0x7B,0xEA,0xFF,0x32,0x7B,0xEA,0xFF,0x32,0x7B,0xEA,0xFF,0x54,0xA4,0xB5,0xFF,0x8A,0xDB,0x80,0xFF,0x87,0xDA,0x7D,0xFF,0x35,0xC0,0x23,0xFF,
    0x15,0xB6,0x00,0xFF,0x15,0xB6,0x00,0xFF,0x15,0xB6,0x00,0xFF,0x15,0xB6,0x00,0xFF,0x15,0xB6,0x00,0xFF,0x15,0xB6,0x00,0xFF,0x15,0xB6,0x00,0xFF,0x15,0xB6,0x00,0xFF,0x15,0xB6,0x00,0xFF,0x15,0xB6,0x00,0xFF,0x15,0xB6,0x00,0xFF,0x15,0xB6,0x00,0xFF,0x15,0xB6,0x00,0xFF,0x15,0xB6,0x00,0xFF,0x15,0xB6,0x00,0xFF,0x15,0xB6,0x00,0xFF,
    0x15,0xB6,0x00,0xFF,0x15,0xB6,0x00,0xFF,0x15,0xB6,0x00,0xFF,0x15,0xB6,0x00,0xFF,0x15,0xB6,0x00,0xFF,0x15,0xB6,0x00,0xFF,0x15,0xB6,0x00,0xFF,0x15,0xB6,0x00,0xFF,0x15,0xB6,0x00,0xFF,0x15,0xB6,0x00,0xFF,0x15,0xB6,0x00,0xFF,0x15,0xB6,0x00,0xFF,0x35,0xC0,0x23,0xFF,0x87,0xDA,0x7D,0xFF,0x8A,0xDB,0x80,0xFF,0x54,0xA3,0xB4,0xFF,
    0x32,0x7B,0xEA,0xFF,0x32,0x7B,0xEA,0xFF,0x32,0x7B,0xEA,0xFF,0x32,0x7B,0xEA,0xFF,0x32,0x7B,0xEA,0xFF,0x32,0x7B,0xEA,0xFF,0x32,0x7B,0xEA,0xFF,0x32,0x7B,0xEA,0xFF,0x32,0x7B,0xEA,0xFF,0x32,0x7B,0xEA,0xFF,0x32,0x7B,0xEA,0xFF,0x32,0x7B,0xEA,0xFF,0x32,0x7B,0xEA,0xFF,0x32,0x7B,0xEA,0xFF,0x32,0x7B,0xEA,0xFF,0x32,0x7B,0xEA,0xFF,
    0x32,0x7B,0xEA,0xFF,0x32,0x7B,0xEA,0xFF,0x32,0x7B,0xEA,0xFF,0x32,0x7B,0xEA,0xFF,0x32,0x7B,0xEA,0xFF,0x32,0x7B,0xEA,0xFF,0x32,0x7B,0xEA,0xFF,0x32,0x7B,0xEA,0xFF,0x32,0x7B,0xEA,0xFF,0x32,0x7B,0xEA,0xFF,0x32,0x7B,0xEA,0xFF,0x32,0x7B,0xEA,0xFF,0x32,0x7B,0xEA,0xFF,0x32,0x7B,0xEA,0xFF,0x32,0x7B,0xEA,0xFF,0x32,0x7B,0xEA,0xFF,
    0x32,0x7B,0xEA,0xFF,0x32,0x7B,0xEA,0xFF,0x32,0x7B,0xEA,0xFF,0x32,0x7B,0xEA,0xFF,0x32,0x7B,0xEA,0xFF,0x32,0x7B,0xEA,0xFF,0x32,0x7B,0xEA,0xFF,0x32,0x7B,0xEA,0xFF,0x32,0x7B,0xEA,0xFF,0x32,0x7B,0xEA,0xFF,0x32,0x7B,0xEA,0xFF,0x32,0x7B,0xEA,0xFF,0x32,0x7B,0xEA,0xFF,0x32,0x7B,0xEA,0xFF,0x32,0x7B,0xEA,0xFF,0x32,0x7B,0xEA,0xFF,
    0x32,0x7B,0xEA,0xFF,0x32,0x7B,0xEA,0xFF,0x32,0x7B,0xEA,0xFF,0x32,0x7B,0xEA,0xFF,0x32,0x7B,0xEA,0xFF,0x32,0x7B,0xEA,0xFF,0x32,0x7B,0xEA,0xFF,0x32,0x7B,0xEA,0xFF,0x32,0x7B,0xEA,0xFF,0x32,0x7B,0xEA,0xFF,0x32,0x7B,0xEA,0xFF,0x32,0x7B,0xEA,0xFF,0x32,0x7B,0xEA,0xFF,0x32,0x7B,0xEA,0xFF,0x32,0x7B,0xEA,0xFF,0x32,0x7B,0xEA,0xFF,
    0x32,0x7B,0xEA,0xFF,0x5F,0xB1,0xA3,0xFF,0x8A,0xDB,0x80,0xFF,0x84,0xD9,0x7A,0xFF,0x35,0xC0,0x23,0xFF,0x15,0xB6,0x00,0xFF,0x15,0xB6,0x00,0xFF,0x15,0xB6,0x00,0xFF,0x15,0xB6,0x00,0xFF,0x15,0xB6,0x00,0xFF,0x15,0xB6,0x00,0xFF,0x15,0xB6,0x00,0xFF,0x15,0xB6,0x00,0xFF,0x15,0xB6,0x00,0xFF,0x15,0xB6,0x00,0xFF,0x15,0xB6,0x00,0xFF,
    0x15,0xB6,0x00,0xFF,0x15,0xB6,0x00,0xFF,0x15,0xB6,0x00,0xFF,0x15,0xB6,0x00,0xFF,0x15,0xB6,0x00,0xFF,0x15,0xB6,0x00,0xFF,0x15,0xB6,0x00,0xFF,0x15,0xB6,0x00,0xFF,0x15,0xB6,0x00,0xFF,0x15,0xB6,0x00,0xFF,0x15,0xB6,0x00,0xFF,0x15,0xB6,0x00,0xFF,0x15,0xB6,0x00,0xFF,0x15,0xB6,0x00,0xFF,0x15,0xB6,0x00,0xFF,0x35,0xC0,0x23,0xFF,
    0x84,0xD9,0x7A,0xFF,0x8A,0xDB,0x80,0xFF,0x5F,0xB1,0xA3,0xFF,0x32,0x7B,0xEA,0xFF,0x32,0x7B,0xEA,0xFF,0x32,0x7B,0xEA,0xFF,0x32,0x7B,0xEA,0xFF,0x32,0x7B,0xEA,0xFF,0x32,0x7B,0xEA,0xFF,0x32,0x7B,0xEA,0xFF,0x32,0x7B,0xEA,0xFF,0x32,0x7B,0xEA,0xFF,0x32,0x7B,0xEA,0xFF,0x32,0x7B,0xEA,0xFF,0x32,0x7B,0xEA,0xFF,0x32,0x7B,0xEA,0xFF,
    0x32,0x7B,0xEA,0xFF,0x32,0x7B,0xEA,0xFF,0x32,0x7B,0xEA,0xFF,0x32,0x7B,0xEA,0xFF,0x32,0x7B,0xEA,0xFF,0x32,0x7B,0xEA,0xFF,0x32,0x7B,0xEA,0xFF,0x32,0x7B,0xEA,0xFF,0x32,0x7B,0xEA,0xFF,0x32,0x7B,0xEA,0xFF,0x32,0x7B,0xEA,0xFF,0x32,0x7B,0xEA,0xFF,0x32,0x7B,0xEA,0xFF,0x32,0x7B,0xEA,0xFF,0x32,0x7B,0xEA,0xFF,0x32,0x7B,0xEA,0xFF,
    0x32,0x7B,0xEA,0xFF,0x32,0x7B,0xEA,0xFF,0x32,0x7B,0xEA,0xFF,0x32,0x7B,0xEA,0xFF,0x32,0x7B,0xEA,0xFF,0x32,0x7B,0xEA,0xFF,0x32,0x7B,0xEA,0xFF,0x32,0x7B,0xEA,0xFF,0x32,0x7B,0xEA,0xFF,0x32,0x7B,0xEA,0xFF,0x32,0x7B,0xEA,0xFF,0x32,0x7B,0xEA,0xFF,0x32,0x7B,0xEA,0xFF,0x32,0x7B,0xEA,0xFF,0x32,0x7B,0xEA,0xFF,0x32,0x7B,0xEA,0xFF,
    0x32,0x7B,0xEA,0xFF,0x32,0x7B,0xEA,0xFF,0x32,0x7B,0xEA,0xFF,0x32,0x7B,0xEA,0xFF,0x32,0x7B,0xEA,0xFF,0x32,0x7B,0xEA,0xFF,0x32,0x7B,0xEA,0xFF,0x32,0x7B,0xEA,0xFF,0x32,0x7B,0xEA,0xFF,0x32,0x7B,0xEA,0xFF,0x32,0x7B,0xEA,0xFF,0x32,0x7B,0xEA,0xFF,0x32,0x7B,0xEA,0xFF,0x32,0x7B,0xEA,0xFF,0x32,0x7B,0xEA,0xFF,0x32,0x7B,0xEA,0xFF,
    0x32,0x7B,0xEA,0xFF,0x32,0x7B,0xEA,0xFF,0x32,0x7B,0xEA,0xFF,0x32,0x7B,0xEA,0xFF,0x32,0x7B,0xEA,0xFF,0x32,0x7B,0xEA,0xFF,0x63,0xB5,0x9F,0xFF,0x8A,0xDB,0x80,0xFF,0x87,0xDA,0x7D,0xFF,0x46,0xC5,0x35,0xFF,0x15,0xB6,0x00,0xFF,0x15,0xB6,0x00,0xFF,0x15,0xB6,0x00,0xFF,0x15,0xB6,0x00,0xFF,0x15,0xB6,0x00,0xFF,0x15,0xB6,0x00,0xFF,
    0x15,0xB6,0x00,0xFF,0x15,0xB6,0x00,0xFF,0x15,0xB6,0x00,0xFF,0x15,0xB6,0x00,0xFF,0x15,0xB6,0x00,0xFF,0x15,0xB6,0x00,0xFF,0x15,0xB6,0x00,0xFF,0x15,0xB6,0x00,0xFF,0x15,0xB6,0x00,0xFF,0x15,0xB6,0x00,0xFF,0x15,0xB6,0x00,0xFF,0x15,0xB6,0x00,0xFF,0x15,0xB6,0x00,0xFF,0x15,0xB6,0x00,0xFF,0x15,0xB6,0x00,0xFF,0x15,0xB6,0x00,0xFF,
    0x15,0xB6,0x00,0xFF,0x15,0xB6,0x00,0xFF,0x46,0xC5,0x35,0xFF,0x87,0xDA,0x7D,0xFF,0x8A,0xDB,0x80,0xFF,0x63,0xB5,0x9F,0xFF,0x32,0x7B,0xEA,0xFF,0x32,0x7B,0xEA,0xFF,0x32,0x7B,0xEA,0xFF,0x32,0x7B,0xEA,0xFF,0x32,0x7B,0xEA,0xFF,0x32,0x7B,0xEA,0xFF,0x32,0x7B,0xEA,0xFF,0x32,0x7B,0xEA,0xFF,0x32,0x7B,0xEA,0xFF,0x32,0x7B,0xEA,0xFF,
    0x32,0x7B,0xEA,0xFF,0x32,0x7B,0xEA,0xFF,0x32,0x7B,0xEA,0xFF,0x32,0x7B,0xEA,0xFF,0x32,0x7B,0xEA,0xFF,0x32,0x7B,0xEA,0xFF,0x32,0x7B,0xEA,0xFF,0x32,0x7B,0xEA,0xFF,0x32,0x7B,0xEA,0xFF,0x32,0x7B,0xEA,0xFF,0x32,0x7B,0xEA,0xFF,0x32,0x7B,0xEA,0xFF,0x32,0x7B,0xEA,0xFF,0x32,0x7B,0xEA,0xFF,0x32,0x7B,0xEA,0xFF,0x32,0x7B,0xEA,0xFF,
    0x32,0x7B,0xEA,0xFF,0x32,0x7B,0xEA,0xFF,0x32,0x7B,0xEA,0xFF,0x32,0x7B,0xEA,0xFF,0x32,0x7B,0xEA,0xFF,0x32,0x7B,0xEA,0xFF,0x32,0x7B,0xEA,0xFF,0x32,0x7B,0xEA,0xFF,0x32,0x7B,0xEA,0xFF,0x32,0x7B,0xEA,0xFF,0x32,0x7B,0xEA,0xFF,0x32,0x7B,0xEA,0xFF,0x32,0x7B,0xEA,0xFF,0x32,0x7B,0xEA,0xFF,0x32,0x7B,0xEA,0xFF,0x32,0x7B,0xEA,0xFF,
    0x32,0x7B,0xEA,0xFF,0x32,0x7B,0xEA,0xFF,0x32,0x7B,0xEA,0xFF,0x32,0x7B,0xEA,0xFF,0x32,0x7B,0xEA,0xFF,0x32,0x7B,0xEA,0xFF,0x32,0x7B,0xEA,0xFF,0x32,0x7B,0xEA,0xFF,0x32,0x7B,0xEA,0xFF,0x32,0x7B,0xEA,0xFF,0x32,0x7B,0xEA,0xFF,0x32,0x7B,0xEA,0xFF,0x32,0x7B,0xEA,0xFF,0x32,0x7B,0xEA,0xFF,0x32,0x7B,0xEA,0xFF,0x32,0x7B,0xEA,0xFF,
    0x32,0x7B,0xEA,0xFF,0x32,0x7B,0xEA,0xFF,0x32,0x7B,0xEA,0xFF,0x32,0x7B,0xEA,0xFF,0x32,0x7B,0xEA,0xFF,0x32,0x7B,0xEA,0xFF,0x32,0x7B,0xEA,0xFF,0x32,0x7B,0xEA,0xFF,0x32,0x7B,0xEA,0xFF,0x32,0x7B,0xEA,0xFF,0x32,0x7B,0xEA,0xFF,0x5F,0xB1,0xA3,0xFF,0x8A,0xDB,0x80,0xFF,0x8A,0xDB,0x80,0xFF,0x5E,0xCD,0x4F,0xFF,0x1E,0xB9,0x0A,0xFF,
    0x15,0xB6,0x00,0xFF,0x15,0xB6,0x00,0xFF,0x15,0xB6,0x00,0xFF,0x15,0xB6,0x00,0xFF,0x15,0xB6,0x00,0xFF,0x15,0xB6,0x00,0xFF,0x15,0xB6,0x00,0xFF,0x15,0xB6,0x00,0xFF,0x15,0xB6,0x00,0xFF,0x15,0xB6,0x00,0xFF,0x15,0xB6,0x00,0xFF,0x15,0xB6,0x00,0xFF,0x15,0xB6,0x00,0xFF,0x15,0xB6,0x00,0xFF,0x15,0xB6,0x00,0xFF,0x15,0xB6,0x00,0xFF,
    0x15,0xB6,0x00,0xFF,0x15,0xB6,0x00,0xFF,0x15,0xB6,0x00,0xFF,0x15,0xB6,0x00,0xFF,0x1E,0xB9,0x0A,0xFF,0x5E,0xCD,0x4F,0xFF,0x8A,0xDB,0x80,0xFF,0x8A,0xDB,0x80,0xFF,0x5F,0xB1,0xA3,0xFF,0x32,0x7B,0xEA,0xFF,0x32,0x7B,0xEA,0xFF,0x32,0x7B,0xEA,0xFF,0x32,0x7B,0xEA,0xFF,0x32,0x7B,0xEA,0xFF,0x32,0x7B,0xEA,0xFF,0x32,0x7B,0xEA,0xFF,
    0x32,0x7B,0xEA,0xFF,0x32,0x7B,0xEA,0xFF,0x32,0x7B,0xEA,0xFF,0x32,0x7B,0xEA,0xFF,0x32,0x7B,0xEA,0xFF,0x32,0x7B,0xEA,0xFF,0x32,0x7B,0xEA,0xFF,0x32,0x7B,0xEA,0xFF,0x32,0x7B,0xEA,0xFF,0x32,0x7B,0xEA,0xFF,0x32,0x7B,0xEA,0xFF,0x32,0x7B,0xEA,0xFF,0x32,0x7B,0xEA,0xFF,0x32,0x7B,0xEA,0xFF,0x32,0x7B,0xEA,0xFF,0x32,0x7B,0xEA,0xFF,
    0x32,0x7B,0xEA,0xFF,0x32,0x7B,0xEA,0xFF,0x32,0x7B,0xEA,0xFF,0x32,0x7B,0xEA,0xFF,0x32,0x7B,0xEA,0xFF,0x32,0x7B,0xEA,0xFF,0x32,0x7B,0xEA,0xFF,0x32,0x7B,0xEA,0xFF,0x32,0x7B,0xEA,0xFF,0x32,0x7B,0xEA,0xFF,0x32,0x7B,0xEA,0xFF,0x32,0x7B,0xEA,0xFF,0x32,0x7B,0xEA,0xFF,0x32,0x7B,0xEA,0xFF,0x32,0x7B,0xEA,0xFF,0x32,0x7B,0xEA,0xFF,
    0x32,0x7B,0xEA,0xFF,0x32,0x7B,0xEA,0xFF,0x32,0x7B,0xEA,0xFF,0x32,0x7B,0xEA,0xFF,0x32,0x7B,0xEA,0xFF,0x32,0x7B,0xEA,0xFF,0x32,0x7B,0xEA,0xFF,0x32,0x7B,0xEA,0xFF,0x32,0x7B,0xEA,0xFF,0x32,0x7B,0xEA,0xFF,0x32,0x7B,0xEA,0xFF,0x32,0x7B,0xEA,0xFF,0x32,0x7B,0xEA,0xFF,0x32,0x7B,0xEA,0xFF,0x32,0x7B,0xEA,0xFF,0x32,0x7B,0xEA,0xFF,
    0x32,0x7B,0xEA,0xFF,0x32,0x7B,0xEA,0xFF,0x32,0x7B,0xEA,0xFF,0x32,0x7B,0xEA,0xFF,0x32,0x7B,0xEA,0xFF,0x32,0x7B,0xEA,0xFF,0x32,0x7B,0xEA,0xFF,0x32,0x7B,0xEA,0xFF,0x32,0x7B,0xEA,0xFF,0x32,0x7B,0xEA,0xFF,0x32,0x7B,0xEA,0xFF,0x32,0x7B,0xEA,0xFF,0x32,0x7B,0xEA,0xFF,0x32,0x7B,0xEA,0xFF,0x32,0x7B,0xEA,0xFF,0x32,0x7B,0xEA,0xFF,
    0x54,0xA4,0xB5,0xFF,0x85,0xD7,0x81,0xFF,0x8A,0xDB,0x80,0xFF,0x7F,0xD7,0x74,0xFF,0x45,0xC5,0x35,0xFF,0x17,0xB7,0x02,0xFF,0x15,0xB6,0x00,0xFF,0x15,0xB6,0x00,0xFF,0x15,0xB6,0x00,0xFF,0x15,0xB6,0x00,0xFF,0x15,0xB6,0x00,0xFF,0x15,0xB6,0x00,0xFF,0x15,0xB6,0x00,0xFF,0x15,0xB6,0x00,0xFF,0x15,0xB6,0x00,0xFF,0x15,0xB6,0x00,0xFF,
    0x15,0xB6,0x00,0xFF,0x15,0xB6,0x00,0xFF,0x15,0xB6,0x00,0xFF,0x15,0xB6,0x00,0xFF,0x15,0xB6,0x00,0xFF,0x15,0xB6,0x00,0xFF,0x17,0xB7,0x02,0xFF,0x45,0xC5,0x35,0xFF,0x7F,0xD7,0x74,0xFF,0x8A,0xDB,0x80,0xFF,0x85,0xD7,0x81,0xFF,0x54,0xA3,0xB4,0xFF,0x32,0x7B,0xEA,0xFF,0x32,0x7B,0xEA,0xFF,0x32,0x7B,0xEA,0xFF,0x32,0x7B,0xEA,0xFF,
    0x32,0x7B,0xEA,0xFF,0x32,0x7B,0xEA,0xFF,0x32,0x7B,0xEA,0xFF,0x32,0x7B,0xEA,0xFF,0x32,0x7B,0xEA,0xFF,0x32,0x7B,0xEA,0xFF,0x32,0x7B,0xEA,0xFF,0x32,0x7B,0xEA,0xFF,0x32,0x7B,0xEA,0xFF,0x32,0x7B,0xEA,0xFF,0x32,0x7B,0xEA,0xFF,0x32,0x7B,0xEA,0xFF,0x32,0x7B,0xEA,0xFF,0x32,0x7B,0xEA,0xFF,0x32,0x7B,0xEA,0xFF,0x32,0x7B,0xEA,0xFF,
    0x32,0x7B,0xEA,0xFF,0x32,0x7B,0xEA,0xFF,0x32,0x7B,0xEA,0xFF,0x32,0x7B,0xEA,0xFF,0x32,0x7B,0xEA,0xFF,0x32,0x7B,0xEA,0xFF,0x32,0x7B,0xEA,0xFF,0x32,0x7B,0xEA,0xFF,0x32,0x7B,0xEA,0xFF,0x32,0x7B,0xEA,0xFF,0x32,0x7B,0xEA,0xFF,0x32,0x7B,0xEA,0xFF,0x32,0x7B,0xEA,0xFF,0x32,0x7B,0xEA,0xFF,0x32,0x7B,0xEA,0xFF,0x32,0x7B,0xEA,0xFF,
    0x32,0x7B,0xEA,0xFF,0x32,0x7B,0xEA,0xFF,0x32,0x7B,0xEA,0xFF,0x32,0x7B,0xEA,0xFF,0x32,0x7B,0xEA,0xFF,0x32,0x7B,0xEA,0xFF,0x32,0x7B,0xEA,0xFF,0x32,0x7B,0xEA,0xFF,0x32,0x7B,0xEA,0xFF,0x32,0x7B,0xEA,0xFF,0x32,0x7B,0xEA,0xFF,0x32,0x7B,0xEA,0xFF,0x32,0x7B,0xEA,0xFF,0x32,0x7B,0xEA,0xFF,0x32,0x7B,0xEA,0xFF,0x32,0x7B,0xEA,0xFF,
    0x32,0x7B,0xEA,0xFF,0x32,0x7B,0xEA,0xFF,0x32,0x7B,0xEA,0xFF,0x32,0x7B,0xEA,0xFF,0x32,0x7B,0xEA,0xFF,0x32,0x7B,0xEA,0xFF,0x32,0x7B,0xEA,0xFF,0x32,0x7B,0xEA,0xFF,0x32,0x7B,0xEA,0xFF,0x32,0x7B,0xEA,0xFF,0x32,0x7B,0xEA,0xFF,0x32,0x7B,0xEA,0xFF,0x32,0x7B,0xEA,0xFF,0x32,0x7B,0xEA,0xFF,0x32,0x7B,0xEA,0xFF,0x32,0x7B,0xEA,0xFF,
    0x32,0x7B,0xEA,0xFF,0x32,0x7B,0xEA,0xFF,0x32,0x7B,0xEA,0xFF,0x32,0x7B,0xEA,0xFF,0x32,0x7B,0xEA,0xFF,0x3D,0x89,0xD4,0xFF,0x73,0xC5,0x8F,0xFF,0x8A,0xDB,0x80,0xFF,0x8A,0xDB,0x80,0xFF,0x7C,0xD6,0x71,0xFF,0x4B,0xC7,0x3B,0xFF,0x20,0xB9,0x0C,0xFF,0x15,0xB6,0x00,0xFF,0x15,0xB6,0x00,0xFF,0x15,0xB6,0x00,0xFF,0x15,0xB6,0x00,0xFF,
    0x15,0xB6,0x00,0xFF,0x15,0xB6,0x00,0xFF,0x15,0xB6,0x00,0xFF,0x15,0xB6,0x00,0xFF,0x15,0xB6,0x00,0xFF,0x15,0xB6,0x00,0xFF,0x15,0xB6,0x00,0xFF,0x15,0xB6,0x00,0xFF,0x20,0xB9,0x0C,0xFF,0x4B,0xC7,0x3B,0xFF,0x7C,0xD6,0x71,0xFF,0x8A,0xDB,0x80,0xFF,0x8A,0xDB,0x80,0xFF,0x73,0xC6,0x8F,0xFF,0x3D,0x89,0xD4,0xFF,0x32,0x7B,0xEA,0xFF,
    0x32,0x7B,0xEA,0xFF,0x32,0x7B,0xEA,0xFF,0x32,0x7B,0xEA,0xFF,0x32,0x7B,0xEA,0xFF,0x32,0x7B,0xEA,0xFF,0x32,0x7B,0xEA,0xFF,0x32,0x7B,0xEA,0xFF,0x32,0x7B,0xEA,0xFF,0x32,0x7B,0xEA,0xFF,0x32,0x7B,0xEA,0xFF,0x32,0x7B,0xEA,0xFF,0x32,0x7B,0xEA,0xFF,0x32,0x7B,0xEA,0xFF,0x32,0x7B,0xEA,0xFF,0x32,0x7B,0xEA,0xFF,0x32,0x7B,0xEA,0xFF,
    0x32,0x7B,0xEA,0xFF,0x32,0x7B,0xEA,0xFF,0x32,0x7B,0xEA,0xFF,0x32,0x7B,0xEA,0xFF,0x32,0x7B,0xEA,0xFF,0x32,0x7B,0xEA,0xFF,0x32,0x7B,0xEA,0xFF,0x32,0x7B,0xEA,0xFF,0x32,0x7B,0xEA,0xFF,0x32,0x7B,0xEA,0xFF,0x32,0x7B,0xEA,0xFF,0x32,0x7B,0xEA,0xFF,0x32,0x7B,0xEA,0xFF,0x32,0x7B,0xEA,0xFF,0x32,0x7B,0xEA,0xFF,0x32,0x7B,0xEA,0xFF,
    0x32,0x7B,0xEA,0xFF,0x32,0x7B,0xEA,0xFF,0x32,0x7B,0xEA,0xFF,0x32,0x7B,0xEA,0xFF,0x32,0x7B,0xEA,0xFF,0x32,0x7B,0xEA,0xFF,0x32,0x7B,0xEA,0xFF,0x32,0x7B,0xEA,0xFF,0x32,0x7B,0xEA,0xFF,0x32,0x7B,0xEA,0xFF,0x32,0x7B,0xEA,0xFF,0x32,0x7B,0xEA,0xFF,0x32,0x7B,0xEA,0xFF,0x32,0x7B,0xEA,0xFF,0x32,0x7B,0xEA,0xFF,0x32,0x7B,0xEA,0xFF,
    0x32,0x7B,0xEA,0xFF,0x32,0x7B,0xEA,0xFF,0x32,0x7B,0xEA,0xFF,0x32,0x7B,0xEA,0xFF,0x32,0x7B,0xEA,0xFF,0x32,0x7B,0xEA,0xFF,0x32,0x7B,0xEA,0xFF,0x32,0x7B,0xEA,0xFF,0x32,0x7B,0xEA,0xFF,0x32,0x7B,0xEA,0xFF,0x32,0x7B,0xEA,0xFF,0x32,0x7B,0xEA,0xFF,0x32,0x7B,0xEA,0xFF,0x32,0x7B,0xEA,0xFF,0x32,0x7B,0xEA,0xFF,0x32,0x7B,0xEA,0xFF,
    0x32,0x7B,0xEA,0xFF,0x32,0x7B,0xEA,0xFF,0x32,0x7B,0xEA,0xFF,0x32,0x7B,0xEA,0xFF,0x32,0x7B,0xEA,0xFF,0x32,0x7B,0xEA,0xFF,0x32,0x7B,0xEA,0xFF,0x32,0x7B,0xEA,0xFF,0x32,0x7B,0xEA,0xFF,0x32,0x7B,0xEA,0xFF,0x32,0x7B,0xEA,0xFF,0x4D,0x9C,0xBE,0xFF,0x7A,0xCD,0x87,0xFF,0x8A,0xDB,0x80,0xFF,0x8A,0xDB,0x80,0xFF,0x89,0xDB,0x7F,0xFF,
    0x6F,0xD2,0x63,0xFF,0x51,0xC9,0x42,0xFF,0x39,0xC1,0x27,0xFF,0x28,0xBC,0x14,0xFF,0x1C,0xB8,0x07,0xFF,0x16,0xB6,0x01,0xFF,0x16,0xB6,0x01,0xFF,0x1C,0xB8,0x07,0xFF,0x28,0xBC,0x14,0xFF,0x39,0xC1,0x27,0xFF,0x51,0xC9,0x42,0xFF,0x6F,0xD2,0x63,0xFF,0x89,0xDB,0x7F,0xFF,0x8A,0xDB,0x80,0xFF,0x8A,0xDB,0x80,0xFF,0x7A,0xCD,0x87,0xFF,
    0x4D,0x9C,0xBE,0xFF,0x32,0x7B,0xEA,0xFF,0x32,0x7B,0xEA,0xFF,0x32,0x7B,0xEA,0xFF,0x32,0x7B,0xEA,0xFF,0x32,0x7B,0xEA,0xFF,0x32,0x7B,0xEA,0xFF,0x32,0x7B,0xEA,0xFF,0x32,0x7B,0xEA,0xFF,0x32,0x7B,0xEA,0xFF,0x32,0x7B,0xEA,0xFF,0x32,0x7B,0xEA,0xFF,0x32,0x7B,0xEA,0xFF,0x32,0x7B,0xEA,0xFF,0x32,0x7B,0xEA,0xFF,0x32,0x7B,0xEA,0xFF,
    0x32,0x7B,0xEA,0xFF,0x32,0x7B,0xEA,0xFF,0x32,0x7B,0xEA,0xFF,0x32,0x7B,0xEA,0xFF,0x32,0x7B,0xEA,0xFF,0x32,0x7B,0xEA,0xFF,0x32,0x7B,0xEA,0xFF,0x32,0x7B,0xEA,0xFF,0x32,0x7B,0xEA,0xFF,0x32,0x7B,0xEA,0xFF,0x32,0x7B,0xEA,0xFF,0x32,0x7B,0xEA,0xFF,0x32,0x7B,0xEA,0xFF,0x32,0x7B,0xEA,0xFF,0x32,0x7B,0xEA,0xFF,0x32,0x7B,0xEA,0xFF,
    0x32,0x7B,0xEA,0xFF,0x32,0x7B,0xEA,0xFF,0x32,0x7B,0xEA,0xFF,0x32,0x7B,0xEA,0xFF,0x32,0x7B,0xEA,0xFF,0x32,0x7B,0xEA,0xFF,0x32,0x7B,0xEA,0xFF,0x32,0x7B,0xEA,0xFF,0x32,0x7A,0xEA,0xFA,0x32,0x7B,0xEA,0xFF,0x32,0x7B,0xEA,0xFF,0x32,0x7B,0xEA,0xFF,0x32,0x7B,0xEA,0xFF,0x32,0x7B,0xEA,0xFF,0x32,0x7B,0xEA,0xFF,0x32,0x7B,0xEA,0xFF,
    0x32,0x7B,0xEA,0xFF,0x32,0x7B,0xEA,0xFF,0x32,0x7B,0xEA,0xFF,0x32,0x7B,0xEA,0xFF,0x32,0x7B,0xEA,0xFF,0x32,0x7B,0xEA,0xFF,0x32,0x7B,0xEA,0xFF,0x32,0x7B,0xEA,0xFF,0x32,0x7B,0xEA,0xFF,0x32,0x7B,0xEA,0xFF,0x32,0x7B,0xEA,0xFF,0x32,0x7B,0xEA,0xFF,0x32,0x7B,0xEA,0xFF,0x32,0x7B,0xEA,0xFF,0x32,0x7B,0xEA,0xFF,0x32,0x7B,0xEA,0xFF,
    0x32,0x7B,0xEA,0xFF,0x32,0x7B,0xEA,0xFF,0x32,0x7B,0xEA,0xFF,0x32,0x7B,0xEA,0xFF,0x32,0x7B,0xEA,0xFF,0x32,0x7B,0xEA,0xFF,0x32,0x7B,0xEA,0xFF,0x32,0x7B,0xEA,0xFF,0x32,0x7B,0xEA,0xFF,0x32,0x7B,0xEA,0xFF,0x32,0x7B,0xEA,0xFF,0x32,0x7B,0xEA,0xFF,0x32,0x7B,0xEA,0xFF,0x32,0x7B,0xEA,0xFF,0x32,0x7B,0xEA,0xFF,0x32,0x7B,0xEA,0xFF,
    0x32,0x7B,0xEA,0xFF,0x4A,0x99,0xBF,0xFF,0x6D,0xBF,0x95,0xFF,0x86,0xD8,0x80,0xFF,0x8A,0xDB,0x80,0xFF,0x8A,0xDB,0x80,0xFF,0x8A,0xDB,0x80,0xFF,0x8A,0xDB,0x80,0xFF,0x8A,0xDB,0x80,0xFF,0x8A,0xDB,0x80,0xFF,0x8A,0xDB,0x80,0xFF,0x8A,0xDB,0x80,0xFF,0x8A,0xDB,0x80,0xFF,0x8A,0xDB,0x80,0xFF,0x8A,0xDB,0x80,0xFF,0x8A,0xDB,0x80,0xFF,
    0x86,0xD8,0x80,0xFF,0x6D,0xBF,0x95,0xFF,0x4A,0x99,0xBF,0xFF,0x32,0x7B,0xEA,0xFF,0x32,0x7B,0xEA,0xFF,0x32,0x7B,0xEA,0xFF,0x32,0x7B,0xEA,0xFF,0x32,0x7B,0xEA,0xFF,0x32,0x7B,0xEA,0xFF,0x32,0x7B,0xEA,0xFF,0x32,0x7B,0xEA,0xFF,0x32,0x7B,0xEA,0xFF,0x32,0x7B,0xEA,0xFF,0x32,0x7B,0xEA,0xFF,0x32,0x7B,0xEA,0xFF,0x32,0x7B,0xEA,0xFF,
    0x32,0x7B,0xEA,0xFF,0x32,0x7B,0xEA,0xFF,0x32,0x7B,0xEA,0xFF,0x32,0x7B,0xEA,0xFF,0x32,0x7B,0xEA,0xFF,0x32,0x7B,0xEA,0xFF,0x32,0x7B,0xEA,0xFF,0x32,0x7B,0xEA,0xFF,0x32,0x7B,0xEA,0xFF,0x32,0x7B,0xEA,0xFF,0x32,0x7B,0xEA,0xFF,0x32,0x7B,0xEA,0xFF,0x32,0x7B,0xEA,0xFF,0x32,0x7B,0xEA,0xFF,0x32,0x7B,0xEA,0xFF,0x32,0x7B,0xEA,0xFF,
    0x32,0x7B,0xEA,0xFF,0x32,0x7B,0xEA,0xFF,0x32,0x7B,0xEA,0xFF,0x32,0x7B,0xEA,0xFF,0x32,0x7B,0xEA,0xFF,0x32,0x7B,0xEA,0xFF,0x32,0x7B,0xEA,0xFF,0x32,0x7B,0xEA,0xFF,0x32,0x7B,0xEA,0xFF,0x32,0x7B,0xEA,0xFF,0x32,0x7B,0xEA,0xFF,0x32,0x7A,0xEA,0xFA,0x31,0x7B,0xE9,0xDE,0x32,0x7B,0xEA,0xFF,0x32,0x7B,0xEA,0xFF,0x32,0x7B,0xEA,0xFF,
    0x32,0x7B,0xEA,0xFF,0x32,0x7B,0xEA,0xFF,0x32,0x7B,0xEA,0xFF,0x32,0x7B,0xEA,0xFF,0x32,0x7B,0xEA,0xFF,0x32,0x7B,0xEA,0xFF,0x32,0x7B,0xEA,0xFF,0x32,0x7B,0xEA,0xFF,0x32,0x7B,0xEA,0xFF,0x32,0x7B,0xEA,0xFF,0x32,0x7B,0xEA,0xFF,0x32,0x7B,0xEA,0xFF,0x32,0x7B,0xEA,0xFF,0x32,0x7B,0xEA,0xFF,0x32,0x7B,0xEA,0xFF,0x32,0x7B,0xEA,0xFF,
    0x32,0x7B,0xEA,0xFF,0x32,0x7B,0xEA,0xFF,0x32,0x7B,0xEA,0xFF,0x32,0x7B,0xEA,0xFF,0x32,0x7B,0xEA,0xFF,0x32,0x7B,0xEA,0xFF,0x32,0x7B,0xEA,0xFF,0x32,0x7B,0xEA,0xFF,0x32,0x7B,0xEA,0xFF,0x32,0x7B,0xEA,0xFF,0x32,0x7B,0xEA,0xFF,0x32,0x7B,0xEA,0xFF,0x32,0x7B,0xEA,0xFF,0x32,0x7B,0xEA,0xFF,0x32,0x7B,0xEA,0xFF,0x32,0x7B,0xEA,0xFF,
    0x32,0x7B,0xEA,0xFF,0x32,0x7B,0xEA,0xFF,0x32,0x7B,0xEA,0xFF,0x32,0x7B,0xEA,0xFF,0x32,0x7B,0xEA,0xFF,0x32,0x7B,0xEA,0xFF,0x32,0x7B,0xEA,0xFF,0x36,0x81,0xE0,0xFF,0x4B,0x9B,0xBD,0xFF,0x60,0xAF,0xAC,0xFF,0x70,0xC3,0x90,0xFF,0x7C,0xD0,0x83,0xFF,0x85,0xD7,0x80,0xFF,0x89,0xDA,0x80,0xFF,0x89,0xDA,0x80,0xFF,0x85,0xD7,0x80,0xFF,
    0x7C,0xD0,0x83,0xFF,0x70,0xC3,0x90,0xFF,0x60,0xAF,0xAC,0xFF,0x4B,0x9A,0xBD,0xFF,0x36,0x81,0xE0,0xFF,0x32,0x7B,0xEA,0xFF,0x32,0x7B,0xEA,0xFF,0x32,0x7B,0xEA,0xFF,0x32,0x7B,0xEA,0xFF,0x32,0x7B,0xEA,0xFF,0x32,0x7B,0xEA,0xFF,0x32,0x7B,0xEA,0xFF,0x32,0x7B,0xEA,0xFF,0x32,0x7B,0xEA,0xFF,0x32,0x7B,0xEA,0xFF,0x32,0x7B,0xEA,0xFF,
    0x32,0x7B,0xEA,0xFF,0x32,0x7B,0xEA,0xFF,0x32,0x7B,0xEA,0xFF,0x32,0x7B,0xEA,0xFF,0x32,0x7B,0xEA,0xFF,0x32,0x7B,0xEA,0xFF,0x32,0x7B,0xEA,0xFF,0x32,0x7B,0xEA,0xFF,0x32,0x7B,0xEA,0xFF,0x32,0x7B,0xEA,0xFF,0x32,0x7B,0xEA,0xFF,0x32,0x7B,0xEA,0xFF,0x32,0x7B,0xEA,0xFF,0x32,0x7B,0xEA,0xFF,0x32,0x7B,0xEA,0xFF,0x32,0x7B,0xEA,0xFF,
    0x32,0x7B,0xEA,0xFF,0x32,0x7B,0xEA,0xFF,0x32,0x7B,0xEA,0xFF,0x32,0x7B,0xEA,0xFF,0x32,0x7B,0xEA,0xFF,0x32,0x7B,0xEA,0xFF,0x32,0x7B,0xEA,0xFF,0x32,0x7B,0xEA,0xFF,0x32,0x7B,0xEA,0xFF,0x32,0x7B,0xEA,0xFF,0x32,0x7B,0xEA,0xFF,0x32,0x7B,0xEA,0xFF,0x32,0x7B,0xEA,0xFF,0x32,0x7B,0xEA,0xFF,0x32,0x7B,0xEA,0xFF,0x31,0x7B,0xE9,0xDE,
    0x31,0x7A,0xE9,0xB1,0x32,0x7B,0xEA,0xFF,0x32,0x7B,0xEA,0xFF,0x32,0x7B,0xEA,0xFF,0x32,0x7B,0xEA,0xFF,0x32,0x7B,0xEA,0xFF,0x32,0x7B,0xEA,0xFF,0x32,0x7B,0xEA,0xFF,0x32,0x7B,0xEA,0xFF,0x32,0x7B,0xEA,0xFF,0x32,0x7B,0xEA,0xFF,0x32,0x7B,0xEA,0xFF,0x32,0x7B,0xEA,0xFF,0x32,0x7B,0xEA,0xFF,0x32,0x7B,0xEA,0xFF,0x32,0x7B,0xEA,0xFF,
    0x32,0x7B,0xEA,0xFF,0x32,0x7B,0xEA,0xFF,0x32,0x7B,0xEA,0xFF,0x32,0x7B,0xEA,0xFF,0x32,0x7B,0xEA,0xFF,0x32,0x7B,0xEA,0xFF,0x32,0x7B,0xEA,0xFF,0x32,0x7B,0xEA,0xFF,0x32,0x7B,0xEA,0xFF,0x32,0x7B,0xEA,0xFF,0x32,0x7B,0xEA,0xFF,0x32,0x7B,0xEA,0xFF,0x32,0x7B,0xEA,0xFF,0x32,0x7B,0xEA,0xFF,0x32,0x7B,0xEA,0xFF,0x32,0x7B,0xEA,0xFF,
    0x32,0x7B,0xEA,0xFF,0x32,0x7B,0xEA,0xFF,0x32,0x7B,0xEA,0xFF,0x32,0x7B,0xEA,0xFF,0x32,0x7B,0xEA,0xFF,0x32,0x7B,0xEA,0xFF,0x32,0x7B,0xEA,0xFF,0x32,0x7B,0xEA,0xFF,0x32,0x7B,0xEA,0xFF,0x32,0x7B,0xEA,0xFF,0x32,0x7B,0xEA,0xFF,0x32,0x7B,0xEA,0xFF,0x32,0x7B,0xEA,0xFF,0x32,0x7B,0xEA,0xFF,0x32,0x7B,0xEA,0xFF,0x32,0x7B,0xEA,0xFF,
    0x32,0x7B,0xEA,0xFF,0x32,0x7B,0xEA,0xFF,0x32,0x7B,0xEA,0xFF,0x32,0x7B,0xEA,0xFF,0x32,0x7B,0xEA,0xFF,0x32,0x7B,0xEA,0xFF,0x32,0x7B,0xEA,0xFF,0x32,0x7B,0xEA,0xFF,0x32,0x7B,0xEA,0xFF,0x32,0x7B,0xEA,0xFF,0x32,0x7B,0xEA,0xFF,0x32,0x7B,0xEA,0xFF,0x32,0x7B,0xEA,0xFF,0x32,0x7B,0xEA,0xFF,0x32,0x7B,0xEA,0xFF,0x32,0x7B,0xEA,0xFF,
    0x32,0x7B,0xEA,0xFF,0x32,0x7B,0xEA,0xFF,0x32,0x7B,0xEA,0xFF,0x32,0x7B,0xEA,0xFF,0x32,0x7B,0xEA,0xFF,0x32,0x7B,0xEA,0xFF,0x32,0x7B,0xEA,0xFF,0x32,0x7B,0xEA,0xFF,0x32,0x7B,0xEA,0xFF,0x32,0x7B,0xEA,0xFF,0x32,0x7B,0xEA,0xFF,0x32,0x7B,0xEA,0xFF,0x32,0x7B,0xEA,0xFF,0x32,0x7B,0xEA,0xFF,0x32,0x7B,0xEA,0xFF,0x32,0x7B,0xEA,0xFF,
    0x32,0x7B,0xEA,0xFF,0x32,0x7B,0xEA,0xFF,0x32,0x7B,0xEA,0xFF,0x32,0x7B,0xEA,0xFF,0x32,0x7B,0xEA,0xFF,0x32,0x7B,0xEA,0xFF,0x32,0x7B,0xEA,0xFF,0x32,0x7B,0xEA,0xFF,0x32,0x7B,0xEA,0xFF,0x32,0x7B,0xEA,0xFF,0x32,0x7B,0xEA,0xFF,0x32,0x7B,0xEA,0xFF,0x32,0x7B,0xEA,0xFF,0x32,0x7B,0xEA,0xFF,0x32,0x7B,0xEA,0xFF,0x32,0x7B,0xEA,0xFF,
    0x32,0x7B,0xEA,0xFF,0x32,0x7B,0xEA,0xFF,0x32,0x7B,0xEA,0xFF,0x31,0x7A,0xE9,0xB1,0x31,0x7B,0xEB,0x59,0x32,0x7B,0xEA,0xFF,0x32,0x7B,0xEA,0xFF,0x32,0x7B,0xEA,0xFF,0x32,0x7B,0xEA,0xFF,0x32,0x7B,0xEA,0xFF,0x32,0x7B,0xEA,0xFF,0x32,0x7B,0xEA,0xFF,0x32,0x7B,0xEA,0xFF,0x32,0x7B,0xEA,0xFF,0x32,0x7B,0xEA,0xFF,0x32,0x7B,0xEA,0xFF,
    0x32,0x7B,0xEA,0xFF,0x32,0x7B,0xEA,0xFF,0x32,0x7B,0xEA,0xFF,0x32,0x7B,0xEA,0xFF,0x32,0x7B,0xEA,0xFF,0x32,0x7B,0xEA,0xFF,0x32,0x7B,0xEA,0xFF,0x32,0x7B,0xEA,0xFF,0x32,0x7B,0xEA,0xFF,0x32,0x7B,0xEA,0xFF,0x32,0x7B,0xEA,0xFF,0x32,0x7B,0xEA,0xFF,0x32,0x7B,0xEA,0xFF,0x32,0x7B,0xEA,0xFF,0x32,0x7B,0xEA,0xFF,0x32,0x7B,0xEA,0xFF,
    0x32,0x7B,0xEA,0xFF,0x32,0x7B,0xEA,0xFF,0x32,0x7B,0xEA,0xFF,0x32,0x7B,0xEA,0xFF,0x32,0x7B,0xEA,0xFF,0x32,0x7B,0xEA,0xFF,0x32,0x7B,0xEA,0xFF,0x32,0x7B,0xEA,0xFF,0x32,0x7B,0xEA,0xFF,0x32,0x7B,0xEA,0xFF,0x32,0x7B,0xEA,0xFF,0x32,0x7B,0xEA,0xFF,0x32,0x7B,0xEA,0xFF,0x32,0x7B,0xEA,0xFF,0x32,0x7B,0xEA,0xFF,0x32,0x7B,0xEA,0xFF,
    0x32,0x7B,0xEA,0xFF,0x32,0x7B,0xEA,0xFF,0x32,0x7B,0xEA,0xFF,0x32,0x7B,0xEA,0xFF,0x32,0x7B,0xEA,0xFF,0x32,0x7B,0xEA,0xFF,0x32,0x7B,0xEA,0xFF,0x32,0x7B,0xEA,0xFF,0x32,0x7B,0xEA,0xFF,0x32,0x7B,0xEA,0xFF,0x32,0x7B,0xEA,0xFF,0x32,0x7B,0xEA,0xFF,0x32,0x7B,0xEA,0xFF,0x32,0x7B,0xEA,0xFF,0x32,0x7B,0xEA,0xFF,0x32,0x7B,0xEA,0xFF,
    0x32,0x7B,0xEA,0xFF,0x32,0x7B,0xEA,0xFF,0x32,0x7B,0xEA,0xFF,0x32,0x7B,0xEA,0xFF,0x32,0x7B,0xEA,0xFF,0x32,0x7B,0xEA,0xFF,0x32,0x7B,0xEA,0xFF,0x32,0x7B,0xEA,0xFF,0x32,0x7B,0xEA,0xFF,0x32,0x7B,0xEA,0xFF,0x32,0x7B,0xEA,0xFF,0x32,0x7B,0xEA,0xFF,0x32,0x7B,0xEA,0xFF,0x32,0x7B,0xEA,0xFF,0x32,0x7B,0xEA,0xFF,0x32,0x7B,0xEA,0xFF,
    0x32,0x7B,0xEA,0xFF,0x32,0x7B,0xEA,0xFF,0x32,0x7B,0xEA,0xFF,0x32,0x7B,0xEA,0xFF,0x32,0x7B,0xEA,0xFF,0x32,0x7B,0xEA,0xFF,0x32,0x7B,0xEA,0xFF,0x32,0x7B,0xEA,0xFF,0x32,0x7B,0xEA,0xFF,0x32,0x7B,0xEA,0xFF,0x32,0x7B,0xEA,0xFF,0x32,0x7B,0xEA,0xFF,0x32,0x7B,0xEA,0xFF,0x32,0x7B,0xEA,0xFF,0x32,0x7B,0xEA,0xFF,0x32,0x7B,0xEA,0xFF,
    0x32,0x7B,0xEA,0xFF,0x32,0x7B,0xEA,0xFF,0x32,0x7B,0xEA,0xFF,0x32,0x7B,0xEA,0xFF,0x32,0x7B,0xEA,0xFF,0x32,0x7B,0xEA,0xFF,0x32,0x7B,0xEA,0xFF,0x31,0x7B,0xEB,0x59,0x33,0x77,0xEE,0x0F,0x31,0x7B,0xEA,0xDE,0x32,0x7B,0xEA,0xFF,0x32,0x7B,0xEA,0xFF,0x32,0x7B,0xEA,0xFF,0x32,0x7B,0xEA,0xFF,0x32,0x7B,0xEA,0xFF,0x32,0x7B,0xEA,0xFF,
    0x32,0x7B,0xEA,0xFF,0x32,0x7B,0xEA,0xFF,0x32,0x7B,0xEA,0xFF,0x32,0x7B,0xEA,0xFF,0x32,0x7B,0xEA,0xFF,0x32,0x7B,0xEA,0xFF,0x32,0x7B,0xEA,0xFF,0x32,0x7B,0xEA,0xFF,0x32,0x7B,0xEA,0xFF,0x32,0x7B,0xEA,0xFF,0x32,0x7B,0xEA,0xFF,0x32,0x7B,0xEA,0xFF,0x32,0x7B,0xEA,0xFF,0x32,0x7B,0xEA,0xFF,0x32,0x7B,0xEA,0xFF,0x32,0x7B,0xEA,0xFF,
    0x32,0x7B,0xEA,0xFF,0x32,0x7B,0xEA,0xFF,0x32,0x7B,0xEA,0xFF,0x32,0x7B,0xEA,0xFF,0x32,0x7B,0xEA,0xFF,0x32,0x7B,0xEA,0xFF,0x32,0x7B,0xEA,0xFF,0x32,0x7B,0xEA,0xFF,0x32,0x7B,0xEA,0xFF,0x32,0x7B,0xEA,0xFF,0x32,0x7B,0xEA,0xFF,0x32,0x7B,0xEA,0xFF,0x32,0x7B,0xEA,0xFF,0x32,0x7B,0xEA,0xFF,0x32,0x7B,0xEA,0xFF,0x32,0x7B,0xEA,0xFF,
    0x32,0x7B,0xEA,0xFF,0x32,0x7B,0xEA,0xFF,0x32,0x7B,0xEA,0xFF,0x32,0x7B,0xEA,0xFF,0x32,0x7B,0xEA,0xFF,0x32,0x7B,0xEA,0xFF,0x32,0x7B,0xEA,0xFF,0x32,0x7B,0xEA,0xFF,0x32,0x7B,0xEA,0xFF,0x32,0x7B,0xEA,0xFF,0x32,0x7B,0xEA,0xFF,0x32,0x7B,0xEA,0xFF,0x32,0x7B,0xEA,0xFF,0x32,0x7B,0xEA,0xFF,0x32,0x7B,0xEA,0xFF,0x32,0x7B,0xEA,0xFF,
    0x32,0x7B,0xEA,0xFF,0x32,0x7B,0xEA,0xFF,0x32,0x7B,0xEA,0xFF,0x32,0x7B,0xEA,0xFF,0x32,0x7B,0xEA,0xFF,0x32,0x7B,0xEA,0xFF,0x32,0x7B,0xEA,0xFF,0x32,0x7B,0xEA,0xFF,0x32,0x7B,0xEA,0xFF,0x32,0x7B,0xEA,0xFF,0x32,0x7B,0xEA,0xFF,0x32,0x7B,0xEA,0xFF,0x32,0x7B,0xEA,0xFF,0x32,0x7B,0xEA,0xFF,0x32,0x7B,0xEA,0xFF,0x32,0x7B,0xEA,0xFF,
    0x32,0x7B,0xEA,0xFF,0x32,0x7B,0xEA,0xFF,0x32,0x7B,0xEA,0xFF,0x32,0x7B,0xEA,0xFF,0x32,0x7B,0xEA,0xFF,0x32,0x7B,0xEA,0xFF,0x32,0x7B,0xEA,0xFF,0x32,0x7B,0xEA,0xFF,0x32,0x7B,0xEA,0xFF,0x32,0x7B,0xEA,0xFF,0x32,0x7B,0xEA,0xFF,0x32,0x7B,0xEA,0xFF,0x32,0x7B,0xEA,0xFF,0x32,0x7B,0xEA,0xFF,0x32,0x7B,0xEA,0xFF,0x32,0x7B,0xEA,0xFF,
    0x32,0x7B,0xEA,0xFF,0x32,0x7B,0xEA,0xFF,0x32,0x7B,0xEA,0xFF,0x32,0x7B,0xEA,0xFF,0x32,0x7B,0xEA,0xFF,0x32,0x7B,0xEA,0xFF,0x32,0x7B,0xEA,0xFF,0x32,0x7B,0xEA,0xFF,0x32,0x7B,0xEA,0xFF,0x32,0x7B,0xEA,0xFF,0x31,0x7B,0xEA,0xDE,0x33,0x77,0xEE,0x0F,0x00,0x00,0x00,0x00,0x32,0x7B,0xEB,0x5B,0x32,0x7B,0xEA,0xFF,0x32,0x7B,0xEA,0xFF,
    0x32,0x7B,0xEA,0xFF,0x32,0x7B,0xEA,0xFF,0x32,0x7B,0xEA,0xFF,0x32,0x7B,0xEA,0xFF,0x32,0x7B,0xEA,0xFF,0x32,0x7B,0xEA,0xFF,0x32,0x7B,0xEA,0xFF,0x32,0x7B,0xEA,0xFF,0x32,0x7B,0xEA,0xFF,0x32,0x7B,0xEA,0xFF,0x32,0x7B,0xEA,0xFF,0x32,0x7B,0xEA,0xFF,0x32,0x7B,0xEA,0xFF,0x32,0x7B,0xEA,0xFF,0x32,0x7B,0xEA,0xFF,0x32,0x7B,0xEA,0xFF,
    0x32,0x7B,0xEA,0xFF,0x32,0x7B,0xEA,0xFF,0x32,0x7B,0xEA,0xFF,0x32,0x7B,0xEA,0xFF,0x32,0x7B,0xEA,0xFF,0x32,0x7B,0xEA,0xFF,0x32,0x7B,0xEA,0xFF,0x32,0x7B,0xEA,0xFF,0x32,0x7B,0xEA,0xFF,0x32,0x7B,0xEA,0xFF,0x32,0x7B,0xEA,0xFF,0x32,0x7B,0xEA,0xFF,0x32,0x7B,0xEA,0xFF,0x32,0x7B,0xEA,0xFF,0x32,0x7B,0xEA,0xFF,0x32,0x7B,0xEA,0xFF,
    0x32,0x7B,0xEA,0xFF,0x32,0x7B,0xEA,0xFF,0x32,0x7B,0xEA,0xFF,0x32,0x7B,0xEA,0xFF,0x32,0x7B,0xEA,0xFF,0x32,0x7B,0xEA,0xFF,0x32,0x7B,0xEA,0xFF,0x32,0x7B,0xEA,0xFF,0x32,0x7B,0xEA,0xFF,0x32,0x7B,0xEA,0xFF,0x32,0x7B,0xEA,0xFF,0x32,0x7B,0xEA,0xFF,0x32,0x7B,0xEA,0xFF,0x32,0x7B,0xEA,0xFF,0x32,0x7B,0xEA,0xFF,0x32,0x7B,0xEA,0xFF,
    0x32,0x7B,0xEA,0xFF,0x32,0x7B,0xEA,0xFF,0x32,0x7B,0xEA,0xFF,0x32,0x7B,0xEA,0xFF,0x32,0x7B,0xEA,0xFF,0x32,0x7B,0xEA,0xFF,0x32,0x7B,0xEA,0xFF,0x32,0x7B,0xEA,0xFF,0x32,0x7B,0xEA,0xFF,0x32,0x7B,0xEA,0xFF,0x32,0x7B,0xEA,0xFF,0x32,0x7B,0xEA,0xFF,0x32,0x7B,0xEA,0xFF,0x32,0x7B,0xEA,0xFF,0x32,0x7B,0xEA,0xFF,0x32,0x7B,0xEA,0xFF,
    0x32,0x7B,0xEA,0xFF,0x32,0x7B,0xEA,0xFF,0x32,0x7B,0xEA,0xFF,0x32,0x7B,0xEA,0xFF,0x32,0x7B,0xEA,0xFF,0x32,0x7B,0xEA,0xFF,0x32,0x7B,0xEA,0xFF,0x32,0x7B,0xEA,0xFF,0x32,0x7B,0xEA,0xFF,0x32,0x7B,0xEA,0xFF,0x32,0x7B,0xEA,0xFF,0x32,0x7B,0xEA,0xFF,0x32,0x7B,0xEA,0xFF,0x32,0x7B,0xEA,0xFF,0x32,0x7B,0xEA,0xFF,0x32,0x7B,0xEA,0xFF,
    0x32,0x7B,0xEA,0xFF,0x32,0x7B,0xEA,0xFF,0x32,0x7B,0xEA,0xFF,0x32,0x7B,0xEA,0xFF,0x32,0x7B,0xEA,0xFF,0x32,0x7B,0xEA,0xFF,0x32,0x7B,0xEA,0xFF,0x32,0x7B,0xEA,0xFF,0x32,0x7B,0xEA,0xFF,0x32,0x7B,0xEA,0xFF,0x32,0x7B,0xEA,0xFF,0x32,0x7B,0xEA,0xFF,0x32,0x7B,0xEA,0xFF,0x32,0x7B,0xEA,0xFF,0x32,0x7B,0xEB,0x5B,0x00,0x00,0x00,0x00,
    0x00,0x00,0x00,0x00,0x00,0xFF,0xFF,0x01,0x33,0x7A,0xEA,0x92,0x32,0x7B,0xEA,0xFF,0x32,0x7B,0xEA,0xFF,0x32,0x7B,0xEA,0xFF,0x32,0x7B,0xEA,0xFF,0x32,0x7B,0xEA,0xFF,0x32,0x7B,0xEA,0xFF,0x32,0x7B,0xEA,0xFF,0x32,0x7B,0xEA,0xFF,0x32,0x7B,0xEA,0xFF,0x32,0x7B,0xEA,0xFF,0x32,0x7B,0xEA,0xFF,0x32,0x7B,0xEA,0xFF,0x32,0x7B,0xEA,0xFF,
    0x32,0x7B,0xEA,0xFF,0x32,0x7B,0xEA,0xFF,0x32,0x7B,0xEA,0xFF,0x32,0x7B,0xEA,0xFF,0x32,0x7B,0xEA,0xFF,0x32,0x7B,0xEA,0xFF,0x32,0x7B,0xEA,0xFF,0x32,0x7B,0xEA,0xFF,0x32,0x7B,0xEA,0xFF,0x32,0x7B,0xEA,0xFF,0x32,0x7B,0xEA,0xFF,0x32,0x7B,0xEA,0xFF,0x32,0x7B,0xEA,0xFF,0x32,0x7B,0xEA,0xFF,0x32,0x7B,0xEA,0xFF,0x32,0x7B,0xEA,0xFF,
    0x32,0x7B,0xEA,0xFF,0x32,0x7B,0xEA,0xFF,0x32,0x7B,0xEA,0xFF,0x32,0x7B,0xEA,0xFF,0x32,0x7B,0xEA,0xFF,0x32,0x7B,0xEA,0xFF,0x32,0x7B,0xEA,0xFF,0x32,0x7B,0xEA,0xFF,0x32,0x7B,0xEA,0xFF,0x32,0x7B,0xEA,0xFF,0x32,0x7B,0xEA,0xFF,0x32,0x7B,0xEA,0xFF,0x32,0x7B,0xEA,0xFF,0x32,0x7B,0xEA,0xFF,0x32,0x7B,0xEA,0xFF,0x32,0x7B,0xEA,0xFF,
    0x32,0x7B,0xEA,0xFF,0x32,0x7B,0xEA,0xFF,0x32,0x7B,0xEA,0xFF,0x32,0x7B,0xEA,0xFF,0x32,0x7B,0xEA,0xFF,0x32,0x7B,0xEA,0xFF,0x32,0x7B,0xEA,0xFF,0x32,0x7B,0xEA,0xFF,0x32,0x7B,0xEA,0xFF,0x32,0x7B,0xEA,0xFF,0x32,0x7B,0xEA,0xFF,0x32,0x7B,0xEA,0xFF,0x32,0x7B,0xEA,0xFF,0x32,0x7B,0xEA,0xFF,0x32,0x7B,0xEA,0xFF,0x32,0x7B,0xEA,0xFF,
    0x32,0x7B,0xEA,0xFF,0x32,0x7B,0xEA,0xFF,0x32,0x7B,0xEA,0xFF,0x32,0x7B,0xEA,0xFF,0x32,0x7B,0xEA,0xFF,0x32,0x7B,0xEA,0xFF,0x32,0x7B,0xEA,0xFF,0x32,0x7B,0xEA,0xFF,0x32,0x7B,0xEA,0xFF,0x32,0x7B,0xEA,0xFF,0x32,0x7B,0xEA,0xFF,0x32,0x7B,0xEA,0xFF,0x32,0x7B,0xEA,0xFF,0x32,0x7B,0xEA,0xFF,0x32,0x7B,0xEA,0xFF,0x32,0x7B,0xEA,0xFF,
    0x32,0x7B,0xEA,0xFF,0x32,0x7B,0xEA,0xFF,0x32,0x7B,0xEA,0xFF,0x32,0x7B,0xEA,0xFF,0x32,0x7B,0xEA,0xFF,0x32,0x7B,0xEA,0xFF,0x32,0x7B,0xEA,0xFF,0x32,0x7B,0xEA,0xFF,0x32,0x7B,0xEA,0xFF,0x32,0x7B,0xEA,0xFF,0x32,0x7B,0xEA,0xFF,0x32,0x7B,0xEA,0xFF,0x32,0x7B,0xEA,0xFF,0x32,0x7B,0xEA,0xFF,0x32,0x7B,0xEA,0xFF,0x32,0x7B,0xEA,0xFF,
    0x32,0x7B,0xEA,0xFF,0x33,0x7A,0xEA,0x92,0x00,0xFF,0xFF,0x01,0x00,0x00,0x00,0x00,0x00,0x00,0x00,0x00,0x00,0x00,0x00,0x00,0x33,0x80,0xE6,0x0A,0x33,0x7A,0xEA,0x92,0x32,0x7B,0xEA,0xFF,0x32,0x7B,0xEA,0xFF,0x32,0x7B,0xEA,0xFF,0x32,0x7B,0xEA,0xFF,0x32,0x7B,0xEA,0xFF,0x32,0x7B,0xEA,0xFF,0x32,0x7B,0xEA,0xFF,0x32,0x7B,0xEA,0xFF,
    0x32,0x7B,0xEA,0xFF,0x32,0x7B,0xEA,0xFF,0x32,0x7B,0xEA,0xFF,0x32,0x7B,0xEA,0xFF,0x32,0x7B,0xEA,0xFF,0x32,0x7B,0xEA,0xFF,0x32,0x7B,0xEA,0xFF,0x32,0x7B,0xEA,0xFF,0x32,0x7B,0xEA,0xFF,0x32,0x7B,0xEA,0xFF,0x32,0x7B,0xEA,0xFF,0x32,0x7B,0xEA,0xFF,0x32,0x7B,0xEA,0xFF,0x32,0x7B,0xEA,0xFF,0x32,0x7B,0xEA,0xFF,0x32,0x7B,0xEA,0xFF,
    0x32,0x7B,0xEA,0xFF,0x32,0x7B,0xEA,0xFF,0x32,0x7B,0xEA,0xFF,0x32,0x7B,0xEA,0xFF,0x32,0x7B,0xEA,0xFF,0x32,0x7B,0xEA,0xFF,0x32,0x7B,0xEA,0xFF,0x32,0x7B,0xEA,0xFF,0x32,0x7B,0xEA,0xFF,0x32,0x7B,0xEA,0xFF,0x32,0x7B,0xEA,0xFF,0x32,0x7B,0xEA,0xFF,0x32,0x7B,0xEA,0xFF,0x32,0x7B,0xEA,0xFF,0x32,0x7B,0xEA,0xFF,0x32,0x7B,0xEA,0xFF,
    0x32,0x7B,0xEA,0xFF,0x32,0x7B,0xEA,0xFF,0x32,0x7B,0xEA,0xFF,0x32,0x7B,0xEA,0xFF,0x32,0x7B,0xEA,0xFF,0x32,0x7B,0xEA,0xFF,0x32,0x7B,0xEA,0xFF,0x32,0x7B,0xEA,0xFF,0x32,0x7B,0xEA,0xFF,0x32,0x7B,0xEA,0xFF,0x32,0x7B,0xEA,0xFF,0x32,0x7B,0xEA,0xFF,0x32,0x7B,0xEA,0xFF,0x32,0x7B,0xEA,0xFF,0x32,0x7B,0xEA,0xFF,0x32,0x7B,0xEA,0xFF,
    0x32,0x7B,0xEA,0xFF,0x32,0x7B,0xEA,0xFF,0x32,0x7B,0xEA,0xFF,0x32,0x7B,0xEA,0xFF,0x32,0x7B,0xEA,0xFF,0x32,0x7B,0xEA,0xFF,0x32,0x7B,0xEA,0xFF,0x32,0x7B,0xEA,0xFF,0x32,0x7B,0xEA,0xFF,0x32,0x7B,0xEA,0xFF,0x32,0x7B,0xEA,0xFF,0x32,0x7B,0xEA,0xFF,0x32,0x7B,0xEA,0xFF,0x32,0x7B,0xEA,0xFF,0x32,0x7B,0xEA,0xFF,0x32,0x7B,0xEA,0xFF,
    0x32,0x7B,0xEA,0xFF,0x32,0x7B,0xEA,0xFF,0x32,0x7B,0xEA,0xFF,0x32,0x7B,0xEA,0xFF,0x32,0x7B,0xEA,0xFF,0x32,0x7B,0xEA,0xFF,0x32,0x7B,0xEA,0xFF,0x32,0x7B,0xEA,0xFF,0x32,0x7B,0xEA,0xFF,0x32,0x7B,0xEA,0xFF,0x32,0x7B,0xEA,0xFF,0x32,0x7B,0xEA,0xFF,0x32,0x7B,0xEA,0xFF,0x32,0x7B,0xEA,0xFF,0x32,0x7B,0xEA,0xFF,0x32,0x7B,0xEA,0xFF,
    0x32,0x7B,0xEA,0xFF,0x32,0x7B,0xEA,0xFF,0x32,0x7B,0xEA,0xFF,0x32,0x7B,0xEA,0xFF,0x33,0x7A,0xEA,0x92,0x33,0x80,0xE6,0x0A,0x00,0x00,0x00,0x00,0x00,0x00,0x00,0x00,0x00,0x00,0x00,0x00,0x00,0x00,0x00,0x00,0x00,0x00,0x00,0x00,0x00,0xFF,0xFF,0x01,0x32,0x7B,0xEB,0x5B,0x31,0x7B,0xEA,0xDE,0x32,0x7B,0xEA,0xFF,0x32,0x7B,0xEA,0xFF,
    0x32,0x7B,0xEA,0xFF,0x32,0x7B,0xEA,0xFF,0x32,0x7B,0xEA,0xFF,0x32,0x7B,0xEA,0xFF,0x32,0x7B,0xEA,0xFF,0x32,0x7B,0xEA,0xFF,0x32,0x7B,0xEA,0xFF,0x32,0x7B,0xEA,0xFF,0x32,0x7B,0xEA,0xFF,0x32,0x7B,0xEA,0xFF,0x32,0x7B,0xEA,0xFF,0x32,0x7B,0xEA,0xFF,0x32,0x7B,0xEA,0xFF,0x32,0x7B,0xEA,0xFF,0x32,0x7B,0xEA,0xFF,0x32,0x7B,0xEA,0xFF,
    0x32,0x7B,0xEA,0xFF,0x32,0x7B,0xEA,0xFF,0x32,0x7B,0xEA,0xFF,0x32,0x7B,0xEA,0xFF,0x32,0x7B,0xEA,0xFF,0x32,0x7B,0xEA,0xFF,0x32,0x7B,0xEA,0xFF,0x32,0x7B,0xEA,0xFF,0x32,0x7B,0xEA,0xFF,0x32,0x7B,0xEA,0xFF,0x32,0x7B,0xEA,0xFF,0x32,0x7B,0xEA,0xFF,0x32,0x7B,0xEA,0xFF,0x32,0x7B,0xEA,0xFF,0x32,0x7B,0xEA,0xFF,0x32,0x7B,0xEA,0xFF,
    0x32,0x7B,0xEA,0xFF,0x32,0x7B,0xEA,0xFF,0x32,0x7B,0xEA,0xFF,0x32,0x7B,0xEA,0xFF,0x32,0x7B,0xEA,0xFF,0x32,0x7B,0xEA,0xFF,0x32,0x7B,0xEA,0xFF,0x32,0x7B,0xEA,0xFF,0x32,0x7B,0xEA,0xFF,0x32,0x7B,0xEA,0xFF,0x32,0x7B,0xEA,0xFF,0x32,0x7B,0xEA,0xFF,0x32,0x7B,0xEA,0xFF,0x32,0x7B,0xEA,0xFF,0x32,0x7B,0xEA,0xFF,0x32,0x7B,0xEA,0xFF,
    0x32,0x7B,0xEA,0xFF,0x32,0x7B,0xEA,0xFF,0x32,0x7B,0xEA,0xFF,0x32,0x7B,0xEA,0xFF,0x32,0x7B,0xEA,0xFF,0x32,0x7B,0xEA,0xFF,0x32,0x7B,0xEA,0xFF,0x32,0x7B,0xEA,0xFF,0x32,0x7B,0xEA,0xFF,0x32,0x7B,0xEA,0xFF,0x32,0x7B,0xEA,0xFF,0x32,0x7B,0xEA,0xFF,0x32,0x7B,0xEA,0xFF,0x32,0x7B,0xEA,0xFF,0x32,0x7B,0xEA,0xFF,0x32,0x7B,0xEA,0xFF,
    0x32,0x7B,0xEA,0xFF,0x32,0x7B,0xEA,0xFF,0x32,0x7B,0xEA,0xFF,0x32,0x7B,0xEA,0xFF,0x32,0x7B,0xEA,0xFF,0x32,0x7B,0xEA,0xFF,0x32,0x7B,0xEA,0xFF,0x32,0x7B,0xEA,0xFF,0x32,0x7B,0xEA,0xFF,0x32,0x7B,0xEA,0xFF,0x32,0x7B,0xEA,0xFF,0x32,0x7B,0xEA,0xFF,0x32,0x7B,0xEA,0xFF,0x32,0x7B,0xEA,0xFF,0x32,0x7B,0xEA,0xFF,0x32,0x7B,0xEA,0xFF,
    0x32,0x7B,0xEA,0xFF,0x32,0x7B,0xEA,0xFF,0x32,0x7B,0xEA,0xFF,0x32,0x7B,0xEA,0xFF,0x32,0x7B,0xEA,0xFF,0x32,0x7B,0xEA,0xFF,0x31,0x7B,0xEA,0xDE,0x32,0x7B,0xEB,0x5B,0x00,0xFF,0xFF,0x01,0x00,0x00,0x00,0x00,0x00,0x00,0x00,0x00,0x00,0x00,0x00,0x00,0x00,0x00,0x00,0x00,0x00,0x00,0x00,0x00,0x00,0x00,0x00,0x00,0x00,0x00,0x00,0x00,
    0x00,0x00,0x00,0x00,0x33,0x77,0xEE,0x0F,0x31,0x7B,0xEB,0x59,0x31,0x7A,0xE9,0xB1,0x31,0x7B,0xE9,0xDE,0x32,0x7A,0xEA,0xFA,0x32,0x7B,0xEA,0xFF,0x32,0x7B,0xEA,0xFF,0x32,0x7B,0xEA,0xFF,0x32,0x7B,0xEA,0xFF,0x32,0x7B,0xEA,0xFF,0x32,0x7B,0xEA,0xFF,0x32,0x7B,0xEA,0xFF,0x32,0x7B,0xEA,0xFF,0x32,0x7B,0xEA,0xFF,0x32,0x7B,0xEA,0xFF,
    0x32,0x7B,0xEA,0xFF,0x32,0x7B,0xEA,0xFF,0x32,0x7B,0xEA,0xFF,0x32,0x7B,0xEA,0xFF,0x32,0x7B,0xEA,0xFF,0x32,0x7B,0xEA,0xFF,0x32,0x7B,0xEA,0xFF,0x32,0x7B,0xEA,0xFF,0x32,0x7B,0xEA,0xFF,0x32,0x7B,0xEA,0xFF,0x32,0x7B,0xEA,0xFF,0x32,0x7B,0xEA,0xFF,0x32,0x7B,0xEA,0xFF,0x32,0x7B,0xEA,0xFF,0x32,0x7B,0xEA,0xFF,0x32,0x7B,0xEA,0xFF,
    0x32,0x7B,0xEA,0xFF,0x32,0x7B,0xEA,0xFF,0x32,0x7B,0xEA,0xFF,0x32,0x7B,0xEA,0xFF,0x32,0x7B,0xEA,0xFF,0x32,0x7B,0xEA,0xFF,0x32,0x7B,0xEA,0xFF,0x32,0x7B,0xEA,0xFF,0x32,0x7B,0xEA,0xFF,0x32,0x7B,0xEA,0xFF,0x32,0x7B,0xEA,0xFF,0x32,0x7B,0xEA,0xFF,0x32,0x7B,0xEA,0xFF,0x32,0x7B,0xEA,0xFF,0x32,0x7B,0xEA,0xFF,0x32,0x7B,0xEA,0xFF,
    0x32,0x7B,0xEA,0xFF,0x32,0x7B,0xEA,0xFF,0x32,0x7B,0xEA,0xFF,0x32,0x7B,0xEA,0xFF,0x32,0x7B,0xEA,0xFF,0x32,0x7B,0xEA,0xFF,0x32,0x7B,0xEA,0xFF,0x32,0x7B,0xEA,0xFF,0x32,0x7B,0xEA,0xFF,0x32,0x7B,0xEA,0xFF,0x32,0x7B,0xEA,0xFF,0x32,0x7B,0xEA,0xFF,0x32,0x7B,0xEA,0xFF,0x32,0x7B,0xEA,0xFF,0x32,0x7B,0xEA,0xFF,0x32,0x7B,0xEA,0xFF,
    0x32,0x7B,0xEA,0xFF,0x32,0x7B,0xEA,0xFF,0x32,0x7B,0xEA,0xFF,0x32,0x7B,0xEA,0xFF,0x32,0x7B,0xEA,0xFF,0x32,0x7B,0xEA,0xFF,0x32,0x7B,0xEA,0xFF,0x32,0x7B,0xEA,0xFF,0x32,0x7B,0xEA,0xFF,0x32,0x7B,0xEA,0xFF,0x32,0x7B,0xEA,0xFF,0x32,0x7B,0xEA,0xFF,0x32,0x7B,0xEA,0xFF,0x32,0x7B,0xEA,0xFF,0x32,0x7B,0xEA,0xFF,0x32,0x7B,0xEA,0xFF,
    0x32,0x7B,0xEA,0xFF,0x32,0x7B,0xEA,0xFF,0x32,0x7B,0xEA,0xFF,0x32,0x7B,0xEA,0xFF,0x32,0x7B,0xEA,0xFF,0x32,0x7B,0xEA,0xFF,0x32,0x7A,0xEA,0xFA,0x31,0x7B,0xE9,0xDE,0x31,0x7A,0xE9,0xB1,0x31,0x7B,0xEB,0x59,0x33,0x77,0xEE,0x0F,0x00,0x00,0x00,0x00,0x00,0x00,0x00,0x00,0x00,0x00,0x00,0x00,0x00,0x00,0x00,0x00,0x00,0x00,0x00,0x00
};

const lv_image_dsc_t ui_img_icon_view_p_png = {
    .header.w = 100,
    .header.h = 60,
    .data_size = sizeof(ui_img_icon_view_p_png_data),
    .header.cf = LV_COLOR_FORMAT_NATIVE_WITH_ALPHA,
    .header.magic = LV_IMAGE_HEADER_MAGIC,
    .data = ui_img_icon_view_p_png_data
};
