// Auto-generated from pop up_btn_p.png by convert_dvr_images.py
// LVGL version: 9.2.2   Image: 180x60 ARGB8888

#include "../ui.h"

#ifndef LV_ATTRIBUTE_MEM_ALIGN
    #define LV_ATTRIBUTE_MEM_ALIGN
#endif

// IMAGE DATA: pop up_btn_p.png
const LV_ATTRIBUTE_MEM_ALIGN uint8_t ui_img_pop_up_btn_p_png_data[] = {
    0x00,0x00,0x00,0x00,0x00,0x00,0x00,0x00,0x00,0x00,0x00,0x00,0x00,0x00,0x00,0x00,0xE2,0xC7,0xAA,0x4E,0xF4,0xEA,0xDE,0xB2,0xF7,0xEF,0xE7,0xF2,0xFD,0xFC,0xFA,0xFF,0xFE,0xFE,0xFE,0xFF,0xFE,0xFE,0xFE,0xFF,0xFE,0xFE,0xFE,0xFF,0xFE,0xFE,0xFE,0xFF,0xFE,0xFE,0xFE,0xFF,0xFE,0xFE,0xFE,0xFF,0xFE,0xFE,0xFE,0xFF,0xFE,0xFE,0xFE,0xFF,
    0xFE,0xFE,0xFE,0xFF,0xFE,0xFE,0xFE,0xFF,0xFE,0xFE,0xFE,0xFF,0xFE,0xFE,0xFE,0xFF,0xFE,0xFE,0xFE,0xFF,0xFE,0xFE,0xFE,0xFF,0xFE,0xFE,0xFE,0xFF,0xFE,0xFE,0xFE,0xFF,0xFE,0xFE,0xFE,0xFF,0xFE,0xFE,0xFE,0xFF,0xFE,0xFE,0xFE,0xFF,0xFE,0xFE,0xFE,0xFF,0xFE,0xFE,0xFE,0xFF,0xFE,0xFE,0xFE,0xFF,0xFE,0xFE,0xFE,0xFF,0xFE,0xFE,0xFE,0xFF,
    0xFE,0xFE,0xFE,0xFF,0xFE,0xFE,0xFE,0xFF,0xFE,0xFE,0xFE,0xFF,0xFE,0xFE,0xFE,0xFF,0xFE,0xFE,0xFE,0xFF,0xFE,0xFE,0xFE,0xFF,0xFE,0xFE,0xFE,0xFF,0xFE,0xFE,0xFE,0xFF,0xFE,0xFE,0xFE,0xFF,0xFE,0xFE,0xFE,0xFF,0xFE,0xFE,0xFE,0xFF,0xFE,0xFE,0xFE,0xFF,0xFE,0xFE,0xFE,0xFF,0xFE,0xFE,0xFE,0xFF,0xFE,0xFE,0xFE,0xFF,0xFE,0xFE,0xFE,0xFF,
    0xFE,0xFE,0xFE,0xFF,0xFE,0xFE,0xFE,0xFF,0xFE,0xFE,0xFE,0xFF,0xFE,0xFE,0xFE,0xFF,0xFE,0xFE,0xFE,0xFF,0xFE,0xFE,0xFE,0xFF,0xFE,0xFE,0xFE,0xFF,0xFE,0xFE,0xFE,0xFF,0xFE,0xFE,0xFE,0xFF,0xFE,0xFE,0xFE,0xFF,0xFE,0xFE,0xFE,0xFF,0xFE,0xFE,0xFE,0xFF,0xFE,0xFE,0xFE,0xFF,0xFE,0xFE,0xFE,0xFF,0xFE,0xFE,0xFE,0xFF,0xFE,0xFE,0xFE,0xFF,
    0xFE,0xFE,0xFE,0xFF,0xFE,0xFE,0xFE,0xFF,0xFE,0xFE,0xFE,0xFF,0xFE,0xFE,0xFE,0xFF,0xFE,0xFE,0xFE,0xFF,0xFE,0xFE,0xFE,0xFF,0xFE,0xFE,0xFE,0xFF,0xFE,0xFE,0xFE,0xFF,0xFE,0xFE,0xFE,0xFF,0xFE,0xFE,0xFE,0xFF,0xFE,0xFE,0xFE,0xFF,0xFE,0xFE,0xFE,0xFF,0xFE,0xFE,0xFE,0xFF,0xFE,0xFE,0xFE,0xFF,0xFE,0xFE,0xFE,0xFF,0xFE,0xFE,0xFE,0xFF,
    0xFE,0xFE,0xFE,0xFF,0xFE,0xFE,0xFE,0xFF,0xFE,0xFE,0xFE,0xFF,0xFE,0xFE,0xFE,0xFF,0xFE,0xFE,0xFE,0xFF,0xFE,0xFE,0xFE,0xFF,0xFE,0xFE,0xFE,0xFF,0xFE,0xFE,0xFE,0xFF,0xFE,0xFE,0xFE,0xFF,0xFE,0xFE,0xFE,0xFF,0xFE,0xFE,0xFE,0xFF,0xFE,0xFE,0xFE,0xFF,0xFE,0xFE,0xFE,0xFF,0xFE,0xFE,0xFE,0xFF,0xFE,0xFE,0xFE,0xFF,0xFE,0xFE,0xFE,0xFF,
    0xFE,0xFE,0xFE,0xFF,0xFE,0xFE,0xFE,0xFF,0xFE,0xFE,0xFE,0xFF,0xFE,0xFE,0xFE,0xFF,0xFE,0xFE,0xFE,0xFF,0xFE,0xFE,0xFE,0xFF,0xFE,0xFE,0xFE,0xFF,0xFE,0xFE,0xFE,0xFF,0xFE,0xFE,0xFE,0xFF,0xFE,0xFE,0xFE,0xFF,0xFE,0xFE,0xFE,0xFF,0xFE,0xFE,0xFE,0xFF,0xFE,0xFE,0xFE,0xFF,0xFE,0xFE,0xFE,0xFF,0xFE,0xFE,0xFE,0xFF,0xFE,0xFE,0xFE,0xFF,
    0xFE,0xFE,0xFE,0xFF,0xFE,0xFE,0xFE,0xFF,0xFE,0xFE,0xFE,0xFF,0xFE,0xFE,0xFE,0xFF,0xFE,0xFE,0xFE,0xFF,0xFE,0xFE,0xFE,0xFF,0xFE,0xFE,0xFE,0xFF,0xFE,0xFE,0xFE,0xFF,0xFE,0xFE,0xFE,0xFF,0xFE,0xFE,0xFE,0xFF,0xFE,0xFE,0xFE,0xFF,0xFE,0xFE,0xFE,0xFF,0xFE,0xFE,0xFE,0xFF,0xFE,0xFE,0xFE,0xFF,0xFE,0xFE,0xFE,0xFF,0xFE,0xFE,0xFE,0xFF,
    0xFE,0xFE,0xFE,0xFF,0xFE,0xFE,0xFE,0xFF,0xFE,0xFE,0xFE,0xFF,0xFE,0xFE,0xFE,0xFF,0xFE,0xFE,0xFE,0xFF,0xFE,0xFE,0xFE,0xFF,0xFE,0xFE,0xFE,0xFF,0xFE,0xFE,0xFE,0xFF,0xFE,0xFE,0xFE,0xFF,0xFE,0xFE,0xFE,0xFF,0xFE,0xFE,0xFE,0xFF,0xFE,0xFE,0xFE,0xFF,0xFE,0xFE,0xFE,0xFF,0xFE,0xFE,0xFE,0xFF,0xFE,0xFE,0xFE,0xFF,0xFE,0xFE,0xFE,0xFF,
    0xFE,0xFE,0xFE,0xFF,0xFE,0xFE,0xFE,0xFF,0xFE,0xFE,0xFE,0xFF,0xFE,0xFE,0xFE,0xFF,0xFE,0xFE,0xFE,0xFF,0xFE,0xFE,0xFE,0xFF,0xFE,0xFE,0xFE,0xFF,0xFE,0xFE,0xFE,0xFF,0xFE,0xFE,0xFE,0xFF,0xFE,0xFE,0xFE,0xFF,0xFE,0xFE,0xFE,0xFF,0xFE,0xFE,0xFE,0xFF,0xFE,0xFE,0xFE,0xFF,0xFE,0xFE,0xFE,0xFF,0xFE,0xFE,0xFE,0xFF,0xFE,0xFE,0xFE,0xFF,
    0xFE,0xFE,0xFE,0xFF,0xFE,0xFE,0xFE,0xFF,0xFE,0xFE,0xFE,0xFF,0xFE,0xFE,0xFE,0xFF,0xFE,0xFE,0xFE,0xFF,0xFE,0xFE,0xFE,0xFF,0xFE,0xFE,0xFE,0xFF,0xFE,0xFE,0xFE,0xFF,0xFE,0xFE,0xFE,0xFF,0xFE,0xFE,0xFE,0xFF,0xFE,0xFE,0xFE,0xFF,0xFE,0xFE,0xFE,0xFF,0xFD,0xFC,0xFA,0xFF,0xF7,0xEF,0xE7,0xF2,0xF4,0xEA,0xDE,0xB2,0xE2,0xC7,0xAA,0x4E,
    0x00,0x00,0x00,0x00,0x00,0x00,0x00,0x00,0x00,0x00,0x00,0x00,0x00,0x00,0x00,0x00,0x00,0x00,0x00,0x00,0x00,0x00,0x00,0x00,0xCE,0xA7,0x76,0x1A,0xF1,0xE3,0xD5,0xB6,0xF7,0xEF,0xE6,0xFF,0xD5,0xAD,0x81,0xFF,0xBD,0x7E,0x3A,0xFF,0xB1,0x67,0x17,0xFF,0xB0,0x64,0x12,0xFF,0xB0,0x64,0x12,0xFF,0xB0,0x64,0x12,0xFF,0xB0,0x64,0x12,0xFF,
    0xB0,0x64,0x12,0xFF,0xB0,0x64,0x12,0xFF,0xB0,0x64,0x12,0xFF,0xB0,0x64,0x12,0xFF,0xB0,0x64,0x12,0xFF,0xB0,0x64,0x12,0xFF,0xB0,0x64,0x12,0xFF,0xB0,0x64,0x12,0xFF,0xB0,0x64,0x12,0xFF,0xB0,0x64,0x12,0xFF,0xB0,0x64,0x12,0xFF,0xB0,0x64,0x12,0xFF,0xB0,0x64,0x12,0xFF,0xB0,0x64,0x12,0xFF,0xB0,0x64,0x12,0xFF,0xB0,0x64,0x12,0xFF,
    0xB0,0x64,0x12,0xFF,0xB0,0x64,0x12,0xFF,0xB0,0x64,0x12,0xFF,0xB0,0x64,0x12,0xFF,0xB0,0x64,0x12,0xFF,0xB0,0x64,0x12,0xFF,0xB0,0x64,0x12,0xFF,0xB0,0x64,0x12,0xFF,0xB0,0x64,0x12,0xFF,0xB0,0x64,0x12,0xFF,0xB0,0x64,0x12,0xFF,0xB0,0x64,0x12,0xFF,0xB0,0x64,0x12,0xFF,0xB0,0x64,0x12,0xFF,0xB0,0x64,0x12,0xFF,0xB0,0x64,0x12,0xFF,
    0xB0,0x64,0x12,0xFF,0xB0,0x64,0x12,0xFF,0xB0,0x64,0x12,0xFF,0xB0,0x64,0x12,0xFF,0xB0,0x64,0x12,0xFF,0xB0,0x64,0x12,0xFF,0xB0,0x64,0x12,0xFF,0xB0,0x64,0x12,0xFF,0xB0,0x64,0x12,0xFF,0xB0,0x64,0x12,0xFF,0xB0,0x64,0x12,0xFF,0xB0,0x64,0x12,0xFF,0xB0,0x64,0x12,0xFF,0xB0,0x64,0x12,0xFF,0xB0,0x64,0x12,0xFF,0xB0,0x64,0x12,0xFF,
    0xB0,0x64,0x12,0xFF,0xB0,0x64,0x12,0xFF,0xB0,0x64,0x12,0xFF,0xB0,0x64,0x12,0xFF,0xB0,0x64,0x12,0xFF,0xB0,0x64,0x12,0xFF,0xB0,0x64,0x12,0xFF,0xB0,0x64,0x12,0xFF,0xB0,0x64,0x12,0xFF,0xB0,0x64,0x12,0xFF,0xB0,0x64,0x12,0xFF,0xB0,0x64,0x12,0xFF,0xB0,0x64,0x12,0xFF,0xB0,0x64,0x12,0xFF,0xB0,0x64,0x12,0xFF,0xB0,0x64,0x12,0xFF,
    0xB0,0x64,0x12,0xFF,0xB0,0x64,0x12,0xFF,0xB0,0x64,0x12,0xFF,0xB0,0x64,0x12,0xFF,0xB0,0x64,0x12,0xFF,0xB0,0x64,0x12,0xFF,0xB0,0x64,0x12,0xFF,0xB0,0x64,0x12,0xFF,0xB0,0x64,0x12,0xFF,0xB0,0x64,0x12,0xFF,0xB0,0x64,0x12,0xFF,0xB0,0x64,0x12,0xFF,0xB0,0x64,0x12,0xFF,0xB0,0x64,0x12,0xFF,0xB0,0x64,0x12,0xFF,0xB0,0x64,0x12,0xFF,
    0xB0,0x64,0x12,0xFF,0xB0,0x64,0x12,0xFF,0xB0,0x64,0x12,0xFF,0xB0,0x64,0x12,0xFF,0xB0,0x64,0x12,0xFF,0xB0,0x64,0x12,0xFF,0xB0,0x64,0x12,0xFF,0xB0,0x64,0x12,0xFF,0xB0,0x64,0x12,0xFF,0xB0,0x64,0x12,0xFF,0xB0,0x64,0x12,0xFF,0xB0,0x64,0x12,0xFF,0xB0,0x64,0x12,0xFF,0xB0,0x64,0x12,0xFF,0xB0,0x64,0x12,0xFF,0xB0,0x64,0x12,0xFF,
    0xB0,0x64,0x12,0xFF,0xB0,0x64,0x12,0xFF,0xB0,0x64,0x12,0xFF,0xB0,0x64,0x12,0xFF,0xB0,0x64,0x12,0xFF,0xB0,0x64,0x12,0xFF,0xB0,0x64,0x12,0xFF,0xB0,0x64,0x12,0xFF,0xB0,0x64,0x12,0xFF,0xB0,0x64,0x12,0xFF,0xB0,0x64,0x12,0xFF,0xB0,0x64,0x12,0xFF,0xB0,0x64,0x12,0xFF,0xB0,0x64,0x12,0xFF,0xB0,0x64,0x12,0xFF,0xB0,0x64,0x12,0xFF,
    0xB0,0x64,0x12,0xFF,0xB0,0x64,0x12,0xFF,0xB0,0x64,0x12,0xFF,0xB0,0x64,0x12,0xFF,0xB0,0x64,0x12,0xFF,0xB0,0x64,0x12,0xFF,0xB0,0x64,0x12,0xFF,0xB0,0x64,0x12,0xFF,0xB0,0x64,0x12,0xFF,0xB0,0x64,0x12,0xFF,0xB0,0x64,0x12,0xFF,0xB0,0x64,0x12,0xFF,0xB0,0x64,0x12,0xFF,0xB0,0x64,0x12,0xFF,0xB0,0x64,0x12,0xFF,0xB0,0x64,0x12,0xFF,
    0xB0,0x64,0x12,0xFF,0xB0,0x64,0x12,0xFF,0xB0,0x64,0x12,0xFF,0xB0,0x64,0x12,0xFF,0xB0,0x64,0x12,0xFF,0xB0,0x64,0x12,0xFF,0xB0,0x64,0x12,0xFF,0xB0,0x64,0x12,0xFF,0xB0,0x64,0x12,0xFF,0xB0,0x64,0x12,0xFF,0xB0,0x64,0x12,0xFF,0xB0,0x64,0x12,0xFF,0xB0,0x64,0x12,0xFF,0xB0,0x64,0x12,0xFF,0xB0,0x64,0x12,0xFF,0xB0,0x64,0x12,0xFF,
    0xB0,0x64,0x12,0xFF,0xB0,0x64,0x12,0xFF,0xB0,0x64,0x12,0xFF,0xB0,0x64,0x12,0xFF,0xB0,0x64,0x12,0xFF,0xB0,0x64,0x12,0xFF,0xB0,0x64,0x12,0xFF,0xB0,0x64,0x12,0xFF,0xB0,0x64,0x12,0xFF,0xB0,0x64,0x12,0xFF,0xB0,0x64,0x12,0xFF,0xB0,0x64,0x12,0xFF,0xB0,0x64,0x12,0xFF,0xB0,0x64,0x12,0xFF,0xB0,0x64,0x12,0xFF,0xB0,0x64,0x12,0xFF,
    0xB1,0x67,0x17,0xFF,0xBD,0x7E,0x3A,0xFF,0xD5,0xAD,0x81,0xFF,0xF7,0xEF,0xE6,0xFF,0xF1,0xE3,0xD5,0xB6,0xCE,0xA7,0x76,0x1A,0x00,0x00,0x00,0x00,0x00,0x00,0x00,0x00,0x00,0x00,0x00,0x00,0xCE,0xA7,0x76,0x1A,0xF6,0xEF,0xE7,0xDC,0xE0,0xC3,0xA3,0xFF,0xB4,0x6D,0x1F,0xFF,0xB0,0x64,0x12,0xFF,0xB0,0x64,0x12,0xFF,0xB0,0x64,0x12,0xFF,
    0xB0,0x64,0x12,0xFF,0xB0,0x64,0x12,0xFF,0xB0,0x64,0x12,0xFF,0xB0,0x64,0x12,0xFF,0xB0,0x64,0x12,0xFF,0xB0,0x64,0x12,0xFF,0xB0,0x64,0x12,0xFF,0xB0,0x64,0x12,0xFF,0xB0,0x64,0x12,0xFF,0xB0,0x64,0x12,0xFF,0xB0,0x64,0x12,0xFF,0xB0,0x64,0x12,0xFF,0xB0,0x64,0x12,0xFF,0xB0,0x64,0x12,0xFF,0xB0,0x64,0x12,0xFF,0xB0,0x64,0x12,0xFF,
    0xB0,0x64,0x12,0xFF,0xB0,0x64,0x12,0xFF,0xB0,0x64,0x12,0xFF,0xB0,0x64,0x12,0xFF,0xB0,0x64,0x12,0xFF,0xB0,0x64,0x12,0xFF,0xB0,0x64,0x12,0xFF,0xB0,0x64,0x12,0xFF,0xB0,0x64,0x12,0xFF,0xB0,0x64,0x12,0xFF,0xB0,0x64,0x12,0xFF,0xB0,0x64,0x12,0xFF,0xB0,0x64,0x12,0xFF,0xB0,0x64,0x12,0xFF,0xB0,0x64,0x12,0xFF,0xB0,0x64,0x12,0xFF,
    0xB0,0x64,0x12,0xFF,0xB0,0x64,0x12,0xFF,0xB0,0x64,0x12,0xFF,0xB0,0x64,0x12,0xFF,0xB0,0x64,0x12,0xFF,0xB0,0x64,0x12,0xFF,0xB0,0x64,0x12,0xFF,0xB0,0x64,0x12,0xFF,0xB0,0x64,0x12,0xFF,0xB0,0x64,0x12,0xFF,0xB0,0x64,0x12,0xFF,0xB0,0x64,0x12,0xFF,0xB0,0x64,0x12,0xFF,0xB0,0x64,0x12,0xFF,0xB0,0x64,0x12,0xFF,0xB0,0x64,0x12,0xFF,
    0xB0,0x64,0x12,0xFF,0xB0,0x64,0x12,0xFF,0xB0,0x64,0x12,0xFF,0xB0,0x64,0x12,0xFF,0xB0,0x64,0x12,0xFF,0xB0,0x64,0x12,0xFF,0xB0,0x64,0x12,0xFF,0xB0,0x64,0x12,0xFF,0xB0,0x64,0x12,0xFF,0xB0,0x64,0x12,0xFF,0xB0,0x64,0x12,0xFF,0xB0,0x64,0x12,0xFF,0xB0,0x64,0x12,0xFF,0xB0,0x64,0x12,0xFF,0xB0,0x64,0x12,0xFF,0xB0,0x64,0x12,0xFF,
    0xB0,0x64,0x12,0xFF,0xB0,0x64,0x12,0xFF,0xB0,0x64,0x12,0xFF,0xB0,0x64,0x12,0xFF,0xB0,0x64,0x12,0xFF,0xB0,0x64,0x12,0xFF,0xB0,0x64,0x12,0xFF,0xB0,0x64,0x12,0xFF,0xB0,0x64,0x12,0xFF,0xB0,0x64,0x12,0xFF,0xB0,0x64,0x12,0xFF,0xB0,0x64,0x12,0xFF,0xB0,0x64,0x12,0xFF,0xB0,0x64,0x12,0xFF,0xB0,0x64,0x12,0xFF,0xB0,0x64,0x12,0xFF,
    0xB0,0x64,0x12,0xFF,0xB0,0x64,0x12,0xFF,0xB0,0x64,0x12,0xFF,0xB0,0x64,0x12,0xFF,0xB0,0x64,0x12,0xFF,0xB0,0x64,0x12,0xFF,0xB0,0x64,0x12,0xFF,0xB0,0x64,0x12,0xFF,0xB0,0x64,0x12,0xFF,0xB0,0x64,0x12,0xFF,0xB0,0x64,0x12,0xFF,0xB0,0x64,0x12,0xFF,0xB0,0x64,0x12,0xFF,0xB0,0x64,0x12,0xFF,0xB0,0x64,0x12,0xFF,0xB0,0x64,0x12,0xFF,
    0xB0,0x64,0x12,0xFF,0xB0,0x64,0x12,0xFF,0xB0,0x64,0x12,0xFF,0xB0,0x64,0x12,0xFF,0xB0,0x64,0x12,0xFF,0xB0,0x64,0x12,0xFF,0xB0,0x64,0x12,0xFF,0xB0,0x64,0x12,0xFF,0xB0,0x64,0x12,0xFF,0xB0,0x64,0x12,0xFF,0xB0,0x64,0x12,0xFF,0xB0,0x64,0x12,0xFF,0xB0,0x64,0x12,0xFF,0xB0,0x64,0x12,0xFF,0xB0,0x64,0x12,0xFF,0xB0,0x64,0x12,0xFF,
    0xB0,0x64,0x12,0xFF,0xB0,0x64,0x12,0xFF,0xB0,0x64,0x12,0xFF,0xB0,0x64,0x12,0xFF,0xB0,0x64,0x12,0xFF,0xB0,0x64,0x12,0xFF,0xB0,0x64,0x12,0xFF,0xB0,0x64,0x12,0xFF,0xB0,0x64,0x12,0xFF,0xB0,0x64,0x12,0xFF,0xB0,0x64,0x12,0xFF,0xB0,0x64,0x12,0xFF,0xB0,0x64,0x12,0xFF,0xB0,0x64,0x12,0xFF,0xB0,0x64,0x12,0xFF,0xB0,0x64,0x12,0xFF,
    0xB0,0x64,0x12,0xFF,0xB0,0x64,0x12,0xFF,0xB0,0x64,0x12,0xFF,0xB0,0x64,0x12,0xFF,0xB0,0x64,0x12,0xFF,0xB0,0x64,0x12,0xFF,0xB0,0x64,0x12,0xFF,0xB0,0x64,0x12,0xFF,0xB0,0x64,0x12,0xFF,0xB0,0x64,0x12,0xFF,0xB0,0x64,0x12,0xFF,0xB0,0x64,0x12,0xFF,0xB0,0x64,0x12,0xFF,0xB0,0x64,0x12,0xFF,0xB0,0x64,0x12,0xFF,0xB0,0x64,0x12,0xFF,
    0xB0,0x64,0x12,0xFF,0xB0,0x64,0x12,0xFF,0xB0,0x64,0x12,0xFF,0xB0,0x64,0x12,0xFF,0xB0,0x64,0x12,0xFF,0xB0,0x64,0x12,0xFF,0xB0,0x64,0x12,0xFF,0xB0,0x64,0x12,0xFF,0xB0,0x64,0x12,0xFF,0xB0,0x64,0x12,0xFF,0xB0,0x64,0x12,0xFF,0xB0,0x64,0x12,0xFF,0xB0,0x64,0x12,0xFF,0xB0,0x64,0x12,0xFF,0xB0,0x64,0x12,0xFF,0xB0,0x64,0x12,0xFF,
    0xB0,0x64,0x12,0xFF,0xB0,0x64,0x12,0xFF,0xB0,0x64,0x12,0xFF,0xB0,0x64,0x12,0xFF,0xB0,0x64,0x12,0xFF,0xB0,0x64,0x12,0xFF,0xB0,0x64,0x12,0xFF,0xB4,0x6D,0x1F,0xFF,0xE0,0xC3,0xA3,0xFF,0xF6,0xEF,0xE7,0xDC,0xCE,0xA7,0x76,0x1A,0x00,0x00,0x00,0x00,0x00,0x00,0x00,0x00,0xF1,0xE3,0xD5,0xB6,0xE0,0xC3,0xA3,0xFF,0xB0,0x64,0x12,0xFF,
    0xB0,0x64,0x12,0xFF,0xB0,0x64,0x12,0xFF,0xB0,0x64,0x12,0xFF,0xB0,0x64,0x12,0xFF,0xB0,0x64,0x12,0xFF,0xB0,0x64,0x12,0xFF,0xB0,0x64,0x12,0xFF,0xB0,0x64,0x12,0xFF,0xB0,0x64,0x12,0xFF,0xB0,0x64,0x12,0xFF,0xB0,0x64,0x12,0xFF,0xB0,0x64,0x12,0xFF,0xB0,0x64,0x12,0xFF,0xB0,0x64,0x12,0xFF,0xB0,0x64,0x12,0xFF,0xB0,0x64,0x12,0xFF,
    0xB0,0x64,0x12,0xFF,0xB0,0x64,0x12,0xFF,0xB0,0x64,0x12,0xFF,0xB0,0x64,0x12,0xFF,0xB0,0x64,0x12,0xFF,0xB0,0x64,0x12,0xFF,0xB0,0x64,0x12,0xFF,0xB0,0x64,0x12,0xFF,0xB0,0x64,0x12,0xFF,0xB0,0x64,0x12,0xFF,0xB0,0x64,0x12,0xFF,0xB0,0x64,0x12,0xFF,0xB0,0x64,0x12,0xFF,0xB0,0x64,0x12,0xFF,0xB0,0x64,0x12,0xFF,0xB0,0x64,0x12,0xFF,
    0xB0,0x64,0x12,0xFF,0xB0,0x64,0x12,0xFF,0xB0,0x64,0x12,0xFF,0xB0,0x64,0x12,0xFF,0xB0,0x64,0x12,0xFF,0xB0,0x64,0x12,0xFF,0xB0,0x64,0x12,0xFF,0xB0,0x64,0x12,0xFF,0xB0,0x64,0x12,0xFF,0xB0,0x64,0x12,0xFF,0xB0,0x64,0x12,0xFF,0xB0,0x64,0x12,0xFF,0xB0,0x64,0x12,0xFF,0xB0,0x64,0x12,0xFF,0xB0,0x64,0x12,0xFF,0xB0,0x64,0x12,0xFF,
    0xB0,0x64,0x12,0xFF,0xB0,0x64,0x12,0xFF,0xB0,0x64,0x12,0xFF,0xB0,0x64,0x12,0xFF,0xB0,0x64,0x12,0xFF,0xB0,0x64,0x12,0xFF,0xB0,0x64,0x12,0xFF,0xB0,0x64,0x12,0xFF,0xB0,0x64,0x12,0xFF,0xB0,0x64,0x12,0xFF,0xB0,0x64,0x12,0xFF,0xB0,0x64,0x12,0xFF,0xB0,0x64,0x12,0xFF,0xB0,0x64,0x12,0xFF,0xB0,0x64,0x12,0xFF,0xB0,0x64,0x12,0xFF,
    0xB0,0x64,0x12,0xFF,0xB0,0x64,0x12,0xFF,0xB0,0x64,0x12,0xFF,0xB0,0x64,0x12,0xFF,0xB0,0x64,0x12,0xFF,0xB0,0x64,0x12,0xFF,0xB0,0x64,0x12,0xFF,0xB0,0x64,0x12,0xFF,0xB0,0x64,0x12,0xFF,0xB0,0x64,0x12,0xFF,0xB0,0x64,0x12,0xFF,0xB0,0x64,0x12,0xFF,0xB0,0x64,0x12,0xFF,0xB0,0x64,0x12,0xFF,0xB0,0x64,0x12,0xFF,0xB0,0x64,0x12,0xFF,
    0xB0,0x64,0x12,0xFF,0xB0,0x64,0x12,0xFF,0xB0,0x64,0x12,0xFF,0xB0,0x64,0x12,0xFF,0xB0,0x64,0x12,0xFF,0xB0,0x64,0x12,0xFF,0xB0,0x64,0x12,0xFF,0xB0,0x64,0x12,0xFF,0xB0,0x64,0x12,0xFF,0xB0,0x64,0x12,0xFF,0xB0,0x64,0x12,0xFF,0xB0,0x64,0x12,0xFF,0xB0,0x64,0x12,0xFF,0xB0,0x64,0x12,0xFF,0xB0,0x64,0x12,0xFF,0xB0,0x64,0x12,0xFF,
    0xB0,0x64,0x12,0xFF,0xB0,0x64,0x12,0xFF,0xB0,0x64,0x12,0xFF,0xB0,0x64,0x12,0xFF,0xB0,0x64,0x12,0xFF,0xB0,0x64,0x12,0xFF,0xB0,0x64,0x12,0xFF,0xB0,0x64,0x12,0xFF,0xB0,0x64,0x12,0xFF,0xB0,0x64,0x12,0xFF,0xB0,0x64,0x12,0xFF,0xB0,0x64,0x12,0xFF,0xB0,0x64,0x12,0xFF,0xB0,0x64,0x12,0xFF,0xB0,0x64,0x12,0xFF,0xB0,0x64,0x12,0xFF,
    0xB0,0x64,0x12,0xFF,0xB0,0x64,0x12,0xFF,0xB0,0x64,0x12,0xFF,0xB0,0x64,0x12,0xFF,0xB0,0x64,0x12,0xFF,0xB0,0x64,0x12,0xFF,0xB0,0x64,0x12,0xFF,0xB0,0x64,0x12,0xFF,0xB0,0x64,0x12,0xFF,0xB0,0x64,0x12,0xFF,0xB0,0x64,0x12,0xFF,0xB0,0x64,0x12,0xFF,0xB0,0x64,0x12,0xFF,0xB0,0x64,0x12,0xFF,0xB0,0x64,0x12,0xFF,0xB0,0x64,0x12,0xFF,
    0xB0,0x64,0x12,0xFF,0xB0,0x64,0x12,0xFF,0xB0,0x64,0x12,0xFF,0xB0,0x64,0x12,0xFF,0xB0,0x64,0x12,0xFF,0xB0,0x64,0x12,0xFF,0xB0,0x64,0x12,0xFF,0xB0,0x64,0x12,0xFF,0xB0,0x64,0x12,0xFF,0xB0,0x64,0x12,0xFF,0xB0,0x64,0x12,0xFF,0xB0,0x64,0x12,0xFF,0xB0,0x64,0x12,0xFF,0xB0,0x64,0x12,0xFF,0xB0,0x64,0x12,0xFF,0xB0,0x64,0x12,0xFF,
    0xB0,0x64,0x12,0xFF,0xB0,0x64,0x12,0xFF,0xB0,0x64,0x12,0xFF,0xB0,0x64,0x12,0xFF,0xB0,0x64,0x12,0xFF,0xB0,0x64,0x12,0xFF,0xB0,0x64,0x12,0xFF,0xB0,0x64,0x12,0xFF,0xB0,0x64,0x12,0xFF,0xB0,0x64,0x12,0xFF,0xB0,0x64,0x12,0xFF,0xB0,0x64,0x12,0xFF,0xB0,0x64,0x12,0xFF,0xB0,0x64,0x12,0xFF,0xB0,0x64,0x12,0xFF,0xB0,0x64,0x12,0xFF,
    0xB0,0x64,0x12,0xFF,0xB0,0x64,0x12,0xFF,0xB0,0x64,0x12,0xFF,0xB0,0x64,0x12,0xFF,0xB0,0x64,0x12,0xFF,0xB0,0x64,0x12,0xFF,0xB0,0x64,0x12,0xFF,0xB0,0x64,0x12,0xFF,0xB0,0x64,0x12,0xFF,0xB0,0x64,0x12,0xFF,0xB0,0x64,0x12,0xFF,0xB0,0x64,0x12,0xFF,0xB0,0x64,0x12,0xFF,0xE0,0xC3,0xA3,0xFF,0xF1,0xE3,0xD5,0xB6,0x00,0x00,0x00,0x00,
    0xE2,0xC7,0xAA,0x4E,0xF7,0xEF,0xE6,0xFF,0xB4,0x6D,0x1F,0xFF,0xB0,0x64,0x12,0xFF,0xB0,0x64,0x12,0xFF,0xB0,0x64,0x12,0xFF,0xB0,0x64,0x12,0xFF,0xB0,0x64,0x12,0xFF,0xB0,0x64,0x12,0xFF,0xB0,0x64,0x12,0xFF,0xB0,0x64,0x12,0xFF,0xB0,0x64,0x12,0xFF,0xB0,0x64,0x12,0xFF,0xB0,0x64,0x12,0xFF,0xB0,0x64,0x12,0xFF,0xB0,0x64,0x12,0xFF,
    0xB0,0x64,0x12,0xFF,0xB0,0x64,0x12,0xFF,0xB0,0x64,0x12,0xFF,0xB0,0x64,0x12,0xFF,0xB0,0x64,0x12,0xFF,0xB0,0x64,0x12,0xFF,0xB0,0x64,0x12,0xFF,0xB0,0x64,0x12,0xFF,0xB0,0x64,0x12,0xFF,0xB0,0x64,0x12,0xFF,0xB0,0x64,0x12,0xFF,0xB0,0x64,0x12,0xFF,0xB0,0x64,0x12,0xFF,0xB0,0x64,0x12,0xFF,0xB0,0x64,0x12,0xFF,0xB0,0x64,0x12,0xFF,
    0xB0,0x64,0x12,0xFF,0xB0,0x64,0x12,0xFF,0xB0,0x64,0x12,0xFF,0xB0,0x64,0x12,0xFF,0xB0,0x64,0x12,0xFF,0xB0,0x64,0x12,0xFF,0xB0,0x64,0x12,0xFF,0xB0,0x64,0x12,0xFF,0xB0,0x64,0x12,0xFF,0xB0,0x64,0x12,0xFF,0xB0,0x64,0x12,0xFF,0xB0,0x64,0x12,0xFF,0xB0,0x64,0x12,0xFF,0xB0,0x64,0x12,0xFF,0xB0,0x64,0x12,0xFF,0xB0,0x64,0x12,0xFF,
    0xB0,0x64,0x12,0xFF,0xB0,0x64,0x12,0xFF,0xB0,0x64,0x12,0xFF,0xB0,0x64,0x12,0xFF,0xB0,0x64,0x12,0xFF,0xB0,0x64,0x12,0xFF,0xB0,0x64,0x12,0xFF,0xB0,0x64,0x12,0xFF,0xB0,0x64,0x12,0xFF,0xB0,0x64,0x12,0xFF,0xB0,0x64,0x12,0xFF,0xB0,0x64,0x12,0xFF,0xB0,0x64,0x12,0xFF,0xB0,0x64,0x12,0xFF,0xB0,0x64,0x12,0xFF,0xB0,0x64,0x12,0xFF,
    0xB0,0x64,0x12,0xFF,0xB0,0x64,0x12,0xFF,0xB0,0x64,0x12,0xFF,0xB0,0x64,0x12,0xFF,0xB0,0x64,0x12,0xFF,0xB0,0x64,0x12,0xFF,0xB0,0x64,0x12,0xFF,0xB0,0x64,0x12,0xFF,0xB0,0x64,0x12,0xFF,0xB0,0x64,0x12,0xFF,0xB0,0x64,0x12,0xFF,0xB0,0x64,0x12,0xFF,0xB0,0x64,0x12,0xFF,0xB0,0x64,0x12,0xFF,0xB0,0x64,0x12,0xFF,0xB0,0x64,0x12,0xFF,
    0xB0,0x64,0x12,0xFF,0xB0,0x64,0x12,0xFF,0xB0,0x64,0x12,0xFF,0xB0,0x64,0x12,0xFF,0xB0,0x64,0x12,0xFF,0xB0,0x64,0x12,0xFF,0xB0,0x64,0x12,0xFF,0xB0,0x64,0x12,0xFF,0xB0,0x64,0x12,0xFF,0xB0,0x64,0x12,0xFF,0xB0,0x64,0x12,0xFF,0xB0,0x64,0x12,0xFF,0xB0,0x64,0x12,0xFF,0xB0,0x64,0x12,0xFF,0xB0,0x64,0x12,0xFF,0xB0,0x64,0x12,0xFF,
    0xB0,0x64,0x12,0xFF,0xB0,0x64,0x12,0xFF,0xB0,0x64,0x12,0xFF,0xB0,0x64,0x12,0xFF,0xB0,0x64,0x12,0xFF,0xB0,0x64,0x12,0xFF,0xB0,0x64,0x12,0xFF,0xB0,0x64,0x12,0xFF,0xB0,0x64,0x12,0xFF,0xB0,0x64,0x12,0xFF,0xB0,0x64,0x12,0xFF,0xB0,0x64,0x12,0xFF,0xB0,0x64,0x12,0xFF,0xB0,0x64,0x12,0xFF,0xB0,0x64,0x12,0xFF,0xB0,0x64,0x12,0xFF,
    0xB0,0x64,0x12,0xFF,0xB0,0x64,0x12,0xFF,0xB0,0x64,0x12,0xFF,0xB0,0x64,0x12,0xFF,0xB0,0x64,0x12,0xFF,0xB0,0x64,0x12,0xFF,0xB0,0x64,0x12,0xFF,0xB0,0x64,0x12,0xFF,0xB0,0x64,0x12,0xFF,0xB0,0x64,0x12,0xFF,0xB0,0x64,0x12,0xFF,0xB0,0x64,0x12,0xFF,0xB0,0x64,0x12,0xFF,0xB0,0x64,0x12,0xFF,0xB0,0x64,0x12,0xFF,0xB0,0x64,0x12,0xFF,
    0xB0,0x64,0x12,0xFF,0xB0,0x64,0x12,0xFF,0xB0,0x64,0x12,0xFF,0xB0,0x64,0x12,0xFF,0xB0,0x64,0x12,0xFF,0xB0,0x64,0x12,0xFF,0xB0,0x64,0x12,0xFF,0xB0,0x64,0x12,0xFF,0xB0,0x64,0x12,0xFF,0xB0,0x64,0x12,0xFF,0xB0,0x64,0x12,0xFF,0xB0,0x64,0x12,0xFF,0xB0,0x64,0x12,0xFF,0xB0,0x64,0x12,0xFF,0xB0,0x64,0x12,0xFF,0xB0,0x64,0x12,0xFF,
    0xB0,0x64,0x12,0xFF,0xB0,0x64,0x12,0xFF,0xB0,0x64,0x12,0xFF,0xB0,0x64,0x12,0xFF,0xB0,0x64,0x12,0xFF,0xB0,0x64,0x12,0xFF,0xB0,0x64,0x12,0xFF,0xB0,0x64,0x12,0xFF,0xB0,0x64,0x12,0xFF,0xB0,0x64,0x12,0xFF,0xB0,0x64,0x12,0xFF,0xB0,0x64,0x12,0xFF,0xB0,0x64,0x12,0xFF,0xB0,0x64,0x12,0xFF,0xB0,0x64,0x12,0xFF,0xB0,0x64,0x12,0xFF,
    0xB0,0x64,0x12,0xFF,0xB0,0x64,0x12,0xFF,0xB0,0x64,0x12,0xFF,0xB0,0x64,0x12,0xFF,0xB0,0x64,0x12,0xFF,0xB0,0x64,0x12,0xFF,0xB0,0x64,0x12,0xFF,0xB0,0x64,0x12,0xFF,0xB0,0x64,0x12,0xFF,0xB0,0x64,0x12,0xFF,0xB0,0x64,0x12,0xFF,0xB0,0x64,0x12,0xFF,0xB0,0x64,0x12,0xFF,0xB0,0x64,0x12,0xFF,0xB0,0x64,0x12,0xFF,0xB0,0x64,0x12,0xFF,
    0xB0,0x64,0x12,0xFF,0xB4,0x6D,0x1F,0xFF,0xF7,0xEF,0xE6,0xFF,0xE2,0xC7,0xAA,0x4E,0xF4,0xEA,0xDE,0xB2,0xD5,0xAD,0x81,0xFF,0xB0,0x64,0x12,0xFF,0xB0,0x64,0x12,0xFF,0xB0,0x64,0x12,0xFF,0xB0,0x64,0x12,0xFF,0xB0,0x64,0x12,0xFF,0xB0,0x64,0x12,0xFF,0xB0,0x64,0x12,0xFF,0xB0,0x64,0x12,0xFF,0xB0,0x64,0x12,0xFF,0xB0,0x64,0x12,0xFF,
    0xB0,0x64,0x12,0xFF,0xB0,0x64,0x12,0xFF,0xB0,0x64,0x12,0xFF,0xB0,0x64,0x12,0xFF,0xB0,0x64,0x12,0xFF,0xB0,0x64,0x12,0xFF,0xB0,0x64,0x12,0xFF,0xB0,0x64,0x12,0xFF,0xB0,0x64,0x12,0xFF,0xB0,0x64,0x12,0xFF,0xB0,0x64,0x12,0xFF,0xB0,0x64,0x12,0xFF,0xB0,0x64,0x12,0xFF,0xB0,0x64,0x12,0xFF,0xB0,0x64,0x12,0xFF,0xB0,0x64,0x12,0xFF,
    0xB0,0x64,0x12,0xFF,0xB0,0x64,0x12,0xFF,0xB0,0x64,0x12,0xFF,0xB0,0x64,0x12,0xFF,0xB0,0x64,0x12,0xFF,0xB0,0x64,0x12,0xFF,0xB0,0x64,0x12,0xFF,0xB0,0x64,0x12,0xFF,0xB0,0x64,0x12,0xFF,0xB0,0x64,0x12,0xFF,0xB0,0x64,0x12,0xFF,0xB0,0x64,0x12,0xFF,0xB0,0x64,0x12,0xFF,0xB0,0x64,0x12,0xFF,0xB0,0x64,0x12,0xFF,0xB0,0x64,0x12,0xFF,
    0xB0,0x64,0x12,0xFF,0xB0,0x64,0x12,0xFF,0xB0,0x64,0x12,0xFF,0xB0,0x64,0x12,0xFF,0xB0,0x64,0x12,0xFF,0xB0,0x64,0x12,0xFF,0xB0,0x64,0x12,0xFF,0xB0,0x64,0x12,0xFF,0xB0,0x64,0x12,0xFF,0xB0,0x64,0x12,0xFF,0xB0,0x64,0x12,0xFF,0xB0,0x64,0x12,0xFF,0xB0,0x64,0x12,0xFF,0xB0,0x64,0x12,0xFF,0xB0,0x64,0x12,0xFF,0xB0,0x64,0x12,0xFF,
    0xB0,0x64,0x12,0xFF,0xB0,0x64,0x12,0xFF,0xB0,0x64,0x12,0xFF,0xB0,0x64,0x12,0xFF,0xB0,0x64,0x12,0xFF,0xB0,0x64,0x12,0xFF,0xB0,0x64,0x12,0xFF,0xB0,0x64,0x12,0xFF,0xB0,0x64,0x12,0xFF,0xB0,0x64,0x12,0xFF,0xB0,0x64,0x12,0xFF,0xB0,0x64,0x12,0xFF,0xB0,0x64,0x12,0xFF,0xB0,0x64,0x12,0xFF,0xB0,0x64,0x12,0xFF,0xB0,0x64,0x12,0xFF,
    0xB0,0x64,0x12,0xFF,0xB0,0x64,0x12,0xFF,0xB0,0x64,0x12,0xFF,0xB0,0x64,0x12,0xFF,0xB0,0x64,0x12,0xFF,0xB0,0x64,0x12,0xFF,0xB0,0x64,0x12,0xFF,0xB0,0x64,0x12,0xFF,0xB0,0x64,0x12,0xFF,0xB0,0x64,0x12,0xFF,0xB0,0x64,0x12,0xFF,0xB0,0x64,0x12,0xFF,0xB0,0x64,0x12,0xFF,0xB0,0x64,0x12,0xFF,0xB0,0x64,0x12,0xFF,0xB0,0x64,0x12,0xFF,
    0xB0,0x64,0x12,0xFF,0xB0,0x64,0x12,0xFF,0xB0,0x64,0x12,0xFF,0xB0,0x64,0x12,0xFF,0xB0,0x64,0x12,0xFF,0xB0,0x64,0x12,0xFF,0xB0,0x64,0x12,0xFF,0xB0,0x64,0x12,0xFF,0xB0,0x64,0x12,0xFF,0xB0,0x64,0x12,0xFF,0xB0,0x64,0x12,0xFF,0xB0,0x64,0x12,0xFF,0xB0,0x64,0x12,0xFF,0xB0,0x64,0x12,0xFF,0xB0,0x64,0x12,0xFF,0xB0,0x64,0x12,0xFF,
    0xB0,0x64,0x12,0xFF,0xB0,0x64,0x12,0xFF,0xB0,0x64,0x12,0xFF,0xB0,0x64,0x12,0xFF,0xB0,0x64,0x12,0xFF,0xB0,0x64,0x12,0xFF,0xB0,0x64,0x12,0xFF,0xB0,0x64,0x12,0xFF,0xB0,0x64,0x12,0xFF,0xB0,0x64,0x12,0xFF,0xB0,0x64,0x12,0xFF,0xB0,0x64,0x12,0xFF,0xB0,0x64,0x12,0xFF,0xB0,0x64,0x12,0xFF,0xB0,0x64,0x12,0xFF,0xB0,0x64,0x12,0xFF,
    0xB0,0x64,0x12,0xFF,0xB0,0x64,0x12,0xFF,0xB0,0x64,0x12,0xFF,0xB0,0x64,0x12,0xFF,0xB0,0x64,0x12,0xFF,0xB0,0x64,0x12,0xFF,0xB0,0x64,0x12,0xFF,0xB0,0x64,0x12,0xFF,0xB0,0x64,0x12,0xFF,0xB0,0x64,0x12,0xFF,0xB0,0x64,0x12,0xFF,0xB0,0x64,0x12,0xFF,0xB0,0x64,0x12,0xFF,0xB0,0x64,0x12,0xFF,0xB0,0x64,0x12,0xFF,0xB0,0x64,0x12,0xFF,
    0xB0,0x64,0x12,0xFF,0xB0,0x64,0x12,0xFF,0xB0,0x64,0x12,0xFF,0xB0,0x64,0x12,0xFF,0xB0,0x64,0x12,0xFF,0xB0,0x64,0x12,0xFF,0xB0,0x64,0x12,0xFF,0xB0,0x64,0x12,0xFF,0xB0,0x64,0x12,0xFF,0xB0,0x64,0x12,0xFF,0xB0,0x64,0x12,0xFF,0xB0,0x64,0x12,0xFF,0xB0,0x64,0x12,0xFF,0xB0,0x64,0x12,0xFF,0xB0,0x64,0x12,0xFF,0xB0,0x64,0x12,0xFF,
    0xB0,0x64,0x12,0xFF,0xB0,0x64,0x12,0xFF,0xB0,0x64,0x12,0xFF,0xB0,0x64,0x12,0xFF,0xB0,0x64,0x12,0xFF,0xB0,0x64,0x12,0xFF,0xB0,0x64,0x12,0xFF,0xB0,0x64,0x12,0xFF,0xB0,0x64,0x12,0xFF,0xB0,0x64,0x12,0xFF,0xB0,0x64,0x12,0xFF,0xB0,0x64,0x12,0xFF,0xB0,0x64,0x12,0xFF,0xB0,0x64,0x12,0xFF,0xB0,0x64,0x12,0xFF,0xB0,0x64,0x12,0xFF,
    0xB0,0x64,0x12,0xFF,0xB0,0x64,0x12,0xFF,0xB0,0x64,0x12,0xFF,0xB0,0x64,0x12,0xFF,0xB0,0x64,0x12,0xFF,0xB0,0x64,0x12,0xFF,0xD5,0xAD,0x81,0xFF,0xF4,0xEA,0xDE,0xB2,0xF7,0xEF,0xE7,0xF2,0xBD,0x7E,0x3A,0xFF,0xB0,0x64,0x12,0xFF,0xB0,0x64,0x12,0xFF,0xB0,0x64,0x12,0xFF,0xB0,0x64,0x12,0xFF,0xB0,0x64,0x12,0xFF,0xB0,0x64,0x12,0xFF,
    0xB0,0x64,0x12,0xFF,0xB0,0x64,0x12,0xFF,0xB0,0x64,0x12,0xFF,0xB0,0x64,0x12,0xFF,0xB0,0x64,0x12,0xFF,0xB0,0x64,0x12,0xFF,0xB0,0x64,0x12,0xFF,0xB0,0x64,0x12,0xFF,0xB0,0x64,0x12,0xFF,0xB0,0x64,0x12,0xFF,0xB0,0x64,0x12,0xFF,0xB0,0x64,0x12,0xFF,0xB0,0x64,0x12,0xFF,0xB0,0x64,0x12,0xFF,0xB0,0x64,0x12,0xFF,0xB0,0x64,0x12,0xFF,
    0xB0,0x64,0x12,0xFF,0xB0,0x64,0x12,0xFF,0xB0,0x64,0x12,0xFF,0xB0,0x64,0x12,0xFF,0xB0,0x64,0x12,0xFF,0xB0,0x64,0x12,0xFF,0xB0,0x64,0x12,0xFF,0xB0,0x64,0x12,0xFF,0xB0,0x64,0x12,0xFF,0xB0,0x64,0x12,0xFF,0xB0,0x64,0x12,0xFF,0xB0,0x64,0x12,0xFF,0xB0,0x64,0x12,0xFF,0xB0,0x64,0x12,0xFF,0xB0,0x64,0x12,0xFF,0xB0,0x64,0x12,0xFF,
    0xB0,0x64,0x12,0xFF,0xB0,0x64,0x12,0xFF,0xB0,0x64,0x12,0xFF,0xB0,0x64,0x12,0xFF,0xB0,0x64,0x12,0xFF,0xB0,0x64,0x12,0xFF,0xB0,0x64,0x12,0xFF,0xB0,0x64,0x12,0xFF,0xB0,0x64,0x12,0xFF,0xB0,0x64,0x12,0xFF,0xB0,0x64,0x12,0xFF,0xB0,0x64,0x12,0xFF,0xB0,0x64,0x12,0xFF,0xB0,0x64,0x12,0xFF,0xB0,0x64,0x12,0xFF,0xB0,0x64,0x12,0xFF,
    0xB0,0x64,0x12,0xFF,0xB0,0x64,0x12,0xFF,0xB0,0x64,0x12,0xFF,0xB0,0x64,0x12,0xFF,0xB0,0x64,0x12,0xFF,0xB0,0x64,0x12,0xFF,0xB0,0x64,0x12,0xFF,0xB0,0x64,0x12,0xFF,0xB0,0x64,0x12,0xFF,0xB0,0x64,0x12,0xFF,0xB0,0x64,0x12,0xFF,0xB0,0x64,0x12,0xFF,0xB0,0x64,0x12,0xFF,0xB0,0x64,0x12,0xFF,0xB0,0x64,0x12,0xFF,0xB0,0x64,0x12,0xFF,
    0xB0,0x64,0x12,0xFF,0xB0,0x64,0x12,0xFF,0xB0,0x64,0x12,0xFF,0xB0,0x64,0x12,0xFF,0xB0,0x64,0x12,0xFF,0xB0,0x64,0x12,0xFF,0xB0,0x64,0x12,0xFF,0xB0,0x64,0x12,0xFF,0xB0,0x64,0x12,0xFF,0xB0,0x64,0x12,0xFF,0xB0,0x64,0x12,0xFF,0xB0,0x64,0x12,0xFF,0xB0,0x64,0x12,0xFF,0xB0,0x64,0x12,0xFF,0xB0,0x64,0x12,0xFF,0xB0,0x64,0x12,0xFF,
    0xB0,0x64,0x12,0xFF,0xB0,0x64,0x12,0xFF,0xB0,0x64,0x12,0xFF,0xB0,0x64,0x12,0xFF,0xB0,0x64,0x12,0xFF,0xB0,0x64,0x12,0xFF,0xB0,0x64,0x12,0xFF,0xB0,0x64,0x12,0xFF,0xB0,0x64,0x12,0xFF,0xB0,0x64,0x12,0xFF,0xB0,0x64,0x12,0xFF,0xB0,0x64,0x12,0xFF,0xB0,0x64,0x12,0xFF,0xB0,0x64,0x12,0xFF,0xB0,0x64,0x12,0xFF,0xB0,0x64,0x12,0xFF,
    0xB0,0x64,0x12,0xFF,0xB0,0x64,0x12,0xFF,0xB0,0x64,0x12,0xFF,0xB0,0x64,0x12,0xFF,0xB0,0x64,0x12,0xFF,0xB0,0x64,0x12,0xFF,0xB0,0x64,0x12,0xFF,0xB0,0x64,0x12,0xFF,0xB0,0x64,0x12,0xFF,0xB0,0x64,0x12,0xFF,0xB0,0x64,0x12,0xFF,0xB0,0x64,0x12,0xFF,0xB0,0x64,0x12,0xFF,0xB0,0x64,0x12,0xFF,0xB0,0x64,0x12,0xFF,0xB0,0x64,0x12,0xFF,
    0xB0,0x64,0x12,0xFF,0xB0,0x64,0x12,0xFF,0xB0,0x64,0x12,0xFF,0xB0,0x64,0x12,0xFF,0xB0,0x64,0x12,0xFF,0xB0,0x64,0x12,0xFF,0xB0,0x64,0x12,0xFF,0xB0,0x64,0x12,0xFF,0xB0,0x64,0x12,0xFF,0xB0,0x64,0x12,0xFF,0xB0,0x64,0x12,0xFF,0xB0,0x64,0x12,0xFF,0xB0,0x64,0x12,0xFF,0xB0,0x64,0x12,0xFF,0xB0,0x64,0x12,0xFF,0xB0,0x64,0x12,0xFF,
    0xB0,0x64,0x12,0xFF,0xB0,0x64,0x12,0xFF,0xB0,0x64,0x12,0xFF,0xB0,0x64,0x12,0xFF,0xB0,0x64,0x12,0xFF,0xB0,0x64,0x12,0xFF,0xB0,0x64,0x12,0xFF,0xB0,0x64,0x12,0xFF,0xB0,0x64,0x12,0xFF,0xB0,0x64,0x12,0xFF,0xB0,0x64,0x12,0xFF,0xB0,0x64,0x12,0xFF,0xB0,0x64,0x12,0xFF,0xB0,0x64,0x12,0xFF,0xB0,0x64,0x12,0xFF,0xB0,0x64,0x12,0xFF,
    0xB0,0x64,0x12,0xFF,0xB0,0x64,0x12,0xFF,0xB0,0x64,0x12,0xFF,0xB0,0x64,0x12,0xFF,0xB0,0x64,0x12,0xFF,0xB0,0x64,0x12,0xFF,0xB0,0x64,0x12,0xFF,0xB0,0x64,0x12,0xFF,0xB0,0x64,0x12,0xFF,0xB0,0x64,0x12,0xFF,0xB0,0x64,0x12,0xFF,0xB0,0x64,0x12,0xFF,0xB0,0x64,0x12,0xFF,0xB0,0x64,0x12,0xFF,0xB0,0x64,0x12,0xFF,0xB0,0x64,0x12,0xFF,
    0xB0,0x64,0x12,0xFF,0xB0,0x64,0x12,0xFF,0xB0,0x64,0x12,0xFF,0xB0,0x64,0x12,0xFF,0xB0,0x64,0x12,0xFF,0xB0,0x64,0x12,0xFF,0xB0,0x64,0x12,0xFF,0xB0,0x64,0x12,0xFF,0xB0,0x64,0x12,0xFF,0xB0,0x64,0x12,0xFF,0xBD,0x7E,0x3A,0xFF,0xF7,0xEF,0xE7,0xF2,0xFD,0xFC,0xFA,0xFF,0xB1,0x67,0x17,0xFF,0xB0,0x64,0x12,0xFF,0xB0,0x64,0x12,0xFF,
    0xB0,0x64,0x12,0xFF,0xB0,0x64,0x12,0xFF,0xB0,0x64,0x12,0xFF,0xB0,0x64,0x12,0xFF,0xB0,0x64,0x12,0xFF,0xB0,0x64,0x12,0xFF,0xB0,0x64,0x12,0xFF,0xB0,0x64,0x12,0xFF,0xB0,0x64,0x12,0xFF,0xB0,0x64,0x12,0xFF,0xB0,0x64,0x12,0xFF,0xB0,0x64,0x12,0xFF,0xB0,0x64,0x12,0xFF,0xB0,0x64,0x12,0xFF,0xB0,0x64,0x12,0xFF,0xB0,0x64,0x12,0xFF,
    0xB0,0x64,0x12,0xFF,0xB0,0x64,0x12,0xFF,0xB0,0x64,0x12,0xFF,0xB0,0x64,0x12,0xFF,0xB0,0x64,0x12,0xFF,0xB0,0x64,0x12,0xFF,0xB0,0x64,0x12,0xFF,0xB0,0x64,0x12,0xFF,0xB0,0x64,0x12,0xFF,0xB0,0x64,0x12,0xFF,0xB0,0x64,0x12,0xFF,0xB0,0x64,0x12,0xFF,0xB0,0x64,0x12,0xFF,0xB0,0x64,0x12,0xFF,0xB0,0x64,0x12,0xFF,0xB0,0x64,0x12,0xFF,
    0xB0,0x64,0x12,0xFF,0xB0,0x64,0x12,0xFF,0xB0,0x64,0x12,0xFF,0xB0,0x64,0x12,0xFF,0xB0,0x64,0x12,0xFF,0xB0,0x64,0x12,0xFF,0xB0,0x64,0x12,0xFF,0xB0,0x64,0x12,0xFF,0xB0,0x64,0x12,0xFF,0xB0,0x64,0x12,0xFF,0xB0,0x64,0x12,0xFF,0xB0,0x64,0x12,0xFF,0xB0,0x64,0x12,0xFF,0xB0,0x64,0x12,0xFF,0xB0,0x64,0x12,0xFF,0xB0,0x64,0x12,0xFF,
    0xB0,0x64,0x12,0xFF,0xB0,0x64,0x12,0xFF,0xB0,0x64,0x12,0xFF,0xB0,0x64,0x12,0xFF,0xB0,0x64,0x12,0xFF,0xB0,0x64,0x12,0xFF,0xB0,0x64,0x12,0xFF,0xB0,0x64,0x12,0xFF,0xB0,0x64,0x12,0xFF,0xB0,0x64,0x12,0xFF,0xB0,0x64,0x12,0xFF,0xB0,0x64,0x12,0xFF,0xB0,0x64,0x12,0xFF,0xB0,0x64,0x12,0xFF,0xB0,0x64,0x12,0xFF,0xB0,0x64,0x12,0xFF,
    0xB0,0x64,0x12,0xFF,0xB0,0x64,0x12,0xFF,0xB0,0x64,0x12,0xFF,0xB0,0x64,0x12,0xFF,0xB0,0x64,0x12,0xFF,0xB0,0x64,0x12,0xFF,0xB0,0x64,0x12,0xFF,0xB0,0x64,0x12,0xFF,0xB0,0x64,0x12,0xFF,0xB0,0x64,0x12,0xFF,0xB0,0x64,0x12,0xFF,0xB0,0x64,0x12,0xFF,0xB0,0x64,0x12,0xFF,0xB0,0x64,0x12,0xFF,0xB0,0x64,0x12,0xFF,0xB0,0x64,0x12,0xFF,
    0xB0,0x64,0x12,0xFF,0xB0,0x64,0x12,0xFF,0xB0,0x64,0x12,0xFF,0xB0,0x64,0x12,0xFF,0xB0,0x64,0x12,0xFF,0xB0,0x64,0x12,0xFF,0xB0,0x64,0x12,0xFF,0xB0,0x64,0x12,0xFF,0xB0,0x64,0x12,0xFF,0xB0,0x64,0x12,0xFF,0xB0,0x64,0x12,0xFF,0xB0,0x64,0x12,0xFF,0xB0,0x64,0x12,0xFF,0xB0,0x64,0x12,0xFF,0xB0,0x64,0x12,0xFF,0xB0,0x64,0x12,0xFF,
    0xB0,0x64,0x12,0xFF,0xB0,0x64,0x12,0xFF,0xB0,0x64,0x12,0xFF,0xB0,0x64,0x12,0xFF,0xB0,0x64,0x12,0xFF,0xB0,0x64,0x12,0xFF,0xB0,0x64,0x12,0xFF,0xB0,0x64,0x12,0xFF,0xB0,0x64,0x12,0xFF,0xB0,0x64,0x12,0xFF,0xB0,0x64,0x12,0xFF,0xB0,0x64,0x12,0xFF,0xB0,0x64,0x12,0xFF,0xB0,0x64,0x12,0xFF,0xB0,0x64,0x12,0xFF,0xB0,0x64,0x12,0xFF,
    0xB0,0x64,0x12,0xFF,0xB0,0x64,0x12,0xFF,0xB0,0x64,0x12,0xFF,0xB0,0x64,0x12,0xFF,0xB0,0x64,0x12,0xFF,0xB0,0x64,0x12,0xFF,0xB0,0x64,0x12,0xFF,0xB0,0x64,0x12,0xFF,0xB0,0x64,0x12,0xFF,0xB0,0x64,0x12,0xFF,0xB0,0x64,0x12,0xFF,0xB0,0x64,0x12,0xFF,0xB0,0x64,0x12,0xFF,0xB0,0x64,0x12,0xFF,0xB0,0x64,0x12,0xFF,0xB0,0x64,0x12,0xFF,
    0xB0,0x64,0x12,0xFF,0xB0,0x64,0x12,0xFF,0xB0,0x64,0x12,0xFF,0xB0,0x64,0x12,0xFF,0xB0,0x64,0x12,0xFF,0xB0,0x64,0x12,0xFF,0xB0,0x64,0x12,0xFF,0xB0,0x64,0x12,0xFF,0xB0,0x64,0x12,0xFF,0xB0,0x64,0x12,0xFF,0xB0,0x64,0x12,0xFF,0xB0,0x64,0x12,0xFF,0xB0,0x64,0x12,0xFF,0xB0,0x64,0x12,0xFF,0xB0,0x64,0x12,0xFF,0xB0,0x64,0x12,0xFF,
    0xB0,0x64,0x12,0xFF,0xB0,0x64,0x12,0xFF,0xB0,0x64,0x12,0xFF,0xB0,0x64,0x12,0xFF,0xB0,0x64,0x12,0xFF,0xB0,0x64,0x12,0xFF,0xB0,0x64,0x12,0xFF,0xB0,0x64,0x12,0xFF,0xB0,0x64,0x12,0xFF,0xB0,0x64,0x12,0xFF,0xB0,0x64,0x12,0xFF,0xB0,0x64,0x12,0xFF,0xB0,0x64,0x12,0xFF,0xB0,0x64,0x12,0xFF,0xB0,0x64,0x12,0xFF,0xB0,0x64,0x12,0xFF,
    0xB0,0x64,0x12,0xFF,0xB0,0x64,0x12,0xFF,0xB0,0x64,0x12,0xFF,0xB0,0x64,0x12,0xFF,0xB0,0x64,0x12,0xFF,0xB0,0x64,0x12,0xFF,0xB0,0x64,0x12,0xFF,0xB0,0x64,0x12,0xFF,0xB0,0x64,0x12,0xFF,0xB0,0x64,0x12,0xFF,0xB0,0x64,0x12,0xFF,0xB0,0x64,0x12,0xFF,0xB0,0x64,0x12,0xFF,0xB0,0x64,0x12,0xFF,0xB1,0x67,0x17,0xFF,0xFD,0xFC,0xFA,0xFF,
    0xFE,0xFE,0xFE,0xFF,0xB0,0x64,0x12,0xFF,0xB0,0x64,0x12,0xFF,0xB0,0x64,0x12,0xFF,0xB0,0x64,0x12,0xFF,0xB0,0x64,0x12,0xFF,0xB0,0x64,0x12,0xFF,0xB0,0x64,0x12,0xFF,0xB0,0x64,0x12,0xFF,0xB0,0x64,0x12,0xFF,0xB0,0x64,0x12,0xFF,0xB0,0x64,0x12,0xFF,0xB0,0x64,0x12,0xFF,0xB0,0x64,0x12,0xFF,0xB0,0x64,0x12,0xFF,0xB0,0x64,0x12,0xFF,
    0xB0,0x64,0x12,0xFF,0xB0,0x64,0x12,0xFF,0xB0,0x64,0x12,0xFF,0xB0,0x64,0x12,0xFF,0xB0,0x64,0x12,0xFF,0xB0,0x64,0x12,0xFF,0xB0,0x64,0x12,0xFF,0xB0,0x64,0x12,0xFF,0xB0,0x64,0x12,0xFF,0xB0,0x64,0x12,0xFF,0xB0,0x64,0x12,0xFF,0xB0,0x64,0x12,0xFF,0xB0,0x64,0x12,0xFF,0xB0,0x64,0x12,0xFF,0xB0,0x64,0x12,0xFF,0xB0,0x64,0x12,0xFF,
    0xB0,0x64,0x12,0xFF,0xB0,0x64,0x12,0xFF,0xB0,0x64,0x12,0xFF,0xB0,0x64,0x12,0xFF,0xB0,0x64,0x12,0xFF,0xB0,0x64,0x12,0xFF,0xB0,0x64,0x12,0xFF,0xB0,0x64,0x12,0xFF,0xB0,0x64,0x12,0xFF,0xB0,0x64,0x12,0xFF,0xB0,0x64,0x12,0xFF,0xB0,0x64,0x12,0xFF,0xB0,0x64,0x12,0xFF,0xB0,0x64,0x12,0xFF,0xB0,0x64,0x12,0xFF,0xB0,0x64,0x12,0xFF,
    0xB0,0x64,0x12,0xFF,0xB0,0x64,0x12,0xFF,0xB0,0x64,0x12,0xFF,0xB0,0x64,0x12,0xFF,0xB0,0x64,0x12,0xFF,0xB0,0x64,0x12,0xFF,0xB0,0x64,0x12,0xFF,0xB0,0x64,0x12,0xFF,0xB0,0x64,0x12,0xFF,0xB0,0x64,0x12,0xFF,0xB0,0x64,0x12,0xFF,0xB0,0x64,0x12,0xFF,0xB0,0x64,0x12,0xFF,0xB0,0x64,0x12,0xFF,0xB0,0x64,0x12,0xFF,0xB0,0x64,0x12,0xFF,
    0xB0,0x64,0x12,0xFF,0xB0,0x64,0x12,0xFF,0xB0,0x64,0x12,0xFF,0xB0,0x64,0x12,0xFF,0xB0,0x64,0x12,0xFF,0xB0,0x64,0x12,0xFF,0xB0,0x64,0x12,0xFF,0xB0,0x64,0x12,0xFF,0xB0,0x64,0x12,0xFF,0xB0,0x64,0x12,0xFF,0xB0,0x64,0x12,0xFF,0xB0,0x64,0x12,0xFF,0xB0,0x64,0x12,0xFF,0xB0,0x64,0x12,0xFF,0xB0,0x64,0x12,0xFF,0xB0,0x64,0x12,0xFF,
    0xB0,0x64,0x12,0xFF,0xB0,0x64,0x12,0xFF,0xB0,0x64,0x12,0xFF,0xB0,0x64,0x12,0xFF,0xB0,0x64,0x12,0xFF,0xB0,0x64,0x12,0xFF,0xB0,0x64,0x12,0xFF,0xB0,0x64,0x12,0xFF,0xB0,0x64,0x12,0xFF,0xB0,0x64,0x12,0xFF,0xB0,0x64,0x12,0xFF,0xB0,0x64,0x12,0xFF,0xB0,0x64,0x12,0xFF,0xB0,0x64,0x12,0xFF,0xB0,0x64,0x12,0xFF,0xB0,0x64,0x12,0xFF,
    0xB0,0x64,0x12,0xFF,0xB0,0x64,0x12,0xFF,0xB0,0x64,0x12,0xFF,0xB0,0x64,0x12,0xFF,0xB0,0x64,0x12,0xFF,0xB0,0x64,0x12,0xFF,0xB0,0x64,0x12,0xFF,0xB0,0x64,0x12,0xFF,0xB0,0x64,0x12,0xFF,0xB0,0x64,0x12,0xFF,0xB0,0x64,0x12,0xFF,0xB0,0x64,0x12,0xFF,0xB0,0x64,0x12,0xFF,0xB0,0x64,0x12,0xFF,0xB0,0x64,0x12,0xFF,0xB0,0x64,0x12,0xFF,
    0xB0,0x64,0x12,0xFF,0xB0,0x64,0x12,0xFF,0xB0,0x64,0x12,0xFF,0xB0,0x64,0x12,0xFF,0xB0,0x64,0x12,0xFF,0xB0,0x64,0x12,0xFF,0xB0,0x64,0x12,0xFF,0xB0,0x64,0x12,0xFF,0xB0,0x64,0x12,0xFF,0xB0,0x64,0x12,0xFF,0xB0,0x64,0x12,0xFF,0xB0,0x64,0x12,0xFF,0xB0,0x64,0x12,0xFF,0xB0,0x64,0x12,0xFF,0xB0,0x64,0x12,0xFF,0xB0,0x64,0x12,0xFF,
    0xB0,0x64,0x12,0xFF,0xB0,0x64,0x12,0xFF,0xB0,0x64,0x12,0xFF,0xB0,0x64,0x12,0xFF,0xB0,0x64,0x12,0xFF,0xB0,0x64,0x12,0xFF,0xB0,0x64,0x12,0xFF,0xB0,0x64,0x12,0xFF,0xB0,0x64,0x12,0xFF,0xB0,0x64,0x12,0xFF,0xB0,0x64,0x12,0xFF,0xB0,0x64,0x12,0xFF,0xB0,0x64,0x12,0xFF,0xB0,0x64,0x12,0xFF,0xB0,0x64,0x12,0xFF,0xB0,0x64,0x12,0xFF,
    0xB0,0x64,0x12,0xFF,0xB0,0x64,0x12,0xFF,0xB0,0x64,0x12,0xFF,0xB0,0x64,0x12,0xFF,0xB0,0x64,0x12,0xFF,0xB0,0x64,0x12,0xFF,0xB0,0x64,0x12,0xFF,0xB0,0x64,0x12,0xFF,0xB0,0x64,0x12,0xFF,0xB0,0x64,0x12,0xFF,0xB0,0x64,0x12,0xFF,0xB0,0x64,0x12,0xFF,0xB0,0x64,0x12,0xFF,0xB0,0x64,0x12,0xFF,0xB0,0x64,0x12,0xFF,0xB0,0x64,0x12,0xFF,
    0xB0,0x64,0x12,0xFF,0xB0,0x64,0x12,0xFF,0xB0,0x64,0x12,0xFF,0xB0,0x64,0x12,0xFF,0xB0,0x64,0x12,0xFF,0xB0,0x64,0x12,0xFF,0xB0,0x64,0x12,0xFF,0xB0,0x64,0x12,0xFF,0xB0,0x64,0x12,0xFF,0xB0,0x64,0x12,0xFF,0xB0,0x64,0x12,0xFF,0xB0,0x64,0x12,0xFF,0xB0,0x64,0x12,0xFF,0xB0,0x64,0x12,0xFF,0xB0,0x64,0x12,0xFF,0xB0,0x64,0x12,0xFF,
    0xB0,0x64,0x12,0xFF,0xB0,0x64,0x12,0xFF,0xB0,0x64,0x12,0xFF,0xFE,0xFE,0xFE,0xFF,0xFE,0xFE,0xFE,0xFF,0xB0,0x64,0x12,0xFF,0xB0,0x64,0x12,0xFF,0xB0,0x64,0x12,0xFF,0xB0,0x64,0x12,0xFF,0xB0,0x64,0x12,0xFF,0xB0,0x64,0x12,0xFF,0xB0,0x64,0x12,0xFF,0xB0,0x64,0x12,0xFF,0xB0,0x64,0x12,0xFF,0xB0,0x64,0x12,0xFF,0xB0,0x64,0x12,0xFF,
    0xB0,0x64,0x12,0xFF,0xB0,0x64,0x12,0xFF,0xB0,0x64,0x12,0xFF,0xB0,0x64,0x12,0xFF,0xB0,0x64,0x12,0xFF,0xB0,0x64,0x12,0xFF,0xB0,0x64,0x12,0xFF,0xB0,0x64,0x12,0xFF,0xB0,0x64,0x12,0xFF,0xB0,0x64,0x12,0xFF,0xB0,0x64,0x12,0xFF,0xB0,0x64,0x12,0xFF,0xB0,0x64,0x12,0xFF,0xB0,0x64,0x12,0xFF,0xB0,0x64,0x12,0xFF,0xB0,0x64,0x12,0xFF,
    0xB0,0x64,0x12,0xFF,0xB0,0x64,0x12,0xFF,0xB0,0x64,0x12,0xFF,0xB0,0x64,0x12,0xFF,0xB0,0x64,0x12,0xFF,0xB0,0x64,0x12,0xFF,0xB0,0x64,0x12,0xFF,0xB0,0x64,0x12,0xFF,0xB0,0x64,0x12,0xFF,0xB0,0x64,0x12,0xFF,0xB0,0x64,0x12,0xFF,0xB0,0x64,0x12,0xFF,0xB0,0x64,0x12,0xFF,0xB0,0x64,0x12,0xFF,0xB0,0x64,0x12,0xFF,0xB0,0x64,0x12,0xFF,
    0xB0,0x64,0x12,0xFF,0xB0,0x64,0x12,0xFF,0xB0,0x64,0x12,0xFF,0xB0,0x64,0x12,0xFF,0xB0,0x64,0x12,0xFF,0xB0,0x64,0x12,0xFF,0xB0,0x64,0x12,0xFF,0xB0,0x64,0x12,0xFF,0xB0,0x64,0x12,0xFF,0xB0,0x64,0x12,0xFF,0xB0,0x64,0x12,0xFF,0xB0,0x64,0x12,0xFF,0xB0,0x64,0x12,0xFF,0xB0,0x64,0x12,0xFF,0xB0,0x64,0x12,0xFF,0xB0,0x64,0x12,0xFF,
    0xB0,0x64,0x12,0xFF,0xB0,0x64,0x12,0xFF,0xB0,0x64,0x12,0xFF,0xB0,0x64,0x12,0xFF,0xB0,0x64,0x12,0xFF,0xB0,0x64,0x12,0xFF,0xB0,0x64,0x12,0xFF,0xB0,0x64,0x12,0xFF,0xB0,0x64,0x12,0xFF,0xB0,0x64,0x12,0xFF,0xB0,0x64,0x12,0xFF,0xB0,0x64,0x12,0xFF,0xB0,0x64,0x12,0xFF,0xB0,0x64,0x12,0xFF,0xB0,0x64,0x12,0xFF,0xB0,0x64,0x12,0xFF,
    0xB0,0x64,0x12,0xFF,0xB0,0x64,0x12,0xFF,0xB0,0x64,0x12,0xFF,0xB0,0x64,0x12,0xFF,0xB0,0x64,0x12,0xFF,0xB0,0x64,0x12,0xFF,0xB0,0x64,0x12,0xFF,0xB0,0x64,0x12,0xFF,0xB0,0x64,0x12,0xFF,0xB0,0x64,0x12,0xFF,0xB0,0x64,0x12,0xFF,0xB0,0x64,0x12,0xFF,0xB0,0x64,0x12,0xFF,0xB0,0x64,0x12,0xFF,0xB0,0x64,0x12,0xFF,0xB0,0x64,0x12,0xFF,
    0xB0,0x64,0x12,0xFF,0xB0,0x64,0x12,0xFF,0xB0,0x64,0x12,0xFF,0xB0,0x64,0x12,0xFF,0xB0,0x64,0x12,0xFF,0xB0,0x64,0x12,0xFF,0xB0,0x64,0x12,0xFF,0xB0,0x64,0x12,0xFF,0xB0,0x64,0x12,0xFF,0xB0,0x64,0x12,0xFF,0xB0,0x64,0x12,0xFF,0xB0,0x64,0x12,0xFF,0xB0,0x64,0x12,0xFF,0xB0,0x64,0x12,0xFF,0xB0,0x64,0x12,0xFF,0xB0,0x64,0x12,0xFF,
    0xB0,0x64,0x12,0xFF,0xB0,0x64,0x12,0xFF,0xB0,0x64,0x12,0xFF,0xB0,0x64,0x12,0xFF,0xB0,0x64,0x12,0xFF,0xB0,0x64,0x12,0xFF,0xB0,0x64,0x12,0xFF,0xB0,0x64,0x12,0xFF,0xB0,0x64,0x12,0xFF,0xB0,0x64,0x12,0xFF,0xB0,0x64,0x12,0xFF,0xB0,0x64,0x12,0xFF,0xB0,0x64,0x12,0xFF,0xB0,0x64,0x12,0xFF,0xB0,0x64,0x12,0xFF,0xB0,0x64,0x12,0xFF,
    0xB0,0x64,0x12,0xFF,0xB0,0x64,0x12,0xFF,0xB0,0x64,0x12,0xFF,0xB0,0x64,0x12,0xFF,0xB0,0x64,0x12,0xFF,0xB0,0x64,0x12,0xFF,0xB0,0x64,0x12,0xFF,0xB0,0x64,0x12,0xFF,0xB0,0x64,0x12,0xFF,0xB0,0x64,0x12,0xFF,0xB0,0x64,0x12,0xFF,0xB0,0x64,0x12,0xFF,0xB0,0x64,0x12,0xFF,0xB0,0x64,0x12,0xFF,0xB0,0x64,0x12,0xFF,0xB0,0x64,0x12,0xFF,
    0xB0,0x64,0x12,0xFF,0xB0,0x64,0x12,0xFF,0xB0,0x64,0x12,0xFF,0xB0,0x64,0x12,0xFF,0xB0,0x64,0x12,0xFF,0xB0,0x64,0x12,0xFF,0xB0,0x64,0x12,0xFF,0xB0,0x64,0x12,0xFF,0xB0,0x64,0x12,0xFF,0xB0,0x64,0x12,0xFF,0xB0,0x64,0x12,0xFF,0xB0,0x64,0x12,0xFF,0xB0,0x64,0x12,0xFF,0xB0,0x64,0x12,0xFF,0xB0,0x64,0x12,0xFF,0xB0,0x64,0x12,0xFF,
    0xB0,0x64,0x12,0xFF,0xB0,0x64,0x12,0xFF,0xB0,0x64,0x12,0xFF,0xB0,0x64,0x12,0xFF,0xB0,0x64,0x12,0xFF,0xB0,0x64,0x12,0xFF,0xB0,0x64,0x12,0xFF,0xB0,0x64,0x12,0xFF,0xB0,0x64,0x12,0xFF,0xB0,0x64,0x12,0xFF,0xB0,0x64,0x12,0xFF,0xB0,0x64,0x12,0xFF,0xB0,0x64,0x12,0xFF,0xB0,0x64,0x12,0xFF,0xB0,0x64,0x12,0xFF,0xB0,0x64,0x12,0xFF,
    0xB0,0x64,0x12,0xFF,0xB0,0x64,0x12,0xFF,0xB0,0x64,0x12,0xFF,0xB0,0x64,0x12,0xFF,0xB0,0x64,0x12,0xFF,0xB0,0x64,0x12,0xFF,0xB0,0x64,0x12,0xFF,0xFE,0xFE,0xFE,0xFF,0xFE,0xFE,0xFE,0xFF,0xB0,0x64,0x12,0xFF,0xB0,0x64,0x12,0xFF,0xB0,0x64,0x12,0xFF,0xB0,0x64,0x12,0xFF,0xB0,0x64,0x12,0xFF,0xB0,0x64,0x12,0xFF,0xB0,0x64,0x12,0xFF,
    0xB0,0x64,0x12,0xFF,0xB0,0x64,0x12,0xFF,0xB0,0x64,0x12,0xFF,0xB0,0x64,0x12,0xFF,0xB0,0x64,0x12,0xFF,0xB0,0x64,0x12,0xFF,0xB0,0x64,0x12,0xFF,0xB0,0x64,0x12,0xFF,0xB0,0x64,0x12,0xFF,0xB0,0x64,0x12,0xFF,0xB0,0x64,0x12,0xFF,0xB0,0x64,0x12,0xFF,0xB0,0x64,0x12,0xFF,0xB0,0x64,0x12,0xFF,0xB0,0x64,0x12,0xFF,0xB0,0x64,0x12,0xFF,
    0xB0,0x64,0x12,0xFF,0xB0,0x64,0x12,0xFF,0xB0,0x64,0x12,0xFF,0xB0,0x64,0x12,0xFF,0xB0,0x64,0x12,0xFF,0xB0,0x64,0x12,0xFF,0xB0,0x64,0x12,0xFF,0xB0,0x64,0x12,0xFF,0xB0,0x64,0x12,0xFF,0xB0,0x64,0x12,0xFF,0xB0,0x64,0x12,0xFF,0xB0,0x64,0x12,0xFF,0xB0,0x64,0x12,0xFF,0xB0,0x64,0x12,0xFF,0xB0,0x64,0x12,0xFF,0xB0,0x64,0x12,0xFF,
    0xB0,0x64,0x12,0xFF,0xB0,0x64,0x12,0xFF,0xB0,0x64,0x12,0xFF,0xB0,0x64,0x12,0xFF,0xB0,0x64,0x12,0xFF,0xB0,0x64,0x12,0xFF,0xB0,0x64,0x12,0xFF,0xB0,0x64,0x12,0xFF,0xB0,0x64,0x12,0xFF,0xB0,0x64,0x12,0xFF,0xB0,0x64,0x12,0xFF,0xB0,0x64,0x12,0xFF,0xB0,0x64,0x12,0xFF,0xB0,0x64,0x12,0xFF,0xB0,0x64,0x12,0xFF,0xB0,0x64,0x12,0xFF,
    0xB0,0x64,0x12,0xFF,0xB0,0x64,0x12,0xFF,0xB0,0x64,0x12,0xFF,0xB0,0x64,0x12,0xFF,0xB0,0x64,0x12,0xFF,0xB0,0x64,0x12,0xFF,0xB0,0x64,0x12,0xFF,0xB0,0x64,0x12,0xFF,0xB0,0x64,0x12,0xFF,0xB0,0x64,0x12,0xFF,0xB0,0x64,0x12,0xFF,0xB0,0x64,0x12,0xFF,0xB0,0x64,0x12,0xFF,0xB0,0x64,0x12,0xFF,0xB0,0x64,0x12,0xFF,0xB0,0x64,0x12,0xFF,
    0xB0,0x64,0x12,0xFF,0xB0,0x64,0x12,0xFF,0xB0,0x64,0x12,0xFF,0xB0,0x64,0x12,0xFF,0xB0,0x64,0x12,0xFF,0xB0,0x64,0x12,0xFF,0xB0,0x64,0x12,0xFF,0xB0,0x64,0x12,0xFF,0xB0,0x64,0x12,0xFF,0xB0,0x64,0x12,0xFF,0xB0,0x64,0x12,0xFF,0xB0,0x64,0x12,0xFF,0xB0,0x64,0x12,0xFF,0xB0,0x64,0x12,0xFF,0xB0,0x64,0x12,0xFF,0xB0,0x64,0x12,0xFF,
    0xB0,0x64,0x12,0xFF,0xB0,0x64,0x12,0xFF,0xB0,0x64,0x12,0xFF,0xB0,0x64,0x12,0xFF,0xB0,0x64,0x12,0xFF,0xB0,0x64,0x12,0xFF,0xB0,0x64,0x12,0xFF,0xB0,0x64,0x12,0xFF,0xB0,0x64,0x12,0xFF,0xB0,0x64,0x12,0xFF,0xB0,0x64,0x12,0xFF,0xB0,0x64,0x12,0xFF,0xB0,0x64,0x12,0xFF,0xB0,0x64,0x12,0xFF,0xB0,0x64,0x12,0xFF,0xB0,0x64,0x12,0xFF,
    0xB0,0x64,0x12,0xFF,0xB0,0x64,0x12,0xFF,0xB0,0x64,0x12,0xFF,0xB0,0x64,0x12,0xFF,0xB0,0x64,0x12,0xFF,0xB0,0x64,0x12,0xFF,0xB0,0x64,0x12,0xFF,0xB0,0x64,0x12,0xFF,0xB0,0x64,0x12,0xFF,0xB0,0x64,0x12,0xFF,0xB0,0x64,0x12,0xFF,0xB0,0x64,0x12,0xFF,0xB0,0x64,0x12,0xFF,0xB0,0x64,0x12,0xFF,0xB0,0x64,0x12,0xFF,0xB0,0x64,0x12,0xFF,
    0xB0,0x64,0x12,0xFF,0xB0,0x64,0x12,0xFF,0xB0,0x64,0x12,0xFF,0xB0,0x64,0x12,0xFF,0xB0,0x64,0x12,0xFF,0xB0,0x64,0x12,0xFF,0xB0,0x64,0x12,0xFF,0xB0,0x64,0x12,0xFF,0xB0,0x64,0x12,0xFF,0xB0,0x64,0x12,0xFF,0xB0,0x64,0x12,0xFF,0xB0,0x64,0x12,0xFF,0xB0,0x64,0x12,0xFF,0xB0,0x64,0x12,0xFF,0xB0,0x64,0x12,0xFF,0xB0,0x64,0x12,0xFF,
    0xB0,0x64,0x12,0xFF,0xB0,0x64,0x12,0xFF,0xB0,0x64,0x12,0xFF,0xB0,0x64,0x12,0xFF,0xB0,0x64,0x12,0xFF,0xB0,0x64,0x12,0xFF,0xB0,0x64,0x12,0xFF,0xB0,0x64,0x12,0xFF,0xB0,0x64,0x12,0xFF,0xB0,0x64,0x12,0xFF,0xB0,0x64,0x12,0xFF,0xB0,0x64,0x12,0xFF,0xB0,0x64,0x12,0xFF,0xB0,0x64,0x12,0xFF,0xB0,0x64,0x12,0xFF,0xB0,0x64,0x12,0xFF,
    0xB0,0x64,0x12,0xFF,0xB0,0x64,0x12,0xFF,0xB0,0x64,0x12,0xFF,0xB0,0x64,0x12,0xFF,0xB0,0x64,0x12,0xFF,0xB0,0x64,0x12,0xFF,0xB0,0x64,0x12,0xFF,0xB0,0x64,0x12,0xFF,0xB0,0x64,0x12,0xFF,0xB0,0x64,0x12,0xFF,0xB0,0x64,0x12,0xFF,0xB0,0x64,0x12,0xFF,0xB0,0x64,0x12,0xFF,0xB0,0x64,0x12,0xFF,0xB0,0x64,0x12,0xFF,0xB0,0x64,0x12,0xFF,
    0xB0,0x64,0x12,0xFF,0xB0,0x64,0x12,0xFF,0xB0,0x64,0x12,0xFF,0xB0,0x64,0x12,0xFF,0xB0,0x64,0x12,0xFF,0xB0,0x64,0x12,0xFF,0xB0,0x64,0x12,0xFF,0xB0,0x64,0x12,0xFF,0xB0,0x64,0x12,0xFF,0xB0,0x64,0x12,0xFF,0xB0,0x64,0x12,0xFF,0xFE,0xFE,0xFE,0xFF,0xFE,0xFE,0xFE,0xFF,0xB0,0x64,0x12,0xFF,0xB0,0x64,0x12,0xFF,0xB0,0x64,0x12,0xFF,
    0xB0,0x64,0x12,0xFF,0xB0,0x64,0x12,0xFF,0xB0,0x64,0x12,0xFF,0xB0,0x64,0x12,0xFF,0xB0,0x64,0x12,0xFF,0xB0,0x64,0x12,0xFF,0xB0,0x64,0x12,0xFF,0xB0,0x64,0x12,0xFF,0xB0,0x64,0x12,0xFF,0xB0,0x64,0x12,0xFF,0xB0,0x64,0x12,0xFF,0xB0,0x64,0x12,0xFF,0xB0,0x64,0x12,0xFF,0xB0,0x64,0x12,0xFF,0xB0,0x64,0x12,0xFF,0xB0,0x64,0x12,0xFF,
    0xB0,0x64,0x12,0xFF,0xB0,0x64,0x12,0xFF,0xB0,0x64,0x12,0xFF,0xB0,0x64,0x12,0xFF,0xB0,0x64,0x12,0xFF,0xB0,0x64,0x12,0xFF,0xB0,0x64,0x12,0xFF,0xB0,0x64,0x12,0xFF,0xB0,0x64,0x12,0xFF,0xB0,0x64,0x12,0xFF,0xB0,0x64,0x12,0xFF,0xB0,0x64,0x12,0xFF,0xB0,0x64,0x12,0xFF,0xB0,0x64,0x12,0xFF,0xB0,0x64,0x12,0xFF,0xB0,0x64,0x12,0xFF,
    0xB0,0x64,0x12,0xFF,0xB0,0x64,0x12,0xFF,0xB0,0x64,0x12,0xFF,0xB0,0x64,0x12,0xFF,0xB0,0x64,0x12,0xFF,0xB0,0x64,0x12,0xFF,0xB0,0x64,0x12,0xFF,0xB0,0x64,0x12,0xFF,0xB0,0x64,0x12,0xFF,0xB0,0x64,0x12,0xFF,0xB0,0x64,0x12,0xFF,0xB0,0x64,0x12,0xFF,0xB0,0x64,0x12,0xFF,0xB0,0x64,0x12,0xFF,0xB0,0x64,0x12,0xFF,0xB0,0x64,0x12,0xFF,
    0xB0,0x64,0x12,0xFF,0xB0,0x64,0x12,0xFF,0xB0,0x64,0x12,0xFF,0xB0,0x64,0x12,0xFF,0xB0,0x64,0x12,0xFF,0xB0,0x64,0x12,0xFF,0xB0,0x64,0x12,0xFF,0xB0,0x64,0x12,0xFF,0xB0,0x64,0x12,0xFF,0xB0,0x64,0x12,0xFF,0xB0,0x64,0x12,0xFF,0xB0,0x64,0x12,0xFF,0xB0,0x64,0x12,0xFF,0xB0,0x64,0x12,0xFF,0xB0,0x64,0x12,0xFF,0xB0,0x64,0x12,0xFF,
    0xB0,0x64,0x12,0xFF,0xB0,0x64,0x12,0xFF,0xB0,0x64,0x12,0xFF,0xB0,0x64,0x12,0xFF,0xB0,0x64,0x12,0xFF,0xB0,0x64,0x12,0xFF,0xB0,0x64,0x12,0xFF,0xB0,0x64,0x12,0xFF,0xB0,0x64,0x12,0xFF,0xB0,0x64,0x12,0xFF,0xB0,0x64,0x12,0xFF,0xB0,0x64,0x12,0xFF,0xB0,0x64,0x12,0xFF,0xB0,0x64,0x12,0xFF,0xB0,0x64,0x12,0xFF,0xB0,0x64,0x12,0xFF,
    0xB0,0x64,0x12,0xFF,0xB0,0x64,0x12,0xFF,0xB0,0x64,0x12,0xFF,0xB0,0x64,0x12,0xFF,0xB0,0x64,0x12,0xFF,0xB0,0x64,0x12,0xFF,0xB0,0x64,0x12,0xFF,0xB0,0x64,0x12,0xFF,0xB0,0x64,0x12,0xFF,0xB0,0x64,0x12,0xFF,0xB0,0x64,0x12,0xFF,0xB0,0x64,0x12,0xFF,0xB0,0x64,0x12,0xFF,0xB0,0x64,0x12,0xFF,0xB0,0x64,0x12,0xFF,0xB0,0x64,0x12,0xFF,
    0xB0,0x64,0x12,0xFF,0xB0,0x64,0x12,0xFF,0xB0,0x64,0x12,0xFF,0xB0,0x64,0x12,0xFF,0xB0,0x64,0x12,0xFF,0xB0,0x64,0x12,0xFF,0xB0,0x64,0x12,0xFF,0xB0,0x64,0x12,0xFF,0xB0,0x64,0x12,0xFF,0xB0,0x64,0x12,0xFF,0xB0,0x64,0x12,0xFF,0xB0,0x64,0x12,0xFF,0xB0,0x64,0x12,0xFF,0xB0,0x64,0x12,0xFF,0xB0,0x64,0x12,0xFF,0xB0,0x64,0x12,0xFF,
    0xB0,0x64,0x12,0xFF,0xB0,0x64,0x12,0xFF,0xB0,0x64,0x12,0xFF,0xB0,0x64,0x12,0xFF,0xB0,0x64,0x12,0xFF,0xB0,0x64,0x12,0xFF,0xB0,0x64,0x12,0xFF,0xB0,0x64,0x12,0xFF,0xB0,0x64,0x12,0xFF,0xB0,0x64,0x12,0xFF,0xB0,0x64,0x12,0xFF,0xB0,0x64,0x12,0xFF,0xB0,0x64,0x12,0xFF,0xB0,0x64,0x12,0xFF,0xB0,0x64,0x12,0xFF,0xB0,0x64,0x12,0xFF,
    0xB0,0x64,0x12,0xFF,0xB0,0x64,0x12,0xFF,0xB0,0x64,0x12,0xFF,0xB0,0x64,0x12,0xFF,0xB0,0x64,0x12,0xFF,0xB0,0x64,0x12,0xFF,0xB0,0x64,0x12,0xFF,0xB0,0x64,0x12,0xFF,0xB0,0x64,0x12,0xFF,0xB0,0x64,0x12,0xFF,0xB0,0x64,0x12,0xFF,0xB0,0x64,0x12,0xFF,0xB0,0x64,0x12,0xFF,0xB0,0x64,0x12,0xFF,0xB0,0x64,0x12,0xFF,0xB0,0x64,0x12,0xFF,
    0xB0,0x64,0x12,0xFF,0xB0,0x64,0x12,0xFF,0xB0,0x64,0x12,0xFF,0xB0,0x64,0x12,0xFF,0xB0,0x64,0x12,0xFF,0xB0,0x64,0x12,0xFF,0xB0,0x64,0x12,0xFF,0xB0,0x64,0x12,0xFF,0xB0,0x64,0x12,0xFF,0xB0,0x64,0x12,0xFF,0xB0,0x64,0x12,0xFF,0xB0,0x64,0x12,0xFF,0xB0,0x64,0x12,0xFF,0xB0,0x64,0x12,0xFF,0xB0,0x64,0x12,0xFF,0xB0,0x64,0x12,0xFF,
    0xB0,0x64,0x12,0xFF,0xB0,0x64,0x12,0xFF,0xB0,0x64,0x12,0xFF,0xB0,0x64,0x12,0xFF,0xB0,0x64,0x12,0xFF,0xB0,0x64,0x12,0xFF,0xB0,0x64,0x12,0xFF,0xB0,0x64,0x12,0xFF,0xB0,0x64,0x12,0xFF,0xB0,0x64,0x12,0xFF,0xB0,0x64,0x12,0xFF,0xB0,0x64,0x12,0xFF,0xB0,0x64,0x12,0xFF,0xB0,0x64,0x12,0xFF,0xB0,0x64,0x12,0xFF,0xFE,0xFE,0xFE,0xFF,
    0xFE,0xFE,0xFE,0xFF,0xB0,0x64,0x12,0xFF,0xB0,0x64,0x12,0xFF,0xB0,0x64,0x12,0xFF,0xB0,0x64,0x12,0xFF,0xB0,0x64,0x12,0xFF,0xB0,0x64,0x12,0xFF,0xB0,0x64,0x12,0xFF,0xB0,0x64,0x12,0xFF,0xB0,0x64,0x12,0xFF,0xB0,0x64,0x12,0xFF,0xB0,0x64,0x12,0xFF,0xB0,0x64,0x12,0xFF,0xB0,0x64,0x12,0xFF,0xB0,0x64,0x12,0xFF,0xB0,0x64,0x12,0xFF,
    0xB0,0x64,0x12,0xFF,0xB0,0x64,0x12,0xFF,0xB0,0x64,0x12,0xFF,0xB0,0x64,0x12,0xFF,0xB0,0x64,0x12,0xFF,0xB0,0x64,0x12,0xFF,0xB0,0x64,0x12,0xFF,0xB0,0x64,0x12,0xFF,0xB0,0x64,0x12,0xFF,0xB0,0x64,0x12,0xFF,0xB0,0x64,0x12,0xFF,0xB0,0x64,0x12,0xFF,0xB0,0x64,0x12,0xFF,0xB0,0x64,0x12,0xFF,0xB0,0x64,0x12,0xFF,0xB0,0x64,0x12,0xFF,
    0xB0,0x64,0x12,0xFF,0xB0,0x64,0x12,0xFF,0xB0,0x64,0x12,0xFF,0xB0,0x64,0x12,0xFF,0xB0,0x64,0x12,0xFF,0xB0,0x64,0x12,0xFF,0xB0,0x64,0x12,0xFF,0xB0,0x64,0x12,0xFF,0xB0,0x64,0x12,0xFF,0xB0,0x64,0x12,0xFF,0xB0,0x64,0x12,0xFF,0xB0,0x64,0x12,0xFF,0xB0,0x64,0x12,0xFF,0xB0,0x64,0x12,0xFF,0xB0,0x64,0x12,0xFF,0xB0,0x64,0x12,0xFF,
    0xB0,0x64,0x12,0xFF,0xB0,0x64,0x12,0xFF,0xB0,0x64,0x12,0xFF,0xB0,0x64,0x12,0xFF,0xB0,0x64,0x12,0xFF,0xB0,0x64,0x12,0xFF,0xB0,0x64,0x12,0xFF,0xB0,0x64,0x12,0xFF,0xB0,0x64,0x12,0xFF,0xB0,0x64,0x12,0xFF,0xB0,0x64,0x12,0xFF,0xB0,0x64,0x12,0xFF,0xB0,0x64,0x12,0xFF,0xB0,0x64,0x12,0xFF,0xB0,0x64,0x12,0xFF,0xB0,0x64,0x12,0xFF,
    0xB0,0x64,0x12,0xFF,0xB0,0x64,0x12,0xFF,0xB0,0x64,0x12,0xFF,0xB0,0x64,0x12,0xFF,0xB0,0x64,0x12,0xFF,0xB0,0x64,0x12,0xFF,0xB0,0x64,0x12,0xFF,0xB0,0x64,0x12,0xFF,0xB0,0x64,0x12,0xFF,0xB0,0x64,0x12,0xFF,0xB0,0x64,0x12,0xFF,0xB0,0x64,0x12,0xFF,0xB0,0x64,0x12,0xFF,0xB0,0x64,0x12,0xFF,0xB0,0x64,0x12,0xFF,0xB0,0x64,0x12,0xFF,
    0xB0,0x64,0x12,0xFF,0xB0,0x64,0x12,0xFF,0xB0,0x64,0x12,0xFF,0xB0,0x64,0x12,0xFF,0xB0,0x64,0x12,0xFF,0xB0,0x64,0x12,0xFF,0xB0,0x64,0x12,0xFF,0xB0,0x64,0x12,0xFF,0xB0,0x64,0x12,0xFF,0xB0,0x64,0x12,0xFF,0xB0,0x64,0x12,0xFF,0xB0,0x64,0x12,0xFF,0xB0,0x64,0x12,0xFF,0xB0,0x64,0x12,0xFF,0xB0,0x64,0x12,0xFF,0xB0,0x64,0x12,0xFF,
    0xB0,0x64,0x12,0xFF,0xB0,0x64,0x12,0xFF,0xB0,0x64,0x12,0xFF,0xB0,0x64,0x12,0xFF,0xB0,0x64,0x12,0xFF,0xB0,0x64,0x12,0xFF,0xB0,0x64,0x12,0xFF,0xB0,0x64,0x12,0xFF,0xB0,0x64,0x12,0xFF,0xB0,0x64,0x12,0xFF,0xB0,0x64,0x12,0xFF,0xB0,0x64,0x12,0xFF,0xB0,0x64,0x12,0xFF,0xB0,0x64,0x12,0xFF,0xB0,0x64,0x12,0xFF,0xB0,0x64,0x12,0xFF,
    0xB0,0x64,0x12,0xFF,0xB0,0x64,0x12,0xFF,0xB0,0x64,0x12,0xFF,0xB0,0x64,0x12,0xFF,0xB0,0x64,0x12,0xFF,0xB0,0x64,0x12,0xFF,0xB0,0x64,0x12,0xFF,0xB0,0x64,0x12,0xFF,0xB0,0x64,0x12,0xFF,0xB0,0x64,0x12,0xFF,0xB0,0x64,0x12,0xFF,0xB0,0x64,0x12,0xFF,0xB0,0x64,0x12,0xFF,0xB0,0x64,0x12,0xFF,0xB0,0x64,0x12,0xFF,0xB0,0x64,0x12,0xFF,
    0xB0,0x64,0x12,0xFF,0xB0,0x64,0x12,0xFF,0xB0,0x64,0x12,0xFF,0xB0,0x64,0x12,0xFF,0xB0,0x64,0x12,0xFF,0xB0,0x64,0x12,0xFF,0xB0,0x64,0x12,0xFF,0xB0,0x64,0x12,0xFF,0xB0,0x64,0x12,0xFF,0xB0,0x64,0x12,0xFF,0xB0,0x64,0x12,0xFF,0xB0,0x64,0x12,0xFF,0xB0,0x64,0x12,0xFF,0xB0,0x64,0x12,0xFF,0xB0,0x64,0x12,0xFF,0xB0,0x64,0x12,0xFF,
    0xB0,0x64,0x12,0xFF,0xB0,0x64,0x12,0xFF,0xB0,0x64,0x12,0xFF,0xB0,0x64,0x12,0xFF,0xB0,0x64,0x12,0xFF,0xB0,0x64,0x12,0xFF,0xB0,0x64,0x12,0xFF,0xB0,0x64,0x12,0xFF,0xB0,0x64,0x12,0xFF,0xB0,0x64,0x12,0xFF,0xB0,0x64,0x12,0xFF,0xB0,0x64,0x12,0xFF,0xB0,0x64,0x12,0xFF,0xB0,0x64,0x12,0xFF,0xB0,0x64,0x12,0xFF,0xB0,0x64,0x12,0xFF,
    0xB0,0x64,0x12,0xFF,0xB0,0x64,0x12,0xFF,0xB0,0x64,0x12,0xFF,0xB0,0x64,0x12,0xFF,0xB0,0x64,0x12,0xFF,0xB0,0x64,0x12,0xFF,0xB0,0x64,0x12,0xFF,0xB0,0x64,0x12,0xFF,0xB0,0x64,0x12,0xFF,0xB0,0x64,0x12,0xFF,0xB0,0x64,0x12,0xFF,0xB0,0x64,0x12,0xFF,0xB0,0x64,0x12,0xFF,0xB0,0x64,0x12,0xFF,0xB0,0x64,0x12,0xFF,0xB0,0x64,0x12,0xFF,
    0xB0,0x64,0x12,0xFF,0xB0,0x64,0x12,0xFF,0xB0,0x64,0x12,0xFF,0xFE,0xFE,0xFE,0xFF,0xFE,0xFE,0xFE,0xFF,0xB0,0x64,0x12,0xFF,0xB0,0x64,0x12,0xFF,0xB0,0x64,0x12,0xFF,0xB0,0x64,0x12,0xFF,0xB0,0x64,0x12,0xFF,0xB0,0x64,0x12,0xFF,0xB0,0x64,0x12,0xFF,0xB0,0x64,0x12,0xFF,0xB0,0x64,0x12,0xFF,0xB0,0x64,0x12,0xFF,0xB0,0x64,0x12,0xFF,
    0xB0,0x64,0x12,0xFF,0xB0,0x64,0x12,0xFF,0xB0,0x64,0x12,0xFF,0xB0,0x64,0x12,0xFF,0xB0,0x64,0x12,0xFF,0xB0,0x64,0x12,0xFF,0xB0,0x64,0x12,0xFF,0xB0,0x64,0x12,0xFF,0xB0,0x64,0x12,0xFF,0xB0,0x64,0x12,0xFF,0xB0,0x64,0x12,0xFF,0xB0,0x64,0x12,0xFF,0xB0,0x64,0x12,0xFF,0xB0,0x64,0x12,0xFF,0xB0,0x64,0x12,0xFF,0xB0,0x64,0x12,0xFF,
    0xB0,0x64,0x12,0xFF,0xB0,0x64,0x12,0xFF,0xB0,0x64,0x12,0xFF,0xB0,0x64,0x12,0xFF,0xB0,0x64,0x12,0xFF,0xB0,0x64,0x12,0xFF,0xB0,0x64,0x12,0xFF,0xB0,0x64,0x12,0xFF,0xB0,0x64,0x12,0xFF,0xB0,0x64,0x12,0xFF,0xB0,0x64,0x12,0xFF,0xB0,0x64,0x12,0xFF,0xB0,0x64,0x12,0xFF,0xB0,0x64,0x12,0xFF,0xB0,0x64,0x12,0xFF,0xB0,0x64,0x12,0xFF,
    0xB0,0x64,0x12,0xFF,0xB0,0x64,0x12,0xFF,0xB0,0x64,0x12,0xFF,0xB0,0x64,0x12,0xFF,0xB0,0x64,0x12,0xFF,0xB0,0x64,0x12,0xFF,0xB0,0x64,0x12,0xFF,0xB0,0x64,0x12,0xFF,0xB0,0x64,0x12,0xFF,0xB0,0x64,0x12,0xFF,0xB0,0x64,0x12,0xFF,0xB0,0x64,0x12,0xFF,0xB0,0x64,0x12,0xFF,0xB0,0x64,0x12,0xFF,0xB0,0x64,0x12,0xFF,0xB0,0x64,0x12,0xFF,
    0xB0,0x64,0x12,0xFF,0xB0,0x64,0x12,0xFF,0xB0,0x64,0x12,0xFF,0xB0,0x64,0x12,0xFF,0xB0,0x64,0x12,0xFF,0xB0,0x64,0x12,0xFF,0xB0,0x64,0x12,0xFF,0xB0,0x64,0x12,0xFF,0xB0,0x64,0x12,0xFF,0xB0,0x64,0x12,0xFF,0xB0,0x64,0x12,0xFF,0xB0,0x64,0x12,0xFF,0xB0,0x64,0x12,0xFF,0xB0,0x64,0x12,0xFF,0xB0,0x64,0x12,0xFF,0xB0,0x64,0x12,0xFF,
    0xB0,0x64,0x12,0xFF,0xB0,0x64,0x12,0xFF,0xB0,0x64,0x12,0xFF,0xB0,0x64,0x12,0xFF,0xB0,0x64,0x12,0xFF,0xB0,0x64,0x12,0xFF,0xB0,0x64,0x12,0xFF,0xB0,0x64,0x12,0xFF,0xB0,0x64,0x12,0xFF,0xB0,0x64,0x12,0xFF,0xB0,0x64,0x12,0xFF,0xB0,0x64,0x12,0xFF,0xB0,0x64,0x12,0xFF,0xB0,0x64,0x12,0xFF,0xB0,0x64,0x12,0xFF,0xB0,0x64,0x12,0xFF,
    0xB0,0x64,0x12,0xFF,0xB0,0x64,0x12,0xFF,0xB0,0x64,0x12,0xFF,0xB0,0x64,0x12,0xFF,0xB0,0x64,0x12,0xFF,0xB0,0x64,0x12,0xFF,0xB0,0x64,0x12,0xFF,0xB0,0x64,0x12,0xFF,0xB0,0x64,0x12,0xFF,0xB0,0x64,0x12,0xFF,0xB0,0x64,0x12,0xFF,0xB0,0x64,0x12,0xFF,0xB0,0x64,0x12,0xFF,0xB0,0x64,0x12,0xFF,0xB0,0x64,0x12,0xFF,0xB0,0x64,0x12,0xFF,
    0xB0,0x64,0x12,0xFF,0xB0,0x64,0x12,0xFF,0xB0,0x64,0x12,0xFF,0xB0,0x64,0x12,0xFF,0xB0,0x64,0x12,0xFF,0xB0,0x64,0x12,0xFF,0xB0,0x64,0x12,0xFF,0xB0,0x64,0x12,0xFF,0xB0,0x64,0x12,0xFF,0xB0,0x64,0x12,0xFF,0xB0,0x64,0x12,0xFF,0xB0,0x64,0x12,0xFF,0xB0,0x64,0x12,0xFF,0xB0,0x64,0x12,0xFF,0xB0,0x64,0x12,0xFF,0xB0,0x64,0x12,0xFF,
    0xB0,0x64,0x12,0xFF,0xB0,0x64,0x12,0xFF,0xB0,0x64,0x12,0xFF,0xB0,0x64,0x12,0xFF,0xB0,0x64,0x12,0xFF,0xB0,0x64,0x12,0xFF,0xB0,0x64,0x12,0xFF,0xB0,0x64,0x12,0xFF,0xB0,0x64,0x12,0xFF,0xB0,0x64,0x12,0xFF,0xB0,0x64,0x12,0xFF,0xB0,0x64,0x12,0xFF,0xB0,0x64,0x12,0xFF,0xB0,0x64,0x12,0xFF,0xB0,0x64,0x12,0xFF,0xB0,0x64,0x12,0xFF,
    0xB0,0x64,0x12,0xFF,0xB0,0x64,0x12,0xFF,0xB0,0x64,0x12,0xFF,0xB0,0x64,0x12,0xFF,0xB0,0x64,0x12,0xFF,0xB0,0x64,0x12,0xFF,0xB0,0x64,0x12,0xFF,0xB0,0x64,0x12,0xFF,0xB0,0x64,0x12,0xFF,0xB0,0x64,0x12,0xFF,0xB0,0x64,0x12,0xFF,0xB0,0x64,0x12,0xFF,0xB0,0x64,0x12,0xFF,0xB0,0x64,0x12,0xFF,0xB0,0x64,0x12,0xFF,0xB0,0x64,0x12,0xFF,
    0xB0,0x64,0x12,0xFF,0xB0,0x64,0x12,0xFF,0xB0,0x64,0x12,0xFF,0xB0,0x64,0x12,0xFF,0xB0,0x64,0x12,0xFF,0xB0,0x64,0x12,0xFF,0xB0,0x64,0x12,0xFF,0xB0,0x64,0x12,0xFF,0xB0,0x64,0x12,0xFF,0xB0,0x64,0x12,0xFF,0xB0,0x64,0x12,0xFF,0xB0,0x64,0x12,0xFF,0xB0,0x64,0x12,0xFF,0xB0,0x64,0x12,0xFF,0xB0,0x64,0x12,0xFF,0xB0,0x64,0x12,0xFF,
    0xB0,0x64,0x12,0xFF,0xB0,0x64,0x12,0xFF,0xB0,0x64,0x12,0xFF,0xB0,0x64,0x12,0xFF,0xB0,0x64,0x12,0xFF,0xB0,0x64,0x12,0xFF,0xB0,0x64,0x12,0xFF,0xFE,0xFE,0xFE,0xFF,0xFE,0xFE,0xFE,0xFF,0xB0,0x64,0x12,0xFF,0xB0,0x64,0x12,0xFF,0xB0,0x64,0x12,0xFF,0xB0,0x64,0x12,0xFF,0xB0,0x64,0x12,0xFF,0xB0,0x64,0x12,0xFF,0xB0,0x64,0x12,0xFF,
    0xB0,0x64,0x12,0xFF,0xB0,0x64,0x12,0xFF,0xB0,0x64,0x12,0xFF,0xB0,0x64,0x12,0xFF,0xB0,0x64,0x12,0xFF,0xB0,0x64,0x12,0xFF,0xB0,0x64,0x12,0xFF,0xB0,0x64,0x12,0xFF,0xB0,0x64,0x12,0xFF,0xB0,0x64,0x12,0xFF,0xB0,0x64,0x12,0xFF,0xB0,0x64,0x12,0xFF,0xB0,0x64,0x12,0xFF,0xB0,0x64,0x12,0xFF,0xB0,0x64,0x12,0xFF,0xB0,0x64,0x12,0xFF,
    0xB0,0x64,0x12,0xFF,0xB0,0x64,0x12,0xFF,0xB0,0x64,0x12,0xFF,0xB0,0x64,0x12,0xFF,0xB0,0x64,0x12,0xFF,0xB0,0x64,0x12,0xFF,0xB0,0x64,0x12,0xFF,0xB0,0x64,0x12,0xFF,0xB0,0x64,0x12,0xFF,0xB0,0x64,0x12,0xFF,0xB0,0x64,0x12,0xFF,0xB0,0x64,0x12,0xFF,0xB0,0x64,0x12,0xFF,0xB0,0x64,0x12,0xFF,0xB0,0x64,0x12,0xFF,0xB0,0x64,0x12,0xFF,
    0xB0,0x64,0x12,0xFF,0xB0,0x64,0x12,0xFF,0xB0,0x64,0x12,0xFF,0xB0,0x64,0x12,0xFF,0xB0,0x64,0x12,0xFF,0xB0,0x64,0x12,0xFF,0xB0,0x64,0x12,0xFF,0xB0,0x64,0x12,0xFF,0xB0,0x64,0x12,0xFF,0xB0,0x64,0x12,0xFF,0xB0,0x64,0x12,0xFF,0xB0,0x64,0x12,0xFF,0xB0,0x64,0x12,0xFF,0xB0,0x64,0x12,0xFF,0xB0,0x64,0x12,0xFF,0xB0,0x64,0x12,0xFF,
    0xB0,0x64,0x12,0xFF,0xB0,0x64,0x12,0xFF,0xB0,0x64,0x12,0xFF,0xB0,0x64,0x12,0xFF,0xB0,0x64,0x12,0xFF,0xB0,0x64,0x12,0xFF,0xB0,0x64,0x12,0xFF,0xB0,0x64,0x12,0xFF,0xB0,0x64,0x12,0xFF,0xB0,0x64,0x12,0xFF,0xB0,0x64,0x12,0xFF,0xB0,0x64,0x12,0xFF,0xB0,0x64,0x12,0xFF,0xB0,0x64,0x12,0xFF,0xB0,0x64,0x12,0xFF,0xB0,0x64,0x12,0xFF,
    0xB0,0x64,0x12,0xFF,0xB0,0x64,0x12,0xFF,0xB0,0x64,0x12,0xFF,0xB0,0x64,0x12,0xFF,0xB0,0x64,0x12,0xFF,0xB0,0x64,0x12,0xFF,0xB0,0x64,0x12,0xFF,0xB0,0x64,0x12,0xFF,0xB0,0x64,0x12,0xFF,0xB0,0x64,0x12,0xFF,0xB0,0x64,0x12,0xFF,0xB0,0x64,0x12,0xFF,0xB0,0x64,0x12,0xFF,0xB0,0x64,0x12,0xFF,0xB0,0x64,0x12,0xFF,0xB0,0x64,0x12,0xFF,
    0xB0,0x64,0x12,0xFF,0xB0,0x64,0x12,0xFF,0xB0,0x64,0x12,0xFF,0xB0,0x64,0x12,0xFF,0xB0,0x64,0x12,0xFF,0xB0,0x64,0x12,0xFF,0xB0,0x64,0x12,0xFF,0xB0,0x64,0x12,0xFF,0xB0,0x64,0x12,0xFF,0xB0,0x64,0x12,0xFF,0xB0,0x64,0x12,0xFF,0xB0,0x64,0x12,0xFF,0xB0,0x64,0x12,0xFF,0xB0,0x64,0x12,0xFF,0xB0,0x64,0x12,0xFF,0xB0,0x64,0x12,0xFF,
    0xB0,0x64,0x12,0xFF,0xB0,0x64,0x12,0xFF,0xB0,0x64,0x12,0xFF,0xB0,0x64,0x12,0xFF,0xB0,0x64,0x12,0xFF,0xB0,0x64,0x12,0xFF,0xB0,0x64,0x12,0xFF,0xB0,0x64,0x12,0xFF,0xB0,0x64,0x12,0xFF,0xB0,0x64,0x12,0xFF,0xB0,0x64,0x12,0xFF,0xB0,0x64,0x12,0xFF,0xB0,0x64,0x12,0xFF,0xB0,0x64,0x12,0xFF,0xB0,0x64,0x12,0xFF,0xB0,0x64,0x12,0xFF,
    0xB0,0x64,0x12,0xFF,0xB0,0x64,0x12,0xFF,0xB0,0x64,0x12,0xFF,0xB0,0x64,0x12,0xFF,0xB0,0x64,0x12,0xFF,0xB0,0x64,0x12,0xFF,0xB0,0x64,0x12,0xFF,0xB0,0x64,0x12,0xFF,0xB0,0x64,0x12,0xFF,0xB0,0x64,0x12,0xFF,0xB0,0x64,0x12,0xFF,0xB0,0x64,0x12,0xFF,0xB0,0x64,0x12,0xFF,0xB0,0x64,0x12,0xFF,0xB0,0x64,0x12,0xFF,0xB0,0x64,0x12,0xFF,
    0xB0,0x64,0x12,0xFF,0xB0,0x64,0x12,0xFF,0xB0,0x64,0x12,0xFF,0xB0,0x64,0x12,0xFF,0xB0,0x64,0x12,0xFF,0xB0,0x64,0x12,0xFF,0xB0,0x64,0x12,0xFF,0xB0,0x64,0x12,0xFF,0xB0,0x64,0x12,0xFF,0xB0,0x64,0x12,0xFF,0xB0,0x64,0x12,0xFF,0xB0,0x64,0x12,0xFF,0xB0,0x64,0x12,0xFF,0xB0,0x64,0x12,0xFF,0xB0,0x64,0x12,0xFF,0xB0,0x64,0x12,0xFF,
    0xB0,0x64,0x12,0xFF,0xB0,0x64,0x12,0xFF,0xB0,0x64,0x12,0xFF,0xB0,0x64,0x12,0xFF,0xB0,0x64,0x12,0xFF,0xB0,0x64,0x12,0xFF,0xB0,0x64,0x12,0xFF,0xB0,0x64,0x12,0xFF,0xB0,0x64,0x12,0xFF,0xB0,0x64,0x12,0xFF,0xB0,0x64,0x12,0xFF,0xB0,0x64,0x12,0xFF,0xB0,0x64,0x12,0xFF,0xB0,0x64,0x12,0xFF,0xB0,0x64,0x12,0xFF,0xB0,0x64,0x12,0xFF,
    0xB0,0x64,0x12,0xFF,0xB0,0x64,0x12,0xFF,0xB0,0x64,0x12,0xFF,0xB0,0x64,0x12,0xFF,0xB0,0x64,0x12,0xFF,0xB0,0x64,0x12,0xFF,0xB0,0x64,0x12,0xFF,0xB0,0x64,0x12,0xFF,0xB0,0x64,0x12,0xFF,0xB0,0x64,0x12,0xFF,0xB0,0x64,0x12,0xFF,0xFE,0xFE,0xFE,0xFF,0xFE,0xFE,0xFE,0xFF,0xB0,0x64,0x12,0xFF,0xB0,0x64,0x12,0xFF,0xB0,0x64,0x12,0xFF,
    0xB0,0x64,0x12,0xFF,0xB0,0x64,0x12,0xFF,0xB0,0x64,0x12,0xFF,0xB0,0x64,0x12,0xFF,0xB0,0x64,0x12,0xFF,0xB0,0x64,0x12,0xFF,0xB0,0x64,0x12,0xFF,0xB0,0x64,0x12,0xFF,0xB0,0x64,0x12,0xFF,0xB0,0x64,0x12,0xFF,0xB0,0x64,0x12,0xFF,0xB0,0x64,0x12,0xFF,0xB0,0x64,0x12,0xFF,0xB0,0x64,0x12,0xFF,0xB0,0x64,0x12,0xFF,0xB0,0x64,0x12,0xFF,
    0xB0,0x64,0x12,0xFF,0xB0,0x64,0x12,0xFF,0xB0,0x64,0x12,0xFF,0xB0,0x64,0x12,0xFF,0xB0,0x64,0x12,0xFF,0xB0,0x64,0x12,0xFF,0xB0,0x64,0x12,0xFF,0xB0,0x64,0x12,0xFF,0xB0,0x64,0x12,0xFF,0xB0,0x64,0x12,0xFF,0xB0,0x64,0x12,0xFF,0xB0,0x64,0x12,0xFF,0xB0,0x64,0x12,0xFF,0xB0,0x64,0x12,0xFF,0xB0,0x64,0x12,0xFF,0xB0,0x64,0x12,0xFF,
    0xB0,0x64,0x12,0xFF,0xB0,0x64,0x12,0xFF,0xB0,0x64,0x12,0xFF,0xB0,0x64,0x12,0xFF,0xB0,0x64,0x12,0xFF,0xB0,0x64,0x12,0xFF,0xB0,0x64,0x12,0xFF,0xB0,0x64,0x12,0xFF,0xB0,0x64,0x12,0xFF,0xB0,0x64,0x12,0xFF,0xB0,0x64,0x12,0xFF,0xB0,0x64,0x12,0xFF,0xB0,0x64,0x12,0xFF,0xB0,0x64,0x12,0xFF,0xB0,0x64,0x12,0xFF,0xB0,0x64,0x12,0xFF,
    0xB0,0x64,0x12,0xFF,0xB0,0x64,0x12,0xFF,0xB0,0x64,0x12,0xFF,0xB0,0x64,0x12,0xFF,0xB0,0x64,0x12,0xFF,0xB0,0x64,0x12,0xFF,0xB0,0x64,0x12,0xFF,0xB0,0x64,0x12,0xFF,0xB0,0x64,0x12,0xFF,0xB0,0x64,0x12,0xFF,0xB0,0x64,0x12,0xFF,0xB0,0x64,0x12,0xFF,0xB0,0x64,0x12,0xFF,0xB0,0x64,0x12,0xFF,0xB0,0x64,0x12,0xFF,0xB0,0x64,0x12,0xFF,
    0xB0,0x64,0x12,0xFF,0xB0,0x64,0x12,0xFF,0xB0,0x64,0x12,0xFF,0xB0,0x64,0x12,0xFF,0xB0,0x64,0x12,0xFF,0xB0,0x64,0x12,0xFF,0xB0,0x64,0x12,0xFF,0xB0,0x64,0x12,0xFF,0xB0,0x64,0x12,0xFF,0xB0,0x64,0x12,0xFF,0xB0,0x64,0x12,0xFF,0xB0,0x64,0x12,0xFF,0xB0,0x64,0x12,0xFF,0xB0,0x64,0x12,0xFF,0xB0,0x64,0x12,0xFF,0xB0,0x64,0x12,0xFF,
    0xB0,0x64,0x12,0xFF,0xB0,0x64,0x12,0xFF,0xB0,0x64,0x12,0xFF,0xB0,0x64,0x12,0xFF,0xB0,0x64,0x12,0xFF,0xB0,0x64,0x12,0xFF,0xB0,0x64,0x12,0xFF,0xB0,0x64,0x12,0xFF,0xB0,0x64,0x12,0xFF,0xB0,0x64,0x12,0xFF,0xB0,0x64,0x12,0xFF,0xB0,0x64,0x12,0xFF,0xB0,0x64,0x12,0xFF,0xB0,0x64,0x12,0xFF,0xB0,0x64,0x12,0xFF,0xB0,0x64,0x12,0xFF,
    0xB0,0x64,0x12,0xFF,0xB0,0x64,0x12,0xFF,0xB0,0x64,0x12,0xFF,0xB0,0x64,0x12,0xFF,0xB0,0x64,0x12,0xFF,0xB0,0x64,0x12,0xFF,0xB0,0x64,0x12,0xFF,0xB0,0x64,0x12,0xFF,0xB0,0x64,0x12,0xFF,0xB0,0x64,0x12,0xFF,0xB0,0x64,0x12,0xFF,0xB0,0x64,0x12,0xFF,0xB0,0x64,0x12,0xFF,0xB0,0x64,0x12,0xFF,0xB0,0x64,0x12,0xFF,0xB0,0x64,0x12,0xFF,
    0xB0,0x64,0x12,0xFF,0xB0,0x64,0x12,0xFF,0xB0,0x64,0x12,0xFF,0xB0,0x64,0x12,0xFF,0xB0,0x64,0x12,0xFF,0xB0,0x64,0x12,0xFF,0xB0,0x64,0x12,0xFF,0xB0,0x64,0x12,0xFF,0xB0,0x64,0x12,0xFF,0xB0,0x64,0x12,0xFF,0xB0,0x64,0x12,0xFF,0xB0,0x64,0x12,0xFF,0xB0,0x64,0x12,0xFF,0xB0,0x64,0x12,0xFF,0xB0,0x64,0x12,0xFF,0xB0,0x64,0x12,0xFF,
    0xB0,0x64,0x12,0xFF,0xB0,0x64,0x12,0xFF,0xB0,0x64,0x12,0xFF,0xB0,0x64,0x12,0xFF,0xB0,0x64,0x12,0xFF,0xB0,0x64,0x12,0xFF,0xB0,0x64,0x12,0xFF,0xB0,0x64,0x12,0xFF,0xB0,0x64,0x12,0xFF,0xB0,0x64,0x12,0xFF,0xB0,0x64,0x12,0xFF,0xB0,0x64,0x12,0xFF,0xB0,0x64,0x12,0xFF,0xB0,0x64,0x12,0xFF,0xB0,0x64,0x12,0xFF,0xB0,0x64,0x12,0xFF,
    0xB0,0x64,0x12,0xFF,0xB0,0x64,0x12,0xFF,0xB0,0x64,0x12,0xFF,0xB0,0x64,0x12,0xFF,0xB0,0x64,0x12,0xFF,0xB0,0x64,0x12,0xFF,0xB0,0x64,0x12,0xFF,0xB0,0x64,0x12,0xFF,0xB0,0x64,0x12,0xFF,0xB0,0x64,0x12,0xFF,0xB0,0x64,0x12,0xFF,0xB0,0x64,0x12,0xFF,0xB0,0x64,0x12,0xFF,0xB0,0x64,0x12,0xFF,0xB0,0x64,0x12,0xFF,0xB0,0x64,0x12,0xFF,
    0xB0,0x64,0x12,0xFF,0xB0,0x64,0x12,0xFF,0xB0,0x64,0x12,0xFF,0xB0,0x64,0x12,0xFF,0xB0,0x64,0x12,0xFF,0xB0,0x64,0x12,0xFF,0xB0,0x64,0x12,0xFF,0xB0,0x64,0x12,0xFF,0xB0,0x64,0x12,0xFF,0xB0,0x64,0x12,0xFF,0xB0,0x64,0x12,0xFF,0xB0,0x64,0x12,0xFF,0xB0,0x64,0x12,0xFF,0xB0,0x64,0x12,0xFF,0xB0,0x64,0x12,0xFF,0xFE,0xFE,0xFE,0xFF,
    0xFE,0xFE,0xFE,0xFF,0xB0,0x64,0x12,0xFF,0xB0,0x64,0x12,0xFF,0xB0,0x64,0x12,0xFF,0xB0,0x64,0x12,0xFF,0xB0,0x64,0x12,0xFF,0xB0,0x64,0x12,0xFF,0xB0,0x64,0x12,0xFF,0xB0,0x64,0x12,0xFF,0xB0,0x64,0x12,0xFF,0xB0,0x64,0x12,0xFF,0xB0,0x64,0x12,0xFF,0xB0,0x64,0x12,0xFF,0xB0,0x64,0x12,0xFF,0xB0,0x64,0x12,0xFF,0xB0,0x64,0x12,0xFF,
    0xB0,0x64,0x12,0xFF,0xB0,0x64,0x12,0xFF,0xB0,0x64,0x12,0xFF,0xB0,0x64,0x12,0xFF,0xB0,0x64,0x12,0xFF,0xB0,0x64,0x12,0xFF,0xB0,0x64,0x12,0xFF,0xB0,0x64,0x12,0xFF,0xB0,0x64,0x12,0xFF,0xB0,0x64,0x12,0xFF,0xB0,0x64,0x12,0xFF,0xB0,0x64,0x12,0xFF,0xB0,0x64,0x12,0xFF,0xB0,0x64,0x12,0xFF,0xB0,0x64,0x12,0xFF,0xB0,0x64,0x12,0xFF,
    0xB0,0x64,0x12,0xFF,0xB0,0x64,0x12,0xFF,0xB0,0x64,0x12,0xFF,0xB0,0x64,0x12,0xFF,0xB0,0x64,0x12,0xFF,0xB0,0x64,0x12,0xFF,0xB0,0x64,0x12,0xFF,0xB0,0x64,0x12,0xFF,0xB0,0x64,0x12,0xFF,0xB0,0x64,0x12,0xFF,0xB0,0x64,0x12,0xFF,0xB0,0x64,0x12,0xFF,0xB0,0x64,0x12,0xFF,0xB0,0x64,0x12,0xFF,0xB0,0x64,0x12,0xFF,0xB0,0x64,0x12,0xFF,
    0xB0,0x64,0x12,0xFF,0xB0,0x64,0x12,0xFF,0xB0,0x64,0x12,0xFF,0xB0,0x64,0x12,0xFF,0xB0,0x64,0x12,0xFF,0xB0,0x64,0x12,0xFF,0xB0,0x64,0x12,0xFF,0xB0,0x64,0x12,0xFF,0xB0,0x64,0x12,0xFF,0xB0,0x64,0x12,0xFF,0xB0,0x64,0x12,0xFF,0xB0,0x64,0x12,0xFF,0xB0,0x64,0x12,0xFF,0xB0,0x64,0x12,0xFF,0xB0,0x64,0x12,0xFF,0xB0,0x64,0x12,0xFF,
    0xB0,0x64,0x12,0xFF,0xB0,0x64,0x12,0xFF,0xB0,0x64,0x12,0xFF,0xB0,0x64,0x12,0xFF,0xB0,0x64,0x12,0xFF,0xB0,0x64,0x12,0xFF,0xB0,0x64,0x12,0xFF,0xB0,0x64,0x12,0xFF,0xB0,0x64,0x12,0xFF,0xB0,0x64,0x12,0xFF,0xB0,0x64,0x12,0xFF,0xB0,0x64,0x12,0xFF,0xB0,0x64,0x12,0xFF,0xB0,0x64,0x12,0xFF,0xB0,0x64,0x12,0xFF,0xB0,0x64,0x12,0xFF,
    0xB0,0x64,0x12,0xFF,0xB0,0x64,0x12,0xFF,0xB0,0x64,0x12,0xFF,0xB0,0x64,0x12,0xFF,0xB0,0x64,0x12,0xFF,0xB0,0x64,0x12,0xFF,0xB0,0x64,0x12,0xFF,0xB0,0x64,0x12,0xFF,0xB0,0x64,0x12,0xFF,0xB0,0x64,0x12,0xFF,0xB0,0x64,0x12,0xFF,0xB0,0x64,0x12,0xFF,0xB0,0x64,0x12,0xFF,0xB0,0x64,0x12,0xFF,0xB0,0x64,0x12,0xFF,0xB0,0x64,0x12,0xFF,
    0xB0,0x64,0x12,0xFF,0xB0,0x64,0x12,0xFF,0xB0,0x64,0x12,0xFF,0xB0,0x64,0x12,0xFF,0xB0,0x64,0x12,0xFF,0xB0,0x64,0x12,0xFF,0xB0,0x64,0x12,0xFF,0xB0,0x64,0x12,0xFF,0xB0,0x64,0x12,0xFF,0xB0,0x64,0x12,0xFF,0xB0,0x64,0x12,0xFF,0xB0,0x64,0x12,0xFF,0xB0,0x64,0x12,0xFF,0xB0,0x64,0x12,0xFF,0xB0,0x64,0x12,0xFF,0xB0,0x64,0x12,0xFF,
    0xB0,0x64,0x12,0xFF,0xB0,0x64,0x12,0xFF,0xB0,0x64,0x12,0xFF,0xB0,0x64,0x12,0xFF,0xB0,0x64,0x12,0xFF,0xB0,0x64,0x12,0xFF,0xB0,0x64,0x12,0xFF,0xB0,0x64,0x12,0xFF,0xB0,0x64,0x12,0xFF,0xB0,0x64,0x12,0xFF,0xB0,0x64,0x12,0xFF,0xB0,0x64,0x12,0xFF,0xB0,0x64,0x12,0xFF,0xB0,0x64,0x12,0xFF,0xB0,0x64,0x12,0xFF,0xB0,0x64,0x12,0xFF,
    0xB0,0x64,0x12,0xFF,0xB0,0x64,0x12,0xFF,0xB0,0x64,0x12,0xFF,0xB0,0x64,0x12,0xFF,0xB0,0x64,0x12,0xFF,0xB0,0x64,0x12,0xFF,0xB0,0x64,0x12,0xFF,0xB0,0x64,0x12,0xFF,0xB0,0x64,0x12,0xFF,0xB0,0x64,0x12,0xFF,0xB0,0x64,0x12,0xFF,0xB0,0x64,0x12,0xFF,0xB0,0x64,0x12,0xFF,0xB0,0x64,0x12,0xFF,0xB0,0x64,0x12,0xFF,0xB0,0x64,0x12,0xFF,
    0xB0,0x64,0x12,0xFF,0xB0,0x64,0x12,0xFF,0xB0,0x64,0x12,0xFF,0xB0,0x64,0x12,0xFF,0xB0,0x64,0x12,0xFF,0xB0,0x64,0x12,0xFF,0xB0,0x64,0x12,0xFF,0xB0,0x64,0x12,0xFF,0xB0,0x64,0x12,0xFF,0xB0,0x64,0x12,0xFF,0xB0,0x64,0x12,0xFF,0xB0,0x64,0x12,0xFF,0xB0,0x64,0x12,0xFF,0xB0,0x64,0x12,0xFF,0xB0,0x64,0x12,0xFF,0xB0,0x64,0x12,0xFF,
    0xB0,0x64,0x12,0xFF,0xB0,0x64,0x12,0xFF,0xB0,0x64,0x12,0xFF,0xB0,0x64,0x12,0xFF,0xB0,0x64,0x12,0xFF,0xB0,0x64,0x12,0xFF,0xB0,0x64,0x12,0xFF,0xB0,0x64,0x12,0xFF,0xB0,0x64,0x12,0xFF,0xB0,0x64,0x12,0xFF,0xB0,0x64,0x12,0xFF,0xB0,0x64,0x12,0xFF,0xB0,0x64,0x12,0xFF,0xB0,0x64,0x12,0xFF,0xB0,0x64,0x12,0xFF,0xB0,0x64,0x12,0xFF,
    0xB0,0x64,0x12,0xFF,0xB0,0x64,0x12,0xFF,0xB0,0x64,0x12,0xFF,0xFE,0xFE,0xFE,0xFF,0xFE,0xFE,0xFE,0xFF,0xB0,0x64,0x12,0xFF,0xB0,0x64,0x12,0xFF,0xB0,0x64,0x12,0xFF,0xB0,0x64,0x12,0xFF,0xB0,0x64,0x12,0xFF,0xB0,0x64,0x12,0xFF,0xB0,0x64,0x12,0xFF,0xB0,0x64,0x12,0xFF,0xB0,0x64,0x12,0xFF,0xB0,0x64,0x12,0xFF,0xB0,0x64,0x12,0xFF,
    0xB0,0x64,0x12,0xFF,0xB0,0x64,0x12,0xFF,0xB0,0x64,0x12,0xFF,0xB0,0x64,0x12,0xFF,0xB0,0x64,0x12,0xFF,0xB0,0x64,0x12,0xFF,0xB0,0x64,0x12,0xFF,0xB0,0x64,0x12,0xFF,0xB0,0x64,0x12,0xFF,0xB0,0x64,0x12,0xFF,0xB0,0x64,0x12,0xFF,0xB0,0x64,0x12,0xFF,0xB0,0x64,0x12,0xFF,0xB0,0x64,0x12,0xFF,0xB0,0x64,0x12,0xFF,0xB0,0x64,0x12,0xFF,
    0xB0,0x64,0x12,0xFF,0xB0,0x64,0x12,0xFF,0xB0,0x64,0x12,0xFF,0xB0,0x64,0x12,0xFF,0xB0,0x64,0x12,0xFF,0xB0,0x64,0x12,0xFF,0xB0,0x64,0x12,0xFF,0xB0,0x64,0x12,0xFF,0xB0,0x64,0x12,0xFF,0xB0,0x64,0x12,0xFF,0xB0,0x64,0x12,0xFF,0xB0,0x64,0x12,0xFF,0xB0,0x64,0x12,0xFF,0xB0,0x64,0x12,0xFF,0xB0,0x64,0x12,0xFF,0xB0,0x64,0x12,0xFF,
    0xB0,0x64,0x12,0xFF,0xB0,0x64,0x12,0xFF,0xB0,0x64,0x12,0xFF,0xB0,0x64,0x12,0xFF,0xB0,0x64,0x12,0xFF,0xB0,0x64,0x12,0xFF,0xB0,0x64,0x12,0xFF,0xB0,0x64,0x12,0xFF,0xB0,0x64,0x12,0xFF,0xB0,0x64,0x12,0xFF,0xB0,0x64,0x12,0xFF,0xB0,0x64,0x12,0xFF,0xB0,0x64,0x12,0xFF,0xB0,0x64,0x12,0xFF,0xB0,0x64,0x12,0xFF,0xB0,0x64,0x12,0xFF,
    0xB0,0x64,0x12,0xFF,0xB0,0x64,0x12,0xFF,0xB0,0x64,0x12,0xFF,0xB0,0x64,0x12,0xFF,0xB0,0x64,0x12,0xFF,0xB0,0x64,0x12,0xFF,0xB0,0x64,0x12,0xFF,0xB0,0x64,0x12,0xFF,0xB0,0x64,0x12,0xFF,0xB0,0x64,0x12,0xFF,0xB0,0x64,0x12,0xFF,0xB0,0x64,0x12,0xFF,0xB0,0x64,0x12,0xFF,0xB0,0x64,0x12,0xFF,0xB0,0x64,0x12,0xFF,0xB0,0x64,0x12,0xFF,
    0xB0,0x64,0x12,0xFF,0xB0,0x64,0x12,0xFF,0xB0,0x64,0x12,0xFF,0xB0,0x64,0x12,0xFF,0xB0,0x64,0x12,0xFF,0xB0,0x64,0x12,0xFF,0xB0,0x64,0x12,0xFF,0xB0,0x64,0x12,0xFF,0xB0,0x64,0x12,0xFF,0xB0,0x64,0x12,0xFF,0xB0,0x64,0x12,0xFF,0xB0,0x64,0x12,0xFF,0xB0,0x64,0x12,0xFF,0xB0,0x64,0x12,0xFF,0xB0,0x64,0x12,0xFF,0xB0,0x64,0x12,0xFF,
    0xB0,0x64,0x12,0xFF,0xB0,0x64,0x12,0xFF,0xB0,0x64,0x12,0xFF,0xB0,0x64,0x12,0xFF,0xB0,0x64,0x12,0xFF,0xB0,0x64,0x12,0xFF,0xB0,0x64,0x12,0xFF,0xB0,0x64,0x12,0xFF,0xB0,0x64,0x12,0xFF,0xB0,0x64,0x12,0xFF,0xB0,0x64,0x12,0xFF,0xB0,0x64,0x12,0xFF,0xB0,0x64,0x12,0xFF,0xB0,0x64,0x12,0xFF,0xB0,0x64,0x12,0xFF,0xB0,0x64,0x12,0xFF,
    0xB0,0x64,0x12,0xFF,0xB0,0x64,0x12,0xFF,0xB0,0x64,0x12,0xFF,0xB0,0x64,0x12,0xFF,0xB0,0x64,0x12,0xFF,0xB0,0x64,0x12,0xFF,0xB0,0x64,0x12,0xFF,0xB0,0x64,0x12,0xFF,0xB0,0x64,0x12,0xFF,0xB0,0x64,0x12,0xFF,0xB0,0x64,0x12,0xFF,0xB0,0x64,0x12,0xFF,0xB0,0x64,0x12,0xFF,0xB0,0x64,0x12,0xFF,0xB0,0x64,0x12,0xFF,0xB0,0x64,0x12,0xFF,
    0xB0,0x64,0x12,0xFF,0xB0,0x64,0x12,0xFF,0xB0,0x64,0x12,0xFF,0xB0,0x64,0x12,0xFF,0xB0,0x64,0x12,0xFF,0xB0,0x64,0x12,0xFF,0xB0,0x64,0x12,0xFF,0xB0,0x64,0x12,0xFF,0xB0,0x64,0x12,0xFF,0xB0,0x64,0x12,0xFF,0xB0,0x64,0x12,0xFF,0xB0,0x64,0x12,0xFF,0xB0,0x64,0x12,0xFF,0xB0,0x64,0x12,0xFF,0xB0,0x64,0x12,0xFF,0xB0,0x64,0x12,0xFF,
    0xB0,0x64,0x12,0xFF,0xB0,0x64,0x12,0xFF,0xB0,0x64,0x12,0xFF,0xB0,0x64,0x12,0xFF,0xB0,0x64,0x12,0xFF,0xB0,0x64,0x12,0xFF,0xB0,0x64,0x12,0xFF,0xB0,0x64,0x12,0xFF,0xB0,0x64,0x12,0xFF,0xB0,0x64,0x12,0xFF,0xB0,0x64,0x12,0xFF,0xB0,0x64,0x12,0xFF,0xB0,0x64,0x12,0xFF,0xB0,0x64,0x12,0xFF,0xB0,0x64,0x12,0xFF,0xB0,0x64,0x12,0xFF,
    0xB0,0x64,0x12,0xFF,0xB0,0x64,0x12,0xFF,0xB0,0x64,0x12,0xFF,0xB0,0x64,0x12,0xFF,0xB0,0x64,0x12,0xFF,0xB0,0x64,0x12,0xFF,0xB0,0x64,0x12,0xFF,0xB0,0x64,0x12,0xFF,0xB0,0x64,0x12,0xFF,0xB0,0x64,0x12,0xFF,0xB0,0x64,0x12,0xFF,0xB0,0x64,0x12,0xFF,0xB0,0x64,0x12,0xFF,0xB0,0x64,0x12,0xFF,0xB0,0x64,0x12,0xFF,0xB0,0x64,0x12,0xFF,
    0xB0,0x64,0x12,0xFF,0xB0,0x64,0x12,0xFF,0xB0,0x64,0x12,0xFF,0xB0,0x64,0x12,0xFF,0xB0,0x64,0x12,0xFF,0xB0,0x64,0x12,0xFF,0xB0,0x64,0x12,0xFF,0xFE,0xFE,0xFE,0xFF,0xFE,0xFE,0xFE,0xFF,0xB0,0x64,0x12,0xFF,0xB0,0x64,0x12,0xFF,0xB0,0x64,0x12,0xFF,0xB0,0x64,0x12,0xFF,0xB0,0x64,0x12,0xFF,0xB0,0x64,0x12,0xFF,0xB0,0x64,0x12,0xFF,
    0xB0,0x64,0x12,0xFF,0xB0,0x64,0x12,0xFF,0xB0,0x64,0x12,0xFF,0xB0,0x64,0x12,0xFF,0xB0,0x64,0x12,0xFF,0xB0,0x64,0x12,0xFF,0xB0,0x64,0x12,0xFF,0xB0,0x64,0x12,0xFF,0xB0,0x64,0x12,0xFF,0xB0,0x64,0x12,0xFF,0xB0,0x64,0x12,0xFF,0xB0,0x64,0x12,0xFF,0xB0,0x64,0x12,0xFF,0xB0,0x64,0x12,0xFF,0xB0,0x64,0x12,0xFF,0xB0,0x64,0x12,0xFF,
    0xB0,0x64,0x12,0xFF,0xB0,0x64,0x12,0xFF,0xB0,0x64,0x12,0xFF,0xB0,0x64,0x12,0xFF,0xB0,0x64,0x12,0xFF,0xB0,0x64,0x12,0xFF,0xB0,0x64,0x12,0xFF,0xB0,0x64,0x12,0xFF,0xB0,0x64,0x12,0xFF,0xB0,0x64,0x12,0xFF,0xB0,0x64,0x12,0xFF,0xB0,0x64,0x12,0xFF,0xB0,0x64,0x12,0xFF,0xB0,0x64,0x12,0xFF,0xB0,0x64,0x12,0xFF,0xB0,0x64,0x12,0xFF,
    0xB0,0x64,0x12,0xFF,0xB0,0x64,0x12,0xFF,0xB0,0x64,0x12,0xFF,0xB0,0x64,0x12,0xFF,0xB0,0x64,0x12,0xFF,0xB0,0x64,0x12,0xFF,0xB0,0x64,0x12,0xFF,0xB0,0x64,0x12,0xFF,0xB0,0x64,0x12,0xFF,0xB0,0x64,0x12,0xFF,0xB0,0x64,0x12,0xFF,0xB0,0x64,0x12,0xFF,0xB0,0x64,0x12,0xFF,0xB0,0x64,0x12,0xFF,0xB0,0x64,0x12,0xFF,0xB0,0x64,0x12,0xFF,
    0xB0,0x64,0x12,0xFF,0xB0,0x64,0x12,0xFF,0xB0,0x64,0x12,0xFF,0xB0,0x64,0x12,0xFF,0xB0,0x64,0x12,0xFF,0xB0,0x64,0x12,0xFF,0xB0,0x64,0x12,0xFF,0xB0,0x64,0x12,0xFF,0xB0,0x64,0x12,0xFF,0xB0,0x64,0x12,0xFF,0xB0,0x64,0x12,0xFF,0xB0,0x64,0x12,0xFF,0xB0,0x64,0x12,0xFF,0xB0,0x64,0x12,0xFF,0xB0,0x64,0x12,0xFF,0xB0,0x64,0x12,0xFF,
    0xB0,0x64,0x12,0xFF,0xB0,0x64,0x12,0xFF,0xB0,0x64,0x12,0xFF,0xB0,0x64,0x12,0xFF,0xB0,0x64,0x12,0xFF,0xB0,0x64,0x12,0xFF,0xB0,0x64,0x12,0xFF,0xB0,0x64,0x12,0xFF,0xB0,0x64,0x12,0xFF,0xB0,0x64,0x12,0xFF,0xB0,0x64,0x12,0xFF,0xB0,0x64,0x12,0xFF,0xB0,0x64,0x12,0xFF,0xB0,0x64,0x12,0xFF,0xB0,0x64,0x12,0xFF,0xB0,0x64,0x12,0xFF,
    0xB0,0x64,0x12,0xFF,0xB0,0x64,0x12,0xFF,0xB0,0x64,0x12,0xFF,0xB0,0x64,0x12,0xFF,0xB0,0x64,0x12,0xFF,0xB0,0x64,0x12,0xFF,0xB0,0x64,0x12,0xFF,0xB0,0x64,0x12,0xFF,0xB0,0x64,0x12,0xFF,0xB0,0x64,0x12,0xFF,0xB0,0x64,0x12,0xFF,0xB0,0x64,0x12,0xFF,0xB0,0x64,0x12,0xFF,0xB0,0x64,0x12,0xFF,0xB0,0x64,0x12,0xFF,0xB0,0x64,0x12,0xFF,
    0xB0,0x64,0x12,0xFF,0xB0,0x64,0x12,0xFF,0xB0,0x64,0x12,0xFF,0xB0,0x64,0x12,0xFF,0xB0,0x64,0x12,0xFF,0xB0,0x64,0x12,0xFF,0xB0,0x64,0x12,0xFF,0xB0,0x64,0x12,0xFF,0xB0,0x64,0x12,0xFF,0xB0,0x64,0x12,0xFF,0xB0,0x64,0x12,0xFF,0xB0,0x64,0x12,0xFF,0xB0,0x64,0x12,0xFF,0xB0,0x64,0x12,0xFF,0xB0,0x64,0x12,0xFF,0xB0,0x64,0x12,0xFF,
    0xB0,0x64,0x12,0xFF,0xB0,0x64,0x12,0xFF,0xB0,0x64,0x12,0xFF,0xB0,0x64,0x12,0xFF,0xB0,0x64,0x12,0xFF,0xB0,0x64,0x12,0xFF,0xB0,0x64,0x12,0xFF,0xB0,0x64,0x12,0xFF,0xB0,0x64,0x12,0xFF,0xB0,0x64,0x12,0xFF,0xB0,0x64,0x12,0xFF,0xB0,0x64,0x12,0xFF,0xB0,0x64,0x12,0xFF,0xB0,0x64,0x12,0xFF,0xB0,0x64,0x12,0xFF,0xB0,0x64,0x12,0xFF,
    0xB0,0x64,0x12,0xFF,0xB0,0x64,0x12,0xFF,0xB0,0x64,0x12,0xFF,0xB0,0x64,0x12,0xFF,0xB0,0x64,0x12,0xFF,0xB0,0x64,0x12,0xFF,0xB0,0x64,0x12,0xFF,0xB0,0x64,0x12,0xFF,0xB0,0x64,0x12,0xFF,0xB0,0x64,0x12,0xFF,0xB0,0x64,0x12,0xFF,0xB0,0x64,0x12,0xFF,0xB0,0x64,0x12,0xFF,0xB0,0x64,0x12,0xFF,0xB0,0x64,0x12,0xFF,0xB0,0x64,0x12,0xFF,
    0xB0,0x64,0x12,0xFF,0xB0,0x64,0x12,0xFF,0xB0,0x64,0x12,0xFF,0xB0,0x64,0x12,0xFF,0xB0,0x64,0x12,0xFF,0xB0,0x64,0x12,0xFF,0xB0,0x64,0x12,0xFF,0xB0,0x64,0x12,0xFF,0xB0,0x64,0x12,0xFF,0xB0,0x64,0x12,0xFF,0xB0,0x64,0x12,0xFF,0xB0,0x64,0x12,0xFF,0xB0,0x64,0x12,0xFF,0xB0,0x64,0x12,0xFF,0xB0,0x64,0x12,0xFF,0xB0,0x64,0x12,0xFF,
    0xB0,0x64,0x12,0xFF,0xB0,0x64,0x12,0xFF,0xB0,0x64,0x12,0xFF,0xB0,0x64,0x12,0xFF,0xB0,0x64,0x12,0xFF,0xB0,0x64,0x12,0xFF,0xB0,0x64,0x12,0xFF,0xB0,0x64,0x12,0xFF,0xB0,0x64,0x12,0xFF,0xB0,0x64,0x12,0xFF,0xB0,0x64,0x12,0xFF,0xFE,0xFE,0xFE,0xFF,0xFE,0xFE,0xFE,0xFF,0xB0,0x64,0x12,0xFF,0xB0,0x64,0x12,0xFF,0xB0,0x64,0x12,0xFF,
    0xB0,0x64,0x12,0xFF,0xB0,0x64,0x12,0xFF,0xB0,0x64,0x12,0xFF,0xB0,0x64,0x12,0xFF,0xB0,0x64,0x12,0xFF,0xB0,0x64,0x12,0xFF,0xB0,0x64,0x12,0xFF,0xB0,0x64,0x12,0xFF,0xB0,0x64,0x12,0xFF,0xB0,0x64,0x12,0xFF,0xB0,0x64,0x12,0xFF,0xB0,0x64,0x12,0xFF,0xB0,0x64,0x12,0xFF,0xB0,0x64,0x12,0xFF,0xB0,0x64,0x12,0xFF,0xB0,0x64,0x12,0xFF,
    0xB0,0x64,0x12,0xFF,0xB0,0x64,0x12,0xFF,0xB0,0x64,0x12,0xFF,0xB0,0x64,0x12,0xFF,0xB0,0x64,0x12,0xFF,0xB0,0x64,0x12,0xFF,0xB0,0x64,0x12,0xFF,0xB0,0x64,0x12,0xFF,0xB0,0x64,0x12,0xFF,0xB0,0x64,0x12,0xFF,0xB0,0x64,0x12,0xFF,0xB0,0x64,0x12,0xFF,0xB0,0x64,0x12,0xFF,0xB0,0x64,0x12,0xFF,0xB0,0x64,0x12,0xFF,0xB0,0x64,0x12,0xFF,
    0xB0,0x64,0x12,0xFF,0xB0,0x64,0x12,0xFF,0xB0,0x64,0x12,0xFF,0xB0,0x64,0x12,0xFF,0xB0,0x64,0x12,0xFF,0xB0,0x64,0x12,0xFF,0xB0,0x64,0x12,0xFF,0xB0,0x64,0x12,0xFF,0xB0,0x64,0x12,0xFF,0xB0,0x64,0x12,0xFF,0xB0,0x64,0x12,0xFF,0xB0,0x64,0x12,0xFF,0xB0,0x64,0x12,0xFF,0xB0,0x64,0x12,0xFF,0xB0,0x64,0x12,0xFF,0xB0,0x64,0x12,0xFF,
    0xB0,0x64,0x12,0xFF,0xB0,0x64,0x12,0xFF,0xB0,0x64,0x12,0xFF,0xB0,0x64,0x12,0xFF,0xB0,0x64,0x12,0xFF,0xB0,0x64,0x12,0xFF,0xB0,0x64,0x12,0xFF,0xB0,0x64,0x12,0xFF,0xB0,0x64,0x12,0xFF,0xB0,0x64,0x12,0xFF,0xB0,0x64,0x12,0xFF,0xB0,0x64,0x12,0xFF,0xB0,0x64,0x12,0xFF,0xB0,0x64,0x12,0xFF,0xB0,0x64,0x12,0xFF,0xB0,0x64,0x12,0xFF,
    0xB0,0x64,0x12,0xFF,0xB0,0x64,0x12,0xFF,0xB0,0x64,0x12,0xFF,0xB0,0x64,0x12,0xFF,0xB0,0x64,0x12,0xFF,0xB0,0x64,0x12,0xFF,0xB0,0x64,0x12,0xFF,0xB0,0x64,0x12,0xFF,0xB0,0x64,0x12,0xFF,0xB0,0x64,0x12,0xFF,0xB0,0x64,0x12,0xFF,0xB0,0x64,0x12,0xFF,0xB0,0x64,0x12,0xFF,0xB0,0x64,0x12,0xFF,0xB0,0x64,0x12,0xFF,0xB0,0x64,0x12,0xFF,
    0xB0,0x64,0x12,0xFF,0xB0,0x64,0x12,0xFF,0xB0,0x64,0x12,0xFF,0xB0,0x64,0x12,0xFF,0xB0,0x64,0x12,0xFF,0xB0,0x64,0x12,0xFF,0xB0,0x64,0x12,0xFF,0xB0,0x64,0x12,0xFF,0xB0,0x64,0x12,0xFF,0xB0,0x64,0x12,0xFF,0xB0,0x64,0x12,0xFF,0xB0,0x64,0x12,0xFF,0xB0,0x64,0x12,0xFF,0xB0,0x64,0x12,0xFF,0xB0,0x64,0x12,0xFF,0xB0,0x64,0x12,0xFF,
    0xB0,0x64,0x12,0xFF,0xB0,0x64,0x12,0xFF,0xB0,0x64,0x12,0xFF,0xB0,0x64,0x12,0xFF,0xB0,0x64,0x12,0xFF,0xB0,0x64,0x12,0xFF,0xB0,0x64,0x12,0xFF,0xB0,0x64,0x12,0xFF,0xB0,0x64,0x12,0xFF,0xB0,0x64,0x12,0xFF,0xB0,0x64,0x12,0xFF,0xB0,0x64,0x12,0xFF,0xB0,0x64,0x12,0xFF,0xB0,0x64,0x12,0xFF,0xB0,0x64,0x12,0xFF,0xB0,0x64,0x12,0xFF,
    0xB0,0x64,0x12,0xFF,0xB0,0x64,0x12,0xFF,0xB0,0x64,0x12,0xFF,0xB0,0x64,0x12,0xFF,0xB0,0x64,0x12,0xFF,0xB0,0x64,0x12,0xFF,0xB0,0x64,0x12,0xFF,0xB0,0x64,0x12,0xFF,0xB0,0x64,0x12,0xFF,0xB0,0x64,0x12,0xFF,0xB0,0x64,0x12,0xFF,0xB0,0x64,0x12,0xFF,0xB0,0x64,0x12,0xFF,0xB0,0x64,0x12,0xFF,0xB0,0x64,0x12,0xFF,0xB0,0x64,0x12,0xFF,
    0xB0,0x64,0x12,0xFF,0xB0,0x64,0x12,0xFF,0xB0,0x64,0x12,0xFF,0xB0,0x64,0x12,0xFF,0xB0,0x64,0x12,0xFF,0xB0,0x64,0x12,0xFF,0xB0,0x64,0x12,0xFF,0xB0,0x64,0x12,0xFF,0xB0,0x64,0x12,0xFF,0xB0,0x64,0x12,0xFF,0xB0,0x64,0x12,0xFF,0xB0,0x64,0x12,0xFF,0xB0,0x64,0x12,0xFF,0xB0,0x64,0x12,0xFF,0xB0,0x64,0x12,0xFF,0xB0,0x64,0x12,0xFF,
    0xB0,0x64,0x12,0xFF,0xB0,0x64,0x12,0xFF,0xB0,0x64,0x12,0xFF,0xB0,0x64,0x12,0xFF,0xB0,0x64,0x12,0xFF,0xB0,0x64,0x12,0xFF,0xB0,0x64,0x12,0xFF,0xB0,0x64,0x12,0xFF,0xB0,0x64,0x12,0xFF,0xB0,0x64,0x12,0xFF,0xB0,0x64,0x12,0xFF,0xB0,0x64,0x12,0xFF,0xB0,0x64,0x12,0xFF,0xB0,0x64,0x12,0xFF,0xB0,0x64,0x12,0xFF,0xB0,0x64,0x12,0xFF,
    0xB0,0x64,0x12,0xFF,0xB0,0x64,0x12,0xFF,0xB0,0x64,0x12,0xFF,0xB0,0x64,0x12,0xFF,0xB0,0x64,0x12,0xFF,0xB0,0x64,0x12,0xFF,0xB0,0x64,0x12,0xFF,0xB0,0x64,0x12,0xFF,0xB0,0x64,0x12,0xFF,0xB0,0x64,0x12,0xFF,0xB0,0x64,0x12,0xFF,0xB0,0x64,0x12,0xFF,0xB0,0x64,0x12,0xFF,0xB0,0x64,0x12,0xFF,0xB0,0x64,0x12,0xFF,0xFE,0xFE,0xFE,0xFF,
    0xFE,0xFE,0xFE,0xFF,0xB0,0x64,0x12,0xFF,0xB0,0x64,0x12,0xFF,0xB0,0x64,0x12,0xFF,0xB0,0x64,0x12,0xFF,0xB0,0x64,0x12,0xFF,0xB0,0x64,0x12,0xFF,0xB0,0x64,0x12,0xFF,0xB0,0x64,0x12,0xFF,0xB0,0x64,0x12,0xFF,0xB0,0x64,0x12,0xFF,0xB0,0x64,0x12,0xFF,0xB0,0x64,0x12,0xFF,0xB0,0x64,0x12,0xFF,0xB0,0x64,0x12,0xFF,0xB0,0x64,0x12,0xFF,
    0xB0,0x64,0x12,0xFF,0xB0,0x64,0x12,0xFF,0xB0,0x64,0x12,0xFF,0xB0,0x64,0x12,0xFF,0xB0,0x64,0x12,0xFF,0xB0,0x64,0x12,0xFF,0xB0,0x64,0x12,0xFF,0xB0,0x64,0x12,0xFF,0xB0,0x64,0x12,0xFF,0xB0,0x64,0x12,0xFF,0xB0,0x64,0x12,0xFF,0xB0,0x64,0x12,0xFF,0xB0,0x64,0x12,0xFF,0xB0,0x64,0x12,0xFF,0xB0,0x64,0x12,0xFF,0xB0,0x64,0x12,0xFF,
    0xB0,0x64,0x12,0xFF,0xB0,0x64,0x12,0xFF,0xB0,0x64,0x12,0xFF,0xB0,0x64,0x12,0xFF,0xB0,0x64,0x12,0xFF,0xB0,0x64,0x12,0xFF,0xB0,0x64,0x12,0xFF,0xB0,0x64,0x12,0xFF,0xB0,0x64,0x12,0xFF,0xB0,0x64,0x12,0xFF,0xB0,0x64,0x12,0xFF,0xB0,0x64,0x12,0xFF,0xB0,0x64,0x12,0xFF,0xB0,0x64,0x12,0xFF,0xB0,0x64,0x12,0xFF,0xB0,0x64,0x12,0xFF,
    0xB0,0x64,0x12,0xFF,0xB0,0x64,0x12,0xFF,0xB0,0x64,0x12,0xFF,0xB0,0x64,0x12,0xFF,0xB0,0x64,0x12,0xFF,0xB0,0x64,0x12,0xFF,0xB0,0x64,0x12,0xFF,0xB0,0x64,0x12,0xFF,0xB0,0x64,0x12,0xFF,0xB0,0x64,0x12,0xFF,0xB0,0x64,0x12,0xFF,0xB0,0x64,0x12,0xFF,0xB0,0x64,0x12,0xFF,0xB0,0x64,0x12,0xFF,0xB0,0x64,0x12,0xFF,0xB0,0x64,0x12,0xFF,
    0xB0,0x64,0x12,0xFF,0xB0,0x64,0x12,0xFF,0xB0,0x64,0x12,0xFF,0xB0,0x64,0x12,0xFF,0xB0,0x64,0x12,0xFF,0xB0,0x64,0x12,0xFF,0xB0,0x64,0x12,0xFF,0xB0,0x64,0x12,0xFF,0xB0,0x64,0x12,0xFF,0xB0,0x64,0x12,0xFF,0xB0,0x64,0x12,0xFF,0xB0,0x64,0x12,0xFF,0xB0,0x64,0x12,0xFF,0xB0,0x64,0x12,0xFF,0xB0,0x64,0x12,0xFF,0xB0,0x64,0x12,0xFF,
    0xB0,0x64,0x12,0xFF,0xB0,0x64,0x12,0xFF,0xB0,0x64,0x12,0xFF,0xB0,0x64,0x12,0xFF,0xB0,0x64,0x12,0xFF,0xB0,0x64,0x12,0xFF,0xB0,0x64,0x12,0xFF,0xB0,0x64,0x12,0xFF,0xB0,0x64,0x12,0xFF,0xB0,0x64,0x12,0xFF,0xB0,0x64,0x12,0xFF,0xB0,0x64,0x12,0xFF,0xB0,0x64,0x12,0xFF,0xB0,0x64,0x12,0xFF,0xB0,0x64,0x12,0xFF,0xB0,0x64,0x12,0xFF,
    0xB0,0x64,0x12,0xFF,0xB0,0x64,0x12,0xFF,0xB0,0x64,0x12,0xFF,0xB0,0x64,0x12,0xFF,0xB0,0x64,0x12,0xFF,0xB0,0x64,0x12,0xFF,0xB0,0x64,0x12,0xFF,0xB0,0x64,0x12,0xFF,0xB0,0x64,0x12,0xFF,0xB0,0x64,0x12,0xFF,0xB0,0x64,0x12,0xFF,0xB0,0x64,0x12,0xFF,0xB0,0x64,0x12,0xFF,0xB0,0x64,0x12,0xFF,0xB0,0x64,0x12,0xFF,0xB0,0x64,0x12,0xFF,
    0xB0,0x64,0x12,0xFF,0xB0,0x64,0x12,0xFF,0xB0,0x64,0x12,0xFF,0xB0,0x64,0x12,0xFF,0xB0,0x64,0x12,0xFF,0xB0,0x64,0x12,0xFF,0xB0,0x64,0x12,0xFF,0xB0,0x64,0x12,0xFF,0xB0,0x64,0x12,0xFF,0xB0,0x64,0x12,0xFF,0xB0,0x64,0x12,0xFF,0xB0,0x64,0x12,0xFF,0xB0,0x64,0x12,0xFF,0xB0,0x64,0x12,0xFF,0xB0,0x64,0x12,0xFF,0xB0,0x64,0x12,0xFF,
    0xB0,0x64,0x12,0xFF,0xB0,0x64,0x12,0xFF,0xB0,0x64,0x12,0xFF,0xB0,0x64,0x12,0xFF,0xB0,0x64,0x12,0xFF,0xB0,0x64,0x12,0xFF,0xB0,0x64,0x12,0xFF,0xB0,0x64,0x12,0xFF,0xB0,0x64,0x12,0xFF,0xB0,0x64,0x12,0xFF,0xB0,0x64,0x12,0xFF,0xB0,0x64,0x12,0xFF,0xB0,0x64,0x12,0xFF,0xB0,0x64,0x12,0xFF,0xB0,0x64,0x12,0xFF,0xB0,0x64,0x12,0xFF,
    0xB0,0x64,0x12,0xFF,0xB0,0x64,0x12,0xFF,0xB0,0x64,0x12,0xFF,0xB0,0x64,0x12,0xFF,0xB0,0x64,0x12,0xFF,0xB0,0x64,0x12,0xFF,0xB0,0x64,0x12,0xFF,0xB0,0x64,0x12,0xFF,0xB0,0x64,0x12,0xFF,0xB0,0x64,0x12,0xFF,0xB0,0x64,0x12,0xFF,0xB0,0x64,0x12,0xFF,0xB0,0x64,0x12,0xFF,0xB0,0x64,0x12,0xFF,0xB0,0x64,0x12,0xFF,0xB0,0x64,0x12,0xFF,
    0xB0,0x64,0x12,0xFF,0xB0,0x64,0x12,0xFF,0xB0,0x64,0x12,0xFF,0xB0,0x64,0x12,0xFF,0xB0,0x64,0x12,0xFF,0xB0,0x64,0x12,0xFF,0xB0,0x64,0x12,0xFF,0xB0,0x64,0x12,0xFF,0xB0,0x64,0x12,0xFF,0xB0,0x64,0x12,0xFF,0xB0,0x64,0x12,0xFF,0xB0,0x64,0x12,0xFF,0xB0,0x64,0x12,0xFF,0xB0,0x64,0x12,0xFF,0xB0,0x64,0x12,0xFF,0xB0,0x64,0x12,0xFF,
    0xB0,0x64,0x12,0xFF,0xB0,0x64,0x12,0xFF,0xB0,0x64,0x12,0xFF,0xFE,0xFE,0xFE,0xFF,0xFE,0xFE,0xFE,0xFF,0xB0,0x64,0x12,0xFF,0xB0,0x64,0x12,0xFF,0xB0,0x64,0x12,0xFF,0xB0,0x64,0x12,0xFF,0xB0,0x64,0x12,0xFF,0xB0,0x64,0x12,0xFF,0xB0,0x64,0x12,0xFF,0xB0,0x64,0x12,0xFF,0xB0,0x64,0x12,0xFF,0xB0,0x64,0x12,0xFF,0xB0,0x64,0x12,0xFF,
    0xB0,0x64,0x12,0xFF,0xB0,0x64,0x12,0xFF,0xB0,0x64,0x12,0xFF,0xB0,0x64,0x12,0xFF,0xB0,0x64,0x12,0xFF,0xB0,0x64,0x12,0xFF,0xB0,0x64,0x12,0xFF,0xB0,0x64,0x12,0xFF,0xB0,0x64,0x12,0xFF,0xB0,0x64,0x12,0xFF,0xB0,0x64,0x12,0xFF,0xB0,0x64,0x12,0xFF,0xB0,0x64,0x12,0xFF,0xB0,0x64,0x12,0xFF,0xB0,0x64,0x12,0xFF,0xB0,0x64,0x12,0xFF,
    0xB0,0x64,0x12,0xFF,0xB0,0x64,0x12,0xFF,0xB0,0x64,0x12,0xFF,0xB0,0x64,0x12,0xFF,0xB0,0x64,0x12,0xFF,0xB0,0x64,0x12,0xFF,0xB0,0x64,0x12,0xFF,0xB0,0x64,0x12,0xFF,0xB0,0x64,0x12,0xFF,0xB0,0x64,0x12,0xFF,0xB0,0x64,0x12,0xFF,0xB0,0x64,0x12,0xFF,0xB0,0x64,0x12,0xFF,0xB0,0x64,0x12,0xFF,0xB0,0x64,0x12,0xFF,0xB0,0x64,0x12,0xFF,
    0xB0,0x64,0x12,0xFF,0xB0,0x64,0x12,0xFF,0xB0,0x64,0x12,0xFF,0xB0,0x64,0x12,0xFF,0xB0,0x64,0x12,0xFF,0xB0,0x64,0x12,0xFF,0xB0,0x64,0x12,0xFF,0xB0,0x64,0x12,0xFF,0xB0,0x64,0x12,0xFF,0xB0,0x64,0x12,0xFF,0xB0,0x64,0x12,0xFF,0xB0,0x64,0x12,0xFF,0xB0,0x64,0x12,0xFF,0xB0,0x64,0x12,0xFF,0xB0,0x64,0x12,0xFF,0xB0,0x64,0x12,0xFF,
    0xB0,0x64,0x12,0xFF,0xB0,0x64,0x12,0xFF,0xB0,0x64,0x12,0xFF,0xB0,0x64,0x12,0xFF,0xB0,0x64,0x12,0xFF,0xB0,0x64,0x12,0xFF,0xB0,0x64,0x12,0xFF,0xB0,0x64,0x12,0xFF,0xB0,0x64,0x12,0xFF,0xB0,0x64,0x12,0xFF,0xB0,0x64,0x12,0xFF,0xB0,0x64,0x12,0xFF,0xB0,0x64,0x12,0xFF,0xB0,0x64,0x12,0xFF,0xB0,0x64,0x12,0xFF,0xB0,0x64,0x12,0xFF,
    0xB0,0x64,0x12,0xFF,0xB0,0x64,0x12,0xFF,0xB0,0x64,0x12,0xFF,0xB0,0x64,0x12,0xFF,0xB0,0x64,0x12,0xFF,0xB0,0x64,0x12,0xFF,0xB0,0x64,0x12,0xFF,0xB0,0x64,0x12,0xFF,0xB0,0x64,0x12,0xFF,0xB0,0x64,0x12,0xFF,0xB0,0x64,0x12,0xFF,0xB0,0x64,0x12,0xFF,0xB0,0x64,0x12,0xFF,0xB0,0x64,0x12,0xFF,0xB0,0x64,0x12,0xFF,0xB0,0x64,0x12,0xFF,
    0xB0,0x64,0x12,0xFF,0xB0,0x64,0x12,0xFF,0xB0,0x64,0x12,0xFF,0xB0,0x64,0x12,0xFF,0xB0,0x64,0x12,0xFF,0xB0,0x64,0x12,0xFF,0xB0,0x64,0x12,0xFF,0xB0,0x64,0x12,0xFF,0xB0,0x64,0x12,0xFF,0xB0,0x64,0x12,0xFF,0xB0,0x64,0x12,0xFF,0xB0,0x64,0x12,0xFF,0xB0,0x64,0x12,0xFF,0xB0,0x64,0x12,0xFF,0xB0,0x64,0x12,0xFF,0xB0,0x64,0x12,0xFF,
    0xB0,0x64,0x12,0xFF,0xB0,0x64,0x12,0xFF,0xB0,0x64,0x12,0xFF,0xB0,0x64,0x12,0xFF,0xB0,0x64,0x12,0xFF,0xB0,0x64,0x12,0xFF,0xB0,0x64,0x12,0xFF,0xB0,0x64,0x12,0xFF,0xB0,0x64,0x12,0xFF,0xB0,0x64,0x12,0xFF,0xB0,0x64,0x12,0xFF,0xB0,0x64,0x12,0xFF,0xB0,0x64,0x12,0xFF,0xB0,0x64,0x12,0xFF,0xB0,0x64,0x12,0xFF,0xB0,0x64,0x12,0xFF,
    0xB0,0x64,0x12,0xFF,0xB0,0x64,0x12,0xFF,0xB0,0x64,0x12,0xFF,0xB0,0x64,0x12,0xFF,0xB0,0x64,0x12,0xFF,0xB0,0x64,0x12,0xFF,0xB0,0x64,0x12,0xFF,0xB0,0x64,0x12,0xFF,0xB0,0x64,0x12,0xFF,0xB0,0x64,0x12,0xFF,0xB0,0x64,0x12,0xFF,0xB0,0x64,0x12,0xFF,0xB0,0x64,0x12,0xFF,0xB0,0x64,0x12,0xFF,0xB0,0x64,0x12,0xFF,0xB0,0x64,0x12,0xFF,
    0xB0,0x64,0x12,0xFF,0xB0,0x64,0x12,0xFF,0xB0,0x64,0x12,0xFF,0xB0,0x64,0x12,0xFF,0xB0,0x64,0x12,0xFF,0xB0,0x64,0x12,0xFF,0xB0,0x64,0x12,0xFF,0xB0,0x64,0x12,0xFF,0xB0,0x64,0x12,0xFF,0xB0,0x64,0x12,0xFF,0xB0,0x64,0x12,0xFF,0xB0,0x64,0x12,0xFF,0xB0,0x64,0x12,0xFF,0xB0,0x64,0x12,0xFF,0xB0,0x64,0x12,0xFF,0xB0,0x64,0x12,0xFF,
    0xB0,0x64,0x12,0xFF,0xB0,0x64,0x12,0xFF,0xB0,0x64,0x12,0xFF,0xB0,0x64,0x12,0xFF,0xB0,0x64,0x12,0xFF,0xB0,0x64,0x12,0xFF,0xB0,0x64,0x12,0xFF,0xB0,0x64,0x12,0xFF,0xB0,0x64,0x12,0xFF,0xB0,0x64,0x12,0xFF,0xB0,0x64,0x12,0xFF,0xB0,0x64,0x12,0xFF,0xB0,0x64,0x12,0xFF,0xB0,0x64,0x12,0xFF,0xB0,0x64,0x12,0xFF,0xB0,0x64,0x12,0xFF,
    0xB0,0x64,0x12,0xFF,0xB0,0x64,0x12,0xFF,0xB0,0x64,0x12,0xFF,0xB0,0x64,0x12,0xFF,0xB0,0x64,0x12,0xFF,0xB0,0x64,0x12,0xFF,0xB0,0x64,0x12,0xFF,0xFE,0xFE,0xFE,0xFF,0xFE,0xFE,0xFE,0xFF,0xB0,0x64,0x12,0xFF,0xB0,0x64,0x12,0xFF,0xB0,0x64,0x12,0xFF,0xB0,0x64,0x12,0xFF,0xB0,0x64,0x12,0xFF,0xB0,0x64,0x12,0xFF,0xB0,0x64,0x12,0xFF,
    0xB0,0x64,0x12,0xFF,0xB0,0x64,0x12,0xFF,0xB0,0x64,0x12,0xFF,0xB0,0x64,0x12,0xFF,0xB0,0x64,0x12,0xFF,0xB0,0x64,0x12,0xFF,0xB0,0x64,0x12,0xFF,0xB0,0x64,0x12,0xFF,0xB0,0x64,0x12,0xFF,0xB0,0x64,0x12,0xFF,0xB0,0x64,0x12,0xFF,0xB0,0x64,0x12,0xFF,0xB0,0x64,0x12,0xFF,0xB0,0x64,0x12,0xFF,0xB0,0x64,0x12,0xFF,0xB0,0x64,0x12,0xFF,
    0xB0,0x64,0x12,0xFF,0xB0,0x64,0x12,0xFF,0xB0,0x64,0x12,0xFF,0xB0,0x64,0x12,0xFF,0xB0,0x64,0x12,0xFF,0xB0,0x64,0x12,0xFF,0xB0,0x64,0x12,0xFF,0xB0,0x64,0x12,0xFF,0xB0,0x64,0x12,0xFF,0xB0,0x64,0x12,0xFF,0xB0,0x64,0x12,0xFF,0xB0,0x64,0x12,0xFF,0xB0,0x64,0x12,0xFF,0xB0,0x64,0x12,0xFF,0xB0,0x64,0x12,0xFF,0xB0,0x64,0x12,0xFF,
    0xB0,0x64,0x12,0xFF,0xB0,0x64,0x12,0xFF,0xB0,0x64,0x12,0xFF,0xB0,0x64,0x12,0xFF,0xB0,0x64,0x12,0xFF,0xB0,0x64,0x12,0xFF,0xB0,0x64,0x12,0xFF,0xB0,0x64,0x12,0xFF,0xB0,0x64,0x12,0xFF,0xB0,0x64,0x12,0xFF,0xB0,0x64,0x12,0xFF,0xB0,0x64,0x12,0xFF,0xB0,0x64,0x12,0xFF,0xB0,0x64,0x12,0xFF,0xB0,0x64,0x12,0xFF,0xB0,0x64,0x12,0xFF,
    0xB0,0x64,0x12,0xFF,0xB0,0x64,0x12,0xFF,0xB0,0x64,0x12,0xFF,0xB0,0x64,0x12,0xFF,0xB0,0x64,0x12,0xFF,0xB0,0x64,0x12,0xFF,0xB0,0x64,0x12,0xFF,0xB0,0x64,0x12,0xFF,0xB0,0x64,0x12,0xFF,0xB0,0x64,0x12,0xFF,0xB0,0x64,0x12,0xFF,0xB0,0x64,0x12,0xFF,0xB0,0x64,0x12,0xFF,0xB0,0x64,0x12,0xFF,0xB0,0x64,0x12,0xFF,0xB0,0x64,0x12,0xFF,
    0xB0,0x64,0x12,0xFF,0xB0,0x64,0x12,0xFF,0xB0,0x64,0x12,0xFF,0xB0,0x64,0x12,0xFF,0xB0,0x64,0x12,0xFF,0xB0,0x64,0x12,0xFF,0xB0,0x64,0x12,0xFF,0xB0,0x64,0x12,0xFF,0xB0,0x64,0x12,0xFF,0xB0,0x64,0x12,0xFF,0xB0,0x64,0x12,0xFF,0xB0,0x64,0x12,0xFF,0xB0,0x64,0x12,0xFF,0xB0,0x64,0x12,0xFF,0xB0,0x64,0x12,0xFF,0xB0,0x64,0x12,0xFF,
    0xB0,0x64,0x12,0xFF,0xB0,0x64,0x12,0xFF,0xB0,0x64,0x12,0xFF,0xB0,0x64,0x12,0xFF,0xB0,0x64,0x12,0xFF,0xB0,0x64,0x12,0xFF,0xB0,0x64,0x12,0xFF,0xB0,0x64,0x12,0xFF,0xB0,0x64,0x12,0xFF,0xB0,0x64,0x12,0xFF,0xB0,0x64,0x12,0xFF,0xB0,0x64,0x12,0xFF,0xB0,0x64,0x12,0xFF,0xB0,0x64,0x12,0xFF,0xB0,0x64,0x12,0xFF,0xB0,0x64,0x12,0xFF,
    0xB0,0x64,0x12,0xFF,0xB0,0x64,0x12,0xFF,0xB0,0x64,0x12,0xFF,0xB0,0x64,0x12,0xFF,0xB0,0x64,0x12,0xFF,0xB0,0x64,0x12,0xFF,0xB0,0x64,0x12,0xFF,0xB0,0x64,0x12,0xFF,0xB0,0x64,0x12,0xFF,0xB0,0x64,0x12,0xFF,0xB0,0x64,0x12,0xFF,0xB0,0x64,0x12,0xFF,0xB0,0x64,0x12,0xFF,0xB0,0x64,0x12,0xFF,0xB0,0x64,0x12,0xFF,0xB0,0x64,0x12,0xFF,
    0xB0,0x64,0x12,0xFF,0xB0,0x64,0x12,0xFF,0xB0,0x64,0x12,0xFF,0xB0,0x64,0x12,0xFF,0xB0,0x64,0x12,0xFF,0xB0,0x64,0x12,0xFF,0xB0,0x64,0x12,0xFF,0xB0,0x64,0x12,0xFF,0xB0,0x64,0x12,0xFF,0xB0,0x64,0x12,0xFF,0xB0,0x64,0x12,0xFF,0xB0,0x64,0x12,0xFF,0xB0,0x64,0x12,0xFF,0xB0,0x64,0x12,0xFF,0xB0,0x64,0x12,0xFF,0xB0,0x64,0x12,0xFF,
    0xB0,0x64,0x12,0xFF,0xB0,0x64,0x12,0xFF,0xB0,0x64,0x12,0xFF,0xB0,0x64,0x12,0xFF,0xB0,0x64,0x12,0xFF,0xB0,0x64,0x12,0xFF,0xB0,0x64,0x12,0xFF,0xB0,0x64,0x12,0xFF,0xB0,0x64,0x12,0xFF,0xB0,0x64,0x12,0xFF,0xB0,0x64,0x12,0xFF,0xB0,0x64,0x12,0xFF,0xB0,0x64,0x12,0xFF,0xB0,0x64,0x12,0xFF,0xB0,0x64,0x12,0xFF,0xB0,0x64,0x12,0xFF,
    0xB0,0x64,0x12,0xFF,0xB0,0x64,0x12,0xFF,0xB0,0x64,0x12,0xFF,0xB0,0x64,0x12,0xFF,0xB0,0x64,0x12,0xFF,0xB0,0x64,0x12,0xFF,0xB0,0x64,0x12,0xFF,0xB0,0x64,0x12,0xFF,0xB0,0x64,0x12,0xFF,0xB0,0x64,0x12,0xFF,0xB0,0x64,0x12,0xFF,0xB0,0x64,0x12,0xFF,0xB0,0x64,0x12,0xFF,0xB0,0x64,0x12,0xFF,0xB0,0x64,0x12,0xFF,0xB0,0x64,0x12,0xFF,
    0xB0,0x64,0x12,0xFF,0xB0,0x64,0x12,0xFF,0xB0,0x64,0x12,0xFF,0xB0,0x64,0x12,0xFF,0xB0,0x64,0x12,0xFF,0xB0,0x64,0x12,0xFF,0xB0,0x64,0x12,0xFF,0xB0,0x64,0x12,0xFF,0xB0,0x64,0x12,0xFF,0xB0,0x64,0x12,0xFF,0xB0,0x64,0x12,0xFF,0xFE,0xFE,0xFE,0xFF,0xFE,0xFE,0xFE,0xFF,0xB0,0x64,0x12,0xFF,0xB0,0x64,0x12,0xFF,0xB0,0x64,0x12,0xFF,
    0xB0,0x64,0x12,0xFF,0xB0,0x64,0x12,0xFF,0xB0,0x64,0x12,0xFF,0xB0,0x64,0x12,0xFF,0xB0,0x64,0x12,0xFF,0xB0,0x64,0x12,0xFF,0xB0,0x64,0x12,0xFF,0xB0,0x64,0x12,0xFF,0xB0,0x64,0x12,0xFF,0xB0,0x64,0x12,0xFF,0xB0,0x64,0x12,0xFF,0xB0,0x64,0x12,0xFF,0xB0,0x64,0x12,0xFF,0xB0,0x64,0x12,0xFF,0xB0,0x64,0x12,0xFF,0xB0,0x64,0x12,0xFF,
    0xB0,0x64,0x12,0xFF,0xB0,0x64,0x12,0xFF,0xB0,0x64,0x12,0xFF,0xB0,0x64,0x12,0xFF,0xB0,0x64,0x12,0xFF,0xB0,0x64,0x12,0xFF,0xB0,0x64,0x12,0xFF,0xB0,0x64,0x12,0xFF,0xB0,0x64,0x12,0xFF,0xB0,0x64,0x12,0xFF,0xB0,0x64,0x12,0xFF,0xB0,0x64,0x12,0xFF,0xB0,0x64,0x12,0xFF,0xB0,0x64,0x12,0xFF,0xB0,0x64,0x12,0xFF,0xB0,0x64,0x12,0xFF,
    0xB0,0x64,0x12,0xFF,0xB0,0x64,0x12,0xFF,0xB0,0x64,0x12,0xFF,0xB0,0x64,0x12,0xFF,0xB0,0x64,0x12,0xFF,0xB0,0x64,0x12,0xFF,0xB0,0x64,0x12,0xFF,0xB0,0x64,0x12,0xFF,0xB0,0x64,0x12,0xFF,0xB0,0x64,0x12,0xFF,0xB0,0x64,0x12,0xFF,0xB0,0x64,0x12,0xFF,0xB0,0x64,0x12,0xFF,0xB0,0x64,0x12,0xFF,0xB0,0x64,0x12,0xFF,0xB0,0x64,0x12,0xFF,
    0xB0,0x64,0x12,0xFF,0xB0,0x64,0x12,0xFF,0xB0,0x64,0x12,0xFF,0xB0,0x64,0x12,0xFF,0xB0,0x64,0x12,0xFF,0xB0,0x64,0x12,0xFF,0xB0,0x64,0x12,0xFF,0xB0,0x64,0x12,0xFF,0xB0,0x64,0x12,0xFF,0xB0,0x64,0x12,0xFF,0xB0,0x64,0x12,0xFF,0xB0,0x64,0x12,0xFF,0xB0,0x64,0x12,0xFF,0xB0,0x64,0x12,0xFF,0xB0,0x64,0x12,0xFF,0xB0,0x64,0x12,0xFF,
    0xB0,0x64,0x12,0xFF,0xB0,0x64,0x12,0xFF,0xB0,0x64,0x12,0xFF,0xB0,0x64,0x12,0xFF,0xB0,0x64,0x12,0xFF,0xB0,0x64,0x12,0xFF,0xB0,0x64,0x12,0xFF,0xB0,0x64,0x12,0xFF,0xB0,0x64,0x12,0xFF,0xB0,0x64,0x12,0xFF,0xB0,0x64,0x12,0xFF,0xB0,0x64,0x12,0xFF,0xB0,0x64,0x12,0xFF,0xB0,0x64,0x12,0xFF,0xB0,0x64,0x12,0xFF,0xB0,0x64,0x12,0xFF,
    0xB0,0x64,0x12,0xFF,0xB0,0x64,0x12,0xFF,0xB0,0x64,0x12,0xFF,0xB0,0x64,0x12,0xFF,0xB0,0x64,0x12,0xFF,0xB0,0x64,0x12,0xFF,0xB0,0x64,0x12,0xFF,0xB0,0x64,0x12,0xFF,0xB0,0x64,0x12,0xFF,0xB0,0x64,0x12,0xFF,0xB0,0x64,0x12,0xFF,0xB0,0x64,0x12,0xFF,0xB0,0x64,0x12,0xFF,0xB0,0x64,0x12,0xFF,0xB0,0x64,0x12,0xFF,0xB0,0x64,0x12,0xFF,
    0xB0,0x64,0x12,0xFF,0xB0,0x64,0x12,0xFF,0xB0,0x64,0x12,0xFF,0xB0,0x64,0x12,0xFF,0xB0,0x64,0x12,0xFF,0xB0,0x64,0x12,0xFF,0xB0,0x64,0x12,0xFF,0xB0,0x64,0x12,0xFF,0xB0,0x64,0x12,0xFF,0xB0,0x64,0x12,0xFF,0xB0,0x64,0x12,0xFF,0xB0,0x64,0x12,0xFF,0xB0,0x64,0x12,0xFF,0xB0,0x64,0x12,0xFF,0xB0,0x64,0x12,0xFF,0xB0,0x64,0x12,0xFF,
    0xB0,0x64,0x12,0xFF,0xB0,0x64,0x12,0xFF,0xB0,0x64,0x12,0xFF,0xB0,0x64,0x12,0xFF,0xB0,0x64,0x12,0xFF,0xB0,0x64,0x12,0xFF,0xB0,0x64,0x12,0xFF,0xB0,0x64,0x12,0xFF,0xB0,0x64,0x12,0xFF,0xB0,0x64,0x12,0xFF,0xB0,0x64,0x12,0xFF,0xB0,0x64,0x12,0xFF,0xB0,0x64,0x12,0xFF,0xB0,0x64,0x12,0xFF,0xB0,0x64,0x12,0xFF,0xB0,0x64,0x12,0xFF,
    0xB0,0x64,0x12,0xFF,0xB0,0x64,0x12,0xFF,0xB0,0x64,0x12,0xFF,0xB0,0x64,0x12,0xFF,0xB0,0x64,0x12,0xFF,0xB0,0x64,0x12,0xFF,0xB0,0x64,0x12,0xFF,0xB0,0x64,0x12,0xFF,0xB0,0x64,0x12,0xFF,0xB0,0x64,0x12,0xFF,0xB0,0x64,0x12,0xFF,0xB0,0x64,0x12,0xFF,0xB0,0x64,0x12,0xFF,0xB0,0x64,0x12,0xFF,0xB0,0x64,0x12,0xFF,0xB0,0x64,0x12,0xFF,
    0xB0,0x64,0x12,0xFF,0xB0,0x64,0x12,0xFF,0xB0,0x64,0x12,0xFF,0xB0,0x64,0x12,0xFF,0xB0,0x64,0x12,0xFF,0xB0,0x64,0x12,0xFF,0xB0,0x64,0x12,0xFF,0xB0,0x64,0x12,0xFF,0xB0,0x64,0x12,0xFF,0xB0,0x64,0x12,0xFF,0xB0,0x64,0x12,0xFF,0xB0,0x64,0x12,0xFF,0xB0,0x64,0x12,0xFF,0xB0,0x64,0x12,0xFF,0xB0,0x64,0x12,0xFF,0xB0,0x64,0x12,0xFF,
    0xB0,0x64,0x12,0xFF,0xB0,0x64,0x12,0xFF,0xB0,0x64,0x12,0xFF,0xB0,0x64,0x12,0xFF,0xB0,0x64,0x12,0xFF,0xB0,0x64,0x12,0xFF,0xB0,0x64,0x12,0xFF,0xB0,0x64,0x12,0xFF,0xB0,0x64,0x12,0xFF,0xB0,0x64,0x12,0xFF,0xB0,0x64,0x12,0xFF,0xB0,0x64,0x12,0xFF,0xB0,0x64,0x12,0xFF,0xB0,0x64,0x12,0xFF,0xB0,0x64,0x12,0xFF,0xFE,0xFE,0xFE,0xFF,
    0xFE,0xFE,0xFE,0xFF,0xB0,0x64,0x12,0xFF,0xB0,0x64,0x12,0xFF,0xB0,0x64,0x12,0xFF,0xB0,0x64,0x12,0xFF,0xB0,0x64,0x12,0xFF,0xB0,0x64,0x12,0xFF,0xB0,0x64,0x12,0xFF,0xB0,0x64,0x12,0xFF,0xB0,0x64,0x12,0xFF,0xB0,0x64,0x12,0xFF,0xB0,0x64,0x12,0xFF,0xB0,0x64,0x12,0xFF,0xB0,0x64,0x12,0xFF,0xB0,0x64,0x12,0xFF,0xB0,0x64,0x12,0xFF,
    0xB0,0x64,0x12,0xFF,0xB0,0x64,0x12,0xFF,0xB0,0x64,0x12,0xFF,0xB0,0x64,0x12,0xFF,0xB0,0x64,0x12,0xFF,0xB0,0x64,0x12,0xFF,0xB0,0x64,0x12,0xFF,0xB0,0x64,0x12,0xFF,0xB0,0x64,0x12,0xFF,0xB0,0x64,0x12,0xFF,0xB0,0x64,0x12,0xFF,0xB0,0x64,0x12,0xFF,0xB0,0x64,0x12,0xFF,0xB0,0x64,0x12,0xFF,0xB0,0x64,0x12,0xFF,0xB0,0x64,0x12,0xFF,
    0xB0,0x64,0x12,0xFF,0xB0,0x64,0x12,0xFF,0xB0,0x64,0x12,0xFF,0xB0,0x64,0x12,0xFF,0xB0,0x64,0x12,0xFF,0xB0,0x64,0x12,0xFF,0xB0,0x64,0x12,0xFF,0xB0,0x64,0x12,0xFF,0xB0,0x64,0x12,0xFF,0xB0,0x64,0x12,0xFF,0xB0,0x64,0x12,0xFF,0xB0,0x64,0x12,0xFF,0xB0,0x64,0x12,0xFF,0xB0,0x64,0x12,0xFF,0xB0,0x64,0x12,0xFF,0xB0,0x64,0x12,0xFF,
    0xB0,0x64,0x12,0xFF,0xB0,0x64,0x12,0xFF,0xB0,0x64,0x12,0xFF,0xB0,0x64,0x12,0xFF,0xB0,0x64,0x12,0xFF,0xB0,0x64,0x12,0xFF,0xB0,0x64,0x12,0xFF,0xB0,0x64,0x12,0xFF,0xB0,0x64,0x12,0xFF,0xB0,0x64,0x12,0xFF,0xB0,0x64,0x12,0xFF,0xB0,0x64,0x12,0xFF,0xB0,0x64,0x12,0xFF,0xB0,0x64,0x12,0xFF,0xB0,0x64,0x12,0xFF,0xB0,0x64,0x12,0xFF,
    0xB0,0x64,0x12,0xFF,0xB0,0x64,0x12,0xFF,0xB0,0x64,0x12,0xFF,0xB0,0x64,0x12,0xFF,0xB0,0x64,0x12,0xFF,0xB0,0x64,0x12,0xFF,0xB0,0x64,0x12,0xFF,0xB0,0x64,0x12,0xFF,0xB0,0x64,0x12,0xFF,0xB0,0x64,0x12,0xFF,0xB0,0x64,0x12,0xFF,0xB0,0x64,0x12,0xFF,0xB0,0x64,0x12,0xFF,0xB0,0x64,0x12,0xFF,0xB0,0x64,0x12,0xFF,0xB0,0x64,0x12,0xFF,
    0xB0,0x64,0x12,0xFF,0xB0,0x64,0x12,0xFF,0xB0,0x64,0x12,0xFF,0xB0,0x64,0x12,0xFF,0xB0,0x64,0x12,0xFF,0xB0,0x64,0x12,0xFF,0xB0,0x64,0x12,0xFF,0xB0,0x64,0x12,0xFF,0xB0,0x64,0x12,0xFF,0xB0,0x64,0x12,0xFF,0xB0,0x64,0x12,0xFF,0xB0,0x64,0x12,0xFF,0xB0,0x64,0x12,0xFF,0xB0,0x64,0x12,0xFF,0xB0,0x64,0x12,0xFF,0xB0,0x64,0x12,0xFF,
    0xB0,0x64,0x12,0xFF,0xB0,0x64,0x12,0xFF,0xB0,0x64,0x12,0xFF,0xB0,0x64,0x12,0xFF,0xB0,0x64,0x12,0xFF,0xB0,0x64,0x12,0xFF,0xB0,0x64,0x12,0xFF,0xB0,0x64,0x12,0xFF,0xB0,0x64,0x12,0xFF,0xB0,0x64,0x12,0xFF,0xB0,0x64,0x12,0xFF,0xB0,0x64,0x12,0xFF,0xB0,0x64,0x12,0xFF,0xB0,0x64,0x12,0xFF,0xB0,0x64,0x12,0xFF,0xB0,0x64,0x12,0xFF,
    0xB0,0x64,0x12,0xFF,0xB0,0x64,0x12,0xFF,0xB0,0x64,0x12,0xFF,0xB0,0x64,0x12,0xFF,0xB0,0x64,0x12,0xFF,0xB0,0x64,0x12,0xFF,0xB0,0x64,0x12,0xFF,0xB0,0x64,0x12,0xFF,0xB0,0x64,0x12,0xFF,0xB0,0x64,0x12,0xFF,0xB0,0x64,0x12,0xFF,0xB0,0x64,0x12,0xFF,0xB0,0x64,0x12,0xFF,0xB0,0x64,0x12,0xFF,0xB0,0x64,0x12,0xFF,0xB0,0x64,0x12,0xFF,
    0xB0,0x64,0x12,0xFF,0xB0,0x64,0x12,0xFF,0xB0,0x64,0x12,0xFF,0xB0,0x64,0x12,0xFF,0xB0,0x64,0x12,0xFF,0xB0,0x64,0x12,0xFF,0xB0,0x64,0x12,0xFF,0xB0,0x64,0x12,0xFF,0xB0,0x64,0x12,0xFF,0xB0,0x64,0x12,0xFF,0xB0,0x64,0x12,0xFF,0xB0,0x64,0x12,0xFF,0xB0,0x64,0x12,0xFF,0xB0,0x64,0x12,0xFF,0xB0,0x64,0x12,0xFF,0xB0,0x64,0x12,0xFF,
    0xB0,0x64,0x12,0xFF,0xB0,0x64,0x12,0xFF,0xB0,0x64,0x12,0xFF,0xB0,0x64,0x12,0xFF,0xB0,0x64,0x12,0xFF,0xB0,0x64,0x12,0xFF,0xB0,0x64,0x12,0xFF,0xB0,0x64,0x12,0xFF,0xB0,0x64,0x12,0xFF,0xB0,0x64,0x12,0xFF,0xB0,0x64,0x12,0xFF,0xB0,0x64,0x12,0xFF,0xB0,0x64,0x12,0xFF,0xB0,0x64,0x12,0xFF,0xB0,0x64,0x12,0xFF,0xB0,0x64,0x12,0xFF,
    0xB0,0x64,0x12,0xFF,0xB0,0x64,0x12,0xFF,0xB0,0x64,0x12,0xFF,0xB0,0x64,0x12,0xFF,0xB0,0x64,0x12,0xFF,0xB0,0x64,0x12,0xFF,0xB0,0x64,0x12,0xFF,0xB0,0x64,0x12,0xFF,0xB0,0x64,0x12,0xFF,0xB0,0x64,0x12,0xFF,0xB0,0x64,0x12,0xFF,0xB0,0x64,0x12,0xFF,0xB0,0x64,0x12,0xFF,0xB0,0x64,0x12,0xFF,0xB0,0x64,0x12,0xFF,0xB0,0x64,0x12,0xFF,
    0xB0,0x64,0x12,0xFF,0xB0,0x64,0x12,0xFF,0xB0,0x64,0x12,0xFF,0xFE,0xFE,0xFE,0xFF,0xFE,0xFE,0xFE,0xFF,0xB0,0x64,0x12,0xFF,0xB0,0x64,0x12,0xFF,0xB0,0x64,0x12,0xFF,0xB0,0x64,0x12,0xFF,0xB0,0x64,0x12,0xFF,0xB0,0x64,0x12,0xFF,0xB0,0x64,0x12,0xFF,0xB0,0x64,0x12,0xFF,0xB0,0x64,0x12,0xFF,0xB0,0x64,0x12,0xFF,0xB0,0x64,0x12,0xFF,
    0xB0,0x64,0x12,0xFF,0xB0,0x64,0x12,0xFF,0xB0,0x64,0x12,0xFF,0xB0,0x64,0x12,0xFF,0xB0,0x64,0x12,0xFF,0xB0,0x64,0x12,0xFF,0xB0,0x64,0x12,0xFF,0xB0,0x64,0x12,0xFF,0xB0,0x64,0x12,0xFF,0xB0,0x64,0x12,0xFF,0xB0,0x64,0x12,0xFF,0xB0,0x64,0x12,0xFF,0xB0,0x64,0x12,0xFF,0xB0,0x64,0x12,0xFF,0xB0,0x64,0x12,0xFF,0xB0,0x64,0x12,0xFF,
    0xB0,0x64,0x12,0xFF,0xB0,0x64,0x12,0xFF,0xB0,0x64,0x12,0xFF,0xB0,0x64,0x12,0xFF,0xB0,0x64,0x12,0xFF,0xB0,0x64,0x12,0xFF,0xB0,0x64,0x12,0xFF,0xB0,0x64,0x12,0xFF,0xB0,0x64,0x12,0xFF,0xB0,0x64,0x12,0xFF,0xB0,0x64,0x12,0xFF,0xB0,0x64,0x12,0xFF,0xB0,0x64,0x12,0xFF,0xB0,0x64,0x12,0xFF,0xB0,0x64,0x12,0xFF,0xB0,0x64,0x12,0xFF,
    0xB0,0x64,0x12,0xFF,0xB0,0x64,0x12,0xFF,0xB0,0x64,0x12,0xFF,0xB0,0x64,0x12,0xFF,0xB0,0x64,0x12,0xFF,0xB0,0x64,0x12,0xFF,0xB0,0x64,0x12,0xFF,0xB0,0x64,0x12,0xFF,0xB0,0x64,0x12,0xFF,0xB0,0x64,0x12,0xFF,0xB0,0x64,0x12,0xFF,0xB0,0x64,0x12,0xFF,0xB0,0x64,0x12,0xFF,0xB0,0x64,0x12,0xFF,0xB0,0x64,0x12,0xFF,0xB0,0x64,0x12,0xFF,
    0xB0,0x64,0x12,0xFF,0xB0,0x64,0x12,0xFF,0xB0,0x64,0x12,0xFF,0xB0,0x64,0x12,0xFF,0xB0,0x64,0x12,0xFF,0xB0,0x64,0x12,0xFF,0xB0,0x64,0x12,0xFF,0xB0,0x64,0x12,0xFF,0xB0,0x64,0x12,0xFF,0xB0,0x64,0x12,0xFF,0xB0,0x64,0x12,0xFF,0xB0,0x64,0x12,0xFF,0xB0,0x64,0x12,0xFF,0xB0,0x64,0x12,0xFF,0xB0,0x64,0x12,0xFF,0xB0,0x64,0x12,0xFF,
    0xB0,0x64,0x12,0xFF,0xB0,0x64,0x12,0xFF,0xB0,0x64,0x12,0xFF,0xB0,0x64,0x12,0xFF,0xB0,0x64,0x12,0xFF,0xB0,0x64,0x12,0xFF,0xB0,0x64,0x12,0xFF,0xB0,0x64,0x12,0xFF,0xB0,0x64,0x12,0xFF,0xB0,0x64,0x12,0xFF,0xB0,0x64,0x12,0xFF,0xB0,0x64,0x12,0xFF,0xB0,0x64,0x12,0xFF,0xB0,0x64,0x12,0xFF,0xB0,0x64,0x12,0xFF,0xB0,0x64,0x12,0xFF,
    0xB0,0x64,0x12,0xFF,0xB0,0x64,0x12,0xFF,0xB0,0x64,0x12,0xFF,0xB0,0x64,0x12,0xFF,0xB0,0x64,0x12,0xFF,0xB0,0x64,0x12,0xFF,0xB0,0x64,0x12,0xFF,0xB0,0x64,0x12,0xFF,0xB0,0x64,0x12,0xFF,0xB0,0x64,0x12,0xFF,0xB0,0x64,0x12,0xFF,0xB0,0x64,0x12,0xFF,0xB0,0x64,0x12,0xFF,0xB0,0x64,0x12,0xFF,0xB0,0x64,0x12,0xFF,0xB0,0x64,0x12,0xFF,
    0xB0,0x64,0x12,0xFF,0xB0,0x64,0x12,0xFF,0xB0,0x64,0x12,0xFF,0xB0,0x64,0x12,0xFF,0xB0,0x64,0x12,0xFF,0xB0,0x64,0x12,0xFF,0xB0,0x64,0x12,0xFF,0xB0,0x64,0x12,0xFF,0xB0,0x64,0x12,0xFF,0xB0,0x64,0x12,0xFF,0xB0,0x64,0x12,0xFF,0xB0,0x64,0x12,0xFF,0xB0,0x64,0x12,0xFF,0xB0,0x64,0x12,0xFF,0xB0,0x64,0x12,0xFF,0xB0,0x64,0x12,0xFF,
    0xB0,0x64,0x12,0xFF,0xB0,0x64,0x12,0xFF,0xB0,0x64,0x12,0xFF,0xB0,0x64,0x12,0xFF,0xB0,0x64,0x12,0xFF,0xB0,0x64,0x12,0xFF,0xB0,0x64,0x12,0xFF,0xB0,0x64,0x12,0xFF,0xB0,0x64,0x12,0xFF,0xB0,0x64,0x12,0xFF,0xB0,0x64,0x12,0xFF,0xB0,0x64,0x12,0xFF,0xB0,0x64,0x12,0xFF,0xB0,0x64,0x12,0xFF,0xB0,0x64,0x12,0xFF,0xB0,0x64,0x12,0xFF,
    0xB0,0x64,0x12,0xFF,0xB0,0x64,0x12,0xFF,0xB0,0x64,0x12,0xFF,0xB0,0x64,0x12,0xFF,0xB0,0x64,0x12,0xFF,0xB0,0x64,0x12,0xFF,0xB0,0x64,0x12,0xFF,0xB0,0x64,0x12,0xFF,0xB0,0x64,0x12,0xFF,0xB0,0x64,0x12,0xFF,0xB0,0x64,0x12,0xFF,0xB0,0x64,0x12,0xFF,0xB0,0x64,0x12,0xFF,0xB0,0x64,0x12,0xFF,0xB0,0x64,0x12,0xFF,0xB0,0x64,0x12,0xFF,
    0xB0,0x64,0x12,0xFF,0xB0,0x64,0x12,0xFF,0xB0,0x64,0x12,0xFF,0xB0,0x64,0x12,0xFF,0xB0,0x64,0x12,0xFF,0xB0,0x64,0x12,0xFF,0xB0,0x64,0x12,0xFF,0xB0,0x64,0x12,0xFF,0xB0,0x64,0x12,0xFF,0xB0,0x64,0x12,0xFF,0xB0,0x64,0x12,0xFF,0xB0,0x64,0x12,0xFF,0xB0,0x64,0x12,0xFF,0xB0,0x64,0x12,0xFF,0xB0,0x64,0x12,0xFF,0xB0,0x64,0x12,0xFF,
    0xB0,0x64,0x12,0xFF,0xB0,0x64,0x12,0xFF,0xB0,0x64,0x12,0xFF,0xB0,0x64,0x12,0xFF,0xB0,0x64,0x12,0xFF,0xB0,0x64,0x12,0xFF,0xB0,0x64,0x12,0xFF,0xFE,0xFE,0xFE,0xFF,0xFE,0xFE,0xFE,0xFF,0xB0,0x64,0x12,0xFF,0xB0,0x64,0x12,0xFF,0xB0,0x64,0x12,0xFF,0xB0,0x64,0x12,0xFF,0xB0,0x64,0x12,0xFF,0xB0,0x64,0x12,0xFF,0xB0,0x64,0x12,0xFF,
    0xB0,0x64,0x12,0xFF,0xB0,0x64,0x12,0xFF,0xB0,0x64,0x12,0xFF,0xB0,0x64,0x12,0xFF,0xB0,0x64,0x12,0xFF,0xB0,0x64,0x12,0xFF,0xB0,0x64,0x12,0xFF,0xB0,0x64,0x12,0xFF,0xB0,0x64,0x12,0xFF,0xB0,0x64,0x12,0xFF,0xB0,0x64,0x12,0xFF,0xB0,0x64,0x12,0xFF,0xB0,0x64,0x12,0xFF,0xB0,0x64,0x12,0xFF,0xB0,0x64,0x12,0xFF,0xB0,0x64,0x12,0xFF,
    0xB0,0x64,0x12,0xFF,0xB0,0x64,0x12,0xFF,0xB0,0x64,0x12,0xFF,0xB0,0x64,0x12,0xFF,0xB0,0x64,0x12,0xFF,0xB0,0x64,0x12,0xFF,0xB0,0x64,0x12,0xFF,0xB0,0x64,0x12,0xFF,0xB0,0x64,0x12,0xFF,0xB0,0x64,0x12,0xFF,0xB0,0x64,0x12,0xFF,0xB0,0x64,0x12,0xFF,0xB0,0x64,0x12,0xFF,0xB0,0x64,0x12,0xFF,0xB0,0x64,0x12,0xFF,0xB0,0x64,0x12,0xFF,
    0xB0,0x64,0x12,0xFF,0xB0,0x64,0x12,0xFF,0xB0,0x64,0x12,0xFF,0xB0,0x64,0x12,0xFF,0xB0,0x64,0x12,0xFF,0xB0,0x64,0x12,0xFF,0xB0,0x64,0x12,0xFF,0xB0,0x64,0x12,0xFF,0xB0,0x64,0x12,0xFF,0xB0,0x64,0x12,0xFF,0xB0,0x64,0x12,0xFF,0xB0,0x64,0x12,0xFF,0xB0,0x64,0x12,0xFF,0xB0,0x64,0x12,0xFF,0xB0,0x64,0x12,0xFF,0xB0,0x64,0x12,0xFF,
    0xB0,0x64,0x12,0xFF,0xB0,0x64,0x12,0xFF,0xB0,0x64,0x12,0xFF,0xB0,0x64,0x12,0xFF,0xB0,0x64,0x12,0xFF,0xB0,0x64,0x12,0xFF,0xB0,0x64,0x12,0xFF,0xB0,0x64,0x12,0xFF,0xB0,0x64,0x12,0xFF,0xB0,0x64,0x12,0xFF,0xB0,0x64,0x12,0xFF,0xB0,0x64,0x12,0xFF,0xB0,0x64,0x12,0xFF,0xB0,0x64,0x12,0xFF,0xB0,0x64,0x12,0xFF,0xB0,0x64,0x12,0xFF,
    0xB0,0x64,0x12,0xFF,0xB0,0x64,0x12,0xFF,0xB0,0x64,0x12,0xFF,0xB0,0x64,0x12,0xFF,0xB0,0x64,0x12,0xFF,0xB0,0x64,0x12,0xFF,0xB0,0x64,0x12,0xFF,0xB0,0x64,0x12,0xFF,0xB0,0x64,0x12,0xFF,0xB0,0x64,0x12,0xFF,0xB0,0x64,0x12,0xFF,0xB0,0x64,0x12,0xFF,0xB0,0x64,0x12,0xFF,0xB0,0x64,0x12,0xFF,0xB0,0x64,0x12,0xFF,0xB0,0x64,0x12,0xFF,
    0xB0,0x64,0x12,0xFF,0xB0,0x64,0x12,0xFF,0xB0,0x64,0x12,0xFF,0xB0,0x64,0x12,0xFF,0xB0,0x64,0x12,0xFF,0xB0,0x64,0x12,0xFF,0xB0,0x64,0x12,0xFF,0xB0,0x64,0x12,0xFF,0xB0,0x64,0x12,0xFF,0xB0,0x64,0x12,0xFF,0xB0,0x64,0x12,0xFF,0xB0,0x64,0x12,0xFF,0xB0,0x64,0x12,0xFF,0xB0,0x64,0x12,0xFF,0xB0,0x64,0x12,0xFF,0xB0,0x64,0x12,0xFF,
    0xB0,0x64,0x12,0xFF,0xB0,0x64,0x12,0xFF,0xB0,0x64,0x12,0xFF,0xB0,0x64,0x12,0xFF,0xB0,0x64,0x12,0xFF,0xB0,0x64,0x12,0xFF,0xB0,0x64,0x12,0xFF,0xB0,0x64,0x12,0xFF,0xB0,0x64,0x12,0xFF,0xB0,0x64,0x12,0xFF,0xB0,0x64,0x12,0xFF,0xB0,0x64,0x12,0xFF,0xB0,0x64,0x12,0xFF,0xB0,0x64,0x12,0xFF,0xB0,0x64,0x12,0xFF,0xB0,0x64,0x12,0xFF,
    0xB0,0x64,0x12,0xFF,0xB0,0x64,0x12,0xFF,0xB0,0x64,0x12,0xFF,0xB0,0x64,0x12,0xFF,0xB0,0x64,0x12,0xFF,0xB0,0x64,0x12,0xFF,0xB0,0x64,0x12,0xFF,0xB0,0x64,0x12,0xFF,0xB0,0x64,0x12,0xFF,0xB0,0x64,0x12,0xFF,0xB0,0x64,0x12,0xFF,0xB0,0x64,0x12,0xFF,0xB0,0x64,0x12,0xFF,0xB0,0x64,0x12,0xFF,0xB0,0x64,0x12,0xFF,0xB0,0x64,0x12,0xFF,
    0xB0,0x64,0x12,0xFF,0xB0,0x64,0x12,0xFF,0xB0,0x64,0x12,0xFF,0xB0,0x64,0x12,0xFF,0xB0,0x64,0x12,0xFF,0xB0,0x64,0x12,0xFF,0xB0,0x64,0x12,0xFF,0xB0,0x64,0x12,0xFF,0xB0,0x64,0x12,0xFF,0xB0,0x64,0x12,0xFF,0xB0,0x64,0x12,0xFF,0xB0,0x64,0x12,0xFF,0xB0,0x64,0x12,0xFF,0xB0,0x64,0x12,0xFF,0xB0,0x64,0x12,0xFF,0xB0,0x64,0x12,0xFF,
    0xB0,0x64,0x12,0xFF,0xB0,0x64,0x12,0xFF,0xB0,0x64,0x12,0xFF,0xB0,0x64,0x12,0xFF,0xB0,0x64,0x12,0xFF,0xB0,0x64,0x12,0xFF,0xB0,0x64,0x12,0xFF,0xB0,0x64,0x12,0xFF,0xB0,0x64,0x12,0xFF,0xB0,0x64,0x12,0xFF,0xB0,0x64,0x12,0xFF,0xB0,0x64,0x12,0xFF,0xB0,0x64,0x12,0xFF,0xB0,0x64,0x12,0xFF,0xB0,0x64,0x12,0xFF,0xB0,0x64,0x12,0xFF,
    0xB0,0x64,0x12,0xFF,0xB0,0x64,0x12,0xFF,0xB0,0x64,0x12,0xFF,0xB0,0x64,0x12,0xFF,0xB0,0x64,0x12,0xFF,0xB0,0x64,0x12,0xFF,0xB0,0x64,0x12,0xFF,0xB0,0x64,0x12,0xFF,0xB0,0x64,0x12,0xFF,0xB0,0x64,0x12,0xFF,0xB0,0x64,0x12,0xFF,0xFE,0xFE,0xFE,0xFF,0xFE,0xFE,0xFE,0xFF,0xB0,0x64,0x12,0xFF,0xB0,0x64,0x12,0xFF,0xB0,0x64,0x12,0xFF,
    0xB0,0x64,0x12,0xFF,0xB0,0x64,0x12,0xFF,0xB0,0x64,0x12,0xFF,0xB0,0x64,0x12,0xFF,0xB0,0x64,0x12,0xFF,0xB0,0x64,0x12,0xFF,0xB0,0x64,0x12,0xFF,0xB0,0x64,0x12,0xFF,0xB0,0x64,0x12,0xFF,0xB0,0x64,0x12,0xFF,0xB0,0x64,0x12,0xFF,0xB0,0x64,0x12,0xFF,0xB0,0x64,0x12,0xFF,0xB0,0x64,0x12,0xFF,0xB0,0x64,0x12,0xFF,0xB0,0x64,0x12,0xFF,
    0xB0,0x64,0x12,0xFF,0xB0,0x64,0x12,0xFF,0xB0,0x64,0x12,0xFF,0xB0,0x64,0x12,0xFF,0xB0,0x64,0x12,0xFF,0xB0,0x64,0x12,0xFF,0xB0,0x64,0x12,0xFF,0xB0,0x64,0x12,0xFF,0xB0,0x64,0x12,0xFF,0xB0,0x64,0x12,0xFF,0xB0,0x64,0x12,0xFF,0xB0,0x64,0x12,0xFF,0xB0,0x64,0x12,0xFF,0xB0,0x64,0x12,0xFF,0xB0,0x64,0x12,0xFF,0xB0,0x64,0x12,0xFF,
    0xB0,0x64,0x12,0xFF,0xB0,0x64,0x12,0xFF,0xB0,0x64,0x12,0xFF,0xB0,0x64,0x12,0xFF,0xB0,0x64,0x12,0xFF,0xB0,0x64,0x12,0xFF,0xB0,0x64,0x12,0xFF,0xB0,0x64,0x12,0xFF,0xB0,0x64,0x12,0xFF,0xB0,0x64,0x12,0xFF,0xB0,0x64,0x12,0xFF,0xB0,0x64,0x12,0xFF,0xB0,0x64,0x12,0xFF,0xB0,0x64,0x12,0xFF,0xB0,0x64,0x12,0xFF,0xB0,0x64,0x12,0xFF,
    0xB0,0x64,0x12,0xFF,0xB0,0x64,0x12,0xFF,0xB0,0x64,0x12,0xFF,0xB0,0x64,0x12,0xFF,0xB0,0x64,0x12,0xFF,0xB0,0x64,0x12,0xFF,0xB0,0x64,0x12,0xFF,0xB0,0x64,0x12,0xFF,0xB0,0x64,0x12,0xFF,0xB0,0x64,0x12,0xFF,0xB0,0x64,0x12,0xFF,0xB0,0x64,0x12,0xFF,0xB0,0x64,0x12,0xFF,0xB0,0x64,0x12,0xFF,0xB0,0x64,0x12,0xFF,0xB0,0x64,0x12,0xFF,
    0xB0,0x64,0x12,0xFF,0xB0,0x64,0x12,0xFF,0xB0,0x64,0x12,0xFF,0xB0,0x64,0x12,0xFF,0xB0,0x64,0x12,0xFF,0xB0,0x64,0x12,0xFF,0xB0,0x64,0x12,0xFF,0xB0,0x64,0x12,0xFF,0xB0,0x64,0x12,0xFF,0xB0,0x64,0x12,0xFF,0xB0,0x64,0x12,0xFF,0xB0,0x64,0x12,0xFF,0xB0,0x64,0x12,0xFF,0xB0,0x64,0x12,0xFF,0xB0,0x64,0x12,0xFF,0xB0,0x64,0x12,0xFF,
    0xB0,0x64,0x12,0xFF,0xB0,0x64,0x12,0xFF,0xB0,0x64,0x12,0xFF,0xB0,0x64,0x12,0xFF,0xB0,0x64,0x12,0xFF,0xB0,0x64,0x12,0xFF,0xB0,0x64,0x12,0xFF,0xB0,0x64,0x12,0xFF,0xB0,0x64,0x12,0xFF,0xB0,0x64,0x12,0xFF,0xB0,0x64,0x12,0xFF,0xB0,0x64,0x12,0xFF,0xB0,0x64,0x12,0xFF,0xB0,0x64,0x12,0xFF,0xB0,0x64,0x12,0xFF,0xB0,0x64,0x12,0xFF,
    0xB0,0x64,0x12,0xFF,0xB0,0x64,0x12,0xFF,0xB0,0x64,0x12,0xFF,0xB0,0x64,0x12,0xFF,0xB0,0x64,0x12,0xFF,0xB0,0x64,0x12,0xFF,0xB0,0x64,0x12,0xFF,0xB0,0x64,0x12,0xFF,0xB0,0x64,0x12,0xFF,0xB0,0x64,0x12,0xFF,0xB0,0x64,0x12,0xFF,0xB0,0x64,0x12,0xFF,0xB0,0x64,0x12,0xFF,0xB0,0x64,0x12,0xFF,0xB0,0x64,0x12,0xFF,0xB0,0x64,0x12,0xFF,
    0xB0,0x64,0x12,0xFF,0xB0,0x64,0x12,0xFF,0xB0,0x64,0x12,0xFF,0xB0,0x64,0x12,0xFF,0xB0,0x64,0x12,0xFF,0xB0,0x64,0x12,0xFF,0xB0,0x64,0x12,0xFF,0xB0,0x64,0x12,0xFF,0xB0,0x64,0x12,0xFF,0xB0,0x64,0x12,0xFF,0xB0,0x64,0x12,0xFF,0xB0,0x64,0x12,0xFF,0xB0,0x64,0x12,0xFF,0xB0,0x64,0x12,0xFF,0xB0,0x64,0x12,0xFF,0xB0,0x64,0x12,0xFF,
    0xB0,0x64,0x12,0xFF,0xB0,0x64,0x12,0xFF,0xB0,0x64,0x12,0xFF,0xB0,0x64,0x12,0xFF,0xB0,0x64,0x12,0xFF,0xB0,0x64,0x12,0xFF,0xB0,0x64,0x12,0xFF,0xB0,0x64,0x12,0xFF,0xB0,0x64,0x12,0xFF,0xB0,0x64,0x12,0xFF,0xB0,0x64,0x12,0xFF,0xB0,0x64,0x12,0xFF,0xB0,0x64,0x12,0xFF,0xB0,0x64,0x12,0xFF,0xB0,0x64,0x12,0xFF,0xB0,0x64,0x12,0xFF,
    0xB0,0x64,0x12,0xFF,0xB0,0x64,0x12,0xFF,0xB0,0x64,0x12,0xFF,0xB0,0x64,0x12,0xFF,0xB0,0x64,0x12,0xFF,0xB0,0x64,0x12,0xFF,0xB0,0x64,0x12,0xFF,0xB0,0x64,0x12,0xFF,0xB0,0x64,0x12,0xFF,0xB0,0x64,0x12,0xFF,0xB0,0x64,0x12,0xFF,0xB0,0x64,0x12,0xFF,0xB0,0x64,0x12,0xFF,0xB0,0x64,0x12,0xFF,0xB0,0x64,0x12,0xFF,0xB0,0x64,0x12,0xFF,
    0xB0,0x64,0x12,0xFF,0xB0,0x64,0x12,0xFF,0xB0,0x64,0x12,0xFF,0xB0,0x64,0x12,0xFF,0xB0,0x64,0x12,0xFF,0xB0,0x64,0x12,0xFF,0xB0,0x64,0x12,0xFF,0xB0,0x64,0x12,0xFF,0xB0,0x64,0x12,0xFF,0xB0,0x64,0x12,0xFF,0xB0,0x64,0x12,0xFF,0xB0,0x64,0x12,0xFF,0xB0,0x64,0x12,0xFF,0xB0,0x64,0x12,0xFF,0xB0,0x64,0x12,0xFF,0xFE,0xFE,0xFE,0xFF,
    0xFE,0xFE,0xFE,0xFF,0xB0,0x64,0x12,0xFF,0xB0,0x64,0x12,0xFF,0xB0,0x64,0x12,0xFF,0xB0,0x64,0x12,0xFF,0xB0,0x64,0x12,0xFF,0xB0,0x64,0x12,0xFF,0xB0,0x64,0x12,0xFF,0xB0,0x64,0x12,0xFF,0xB0,0x64,0x12,0xFF,0xB0,0x64,0x12,0xFF,0xB0,0x64,0x12,0xFF,0xB0,0x64,0x12,0xFF,0xB0,0x64,0x12,0xFF,0xB0,0x64,0x12,0xFF,0xB0,0x64,0x12,0xFF,
    0xB0,0x64,0x12,0xFF,0xB0,0x64,0x12,0xFF,0xB0,0x64,0x12,0xFF,0xB0,0x64,0x12,0xFF,0xB0,0x64,0x12,0xFF,0xB0,0x64,0x12,0xFF,0xB0,0x64,0x12,0xFF,0xB0,0x64,0x12,0xFF,0xB0,0x64,0x12,0xFF,0xB0,0x64,0x12,0xFF,0xB0,0x64,0x12,0xFF,0xB0,0x64,0x12,0xFF,0xB0,0x64,0x12,0xFF,0xB0,0x64,0x12,0xFF,0xB0,0x64,0x12,0xFF,0xB0,0x64,0x12,0xFF,
    0xB0,0x64,0x12,0xFF,0xB0,0x64,0x12,0xFF,0xB0,0x64,0x12,0xFF,0xB0,0x64,0x12,0xFF,0xB0,0x64,0x12,0xFF,0xB0,0x64,0x12,0xFF,0xB0,0x64,0x12,0xFF,0xB0,0x64,0x12,0xFF,0xB0,0x64,0x12,0xFF,0xB0,0x64,0x12,0xFF,0xB0,0x64,0x12,0xFF,0xB0,0x64,0x12,0xFF,0xB0,0x64,0x12,0xFF,0xB0,0x64,0x12,0xFF,0xB0,0x64,0x12,0xFF,0xB0,0x64,0x12,0xFF,
    0xB0,0x64,0x12,0xFF,0xB0,0x64,0x12,0xFF,0xB0,0x64,0x12,0xFF,0xB0,0x64,0x12,0xFF,0xB0,0x64,0x12,0xFF,0xB0,0x64,0x12,0xFF,0xB0,0x64,0x12,0xFF,0xB0,0x64,0x12,0xFF,0xB0,0x64,0x12,0xFF,0xB0,0x64,0x12,0xFF,0xB0,0x64,0x12,0xFF,0xB0,0x64,0x12,0xFF,0xB0,0x64,0x12,0xFF,0xB0,0x64,0x12,0xFF,0xB0,0x64,0x12,0xFF,0xB0,0x64,0x12,0xFF,
    0xB0,0x64,0x12,0xFF,0xB0,0x64,0x12,0xFF,0xB0,0x64,0x12,0xFF,0xB0,0x64,0x12,0xFF,0xB0,0x64,0x12,0xFF,0xB0,0x64,0x12,0xFF,0xB0,0x64,0x12,0xFF,0xB0,0x64,0x12,0xFF,0xB0,0x64,0x12,0xFF,0xB0,0x64,0x12,0xFF,0xB0,0x64,0x12,0xFF,0xB0,0x64,0x12,0xFF,0xB0,0x64,0x12,0xFF,0xB0,0x64,0x12,0xFF,0xB0,0x64,0x12,0xFF,0xB0,0x64,0x12,0xFF,
    0xB0,0x64,0x12,0xFF,0xB0,0x64,0x12,0xFF,0xB0,0x64,0x12,0xFF,0xB0,0x64,0x12,0xFF,0xB0,0x64,0x12,0xFF,0xB0,0x64,0x12,0xFF,0xB0,0x64,0x12,0xFF,0xB0,0x64,0x12,0xFF,0xB0,0x64,0x12,0xFF,0xB0,0x64,0x12,0xFF,0xB0,0x64,0x12,0xFF,0xB0,0x64,0x12,0xFF,0xB0,0x64,0x12,0xFF,0xB0,0x64,0x12,0xFF,0xB0,0x64,0x12,0xFF,0xB0,0x64,0x12,0xFF,
    0xB0,0x64,0x12,0xFF,0xB0,0x64,0x12,0xFF,0xB0,0x64,0x12,0xFF,0xB0,0x64,0x12,0xFF,0xB0,0x64,0x12,0xFF,0xB0,0x64,0x12,0xFF,0xB0,0x64,0x12,0xFF,0xB0,0x64,0x12,0xFF,0xB0,0x64,0x12,0xFF,0xB0,0x64,0x12,0xFF,0xB0,0x64,0x12,0xFF,0xB0,0x64,0x12,0xFF,0xB0,0x64,0x12,0xFF,0xB0,0x64,0x12,0xFF,0xB0,0x64,0x12,0xFF,0xB0,0x64,0x12,0xFF,
    0xB0,0x64,0x12,0xFF,0xB0,0x64,0x12,0xFF,0xB0,0x64,0x12,0xFF,0xB0,0x64,0x12,0xFF,0xB0,0x64,0x12,0xFF,0xB0,0x64,0x12,0xFF,0xB0,0x64,0x12,0xFF,0xB0,0x64,0x12,0xFF,0xB0,0x64,0x12,0xFF,0xB0,0x64,0x12,0xFF,0xB0,0x64,0x12,0xFF,0xB0,0x64,0x12,0xFF,0xB0,0x64,0x12,0xFF,0xB0,0x64,0x12,0xFF,0xB0,0x64,0x12,0xFF,0xB0,0x64,0x12,0xFF,
    0xB0,0x64,0x12,0xFF,0xB0,0x64,0x12,0xFF,0xB0,0x64,0x12,0xFF,0xB0,0x64,0x12,0xFF,0xB0,0x64,0x12,0xFF,0xB0,0x64,0x12,0xFF,0xB0,0x64,0x12,0xFF,0xB0,0x64,0x12,0xFF,0xB0,0x64,0x12,0xFF,0xB0,0x64,0x12,0xFF,0xB0,0x64,0x12,0xFF,0xB0,0x64,0x12,0xFF,0xB0,0x64,0x12,0xFF,0xB0,0x64,0x12,0xFF,0xB0,0x64,0x12,0xFF,0xB0,0x64,0x12,0xFF,
    0xB0,0x64,0x12,0xFF,0xB0,0x64,0x12,0xFF,0xB0,0x64,0x12,0xFF,0xB0,0x64,0x12,0xFF,0xB0,0x64,0x12,0xFF,0xB0,0x64,0x12,0xFF,0xB0,0x64,0x12,0xFF,0xB0,0x64,0x12,0xFF,0xB0,0x64,0x12,0xFF,0xB0,0x64,0x12,0xFF,0xB0,0x64,0x12,0xFF,0xB0,0x64,0x12,0xFF,0xB0,0x64,0x12,0xFF,0xB0,0x64,0x12,0xFF,0xB0,0x64,0x12,0xFF,0xB0,0x64,0x12,0xFF,
    0xB0,0x64,0x12,0xFF,0xB0,0x64,0x12,0xFF,0xB0,0x64,0x12,0xFF,0xB0,0x64,0x12,0xFF,0xB0,0x64,0x12,0xFF,0xB0,0x64,0x12,0xFF,0xB0,0x64,0x12,0xFF,0xB0,0x64,0x12,0xFF,0xB0,0x64,0x12,0xFF,0xB0,0x64,0x12,0xFF,0xB0,0x64,0x12,0xFF,0xB0,0x64,0x12,0xFF,0xB0,0x64,0x12,0xFF,0xB0,0x64,0x12,0xFF,0xB0,0x64,0x12,0xFF,0xB0,0x64,0x12,0xFF,
    0xB0,0x64,0x12,0xFF,0xB0,0x64,0x12,0xFF,0xB0,0x64,0x12,0xFF,0xFE,0xFE,0xFE,0xFF,0xFE,0xFE,0xFE,0xFF,0xB0,0x64,0x12,0xFF,0xB0,0x64,0x12,0xFF,0xB0,0x64,0x12,0xFF,0xB0,0x64,0x12,0xFF,0xB0,0x64,0x12,0xFF,0xB0,0x64,0x12,0xFF,0xB0,0x64,0x12,0xFF,0xB0,0x64,0x12,0xFF,0xB0,0x64,0x12,0xFF,0xB0,0x64,0x12,0xFF,0xB0,0x64,0x12,0xFF,
    0xB0,0x64,0x12,0xFF,0xB0,0x64,0x12,0xFF,0xB0,0x64,0x12,0xFF,0xB0,0x64,0x12,0xFF,0xB0,0x64,0x12,0xFF,0xB0,0x64,0x12,0xFF,0xB0,0x64,0x12,0xFF,0xB0,0x64,0x12,0xFF,0xB0,0x64,0x12,0xFF,0xB0,0x64,0x12,0xFF,0xB0,0x64,0x12,0xFF,0xB0,0x64,0x12,0xFF,0xB0,0x64,0x12,0xFF,0xB0,0x64,0x12,0xFF,0xB0,0x64,0x12,0xFF,0xB0,0x64,0x12,0xFF,
    0xB0,0x64,0x12,0xFF,0xB0,0x64,0x12,0xFF,0xB0,0x64,0x12,0xFF,0xB0,0x64,0x12,0xFF,0xB0,0x64,0x12,0xFF,0xB0,0x64,0x12,0xFF,0xB0,0x64,0x12,0xFF,0xB0,0x64,0x12,0xFF,0xB0,0x64,0x12,0xFF,0xB0,0x64,0x12,0xFF,0xB0,0x64,0x12,0xFF,0xB0,0x64,0x12,0xFF,0xB0,0x64,0x12,0xFF,0xB0,0x64,0x12,0xFF,0xB0,0x64,0x12,0xFF,0xB0,0x64,0x12,0xFF,
    0xB0,0x64,0x12,0xFF,0xB0,0x64,0x12,0xFF,0xB0,0x64,0x12,0xFF,0xB0,0x64,0x12,0xFF,0xB0,0x64,0x12,0xFF,0xB0,0x64,0x12,0xFF,0xB0,0x64,0x12,0xFF,0xB0,0x64,0x12,0xFF,0xB0,0x64,0x12,0xFF,0xB0,0x64,0x12,0xFF,0xB0,0x64,0x12,0xFF,0xB0,0x64,0x12,0xFF,0xB0,0x64,0x12,0xFF,0xB0,0x64,0x12,0xFF,0xB0,0x64,0x12,0xFF,0xB0,0x64,0x12,0xFF,
    0xB0,0x64,0x12,0xFF,0xB0,0x64,0x12,0xFF,0xB0,0x64,0x12,0xFF,0xB0,0x64,0x12,0xFF,0xB0,0x64,0x12,0xFF,0xB0,0x64,0x12,0xFF,0xB0,0x64,0x12,0xFF,0xB0,0x64,0x12,0xFF,0xB0,0x64,0x12,0xFF,0xB0,0x64,0x12,0xFF,0xB0,0x64,0x12,0xFF,0xB0,0x64,0x12,0xFF,0xB0,0x64,0x12,0xFF,0xB0,0x64,0x12,0xFF,0xB0,0x64,0x12,0xFF,0xB0,0x64,0x12,0xFF,
    0xB0,0x64,0x12,0xFF,0xB0,0x64,0x12,0xFF,0xB0,0x64,0x12,0xFF,0xB0,0x64,0x12,0xFF,0xB0,0x64,0x12,0xFF,0xB0,0x64,0x12,0xFF,0xB0,0x64,0x12,0xFF,0xB0,0x64,0x12,0xFF,0xB0,0x64,0x12,0xFF,0xB0,0x64,0x12,0xFF,0xB0,0x64,0x12,0xFF,0xB0,0x64,0x12,0xFF,0xB0,0x64,0x12,0xFF,0xB0,0x64,0x12,0xFF,0xB0,0x64,0x12,0xFF,0xB0,0x64,0x12,0xFF,
    0xB0,0x64,0x12,0xFF,0xB0,0x64,0x12,0xFF,0xB0,0x64,0x12,0xFF,0xB0,0x64,0x12,0xFF,0xB0,0x64,0x12,0xFF,0xB0,0x64,0x12,0xFF,0xB0,0x64,0x12,0xFF,0xB0,0x64,0x12,0xFF,0xB0,0x64,0x12,0xFF,0xB0,0x64,0x12,0xFF,0xB0,0x64,0x12,0xFF,0xB0,0x64,0x12,0xFF,0xB0,0x64,0x12,0xFF,0xB0,0x64,0x12,0xFF,0xB0,0x64,0x12,0xFF,0xB0,0x64,0x12,0xFF,
    0xB0,0x64,0x12,0xFF,0xB0,0x64,0x12,0xFF,0xB0,0x64,0x12,0xFF,0xB0,0x64,0x12,0xFF,0xB0,0x64,0x12,0xFF,0xB0,0x64,0x12,0xFF,0xB0,0x64,0x12,0xFF,0xB0,0x64,0x12,0xFF,0xB0,0x64,0x12,0xFF,0xB0,0x64,0x12,0xFF,0xB0,0x64,0x12,0xFF,0xB0,0x64,0x12,0xFF,0xB0,0x64,0x12,0xFF,0xB0,0x64,0x12,0xFF,0xB0,0x64,0x12,0xFF,0xB0,0x64,0x12,0xFF,
    0xB0,0x64,0x12,0xFF,0xB0,0x64,0x12,0xFF,0xB0,0x64,0x12,0xFF,0xB0,0x64,0x12,0xFF,0xB0,0x64,0x12,0xFF,0xB0,0x64,0x12,0xFF,0xB0,0x64,0x12,0xFF,0xB0,0x64,0x12,0xFF,0xB0,0x64,0x12,0xFF,0xB0,0x64,0x12,0xFF,0xB0,0x64,0x12,0xFF,0xB0,0x64,0x12,0xFF,0xB0,0x64,0x12,0xFF,0xB0,0x64,0x12,0xFF,0xB0,0x64,0x12,0xFF,0xB0,0x64,0x12,0xFF,
    0xB0,0x64,0x12,0xFF,0xB0,0x64,0x12,0xFF,0xB0,0x64,0x12,0xFF,0xB0,0x64,0x12,0xFF,0xB0,0x64,0x12,0xFF,0xB0,0x64,0x12,0xFF,0xB0,0x64,0x12,0xFF,0xB0,0x64,0x12,0xFF,0xB0,0x64,0x12,0xFF,0xB0,0x64,0x12,0xFF,0xB0,0x64,0x12,0xFF,0xB0,0x64,0x12,0xFF,0xB0,0x64,0x12,0xFF,0xB0,0x64,0x12,0xFF,0xB0,0x64,0x12,0xFF,0xB0,0x64,0x12,0xFF,
    0xB0,0x64,0x12,0xFF,0xB0,0x64,0x12,0xFF,0xB0,0x64,0x12,0xFF,0xB0,0x64,0x12,0xFF,0xB0,0x64,0x12,0xFF,0xB0,0x64,0x12,0xFF,0xB0,0x64,0x12,0xFF,0xB0,0x64,0x12,0xFF,0xB0,0x64,0x12,0xFF,0xB0,0x64,0x12,0xFF,0xB0,0x64,0x12,0xFF,0xB0,0x64,0x12,0xFF,0xB0,0x64,0x12,0xFF,0xB0,0x64,0x12,0xFF,0xB0,0x64,0x12,0xFF,0xB0,0x64,0x12,0xFF,
    0xB0,0x64,0x12,0xFF,0xB0,0x64,0x12,0xFF,0xB0,0x64,0x12,0xFF,0xB0,0x64,0x12,0xFF,0xB0,0x64,0x12,0xFF,0xB0,0x64,0x12,0xFF,0xB0,0x64,0x12,0xFF,0xFE,0xFE,0xFE,0xFF,0xFE,0xFE,0xFE,0xFF,0xB0,0x64,0x12,0xFF,0xB0,0x64,0x12,0xFF,0xB0,0x64,0x12,0xFF,0xB0,0x64,0x12,0xFF,0xB0,0x64,0x12,0xFF,0xB0,0x64,0x12,0xFF,0xB0,0x64,0x12,0xFF,
    0xB0,0x64,0x12,0xFF,0xB0,0x64,0x12,0xFF,0xB0,0x64,0x12,0xFF,0xB0,0x64,0x12,0xFF,0xB0,0x64,0x12,0xFF,0xB0,0x64,0x12,0xFF,0xB0,0x64,0x12,0xFF,0xB0,0x64,0x12,0xFF,0xB0,0x64,0x12,0xFF,0xB0,0x64,0x12,0xFF,0xB0,0x64,0x12,0xFF,0xB0,0x64,0x12,0xFF,0xB0,0x64,0x12,0xFF,0xB0,0x64,0x12,0xFF,0xB0,0x64,0x12,0xFF,0xB0,0x64,0x12,0xFF,
    0xB0,0x64,0x12,0xFF,0xB0,0x64,0x12,0xFF,0xB0,0x64,0x12,0xFF,0xB0,0x64,0x12,0xFF,0xB0,0x64,0x12,0xFF,0xB0,0x64,0x12,0xFF,0xB0,0x64,0x12,0xFF,0xB0,0x64,0x12,0xFF,0xB0,0x64,0x12,0xFF,0xB0,0x64,0x12,0xFF,0xB0,0x64,0x12,0xFF,0xB0,0x64,0x12,0xFF,0xB0,0x64,0x12,0xFF,0xB0,0x64,0x12,0xFF,0xB0,0x64,0x12,0xFF,0xB0,0x64,0x12,0xFF,
    0xB0,0x64,0x12,0xFF,0xB0,0x64,0x12,0xFF,0xB0,0x64,0x12,0xFF,0xB0,0x64,0x12,0xFF,0xB0,0x64,0x12,0xFF,0xB0,0x64,0x12,0xFF,0xB0,0x64,0x12,0xFF,0xB0,0x64,0x12,0xFF,0xB0,0x64,0x12,0xFF,0xB0,0x64,0x12,0xFF,0xB0,0x64,0x12,0xFF,0xB0,0x64,0x12,0xFF,0xB0,0x64,0x12,0xFF,0xB0,0x64,0x12,0xFF,0xB0,0x64,0x12,0xFF,0xB0,0x64,0x12,0xFF,
    0xB0,0x64,0x12,0xFF,0xB0,0x64,0x12,0xFF,0xB0,0x64,0x12,0xFF,0xB0,0x64,0x12,0xFF,0xB0,0x64,0x12,0xFF,0xB0,0x64,0x12,0xFF,0xB0,0x64,0x12,0xFF,0xB0,0x64,0x12,0xFF,0xB0,0x64,0x12,0xFF,0xB0,0x64,0x12,0xFF,0xB0,0x64,0x12,0xFF,0xB0,0x64,0x12,0xFF,0xB0,0x64,0x12,0xFF,0xB0,0x64,0x12,0xFF,0xB0,0x64,0x12,0xFF,0xB0,0x64,0x12,0xFF,
    0xB0,0x64,0x12,0xFF,0xB0,0x64,0x12,0xFF,0xB0,0x64,0x12,0xFF,0xB0,0x64,0x12,0xFF,0xB0,0x64,0x12,0xFF,0xB0,0x64,0x12,0xFF,0xB0,0x64,0x12,0xFF,0xB0,0x64,0x12,0xFF,0xB0,0x64,0x12,0xFF,0xB0,0x64,0x12,0xFF,0xB0,0x64,0x12,0xFF,0xB0,0x64,0x12,0xFF,0xB0,0x64,0x12,0xFF,0xB0,0x64,0x12,0xFF,0xB0,0x64,0x12,0xFF,0xB0,0x64,0x12,0xFF,
    0xB0,0x64,0x12,0xFF,0xB0,0x64,0x12,0xFF,0xB0,0x64,0x12,0xFF,0xB0,0x64,0x12,0xFF,0xB0,0x64,0x12,0xFF,0xB0,0x64,0x12,0xFF,0xB0,0x64,0x12,0xFF,0xB0,0x64,0x12,0xFF,0xB0,0x64,0x12,0xFF,0xB0,0x64,0x12,0xFF,0xB0,0x64,0x12,0xFF,0xB0,0x64,0x12,0xFF,0xB0,0x64,0x12,0xFF,0xB0,0x64,0x12,0xFF,0xB0,0x64,0x12,0xFF,0xB0,0x64,0x12,0xFF,
    0xB0,0x64,0x12,0xFF,0xB0,0x64,0x12,0xFF,0xB0,0x64,0x12,0xFF,0xB0,0x64,0x12,0xFF,0xB0,0x64,0x12,0xFF,0xB0,0x64,0x12,0xFF,0xB0,0x64,0x12,0xFF,0xB0,0x64,0x12,0xFF,0xB0,0x64,0x12,0xFF,0xB0,0x64,0x12,0xFF,0xB0,0x64,0x12,0xFF,0xB0,0x64,0x12,0xFF,0xB0,0x64,0x12,0xFF,0xB0,0x64,0x12,0xFF,0xB0,0x64,0x12,0xFF,0xB0,0x64,0x12,0xFF,
    0xB0,0x64,0x12,0xFF,0xB0,0x64,0x12,0xFF,0xB0,0x64,0x12,0xFF,0xB0,0x64,0x12,0xFF,0xB0,0x64,0x12,0xFF,0xB0,0x64,0x12,0xFF,0xB0,0x64,0x12,0xFF,0xB0,0x64,0x12,0xFF,0xB0,0x64,0x12,0xFF,0xB0,0x64,0x12,0xFF,0xB0,0x64,0x12,0xFF,0xB0,0x64,0x12,0xFF,0xB0,0x64,0x12,0xFF,0xB0,0x64,0x12,0xFF,0xB0,0x64,0x12,0xFF,0xB0,0x64,0x12,0xFF,
    0xB0,0x64,0x12,0xFF,0xB0,0x64,0x12,0xFF,0xB0,0x64,0x12,0xFF,0xB0,0x64,0x12,0xFF,0xB0,0x64,0x12,0xFF,0xB0,0x64,0x12,0xFF,0xB0,0x64,0x12,0xFF,0xB0,0x64,0x12,0xFF,0xB0,0x64,0x12,0xFF,0xB0,0x64,0x12,0xFF,0xB0,0x64,0x12,0xFF,0xB0,0x64,0x12,0xFF,0xB0,0x64,0x12,0xFF,0xB0,0x64,0x12,0xFF,0xB0,0x64,0x12,0xFF,0xB0,0x64,0x12,0xFF,
    0xB0,0x64,0x12,0xFF,0xB0,0x64,0x12,0xFF,0xB0,0x64,0x12,0xFF,0xB0,0x64,0x12,0xFF,0xB0,0x64,0x12,0xFF,0xB0,0x64,0x12,0xFF,0xB0,0x64,0x12,0xFF,0xB0,0x64,0x12,0xFF,0xB0,0x64,0x12,0xFF,0xB0,0x64,0x12,0xFF,0xB0,0x64,0x12,0xFF,0xB0,0x64,0x12,0xFF,0xB0,0x64,0x12,0xFF,0xB0,0x64,0x12,0xFF,0xB0,0x64,0x12,0xFF,0xB0,0x64,0x12,0xFF,
    0xB0,0x64,0x12,0xFF,0xB0,0x64,0x12,0xFF,0xB0,0x64,0x12,0xFF,0xB0,0x64,0x12,0xFF,0xB0,0x64,0x12,0xFF,0xB0,0x64,0x12,0xFF,0xB0,0x64,0x12,0xFF,0xB0,0x64,0x12,0xFF,0xB0,0x64,0x12,0xFF,0xB0,0x64,0x12,0xFF,0xB0,0x64,0x12,0xFF,0xFE,0xFE,0xFE,0xFF,0xFE,0xFE,0xFE,0xFF,0xB0,0x64,0x12,0xFF,0xB0,0x64,0x12,0xFF,0xB0,0x64,0x12,0xFF,
    0xB0,0x64,0x12,0xFF,0xB0,0x64,0x12,0xFF,0xB0,0x64,0x12,0xFF,0xB0,0x64,0x12,0xFF,0xB0,0x64,0x12,0xFF,0xB0,0x64,0x12,0xFF,0xB0,0x64,0x12,0xFF,0xB0,0x64,0x12,0xFF,0xB0,0x64,0x12,0xFF,0xB0,0x64,0x12,0xFF,0xB0,0x64,0x12,0xFF,0xB0,0x64,0x12,0xFF,0xB0,0x64,0x12,0xFF,0xB0,0x64,0x12,0xFF,0xB0,0x64,0x12,0xFF,0xB0,0x64,0x12,0xFF,
    0xB0,0x64,0x12,0xFF,0xB0,0x64,0x12,0xFF,0xB0,0x64,0x12,0xFF,0xB0,0x64,0x12,0xFF,0xB0,0x64,0x12,0xFF,0xB0,0x64,0x12,0xFF,0xB0,0x64,0x12,0xFF,0xB0,0x64,0x12,0xFF,0xB0,0x64,0x12,0xFF,0xB0,0x64,0x12,0xFF,0xB0,0x64,0x12,0xFF,0xB0,0x64,0x12,0xFF,0xB0,0x64,0x12,0xFF,0xB0,0x64,0x12,0xFF,0xB0,0x64,0x12,0xFF,0xB0,0x64,0x12,0xFF,
    0xB0,0x64,0x12,0xFF,0xB0,0x64,0x12,0xFF,0xB0,0x64,0x12,0xFF,0xB0,0x64,0x12,0xFF,0xB0,0x64,0x12,0xFF,0xB0,0x64,0x12,0xFF,0xB0,0x64,0x12,0xFF,0xB0,0x64,0x12,0xFF,0xB0,0x64,0x12,0xFF,0xB0,0x64,0x12,0xFF,0xB0,0x64,0x12,0xFF,0xB0,0x64,0x12,0xFF,0xB0,0x64,0x12,0xFF,0xB0,0x64,0x12,0xFF,0xB0,0x64,0x12,0xFF,0xB0,0x64,0x12,0xFF,
    0xB0,0x64,0x12,0xFF,0xB0,0x64,0x12,0xFF,0xB0,0x64,0x12,0xFF,0xB0,0x64,0x12,0xFF,0xB0,0x64,0x12,0xFF,0xB0,0x64,0x12,0xFF,0xB0,0x64,0x12,0xFF,0xB0,0x64,0x12,0xFF,0xB0,0x64,0x12,0xFF,0xB0,0x64,0x12,0xFF,0xB0,0x64,0x12,0xFF,0xB0,0x64,0x12,0xFF,0xB0,0x64,0x12,0xFF,0xB0,0x64,0x12,0xFF,0xB0,0x64,0x12,0xFF,0xB0,0x64,0x12,0xFF,
    0xB0,0x64,0x12,0xFF,0xB0,0x64,0x12,0xFF,0xB0,0x64,0x12,0xFF,0xB0,0x64,0x12,0xFF,0xB0,0x64,0x12,0xFF,0xB0,0x64,0x12,0xFF,0xB0,0x64,0x12,0xFF,0xB0,0x64,0x12,0xFF,0xB0,0x64,0x12,0xFF,0xB0,0x64,0x12,0xFF,0xB0,0x64,0x12,0xFF,0xB0,0x64,0x12,0xFF,0xB0,0x64,0x12,0xFF,0xB0,0x64,0x12,0xFF,0xB0,0x64,0x12,0xFF,0xB0,0x64,0x12,0xFF,
    0xB0,0x64,0x12,0xFF,0xB0,0x64,0x12,0xFF,0xB0,0x64,0x12,0xFF,0xB0,0x64,0x12,0xFF,0xB0,0x64,0x12,0xFF,0xB0,0x64,0x12,0xFF,0xB0,0x64,0x12,0xFF,0xB0,0x64,0x12,0xFF,0xB0,0x64,0x12,0xFF,0xB0,0x64,0x12,0xFF,0xB0,0x64,0x12,0xFF,0xB0,0x64,0x12,0xFF,0xB0,0x64,0x12,0xFF,0xB0,0x64,0x12,0xFF,0xB0,0x64,0x12,0xFF,0xB0,0x64,0x12,0xFF,
    0xB0,0x64,0x12,0xFF,0xB0,0x64,0x12,0xFF,0xB0,0x64,0x12,0xFF,0xB0,0x64,0x12,0xFF,0xB0,0x64,0x12,0xFF,0xB0,0x64,0x12,0xFF,0xB0,0x64,0x12,0xFF,0xB0,0x64,0x12,0xFF,0xB0,0x64,0x12,0xFF,0xB0,0x64,0x12,0xFF,0xB0,0x64,0x12,0xFF,0xB0,0x64,0x12,0xFF,0xB0,0x64,0x12,0xFF,0xB0,0x64,0x12,0xFF,0xB0,0x64,0x12,0xFF,0xB0,0x64,0x12,0xFF,
    0xB0,0x64,0x12,0xFF,0xB0,0x64,0x12,0xFF,0xB0,0x64,0x12,0xFF,0xB0,0x64,0x12,0xFF,0xB0,0x64,0x12,0xFF,0xB0,0x64,0x12,0xFF,0xB0,0x64,0x12,0xFF,0xB0,0x64,0x12,0xFF,0xB0,0x64,0x12,0xFF,0xB0,0x64,0x12,0xFF,0xB0,0x64,0x12,0xFF,0xB0,0x64,0x12,0xFF,0xB0,0x64,0x12,0xFF,0xB0,0x64,0x12,0xFF,0xB0,0x64,0x12,0xFF,0xB0,0x64,0x12,0xFF,
    0xB0,0x64,0x12,0xFF,0xB0,0x64,0x12,0xFF,0xB0,0x64,0x12,0xFF,0xB0,0x64,0x12,0xFF,0xB0,0x64,0x12,0xFF,0xB0,0x64,0x12,0xFF,0xB0,0x64,0x12,0xFF,0xB0,0x64,0x12,0xFF,0xB0,0x64,0x12,0xFF,0xB0,0x64,0x12,0xFF,0xB0,0x64,0x12,0xFF,0xB0,0x64,0x12,0xFF,0xB0,0x64,0x12,0xFF,0xB0,0x64,0x12,0xFF,0xB0,0x64,0x12,0xFF,0xB0,0x64,0x12,0xFF,
    0xB0,0x64,0x12,0xFF,0xB0,0x64,0x12,0xFF,0xB0,0x64,0x12,0xFF,0xB0,0x64,0x12,0xFF,0xB0,0x64,0x12,0xFF,0xB0,0x64,0x12,0xFF,0xB0,0x64,0x12,0xFF,0xB0,0x64,0x12,0xFF,0xB0,0x64,0x12,0xFF,0xB0,0x64,0x12,0xFF,0xB0,0x64,0x12,0xFF,0xB0,0x64,0x12,0xFF,0xB0,0x64,0x12,0xFF,0xB0,0x64,0x12,0xFF,0xB0,0x64,0x12,0xFF,0xB0,0x64,0x12,0xFF,
    0xB0,0x64,0x12,0xFF,0xB0,0x64,0x12,0xFF,0xB0,0x64,0x12,0xFF,0xB0,0x64,0x12,0xFF,0xB0,0x64,0x12,0xFF,0xB0,0x64,0x12,0xFF,0xB0,0x64,0x12,0xFF,0xB0,0x64,0x12,0xFF,0xB0,0x64,0x12,0xFF,0xB0,0x64,0x12,0xFF,0xB0,0x64,0x12,0xFF,0xB0,0x64,0x12,0xFF,0xB0,0x64,0x12,0xFF,0xB0,0x64,0x12,0xFF,0xB0,0x64,0x12,0xFF,0xFE,0xFE,0xFE,0xFF,
    0xFE,0xFE,0xFE,0xFF,0xB0,0x64,0x12,0xFF,0xB0,0x64,0x12,0xFF,0xB0,0x64,0x12,0xFF,0xB0,0x64,0x12,0xFF,0xB0,0x64,0x12,0xFF,0xB0,0x64,0x12,0xFF,0xB0,0x64,0x12,0xFF,0xB0,0x64,0x12,0xFF,0xB0,0x64,0x12,0xFF,0xB0,0x64,0x12,0xFF,0xB0,0x64,0x12,0xFF,0xB0,0x64,0x12,0xFF,0xB0,0x64,0x12,0xFF,0xB0,0x64,0x12,0xFF,0xB0,0x64,0x12,0xFF,
    0xB0,0x64,0x12,0xFF,0xB0,0x64,0x12,0xFF,0xB0,0x64,0x12,0xFF,0xB0,0x64,0x12,0xFF,0xB0,0x64,0x12,0xFF,0xB0,0x64,0x12,0xFF,0xB0,0x64,0x12,0xFF,0xB0,0x64,0x12,0xFF,0xB0,0x64,0x12,0xFF,0xB0,0x64,0x12,0xFF,0xB0,0x64,0x12,0xFF,0xB0,0x64,0x12,0xFF,0xB0,0x64,0x12,0xFF,0xB0,0x64,0x12,0xFF,0xB0,0x64,0x12,0xFF,0xB0,0x64,0x12,0xFF,
    0xB0,0x64,0x12,0xFF,0xB0,0x64,0x12,0xFF,0xB0,0x64,0x12,0xFF,0xB0,0x64,0x12,0xFF,0xB0,0x64,0x12,0xFF,0xB0,0x64,0x12,0xFF,0xB0,0x64,0x12,0xFF,0xB0,0x64,0x12,0xFF,0xB0,0x64,0x12,0xFF,0xB0,0x64,0x12,0xFF,0xB0,0x64,0x12,0xFF,0xB0,0x64,0x12,0xFF,0xB0,0x64,0x12,0xFF,0xB0,0x64,0x12,0xFF,0xB0,0x64,0x12,0xFF,0xB0,0x64,0x12,0xFF,
    0xB0,0x64,0x12,0xFF,0xB0,0x64,0x12,0xFF,0xB0,0x64,0x12,0xFF,0xB0,0x64,0x12,0xFF,0xB0,0x64,0x12,0xFF,0xB0,0x64,0x12,0xFF,0xB0,0x64,0x12,0xFF,0xB0,0x64,0x12,0xFF,0xB0,0x64,0x12,0xFF,0xB0,0x64,0x12,0xFF,0xB0,0x64,0x12,0xFF,0xB0,0x64,0x12,0xFF,0xB0,0x64,0x12,0xFF,0xB0,0x64,0x12,0xFF,0xB0,0x64,0x12,0xFF,0xB0,0x64,0x12,0xFF,
    0xB0,0x64,0x12,0xFF,0xB0,0x64,0x12,0xFF,0xB0,0x64,0x12,0xFF,0xB0,0x64,0x12,0xFF,0xB0,0x64,0x12,0xFF,0xB0,0x64,0x12,0xFF,0xB0,0x64,0x12,0xFF,0xB0,0x64,0x12,0xFF,0xB0,0x64,0x12,0xFF,0xB0,0x64,0x12,0xFF,0xB0,0x64,0x12,0xFF,0xB0,0x64,0x12,0xFF,0xB0,0x64,0x12,0xFF,0xB0,0x64,0x12,0xFF,0xB0,0x64,0x12,0xFF,0xB0,0x64,0x12,0xFF,
    0xB0,0x64,0x12,0xFF,0xB0,0x64,0x12,0xFF,0xB0,0x64,0x12,0xFF,0xB0,0x64,0x12,0xFF,0xB0,0x64,0x12,0xFF,0xB0,0x64,0x12,0xFF,0xB0,0x64,0x12,0xFF,0xB0,0x64,0x12,0xFF,0xB0,0x64,0x12,0xFF,0xB0,0x64,0x12,0xFF,0xB0,0x64,0x12,0xFF,0xB0,0x64,0x12,0xFF,0xB0,0x64,0x12,0xFF,0xB0,0x64,0x12,0xFF,0xB0,0x64,0x12,0xFF,0xB0,0x64,0x12,0xFF,
    0xB0,0x64,0x12,0xFF,0xB0,0x64,0x12,0xFF,0xB0,0x64,0x12,0xFF,0xB0,0x64,0x12,0xFF,0xB0,0x64,0x12,0xFF,0xB0,0x64,0x12,0xFF,0xB0,0x64,0x12,0xFF,0xB0,0x64,0x12,0xFF,0xB0,0x64,0x12,0xFF,0xB0,0x64,0x12,0xFF,0xB0,0x64,0x12,0xFF,0xB0,0x64,0x12,0xFF,0xB0,0x64,0x12,0xFF,0xB0,0x64,0x12,0xFF,0xB0,0x64,0x12,0xFF,0xB0,0x64,0x12,0xFF,
    0xB0,0x64,0x12,0xFF,0xB0,0x64,0x12,0xFF,0xB0,0x64,0x12,0xFF,0xB0,0x64,0x12,0xFF,0xB0,0x64,0x12,0xFF,0xB0,0x64,0x12,0xFF,0xB0,0x64,0x12,0xFF,0xB0,0x64,0x12,0xFF,0xB0,0x64,0x12,0xFF,0xB0,0x64,0x12,0xFF,0xB0,0x64,0x12,0xFF,0xB0,0x64,0x12,0xFF,0xB0,0x64,0x12,0xFF,0xB0,0x64,0x12,0xFF,0xB0,0x64,0x12,0xFF,0xB0,0x64,0x12,0xFF,
    0xB0,0x64,0x12,0xFF,0xB0,0x64,0x12,0xFF,0xB0,0x64,0x12,0xFF,0xB0,0x64,0x12,0xFF,0xB0,0x64,0x12,0xFF,0xB0,0x64,0x12,0xFF,0xB0,0x64,0x12,0xFF,0xB0,0x64,0x12,0xFF,0xB0,0x64,0x12,0xFF,0xB0,0x64,0x12,0xFF,0xB0,0x64,0x12,0xFF,0xB0,0x64,0x12,0xFF,0xB0,0x64,0x12,0xFF,0xB0,0x64,0x12,0xFF,0xB0,0x64,0x12,0xFF,0xB0,0x64,0x12,0xFF,
    0xB0,0x64,0x12,0xFF,0xB0,0x64,0x12,0xFF,0xB0,0x64,0x12,0xFF,0xB0,0x64,0x12,0xFF,0xB0,0x64,0x12,0xFF,0xB0,0x64,0x12,0xFF,0xB0,0x64,0x12,0xFF,0xB0,0x64,0x12,0xFF,0xB0,0x64,0x12,0xFF,0xB0,0x64,0x12,0xFF,0xB0,0x64,0x12,0xFF,0xB0,0x64,0x12,0xFF,0xB0,0x64,0x12,0xFF,0xB0,0x64,0x12,0xFF,0xB0,0x64,0x12,0xFF,0xB0,0x64,0x12,0xFF,
    0xB0,0x64,0x12,0xFF,0xB0,0x64,0x12,0xFF,0xB0,0x64,0x12,0xFF,0xB0,0x64,0x12,0xFF,0xB0,0x64,0x12,0xFF,0xB0,0x64,0x12,0xFF,0xB0,0x64,0x12,0xFF,0xB0,0x64,0x12,0xFF,0xB0,0x64,0x12,0xFF,0xB0,0x64,0x12,0xFF,0xB0,0x64,0x12,0xFF,0xB0,0x64,0x12,0xFF,0xB0,0x64,0x12,0xFF,0xB0,0x64,0x12,0xFF,0xB0,0x64,0x12,0xFF,0xB0,0x64,0x12,0xFF,
    0xB0,0x64,0x12,0xFF,0xB0,0x64,0x12,0xFF,0xB0,0x64,0x12,0xFF,0xFE,0xFE,0xFE,0xFF,0xFE,0xFE,0xFE,0xFF,0xB0,0x64,0x12,0xFF,0xB0,0x64,0x12,0xFF,0xB0,0x64,0x12,0xFF,0xB0,0x64,0x12,0xFF,0xB0,0x64,0x12,0xFF,0xB0,0x64,0x12,0xFF,0xB0,0x64,0x12,0xFF,0xB0,0x64,0x12,0xFF,0xB0,0x64,0x12,0xFF,0xB0,0x64,0x12,0xFF,0xB0,0x64,0x12,0xFF,
    0xB0,0x64,0x12,0xFF,0xB0,0x64,0x12,0xFF,0xB0,0x64,0x12,0xFF,0xB0,0x64,0x12,0xFF,0xB0,0x64,0x12,0xFF,0xB0,0x64,0x12,0xFF,0xB0,0x64,0x12,0xFF,0xB0,0x64,0x12,0xFF,0xB0,0x64,0x12,0xFF,0xB0,0x64,0x12,0xFF,0xB0,0x64,0x12,0xFF,0xB0,0x64,0x12,0xFF,0xB0,0x64,0x12,0xFF,0xB0,0x64,0x12,0xFF,0xB0,0x64,0x12,0xFF,0xB0,0x64,0x12,0xFF,
    0xB0,0x64,0x12,0xFF,0xB0,0x64,0x12,0xFF,0xB0,0x64,0x12,0xFF,0xB0,0x64,0x12,0xFF,0xB0,0x64,0x12,0xFF,0xB0,0x64,0x12,0xFF,0xB0,0x64,0x12,0xFF,0xB0,0x64,0x12,0xFF,0xB0,0x64,0x12,0xFF,0xB0,0x64,0x12,0xFF,0xB0,0x64,0x12,0xFF,0xB0,0x64,0x12,0xFF,0xB0,0x64,0x12,0xFF,0xB0,0x64,0x12,0xFF,0xB0,0x64,0x12,0xFF,0xB0,0x64,0x12,0xFF,
    0xB0,0x64,0x12,0xFF,0xB0,0x64,0x12,0xFF,0xB0,0x64,0x12,0xFF,0xB0,0x64,0x12,0xFF,0xB0,0x64,0x12,0xFF,0xB0,0x64,0x12,0xFF,0xB0,0x64,0x12,0xFF,0xB0,0x64,0x12,0xFF,0xB0,0x64,0x12,0xFF,0xB0,0x64,0x12,0xFF,0xB0,0x64,0x12,0xFF,0xB0,0x64,0x12,0xFF,0xB0,0x64,0x12,0xFF,0xB0,0x64,0x12,0xFF,0xB0,0x64,0x12,0xFF,0xB0,0x64,0x12,0xFF,
    0xB0,0x64,0x12,0xFF,0xB0,0x64,0x12,0xFF,0xB0,0x64,0x12,0xFF,0xB0,0x64,0x12,0xFF,0xB0,0x64,0x12,0xFF,0xB0,0x64,0x12,0xFF,0xB0,0x64,0x12,0xFF,0xB0,0x64,0x12,0xFF,0xB0,0x64,0x12,0xFF,0xB0,0x64,0x12,0xFF,0xB0,0x64,0x12,0xFF,0xB0,0x64,0x12,0xFF,0xB0,0x64,0x12,0xFF,0xB0,0x64,0x12,0xFF,0xB0,0x64,0x12,0xFF,0xB0,0x64,0x12,0xFF,
    0xB0,0x64,0x12,0xFF,0xB0,0x64,0x12,0xFF,0xB0,0x64,0x12,0xFF,0xB0,0x64,0x12,0xFF,0xB0,0x64,0x12,0xFF,0xB0,0x64,0x12,0xFF,0xB0,0x64,0x12,0xFF,0xB0,0x64,0x12,0xFF,0xB0,0x64,0x12,0xFF,0xB0,0x64,0x12,0xFF,0xB0,0x64,0x12,0xFF,0xB0,0x64,0x12,0xFF,0xB0,0x64,0x12,0xFF,0xB0,0x64,0x12,0xFF,0xB0,0x64,0x12,0xFF,0xB0,0x64,0x12,0xFF,
    0xB0,0x64,0x12,0xFF,0xB0,0x64,0x12,0xFF,0xB0,0x64,0x12,0xFF,0xB0,0x64,0x12,0xFF,0xB0,0x64,0x12,0xFF,0xB0,0x64,0x12,0xFF,0xB0,0x64,0x12,0xFF,0xB0,0x64,0x12,0xFF,0xB0,0x64,0x12,0xFF,0xB0,0x64,0x12,0xFF,0xB0,0x64,0x12,0xFF,0xB0,0x64,0x12,0xFF,0xB0,0x64,0x12,0xFF,0xB0,0x64,0x12,0xFF,0xB0,0x64,0x12,0xFF,0xB0,0x64,0x12,0xFF,
    0xB0,0x64,0x12,0xFF,0xB0,0x64,0x12,0xFF,0xB0,0x64,0x12,0xFF,0xB0,0x64,0x12,0xFF,0xB0,0x64,0x12,0xFF,0xB0,0x64,0x12,0xFF,0xB0,0x64,0x12,0xFF,0xB0,0x64,0x12,0xFF,0xB0,0x64,0x12,0xFF,0xB0,0x64,0x12,0xFF,0xB0,0x64,0x12,0xFF,0xB0,0x64,0x12,0xFF,0xB0,0x64,0x12,0xFF,0xB0,0x64,0x12,0xFF,0xB0,0x64,0x12,0xFF,0xB0,0x64,0x12,0xFF,
    0xB0,0x64,0x12,0xFF,0xB0,0x64,0x12,0xFF,0xB0,0x64,0x12,0xFF,0xB0,0x64,0x12,0xFF,0xB0,0x64,0x12,0xFF,0xB0,0x64,0x12,0xFF,0xB0,0x64,0x12,0xFF,0xB0,0x64,0x12,0xFF,0xB0,0x64,0x12,0xFF,0xB0,0x64,0x12,0xFF,0xB0,0x64,0x12,0xFF,0xB0,0x64,0x12,0xFF,0xB0,0x64,0x12,0xFF,0xB0,0x64,0x12,0xFF,0xB0,0x64,0x12,0xFF,0xB0,0x64,0x12,0xFF,
    0xB0,0x64,0x12,0xFF,0xB0,0x64,0x12,0xFF,0xB0,0x64,0x12,0xFF,0xB0,0x64,0x12,0xFF,0xB0,0x64,0x12,0xFF,0xB0,0x64,0x12,0xFF,0xB0,0x64,0x12,0xFF,0xB0,0x64,0x12,0xFF,0xB0,0x64,0x12,0xFF,0xB0,0x64,0x12,0xFF,0xB0,0x64,0x12,0xFF,0xB0,0x64,0x12,0xFF,0xB0,0x64,0x12,0xFF,0xB0,0x64,0x12,0xFF,0xB0,0x64,0x12,0xFF,0xB0,0x64,0x12,0xFF,
    0xB0,0x64,0x12,0xFF,0xB0,0x64,0x12,0xFF,0xB0,0x64,0x12,0xFF,0xB0,0x64,0x12,0xFF,0xB0,0x64,0x12,0xFF,0xB0,0x64,0x12,0xFF,0xB0,0x64,0x12,0xFF,0xB0,0x64,0x12,0xFF,0xB0,0x64,0x12,0xFF,0xB0,0x64,0x12,0xFF,0xB0,0x64,0x12,0xFF,0xB0,0x64,0x12,0xFF,0xB0,0x64,0x12,0xFF,0xB0,0x64,0x12,0xFF,0xB0,0x64,0x12,0xFF,0xB0,0x64,0x12,0xFF,
    0xB0,0x64,0x12,0xFF,0xB0,0x64,0x12,0xFF,0xB0,0x64,0x12,0xFF,0xB0,0x64,0x12,0xFF,0xB0,0x64,0x12,0xFF,0xB0,0x64,0x12,0xFF,0xB0,0x64,0x12,0xFF,0xFE,0xFE,0xFE,0xFF,0xFE,0xFE,0xFE,0xFF,0xB0,0x64,0x12,0xFF,0xB0,0x64,0x12,0xFF,0xB0,0x64,0x12,0xFF,0xB0,0x64,0x12,0xFF,0xB0,0x64,0x12,0xFF,0xB0,0x64,0x12,0xFF,0xB0,0x64,0x12,0xFF,
    0xB0,0x64,0x12,0xFF,0xB0,0x64,0x12,0xFF,0xB0,0x64,0x12,0xFF,0xB0,0x64,0x12,0xFF,0xB0,0x64,0x12,0xFF,0xB0,0x64,0x12,0xFF,0xB0,0x64,0x12,0xFF,0xB0,0x64,0x12,0xFF,0xB0,0x64,0x12,0xFF,0xB0,0x64,0x12,0xFF,0xB0,0x64,0x12,0xFF,0xB0,0x64,0x12,0xFF,0xB0,0x64,0x12,0xFF,0xB0,0x64,0x12,0xFF,0xB0,0x64,0x12,0xFF,0xB0,0x64,0x12,0xFF,
    0xB0,0x64,0x12,0xFF,0xB0,0x64,0x12,0xFF,0xB0,0x64,0x12,0xFF,0xB0,0x64,0x12,0xFF,0xB0,0x64,0x12,0xFF,0xB0,0x64,0x12,0xFF,0xB0,0x64,0x12,0xFF,0xB0,0x64,0x12,0xFF,0xB0,0x64,0x12,0xFF,0xB0,0x64,0x12,0xFF,0xB0,0x64,0x12,0xFF,0xB0,0x64,0x12,0xFF,0xB0,0x64,0x12,0xFF,0xB0,0x64,0x12,0xFF,0xB0,0x64,0x12,0xFF,0xB0,0x64,0x12,0xFF,
    0xB0,0x64,0x12,0xFF,0xB0,0x64,0x12,0xFF,0xB0,0x64,0x12,0xFF,0xB0,0x64,0x12,0xFF,0xB0,0x64,0x12,0xFF,0xB0,0x64,0x12,0xFF,0xB0,0x64,0x12,0xFF,0xB0,0x64,0x12,0xFF,0xB0,0x64,0x12,0xFF,0xB0,0x64,0x12,0xFF,0xB0,0x64,0x12,0xFF,0xB0,0x64,0x12,0xFF,0xB0,0x64,0x12,0xFF,0xB0,0x64,0x12,0xFF,0xB0,0x64,0x12,0xFF,0xB0,0x64,0x12,0xFF,
    0xB0,0x64,0x12,0xFF,0xB0,0x64,0x12,0xFF,0xB0,0x64,0x12,0xFF,0xB0,0x64,0x12,0xFF,0xB0,0x64,0x12,0xFF,0xB0,0x64,0x12,0xFF,0xB0,0x64,0x12,0xFF,0xB0,0x64,0x12,0xFF,0xB0,0x64,0x12,0xFF,0xB0,0x64,0x12,0xFF,0xB0,0x64,0x12,0xFF,0xB0,0x64,0x12,0xFF,0xB0,0x64,0x12,0xFF,0xB0,0x64,0x12,0xFF,0xB0,0x64,0x12,0xFF,0xB0,0x64,0x12,0xFF,
    0xB0,0x64,0x12,0xFF,0xB0,0x64,0x12,0xFF,0xB0,0x64,0x12,0xFF,0xB0,0x64,0x12,0xFF,0xB0,0x64,0x12,0xFF,0xB0,0x64,0x12,0xFF,0xB0,0x64,0x12,0xFF,0xB0,0x64,0x12,0xFF,0xB0,0x64,0x12,0xFF,0xB0,0x64,0x12,0xFF,0xB0,0x64,0x12,0xFF,0xB0,0x64,0x12,0xFF,0xB0,0x64,0x12,0xFF,0xB0,0x64,0x12,0xFF,0xB0,0x64,0x12,0xFF,0xB0,0x64,0x12,0xFF,
    0xB0,0x64,0x12,0xFF,0xB0,0x64,0x12,0xFF,0xB0,0x64,0x12,0xFF,0xB0,0x64,0x12,0xFF,0xB0,0x64,0x12,0xFF,0xB0,0x64,0x12,0xFF,0xB0,0x64,0x12,0xFF,0xB0,0x64,0x12,0xFF,0xB0,0x64,0x12,0xFF,0xB0,0x64,0x12,0xFF,0xB0,0x64,0x12,0xFF,0xB0,0x64,0x12,0xFF,0xB0,0x64,0x12,0xFF,0xB0,0x64,0x12,0xFF,0xB0,0x64,0x12,0xFF,0xB0,0x64,0x12,0xFF,
    0xB0,0x64,0x12,0xFF,0xB0,0x64,0x12,0xFF,0xB0,0x64,0x12,0xFF,0xB0,0x64,0x12,0xFF,0xB0,0x64,0x12,0xFF,0xB0,0x64,0x12,0xFF,0xB0,0x64,0x12,0xFF,0xB0,0x64,0x12,0xFF,0xB0,0x64,0x12,0xFF,0xB0,0x64,0x12,0xFF,0xB0,0x64,0x12,0xFF,0xB0,0x64,0x12,0xFF,0xB0,0x64,0x12,0xFF,0xB0,0x64,0x12,0xFF,0xB0,0x64,0x12,0xFF,0xB0,0x64,0x12,0xFF,
    0xB0,0x64,0x12,0xFF,0xB0,0x64,0x12,0xFF,0xB0,0x64,0x12,0xFF,0xB0,0x64,0x12,0xFF,0xB0,0x64,0x12,0xFF,0xB0,0x64,0x12,0xFF,0xB0,0x64,0x12,0xFF,0xB0,0x64,0x12,0xFF,0xB0,0x64,0x12,0xFF,0xB0,0x64,0x12,0xFF,0xB0,0x64,0x12,0xFF,0xB0,0x64,0x12,0xFF,0xB0,0x64,0x12,0xFF,0xB0,0x64,0x12,0xFF,0xB0,0x64,0x12,0xFF,0xB0,0x64,0x12,0xFF,
    0xB0,0x64,0x12,0xFF,0xB0,0x64,0x12,0xFF,0xB0,0x64,0x12,0xFF,0xB0,0x64,0x12,0xFF,0xB0,0x64,0x12,0xFF,0xB0,0x64,0x12,0xFF,0xB0,0x64,0x12,0xFF,0xB0,0x64,0x12,0xFF,0xB0,0x64,0x12,0xFF,0xB0,0x64,0x12,0xFF,0xB0,0x64,0x12,0xFF,0xB0,0x64,0x12,0xFF,0xB0,0x64,0x12,0xFF,0xB0,0x64,0x12,0xFF,0xB0,0x64,0x12,0xFF,0xB0,0x64,0x12,0xFF,
    0xB0,0x64,0x12,0xFF,0xB0,0x64,0x12,0xFF,0xB0,0x64,0x12,0xFF,0xB0,0x64,0x12,0xFF,0xB0,0x64,0x12,0xFF,0xB0,0x64,0x12,0xFF,0xB0,0x64,0x12,0xFF,0xB0,0x64,0x12,0xFF,0xB0,0x64,0x12,0xFF,0xB0,0x64,0x12,0xFF,0xB0,0x64,0x12,0xFF,0xB0,0x64,0x12,0xFF,0xB0,0x64,0x12,0xFF,0xB0,0x64,0x12,0xFF,0xB0,0x64,0x12,0xFF,0xB0,0x64,0x12,0xFF,
    0xB0,0x64,0x12,0xFF,0xB0,0x64,0x12,0xFF,0xB0,0x64,0x12,0xFF,0xB0,0x64,0x12,0xFF,0xB0,0x64,0x12,0xFF,0xB0,0x64,0x12,0xFF,0xB0,0x64,0x12,0xFF,0xB0,0x64,0x12,0xFF,0xB0,0x64,0x12,0xFF,0xB0,0x64,0x12,0xFF,0xB0,0x64,0x12,0xFF,0xFE,0xFE,0xFE,0xFF,0xFE,0xFE,0xFE,0xFF,0xB0,0x64,0x12,0xFF,0xB0,0x64,0x12,0xFF,0xB0,0x64,0x12,0xFF,
    0xB0,0x64,0x12,0xFF,0xB0,0x64,0x12,0xFF,0xB0,0x64,0x12,0xFF,0xB0,0x64,0x12,0xFF,0xB0,0x64,0x12,0xFF,0xB0,0x64,0x12,0xFF,0xB0,0x64,0x12,0xFF,0xB0,0x64,0x12,0xFF,0xB0,0x64,0x12,0xFF,0xB0,0x64,0x12,0xFF,0xB0,0x64,0x12,0xFF,0xB0,0x64,0x12,0xFF,0xB0,0x64,0x12,0xFF,0xB0,0x64,0x12,0xFF,0xB0,0x64,0x12,0xFF,0xB0,0x64,0x12,0xFF,
    0xB0,0x64,0x12,0xFF,0xB0,0x64,0x12,0xFF,0xB0,0x64,0x12,0xFF,0xB0,0x64,0x12,0xFF,0xB0,0x64,0x12,0xFF,0xB0,0x64,0x12,0xFF,0xB0,0x64,0x12,0xFF,0xB0,0x64,0x12,0xFF,0xB0,0x64,0x12,0xFF,0xB0,0x64,0x12,0xFF,0xB0,0x64,0x12,0xFF,0xB0,0x64,0x12,0xFF,0xB0,0x64,0x12,0xFF,0xB0,0x64,0x12,0xFF,0xB0,0x64,0x12,0xFF,0xB0,0x64,0x12,0xFF,
    0xB0,0x64,0x12,0xFF,0xB0,0x64,0x12,0xFF,0xB0,0x64,0x12,0xFF,0xB0,0x64,0x12,0xFF,0xB0,0x64,0x12,0xFF,0xB0,0x64,0x12,0xFF,0xB0,0x64,0x12,0xFF,0xB0,0x64,0x12,0xFF,0xB0,0x64,0x12,0xFF,0xB0,0x64,0x12,0xFF,0xB0,0x64,0x12,0xFF,0xB0,0x64,0x12,0xFF,0xB0,0x64,0x12,0xFF,0xB0,0x64,0x12,0xFF,0xB0,0x64,0x12,0xFF,0xB0,0x64,0x12,0xFF,
    0xB0,0x64,0x12,0xFF,0xB0,0x64,0x12,0xFF,0xB0,0x64,0x12,0xFF,0xB0,0x64,0x12,0xFF,0xB0,0x64,0x12,0xFF,0xB0,0x64,0x12,0xFF,0xB0,0x64,0x12,0xFF,0xB0,0x64,0x12,0xFF,0xB0,0x64,0x12,0xFF,0xB0,0x64,0x12,0xFF,0xB0,0x64,0x12,0xFF,0xB0,0x64,0x12,0xFF,0xB0,0x64,0x12,0xFF,0xB0,0x64,0x12,0xFF,0xB0,0x64,0x12,0xFF,0xB0,0x64,0x12,0xFF,
    0xB0,0x64,0x12,0xFF,0xB0,0x64,0x12,0xFF,0xB0,0x64,0x12,0xFF,0xB0,0x64,0x12,0xFF,0xB0,0x64,0x12,0xFF,0xB0,0x64,0x12,0xFF,0xB0,0x64,0x12,0xFF,0xB0,0x64,0x12,0xFF,0xB0,0x64,0x12,0xFF,0xB0,0x64,0x12,0xFF,0xB0,0x64,0x12,0xFF,0xB0,0x64,0x12,0xFF,0xB0,0x64,0x12,0xFF,0xB0,0x64,0x12,0xFF,0xB0,0x64,0x12,0xFF,0xB0,0x64,0x12,0xFF,
    0xB0,0x64,0x12,0xFF,0xB0,0x64,0x12,0xFF,0xB0,0x64,0x12,0xFF,0xB0,0x64,0x12,0xFF,0xB0,0x64,0x12,0xFF,0xB0,0x64,0x12,0xFF,0xB0,0x64,0x12,0xFF,0xB0,0x64,0x12,0xFF,0xB0,0x64,0x12,0xFF,0xB0,0x64,0x12,0xFF,0xB0,0x64,0x12,0xFF,0xB0,0x64,0x12,0xFF,0xB0,0x64,0x12,0xFF,0xB0,0x64,0x12,0xFF,0xB0,0x64,0x12,0xFF,0xB0,0x64,0x12,0xFF,
    0xB0,0x64,0x12,0xFF,0xB0,0x64,0x12,0xFF,0xB0,0x64,0x12,0xFF,0xB0,0x64,0x12,0xFF,0xB0,0x64,0x12,0xFF,0xB0,0x64,0x12,0xFF,0xB0,0x64,0x12,0xFF,0xB0,0x64,0x12,0xFF,0xB0,0x64,0x12,0xFF,0xB0,0x64,0x12,0xFF,0xB0,0x64,0x12,0xFF,0xB0,0x64,0x12,0xFF,0xB0,0x64,0x12,0xFF,0xB0,0x64,0x12,0xFF,0xB0,0x64,0x12,0xFF,0xB0,0x64,0x12,0xFF,
    0xB0,0x64,0x12,0xFF,0xB0,0x64,0x12,0xFF,0xB0,0x64,0x12,0xFF,0xB0,0x64,0x12,0xFF,0xB0,0x64,0x12,0xFF,0xB0,0x64,0x12,0xFF,0xB0,0x64,0x12,0xFF,0xB0,0x64,0x12,0xFF,0xB0,0x64,0x12,0xFF,0xB0,0x64,0x12,0xFF,0xB0,0x64,0x12,0xFF,0xB0,0x64,0x12,0xFF,0xB0,0x64,0x12,0xFF,0xB0,0x64,0x12,0xFF,0xB0,0x64,0x12,0xFF,0xB0,0x64,0x12,0xFF,
    0xB0,0x64,0x12,0xFF,0xB0,0x64,0x12,0xFF,0xB0,0x64,0x12,0xFF,0xB0,0x64,0x12,0xFF,0xB0,0x64,0x12,0xFF,0xB0,0x64,0x12,0xFF,0xB0,0x64,0x12,0xFF,0xB0,0x64,0x12,0xFF,0xB0,0x64,0x12,0xFF,0xB0,0x64,0x12,0xFF,0xB0,0x64,0x12,0xFF,0xB0,0x64,0x12,0xFF,0xB0,0x64,0x12,0xFF,0xB0,0x64,0x12,0xFF,0xB0,0x64,0x12,0xFF,0xB0,0x64,0x12,0xFF,
    0xB0,0x64,0x12,0xFF,0xB0,0x64,0x12,0xFF,0xB0,0x64,0x12,0xFF,0xB0,0x64,0x12,0xFF,0xB0,0x64,0x12,0xFF,0xB0,0x64,0x12,0xFF,0xB0,0x64,0x12,0xFF,0xB0,0x64,0x12,0xFF,0xB0,0x64,0x12,0xFF,0xB0,0x64,0x12,0xFF,0xB0,0x64,0x12,0xFF,0xB0,0x64,0x12,0xFF,0xB0,0x64,0x12,0xFF,0xB0,0x64,0x12,0xFF,0xB0,0x64,0x12,0xFF,0xB0,0x64,0x12,0xFF,
    0xB0,0x64,0x12,0xFF,0xB0,0x64,0x12,0xFF,0xB0,0x64,0x12,0xFF,0xB0,0x64,0x12,0xFF,0xB0,0x64,0x12,0xFF,0xB0,0x64,0x12,0xFF,0xB0,0x64,0x12,0xFF,0xB0,0x64,0x12,0xFF,0xB0,0x64,0x12,0xFF,0xB0,0x64,0x12,0xFF,0xB0,0x64,0x12,0xFF,0xB0,0x64,0x12,0xFF,0xB0,0x64,0x12,0xFF,0xB0,0x64,0x12,0xFF,0xB0,0x64,0x12,0xFF,0xFE,0xFE,0xFE,0xFF,
    0xFE,0xFE,0xFE,0xFF,0xB0,0x64,0x12,0xFF,0xB0,0x64,0x12,0xFF,0xB0,0x64,0x12,0xFF,0xB0,0x64,0x12,0xFF,0xB0,0x64,0x12,0xFF,0xB0,0x64,0x12,0xFF,0xB0,0x64,0x12,0xFF,0xB0,0x64,0x12,0xFF,0xB0,0x64,0x12,0xFF,0xB0,0x64,0x12,0xFF,0xB0,0x64,0x12,0xFF,0xB0,0x64,0x12,0xFF,0xB0,0x64,0x12,0xFF,0xB0,0x64,0x12,0xFF,0xB0,0x64,0x12,0xFF,
    0xB0,0x64,0x12,0xFF,0xB0,0x64,0x12,0xFF,0xB0,0x64,0x12,0xFF,0xB0,0x64,0x12,0xFF,0xB0,0x64,0x12,0xFF,0xB0,0x64,0x12,0xFF,0xB0,0x64,0x12,0xFF,0xB0,0x64,0x12,0xFF,0xB0,0x64,0x12,0xFF,0xB0,0x64,0x12,0xFF,0xB0,0x64,0x12,0xFF,0xB0,0x64,0x12,0xFF,0xB0,0x64,0x12,0xFF,0xB0,0x64,0x12,0xFF,0xB0,0x64,0x12,0xFF,0xB0,0x64,0x12,0xFF,
    0xB0,0x64,0x12,0xFF,0xB0,0x64,0x12,0xFF,0xB0,0x64,0x12,0xFF,0xB0,0x64,0x12,0xFF,0xB0,0x64,0x12,0xFF,0xB0,0x64,0x12,0xFF,0xB0,0x64,0x12,0xFF,0xB0,0x64,0x12,0xFF,0xB0,0x64,0x12,0xFF,0xB0,0x64,0x12,0xFF,0xB0,0x64,0x12,0xFF,0xB0,0x64,0x12,0xFF,0xB0,0x64,0x12,0xFF,0xB0,0x64,0x12,0xFF,0xB0,0x64,0x12,0xFF,0xB0,0x64,0x12,0xFF,
    0xB0,0x64,0x12,0xFF,0xB0,0x64,0x12,0xFF,0xB0,0x64,0x12,0xFF,0xB0,0x64,0x12,0xFF,0xB0,0x64,0x12,0xFF,0xB0,0x64,0x12,0xFF,0xB0,0x64,0x12,0xFF,0xB0,0x64,0x12,0xFF,0xB0,0x64,0x12,0xFF,0xB0,0x64,0x12,0xFF,0xB0,0x64,0x12,0xFF,0xB0,0x64,0x12,0xFF,0xB0,0x64,0x12,0xFF,0xB0,0x64,0x12,0xFF,0xB0,0x64,0x12,0xFF,0xB0,0x64,0x12,0xFF,
    0xB0,0x64,0x12,0xFF,0xB0,0x64,0x12,0xFF,0xB0,0x64,0x12,0xFF,0xB0,0x64,0x12,0xFF,0xB0,0x64,0x12,0xFF,0xB0,0x64,0x12,0xFF,0xB0,0x64,0x12,0xFF,0xB0,0x64,0x12,0xFF,0xB0,0x64,0x12,0xFF,0xB0,0x64,0x12,0xFF,0xB0,0x64,0x12,0xFF,0xB0,0x64,0x12,0xFF,0xB0,0x64,0x12,0xFF,0xB0,0x64,0x12,0xFF,0xB0,0x64,0x12,0xFF,0xB0,0x64,0x12,0xFF,
    0xB0,0x64,0x12,0xFF,0xB0,0x64,0x12,0xFF,0xB0,0x64,0x12,0xFF,0xB0,0x64,0x12,0xFF,0xB0,0x64,0x12,0xFF,0xB0,0x64,0x12,0xFF,0xB0,0x64,0x12,0xFF,0xB0,0x64,0x12,0xFF,0xB0,0x64,0x12,0xFF,0xB0,0x64,0x12,0xFF,0xB0,0x64,0x12,0xFF,0xB0,0x64,0x12,0xFF,0xB0,0x64,0x12,0xFF,0xB0,0x64,0x12,0xFF,0xB0,0x64,0x12,0xFF,0xB0,0x64,0x12,0xFF,
    0xB0,0x64,0x12,0xFF,0xB0,0x64,0x12,0xFF,0xB0,0x64,0x12,0xFF,0xB0,0x64,0x12,0xFF,0xB0,0x64,0x12,0xFF,0xB0,0x64,0x12,0xFF,0xB0,0x64,0x12,0xFF,0xB0,0x64,0x12,0xFF,0xB0,0x64,0x12,0xFF,0xB0,0x64,0x12,0xFF,0xB0,0x64,0x12,0xFF,0xB0,0x64,0x12,0xFF,0xB0,0x64,0x12,0xFF,0xB0,0x64,0x12,0xFF,0xB0,0x64,0x12,0xFF,0xB0,0x64,0x12,0xFF,
    0xB0,0x64,0x12,0xFF,0xB0,0x64,0x12,0xFF,0xB0,0x64,0x12,0xFF,0xB0,0x64,0x12,0xFF,0xB0,0x64,0x12,0xFF,0xB0,0x64,0x12,0xFF,0xB0,0x64,0x12,0xFF,0xB0,0x64,0x12,0xFF,0xB0,0x64,0x12,0xFF,0xB0,0x64,0x12,0xFF,0xB0,0x64,0x12,0xFF,0xB0,0x64,0x12,0xFF,0xB0,0x64,0x12,0xFF,0xB0,0x64,0x12,0xFF,0xB0,0x64,0x12,0xFF,0xB0,0x64,0x12,0xFF,
    0xB0,0x64,0x12,0xFF,0xB0,0x64,0x12,0xFF,0xB0,0x64,0x12,0xFF,0xB0,0x64,0x12,0xFF,0xB0,0x64,0x12,0xFF,0xB0,0x64,0x12,0xFF,0xB0,0x64,0x12,0xFF,0xB0,0x64,0x12,0xFF,0xB0,0x64,0x12,0xFF,0xB0,0x64,0x12,0xFF,0xB0,0x64,0x12,0xFF,0xB0,0x64,0x12,0xFF,0xB0,0x64,0x12,0xFF,0xB0,0x64,0x12,0xFF,0xB0,0x64,0x12,0xFF,0xB0,0x64,0x12,0xFF,
    0xB0,0x64,0x12,0xFF,0xB0,0x64,0x12,0xFF,0xB0,0x64,0x12,0xFF,0xB0,0x64,0x12,0xFF,0xB0,0x64,0x12,0xFF,0xB0,0x64,0x12,0xFF,0xB0,0x64,0x12,0xFF,0xB0,0x64,0x12,0xFF,0xB0,0x64,0x12,0xFF,0xB0,0x64,0x12,0xFF,0xB0,0x64,0x12,0xFF,0xB0,0x64,0x12,0xFF,0xB0,0x64,0x12,0xFF,0xB0,0x64,0x12,0xFF,0xB0,0x64,0x12,0xFF,0xB0,0x64,0x12,0xFF,
    0xB0,0x64,0x12,0xFF,0xB0,0x64,0x12,0xFF,0xB0,0x64,0x12,0xFF,0xB0,0x64,0x12,0xFF,0xB0,0x64,0x12,0xFF,0xB0,0x64,0x12,0xFF,0xB0,0x64,0x12,0xFF,0xB0,0x64,0x12,0xFF,0xB0,0x64,0x12,0xFF,0xB0,0x64,0x12,0xFF,0xB0,0x64,0x12,0xFF,0xB0,0x64,0x12,0xFF,0xB0,0x64,0x12,0xFF,0xB0,0x64,0x12,0xFF,0xB0,0x64,0x12,0xFF,0xB0,0x64,0x12,0xFF,
    0xB0,0x64,0x12,0xFF,0xB0,0x64,0x12,0xFF,0xB0,0x64,0x12,0xFF,0xFE,0xFE,0xFE,0xFF,0xFE,0xFE,0xFE,0xFF,0xB0,0x64,0x12,0xFF,0xB0,0x64,0x12,0xFF,0xB0,0x64,0x12,0xFF,0xB0,0x64,0x12,0xFF,0xB0,0x64,0x12,0xFF,0xB0,0x64,0x12,0xFF,0xB0,0x64,0x12,0xFF,0xB0,0x64,0x12,0xFF,0xB0,0x64,0x12,0xFF,0xB0,0x64,0x12,0xFF,0xB0,0x64,0x12,0xFF,
    0xB0,0x64,0x12,0xFF,0xB0,0x64,0x12,0xFF,0xB0,0x64,0x12,0xFF,0xB0,0x64,0x12,0xFF,0xB0,0x64,0x12,0xFF,0xB0,0x64,0x12,0xFF,0xB0,0x64,0x12,0xFF,0xB0,0x64,0x12,0xFF,0xB0,0x64,0x12,0xFF,0xB0,0x64,0x12,0xFF,0xB0,0x64,0x12,0xFF,0xB0,0x64,0x12,0xFF,0xB0,0x64,0x12,0xFF,0xB0,0x64,0x12,0xFF,0xB0,0x64,0x12,0xFF,0xB0,0x64,0x12,0xFF,
    0xB0,0x64,0x12,0xFF,0xB0,0x64,0x12,0xFF,0xB0,0x64,0x12,0xFF,0xB0,0x64,0x12,0xFF,0xB0,0x64,0x12,0xFF,0xB0,0x64,0x12,0xFF,0xB0,0x64,0x12,0xFF,0xB0,0x64,0x12,0xFF,0xB0,0x64,0x12,0xFF,0xB0,0x64,0x12,0xFF,0xB0,0x64,0x12,0xFF,0xB0,0x64,0x12,0xFF,0xB0,0x64,0x12,0xFF,0xB0,0x64,0x12,0xFF,0xB0,0x64,0x12,0xFF,0xB0,0x64,0x12,0xFF,
    0xB0,0x64,0x12,0xFF,0xB0,0x64,0x12,0xFF,0xB0,0x64,0x12,0xFF,0xB0,0x64,0x12,0xFF,0xB0,0x64,0x12,0xFF,0xB0,0x64,0x12,0xFF,0xB0,0x64,0x12,0xFF,0xB0,0x64,0x12,0xFF,0xB0,0x64,0x12,0xFF,0xB0,0x64,0x12,0xFF,0xB0,0x64,0x12,0xFF,0xB0,0x64,0x12,0xFF,0xB0,0x64,0x12,0xFF,0xB0,0x64,0x12,0xFF,0xB0,0x64,0x12,0xFF,0xB0,0x64,0x12,0xFF,
    0xB0,0x64,0x12,0xFF,0xB0,0x64,0x12,0xFF,0xB0,0x64,0x12,0xFF,0xB0,0x64,0x12,0xFF,0xB0,0x64,0x12,0xFF,0xB0,0x64,0x12,0xFF,0xB0,0x64,0x12,0xFF,0xB0,0x64,0x12,0xFF,0xB0,0x64,0x12,0xFF,0xB0,0x64,0x12,0xFF,0xB0,0x64,0x12,0xFF,0xB0,0x64,0x12,0xFF,0xB0,0x64,0x12,0xFF,0xB0,0x64,0x12,0xFF,0xB0,0x64,0x12,0xFF,0xB0,0x64,0x12,0xFF,
    0xB0,0x64,0x12,0xFF,0xB0,0x64,0x12,0xFF,0xB0,0x64,0x12,0xFF,0xB0,0x64,0x12,0xFF,0xB0,0x64,0x12,0xFF,0xB0,0x64,0x12,0xFF,0xB0,0x64,0x12,0xFF,0xB0,0x64,0x12,0xFF,0xB0,0x64,0x12,0xFF,0xB0,0x64,0x12,0xFF,0xB0,0x64,0x12,0xFF,0xB0,0x64,0x12,0xFF,0xB0,0x64,0x12,0xFF,0xB0,0x64,0x12,0xFF,0xB0,0x64,0x12,0xFF,0xB0,0x64,0x12,0xFF,
    0xB0,0x64,0x12,0xFF,0xB0,0x64,0x12,0xFF,0xB0,0x64,0x12,0xFF,0xB0,0x64,0x12,0xFF,0xB0,0x64,0x12,0xFF,0xB0,0x64,0x12,0xFF,0xB0,0x64,0x12,0xFF,0xB0,0x64,0x12,0xFF,0xB0,0x64,0x12,0xFF,0xB0,0x64,0x12,0xFF,0xB0,0x64,0x12,0xFF,0xB0,0x64,0x12,0xFF,0xB0,0x64,0x12,0xFF,0xB0,0x64,0x12,0xFF,0xB0,0x64,0x12,0xFF,0xB0,0x64,0x12,0xFF,
    0xB0,0x64,0x12,0xFF,0xB0,0x64,0x12,0xFF,0xB0,0x64,0x12,0xFF,0xB0,0x64,0x12,0xFF,0xB0,0x64,0x12,0xFF,0xB0,0x64,0x12,0xFF,0xB0,0x64,0x12,0xFF,0xB0,0x64,0x12,0xFF,0xB0,0x64,0x12,0xFF,0xB0,0x64,0x12,0xFF,0xB0,0x64,0x12,0xFF,0xB0,0x64,0x12,0xFF,0xB0,0x64,0x12,0xFF,0xB0,0x64,0x12,0xFF,0xB0,0x64,0x12,0xFF,0xB0,0x64,0x12,0xFF,
    0xB0,0x64,0x12,0xFF,0xB0,0x64,0x12,0xFF,0xB0,0x64,0x12,0xFF,0xB0,0x64,0x12,0xFF,0xB0,0x64,0x12,0xFF,0xB0,0x64,0x12,0xFF,0xB0,0x64,0x12,0xFF,0xB0,0x64,0x12,0xFF,0xB0,0x64,0x12,0xFF,0xB0,0x64,0x12,0xFF,0xB0,0x64,0x12,0xFF,0xB0,0x64,0x12,0xFF,0xB0,0x64,0x12,0xFF,0xB0,0x64,0x12,0xFF,0xB0,0x64,0x12,0xFF,0xB0,0x64,0x12,0xFF,
    0xB0,0x64,0x12,0xFF,0xB0,0x64,0x12,0xFF,0xB0,0x64,0x12,0xFF,0xB0,0x64,0x12,0xFF,0xB0,0x64,0x12,0xFF,0xB0,0x64,0x12,0xFF,0xB0,0x64,0x12,0xFF,0xB0,0x64,0x12,0xFF,0xB0,0x64,0x12,0xFF,0xB0,0x64,0x12,0xFF,0xB0,0x64,0x12,0xFF,0xB0,0x64,0x12,0xFF,0xB0,0x64,0x12,0xFF,0xB0,0x64,0x12,0xFF,0xB0,0x64,0x12,0xFF,0xB0,0x64,0x12,0xFF,
    0xB0,0x64,0x12,0xFF,0xB0,0x64,0x12,0xFF,0xB0,0x64,0x12,0xFF,0xB0,0x64,0x12,0xFF,0xB0,0x64,0x12,0xFF,0xB0,0x64,0x12,0xFF,0xB0,0x64,0x12,0xFF,0xB0,0x64,0x12,0xFF,0xB0,0x64,0x12,0xFF,0xB0,0x64,0x12,0xFF,0xB0,0x64,0x12,0xFF,0xB0,0x64,0x12,0xFF,0xB0,0x64,0x12,0xFF,0xB0,0x64,0x12,0xFF,0xB0,0x64,0x12,0xFF,0xB0,0x64,0x12,0xFF,
    0xB0,0x64,0x12,0xFF,0xB0,0x64,0x12,0xFF,0xB0,0x64,0x12,0xFF,0xB0,0x64,0x12,0xFF,0xB0,0x64,0x12,0xFF,0xB0,0x64,0x12,0xFF,0xB0,0x64,0x12,0xFF,0xFE,0xFE,0xFE,0xFF,0xFE,0xFE,0xFE,0xFF,0xB0,0x64,0x12,0xFF,0xB0,0x64,0x12,0xFF,0xB0,0x64,0x12,0xFF,0xB0,0x64,0x12,0xFF,0xB0,0x64,0x12,0xFF,0xB0,0x64,0x12,0xFF,0xB0,0x64,0x12,0xFF,
    0xB0,0x64,0x12,0xFF,0xB0,0x64,0x12,0xFF,0xB0,0x64,0x12,0xFF,0xB0,0x64,0x12,0xFF,0xB0,0x64,0x12,0xFF,0xB0,0x64,0x12,0xFF,0xB0,0x64,0x12,0xFF,0xB0,0x64,0x12,0xFF,0xB0,0x64,0x12,0xFF,0xB0,0x64,0x12,0xFF,0xB0,0x64,0x12,0xFF,0xB0,0x64,0x12,0xFF,0xB0,0x64,0x12,0xFF,0xB0,0x64,0x12,0xFF,0xB0,0x64,0x12,0xFF,0xB0,0x64,0x12,0xFF,
    0xB0,0x64,0x12,0xFF,0xB0,0x64,0x12,0xFF,0xB0,0x64,0x12,0xFF,0xB0,0x64,0x12,0xFF,0xB0,0x64,0x12,0xFF,0xB0,0x64,0x12,0xFF,0xB0,0x64,0x12,0xFF,0xB0,0x64,0x12,0xFF,0xB0,0x64,0x12,0xFF,0xB0,0x64,0x12,0xFF,0xB0,0x64,0x12,0xFF,0xB0,0x64,0x12,0xFF,0xB0,0x64,0x12,0xFF,0xB0,0x64,0x12,0xFF,0xB0,0x64,0x12,0xFF,0xB0,0x64,0x12,0xFF,
    0xB0,0x64,0x12,0xFF,0xB0,0x64,0x12,0xFF,0xB0,0x64,0x12,0xFF,0xB0,0x64,0x12,0xFF,0xB0,0x64,0x12,0xFF,0xB0,0x64,0x12,0xFF,0xB0,0x64,0x12,0xFF,0xB0,0x64,0x12,0xFF,0xB0,0x64,0x12,0xFF,0xB0,0x64,0x12,0xFF,0xB0,0x64,0x12,0xFF,0xB0,0x64,0x12,0xFF,0xB0,0x64,0x12,0xFF,0xB0,0x64,0x12,0xFF,0xB0,0x64,0x12,0xFF,0xB0,0x64,0x12,0xFF,
    0xB0,0x64,0x12,0xFF,0xB0,0x64,0x12,0xFF,0xB0,0x64,0x12,0xFF,0xB0,0x64,0x12,0xFF,0xB0,0x64,0x12,0xFF,0xB0,0x64,0x12,0xFF,0xB0,0x64,0x12,0xFF,0xB0,0x64,0x12,0xFF,0xB0,0x64,0x12,0xFF,0xB0,0x64,0x12,0xFF,0xB0,0x64,0x12,0xFF,0xB0,0x64,0x12,0xFF,0xB0,0x64,0x12,0xFF,0xB0,0x64,0x12,0xFF,0xB0,0x64,0x12,0xFF,0xB0,0x64,0x12,0xFF,
    0xB0,0x64,0x12,0xFF,0xB0,0x64,0x12,0xFF,0xB0,0x64,0x12,0xFF,0xB0,0x64,0x12,0xFF,0xB0,0x64,0x12,0xFF,0xB0,0x64,0x12,0xFF,0xB0,0x64,0x12,0xFF,0xB0,0x64,0x12,0xFF,0xB0,0x64,0x12,0xFF,0xB0,0x64,0x12,0xFF,0xB0,0x64,0x12,0xFF,0xB0,0x64,0x12,0xFF,0xB0,0x64,0x12,0xFF,0xB0,0x64,0x12,0xFF,0xB0,0x64,0x12,0xFF,0xB0,0x64,0x12,0xFF,
    0xB0,0x64,0x12,0xFF,0xB0,0x64,0x12,0xFF,0xB0,0x64,0x12,0xFF,0xB0,0x64,0x12,0xFF,0xB0,0x64,0x12,0xFF,0xB0,0x64,0x12,0xFF,0xB0,0x64,0x12,0xFF,0xB0,0x64,0x12,0xFF,0xB0,0x64,0x12,0xFF,0xB0,0x64,0x12,0xFF,0xB0,0x64,0x12,0xFF,0xB0,0x64,0x12,0xFF,0xB0,0x64,0x12,0xFF,0xB0,0x64,0x12,0xFF,0xB0,0x64,0x12,0xFF,0xB0,0x64,0x12,0xFF,
    0xB0,0x64,0x12,0xFF,0xB0,0x64,0x12,0xFF,0xB0,0x64,0x12,0xFF,0xB0,0x64,0x12,0xFF,0xB0,0x64,0x12,0xFF,0xB0,0x64,0x12,0xFF,0xB0,0x64,0x12,0xFF,0xB0,0x64,0x12,0xFF,0xB0,0x64,0x12,0xFF,0xB0,0x64,0x12,0xFF,0xB0,0x64,0x12,0xFF,0xB0,0x64,0x12,0xFF,0xB0,0x64,0x12,0xFF,0xB0,0x64,0x12,0xFF,0xB0,0x64,0x12,0xFF,0xB0,0x64,0x12,0xFF,
    0xB0,0x64,0x12,0xFF,0xB0,0x64,0x12,0xFF,0xB0,0x64,0x12,0xFF,0xB0,0x64,0x12,0xFF,0xB0,0x64,0x12,0xFF,0xB0,0x64,0x12,0xFF,0xB0,0x64,0x12,0xFF,0xB0,0x64,0x12,0xFF,0xB0,0x64,0x12,0xFF,0xB0,0x64,0x12,0xFF,0xB0,0x64,0x12,0xFF,0xB0,0x64,0x12,0xFF,0xB0,0x64,0x12,0xFF,0xB0,0x64,0x12,0xFF,0xB0,0x64,0x12,0xFF,0xB0,0x64,0x12,0xFF,
    0xB0,0x64,0x12,0xFF,0xB0,0x64,0x12,0xFF,0xB0,0x64,0x12,0xFF,0xB0,0x64,0x12,0xFF,0xB0,0x64,0x12,0xFF,0xB0,0x64,0x12,0xFF,0xB0,0x64,0x12,0xFF,0xB0,0x64,0x12,0xFF,0xB0,0x64,0x12,0xFF,0xB0,0x64,0x12,0xFF,0xB0,0x64,0x12,0xFF,0xB0,0x64,0x12,0xFF,0xB0,0x64,0x12,0xFF,0xB0,0x64,0x12,0xFF,0xB0,0x64,0x12,0xFF,0xB0,0x64,0x12,0xFF,
    0xB0,0x64,0x12,0xFF,0xB0,0x64,0x12,0xFF,0xB0,0x64,0x12,0xFF,0xB0,0x64,0x12,0xFF,0xB0,0x64,0x12,0xFF,0xB0,0x64,0x12,0xFF,0xB0,0x64,0x12,0xFF,0xB0,0x64,0x12,0xFF,0xB0,0x64,0x12,0xFF,0xB0,0x64,0x12,0xFF,0xB0,0x64,0x12,0xFF,0xB0,0x64,0x12,0xFF,0xB0,0x64,0x12,0xFF,0xB0,0x64,0x12,0xFF,0xB0,0x64,0x12,0xFF,0xB0,0x64,0x12,0xFF,
    0xB0,0x64,0x12,0xFF,0xB0,0x64,0x12,0xFF,0xB0,0x64,0x12,0xFF,0xB0,0x64,0x12,0xFF,0xB0,0x64,0x12,0xFF,0xB0,0x64,0x12,0xFF,0xB0,0x64,0x12,0xFF,0xB0,0x64,0x12,0xFF,0xB0,0x64,0x12,0xFF,0xB0,0x64,0x12,0xFF,0xB0,0x64,0x12,0xFF,0xFE,0xFE,0xFE,0xFF,0xFE,0xFE,0xFE,0xFF,0xB0,0x64,0x12,0xFF,0xB0,0x64,0x12,0xFF,0xB0,0x64,0x12,0xFF,
    0xB0,0x64,0x12,0xFF,0xB0,0x64,0x12,0xFF,0xB0,0x64,0x12,0xFF,0xB0,0x64,0x12,0xFF,0xB0,0x64,0x12,0xFF,0xB0,0x64,0x12,0xFF,0xB0,0x64,0x12,0xFF,0xB0,0x64,0x12,0xFF,0xB0,0x64,0x12,0xFF,0xB0,0x64,0x12,0xFF,0xB0,0x64,0x12,0xFF,0xB0,0x64,0x12,0xFF,0xB0,0x64,0x12,0xFF,0xB0,0x64,0x12,0xFF,0xB0,0x64,0x12,0xFF,0xB0,0x64,0x12,0xFF,
    0xB0,0x64,0x12,0xFF,0xB0,0x64,0x12,0xFF,0xB0,0x64,0x12,0xFF,0xB0,0x64,0x12,0xFF,0xB0,0x64,0x12,0xFF,0xB0,0x64,0x12,0xFF,0xB0,0x64,0x12,0xFF,0xB0,0x64,0x12,0xFF,0xB0,0x64,0x12,0xFF,0xB0,0x64,0x12,0xFF,0xB0,0x64,0x12,0xFF,0xB0,0x64,0x12,0xFF,0xB0,0x64,0x12,0xFF,0xB0,0x64,0x12,0xFF,0xB0,0x64,0x12,0xFF,0xB0,0x64,0x12,0xFF,
    0xB0,0x64,0x12,0xFF,0xB0,0x64,0x12,0xFF,0xB0,0x64,0x12,0xFF,0xB0,0x64,0x12,0xFF,0xB0,0x64,0x12,0xFF,0xB0,0x64,0x12,0xFF,0xB0,0x64,0x12,0xFF,0xB0,0x64,0x12,0xFF,0xB0,0x64,0x12,0xFF,0xB0,0x64,0x12,0xFF,0xB0,0x64,0x12,0xFF,0xB0,0x64,0x12,0xFF,0xB0,0x64,0x12,0xFF,0xB0,0x64,0x12,0xFF,0xB0,0x64,0x12,0xFF,0xB0,0x64,0x12,0xFF,
    0xB0,0x64,0x12,0xFF,0xB0,0x64,0x12,0xFF,0xB0,0x64,0x12,0xFF,0xB0,0x64,0x12,0xFF,0xB0,0x64,0x12,0xFF,0xB0,0x64,0x12,0xFF,0xB0,0x64,0x12,0xFF,0xB0,0x64,0x12,0xFF,0xB0,0x64,0x12,0xFF,0xB0,0x64,0x12,0xFF,0xB0,0x64,0x12,0xFF,0xB0,0x64,0x12,0xFF,0xB0,0x64,0x12,0xFF,0xB0,0x64,0x12,0xFF,0xB0,0x64,0x12,0xFF,0xB0,0x64,0x12,0xFF,
    0xB0,0x64,0x12,0xFF,0xB0,0x64,0x12,0xFF,0xB0,0x64,0x12,0xFF,0xB0,0x64,0x12,0xFF,0xB0,0x64,0x12,0xFF,0xB0,0x64,0x12,0xFF,0xB0,0x64,0x12,0xFF,0xB0,0x64,0x12,0xFF,0xB0,0x64,0x12,0xFF,0xB0,0x64,0x12,0xFF,0xB0,0x64,0x12,0xFF,0xB0,0x64,0x12,0xFF,0xB0,0x64,0x12,0xFF,0xB0,0x64,0x12,0xFF,0xB0,0x64,0x12,0xFF,0xB0,0x64,0x12,0xFF,
    0xB0,0x64,0x12,0xFF,0xB0,0x64,0x12,0xFF,0xB0,0x64,0x12,0xFF,0xB0,0x64,0x12,0xFF,0xB0,0x64,0x12,0xFF,0xB0,0x64,0x12,0xFF,0xB0,0x64,0x12,0xFF,0xB0,0x64,0x12,0xFF,0xB0,0x64,0x12,0xFF,0xB0,0x64,0x12,0xFF,0xB0,0x64,0x12,0xFF,0xB0,0x64,0x12,0xFF,0xB0,0x64,0x12,0xFF,0xB0,0x64,0x12,0xFF,0xB0,0x64,0x12,0xFF,0xB0,0x64,0x12,0xFF,
    0xB0,0x64,0x12,0xFF,0xB0,0x64,0x12,0xFF,0xB0,0x64,0x12,0xFF,0xB0,0x64,0x12,0xFF,0xB0,0x64,0x12,0xFF,0xB0,0x64,0x12,0xFF,0xB0,0x64,0x12,0xFF,0xB0,0x64,0x12,0xFF,0xB0,0x64,0x12,0xFF,0xB0,0x64,0x12,0xFF,0xB0,0x64,0x12,0xFF,0xB0,0x64,0x12,0xFF,0xB0,0x64,0x12,0xFF,0xB0,0x64,0x12,0xFF,0xB0,0x64,0x12,0xFF,0xB0,0x64,0x12,0xFF,
    0xB0,0x64,0x12,0xFF,0xB0,0x64,0x12,0xFF,0xB0,0x64,0x12,0xFF,0xB0,0x64,0x12,0xFF,0xB0,0x64,0x12,0xFF,0xB0,0x64,0x12,0xFF,0xB0,0x64,0x12,0xFF,0xB0,0x64,0x12,0xFF,0xB0,0x64,0x12,0xFF,0xB0,0x64,0x12,0xFF,0xB0,0x64,0x12,0xFF,0xB0,0x64,0x12,0xFF,0xB0,0x64,0x12,0xFF,0xB0,0x64,0x12,0xFF,0xB0,0x64,0x12,0xFF,0xB0,0x64,0x12,0xFF,
    0xB0,0x64,0x12,0xFF,0xB0,0x64,0x12,0xFF,0xB0,0x64,0x12,0xFF,0xB0,0x64,0x12,0xFF,0xB0,0x64,0x12,0xFF,0xB0,0x64,0x12,0xFF,0xB0,0x64,0x12,0xFF,0xB0,0x64,0x12,0xFF,0xB0,0x64,0x12,0xFF,0xB0,0x64,0x12,0xFF,0xB0,0x64,0x12,0xFF,0xB0,0x64,0x12,0xFF,0xB0,0x64,0x12,0xFF,0xB0,0x64,0x12,0xFF,0xB0,0x64,0x12,0xFF,0xB0,0x64,0x12,0xFF,
    0xB0,0x64,0x12,0xFF,0xB0,0x64,0x12,0xFF,0xB0,0x64,0x12,0xFF,0xB0,0x64,0x12,0xFF,0xB0,0x64,0x12,0xFF,0xB0,0x64,0x12,0xFF,0xB0,0x64,0x12,0xFF,0xB0,0x64,0x12,0xFF,0xB0,0x64,0x12,0xFF,0xB0,0x64,0x12,0xFF,0xB0,0x64,0x12,0xFF,0xB0,0x64,0x12,0xFF,0xB0,0x64,0x12,0xFF,0xB0,0x64,0x12,0xFF,0xB0,0x64,0x12,0xFF,0xB0,0x64,0x12,0xFF,
    0xB0,0x64,0x12,0xFF,0xB0,0x64,0x12,0xFF,0xB0,0x64,0x12,0xFF,0xB0,0x64,0x12,0xFF,0xB0,0x64,0x12,0xFF,0xB0,0x64,0x12,0xFF,0xB0,0x64,0x12,0xFF,0xB0,0x64,0x12,0xFF,0xB0,0x64,0x12,0xFF,0xB0,0x64,0x12,0xFF,0xB0,0x64,0x12,0xFF,0xB0,0x64,0x12,0xFF,0xB0,0x64,0x12,0xFF,0xB0,0x64,0x12,0xFF,0xB0,0x64,0x12,0xFF,0xFE,0xFE,0xFE,0xFF,
    0xFE,0xFE,0xFE,0xFF,0xB0,0x64,0x12,0xFF,0xB0,0x64,0x12,0xFF,0xB0,0x64,0x12,0xFF,0xB0,0x64,0x12,0xFF,0xB0,0x64,0x12,0xFF,0xB0,0x64,0x12,0xFF,0xB0,0x64,0x12,0xFF,0xB0,0x64,0x12,0xFF,0xB0,0x64,0x12,0xFF,0xB0,0x64,0x12,0xFF,0xB0,0x64,0x12,0xFF,0xB0,0x64,0x12,0xFF,0xB0,0x64,0x12,0xFF,0xB0,0x64,0x12,0xFF,0xB0,0x64,0x12,0xFF,
    0xB0,0x64,0x12,0xFF,0xB0,0x64,0x12,0xFF,0xB0,0x64,0x12,0xFF,0xB0,0x64,0x12,0xFF,0xB0,0x64,0x12,0xFF,0xB0,0x64,0x12,0xFF,0xB0,0x64,0x12,0xFF,0xB0,0x64,0x12,0xFF,0xB0,0x64,0x12,0xFF,0xB0,0x64,0x12,0xFF,0xB0,0x64,0x12,0xFF,0xB0,0x64,0x12,0xFF,0xB0,0x64,0x12,0xFF,0xB0,0x64,0x12,0xFF,0xB0,0x64,0x12,0xFF,0xB0,0x64,0x12,0xFF,
    0xB0,0x64,0x12,0xFF,0xB0,0x64,0x12,0xFF,0xB0,0x64,0x12,0xFF,0xB0,0x64,0x12,0xFF,0xB0,0x64,0x12,0xFF,0xB0,0x64,0x12,0xFF,0xB0,0x64,0x12,0xFF,0xB0,0x64,0x12,0xFF,0xB0,0x64,0x12,0xFF,0xB0,0x64,0x12,0xFF,0xB0,0x64,0x12,0xFF,0xB0,0x64,0x12,0xFF,0xB0,0x64,0x12,0xFF,0xB0,0x64,0x12,0xFF,0xB0,0x64,0x12,0xFF,0xB0,0x64,0x12,0xFF,
    0xB0,0x64,0x12,0xFF,0xB0,0x64,0x12,0xFF,0xB0,0x64,0x12,0xFF,0xB0,0x64,0x12,0xFF,0xB0,0x64,0x12,0xFF,0xB0,0x64,0x12,0xFF,0xB0,0x64,0x12,0xFF,0xB0,0x64,0x12,0xFF,0xB0,0x64,0x12,0xFF,0xB0,0x64,0x12,0xFF,0xB0,0x64,0x12,0xFF,0xB0,0x64,0x12,0xFF,0xB0,0x64,0x12,0xFF,0xB0,0x64,0x12,0xFF,0xB0,0x64,0x12,0xFF,0xB0,0x64,0x12,0xFF,
    0xB0,0x64,0x12,0xFF,0xB0,0x64,0x12,0xFF,0xB0,0x64,0x12,0xFF,0xB0,0x64,0x12,0xFF,0xB0,0x64,0x12,0xFF,0xB0,0x64,0x12,0xFF,0xB0,0x64,0x12,0xFF,0xB0,0x64,0x12,0xFF,0xB0,0x64,0x12,0xFF,0xB0,0x64,0x12,0xFF,0xB0,0x64,0x12,0xFF,0xB0,0x64,0x12,0xFF,0xB0,0x64,0x12,0xFF,0xB0,0x64,0x12,0xFF,0xB0,0x64,0x12,0xFF,0xB0,0x64,0x12,0xFF,
    0xB0,0x64,0x12,0xFF,0xB0,0x64,0x12,0xFF,0xB0,0x64,0x12,0xFF,0xB0,0x64,0x12,0xFF,0xB0,0x64,0x12,0xFF,0xB0,0x64,0x12,0xFF,0xB0,0x64,0x12,0xFF,0xB0,0x64,0x12,0xFF,0xB0,0x64,0x12,0xFF,0xB0,0x64,0x12,0xFF,0xB0,0x64,0x12,0xFF,0xB0,0x64,0x12,0xFF,0xB0,0x64,0x12,0xFF,0xB0,0x64,0x12,0xFF,0xB0,0x64,0x12,0xFF,0xB0,0x64,0x12,0xFF,
    0xB0,0x64,0x12,0xFF,0xB0,0x64,0x12,0xFF,0xB0,0x64,0x12,0xFF,0xB0,0x64,0x12,0xFF,0xB0,0x64,0x12,0xFF,0xB0,0x64,0x12,0xFF,0xB0,0x64,0x12,0xFF,0xB0,0x64,0x12,0xFF,0xB0,0x64,0x12,0xFF,0xB0,0x64,0x12,0xFF,0xB0,0x64,0x12,0xFF,0xB0,0x64,0x12,0xFF,0xB0,0x64,0x12,0xFF,0xB0,0x64,0x12,0xFF,0xB0,0x64,0x12,0xFF,0xB0,0x64,0x12,0xFF,
    0xB0,0x64,0x12,0xFF,0xB0,0x64,0x12,0xFF,0xB0,0x64,0x12,0xFF,0xB0,0x64,0x12,0xFF,0xB0,0x64,0x12,0xFF,0xB0,0x64,0x12,0xFF,0xB0,0x64,0x12,0xFF,0xB0,0x64,0x12,0xFF,0xB0,0x64,0x12,0xFF,0xB0,0x64,0x12,0xFF,0xB0,0x64,0x12,0xFF,0xB0,0x64,0x12,0xFF,0xB0,0x64,0x12,0xFF,0xB0,0x64,0x12,0xFF,0xB0,0x64,0x12,0xFF,0xB0,0x64,0x12,0xFF,
    0xB0,0x64,0x12,0xFF,0xB0,0x64,0x12,0xFF,0xB0,0x64,0x12,0xFF,0xB0,0x64,0x12,0xFF,0xB0,0x64,0x12,0xFF,0xB0,0x64,0x12,0xFF,0xB0,0x64,0x12,0xFF,0xB0,0x64,0x12,0xFF,0xB0,0x64,0x12,0xFF,0xB0,0x64,0x12,0xFF,0xB0,0x64,0x12,0xFF,0xB0,0x64,0x12,0xFF,0xB0,0x64,0x12,0xFF,0xB0,0x64,0x12,0xFF,0xB0,0x64,0x12,0xFF,0xB0,0x64,0x12,0xFF,
    0xB0,0x64,0x12,0xFF,0xB0,0x64,0x12,0xFF,0xB0,0x64,0x12,0xFF,0xB0,0x64,0x12,0xFF,0xB0,0x64,0x12,0xFF,0xB0,0x64,0x12,0xFF,0xB0,0x64,0x12,0xFF,0xB0,0x64,0x12,0xFF,0xB0,0x64,0x12,0xFF,0xB0,0x64,0x12,0xFF,0xB0,0x64,0x12,0xFF,0xB0,0x64,0x12,0xFF,0xB0,0x64,0x12,0xFF,0xB0,0x64,0x12,0xFF,0xB0,0x64,0x12,0xFF,0xB0,0x64,0x12,0xFF,
    0xB0,0x64,0x12,0xFF,0xB0,0x64,0x12,0xFF,0xB0,0x64,0x12,0xFF,0xB0,0x64,0x12,0xFF,0xB0,0x64,0x12,0xFF,0xB0,0x64,0x12,0xFF,0xB0,0x64,0x12,0xFF,0xB0,0x64,0x12,0xFF,0xB0,0x64,0x12,0xFF,0xB0,0x64,0x12,0xFF,0xB0,0x64,0x12,0xFF,0xB0,0x64,0x12,0xFF,0xB0,0x64,0x12,0xFF,0xB0,0x64,0x12,0xFF,0xB0,0x64,0x12,0xFF,0xB0,0x64,0x12,0xFF,
    0xB0,0x64,0x12,0xFF,0xB0,0x64,0x12,0xFF,0xB0,0x64,0x12,0xFF,0xFE,0xFE,0xFE,0xFF,0xFE,0xFE,0xFE,0xFF,0xB0,0x64,0x12,0xFF,0xB0,0x64,0x12,0xFF,0xB0,0x64,0x12,0xFF,0xB0,0x64,0x12,0xFF,0xB0,0x64,0x12,0xFF,0xB0,0x64,0x12,0xFF,0xB0,0x64,0x12,0xFF,0xB0,0x64,0x12,0xFF,0xB0,0x64,0x12,0xFF,0xB0,0x64,0x12,0xFF,0xB0,0x64,0x12,0xFF,
    0xB0,0x64,0x12,0xFF,0xB0,0x64,0x12,0xFF,0xB0,0x64,0x12,0xFF,0xB0,0x64,0x12,0xFF,0xB0,0x64,0x12,0xFF,0xB0,0x64,0x12,0xFF,0xB0,0x64,0x12,0xFF,0xB0,0x64,0x12,0xFF,0xB0,0x64,0x12,0xFF,0xB0,0x64,0x12,0xFF,0xB0,0x64,0x12,0xFF,0xB0,0x64,0x12,0xFF,0xB0,0x64,0x12,0xFF,0xB0,0x64,0x12,0xFF,0xB0,0x64,0x12,0xFF,0xB0,0x64,0x12,0xFF,
    0xB0,0x64,0x12,0xFF,0xB0,0x64,0x12,0xFF,0xB0,0x64,0x12,0xFF,0xB0,0x64,0x12,0xFF,0xB0,0x64,0x12,0xFF,0xB0,0x64,0x12,0xFF,0xB0,0x64,0x12,0xFF,0xB0,0x64,0x12,0xFF,0xB0,0x64,0x12,0xFF,0xB0,0x64,0x12,0xFF,0xB0,0x64,0x12,0xFF,0xB0,0x64,0x12,0xFF,0xB0,0x64,0x12,0xFF,0xB0,0x64,0x12,0xFF,0xB0,0x64,0x12,0xFF,0xB0,0x64,0x12,0xFF,
    0xB0,0x64,0x12,0xFF,0xB0,0x64,0x12,0xFF,0xB0,0x64,0x12,0xFF,0xB0,0x64,0x12,0xFF,0xB0,0x64,0x12,0xFF,0xB0,0x64,0x12,0xFF,0xB0,0x64,0x12,0xFF,0xB0,0x64,0x12,0xFF,0xB0,0x64,0x12,0xFF,0xB0,0x64,0x12,0xFF,0xB0,0x64,0x12,0xFF,0xB0,0x64,0x12,0xFF,0xB0,0x64,0x12,0xFF,0xB0,0x64,0x12,0xFF,0xB0,0x64,0x12,0xFF,0xB0,0x64,0x12,0xFF,
    0xB0,0x64,0x12,0xFF,0xB0,0x64,0x12,0xFF,0xB0,0x64,0x12,0xFF,0xB0,0x64,0x12,0xFF,0xB0,0x64,0x12,0xFF,0xB0,0x64,0x12,0xFF,0xB0,0x64,0x12,0xFF,0xB0,0x64,0x12,0xFF,0xB0,0x64,0x12,0xFF,0xB0,0x64,0x12,0xFF,0xB0,0x64,0x12,0xFF,0xB0,0x64,0x12,0xFF,0xB0,0x64,0x12,0xFF,0xB0,0x64,0x12,0xFF,0xB0,0x64,0x12,0xFF,0xB0,0x64,0x12,0xFF,
    0xB0,0x64,0x12,0xFF,0xB0,0x64,0x12,0xFF,0xB0,0x64,0x12,0xFF,0xB0,0x64,0x12,0xFF,0xB0,0x64,0x12,0xFF,0xB0,0x64,0x12,0xFF,0xB0,0x64,0x12,0xFF,0xB0,0x64,0x12,0xFF,0xB0,0x64,0x12,0xFF,0xB0,0x64,0x12,0xFF,0xB0,0x64,0x12,0xFF,0xB0,0x64,0x12,0xFF,0xB0,0x64,0x12,0xFF,0xB0,0x64,0x12,0xFF,0xB0,0x64,0x12,0xFF,0xB0,0x64,0x12,0xFF,
    0xB0,0x64,0x12,0xFF,0xB0,0x64,0x12,0xFF,0xB0,0x64,0x12,0xFF,0xB0,0x64,0x12,0xFF,0xB0,0x64,0x12,0xFF,0xB0,0x64,0x12,0xFF,0xB0,0x64,0x12,0xFF,0xB0,0x64,0x12,0xFF,0xB0,0x64,0x12,0xFF,0xB0,0x64,0x12,0xFF,0xB0,0x64,0x12,0xFF,0xB0,0x64,0x12,0xFF,0xB0,0x64,0x12,0xFF,0xB0,0x64,0x12,0xFF,0xB0,0x64,0x12,0xFF,0xB0,0x64,0x12,0xFF,
    0xB0,0x64,0x12,0xFF,0xB0,0x64,0x12,0xFF,0xB0,0x64,0x12,0xFF,0xB0,0x64,0x12,0xFF,0xB0,0x64,0x12,0xFF,0xB0,0x64,0x12,0xFF,0xB0,0x64,0x12,0xFF,0xB0,0x64,0x12,0xFF,0xB0,0x64,0x12,0xFF,0xB0,0x64,0x12,0xFF,0xB0,0x64,0x12,0xFF,0xB0,0x64,0x12,0xFF,0xB0,0x64,0x12,0xFF,0xB0,0x64,0x12,0xFF,0xB0,0x64,0x12,0xFF,0xB0,0x64,0x12,0xFF,
    0xB0,0x64,0x12,0xFF,0xB0,0x64,0x12,0xFF,0xB0,0x64,0x12,0xFF,0xB0,0x64,0x12,0xFF,0xB0,0x64,0x12,0xFF,0xB0,0x64,0x12,0xFF,0xB0,0x64,0x12,0xFF,0xB0,0x64,0x12,0xFF,0xB0,0x64,0x12,0xFF,0xB0,0x64,0x12,0xFF,0xB0,0x64,0x12,0xFF,0xB0,0x64,0x12,0xFF,0xB0,0x64,0x12,0xFF,0xB0,0x64,0x12,0xFF,0xB0,0x64,0x12,0xFF,0xB0,0x64,0x12,0xFF,
    0xB0,0x64,0x12,0xFF,0xB0,0x64,0x12,0xFF,0xB0,0x64,0x12,0xFF,0xB0,0x64,0x12,0xFF,0xB0,0x64,0x12,0xFF,0xB0,0x64,0x12,0xFF,0xB0,0x64,0x12,0xFF,0xB0,0x64,0x12,0xFF,0xB0,0x64,0x12,0xFF,0xB0,0x64,0x12,0xFF,0xB0,0x64,0x12,0xFF,0xB0,0x64,0x12,0xFF,0xB0,0x64,0x12,0xFF,0xB0,0x64,0x12,0xFF,0xB0,0x64,0x12,0xFF,0xB0,0x64,0x12,0xFF,
    0xB0,0x64,0x12,0xFF,0xB0,0x64,0x12,0xFF,0xB0,0x64,0x12,0xFF,0xB0,0x64,0x12,0xFF,0xB0,0x64,0x12,0xFF,0xB0,0x64,0x12,0xFF,0xB0,0x64,0x12,0xFF,0xB0,0x64,0x12,0xFF,0xB0,0x64,0x12,0xFF,0xB0,0x64,0x12,0xFF,0xB0,0x64,0x12,0xFF,0xB0,0x64,0x12,0xFF,0xB0,0x64,0x12,0xFF,0xB0,0x64,0x12,0xFF,0xB0,0x64,0x12,0xFF,0xB0,0x64,0x12,0xFF,
    0xB0,0x64,0x12,0xFF,0xB0,0x64,0x12,0xFF,0xB0,0x64,0x12,0xFF,0xB0,0x64,0x12,0xFF,0xB0,0x64,0x12,0xFF,0xB0,0x64,0x12,0xFF,0xB0,0x64,0x12,0xFF,0xFE,0xFE,0xFE,0xFF,0xFE,0xFE,0xFE,0xFF,0xB0,0x64,0x12,0xFF,0xB0,0x64,0x12,0xFF,0xB0,0x64,0x12,0xFF,0xB0,0x64,0x12,0xFF,0xB0,0x64,0x12,0xFF,0xB0,0x64,0x12,0xFF,0xB0,0x64,0x12,0xFF,
    0xB0,0x64,0x12,0xFF,0xB0,0x64,0x12,0xFF,0xB0,0x64,0x12,0xFF,0xB0,0x64,0x12,0xFF,0xB0,0x64,0x12,0xFF,0xB0,0x64,0x12,0xFF,0xB0,0x64,0x12,0xFF,0xB0,0x64,0x12,0xFF,0xB0,0x64,0x12,0xFF,0xB0,0x64,0x12,0xFF,0xB0,0x64,0x12,0xFF,0xB0,0x64,0x12,0xFF,0xB0,0x64,0x12,0xFF,0xB0,0x64,0x12,0xFF,0xB0,0x64,0x12,0xFF,0xB0,0x64,0x12,0xFF,
    0xB0,0x64,0x12,0xFF,0xB0,0x64,0x12,0xFF,0xB0,0x64,0x12,0xFF,0xB0,0x64,0x12,0xFF,0xB0,0x64,0x12,0xFF,0xB0,0x64,0x12,0xFF,0xB0,0x64,0x12,0xFF,0xB0,0x64,0x12,0xFF,0xB0,0x64,0x12,0xFF,0xB0,0x64,0x12,0xFF,0xB0,0x64,0x12,0xFF,0xB0,0x64,0x12,0xFF,0xB0,0x64,0x12,0xFF,0xB0,0x64,0x12,0xFF,0xB0,0x64,0x12,0xFF,0xB0,0x64,0x12,0xFF,
    0xB0,0x64,0x12,0xFF,0xB0,0x64,0x12,0xFF,0xB0,0x64,0x12,0xFF,0xB0,0x64,0x12,0xFF,0xB0,0x64,0x12,0xFF,0xB0,0x64,0x12,0xFF,0xB0,0x64,0x12,0xFF,0xB0,0x64,0x12,0xFF,0xB0,0x64,0x12,0xFF,0xB0,0x64,0x12,0xFF,0xB0,0x64,0x12,0xFF,0xB0,0x64,0x12,0xFF,0xB0,0x64,0x12,0xFF,0xB0,0x64,0x12,0xFF,0xB0,0x64,0x12,0xFF,0xB0,0x64,0x12,0xFF,
    0xB0,0x64,0x12,0xFF,0xB0,0x64,0x12,0xFF,0xB0,0x64,0x12,0xFF,0xB0,0x64,0x12,0xFF,0xB0,0x64,0x12,0xFF,0xB0,0x64,0x12,0xFF,0xB0,0x64,0x12,0xFF,0xB0,0x64,0x12,0xFF,0xB0,0x64,0x12,0xFF,0xB0,0x64,0x12,0xFF,0xB0,0x64,0x12,0xFF,0xB0,0x64,0x12,0xFF,0xB0,0x64,0x12,0xFF,0xB0,0x64,0x12,0xFF,0xB0,0x64,0x12,0xFF,0xB0,0x64,0x12,0xFF,
    0xB0,0x64,0x12,0xFF,0xB0,0x64,0x12,0xFF,0xB0,0x64,0x12,0xFF,0xB0,0x64,0x12,0xFF,0xB0,0x64,0x12,0xFF,0xB0,0x64,0x12,0xFF,0xB0,0x64,0x12,0xFF,0xB0,0x64,0x12,0xFF,0xB0,0x64,0x12,0xFF,0xB0,0x64,0x12,0xFF,0xB0,0x64,0x12,0xFF,0xB0,0x64,0x12,0xFF,0xB0,0x64,0x12,0xFF,0xB0,0x64,0x12,0xFF,0xB0,0x64,0x12,0xFF,0xB0,0x64,0x12,0xFF,
    0xB0,0x64,0x12,0xFF,0xB0,0x64,0x12,0xFF,0xB0,0x64,0x12,0xFF,0xB0,0x64,0x12,0xFF,0xB0,0x64,0x12,0xFF,0xB0,0x64,0x12,0xFF,0xB0,0x64,0x12,0xFF,0xB0,0x64,0x12,0xFF,0xB0,0x64,0x12,0xFF,0xB0,0x64,0x12,0xFF,0xB0,0x64,0x12,0xFF,0xB0,0x64,0x12,0xFF,0xB0,0x64,0x12,0xFF,0xB0,0x64,0x12,0xFF,0xB0,0x64,0x12,0xFF,0xB0,0x64,0x12,0xFF,
    0xB0,0x64,0x12,0xFF,0xB0,0x64,0x12,0xFF,0xB0,0x64,0x12,0xFF,0xB0,0x64,0x12,0xFF,0xB0,0x64,0x12,0xFF,0xB0,0x64,0x12,0xFF,0xB0,0x64,0x12,0xFF,0xB0,0x64,0x12,0xFF,0xB0,0x64,0x12,0xFF,0xB0,0x64,0x12,0xFF,0xB0,0x64,0x12,0xFF,0xB0,0x64,0x12,0xFF,0xB0,0x64,0x12,0xFF,0xB0,0x64,0x12,0xFF,0xB0,0x64,0x12,0xFF,0xB0,0x64,0x12,0xFF,
    0xB0,0x64,0x12,0xFF,0xB0,0x64,0x12,0xFF,0xB0,0x64,0x12,0xFF,0xB0,0x64,0x12,0xFF,0xB0,0x64,0x12,0xFF,0xB0,0x64,0x12,0xFF,0xB0,0x64,0x12,0xFF,0xB0,0x64,0x12,0xFF,0xB0,0x64,0x12,0xFF,0xB0,0x64,0x12,0xFF,0xB0,0x64,0x12,0xFF,0xB0,0x64,0x12,0xFF,0xB0,0x64,0x12,0xFF,0xB0,0x64,0x12,0xFF,0xB0,0x64,0x12,0xFF,0xB0,0x64,0x12,0xFF,
    0xB0,0x64,0x12,0xFF,0xB0,0x64,0x12,0xFF,0xB0,0x64,0x12,0xFF,0xB0,0x64,0x12,0xFF,0xB0,0x64,0x12,0xFF,0xB0,0x64,0x12,0xFF,0xB0,0x64,0x12,0xFF,0xB0,0x64,0x12,0xFF,0xB0,0x64,0x12,0xFF,0xB0,0x64,0x12,0xFF,0xB0,0x64,0x12,0xFF,0xB0,0x64,0x12,0xFF,0xB0,0x64,0x12,0xFF,0xB0,0x64,0x12,0xFF,0xB0,0x64,0x12,0xFF,0xB0,0x64,0x12,0xFF,
    0xB0,0x64,0x12,0xFF,0xB0,0x64,0x12,0xFF,0xB0,0x64,0x12,0xFF,0xB0,0x64,0x12,0xFF,0xB0,0x64,0x12,0xFF,0xB0,0x64,0x12,0xFF,0xB0,0x64,0x12,0xFF,0xB0,0x64,0x12,0xFF,0xB0,0x64,0x12,0xFF,0xB0,0x64,0x12,0xFF,0xB0,0x64,0x12,0xFF,0xB0,0x64,0x12,0xFF,0xB0,0x64,0x12,0xFF,0xB0,0x64,0x12,0xFF,0xB0,0x64,0x12,0xFF,0xB0,0x64,0x12,0xFF,
    0xB0,0x64,0x12,0xFF,0xB0,0x64,0x12,0xFF,0xB0,0x64,0x12,0xFF,0xB0,0x64,0x12,0xFF,0xB0,0x64,0x12,0xFF,0xB0,0x64,0x12,0xFF,0xB0,0x64,0x12,0xFF,0xB0,0x64,0x12,0xFF,0xB0,0x64,0x12,0xFF,0xB0,0x64,0x12,0xFF,0xB0,0x64,0x12,0xFF,0xFE,0xFE,0xFE,0xFF,0xFE,0xFE,0xFE,0xFF,0xB0,0x64,0x12,0xFF,0xB0,0x64,0x12,0xFF,0xB0,0x64,0x12,0xFF,
    0xB0,0x64,0x12,0xFF,0xB0,0x64,0x12,0xFF,0xB0,0x64,0x12,0xFF,0xB0,0x64,0x12,0xFF,0xB0,0x64,0x12,0xFF,0xB0,0x64,0x12,0xFF,0xB0,0x64,0x12,0xFF,0xB0,0x64,0x12,0xFF,0xB0,0x64,0x12,0xFF,0xB0,0x64,0x12,0xFF,0xB0,0x64,0x12,0xFF,0xB0,0x64,0x12,0xFF,0xB0,0x64,0x12,0xFF,0xB0,0x64,0x12,0xFF,0xB0,0x64,0x12,0xFF,0xB0,0x64,0x12,0xFF,
    0xB0,0x64,0x12,0xFF,0xB0,0x64,0x12,0xFF,0xB0,0x64,0x12,0xFF,0xB0,0x64,0x12,0xFF,0xB0,0x64,0x12,0xFF,0xB0,0x64,0x12,0xFF,0xB0,0x64,0x12,0xFF,0xB0,0x64,0x12,0xFF,0xB0,0x64,0x12,0xFF,0xB0,0x64,0x12,0xFF,0xB0,0x64,0x12,0xFF,0xB0,0x64,0x12,0xFF,0xB0,0x64,0x12,0xFF,0xB0,0x64,0x12,0xFF,0xB0,0x64,0x12,0xFF,0xB0,0x64,0x12,0xFF,
    0xB0,0x64,0x12,0xFF,0xB0,0x64,0x12,0xFF,0xB0,0x64,0x12,0xFF,0xB0,0x64,0x12,0xFF,0xB0,0x64,0x12,0xFF,0xB0,0x64,0x12,0xFF,0xB0,0x64,0x12,0xFF,0xB0,0x64,0x12,0xFF,0xB0,0x64,0x12,0xFF,0xB0,0x64,0x12,0xFF,0xB0,0x64,0x12,0xFF,0xB0,0x64,0x12,0xFF,0xB0,0x64,0x12,0xFF,0xB0,0x64,0x12,0xFF,0xB0,0x64,0x12,0xFF,0xB0,0x64,0x12,0xFF,
    0xB0,0x64,0x12,0xFF,0xB0,0x64,0x12,0xFF,0xB0,0x64,0x12,0xFF,0xB0,0x64,0x12,0xFF,0xB0,0x64,0x12,0xFF,0xB0,0x64,0x12,0xFF,0xB0,0x64,0x12,0xFF,0xB0,0x64,0x12,0xFF,0xB0,0x64,0x12,0xFF,0xB0,0x64,0x12,0xFF,0xB0,0x64,0x12,0xFF,0xB0,0x64,0x12,0xFF,0xB0,0x64,0x12,0xFF,0xB0,0x64,0x12,0xFF,0xB0,0x64,0x12,0xFF,0xB0,0x64,0x12,0xFF,
    0xB0,0x64,0x12,0xFF,0xB0,0x64,0x12,0xFF,0xB0,0x64,0x12,0xFF,0xB0,0x64,0x12,0xFF,0xB0,0x64,0x12,0xFF,0xB0,0x64,0x12,0xFF,0xB0,0x64,0x12,0xFF,0xB0,0x64,0x12,0xFF,0xB0,0x64,0x12,0xFF,0xB0,0x64,0x12,0xFF,0xB0,0x64,0x12,0xFF,0xB0,0x64,0x12,0xFF,0xB0,0x64,0x12,0xFF,0xB0,0x64,0x12,0xFF,0xB0,0x64,0x12,0xFF,0xB0,0x64,0x12,0xFF,
    0xB0,0x64,0x12,0xFF,0xB0,0x64,0x12,0xFF,0xB0,0x64,0x12,0xFF,0xB0,0x64,0x12,0xFF,0xB0,0x64,0x12,0xFF,0xB0,0x64,0x12,0xFF,0xB0,0x64,0x12,0xFF,0xB0,0x64,0x12,0xFF,0xB0,0x64,0x12,0xFF,0xB0,0x64,0x12,0xFF,0xB0,0x64,0x12,0xFF,0xB0,0x64,0x12,0xFF,0xB0,0x64,0x12,0xFF,0xB0,0x64,0x12,0xFF,0xB0,0x64,0x12,0xFF,0xB0,0x64,0x12,0xFF,
    0xB0,0x64,0x12,0xFF,0xB0,0x64,0x12,0xFF,0xB0,0x64,0x12,0xFF,0xB0,0x64,0x12,0xFF,0xB0,0x64,0x12,0xFF,0xB0,0x64,0x12,0xFF,0xB0,0x64,0x12,0xFF,0xB0,0x64,0x12,0xFF,0xB0,0x64,0x12,0xFF,0xB0,0x64,0x12,0xFF,0xB0,0x64,0x12,0xFF,0xB0,0x64,0x12,0xFF,0xB0,0x64,0x12,0xFF,0xB0,0x64,0x12,0xFF,0xB0,0x64,0x12,0xFF,0xB0,0x64,0x12,0xFF,
    0xB0,0x64,0x12,0xFF,0xB0,0x64,0x12,0xFF,0xB0,0x64,0x12,0xFF,0xB0,0x64,0x12,0xFF,0xB0,0x64,0x12,0xFF,0xB0,0x64,0x12,0xFF,0xB0,0x64,0x12,0xFF,0xB0,0x64,0x12,0xFF,0xB0,0x64,0x12,0xFF,0xB0,0x64,0x12,0xFF,0xB0,0x64,0x12,0xFF,0xB0,0x64,0x12,0xFF,0xB0,0x64,0x12,0xFF,0xB0,0x64,0x12,0xFF,0xB0,0x64,0x12,0xFF,0xB0,0x64,0x12,0xFF,
    0xB0,0x64,0x12,0xFF,0xB0,0x64,0x12,0xFF,0xB0,0x64,0x12,0xFF,0xB0,0x64,0x12,0xFF,0xB0,0x64,0x12,0xFF,0xB0,0x64,0x12,0xFF,0xB0,0x64,0x12,0xFF,0xB0,0x64,0x12,0xFF,0xB0,0x64,0x12,0xFF,0xB0,0x64,0x12,0xFF,0xB0,0x64,0x12,0xFF,0xB0,0x64,0x12,0xFF,0xB0,0x64,0x12,0xFF,0xB0,0x64,0x12,0xFF,0xB0,0x64,0x12,0xFF,0xB0,0x64,0x12,0xFF,
    0xB0,0x64,0x12,0xFF,0xB0,0x64,0x12,0xFF,0xB0,0x64,0x12,0xFF,0xB0,0x64,0x12,0xFF,0xB0,0x64,0x12,0xFF,0xB0,0x64,0x12,0xFF,0xB0,0x64,0x12,0xFF,0xB0,0x64,0x12,0xFF,0xB0,0x64,0x12,0xFF,0xB0,0x64,0x12,0xFF,0xB0,0x64,0x12,0xFF,0xB0,0x64,0x12,0xFF,0xB0,0x64,0x12,0xFF,0xB0,0x64,0x12,0xFF,0xB0,0x64,0x12,0xFF,0xB0,0x64,0x12,0xFF,
    0xB0,0x64,0x12,0xFF,0xB0,0x64,0x12,0xFF,0xB0,0x64,0x12,0xFF,0xB0,0x64,0x12,0xFF,0xB0,0x64,0x12,0xFF,0xB0,0x64,0x12,0xFF,0xB0,0x64,0x12,0xFF,0xB0,0x64,0x12,0xFF,0xB0,0x64,0x12,0xFF,0xB0,0x64,0x12,0xFF,0xB0,0x64,0x12,0xFF,0xB0,0x64,0x12,0xFF,0xB0,0x64,0x12,0xFF,0xB0,0x64,0x12,0xFF,0xB0,0x64,0x12,0xFF,0xFE,0xFE,0xFE,0xFF,
    0xFE,0xFE,0xFE,0xFF,0xB0,0x64,0x12,0xFF,0xB0,0x64,0x12,0xFF,0xB0,0x64,0x12,0xFF,0xB0,0x64,0x12,0xFF,0xB0,0x64,0x12,0xFF,0xB0,0x64,0x12,0xFF,0xB0,0x64,0x12,0xFF,0xB0,0x64,0x12,0xFF,0xB0,0x64,0x12,0xFF,0xB0,0x64,0x12,0xFF,0xB0,0x64,0x12,0xFF,0xB0,0x64,0x12,0xFF,0xB0,0x64,0x12,0xFF,0xB0,0x64,0x12,0xFF,0xB0,0x64,0x12,0xFF,
    0xB0,0x64,0x12,0xFF,0xB0,0x64,0x12,0xFF,0xB0,0x64,0x12,0xFF,0xB0,0x64,0x12,0xFF,0xB0,0x64,0x12,0xFF,0xB0,0x64,0x12,0xFF,0xB0,0x64,0x12,0xFF,0xB0,0x64,0x12,0xFF,0xB0,0x64,0x12,0xFF,0xB0,0x64,0x12,0xFF,0xB0,0x64,0x12,0xFF,0xB0,0x64,0x12,0xFF,0xB0,0x64,0x12,0xFF,0xB0,0x64,0x12,0xFF,0xB0,0x64,0x12,0xFF,0xB0,0x64,0x12,0xFF,
    0xB0,0x64,0x12,0xFF,0xB0,0x64,0x12,0xFF,0xB0,0x64,0x12,0xFF,0xB0,0x64,0x12,0xFF,0xB0,0x64,0x12,0xFF,0xB0,0x64,0x12,0xFF,0xB0,0x64,0x12,0xFF,0xB0,0x64,0x12,0xFF,0xB0,0x64,0x12,0xFF,0xB0,0x64,0x12,0xFF,0xB0,0x64,0x12,0xFF,0xB0,0x64,0x12,0xFF,0xB0,0x64,0x12,0xFF,0xB0,0x64,0x12,0xFF,0xB0,0x64,0x12,0xFF,0xB0,0x64,0x12,0xFF,
    0xB0,0x64,0x12,0xFF,0xB0,0x64,0x12,0xFF,0xB0,0x64,0x12,0xFF,0xB0,0x64,0x12,0xFF,0xB0,0x64,0x12,0xFF,0xB0,0x64,0x12,0xFF,0xB0,0x64,0x12,0xFF,0xB0,0x64,0x12,0xFF,0xB0,0x64,0x12,0xFF,0xB0,0x64,0x12,0xFF,0xB0,0x64,0x12,0xFF,0xB0,0x64,0x12,0xFF,0xB0,0x64,0x12,0xFF,0xB0,0x64,0x12,0xFF,0xB0,0x64,0x12,0xFF,0xB0,0x64,0x12,0xFF,
    0xB0,0x64,0x12,0xFF,0xB0,0x64,0x12,0xFF,0xB0,0x64,0x12,0xFF,0xB0,0x64,0x12,0xFF,0xB0,0x64,0x12,0xFF,0xB0,0x64,0x12,0xFF,0xB0,0x64,0x12,0xFF,0xB0,0x64,0x12,0xFF,0xB0,0x64,0x12,0xFF,0xB0,0x64,0x12,0xFF,0xB0,0x64,0x12,0xFF,0xB0,0x64,0x12,0xFF,0xB0,0x64,0x12,0xFF,0xB0,0x64,0x12,0xFF,0xB0,0x64,0x12,0xFF,0xB0,0x64,0x12,0xFF,
    0xB0,0x64,0x12,0xFF,0xB0,0x64,0x12,0xFF,0xB0,0x64,0x12,0xFF,0xB0,0x64,0x12,0xFF,0xB0,0x64,0x12,0xFF,0xB0,0x64,0x12,0xFF,0xB0,0x64,0x12,0xFF,0xB0,0x64,0x12,0xFF,0xB0,0x64,0x12,0xFF,0xB0,0x64,0x12,0xFF,0xB0,0x64,0x12,0xFF,0xB0,0x64,0x12,0xFF,0xB0,0x64,0x12,0xFF,0xB0,0x64,0x12,0xFF,0xB0,0x64,0x12,0xFF,0xB0,0x64,0x12,0xFF,
    0xB0,0x64,0x12,0xFF,0xB0,0x64,0x12,0xFF,0xB0,0x64,0x12,0xFF,0xB0,0x64,0x12,0xFF,0xB0,0x64,0x12,0xFF,0xB0,0x64,0x12,0xFF,0xB0,0x64,0x12,0xFF,0xB0,0x64,0x12,0xFF,0xB0,0x64,0x12,0xFF,0xB0,0x64,0x12,0xFF,0xB0,0x64,0x12,0xFF,0xB0,0x64,0x12,0xFF,0xB0,0x64,0x12,0xFF,0xB0,0x64,0x12,0xFF,0xB0,0x64,0x12,0xFF,0xB0,0x64,0x12,0xFF,
    0xB0,0x64,0x12,0xFF,0xB0,0x64,0x12,0xFF,0xB0,0x64,0x12,0xFF,0xB0,0x64,0x12,0xFF,0xB0,0x64,0x12,0xFF,0xB0,0x64,0x12,0xFF,0xB0,0x64,0x12,0xFF,0xB0,0x64,0x12,0xFF,0xB0,0x64,0x12,0xFF,0xB0,0x64,0x12,0xFF,0xB0,0x64,0x12,0xFF,0xB0,0x64,0x12,0xFF,0xB0,0x64,0x12,0xFF,0xB0,0x64,0x12,0xFF,0xB0,0x64,0x12,0xFF,0xB0,0x64,0x12,0xFF,
    0xB0,0x64,0x12,0xFF,0xB0,0x64,0x12,0xFF,0xB0,0x64,0x12,0xFF,0xB0,0x64,0x12,0xFF,0xB0,0x64,0x12,0xFF,0xB0,0x64,0x12,0xFF,0xB0,0x64,0x12,0xFF,0xB0,0x64,0x12,0xFF,0xB0,0x64,0x12,0xFF,0xB0,0x64,0x12,0xFF,0xB0,0x64,0x12,0xFF,0xB0,0x64,0x12,0xFF,0xB0,0x64,0x12,0xFF,0xB0,0x64,0x12,0xFF,0xB0,0x64,0x12,0xFF,0xB0,0x64,0x12,0xFF,
    0xB0,0x64,0x12,0xFF,0xB0,0x64,0x12,0xFF,0xB0,0x64,0x12,0xFF,0xB0,0x64,0x12,0xFF,0xB0,0x64,0x12,0xFF,0xB0,0x64,0x12,0xFF,0xB0,0x64,0x12,0xFF,0xB0,0x64,0x12,0xFF,0xB0,0x64,0x12,0xFF,0xB0,0x64,0x12,0xFF,0xB0,0x64,0x12,0xFF,0xB0,0x64,0x12,0xFF,0xB0,0x64,0x12,0xFF,0xB0,0x64,0x12,0xFF,0xB0,0x64,0x12,0xFF,0xB0,0x64,0x12,0xFF,
    0xB0,0x64,0x12,0xFF,0xB0,0x64,0x12,0xFF,0xB0,0x64,0x12,0xFF,0xB0,0x64,0x12,0xFF,0xB0,0x64,0x12,0xFF,0xB0,0x64,0x12,0xFF,0xB0,0x64,0x12,0xFF,0xB0,0x64,0x12,0xFF,0xB0,0x64,0x12,0xFF,0xB0,0x64,0x12,0xFF,0xB0,0x64,0x12,0xFF,0xB0,0x64,0x12,0xFF,0xB0,0x64,0x12,0xFF,0xB0,0x64,0x12,0xFF,0xB0,0x64,0x12,0xFF,0xB0,0x64,0x12,0xFF,
    0xB0,0x64,0x12,0xFF,0xB0,0x64,0x12,0xFF,0xB0,0x64,0x12,0xFF,0xFE,0xFE,0xFE,0xFF,0xFE,0xFE,0xFE,0xFF,0xB0,0x64,0x12,0xFF,0xB0,0x64,0x12,0xFF,0xB0,0x64,0x12,0xFF,0xB0,0x64,0x12,0xFF,0xB0,0x64,0x12,0xFF,0xB0,0x64,0x12,0xFF,0xB0,0x64,0x12,0xFF,0xB0,0x64,0x12,0xFF,0xB0,0x64,0x12,0xFF,0xB0,0x64,0x12,0xFF,0xB0,0x64,0x12,0xFF,
    0xB0,0x64,0x12,0xFF,0xB0,0x64,0x12,0xFF,0xB0,0x64,0x12,0xFF,0xB0,0x64,0x12,0xFF,0xB0,0x64,0x12,0xFF,0xB0,0x64,0x12,0xFF,0xB0,0x64,0x12,0xFF,0xB0,0x64,0x12,0xFF,0xB0,0x64,0x12,0xFF,0xB0,0x64,0x12,0xFF,0xB0,0x64,0x12,0xFF,0xB0,0x64,0x12,0xFF,0xB0,0x64,0x12,0xFF,0xB0,0x64,0x12,0xFF,0xB0,0x64,0x12,0xFF,0xB0,0x64,0x12,0xFF,
    0xB0,0x64,0x12,0xFF,0xB0,0x64,0x12,0xFF,0xB0,0x64,0x12,0xFF,0xB0,0x64,0x12,0xFF,0xB0,0x64,0x12,0xFF,0xB0,0x64,0x12,0xFF,0xB0,0x64,0x12,0xFF,0xB0,0x64,0x12,0xFF,0xB0,0x64,0x12,0xFF,0xB0,0x64,0x12,0xFF,0xB0,0x64,0x12,0xFF,0xB0,0x64,0x12,0xFF,0xB0,0x64,0x12,0xFF,0xB0,0x64,0x12,0xFF,0xB0,0x64,0x12,0xFF,0xB0,0x64,0x12,0xFF,
    0xB0,0x64,0x12,0xFF,0xB0,0x64,0x12,0xFF,0xB0,0x64,0x12,0xFF,0xB0,0x64,0x12,0xFF,0xB0,0x64,0x12,0xFF,0xB0,0x64,0x12,0xFF,0xB0,0x64,0x12,0xFF,0xB0,0x64,0x12,0xFF,0xB0,0x64,0x12,0xFF,0xB0,0x64,0x12,0xFF,0xB0,0x64,0x12,0xFF,0xB0,0x64,0x12,0xFF,0xB0,0x64,0x12,0xFF,0xB0,0x64,0x12,0xFF,0xB0,0x64,0x12,0xFF,0xB0,0x64,0x12,0xFF,
    0xB0,0x64,0x12,0xFF,0xB0,0x64,0x12,0xFF,0xB0,0x64,0x12,0xFF,0xB0,0x64,0x12,0xFF,0xB0,0x64,0x12,0xFF,0xB0,0x64,0x12,0xFF,0xB0,0x64,0x12,0xFF,0xB0,0x64,0x12,0xFF,0xB0,0x64,0x12,0xFF,0xB0,0x64,0x12,0xFF,0xB0,0x64,0x12,0xFF,0xB0,0x64,0x12,0xFF,0xB0,0x64,0x12,0xFF,0xB0,0x64,0x12,0xFF,0xB0,0x64,0x12,0xFF,0xB0,0x64,0x12,0xFF,
    0xB0,0x64,0x12,0xFF,0xB0,0x64,0x12,0xFF,0xB0,0x64,0x12,0xFF,0xB0,0x64,0x12,0xFF,0xB0,0x64,0x12,0xFF,0xB0,0x64,0x12,0xFF,0xB0,0x64,0x12,0xFF,0xB0,0x64,0x12,0xFF,0xB0,0x64,0x12,0xFF,0xB0,0x64,0x12,0xFF,0xB0,0x64,0x12,0xFF,0xB0,0x64,0x12,0xFF,0xB0,0x64,0x12,0xFF,0xB0,0x64,0x12,0xFF,0xB0,0x64,0x12,0xFF,0xB0,0x64,0x12,0xFF,
    0xB0,0x64,0x12,0xFF,0xB0,0x64,0x12,0xFF,0xB0,0x64,0x12,0xFF,0xB0,0x64,0x12,0xFF,0xB0,0x64,0x12,0xFF,0xB0,0x64,0x12,0xFF,0xB0,0x64,0x12,0xFF,0xB0,0x64,0x12,0xFF,0xB0,0x64,0x12,0xFF,0xB0,0x64,0x12,0xFF,0xB0,0x64,0x12,0xFF,0xB0,0x64,0x12,0xFF,0xB0,0x64,0x12,0xFF,0xB0,0x64,0x12,0xFF,0xB0,0x64,0x12,0xFF,0xB0,0x64,0x12,0xFF,
    0xB0,0x64,0x12,0xFF,0xB0,0x64,0x12,0xFF,0xB0,0x64,0x12,0xFF,0xB0,0x64,0x12,0xFF,0xB0,0x64,0x12,0xFF,0xB0,0x64,0x12,0xFF,0xB0,0x64,0x12,0xFF,0xB0,0x64,0x12,0xFF,0xB0,0x64,0x12,0xFF,0xB0,0x64,0x12,0xFF,0xB0,0x64,0x12,0xFF,0xB0,0x64,0x12,0xFF,0xB0,0x64,0x12,0xFF,0xB0,0x64,0x12,0xFF,0xB0,0x64,0x12,0xFF,0xB0,0x64,0x12,0xFF,
    0xB0,0x64,0x12,0xFF,0xB0,0x64,0x12,0xFF,0xB0,0x64,0x12,0xFF,0xB0,0x64,0x12,0xFF,0xB0,0x64,0x12,0xFF,0xB0,0x64,0x12,0xFF,0xB0,0x64,0x12,0xFF,0xB0,0x64,0x12,0xFF,0xB0,0x64,0x12,0xFF,0xB0,0x64,0x12,0xFF,0xB0,0x64,0x12,0xFF,0xB0,0x64,0x12,0xFF,0xB0,0x64,0x12,0xFF,0xB0,0x64,0x12,0xFF,0xB0,0x64,0x12,0xFF,0xB0,0x64,0x12,0xFF,
    0xB0,0x64,0x12,0xFF,0xB0,0x64,0x12,0xFF,0xB0,0x64,0x12,0xFF,0xB0,0x64,0x12,0xFF,0xB0,0x64,0x12,0xFF,0xB0,0x64,0x12,0xFF,0xB0,0x64,0x12,0xFF,0xB0,0x64,0x12,0xFF,0xB0,0x64,0x12,0xFF,0xB0,0x64,0x12,0xFF,0xB0,0x64,0x12,0xFF,0xB0,0x64,0x12,0xFF,0xB0,0x64,0x12,0xFF,0xB0,0x64,0x12,0xFF,0xB0,0x64,0x12,0xFF,0xB0,0x64,0x12,0xFF,
    0xB0,0x64,0x12,0xFF,0xB0,0x64,0x12,0xFF,0xB0,0x64,0x12,0xFF,0xB0,0x64,0x12,0xFF,0xB0,0x64,0x12,0xFF,0xB0,0x64,0x12,0xFF,0xB0,0x64,0x12,0xFF,0xB0,0x64,0x12,0xFF,0xB0,0x64,0x12,0xFF,0xB0,0x64,0x12,0xFF,0xB0,0x64,0x12,0xFF,0xB0,0x64,0x12,0xFF,0xB0,0x64,0x12,0xFF,0xB0,0x64,0x12,0xFF,0xB0,0x64,0x12,0xFF,0xB0,0x64,0x12,0xFF,
    0xB0,0x64,0x12,0xFF,0xB0,0x64,0x12,0xFF,0xB0,0x64,0x12,0xFF,0xB0,0x64,0x12,0xFF,0xB0,0x64,0x12,0xFF,0xB0,0x64,0x12,0xFF,0xB0,0x64,0x12,0xFF,0xFE,0xFE,0xFE,0xFF,0xFE,0xFE,0xFE,0xFF,0xB0,0x64,0x12,0xFF,0xB0,0x64,0x12,0xFF,0xB0,0x64,0x12,0xFF,0xB0,0x64,0x12,0xFF,0xB0,0x64,0x12,0xFF,0xB0,0x64,0x12,0xFF,0xB0,0x64,0x12,0xFF,
    0xB0,0x64,0x12,0xFF,0xB0,0x64,0x12,0xFF,0xB0,0x64,0x12,0xFF,0xB0,0x64,0x12,0xFF,0xB0,0x64,0x12,0xFF,0xB0,0x64,0x12,0xFF,0xB0,0x64,0x12,0xFF,0xB0,0x64,0x12,0xFF,0xB0,0x64,0x12,0xFF,0xB0,0x64,0x12,0xFF,0xB0,0x64,0x12,0xFF,0xB0,0x64,0x12,0xFF,0xB0,0x64,0x12,0xFF,0xB0,0x64,0x12,0xFF,0xB0,0x64,0x12,0xFF,0xB0,0x64,0x12,0xFF,
    0xB0,0x64,0x12,0xFF,0xB0,0x64,0x12,0xFF,0xB0,0x64,0x12,0xFF,0xB0,0x64,0x12,0xFF,0xB0,0x64,0x12,0xFF,0xB0,0x64,0x12,0xFF,0xB0,0x64,0x12,0xFF,0xB0,0x64,0x12,0xFF,0xB0,0x64,0x12,0xFF,0xB0,0x64,0x12,0xFF,0xB0,0x64,0x12,0xFF,0xB0,0x64,0x12,0xFF,0xB0,0x64,0x12,0xFF,0xB0,0x64,0x12,0xFF,0xB0,0x64,0x12,0xFF,0xB0,0x64,0x12,0xFF,
    0xB0,0x64,0x12,0xFF,0xB0,0x64,0x12,0xFF,0xB0,0x64,0x12,0xFF,0xB0,0x64,0x12,0xFF,0xB0,0x64,0x12,0xFF,0xB0,0x64,0x12,0xFF,0xB0,0x64,0x12,0xFF,0xB0,0x64,0x12,0xFF,0xB0,0x64,0x12,0xFF,0xB0,0x64,0x12,0xFF,0xB0,0x64,0x12,0xFF,0xB0,0x64,0x12,0xFF,0xB0,0x64,0x12,0xFF,0xB0,0x64,0x12,0xFF,0xB0,0x64,0x12,0xFF,0xB0,0x64,0x12,0xFF,
    0xB0,0x64,0x12,0xFF,0xB0,0x64,0x12,0xFF,0xB0,0x64,0x12,0xFF,0xB0,0x64,0x12,0xFF,0xB0,0x64,0x12,0xFF,0xB0,0x64,0x12,0xFF,0xB0,0x64,0x12,0xFF,0xB0,0x64,0x12,0xFF,0xB0,0x64,0x12,0xFF,0xB0,0x64,0x12,0xFF,0xB0,0x64,0x12,0xFF,0xB0,0x64,0x12,0xFF,0xB0,0x64,0x12,0xFF,0xB0,0x64,0x12,0xFF,0xB0,0x64,0x12,0xFF,0xB0,0x64,0x12,0xFF,
    0xB0,0x64,0x12,0xFF,0xB0,0x64,0x12,0xFF,0xB0,0x64,0x12,0xFF,0xB0,0x64,0x12,0xFF,0xB0,0x64,0x12,0xFF,0xB0,0x64,0x12,0xFF,0xB0,0x64,0x12,0xFF,0xB0,0x64,0x12,0xFF,0xB0,0x64,0x12,0xFF,0xB0,0x64,0x12,0xFF,0xB0,0x64,0x12,0xFF,0xB0,0x64,0x12,0xFF,0xB0,0x64,0x12,0xFF,0xB0,0x64,0x12,0xFF,0xB0,0x64,0x12,0xFF,0xB0,0x64,0x12,0xFF,
    0xB0,0x64,0x12,0xFF,0xB0,0x64,0x12,0xFF,0xB0,0x64,0x12,0xFF,0xB0,0x64,0x12,0xFF,0xB0,0x64,0x12,0xFF,0xB0,0x64,0x12,0xFF,0xB0,0x64,0x12,0xFF,0xB0,0x64,0x12,0xFF,0xB0,0x64,0x12,0xFF,0xB0,0x64,0x12,0xFF,0xB0,0x64,0x12,0xFF,0xB0,0x64,0x12,0xFF,0xB0,0x64,0x12,0xFF,0xB0,0x64,0x12,0xFF,0xB0,0x64,0x12,0xFF,0xB0,0x64,0x12,0xFF,
    0xB0,0x64,0x12,0xFF,0xB0,0x64,0x12,0xFF,0xB0,0x64,0x12,0xFF,0xB0,0x64,0x12,0xFF,0xB0,0x64,0x12,0xFF,0xB0,0x64,0x12,0xFF,0xB0,0x64,0x12,0xFF,0xB0,0x64,0x12,0xFF,0xB0,0x64,0x12,0xFF,0xB0,0x64,0x12,0xFF,0xB0,0x64,0x12,0xFF,0xB0,0x64,0x12,0xFF,0xB0,0x64,0x12,0xFF,0xB0,0x64,0x12,0xFF,0xB0,0x64,0x12,0xFF,0xB0,0x64,0x12,0xFF,
    0xB0,0x64,0x12,0xFF,0xB0,0x64,0x12,0xFF,0xB0,0x64,0x12,0xFF,0xB0,0x64,0x12,0xFF,0xB0,0x64,0x12,0xFF,0xB0,0x64,0x12,0xFF,0xB0,0x64,0x12,0xFF,0xB0,0x64,0x12,0xFF,0xB0,0x64,0x12,0xFF,0xB0,0x64,0x12,0xFF,0xB0,0x64,0x12,0xFF,0xB0,0x64,0x12,0xFF,0xB0,0x64,0x12,0xFF,0xB0,0x64,0x12,0xFF,0xB0,0x64,0x12,0xFF,0xB0,0x64,0x12,0xFF,
    0xB0,0x64,0x12,0xFF,0xB0,0x64,0x12,0xFF,0xB0,0x64,0x12,0xFF,0xB0,0x64,0x12,0xFF,0xB0,0x64,0x12,0xFF,0xB0,0x64,0x12,0xFF,0xB0,0x64,0x12,0xFF,0xB0,0x64,0x12,0xFF,0xB0,0x64,0x12,0xFF,0xB0,0x64,0x12,0xFF,0xB0,0x64,0x12,0xFF,0xB0,0x64,0x12,0xFF,0xB0,0x64,0x12,0xFF,0xB0,0x64,0x12,0xFF,0xB0,0x64,0x12,0xFF,0xB0,0x64,0x12,0xFF,
    0xB0,0x64,0x12,0xFF,0xB0,0x64,0x12,0xFF,0xB0,0x64,0x12,0xFF,0xB0,0x64,0x12,0xFF,0xB0,0x64,0x12,0xFF,0xB0,0x64,0x12,0xFF,0xB0,0x64,0x12,0xFF,0xB0,0x64,0x12,0xFF,0xB0,0x64,0x12,0xFF,0xB0,0x64,0x12,0xFF,0xB0,0x64,0x12,0xFF,0xB0,0x64,0x12,0xFF,0xB0,0x64,0x12,0xFF,0xB0,0x64,0x12,0xFF,0xB0,0x64,0x12,0xFF,0xB0,0x64,0x12,0xFF,
    0xB0,0x64,0x12,0xFF,0xB0,0x64,0x12,0xFF,0xB0,0x64,0x12,0xFF,0xB0,0x64,0x12,0xFF,0xB0,0x64,0x12,0xFF,0xB0,0x64,0x12,0xFF,0xB0,0x64,0x12,0xFF,0xB0,0x64,0x12,0xFF,0xB0,0x64,0x12,0xFF,0xB0,0x64,0x12,0xFF,0xB0,0x64,0x12,0xFF,0xFE,0xFE,0xFE,0xFF,0xFE,0xFE,0xFE,0xFF,0xB0,0x64,0x12,0xFF,0xB0,0x64,0x12,0xFF,0xB0,0x64,0x12,0xFF,
    0xB0,0x64,0x12,0xFF,0xB0,0x64,0x12,0xFF,0xB0,0x64,0x12,0xFF,0xB0,0x64,0x12,0xFF,0xB0,0x64,0x12,0xFF,0xB0,0x64,0x12,0xFF,0xB0,0x64,0x12,0xFF,0xB0,0x64,0x12,0xFF,0xB0,0x64,0x12,0xFF,0xB0,0x64,0x12,0xFF,0xB0,0x64,0x12,0xFF,0xB0,0x64,0x12,0xFF,0xB0,0x64,0x12,0xFF,0xB0,0x64,0x12,0xFF,0xB0,0x64,0x12,0xFF,0xB0,0x64,0x12,0xFF,
    0xB0,0x64,0x12,0xFF,0xB0,0x64,0x12,0xFF,0xB0,0x64,0x12,0xFF,0xB0,0x64,0x12,0xFF,0xB0,0x64,0x12,0xFF,0xB0,0x64,0x12,0xFF,0xB0,0x64,0x12,0xFF,0xB0,0x64,0x12,0xFF,0xB0,0x64,0x12,0xFF,0xB0,0x64,0x12,0xFF,0xB0,0x64,0x12,0xFF,0xB0,0x64,0x12,0xFF,0xB0,0x64,0x12,0xFF,0xB0,0x64,0x12,0xFF,0xB0,0x64,0x12,0xFF,0xB0,0x64,0x12,0xFF,
    0xB0,0x64,0x12,0xFF,0xB0,0x64,0x12,0xFF,0xB0,0x64,0x12,0xFF,0xB0,0x64,0x12,0xFF,0xB0,0x64,0x12,0xFF,0xB0,0x64,0x12,0xFF,0xB0,0x64,0x12,0xFF,0xB0,0x64,0x12,0xFF,0xB0,0x64,0x12,0xFF,0xB0,0x64,0x12,0xFF,0xB0,0x64,0x12,0xFF,0xB0,0x64,0x12,0xFF,0xB0,0x64,0x12,0xFF,0xB0,0x64,0x12,0xFF,0xB0,0x64,0x12,0xFF,0xB0,0x64,0x12,0xFF,
    0xB0,0x64,0x12,0xFF,0xB0,0x64,0x12,0xFF,0xB0,0x64,0x12,0xFF,0xB0,0x64,0x12,0xFF,0xB0,0x64,0x12,0xFF,0xB0,0x64,0x12,0xFF,0xB0,0x64,0x12,0xFF,0xB0,0x64,0x12,0xFF,0xB0,0x64,0x12,0xFF,0xB0,0x64,0x12,0xFF,0xB0,0x64,0x12,0xFF,0xB0,0x64,0x12,0xFF,0xB0,0x64,0x12,0xFF,0xB0,0x64,0x12,0xFF,0xB0,0x64,0x12,0xFF,0xB0,0x64,0x12,0xFF,
    0xB0,0x64,0x12,0xFF,0xB0,0x64,0x12,0xFF,0xB0,0x64,0x12,0xFF,0xB0,0x64,0x12,0xFF,0xB0,0x64,0x12,0xFF,0xB0,0x64,0x12,0xFF,0xB0,0x64,0x12,0xFF,0xB0,0x64,0x12,0xFF,0xB0,0x64,0x12,0xFF,0xB0,0x64,0x12,0xFF,0xB0,0x64,0x12,0xFF,0xB0,0x64,0x12,0xFF,0xB0,0x64,0x12,0xFF,0xB0,0x64,0x12,0xFF,0xB0,0x64,0x12,0xFF,0xB0,0x64,0x12,0xFF,
    0xB0,0x64,0x12,0xFF,0xB0,0x64,0x12,0xFF,0xB0,0x64,0x12,0xFF,0xB0,0x64,0x12,0xFF,0xB0,0x64,0x12,0xFF,0xB0,0x64,0x12,0xFF,0xB0,0x64,0x12,0xFF,0xB0,0x64,0x12,0xFF,0xB0,0x64,0x12,0xFF,0xB0,0x64,0x12,0xFF,0xB0,0x64,0x12,0xFF,0xB0,0x64,0x12,0xFF,0xB0,0x64,0x12,0xFF,0xB0,0x64,0x12,0xFF,0xB0,0x64,0x12,0xFF,0xB0,0x64,0x12,0xFF,
    0xB0,0x64,0x12,0xFF,0xB0,0x64,0x12,0xFF,0xB0,0x64,0x12,0xFF,0xB0,0x64,0x12,0xFF,0xB0,0x64,0x12,0xFF,0xB0,0x64,0x12,0xFF,0xB0,0x64,0x12,0xFF,0xB0,0x64,0x12,0xFF,0xB0,0x64,0x12,0xFF,0xB0,0x64,0x12,0xFF,0xB0,0x64,0x12,0xFF,0xB0,0x64,0x12,0xFF,0xB0,0x64,0x12,0xFF,0xB0,0x64,0x12,0xFF,0xB0,0x64,0x12,0xFF,0xB0,0x64,0x12,0xFF,
    0xB0,0x64,0x12,0xFF,0xB0,0x64,0x12,0xFF,0xB0,0x64,0x12,0xFF,0xB0,0x64,0x12,0xFF,0xB0,0x64,0x12,0xFF,0xB0,0x64,0x12,0xFF,0xB0,0x64,0x12,0xFF,0xB0,0x64,0x12,0xFF,0xB0,0x64,0x12,0xFF,0xB0,0x64,0x12,0xFF,0xB0,0x64,0x12,0xFF,0xB0,0x64,0x12,0xFF,0xB0,0x64,0x12,0xFF,0xB0,0x64,0x12,0xFF,0xB0,0x64,0x12,0xFF,0xB0,0x64,0x12,0xFF,
    0xB0,0x64,0x12,0xFF,0xB0,0x64,0x12,0xFF,0xB0,0x64,0x12,0xFF,0xB0,0x64,0x12,0xFF,0xB0,0x64,0x12,0xFF,0xB0,0x64,0x12,0xFF,0xB0,0x64,0x12,0xFF,0xB0,0x64,0x12,0xFF,0xB0,0x64,0x12,0xFF,0xB0,0x64,0x12,0xFF,0xB0,0x64,0x12,0xFF,0xB0,0x64,0x12,0xFF,0xB0,0x64,0x12,0xFF,0xB0,0x64,0x12,0xFF,0xB0,0x64,0x12,0xFF,0xB0,0x64,0x12,0xFF,
    0xB0,0x64,0x12,0xFF,0xB0,0x64,0x12,0xFF,0xB0,0x64,0x12,0xFF,0xB0,0x64,0x12,0xFF,0xB0,0x64,0x12,0xFF,0xB0,0x64,0x12,0xFF,0xB0,0x64,0x12,0xFF,0xB0,0x64,0x12,0xFF,0xB0,0x64,0x12,0xFF,0xB0,0x64,0x12,0xFF,0xB0,0x64,0x12,0xFF,0xB0,0x64,0x12,0xFF,0xB0,0x64,0x12,0xFF,0xB0,0x64,0x12,0xFF,0xB0,0x64,0x12,0xFF,0xB0,0x64,0x12,0xFF,
    0xB0,0x64,0x12,0xFF,0xB0,0x64,0x12,0xFF,0xB0,0x64,0x12,0xFF,0xB0,0x64,0x12,0xFF,0xB0,0x64,0x12,0xFF,0xB0,0x64,0x12,0xFF,0xB0,0x64,0x12,0xFF,0xB0,0x64,0x12,0xFF,0xB0,0x64,0x12,0xFF,0xB0,0x64,0x12,0xFF,0xB0,0x64,0x12,0xFF,0xB0,0x64,0x12,0xFF,0xB0,0x64,0x12,0xFF,0xB0,0x64,0x12,0xFF,0xB0,0x64,0x12,0xFF,0xFE,0xFE,0xFE,0xFF,
    0xFE,0xFE,0xFE,0xFF,0xB0,0x64,0x12,0xFF,0xB0,0x64,0x12,0xFF,0xB0,0x64,0x12,0xFF,0xB0,0x64,0x12,0xFF,0xB0,0x64,0x12,0xFF,0xB0,0x64,0x12,0xFF,0xB0,0x64,0x12,0xFF,0xB0,0x64,0x12,0xFF,0xB0,0x64,0x12,0xFF,0xB0,0x64,0x12,0xFF,0xB0,0x64,0x12,0xFF,0xB0,0x64,0x12,0xFF,0xB0,0x64,0x12,0xFF,0xB0,0x64,0x12,0xFF,0xB0,0x64,0x12,0xFF,
    0xB0,0x64,0x12,0xFF,0xB0,0x64,0x12,0xFF,0xB0,0x64,0x12,0xFF,0xB0,0x64,0x12,0xFF,0xB0,0x64,0x12,0xFF,0xB0,0x64,0x12,0xFF,0xB0,0x64,0x12,0xFF,0xB0,0x64,0x12,0xFF,0xB0,0x64,0x12,0xFF,0xB0,0x64,0x12,0xFF,0xB0,0x64,0x12,0xFF,0xB0,0x64,0x12,0xFF,0xB0,0x64,0x12,0xFF,0xB0,0x64,0x12,0xFF,0xB0,0x64,0x12,0xFF,0xB0,0x64,0x12,0xFF,
    0xB0,0x64,0x12,0xFF,0xB0,0x64,0x12,0xFF,0xB0,0x64,0x12,0xFF,0xB0,0x64,0x12,0xFF,0xB0,0x64,0x12,0xFF,0xB0,0x64,0x12,0xFF,0xB0,0x64,0x12,0xFF,0xB0,0x64,0x12,0xFF,0xB0,0x64,0x12,0xFF,0xB0,0x64,0x12,0xFF,0xB0,0x64,0x12,0xFF,0xB0,0x64,0x12,0xFF,0xB0,0x64,0x12,0xFF,0xB0,0x64,0x12,0xFF,0xB0,0x64,0x12,0xFF,0xB0,0x64,0x12,0xFF,
    0xB0,0x64,0x12,0xFF,0xB0,0x64,0x12,0xFF,0xB0,0x64,0x12,0xFF,0xB0,0x64,0x12,0xFF,0xB0,0x64,0x12,0xFF,0xB0,0x64,0x12,0xFF,0xB0,0x64,0x12,0xFF,0xB0,0x64,0x12,0xFF,0xB0,0x64,0x12,0xFF,0xB0,0x64,0x12,0xFF,0xB0,0x64,0x12,0xFF,0xB0,0x64,0x12,0xFF,0xB0,0x64,0x12,0xFF,0xB0,0x64,0x12,0xFF,0xB0,0x64,0x12,0xFF,0xB0,0x64,0x12,0xFF,
    0xB0,0x64,0x12,0xFF,0xB0,0x64,0x12,0xFF,0xB0,0x64,0x12,0xFF,0xB0,0x64,0x12,0xFF,0xB0,0x64,0x12,0xFF,0xB0,0x64,0x12,0xFF,0xB0,0x64,0x12,0xFF,0xB0,0x64,0x12,0xFF,0xB0,0x64,0x12,0xFF,0xB0,0x64,0x12,0xFF,0xB0,0x64,0x12,0xFF,0xB0,0x64,0x12,0xFF,0xB0,0x64,0x12,0xFF,0xB0,0x64,0x12,0xFF,0xB0,0x64,0x12,0xFF,0xB0,0x64,0x12,0xFF,
    0xB0,0x64,0x12,0xFF,0xB0,0x64,0x12,0xFF,0xB0,0x64,0x12,0xFF,0xB0,0x64,0x12,0xFF,0xB0,0x64,0x12,0xFF,0xB0,0x64,0x12,0xFF,0xB0,0x64,0x12,0xFF,0xB0,0x64,0x12,0xFF,0xB0,0x64,0x12,0xFF,0xB0,0x64,0x12,0xFF,0xB0,0x64,0x12,0xFF,0xB0,0x64,0x12,0xFF,0xB0,0x64,0x12,0xFF,0xB0,0x64,0x12,0xFF,0xB0,0x64,0x12,0xFF,0xB0,0x64,0x12,0xFF,
    0xB0,0x64,0x12,0xFF,0xB0,0x64,0x12,0xFF,0xB0,0x64,0x12,0xFF,0xB0,0x64,0x12,0xFF,0xB0,0x64,0x12,0xFF,0xB0,0x64,0x12,0xFF,0xB0,0x64,0x12,0xFF,0xB0,0x64,0x12,0xFF,0xB0,0x64,0x12,0xFF,0xB0,0x64,0x12,0xFF,0xB0,0x64,0x12,0xFF,0xB0,0x64,0x12,0xFF,0xB0,0x64,0x12,0xFF,0xB0,0x64,0x12,0xFF,0xB0,0x64,0x12,0xFF,0xB0,0x64,0x12,0xFF,
    0xB0,0x64,0x12,0xFF,0xB0,0x64,0x12,0xFF,0xB0,0x64,0x12,0xFF,0xB0,0x64,0x12,0xFF,0xB0,0x64,0x12,0xFF,0xB0,0x64,0x12,0xFF,0xB0,0x64,0x12,0xFF,0xB0,0x64,0x12,0xFF,0xB0,0x64,0x12,0xFF,0xB0,0x64,0x12,0xFF,0xB0,0x64,0x12,0xFF,0xB0,0x64,0x12,0xFF,0xB0,0x64,0x12,0xFF,0xB0,0x64,0x12,0xFF,0xB0,0x64,0x12,0xFF,0xB0,0x64,0x12,0xFF,
    0xB0,0x64,0x12,0xFF,0xB0,0x64,0x12,0xFF,0xB0,0x64,0x12,0xFF,0xB0,0x64,0x12,0xFF,0xB0,0x64,0x12,0xFF,0xB0,0x64,0x12,0xFF,0xB0,0x64,0x12,0xFF,0xB0,0x64,0x12,0xFF,0xB0,0x64,0x12,0xFF,0xB0,0x64,0x12,0xFF,0xB0,0x64,0x12,0xFF,0xB0,0x64,0x12,0xFF,0xB0,0x64,0x12,0xFF,0xB0,0x64,0x12,0xFF,0xB0,0x64,0x12,0xFF,0xB0,0x64,0x12,0xFF,
    0xB0,0x64,0x12,0xFF,0xB0,0x64,0x12,0xFF,0xB0,0x64,0x12,0xFF,0xB0,0x64,0x12,0xFF,0xB0,0x64,0x12,0xFF,0xB0,0x64,0x12,0xFF,0xB0,0x64,0x12,0xFF,0xB0,0x64,0x12,0xFF,0xB0,0x64,0x12,0xFF,0xB0,0x64,0x12,0xFF,0xB0,0x64,0x12,0xFF,0xB0,0x64,0x12,0xFF,0xB0,0x64,0x12,0xFF,0xB0,0x64,0x12,0xFF,0xB0,0x64,0x12,0xFF,0xB0,0x64,0x12,0xFF,
    0xB0,0x64,0x12,0xFF,0xB0,0x64,0x12,0xFF,0xB0,0x64,0x12,0xFF,0xB0,0x64,0x12,0xFF,0xB0,0x64,0x12,0xFF,0xB0,0x64,0x12,0xFF,0xB0,0x64,0x12,0xFF,0xB0,0x64,0x12,0xFF,0xB0,0x64,0x12,0xFF,0xB0,0x64,0x12,0xFF,0xB0,0x64,0x12,0xFF,0xB0,0x64,0x12,0xFF,0xB0,0x64,0x12,0xFF,0xB0,0x64,0x12,0xFF,0xB0,0x64,0x12,0xFF,0xB0,0x64,0x12,0xFF,
    0xB0,0x64,0x12,0xFF,0xB0,0x64,0x12,0xFF,0xB0,0x64,0x12,0xFF,0xFE,0xFE,0xFE,0xFF,0xFE,0xFE,0xFE,0xFF,0xB0,0x64,0x12,0xFF,0xB0,0x64,0x12,0xFF,0xB0,0x64,0x12,0xFF,0xB0,0x64,0x12,0xFF,0xB0,0x64,0x12,0xFF,0xB0,0x64,0x12,0xFF,0xB0,0x64,0x12,0xFF,0xB0,0x64,0x12,0xFF,0xB0,0x64,0x12,0xFF,0xB0,0x64,0x12,0xFF,0xB0,0x64,0x12,0xFF,
    0xB0,0x64,0x12,0xFF,0xB0,0x64,0x12,0xFF,0xB0,0x64,0x12,0xFF,0xB0,0x64,0x12,0xFF,0xB0,0x64,0x12,0xFF,0xB0,0x64,0x12,0xFF,0xB0,0x64,0x12,0xFF,0xB0,0x64,0x12,0xFF,0xB0,0x64,0x12,0xFF,0xB0,0x64,0x12,0xFF,0xB0,0x64,0x12,0xFF,0xB0,0x64,0x12,0xFF,0xB0,0x64,0x12,0xFF,0xB0,0x64,0x12,0xFF,0xB0,0x64,0x12,0xFF,0xB0,0x64,0x12,0xFF,
    0xB0,0x64,0x12,0xFF,0xB0,0x64,0x12,0xFF,0xB0,0x64,0x12,0xFF,0xB0,0x64,0x12,0xFF,0xB0,0x64,0x12,0xFF,0xB0,0x64,0x12,0xFF,0xB0,0x64,0x12,0xFF,0xB0,0x64,0x12,0xFF,0xB0,0x64,0x12,0xFF,0xB0,0x64,0x12,0xFF,0xB0,0x64,0x12,0xFF,0xB0,0x64,0x12,0xFF,0xB0,0x64,0x12,0xFF,0xB0,0x64,0x12,0xFF,0xB0,0x64,0x12,0xFF,0xB0,0x64,0x12,0xFF,
    0xB0,0x64,0x12,0xFF,0xB0,0x64,0x12,0xFF,0xB0,0x64,0x12,0xFF,0xB0,0x64,0x12,0xFF,0xB0,0x64,0x12,0xFF,0xB0,0x64,0x12,0xFF,0xB0,0x64,0x12,0xFF,0xB0,0x64,0x12,0xFF,0xB0,0x64,0x12,0xFF,0xB0,0x64,0x12,0xFF,0xB0,0x64,0x12,0xFF,0xB0,0x64,0x12,0xFF,0xB0,0x64,0x12,0xFF,0xB0,0x64,0x12,0xFF,0xB0,0x64,0x12,0xFF,0xB0,0x64,0x12,0xFF,
    0xB0,0x64,0x12,0xFF,0xB0,0x64,0x12,0xFF,0xB0,0x64,0x12,0xFF,0xB0,0x64,0x12,0xFF,0xB0,0x64,0x12,0xFF,0xB0,0x64,0x12,0xFF,0xB0,0x64,0x12,0xFF,0xB0,0x64,0x12,0xFF,0xB0,0x64,0x12,0xFF,0xB0,0x64,0x12,0xFF,0xB0,0x64,0x12,0xFF,0xB0,0x64,0x12,0xFF,0xB0,0x64,0x12,0xFF,0xB0,0x64,0x12,0xFF,0xB0,0x64,0x12,0xFF,0xB0,0x64,0x12,0xFF,
    0xB0,0x64,0x12,0xFF,0xB0,0x64,0x12,0xFF,0xB0,0x64,0x12,0xFF,0xB0,0x64,0x12,0xFF,0xB0,0x64,0x12,0xFF,0xB0,0x64,0x12,0xFF,0xB0,0x64,0x12,0xFF,0xB0,0x64,0x12,0xFF,0xB0,0x64,0x12,0xFF,0xB0,0x64,0x12,0xFF,0xB0,0x64,0x12,0xFF,0xB0,0x64,0x12,0xFF,0xB0,0x64,0x12,0xFF,0xB0,0x64,0x12,0xFF,0xB0,0x64,0x12,0xFF,0xB0,0x64,0x12,0xFF,
    0xB0,0x64,0x12,0xFF,0xB0,0x64,0x12,0xFF,0xB0,0x64,0x12,0xFF,0xB0,0x64,0x12,0xFF,0xB0,0x64,0x12,0xFF,0xB0,0x64,0x12,0xFF,0xB0,0x64,0x12,0xFF,0xB0,0x64,0x12,0xFF,0xB0,0x64,0x12,0xFF,0xB0,0x64,0x12,0xFF,0xB0,0x64,0x12,0xFF,0xB0,0x64,0x12,0xFF,0xB0,0x64,0x12,0xFF,0xB0,0x64,0x12,0xFF,0xB0,0x64,0x12,0xFF,0xB0,0x64,0x12,0xFF,
    0xB0,0x64,0x12,0xFF,0xB0,0x64,0x12,0xFF,0xB0,0x64,0x12,0xFF,0xB0,0x64,0x12,0xFF,0xB0,0x64,0x12,0xFF,0xB0,0x64,0x12,0xFF,0xB0,0x64,0x12,0xFF,0xB0,0x64,0x12,0xFF,0xB0,0x64,0x12,0xFF,0xB0,0x64,0x12,0xFF,0xB0,0x64,0x12,0xFF,0xB0,0x64,0x12,0xFF,0xB0,0x64,0x12,0xFF,0xB0,0x64,0x12,0xFF,0xB0,0x64,0x12,0xFF,0xB0,0x64,0x12,0xFF,
    0xB0,0x64,0x12,0xFF,0xB0,0x64,0x12,0xFF,0xB0,0x64,0x12,0xFF,0xB0,0x64,0x12,0xFF,0xB0,0x64,0x12,0xFF,0xB0,0x64,0x12,0xFF,0xB0,0x64,0x12,0xFF,0xB0,0x64,0x12,0xFF,0xB0,0x64,0x12,0xFF,0xB0,0x64,0x12,0xFF,0xB0,0x64,0x12,0xFF,0xB0,0x64,0x12,0xFF,0xB0,0x64,0x12,0xFF,0xB0,0x64,0x12,0xFF,0xB0,0x64,0x12,0xFF,0xB0,0x64,0x12,0xFF,
    0xB0,0x64,0x12,0xFF,0xB0,0x64,0x12,0xFF,0xB0,0x64,0x12,0xFF,0xB0,0x64,0x12,0xFF,0xB0,0x64,0x12,0xFF,0xB0,0x64,0x12,0xFF,0xB0,0x64,0x12,0xFF,0xB0,0x64,0x12,0xFF,0xB0,0x64,0x12,0xFF,0xB0,0x64,0x12,0xFF,0xB0,0x64,0x12,0xFF,0xB0,0x64,0x12,0xFF,0xB0,0x64,0x12,0xFF,0xB0,0x64,0x12,0xFF,0xB0,0x64,0x12,0xFF,0xB0,0x64,0x12,0xFF,
    0xB0,0x64,0x12,0xFF,0xB0,0x64,0x12,0xFF,0xB0,0x64,0x12,0xFF,0xB0,0x64,0x12,0xFF,0xB0,0x64,0x12,0xFF,0xB0,0x64,0x12,0xFF,0xB0,0x64,0x12,0xFF,0xB0,0x64,0x12,0xFF,0xB0,0x64,0x12,0xFF,0xB0,0x64,0x12,0xFF,0xB0,0x64,0x12,0xFF,0xB0,0x64,0x12,0xFF,0xB0,0x64,0x12,0xFF,0xB0,0x64,0x12,0xFF,0xB0,0x64,0x12,0xFF,0xB0,0x64,0x12,0xFF,
    0xB0,0x64,0x12,0xFF,0xB0,0x64,0x12,0xFF,0xB0,0x64,0x12,0xFF,0xB0,0x64,0x12,0xFF,0xB0,0x64,0x12,0xFF,0xB0,0x64,0x12,0xFF,0xB0,0x64,0x12,0xFF,0xFE,0xFE,0xFE,0xFF,0xFE,0xFE,0xFE,0xFF,0xB0,0x64,0x12,0xFF,0xB0,0x64,0x12,0xFF,0xB0,0x64,0x12,0xFF,0xB0,0x64,0x12,0xFF,0xB0,0x64,0x12,0xFF,0xB0,0x64,0x12,0xFF,0xB0,0x64,0x12,0xFF,
    0xB0,0x64,0x12,0xFF,0xB0,0x64,0x12,0xFF,0xB0,0x64,0x12,0xFF,0xB0,0x64,0x12,0xFF,0xB0,0x64,0x12,0xFF,0xB0,0x64,0x12,0xFF,0xB0,0x64,0x12,0xFF,0xB0,0x64,0x12,0xFF,0xB0,0x64,0x12,0xFF,0xB0,0x64,0x12,0xFF,0xB0,0x64,0x12,0xFF,0xB0,0x64,0x12,0xFF,0xB0,0x64,0x12,0xFF,0xB0,0x64,0x12,0xFF,0xB0,0x64,0x12,0xFF,0xB0,0x64,0x12,0xFF,
    0xB0,0x64,0x12,0xFF,0xB0,0x64,0x12,0xFF,0xB0,0x64,0x12,0xFF,0xB0,0x64,0x12,0xFF,0xB0,0x64,0x12,0xFF,0xB0,0x64,0x12,0xFF,0xB0,0x64,0x12,0xFF,0xB0,0x64,0x12,0xFF,0xB0,0x64,0x12,0xFF,0xB0,0x64,0x12,0xFF,0xB0,0x64,0x12,0xFF,0xB0,0x64,0x12,0xFF,0xB0,0x64,0x12,0xFF,0xB0,0x64,0x12,0xFF,0xB0,0x64,0x12,0xFF,0xB0,0x64,0x12,0xFF,
    0xB0,0x64,0x12,0xFF,0xB0,0x64,0x12,0xFF,0xB0,0x64,0x12,0xFF,0xB0,0x64,0x12,0xFF,0xB0,0x64,0x12,0xFF,0xB0,0x64,0x12,0xFF,0xB0,0x64,0x12,0xFF,0xB0,0x64,0x12,0xFF,0xB0,0x64,0x12,0xFF,0xB0,0x64,0x12,0xFF,0xB0,0x64,0x12,0xFF,0xB0,0x64,0x12,0xFF,0xB0,0x64,0x12,0xFF,0xB0,0x64,0x12,0xFF,0xB0,0x64,0x12,0xFF,0xB0,0x64,0x12,0xFF,
    0xB0,0x64,0x12,0xFF,0xB0,0x64,0x12,0xFF,0xB0,0x64,0x12,0xFF,0xB0,0x64,0x12,0xFF,0xB0,0x64,0x12,0xFF,0xB0,0x64,0x12,0xFF,0xB0,0x64,0x12,0xFF,0xB0,0x64,0x12,0xFF,0xB0,0x64,0x12,0xFF,0xB0,0x64,0x12,0xFF,0xB0,0x64,0x12,0xFF,0xB0,0x64,0x12,0xFF,0xB0,0x64,0x12,0xFF,0xB0,0x64,0x12,0xFF,0xB0,0x64,0x12,0xFF,0xB0,0x64,0x12,0xFF,
    0xB0,0x64,0x12,0xFF,0xB0,0x64,0x12,0xFF,0xB0,0x64,0x12,0xFF,0xB0,0x64,0x12,0xFF,0xB0,0x64,0x12,0xFF,0xB0,0x64,0x12,0xFF,0xB0,0x64,0x12,0xFF,0xB0,0x64,0x12,0xFF,0xB0,0x64,0x12,0xFF,0xB0,0x64,0x12,0xFF,0xB0,0x64,0x12,0xFF,0xB0,0x64,0x12,0xFF,0xB0,0x64,0x12,0xFF,0xB0,0x64,0x12,0xFF,0xB0,0x64,0x12,0xFF,0xB0,0x64,0x12,0xFF,
    0xB0,0x64,0x12,0xFF,0xB0,0x64,0x12,0xFF,0xB0,0x64,0x12,0xFF,0xB0,0x64,0x12,0xFF,0xB0,0x64,0x12,0xFF,0xB0,0x64,0x12,0xFF,0xB0,0x64,0x12,0xFF,0xB0,0x64,0x12,0xFF,0xB0,0x64,0x12,0xFF,0xB0,0x64,0x12,0xFF,0xB0,0x64,0x12,0xFF,0xB0,0x64,0x12,0xFF,0xB0,0x64,0x12,0xFF,0xB0,0x64,0x12,0xFF,0xB0,0x64,0x12,0xFF,0xB0,0x64,0x12,0xFF,
    0xB0,0x64,0x12,0xFF,0xB0,0x64,0x12,0xFF,0xB0,0x64,0x12,0xFF,0xB0,0x64,0x12,0xFF,0xB0,0x64,0x12,0xFF,0xB0,0x64,0x12,0xFF,0xB0,0x64,0x12,0xFF,0xB0,0x64,0x12,0xFF,0xB0,0x64,0x12,0xFF,0xB0,0x64,0x12,0xFF,0xB0,0x64,0x12,0xFF,0xB0,0x64,0x12,0xFF,0xB0,0x64,0x12,0xFF,0xB0,0x64,0x12,0xFF,0xB0,0x64,0x12,0xFF,0xB0,0x64,0x12,0xFF,
    0xB0,0x64,0x12,0xFF,0xB0,0x64,0x12,0xFF,0xB0,0x64,0x12,0xFF,0xB0,0x64,0x12,0xFF,0xB0,0x64,0x12,0xFF,0xB0,0x64,0x12,0xFF,0xB0,0x64,0x12,0xFF,0xB0,0x64,0x12,0xFF,0xB0,0x64,0x12,0xFF,0xB0,0x64,0x12,0xFF,0xB0,0x64,0x12,0xFF,0xB0,0x64,0x12,0xFF,0xB0,0x64,0x12,0xFF,0xB0,0x64,0x12,0xFF,0xB0,0x64,0x12,0xFF,0xB0,0x64,0x12,0xFF,
    0xB0,0x64,0x12,0xFF,0xB0,0x64,0x12,0xFF,0xB0,0x64,0x12,0xFF,0xB0,0x64,0x12,0xFF,0xB0,0x64,0x12,0xFF,0xB0,0x64,0x12,0xFF,0xB0,0x64,0x12,0xFF,0xB0,0x64,0x12,0xFF,0xB0,0x64,0x12,0xFF,0xB0,0x64,0x12,0xFF,0xB0,0x64,0x12,0xFF,0xB0,0x64,0x12,0xFF,0xB0,0x64,0x12,0xFF,0xB0,0x64,0x12,0xFF,0xB0,0x64,0x12,0xFF,0xB0,0x64,0x12,0xFF,
    0xB0,0x64,0x12,0xFF,0xB0,0x64,0x12,0xFF,0xB0,0x64,0x12,0xFF,0xB0,0x64,0x12,0xFF,0xB0,0x64,0x12,0xFF,0xB0,0x64,0x12,0xFF,0xB0,0x64,0x12,0xFF,0xB0,0x64,0x12,0xFF,0xB0,0x64,0x12,0xFF,0xB0,0x64,0x12,0xFF,0xB0,0x64,0x12,0xFF,0xB0,0x64,0x12,0xFF,0xB0,0x64,0x12,0xFF,0xB0,0x64,0x12,0xFF,0xB0,0x64,0x12,0xFF,0xB0,0x64,0x12,0xFF,
    0xB0,0x64,0x12,0xFF,0xB0,0x64,0x12,0xFF,0xB0,0x64,0x12,0xFF,0xB0,0x64,0x12,0xFF,0xB0,0x64,0x12,0xFF,0xB0,0x64,0x12,0xFF,0xB0,0x64,0x12,0xFF,0xB0,0x64,0x12,0xFF,0xB0,0x64,0x12,0xFF,0xB0,0x64,0x12,0xFF,0xB0,0x64,0x12,0xFF,0xFE,0xFE,0xFE,0xFF,0xFE,0xFE,0xFE,0xFF,0xB0,0x64,0x12,0xFF,0xB0,0x64,0x12,0xFF,0xB0,0x64,0x12,0xFF,
    0xB0,0x64,0x12,0xFF,0xB0,0x64,0x12,0xFF,0xB0,0x64,0x12,0xFF,0xB0,0x64,0x12,0xFF,0xB0,0x64,0x12,0xFF,0xB0,0x64,0x12,0xFF,0xB0,0x64,0x12,0xFF,0xB0,0x64,0x12,0xFF,0xB0,0x64,0x12,0xFF,0xB0,0x64,0x12,0xFF,0xB0,0x64,0x12,0xFF,0xB0,0x64,0x12,0xFF,0xB0,0x64,0x12,0xFF,0xB0,0x64,0x12,0xFF,0xB0,0x64,0x12,0xFF,0xB0,0x64,0x12,0xFF,
    0xB0,0x64,0x12,0xFF,0xB0,0x64,0x12,0xFF,0xB0,0x64,0x12,0xFF,0xB0,0x64,0x12,0xFF,0xB0,0x64,0x12,0xFF,0xB0,0x64,0x12,0xFF,0xB0,0x64,0x12,0xFF,0xB0,0x64,0x12,0xFF,0xB0,0x64,0x12,0xFF,0xB0,0x64,0x12,0xFF,0xB0,0x64,0x12,0xFF,0xB0,0x64,0x12,0xFF,0xB0,0x64,0x12,0xFF,0xB0,0x64,0x12,0xFF,0xB0,0x64,0x12,0xFF,0xB0,0x64,0x12,0xFF,
    0xB0,0x64,0x12,0xFF,0xB0,0x64,0x12,0xFF,0xB0,0x64,0x12,0xFF,0xB0,0x64,0x12,0xFF,0xB0,0x64,0x12,0xFF,0xB0,0x64,0x12,0xFF,0xB0,0x64,0x12,0xFF,0xB0,0x64,0x12,0xFF,0xB0,0x64,0x12,0xFF,0xB0,0x64,0x12,0xFF,0xB0,0x64,0x12,0xFF,0xB0,0x64,0x12,0xFF,0xB0,0x64,0x12,0xFF,0xB0,0x64,0x12,0xFF,0xB0,0x64,0x12,0xFF,0xB0,0x64,0x12,0xFF,
    0xB0,0x64,0x12,0xFF,0xB0,0x64,0x12,0xFF,0xB0,0x64,0x12,0xFF,0xB0,0x64,0x12,0xFF,0xB0,0x64,0x12,0xFF,0xB0,0x64,0x12,0xFF,0xB0,0x64,0x12,0xFF,0xB0,0x64,0x12,0xFF,0xB0,0x64,0x12,0xFF,0xB0,0x64,0x12,0xFF,0xB0,0x64,0x12,0xFF,0xB0,0x64,0x12,0xFF,0xB0,0x64,0x12,0xFF,0xB0,0x64,0x12,0xFF,0xB0,0x64,0x12,0xFF,0xB0,0x64,0x12,0xFF,
    0xB0,0x64,0x12,0xFF,0xB0,0x64,0x12,0xFF,0xB0,0x64,0x12,0xFF,0xB0,0x64,0x12,0xFF,0xB0,0x64,0x12,0xFF,0xB0,0x64,0x12,0xFF,0xB0,0x64,0x12,0xFF,0xB0,0x64,0x12,0xFF,0xB0,0x64,0x12,0xFF,0xB0,0x64,0x12,0xFF,0xB0,0x64,0x12,0xFF,0xB0,0x64,0x12,0xFF,0xB0,0x64,0x12,0xFF,0xB0,0x64,0x12,0xFF,0xB0,0x64,0x12,0xFF,0xB0,0x64,0x12,0xFF,
    0xB0,0x64,0x12,0xFF,0xB0,0x64,0x12,0xFF,0xB0,0x64,0x12,0xFF,0xB0,0x64,0x12,0xFF,0xB0,0x64,0x12,0xFF,0xB0,0x64,0x12,0xFF,0xB0,0x64,0x12,0xFF,0xB0,0x64,0x12,0xFF,0xB0,0x64,0x12,0xFF,0xB0,0x64,0x12,0xFF,0xB0,0x64,0x12,0xFF,0xB0,0x64,0x12,0xFF,0xB0,0x64,0x12,0xFF,0xB0,0x64,0x12,0xFF,0xB0,0x64,0x12,0xFF,0xB0,0x64,0x12,0xFF,
    0xB0,0x64,0x12,0xFF,0xB0,0x64,0x12,0xFF,0xB0,0x64,0x12,0xFF,0xB0,0x64,0x12,0xFF,0xB0,0x64,0x12,0xFF,0xB0,0x64,0x12,0xFF,0xB0,0x64,0x12,0xFF,0xB0,0x64,0x12,0xFF,0xB0,0x64,0x12,0xFF,0xB0,0x64,0x12,0xFF,0xB0,0x64,0x12,0xFF,0xB0,0x64,0x12,0xFF,0xB0,0x64,0x12,0xFF,0xB0,0x64,0x12,0xFF,0xB0,0x64,0x12,0xFF,0xB0,0x64,0x12,0xFF,
    0xB0,0x64,0x12,0xFF,0xB0,0x64,0x12,0xFF,0xB0,0x64,0x12,0xFF,0xB0,0x64,0x12,0xFF,0xB0,0x64,0x12,0xFF,0xB0,0x64,0x12,0xFF,0xB0,0x64,0x12,0xFF,0xB0,0x64,0x12,0xFF,0xB0,0x64,0x12,0xFF,0xB0,0x64,0x12,0xFF,0xB0,0x64,0x12,0xFF,0xB0,0x64,0x12,0xFF,0xB0,0x64,0x12,0xFF,0xB0,0x64,0x12,0xFF,0xB0,0x64,0x12,0xFF,0xB0,0x64,0x12,0xFF,
    0xB0,0x64,0x12,0xFF,0xB0,0x64,0x12,0xFF,0xB0,0x64,0x12,0xFF,0xB0,0x64,0x12,0xFF,0xB0,0x64,0x12,0xFF,0xB0,0x64,0x12,0xFF,0xB0,0x64,0x12,0xFF,0xB0,0x64,0x12,0xFF,0xB0,0x64,0x12,0xFF,0xB0,0x64,0x12,0xFF,0xB0,0x64,0x12,0xFF,0xB0,0x64,0x12,0xFF,0xB0,0x64,0x12,0xFF,0xB0,0x64,0x12,0xFF,0xB0,0x64,0x12,0xFF,0xB0,0x64,0x12,0xFF,
    0xB0,0x64,0x12,0xFF,0xB0,0x64,0x12,0xFF,0xB0,0x64,0x12,0xFF,0xB0,0x64,0x12,0xFF,0xB0,0x64,0x12,0xFF,0xB0,0x64,0x12,0xFF,0xB0,0x64,0x12,0xFF,0xB0,0x64,0x12,0xFF,0xB0,0x64,0x12,0xFF,0xB0,0x64,0x12,0xFF,0xB0,0x64,0x12,0xFF,0xB0,0x64,0x12,0xFF,0xB0,0x64,0x12,0xFF,0xB0,0x64,0x12,0xFF,0xB0,0x64,0x12,0xFF,0xB0,0x64,0x12,0xFF,
    0xB0,0x64,0x12,0xFF,0xB0,0x64,0x12,0xFF,0xB0,0x64,0x12,0xFF,0xB0,0x64,0x12,0xFF,0xB0,0x64,0x12,0xFF,0xB0,0x64,0x12,0xFF,0xB0,0x64,0x12,0xFF,0xB0,0x64,0x12,0xFF,0xB0,0x64,0x12,0xFF,0xB0,0x64,0x12,0xFF,0xB0,0x64,0x12,0xFF,0xB0,0x64,0x12,0xFF,0xB0,0x64,0x12,0xFF,0xB0,0x64,0x12,0xFF,0xB0,0x64,0x12,0xFF,0xFE,0xFE,0xFE,0xFF,
    0xFD,0xFC,0xFA,0xFF,0xB1,0x67,0x17,0xFF,0xB0,0x64,0x12,0xFF,0xB0,0x64,0x12,0xFF,0xB0,0x64,0x12,0xFF,0xB0,0x64,0x12,0xFF,0xB0,0x64,0x12,0xFF,0xB0,0x64,0x12,0xFF,0xB0,0x64,0x12,0xFF,0xB0,0x64,0x12,0xFF,0xB0,0x64,0x12,0xFF,0xB0,0x64,0x12,0xFF,0xB0,0x64,0x12,0xFF,0xB0,0x64,0x12,0xFF,0xB0,0x64,0x12,0xFF,0xB0,0x64,0x12,0xFF,
    0xB0,0x64,0x12,0xFF,0xB0,0x64,0x12,0xFF,0xB0,0x64,0x12,0xFF,0xB0,0x64,0x12,0xFF,0xB0,0x64,0x12,0xFF,0xB0,0x64,0x12,0xFF,0xB0,0x64,0x12,0xFF,0xB0,0x64,0x12,0xFF,0xB0,0x64,0x12,0xFF,0xB0,0x64,0x12,0xFF,0xB0,0x64,0x12,0xFF,0xB0,0x64,0x12,0xFF,0xB0,0x64,0x12,0xFF,0xB0,0x64,0x12,0xFF,0xB0,0x64,0x12,0xFF,0xB0,0x64,0x12,0xFF,
    0xB0,0x64,0x12,0xFF,0xB0,0x64,0x12,0xFF,0xB0,0x64,0x12,0xFF,0xB0,0x64,0x12,0xFF,0xB0,0x64,0x12,0xFF,0xB0,0x64,0x12,0xFF,0xB0,0x64,0x12,0xFF,0xB0,0x64,0x12,0xFF,0xB0,0x64,0x12,0xFF,0xB0,0x64,0x12,0xFF,0xB0,0x64,0x12,0xFF,0xB0,0x64,0x12,0xFF,0xB0,0x64,0x12,0xFF,0xB0,0x64,0x12,0xFF,0xB0,0x64,0x12,0xFF,0xB0,0x64,0x12,0xFF,
    0xB0,0x64,0x12,0xFF,0xB0,0x64,0x12,0xFF,0xB0,0x64,0x12,0xFF,0xB0,0x64,0x12,0xFF,0xB0,0x64,0x12,0xFF,0xB0,0x64,0x12,0xFF,0xB0,0x64,0x12,0xFF,0xB0,0x64,0x12,0xFF,0xB0,0x64,0x12,0xFF,0xB0,0x64,0x12,0xFF,0xB0,0x64,0x12,0xFF,0xB0,0x64,0x12,0xFF,0xB0,0x64,0x12,0xFF,0xB0,0x64,0x12,0xFF,0xB0,0x64,0x12,0xFF,0xB0,0x64,0x12,0xFF,
    0xB0,0x64,0x12,0xFF,0xB0,0x64,0x12,0xFF,0xB0,0x64,0x12,0xFF,0xB0,0x64,0x12,0xFF,0xB0,0x64,0x12,0xFF,0xB0,0x64,0x12,0xFF,0xB0,0x64,0x12,0xFF,0xB0,0x64,0x12,0xFF,0xB0,0x64,0x12,0xFF,0xB0,0x64,0x12,0xFF,0xB0,0x64,0x12,0xFF,0xB0,0x64,0x12,0xFF,0xB0,0x64,0x12,0xFF,0xB0,0x64,0x12,0xFF,0xB0,0x64,0x12,0xFF,0xB0,0x64,0x12,0xFF,
    0xB0,0x64,0x12,0xFF,0xB0,0x64,0x12,0xFF,0xB0,0x64,0x12,0xFF,0xB0,0x64,0x12,0xFF,0xB0,0x64,0x12,0xFF,0xB0,0x64,0x12,0xFF,0xB0,0x64,0x12,0xFF,0xB0,0x64,0x12,0xFF,0xB0,0x64,0x12,0xFF,0xB0,0x64,0x12,0xFF,0xB0,0x64,0x12,0xFF,0xB0,0x64,0x12,0xFF,0xB0,0x64,0x12,0xFF,0xB0,0x64,0x12,0xFF,0xB0,0x64,0x12,0xFF,0xB0,0x64,0x12,0xFF,
    0xB0,0x64,0x12,0xFF,0xB0,0x64,0x12,0xFF,0xB0,0x64,0x12,0xFF,0xB0,0x64,0x12,0xFF,0xB0,0x64,0x12,0xFF,0xB0,0x64,0x12,0xFF,0xB0,0x64,0x12,0xFF,0xB0,0x64,0x12,0xFF,0xB0,0x64,0x12,0xFF,0xB0,0x64,0x12,0xFF,0xB0,0x64,0x12,0xFF,0xB0,0x64,0x12,0xFF,0xB0,0x64,0x12,0xFF,0xB0,0x64,0x12,0xFF,0xB0,0x64,0x12,0xFF,0xB0,0x64,0x12,0xFF,
    0xB0,0x64,0x12,0xFF,0xB0,0x64,0x12,0xFF,0xB0,0x64,0x12,0xFF,0xB0,0x64,0x12,0xFF,0xB0,0x64,0x12,0xFF,0xB0,0x64,0x12,0xFF,0xB0,0x64,0x12,0xFF,0xB0,0x64,0x12,0xFF,0xB0,0x64,0x12,0xFF,0xB0,0x64,0x12,0xFF,0xB0,0x64,0x12,0xFF,0xB0,0x64,0x12,0xFF,0xB0,0x64,0x12,0xFF,0xB0,0x64,0x12,0xFF,0xB0,0x64,0x12,0xFF,0xB0,0x64,0x12,0xFF,
    0xB0,0x64,0x12,0xFF,0xB0,0x64,0x12,0xFF,0xB0,0x64,0x12,0xFF,0xB0,0x64,0x12,0xFF,0xB0,0x64,0x12,0xFF,0xB0,0x64,0x12,0xFF,0xB0,0x64,0x12,0xFF,0xB0,0x64,0x12,0xFF,0xB0,0x64,0x12,0xFF,0xB0,0x64,0x12,0xFF,0xB0,0x64,0x12,0xFF,0xB0,0x64,0x12,0xFF,0xB0,0x64,0x12,0xFF,0xB0,0x64,0x12,0xFF,0xB0,0x64,0x12,0xFF,0xB0,0x64,0x12,0xFF,
    0xB0,0x64,0x12,0xFF,0xB0,0x64,0x12,0xFF,0xB0,0x64,0x12,0xFF,0xB0,0x64,0x12,0xFF,0xB0,0x64,0x12,0xFF,0xB0,0x64,0x12,0xFF,0xB0,0x64,0x12,0xFF,0xB0,0x64,0x12,0xFF,0xB0,0x64,0x12,0xFF,0xB0,0x64,0x12,0xFF,0xB0,0x64,0x12,0xFF,0xB0,0x64,0x12,0xFF,0xB0,0x64,0x12,0xFF,0xB0,0x64,0x12,0xFF,0xB0,0x64,0x12,0xFF,0xB0,0x64,0x12,0xFF,
    0xB0,0x64,0x12,0xFF,0xB0,0x64,0x12,0xFF,0xB0,0x64,0x12,0xFF,0xB0,0x64,0x12,0xFF,0xB0,0x64,0x12,0xFF,0xB0,0x64,0x12,0xFF,0xB0,0x64,0x12,0xFF,0xB0,0x64,0x12,0xFF,0xB0,0x64,0x12,0xFF,0xB0,0x64,0x12,0xFF,0xB0,0x64,0x12,0xFF,0xB0,0x64,0x12,0xFF,0xB0,0x64,0x12,0xFF,0xB0,0x64,0x12,0xFF,0xB0,0x64,0x12,0xFF,0xB0,0x64,0x12,0xFF,
    0xB0,0x64,0x12,0xFF,0xB0,0x64,0x12,0xFF,0xB1,0x67,0x17,0xFF,0xFD,0xFC,0xFA,0xFF,0xF7,0xEF,0xE7,0xF2,0xBD,0x7E,0x3A,0xFF,0xB0,0x64,0x12,0xFF,0xB0,0x64,0x12,0xFF,0xB0,0x64,0x12,0xFF,0xB0,0x64,0x12,0xFF,0xB0,0x64,0x12,0xFF,0xB0,0x64,0x12,0xFF,0xB0,0x64,0x12,0xFF,0xB0,0x64,0x12,0xFF,0xB0,0x64,0x12,0xFF,0xB0,0x64,0x12,0xFF,
    0xB0,0x64,0x12,0xFF,0xB0,0x64,0x12,0xFF,0xB0,0x64,0x12,0xFF,0xB0,0x64,0x12,0xFF,0xB0,0x64,0x12,0xFF,0xB0,0x64,0x12,0xFF,0xB0,0x64,0x12,0xFF,0xB0,0x64,0x12,0xFF,0xB0,0x64,0x12,0xFF,0xB0,0x64,0x12,0xFF,0xB0,0x64,0x12,0xFF,0xB0,0x64,0x12,0xFF,0xB0,0x64,0x12,0xFF,0xB0,0x64,0x12,0xFF,0xB0,0x64,0x12,0xFF,0xB0,0x64,0x12,0xFF,
    0xB0,0x64,0x12,0xFF,0xB0,0x64,0x12,0xFF,0xB0,0x64,0x12,0xFF,0xB0,0x64,0x12,0xFF,0xB0,0x64,0x12,0xFF,0xB0,0x64,0x12,0xFF,0xB0,0x64,0x12,0xFF,0xB0,0x64,0x12,0xFF,0xB0,0x64,0x12,0xFF,0xB0,0x64,0x12,0xFF,0xB0,0x64,0x12,0xFF,0xB0,0x64,0x12,0xFF,0xB0,0x64,0x12,0xFF,0xB0,0x64,0x12,0xFF,0xB0,0x64,0x12,0xFF,0xB0,0x64,0x12,0xFF,
    0xB0,0x64,0x12,0xFF,0xB0,0x64,0x12,0xFF,0xB0,0x64,0x12,0xFF,0xB0,0x64,0x12,0xFF,0xB0,0x64,0x12,0xFF,0xB0,0x64,0x12,0xFF,0xB0,0x64,0x12,0xFF,0xB0,0x64,0x12,0xFF,0xB0,0x64,0x12,0xFF,0xB0,0x64,0x12,0xFF,0xB0,0x64,0x12,0xFF,0xB0,0x64,0x12,0xFF,0xB0,0x64,0x12,0xFF,0xB0,0x64,0x12,0xFF,0xB0,0x64,0x12,0xFF,0xB0,0x64,0x12,0xFF,
    0xB0,0x64,0x12,0xFF,0xB0,0x64,0x12,0xFF,0xB0,0x64,0x12,0xFF,0xB0,0x64,0x12,0xFF,0xB0,0x64,0x12,0xFF,0xB0,0x64,0x12,0xFF,0xB0,0x64,0x12,0xFF,0xB0,0x64,0x12,0xFF,0xB0,0x64,0x12,0xFF,0xB0,0x64,0x12,0xFF,0xB0,0x64,0x12,0xFF,0xB0,0x64,0x12,0xFF,0xB0,0x64,0x12,0xFF,0xB0,0x64,0x12,0xFF,0xB0,0x64,0x12,0xFF,0xB0,0x64,0x12,0xFF,
    0xB0,0x64,0x12,0xFF,0xB0,0x64,0x12,0xFF,0xB0,0x64,0x12,0xFF,0xB0,0x64,0x12,0xFF,0xB0,0x64,0x12,0xFF,0xB0,0x64,0x12,0xFF,0xB0,0x64,0x12,0xFF,0xB0,0x64,0x12,0xFF,0xB0,0x64,0x12,0xFF,0xB0,0x64,0x12,0xFF,0xB0,0x64,0x12,0xFF,0xB0,0x64,0x12,0xFF,0xB0,0x64,0x12,0xFF,0xB0,0x64,0x12,0xFF,0xB0,0x64,0x12,0xFF,0xB0,0x64,0x12,0xFF,
    0xB0,0x64,0x12,0xFF,0xB0,0x64,0x12,0xFF,0xB0,0x64,0x12,0xFF,0xB0,0x64,0x12,0xFF,0xB0,0x64,0x12,0xFF,0xB0,0x64,0x12,0xFF,0xB0,0x64,0x12,0xFF,0xB0,0x64,0x12,0xFF,0xB0,0x64,0x12,0xFF,0xB0,0x64,0x12,0xFF,0xB0,0x64,0x12,0xFF,0xB0,0x64,0x12,0xFF,0xB0,0x64,0x12,0xFF,0xB0,0x64,0x12,0xFF,0xB0,0x64,0x12,0xFF,0xB0,0x64,0x12,0xFF,
    0xB0,0x64,0x12,0xFF,0xB0,0x64,0x12,0xFF,0xB0,0x64,0x12,0xFF,0xB0,0x64,0x12,0xFF,0xB0,0x64,0x12,0xFF,0xB0,0x64,0x12,0xFF,0xB0,0x64,0x12,0xFF,0xB0,0x64,0x12,0xFF,0xB0,0x64,0x12,0xFF,0xB0,0x64,0x12,0xFF,0xB0,0x64,0x12,0xFF,0xB0,0x64,0x12,0xFF,0xB0,0x64,0x12,0xFF,0xB0,0x64,0x12,0xFF,0xB0,0x64,0x12,0xFF,0xB0,0x64,0x12,0xFF,
    0xB0,0x64,0x12,0xFF,0xB0,0x64,0x12,0xFF,0xB0,0x64,0x12,0xFF,0xB0,0x64,0x12,0xFF,0xB0,0x64,0x12,0xFF,0xB0,0x64,0x12,0xFF,0xB0,0x64,0x12,0xFF,0xB0,0x64,0x12,0xFF,0xB0,0x64,0x12,0xFF,0xB0,0x64,0x12,0xFF,0xB0,0x64,0x12,0xFF,0xB0,0x64,0x12,0xFF,0xB0,0x64,0x12,0xFF,0xB0,0x64,0x12,0xFF,0xB0,0x64,0x12,0xFF,0xB0,0x64,0x12,0xFF,
    0xB0,0x64,0x12,0xFF,0xB0,0x64,0x12,0xFF,0xB0,0x64,0x12,0xFF,0xB0,0x64,0x12,0xFF,0xB0,0x64,0x12,0xFF,0xB0,0x64,0x12,0xFF,0xB0,0x64,0x12,0xFF,0xB0,0x64,0x12,0xFF,0xB0,0x64,0x12,0xFF,0xB0,0x64,0x12,0xFF,0xB0,0x64,0x12,0xFF,0xB0,0x64,0x12,0xFF,0xB0,0x64,0x12,0xFF,0xB0,0x64,0x12,0xFF,0xB0,0x64,0x12,0xFF,0xB0,0x64,0x12,0xFF,
    0xB0,0x64,0x12,0xFF,0xB0,0x64,0x12,0xFF,0xB0,0x64,0x12,0xFF,0xB0,0x64,0x12,0xFF,0xB0,0x64,0x12,0xFF,0xB0,0x64,0x12,0xFF,0xB0,0x64,0x12,0xFF,0xB0,0x64,0x12,0xFF,0xB0,0x64,0x12,0xFF,0xB0,0x64,0x12,0xFF,0xB0,0x64,0x12,0xFF,0xB0,0x64,0x12,0xFF,0xB0,0x64,0x12,0xFF,0xB0,0x64,0x12,0xFF,0xB0,0x64,0x12,0xFF,0xB0,0x64,0x12,0xFF,
    0xB0,0x64,0x12,0xFF,0xB0,0x64,0x12,0xFF,0xB0,0x64,0x12,0xFF,0xB0,0x64,0x12,0xFF,0xB0,0x64,0x12,0xFF,0xB0,0x64,0x12,0xFF,0xBD,0x7E,0x3A,0xFF,0xF7,0xEF,0xE7,0xF2,0xF4,0xEA,0xDE,0xB2,0xD5,0xAD,0x81,0xFF,0xB0,0x64,0x12,0xFF,0xB0,0x64,0x12,0xFF,0xB0,0x64,0x12,0xFF,0xB0,0x64,0x12,0xFF,0xB0,0x64,0x12,0xFF,0xB0,0x64,0x12,0xFF,
    0xB0,0x64,0x12,0xFF,0xB0,0x64,0x12,0xFF,0xB0,0x64,0x12,0xFF,0xB0,0x64,0x12,0xFF,0xB0,0x64,0x12,0xFF,0xB0,0x64,0x12,0xFF,0xB0,0x64,0x12,0xFF,0xB0,0x64,0x12,0xFF,0xB0,0x64,0x12,0xFF,0xB0,0x64,0x12,0xFF,0xB0,0x64,0x12,0xFF,0xB0,0x64,0x12,0xFF,0xB0,0x64,0x12,0xFF,0xB0,0x64,0x12,0xFF,0xB0,0x64,0x12,0xFF,0xB0,0x64,0x12,0xFF,
    0xB0,0x64,0x12,0xFF,0xB0,0x64,0x12,0xFF,0xB0,0x64,0x12,0xFF,0xB0,0x64,0x12,0xFF,0xB0,0x64,0x12,0xFF,0xB0,0x64,0x12,0xFF,0xB0,0x64,0x12,0xFF,0xB0,0x64,0x12,0xFF,0xB0,0x64,0x12,0xFF,0xB0,0x64,0x12,0xFF,0xB0,0x64,0x12,0xFF,0xB0,0x64,0x12,0xFF,0xB0,0x64,0x12,0xFF,0xB0,0x64,0x12,0xFF,0xB0,0x64,0x12,0xFF,0xB0,0x64,0x12,0xFF,
    0xB0,0x64,0x12,0xFF,0xB0,0x64,0x12,0xFF,0xB0,0x64,0x12,0xFF,0xB0,0x64,0x12,0xFF,0xB0,0x64,0x12,0xFF,0xB0,0x64,0x12,0xFF,0xB0,0x64,0x12,0xFF,0xB0,0x64,0x12,0xFF,0xB0,0x64,0x12,0xFF,0xB0,0x64,0x12,0xFF,0xB0,0x64,0x12,0xFF,0xB0,0x64,0x12,0xFF,0xB0,0x64,0x12,0xFF,0xB0,0x64,0x12,0xFF,0xB0,0x64,0x12,0xFF,0xB0,0x64,0x12,0xFF,
    0xB0,0x64,0x12,0xFF,0xB0,0x64,0x12,0xFF,0xB0,0x64,0x12,0xFF,0xB0,0x64,0x12,0xFF,0xB0,0x64,0x12,0xFF,0xB0,0x64,0x12,0xFF,0xB0,0x64,0x12,0xFF,0xB0,0x64,0x12,0xFF,0xB0,0x64,0x12,0xFF,0xB0,0x64,0x12,0xFF,0xB0,0x64,0x12,0xFF,0xB0,0x64,0x12,0xFF,0xB0,0x64,0x12,0xFF,0xB0,0x64,0x12,0xFF,0xB0,0x64,0x12,0xFF,0xB0,0x64,0x12,0xFF,
    0xB0,0x64,0x12,0xFF,0xB0,0x64,0x12,0xFF,0xB0,0x64,0x12,0xFF,0xB0,0x64,0x12,0xFF,0xB0,0x64,0x12,0xFF,0xB0,0x64,0x12,0xFF,0xB0,0x64,0x12,0xFF,0xB0,0x64,0x12,0xFF,0xB0,0x64,0x12,0xFF,0xB0,0x64,0x12,0xFF,0xB0,0x64,0x12,0xFF,0xB0,0x64,0x12,0xFF,0xB0,0x64,0x12,0xFF,0xB0,0x64,0x12,0xFF,0xB0,0x64,0x12,0xFF,0xB0,0x64,0x12,0xFF,
    0xB0,0x64,0x12,0xFF,0xB0,0x64,0x12,0xFF,0xB0,0x64,0x12,0xFF,0xB0,0x64,0x12,0xFF,0xB0,0x64,0x12,0xFF,0xB0,0x64,0x12,0xFF,0xB0,0x64,0x12,0xFF,0xB0,0x64,0x12,0xFF,0xB0,0x64,0x12,0xFF,0xB0,0x64,0x12,0xFF,0xB0,0x64,0x12,0xFF,0xB0,0x64,0x12,0xFF,0xB0,0x64,0x12,0xFF,0xB0,0x64,0x12,0xFF,0xB0,0x64,0x12,0xFF,0xB0,0x64,0x12,0xFF,
    0xB0,0x64,0x12,0xFF,0xB0,0x64,0x12,0xFF,0xB0,0x64,0x12,0xFF,0xB0,0x64,0x12,0xFF,0xB0,0x64,0x12,0xFF,0xB0,0x64,0x12,0xFF,0xB0,0x64,0x12,0xFF,0xB0,0x64,0x12,0xFF,0xB0,0x64,0x12,0xFF,0xB0,0x64,0x12,0xFF,0xB0,0x64,0x12,0xFF,0xB0,0x64,0x12,0xFF,0xB0,0x64,0x12,0xFF,0xB0,0x64,0x12,0xFF,0xB0,0x64,0x12,0xFF,0xB0,0x64,0x12,0xFF,
    0xB0,0x64,0x12,0xFF,0xB0,0x64,0x12,0xFF,0xB0,0x64,0x12,0xFF,0xB0,0x64,0x12,0xFF,0xB0,0x64,0x12,0xFF,0xB0,0x64,0x12,0xFF,0xB0,0x64,0x12,0xFF,0xB0,0x64,0x12,0xFF,0xB0,0x64,0x12,0xFF,0xB0,0x64,0x12,0xFF,0xB0,0x64,0x12,0xFF,0xB0,0x64,0x12,0xFF,0xB0,0x64,0x12,0xFF,0xB0,0x64,0x12,0xFF,0xB0,0x64,0x12,0xFF,0xB0,0x64,0x12,0xFF,
    0xB0,0x64,0x12,0xFF,0xB0,0x64,0x12,0xFF,0xB0,0x64,0x12,0xFF,0xB0,0x64,0x12,0xFF,0xB0,0x64,0x12,0xFF,0xB0,0x64,0x12,0xFF,0xB0,0x64,0x12,0xFF,0xB0,0x64,0x12,0xFF,0xB0,0x64,0x12,0xFF,0xB0,0x64,0x12,0xFF,0xB0,0x64,0x12,0xFF,0xB0,0x64,0x12,0xFF,0xB0,0x64,0x12,0xFF,0xB0,0x64,0x12,0xFF,0xB0,0x64,0x12,0xFF,0xB0,0x64,0x12,0xFF,
    0xB0,0x64,0x12,0xFF,0xB0,0x64,0x12,0xFF,0xB0,0x64,0x12,0xFF,0xB0,0x64,0x12,0xFF,0xB0,0x64,0x12,0xFF,0xB0,0x64,0x12,0xFF,0xB0,0x64,0x12,0xFF,0xB0,0x64,0x12,0xFF,0xB0,0x64,0x12,0xFF,0xB0,0x64,0x12,0xFF,0xB0,0x64,0x12,0xFF,0xB0,0x64,0x12,0xFF,0xB0,0x64,0x12,0xFF,0xB0,0x64,0x12,0xFF,0xB0,0x64,0x12,0xFF,0xB0,0x64,0x12,0xFF,
    0xB0,0x64,0x12,0xFF,0xB0,0x64,0x12,0xFF,0xB0,0x64,0x12,0xFF,0xB0,0x64,0x12,0xFF,0xB0,0x64,0x12,0xFF,0xB0,0x64,0x12,0xFF,0xB0,0x64,0x12,0xFF,0xB0,0x64,0x12,0xFF,0xB0,0x64,0x12,0xFF,0xB0,0x64,0x12,0xFF,0xD5,0xAD,0x81,0xFF,0xF4,0xEA,0xDE,0xB2,0xE2,0xC7,0xAA,0x4E,0xF7,0xEF,0xE6,0xFF,0xB4,0x6D,0x1F,0xFF,0xB0,0x64,0x12,0xFF,
    0xB0,0x64,0x12,0xFF,0xB0,0x64,0x12,0xFF,0xB0,0x64,0x12,0xFF,0xB0,0x64,0x12,0xFF,0xB0,0x64,0x12,0xFF,0xB0,0x64,0x12,0xFF,0xB0,0x64,0x12,0xFF,0xB0,0x64,0x12,0xFF,0xB0,0x64,0x12,0xFF,0xB0,0x64,0x12,0xFF,0xB0,0x64,0x12,0xFF,0xB0,0x64,0x12,0xFF,0xB0,0x64,0x12,0xFF,0xB0,0x64,0x12,0xFF,0xB0,0x64,0x12,0xFF,0xB0,0x64,0x12,0xFF,
    0xB0,0x64,0x12,0xFF,0xB0,0x64,0x12,0xFF,0xB0,0x64,0x12,0xFF,0xB0,0x64,0x12,0xFF,0xB0,0x64,0x12,0xFF,0xB0,0x64,0x12,0xFF,0xB0,0x64,0x12,0xFF,0xB0,0x64,0x12,0xFF,0xB0,0x64,0x12,0xFF,0xB0,0x64,0x12,0xFF,0xB0,0x64,0x12,0xFF,0xB0,0x64,0x12,0xFF,0xB0,0x64,0x12,0xFF,0xB0,0x64,0x12,0xFF,0xB0,0x64,0x12,0xFF,0xB0,0x64,0x12,0xFF,
    0xB0,0x64,0x12,0xFF,0xB0,0x64,0x12,0xFF,0xB0,0x64,0x12,0xFF,0xB0,0x64,0x12,0xFF,0xB0,0x64,0x12,0xFF,0xB0,0x64,0x12,0xFF,0xB0,0x64,0x12,0xFF,0xB0,0x64,0x12,0xFF,0xB0,0x64,0x12,0xFF,0xB0,0x64,0x12,0xFF,0xB0,0x64,0x12,0xFF,0xB0,0x64,0x12,0xFF,0xB0,0x64,0x12,0xFF,0xB0,0x64,0x12,0xFF,0xB0,0x64,0x12,0xFF,0xB0,0x64,0x12,0xFF,
    0xB0,0x64,0x12,0xFF,0xB0,0x64,0x12,0xFF,0xB0,0x64,0x12,0xFF,0xB0,0x64,0x12,0xFF,0xB0,0x64,0x12,0xFF,0xB0,0x64,0x12,0xFF,0xB0,0x64,0x12,0xFF,0xB0,0x64,0x12,0xFF,0xB0,0x64,0x12,0xFF,0xB0,0x64,0x12,0xFF,0xB0,0x64,0x12,0xFF,0xB0,0x64,0x12,0xFF,0xB0,0x64,0x12,0xFF,0xB0,0x64,0x12,0xFF,0xB0,0x64,0x12,0xFF,0xB0,0x64,0x12,0xFF,
    0xB0,0x64,0x12,0xFF,0xB0,0x64,0x12,0xFF,0xB0,0x64,0x12,0xFF,0xB0,0x64,0x12,0xFF,0xB0,0x64,0x12,0xFF,0xB0,0x64,0x12,0xFF,0xB0,0x64,0x12,0xFF,0xB0,0x64,0x12,0xFF,0xB0,0x64,0x12,0xFF,0xB0,0x64,0x12,0xFF,0xB0,0x64,0x12,0xFF,0xB0,0x64,0x12,0xFF,0xB0,0x64,0x12,0xFF,0xB0,0x64,0x12,0xFF,0xB0,0x64,0x12,0xFF,0xB0,0x64,0x12,0xFF,
    0xB0,0x64,0x12,0xFF,0xB0,0x64,0x12,0xFF,0xB0,0x64,0x12,0xFF,0xB0,0x64,0x12,0xFF,0xB0,0x64,0x12,0xFF,0xB0,0x64,0x12,0xFF,0xB0,0x64,0x12,0xFF,0xB0,0x64,0x12,0xFF,0xB0,0x64,0x12,0xFF,0xB0,0x64,0x12,0xFF,0xB0,0x64,0x12,0xFF,0xB0,0x64,0x12,0xFF,0xB0,0x64,0x12,0xFF,0xB0,0x64,0x12,0xFF,0xB0,0x64,0x12,0xFF,0xB0,0x64,0x12,0xFF,
    0xB0,0x64,0x12,0xFF,0xB0,0x64,0x12,0xFF,0xB0,0x64,0x12,0xFF,0xB0,0x64,0x12,0xFF,0xB0,0x64,0x12,0xFF,0xB0,0x64,0x12,0xFF,0xB0,0x64,0x12,0xFF,0xB0,0x64,0x12,0xFF,0xB0,0x64,0x12,0xFF,0xB0,0x64,0x12,0xFF,0xB0,0x64,0x12,0xFF,0xB0,0x64,0x12,0xFF,0xB0,0x64,0x12,0xFF,0xB0,0x64,0x12,0xFF,0xB0,0x64,0x12,0xFF,0xB0,0x64,0x12,0xFF,
    0xB0,0x64,0x12,0xFF,0xB0,0x64,0x12,0xFF,0xB0,0x64,0x12,0xFF,0xB0,0x64,0x12,0xFF,0xB0,0x64,0x12,0xFF,0xB0,0x64,0x12,0xFF,0xB0,0x64,0x12,0xFF,0xB0,0x64,0x12,0xFF,0xB0,0x64,0x12,0xFF,0xB0,0x64,0x12,0xFF,0xB0,0x64,0x12,0xFF,0xB0,0x64,0x12,0xFF,0xB0,0x64,0x12,0xFF,0xB0,0x64,0x12,0xFF,0xB0,0x64,0x12,0xFF,0xB0,0x64,0x12,0xFF,
    0xB0,0x64,0x12,0xFF,0xB0,0x64,0x12,0xFF,0xB0,0x64,0x12,0xFF,0xB0,0x64,0x12,0xFF,0xB0,0x64,0x12,0xFF,0xB0,0x64,0x12,0xFF,0xB0,0x64,0x12,0xFF,0xB0,0x64,0x12,0xFF,0xB0,0x64,0x12,0xFF,0xB0,0x64,0x12,0xFF,0xB0,0x64,0x12,0xFF,0xB0,0x64,0x12,0xFF,0xB0,0x64,0x12,0xFF,0xB0,0x64,0x12,0xFF,0xB0,0x64,0x12,0xFF,0xB0,0x64,0x12,0xFF,
    0xB0,0x64,0x12,0xFF,0xB0,0x64,0x12,0xFF,0xB0,0x64,0x12,0xFF,0xB0,0x64,0x12,0xFF,0xB0,0x64,0x12,0xFF,0xB0,0x64,0x12,0xFF,0xB0,0x64,0x12,0xFF,0xB0,0x64,0x12,0xFF,0xB0,0x64,0x12,0xFF,0xB0,0x64,0x12,0xFF,0xB0,0x64,0x12,0xFF,0xB0,0x64,0x12,0xFF,0xB0,0x64,0x12,0xFF,0xB0,0x64,0x12,0xFF,0xB0,0x64,0x12,0xFF,0xB0,0x64,0x12,0xFF,
    0xB0,0x64,0x12,0xFF,0xB0,0x64,0x12,0xFF,0xB0,0x64,0x12,0xFF,0xB0,0x64,0x12,0xFF,0xB0,0x64,0x12,0xFF,0xB0,0x64,0x12,0xFF,0xB0,0x64,0x12,0xFF,0xB0,0x64,0x12,0xFF,0xB0,0x64,0x12,0xFF,0xB0,0x64,0x12,0xFF,0xB0,0x64,0x12,0xFF,0xB0,0x64,0x12,0xFF,0xB0,0x64,0x12,0xFF,0xB4,0x6D,0x1F,0xFF,0xF7,0xEF,0xE6,0xFF,0xE2,0xC7,0xAA,0x4E,
    0x00,0x00,0x00,0x00,0xF1,0xE3,0xD5,0xB6,0xE0,0xC3,0xA3,0xFF,0xB0,0x64,0x12,0xFF,0xB0,0x64,0x12,0xFF,0xB0,0x64,0x12,0xFF,0xB0,0x64,0x12,0xFF,0xB0,0x64,0x12,0xFF,0xB0,0x64,0x12,0xFF,0xB0,0x64,0x12,0xFF,0xB0,0x64,0x12,0xFF,0xB0,0x64,0x12,0xFF,0xB0,0x64,0x12,0xFF,0xB0,0x64,0x12,0xFF,0xB0,0x64,0x12,0xFF,0xB0,0x64,0x12,0xFF,
    0xB0,0x64,0x12,0xFF,0xB0,0x64,0x12,0xFF,0xB0,0x64,0x12,0xFF,0xB0,0x64,0x12,0xFF,0xB0,0x64,0x12,0xFF,0xB0,0x64,0x12,0xFF,0xB0,0x64,0x12,0xFF,0xB0,0x64,0x12,0xFF,0xB0,0x64,0x12,0xFF,0xB0,0x64,0x12,0xFF,0xB0,0x64,0x12,0xFF,0xB0,0x64,0x12,0xFF,0xB0,0x64,0x12,0xFF,0xB0,0x64,0x12,0xFF,0xB0,0x64,0x12,0xFF,0xB0,0x64,0x12,0xFF,
    0xB0,0x64,0x12,0xFF,0xB0,0x64,0x12,0xFF,0xB0,0x64,0x12,0xFF,0xB0,0x64,0x12,0xFF,0xB0,0x64,0x12,0xFF,0xB0,0x64,0x12,0xFF,0xB0,0x64,0x12,0xFF,0xB0,0x64,0x12,0xFF,0xB0,0x64,0x12,0xFF,0xB0,0x64,0x12,0xFF,0xB0,0x64,0x12,0xFF,0xB0,0x64,0x12,0xFF,0xB0,0x64,0x12,0xFF,0xB0,0x64,0x12,0xFF,0xB0,0x64,0x12,0xFF,0xB0,0x64,0x12,0xFF,
    0xB0,0x64,0x12,0xFF,0xB0,0x64,0x12,0xFF,0xB0,0x64,0x12,0xFF,0xB0,0x64,0x12,0xFF,0xB0,0x64,0x12,0xFF,0xB0,0x64,0x12,0xFF,0xB0,0x64,0x12,0xFF,0xB0,0x64,0x12,0xFF,0xB0,0x64,0x12,0xFF,0xB0,0x64,0x12,0xFF,0xB0,0x64,0x12,0xFF,0xB0,0x64,0x12,0xFF,0xB0,0x64,0x12,0xFF,0xB0,0x64,0x12,0xFF,0xB0,0x64,0x12,0xFF,0xB0,0x64,0x12,0xFF,
    0xB0,0x64,0x12,0xFF,0xB0,0x64,0x12,0xFF,0xB0,0x64,0x12,0xFF,0xB0,0x64,0x12,0xFF,0xB0,0x64,0x12,0xFF,0xB0,0x64,0x12,0xFF,0xB0,0x64,0x12,0xFF,0xB0,0x64,0x12,0xFF,0xB0,0x64,0x12,0xFF,0xB0,0x64,0x12,0xFF,0xB0,0x64,0x12,0xFF,0xB0,0x64,0x12,0xFF,0xB0,0x64,0x12,0xFF,0xB0,0x64,0x12,0xFF,0xB0,0x64,0x12,0xFF,0xB0,0x64,0x12,0xFF,
    0xB0,0x64,0x12,0xFF,0xB0,0x64,0x12,0xFF,0xB0,0x64,0x12,0xFF,0xB0,0x64,0x12,0xFF,0xB0,0x64,0x12,0xFF,0xB0,0x64,0x12,0xFF,0xB0,0x64,0x12,0xFF,0xB0,0x64,0x12,0xFF,0xB0,0x64,0x12,0xFF,0xB0,0x64,0x12,0xFF,0xB0,0x64,0x12,0xFF,0xB0,0x64,0x12,0xFF,0xB0,0x64,0x12,0xFF,0xB0,0x64,0x12,0xFF,0xB0,0x64,0x12,0xFF,0xB0,0x64,0x12,0xFF,
    0xB0,0x64,0x12,0xFF,0xB0,0x64,0x12,0xFF,0xB0,0x64,0x12,0xFF,0xB0,0x64,0x12,0xFF,0xB0,0x64,0x12,0xFF,0xB0,0x64,0x12,0xFF,0xB0,0x64,0x12,0xFF,0xB0,0x64,0x12,0xFF,0xB0,0x64,0x12,0xFF,0xB0,0x64,0x12,0xFF,0xB0,0x64,0x12,0xFF,0xB0,0x64,0x12,0xFF,0xB0,0x64,0x12,0xFF,0xB0,0x64,0x12,0xFF,0xB0,0x64,0x12,0xFF,0xB0,0x64,0x12,0xFF,
    0xB0,0x64,0x12,0xFF,0xB0,0x64,0x12,0xFF,0xB0,0x64,0x12,0xFF,0xB0,0x64,0x12,0xFF,0xB0,0x64,0x12,0xFF,0xB0,0x64,0x12,0xFF,0xB0,0x64,0x12,0xFF,0xB0,0x64,0x12,0xFF,0xB0,0x64,0x12,0xFF,0xB0,0x64,0x12,0xFF,0xB0,0x64,0x12,0xFF,0xB0,0x64,0x12,0xFF,0xB0,0x64,0x12,0xFF,0xB0,0x64,0x12,0xFF,0xB0,0x64,0x12,0xFF,0xB0,0x64,0x12,0xFF,
    0xB0,0x64,0x12,0xFF,0xB0,0x64,0x12,0xFF,0xB0,0x64,0x12,0xFF,0xB0,0x64,0x12,0xFF,0xB0,0x64,0x12,0xFF,0xB0,0x64,0x12,0xFF,0xB0,0x64,0x12,0xFF,0xB0,0x64,0x12,0xFF,0xB0,0x64,0x12,0xFF,0xB0,0x64,0x12,0xFF,0xB0,0x64,0x12,0xFF,0xB0,0x64,0x12,0xFF,0xB0,0x64,0x12,0xFF,0xB0,0x64,0x12,0xFF,0xB0,0x64,0x12,0xFF,0xB0,0x64,0x12,0xFF,
    0xB0,0x64,0x12,0xFF,0xB0,0x64,0x12,0xFF,0xB0,0x64,0x12,0xFF,0xB0,0x64,0x12,0xFF,0xB0,0x64,0x12,0xFF,0xB0,0x64,0x12,0xFF,0xB0,0x64,0x12,0xFF,0xB0,0x64,0x12,0xFF,0xB0,0x64,0x12,0xFF,0xB0,0x64,0x12,0xFF,0xB0,0x64,0x12,0xFF,0xB0,0x64,0x12,0xFF,0xB0,0x64,0x12,0xFF,0xB0,0x64,0x12,0xFF,0xB0,0x64,0x12,0xFF,0xB0,0x64,0x12,0xFF,
    0xB0,0x64,0x12,0xFF,0xB0,0x64,0x12,0xFF,0xB0,0x64,0x12,0xFF,0xB0,0x64,0x12,0xFF,0xB0,0x64,0x12,0xFF,0xB0,0x64,0x12,0xFF,0xB0,0x64,0x12,0xFF,0xB0,0x64,0x12,0xFF,0xB0,0x64,0x12,0xFF,0xB0,0x64,0x12,0xFF,0xB0,0x64,0x12,0xFF,0xB0,0x64,0x12,0xFF,0xB0,0x64,0x12,0xFF,0xB0,0x64,0x12,0xFF,0xB0,0x64,0x12,0xFF,0xB0,0x64,0x12,0xFF,
    0xB0,0x64,0x12,0xFF,0xE0,0xC3,0xA3,0xFF,0xF1,0xE3,0xD5,0xB6,0x00,0x00,0x00,0x00,0x00,0x00,0x00,0x00,0xCE,0xA7,0x76,0x1A,0xF6,0xEF,0xE7,0xDC,0xE0,0xC3,0xA3,0xFF,0xB4,0x6D,0x1F,0xFF,0xB0,0x64,0x12,0xFF,0xB0,0x64,0x12,0xFF,0xB0,0x64,0x12,0xFF,0xB0,0x64,0x12,0xFF,0xB0,0x64,0x12,0xFF,0xB0,0x64,0x12,0xFF,0xB0,0x64,0x12,0xFF,
    0xB0,0x64,0x12,0xFF,0xB0,0x64,0x12,0xFF,0xB0,0x64,0x12,0xFF,0xB0,0x64,0x12,0xFF,0xB0,0x64,0x12,0xFF,0xB0,0x64,0x12,0xFF,0xB0,0x64,0x12,0xFF,0xB0,0x64,0x12,0xFF,0xB0,0x64,0x12,0xFF,0xB0,0x64,0x12,0xFF,0xB0,0x64,0x12,0xFF,0xB0,0x64,0x12,0xFF,0xB0,0x64,0x12,0xFF,0xB0,0x64,0x12,0xFF,0xB0,0x64,0x12,0xFF,0xB0,0x64,0x12,0xFF,
    0xB0,0x64,0x12,0xFF,0xB0,0x64,0x12,0xFF,0xB0,0x64,0x12,0xFF,0xB0,0x64,0x12,0xFF,0xB0,0x64,0x12,0xFF,0xB0,0x64,0x12,0xFF,0xB0,0x64,0x12,0xFF,0xB0,0x64,0x12,0xFF,0xB0,0x64,0x12,0xFF,0xB0,0x64,0x12,0xFF,0xB0,0x64,0x12,0xFF,0xB0,0x64,0x12,0xFF,0xB0,0x64,0x12,0xFF,0xB0,0x64,0x12,0xFF,0xB0,0x64,0x12,0xFF,0xB0,0x64,0x12,0xFF,
    0xB0,0x64,0x12,0xFF,0xB0,0x64,0x12,0xFF,0xB0,0x64,0x12,0xFF,0xB0,0x64,0x12,0xFF,0xB0,0x64,0x12,0xFF,0xB0,0x64,0x12,0xFF,0xB0,0x64,0x12,0xFF,0xB0,0x64,0x12,0xFF,0xB0,0x64,0x12,0xFF,0xB0,0x64,0x12,0xFF,0xB0,0x64,0x12,0xFF,0xB0,0x64,0x12,0xFF,0xB0,0x64,0x12,0xFF,0xB0,0x64,0x12,0xFF,0xB0,0x64,0x12,0xFF,0xB0,0x64,0x12,0xFF,
    0xB0,0x64,0x12,0xFF,0xB0,0x64,0x12,0xFF,0xB0,0x64,0x12,0xFF,0xB0,0x64,0x12,0xFF,0xB0,0x64,0x12,0xFF,0xB0,0x64,0x12,0xFF,0xB0,0x64,0x12,0xFF,0xB0,0x64,0x12,0xFF,0xB0,0x64,0x12,0xFF,0xB0,0x64,0x12,0xFF,0xB0,0x64,0x12,0xFF,0xB0,0x64,0x12,0xFF,0xB0,0x64,0x12,0xFF,0xB0,0x64,0x12,0xFF,0xB0,0x64,0x12,0xFF,0xB0,0x64,0x12,0xFF,
    0xB0,0x64,0x12,0xFF,0xB0,0x64,0x12,0xFF,0xB0,0x64,0x12,0xFF,0xB0,0x64,0x12,0xFF,0xB0,0x64,0x12,0xFF,0xB0,0x64,0x12,0xFF,0xB0,0x64,0x12,0xFF,0xB0,0x64,0x12,0xFF,0xB0,0x64,0x12,0xFF,0xB0,0x64,0x12,0xFF,0xB0,0x64,0x12,0xFF,0xB0,0x64,0x12,0xFF,0xB0,0x64,0x12,0xFF,0xB0,0x64,0x12,0xFF,0xB0,0x64,0x12,0xFF,0xB0,0x64,0x12,0xFF,
    0xB0,0x64,0x12,0xFF,0xB0,0x64,0x12,0xFF,0xB0,0x64,0x12,0xFF,0xB0,0x64,0x12,0xFF,0xB0,0x64,0x12,0xFF,0xB0,0x64,0x12,0xFF,0xB0,0x64,0x12,0xFF,0xB0,0x64,0x12,0xFF,0xB0,0x64,0x12,0xFF,0xB0,0x64,0x12,0xFF,0xB0,0x64,0x12,0xFF,0xB0,0x64,0x12,0xFF,0xB0,0x64,0x12,0xFF,0xB0,0x64,0x12,0xFF,0xB0,0x64,0x12,0xFF,0xB0,0x64,0x12,0xFF,
    0xB0,0x64,0x12,0xFF,0xB0,0x64,0x12,0xFF,0xB0,0x64,0x12,0xFF,0xB0,0x64,0x12,0xFF,0xB0,0x64,0x12,0xFF,0xB0,0x64,0x12,0xFF,0xB0,0x64,0x12,0xFF,0xB0,0x64,0x12,0xFF,0xB0,0x64,0x12,0xFF,0xB0,0x64,0x12,0xFF,0xB0,0x64,0x12,0xFF,0xB0,0x64,0x12,0xFF,0xB0,0x64,0x12,0xFF,0xB0,0x64,0x12,0xFF,0xB0,0x64,0x12,0xFF,0xB0,0x64,0x12,0xFF,
    0xB0,0x64,0x12,0xFF,0xB0,0x64,0x12,0xFF,0xB0,0x64,0x12,0xFF,0xB0,0x64,0x12,0xFF,0xB0,0x64,0x12,0xFF,0xB0,0x64,0x12,0xFF,0xB0,0x64,0x12,0xFF,0xB0,0x64,0x12,0xFF,0xB0,0x64,0x12,0xFF,0xB0,0x64,0x12,0xFF,0xB0,0x64,0x12,0xFF,0xB0,0x64,0x12,0xFF,0xB0,0x64,0x12,0xFF,0xB0,0x64,0x12,0xFF,0xB0,0x64,0x12,0xFF,0xB0,0x64,0x12,0xFF,
    0xB0,0x64,0x12,0xFF,0xB0,0x64,0x12,0xFF,0xB0,0x64,0x12,0xFF,0xB0,0x64,0x12,0xFF,0xB0,0x64,0x12,0xFF,0xB0,0x64,0x12,0xFF,0xB0,0x64,0x12,0xFF,0xB0,0x64,0x12,0xFF,0xB0,0x64,0x12,0xFF,0xB0,0x64,0x12,0xFF,0xB0,0x64,0x12,0xFF,0xB0,0x64,0x12,0xFF,0xB0,0x64,0x12,0xFF,0xB0,0x64,0x12,0xFF,0xB0,0x64,0x12,0xFF,0xB0,0x64,0x12,0xFF,
    0xB0,0x64,0x12,0xFF,0xB0,0x64,0x12,0xFF,0xB0,0x64,0x12,0xFF,0xB0,0x64,0x12,0xFF,0xB0,0x64,0x12,0xFF,0xB0,0x64,0x12,0xFF,0xB0,0x64,0x12,0xFF,0xB0,0x64,0x12,0xFF,0xB0,0x64,0x12,0xFF,0xB0,0x64,0x12,0xFF,0xB0,0x64,0x12,0xFF,0xB0,0x64,0x12,0xFF,0xB0,0x64,0x12,0xFF,0xB0,0x64,0x12,0xFF,0xB0,0x64,0x12,0xFF,0xB0,0x64,0x12,0xFF,
    0xB0,0x64,0x12,0xFF,0xB0,0x64,0x12,0xFF,0xB0,0x64,0x12,0xFF,0xB4,0x6D,0x1F,0xFF,0xE0,0xC3,0xA3,0xFF,0xF6,0xEF,0xE7,0xDC,0xCE,0xA7,0x76,0x1A,0x00,0x00,0x00,0x00,0x00,0x00,0x00,0x00,0x00,0x00,0x00,0x00,0xCE,0xA7,0x76,0x1A,0xF1,0xE3,0xD5,0xB6,0xF7,0xEF,0xE6,0xFF,0xD5,0xAD,0x81,0xFF,0xBD,0x7E,0x3A,0xFF,0xB1,0x67,0x17,0xFF,
    0xB0,0x64,0x12,0xFF,0xB0,0x64,0x12,0xFF,0xB0,0x64,0x12,0xFF,0xB0,0x64,0x12,0xFF,0xB0,0x64,0x12,0xFF,0xB0,0x64,0x12,0xFF,0xB0,0x64,0x12,0xFF,0xB0,0x64,0x12,0xFF,0xB0,0x64,0x12,0xFF,0xB0,0x64,0x12,0xFF,0xB0,0x64,0x12,0xFF,0xB0,0x64,0x12,0xFF,0xB0,0x64,0x12,0xFF,0xB0,0x64,0x12,0xFF,0xB0,0x64,0x12,0xFF,0xB0,0x64,0x12,0xFF,
    0xB0,0x64,0x12,0xFF,0xB0,0x64,0x12,0xFF,0xB0,0x64,0x12,0xFF,0xB0,0x64,0x12,0xFF,0xB0,0x64,0x12,0xFF,0xB0,0x64,0x12,0xFF,0xB0,0x64,0x12,0xFF,0xB0,0x64,0x12,0xFF,0xB0,0x64,0x12,0xFF,0xB0,0x64,0x12,0xFF,0xB0,0x64,0x12,0xFF,0xB0,0x64,0x12,0xFF,0xB0,0x64,0x12,0xFF,0xB0,0x64,0x12,0xFF,0xB0,0x64,0x12,0xFF,0xB0,0x64,0x12,0xFF,
    0xB0,0x64,0x12,0xFF,0xB0,0x64,0x12,0xFF,0xB0,0x64,0x12,0xFF,0xB0,0x64,0x12,0xFF,0xB0,0x64,0x12,0xFF,0xB0,0x64,0x12,0xFF,0xB0,0x64,0x12,0xFF,0xB0,0x64,0x12,0xFF,0xB0,0x64,0x12,0xFF,0xB0,0x64,0x12,0xFF,0xB0,0x64,0x12,0xFF,0xB0,0x64,0x12,0xFF,0xB0,0x64,0x12,0xFF,0xB0,0x64,0x12,0xFF,0xB0,0x64,0x12,0xFF,0xB0,0x64,0x12,0xFF,
    0xB0,0x64,0x12,0xFF,0xB0,0x64,0x12,0xFF,0xB0,0x64,0x12,0xFF,0xB0,0x64,0x12,0xFF,0xB0,0x64,0x12,0xFF,0xB0,0x64,0x12,0xFF,0xB0,0x64,0x12,0xFF,0xB0,0x64,0x12,0xFF,0xB0,0x64,0x12,0xFF,0xB0,0x64,0x12,0xFF,0xB0,0x64,0x12,0xFF,0xB0,0x64,0x12,0xFF,0xB0,0x64,0x12,0xFF,0xB0,0x64,0x12,0xFF,0xB0,0x64,0x12,0xFF,0xB0,0x64,0x12,0xFF,
    0xB0,0x64,0x12,0xFF,0xB0,0x64,0x12,0xFF,0xB0,0x64,0x12,0xFF,0xB0,0x64,0x12,0xFF,0xB0,0x64,0x12,0xFF,0xB0,0x64,0x12,0xFF,0xB0,0x64,0x12,0xFF,0xB0,0x64,0x12,0xFF,0xB0,0x64,0x12,0xFF,0xB0,0x64,0x12,0xFF,0xB0,0x64,0x12,0xFF,0xB0,0x64,0x12,0xFF,0xB0,0x64,0x12,0xFF,0xB0,0x64,0x12,0xFF,0xB0,0x64,0x12,0xFF,0xB0,0x64,0x12,0xFF,
    0xB0,0x64,0x12,0xFF,0xB0,0x64,0x12,0xFF,0xB0,0x64,0x12,0xFF,0xB0,0x64,0x12,0xFF,0xB0,0x64,0x12,0xFF,0xB0,0x64,0x12,0xFF,0xB0,0x64,0x12,0xFF,0xB0,0x64,0x12,0xFF,0xB0,0x64,0x12,0xFF,0xB0,0x64,0x12,0xFF,0xB0,0x64,0x12,0xFF,0xB0,0x64,0x12,0xFF,0xB0,0x64,0x12,0xFF,0xB0,0x64,0x12,0xFF,0xB0,0x64,0x12,0xFF,0xB0,0x64,0x12,0xFF,
    0xB0,0x64,0x12,0xFF,0xB0,0x64,0x12,0xFF,0xB0,0x64,0x12,0xFF,0xB0,0x64,0x12,0xFF,0xB0,0x64,0x12,0xFF,0xB0,0x64,0x12,0xFF,0xB0,0x64,0x12,0xFF,0xB0,0x64,0x12,0xFF,0xB0,0x64,0x12,0xFF,0xB0,0x64,0x12,0xFF,0xB0,0x64,0x12,0xFF,0xB0,0x64,0x12,0xFF,0xB0,0x64,0x12,0xFF,0xB0,0x64,0x12,0xFF,0xB0,0x64,0x12,0xFF,0xB0,0x64,0x12,0xFF,
    0xB0,0x64,0x12,0xFF,0xB0,0x64,0x12,0xFF,0xB0,0x64,0x12,0xFF,0xB0,0x64,0x12,0xFF,0xB0,0x64,0x12,0xFF,0xB0,0x64,0x12,0xFF,0xB0,0x64,0x12,0xFF,0xB0,0x64,0x12,0xFF,0xB0,0x64,0x12,0xFF,0xB0,0x64,0x12,0xFF,0xB0,0x64,0x12,0xFF,0xB0,0x64,0x12,0xFF,0xB0,0x64,0x12,0xFF,0xB0,0x64,0x12,0xFF,0xB0,0x64,0x12,0xFF,0xB0,0x64,0x12,0xFF,
    0xB0,0x64,0x12,0xFF,0xB0,0x64,0x12,0xFF,0xB0,0x64,0x12,0xFF,0xB0,0x64,0x12,0xFF,0xB0,0x64,0x12,0xFF,0xB0,0x64,0x12,0xFF,0xB0,0x64,0x12,0xFF,0xB0,0x64,0x12,0xFF,0xB0,0x64,0x12,0xFF,0xB0,0x64,0x12,0xFF,0xB0,0x64,0x12,0xFF,0xB0,0x64,0x12,0xFF,0xB0,0x64,0x12,0xFF,0xB0,0x64,0x12,0xFF,0xB0,0x64,0x12,0xFF,0xB0,0x64,0x12,0xFF,
    0xB0,0x64,0x12,0xFF,0xB0,0x64,0x12,0xFF,0xB0,0x64,0x12,0xFF,0xB0,0x64,0x12,0xFF,0xB0,0x64,0x12,0xFF,0xB0,0x64,0x12,0xFF,0xB0,0x64,0x12,0xFF,0xB0,0x64,0x12,0xFF,0xB0,0x64,0x12,0xFF,0xB0,0x64,0x12,0xFF,0xB0,0x64,0x12,0xFF,0xB0,0x64,0x12,0xFF,0xB0,0x64,0x12,0xFF,0xB0,0x64,0x12,0xFF,0xB0,0x64,0x12,0xFF,0xB0,0x64,0x12,0xFF,
    0xB0,0x64,0x12,0xFF,0xB0,0x64,0x12,0xFF,0xB0,0x64,0x12,0xFF,0xB0,0x64,0x12,0xFF,0xB1,0x67,0x17,0xFF,0xBD,0x7E,0x3A,0xFF,0xD5,0xAD,0x81,0xFF,0xF7,0xEF,0xE6,0xFF,0xF1,0xE3,0xD5,0xB6,0xCE,0xA7,0x76,0x1A,0x00,0x00,0x00,0x00,0x00,0x00,0x00,0x00,0x00,0x00,0x00,0x00,0x00,0x00,0x00,0x00,0x00,0x00,0x00,0x00,0x00,0x00,0x00,0x00,
    0xE2,0xC7,0xAA,0x4E,0xF4,0xEA,0xDE,0xB2,0xF7,0xEF,0xE7,0xF2,0xFD,0xFC,0xFA,0xFF,0xFE,0xFE,0xFE,0xFF,0xFE,0xFE,0xFE,0xFF,0xFE,0xFE,0xFE,0xFF,0xFE,0xFE,0xFE,0xFF,0xFE,0xFE,0xFE,0xFF,0xFE,0xFE,0xFE,0xFF,0xFE,0xFE,0xFE,0xFF,0xFE,0xFE,0xFE,0xFF,0xFE,0xFE,0xFE,0xFF,0xFE,0xFE,0xFE,0xFF,0xFE,0xFE,0xFE,0xFF,0xFE,0xFE,0xFE,0xFF,
    0xFE,0xFE,0xFE,0xFF,0xFE,0xFE,0xFE,0xFF,0xFE,0xFE,0xFE,0xFF,0xFE,0xFE,0xFE,0xFF,0xFE,0xFE,0xFE,0xFF,0xFE,0xFE,0xFE,0xFF,0xFE,0xFE,0xFE,0xFF,0xFE,0xFE,0xFE,0xFF,0xFE,0xFE,0xFE,0xFF,0xFE,0xFE,0xFE,0xFF,0xFE,0xFE,0xFE,0xFF,0xFE,0xFE,0xFE,0xFF,0xFE,0xFE,0xFE,0xFF,0xFE,0xFE,0xFE,0xFF,0xFE,0xFE,0xFE,0xFF,0xFE,0xFE,0xFE,0xFF,
    0xFE,0xFE,0xFE,0xFF,0xFE,0xFE,0xFE,0xFF,0xFE,0xFE,0xFE,0xFF,0xFE,0xFE,0xFE,0xFF,0xFE,0xFE,0xFE,0xFF,0xFE,0xFE,0xFE,0xFF,0xFE,0xFE,0xFE,0xFF,0xFE,0xFE,0xFE,0xFF,0xFE,0xFE,0xFE,0xFF,0xFE,0xFE,0xFE,0xFF,0xFE,0xFE,0xFE,0xFF,0xFE,0xFE,0xFE,0xFF,0xFE,0xFE,0xFE,0xFF,0xFE,0xFE,0xFE,0xFF,0xFE,0xFE,0xFE,0xFF,0xFE,0xFE,0xFE,0xFF,
    0xFE,0xFE,0xFE,0xFF,0xFE,0xFE,0xFE,0xFF,0xFE,0xFE,0xFE,0xFF,0xFE,0xFE,0xFE,0xFF,0xFE,0xFE,0xFE,0xFF,0xFE,0xFE,0xFE,0xFF,0xFE,0xFE,0xFE,0xFF,0xFE,0xFE,0xFE,0xFF,0xFE,0xFE,0xFE,0xFF,0xFE,0xFE,0xFE,0xFF,0xFE,0xFE,0xFE,0xFF,0xFE,0xFE,0xFE,0xFF,0xFE,0xFE,0xFE,0xFF,0xFE,0xFE,0xFE,0xFF,0xFE,0xFE,0xFE,0xFF,0xFE,0xFE,0xFE,0xFF,
    0xFE,0xFE,0xFE,0xFF,0xFE,0xFE,0xFE,0xFF,0xFE,0xFE,0xFE,0xFF,0xFE,0xFE,0xFE,0xFF,0xFE,0xFE,0xFE,0xFF,0xFE,0xFE,0xFE,0xFF,0xFE,0xFE,0xFE,0xFF,0xFE,0xFE,0xFE,0xFF,0xFE,0xFE,0xFE,0xFF,0xFE,0xFE,0xFE,0xFF,0xFE,0xFE,0xFE,0xFF,0xFE,0xFE,0xFE,0xFF,0xFE,0xFE,0xFE,0xFF,0xFE,0xFE,0xFE,0xFF,0xFE,0xFE,0xFE,0xFF,0xFE,0xFE,0xFE,0xFF,
    0xFE,0xFE,0xFE,0xFF,0xFE,0xFE,0xFE,0xFF,0xFE,0xFE,0xFE,0xFF,0xFE,0xFE,0xFE,0xFF,0xFE,0xFE,0xFE,0xFF,0xFE,0xFE,0xFE,0xFF,0xFE,0xFE,0xFE,0xFF,0xFE,0xFE,0xFE,0xFF,0xFE,0xFE,0xFE,0xFF,0xFE,0xFE,0xFE,0xFF,0xFE,0xFE,0xFE,0xFF,0xFE,0xFE,0xFE,0xFF,0xFE,0xFE,0xFE,0xFF,0xFE,0xFE,0xFE,0xFF,0xFE,0xFE,0xFE,0xFF,0xFE,0xFE,0xFE,0xFF,
    0xFE,0xFE,0xFE,0xFF,0xFE,0xFE,0xFE,0xFF,0xFE,0xFE,0xFE,0xFF,0xFE,0xFE,0xFE,0xFF,0xFE,0xFE,0xFE,0xFF,0xFE,0xFE,0xFE,0xFF,0xFE,0xFE,0xFE,0xFF,0xFE,0xFE,0xFE,0xFF,0xFE,0xFE,0xFE,0xFF,0xFE,0xFE,0xFE,0xFF,0xFE,0xFE,0xFE,0xFF,0xFE,0xFE,0xFE,0xFF,0xFE,0xFE,0xFE,0xFF,0xFE,0xFE,0xFE,0xFF,0xFE,0xFE,0xFE,0xFF,0xFE,0xFE,0xFE,0xFF,
    0xFE,0xFE,0xFE,0xFF,0xFE,0xFE,0xFE,0xFF,0xFE,0xFE,0xFE,0xFF,0xFE,0xFE,0xFE,0xFF,0xFE,0xFE,0xFE,0xFF,0xFE,0xFE,0xFE,0xFF,0xFE,0xFE,0xFE,0xFF,0xFE,0xFE,0xFE,0xFF,0xFE,0xFE,0xFE,0xFF,0xFE,0xFE,0xFE,0xFF,0xFE,0xFE,0xFE,0xFF,0xFE,0xFE,0xFE,0xFF,0xFE,0xFE,0xFE,0xFF,0xFE,0xFE,0xFE,0xFF,0xFE,0xFE,0xFE,0xFF,0xFE,0xFE,0xFE,0xFF,
    0xFE,0xFE,0xFE,0xFF,0xFE,0xFE,0xFE,0xFF,0xFE,0xFE,0xFE,0xFF,0xFE,0xFE,0xFE,0xFF,0xFE,0xFE,0xFE,0xFF,0xFE,0xFE,0xFE,0xFF,0xFE,0xFE,0xFE,0xFF,0xFE,0xFE,0xFE,0xFF,0xFE,0xFE,0xFE,0xFF,0xFE,0xFE,0xFE,0xFF,0xFE,0xFE,0xFE,0xFF,0xFE,0xFE,0xFE,0xFF,0xFE,0xFE,0xFE,0xFF,0xFE,0xFE,0xFE,0xFF,0xFE,0xFE,0xFE,0xFF,0xFE,0xFE,0xFE,0xFF,
    0xFE,0xFE,0xFE,0xFF,0xFE,0xFE,0xFE,0xFF,0xFE,0xFE,0xFE,0xFF,0xFE,0xFE,0xFE,0xFF,0xFE,0xFE,0xFE,0xFF,0xFE,0xFE,0xFE,0xFF,0xFE,0xFE,0xFE,0xFF,0xFE,0xFE,0xFE,0xFF,0xFE,0xFE,0xFE,0xFF,0xFE,0xFE,0xFE,0xFF,0xFE,0xFE,0xFE,0xFF,0xFE,0xFE,0xFE,0xFF,0xFE,0xFE,0xFE,0xFF,0xFE,0xFE,0xFE,0xFF,0xFE,0xFE,0xFE,0xFF,0xFE,0xFE,0xFE,0xFF,
    0xFE,0xFE,0xFE,0xFF,0xFE,0xFE,0xFE,0xFF,0xFE,0xFE,0xFE,0xFF,0xFE,0xFE,0xFE,0xFF,0xFE,0xFE,0xFE,0xFF,0xFE,0xFE,0xFE,0xFF,0xFE,0xFE,0xFE,0xFF,0xFE,0xFE,0xFE,0xFF,0xFD,0xFC,0xFA,0xFF,0xF7,0xEF,0xE7,0xF2,0xF4,0xEA,0xDE,0xB2,0xE2,0xC7,0xAA,0x4E,0x00,0x00,0x00,0x00,0x00,0x00,0x00,0x00,0x00,0x00,0x00,0x00,0x00,0x00,0x00,0x00
};

const lv_image_dsc_t ui_img_pop_up_btn_p_png = {
    .header.w = 180,
    .header.h = 60,
    .data_size = sizeof(ui_img_pop_up_btn_p_png_data),
    .header.cf = LV_COLOR_FORMAT_NATIVE_WITH_ALPHA,
    .header.magic = LV_IMAGE_HEADER_MAGIC,
    .data = ui_img_pop_up_btn_p_png_data
};
