// Auto-generated from list_bg_p.png by convert_dvr_images.py
// LVGL version: 9.2.2   Image: 600x60 ARGB8888

#include "../ui.h"

#ifndef LV_ATTRIBUTE_MEM_ALIGN
    #define LV_ATTRIBUTE_MEM_ALIGN
#endif

// IMAGE DATA: list_bg_p.png
const LV_ATTRIBUTE_MEM_ALIGN uint8_t ui_img_list_bg_p_png_data[] = {
    0x00,0x00,0x00,0x00,0x00,0x00,0x00,0x00,0x00,0x00,0x00,0x00,0x00,0x00,0x00,0x00,0x00,0x00,0x00,0x00,0xAA,0x66,0x11,0x0F,0xAF,0x64,0x11,0x59,0xB0,0x63,0x11,0xB1,0xB0,0x64,0x12,0xDE,0xB0,0x64,0x12,0xFA,0xB0,0x64,0x12,0xFF,0xB0,0x64,0x12,0xFF,0xB0,0x64,0x12,0xFF,0xB0,0x64,0x12,0xFF,0xB0,0x64,0x12,0xFF,0xB0,0x64,0x12,0xFF,
    0xB0,0x64,0x12,0xFF,0xB0,0x64,0x12,0xFF,0xB0,0x64,0x12,0xFF,0xB0,0x64,0x12,0xFF,0xB0,0x64,0x12,0xFF,0xB0,0x64,0x12,0xFF,0xB0,0x64,0x12,0xFF,0xB0,0x64,0x12,0xFF,0xB0,0x64,0x12,0xFF,0xB0,0x64,0x12,0xFF,0xB0,0x64,0x12,0xFF,0xB0,0x64,0x12,0xFF,0xB0,0x64,0x12,0xFF,0xB0,0x64,0x12,0xFF,0xB0,0x64,0x12,0xFF,0xB0,0x64,0x12,0xFF,
    0xB0,0x64,0x12,0xFF,0xB0,0x64,0x12,0xFF,0xB0,0x64,0x12,0xFF,0xB0,0x64,0x12,0xFF,0xB0,0x64,0x12,0xFF,0xB0,0x64,0x12,0xFF,0xB0,0x64,0x12,0xFF,0xB0,0x64,0x12,0xFF,0xB0,0x64,0x12,0xFF,0xB0,0x64,0x12,0xFF,0xB0,0x64,0x12,0xFF,0xB0,0x64,0x12,0xFF,0xB0,0x64,0x12,0xFF,0xB0,0x64,0x12,0xFF,0xB0,0x64,0x12,0xFF,0xB0,0x64,0x12,0xFF,
    0xB0,0x64,0x12,0xFF,0xB0,0x64,0x12,0xFF,0xB0,0x64,0x12,0xFF,0xB0,0x64,0x12,0xFF,0xB0,0x64,0x12,0xFF,0xB0,0x64,0x12,0xFF,0xB0,0x64,0x12,0xFF,0xB0,0x64,0x12,0xFF,0xB0,0x64,0x12,0xFF,0xB0,0x64,0x12,0xFF,0xB0,0x64,0x12,0xFF,0xB0,0x64,0x12,0xFF,0xB0,0x64,0x12,0xFF,0xB0,0x64,0x12,0xFF,0xB0,0x64,0x12,0xFF,0xB0,0x64,0x12,0xFF,
    0xB0,0x64,0x12,0xFF,0xB0,0x64,0x12,0xFF,0xB0,0x64,0x12,0xFF,0xB0,0x64,0x12,0xFF,0xB0,0x64,0x12,0xFF,0xB0,0x64,0x12,0xFF,0xB0,0x64,0x12,0xFF,0xB0,0x64,0x12,0xFF,0xB0,0x64,0x12,0xFF,0xB0,0x64,0x12,0xFF,0xB0,0x64,0x12,0xFF,0xB0,0x64,0x12,0xFF,0xB0,0x64,0x12,0xFF,0xB0,0x64,0x12,0xFF,0xB0,0x64,0x12,0xFF,0xB0,0x64,0x12,0xFF,
    0xB0,0x64,0x12,0xFF,0xB0,0x64,0x12,0xFF,0xB0,0x64,0x12,0xFF,0xB0,0x64,0x12,0xFF,0xB0,0x64,0x12,0xFF,0xB0,0x64,0x12,0xFF,0xB0,0x64,0x12,0xFF,0xB0,0x64,0x12,0xFF,0xB0,0x64,0x12,0xFF,0xB0,0x64,0x12,0xFF,0xB0,0x64,0x12,0xFF,0xB0,0x64,0x12,0xFF,0xB0,0x64,0x12,0xFF,0xB0,0x64,0x12,0xFF,0xB0,0x64,0x12,0xFF,0xB0,0x64,0x12,0xFF,
    0xB0,0x64,0x12,0xFF,0xB0,0x64,0x12,0xFF,0xB0,0x64,0x12,0xFF,0xB0,0x64,0x12,0xFF,0xB0,0x64,0x12,0xFF,0xB0,0x64,0x12,0xFF,0xB0,0x64,0x12,0xFF,0xB0,0x64,0x12,0xFF,0xB0,0x64,0x12,0xFF,0xB0,0x64,0x12,0xFF,0xB0,0x64,0x12,0xFF,0xB0,0x64,0x12,0xFF,0xB0,0x64,0x12,0xFF,0xB0,0x64,0x12,0xFF,0xB0,0x64,0x12,0xFF,0xB0,0x64,0x12,0xFF,
    0xB0,0x64,0x12,0xFF,0xB0,0x64,0x12,0xFF,0xB0,0x64,0x12,0xFF,0xB0,0x64,0x12,0xFF,0xB0,0x64,0x12,0xFF,0xB0,0x64,0x12,0xFF,0xB0,0x64,0x12,0xFF,0xB0,0x64,0x12,0xFF,0xB0,0x64,0x12,0xFF,0xB0,0x64,0x12,0xFF,0xB0,0x64,0x12,0xFF,0xB0,0x64,0x12,0xFF,0xB0,0x64,0x12,0xFF,0xB0,0x64,0x12,0xFF,0xB0,0x64,0x12,0xFF,0xB0,0x64,0x12,0xFF,
    0xB0,0x64,0x12,0xFF,0xB0,0x64,0x12,0xFF,0xB0,0x64,0x12,0xFF,0xB0,0x64,0x12,0xFF,0xB0,0x64,0x12,0xFF,0xB0,0x64,0x12,0xFF,0xB0,0x64,0x12,0xFF,0xB0,0x64,0x12,0xFF,0xB0,0x64,0x12,0xFF,0xB0,0x64,0x12,0xFF,0xB0,0x64,0x12,0xFF,0xB0,0x64,0x12,0xFF,0xB0,0x64,0x12,0xFF,0xB0,0x64,0x12,0xFF,0xB0,0x64,0x12,0xFF,0xB0,0x64,0x12,0xFF,
    0xB0,0x64,0x12,0xFF,0xB0,0x64,0x12,0xFF,0xB0,0x64,0x12,0xFF,0xB0,0x64,0x12,0xFF,0xB0,0x64,0x12,0xFF,0xB0,0x64,0x12,0xFF,0xB0,0x64,0x12,0xFF,0xB0,0x64,0x12,0xFF,0xB0,0x64,0x12,0xFF,0xB0,0x64,0x12,0xFF,0xB0,0x64,0x12,0xFF,0xB0,0x64,0x12,0xFF,0xB0,0x64,0x12,0xFF,0xB0,0x64,0x12,0xFF,0xB0,0x64,0x12,0xFF,0xB0,0x64,0x12,0xFF,
    0xB0,0x64,0x12,0xFF,0xB0,0x64,0x12,0xFF,0xB0,0x64,0x12,0xFF,0xB0,0x64,0x12,0xFF,0xB0,0x64,0x12,0xFF,0xB0,0x64,0x12,0xFF,0xB0,0x64,0x12,0xFF,0xB0,0x64,0x12,0xFF,0xB0,0x64,0x12,0xFF,0xB0,0x64,0x12,0xFF,0xB0,0x64,0x12,0xFF,0xB0,0x64,0x12,0xFF,0xB0,0x64,0x12,0xFF,0xB0,0x64,0x12,0xFF,0xB0,0x64,0x12,0xFF,0xB0,0x64,0x12,0xFF,
    0xB0,0x64,0x12,0xFF,0xB0,0x64,0x12,0xFF,0xB0,0x64,0x12,0xFF,0xB0,0x64,0x12,0xFF,0xB0,0x64,0x12,0xFF,0xB0,0x64,0x12,0xFF,0xB0,0x64,0x12,0xFF,0xB0,0x64,0x12,0xFF,0xB0,0x64,0x12,0xFF,0xB0,0x64,0x12,0xFF,0xB0,0x64,0x12,0xFF,0xB0,0x64,0x12,0xFF,0xB0,0x64,0x12,0xFF,0xB0,0x64,0x12,0xFF,0xB0,0x64,0x12,0xFF,0xB0,0x64,0x12,0xFF,
    0xB0,0x64,0x12,0xFF,0xB0,0x64,0x12,0xFF,0xB0,0x64,0x12,0xFF,0xB0,0x64,0x12,0xFF,0xB0,0x64,0x12,0xFF,0xB0,0x64,0x12,0xFF,0xB0,0x64,0x12,0xFF,0xB0,0x64,0x12,0xFF,0xB0,0x64,0x12,0xFF,0xB0,0x64,0x12,0xFF,0xB0,0x64,0x12,0xFF,0xB0,0x64,0x12,0xFF,0xB0,0x64,0x12,0xFF,0xB0,0x64,0x12,0xFF,0xB0,0x64,0x12,0xFF,0xB0,0x64,0x12,0xFF,
    0xB0,0x64,0x12,0xFF,0xB0,0x64,0x12,0xFF,0xB0,0x64,0x12,0xFF,0xB0,0x64,0x12,0xFF,0xB0,0x64,0x12,0xFF,0xB0,0x64,0x12,0xFF,0xB0,0x64,0x12,0xFF,0xB0,0x64,0x12,0xFF,0xB0,0x64,0x12,0xFF,0xB0,0x64,0x12,0xFF,0xB0,0x64,0x12,0xFF,0xB0,0x64,0x12,0xFF,0xB0,0x64,0x12,0xFF,0xB0,0x64,0x12,0xFF,0xB0,0x64,0x12,0xFF,0xB0,0x64,0x12,0xFF,
    0xB0,0x64,0x12,0xFF,0xB0,0x64,0x12,0xFF,0xB0,0x64,0x12,0xFF,0xB0,0x64,0x12,0xFF,0xB0,0x64,0x12,0xFF,0xB0,0x64,0x12,0xFF,0xB0,0x64,0x12,0xFF,0xB0,0x64,0x12,0xFF,0xB0,0x64,0x12,0xFF,0xB0,0x64,0x12,0xFF,0xB0,0x64,0x12,0xFF,0xB0,0x64,0x12,0xFF,0xB0,0x64,0x12,0xFF,0xB0,0x64,0x12,0xFF,0xB0,0x64,0x12,0xFF,0xB0,0x64,0x12,0xFF,
    0xB0,0x64,0x12,0xFF,0xB0,0x64,0x12,0xFF,0xB0,0x64,0x12,0xFF,0xB0,0x64,0x12,0xFF,0xB0,0x64,0x12,0xFF,0xB0,0x64,0x12,0xFF,0xB0,0x64,0x12,0xFF,0xB0,0x64,0x12,0xFF,0xB0,0x64,0x12,0xFF,0xB0,0x64,0x12,0xFF,0xB0,0x64,0x12,0xFF,0xB0,0x64,0x12,0xFF,0xB0,0x64,0x12,0xFF,0xB0,0x64,0x12,0xFF,0xB0,0x64,0x12,0xFF,0xB0,0x64,0x12,0xFF,
    0xB0,0x64,0x12,0xFF,0xB0,0x64,0x12,0xFF,0xB0,0x64,0x12,0xFF,0xB0,0x64,0x12,0xFF,0xB0,0x64,0x12,0xFF,0xB0,0x64,0x12,0xFF,0xB0,0x64,0x12,0xFF,0xB0,0x64,0x12,0xFF,0xB0,0x64,0x12,0xFF,0xB0,0x64,0x12,0xFF,0xB0,0x64,0x12,0xFF,0xB0,0x64,0x12,0xFF,0xB0,0x64,0x12,0xFF,0xB0,0x64,0x12,0xFF,0xB0,0x64,0x12,0xFF,0xB0,0x64,0x12,0xFF,
    0xB0,0x64,0x12,0xFF,0xB0,0x64,0x12,0xFF,0xB0,0x64,0x12,0xFF,0xB0,0x64,0x12,0xFF,0xB0,0x64,0x12,0xFF,0xB0,0x64,0x12,0xFF,0xB0,0x64,0x12,0xFF,0xB0,0x64,0x12,0xFF,0xB0,0x64,0x12,0xFF,0xB0,0x64,0x12,0xFF,0xB0,0x64,0x12,0xFF,0xB0,0x64,0x12,0xFF,0xB0,0x64,0x12,0xFF,0xB0,0x64,0x12,0xFF,0xB0,0x64,0x12,0xFF,0xB0,0x64,0x12,0xFF,
    0xB0,0x64,0x12,0xFF,0xB0,0x64,0x12,0xFF,0xB0,0x64,0x12,0xFF,0xB0,0x64,0x12,0xFF,0xB0,0x64,0x12,0xFF,0xB0,0x64,0x12,0xFF,0xB0,0x64,0x12,0xFF,0xB0,0x64,0x12,0xFF,0xB0,0x64,0x12,0xFF,0xB0,0x64,0x12,0xFF,0xB0,0x64,0x12,0xFF,0xB0,0x64,0x12,0xFF,0xB0,0x64,0x12,0xFF,0xB0,0x64,0x12,0xFF,0xB0,0x64,0x12,0xFF,0xB0,0x64,0x12,0xFF,
    0xB0,0x64,0x12,0xFF,0xB0,0x64,0x12,0xFF,0xB0,0x64,0x12,0xFF,0xB0,0x64,0x12,0xFF,0xB0,0x64,0x12,0xFF,0xB0,0x64,0x12,0xFF,0xB0,0x64,0x12,0xFF,0xB0,0x64,0x12,0xFF,0xB0,0x64,0x12,0xFF,0xB0,0x64,0x12,0xFF,0xB0,0x64,0x12,0xFF,0xB0,0x64,0x12,0xFF,0xB0,0x64,0x12,0xFF,0xB0,0x64,0x12,0xFF,0xB0,0x64,0x12,0xFF,0xB0,0x64,0x12,0xFF,
    0xB0,0x64,0x12,0xFF,0xB0,0x64,0x12,0xFF,0xB0,0x64,0x12,0xFF,0xB0,0x64,0x12,0xFF,0xB0,0x64,0x12,0xFF,0xB0,0x64,0x12,0xFF,0xB0,0x64,0x12,0xFF,0xB0,0x64,0x12,0xFF,0xB0,0x64,0x12,0xFF,0xB0,0x64,0x12,0xFF,0xB0,0x64,0x12,0xFF,0xB0,0x64,0x12,0xFF,0xB0,0x64,0x12,0xFF,0xB0,0x64,0x12,0xFF,0xB0,0x64,0x12,0xFF,0xB0,0x64,0x12,0xFF,
    0xB0,0x64,0x12,0xFF,0xB0,0x64,0x12,0xFF,0xB0,0x64,0x12,0xFF,0xB0,0x64,0x12,0xFF,0xB0,0x64,0x12,0xFF,0xB0,0x64,0x12,0xFF,0xB0,0x64,0x12,0xFF,0xB0,0x64,0x12,0xFF,0xB0,0x64,0x12,0xFF,0xB0,0x64,0x12,0xFF,0xB0,0x64,0x12,0xFF,0xB0,0x64,0x12,0xFF,0xB0,0x64,0x12,0xFF,0xB0,0x64,0x12,0xFF,0xB0,0x64,0x12,0xFF,0xB0,0x64,0x12,0xFF,
    0xB0,0x64,0x12,0xFF,0xB0,0x64,0x12,0xFF,0xB0,0x64,0x12,0xFF,0xB0,0x64,0x12,0xFF,0xB0,0x64,0x12,0xFF,0xB0,0x64,0x12,0xFF,0xB0,0x64,0x12,0xFF,0xB0,0x64,0x12,0xFF,0xB0,0x64,0x12,0xFF,0xB0,0x64,0x12,0xFF,0xB0,0x64,0x12,0xFF,0xB0,0x64,0x12,0xFF,0xB0,0x64,0x12,0xFF,0xB0,0x64,0x12,0xFF,0xB0,0x64,0x12,0xFF,0xB0,0x64,0x12,0xFF,
    0xB0,0x64,0x12,0xFF,0xB0,0x64,0x12,0xFF,0xB0,0x64,0x12,0xFF,0xB0,0x64,0x12,0xFF,0xB0,0x64,0x12,0xFF,0xB0,0x64,0x12,0xFF,0xB0,0x64,0x12,0xFF,0xB0,0x64,0x12,0xFF,0xB0,0x64,0x12,0xFF,0xB0,0x64,0x12,0xFF,0xB0,0x64,0x12,0xFF,0xB0,0x64,0x12,0xFF,0xB0,0x64,0x12,0xFF,0xB0,0x64,0x12,0xFF,0xB0,0x64,0x12,0xFF,0xB0,0x64,0x12,0xFF,
    0xB0,0x64,0x12,0xFF,0xB0,0x64,0x12,0xFF,0xB0,0x64,0x12,0xFF,0xB0,0x64,0x12,0xFF,0xB0,0x64,0x12,0xFF,0xB0,0x64,0x12,0xFF,0xB0,0x64,0x12,0xFF,0xB0,0x64,0x12,0xFF,0xB0,0x64,0x12,0xFF,0xB0,0x64,0x12,0xFF,0xB0,0x64,0x12,0xFF,0xB0,0x64,0x12,0xFF,0xB0,0x64,0x12,0xFF,0xB0,0x64,0x12,0xFF,0xB0,0x64,0x12,0xFF,0xB0,0x64,0x12,0xFF,
    0xB0,0x64,0x12,0xFF,0xB0,0x64,0x12,0xFF,0xB0,0x64,0x12,0xFF,0xB0,0x64,0x12,0xFF,0xB0,0x64,0x12,0xFF,0xB0,0x64,0x12,0xFF,0xB0,0x64,0x12,0xFF,0xB0,0x64,0x12,0xFF,0xB0,0x64,0x12,0xFF,0xB0,0x64,0x12,0xFF,0xB0,0x64,0x12,0xFF,0xB0,0x64,0x12,0xFF,0xB0,0x64,0x12,0xFF,0xB0,0x64,0x12,0xFF,0xB0,0x64,0x12,0xFF,0xB0,0x64,0x12,0xFF,
    0xB0,0x64,0x12,0xFF,0xB0,0x64,0x12,0xFF,0xB0,0x64,0x12,0xFF,0xB0,0x64,0x12,0xFF,0xB0,0x64,0x12,0xFF,0xB0,0x64,0x12,0xFF,0xB0,0x64,0x12,0xFF,0xB0,0x64,0x12,0xFF,0xB0,0x64,0x12,0xFF,0xB0,0x64,0x12,0xFF,0xB0,0x64,0x12,0xFF,0xB0,0x64,0x12,0xFF,0xB0,0x64,0x12,0xFF,0xB0,0x64,0x12,0xFF,0xB0,0x64,0x12,0xFF,0xB0,0x64,0x12,0xFF,
    0xB0,0x64,0x12,0xFF,0xB0,0x64,0x12,0xFF,0xB0,0x64,0x12,0xFF,0xB0,0x64,0x12,0xFF,0xB0,0x64,0x12,0xFF,0xB0,0x64,0x12,0xFF,0xB0,0x64,0x12,0xFF,0xB0,0x64,0x12,0xFF,0xB0,0x64,0x12,0xFF,0xB0,0x64,0x12,0xFF,0xB0,0x64,0x12,0xFF,0xB0,0x64,0x12,0xFF,0xB0,0x64,0x12,0xFF,0xB0,0x64,0x12,0xFF,0xB0,0x64,0x12,0xFF,0xB0,0x64,0x12,0xFF,
    0xB0,0x64,0x12,0xFF,0xB0,0x64,0x12,0xFF,0xB0,0x64,0x12,0xFF,0xB0,0x64,0x12,0xFF,0xB0,0x64,0x12,0xFF,0xB0,0x64,0x12,0xFF,0xB0,0x64,0x12,0xFF,0xB0,0x64,0x12,0xFF,0xB0,0x64,0x12,0xFF,0xB0,0x64,0x12,0xFF,0xB0,0x64,0x12,0xFF,0xB0,0x64,0x12,0xFF,0xB0,0x64,0x12,0xFF,0xB0,0x64,0x12,0xFF,0xB0,0x64,0x12,0xFF,0xB0,0x64,0x12,0xFF,
    0xB0,0x64,0x12,0xFF,0xB0,0x64,0x12,0xFF,0xB0,0x64,0x12,0xFF,0xB0,0x64,0x12,0xFF,0xB0,0x64,0x12,0xFF,0xB0,0x64,0x12,0xFF,0xB0,0x64,0x12,0xFF,0xB0,0x64,0x12,0xFF,0xB0,0x64,0x12,0xFF,0xB0,0x64,0x12,0xFF,0xB0,0x64,0x12,0xFF,0xB0,0x64,0x12,0xFF,0xB0,0x64,0x12,0xFF,0xB0,0x64,0x12,0xFF,0xB0,0x64,0x12,0xFF,0xB0,0x64,0x12,0xFF,
    0xB0,0x64,0x12,0xFF,0xB0,0x64,0x12,0xFF,0xB0,0x64,0x12,0xFF,0xB0,0x64,0x12,0xFF,0xB0,0x64,0x12,0xFF,0xB0,0x64,0x12,0xFF,0xB0,0x64,0x12,0xFF,0xB0,0x64,0x12,0xFF,0xB0,0x64,0x12,0xFF,0xB0,0x64,0x12,0xFF,0xB0,0x64,0x12,0xFF,0xB0,0x64,0x12,0xFF,0xB0,0x64,0x12,0xFF,0xB0,0x64,0x12,0xFF,0xB0,0x64,0x12,0xFF,0xB0,0x64,0x12,0xFF,
    0xB0,0x64,0x12,0xFF,0xB0,0x64,0x12,0xFF,0xB0,0x64,0x12,0xFF,0xB0,0x64,0x12,0xFF,0xB0,0x64,0x12,0xFF,0xB0,0x64,0x12,0xFF,0xB0,0x64,0x12,0xFF,0xB0,0x64,0x12,0xFF,0xB0,0x64,0x12,0xFF,0xB0,0x64,0x12,0xFF,0xB0,0x64,0x12,0xFF,0xB0,0x64,0x12,0xFF,0xB0,0x64,0x12,0xFF,0xB0,0x64,0x12,0xFF,0xB0,0x64,0x12,0xFF,0xB0,0x64,0x12,0xFF,
    0xB0,0x64,0x12,0xFF,0xB0,0x64,0x12,0xFF,0xB0,0x64,0x12,0xFF,0xB0,0x64,0x12,0xFF,0xB0,0x64,0x12,0xFF,0xB0,0x64,0x12,0xFF,0xB0,0x64,0x12,0xFF,0xB0,0x64,0x12,0xFF,0xB0,0x64,0x12,0xFF,0xB0,0x64,0x12,0xFF,0xB0,0x64,0x12,0xFF,0xB0,0x64,0x12,0xFF,0xB0,0x64,0x12,0xFF,0xB0,0x64,0x12,0xFF,0xB0,0x64,0x12,0xFF,0xB0,0x64,0x12,0xFF,
    0xB0,0x64,0x12,0xFF,0xB0,0x64,0x12,0xFF,0xB0,0x64,0x12,0xFF,0xB0,0x64,0x12,0xFF,0xB0,0x64,0x12,0xFF,0xB0,0x64,0x12,0xFF,0xB0,0x64,0x12,0xFF,0xB0,0x64,0x12,0xFF,0xB0,0x64,0x12,0xFF,0xB0,0x64,0x12,0xFF,0xB0,0x64,0x12,0xFF,0xB0,0x64,0x12,0xFF,0xB0,0x64,0x12,0xFF,0xB0,0x64,0x12,0xFF,0xB0,0x64,0x12,0xFF,0xB0,0x64,0x12,0xFF,
    0xB0,0x64,0x12,0xFF,0xB0,0x64,0x12,0xFF,0xB0,0x64,0x12,0xFF,0xB0,0x64,0x12,0xFF,0xB0,0x64,0x12,0xFF,0xB0,0x64,0x12,0xFF,0xB0,0x64,0x12,0xFF,0xB0,0x64,0x12,0xFF,0xB0,0x64,0x12,0xFF,0xB0,0x64,0x12,0xFF,0xB0,0x64,0x12,0xFF,0xB0,0x64,0x12,0xFF,0xB0,0x64,0x12,0xFF,0xB0,0x64,0x12,0xFF,0xB0,0x64,0x12,0xFF,0xB0,0x64,0x12,0xFF,
    0xB0,0x64,0x12,0xFF,0xB0,0x64,0x12,0xFF,0xB0,0x64,0x12,0xFF,0xB0,0x64,0x12,0xFF,0xB0,0x64,0x12,0xFF,0xB0,0x64,0x12,0xFF,0xB0,0x64,0x12,0xFF,0xB0,0x64,0x12,0xFF,0xB0,0x64,0x12,0xFF,0xB0,0x64,0x12,0xFF,0xB0,0x64,0x12,0xFF,0xB0,0x64,0x12,0xFF,0xB0,0x64,0x12,0xFF,0xB0,0x64,0x12,0xFF,0xB0,0x64,0x12,0xFF,0xB0,0x64,0x12,0xFF,
    0xB0,0x64,0x12,0xFF,0xB0,0x64,0x12,0xFF,0xB0,0x64,0x12,0xFF,0xB0,0x64,0x12,0xFF,0xB0,0x64,0x12,0xFF,0xB0,0x64,0x12,0xFF,0xB0,0x64,0x12,0xFF,0xB0,0x64,0x12,0xFF,0xB0,0x64,0x12,0xFF,0xB0,0x64,0x12,0xFF,0xB0,0x64,0x12,0xFF,0xB0,0x64,0x12,0xFF,0xB0,0x64,0x12,0xFF,0xB0,0x64,0x12,0xFF,0xB0,0x64,0x12,0xFA,0xB0,0x64,0x12,0xDE,
    0xB0,0x63,0x11,0xB1,0xAF,0x64,0x11,0x59,0xAA,0x66,0x11,0x0F,0x00,0x00,0x00,0x00,0x00,0x00,0x00,0x00,0x00,0x00,0x00,0x00,0x00,0x00,0x00,0x00,0x00,0x00,0x00,0x00,0x00,0x00,0x00,0x00,0x00,0x00,0x00,0x00,0x00,0x00,0x00,0x00,0xFF,0xFF,0x00,0x01,0xB1,0x65,0x14,0x5B,0xB0,0x64,0x11,0xDE,0xB0,0x64,0x12,0xFF,0xB0,0x64,0x12,0xFF,
    0xB0,0x64,0x12,0xFF,0xB0,0x64,0x12,0xFF,0xB0,0x64,0x12,0xFF,0xB0,0x64,0x12,0xFF,0xB0,0x64,0x12,0xFF,0xB0,0x64,0x12,0xFF,0xB0,0x64,0x12,0xFF,0xB0,0x64,0x12,0xFF,0xB0,0x64,0x12,0xFF,0xB0,0x64,0x12,0xFF,0xB0,0x64,0x12,0xFF,0xB0,0x64,0x12,0xFF,0xB0,0x64,0x12,0xFF,0xB0,0x64,0x12,0xFF,0xB0,0x64,0x12,0xFF,0xB0,0x64,0x12,0xFF,
    0xB0,0x64,0x12,0xFF,0xB0,0x64,0x12,0xFF,0xB0,0x64,0x12,0xFF,0xB0,0x64,0x12,0xFF,0xB0,0x64,0x12,0xFF,0xB0,0x64,0x12,0xFF,0xB0,0x64,0x12,0xFF,0xB0,0x64,0x12,0xFF,0xB0,0x64,0x12,0xFF,0xB0,0x64,0x12,0xFF,0xB0,0x64,0x12,0xFF,0xB0,0x64,0x12,0xFF,0xB0,0x64,0x12,0xFF,0xB0,0x64,0x12,0xFF,0xB0,0x64,0x12,0xFF,0xB0,0x64,0x12,0xFF,
    0xB0,0x64,0x12,0xFF,0xB0,0x64,0x12,0xFF,0xB0,0x64,0x12,0xFF,0xB0,0x64,0x12,0xFF,0xB0,0x64,0x12,0xFF,0xB0,0x64,0x12,0xFF,0xB0,0x64,0x12,0xFF,0xB0,0x64,0x12,0xFF,0xB0,0x64,0x12,0xFF,0xB0,0x64,0x12,0xFF,0xB0,0x64,0x12,0xFF,0xB0,0x64,0x12,0xFF,0xB0,0x64,0x12,0xFF,0xB0,0x64,0x12,0xFF,0xB0,0x64,0x12,0xFF,0xB0,0x64,0x12,0xFF,
    0xB0,0x64,0x12,0xFF,0xB0,0x64,0x12,0xFF,0xB0,0x64,0x12,0xFF,0xB0,0x64,0x12,0xFF,0xB0,0x64,0x12,0xFF,0xB0,0x64,0x12,0xFF,0xB0,0x64,0x12,0xFF,0xB0,0x64,0x12,0xFF,0xB0,0x64,0x12,0xFF,0xB0,0x64,0x12,0xFF,0xB0,0x64,0x12,0xFF,0xB0,0x64,0x12,0xFF,0xB0,0x64,0x12,0xFF,0xB0,0x64,0x12,0xFF,0xB0,0x64,0x12,0xFF,0xB0,0x64,0x12,0xFF,
    0xB0,0x64,0x12,0xFF,0xB0,0x64,0x12,0xFF,0xB0,0x64,0x12,0xFF,0xB0,0x64,0x12,0xFF,0xB0,0x64,0x12,0xFF,0xB0,0x64,0x12,0xFF,0xB0,0x64,0x12,0xFF,0xB0,0x64,0x12,0xFF,0xB0,0x64,0x12,0xFF,0xB0,0x64,0x12,0xFF,0xB0,0x64,0x12,0xFF,0xB0,0x64,0x12,0xFF,0xB0,0x64,0x12,0xFF,0xB0,0x64,0x12,0xFF,0xB0,0x64,0x12,0xFF,0xB0,0x64,0x12,0xFF,
    0xB0,0x64,0x12,0xFF,0xB0,0x64,0x12,0xFF,0xB0,0x64,0x12,0xFF,0xB0,0x64,0x12,0xFF,0xB0,0x64,0x12,0xFF,0xB0,0x64,0x12,0xFF,0xB0,0x64,0x12,0xFF,0xB0,0x64,0x12,0xFF,0xB0,0x64,0x12,0xFF,0xB0,0x64,0x12,0xFF,0xB0,0x64,0x12,0xFF,0xB0,0x64,0x12,0xFF,0xB0,0x64,0x12,0xFF,0xB0,0x64,0x12,0xFF,0xB0,0x64,0x12,0xFF,0xB0,0x64,0x12,0xFF,
    0xB0,0x64,0x12,0xFF,0xB0,0x64,0x12,0xFF,0xB0,0x64,0x12,0xFF,0xB0,0x64,0x12,0xFF,0xB0,0x64,0x12,0xFF,0xB0,0x64,0x12,0xFF,0xB0,0x64,0x12,0xFF,0xB0,0x64,0x12,0xFF,0xB0,0x64,0x12,0xFF,0xB0,0x64,0x12,0xFF,0xB0,0x64,0x12,0xFF,0xB0,0x64,0x12,0xFF,0xB0,0x64,0x12,0xFF,0xB0,0x64,0x12,0xFF,0xB0,0x64,0x12,0xFF,0xB0,0x64,0x12,0xFF,
    0xB0,0x64,0x12,0xFF,0xB0,0x64,0x12,0xFF,0xB0,0x64,0x12,0xFF,0xB0,0x64,0x12,0xFF,0xB0,0x64,0x12,0xFF,0xB0,0x64,0x12,0xFF,0xB0,0x64,0x12,0xFF,0xB0,0x64,0x12,0xFF,0xB0,0x64,0x12,0xFF,0xB0,0x64,0x12,0xFF,0xB0,0x64,0x12,0xFF,0xB0,0x64,0x12,0xFF,0xB0,0x64,0x12,0xFF,0xB0,0x64,0x12,0xFF,0xB0,0x64,0x12,0xFF,0xB0,0x64,0x12,0xFF,
    0xB0,0x64,0x12,0xFF,0xB0,0x64,0x12,0xFF,0xB0,0x64,0x12,0xFF,0xB0,0x64,0x12,0xFF,0xB0,0x64,0x12,0xFF,0xB0,0x64,0x12,0xFF,0xB0,0x64,0x12,0xFF,0xB0,0x64,0x12,0xFF,0xB0,0x64,0x12,0xFF,0xB0,0x64,0x12,0xFF,0xB0,0x64,0x12,0xFF,0xB0,0x64,0x12,0xFF,0xB0,0x64,0x12,0xFF,0xB0,0x64,0x12,0xFF,0xB0,0x64,0x12,0xFF,0xB0,0x64,0x12,0xFF,
    0xB0,0x64,0x12,0xFF,0xB0,0x64,0x12,0xFF,0xB0,0x64,0x12,0xFF,0xB0,0x64,0x12,0xFF,0xB0,0x64,0x12,0xFF,0xB0,0x64,0x12,0xFF,0xB0,0x64,0x12,0xFF,0xB0,0x64,0x12,0xFF,0xB0,0x64,0x12,0xFF,0xB0,0x64,0x12,0xFF,0xB0,0x64,0x12,0xFF,0xB0,0x64,0x12,0xFF,0xB0,0x64,0x12,0xFF,0xB0,0x64,0x12,0xFF,0xB0,0x64,0x12,0xFF,0xB0,0x64,0x12,0xFF,
    0xB0,0x64,0x12,0xFF,0xB0,0x64,0x12,0xFF,0xB0,0x64,0x12,0xFF,0xB0,0x64,0x12,0xFF,0xB0,0x64,0x12,0xFF,0xB0,0x64,0x12,0xFF,0xB0,0x64,0x12,0xFF,0xB0,0x64,0x12,0xFF,0xB0,0x64,0x12,0xFF,0xB0,0x64,0x12,0xFF,0xB0,0x64,0x12,0xFF,0xB0,0x64,0x12,0xFF,0xB0,0x64,0x12,0xFF,0xB0,0x64,0x12,0xFF,0xB0,0x64,0x12,0xFF,0xB0,0x64,0x12,0xFF,
    0xB0,0x64,0x12,0xFF,0xB0,0x64,0x12,0xFF,0xB0,0x64,0x12,0xFF,0xB0,0x64,0x12,0xFF,0xB0,0x64,0x12,0xFF,0xB0,0x64,0x12,0xFF,0xB0,0x64,0x12,0xFF,0xB0,0x64,0x12,0xFF,0xB0,0x64,0x12,0xFF,0xB0,0x64,0x12,0xFF,0xB0,0x64,0x12,0xFF,0xB0,0x64,0x12,0xFF,0xB0,0x64,0x12,0xFF,0xB0,0x64,0x12,0xFF,0xB0,0x64,0x12,0xFF,0xB0,0x64,0x12,0xFF,
    0xB0,0x64,0x12,0xFF,0xB0,0x64,0x12,0xFF,0xB0,0x64,0x12,0xFF,0xB0,0x64,0x12,0xFF,0xB0,0x64,0x12,0xFF,0xB0,0x64,0x12,0xFF,0xB0,0x64,0x12,0xFF,0xB0,0x64,0x12,0xFF,0xB0,0x64,0x12,0xFF,0xB0,0x64,0x12,0xFF,0xB0,0x64,0x12,0xFF,0xB0,0x64,0x12,0xFF,0xB0,0x64,0x12,0xFF,0xB0,0x64,0x12,0xFF,0xB0,0x64,0x12,0xFF,0xB0,0x64,0x12,0xFF,
    0xB0,0x64,0x12,0xFF,0xB0,0x64,0x12,0xFF,0xB0,0x64,0x12,0xFF,0xB0,0x64,0x12,0xFF,0xB0,0x64,0x12,0xFF,0xB0,0x64,0x12,0xFF,0xB0,0x64,0x12,0xFF,0xB0,0x64,0x12,0xFF,0xB0,0x64,0x12,0xFF,0xB0,0x64,0x12,0xFF,0xB0,0x64,0x12,0xFF,0xB0,0x64,0x12,0xFF,0xB0,0x64,0x12,0xFF,0xB0,0x64,0x12,0xFF,0xB0,0x64,0x12,0xFF,0xB0,0x64,0x12,0xFF,
    0xB0,0x64,0x12,0xFF,0xB0,0x64,0x12,0xFF,0xB0,0x64,0x12,0xFF,0xB0,0x64,0x12,0xFF,0xB0,0x64,0x12,0xFF,0xB0,0x64,0x12,0xFF,0xB0,0x64,0x12,0xFF,0xB0,0x64,0x12,0xFF,0xB0,0x64,0x12,0xFF,0xB0,0x64,0x12,0xFF,0xB0,0x64,0x12,0xFF,0xB0,0x64,0x12,0xFF,0xB0,0x64,0x12,0xFF,0xB0,0x64,0x12,0xFF,0xB0,0x64,0x12,0xFF,0xB0,0x64,0x12,0xFF,
    0xB0,0x64,0x12,0xFF,0xB0,0x64,0x12,0xFF,0xB0,0x64,0x12,0xFF,0xB0,0x64,0x12,0xFF,0xB0,0x64,0x12,0xFF,0xB0,0x64,0x12,0xFF,0xB0,0x64,0x12,0xFF,0xB0,0x64,0x12,0xFF,0xB0,0x64,0x12,0xFF,0xB0,0x64,0x12,0xFF,0xB0,0x64,0x12,0xFF,0xB0,0x64,0x12,0xFF,0xB0,0x64,0x12,0xFF,0xB0,0x64,0x12,0xFF,0xB0,0x64,0x12,0xFF,0xB0,0x64,0x12,0xFF,
    0xB0,0x64,0x12,0xFF,0xB0,0x64,0x12,0xFF,0xB0,0x64,0x12,0xFF,0xB0,0x64,0x12,0xFF,0xB0,0x64,0x12,0xFF,0xB0,0x64,0x12,0xFF,0xB0,0x64,0x12,0xFF,0xB0,0x64,0x12,0xFF,0xB0,0x64,0x12,0xFF,0xB0,0x64,0x12,0xFF,0xB0,0x64,0x12,0xFF,0xB0,0x64,0x12,0xFF,0xB0,0x64,0x12,0xFF,0xB0,0x64,0x12,0xFF,0xB0,0x64,0x12,0xFF,0xB0,0x64,0x12,0xFF,
    0xB0,0x64,0x12,0xFF,0xB0,0x64,0x12,0xFF,0xB0,0x64,0x12,0xFF,0xB0,0x64,0x12,0xFF,0xB0,0x64,0x12,0xFF,0xB0,0x64,0x12,0xFF,0xB0,0x64,0x12,0xFF,0xB0,0x64,0x12,0xFF,0xB0,0x64,0x12,0xFF,0xB0,0x64,0x12,0xFF,0xB0,0x64,0x12,0xFF,0xB0,0x64,0x12,0xFF,0xB0,0x64,0x12,0xFF,0xB0,0x64,0x12,0xFF,0xB0,0x64,0x12,0xFF,0xB0,0x64,0x12,0xFF,
    0xB0,0x64,0x12,0xFF,0xB0,0x64,0x12,0xFF,0xB0,0x64,0x12,0xFF,0xB0,0x64,0x12,0xFF,0xB0,0x64,0x12,0xFF,0xB0,0x64,0x12,0xFF,0xB0,0x64,0x12,0xFF,0xB0,0x64,0x12,0xFF,0xB0,0x64,0x12,0xFF,0xB0,0x64,0x12,0xFF,0xB0,0x64,0x12,0xFF,0xB0,0x64,0x12,0xFF,0xB0,0x64,0x12,0xFF,0xB0,0x64,0x12,0xFF,0xB0,0x64,0x12,0xFF,0xB0,0x64,0x12,0xFF,
    0xB0,0x64,0x12,0xFF,0xB0,0x64,0x12,0xFF,0xB0,0x64,0x12,0xFF,0xB0,0x64,0x12,0xFF,0xB0,0x64,0x12,0xFF,0xB0,0x64,0x12,0xFF,0xB0,0x64,0x12,0xFF,0xB0,0x64,0x12,0xFF,0xB0,0x64,0x12,0xFF,0xB0,0x64,0x12,0xFF,0xB0,0x64,0x12,0xFF,0xB0,0x64,0x12,0xFF,0xB0,0x64,0x12,0xFF,0xB0,0x64,0x12,0xFF,0xB0,0x64,0x12,0xFF,0xB0,0x64,0x12,0xFF,
    0xB0,0x64,0x12,0xFF,0xB0,0x64,0x12,0xFF,0xB0,0x64,0x12,0xFF,0xB0,0x64,0x12,0xFF,0xB0,0x64,0x12,0xFF,0xB0,0x64,0x12,0xFF,0xB0,0x64,0x12,0xFF,0xB0,0x64,0x12,0xFF,0xB0,0x64,0x12,0xFF,0xB0,0x64,0x12,0xFF,0xB0,0x64,0x12,0xFF,0xB0,0x64,0x12,0xFF,0xB0,0x64,0x12,0xFF,0xB0,0x64,0x12,0xFF,0xB0,0x64,0x12,0xFF,0xB0,0x64,0x12,0xFF,
    0xB0,0x64,0x12,0xFF,0xB0,0x64,0x12,0xFF,0xB0,0x64,0x12,0xFF,0xB0,0x64,0x12,0xFF,0xB0,0x64,0x12,0xFF,0xB0,0x64,0x12,0xFF,0xB0,0x64,0x12,0xFF,0xB0,0x64,0x12,0xFF,0xB0,0x64,0x12,0xFF,0xB0,0x64,0x12,0xFF,0xB0,0x64,0x12,0xFF,0xB0,0x64,0x12,0xFF,0xB0,0x64,0x12,0xFF,0xB0,0x64,0x12,0xFF,0xB0,0x64,0x12,0xFF,0xB0,0x64,0x12,0xFF,
    0xB0,0x64,0x12,0xFF,0xB0,0x64,0x12,0xFF,0xB0,0x64,0x12,0xFF,0xB0,0x64,0x12,0xFF,0xB0,0x64,0x12,0xFF,0xB0,0x64,0x12,0xFF,0xB0,0x64,0x12,0xFF,0xB0,0x64,0x12,0xFF,0xB0,0x64,0x12,0xFF,0xB0,0x64,0x12,0xFF,0xB0,0x64,0x12,0xFF,0xB0,0x64,0x12,0xFF,0xB0,0x64,0x12,0xFF,0xB0,0x64,0x12,0xFF,0xB0,0x64,0x12,0xFF,0xB0,0x64,0x12,0xFF,
    0xB0,0x64,0x12,0xFF,0xB0,0x64,0x12,0xFF,0xB0,0x64,0x12,0xFF,0xB0,0x64,0x12,0xFF,0xB0,0x64,0x12,0xFF,0xB0,0x64,0x12,0xFF,0xB0,0x64,0x12,0xFF,0xB0,0x64,0x12,0xFF,0xB0,0x64,0x12,0xFF,0xB0,0x64,0x12,0xFF,0xB0,0x64,0x12,0xFF,0xB0,0x64,0x12,0xFF,0xB0,0x64,0x12,0xFF,0xB0,0x64,0x12,0xFF,0xB0,0x64,0x12,0xFF,0xB0,0x64,0x12,0xFF,
    0xB0,0x64,0x12,0xFF,0xB0,0x64,0x12,0xFF,0xB0,0x64,0x12,0xFF,0xB0,0x64,0x12,0xFF,0xB0,0x64,0x12,0xFF,0xB0,0x64,0x12,0xFF,0xB0,0x64,0x12,0xFF,0xB0,0x64,0x12,0xFF,0xB0,0x64,0x12,0xFF,0xB0,0x64,0x12,0xFF,0xB0,0x64,0x12,0xFF,0xB0,0x64,0x12,0xFF,0xB0,0x64,0x12,0xFF,0xB0,0x64,0x12,0xFF,0xB0,0x64,0x12,0xFF,0xB0,0x64,0x12,0xFF,
    0xB0,0x64,0x12,0xFF,0xB0,0x64,0x12,0xFF,0xB0,0x64,0x12,0xFF,0xB0,0x64,0x12,0xFF,0xB0,0x64,0x12,0xFF,0xB0,0x64,0x12,0xFF,0xB0,0x64,0x12,0xFF,0xB0,0x64,0x12,0xFF,0xB0,0x64,0x12,0xFF,0xB0,0x64,0x12,0xFF,0xB0,0x64,0x12,0xFF,0xB0,0x64,0x12,0xFF,0xB0,0x64,0x12,0xFF,0xB0,0x64,0x12,0xFF,0xB0,0x64,0x12,0xFF,0xB0,0x64,0x12,0xFF,
    0xB0,0x64,0x12,0xFF,0xB0,0x64,0x12,0xFF,0xB0,0x64,0x12,0xFF,0xB0,0x64,0x12,0xFF,0xB0,0x64,0x12,0xFF,0xB0,0x64,0x12,0xFF,0xB0,0x64,0x12,0xFF,0xB0,0x64,0x12,0xFF,0xB0,0x64,0x12,0xFF,0xB0,0x64,0x12,0xFF,0xB0,0x64,0x12,0xFF,0xB0,0x64,0x12,0xFF,0xB0,0x64,0x12,0xFF,0xB0,0x64,0x12,0xFF,0xB0,0x64,0x12,0xFF,0xB0,0x64,0x12,0xFF,
    0xB0,0x64,0x12,0xFF,0xB0,0x64,0x12,0xFF,0xB0,0x64,0x12,0xFF,0xB0,0x64,0x12,0xFF,0xB0,0x64,0x12,0xFF,0xB0,0x64,0x12,0xFF,0xB0,0x64,0x12,0xFF,0xB0,0x64,0x12,0xFF,0xB0,0x64,0x12,0xFF,0xB0,0x64,0x12,0xFF,0xB0,0x64,0x12,0xFF,0xB0,0x64,0x12,0xFF,0xB0,0x64,0x12,0xFF,0xB0,0x64,0x12,0xFF,0xB0,0x64,0x12,0xFF,0xB0,0x64,0x12,0xFF,
    0xB0,0x64,0x12,0xFF,0xB0,0x64,0x12,0xFF,0xB0,0x64,0x12,0xFF,0xB0,0x64,0x12,0xFF,0xB0,0x64,0x12,0xFF,0xB0,0x64,0x12,0xFF,0xB0,0x64,0x12,0xFF,0xB0,0x64,0x12,0xFF,0xB0,0x64,0x12,0xFF,0xB0,0x64,0x12,0xFF,0xB0,0x64,0x12,0xFF,0xB0,0x64,0x12,0xFF,0xB0,0x64,0x12,0xFF,0xB0,0x64,0x12,0xFF,0xB0,0x64,0x12,0xFF,0xB0,0x64,0x12,0xFF,
    0xB0,0x64,0x12,0xFF,0xB0,0x64,0x12,0xFF,0xB0,0x64,0x12,0xFF,0xB0,0x64,0x12,0xFF,0xB0,0x64,0x12,0xFF,0xB0,0x64,0x12,0xFF,0xB0,0x64,0x12,0xFF,0xB0,0x64,0x12,0xFF,0xB0,0x64,0x12,0xFF,0xB0,0x64,0x12,0xFF,0xB0,0x64,0x12,0xFF,0xB0,0x64,0x12,0xFF,0xB0,0x64,0x12,0xFF,0xB0,0x64,0x12,0xFF,0xB0,0x64,0x12,0xFF,0xB0,0x64,0x12,0xFF,
    0xB0,0x64,0x12,0xFF,0xB0,0x64,0x12,0xFF,0xB0,0x64,0x12,0xFF,0xB0,0x64,0x12,0xFF,0xB0,0x64,0x12,0xFF,0xB0,0x64,0x12,0xFF,0xB0,0x64,0x12,0xFF,0xB0,0x64,0x12,0xFF,0xB0,0x64,0x12,0xFF,0xB0,0x64,0x12,0xFF,0xB0,0x64,0x12,0xFF,0xB0,0x64,0x12,0xFF,0xB0,0x64,0x12,0xFF,0xB0,0x64,0x12,0xFF,0xB0,0x64,0x12,0xFF,0xB0,0x64,0x12,0xFF,
    0xB0,0x64,0x12,0xFF,0xB0,0x64,0x12,0xFF,0xB0,0x64,0x12,0xFF,0xB0,0x64,0x12,0xFF,0xB0,0x64,0x12,0xFF,0xB0,0x64,0x12,0xFF,0xB0,0x64,0x12,0xFF,0xB0,0x64,0x12,0xFF,0xB0,0x64,0x12,0xFF,0xB0,0x64,0x12,0xFF,0xB0,0x64,0x12,0xFF,0xB0,0x64,0x12,0xFF,0xB0,0x64,0x12,0xFF,0xB0,0x64,0x12,0xFF,0xB0,0x64,0x12,0xFF,0xB0,0x64,0x12,0xFF,
    0xB0,0x64,0x12,0xFF,0xB0,0x64,0x12,0xFF,0xB0,0x64,0x12,0xFF,0xB0,0x64,0x12,0xFF,0xB0,0x64,0x12,0xFF,0xB0,0x64,0x12,0xFF,0xB0,0x64,0x12,0xFF,0xB0,0x64,0x12,0xFF,0xB0,0x64,0x12,0xFF,0xB0,0x64,0x12,0xFF,0xB0,0x64,0x12,0xFF,0xB0,0x64,0x12,0xFF,0xB0,0x64,0x12,0xFF,0xB0,0x64,0x12,0xFF,0xB0,0x64,0x12,0xFF,0xB0,0x64,0x12,0xFF,
    0xB0,0x64,0x12,0xFF,0xB0,0x64,0x12,0xFF,0xB0,0x64,0x12,0xFF,0xB0,0x64,0x12,0xFF,0xB0,0x64,0x12,0xFF,0xB0,0x64,0x12,0xFF,0xB0,0x64,0x12,0xFF,0xB0,0x64,0x12,0xFF,0xB0,0x64,0x12,0xFF,0xB0,0x64,0x12,0xFF,0xB0,0x64,0x12,0xFF,0xB0,0x64,0x12,0xFF,0xB0,0x64,0x12,0xFF,0xB0,0x64,0x12,0xFF,0xB0,0x64,0x12,0xFF,0xB0,0x64,0x12,0xFF,
    0xB0,0x64,0x12,0xFF,0xB0,0x64,0x12,0xFF,0xB0,0x64,0x12,0xFF,0xB0,0x64,0x12,0xFF,0xB0,0x64,0x12,0xFF,0xB0,0x64,0x12,0xFF,0xB0,0x64,0x12,0xFF,0xB0,0x64,0x12,0xFF,0xB0,0x64,0x12,0xFF,0xB0,0x64,0x12,0xFF,0xB0,0x64,0x12,0xFF,0xB0,0x64,0x12,0xFF,0xB0,0x64,0x12,0xFF,0xB0,0x64,0x12,0xFF,0xB0,0x64,0x12,0xFF,0xB0,0x64,0x12,0xFF,
    0xB0,0x64,0x12,0xFF,0xB0,0x64,0x12,0xFF,0xB0,0x64,0x12,0xFF,0xB0,0x64,0x12,0xFF,0xB0,0x64,0x12,0xFF,0xB0,0x64,0x12,0xFF,0xB0,0x64,0x12,0xFF,0xB0,0x64,0x12,0xFF,0xB0,0x64,0x12,0xFF,0xB0,0x64,0x12,0xFF,0xB0,0x64,0x12,0xFF,0xB0,0x64,0x12,0xFF,0xB0,0x64,0x12,0xFF,0xB0,0x64,0x12,0xFF,0xB0,0x64,0x12,0xFF,0xB0,0x64,0x12,0xFF,
    0xB0,0x64,0x12,0xFF,0xB0,0x64,0x12,0xFF,0xB0,0x64,0x12,0xFF,0xB0,0x64,0x12,0xFF,0xB0,0x64,0x12,0xFF,0xB0,0x64,0x12,0xFF,0xB0,0x64,0x12,0xFF,0xB0,0x64,0x12,0xFF,0xB0,0x64,0x12,0xFF,0xB0,0x64,0x12,0xFF,0xB0,0x64,0x11,0xDE,0xB1,0x65,0x14,0x5B,0xFF,0xFF,0x00,0x01,0x00,0x00,0x00,0x00,0x00,0x00,0x00,0x00,0x00,0x00,0x00,0x00,
    0x00,0x00,0x00,0x00,0x00,0x00,0x00,0x00,0xB3,0x66,0x1A,0x0A,0xB0,0x64,0x11,0x92,0xB0,0x64,0x12,0xFF,0xB0,0x64,0x12,0xFF,0xB0,0x64,0x12,0xFF,0xB0,0x64,0x12,0xFF,0xB0,0x64,0x12,0xFF,0xB0,0x64,0x12,0xFF,0xB0,0x64,0x12,0xFF,0xB0,0x64,0x12,0xFF,0xB0,0x64,0x12,0xFF,0xB0,0x64,0x12,0xFF,0xB0,0x64,0x12,0xFF,0xB0,0x64,0x12,0xFF,
    0xB0,0x64,0x12,0xFF,0xB0,0x64,0x12,0xFF,0xB0,0x64,0x12,0xFF,0xB0,0x64,0x12,0xFF,0xB0,0x64,0x12,0xFF,0xB0,0x64,0x12,0xFF,0xB0,0x64,0x12,0xFF,0xB0,0x64,0x12,0xFF,0xB0,0x64,0x12,0xFF,0xB0,0x64,0x12,0xFF,0xB0,0x64,0x12,0xFF,0xB0,0x64,0x12,0xFF,0xB0,0x64,0x12,0xFF,0xB0,0x64,0x12,0xFF,0xB0,0x64,0x12,0xFF,0xB0,0x64,0x12,0xFF,
    0xB0,0x64,0x12,0xFF,0xB0,0x64,0x12,0xFF,0xB0,0x64,0x12,0xFF,0xB0,0x64,0x12,0xFF,0xB0,0x64,0x12,0xFF,0xB0,0x64,0x12,0xFF,0xB0,0x64,0x12,0xFF,0xB0,0x64,0x12,0xFF,0xB0,0x64,0x12,0xFF,0xB0,0x64,0x12,0xFF,0xB0,0x64,0x12,0xFF,0xB0,0x64,0x12,0xFF,0xB0,0x64,0x12,0xFF,0xB0,0x64,0x12,0xFF,0xB0,0x64,0x12,0xFF,0xB0,0x64,0x12,0xFF,
    0xB0,0x64,0x12,0xFF,0xB0,0x64,0x12,0xFF,0xB0,0x64,0x12,0xFF,0xB0,0x64,0x12,0xFF,0xB0,0x64,0x12,0xFF,0xB0,0x64,0x12,0xFF,0xB0,0x64,0x12,0xFF,0xB0,0x64,0x12,0xFF,0xB0,0x64,0x12,0xFF,0xB0,0x64,0x12,0xFF,0xB0,0x64,0x12,0xFF,0xB0,0x64,0x12,0xFF,0xB0,0x64,0x12,0xFF,0xB0,0x64,0x12,0xFF,0xB0,0x64,0x12,0xFF,0xB0,0x64,0x12,0xFF,
    0xB0,0x64,0x12,0xFF,0xB0,0x64,0x12,0xFF,0xB0,0x64,0x12,0xFF,0xB0,0x64,0x12,0xFF,0xB0,0x64,0x12,0xFF,0xB0,0x64,0x12,0xFF,0xB0,0x64,0x12,0xFF,0xB0,0x64,0x12,0xFF,0xB0,0x64,0x12,0xFF,0xB0,0x64,0x12,0xFF,0xB0,0x64,0x12,0xFF,0xB0,0x64,0x12,0xFF,0xB0,0x64,0x12,0xFF,0xB0,0x64,0x12,0xFF,0xB0,0x64,0x12,0xFF,0xB0,0x64,0x12,0xFF,
    0xB0,0x64,0x12,0xFF,0xB0,0x64,0x12,0xFF,0xB0,0x64,0x12,0xFF,0xB0,0x64,0x12,0xFF,0xB0,0x64,0x12,0xFF,0xB0,0x64,0x12,0xFF,0xB0,0x64,0x12,0xFF,0xB0,0x64,0x12,0xFF,0xB0,0x64,0x12,0xFF,0xB0,0x64,0x12,0xFF,0xB0,0x64,0x12,0xFF,0xB0,0x64,0x12,0xFF,0xB0,0x64,0x12,0xFF,0xB0,0x64,0x12,0xFF,0xB0,0x64,0x12,0xFF,0xB0,0x64,0x12,0xFF,
    0xB0,0x64,0x12,0xFF,0xB0,0x64,0x12,0xFF,0xB0,0x64,0x12,0xFF,0xB0,0x64,0x12,0xFF,0xB0,0x64,0x12,0xFF,0xB0,0x64,0x12,0xFF,0xB0,0x64,0x12,0xFF,0xB0,0x64,0x12,0xFF,0xB0,0x64,0x12,0xFF,0xB0,0x64,0x12,0xFF,0xB0,0x64,0x12,0xFF,0xB0,0x64,0x12,0xFF,0xB0,0x64,0x12,0xFF,0xB0,0x64,0x12,0xFF,0xB0,0x64,0x12,0xFF,0xB0,0x64,0x12,0xFF,
    0xB0,0x64,0x12,0xFF,0xB0,0x64,0x12,0xFF,0xB0,0x64,0x12,0xFF,0xB0,0x64,0x12,0xFF,0xB0,0x64,0x12,0xFF,0xB0,0x64,0x12,0xFF,0xB0,0x64,0x12,0xFF,0xB0,0x64,0x12,0xFF,0xB0,0x64,0x12,0xFF,0xB0,0x64,0x12,0xFF,0xB0,0x64,0x12,0xFF,0xB0,0x64,0x12,0xFF,0xB0,0x64,0x12,0xFF,0xB0,0x64,0x12,0xFF,0xB0,0x64,0x12,0xFF,0xB0,0x64,0x12,0xFF,
    0xB0,0x64,0x12,0xFF,0xB0,0x64,0x12,0xFF,0xB0,0x64,0x12,0xFF,0xB0,0x64,0x12,0xFF,0xB0,0x64,0x12,0xFF,0xB0,0x64,0x12,0xFF,0xB0,0x64,0x12,0xFF,0xB0,0x64,0x12,0xFF,0xB0,0x64,0x12,0xFF,0xB0,0x64,0x12,0xFF,0xB0,0x64,0x12,0xFF,0xB0,0x64,0x12,0xFF,0xB0,0x64,0x12,0xFF,0xB0,0x64,0x12,0xFF,0xB0,0x64,0x12,0xFF,0xB0,0x64,0x12,0xFF,
    0xB0,0x64,0x12,0xFF,0xB0,0x64,0x12,0xFF,0xB0,0x64,0x12,0xFF,0xB0,0x64,0x12,0xFF,0xB0,0x64,0x12,0xFF,0xB0,0x64,0x12,0xFF,0xB0,0x64,0x12,0xFF,0xB0,0x64,0x12,0xFF,0xB0,0x64,0x12,0xFF,0xB0,0x64,0x12,0xFF,0xB0,0x64,0x12,0xFF,0xB0,0x64,0x12,0xFF,0xB0,0x64,0x12,0xFF,0xB0,0x64,0x12,0xFF,0xB0,0x64,0x12,0xFF,0xB0,0x64,0x12,0xFF,
    0xB0,0x64,0x12,0xFF,0xB0,0x64,0x12,0xFF,0xB0,0x64,0x12,0xFF,0xB0,0x64,0x12,0xFF,0xB0,0x64,0x12,0xFF,0xB0,0x64,0x12,0xFF,0xB0,0x64,0x12,0xFF,0xB0,0x64,0x12,0xFF,0xB0,0x64,0x12,0xFF,0xB0,0x64,0x12,0xFF,0xB0,0x64,0x12,0xFF,0xB0,0x64,0x12,0xFF,0xB0,0x64,0x12,0xFF,0xB0,0x64,0x12,0xFF,0xB0,0x64,0x12,0xFF,0xB0,0x64,0x12,0xFF,
    0xB0,0x64,0x12,0xFF,0xB0,0x64,0x12,0xFF,0xB0,0x64,0x12,0xFF,0xB0,0x64,0x12,0xFF,0xB0,0x64,0x12,0xFF,0xB0,0x64,0x12,0xFF,0xB0,0x64,0x12,0xFF,0xB0,0x64,0x12,0xFF,0xB0,0x64,0x12,0xFF,0xB0,0x64,0x12,0xFF,0xB0,0x64,0x12,0xFF,0xB0,0x64,0x12,0xFF,0xB0,0x64,0x12,0xFF,0xB0,0x64,0x12,0xFF,0xB0,0x64,0x12,0xFF,0xB0,0x64,0x12,0xFF,
    0xB0,0x64,0x12,0xFF,0xB0,0x64,0x12,0xFF,0xB0,0x64,0x12,0xFF,0xB0,0x64,0x12,0xFF,0xB0,0x64,0x12,0xFF,0xB0,0x64,0x12,0xFF,0xB0,0x64,0x12,0xFF,0xB0,0x64,0x12,0xFF,0xB0,0x64,0x12,0xFF,0xB0,0x64,0x12,0xFF,0xB0,0x64,0x12,0xFF,0xB0,0x64,0x12,0xFF,0xB0,0x64,0x12,0xFF,0xB0,0x64,0x12,0xFF,0xB0,0x64,0x12,0xFF,0xB0,0x64,0x12,0xFF,
    0xB0,0x64,0x12,0xFF,0xB0,0x64,0x12,0xFF,0xB0,0x64,0x12,0xFF,0xB0,0x64,0x12,0xFF,0xB0,0x64,0x12,0xFF,0xB0,0x64,0x12,0xFF,0xB0,0x64,0x12,0xFF,0xB0,0x64,0x12,0xFF,0xB0,0x64,0x12,0xFF,0xB0,0x64,0x12,0xFF,0xB0,0x64,0x12,0xFF,0xB0,0x64,0x12,0xFF,0xB0,0x64,0x12,0xFF,0xB0,0x64,0x12,0xFF,0xB0,0x64,0x12,0xFF,0xB0,0x64,0x12,0xFF,
    0xB0,0x64,0x12,0xFF,0xB0,0x64,0x12,0xFF,0xB0,0x64,0x12,0xFF,0xB0,0x64,0x12,0xFF,0xB0,0x64,0x12,0xFF,0xB0,0x64,0x12,0xFF,0xB0,0x64,0x12,0xFF,0xB0,0x64,0x12,0xFF,0xB0,0x64,0x12,0xFF,0xB0,0x64,0x12,0xFF,0xB0,0x64,0x12,0xFF,0xB0,0x64,0x12,0xFF,0xB0,0x64,0x12,0xFF,0xB0,0x64,0x12,0xFF,0xB0,0x64,0x12,0xFF,0xB0,0x64,0x12,0xFF,
    0xB0,0x64,0x12,0xFF,0xB0,0x64,0x12,0xFF,0xB0,0x64,0x12,0xFF,0xB0,0x64,0x12,0xFF,0xB0,0x64,0x12,0xFF,0xB0,0x64,0x12,0xFF,0xB0,0x64,0x12,0xFF,0xB0,0x64,0x12,0xFF,0xB0,0x64,0x12,0xFF,0xB0,0x64,0x12,0xFF,0xB0,0x64,0x12,0xFF,0xB0,0x64,0x12,0xFF,0xB0,0x64,0x12,0xFF,0xB0,0x64,0x12,0xFF,0xB0,0x64,0x12,0xFF,0xB0,0x64,0x12,0xFF,
    0xB0,0x64,0x12,0xFF,0xB0,0x64,0x12,0xFF,0xB0,0x64,0x12,0xFF,0xB0,0x64,0x12,0xFF,0xB0,0x64,0x12,0xFF,0xB0,0x64,0x12,0xFF,0xB0,0x64,0x12,0xFF,0xB0,0x64,0x12,0xFF,0xB0,0x64,0x12,0xFF,0xB0,0x64,0x12,0xFF,0xB0,0x64,0x12,0xFF,0xB0,0x64,0x12,0xFF,0xB0,0x64,0x12,0xFF,0xB0,0x64,0x12,0xFF,0xB0,0x64,0x12,0xFF,0xB0,0x64,0x12,0xFF,
    0xB0,0x64,0x12,0xFF,0xB0,0x64,0x12,0xFF,0xB0,0x64,0x12,0xFF,0xB0,0x64,0x12,0xFF,0xB0,0x64,0x12,0xFF,0xB0,0x64,0x12,0xFF,0xB0,0x64,0x12,0xFF,0xB0,0x64,0x12,0xFF,0xB0,0x64,0x12,0xFF,0xB0,0x64,0x12,0xFF,0xB0,0x64,0x12,0xFF,0xB0,0x64,0x12,0xFF,0xB0,0x64,0x12,0xFF,0xB0,0x64,0x12,0xFF,0xB0,0x64,0x12,0xFF,0xB0,0x64,0x12,0xFF,
    0xB0,0x64,0x12,0xFF,0xB0,0x64,0x12,0xFF,0xB0,0x64,0x12,0xFF,0xB0,0x64,0x12,0xFF,0xB0,0x64,0x12,0xFF,0xB0,0x64,0x12,0xFF,0xB0,0x64,0x12,0xFF,0xB0,0x64,0x12,0xFF,0xB0,0x64,0x12,0xFF,0xB0,0x64,0x12,0xFF,0xB0,0x64,0x12,0xFF,0xB0,0x64,0x12,0xFF,0xB0,0x64,0x12,0xFF,0xB0,0x64,0x12,0xFF,0xB0,0x64,0x12,0xFF,0xB0,0x64,0x12,0xFF,
    0xB0,0x64,0x12,0xFF,0xB0,0x64,0x12,0xFF,0xB0,0x64,0x12,0xFF,0xB0,0x64,0x12,0xFF,0xB0,0x64,0x12,0xFF,0xB0,0x64,0x12,0xFF,0xB0,0x64,0x12,0xFF,0xB0,0x64,0x12,0xFF,0xB0,0x64,0x12,0xFF,0xB0,0x64,0x12,0xFF,0xB0,0x64,0x12,0xFF,0xB0,0x64,0x12,0xFF,0xB0,0x64,0x12,0xFF,0xB0,0x64,0x12,0xFF,0xB0,0x64,0x12,0xFF,0xB0,0x64,0x12,0xFF,
    0xB0,0x64,0x12,0xFF,0xB0,0x64,0x12,0xFF,0xB0,0x64,0x12,0xFF,0xB0,0x64,0x12,0xFF,0xB0,0x64,0x12,0xFF,0xB0,0x64,0x12,0xFF,0xB0,0x64,0x12,0xFF,0xB0,0x64,0x12,0xFF,0xB0,0x64,0x12,0xFF,0xB0,0x64,0x12,0xFF,0xB0,0x64,0x12,0xFF,0xB0,0x64,0x12,0xFF,0xB0,0x64,0x12,0xFF,0xB0,0x64,0x12,0xFF,0xB0,0x64,0x12,0xFF,0xB0,0x64,0x12,0xFF,
    0xB0,0x64,0x12,0xFF,0xB0,0x64,0x12,0xFF,0xB0,0x64,0x12,0xFF,0xB0,0x64,0x12,0xFF,0xB0,0x64,0x12,0xFF,0xB0,0x64,0x12,0xFF,0xB0,0x64,0x12,0xFF,0xB0,0x64,0x12,0xFF,0xB0,0x64,0x12,0xFF,0xB0,0x64,0x12,0xFF,0xB0,0x64,0x12,0xFF,0xB0,0x64,0x12,0xFF,0xB0,0x64,0x12,0xFF,0xB0,0x64,0x12,0xFF,0xB0,0x64,0x12,0xFF,0xB0,0x64,0x12,0xFF,
    0xB0,0x64,0x12,0xFF,0xB0,0x64,0x12,0xFF,0xB0,0x64,0x12,0xFF,0xB0,0x64,0x12,0xFF,0xB0,0x64,0x12,0xFF,0xB0,0x64,0x12,0xFF,0xB0,0x64,0x12,0xFF,0xB0,0x64,0x12,0xFF,0xB0,0x64,0x12,0xFF,0xB0,0x64,0x12,0xFF,0xB0,0x64,0x12,0xFF,0xB0,0x64,0x12,0xFF,0xB0,0x64,0x12,0xFF,0xB0,0x64,0x12,0xFF,0xB0,0x64,0x12,0xFF,0xB0,0x64,0x12,0xFF,
    0xB0,0x64,0x12,0xFF,0xB0,0x64,0x12,0xFF,0xB0,0x64,0x12,0xFF,0xB0,0x64,0x12,0xFF,0xB0,0x64,0x12,0xFF,0xB0,0x64,0x12,0xFF,0xB0,0x64,0x12,0xFF,0xB0,0x64,0x12,0xFF,0xB0,0x64,0x12,0xFF,0xB0,0x64,0x12,0xFF,0xB0,0x64,0x12,0xFF,0xB0,0x64,0x12,0xFF,0xB0,0x64,0x12,0xFF,0xB0,0x64,0x12,0xFF,0xB0,0x64,0x12,0xFF,0xB0,0x64,0x12,0xFF,
    0xB0,0x64,0x12,0xFF,0xB0,0x64,0x12,0xFF,0xB0,0x64,0x12,0xFF,0xB0,0x64,0x12,0xFF,0xB0,0x64,0x12,0xFF,0xB0,0x64,0x12,0xFF,0xB0,0x64,0x12,0xFF,0xB0,0x64,0x12,0xFF,0xB0,0x64,0x12,0xFF,0xB0,0x64,0x12,0xFF,0xB0,0x64,0x12,0xFF,0xB0,0x64,0x12,0xFF,0xB0,0x64,0x12,0xFF,0xB0,0x64,0x12,0xFF,0xB0,0x64,0x12,0xFF,0xB0,0x64,0x12,0xFF,
    0xB0,0x64,0x12,0xFF,0xB0,0x64,0x12,0xFF,0xB0,0x64,0x12,0xFF,0xB0,0x64,0x12,0xFF,0xB0,0x64,0x12,0xFF,0xB0,0x64,0x12,0xFF,0xB0,0x64,0x12,0xFF,0xB0,0x64,0x12,0xFF,0xB0,0x64,0x12,0xFF,0xB0,0x64,0x12,0xFF,0xB0,0x64,0x12,0xFF,0xB0,0x64,0x12,0xFF,0xB0,0x64,0x12,0xFF,0xB0,0x64,0x12,0xFF,0xB0,0x64,0x12,0xFF,0xB0,0x64,0x12,0xFF,
    0xB0,0x64,0x12,0xFF,0xB0,0x64,0x12,0xFF,0xB0,0x64,0x12,0xFF,0xB0,0x64,0x12,0xFF,0xB0,0x64,0x12,0xFF,0xB0,0x64,0x12,0xFF,0xB0,0x64,0x12,0xFF,0xB0,0x64,0x12,0xFF,0xB0,0x64,0x12,0xFF,0xB0,0x64,0x12,0xFF,0xB0,0x64,0x12,0xFF,0xB0,0x64,0x12,0xFF,0xB0,0x64,0x12,0xFF,0xB0,0x64,0x12,0xFF,0xB0,0x64,0x12,0xFF,0xB0,0x64,0x12,0xFF,
    0xB0,0x64,0x12,0xFF,0xB0,0x64,0x12,0xFF,0xB0,0x64,0x12,0xFF,0xB0,0x64,0x12,0xFF,0xB0,0x64,0x12,0xFF,0xB0,0x64,0x12,0xFF,0xB0,0x64,0x12,0xFF,0xB0,0x64,0x12,0xFF,0xB0,0x64,0x12,0xFF,0xB0,0x64,0x12,0xFF,0xB0,0x64,0x12,0xFF,0xB0,0x64,0x12,0xFF,0xB0,0x64,0x12,0xFF,0xB0,0x64,0x12,0xFF,0xB0,0x64,0x12,0xFF,0xB0,0x64,0x12,0xFF,
    0xB0,0x64,0x12,0xFF,0xB0,0x64,0x12,0xFF,0xB0,0x64,0x12,0xFF,0xB0,0x64,0x12,0xFF,0xB0,0x64,0x12,0xFF,0xB0,0x64,0x12,0xFF,0xB0,0x64,0x12,0xFF,0xB0,0x64,0x12,0xFF,0xB0,0x64,0x12,0xFF,0xB0,0x64,0x12,0xFF,0xB0,0x64,0x12,0xFF,0xB0,0x64,0x12,0xFF,0xB0,0x64,0x12,0xFF,0xB0,0x64,0x12,0xFF,0xB0,0x64,0x12,0xFF,0xB0,0x64,0x12,0xFF,
    0xB0,0x64,0x12,0xFF,0xB0,0x64,0x12,0xFF,0xB0,0x64,0x12,0xFF,0xB0,0x64,0x12,0xFF,0xB0,0x64,0x12,0xFF,0xB0,0x64,0x12,0xFF,0xB0,0x64,0x12,0xFF,0xB0,0x64,0x12,0xFF,0xB0,0x64,0x12,0xFF,0xB0,0x64,0x12,0xFF,0xB0,0x64,0x12,0xFF,0xB0,0x64,0x12,0xFF,0xB0,0x64,0x12,0xFF,0xB0,0x64,0x12,0xFF,0xB0,0x64,0x12,0xFF,0xB0,0x64,0x12,0xFF,
    0xB0,0x64,0x12,0xFF,0xB0,0x64,0x12,0xFF,0xB0,0x64,0x12,0xFF,0xB0,0x64,0x12,0xFF,0xB0,0x64,0x12,0xFF,0xB0,0x64,0x12,0xFF,0xB0,0x64,0x12,0xFF,0xB0,0x64,0x12,0xFF,0xB0,0x64,0x12,0xFF,0xB0,0x64,0x12,0xFF,0xB0,0x64,0x12,0xFF,0xB0,0x64,0x12,0xFF,0xB0,0x64,0x12,0xFF,0xB0,0x64,0x12,0xFF,0xB0,0x64,0x12,0xFF,0xB0,0x64,0x12,0xFF,
    0xB0,0x64,0x12,0xFF,0xB0,0x64,0x12,0xFF,0xB0,0x64,0x12,0xFF,0xB0,0x64,0x12,0xFF,0xB0,0x64,0x12,0xFF,0xB0,0x64,0x12,0xFF,0xB0,0x64,0x12,0xFF,0xB0,0x64,0x12,0xFF,0xB0,0x64,0x12,0xFF,0xB0,0x64,0x12,0xFF,0xB0,0x64,0x12,0xFF,0xB0,0x64,0x12,0xFF,0xB0,0x64,0x12,0xFF,0xB0,0x64,0x12,0xFF,0xB0,0x64,0x12,0xFF,0xB0,0x64,0x12,0xFF,
    0xB0,0x64,0x12,0xFF,0xB0,0x64,0x12,0xFF,0xB0,0x64,0x12,0xFF,0xB0,0x64,0x12,0xFF,0xB0,0x64,0x12,0xFF,0xB0,0x64,0x12,0xFF,0xB0,0x64,0x12,0xFF,0xB0,0x64,0x12,0xFF,0xB0,0x64,0x12,0xFF,0xB0,0x64,0x12,0xFF,0xB0,0x64,0x12,0xFF,0xB0,0x64,0x12,0xFF,0xB0,0x64,0x12,0xFF,0xB0,0x64,0x12,0xFF,0xB0,0x64,0x12,0xFF,0xB0,0x64,0x12,0xFF,
    0xB0,0x64,0x12,0xFF,0xB0,0x64,0x12,0xFF,0xB0,0x64,0x12,0xFF,0xB0,0x64,0x12,0xFF,0xB0,0x64,0x12,0xFF,0xB0,0x64,0x12,0xFF,0xB0,0x64,0x12,0xFF,0xB0,0x64,0x12,0xFF,0xB0,0x64,0x12,0xFF,0xB0,0x64,0x12,0xFF,0xB0,0x64,0x12,0xFF,0xB0,0x64,0x12,0xFF,0xB0,0x64,0x12,0xFF,0xB0,0x64,0x12,0xFF,0xB0,0x64,0x12,0xFF,0xB0,0x64,0x12,0xFF,
    0xB0,0x64,0x12,0xFF,0xB0,0x64,0x12,0xFF,0xB0,0x64,0x12,0xFF,0xB0,0x64,0x12,0xFF,0xB0,0x64,0x12,0xFF,0xB0,0x64,0x12,0xFF,0xB0,0x64,0x12,0xFF,0xB0,0x64,0x12,0xFF,0xB0,0x64,0x12,0xFF,0xB0,0x64,0x12,0xFF,0xB0,0x64,0x12,0xFF,0xB0,0x64,0x12,0xFF,0xB0,0x64,0x12,0xFF,0xB0,0x64,0x12,0xFF,0xB0,0x64,0x12,0xFF,0xB0,0x64,0x12,0xFF,
    0xB0,0x64,0x12,0xFF,0xB0,0x64,0x12,0xFF,0xB0,0x64,0x12,0xFF,0xB0,0x64,0x12,0xFF,0xB0,0x64,0x12,0xFF,0xB0,0x64,0x12,0xFF,0xB0,0x64,0x12,0xFF,0xB0,0x64,0x12,0xFF,0xB0,0x64,0x12,0xFF,0xB0,0x64,0x12,0xFF,0xB0,0x64,0x12,0xFF,0xB0,0x64,0x12,0xFF,0xB0,0x64,0x12,0xFF,0xB0,0x64,0x12,0xFF,0xB0,0x64,0x12,0xFF,0xB0,0x64,0x12,0xFF,
    0xB0,0x64,0x12,0xFF,0xB0,0x64,0x12,0xFF,0xB0,0x64,0x12,0xFF,0xB0,0x64,0x12,0xFF,0xB0,0x64,0x12,0xFF,0xB0,0x64,0x12,0xFF,0xB0,0x64,0x12,0xFF,0xB0,0x64,0x12,0xFF,0xB0,0x64,0x12,0xFF,0xB0,0x64,0x12,0xFF,0xB0,0x64,0x12,0xFF,0xB0,0x64,0x12,0xFF,0xB0,0x64,0x12,0xFF,0xB0,0x64,0x12,0xFF,0xB0,0x64,0x12,0xFF,0xB0,0x64,0x12,0xFF,
    0xB0,0x64,0x12,0xFF,0xB0,0x64,0x12,0xFF,0xB0,0x64,0x12,0xFF,0xB0,0x64,0x12,0xFF,0xB0,0x64,0x11,0x92,0xB3,0x66,0x1A,0x0A,0x00,0x00,0x00,0x00,0x00,0x00,0x00,0x00,0x00,0x00,0x00,0x00,0xFF,0xFF,0x00,0x01,0xB0,0x64,0x11,0x92,0xB0,0x64,0x12,0xFF,0xB0,0x64,0x12,0xFF,0xB0,0x64,0x12,0xFF,0xB0,0x64,0x12,0xFF,0xB0,0x64,0x12,0xFF,
    0xB0,0x64,0x12,0xFF,0xB0,0x64,0x12,0xFF,0xB0,0x64,0x12,0xFF,0xB0,0x64,0x12,0xFF,0xB0,0x64,0x12,0xFF,0xB0,0x64,0x12,0xFF,0xB0,0x64,0x12,0xFF,0xB0,0x64,0x12,0xFF,0xB0,0x64,0x12,0xFF,0xB0,0x64,0x12,0xFF,0xB0,0x64,0x12,0xFF,0xB0,0x64,0x12,0xFF,0xB0,0x64,0x12,0xFF,0xB0,0x64,0x12,0xFF,0xB0,0x64,0x12,0xFF,0xB0,0x64,0x12,0xFF,
    0xB0,0x64,0x12,0xFF,0xB0,0x64,0x12,0xFF,0xB0,0x64,0x12,0xFF,0xB0,0x64,0x12,0xFF,0xB0,0x64,0x12,0xFF,0xB0,0x64,0x12,0xFF,0xB0,0x64,0x12,0xFF,0xB0,0x64,0x12,0xFF,0xB0,0x64,0x12,0xFF,0xB0,0x64,0x12,0xFF,0xB0,0x64,0x12,0xFF,0xB0,0x64,0x12,0xFF,0xB0,0x64,0x12,0xFF,0xB0,0x64,0x12,0xFF,0xB0,0x64,0x12,0xFF,0xB0,0x64,0x12,0xFF,
    0xB0,0x64,0x12,0xFF,0xB0,0x64,0x12,0xFF,0xB0,0x64,0x12,0xFF,0xB0,0x64,0x12,0xFF,0xB0,0x64,0x12,0xFF,0xB0,0x64,0x12,0xFF,0xB0,0x64,0x12,0xFF,0xB0,0x64,0x12,0xFF,0xB0,0x64,0x12,0xFF,0xB0,0x64,0x12,0xFF,0xB0,0x64,0x12,0xFF,0xB0,0x64,0x12,0xFF,0xB0,0x64,0x12,0xFF,0xB0,0x64,0x12,0xFF,0xB0,0x64,0x12,0xFF,0xB0,0x64,0x12,0xFF,
    0xB0,0x64,0x12,0xFF,0xB0,0x64,0x12,0xFF,0xB0,0x64,0x12,0xFF,0xB0,0x64,0x12,0xFF,0xB0,0x64,0x12,0xFF,0xB0,0x64,0x12,0xFF,0xB0,0x64,0x12,0xFF,0xB0,0x64,0x12,0xFF,0xB0,0x64,0x12,0xFF,0xB0,0x64,0x12,0xFF,0xB0,0x64,0x12,0xFF,0xB0,0x64,0x12,0xFF,0xB0,0x64,0x12,0xFF,0xB0,0x64,0x12,0xFF,0xB0,0x64,0x12,0xFF,0xB0,0x64,0x12,0xFF,
    0xB0,0x64,0x12,0xFF,0xB0,0x64,0x12,0xFF,0xB0,0x64,0x12,0xFF,0xB0,0x64,0x12,0xFF,0xB0,0x64,0x12,0xFF,0xB0,0x64,0x12,0xFF,0xB0,0x64,0x12,0xFF,0xB0,0x64,0x12,0xFF,0xB0,0x64,0x12,0xFF,0xB0,0x64,0x12,0xFF,0xB0,0x64,0x12,0xFF,0xB0,0x64,0x12,0xFF,0xB0,0x64,0x12,0xFF,0xB0,0x64,0x12,0xFF,0xB0,0x64,0x12,0xFF,0xB0,0x64,0x12,0xFF,
    0xB0,0x64,0x12,0xFF,0xB0,0x64,0x12,0xFF,0xB0,0x64,0x12,0xFF,0xB0,0x64,0x12,0xFF,0xB0,0x64,0x12,0xFF,0xB0,0x64,0x12,0xFF,0xB0,0x64,0x12,0xFF,0xB0,0x64,0x12,0xFF,0xB0,0x64,0x12,0xFF,0xB0,0x64,0x12,0xFF,0xB0,0x64,0x12,0xFF,0xB0,0x64,0x12,0xFF,0xB0,0x64,0x12,0xFF,0xB0,0x64,0x12,0xFF,0xB0,0x64,0x12,0xFF,0xB0,0x64,0x12,0xFF,
    0xB0,0x64,0x12,0xFF,0xB0,0x64,0x12,0xFF,0xB0,0x64,0x12,0xFF,0xB0,0x64,0x12,0xFF,0xB0,0x64,0x12,0xFF,0xB0,0x64,0x12,0xFF,0xB0,0x64,0x12,0xFF,0xB0,0x64,0x12,0xFF,0xB0,0x64,0x12,0xFF,0xB0,0x64,0x12,0xFF,0xB0,0x64,0x12,0xFF,0xB0,0x64,0x12,0xFF,0xB0,0x64,0x12,0xFF,0xB0,0x64,0x12,0xFF,0xB0,0x64,0x12,0xFF,0xB0,0x64,0x12,0xFF,
    0xB0,0x64,0x12,0xFF,0xB0,0x64,0x12,0xFF,0xB0,0x64,0x12,0xFF,0xB0,0x64,0x12,0xFF,0xB0,0x64,0x12,0xFF,0xB0,0x64,0x12,0xFF,0xB0,0x64,0x12,0xFF,0xB0,0x64,0x12,0xFF,0xB0,0x64,0x12,0xFF,0xB0,0x64,0x12,0xFF,0xB0,0x64,0x12,0xFF,0xB0,0x64,0x12,0xFF,0xB0,0x64,0x12,0xFF,0xB0,0x64,0x12,0xFF,0xB0,0x64,0x12,0xFF,0xB0,0x64,0x12,0xFF,
    0xB0,0x64,0x12,0xFF,0xB0,0x64,0x12,0xFF,0xB0,0x64,0x12,0xFF,0xB0,0x64,0x12,0xFF,0xB0,0x64,0x12,0xFF,0xB0,0x64,0x12,0xFF,0xB0,0x64,0x12,0xFF,0xB0,0x64,0x12,0xFF,0xB0,0x64,0x12,0xFF,0xB0,0x64,0x12,0xFF,0xB0,0x64,0x12,0xFF,0xB0,0x64,0x12,0xFF,0xB0,0x64,0x12,0xFF,0xB0,0x64,0x12,0xFF,0xB0,0x64,0x12,0xFF,0xB0,0x64,0x12,0xFF,
    0xB0,0x64,0x12,0xFF,0xB0,0x64,0x12,0xFF,0xB0,0x64,0x12,0xFF,0xB0,0x64,0x12,0xFF,0xB0,0x64,0x12,0xFF,0xB0,0x64,0x12,0xFF,0xB0,0x64,0x12,0xFF,0xB0,0x64,0x12,0xFF,0xB0,0x64,0x12,0xFF,0xB0,0x64,0x12,0xFF,0xB0,0x64,0x12,0xFF,0xB0,0x64,0x12,0xFF,0xB0,0x64,0x12,0xFF,0xB0,0x64,0x12,0xFF,0xB0,0x64,0x12,0xFF,0xB0,0x64,0x12,0xFF,
    0xB0,0x64,0x12,0xFF,0xB0,0x64,0x12,0xFF,0xB0,0x64,0x12,0xFF,0xB0,0x64,0x12,0xFF,0xB0,0x64,0x12,0xFF,0xB0,0x64,0x12,0xFF,0xB0,0x64,0x12,0xFF,0xB0,0x64,0x12,0xFF,0xB0,0x64,0x12,0xFF,0xB0,0x64,0x12,0xFF,0xB0,0x64,0x12,0xFF,0xB0,0x64,0x12,0xFF,0xB0,0x64,0x12,0xFF,0xB0,0x64,0x12,0xFF,0xB0,0x64,0x12,0xFF,0xB0,0x64,0x12,0xFF,
    0xB0,0x64,0x12,0xFF,0xB0,0x64,0x12,0xFF,0xB0,0x64,0x12,0xFF,0xB0,0x64,0x12,0xFF,0xB0,0x64,0x12,0xFF,0xB0,0x64,0x12,0xFF,0xB0,0x64,0x12,0xFF,0xB0,0x64,0x12,0xFF,0xB0,0x64,0x12,0xFF,0xB0,0x64,0x12,0xFF,0xB0,0x64,0x12,0xFF,0xB0,0x64,0x12,0xFF,0xB0,0x64,0x12,0xFF,0xB0,0x64,0x12,0xFF,0xB0,0x64,0x12,0xFF,0xB0,0x64,0x12,0xFF,
    0xB0,0x64,0x12,0xFF,0xB0,0x64,0x12,0xFF,0xB0,0x64,0x12,0xFF,0xB0,0x64,0x12,0xFF,0xB0,0x64,0x12,0xFF,0xB0,0x64,0x12,0xFF,0xB0,0x64,0x12,0xFF,0xB0,0x64,0x12,0xFF,0xB0,0x64,0x12,0xFF,0xB0,0x64,0x12,0xFF,0xB0,0x64,0x12,0xFF,0xB0,0x64,0x12,0xFF,0xB0,0x64,0x12,0xFF,0xB0,0x64,0x12,0xFF,0xB0,0x64,0x12,0xFF,0xB0,0x64,0x12,0xFF,
    0xB0,0x64,0x12,0xFF,0xB0,0x64,0x12,0xFF,0xB0,0x64,0x12,0xFF,0xB0,0x64,0x12,0xFF,0xB0,0x64,0x12,0xFF,0xB0,0x64,0x12,0xFF,0xB0,0x64,0x12,0xFF,0xB0,0x64,0x12,0xFF,0xB0,0x64,0x12,0xFF,0xB0,0x64,0x12,0xFF,0xB0,0x64,0x12,0xFF,0xB0,0x64,0x12,0xFF,0xB0,0x64,0x12,0xFF,0xB0,0x64,0x12,0xFF,0xB0,0x64,0x12,0xFF,0xB0,0x64,0x12,0xFF,
    0xB0,0x64,0x12,0xFF,0xB0,0x64,0x12,0xFF,0xB0,0x64,0x12,0xFF,0xB0,0x64,0x12,0xFF,0xB0,0x64,0x12,0xFF,0xB0,0x64,0x12,0xFF,0xB0,0x64,0x12,0xFF,0xB0,0x64,0x12,0xFF,0xB0,0x64,0x12,0xFF,0xB0,0x64,0x12,0xFF,0xB0,0x64,0x12,0xFF,0xB0,0x64,0x12,0xFF,0xB0,0x64,0x12,0xFF,0xB0,0x64,0x12,0xFF,0xB0,0x64,0x12,0xFF,0xB0,0x64,0x12,0xFF,
    0xB0,0x64,0x12,0xFF,0xB0,0x64,0x12,0xFF,0xB0,0x64,0x12,0xFF,0xB0,0x64,0x12,0xFF,0xB0,0x64,0x12,0xFF,0xB0,0x64,0x12,0xFF,0xB0,0x64,0x12,0xFF,0xB0,0x64,0x12,0xFF,0xB0,0x64,0x12,0xFF,0xB0,0x64,0x12,0xFF,0xB0,0x64,0x12,0xFF,0xB0,0x64,0x12,0xFF,0xB0,0x64,0x12,0xFF,0xB0,0x64,0x12,0xFF,0xB0,0x64,0x12,0xFF,0xB0,0x64,0x12,0xFF,
    0xB0,0x64,0x12,0xFF,0xB0,0x64,0x12,0xFF,0xB0,0x64,0x12,0xFF,0xB0,0x64,0x12,0xFF,0xB0,0x64,0x12,0xFF,0xB0,0x64,0x12,0xFF,0xB0,0x64,0x12,0xFF,0xB0,0x64,0x12,0xFF,0xB0,0x64,0x12,0xFF,0xB0,0x64,0x12,0xFF,0xB0,0x64,0x12,0xFF,0xB0,0x64,0x12,0xFF,0xB0,0x64,0x12,0xFF,0xB0,0x64,0x12,0xFF,0xB0,0x64,0x12,0xFF,0xB0,0x64,0x12,0xFF,
    0xB0,0x64,0x12,0xFF,0xB0,0x64,0x12,0xFF,0xB0,0x64,0x12,0xFF,0xB0,0x64,0x12,0xFF,0xB0,0x64,0x12,0xFF,0xB0,0x64,0x12,0xFF,0xB0,0x64,0x12,0xFF,0xB0,0x64,0x12,0xFF,0xB0,0x64,0x12,0xFF,0xB0,0x64,0x12,0xFF,0xB0,0x64,0x12,0xFF,0xB0,0x64,0x12,0xFF,0xB0,0x64,0x12,0xFF,0xB0,0x64,0x12,0xFF,0xB0,0x64,0x12,0xFF,0xB0,0x64,0x12,0xFF,
    0xB0,0x64,0x12,0xFF,0xB0,0x64,0x12,0xFF,0xB0,0x64,0x12,0xFF,0xB0,0x64,0x12,0xFF,0xB0,0x64,0x12,0xFF,0xB0,0x64,0x12,0xFF,0xB0,0x64,0x12,0xFF,0xB0,0x64,0x12,0xFF,0xB0,0x64,0x12,0xFF,0xB0,0x64,0x12,0xFF,0xB0,0x64,0x12,0xFF,0xB0,0x64,0x12,0xFF,0xB0,0x64,0x12,0xFF,0xB0,0x64,0x12,0xFF,0xB0,0x64,0x12,0xFF,0xB0,0x64,0x12,0xFF,
    0xB0,0x64,0x12,0xFF,0xB0,0x64,0x12,0xFF,0xB0,0x64,0x12,0xFF,0xB0,0x64,0x12,0xFF,0xB0,0x64,0x12,0xFF,0xB0,0x64,0x12,0xFF,0xB0,0x64,0x12,0xFF,0xB0,0x64,0x12,0xFF,0xB0,0x64,0x12,0xFF,0xB0,0x64,0x12,0xFF,0xB0,0x64,0x12,0xFF,0xB0,0x64,0x12,0xFF,0xB0,0x64,0x12,0xFF,0xB0,0x64,0x12,0xFF,0xB0,0x64,0x12,0xFF,0xB0,0x64,0x12,0xFF,
    0xB0,0x64,0x12,0xFF,0xB0,0x64,0x12,0xFF,0xB0,0x64,0x12,0xFF,0xB0,0x64,0x12,0xFF,0xB0,0x64,0x12,0xFF,0xB0,0x64,0x12,0xFF,0xB0,0x64,0x12,0xFF,0xB0,0x64,0x12,0xFF,0xB0,0x64,0x12,0xFF,0xB0,0x64,0x12,0xFF,0xB0,0x64,0x12,0xFF,0xB0,0x64,0x12,0xFF,0xB0,0x64,0x12,0xFF,0xB0,0x64,0x12,0xFF,0xB0,0x64,0x12,0xFF,0xB0,0x64,0x12,0xFF,
    0xB0,0x64,0x12,0xFF,0xB0,0x64,0x12,0xFF,0xB0,0x64,0x12,0xFF,0xB0,0x64,0x12,0xFF,0xB0,0x64,0x12,0xFF,0xB0,0x64,0x12,0xFF,0xB0,0x64,0x12,0xFF,0xB0,0x64,0x12,0xFF,0xB0,0x64,0x12,0xFF,0xB0,0x64,0x12,0xFF,0xB0,0x64,0x12,0xFF,0xB0,0x64,0x12,0xFF,0xB0,0x64,0x12,0xFF,0xB0,0x64,0x12,0xFF,0xB0,0x64,0x12,0xFF,0xB0,0x64,0x12,0xFF,
    0xB0,0x64,0x12,0xFF,0xB0,0x64,0x12,0xFF,0xB0,0x64,0x12,0xFF,0xB0,0x64,0x12,0xFF,0xB0,0x64,0x12,0xFF,0xB0,0x64,0x12,0xFF,0xB0,0x64,0x12,0xFF,0xB0,0x64,0x12,0xFF,0xB0,0x64,0x12,0xFF,0xB0,0x64,0x12,0xFF,0xB0,0x64,0x12,0xFF,0xB0,0x64,0x12,0xFF,0xB0,0x64,0x12,0xFF,0xB0,0x64,0x12,0xFF,0xB0,0x64,0x12,0xFF,0xB0,0x64,0x12,0xFF,
    0xB0,0x64,0x12,0xFF,0xB0,0x64,0x12,0xFF,0xB0,0x64,0x12,0xFF,0xB0,0x64,0x12,0xFF,0xB0,0x64,0x12,0xFF,0xB0,0x64,0x12,0xFF,0xB0,0x64,0x12,0xFF,0xB0,0x64,0x12,0xFF,0xB0,0x64,0x12,0xFF,0xB0,0x64,0x12,0xFF,0xB0,0x64,0x12,0xFF,0xB0,0x64,0x12,0xFF,0xB0,0x64,0x12,0xFF,0xB0,0x64,0x12,0xFF,0xB0,0x64,0x12,0xFF,0xB0,0x64,0x12,0xFF,
    0xB0,0x64,0x12,0xFF,0xB0,0x64,0x12,0xFF,0xB0,0x64,0x12,0xFF,0xB0,0x64,0x12,0xFF,0xB0,0x64,0x12,0xFF,0xB0,0x64,0x12,0xFF,0xB0,0x64,0x12,0xFF,0xB0,0x64,0x12,0xFF,0xB0,0x64,0x12,0xFF,0xB0,0x64,0x12,0xFF,0xB0,0x64,0x12,0xFF,0xB0,0x64,0x12,0xFF,0xB0,0x64,0x12,0xFF,0xB0,0x64,0x12,0xFF,0xB0,0x64,0x12,0xFF,0xB0,0x64,0x12,0xFF,
    0xB0,0x64,0x12,0xFF,0xB0,0x64,0x12,0xFF,0xB0,0x64,0x12,0xFF,0xB0,0x64,0x12,0xFF,0xB0,0x64,0x12,0xFF,0xB0,0x64,0x12,0xFF,0xB0,0x64,0x12,0xFF,0xB0,0x64,0x12,0xFF,0xB0,0x64,0x12,0xFF,0xB0,0x64,0x12,0xFF,0xB0,0x64,0x12,0xFF,0xB0,0x64,0x12,0xFF,0xB0,0x64,0x12,0xFF,0xB0,0x64,0x12,0xFF,0xB0,0x64,0x12,0xFF,0xB0,0x64,0x12,0xFF,
    0xB0,0x64,0x12,0xFF,0xB0,0x64,0x12,0xFF,0xB0,0x64,0x12,0xFF,0xB0,0x64,0x12,0xFF,0xB0,0x64,0x12,0xFF,0xB0,0x64,0x12,0xFF,0xB0,0x64,0x12,0xFF,0xB0,0x64,0x12,0xFF,0xB0,0x64,0x12,0xFF,0xB0,0x64,0x12,0xFF,0xB0,0x64,0x12,0xFF,0xB0,0x64,0x12,0xFF,0xB0,0x64,0x12,0xFF,0xB0,0x64,0x12,0xFF,0xB0,0x64,0x12,0xFF,0xB0,0x64,0x12,0xFF,
    0xB0,0x64,0x12,0xFF,0xB0,0x64,0x12,0xFF,0xB0,0x64,0x12,0xFF,0xB0,0x64,0x12,0xFF,0xB0,0x64,0x12,0xFF,0xB0,0x64,0x12,0xFF,0xB0,0x64,0x12,0xFF,0xB0,0x64,0x12,0xFF,0xB0,0x64,0x12,0xFF,0xB0,0x64,0x12,0xFF,0xB0,0x64,0x12,0xFF,0xB0,0x64,0x12,0xFF,0xB0,0x64,0x12,0xFF,0xB0,0x64,0x12,0xFF,0xB0,0x64,0x12,0xFF,0xB0,0x64,0x12,0xFF,
    0xB0,0x64,0x12,0xFF,0xB0,0x64,0x12,0xFF,0xB0,0x64,0x12,0xFF,0xB0,0x64,0x12,0xFF,0xB0,0x64,0x12,0xFF,0xB0,0x64,0x12,0xFF,0xB0,0x64,0x12,0xFF,0xB0,0x64,0x12,0xFF,0xB0,0x64,0x12,0xFF,0xB0,0x64,0x12,0xFF,0xB0,0x64,0x12,0xFF,0xB0,0x64,0x12,0xFF,0xB0,0x64,0x12,0xFF,0xB0,0x64,0x12,0xFF,0xB0,0x64,0x12,0xFF,0xB0,0x64,0x12,0xFF,
    0xB0,0x64,0x12,0xFF,0xB0,0x64,0x12,0xFF,0xB0,0x64,0x12,0xFF,0xB0,0x64,0x12,0xFF,0xB0,0x64,0x12,0xFF,0xB0,0x64,0x12,0xFF,0xB0,0x64,0x12,0xFF,0xB0,0x64,0x12,0xFF,0xB0,0x64,0x12,0xFF,0xB0,0x64,0x12,0xFF,0xB0,0x64,0x12,0xFF,0xB0,0x64,0x12,0xFF,0xB0,0x64,0x12,0xFF,0xB0,0x64,0x12,0xFF,0xB0,0x64,0x12,0xFF,0xB0,0x64,0x12,0xFF,
    0xB0,0x64,0x12,0xFF,0xB0,0x64,0x12,0xFF,0xB0,0x64,0x12,0xFF,0xB0,0x64,0x12,0xFF,0xB0,0x64,0x12,0xFF,0xB0,0x64,0x12,0xFF,0xB0,0x64,0x12,0xFF,0xB0,0x64,0x12,0xFF,0xB0,0x64,0x12,0xFF,0xB0,0x64,0x12,0xFF,0xB0,0x64,0x12,0xFF,0xB0,0x64,0x12,0xFF,0xB0,0x64,0x12,0xFF,0xB0,0x64,0x12,0xFF,0xB0,0x64,0x12,0xFF,0xB0,0x64,0x12,0xFF,
    0xB0,0x64,0x12,0xFF,0xB0,0x64,0x12,0xFF,0xB0,0x64,0x12,0xFF,0xB0,0x64,0x12,0xFF,0xB0,0x64,0x12,0xFF,0xB0,0x64,0x12,0xFF,0xB0,0x64,0x12,0xFF,0xB0,0x64,0x12,0xFF,0xB0,0x64,0x12,0xFF,0xB0,0x64,0x12,0xFF,0xB0,0x64,0x12,0xFF,0xB0,0x64,0x12,0xFF,0xB0,0x64,0x12,0xFF,0xB0,0x64,0x12,0xFF,0xB0,0x64,0x12,0xFF,0xB0,0x64,0x12,0xFF,
    0xB0,0x64,0x12,0xFF,0xB0,0x64,0x12,0xFF,0xB0,0x64,0x12,0xFF,0xB0,0x64,0x12,0xFF,0xB0,0x64,0x12,0xFF,0xB0,0x64,0x12,0xFF,0xB0,0x64,0x12,0xFF,0xB0,0x64,0x12,0xFF,0xB0,0x64,0x12,0xFF,0xB0,0x64,0x12,0xFF,0xB0,0x64,0x12,0xFF,0xB0,0x64,0x12,0xFF,0xB0,0x64,0x12,0xFF,0xB0,0x64,0x12,0xFF,0xB0,0x64,0x12,0xFF,0xB0,0x64,0x12,0xFF,
    0xB0,0x64,0x12,0xFF,0xB0,0x64,0x12,0xFF,0xB0,0x64,0x12,0xFF,0xB0,0x64,0x12,0xFF,0xB0,0x64,0x12,0xFF,0xB0,0x64,0x12,0xFF,0xB0,0x64,0x12,0xFF,0xB0,0x64,0x12,0xFF,0xB0,0x64,0x12,0xFF,0xB0,0x64,0x12,0xFF,0xB0,0x64,0x12,0xFF,0xB0,0x64,0x12,0xFF,0xB0,0x64,0x12,0xFF,0xB0,0x64,0x12,0xFF,0xB0,0x64,0x12,0xFF,0xB0,0x64,0x12,0xFF,
    0xB0,0x64,0x12,0xFF,0xB0,0x64,0x12,0xFF,0xB0,0x64,0x12,0xFF,0xB0,0x64,0x12,0xFF,0xB0,0x64,0x12,0xFF,0xB0,0x64,0x12,0xFF,0xB0,0x64,0x12,0xFF,0xB0,0x64,0x12,0xFF,0xB0,0x64,0x12,0xFF,0xB0,0x64,0x12,0xFF,0xB0,0x64,0x12,0xFF,0xB0,0x64,0x12,0xFF,0xB0,0x64,0x12,0xFF,0xB0,0x64,0x12,0xFF,0xB0,0x64,0x12,0xFF,0xB0,0x64,0x12,0xFF,
    0xB0,0x64,0x12,0xFF,0xB0,0x64,0x12,0xFF,0xB0,0x64,0x12,0xFF,0xB0,0x64,0x12,0xFF,0xB0,0x64,0x12,0xFF,0xB0,0x64,0x12,0xFF,0xB0,0x64,0x12,0xFF,0xB0,0x64,0x12,0xFF,0xB0,0x64,0x12,0xFF,0xB0,0x64,0x12,0xFF,0xB0,0x64,0x12,0xFF,0xB0,0x64,0x12,0xFF,0xB0,0x64,0x12,0xFF,0xB0,0x64,0x12,0xFF,0xB0,0x64,0x12,0xFF,0xB0,0x64,0x12,0xFF,
    0xB0,0x64,0x12,0xFF,0xB0,0x64,0x12,0xFF,0xB0,0x64,0x12,0xFF,0xB0,0x64,0x12,0xFF,0xB0,0x64,0x12,0xFF,0xB0,0x64,0x12,0xFF,0xB0,0x64,0x12,0xFF,0xB0,0x64,0x12,0xFF,0xB0,0x64,0x12,0xFF,0xB0,0x64,0x12,0xFF,0xB0,0x64,0x12,0xFF,0xB0,0x64,0x12,0xFF,0xB0,0x64,0x12,0xFF,0xB0,0x64,0x11,0x92,0xFF,0xFF,0x00,0x01,0x00,0x00,0x00,0x00,
    0x00,0x00,0x00,0x00,0xB1,0x65,0x14,0x5B,0xB0,0x64,0x12,0xFF,0xB0,0x64,0x12,0xFF,0xB0,0x64,0x12,0xFF,0xB0,0x64,0x12,0xFF,0xB0,0x64,0x12,0xFF,0xB0,0x64,0x12,0xFF,0xB0,0x64,0x12,0xFF,0xB0,0x64,0x12,0xFF,0xB0,0x64,0x12,0xFF,0xB0,0x64,0x12,0xFF,0xB0,0x64,0x12,0xFF,0xB0,0x64,0x12,0xFF,0xB0,0x64,0x12,0xFF,0xB0,0x64,0x12,0xFF,
    0xB0,0x64,0x12,0xFF,0xB0,0x64,0x12,0xFF,0xB0,0x64,0x12,0xFF,0xB0,0x64,0x12,0xFF,0xB0,0x64,0x12,0xFF,0xB0,0x64,0x12,0xFF,0xB0,0x64,0x12,0xFF,0xB0,0x64,0x12,0xFF,0xB0,0x64,0x12,0xFF,0xB0,0x64,0x12,0xFF,0xB0,0x64,0x12,0xFF,0xB0,0x64,0x12,0xFF,0xB0,0x64,0x12,0xFF,0xB0,0x64,0x12,0xFF,0xB0,0x64,0x12,0xFF,0xB0,0x64,0x12,0xFF,
    0xB0,0x64,0x12,0xFF,0xB0,0x64,0x12,0xFF,0xB0,0x64,0x12,0xFF,0xB0,0x64,0x12,0xFF,0xB0,0x64,0x12,0xFF,0xB0,0x64,0x12,0xFF,0xB0,0x64,0x12,0xFF,0xB0,0x64,0x12,0xFF,0xB0,0x64,0x12,0xFF,0xB0,0x64,0x12,0xFF,0xB0,0x64,0x12,0xFF,0xB0,0x64,0x12,0xFF,0xB0,0x64,0x12,0xFF,0xB0,0x64,0x12,0xFF,0xB0,0x64,0x12,0xFF,0xB0,0x64,0x12,0xFF,
    0xB0,0x64,0x12,0xFF,0xB0,0x64,0x12,0xFF,0xB0,0x64,0x12,0xFF,0xB0,0x64,0x12,0xFF,0xB0,0x64,0x12,0xFF,0xB0,0x64,0x12,0xFF,0xB0,0x64,0x12,0xFF,0xB0,0x64,0x12,0xFF,0xB0,0x64,0x12,0xFF,0xB0,0x64,0x12,0xFF,0xB0,0x64,0x12,0xFF,0xB0,0x64,0x12,0xFF,0xB0,0x64,0x12,0xFF,0xB0,0x64,0x12,0xFF,0xB0,0x64,0x12,0xFF,0xB0,0x64,0x12,0xFF,
    0xB0,0x64,0x12,0xFF,0xB0,0x64,0x12,0xFF,0xB0,0x64,0x12,0xFF,0xB0,0x64,0x12,0xFF,0xB0,0x64,0x12,0xFF,0xB0,0x64,0x12,0xFF,0xB0,0x64,0x12,0xFF,0xB0,0x64,0x12,0xFF,0xB0,0x64,0x12,0xFF,0xB0,0x64,0x12,0xFF,0xB0,0x64,0x12,0xFF,0xB0,0x64,0x12,0xFF,0xB0,0x64,0x12,0xFF,0xB0,0x64,0x12,0xFF,0xB0,0x64,0x12,0xFF,0xB0,0x64,0x12,0xFF,
    0xB0,0x64,0x12,0xFF,0xB0,0x64,0x12,0xFF,0xB0,0x64,0x12,0xFF,0xB0,0x64,0x12,0xFF,0xB0,0x64,0x12,0xFF,0xB0,0x64,0x12,0xFF,0xB0,0x64,0x12,0xFF,0xB0,0x64,0x12,0xFF,0xB0,0x64,0x12,0xFF,0xB0,0x64,0x12,0xFF,0xB0,0x64,0x12,0xFF,0xB0,0x64,0x12,0xFF,0xB0,0x64,0x12,0xFF,0xB0,0x64,0x12,0xFF,0xB0,0x64,0x12,0xFF,0xB0,0x64,0x12,0xFF,
    0xB0,0x64,0x12,0xFF,0xB0,0x64,0x12,0xFF,0xB0,0x64,0x12,0xFF,0xB0,0x64,0x12,0xFF,0xB0,0x64,0x12,0xFF,0xB0,0x64,0x12,0xFF,0xB0,0x64,0x12,0xFF,0xB0,0x64,0x12,0xFF,0xB0,0x64,0x12,0xFF,0xB0,0x64,0x12,0xFF,0xB0,0x64,0x12,0xFF,0xB0,0x64,0x12,0xFF,0xB0,0x64,0x12,0xFF,0xB0,0x64,0x12,0xFF,0xB0,0x64,0x12,0xFF,0xB0,0x64,0x12,0xFF,
    0xB0,0x64,0x12,0xFF,0xB0,0x64,0x12,0xFF,0xB0,0x64,0x12,0xFF,0xB0,0x64,0x12,0xFF,0xB0,0x64,0x12,0xFF,0xB0,0x64,0x12,0xFF,0xB0,0x64,0x12,0xFF,0xB0,0x64,0x12,0xFF,0xB0,0x64,0x12,0xFF,0xB0,0x64,0x12,0xFF,0xB0,0x64,0x12,0xFF,0xB0,0x64,0x12,0xFF,0xB0,0x64,0x12,0xFF,0xB0,0x64,0x12,0xFF,0xB0,0x64,0x12,0xFF,0xB0,0x64,0x12,0xFF,
    0xB0,0x64,0x12,0xFF,0xB0,0x64,0x12,0xFF,0xB0,0x64,0x12,0xFF,0xB0,0x64,0x12,0xFF,0xB0,0x64,0x12,0xFF,0xB0,0x64,0x12,0xFF,0xB0,0x64,0x12,0xFF,0xB0,0x64,0x12,0xFF,0xB0,0x64,0x12,0xFF,0xB0,0x64,0x12,0xFF,0xB0,0x64,0x12,0xFF,0xB0,0x64,0x12,0xFF,0xB0,0x64,0x12,0xFF,0xB0,0x64,0x12,0xFF,0xB0,0x64,0x12,0xFF,0xB0,0x64,0x12,0xFF,
    0xB0,0x64,0x12,0xFF,0xB0,0x64,0x12,0xFF,0xB0,0x64,0x12,0xFF,0xB0,0x64,0x12,0xFF,0xB0,0x64,0x12,0xFF,0xB0,0x64,0x12,0xFF,0xB0,0x64,0x12,0xFF,0xB0,0x64,0x12,0xFF,0xB0,0x64,0x12,0xFF,0xB0,0x64,0x12,0xFF,0xB0,0x64,0x12,0xFF,0xB0,0x64,0x12,0xFF,0xB0,0x64,0x12,0xFF,0xB0,0x64,0x12,0xFF,0xB0,0x64,0x12,0xFF,0xB0,0x64,0x12,0xFF,
    0xB0,0x64,0x12,0xFF,0xB0,0x64,0x12,0xFF,0xB0,0x64,0x12,0xFF,0xB0,0x64,0x12,0xFF,0xB0,0x64,0x12,0xFF,0xB0,0x64,0x12,0xFF,0xB0,0x64,0x12,0xFF,0xB0,0x64,0x12,0xFF,0xB0,0x64,0x12,0xFF,0xB0,0x64,0x12,0xFF,0xB0,0x64,0x12,0xFF,0xB0,0x64,0x12,0xFF,0xB0,0x64,0x12,0xFF,0xB0,0x64,0x12,0xFF,0xB0,0x64,0x12,0xFF,0xB0,0x64,0x12,0xFF,
    0xB0,0x64,0x12,0xFF,0xB0,0x64,0x12,0xFF,0xB0,0x64,0x12,0xFF,0xB0,0x64,0x12,0xFF,0xB0,0x64,0x12,0xFF,0xB0,0x64,0x12,0xFF,0xB0,0x64,0x12,0xFF,0xB0,0x64,0x12,0xFF,0xB0,0x64,0x12,0xFF,0xB0,0x64,0x12,0xFF,0xB0,0x64,0x12,0xFF,0xB0,0x64,0x12,0xFF,0xB0,0x64,0x12,0xFF,0xB0,0x64,0x12,0xFF,0xB0,0x64,0x12,0xFF,0xB0,0x64,0x12,0xFF,
    0xB0,0x64,0x12,0xFF,0xB0,0x64,0x12,0xFF,0xB0,0x64,0x12,0xFF,0xB0,0x64,0x12,0xFF,0xB0,0x64,0x12,0xFF,0xB0,0x64,0x12,0xFF,0xB0,0x64,0x12,0xFF,0xB0,0x64,0x12,0xFF,0xB0,0x64,0x12,0xFF,0xB0,0x64,0x12,0xFF,0xB0,0x64,0x12,0xFF,0xB0,0x64,0x12,0xFF,0xB0,0x64,0x12,0xFF,0xB0,0x64,0x12,0xFF,0xB0,0x64,0x12,0xFF,0xB0,0x64,0x12,0xFF,
    0xB0,0x64,0x12,0xFF,0xB0,0x64,0x12,0xFF,0xB0,0x64,0x12,0xFF,0xB0,0x64,0x12,0xFF,0xB0,0x64,0x12,0xFF,0xB0,0x64,0x12,0xFF,0xB0,0x64,0x12,0xFF,0xB0,0x64,0x12,0xFF,0xB0,0x64,0x12,0xFF,0xB0,0x64,0x12,0xFF,0xB0,0x64,0x12,0xFF,0xB0,0x64,0x12,0xFF,0xB0,0x64,0x12,0xFF,0xB0,0x64,0x12,0xFF,0xB0,0x64,0x12,0xFF,0xB0,0x64,0x12,0xFF,
    0xB0,0x64,0x12,0xFF,0xB0,0x64,0x12,0xFF,0xB0,0x64,0x12,0xFF,0xB0,0x64,0x12,0xFF,0xB0,0x64,0x12,0xFF,0xB0,0x64,0x12,0xFF,0xB0,0x64,0x12,0xFF,0xB0,0x64,0x12,0xFF,0xB0,0x64,0x12,0xFF,0xB0,0x64,0x12,0xFF,0xB0,0x64,0x12,0xFF,0xB0,0x64,0x12,0xFF,0xB0,0x64,0x12,0xFF,0xB0,0x64,0x12,0xFF,0xB0,0x64,0x12,0xFF,0xB0,0x64,0x12,0xFF,
    0xB0,0x64,0x12,0xFF,0xB0,0x64,0x12,0xFF,0xB0,0x64,0x12,0xFF,0xB0,0x64,0x12,0xFF,0xB0,0x64,0x12,0xFF,0xB0,0x64,0x12,0xFF,0xB0,0x64,0x12,0xFF,0xB0,0x64,0x12,0xFF,0xB0,0x64,0x12,0xFF,0xB0,0x64,0x12,0xFF,0xB0,0x64,0x12,0xFF,0xB0,0x64,0x12,0xFF,0xB0,0x64,0x12,0xFF,0xB0,0x64,0x12,0xFF,0xB0,0x64,0x12,0xFF,0xB0,0x64,0x12,0xFF,
    0xB0,0x64,0x12,0xFF,0xB0,0x64,0x12,0xFF,0xB0,0x64,0x12,0xFF,0xB0,0x64,0x12,0xFF,0xB0,0x64,0x12,0xFF,0xB0,0x64,0x12,0xFF,0xB0,0x64,0x12,0xFF,0xB0,0x64,0x12,0xFF,0xB0,0x64,0x12,0xFF,0xB0,0x64,0x12,0xFF,0xB0,0x64,0x12,0xFF,0xB0,0x64,0x12,0xFF,0xB0,0x64,0x12,0xFF,0xB0,0x64,0x12,0xFF,0xB0,0x64,0x12,0xFF,0xB0,0x64,0x12,0xFF,
    0xB0,0x64,0x12,0xFF,0xB0,0x64,0x12,0xFF,0xB0,0x64,0x12,0xFF,0xB0,0x64,0x12,0xFF,0xB0,0x64,0x12,0xFF,0xB0,0x64,0x12,0xFF,0xB0,0x64,0x12,0xFF,0xB0,0x64,0x12,0xFF,0xB0,0x64,0x12,0xFF,0xB0,0x64,0x12,0xFF,0xB0,0x64,0x12,0xFF,0xB0,0x64,0x12,0xFF,0xB0,0x64,0x12,0xFF,0xB0,0x64,0x12,0xFF,0xB0,0x64,0x12,0xFF,0xB0,0x64,0x12,0xFF,
    0xB0,0x64,0x12,0xFF,0xB0,0x64,0x12,0xFF,0xB0,0x64,0x12,0xFF,0xB0,0x64,0x12,0xFF,0xB0,0x64,0x12,0xFF,0xB0,0x64,0x12,0xFF,0xB0,0x64,0x12,0xFF,0xB0,0x64,0x12,0xFF,0xB0,0x64,0x12,0xFF,0xB0,0x64,0x12,0xFF,0xB0,0x64,0x12,0xFF,0xB0,0x64,0x12,0xFF,0xB0,0x64,0x12,0xFF,0xB0,0x64,0x12,0xFF,0xB0,0x64,0x12,0xFF,0xB0,0x64,0x12,0xFF,
    0xB0,0x64,0x12,0xFF,0xB0,0x64,0x12,0xFF,0xB0,0x64,0x12,0xFF,0xB0,0x64,0x12,0xFF,0xB0,0x64,0x12,0xFF,0xB0,0x64,0x12,0xFF,0xB0,0x64,0x12,0xFF,0xB0,0x64,0x12,0xFF,0xB0,0x64,0x12,0xFF,0xB0,0x64,0x12,0xFF,0xB0,0x64,0x12,0xFF,0xB0,0x64,0x12,0xFF,0xB0,0x64,0x12,0xFF,0xB0,0x64,0x12,0xFF,0xB0,0x64,0x12,0xFF,0xB0,0x64,0x12,0xFF,
    0xB0,0x64,0x12,0xFF,0xB0,0x64,0x12,0xFF,0xB0,0x64,0x12,0xFF,0xB0,0x64,0x12,0xFF,0xB0,0x64,0x12,0xFF,0xB0,0x64,0x12,0xFF,0xB0,0x64,0x12,0xFF,0xB0,0x64,0x12,0xFF,0xB0,0x64,0x12,0xFF,0xB0,0x64,0x12,0xFF,0xB0,0x64,0x12,0xFF,0xB0,0x64,0x12,0xFF,0xB0,0x64,0x12,0xFF,0xB0,0x64,0x12,0xFF,0xB0,0x64,0x12,0xFF,0xB0,0x64,0x12,0xFF,
    0xB0,0x64,0x12,0xFF,0xB0,0x64,0x12,0xFF,0xB0,0x64,0x12,0xFF,0xB0,0x64,0x12,0xFF,0xB0,0x64,0x12,0xFF,0xB0,0x64,0x12,0xFF,0xB0,0x64,0x12,0xFF,0xB0,0x64,0x12,0xFF,0xB0,0x64,0x12,0xFF,0xB0,0x64,0x12,0xFF,0xB0,0x64,0x12,0xFF,0xB0,0x64,0x12,0xFF,0xB0,0x64,0x12,0xFF,0xB0,0x64,0x12,0xFF,0xB0,0x64,0x12,0xFF,0xB0,0x64,0x12,0xFF,
    0xB0,0x64,0x12,0xFF,0xB0,0x64,0x12,0xFF,0xB0,0x64,0x12,0xFF,0xB0,0x64,0x12,0xFF,0xB0,0x64,0x12,0xFF,0xB0,0x64,0x12,0xFF,0xB0,0x64,0x12,0xFF,0xB0,0x64,0x12,0xFF,0xB0,0x64,0x12,0xFF,0xB0,0x64,0x12,0xFF,0xB0,0x64,0x12,0xFF,0xB0,0x64,0x12,0xFF,0xB0,0x64,0x12,0xFF,0xB0,0x64,0x12,0xFF,0xB0,0x64,0x12,0xFF,0xB0,0x64,0x12,0xFF,
    0xB0,0x64,0x12,0xFF,0xB0,0x64,0x12,0xFF,0xB0,0x64,0x12,0xFF,0xB0,0x64,0x12,0xFF,0xB0,0x64,0x12,0xFF,0xB0,0x64,0x12,0xFF,0xB0,0x64,0x12,0xFF,0xB0,0x64,0x12,0xFF,0xB0,0x64,0x12,0xFF,0xB0,0x64,0x12,0xFF,0xB0,0x64,0x12,0xFF,0xB0,0x64,0x12,0xFF,0xB0,0x64,0x12,0xFF,0xB0,0x64,0x12,0xFF,0xB0,0x64,0x12,0xFF,0xB0,0x64,0x12,0xFF,
    0xB0,0x64,0x12,0xFF,0xB0,0x64,0x12,0xFF,0xB0,0x64,0x12,0xFF,0xB0,0x64,0x12,0xFF,0xB0,0x64,0x12,0xFF,0xB0,0x64,0x12,0xFF,0xB0,0x64,0x12,0xFF,0xB0,0x64,0x12,0xFF,0xB0,0x64,0x12,0xFF,0xB0,0x64,0x12,0xFF,0xB0,0x64,0x12,0xFF,0xB0,0x64,0x12,0xFF,0xB0,0x64,0x12,0xFF,0xB0,0x64,0x12,0xFF,0xB0,0x64,0x12,0xFF,0xB0,0x64,0x12,0xFF,
    0xB0,0x64,0x12,0xFF,0xB0,0x64,0x12,0xFF,0xB0,0x64,0x12,0xFF,0xB0,0x64,0x12,0xFF,0xB0,0x64,0x12,0xFF,0xB0,0x64,0x12,0xFF,0xB0,0x64,0x12,0xFF,0xB0,0x64,0x12,0xFF,0xB0,0x64,0x12,0xFF,0xB0,0x64,0x12,0xFF,0xB0,0x64,0x12,0xFF,0xB0,0x64,0x12,0xFF,0xB0,0x64,0x12,0xFF,0xB0,0x64,0x12,0xFF,0xB0,0x64,0x12,0xFF,0xB0,0x64,0x12,0xFF,
    0xB0,0x64,0x12,0xFF,0xB0,0x64,0x12,0xFF,0xB0,0x64,0x12,0xFF,0xB0,0x64,0x12,0xFF,0xB0,0x64,0x12,0xFF,0xB0,0x64,0x12,0xFF,0xB0,0x64,0x12,0xFF,0xB0,0x64,0x12,0xFF,0xB0,0x64,0x12,0xFF,0xB0,0x64,0x12,0xFF,0xB0,0x64,0x12,0xFF,0xB0,0x64,0x12,0xFF,0xB0,0x64,0x12,0xFF,0xB0,0x64,0x12,0xFF,0xB0,0x64,0x12,0xFF,0xB0,0x64,0x12,0xFF,
    0xB0,0x64,0x12,0xFF,0xB0,0x64,0x12,0xFF,0xB0,0x64,0x12,0xFF,0xB0,0x64,0x12,0xFF,0xB0,0x64,0x12,0xFF,0xB0,0x64,0x12,0xFF,0xB0,0x64,0x12,0xFF,0xB0,0x64,0x12,0xFF,0xB0,0x64,0x12,0xFF,0xB0,0x64,0x12,0xFF,0xB0,0x64,0x12,0xFF,0xB0,0x64,0x12,0xFF,0xB0,0x64,0x12,0xFF,0xB0,0x64,0x12,0xFF,0xB0,0x64,0x12,0xFF,0xB0,0x64,0x12,0xFF,
    0xB0,0x64,0x12,0xFF,0xB0,0x64,0x12,0xFF,0xB0,0x64,0x12,0xFF,0xB0,0x64,0x12,0xFF,0xB0,0x64,0x12,0xFF,0xB0,0x64,0x12,0xFF,0xB0,0x64,0x12,0xFF,0xB0,0x64,0x12,0xFF,0xB0,0x64,0x12,0xFF,0xB0,0x64,0x12,0xFF,0xB0,0x64,0x12,0xFF,0xB0,0x64,0x12,0xFF,0xB0,0x64,0x12,0xFF,0xB0,0x64,0x12,0xFF,0xB0,0x64,0x12,0xFF,0xB0,0x64,0x12,0xFF,
    0xB0,0x64,0x12,0xFF,0xB0,0x64,0x12,0xFF,0xB0,0x64,0x12,0xFF,0xB0,0x64,0x12,0xFF,0xB0,0x64,0x12,0xFF,0xB0,0x64,0x12,0xFF,0xB0,0x64,0x12,0xFF,0xB0,0x64,0x12,0xFF,0xB0,0x64,0x12,0xFF,0xB0,0x64,0x12,0xFF,0xB0,0x64,0x12,0xFF,0xB0,0x64,0x12,0xFF,0xB0,0x64,0x12,0xFF,0xB0,0x64,0x12,0xFF,0xB0,0x64,0x12,0xFF,0xB0,0x64,0x12,0xFF,
    0xB0,0x64,0x12,0xFF,0xB0,0x64,0x12,0xFF,0xB0,0x64,0x12,0xFF,0xB0,0x64,0x12,0xFF,0xB0,0x64,0x12,0xFF,0xB0,0x64,0x12,0xFF,0xB0,0x64,0x12,0xFF,0xB0,0x64,0x12,0xFF,0xB0,0x64,0x12,0xFF,0xB0,0x64,0x12,0xFF,0xB0,0x64,0x12,0xFF,0xB0,0x64,0x12,0xFF,0xB0,0x64,0x12,0xFF,0xB0,0x64,0x12,0xFF,0xB0,0x64,0x12,0xFF,0xB0,0x64,0x12,0xFF,
    0xB0,0x64,0x12,0xFF,0xB0,0x64,0x12,0xFF,0xB0,0x64,0x12,0xFF,0xB0,0x64,0x12,0xFF,0xB0,0x64,0x12,0xFF,0xB0,0x64,0x12,0xFF,0xB0,0x64,0x12,0xFF,0xB0,0x64,0x12,0xFF,0xB0,0x64,0x12,0xFF,0xB0,0x64,0x12,0xFF,0xB0,0x64,0x12,0xFF,0xB0,0x64,0x12,0xFF,0xB0,0x64,0x12,0xFF,0xB0,0x64,0x12,0xFF,0xB0,0x64,0x12,0xFF,0xB0,0x64,0x12,0xFF,
    0xB0,0x64,0x12,0xFF,0xB0,0x64,0x12,0xFF,0xB0,0x64,0x12,0xFF,0xB0,0x64,0x12,0xFF,0xB0,0x64,0x12,0xFF,0xB0,0x64,0x12,0xFF,0xB0,0x64,0x12,0xFF,0xB0,0x64,0x12,0xFF,0xB0,0x64,0x12,0xFF,0xB0,0x64,0x12,0xFF,0xB0,0x64,0x12,0xFF,0xB0,0x64,0x12,0xFF,0xB0,0x64,0x12,0xFF,0xB0,0x64,0x12,0xFF,0xB0,0x64,0x12,0xFF,0xB0,0x64,0x12,0xFF,
    0xB0,0x64,0x12,0xFF,0xB0,0x64,0x12,0xFF,0xB0,0x64,0x12,0xFF,0xB0,0x64,0x12,0xFF,0xB0,0x64,0x12,0xFF,0xB0,0x64,0x12,0xFF,0xB0,0x64,0x12,0xFF,0xB0,0x64,0x12,0xFF,0xB0,0x64,0x12,0xFF,0xB0,0x64,0x12,0xFF,0xB0,0x64,0x12,0xFF,0xB0,0x64,0x12,0xFF,0xB0,0x64,0x12,0xFF,0xB0,0x64,0x12,0xFF,0xB0,0x64,0x12,0xFF,0xB0,0x64,0x12,0xFF,
    0xB0,0x64,0x12,0xFF,0xB0,0x64,0x12,0xFF,0xB0,0x64,0x12,0xFF,0xB0,0x64,0x12,0xFF,0xB0,0x64,0x12,0xFF,0xB0,0x64,0x12,0xFF,0xB0,0x64,0x12,0xFF,0xB0,0x64,0x12,0xFF,0xB0,0x64,0x12,0xFF,0xB0,0x64,0x12,0xFF,0xB0,0x64,0x12,0xFF,0xB0,0x64,0x12,0xFF,0xB0,0x64,0x12,0xFF,0xB0,0x64,0x12,0xFF,0xB0,0x64,0x12,0xFF,0xB0,0x64,0x12,0xFF,
    0xB0,0x64,0x12,0xFF,0xB0,0x64,0x12,0xFF,0xB0,0x64,0x12,0xFF,0xB0,0x64,0x12,0xFF,0xB0,0x64,0x12,0xFF,0xB0,0x64,0x12,0xFF,0xB0,0x64,0x12,0xFF,0xB0,0x64,0x12,0xFF,0xB0,0x64,0x12,0xFF,0xB0,0x64,0x12,0xFF,0xB0,0x64,0x12,0xFF,0xB0,0x64,0x12,0xFF,0xB0,0x64,0x12,0xFF,0xB0,0x64,0x12,0xFF,0xB0,0x64,0x12,0xFF,0xB0,0x64,0x12,0xFF,
    0xB0,0x64,0x12,0xFF,0xB0,0x64,0x12,0xFF,0xB0,0x64,0x12,0xFF,0xB0,0x64,0x12,0xFF,0xB0,0x64,0x12,0xFF,0xB0,0x64,0x12,0xFF,0xB0,0x64,0x12,0xFF,0xB0,0x64,0x12,0xFF,0xB0,0x64,0x12,0xFF,0xB0,0x64,0x12,0xFF,0xB0,0x64,0x12,0xFF,0xB0,0x64,0x12,0xFF,0xB0,0x64,0x12,0xFF,0xB0,0x64,0x12,0xFF,0xB0,0x64,0x12,0xFF,0xB0,0x64,0x12,0xFF,
    0xB0,0x64,0x12,0xFF,0xB0,0x64,0x12,0xFF,0xB0,0x64,0x12,0xFF,0xB0,0x64,0x12,0xFF,0xB0,0x64,0x12,0xFF,0xB0,0x64,0x12,0xFF,0xB1,0x65,0x14,0x5B,0x00,0x00,0x00,0x00,0xAA,0x66,0x11,0x0F,0xB0,0x64,0x11,0xDE,0xB0,0x64,0x12,0xFF,0xB0,0x64,0x12,0xFF,0xB0,0x64,0x12,0xFF,0xB0,0x64,0x12,0xFF,0xB0,0x64,0x12,0xFF,0xB0,0x64,0x12,0xFF,
    0xB0,0x64,0x12,0xFF,0xB0,0x64,0x12,0xFF,0xB0,0x64,0x12,0xFF,0xB0,0x64,0x12,0xFF,0xB0,0x64,0x12,0xFF,0xB0,0x64,0x12,0xFF,0xB0,0x64,0x12,0xFF,0xB0,0x64,0x12,0xFF,0xB0,0x64,0x12,0xFF,0xB0,0x64,0x12,0xFF,0xB0,0x64,0x12,0xFF,0xB0,0x64,0x12,0xFF,0xB0,0x64,0x12,0xFF,0xB0,0x64,0x12,0xFF,0xB0,0x64,0x12,0xFF,0xB0,0x64,0x12,0xFF,
    0xB0,0x64,0x12,0xFF,0xB0,0x64,0x12,0xFF,0xB0,0x64,0x12,0xFF,0xB0,0x64,0x12,0xFF,0xB0,0x64,0x12,0xFF,0xB0,0x64,0x12,0xFF,0xB0,0x64,0x12,0xFF,0xB0,0x64,0x12,0xFF,0xB0,0x64,0x12,0xFF,0xB0,0x64,0x12,0xFF,0xB0,0x64,0x12,0xFF,0xB0,0x64,0x12,0xFF,0xB0,0x64,0x12,0xFF,0xB0,0x64,0x12,0xFF,0xB0,0x64,0x12,0xFF,0xB0,0x64,0x12,0xFF,
    0xB0,0x64,0x12,0xFF,0xB0,0x64,0x12,0xFF,0xB0,0x64,0x12,0xFF,0xB0,0x64,0x12,0xFF,0xB0,0x64,0x12,0xFF,0xB0,0x64,0x12,0xFF,0xB0,0x64,0x12,0xFF,0xB0,0x64,0x12,0xFF,0xB0,0x64,0x12,0xFF,0xB0,0x64,0x12,0xFF,0xB0,0x64,0x12,0xFF,0xB0,0x64,0x12,0xFF,0xB0,0x64,0x12,0xFF,0xB0,0x64,0x12,0xFF,0xB0,0x64,0x12,0xFF,0xB0,0x64,0x12,0xFF,
    0xB0,0x64,0x12,0xFF,0xB0,0x64,0x12,0xFF,0xB0,0x64,0x12,0xFF,0xB0,0x64,0x12,0xFF,0xB0,0x64,0x12,0xFF,0xB0,0x64,0x12,0xFF,0xB0,0x64,0x12,0xFF,0xB0,0x64,0x12,0xFF,0xB0,0x64,0x12,0xFF,0xB0,0x64,0x12,0xFF,0xB0,0x64,0x12,0xFF,0xB0,0x64,0x12,0xFF,0xB0,0x64,0x12,0xFF,0xB0,0x64,0x12,0xFF,0xB0,0x64,0x12,0xFF,0xB0,0x64,0x12,0xFF,
    0xB0,0x64,0x12,0xFF,0xB0,0x64,0x12,0xFF,0xB0,0x64,0x12,0xFF,0xB0,0x64,0x12,0xFF,0xB0,0x64,0x12,0xFF,0xB0,0x64,0x12,0xFF,0xB0,0x64,0x12,0xFF,0xB0,0x64,0x12,0xFF,0xB0,0x64,0x12,0xFF,0xB0,0x64,0x12,0xFF,0xB0,0x64,0x12,0xFF,0xB0,0x64,0x12,0xFF,0xB0,0x64,0x12,0xFF,0xB0,0x64,0x12,0xFF,0xB0,0x64,0x12,0xFF,0xB0,0x64,0x12,0xFF,
    0xB0,0x64,0x12,0xFF,0xB0,0x64,0x12,0xFF,0xB0,0x64,0x12,0xFF,0xB0,0x64,0x12,0xFF,0xB0,0x64,0x12,0xFF,0xB0,0x64,0x12,0xFF,0xB0,0x64,0x12,0xFF,0xB0,0x64,0x12,0xFF,0xB0,0x64,0x12,0xFF,0xB0,0x64,0x12,0xFF,0xB0,0x64,0x12,0xFF,0xB0,0x64,0x12,0xFF,0xB0,0x64,0x12,0xFF,0xB0,0x64,0x12,0xFF,0xB0,0x64,0x12,0xFF,0xB0,0x64,0x12,0xFF,
    0xB0,0x64,0x12,0xFF,0xB0,0x64,0x12,0xFF,0xB0,0x64,0x12,0xFF,0xB0,0x64,0x12,0xFF,0xB0,0x64,0x12,0xFF,0xB0,0x64,0x12,0xFF,0xB0,0x64,0x12,0xFF,0xB0,0x64,0x12,0xFF,0xB0,0x64,0x12,0xFF,0xB0,0x64,0x12,0xFF,0xB0,0x64,0x12,0xFF,0xB0,0x64,0x12,0xFF,0xB0,0x64,0x12,0xFF,0xB0,0x64,0x12,0xFF,0xB0,0x64,0x12,0xFF,0xB0,0x64,0x12,0xFF,
    0xB0,0x64,0x12,0xFF,0xB0,0x64,0x12,0xFF,0xB0,0x64,0x12,0xFF,0xB0,0x64,0x12,0xFF,0xB0,0x64,0x12,0xFF,0xB0,0x64,0x12,0xFF,0xB0,0x64,0x12,0xFF,0xB0,0x64,0x12,0xFF,0xB0,0x64,0x12,0xFF,0xB0,0x64,0x12,0xFF,0xB0,0x64,0x12,0xFF,0xB0,0x64,0x12,0xFF,0xB0,0x64,0x12,0xFF,0xB0,0x64,0x12,0xFF,0xB0,0x64,0x12,0xFF,0xB0,0x64,0x12,0xFF,
    0xB0,0x64,0x12,0xFF,0xB0,0x64,0x12,0xFF,0xB0,0x64,0x12,0xFF,0xB0,0x64,0x12,0xFF,0xB0,0x64,0x12,0xFF,0xB0,0x64,0x12,0xFF,0xB0,0x64,0x12,0xFF,0xB0,0x64,0x12,0xFF,0xB0,0x64,0x12,0xFF,0xB0,0x64,0x12,0xFF,0xB0,0x64,0x12,0xFF,0xB0,0x64,0x12,0xFF,0xB0,0x64,0x12,0xFF,0xB0,0x64,0x12,0xFF,0xB0,0x64,0x12,0xFF,0xB0,0x64,0x12,0xFF,
    0xB0,0x64,0x12,0xFF,0xB0,0x64,0x12,0xFF,0xB0,0x64,0x12,0xFF,0xB0,0x64,0x12,0xFF,0xB0,0x64,0x12,0xFF,0xB0,0x64,0x12,0xFF,0xB0,0x64,0x12,0xFF,0xB0,0x64,0x12,0xFF,0xB0,0x64,0x12,0xFF,0xB0,0x64,0x12,0xFF,0xB0,0x64,0x12,0xFF,0xB0,0x64,0x12,0xFF,0xB0,0x64,0x12,0xFF,0xB0,0x64,0x12,0xFF,0xB0,0x64,0x12,0xFF,0xB0,0x64,0x12,0xFF,
    0xB0,0x64,0x12,0xFF,0xB0,0x64,0x12,0xFF,0xB0,0x64,0x12,0xFF,0xB0,0x64,0x12,0xFF,0xB0,0x64,0x12,0xFF,0xB0,0x64,0x12,0xFF,0xB0,0x64,0x12,0xFF,0xB0,0x64,0x12,0xFF,0xB0,0x64,0x12,0xFF,0xB0,0x64,0x12,0xFF,0xB0,0x64,0x12,0xFF,0xB0,0x64,0x12,0xFF,0xB0,0x64,0x12,0xFF,0xB0,0x64,0x12,0xFF,0xB0,0x64,0x12,0xFF,0xB0,0x64,0x12,0xFF,
    0xB0,0x64,0x12,0xFF,0xB0,0x64,0x12,0xFF,0xB0,0x64,0x12,0xFF,0xB0,0x64,0x12,0xFF,0xB0,0x64,0x12,0xFF,0xB0,0x64,0x12,0xFF,0xB0,0x64,0x12,0xFF,0xB0,0x64,0x12,0xFF,0xB0,0x64,0x12,0xFF,0xB0,0x64,0x12,0xFF,0xB0,0x64,0x12,0xFF,0xB0,0x64,0x12,0xFF,0xB0,0x64,0x12,0xFF,0xB0,0x64,0x12,0xFF,0xB0,0x64,0x12,0xFF,0xB0,0x64,0x12,0xFF,
    0xB0,0x64,0x12,0xFF,0xB0,0x64,0x12,0xFF,0xB0,0x64,0x12,0xFF,0xB0,0x64,0x12,0xFF,0xB0,0x64,0x12,0xFF,0xB0,0x64,0x12,0xFF,0xB0,0x64,0x12,0xFF,0xB0,0x64,0x12,0xFF,0xB0,0x64,0x12,0xFF,0xB0,0x64,0x12,0xFF,0xB0,0x64,0x12,0xFF,0xB0,0x64,0x12,0xFF,0xB0,0x64,0x12,0xFF,0xB0,0x64,0x12,0xFF,0xB0,0x64,0x12,0xFF,0xB0,0x64,0x12,0xFF,
    0xB0,0x64,0x12,0xFF,0xB0,0x64,0x12,0xFF,0xB0,0x64,0x12,0xFF,0xB0,0x64,0x12,0xFF,0xB0,0x64,0x12,0xFF,0xB0,0x64,0x12,0xFF,0xB0,0x64,0x12,0xFF,0xB0,0x64,0x12,0xFF,0xB0,0x64,0x12,0xFF,0xB0,0x64,0x12,0xFF,0xB0,0x64,0x12,0xFF,0xB0,0x64,0x12,0xFF,0xB0,0x64,0x12,0xFF,0xB0,0x64,0x12,0xFF,0xB0,0x64,0x12,0xFF,0xB0,0x64,0x12,0xFF,
    0xB0,0x64,0x12,0xFF,0xB0,0x64,0x12,0xFF,0xB0,0x64,0x12,0xFF,0xB0,0x64,0x12,0xFF,0xB0,0x64,0x12,0xFF,0xB0,0x64,0x12,0xFF,0xB0,0x64,0x12,0xFF,0xB0,0x64,0x12,0xFF,0xB0,0x64,0x12,0xFF,0xB0,0x64,0x12,0xFF,0xB0,0x64,0x12,0xFF,0xB0,0x64,0x12,0xFF,0xB0,0x64,0x12,0xFF,0xB0,0x64,0x12,0xFF,0xB0,0x64,0x12,0xFF,0xB0,0x64,0x12,0xFF,
    0xB0,0x64,0x12,0xFF,0xB0,0x64,0x12,0xFF,0xB0,0x64,0x12,0xFF,0xB0,0x64,0x12,0xFF,0xB0,0x64,0x12,0xFF,0xB0,0x64,0x12,0xFF,0xB0,0x64,0x12,0xFF,0xB0,0x64,0x12,0xFF,0xB0,0x64,0x12,0xFF,0xB0,0x64,0x12,0xFF,0xB0,0x64,0x12,0xFF,0xB0,0x64,0x12,0xFF,0xB0,0x64,0x12,0xFF,0xB0,0x64,0x12,0xFF,0xB0,0x64,0x12,0xFF,0xB0,0x64,0x12,0xFF,
    0xB0,0x64,0x12,0xFF,0xB0,0x64,0x12,0xFF,0xB0,0x64,0x12,0xFF,0xB0,0x64,0x12,0xFF,0xB0,0x64,0x12,0xFF,0xB0,0x64,0x12,0xFF,0xB0,0x64,0x12,0xFF,0xB0,0x64,0x12,0xFF,0xB0,0x64,0x12,0xFF,0xB0,0x64,0x12,0xFF,0xB0,0x64,0x12,0xFF,0xB0,0x64,0x12,0xFF,0xB0,0x64,0x12,0xFF,0xB0,0x64,0x12,0xFF,0xB0,0x64,0x12,0xFF,0xB0,0x64,0x12,0xFF,
    0xB0,0x64,0x12,0xFF,0xB0,0x64,0x12,0xFF,0xB0,0x64,0x12,0xFF,0xB0,0x64,0x12,0xFF,0xB0,0x64,0x12,0xFF,0xB0,0x64,0x12,0xFF,0xB0,0x64,0x12,0xFF,0xB0,0x64,0x12,0xFF,0xB0,0x64,0x12,0xFF,0xB0,0x64,0x12,0xFF,0xB0,0x64,0x12,0xFF,0xB0,0x64,0x12,0xFF,0xB0,0x64,0x12,0xFF,0xB0,0x64,0x12,0xFF,0xB0,0x64,0x12,0xFF,0xB0,0x64,0x12,0xFF,
    0xB0,0x64,0x12,0xFF,0xB0,0x64,0x12,0xFF,0xB0,0x64,0x12,0xFF,0xB0,0x64,0x12,0xFF,0xB0,0x64,0x12,0xFF,0xB0,0x64,0x12,0xFF,0xB0,0x64,0x12,0xFF,0xB0,0x64,0x12,0xFF,0xB0,0x64,0x12,0xFF,0xB0,0x64,0x12,0xFF,0xB0,0x64,0x12,0xFF,0xB0,0x64,0x12,0xFF,0xB0,0x64,0x12,0xFF,0xB0,0x64,0x12,0xFF,0xB0,0x64,0x12,0xFF,0xB0,0x64,0x12,0xFF,
    0xB0,0x64,0x12,0xFF,0xB0,0x64,0x12,0xFF,0xB0,0x64,0x12,0xFF,0xB0,0x64,0x12,0xFF,0xB0,0x64,0x12,0xFF,0xB0,0x64,0x12,0xFF,0xB0,0x64,0x12,0xFF,0xB0,0x64,0x12,0xFF,0xB0,0x64,0x12,0xFF,0xB0,0x64,0x12,0xFF,0xB0,0x64,0x12,0xFF,0xB0,0x64,0x12,0xFF,0xB0,0x64,0x12,0xFF,0xB0,0x64,0x12,0xFF,0xB0,0x64,0x12,0xFF,0xB0,0x64,0x12,0xFF,
    0xB0,0x64,0x12,0xFF,0xB0,0x64,0x12,0xFF,0xB0,0x64,0x12,0xFF,0xB0,0x64,0x12,0xFF,0xB0,0x64,0x12,0xFF,0xB0,0x64,0x12,0xFF,0xB0,0x64,0x12,0xFF,0xB0,0x64,0x12,0xFF,0xB0,0x64,0x12,0xFF,0xB0,0x64,0x12,0xFF,0xB0,0x64,0x12,0xFF,0xB0,0x64,0x12,0xFF,0xB0,0x64,0x12,0xFF,0xB0,0x64,0x12,0xFF,0xB0,0x64,0x12,0xFF,0xB0,0x64,0x12,0xFF,
    0xB0,0x64,0x12,0xFF,0xB0,0x64,0x12,0xFF,0xB0,0x64,0x12,0xFF,0xB0,0x64,0x12,0xFF,0xB0,0x64,0x12,0xFF,0xB0,0x64,0x12,0xFF,0xB0,0x64,0x12,0xFF,0xB0,0x64,0x12,0xFF,0xB0,0x64,0x12,0xFF,0xB0,0x64,0x12,0xFF,0xB0,0x64,0x12,0xFF,0xB0,0x64,0x12,0xFF,0xB0,0x64,0x12,0xFF,0xB0,0x64,0x12,0xFF,0xB0,0x64,0x12,0xFF,0xB0,0x64,0x12,0xFF,
    0xB0,0x64,0x12,0xFF,0xB0,0x64,0x12,0xFF,0xB0,0x64,0x12,0xFF,0xB0,0x64,0x12,0xFF,0xB0,0x64,0x12,0xFF,0xB0,0x64,0x12,0xFF,0xB0,0x64,0x12,0xFF,0xB0,0x64,0x12,0xFF,0xB0,0x64,0x12,0xFF,0xB0,0x64,0x12,0xFF,0xB0,0x64,0x12,0xFF,0xB0,0x64,0x12,0xFF,0xB0,0x64,0x12,0xFF,0xB0,0x64,0x12,0xFF,0xB0,0x64,0x12,0xFF,0xB0,0x64,0x12,0xFF,
    0xB0,0x64,0x12,0xFF,0xB0,0x64,0x12,0xFF,0xB0,0x64,0x12,0xFF,0xB0,0x64,0x12,0xFF,0xB0,0x64,0x12,0xFF,0xB0,0x64,0x12,0xFF,0xB0,0x64,0x12,0xFF,0xB0,0x64,0x12,0xFF,0xB0,0x64,0x12,0xFF,0xB0,0x64,0x12,0xFF,0xB0,0x64,0x12,0xFF,0xB0,0x64,0x12,0xFF,0xB0,0x64,0x12,0xFF,0xB0,0x64,0x12,0xFF,0xB0,0x64,0x12,0xFF,0xB0,0x64,0x12,0xFF,
    0xB0,0x64,0x12,0xFF,0xB0,0x64,0x12,0xFF,0xB0,0x64,0x12,0xFF,0xB0,0x64,0x12,0xFF,0xB0,0x64,0x12,0xFF,0xB0,0x64,0x12,0xFF,0xB0,0x64,0x12,0xFF,0xB0,0x64,0x12,0xFF,0xB0,0x64,0x12,0xFF,0xB0,0x64,0x12,0xFF,0xB0,0x64,0x12,0xFF,0xB0,0x64,0x12,0xFF,0xB0,0x64,0x12,0xFF,0xB0,0x64,0x12,0xFF,0xB0,0x64,0x12,0xFF,0xB0,0x64,0x12,0xFF,
    0xB0,0x64,0x12,0xFF,0xB0,0x64,0x12,0xFF,0xB0,0x64,0x12,0xFF,0xB0,0x64,0x12,0xFF,0xB0,0x64,0x12,0xFF,0xB0,0x64,0x12,0xFF,0xB0,0x64,0x12,0xFF,0xB0,0x64,0x12,0xFF,0xB0,0x64,0x12,0xFF,0xB0,0x64,0x12,0xFF,0xB0,0x64,0x12,0xFF,0xB0,0x64,0x12,0xFF,0xB0,0x64,0x12,0xFF,0xB0,0x64,0x12,0xFF,0xB0,0x64,0x12,0xFF,0xB0,0x64,0x12,0xFF,
    0xB0,0x64,0x12,0xFF,0xB0,0x64,0x12,0xFF,0xB0,0x64,0x12,0xFF,0xB0,0x64,0x12,0xFF,0xB0,0x64,0x12,0xFF,0xB0,0x64,0x12,0xFF,0xB0,0x64,0x12,0xFF,0xB0,0x64,0x12,0xFF,0xB0,0x64,0x12,0xFF,0xB0,0x64,0x12,0xFF,0xB0,0x64,0x12,0xFF,0xB0,0x64,0x12,0xFF,0xB0,0x64,0x12,0xFF,0xB0,0x64,0x12,0xFF,0xB0,0x64,0x12,0xFF,0xB0,0x64,0x12,0xFF,
    0xB0,0x64,0x12,0xFF,0xB0,0x64,0x12,0xFF,0xB0,0x64,0x12,0xFF,0xB0,0x64,0x12,0xFF,0xB0,0x64,0x12,0xFF,0xB0,0x64,0x12,0xFF,0xB0,0x64,0x12,0xFF,0xB0,0x64,0x12,0xFF,0xB0,0x64,0x12,0xFF,0xB0,0x64,0x12,0xFF,0xB0,0x64,0x12,0xFF,0xB0,0x64,0x12,0xFF,0xB0,0x64,0x12,0xFF,0xB0,0x64,0x12,0xFF,0xB0,0x64,0x12,0xFF,0xB0,0x64,0x12,0xFF,
    0xB0,0x64,0x12,0xFF,0xB0,0x64,0x12,0xFF,0xB0,0x64,0x12,0xFF,0xB0,0x64,0x12,0xFF,0xB0,0x64,0x12,0xFF,0xB0,0x64,0x12,0xFF,0xB0,0x64,0x12,0xFF,0xB0,0x64,0x12,0xFF,0xB0,0x64,0x12,0xFF,0xB0,0x64,0x12,0xFF,0xB0,0x64,0x12,0xFF,0xB0,0x64,0x12,0xFF,0xB0,0x64,0x12,0xFF,0xB0,0x64,0x12,0xFF,0xB0,0x64,0x12,0xFF,0xB0,0x64,0x12,0xFF,
    0xB0,0x64,0x12,0xFF,0xB0,0x64,0x12,0xFF,0xB0,0x64,0x12,0xFF,0xB0,0x64,0x12,0xFF,0xB0,0x64,0x12,0xFF,0xB0,0x64,0x12,0xFF,0xB0,0x64,0x12,0xFF,0xB0,0x64,0x12,0xFF,0xB0,0x64,0x12,0xFF,0xB0,0x64,0x12,0xFF,0xB0,0x64,0x12,0xFF,0xB0,0x64,0x12,0xFF,0xB0,0x64,0x12,0xFF,0xB0,0x64,0x12,0xFF,0xB0,0x64,0x12,0xFF,0xB0,0x64,0x12,0xFF,
    0xB0,0x64,0x12,0xFF,0xB0,0x64,0x12,0xFF,0xB0,0x64,0x12,0xFF,0xB0,0x64,0x12,0xFF,0xB0,0x64,0x12,0xFF,0xB0,0x64,0x12,0xFF,0xB0,0x64,0x12,0xFF,0xB0,0x64,0x12,0xFF,0xB0,0x64,0x12,0xFF,0xB0,0x64,0x12,0xFF,0xB0,0x64,0x12,0xFF,0xB0,0x64,0x12,0xFF,0xB0,0x64,0x12,0xFF,0xB0,0x64,0x12,0xFF,0xB0,0x64,0x12,0xFF,0xB0,0x64,0x12,0xFF,
    0xB0,0x64,0x12,0xFF,0xB0,0x64,0x12,0xFF,0xB0,0x64,0x12,0xFF,0xB0,0x64,0x12,0xFF,0xB0,0x64,0x12,0xFF,0xB0,0x64,0x12,0xFF,0xB0,0x64,0x12,0xFF,0xB0,0x64,0x12,0xFF,0xB0,0x64,0x12,0xFF,0xB0,0x64,0x12,0xFF,0xB0,0x64,0x12,0xFF,0xB0,0x64,0x12,0xFF,0xB0,0x64,0x12,0xFF,0xB0,0x64,0x12,0xFF,0xB0,0x64,0x12,0xFF,0xB0,0x64,0x12,0xFF,
    0xB0,0x64,0x12,0xFF,0xB0,0x64,0x12,0xFF,0xB0,0x64,0x12,0xFF,0xB0,0x64,0x12,0xFF,0xB0,0x64,0x12,0xFF,0xB0,0x64,0x12,0xFF,0xB0,0x64,0x12,0xFF,0xB0,0x64,0x12,0xFF,0xB0,0x64,0x12,0xFF,0xB0,0x64,0x12,0xFF,0xB0,0x64,0x12,0xFF,0xB0,0x64,0x12,0xFF,0xB0,0x64,0x12,0xFF,0xB0,0x64,0x12,0xFF,0xB0,0x64,0x12,0xFF,0xB0,0x64,0x12,0xFF,
    0xB0,0x64,0x12,0xFF,0xB0,0x64,0x12,0xFF,0xB0,0x64,0x12,0xFF,0xB0,0x64,0x12,0xFF,0xB0,0x64,0x12,0xFF,0xB0,0x64,0x12,0xFF,0xB0,0x64,0x12,0xFF,0xB0,0x64,0x12,0xFF,0xB0,0x64,0x12,0xFF,0xB0,0x64,0x12,0xFF,0xB0,0x64,0x12,0xFF,0xB0,0x64,0x12,0xFF,0xB0,0x64,0x12,0xFF,0xB0,0x64,0x12,0xFF,0xB0,0x64,0x12,0xFF,0xB0,0x64,0x12,0xFF,
    0xB0,0x64,0x12,0xFF,0xB0,0x64,0x12,0xFF,0xB0,0x64,0x12,0xFF,0xB0,0x64,0x12,0xFF,0xB0,0x64,0x12,0xFF,0xB0,0x64,0x12,0xFF,0xB0,0x64,0x12,0xFF,0xB0,0x64,0x12,0xFF,0xB0,0x64,0x12,0xFF,0xB0,0x64,0x12,0xFF,0xB0,0x64,0x12,0xFF,0xB0,0x64,0x12,0xFF,0xB0,0x64,0x12,0xFF,0xB0,0x64,0x12,0xFF,0xB0,0x64,0x12,0xFF,0xB0,0x64,0x12,0xFF,
    0xB0,0x64,0x12,0xFF,0xB0,0x64,0x12,0xFF,0xB0,0x64,0x12,0xFF,0xB0,0x64,0x12,0xFF,0xB0,0x64,0x12,0xFF,0xB0,0x64,0x12,0xFF,0xB0,0x64,0x12,0xFF,0xB0,0x64,0x12,0xFF,0xB0,0x64,0x12,0xFF,0xB0,0x64,0x12,0xFF,0xB0,0x64,0x12,0xFF,0xB0,0x64,0x12,0xFF,0xB0,0x64,0x12,0xFF,0xB0,0x64,0x12,0xFF,0xB0,0x64,0x12,0xFF,0xB0,0x64,0x12,0xFF,
    0xB0,0x64,0x12,0xFF,0xB0,0x64,0x12,0xFF,0xB0,0x64,0x12,0xFF,0xB0,0x64,0x12,0xFF,0xB0,0x64,0x12,0xFF,0xB0,0x64,0x12,0xFF,0xB0,0x64,0x12,0xFF,0xB0,0x64,0x12,0xFF,0xB0,0x64,0x12,0xFF,0xB0,0x64,0x12,0xFF,0xB0,0x64,0x12,0xFF,0xB0,0x64,0x12,0xFF,0xB0,0x64,0x12,0xFF,0xB0,0x64,0x12,0xFF,0xB0,0x64,0x11,0xDE,0xAA,0x66,0x11,0x0F,
    0xAF,0x64,0x11,0x59,0xB0,0x64,0x12,0xFF,0xB0,0x64,0x12,0xFF,0xB0,0x64,0x12,0xFF,0xB0,0x64,0x12,0xFF,0xB0,0x64,0x12,0xFF,0xB0,0x64,0x12,0xFF,0xB0,0x64,0x12,0xFF,0xB0,0x64,0x12,0xFF,0xB0,0x64,0x12,0xFF,0xB0,0x64,0x12,0xFF,0xB0,0x64,0x12,0xFF,0xB0,0x64,0x12,0xFF,0xB0,0x64,0x12,0xFF,0xB0,0x64,0x12,0xFF,0xB0,0x64,0x12,0xFF,
    0xB0,0x64,0x12,0xFF,0xB0,0x64,0x12,0xFF,0xB0,0x64,0x12,0xFF,0xB0,0x64,0x12,0xFF,0xB0,0x64,0x12,0xFF,0xB0,0x64,0x12,0xFF,0xB0,0x64,0x12,0xFF,0xB0,0x64,0x12,0xFF,0xB0,0x64,0x12,0xFF,0xB0,0x64,0x12,0xFF,0xB0,0x64,0x12,0xFF,0xB0,0x64,0x12,0xFF,0xB0,0x64,0x12,0xFF,0xB0,0x64,0x12,0xFF,0xB0,0x64,0x12,0xFF,0xB0,0x64,0x12,0xFF,
    0xB0,0x64,0x12,0xFF,0xB0,0x64,0x12,0xFF,0xB0,0x64,0x12,0xFF,0xB0,0x64,0x12,0xFF,0xB0,0x64,0x12,0xFF,0xB0,0x64,0x12,0xFF,0xB0,0x64,0x12,0xFF,0xB0,0x64,0x12,0xFF,0xB0,0x64,0x12,0xFF,0xB0,0x64,0x12,0xFF,0xB0,0x64,0x12,0xFF,0xB0,0x64,0x12,0xFF,0xB0,0x64,0x12,0xFF,0xB0,0x64,0x12,0xFF,0xB0,0x64,0x12,0xFF,0xB0,0x64,0x12,0xFF,
    0xB0,0x64,0x12,0xFF,0xB0,0x64,0x12,0xFF,0xB0,0x64,0x12,0xFF,0xB0,0x64,0x12,0xFF,0xB0,0x64,0x12,0xFF,0xB0,0x64,0x12,0xFF,0xB0,0x64,0x12,0xFF,0xB0,0x64,0x12,0xFF,0xB0,0x64,0x12,0xFF,0xB0,0x64,0x12,0xFF,0xB0,0x64,0x12,0xFF,0xB0,0x64,0x12,0xFF,0xB0,0x64,0x12,0xFF,0xB0,0x64,0x12,0xFF,0xB0,0x64,0x12,0xFF,0xB0,0x64,0x12,0xFF,
    0xB0,0x64,0x12,0xFF,0xB0,0x64,0x12,0xFF,0xB0,0x64,0x12,0xFF,0xB0,0x64,0x12,0xFF,0xB0,0x64,0x12,0xFF,0xB0,0x64,0x12,0xFF,0xB0,0x64,0x12,0xFF,0xB0,0x64,0x12,0xFF,0xB0,0x64,0x12,0xFF,0xB0,0x64,0x12,0xFF,0xB0,0x64,0x12,0xFF,0xB0,0x64,0x12,0xFF,0xB0,0x64,0x12,0xFF,0xB0,0x64,0x12,0xFF,0xB0,0x64,0x12,0xFF,0xB0,0x64,0x12,0xFF,
    0xB0,0x64,0x12,0xFF,0xB0,0x64,0x12,0xFF,0xB0,0x64,0x12,0xFF,0xB0,0x64,0x12,0xFF,0xB0,0x64,0x12,0xFF,0xB0,0x64,0x12,0xFF,0xB0,0x64,0x12,0xFF,0xB0,0x64,0x12,0xFF,0xB0,0x64,0x12,0xFF,0xB0,0x64,0x12,0xFF,0xB0,0x64,0x12,0xFF,0xB0,0x64,0x12,0xFF,0xB0,0x64,0x12,0xFF,0xB0,0x64,0x12,0xFF,0xB0,0x64,0x12,0xFF,0xB0,0x64,0x12,0xFF,
    0xB0,0x64,0x12,0xFF,0xB0,0x64,0x12,0xFF,0xB0,0x64,0x12,0xFF,0xB0,0x64,0x12,0xFF,0xB0,0x64,0x12,0xFF,0xB0,0x64,0x12,0xFF,0xB0,0x64,0x12,0xFF,0xB0,0x64,0x12,0xFF,0xB0,0x64,0x12,0xFF,0xB0,0x64,0x12,0xFF,0xB0,0x64,0x12,0xFF,0xB0,0x64,0x12,0xFF,0xB0,0x64,0x12,0xFF,0xB0,0x64,0x12,0xFF,0xB0,0x64,0x12,0xFF,0xB0,0x64,0x12,0xFF,
    0xB0,0x64,0x12,0xFF,0xB0,0x64,0x12,0xFF,0xB0,0x64,0x12,0xFF,0xB0,0x64,0x12,0xFF,0xB0,0x64,0x12,0xFF,0xB0,0x64,0x12,0xFF,0xB0,0x64,0x12,0xFF,0xB0,0x64,0x12,0xFF,0xB0,0x64,0x12,0xFF,0xB0,0x64,0x12,0xFF,0xB0,0x64,0x12,0xFF,0xB0,0x64,0x12,0xFF,0xB0,0x64,0x12,0xFF,0xB0,0x64,0x12,0xFF,0xB0,0x64,0x12,0xFF,0xB0,0x64,0x12,0xFF,
    0xB0,0x64,0x12,0xFF,0xB0,0x64,0x12,0xFF,0xB0,0x64,0x12,0xFF,0xB0,0x64,0x12,0xFF,0xB0,0x64,0x12,0xFF,0xB0,0x64,0x12,0xFF,0xB0,0x64,0x12,0xFF,0xB0,0x64,0x12,0xFF,0xB0,0x64,0x12,0xFF,0xB0,0x64,0x12,0xFF,0xB0,0x64,0x12,0xFF,0xB0,0x64,0x12,0xFF,0xB0,0x64,0x12,0xFF,0xB0,0x64,0x12,0xFF,0xB0,0x64,0x12,0xFF,0xB0,0x64,0x12,0xFF,
    0xB0,0x64,0x12,0xFF,0xB0,0x64,0x12,0xFF,0xB0,0x64,0x12,0xFF,0xB0,0x64,0x12,0xFF,0xB0,0x64,0x12,0xFF,0xB0,0x64,0x12,0xFF,0xB0,0x64,0x12,0xFF,0xB0,0x64,0x12,0xFF,0xB0,0x64,0x12,0xFF,0xB0,0x64,0x12,0xFF,0xB0,0x64,0x12,0xFF,0xB0,0x64,0x12,0xFF,0xB0,0x64,0x12,0xFF,0xB0,0x64,0x12,0xFF,0xB0,0x64,0x12,0xFF,0xB0,0x64,0x12,0xFF,
    0xB0,0x64,0x12,0xFF,0xB0,0x64,0x12,0xFF,0xB0,0x64,0x12,0xFF,0xB0,0x64,0x12,0xFF,0xB0,0x64,0x12,0xFF,0xB0,0x64,0x12,0xFF,0xB0,0x64,0x12,0xFF,0xB0,0x64,0x12,0xFF,0xB0,0x64,0x12,0xFF,0xB0,0x64,0x12,0xFF,0xB0,0x64,0x12,0xFF,0xB0,0x64,0x12,0xFF,0xB0,0x64,0x12,0xFF,0xB0,0x64,0x12,0xFF,0xB0,0x64,0x12,0xFF,0xB0,0x64,0x12,0xFF,
    0xB0,0x64,0x12,0xFF,0xB0,0x64,0x12,0xFF,0xB0,0x64,0x12,0xFF,0xB0,0x64,0x12,0xFF,0xB0,0x64,0x12,0xFF,0xB0,0x64,0x12,0xFF,0xB0,0x64,0x12,0xFF,0xB0,0x64,0x12,0xFF,0xB0,0x64,0x12,0xFF,0xB0,0x64,0x12,0xFF,0xB0,0x64,0x12,0xFF,0xB0,0x64,0x12,0xFF,0xB0,0x64,0x12,0xFF,0xB0,0x64,0x12,0xFF,0xB0,0x64,0x12,0xFF,0xB0,0x64,0x12,0xFF,
    0xB0,0x64,0x12,0xFF,0xB0,0x64,0x12,0xFF,0xB0,0x64,0x12,0xFF,0xB0,0x64,0x12,0xFF,0xB0,0x64,0x12,0xFF,0xB0,0x64,0x12,0xFF,0xB0,0x64,0x12,0xFF,0xB0,0x64,0x12,0xFF,0xB0,0x64,0x12,0xFF,0xB0,0x64,0x12,0xFF,0xB0,0x64,0x12,0xFF,0xB0,0x64,0x12,0xFF,0xB0,0x64,0x12,0xFF,0xB0,0x64,0x12,0xFF,0xB0,0x64,0x12,0xFF,0xB0,0x64,0x12,0xFF,
    0xB0,0x64,0x12,0xFF,0xB0,0x64,0x12,0xFF,0xB0,0x64,0x12,0xFF,0xB0,0x64,0x12,0xFF,0xB0,0x64,0x12,0xFF,0xB0,0x64,0x12,0xFF,0xB0,0x64,0x12,0xFF,0xB0,0x64,0x12,0xFF,0xB0,0x64,0x12,0xFF,0xB0,0x64,0x12,0xFF,0xB0,0x64,0x12,0xFF,0xB0,0x64,0x12,0xFF,0xB0,0x64,0x12,0xFF,0xB0,0x64,0x12,0xFF,0xB0,0x64,0x12,0xFF,0xB0,0x64,0x12,0xFF,
    0xB0,0x64,0x12,0xFF,0xB0,0x64,0x12,0xFF,0xB0,0x64,0x12,0xFF,0xB0,0x64,0x12,0xFF,0xB0,0x64,0x12,0xFF,0xB0,0x64,0x12,0xFF,0xB0,0x64,0x12,0xFF,0xB0,0x64,0x12,0xFF,0xB0,0x64,0x12,0xFF,0xB0,0x64,0x12,0xFF,0xB0,0x64,0x12,0xFF,0xB0,0x64,0x12,0xFF,0xB0,0x64,0x12,0xFF,0xB0,0x64,0x12,0xFF,0xB0,0x64,0x12,0xFF,0xB0,0x64,0x12,0xFF,
    0xB0,0x64,0x12,0xFF,0xB0,0x64,0x12,0xFF,0xB0,0x64,0x12,0xFF,0xB0,0x64,0x12,0xFF,0xB0,0x64,0x12,0xFF,0xB0,0x64,0x12,0xFF,0xB0,0x64,0x12,0xFF,0xB0,0x64,0x12,0xFF,0xB0,0x64,0x12,0xFF,0xB0,0x64,0x12,0xFF,0xB0,0x64,0x12,0xFF,0xB0,0x64,0x12,0xFF,0xB0,0x64,0x12,0xFF,0xB0,0x64,0x12,0xFF,0xB0,0x64,0x12,0xFF,0xB0,0x64,0x12,0xFF,
    0xB0,0x64,0x12,0xFF,0xB0,0x64,0x12,0xFF,0xB0,0x64,0x12,0xFF,0xB0,0x64,0x12,0xFF,0xB0,0x64,0x12,0xFF,0xB0,0x64,0x12,0xFF,0xB0,0x64,0x12,0xFF,0xB0,0x64,0x12,0xFF,0xB0,0x64,0x12,0xFF,0xB0,0x64,0x12,0xFF,0xB0,0x64,0x12,0xFF,0xB0,0x64,0x12,0xFF,0xB0,0x64,0x12,0xFF,0xB0,0x64,0x12,0xFF,0xB0,0x64,0x12,0xFF,0xB0,0x64,0x12,0xFF,
    0xB0,0x64,0x12,0xFF,0xB0,0x64,0x12,0xFF,0xB0,0x64,0x12,0xFF,0xB0,0x64,0x12,0xFF,0xB0,0x64,0x12,0xFF,0xB0,0x64,0x12,0xFF,0xB0,0x64,0x12,0xFF,0xB0,0x64,0x12,0xFF,0xB0,0x64,0x12,0xFF,0xB0,0x64,0x12,0xFF,0xB0,0x64,0x12,0xFF,0xB0,0x64,0x12,0xFF,0xB0,0x64,0x12,0xFF,0xB0,0x64,0x12,0xFF,0xB0,0x64,0x12,0xFF,0xB0,0x64,0x12,0xFF,
    0xB0,0x64,0x12,0xFF,0xB0,0x64,0x12,0xFF,0xB0,0x64,0x12,0xFF,0xB0,0x64,0x12,0xFF,0xB0,0x64,0x12,0xFF,0xB0,0x64,0x12,0xFF,0xB0,0x64,0x12,0xFF,0xB0,0x64,0x12,0xFF,0xB0,0x64,0x12,0xFF,0xB0,0x64,0x12,0xFF,0xB0,0x64,0x12,0xFF,0xB0,0x64,0x12,0xFF,0xB0,0x64,0x12,0xFF,0xB0,0x64,0x12,0xFF,0xB0,0x64,0x12,0xFF,0xB0,0x64,0x12,0xFF,
    0xB0,0x64,0x12,0xFF,0xB0,0x64,0x12,0xFF,0xB0,0x64,0x12,0xFF,0xB0,0x64,0x12,0xFF,0xB0,0x64,0x12,0xFF,0xB0,0x64,0x12,0xFF,0xB0,0x64,0x12,0xFF,0xB0,0x64,0x12,0xFF,0xB0,0x64,0x12,0xFF,0xB0,0x64,0x12,0xFF,0xB0,0x64,0x12,0xFF,0xB0,0x64,0x12,0xFF,0xB0,0x64,0x12,0xFF,0xB0,0x64,0x12,0xFF,0xB0,0x64,0x12,0xFF,0xB0,0x64,0x12,0xFF,
    0xB0,0x64,0x12,0xFF,0xB0,0x64,0x12,0xFF,0xB0,0x64,0x12,0xFF,0xB0,0x64,0x12,0xFF,0xB0,0x64,0x12,0xFF,0xB0,0x64,0x12,0xFF,0xB0,0x64,0x12,0xFF,0xB0,0x64,0x12,0xFF,0xB0,0x64,0x12,0xFF,0xB0,0x64,0x12,0xFF,0xB0,0x64,0x12,0xFF,0xB0,0x64,0x12,0xFF,0xB0,0x64,0x12,0xFF,0xB0,0x64,0x12,0xFF,0xB0,0x64,0x12,0xFF,0xB0,0x64,0x12,0xFF,
    0xB0,0x64,0x12,0xFF,0xB0,0x64,0x12,0xFF,0xB0,0x64,0x12,0xFF,0xB0,0x64,0x12,0xFF,0xB0,0x64,0x12,0xFF,0xB0,0x64,0x12,0xFF,0xB0,0x64,0x12,0xFF,0xB0,0x64,0x12,0xFF,0xB0,0x64,0x12,0xFF,0xB0,0x64,0x12,0xFF,0xB0,0x64,0x12,0xFF,0xB0,0x64,0x12,0xFF,0xB0,0x64,0x12,0xFF,0xB0,0x64,0x12,0xFF,0xB0,0x64,0x12,0xFF,0xB0,0x64,0x12,0xFF,
    0xB0,0x64,0x12,0xFF,0xB0,0x64,0x12,0xFF,0xB0,0x64,0x12,0xFF,0xB0,0x64,0x12,0xFF,0xB0,0x64,0x12,0xFF,0xB0,0x64,0x12,0xFF,0xB0,0x64,0x12,0xFF,0xB0,0x64,0x12,0xFF,0xB0,0x64,0x12,0xFF,0xB0,0x64,0x12,0xFF,0xB0,0x64,0x12,0xFF,0xB0,0x64,0x12,0xFF,0xB0,0x64,0x12,0xFF,0xB0,0x64,0x12,0xFF,0xB0,0x64,0x12,0xFF,0xB0,0x64,0x12,0xFF,
    0xB0,0x64,0x12,0xFF,0xB0,0x64,0x12,0xFF,0xB0,0x64,0x12,0xFF,0xB0,0x64,0x12,0xFF,0xB0,0x64,0x12,0xFF,0xB0,0x64,0x12,0xFF,0xB0,0x64,0x12,0xFF,0xB0,0x64,0x12,0xFF,0xB0,0x64,0x12,0xFF,0xB0,0x64,0x12,0xFF,0xB0,0x64,0x12,0xFF,0xB0,0x64,0x12,0xFF,0xB0,0x64,0x12,0xFF,0xB0,0x64,0x12,0xFF,0xB0,0x64,0x12,0xFF,0xB0,0x64,0x12,0xFF,
    0xB0,0x64,0x12,0xFF,0xB0,0x64,0x12,0xFF,0xB0,0x64,0x12,0xFF,0xB0,0x64,0x12,0xFF,0xB0,0x64,0x12,0xFF,0xB0,0x64,0x12,0xFF,0xB0,0x64,0x12,0xFF,0xB0,0x64,0x12,0xFF,0xB0,0x64,0x12,0xFF,0xB0,0x64,0x12,0xFF,0xB0,0x64,0x12,0xFF,0xB0,0x64,0x12,0xFF,0xB0,0x64,0x12,0xFF,0xB0,0x64,0x12,0xFF,0xB0,0x64,0x12,0xFF,0xB0,0x64,0x12,0xFF,
    0xB0,0x64,0x12,0xFF,0xB0,0x64,0x12,0xFF,0xB0,0x64,0x12,0xFF,0xB0,0x64,0x12,0xFF,0xB0,0x64,0x12,0xFF,0xB0,0x64,0x12,0xFF,0xB0,0x64,0x12,0xFF,0xB0,0x64,0x12,0xFF,0xB0,0x64,0x12,0xFF,0xB0,0x64,0x12,0xFF,0xB0,0x64,0x12,0xFF,0xB0,0x64,0x12,0xFF,0xB0,0x64,0x12,0xFF,0xB0,0x64,0x12,0xFF,0xB0,0x64,0x12,0xFF,0xB0,0x64,0x12,0xFF,
    0xB0,0x64,0x12,0xFF,0xB0,0x64,0x12,0xFF,0xB0,0x64,0x12,0xFF,0xB0,0x64,0x12,0xFF,0xB0,0x64,0x12,0xFF,0xB0,0x64,0x12,0xFF,0xB0,0x64,0x12,0xFF,0xB0,0x64,0x12,0xFF,0xB0,0x64,0x12,0xFF,0xB0,0x64,0x12,0xFF,0xB0,0x64,0x12,0xFF,0xB0,0x64,0x12,0xFF,0xB0,0x64,0x12,0xFF,0xB0,0x64,0x12,0xFF,0xB0,0x64,0x12,0xFF,0xB0,0x64,0x12,0xFF,
    0xB0,0x64,0x12,0xFF,0xB0,0x64,0x12,0xFF,0xB0,0x64,0x12,0xFF,0xB0,0x64,0x12,0xFF,0xB0,0x64,0x12,0xFF,0xB0,0x64,0x12,0xFF,0xB0,0x64,0x12,0xFF,0xB0,0x64,0x12,0xFF,0xB0,0x64,0x12,0xFF,0xB0,0x64,0x12,0xFF,0xB0,0x64,0x12,0xFF,0xB0,0x64,0x12,0xFF,0xB0,0x64,0x12,0xFF,0xB0,0x64,0x12,0xFF,0xB0,0x64,0x12,0xFF,0xB0,0x64,0x12,0xFF,
    0xB0,0x64,0x12,0xFF,0xB0,0x64,0x12,0xFF,0xB0,0x64,0x12,0xFF,0xB0,0x64,0x12,0xFF,0xB0,0x64,0x12,0xFF,0xB0,0x64,0x12,0xFF,0xB0,0x64,0x12,0xFF,0xB0,0x64,0x12,0xFF,0xB0,0x64,0x12,0xFF,0xB0,0x64,0x12,0xFF,0xB0,0x64,0x12,0xFF,0xB0,0x64,0x12,0xFF,0xB0,0x64,0x12,0xFF,0xB0,0x64,0x12,0xFF,0xB0,0x64,0x12,0xFF,0xB0,0x64,0x12,0xFF,
    0xB0,0x64,0x12,0xFF,0xB0,0x64,0x12,0xFF,0xB0,0x64,0x12,0xFF,0xB0,0x64,0x12,0xFF,0xB0,0x64,0x12,0xFF,0xB0,0x64,0x12,0xFF,0xB0,0x64,0x12,0xFF,0xB0,0x64,0x12,0xFF,0xB0,0x64,0x12,0xFF,0xB0,0x64,0x12,0xFF,0xB0,0x64,0x12,0xFF,0xB0,0x64,0x12,0xFF,0xB0,0x64,0x12,0xFF,0xB0,0x64,0x12,0xFF,0xB0,0x64,0x12,0xFF,0xB0,0x64,0x12,0xFF,
    0xB0,0x64,0x12,0xFF,0xB0,0x64,0x12,0xFF,0xB0,0x64,0x12,0xFF,0xB0,0x64,0x12,0xFF,0xB0,0x64,0x12,0xFF,0xB0,0x64,0x12,0xFF,0xB0,0x64,0x12,0xFF,0xB0,0x64,0x12,0xFF,0xB0,0x64,0x12,0xFF,0xB0,0x64,0x12,0xFF,0xB0,0x64,0x12,0xFF,0xB0,0x64,0x12,0xFF,0xB0,0x64,0x12,0xFF,0xB0,0x64,0x12,0xFF,0xB0,0x64,0x12,0xFF,0xB0,0x64,0x12,0xFF,
    0xB0,0x64,0x12,0xFF,0xB0,0x64,0x12,0xFF,0xB0,0x64,0x12,0xFF,0xB0,0x64,0x12,0xFF,0xB0,0x64,0x12,0xFF,0xB0,0x64,0x12,0xFF,0xB0,0x64,0x12,0xFF,0xB0,0x64,0x12,0xFF,0xB0,0x64,0x12,0xFF,0xB0,0x64,0x12,0xFF,0xB0,0x64,0x12,0xFF,0xB0,0x64,0x12,0xFF,0xB0,0x64,0x12,0xFF,0xB0,0x64,0x12,0xFF,0xB0,0x64,0x12,0xFF,0xB0,0x64,0x12,0xFF,
    0xB0,0x64,0x12,0xFF,0xB0,0x64,0x12,0xFF,0xB0,0x64,0x12,0xFF,0xB0,0x64,0x12,0xFF,0xB0,0x64,0x12,0xFF,0xB0,0x64,0x12,0xFF,0xB0,0x64,0x12,0xFF,0xB0,0x64,0x12,0xFF,0xB0,0x64,0x12,0xFF,0xB0,0x64,0x12,0xFF,0xB0,0x64,0x12,0xFF,0xB0,0x64,0x12,0xFF,0xB0,0x64,0x12,0xFF,0xB0,0x64,0x12,0xFF,0xB0,0x64,0x12,0xFF,0xB0,0x64,0x12,0xFF,
    0xB0,0x64,0x12,0xFF,0xB0,0x64,0x12,0xFF,0xB0,0x64,0x12,0xFF,0xB0,0x64,0x12,0xFF,0xB0,0x64,0x12,0xFF,0xB0,0x64,0x12,0xFF,0xB0,0x64,0x12,0xFF,0xB0,0x64,0x12,0xFF,0xB0,0x64,0x12,0xFF,0xB0,0x64,0x12,0xFF,0xB0,0x64,0x12,0xFF,0xB0,0x64,0x12,0xFF,0xB0,0x64,0x12,0xFF,0xB0,0x64,0x12,0xFF,0xB0,0x64,0x12,0xFF,0xB0,0x64,0x12,0xFF,
    0xB0,0x64,0x12,0xFF,0xB0,0x64,0x12,0xFF,0xB0,0x64,0x12,0xFF,0xB0,0x64,0x12,0xFF,0xB0,0x64,0x12,0xFF,0xB0,0x64,0x12,0xFF,0xB0,0x64,0x12,0xFF,0xB0,0x64,0x12,0xFF,0xB0,0x64,0x12,0xFF,0xB0,0x64,0x12,0xFF,0xB0,0x64,0x12,0xFF,0xB0,0x64,0x12,0xFF,0xB0,0x64,0x12,0xFF,0xB0,0x64,0x12,0xFF,0xB0,0x64,0x12,0xFF,0xB0,0x64,0x12,0xFF,
    0xB0,0x64,0x12,0xFF,0xB0,0x64,0x12,0xFF,0xB0,0x64,0x12,0xFF,0xB0,0x64,0x12,0xFF,0xB0,0x64,0x12,0xFF,0xB0,0x64,0x12,0xFF,0xB0,0x64,0x12,0xFF,0xB0,0x64,0x12,0xFF,0xB0,0x64,0x12,0xFF,0xB0,0x64,0x12,0xFF,0xB0,0x64,0x12,0xFF,0xB0,0x64,0x12,0xFF,0xB0,0x64,0x12,0xFF,0xB0,0x64,0x12,0xFF,0xB0,0x64,0x12,0xFF,0xB0,0x64,0x12,0xFF,
    0xB0,0x64,0x12,0xFF,0xB0,0x64,0x12,0xFF,0xB0,0x64,0x12,0xFF,0xB0,0x64,0x12,0xFF,0xB0,0x64,0x12,0xFF,0xB0,0x64,0x12,0xFF,0xB0,0x64,0x12,0xFF,0xB0,0x64,0x12,0xFF,0xB0,0x64,0x12,0xFF,0xB0,0x64,0x12,0xFF,0xB0,0x64,0x12,0xFF,0xB0,0x64,0x12,0xFF,0xB0,0x64,0x12,0xFF,0xB0,0x64,0x12,0xFF,0xB0,0x64,0x12,0xFF,0xB0,0x64,0x12,0xFF,
    0xB0,0x64,0x12,0xFF,0xB0,0x64,0x12,0xFF,0xB0,0x64,0x12,0xFF,0xB0,0x64,0x12,0xFF,0xB0,0x64,0x12,0xFF,0xB0,0x64,0x12,0xFF,0xB0,0x64,0x12,0xFF,0xAF,0x64,0x11,0x59,0xB0,0x63,0x11,0xB1,0xB0,0x64,0x12,0xFF,0xB0,0x64,0x12,0xFF,0xB0,0x64,0x12,0xFF,0xB0,0x64,0x12,0xFF,0xB0,0x64,0x12,0xFF,0xB0,0x64,0x12,0xFF,0xB0,0x64,0x12,0xFF,
    0xB0,0x64,0x12,0xFF,0xB0,0x64,0x12,0xFF,0xB0,0x64,0x12,0xFF,0xB0,0x64,0x12,0xFF,0xB0,0x64,0x12,0xFF,0xB0,0x64,0x12,0xFF,0xB0,0x64,0x12,0xFF,0xB0,0x64,0x12,0xFF,0xB0,0x64,0x12,0xFF,0xB0,0x64,0x12,0xFF,0xB0,0x64,0x12,0xFF,0xB0,0x64,0x12,0xFF,0xB0,0x64,0x12,0xFF,0xB0,0x64,0x12,0xFF,0xB0,0x64,0x12,0xFF,0xB0,0x64,0x12,0xFF,
    0xB0,0x64,0x12,0xFF,0xB0,0x64,0x12,0xFF,0xB0,0x64,0x12,0xFF,0xB0,0x64,0x12,0xFF,0xB0,0x64,0x12,0xFF,0xB0,0x64,0x12,0xFF,0xB0,0x64,0x12,0xFF,0xB0,0x64,0x12,0xFF,0xB0,0x64,0x12,0xFF,0xB0,0x64,0x12,0xFF,0xB0,0x64,0x12,0xFF,0xB0,0x64,0x12,0xFF,0xB0,0x64,0x12,0xFF,0xB0,0x64,0x12,0xFF,0xB0,0x64,0x12,0xFF,0xB0,0x64,0x12,0xFF,
    0xB0,0x64,0x12,0xFF,0xB0,0x64,0x12,0xFF,0xB0,0x64,0x12,0xFF,0xB0,0x64,0x12,0xFF,0xB0,0x64,0x12,0xFF,0xB0,0x64,0x12,0xFF,0xB0,0x64,0x12,0xFF,0xB0,0x64,0x12,0xFF,0xB0,0x64,0x12,0xFF,0xB0,0x64,0x12,0xFF,0xB0,0x64,0x12,0xFF,0xB0,0x64,0x12,0xFF,0xB0,0x64,0x12,0xFF,0xB0,0x64,0x12,0xFF,0xB0,0x64,0x12,0xFF,0xB0,0x64,0x12,0xFF,
    0xB0,0x64,0x12,0xFF,0xB0,0x64,0x12,0xFF,0xB0,0x64,0x12,0xFF,0xB0,0x64,0x12,0xFF,0xB0,0x64,0x12,0xFF,0xB0,0x64,0x12,0xFF,0xB0,0x64,0x12,0xFF,0xB0,0x64,0x12,0xFF,0xB0,0x64,0x12,0xFF,0xB0,0x64,0x12,0xFF,0xB0,0x64,0x12,0xFF,0xB0,0x64,0x12,0xFF,0xB0,0x64,0x12,0xFF,0xB0,0x64,0x12,0xFF,0xB0,0x64,0x12,0xFF,0xB0,0x64,0x12,0xFF,
    0xB0,0x64,0x12,0xFF,0xB0,0x64,0x12,0xFF,0xB0,0x64,0x12,0xFF,0xB0,0x64,0x12,0xFF,0xB0,0x64,0x12,0xFF,0xB0,0x64,0x12,0xFF,0xB0,0x64,0x12,0xFF,0xB0,0x64,0x12,0xFF,0xB0,0x64,0x12,0xFF,0xB0,0x64,0x12,0xFF,0xB0,0x64,0x12,0xFF,0xB0,0x64,0x12,0xFF,0xB0,0x64,0x12,0xFF,0xB0,0x64,0x12,0xFF,0xB0,0x64,0x12,0xFF,0xB0,0x64,0x12,0xFF,
    0xB0,0x64,0x12,0xFF,0xB0,0x64,0x12,0xFF,0xB0,0x64,0x12,0xFF,0xB0,0x64,0x12,0xFF,0xB0,0x64,0x12,0xFF,0xB0,0x64,0x12,0xFF,0xB0,0x64,0x12,0xFF,0xB0,0x64,0x12,0xFF,0xB0,0x64,0x12,0xFF,0xB0,0x64,0x12,0xFF,0xB0,0x64,0x12,0xFF,0xB0,0x64,0x12,0xFF,0xB0,0x64,0x12,0xFF,0xB0,0x64,0x12,0xFF,0xB0,0x64,0x12,0xFF,0xB0,0x64,0x12,0xFF,
    0xB0,0x64,0x12,0xFF,0xB0,0x64,0x12,0xFF,0xB0,0x64,0x12,0xFF,0xB0,0x64,0x12,0xFF,0xB0,0x64,0x12,0xFF,0xB0,0x64,0x12,0xFF,0xB0,0x64,0x12,0xFF,0xB0,0x64,0x12,0xFF,0xB0,0x64,0x12,0xFF,0xB0,0x64,0x12,0xFF,0xB0,0x64,0x12,0xFF,0xB0,0x64,0x12,0xFF,0xB0,0x64,0x12,0xFF,0xB0,0x64,0x12,0xFF,0xB0,0x64,0x12,0xFF,0xB0,0x64,0x12,0xFF,
    0xB0,0x64,0x12,0xFF,0xB0,0x64,0x12,0xFF,0xB0,0x64,0x12,0xFF,0xB0,0x64,0x12,0xFF,0xB0,0x64,0x12,0xFF,0xB0,0x64,0x12,0xFF,0xB0,0x64,0x12,0xFF,0xB0,0x64,0x12,0xFF,0xB0,0x64,0x12,0xFF,0xB0,0x64,0x12,0xFF,0xB0,0x64,0x12,0xFF,0xB0,0x64,0x12,0xFF,0xB0,0x64,0x12,0xFF,0xB0,0x64,0x12,0xFF,0xB0,0x64,0x12,0xFF,0xB0,0x64,0x12,0xFF,
    0xB0,0x64,0x12,0xFF,0xB0,0x64,0x12,0xFF,0xB0,0x64,0x12,0xFF,0xB0,0x64,0x12,0xFF,0xB0,0x64,0x12,0xFF,0xB0,0x64,0x12,0xFF,0xB0,0x64,0x12,0xFF,0xB0,0x64,0x12,0xFF,0xB0,0x64,0x12,0xFF,0xB0,0x64,0x12,0xFF,0xB0,0x64,0x12,0xFF,0xB0,0x64,0x12,0xFF,0xB0,0x64,0x12,0xFF,0xB0,0x64,0x12,0xFF,0xB0,0x64,0x12,0xFF,0xB0,0x64,0x12,0xFF,
    0xB0,0x64,0x12,0xFF,0xB0,0x64,0x12,0xFF,0xB0,0x64,0x12,0xFF,0xB0,0x64,0x12,0xFF,0xB0,0x64,0x12,0xFF,0xB0,0x64,0x12,0xFF,0xB0,0x64,0x12,0xFF,0xB0,0x64,0x12,0xFF,0xB0,0x64,0x12,0xFF,0xB0,0x64,0x12,0xFF,0xB0,0x64,0x12,0xFF,0xB0,0x64,0x12,0xFF,0xB0,0x64,0x12,0xFF,0xB0,0x64,0x12,0xFF,0xB0,0x64,0x12,0xFF,0xB0,0x64,0x12,0xFF,
    0xB0,0x64,0x12,0xFF,0xB0,0x64,0x12,0xFF,0xB0,0x64,0x12,0xFF,0xB0,0x64,0x12,0xFF,0xB0,0x64,0x12,0xFF,0xB0,0x64,0x12,0xFF,0xB0,0x64,0x12,0xFF,0xB0,0x64,0x12,0xFF,0xB0,0x64,0x12,0xFF,0xB0,0x64,0x12,0xFF,0xB0,0x64,0x12,0xFF,0xB0,0x64,0x12,0xFF,0xB0,0x64,0x12,0xFF,0xB0,0x64,0x12,0xFF,0xB0,0x64,0x12,0xFF,0xB0,0x64,0x12,0xFF,
    0xB0,0x64,0x12,0xFF,0xB0,0x64,0x12,0xFF,0xB0,0x64,0x12,0xFF,0xB0,0x64,0x12,0xFF,0xB0,0x64,0x12,0xFF,0xB0,0x64,0x12,0xFF,0xB0,0x64,0x12,0xFF,0xB0,0x64,0x12,0xFF,0xB0,0x64,0x12,0xFF,0xB0,0x64,0x12,0xFF,0xB0,0x64,0x12,0xFF,0xB0,0x64,0x12,0xFF,0xB0,0x64,0x12,0xFF,0xB0,0x64,0x12,0xFF,0xB0,0x64,0x12,0xFF,0xB0,0x64,0x12,0xFF,
    0xB0,0x64,0x12,0xFF,0xB0,0x64,0x12,0xFF,0xB0,0x64,0x12,0xFF,0xB0,0x64,0x12,0xFF,0xB0,0x64,0x12,0xFF,0xB0,0x64,0x12,0xFF,0xB0,0x64,0x12,0xFF,0xB0,0x64,0x12,0xFF,0xB0,0x64,0x12,0xFF,0xB0,0x64,0x12,0xFF,0xB0,0x64,0x12,0xFF,0xB0,0x64,0x12,0xFF,0xB0,0x64,0x12,0xFF,0xB0,0x64,0x12,0xFF,0xB0,0x64,0x12,0xFF,0xB0,0x64,0x12,0xFF,
    0xB0,0x64,0x12,0xFF,0xB0,0x64,0x12,0xFF,0xB0,0x64,0x12,0xFF,0xB0,0x64,0x12,0xFF,0xB0,0x64,0x12,0xFF,0xB0,0x64,0x12,0xFF,0xB0,0x64,0x12,0xFF,0xB0,0x64,0x12,0xFF,0xB0,0x64,0x12,0xFF,0xB0,0x64,0x12,0xFF,0xB0,0x64,0x12,0xFF,0xB0,0x64,0x12,0xFF,0xB0,0x64,0x12,0xFF,0xB0,0x64,0x12,0xFF,0xB0,0x64,0x12,0xFF,0xB0,0x64,0x12,0xFF,
    0xB0,0x64,0x12,0xFF,0xB0,0x64,0x12,0xFF,0xB0,0x64,0x12,0xFF,0xB0,0x64,0x12,0xFF,0xB0,0x64,0x12,0xFF,0xB0,0x64,0x12,0xFF,0xB0,0x64,0x12,0xFF,0xB0,0x64,0x12,0xFF,0xB0,0x64,0x12,0xFF,0xB0,0x64,0x12,0xFF,0xB0,0x64,0x12,0xFF,0xB0,0x64,0x12,0xFF,0xB0,0x64,0x12,0xFF,0xB0,0x64,0x12,0xFF,0xB0,0x64,0x12,0xFF,0xB0,0x64,0x12,0xFF,
    0xB0,0x64,0x12,0xFF,0xB0,0x64,0x12,0xFF,0xB0,0x64,0x12,0xFF,0xB0,0x64,0x12,0xFF,0xB0,0x64,0x12,0xFF,0xB0,0x64,0x12,0xFF,0xB0,0x64,0x12,0xFF,0xB0,0x64,0x12,0xFF,0xB0,0x64,0x12,0xFF,0xB0,0x64,0x12,0xFF,0xB0,0x64,0x12,0xFF,0xB0,0x64,0x12,0xFF,0xB0,0x64,0x12,0xFF,0xB0,0x64,0x12,0xFF,0xB0,0x64,0x12,0xFF,0xB0,0x64,0x12,0xFF,
    0xB0,0x64,0x12,0xFF,0xB0,0x64,0x12,0xFF,0xB0,0x64,0x12,0xFF,0xB0,0x64,0x12,0xFF,0xB0,0x64,0x12,0xFF,0xB0,0x64,0x12,0xFF,0xB0,0x64,0x12,0xFF,0xB0,0x64,0x12,0xFF,0xB0,0x64,0x12,0xFF,0xB0,0x64,0x12,0xFF,0xB0,0x64,0x12,0xFF,0xB0,0x64,0x12,0xFF,0xB0,0x64,0x12,0xFF,0xB0,0x64,0x12,0xFF,0xB0,0x64,0x12,0xFF,0xB0,0x64,0x12,0xFF,
    0xB0,0x64,0x12,0xFF,0xB0,0x64,0x12,0xFF,0xB0,0x64,0x12,0xFF,0xB0,0x64,0x12,0xFF,0xB0,0x64,0x12,0xFF,0xB0,0x64,0x12,0xFF,0xB0,0x64,0x12,0xFF,0xB0,0x64,0x12,0xFF,0xB0,0x64,0x12,0xFF,0xB0,0x64,0x12,0xFF,0xB0,0x64,0x12,0xFF,0xB0,0x64,0x12,0xFF,0xB0,0x64,0x12,0xFF,0xB0,0x64,0x12,0xFF,0xB0,0x64,0x12,0xFF,0xB0,0x64,0x12,0xFF,
    0xB0,0x64,0x12,0xFF,0xB0,0x64,0x12,0xFF,0xB0,0x64,0x12,0xFF,0xB0,0x64,0x12,0xFF,0xB0,0x64,0x12,0xFF,0xB0,0x64,0x12,0xFF,0xB0,0x64,0x12,0xFF,0xB0,0x64,0x12,0xFF,0xB0,0x64,0x12,0xFF,0xB0,0x64,0x12,0xFF,0xB0,0x64,0x12,0xFF,0xB0,0x64,0x12,0xFF,0xB0,0x64,0x12,0xFF,0xB0,0x64,0x12,0xFF,0xB0,0x64,0x12,0xFF,0xB0,0x64,0x12,0xFF,
    0xB0,0x64,0x12,0xFF,0xB0,0x64,0x12,0xFF,0xB0,0x64,0x12,0xFF,0xB0,0x64,0x12,0xFF,0xB0,0x64,0x12,0xFF,0xB0,0x64,0x12,0xFF,0xB0,0x64,0x12,0xFF,0xB0,0x64,0x12,0xFF,0xB0,0x64,0x12,0xFF,0xB0,0x64,0x12,0xFF,0xB0,0x64,0x12,0xFF,0xB0,0x64,0x12,0xFF,0xB0,0x64,0x12,0xFF,0xB0,0x64,0x12,0xFF,0xB0,0x64,0x12,0xFF,0xB0,0x64,0x12,0xFF,
    0xB0,0x64,0x12,0xFF,0xB0,0x64,0x12,0xFF,0xB0,0x64,0x12,0xFF,0xB0,0x64,0x12,0xFF,0xB0,0x64,0x12,0xFF,0xB0,0x64,0x12,0xFF,0xB0,0x64,0x12,0xFF,0xB0,0x64,0x12,0xFF,0xB0,0x64,0x12,0xFF,0xB0,0x64,0x12,0xFF,0xB0,0x64,0x12,0xFF,0xB0,0x64,0x12,0xFF,0xB0,0x64,0x12,0xFF,0xB0,0x64,0x12,0xFF,0xB0,0x64,0x12,0xFF,0xB0,0x64,0x12,0xFF,
    0xB0,0x64,0x12,0xFF,0xB0,0x64,0x12,0xFF,0xB0,0x64,0x12,0xFF,0xB0,0x64,0x12,0xFF,0xB0,0x64,0x12,0xFF,0xB0,0x64,0x12,0xFF,0xB0,0x64,0x12,0xFF,0xB0,0x64,0x12,0xFF,0xB0,0x64,0x12,0xFF,0xB0,0x64,0x12,0xFF,0xB0,0x64,0x12,0xFF,0xB0,0x64,0x12,0xFF,0xB0,0x64,0x12,0xFF,0xB0,0x64,0x12,0xFF,0xB0,0x64,0x12,0xFF,0xB0,0x64,0x12,0xFF,
    0xB0,0x64,0x12,0xFF,0xB0,0x64,0x12,0xFF,0xB0,0x64,0x12,0xFF,0xB0,0x64,0x12,0xFF,0xB0,0x64,0x12,0xFF,0xB0,0x64,0x12,0xFF,0xB0,0x64,0x12,0xFF,0xB0,0x64,0x12,0xFF,0xB0,0x64,0x12,0xFF,0xB0,0x64,0x12,0xFF,0xB0,0x64,0x12,0xFF,0xB0,0x64,0x12,0xFF,0xB0,0x64,0x12,0xFF,0xB0,0x64,0x12,0xFF,0xB0,0x64,0x12,0xFF,0xB0,0x64,0x12,0xFF,
    0xB0,0x64,0x12,0xFF,0xB0,0x64,0x12,0xFF,0xB0,0x64,0x12,0xFF,0xB0,0x64,0x12,0xFF,0xB0,0x64,0x12,0xFF,0xB0,0x64,0x12,0xFF,0xB0,0x64,0x12,0xFF,0xB0,0x64,0x12,0xFF,0xB0,0x64,0x12,0xFF,0xB0,0x64,0x12,0xFF,0xB0,0x64,0x12,0xFF,0xB0,0x64,0x12,0xFF,0xB0,0x64,0x12,0xFF,0xB0,0x64,0x12,0xFF,0xB0,0x64,0x12,0xFF,0xB0,0x64,0x12,0xFF,
    0xB0,0x64,0x12,0xFF,0xB0,0x64,0x12,0xFF,0xB0,0x64,0x12,0xFF,0xB0,0x64,0x12,0xFF,0xB0,0x64,0x12,0xFF,0xB0,0x64,0x12,0xFF,0xB0,0x64,0x12,0xFF,0xB0,0x64,0x12,0xFF,0xB0,0x64,0x12,0xFF,0xB0,0x64,0x12,0xFF,0xB0,0x64,0x12,0xFF,0xB0,0x64,0x12,0xFF,0xB0,0x64,0x12,0xFF,0xB0,0x64,0x12,0xFF,0xB0,0x64,0x12,0xFF,0xB0,0x64,0x12,0xFF,
    0xB0,0x64,0x12,0xFF,0xB0,0x64,0x12,0xFF,0xB0,0x64,0x12,0xFF,0xB0,0x64,0x12,0xFF,0xB0,0x64,0x12,0xFF,0xB0,0x64,0x12,0xFF,0xB0,0x64,0x12,0xFF,0xB0,0x64,0x12,0xFF,0xB0,0x64,0x12,0xFF,0xB0,0x64,0x12,0xFF,0xB0,0x64,0x12,0xFF,0xB0,0x64,0x12,0xFF,0xB0,0x64,0x12,0xFF,0xB0,0x64,0x12,0xFF,0xB0,0x64,0x12,0xFF,0xB0,0x64,0x12,0xFF,
    0xB0,0x64,0x12,0xFF,0xB0,0x64,0x12,0xFF,0xB0,0x64,0x12,0xFF,0xB0,0x64,0x12,0xFF,0xB0,0x64,0x12,0xFF,0xB0,0x64,0x12,0xFF,0xB0,0x64,0x12,0xFF,0xB0,0x64,0x12,0xFF,0xB0,0x64,0x12,0xFF,0xB0,0x64,0x12,0xFF,0xB0,0x64,0x12,0xFF,0xB0,0x64,0x12,0xFF,0xB0,0x64,0x12,0xFF,0xB0,0x64,0x12,0xFF,0xB0,0x64,0x12,0xFF,0xB0,0x64,0x12,0xFF,
    0xB0,0x64,0x12,0xFF,0xB0,0x64,0x12,0xFF,0xB0,0x64,0x12,0xFF,0xB0,0x64,0x12,0xFF,0xB0,0x64,0x12,0xFF,0xB0,0x64,0x12,0xFF,0xB0,0x64,0x12,0xFF,0xB0,0x64,0x12,0xFF,0xB0,0x64,0x12,0xFF,0xB0,0x64,0x12,0xFF,0xB0,0x64,0x12,0xFF,0xB0,0x64,0x12,0xFF,0xB0,0x64,0x12,0xFF,0xB0,0x64,0x12,0xFF,0xB0,0x64,0x12,0xFF,0xB0,0x64,0x12,0xFF,
    0xB0,0x64,0x12,0xFF,0xB0,0x64,0x12,0xFF,0xB0,0x64,0x12,0xFF,0xB0,0x64,0x12,0xFF,0xB0,0x64,0x12,0xFF,0xB0,0x64,0x12,0xFF,0xB0,0x64,0x12,0xFF,0xB0,0x64,0x12,0xFF,0xB0,0x64,0x12,0xFF,0xB0,0x64,0x12,0xFF,0xB0,0x64,0x12,0xFF,0xB0,0x64,0x12,0xFF,0xB0,0x64,0x12,0xFF,0xB0,0x64,0x12,0xFF,0xB0,0x64,0x12,0xFF,0xB0,0x64,0x12,0xFF,
    0xB0,0x64,0x12,0xFF,0xB0,0x64,0x12,0xFF,0xB0,0x64,0x12,0xFF,0xB0,0x64,0x12,0xFF,0xB0,0x64,0x12,0xFF,0xB0,0x64,0x12,0xFF,0xB0,0x64,0x12,0xFF,0xB0,0x64,0x12,0xFF,0xB0,0x64,0x12,0xFF,0xB0,0x64,0x12,0xFF,0xB0,0x64,0x12,0xFF,0xB0,0x64,0x12,0xFF,0xB0,0x64,0x12,0xFF,0xB0,0x64,0x12,0xFF,0xB0,0x64,0x12,0xFF,0xB0,0x64,0x12,0xFF,
    0xB0,0x64,0x12,0xFF,0xB0,0x64,0x12,0xFF,0xB0,0x64,0x12,0xFF,0xB0,0x64,0x12,0xFF,0xB0,0x64,0x12,0xFF,0xB0,0x64,0x12,0xFF,0xB0,0x64,0x12,0xFF,0xB0,0x64,0x12,0xFF,0xB0,0x64,0x12,0xFF,0xB0,0x64,0x12,0xFF,0xB0,0x64,0x12,0xFF,0xB0,0x64,0x12,0xFF,0xB0,0x64,0x12,0xFF,0xB0,0x64,0x12,0xFF,0xB0,0x64,0x12,0xFF,0xB0,0x64,0x12,0xFF,
    0xB0,0x64,0x12,0xFF,0xB0,0x64,0x12,0xFF,0xB0,0x64,0x12,0xFF,0xB0,0x64,0x12,0xFF,0xB0,0x64,0x12,0xFF,0xB0,0x64,0x12,0xFF,0xB0,0x64,0x12,0xFF,0xB0,0x64,0x12,0xFF,0xB0,0x64,0x12,0xFF,0xB0,0x64,0x12,0xFF,0xB0,0x64,0x12,0xFF,0xB0,0x64,0x12,0xFF,0xB0,0x64,0x12,0xFF,0xB0,0x64,0x12,0xFF,0xB0,0x64,0x12,0xFF,0xB0,0x64,0x12,0xFF,
    0xB0,0x64,0x12,0xFF,0xB0,0x64,0x12,0xFF,0xB0,0x64,0x12,0xFF,0xB0,0x64,0x12,0xFF,0xB0,0x64,0x12,0xFF,0xB0,0x64,0x12,0xFF,0xB0,0x64,0x12,0xFF,0xB0,0x64,0x12,0xFF,0xB0,0x64,0x12,0xFF,0xB0,0x64,0x12,0xFF,0xB0,0x64,0x12,0xFF,0xB0,0x64,0x12,0xFF,0xB0,0x64,0x12,0xFF,0xB0,0x64,0x12,0xFF,0xB0,0x64,0x12,0xFF,0xB0,0x64,0x12,0xFF,
    0xB0,0x64,0x12,0xFF,0xB0,0x64,0x12,0xFF,0xB0,0x64,0x12,0xFF,0xB0,0x64,0x12,0xFF,0xB0,0x64,0x12,0xFF,0xB0,0x64,0x12,0xFF,0xB0,0x64,0x12,0xFF,0xB0,0x64,0x12,0xFF,0xB0,0x64,0x12,0xFF,0xB0,0x64,0x12,0xFF,0xB0,0x64,0x12,0xFF,0xB0,0x64,0x12,0xFF,0xB0,0x64,0x12,0xFF,0xB0,0x64,0x12,0xFF,0xB0,0x64,0x12,0xFF,0xB0,0x64,0x12,0xFF,
    0xB0,0x64,0x12,0xFF,0xB0,0x64,0x12,0xFF,0xB0,0x64,0x12,0xFF,0xB0,0x64,0x12,0xFF,0xB0,0x64,0x12,0xFF,0xB0,0x64,0x12,0xFF,0xB0,0x64,0x12,0xFF,0xB0,0x64,0x12,0xFF,0xB0,0x64,0x12,0xFF,0xB0,0x64,0x12,0xFF,0xB0,0x64,0x12,0xFF,0xB0,0x64,0x12,0xFF,0xB0,0x64,0x12,0xFF,0xB0,0x64,0x12,0xFF,0xB0,0x64,0x12,0xFF,0xB0,0x64,0x12,0xFF,
    0xB0,0x64,0x12,0xFF,0xB0,0x64,0x12,0xFF,0xB0,0x64,0x12,0xFF,0xB0,0x64,0x12,0xFF,0xB0,0x64,0x12,0xFF,0xB0,0x64,0x12,0xFF,0xB0,0x64,0x12,0xFF,0xB0,0x64,0x12,0xFF,0xB0,0x64,0x12,0xFF,0xB0,0x64,0x12,0xFF,0xB0,0x64,0x12,0xFF,0xB0,0x64,0x12,0xFF,0xB0,0x64,0x12,0xFF,0xB0,0x64,0x12,0xFF,0xB0,0x64,0x12,0xFF,0xB0,0x64,0x12,0xFF,
    0xB0,0x64,0x12,0xFF,0xB0,0x64,0x12,0xFF,0xB0,0x64,0x12,0xFF,0xB0,0x64,0x12,0xFF,0xB0,0x64,0x12,0xFF,0xB0,0x64,0x12,0xFF,0xB0,0x64,0x12,0xFF,0xB0,0x64,0x12,0xFF,0xB0,0x64,0x12,0xFF,0xB0,0x64,0x12,0xFF,0xB0,0x64,0x12,0xFF,0xB0,0x64,0x12,0xFF,0xB0,0x64,0x12,0xFF,0xB0,0x64,0x12,0xFF,0xB0,0x64,0x12,0xFF,0xB0,0x63,0x11,0xB1,
    0xB0,0x64,0x12,0xDE,0xB0,0x64,0x12,0xFF,0xB0,0x64,0x12,0xFF,0xB0,0x64,0x12,0xFF,0xB0,0x64,0x12,0xFF,0xB0,0x64,0x12,0xFF,0xB0,0x64,0x12,0xFF,0xB0,0x64,0x12,0xFF,0xB0,0x64,0x12,0xFF,0xB0,0x64,0x12,0xFF,0xB0,0x64,0x12,0xFF,0xB0,0x64,0x12,0xFF,0xB0,0x64,0x12,0xFF,0xB0,0x64,0x12,0xFF,0xB0,0x64,0x12,0xFF,0xB0,0x64,0x12,0xFF,
    0xB0,0x64,0x12,0xFF,0xB0,0x64,0x12,0xFF,0xB0,0x64,0x12,0xFF,0xB0,0x64,0x12,0xFF,0xB0,0x64,0x12,0xFF,0xB0,0x64,0x12,0xFF,0xB0,0x64,0x12,0xFF,0xB0,0x64,0x12,0xFF,0xB0,0x64,0x12,0xFF,0xB0,0x64,0x12,0xFF,0xB0,0x64,0x12,0xFF,0xB0,0x64,0x12,0xFF,0xB0,0x64,0x12,0xFF,0xB0,0x64,0x12,0xFF,0xB0,0x64,0x12,0xFF,0xB0,0x64,0x12,0xFF,
    0xB0,0x64,0x12,0xFF,0xB0,0x64,0x12,0xFF,0xB0,0x64,0x12,0xFF,0xB0,0x64,0x12,0xFF,0xB0,0x64,0x12,0xFF,0xB0,0x64,0x12,0xFF,0xB0,0x64,0x12,0xFF,0xB0,0x64,0x12,0xFF,0xB0,0x64,0x12,0xFF,0xB0,0x64,0x12,0xFF,0xB0,0x64,0x12,0xFF,0xB0,0x64,0x12,0xFF,0xB0,0x64,0x12,0xFF,0xB0,0x64,0x12,0xFF,0xB0,0x64,0x12,0xFF,0xB0,0x64,0x12,0xFF,
    0xB0,0x64,0x12,0xFF,0xB0,0x64,0x12,0xFF,0xB0,0x64,0x12,0xFF,0xB0,0x64,0x12,0xFF,0xB0,0x64,0x12,0xFF,0xB0,0x64,0x12,0xFF,0xB0,0x64,0x12,0xFF,0xB0,0x64,0x12,0xFF,0xB0,0x64,0x12,0xFF,0xB0,0x64,0x12,0xFF,0xB0,0x64,0x12,0xFF,0xB0,0x64,0x12,0xFF,0xB0,0x64,0x12,0xFF,0xB0,0x64,0x12,0xFF,0xB0,0x64,0x12,0xFF,0xB0,0x64,0x12,0xFF,
    0xB0,0x64,0x12,0xFF,0xB0,0x64,0x12,0xFF,0xB0,0x64,0x12,0xFF,0xB0,0x64,0x12,0xFF,0xB0,0x64,0x12,0xFF,0xB0,0x64,0x12,0xFF,0xB0,0x64,0x12,0xFF,0xB0,0x64,0x12,0xFF,0xB0,0x64,0x12,0xFF,0xB0,0x64,0x12,0xFF,0xB0,0x64,0x12,0xFF,0xB0,0x64,0x12,0xFF,0xB0,0x64,0x12,0xFF,0xB0,0x64,0x12,0xFF,0xB0,0x64,0x12,0xFF,0xB0,0x64,0x12,0xFF,
    0xB0,0x64,0x12,0xFF,0xB0,0x64,0x12,0xFF,0xB0,0x64,0x12,0xFF,0xB0,0x64,0x12,0xFF,0xB0,0x64,0x12,0xFF,0xB0,0x64,0x12,0xFF,0xB0,0x64,0x12,0xFF,0xB0,0x64,0x12,0xFF,0xB0,0x64,0x12,0xFF,0xB0,0x64,0x12,0xFF,0xB0,0x64,0x12,0xFF,0xB0,0x64,0x12,0xFF,0xB0,0x64,0x12,0xFF,0xB0,0x64,0x12,0xFF,0xB0,0x64,0x12,0xFF,0xB0,0x64,0x12,0xFF,
    0xB0,0x64,0x12,0xFF,0xB0,0x64,0x12,0xFF,0xB0,0x64,0x12,0xFF,0xB0,0x64,0x12,0xFF,0xB0,0x64,0x12,0xFF,0xB0,0x64,0x12,0xFF,0xB0,0x64,0x12,0xFF,0xB0,0x64,0x12,0xFF,0xB0,0x64,0x12,0xFF,0xB0,0x64,0x12,0xFF,0xB0,0x64,0x12,0xFF,0xB0,0x64,0x12,0xFF,0xB0,0x64,0x12,0xFF,0xB0,0x64,0x12,0xFF,0xB0,0x64,0x12,0xFF,0xB0,0x64,0x12,0xFF,
    0xB0,0x64,0x12,0xFF,0xB0,0x64,0x12,0xFF,0xB0,0x64,0x12,0xFF,0xB0,0x64,0x12,0xFF,0xB0,0x64,0x12,0xFF,0xB0,0x64,0x12,0xFF,0xB0,0x64,0x12,0xFF,0xB0,0x64,0x12,0xFF,0xB0,0x64,0x12,0xFF,0xB0,0x64,0x12,0xFF,0xB0,0x64,0x12,0xFF,0xB0,0x64,0x12,0xFF,0xB0,0x64,0x12,0xFF,0xB0,0x64,0x12,0xFF,0xB0,0x64,0x12,0xFF,0xB0,0x64,0x12,0xFF,
    0xB0,0x64,0x12,0xFF,0xB0,0x64,0x12,0xFF,0xB0,0x64,0x12,0xFF,0xB0,0x64,0x12,0xFF,0xB0,0x64,0x12,0xFF,0xB0,0x64,0x12,0xFF,0xB0,0x64,0x12,0xFF,0xB0,0x64,0x12,0xFF,0xB0,0x64,0x12,0xFF,0xB0,0x64,0x12,0xFF,0xB0,0x64,0x12,0xFF,0xB0,0x64,0x12,0xFF,0xB0,0x64,0x12,0xFF,0xB0,0x64,0x12,0xFF,0xB0,0x64,0x12,0xFF,0xB0,0x64,0x12,0xFF,
    0xB0,0x64,0x12,0xFF,0xB0,0x64,0x12,0xFF,0xB0,0x64,0x12,0xFF,0xB0,0x64,0x12,0xFF,0xB0,0x64,0x12,0xFF,0xB0,0x64,0x12,0xFF,0xB0,0x64,0x12,0xFF,0xB0,0x64,0x12,0xFF,0xB0,0x64,0x12,0xFF,0xB0,0x64,0x12,0xFF,0xB0,0x64,0x12,0xFF,0xB0,0x64,0x12,0xFF,0xB0,0x64,0x12,0xFF,0xB0,0x64,0x12,0xFF,0xB0,0x64,0x12,0xFF,0xB0,0x64,0x12,0xFF,
    0xB0,0x64,0x12,0xFF,0xB0,0x64,0x12,0xFF,0xB0,0x64,0x12,0xFF,0xB0,0x64,0x12,0xFF,0xB0,0x64,0x12,0xFF,0xB0,0x64,0x12,0xFF,0xB0,0x64,0x12,0xFF,0xB0,0x64,0x12,0xFF,0xB0,0x64,0x12,0xFF,0xB0,0x64,0x12,0xFF,0xB0,0x64,0x12,0xFF,0xB0,0x64,0x12,0xFF,0xB0,0x64,0x12,0xFF,0xB0,0x64,0x12,0xFF,0xB0,0x64,0x12,0xFF,0xB0,0x64,0x12,0xFF,
    0xB0,0x64,0x12,0xFF,0xB0,0x64,0x12,0xFF,0xB0,0x64,0x12,0xFF,0xB0,0x64,0x12,0xFF,0xB0,0x64,0x12,0xFF,0xB0,0x64,0x12,0xFF,0xB0,0x64,0x12,0xFF,0xB0,0x64,0x12,0xFF,0xB0,0x64,0x12,0xFF,0xB0,0x64,0x12,0xFF,0xB0,0x64,0x12,0xFF,0xB0,0x64,0x12,0xFF,0xB0,0x64,0x12,0xFF,0xB0,0x64,0x12,0xFF,0xB0,0x64,0x12,0xFF,0xB0,0x64,0x12,0xFF,
    0xB0,0x64,0x12,0xFF,0xB0,0x64,0x12,0xFF,0xB0,0x64,0x12,0xFF,0xB0,0x64,0x12,0xFF,0xB0,0x64,0x12,0xFF,0xB0,0x64,0x12,0xFF,0xB0,0x64,0x12,0xFF,0xB0,0x64,0x12,0xFF,0xB0,0x64,0x12,0xFF,0xB0,0x64,0x12,0xFF,0xB0,0x64,0x12,0xFF,0xB0,0x64,0x12,0xFF,0xB0,0x64,0x12,0xFF,0xB0,0x64,0x12,0xFF,0xB0,0x64,0x12,0xFF,0xB0,0x64,0x12,0xFF,
    0xB0,0x64,0x12,0xFF,0xB0,0x64,0x12,0xFF,0xB0,0x64,0x12,0xFF,0xB0,0x64,0x12,0xFF,0xB0,0x64,0x12,0xFF,0xB0,0x64,0x12,0xFF,0xB0,0x64,0x12,0xFF,0xB0,0x64,0x12,0xFF,0xB0,0x64,0x12,0xFF,0xB0,0x64,0x12,0xFF,0xB0,0x64,0x12,0xFF,0xB0,0x64,0x12,0xFF,0xB0,0x64,0x12,0xFF,0xB0,0x64,0x12,0xFF,0xB0,0x64,0x12,0xFF,0xB0,0x64,0x12,0xFF,
    0xB0,0x64,0x12,0xFF,0xB0,0x64,0x12,0xFF,0xB0,0x64,0x12,0xFF,0xB0,0x64,0x12,0xFF,0xB0,0x64,0x12,0xFF,0xB0,0x64,0x12,0xFF,0xB0,0x64,0x12,0xFF,0xB0,0x64,0x12,0xFF,0xB0,0x64,0x12,0xFF,0xB0,0x64,0x12,0xFF,0xB0,0x64,0x12,0xFF,0xB0,0x64,0x12,0xFF,0xB0,0x64,0x12,0xFF,0xB0,0x64,0x12,0xFF,0xB0,0x64,0x12,0xFF,0xB0,0x64,0x12,0xFF,
    0xB0,0x64,0x12,0xFF,0xB0,0x64,0x12,0xFF,0xB0,0x64,0x12,0xFF,0xB0,0x64,0x12,0xFF,0xB0,0x64,0x12,0xFF,0xB0,0x64,0x12,0xFF,0xB0,0x64,0x12,0xFF,0xB0,0x64,0x12,0xFF,0xB0,0x64,0x12,0xFF,0xB0,0x64,0x12,0xFF,0xB0,0x64,0x12,0xFF,0xB0,0x64,0x12,0xFF,0xB0,0x64,0x12,0xFF,0xB0,0x64,0x12,0xFF,0xB0,0x64,0x12,0xFF,0xB0,0x64,0x12,0xFF,
    0xB0,0x64,0x12,0xFF,0xB0,0x64,0x12,0xFF,0xB0,0x64,0x12,0xFF,0xB0,0x64,0x12,0xFF,0xB0,0x64,0x12,0xFF,0xB0,0x64,0x12,0xFF,0xB0,0x64,0x12,0xFF,0xB0,0x64,0x12,0xFF,0xB0,0x64,0x12,0xFF,0xB0,0x64,0x12,0xFF,0xB0,0x64,0x12,0xFF,0xB0,0x64,0x12,0xFF,0xB0,0x64,0x12,0xFF,0xB0,0x64,0x12,0xFF,0xB0,0x64,0x12,0xFF,0xB0,0x64,0x12,0xFF,
    0xB0,0x64,0x12,0xFF,0xB0,0x64,0x12,0xFF,0xB0,0x64,0x12,0xFF,0xB0,0x64,0x12,0xFF,0xB0,0x64,0x12,0xFF,0xB0,0x64,0x12,0xFF,0xB0,0x64,0x12,0xFF,0xB0,0x64,0x12,0xFF,0xB0,0x64,0x12,0xFF,0xB0,0x64,0x12,0xFF,0xB0,0x64,0x12,0xFF,0xB0,0x64,0x12,0xFF,0xB0,0x64,0x12,0xFF,0xB0,0x64,0x12,0xFF,0xB0,0x64,0x12,0xFF,0xB0,0x64,0x12,0xFF,
    0xB0,0x64,0x12,0xFF,0xB0,0x64,0x12,0xFF,0xB0,0x64,0x12,0xFF,0xB0,0x64,0x12,0xFF,0xB0,0x64,0x12,0xFF,0xB0,0x64,0x12,0xFF,0xB0,0x64,0x12,0xFF,0xB0,0x64,0x12,0xFF,0xB0,0x64,0x12,0xFF,0xB0,0x64,0x12,0xFF,0xB0,0x64,0x12,0xFF,0xB0,0x64,0x12,0xFF,0xB0,0x64,0x12,0xFF,0xB0,0x64,0x12,0xFF,0xB0,0x64,0x12,0xFF,0xB0,0x64,0x12,0xFF,
    0xB0,0x64,0x12,0xFF,0xB0,0x64,0x12,0xFF,0xB0,0x64,0x12,0xFF,0xB0,0x64,0x12,0xFF,0xB0,0x64,0x12,0xFF,0xB0,0x64,0x12,0xFF,0xB0,0x64,0x12,0xFF,0xB0,0x64,0x12,0xFF,0xB0,0x64,0x12,0xFF,0xB0,0x64,0x12,0xFF,0xB0,0x64,0x12,0xFF,0xB0,0x64,0x12,0xFF,0xB0,0x64,0x12,0xFF,0xB0,0x64,0x12,0xFF,0xB0,0x64,0x12,0xFF,0xB0,0x64,0x12,0xFF,
    0xB0,0x64,0x12,0xFF,0xB0,0x64,0x12,0xFF,0xB0,0x64,0x12,0xFF,0xB0,0x64,0x12,0xFF,0xB0,0x64,0x12,0xFF,0xB0,0x64,0x12,0xFF,0xB0,0x64,0x12,0xFF,0xB0,0x64,0x12,0xFF,0xB0,0x64,0x12,0xFF,0xB0,0x64,0x12,0xFF,0xB0,0x64,0x12,0xFF,0xB0,0x64,0x12,0xFF,0xB0,0x64,0x12,0xFF,0xB0,0x64,0x12,0xFF,0xB0,0x64,0x12,0xFF,0xB0,0x64,0x12,0xFF,
    0xB0,0x64,0x12,0xFF,0xB0,0x64,0x12,0xFF,0xB0,0x64,0x12,0xFF,0xB0,0x64,0x12,0xFF,0xB0,0x64,0x12,0xFF,0xB0,0x64,0x12,0xFF,0xB0,0x64,0x12,0xFF,0xB0,0x64,0x12,0xFF,0xB0,0x64,0x12,0xFF,0xB0,0x64,0x12,0xFF,0xB0,0x64,0x12,0xFF,0xB0,0x64,0x12,0xFF,0xB0,0x64,0x12,0xFF,0xB0,0x64,0x12,0xFF,0xB0,0x64,0x12,0xFF,0xB0,0x64,0x12,0xFF,
    0xB0,0x64,0x12,0xFF,0xB0,0x64,0x12,0xFF,0xB0,0x64,0x12,0xFF,0xB0,0x64,0x12,0xFF,0xB0,0x64,0x12,0xFF,0xB0,0x64,0x12,0xFF,0xB0,0x64,0x12,0xFF,0xB0,0x64,0x12,0xFF,0xB0,0x64,0x12,0xFF,0xB0,0x64,0x12,0xFF,0xB0,0x64,0x12,0xFF,0xB0,0x64,0x12,0xFF,0xB0,0x64,0x12,0xFF,0xB0,0x64,0x12,0xFF,0xB0,0x64,0x12,0xFF,0xB0,0x64,0x12,0xFF,
    0xB0,0x64,0x12,0xFF,0xB0,0x64,0x12,0xFF,0xB0,0x64,0x12,0xFF,0xB0,0x64,0x12,0xFF,0xB0,0x64,0x12,0xFF,0xB0,0x64,0x12,0xFF,0xB0,0x64,0x12,0xFF,0xB0,0x64,0x12,0xFF,0xB0,0x64,0x12,0xFF,0xB0,0x64,0x12,0xFF,0xB0,0x64,0x12,0xFF,0xB0,0x64,0x12,0xFF,0xB0,0x64,0x12,0xFF,0xB0,0x64,0x12,0xFF,0xB0,0x64,0x12,0xFF,0xB0,0x64,0x12,0xFF,
    0xB0,0x64,0x12,0xFF,0xB0,0x64,0x12,0xFF,0xB0,0x64,0x12,0xFF,0xB0,0x64,0x12,0xFF,0xB0,0x64,0x12,0xFF,0xB0,0x64,0x12,0xFF,0xB0,0x64,0x12,0xFF,0xB0,0x64,0x12,0xFF,0xB0,0x64,0x12,0xFF,0xB0,0x64,0x12,0xFF,0xB0,0x64,0x12,0xFF,0xB0,0x64,0x12,0xFF,0xB0,0x64,0x12,0xFF,0xB0,0x64,0x12,0xFF,0xB0,0x64,0x12,0xFF,0xB0,0x64,0x12,0xFF,
    0xB0,0x64,0x12,0xFF,0xB0,0x64,0x12,0xFF,0xB0,0x64,0x12,0xFF,0xB0,0x64,0x12,0xFF,0xB0,0x64,0x12,0xFF,0xB0,0x64,0x12,0xFF,0xB0,0x64,0x12,0xFF,0xB0,0x64,0x12,0xFF,0xB0,0x64,0x12,0xFF,0xB0,0x64,0x12,0xFF,0xB0,0x64,0x12,0xFF,0xB0,0x64,0x12,0xFF,0xB0,0x64,0x12,0xFF,0xB0,0x64,0x12,0xFF,0xB0,0x64,0x12,0xFF,0xB0,0x64,0x12,0xFF,
    0xB0,0x64,0x12,0xFF,0xB0,0x64,0x12,0xFF,0xB0,0x64,0x12,0xFF,0xB0,0x64,0x12,0xFF,0xB0,0x64,0x12,0xFF,0xB0,0x64,0x12,0xFF,0xB0,0x64,0x12,0xFF,0xB0,0x64,0x12,0xFF,0xB0,0x64,0x12,0xFF,0xB0,0x64,0x12,0xFF,0xB0,0x64,0x12,0xFF,0xB0,0x64,0x12,0xFF,0xB0,0x64,0x12,0xFF,0xB0,0x64,0x12,0xFF,0xB0,0x64,0x12,0xFF,0xB0,0x64,0x12,0xFF,
    0xB0,0x64,0x12,0xFF,0xB0,0x64,0x12,0xFF,0xB0,0x64,0x12,0xFF,0xB0,0x64,0x12,0xFF,0xB0,0x64,0x12,0xFF,0xB0,0x64,0x12,0xFF,0xB0,0x64,0x12,0xFF,0xB0,0x64,0x12,0xFF,0xB0,0x64,0x12,0xFF,0xB0,0x64,0x12,0xFF,0xB0,0x64,0x12,0xFF,0xB0,0x64,0x12,0xFF,0xB0,0x64,0x12,0xFF,0xB0,0x64,0x12,0xFF,0xB0,0x64,0x12,0xFF,0xB0,0x64,0x12,0xFF,
    0xB0,0x64,0x12,0xFF,0xB0,0x64,0x12,0xFF,0xB0,0x64,0x12,0xFF,0xB0,0x64,0x12,0xFF,0xB0,0x64,0x12,0xFF,0xB0,0x64,0x12,0xFF,0xB0,0x64,0x12,0xFF,0xB0,0x64,0x12,0xFF,0xB0,0x64,0x12,0xFF,0xB0,0x64,0x12,0xFF,0xB0,0x64,0x12,0xFF,0xB0,0x64,0x12,0xFF,0xB0,0x64,0x12,0xFF,0xB0,0x64,0x12,0xFF,0xB0,0x64,0x12,0xFF,0xB0,0x64,0x12,0xFF,
    0xB0,0x64,0x12,0xFF,0xB0,0x64,0x12,0xFF,0xB0,0x64,0x12,0xFF,0xB0,0x64,0x12,0xFF,0xB0,0x64,0x12,0xFF,0xB0,0x64,0x12,0xFF,0xB0,0x64,0x12,0xFF,0xB0,0x64,0x12,0xFF,0xB0,0x64,0x12,0xFF,0xB0,0x64,0x12,0xFF,0xB0,0x64,0x12,0xFF,0xB0,0x64,0x12,0xFF,0xB0,0x64,0x12,0xFF,0xB0,0x64,0x12,0xFF,0xB0,0x64,0x12,0xFF,0xB0,0x64,0x12,0xFF,
    0xB0,0x64,0x12,0xFF,0xB0,0x64,0x12,0xFF,0xB0,0x64,0x12,0xFF,0xB0,0x64,0x12,0xFF,0xB0,0x64,0x12,0xFF,0xB0,0x64,0x12,0xFF,0xB0,0x64,0x12,0xFF,0xB0,0x64,0x12,0xFF,0xB0,0x64,0x12,0xFF,0xB0,0x64,0x12,0xFF,0xB0,0x64,0x12,0xFF,0xB0,0x64,0x12,0xFF,0xB0,0x64,0x12,0xFF,0xB0,0x64,0x12,0xFF,0xB0,0x64,0x12,0xFF,0xB0,0x64,0x12,0xFF,
    0xB0,0x64,0x12,0xFF,0xB0,0x64,0x12,0xFF,0xB0,0x64,0x12,0xFF,0xB0,0x64,0x12,0xFF,0xB0,0x64,0x12,0xFF,0xB0,0x64,0x12,0xFF,0xB0,0x64,0x12,0xFF,0xB0,0x64,0x12,0xFF,0xB0,0x64,0x12,0xFF,0xB0,0x64,0x12,0xFF,0xB0,0x64,0x12,0xFF,0xB0,0x64,0x12,0xFF,0xB0,0x64,0x12,0xFF,0xB0,0x64,0x12,0xFF,0xB0,0x64,0x12,0xFF,0xB0,0x64,0x12,0xFF,
    0xB0,0x64,0x12,0xFF,0xB0,0x64,0x12,0xFF,0xB0,0x64,0x12,0xFF,0xB0,0x64,0x12,0xFF,0xB0,0x64,0x12,0xFF,0xB0,0x64,0x12,0xFF,0xB0,0x64,0x12,0xFF,0xB0,0x64,0x12,0xFF,0xB0,0x64,0x12,0xFF,0xB0,0x64,0x12,0xFF,0xB0,0x64,0x12,0xFF,0xB0,0x64,0x12,0xFF,0xB0,0x64,0x12,0xFF,0xB0,0x64,0x12,0xFF,0xB0,0x64,0x12,0xFF,0xB0,0x64,0x12,0xFF,
    0xB0,0x64,0x12,0xFF,0xB0,0x64,0x12,0xFF,0xB0,0x64,0x12,0xFF,0xB0,0x64,0x12,0xFF,0xB0,0x64,0x12,0xFF,0xB0,0x64,0x12,0xFF,0xB0,0x64,0x12,0xFF,0xB0,0x64,0x12,0xFF,0xB0,0x64,0x12,0xFF,0xB0,0x64,0x12,0xFF,0xB0,0x64,0x12,0xFF,0xB0,0x64,0x12,0xFF,0xB0,0x64,0x12,0xFF,0xB0,0x64,0x12,0xFF,0xB0,0x64,0x12,0xFF,0xB0,0x64,0x12,0xFF,
    0xB0,0x64,0x12,0xFF,0xB0,0x64,0x12,0xFF,0xB0,0x64,0x12,0xFF,0xB0,0x64,0x12,0xFF,0xB0,0x64,0x12,0xFF,0xB0,0x64,0x12,0xFF,0xB0,0x64,0x12,0xFF,0xB0,0x64,0x12,0xFF,0xB0,0x64,0x12,0xFF,0xB0,0x64,0x12,0xFF,0xB0,0x64,0x12,0xFF,0xB0,0x64,0x12,0xFF,0xB0,0x64,0x12,0xFF,0xB0,0x64,0x12,0xFF,0xB0,0x64,0x12,0xFF,0xB0,0x64,0x12,0xFF,
    0xB0,0x64,0x12,0xFF,0xB0,0x64,0x12,0xFF,0xB0,0x64,0x12,0xFF,0xB0,0x64,0x12,0xFF,0xB0,0x64,0x12,0xFF,0xB0,0x64,0x12,0xFF,0xB0,0x64,0x12,0xFF,0xB0,0x64,0x12,0xFF,0xB0,0x64,0x12,0xFF,0xB0,0x64,0x12,0xFF,0xB0,0x64,0x12,0xFF,0xB0,0x64,0x12,0xFF,0xB0,0x64,0x12,0xFF,0xB0,0x64,0x12,0xFF,0xB0,0x64,0x12,0xFF,0xB0,0x64,0x12,0xFF,
    0xB0,0x64,0x12,0xFF,0xB0,0x64,0x12,0xFF,0xB0,0x64,0x12,0xFF,0xB0,0x64,0x12,0xFF,0xB0,0x64,0x12,0xFF,0xB0,0x64,0x12,0xFF,0xB0,0x64,0x12,0xFF,0xB0,0x64,0x12,0xFF,0xB0,0x64,0x12,0xFF,0xB0,0x64,0x12,0xFF,0xB0,0x64,0x12,0xFF,0xB0,0x64,0x12,0xFF,0xB0,0x64,0x12,0xFF,0xB0,0x64,0x12,0xFF,0xB0,0x64,0x12,0xFF,0xB0,0x64,0x12,0xFF,
    0xB0,0x64,0x12,0xFF,0xB0,0x64,0x12,0xFF,0xB0,0x64,0x12,0xFF,0xB0,0x64,0x12,0xFF,0xB0,0x64,0x12,0xFF,0xB0,0x64,0x12,0xFF,0xB0,0x64,0x12,0xFF,0xB0,0x64,0x12,0xDE,0xB0,0x64,0x12,0xFA,0xB0,0x64,0x12,0xFF,0xB0,0x64,0x12,0xFF,0xB0,0x64,0x12,0xFF,0xB0,0x64,0x12,0xFF,0xB0,0x64,0x12,0xFF,0xB0,0x64,0x12,0xFF,0xB0,0x64,0x12,0xFF,
    0xB0,0x64,0x12,0xFF,0xB0,0x64,0x12,0xFF,0xB0,0x64,0x12,0xFF,0xB0,0x64,0x12,0xFF,0xB0,0x64,0x12,0xFF,0xB0,0x64,0x12,0xFF,0xB0,0x64,0x12,0xFF,0xB0,0x64,0x12,0xFF,0xB0,0x64,0x12,0xFF,0xB0,0x64,0x12,0xFF,0xB0,0x64,0x12,0xFF,0xB0,0x64,0x12,0xFF,0xB0,0x64,0x12,0xFF,0xB0,0x64,0x12,0xFF,0xB0,0x64,0x12,0xFF,0xB0,0x64,0x12,0xFF,
    0xB0,0x64,0x12,0xFF,0xB0,0x64,0x12,0xFF,0xB0,0x64,0x12,0xFF,0xB0,0x64,0x12,0xFF,0xB0,0x64,0x12,0xFF,0xB0,0x64,0x12,0xFF,0xB0,0x64,0x12,0xFF,0xB0,0x64,0x12,0xFF,0xB0,0x64,0x12,0xFF,0xB0,0x64,0x12,0xFF,0xB0,0x64,0x12,0xFF,0xB0,0x64,0x12,0xFF,0xB0,0x64,0x12,0xFF,0xB0,0x64,0x12,0xFF,0xB0,0x64,0x12,0xFF,0xB0,0x64,0x12,0xFF,
    0xB0,0x64,0x12,0xFF,0xB0,0x64,0x12,0xFF,0xB0,0x64,0x12,0xFF,0xB0,0x64,0x12,0xFF,0xB0,0x64,0x12,0xFF,0xB0,0x64,0x12,0xFF,0xB0,0x64,0x12,0xFF,0xB0,0x64,0x12,0xFF,0xB0,0x64,0x12,0xFF,0xB0,0x64,0x12,0xFF,0xB0,0x64,0x12,0xFF,0xB0,0x64,0x12,0xFF,0xB0,0x64,0x12,0xFF,0xB0,0x64,0x12,0xFF,0xB0,0x64,0x12,0xFF,0xB0,0x64,0x12,0xFF,
    0xB0,0x64,0x12,0xFF,0xB0,0x64,0x12,0xFF,0xB0,0x64,0x12,0xFF,0xB0,0x64,0x12,0xFF,0xB0,0x64,0x12,0xFF,0xB0,0x64,0x12,0xFF,0xB0,0x64,0x12,0xFF,0xB0,0x64,0x12,0xFF,0xB0,0x64,0x12,0xFF,0xB0,0x64,0x12,0xFF,0xB0,0x64,0x12,0xFF,0xB0,0x64,0x12,0xFF,0xB0,0x64,0x12,0xFF,0xB0,0x64,0x12,0xFF,0xB0,0x64,0x12,0xFF,0xB0,0x64,0x12,0xFF,
    0xB0,0x64,0x12,0xFF,0xB0,0x64,0x12,0xFF,0xB0,0x64,0x12,0xFF,0xB0,0x64,0x12,0xFF,0xB0,0x64,0x12,0xFF,0xB0,0x64,0x12,0xFF,0xB0,0x64,0x12,0xFF,0xB0,0x64,0x12,0xFF,0xB0,0x64,0x12,0xFF,0xB0,0x64,0x12,0xFF,0xB0,0x64,0x12,0xFF,0xB0,0x64,0x12,0xFF,0xB0,0x64,0x12,0xFF,0xB0,0x64,0x12,0xFF,0xB0,0x64,0x12,0xFF,0xB0,0x64,0x12,0xFF,
    0xB0,0x64,0x12,0xFF,0xB0,0x64,0x12,0xFF,0xB0,0x64,0x12,0xFF,0xB0,0x64,0x12,0xFF,0xB0,0x64,0x12,0xFF,0xB0,0x64,0x12,0xFF,0xB0,0x64,0x12,0xFF,0xB0,0x64,0x12,0xFF,0xB0,0x64,0x12,0xFF,0xB0,0x64,0x12,0xFF,0xB0,0x64,0x12,0xFF,0xB0,0x64,0x12,0xFF,0xB0,0x64,0x12,0xFF,0xB0,0x64,0x12,0xFF,0xB0,0x64,0x12,0xFF,0xB0,0x64,0x12,0xFF,
    0xB0,0x64,0x12,0xFF,0xB0,0x64,0x12,0xFF,0xB0,0x64,0x12,0xFF,0xB0,0x64,0x12,0xFF,0xB0,0x64,0x12,0xFF,0xB0,0x64,0x12,0xFF,0xB0,0x64,0x12,0xFF,0xB0,0x64,0x12,0xFF,0xB0,0x64,0x12,0xFF,0xB0,0x64,0x12,0xFF,0xB0,0x64,0x12,0xFF,0xB0,0x64,0x12,0xFF,0xB0,0x64,0x12,0xFF,0xB0,0x64,0x12,0xFF,0xB0,0x64,0x12,0xFF,0xB0,0x64,0x12,0xFF,
    0xB0,0x64,0x12,0xFF,0xB0,0x64,0x12,0xFF,0xB0,0x64,0x12,0xFF,0xB0,0x64,0x12,0xFF,0xB0,0x64,0x12,0xFF,0xB0,0x64,0x12,0xFF,0xB0,0x64,0x12,0xFF,0xB0,0x64,0x12,0xFF,0xB0,0x64,0x12,0xFF,0xB0,0x64,0x12,0xFF,0xB0,0x64,0x12,0xFF,0xB0,0x64,0x12,0xFF,0xB0,0x64,0x12,0xFF,0xB0,0x64,0x12,0xFF,0xB0,0x64,0x12,0xFF,0xB0,0x64,0x12,0xFF,
    0xB0,0x64,0x12,0xFF,0xB0,0x64,0x12,0xFF,0xB0,0x64,0x12,0xFF,0xB0,0x64,0x12,0xFF,0xB0,0x64,0x12,0xFF,0xB0,0x64,0x12,0xFF,0xB0,0x64,0x12,0xFF,0xB0,0x64,0x12,0xFF,0xB0,0x64,0x12,0xFF,0xB0,0x64,0x12,0xFF,0xB0,0x64,0x12,0xFF,0xB0,0x64,0x12,0xFF,0xB0,0x64,0x12,0xFF,0xB0,0x64,0x12,0xFF,0xB0,0x64,0x12,0xFF,0xB0,0x64,0x12,0xFF,
    0xB0,0x64,0x12,0xFF,0xB0,0x64,0x12,0xFF,0xB0,0x64,0x12,0xFF,0xB0,0x64,0x12,0xFF,0xB0,0x64,0x12,0xFF,0xB0,0x64,0x12,0xFF,0xB0,0x64,0x12,0xFF,0xB0,0x64,0x12,0xFF,0xB0,0x64,0x12,0xFF,0xB0,0x64,0x12,0xFF,0xB0,0x64,0x12,0xFF,0xB0,0x64,0x12,0xFF,0xB0,0x64,0x12,0xFF,0xB0,0x64,0x12,0xFF,0xB0,0x64,0x12,0xFF,0xB0,0x64,0x12,0xFF,
    0xB0,0x64,0x12,0xFF,0xB0,0x64,0x12,0xFF,0xB0,0x64,0x12,0xFF,0xB0,0x64,0x12,0xFF,0xB0,0x64,0x12,0xFF,0xB0,0x64,0x12,0xFF,0xB0,0x64,0x12,0xFF,0xB0,0x64,0x12,0xFF,0xB0,0x64,0x12,0xFF,0xB0,0x64,0x12,0xFF,0xB0,0x64,0x12,0xFF,0xB0,0x64,0x12,0xFF,0xB0,0x64,0x12,0xFF,0xB0,0x64,0x12,0xFF,0xB0,0x64,0x12,0xFF,0xB0,0x64,0x12,0xFF,
    0xB0,0x64,0x12,0xFF,0xB0,0x64,0x12,0xFF,0xB0,0x64,0x12,0xFF,0xB0,0x64,0x12,0xFF,0xB0,0x64,0x12,0xFF,0xB0,0x64,0x12,0xFF,0xB0,0x64,0x12,0xFF,0xB0,0x64,0x12,0xFF,0xB0,0x64,0x12,0xFF,0xB0,0x64,0x12,0xFF,0xB0,0x64,0x12,0xFF,0xB0,0x64,0x12,0xFF,0xB0,0x64,0x12,0xFF,0xB0,0x64,0x12,0xFF,0xB0,0x64,0x12,0xFF,0xB0,0x64,0x12,0xFF,
    0xB0,0x64,0x12,0xFF,0xB0,0x64,0x12,0xFF,0xB0,0x64,0x12,0xFF,0xB0,0x64,0x12,0xFF,0xB0,0x64,0x12,0xFF,0xB0,0x64,0x12,0xFF,0xB0,0x64,0x12,0xFF,0xB0,0x64,0x12,0xFF,0xB0,0x64,0x12,0xFF,0xB0,0x64,0x12,0xFF,0xB0,0x64,0x12,0xFF,0xB0,0x64,0x12,0xFF,0xB0,0x64,0x12,0xFF,0xB0,0x64,0x12,0xFF,0xB0,0x64,0x12,0xFF,0xB0,0x64,0x12,0xFF,
    0xB0,0x64,0x12,0xFF,0xB0,0x64,0x12,0xFF,0xB0,0x64,0x12,0xFF,0xB0,0x64,0x12,0xFF,0xB0,0x64,0x12,0xFF,0xB0,0x64,0x12,0xFF,0xB0,0x64,0x12,0xFF,0xB0,0x64,0x12,0xFF,0xB0,0x64,0x12,0xFF,0xB0,0x64,0x12,0xFF,0xB0,0x64,0x12,0xFF,0xB0,0x64,0x12,0xFF,0xB0,0x64,0x12,0xFF,0xB0,0x64,0x12,0xFF,0xB0,0x64,0x12,0xFF,0xB0,0x64,0x12,0xFF,
    0xB0,0x64,0x12,0xFF,0xB0,0x64,0x12,0xFF,0xB0,0x64,0x12,0xFF,0xB0,0x64,0x12,0xFF,0xB0,0x64,0x12,0xFF,0xB0,0x64,0x12,0xFF,0xB0,0x64,0x12,0xFF,0xB0,0x64,0x12,0xFF,0xB0,0x64,0x12,0xFF,0xB0,0x64,0x12,0xFF,0xB0,0x64,0x12,0xFF,0xB0,0x64,0x12,0xFF,0xB0,0x64,0x12,0xFF,0xB0,0x64,0x12,0xFF,0xB0,0x64,0x12,0xFF,0xB0,0x64,0x12,0xFF,
    0xB0,0x64,0x12,0xFF,0xB0,0x64,0x12,0xFF,0xB0,0x64,0x12,0xFF,0xB0,0x64,0x12,0xFF,0xB0,0x64,0x12,0xFF,0xB0,0x64,0x12,0xFF,0xB0,0x64,0x12,0xFF,0xB0,0x64,0x12,0xFF,0xB0,0x64,0x12,0xFF,0xB0,0x64,0x12,0xFF,0xB0,0x64,0x12,0xFF,0xB0,0x64,0x12,0xFF,0xB0,0x64,0x12,0xFF,0xB0,0x64,0x12,0xFF,0xB0,0x64,0x12,0xFF,0xB0,0x64,0x12,0xFF,
    0xB0,0x64,0x12,0xFF,0xB0,0x64,0x12,0xFF,0xB0,0x64,0x12,0xFF,0xB0,0x64,0x12,0xFF,0xB0,0x64,0x12,0xFF,0xB0,0x64,0x12,0xFF,0xB0,0x64,0x12,0xFF,0xB0,0x64,0x12,0xFF,0xB0,0x64,0x12,0xFF,0xB0,0x64,0x12,0xFF,0xB0,0x64,0x12,0xFF,0xB0,0x64,0x12,0xFF,0xB0,0x64,0x12,0xFF,0xB0,0x64,0x12,0xFF,0xB0,0x64,0x12,0xFF,0xB0,0x64,0x12,0xFF,
    0xB0,0x64,0x12,0xFF,0xB0,0x64,0x12,0xFF,0xB0,0x64,0x12,0xFF,0xB0,0x64,0x12,0xFF,0xB0,0x64,0x12,0xFF,0xB0,0x64,0x12,0xFF,0xB0,0x64,0x12,0xFF,0xB0,0x64,0x12,0xFF,0xB0,0x64,0x12,0xFF,0xB0,0x64,0x12,0xFF,0xB0,0x64,0x12,0xFF,0xB0,0x64,0x12,0xFF,0xB0,0x64,0x12,0xFF,0xB0,0x64,0x12,0xFF,0xB0,0x64,0x12,0xFF,0xB0,0x64,0x12,0xFF,
    0xB0,0x64,0x12,0xFF,0xB0,0x64,0x12,0xFF,0xB0,0x64,0x12,0xFF,0xB0,0x64,0x12,0xFF,0xB0,0x64,0x12,0xFF,0xB0,0x64,0x12,0xFF,0xB0,0x64,0x12,0xFF,0xB0,0x64,0x12,0xFF,0xB0,0x64,0x12,0xFF,0xB0,0x64,0x12,0xFF,0xB0,0x64,0x12,0xFF,0xB0,0x64,0x12,0xFF,0xB0,0x64,0x12,0xFF,0xB0,0x64,0x12,0xFF,0xB0,0x64,0x12,0xFF,0xB0,0x64,0x12,0xFF,
    0xB0,0x64,0x12,0xFF,0xB0,0x64,0x12,0xFF,0xB0,0x64,0x12,0xFF,0xB0,0x64,0x12,0xFF,0xB0,0x64,0x12,0xFF,0xB0,0x64,0x12,0xFF,0xB0,0x64,0x12,0xFF,0xB0,0x64,0x12,0xFF,0xB0,0x64,0x12,0xFF,0xB0,0x64,0x12,0xFF,0xB0,0x64,0x12,0xFF,0xB0,0x64,0x12,0xFF,0xB0,0x64,0x12,0xFF,0xB0,0x64,0x12,0xFF,0xB0,0x64,0x12,0xFF,0xB0,0x64,0x12,0xFF,
    0xB0,0x64,0x12,0xFF,0xB0,0x64,0x12,0xFF,0xB0,0x64,0x12,0xFF,0xB0,0x64,0x12,0xFF,0xB0,0x64,0x12,0xFF,0xB0,0x64,0x12,0xFF,0xB0,0x64,0x12,0xFF,0xB0,0x64,0x12,0xFF,0xB0,0x64,0x12,0xFF,0xB0,0x64,0x12,0xFF,0xB0,0x64,0x12,0xFF,0xB0,0x64,0x12,0xFF,0xB0,0x64,0x12,0xFF,0xB0,0x64,0x12,0xFF,0xB0,0x64,0x12,0xFF,0xB0,0x64,0x12,0xFF,
    0xB0,0x64,0x12,0xFF,0xB0,0x64,0x12,0xFF,0xB0,0x64,0x12,0xFF,0xB0,0x64,0x12,0xFF,0xB0,0x64,0x12,0xFF,0xB0,0x64,0x12,0xFF,0xB0,0x64,0x12,0xFF,0xB0,0x64,0x12,0xFF,0xB0,0x64,0x12,0xFF,0xB0,0x64,0x12,0xFF,0xB0,0x64,0x12,0xFF,0xB0,0x64,0x12,0xFF,0xB0,0x64,0x12,0xFF,0xB0,0x64,0x12,0xFF,0xB0,0x64,0x12,0xFF,0xB0,0x64,0x12,0xFF,
    0xB0,0x64,0x12,0xFF,0xB0,0x64,0x12,0xFF,0xB0,0x64,0x12,0xFF,0xB0,0x64,0x12,0xFF,0xB0,0x64,0x12,0xFF,0xB0,0x64,0x12,0xFF,0xB0,0x64,0x12,0xFF,0xB0,0x64,0x12,0xFF,0xB0,0x64,0x12,0xFF,0xB0,0x64,0x12,0xFF,0xB0,0x64,0x12,0xFF,0xB0,0x64,0x12,0xFF,0xB0,0x64,0x12,0xFF,0xB0,0x64,0x12,0xFF,0xB0,0x64,0x12,0xFF,0xB0,0x64,0x12,0xFF,
    0xB0,0x64,0x12,0xFF,0xB0,0x64,0x12,0xFF,0xB0,0x64,0x12,0xFF,0xB0,0x64,0x12,0xFF,0xB0,0x64,0x12,0xFF,0xB0,0x64,0x12,0xFF,0xB0,0x64,0x12,0xFF,0xB0,0x64,0x12,0xFF,0xB0,0x64,0x12,0xFF,0xB0,0x64,0x12,0xFF,0xB0,0x64,0x12,0xFF,0xB0,0x64,0x12,0xFF,0xB0,0x64,0x12,0xFF,0xB0,0x64,0x12,0xFF,0xB0,0x64,0x12,0xFF,0xB0,0x64,0x12,0xFF,
    0xB0,0x64,0x12,0xFF,0xB0,0x64,0x12,0xFF,0xB0,0x64,0x12,0xFF,0xB0,0x64,0x12,0xFF,0xB0,0x64,0x12,0xFF,0xB0,0x64,0x12,0xFF,0xB0,0x64,0x12,0xFF,0xB0,0x64,0x12,0xFF,0xB0,0x64,0x12,0xFF,0xB0,0x64,0x12,0xFF,0xB0,0x64,0x12,0xFF,0xB0,0x64,0x12,0xFF,0xB0,0x64,0x12,0xFF,0xB0,0x64,0x12,0xFF,0xB0,0x64,0x12,0xFF,0xB0,0x64,0x12,0xFF,
    0xB0,0x64,0x12,0xFF,0xB0,0x64,0x12,0xFF,0xB0,0x64,0x12,0xFF,0xB0,0x64,0x12,0xFF,0xB0,0x64,0x12,0xFF,0xB0,0x64,0x12,0xFF,0xB0,0x64,0x12,0xFF,0xB0,0x64,0x12,0xFF,0xB0,0x64,0x12,0xFF,0xB0,0x64,0x12,0xFF,0xB0,0x64,0x12,0xFF,0xB0,0x64,0x12,0xFF,0xB0,0x64,0x12,0xFF,0xB0,0x64,0x12,0xFF,0xB0,0x64,0x12,0xFF,0xB0,0x64,0x12,0xFF,
    0xB0,0x64,0x12,0xFF,0xB0,0x64,0x12,0xFF,0xB0,0x64,0x12,0xFF,0xB0,0x64,0x12,0xFF,0xB0,0x64,0x12,0xFF,0xB0,0x64,0x12,0xFF,0xB0,0x64,0x12,0xFF,0xB0,0x64,0x12,0xFF,0xB0,0x64,0x12,0xFF,0xB0,0x64,0x12,0xFF,0xB0,0x64,0x12,0xFF,0xB0,0x64,0x12,0xFF,0xB0,0x64,0x12,0xFF,0xB0,0x64,0x12,0xFF,0xB0,0x64,0x12,0xFF,0xB0,0x64,0x12,0xFF,
    0xB0,0x64,0x12,0xFF,0xB0,0x64,0x12,0xFF,0xB0,0x64,0x12,0xFF,0xB0,0x64,0x12,0xFF,0xB0,0x64,0x12,0xFF,0xB0,0x64,0x12,0xFF,0xB0,0x64,0x12,0xFF,0xB0,0x64,0x12,0xFF,0xB0,0x64,0x12,0xFF,0xB0,0x64,0x12,0xFF,0xB0,0x64,0x12,0xFF,0xB0,0x64,0x12,0xFF,0xB0,0x64,0x12,0xFF,0xB0,0x64,0x12,0xFF,0xB0,0x64,0x12,0xFF,0xB0,0x64,0x12,0xFF,
    0xB0,0x64,0x12,0xFF,0xB0,0x64,0x12,0xFF,0xB0,0x64,0x12,0xFF,0xB0,0x64,0x12,0xFF,0xB0,0x64,0x12,0xFF,0xB0,0x64,0x12,0xFF,0xB0,0x64,0x12,0xFF,0xB0,0x64,0x12,0xFF,0xB0,0x64,0x12,0xFF,0xB0,0x64,0x12,0xFF,0xB0,0x64,0x12,0xFF,0xB0,0x64,0x12,0xFF,0xB0,0x64,0x12,0xFF,0xB0,0x64,0x12,0xFF,0xB0,0x64,0x12,0xFF,0xB0,0x64,0x12,0xFF,
    0xB0,0x64,0x12,0xFF,0xB0,0x64,0x12,0xFF,0xB0,0x64,0x12,0xFF,0xB0,0x64,0x12,0xFF,0xB0,0x64,0x12,0xFF,0xB0,0x64,0x12,0xFF,0xB0,0x64,0x12,0xFF,0xB0,0x64,0x12,0xFF,0xB0,0x64,0x12,0xFF,0xB0,0x64,0x12,0xFF,0xB0,0x64,0x12,0xFF,0xB0,0x64,0x12,0xFF,0xB0,0x64,0x12,0xFF,0xB0,0x64,0x12,0xFF,0xB0,0x64,0x12,0xFF,0xB0,0x64,0x12,0xFF,
    0xB0,0x64,0x12,0xFF,0xB0,0x64,0x12,0xFF,0xB0,0x64,0x12,0xFF,0xB0,0x64,0x12,0xFF,0xB0,0x64,0x12,0xFF,0xB0,0x64,0x12,0xFF,0xB0,0x64,0x12,0xFF,0xB0,0x64,0x12,0xFF,0xB0,0x64,0x12,0xFF,0xB0,0x64,0x12,0xFF,0xB0,0x64,0x12,0xFF,0xB0,0x64,0x12,0xFF,0xB0,0x64,0x12,0xFF,0xB0,0x64,0x12,0xFF,0xB0,0x64,0x12,0xFF,0xB0,0x64,0x12,0xFF,
    0xB0,0x64,0x12,0xFF,0xB0,0x64,0x12,0xFF,0xB0,0x64,0x12,0xFF,0xB0,0x64,0x12,0xFF,0xB0,0x64,0x12,0xFF,0xB0,0x64,0x12,0xFF,0xB0,0x64,0x12,0xFF,0xB0,0x64,0x12,0xFF,0xB0,0x64,0x12,0xFF,0xB0,0x64,0x12,0xFF,0xB0,0x64,0x12,0xFF,0xB0,0x64,0x12,0xFF,0xB0,0x64,0x12,0xFF,0xB0,0x64,0x12,0xFF,0xB0,0x64,0x12,0xFF,0xB0,0x64,0x12,0xFF,
    0xB0,0x64,0x12,0xFF,0xB0,0x64,0x12,0xFF,0xB0,0x64,0x12,0xFF,0xB0,0x64,0x12,0xFF,0xB0,0x64,0x12,0xFF,0xB0,0x64,0x12,0xFF,0xB0,0x64,0x12,0xFF,0xB0,0x64,0x12,0xFF,0xB0,0x64,0x12,0xFF,0xB0,0x64,0x12,0xFF,0xB0,0x64,0x12,0xFF,0xB0,0x64,0x12,0xFF,0xB0,0x64,0x12,0xFF,0xB0,0x64,0x12,0xFF,0xB0,0x64,0x12,0xFF,0xB0,0x64,0x12,0xFF,
    0xB0,0x64,0x12,0xFF,0xB0,0x64,0x12,0xFF,0xB0,0x64,0x12,0xFF,0xB0,0x64,0x12,0xFF,0xB0,0x64,0x12,0xFF,0xB0,0x64,0x12,0xFF,0xB0,0x64,0x12,0xFF,0xB0,0x64,0x12,0xFF,0xB0,0x64,0x12,0xFF,0xB0,0x64,0x12,0xFF,0xB0,0x64,0x12,0xFF,0xB0,0x64,0x12,0xFF,0xB0,0x64,0x12,0xFF,0xB0,0x64,0x12,0xFF,0xB0,0x64,0x12,0xFF,0xB0,0x64,0x12,0xFF,
    0xB0,0x64,0x12,0xFF,0xB0,0x64,0x12,0xFF,0xB0,0x64,0x12,0xFF,0xB0,0x64,0x12,0xFF,0xB0,0x64,0x12,0xFF,0xB0,0x64,0x12,0xFF,0xB0,0x64,0x12,0xFF,0xB0,0x64,0x12,0xFF,0xB0,0x64,0x12,0xFF,0xB0,0x64,0x12,0xFF,0xB0,0x64,0x12,0xFF,0xB0,0x64,0x12,0xFF,0xB0,0x64,0x12,0xFF,0xB0,0x64,0x12,0xFF,0xB0,0x64,0x12,0xFF,0xB0,0x64,0x12,0xFF,
    0xB0,0x64,0x12,0xFF,0xB0,0x64,0x12,0xFF,0xB0,0x64,0x12,0xFF,0xB0,0x64,0x12,0xFF,0xB0,0x64,0x12,0xFF,0xB0,0x64,0x12,0xFF,0xB0,0x64,0x12,0xFF,0xB0,0x64,0x12,0xFF,0xB0,0x64,0x12,0xFF,0xB0,0x64,0x12,0xFF,0xB0,0x64,0x12,0xFF,0xB0,0x64,0x12,0xFF,0xB0,0x64,0x12,0xFF,0xB0,0x64,0x12,0xFF,0xB0,0x64,0x12,0xFF,0xB0,0x64,0x12,0xFF,
    0xB0,0x64,0x12,0xFF,0xB0,0x64,0x12,0xFF,0xB0,0x64,0x12,0xFF,0xB0,0x64,0x12,0xFF,0xB0,0x64,0x12,0xFF,0xB0,0x64,0x12,0xFF,0xB0,0x64,0x12,0xFF,0xB0,0x64,0x12,0xFF,0xB0,0x64,0x12,0xFF,0xB0,0x64,0x12,0xFF,0xB0,0x64,0x12,0xFF,0xB0,0x64,0x12,0xFF,0xB0,0x64,0x12,0xFF,0xB0,0x64,0x12,0xFF,0xB0,0x64,0x12,0xFF,0xB0,0x64,0x12,0xFA,
    0xB0,0x64,0x12,0xFF,0xB0,0x64,0x12,0xFF,0xB0,0x64,0x12,0xFF,0xB0,0x64,0x12,0xFF,0xB0,0x64,0x12,0xFF,0xB0,0x64,0x12,0xFF,0xB0,0x64,0x12,0xFF,0xB0,0x64,0x12,0xFF,0xB0,0x64,0x12,0xFF,0xB0,0x64,0x12,0xFF,0xB0,0x64,0x12,0xFF,0xB0,0x64,0x12,0xFF,0xB0,0x64,0x12,0xFF,0xB0,0x64,0x12,0xFF,0xB0,0x64,0x12,0xFF,0xB0,0x64,0x12,0xFF,
    0xB0,0x64,0x12,0xFF,0xB0,0x64,0x12,0xFF,0xB0,0x64,0x12,0xFF,0xB0,0x64,0x12,0xFF,0xB0,0x64,0x12,0xFF,0xB0,0x64,0x12,0xFF,0xB0,0x64,0x12,0xFF,0xB0,0x64,0x12,0xFF,0xB0,0x64,0x12,0xFF,0xB0,0x64,0x12,0xFF,0xB0,0x64,0x12,0xFF,0xB0,0x64,0x12,0xFF,0xB0,0x64,0x12,0xFF,0xB0,0x64,0x12,0xFF,0xB0,0x64,0x12,0xFF,0xB0,0x64,0x12,0xFF,
    0xB0,0x64,0x12,0xFF,0xB0,0x64,0x12,0xFF,0xB0,0x64,0x12,0xFF,0xB0,0x64,0x12,0xFF,0xB0,0x64,0x12,0xFF,0xB0,0x64,0x12,0xFF,0xB0,0x64,0x12,0xFF,0xB0,0x64,0x12,0xFF,0xB0,0x64,0x12,0xFF,0xB0,0x64,0x12,0xFF,0xB0,0x64,0x12,0xFF,0xB0,0x64,0x12,0xFF,0xB0,0x64,0x12,0xFF,0xB0,0x64,0x12,0xFF,0xB0,0x64,0x12,0xFF,0xB0,0x64,0x12,0xFF,
    0xB0,0x64,0x12,0xFF,0xB0,0x64,0x12,0xFF,0xB0,0x64,0x12,0xFF,0xB0,0x64,0x12,0xFF,0xB0,0x64,0x12,0xFF,0xB0,0x64,0x12,0xFF,0xB0,0x64,0x12,0xFF,0xB0,0x64,0x12,0xFF,0xB0,0x64,0x12,0xFF,0xB0,0x64,0x12,0xFF,0xB0,0x64,0x12,0xFF,0xB0,0x64,0x12,0xFF,0xB0,0x64,0x12,0xFF,0xB0,0x64,0x12,0xFF,0xB0,0x64,0x12,0xFF,0xB0,0x64,0x12,0xFF,
    0xB0,0x64,0x12,0xFF,0xB0,0x64,0x12,0xFF,0xB0,0x64,0x12,0xFF,0xB0,0x64,0x12,0xFF,0xB0,0x64,0x12,0xFF,0xB0,0x64,0x12,0xFF,0xB0,0x64,0x12,0xFF,0xB0,0x64,0x12,0xFF,0xB0,0x64,0x12,0xFF,0xB0,0x64,0x12,0xFF,0xB0,0x64,0x12,0xFF,0xB0,0x64,0x12,0xFF,0xB0,0x64,0x12,0xFF,0xB0,0x64,0x12,0xFF,0xB0,0x64,0x12,0xFF,0xB0,0x64,0x12,0xFF,
    0xB0,0x64,0x12,0xFF,0xB0,0x64,0x12,0xFF,0xB0,0x64,0x12,0xFF,0xB0,0x64,0x12,0xFF,0xB0,0x64,0x12,0xFF,0xB0,0x64,0x12,0xFF,0xB0,0x64,0x12,0xFF,0xB0,0x64,0x12,0xFF,0xB0,0x64,0x12,0xFF,0xB0,0x64,0x12,0xFF,0xB0,0x64,0x12,0xFF,0xB0,0x64,0x12,0xFF,0xB0,0x64,0x12,0xFF,0xB0,0x64,0x12,0xFF,0xB0,0x64,0x12,0xFF,0xB0,0x64,0x12,0xFF,
    0xB0,0x64,0x12,0xFF,0xB0,0x64,0x12,0xFF,0xB0,0x64,0x12,0xFF,0xB0,0x64,0x12,0xFF,0xB0,0x64,0x12,0xFF,0xB0,0x64,0x12,0xFF,0xB0,0x64,0x12,0xFF,0xB0,0x64,0x12,0xFF,0xB0,0x64,0x12,0xFF,0xB0,0x64,0x12,0xFF,0xB0,0x64,0x12,0xFF,0xB0,0x64,0x12,0xFF,0xB0,0x64,0x12,0xFF,0xB0,0x64,0x12,0xFF,0xB0,0x64,0x12,0xFF,0xB0,0x64,0x12,0xFF,
    0xB0,0x64,0x12,0xFF,0xB0,0x64,0x12,0xFF,0xB0,0x64,0x12,0xFF,0xB0,0x64,0x12,0xFF,0xB0,0x64,0x12,0xFF,0xB0,0x64,0x12,0xFF,0xB0,0x64,0x12,0xFF,0xB0,0x64,0x12,0xFF,0xB0,0x64,0x12,0xFF,0xB0,0x64,0x12,0xFF,0xB0,0x64,0x12,0xFF,0xB0,0x64,0x12,0xFF,0xB0,0x64,0x12,0xFF,0xB0,0x64,0x12,0xFF,0xB0,0x64,0x12,0xFF,0xB0,0x64,0x12,0xFF,
    0xB0,0x64,0x12,0xFF,0xB0,0x64,0x12,0xFF,0xB0,0x64,0x12,0xFF,0xB0,0x64,0x12,0xFF,0xB0,0x64,0x12,0xFF,0xB0,0x64,0x12,0xFF,0xB0,0x64,0x12,0xFF,0xB0,0x64,0x12,0xFF,0xB0,0x64,0x12,0xFF,0xB0,0x64,0x12,0xFF,0xB0,0x64,0x12,0xFF,0xB0,0x64,0x12,0xFF,0xB0,0x64,0x12,0xFF,0xB0,0x64,0x12,0xFF,0xB0,0x64,0x12,0xFF,0xB0,0x64,0x12,0xFF,
    0xB0,0x64,0x12,0xFF,0xB0,0x64,0x12,0xFF,0xB0,0x64,0x12,0xFF,0xB0,0x64,0x12,0xFF,0xB0,0x64,0x12,0xFF,0xB0,0x64,0x12,0xFF,0xB0,0x64,0x12,0xFF,0xB0,0x64,0x12,0xFF,0xB0,0x64,0x12,0xFF,0xB0,0x64,0x12,0xFF,0xB0,0x64,0x12,0xFF,0xB0,0x64,0x12,0xFF,0xB0,0x64,0x12,0xFF,0xB0,0x64,0x12,0xFF,0xB0,0x64,0x12,0xFF,0xB0,0x64,0x12,0xFF,
    0xB0,0x64,0x12,0xFF,0xB0,0x64,0x12,0xFF,0xB0,0x64,0x12,0xFF,0xB0,0x64,0x12,0xFF,0xB0,0x64,0x12,0xFF,0xB0,0x64,0x12,0xFF,0xB0,0x64,0x12,0xFF,0xB0,0x64,0x12,0xFF,0xB0,0x64,0x12,0xFF,0xB0,0x64,0x12,0xFF,0xB0,0x64,0x12,0xFF,0xB0,0x64,0x12,0xFF,0xB0,0x64,0x12,0xFF,0xB0,0x64,0x12,0xFF,0xB0,0x64,0x12,0xFF,0xB0,0x64,0x12,0xFF,
    0xB0,0x64,0x12,0xFF,0xB0,0x64,0x12,0xFF,0xB0,0x64,0x12,0xFF,0xB0,0x64,0x12,0xFF,0xB0,0x64,0x12,0xFF,0xB0,0x64,0x12,0xFF,0xB0,0x64,0x12,0xFF,0xB0,0x64,0x12,0xFF,0xB0,0x64,0x12,0xFF,0xB0,0x64,0x12,0xFF,0xB0,0x64,0x12,0xFF,0xB0,0x64,0x12,0xFF,0xB0,0x64,0x12,0xFF,0xB0,0x64,0x12,0xFF,0xB0,0x64,0x12,0xFF,0xB0,0x64,0x12,0xFF,
    0xB0,0x64,0x12,0xFF,0xB0,0x64,0x12,0xFF,0xB0,0x64,0x12,0xFF,0xB0,0x64,0x12,0xFF,0xB0,0x64,0x12,0xFF,0xB0,0x64,0x12,0xFF,0xB0,0x64,0x12,0xFF,0xB0,0x64,0x12,0xFF,0xB0,0x64,0x12,0xFF,0xB0,0x64,0x12,0xFF,0xB0,0x64,0x12,0xFF,0xB0,0x64,0x12,0xFF,0xB0,0x64,0x12,0xFF,0xB0,0x64,0x12,0xFF,0xB0,0x64,0x12,0xFF,0xB0,0x64,0x12,0xFF,
    0xB0,0x64,0x12,0xFF,0xB0,0x64,0x12,0xFF,0xB0,0x64,0x12,0xFF,0xB0,0x64,0x12,0xFF,0xB0,0x64,0x12,0xFF,0xB0,0x64,0x12,0xFF,0xB0,0x64,0x12,0xFF,0xB0,0x64,0x12,0xFF,0xB0,0x64,0x12,0xFF,0xB0,0x64,0x12,0xFF,0xB0,0x64,0x12,0xFF,0xB0,0x64,0x12,0xFF,0xB0,0x64,0x12,0xFF,0xB0,0x64,0x12,0xFF,0xB0,0x64,0x12,0xFF,0xB0,0x64,0x12,0xFF,
    0xB0,0x64,0x12,0xFF,0xB0,0x64,0x12,0xFF,0xB0,0x64,0x12,0xFF,0xB0,0x64,0x12,0xFF,0xB0,0x64,0x12,0xFF,0xB0,0x64,0x12,0xFF,0xB0,0x64,0x12,0xFF,0xB0,0x64,0x12,0xFF,0xB0,0x64,0x12,0xFF,0xB0,0x64,0x12,0xFF,0xB0,0x64,0x12,0xFF,0xB0,0x64,0x12,0xFF,0xB0,0x64,0x12,0xFF,0xB0,0x64,0x12,0xFF,0xB0,0x64,0x12,0xFF,0xB0,0x64,0x12,0xFF,
    0xB0,0x64,0x12,0xFF,0xB0,0x64,0x12,0xFF,0xB0,0x64,0x12,0xFF,0xB0,0x64,0x12,0xFF,0xB0,0x64,0x12,0xFF,0xB0,0x64,0x12,0xFF,0xB0,0x64,0x12,0xFF,0xB0,0x64,0x12,0xFF,0xB0,0x64,0x12,0xFF,0xB0,0x64,0x12,0xFF,0xB0,0x64,0x12,0xFF,0xB0,0x64,0x12,0xFF,0xB0,0x64,0x12,0xFF,0xB0,0x64,0x12,0xFF,0xB0,0x64,0x12,0xFF,0xB0,0x64,0x12,0xFF,
    0xB0,0x64,0x12,0xFF,0xB0,0x64,0x12,0xFF,0xB0,0x64,0x12,0xFF,0xB0,0x64,0x12,0xFF,0xB0,0x64,0x12,0xFF,0xB0,0x64,0x12,0xFF,0xB0,0x64,0x12,0xFF,0xB0,0x64,0x12,0xFF,0xB0,0x64,0x12,0xFF,0xB0,0x64,0x12,0xFF,0xB0,0x64,0x12,0xFF,0xB0,0x64,0x12,0xFF,0xB0,0x64,0x12,0xFF,0xB0,0x64,0x12,0xFF,0xB0,0x64,0x12,0xFF,0xB0,0x64,0x12,0xFF,
    0xB0,0x64,0x12,0xFF,0xB0,0x64,0x12,0xFF,0xB0,0x64,0x12,0xFF,0xB0,0x64,0x12,0xFF,0xB0,0x64,0x12,0xFF,0xB0,0x64,0x12,0xFF,0xB0,0x64,0x12,0xFF,0xB0,0x64,0x12,0xFF,0xB0,0x64,0x12,0xFF,0xB0,0x64,0x12,0xFF,0xB0,0x64,0x12,0xFF,0xB0,0x64,0x12,0xFF,0xB0,0x64,0x12,0xFF,0xB0,0x64,0x12,0xFF,0xB0,0x64,0x12,0xFF,0xB0,0x64,0x12,0xFF,
    0xB0,0x64,0x12,0xFF,0xB0,0x64,0x12,0xFF,0xB0,0x64,0x12,0xFF,0xB0,0x64,0x12,0xFF,0xB0,0x64,0x12,0xFF,0xB0,0x64,0x12,0xFF,0xB0,0x64,0x12,0xFF,0xB0,0x64,0x12,0xFF,0xB0,0x64,0x12,0xFF,0xB0,0x64,0x12,0xFF,0xB0,0x64,0x12,0xFF,0xB0,0x64,0x12,0xFF,0xB0,0x64,0x12,0xFF,0xB0,0x64,0x12,0xFF,0xB0,0x64,0x12,0xFF,0xB0,0x64,0x12,0xFF,
    0xB0,0x64,0x12,0xFF,0xB0,0x64,0x12,0xFF,0xB0,0x64,0x12,0xFF,0xB0,0x64,0x12,0xFF,0xB0,0x64,0x12,0xFF,0xB0,0x64,0x12,0xFF,0xB0,0x64,0x12,0xFF,0xB0,0x64,0x12,0xFF,0xB0,0x64,0x12,0xFF,0xB0,0x64,0x12,0xFF,0xB0,0x64,0x12,0xFF,0xB0,0x64,0x12,0xFF,0xB0,0x64,0x12,0xFF,0xB0,0x64,0x12,0xFF,0xB0,0x64,0x12,0xFF,0xB0,0x64,0x12,0xFF,
    0xB0,0x64,0x12,0xFF,0xB0,0x64,0x12,0xFF,0xB0,0x64,0x12,0xFF,0xB0,0x64,0x12,0xFF,0xB0,0x64,0x12,0xFF,0xB0,0x64,0x12,0xFF,0xB0,0x64,0x12,0xFF,0xB0,0x64,0x12,0xFF,0xB0,0x64,0x12,0xFF,0xB0,0x64,0x12,0xFF,0xB0,0x64,0x12,0xFF,0xB0,0x64,0x12,0xFF,0xB0,0x64,0x12,0xFF,0xB0,0x64,0x12,0xFF,0xB0,0x64,0x12,0xFF,0xB0,0x64,0x12,0xFF,
    0xB0,0x64,0x12,0xFF,0xB0,0x64,0x12,0xFF,0xB0,0x64,0x12,0xFF,0xB0,0x64,0x12,0xFF,0xB0,0x64,0x12,0xFF,0xB0,0x64,0x12,0xFF,0xB0,0x64,0x12,0xFF,0xB0,0x64,0x12,0xFF,0xB0,0x64,0x12,0xFF,0xB0,0x64,0x12,0xFF,0xB0,0x64,0x12,0xFF,0xB0,0x64,0x12,0xFF,0xB0,0x64,0x12,0xFF,0xB0,0x64,0x12,0xFF,0xB0,0x64,0x12,0xFF,0xB0,0x64,0x12,0xFF,
    0xB0,0x64,0x12,0xFF,0xB0,0x64,0x12,0xFF,0xB0,0x64,0x12,0xFF,0xB0,0x64,0x12,0xFF,0xB0,0x64,0x12,0xFF,0xB0,0x64,0x12,0xFF,0xB0,0x64,0x12,0xFF,0xB0,0x64,0x12,0xFF,0xB0,0x64,0x12,0xFF,0xB0,0x64,0x12,0xFF,0xB0,0x64,0x12,0xFF,0xB0,0x64,0x12,0xFF,0xB0,0x64,0x12,0xFF,0xB0,0x64,0x12,0xFF,0xB0,0x64,0x12,0xFF,0xB0,0x64,0x12,0xFF,
    0xB0,0x64,0x12,0xFF,0xB0,0x64,0x12,0xFF,0xB0,0x64,0x12,0xFF,0xB0,0x64,0x12,0xFF,0xB0,0x64,0x12,0xFF,0xB0,0x64,0x12,0xFF,0xB0,0x64,0x12,0xFF,0xB0,0x64,0x12,0xFF,0xB0,0x64,0x12,0xFF,0xB0,0x64,0x12,0xFF,0xB0,0x64,0x12,0xFF,0xB0,0x64,0x12,0xFF,0xB0,0x64,0x12,0xFF,0xB0,0x64,0x12,0xFF,0xB0,0x64,0x12,0xFF,0xB0,0x64,0x12,0xFF,
    0xB0,0x64,0x12,0xFF,0xB0,0x64,0x12,0xFF,0xB0,0x64,0x12,0xFF,0xB0,0x64,0x12,0xFF,0xB0,0x64,0x12,0xFF,0xB0,0x64,0x12,0xFF,0xB0,0x64,0x12,0xFF,0xB0,0x64,0x12,0xFF,0xB0,0x64,0x12,0xFF,0xB0,0x64,0x12,0xFF,0xB0,0x64,0x12,0xFF,0xB0,0x64,0x12,0xFF,0xB0,0x64,0x12,0xFF,0xB0,0x64,0x12,0xFF,0xB0,0x64,0x12,0xFF,0xB0,0x64,0x12,0xFF,
    0xB0,0x64,0x12,0xFF,0xB0,0x64,0x12,0xFF,0xB0,0x64,0x12,0xFF,0xB0,0x64,0x12,0xFF,0xB0,0x64,0x12,0xFF,0xB0,0x64,0x12,0xFF,0xB0,0x64,0x12,0xFF,0xB0,0x64,0x12,0xFF,0xB0,0x64,0x12,0xFF,0xB0,0x64,0x12,0xFF,0xB0,0x64,0x12,0xFF,0xB0,0x64,0x12,0xFF,0xB0,0x64,0x12,0xFF,0xB0,0x64,0x12,0xFF,0xB0,0x64,0x12,0xFF,0xB0,0x64,0x12,0xFF,
    0xB0,0x64,0x12,0xFF,0xB0,0x64,0x12,0xFF,0xB0,0x64,0x12,0xFF,0xB0,0x64,0x12,0xFF,0xB0,0x64,0x12,0xFF,0xB0,0x64,0x12,0xFF,0xB0,0x64,0x12,0xFF,0xB0,0x64,0x12,0xFF,0xB0,0x64,0x12,0xFF,0xB0,0x64,0x12,0xFF,0xB0,0x64,0x12,0xFF,0xB0,0x64,0x12,0xFF,0xB0,0x64,0x12,0xFF,0xB0,0x64,0x12,0xFF,0xB0,0x64,0x12,0xFF,0xB0,0x64,0x12,0xFF,
    0xB0,0x64,0x12,0xFF,0xB0,0x64,0x12,0xFF,0xB0,0x64,0x12,0xFF,0xB0,0x64,0x12,0xFF,0xB0,0x64,0x12,0xFF,0xB0,0x64,0x12,0xFF,0xB0,0x64,0x12,0xFF,0xB0,0x64,0x12,0xFF,0xB0,0x64,0x12,0xFF,0xB0,0x64,0x12,0xFF,0xB0,0x64,0x12,0xFF,0xB0,0x64,0x12,0xFF,0xB0,0x64,0x12,0xFF,0xB0,0x64,0x12,0xFF,0xB0,0x64,0x12,0xFF,0xB0,0x64,0x12,0xFF,
    0xB0,0x64,0x12,0xFF,0xB0,0x64,0x12,0xFF,0xB0,0x64,0x12,0xFF,0xB0,0x64,0x12,0xFF,0xB0,0x64,0x12,0xFF,0xB0,0x64,0x12,0xFF,0xB0,0x64,0x12,0xFF,0xB0,0x64,0x12,0xFF,0xB0,0x64,0x12,0xFF,0xB0,0x64,0x12,0xFF,0xB0,0x64,0x12,0xFF,0xB0,0x64,0x12,0xFF,0xB0,0x64,0x12,0xFF,0xB0,0x64,0x12,0xFF,0xB0,0x64,0x12,0xFF,0xB0,0x64,0x12,0xFF,
    0xB0,0x64,0x12,0xFF,0xB0,0x64,0x12,0xFF,0xB0,0x64,0x12,0xFF,0xB0,0x64,0x12,0xFF,0xB0,0x64,0x12,0xFF,0xB0,0x64,0x12,0xFF,0xB0,0x64,0x12,0xFF,0xB0,0x64,0x12,0xFF,0xB0,0x64,0x12,0xFF,0xB0,0x64,0x12,0xFF,0xB0,0x64,0x12,0xFF,0xB0,0x64,0x12,0xFF,0xB0,0x64,0x12,0xFF,0xB0,0x64,0x12,0xFF,0xB0,0x64,0x12,0xFF,0xB0,0x64,0x12,0xFF,
    0xB0,0x64,0x12,0xFF,0xB0,0x64,0x12,0xFF,0xB0,0x64,0x12,0xFF,0xB0,0x64,0x12,0xFF,0xB0,0x64,0x12,0xFF,0xB0,0x64,0x12,0xFF,0xB0,0x64,0x12,0xFF,0xB0,0x64,0x12,0xFF,0xB0,0x64,0x12,0xFF,0xB0,0x64,0x12,0xFF,0xB0,0x64,0x12,0xFF,0xB0,0x64,0x12,0xFF,0xB0,0x64,0x12,0xFF,0xB0,0x64,0x12,0xFF,0xB0,0x64,0x12,0xFF,0xB0,0x64,0x12,0xFF,
    0xB0,0x64,0x12,0xFF,0xB0,0x64,0x12,0xFF,0xB0,0x64,0x12,0xFF,0xB0,0x64,0x12,0xFF,0xB0,0x64,0x12,0xFF,0xB0,0x64,0x12,0xFF,0xB0,0x64,0x12,0xFF,0xB0,0x64,0x12,0xFF,0xB0,0x64,0x12,0xFF,0xB0,0x64,0x12,0xFF,0xB0,0x64,0x12,0xFF,0xB0,0x64,0x12,0xFF,0xB0,0x64,0x12,0xFF,0xB0,0x64,0x12,0xFF,0xB0,0x64,0x12,0xFF,0xB0,0x64,0x12,0xFF,
    0xB0,0x64,0x12,0xFF,0xB0,0x64,0x12,0xFF,0xB0,0x64,0x12,0xFF,0xB0,0x64,0x12,0xFF,0xB0,0x64,0x12,0xFF,0xB0,0x64,0x12,0xFF,0xB0,0x64,0x12,0xFF,0xB0,0x64,0x12,0xFF,0xB0,0x64,0x12,0xFF,0xB0,0x64,0x12,0xFF,0xB0,0x64,0x12,0xFF,0xB0,0x64,0x12,0xFF,0xB0,0x64,0x12,0xFF,0xB0,0x64,0x12,0xFF,0xB0,0x64,0x12,0xFF,0xB0,0x64,0x12,0xFF,
    0xB0,0x64,0x12,0xFF,0xB0,0x64,0x12,0xFF,0xB0,0x64,0x12,0xFF,0xB0,0x64,0x12,0xFF,0xB0,0x64,0x12,0xFF,0xB0,0x64,0x12,0xFF,0xB0,0x64,0x12,0xFF,0xB0,0x64,0x12,0xFF,0xB0,0x64,0x12,0xFF,0xB0,0x64,0x12,0xFF,0xB0,0x64,0x12,0xFF,0xB0,0x64,0x12,0xFF,0xB0,0x64,0x12,0xFF,0xB0,0x64,0x12,0xFF,0xB0,0x64,0x12,0xFF,0xB0,0x64,0x12,0xFF,
    0xB0,0x64,0x12,0xFF,0xB0,0x64,0x12,0xFF,0xB0,0x64,0x12,0xFF,0xB0,0x64,0x12,0xFF,0xB0,0x64,0x12,0xFF,0xB0,0x64,0x12,0xFF,0xB0,0x64,0x12,0xFF,0xB0,0x64,0x12,0xFF,0xB0,0x64,0x12,0xFF,0xB0,0x64,0x12,0xFF,0xB0,0x64,0x12,0xFF,0xB0,0x64,0x12,0xFF,0xB0,0x64,0x12,0xFF,0xB0,0x64,0x12,0xFF,0xB0,0x64,0x12,0xFF,0xB0,0x64,0x12,0xFF,
    0xB0,0x64,0x12,0xFF,0xB0,0x64,0x12,0xFF,0xB0,0x64,0x12,0xFF,0xB0,0x64,0x12,0xFF,0xB0,0x64,0x12,0xFF,0xB0,0x64,0x12,0xFF,0xB0,0x64,0x12,0xFF,0xB0,0x64,0x12,0xFF,0xB0,0x64,0x12,0xFF,0xB0,0x64,0x12,0xFF,0xB0,0x64,0x12,0xFF,0xB0,0x64,0x12,0xFF,0xB0,0x64,0x12,0xFF,0xB0,0x64,0x12,0xFF,0xB0,0x64,0x12,0xFF,0xB0,0x64,0x12,0xFF,
    0xB0,0x64,0x12,0xFF,0xB0,0x64,0x12,0xFF,0xB0,0x64,0x12,0xFF,0xB0,0x64,0x12,0xFF,0xB0,0x64,0x12,0xFF,0xB0,0x64,0x12,0xFF,0xB0,0x64,0x12,0xFF,0xB0,0x64,0x12,0xFF,0xB0,0x64,0x12,0xFF,0xB0,0x64,0x12,0xFF,0xB0,0x64,0x12,0xFF,0xB0,0x64,0x12,0xFF,0xB0,0x64,0x12,0xFF,0xB0,0x64,0x12,0xFF,0xB0,0x64,0x12,0xFF,0xB0,0x64,0x12,0xFF,
    0xB0,0x64,0x12,0xFF,0xB0,0x64,0x12,0xFF,0xB0,0x64,0x12,0xFF,0xB0,0x64,0x12,0xFF,0xB0,0x64,0x12,0xFF,0xB0,0x64,0x12,0xFF,0xB0,0x64,0x12,0xFF,0xB0,0x64,0x12,0xFF,0xB0,0x64,0x12,0xFF,0xB0,0x64,0x12,0xFF,0xB0,0x64,0x12,0xFF,0xB0,0x64,0x12,0xFF,0xB0,0x64,0x12,0xFF,0xB0,0x64,0x12,0xFF,0xB0,0x64,0x12,0xFF,0xB0,0x64,0x12,0xFF,
    0xB0,0x64,0x12,0xFF,0xB0,0x64,0x12,0xFF,0xB0,0x64,0x12,0xFF,0xB0,0x64,0x12,0xFF,0xB0,0x64,0x12,0xFF,0xB0,0x64,0x12,0xFF,0xB0,0x64,0x12,0xFF,0xB0,0x64,0x12,0xFF,0xB0,0x64,0x12,0xFF,0xB0,0x64,0x12,0xFF,0xB0,0x64,0x12,0xFF,0xB0,0x64,0x12,0xFF,0xB0,0x64,0x12,0xFF,0xB0,0x64,0x12,0xFF,0xB0,0x64,0x12,0xFF,0xB0,0x64,0x12,0xFF,
    0xB0,0x64,0x12,0xFF,0xB0,0x64,0x12,0xFF,0xB0,0x64,0x12,0xFF,0xB0,0x64,0x12,0xFF,0xB0,0x64,0x12,0xFF,0xB0,0x64,0x12,0xFF,0xB0,0x64,0x12,0xFF,0xB0,0x64,0x12,0xFF,0xB0,0x64,0x12,0xFF,0xB0,0x64,0x12,0xFF,0xB0,0x64,0x12,0xFF,0xB0,0x64,0x12,0xFF,0xB0,0x64,0x12,0xFF,0xB0,0x64,0x12,0xFF,0xB0,0x64,0x12,0xFF,0xB0,0x64,0x12,0xFF,
    0xB0,0x64,0x12,0xFF,0xB0,0x64,0x12,0xFF,0xB0,0x64,0x12,0xFF,0xB0,0x64,0x12,0xFF,0xB0,0x64,0x12,0xFF,0xB0,0x64,0x12,0xFF,0xB0,0x64,0x12,0xFF,0xB0,0x64,0x12,0xFF,0xB0,0x64,0x12,0xFF,0xB0,0x64,0x12,0xFF,0xB0,0x64,0x12,0xFF,0xB0,0x64,0x12,0xFF,0xB0,0x64,0x12,0xFF,0xB0,0x64,0x12,0xFF,0xB0,0x64,0x12,0xFF,0xB0,0x64,0x12,0xFF,
    0xB0,0x64,0x12,0xFF,0xB0,0x64,0x12,0xFF,0xB0,0x64,0x12,0xFF,0xB0,0x64,0x12,0xFF,0xB0,0x64,0x12,0xFF,0xB0,0x64,0x12,0xFF,0xB0,0x64,0x12,0xFF,0xB0,0x64,0x12,0xFF,0xB0,0x64,0x12,0xFF,0xB0,0x64,0x12,0xFF,0xB0,0x64,0x12,0xFF,0xB0,0x64,0x12,0xFF,0xB0,0x64,0x12,0xFF,0xB0,0x64,0x12,0xFF,0xB0,0x64,0x12,0xFF,0xB0,0x64,0x12,0xFF,
    0xB0,0x64,0x12,0xFF,0xB0,0x64,0x12,0xFF,0xB0,0x64,0x12,0xFF,0xB0,0x64,0x12,0xFF,0xB0,0x64,0x12,0xFF,0xB0,0x64,0x12,0xFF,0xB0,0x64,0x12,0xFF,0xB0,0x64,0x12,0xFF,0xB0,0x64,0x12,0xFF,0xB0,0x64,0x12,0xFF,0xB0,0x64,0x12,0xFF,0xB0,0x64,0x12,0xFF,0xB0,0x64,0x12,0xFF,0xB0,0x64,0x12,0xFF,0xB0,0x64,0x12,0xFF,0xB0,0x64,0x12,0xFF,
    0xB0,0x64,0x12,0xFF,0xB0,0x64,0x12,0xFF,0xB0,0x64,0x12,0xFF,0xB0,0x64,0x12,0xFF,0xB0,0x64,0x12,0xFF,0xB0,0x64,0x12,0xFF,0xB0,0x64,0x12,0xFF,0xB0,0x64,0x12,0xFF,0xB0,0x64,0x12,0xFF,0xB0,0x64,0x12,0xFF,0xB0,0x64,0x12,0xFF,0xB0,0x64,0x12,0xFF,0xB0,0x64,0x12,0xFF,0xB0,0x64,0x12,0xFF,0xB0,0x64,0x12,0xFF,0xB0,0x64,0x12,0xFF,
    0xB0,0x64,0x12,0xFF,0xB0,0x64,0x12,0xFF,0xB0,0x64,0x12,0xFF,0xB0,0x64,0x12,0xFF,0xB0,0x64,0x12,0xFF,0xB0,0x64,0x12,0xFF,0xB0,0x64,0x12,0xFF,0xB0,0x64,0x12,0xFF,0xB0,0x64,0x12,0xFF,0xB0,0x64,0x12,0xFF,0xB0,0x64,0x12,0xFF,0xB0,0x64,0x12,0xFF,0xB0,0x64,0x12,0xFF,0xB0,0x64,0x12,0xFF,0xB0,0x64,0x12,0xFF,0xB0,0x64,0x12,0xFF,
    0xB0,0x64,0x12,0xFF,0xB0,0x64,0x12,0xFF,0xB0,0x64,0x12,0xFF,0xB0,0x64,0x12,0xFF,0xB0,0x64,0x12,0xFF,0xB0,0x64,0x12,0xFF,0xB0,0x64,0x12,0xFF,0xB0,0x64,0x12,0xFF,0xB0,0x64,0x12,0xFF,0xB0,0x64,0x12,0xFF,0xB0,0x64,0x12,0xFF,0xB0,0x64,0x12,0xFF,0xB0,0x64,0x12,0xFF,0xB0,0x64,0x12,0xFF,0xB0,0x64,0x12,0xFF,0xB0,0x64,0x12,0xFF,
    0xB0,0x64,0x12,0xFF,0xB0,0x64,0x12,0xFF,0xB0,0x64,0x12,0xFF,0xB0,0x64,0x12,0xFF,0xB0,0x64,0x12,0xFF,0xB0,0x64,0x12,0xFF,0xB0,0x64,0x12,0xFF,0xB0,0x64,0x12,0xFF,0xB0,0x64,0x12,0xFF,0xB0,0x64,0x12,0xFF,0xB0,0x64,0x12,0xFF,0xB0,0x64,0x12,0xFF,0xB0,0x64,0x12,0xFF,0xB0,0x64,0x12,0xFF,0xB0,0x64,0x12,0xFF,0xB0,0x64,0x12,0xFF,
    0xB0,0x64,0x12,0xFF,0xB0,0x64,0x12,0xFF,0xB0,0x64,0x12,0xFF,0xB0,0x64,0x12,0xFF,0xB0,0x64,0x12,0xFF,0xB0,0x64,0x12,0xFF,0xB0,0x64,0x12,0xFF,0xB0,0x64,0x12,0xFF,0xB0,0x64,0x12,0xFF,0xB0,0x64,0x12,0xFF,0xB0,0x64,0x12,0xFF,0xB0,0x64,0x12,0xFF,0xB0,0x64,0x12,0xFF,0xB0,0x64,0x12,0xFF,0xB0,0x64,0x12,0xFF,0xB0,0x64,0x12,0xFF,
    0xB0,0x64,0x12,0xFF,0xB0,0x64,0x12,0xFF,0xB0,0x64,0x12,0xFF,0xB0,0x64,0x12,0xFF,0xB0,0x64,0x12,0xFF,0xB0,0x64,0x12,0xFF,0xB0,0x64,0x12,0xFF,0xB0,0x64,0x12,0xFF,0xB0,0x64,0x12,0xFF,0xB0,0x64,0x12,0xFF,0xB0,0x64,0x12,0xFF,0xB0,0x64,0x12,0xFF,0xB0,0x64,0x12,0xFF,0xB0,0x64,0x12,0xFF,0xB0,0x64,0x12,0xFF,0xB0,0x64,0x12,0xFF,
    0xB0,0x64,0x12,0xFF,0xB0,0x64,0x12,0xFF,0xB0,0x64,0x12,0xFF,0xB0,0x64,0x12,0xFF,0xB0,0x64,0x12,0xFF,0xB0,0x64,0x12,0xFF,0xB0,0x64,0x12,0xFF,0xB0,0x64,0x12,0xFF,0xB0,0x64,0x12,0xFF,0xB0,0x64,0x12,0xFF,0xB0,0x64,0x12,0xFF,0xB0,0x64,0x12,0xFF,0xB0,0x64,0x12,0xFF,0xB0,0x64,0x12,0xFF,0xB0,0x64,0x12,0xFF,0xB0,0x64,0x12,0xFF,
    0xB0,0x64,0x12,0xFF,0xB0,0x64,0x12,0xFF,0xB0,0x64,0x12,0xFF,0xB0,0x64,0x12,0xFF,0xB0,0x64,0x12,0xFF,0xB0,0x64,0x12,0xFF,0xB0,0x64,0x12,0xFF,0xB0,0x64,0x12,0xFF,0xB0,0x64,0x12,0xFF,0xB0,0x64,0x12,0xFF,0xB0,0x64,0x12,0xFF,0xB0,0x64,0x12,0xFF,0xB0,0x64,0x12,0xFF,0xB0,0x64,0x12,0xFF,0xB0,0x64,0x12,0xFF,0xB0,0x64,0x12,0xFF,
    0xB0,0x64,0x12,0xFF,0xB0,0x64,0x12,0xFF,0xB0,0x64,0x12,0xFF,0xB0,0x64,0x12,0xFF,0xB0,0x64,0x12,0xFF,0xB0,0x64,0x12,0xFF,0xB0,0x64,0x12,0xFF,0xB0,0x64,0x12,0xFF,0xB0,0x64,0x12,0xFF,0xB0,0x64,0x12,0xFF,0xB0,0x64,0x12,0xFF,0xB0,0x64,0x12,0xFF,0xB0,0x64,0x12,0xFF,0xB0,0x64,0x12,0xFF,0xB0,0x64,0x12,0xFF,0xB0,0x64,0x12,0xFF,
    0xB0,0x64,0x12,0xFF,0xB0,0x64,0x12,0xFF,0xB0,0x64,0x12,0xFF,0xB0,0x64,0x12,0xFF,0xB0,0x64,0x12,0xFF,0xB0,0x64,0x12,0xFF,0xB0,0x64,0x12,0xFF,0xB0,0x64,0x12,0xFF,0xB0,0x64,0x12,0xFF,0xB0,0x64,0x12,0xFF,0xB0,0x64,0x12,0xFF,0xB0,0x64,0x12,0xFF,0xB0,0x64,0x12,0xFF,0xB0,0x64,0x12,0xFF,0xB0,0x64,0x12,0xFF,0xB0,0x64,0x12,0xFF,
    0xB0,0x64,0x12,0xFF,0xB0,0x64,0x12,0xFF,0xB0,0x64,0x12,0xFF,0xB0,0x64,0x12,0xFF,0xB0,0x64,0x12,0xFF,0xB0,0x64,0x12,0xFF,0xB0,0x64,0x12,0xFF,0xB0,0x64,0x12,0xFF,0xB0,0x64,0x12,0xFF,0xB0,0x64,0x12,0xFF,0xB0,0x64,0x12,0xFF,0xB0,0x64,0x12,0xFF,0xB0,0x64,0x12,0xFF,0xB0,0x64,0x12,0xFF,0xB0,0x64,0x12,0xFF,0xB0,0x64,0x12,0xFF,
    0xB0,0x64,0x12,0xFF,0xB0,0x64,0x12,0xFF,0xB0,0x64,0x12,0xFF,0xB0,0x64,0x12,0xFF,0xB0,0x64,0x12,0xFF,0xB0,0x64,0x12,0xFF,0xB0,0x64,0x12,0xFF,0xB0,0x64,0x12,0xFF,0xB0,0x64,0x12,0xFF,0xB0,0x64,0x12,0xFF,0xB0,0x64,0x12,0xFF,0xB0,0x64,0x12,0xFF,0xB0,0x64,0x12,0xFF,0xB0,0x64,0x12,0xFF,0xB0,0x64,0x12,0xFF,0xB0,0x64,0x12,0xFF,
    0xB0,0x64,0x12,0xFF,0xB0,0x64,0x12,0xFF,0xB0,0x64,0x12,0xFF,0xB0,0x64,0x12,0xFF,0xB0,0x64,0x12,0xFF,0xB0,0x64,0x12,0xFF,0xB0,0x64,0x12,0xFF,0xB0,0x64,0x12,0xFF,0xB0,0x64,0x12,0xFF,0xB0,0x64,0x12,0xFF,0xB0,0x64,0x12,0xFF,0xB0,0x64,0x12,0xFF,0xB0,0x64,0x12,0xFF,0xB0,0x64,0x12,0xFF,0xB0,0x64,0x12,0xFF,0xB0,0x64,0x12,0xFF,
    0xB0,0x64,0x12,0xFF,0xB0,0x64,0x12,0xFF,0xB0,0x64,0x12,0xFF,0xB0,0x64,0x12,0xFF,0xB0,0x64,0x12,0xFF,0xB0,0x64,0x12,0xFF,0xB0,0x64,0x12,0xFF,0xB0,0x64,0x12,0xFF,0xB0,0x64,0x12,0xFF,0xB0,0x64,0x12,0xFF,0xB0,0x64,0x12,0xFF,0xB0,0x64,0x12,0xFF,0xB0,0x64,0x12,0xFF,0xB0,0x64,0x12,0xFF,0xB0,0x64,0x12,0xFF,0xB0,0x64,0x12,0xFF,
    0xB0,0x64,0x12,0xFF,0xB0,0x64,0x12,0xFF,0xB0,0x64,0x12,0xFF,0xB0,0x64,0x12,0xFF,0xB0,0x64,0x12,0xFF,0xB0,0x64,0x12,0xFF,0xB0,0x64,0x12,0xFF,0xB0,0x64,0x12,0xFF,0xB0,0x64,0x12,0xFF,0xB0,0x64,0x12,0xFF,0xB0,0x64,0x12,0xFF,0xB0,0x64,0x12,0xFF,0xB0,0x64,0x12,0xFF,0xB0,0x64,0x12,0xFF,0xB0,0x64,0x12,0xFF,0xB0,0x64,0x12,0xFF,
    0xB0,0x64,0x12,0xFF,0xB0,0x64,0x12,0xFF,0xB0,0x64,0x12,0xFF,0xB0,0x64,0x12,0xFF,0xB0,0x64,0x12,0xFF,0xB0,0x64,0x12,0xFF,0xB0,0x64,0x12,0xFF,0xB0,0x64,0x12,0xFF,0xB0,0x64,0x12,0xFF,0xB0,0x64,0x12,0xFF,0xB0,0x64,0x12,0xFF,0xB0,0x64,0x12,0xFF,0xB0,0x64,0x12,0xFF,0xB0,0x64,0x12,0xFF,0xB0,0x64,0x12,0xFF,0xB0,0x64,0x12,0xFF,
    0xB0,0x64,0x12,0xFF,0xB0,0x64,0x12,0xFF,0xB0,0x64,0x12,0xFF,0xB0,0x64,0x12,0xFF,0xB0,0x64,0x12,0xFF,0xB0,0x64,0x12,0xFF,0xB0,0x64,0x12,0xFF,0xB0,0x64,0x12,0xFF,0xB0,0x64,0x12,0xFF,0xB0,0x64,0x12,0xFF,0xB0,0x64,0x12,0xFF,0xB0,0x64,0x12,0xFF,0xB0,0x64,0x12,0xFF,0xB0,0x64,0x12,0xFF,0xB0,0x64,0x12,0xFF,0xB0,0x64,0x12,0xFF,
    0xB0,0x64,0x12,0xFF,0xB0,0x64,0x12,0xFF,0xB0,0x64,0x12,0xFF,0xB0,0x64,0x12,0xFF,0xB0,0x64,0x12,0xFF,0xB0,0x64,0x12,0xFF,0xB0,0x64,0x12,0xFF,0xB0,0x64,0x12,0xFF,0xB0,0x64,0x12,0xFF,0xB0,0x64,0x12,0xFF,0xB0,0x64,0x12,0xFF,0xB0,0x64,0x12,0xFF,0xB0,0x64,0x12,0xFF,0xB0,0x64,0x12,0xFF,0xB0,0x64,0x12,0xFF,0xB0,0x64,0x12,0xFF,
    0xB0,0x64,0x12,0xFF,0xB0,0x64,0x12,0xFF,0xB0,0x64,0x12,0xFF,0xB0,0x64,0x12,0xFF,0xB0,0x64,0x12,0xFF,0xB0,0x64,0x12,0xFF,0xB0,0x64,0x12,0xFF,0xB0,0x64,0x12,0xFF,0xB0,0x64,0x12,0xFF,0xB0,0x64,0x12,0xFF,0xB0,0x64,0x12,0xFF,0xB0,0x64,0x12,0xFF,0xB0,0x64,0x12,0xFF,0xB0,0x64,0x12,0xFF,0xB0,0x64,0x12,0xFF,0xB0,0x64,0x12,0xFF,
    0xB0,0x64,0x12,0xFF,0xB0,0x64,0x12,0xFF,0xB0,0x64,0x12,0xFF,0xB0,0x64,0x12,0xFF,0xB0,0x64,0x12,0xFF,0xB0,0x64,0x12,0xFF,0xB0,0x64,0x12,0xFF,0xB0,0x64,0x12,0xFF,0xB0,0x64,0x12,0xFF,0xB0,0x64,0x12,0xFF,0xB0,0x64,0x12,0xFF,0xB0,0x64,0x12,0xFF,0xB0,0x64,0x12,0xFF,0xB0,0x64,0x12,0xFF,0xB0,0x64,0x12,0xFF,0xB0,0x64,0x12,0xFF,
    0xB0,0x64,0x12,0xFF,0xB0,0x64,0x12,0xFF,0xB0,0x64,0x12,0xFF,0xB0,0x64,0x12,0xFF,0xB0,0x64,0x12,0xFF,0xB0,0x64,0x12,0xFF,0xB0,0x64,0x12,0xFF,0xB0,0x64,0x12,0xFF,0xB0,0x64,0x12,0xFF,0xB0,0x64,0x12,0xFF,0xB0,0x64,0x12,0xFF,0xB0,0x64,0x12,0xFF,0xB0,0x64,0x12,0xFF,0xB0,0x64,0x12,0xFF,0xB0,0x64,0x12,0xFF,0xB0,0x64,0x12,0xFF,
    0xB0,0x64,0x12,0xFF,0xB0,0x64,0x12,0xFF,0xB0,0x64,0x12,0xFF,0xB0,0x64,0x12,0xFF,0xB0,0x64,0x12,0xFF,0xB0,0x64,0x12,0xFF,0xB0,0x64,0x12,0xFF,0xB0,0x64,0x12,0xFF,0xB0,0x64,0x12,0xFF,0xB0,0x64,0x12,0xFF,0xB0,0x64,0x12,0xFF,0xB0,0x64,0x12,0xFF,0xB0,0x64,0x12,0xFF,0xB0,0x64,0x12,0xFF,0xB0,0x64,0x12,0xFF,0xB0,0x64,0x12,0xFF,
    0xB0,0x64,0x12,0xFF,0xB0,0x64,0x12,0xFF,0xB0,0x64,0x12,0xFF,0xB0,0x64,0x12,0xFF,0xB0,0x64,0x12,0xFF,0xB0,0x64,0x12,0xFF,0xB0,0x64,0x12,0xFF,0xB0,0x64,0x12,0xFF,0xB0,0x64,0x12,0xFF,0xB0,0x64,0x12,0xFF,0xB0,0x64,0x12,0xFF,0xB0,0x64,0x12,0xFF,0xB0,0x64,0x12,0xFF,0xB0,0x64,0x12,0xFF,0xB0,0x64,0x12,0xFF,0xB0,0x64,0x12,0xFF,
    0xB0,0x64,0x12,0xFF,0xB0,0x64,0x12,0xFF,0xB0,0x64,0x12,0xFF,0xB0,0x64,0x12,0xFF,0xB0,0x64,0x12,0xFF,0xB0,0x64,0x12,0xFF,0xB0,0x64,0x12,0xFF,0xB0,0x64,0x12,0xFF,0xB0,0x64,0x12,0xFF,0xB0,0x64,0x12,0xFF,0xB0,0x64,0x12,0xFF,0xB0,0x64,0x12,0xFF,0xB0,0x64,0x12,0xFF,0xB0,0x64,0x12,0xFF,0xB0,0x64,0x12,0xFF,0xB0,0x64,0x12,0xFF,
    0xB0,0x64,0x12,0xFF,0xB0,0x64,0x12,0xFF,0xB0,0x64,0x12,0xFF,0xB0,0x64,0x12,0xFF,0xB0,0x64,0x12,0xFF,0xB0,0x64,0x12,0xFF,0xB0,0x64,0x12,0xFF,0xB0,0x64,0x12,0xFF,0xB0,0x64,0x12,0xFF,0xB0,0x64,0x12,0xFF,0xB0,0x64,0x12,0xFF,0xB0,0x64,0x12,0xFF,0xB0,0x64,0x12,0xFF,0xB0,0x64,0x12,0xFF,0xB0,0x64,0x12,0xFF,0xB0,0x64,0x12,0xFF,
    0xB0,0x64,0x12,0xFF,0xB0,0x64,0x12,0xFF,0xB0,0x64,0x12,0xFF,0xB0,0x64,0x12,0xFF,0xB0,0x64,0x12,0xFF,0xB0,0x64,0x12,0xFF,0xB0,0x64,0x12,0xFF,0xB0,0x64,0x12,0xFF,0xB0,0x64,0x12,0xFF,0xB0,0x64,0x12,0xFF,0xB0,0x64,0x12,0xFF,0xB0,0x64,0x12,0xFF,0xB0,0x64,0x12,0xFF,0xB0,0x64,0x12,0xFF,0xB0,0x64,0x12,0xFF,0xB0,0x64,0x12,0xFF,
    0xB0,0x64,0x12,0xFF,0xB0,0x64,0x12,0xFF,0xB0,0x64,0x12,0xFF,0xB0,0x64,0x12,0xFF,0xB0,0x64,0x12,0xFF,0xB0,0x64,0x12,0xFF,0xB0,0x64,0x12,0xFF,0xB0,0x64,0x12,0xFF,0xB0,0x64,0x12,0xFF,0xB0,0x64,0x12,0xFF,0xB0,0x64,0x12,0xFF,0xB0,0x64,0x12,0xFF,0xB0,0x64,0x12,0xFF,0xB0,0x64,0x12,0xFF,0xB0,0x64,0x12,0xFF,0xB0,0x64,0x12,0xFF,
    0xB0,0x64,0x12,0xFF,0xB0,0x64,0x12,0xFF,0xB0,0x64,0x12,0xFF,0xB0,0x64,0x12,0xFF,0xB0,0x64,0x12,0xFF,0xB0,0x64,0x12,0xFF,0xB0,0x64,0x12,0xFF,0xB0,0x64,0x12,0xFF,0xB0,0x64,0x12,0xFF,0xB0,0x64,0x12,0xFF,0xB0,0x64,0x12,0xFF,0xB0,0x64,0x12,0xFF,0xB0,0x64,0x12,0xFF,0xB0,0x64,0x12,0xFF,0xB0,0x64,0x12,0xFF,0xB0,0x64,0x12,0xFF,
    0xB0,0x64,0x12,0xFF,0xB0,0x64,0x12,0xFF,0xB0,0x64,0x12,0xFF,0xB0,0x64,0x12,0xFF,0xB0,0x64,0x12,0xFF,0xB0,0x64,0x12,0xFF,0xB0,0x64,0x12,0xFF,0xB0,0x64,0x12,0xFF,0xB0,0x64,0x12,0xFF,0xB0,0x64,0x12,0xFF,0xB0,0x64,0x12,0xFF,0xB0,0x64,0x12,0xFF,0xB0,0x64,0x12,0xFF,0xB0,0x64,0x12,0xFF,0xB0,0x64,0x12,0xFF,0xB0,0x64,0x12,0xFF,
    0xB0,0x64,0x12,0xFF,0xB0,0x64,0x12,0xFF,0xB0,0x64,0x12,0xFF,0xB0,0x64,0x12,0xFF,0xB0,0x64,0x12,0xFF,0xB0,0x64,0x12,0xFF,0xB0,0x64,0x12,0xFF,0xB0,0x64,0x12,0xFF,0xB0,0x64,0x12,0xFF,0xB0,0x64,0x12,0xFF,0xB0,0x64,0x12,0xFF,0xB0,0x64,0x12,0xFF,0xB0,0x64,0x12,0xFF,0xB0,0x64,0x12,0xFF,0xB0,0x64,0x12,0xFF,0xB0,0x64,0x12,0xFF,
    0xB0,0x64,0x12,0xFF,0xB0,0x64,0x12,0xFF,0xB0,0x64,0x12,0xFF,0xB0,0x64,0x12,0xFF,0xB0,0x64,0x12,0xFF,0xB0,0x64,0x12,0xFF,0xB0,0x64,0x12,0xFF,0xB0,0x64,0x12,0xFF,0xB0,0x64,0x12,0xFF,0xB0,0x64,0x12,0xFF,0xB0,0x64,0x12,0xFF,0xB0,0x64,0x12,0xFF,0xB0,0x64,0x12,0xFF,0xB0,0x64,0x12,0xFF,0xB0,0x64,0x12,0xFF,0xB0,0x64,0x12,0xFF,
    0xB0,0x64,0x12,0xFF,0xB0,0x64,0x12,0xFF,0xB0,0x64,0x12,0xFF,0xB0,0x64,0x12,0xFF,0xB0,0x64,0x12,0xFF,0xB0,0x64,0x12,0xFF,0xB0,0x64,0x12,0xFF,0xB0,0x64,0x12,0xFF,0xB0,0x64,0x12,0xFF,0xB0,0x64,0x12,0xFF,0xB0,0x64,0x12,0xFF,0xB0,0x64,0x12,0xFF,0xB0,0x64,0x12,0xFF,0xB0,0x64,0x12,0xFF,0xB0,0x64,0x12,0xFF,0xB0,0x64,0x12,0xFF,
    0xB0,0x64,0x12,0xFF,0xB0,0x64,0x12,0xFF,0xB0,0x64,0x12,0xFF,0xB0,0x64,0x12,0xFF,0xB0,0x64,0x12,0xFF,0xB0,0x64,0x12,0xFF,0xB0,0x64,0x12,0xFF,0xB0,0x64,0x12,0xFF,0xB0,0x64,0x12,0xFF,0xB0,0x64,0x12,0xFF,0xB0,0x64,0x12,0xFF,0xB0,0x64,0x12,0xFF,0xB0,0x64,0x12,0xFF,0xB0,0x64,0x12,0xFF,0xB0,0x64,0x12,0xFF,0xB0,0x64,0x12,0xFF,
    0xB0,0x64,0x12,0xFF,0xB0,0x64,0x12,0xFF,0xB0,0x64,0x12,0xFF,0xB0,0x64,0x12,0xFF,0xB0,0x64,0x12,0xFF,0xB0,0x64,0x12,0xFF,0xB0,0x64,0x12,0xFF,0xB0,0x64,0x12,0xFF,0xB0,0x64,0x12,0xFF,0xB0,0x64,0x12,0xFF,0xB0,0x64,0x12,0xFF,0xB0,0x64,0x12,0xFF,0xB0,0x64,0x12,0xFF,0xB0,0x64,0x12,0xFF,0xB0,0x64,0x12,0xFF,0xB0,0x64,0x12,0xFF,
    0xB0,0x64,0x12,0xFF,0xB0,0x64,0x12,0xFF,0xB0,0x64,0x12,0xFF,0xB0,0x64,0x12,0xFF,0xB0,0x64,0x12,0xFF,0xB0,0x64,0x12,0xFF,0xB0,0x64,0x12,0xFF,0xB0,0x64,0x12,0xFF,0xB0,0x64,0x12,0xFF,0xB0,0x64,0x12,0xFF,0xB0,0x64,0x12,0xFF,0xB0,0x64,0x12,0xFF,0xB0,0x64,0x12,0xFF,0xB0,0x64,0x12,0xFF,0xB0,0x64,0x12,0xFF,0xB0,0x64,0x12,0xFF,
    0xB0,0x64,0x12,0xFF,0xB0,0x64,0x12,0xFF,0xB0,0x64,0x12,0xFF,0xB0,0x64,0x12,0xFF,0xB0,0x64,0x12,0xFF,0xB0,0x64,0x12,0xFF,0xB0,0x64,0x12,0xFF,0xB0,0x64,0x12,0xFF,0xB0,0x64,0x12,0xFF,0xB0,0x64,0x12,0xFF,0xB0,0x64,0x12,0xFF,0xB0,0x64,0x12,0xFF,0xB0,0x64,0x12,0xFF,0xB0,0x64,0x12,0xFF,0xB0,0x64,0x12,0xFF,0xB0,0x64,0x12,0xFF,
    0xB0,0x64,0x12,0xFF,0xB0,0x64,0x12,0xFF,0xB0,0x64,0x12,0xFF,0xB0,0x64,0x12,0xFF,0xB0,0x64,0x12,0xFF,0xB0,0x64,0x12,0xFF,0xB0,0x64,0x12,0xFF,0xB0,0x64,0x12,0xFF,0xB0,0x64,0x12,0xFF,0xB0,0x64,0x12,0xFF,0xB0,0x64,0x12,0xFF,0xB0,0x64,0x12,0xFF,0xB0,0x64,0x12,0xFF,0xB0,0x64,0x12,0xFF,0xB0,0x64,0x12,0xFF,0xB0,0x64,0x12,0xFF,
    0xB0,0x64,0x12,0xFF,0xB0,0x64,0x12,0xFF,0xB0,0x64,0x12,0xFF,0xB0,0x64,0x12,0xFF,0xB0,0x64,0x12,0xFF,0xB0,0x64,0x12,0xFF,0xB0,0x64,0x12,0xFF,0xB0,0x64,0x12,0xFF,0xB0,0x64,0x12,0xFF,0xB0,0x64,0x12,0xFF,0xB0,0x64,0x12,0xFF,0xB0,0x64,0x12,0xFF,0xB0,0x64,0x12,0xFF,0xB0,0x64,0x12,0xFF,0xB0,0x64,0x12,0xFF,0xB0,0x64,0x12,0xFF,
    0xB0,0x64,0x12,0xFF,0xB0,0x64,0x12,0xFF,0xB0,0x64,0x12,0xFF,0xB0,0x64,0x12,0xFF,0xB0,0x64,0x12,0xFF,0xB0,0x64,0x12,0xFF,0xB0,0x64,0x12,0xFF,0xB0,0x64,0x12,0xFF,0xB0,0x64,0x12,0xFF,0xB0,0x64,0x12,0xFF,0xB0,0x64,0x12,0xFF,0xB0,0x64,0x12,0xFF,0xB0,0x64,0x12,0xFF,0xB0,0x64,0x12,0xFF,0xB0,0x64,0x12,0xFF,0xB0,0x64,0x12,0xFF,
    0xB0,0x64,0x12,0xFF,0xB0,0x64,0x12,0xFF,0xB0,0x64,0x12,0xFF,0xB0,0x64,0x12,0xFF,0xB0,0x64,0x12,0xFF,0xB0,0x64,0x12,0xFF,0xB0,0x64,0x12,0xFF,0xB0,0x64,0x12,0xFF,0xB0,0x64,0x12,0xFF,0xB0,0x64,0x12,0xFF,0xB0,0x64,0x12,0xFF,0xB0,0x64,0x12,0xFF,0xB0,0x64,0x12,0xFF,0xB0,0x64,0x12,0xFF,0xB0,0x64,0x12,0xFF,0xB0,0x64,0x12,0xFF,
    0xB0,0x64,0x12,0xFF,0xB0,0x64,0x12,0xFF,0xB0,0x64,0x12,0xFF,0xB0,0x64,0x12,0xFF,0xB0,0x64,0x12,0xFF,0xB0,0x64,0x12,0xFF,0xB0,0x64,0x12,0xFF,0xB0,0x64,0x12,0xFF,0xB0,0x64,0x12,0xFF,0xB0,0x64,0x12,0xFF,0xB0,0x64,0x12,0xFF,0xB0,0x64,0x12,0xFF,0xB0,0x64,0x12,0xFF,0xB0,0x64,0x12,0xFF,0xB0,0x64,0x12,0xFF,0xB0,0x64,0x12,0xFF,
    0xB0,0x64,0x12,0xFF,0xB0,0x64,0x12,0xFF,0xB0,0x64,0x12,0xFF,0xB0,0x64,0x12,0xFF,0xB0,0x64,0x12,0xFF,0xB0,0x64,0x12,0xFF,0xB0,0x64,0x12,0xFF,0xB0,0x64,0x12,0xFF,0xB0,0x64,0x12,0xFF,0xB0,0x64,0x12,0xFF,0xB0,0x64,0x12,0xFF,0xB0,0x64,0x12,0xFF,0xB0,0x64,0x12,0xFF,0xB0,0x64,0x12,0xFF,0xB0,0x64,0x12,0xFF,0xB0,0x64,0x12,0xFF,
    0xB0,0x64,0x12,0xFF,0xB0,0x64,0x12,0xFF,0xB0,0x64,0x12,0xFF,0xB0,0x64,0x12,0xFF,0xB0,0x64,0x12,0xFF,0xB0,0x64,0x12,0xFF,0xB0,0x64,0x12,0xFF,0xB0,0x64,0x12,0xFF,0xB0,0x64,0x12,0xFF,0xB0,0x64,0x12,0xFF,0xB0,0x64,0x12,0xFF,0xB0,0x64,0x12,0xFF,0xB0,0x64,0x12,0xFF,0xB0,0x64,0x12,0xFF,0xB0,0x64,0x12,0xFF,0xB0,0x64,0x12,0xFF,
    0xB0,0x64,0x12,0xFF,0xB0,0x64,0x12,0xFF,0xB0,0x64,0x12,0xFF,0xB0,0x64,0x12,0xFF,0xB0,0x64,0x12,0xFF,0xB0,0x64,0x12,0xFF,0xB0,0x64,0x12,0xFF,0xB0,0x64,0x12,0xFF,0xB0,0x64,0x12,0xFF,0xB0,0x64,0x12,0xFF,0xB0,0x64,0x12,0xFF,0xB0,0x64,0x12,0xFF,0xB0,0x64,0x12,0xFF,0xB0,0x64,0x12,0xFF,0xB0,0x64,0x12,0xFF,0xB0,0x64,0x12,0xFF,
    0xB0,0x64,0x12,0xFF,0xB0,0x64,0x12,0xFF,0xB0,0x64,0x12,0xFF,0xB0,0x64,0x12,0xFF,0xB0,0x64,0x12,0xFF,0xB0,0x64,0x12,0xFF,0xB0,0x64,0x12,0xFF,0xB0,0x64,0x12,0xFF,0xB0,0x64,0x12,0xFF,0xB0,0x64,0x12,0xFF,0xB0,0x64,0x12,0xFF,0xB0,0x64,0x12,0xFF,0xB0,0x64,0x12,0xFF,0xB0,0x64,0x12,0xFF,0xB0,0x64,0x12,0xFF,0xB0,0x64,0x12,0xFF,
    0xB0,0x64,0x12,0xFF,0xB0,0x64,0x12,0xFF,0xB0,0x64,0x12,0xFF,0xB0,0x64,0x12,0xFF,0xB0,0x64,0x12,0xFF,0xB0,0x64,0x12,0xFF,0xB0,0x64,0x12,0xFF,0xB0,0x64,0x12,0xFF,0xB0,0x64,0x12,0xFF,0xB0,0x64,0x12,0xFF,0xB0,0x64,0x12,0xFF,0xB0,0x64,0x12,0xFF,0xB0,0x64,0x12,0xFF,0xB0,0x64,0x12,0xFF,0xB0,0x64,0x12,0xFF,0xB0,0x64,0x12,0xFF,
    0xB0,0x64,0x12,0xFF,0xB0,0x64,0x12,0xFF,0xB0,0x64,0x12,0xFF,0xB0,0x64,0x12,0xFF,0xB0,0x64,0x12,0xFF,0xB0,0x64,0x12,0xFF,0xB0,0x64,0x12,0xFF,0xB0,0x64,0x12,0xFF,0xB0,0x64,0x12,0xFF,0xB0,0x64,0x12,0xFF,0xB0,0x64,0x12,0xFF,0xB0,0x64,0x12,0xFF,0xB0,0x64,0x12,0xFF,0xB0,0x64,0x12,0xFF,0xB0,0x64,0x12,0xFF,0xB0,0x64,0x12,0xFF,
    0xB0,0x64,0x12,0xFF,0xB0,0x64,0x12,0xFF,0xB0,0x64,0x12,0xFF,0xB0,0x64,0x12,0xFF,0xB0,0x64,0x12,0xFF,0xB0,0x64,0x12,0xFF,0xB0,0x64,0x12,0xFF,0xB0,0x64,0x12,0xFF,0xB0,0x64,0x12,0xFF,0xB0,0x64,0x12,0xFF,0xB0,0x64,0x12,0xFF,0xB0,0x64,0x12,0xFF,0xB0,0x64,0x12,0xFF,0xB0,0x64,0x12,0xFF,0xB0,0x64,0x12,0xFF,0xB0,0x64,0x12,0xFF,
    0xB0,0x64,0x12,0xFF,0xB0,0x64,0x12,0xFF,0xB0,0x64,0x12,0xFF,0xB0,0x64,0x12,0xFF,0xB0,0x64,0x12,0xFF,0xB0,0x64,0x12,0xFF,0xB0,0x64,0x12,0xFF,0xB0,0x64,0x12,0xFF,0xB0,0x64,0x12,0xFF,0xB0,0x64,0x12,0xFF,0xB0,0x64,0x12,0xFF,0xB0,0x64,0x12,0xFF,0xB0,0x64,0x12,0xFF,0xB0,0x64,0x12,0xFF,0xB0,0x64,0x12,0xFF,0xB0,0x64,0x12,0xFF,
    0xB0,0x64,0x12,0xFF,0xB0,0x64,0x12,0xFF,0xB0,0x64,0x12,0xFF,0xB0,0x64,0x12,0xFF,0xB0,0x64,0x12,0xFF,0xB0,0x64,0x12,0xFF,0xB0,0x64,0x12,0xFF,0xB0,0x64,0x12,0xFF,0xB0,0x64,0x12,0xFF,0xB0,0x64,0x12,0xFF,0xB0,0x64,0x12,0xFF,0xB0,0x64,0x12,0xFF,0xB0,0x64,0x12,0xFF,0xB0,0x64,0x12,0xFF,0xB0,0x64,0x12,0xFF,0xB0,0x64,0x12,0xFF,
    0xB0,0x64,0x12,0xFF,0xB0,0x64,0x12,0xFF,0xB0,0x64,0x12,0xFF,0xB0,0x64,0x12,0xFF,0xB0,0x64,0x12,0xFF,0xB0,0x64,0x12,0xFF,0xB0,0x64,0x12,0xFF,0xB0,0x64,0x12,0xFF,0xB0,0x64,0x12,0xFF,0xB0,0x64,0x12,0xFF,0xB0,0x64,0x12,0xFF,0xB0,0x64,0x12,0xFF,0xB0,0x64,0x12,0xFF,0xB0,0x64,0x12,0xFF,0xB0,0x64,0x12,0xFF,0xB0,0x64,0x12,0xFF,
    0xB0,0x64,0x12,0xFF,0xB0,0x64,0x12,0xFF,0xB0,0x64,0x12,0xFF,0xB0,0x64,0x12,0xFF,0xB0,0x64,0x12,0xFF,0xB0,0x64,0x12,0xFF,0xB0,0x64,0x12,0xFF,0xB0,0x64,0x12,0xFF,0xB0,0x64,0x12,0xFF,0xB0,0x64,0x12,0xFF,0xB0,0x64,0x12,0xFF,0xB0,0x64,0x12,0xFF,0xB0,0x64,0x12,0xFF,0xB0,0x64,0x12,0xFF,0xB0,0x64,0x12,0xFF,0xB0,0x64,0x12,0xFF,
    0xB0,0x64,0x12,0xFF,0xB0,0x64,0x12,0xFF,0xB0,0x64,0x12,0xFF,0xB0,0x64,0x12,0xFF,0xB0,0x64,0x12,0xFF,0xB0,0x64,0x12,0xFF,0xB0,0x64,0x12,0xFF,0xB0,0x64,0x12,0xFF,0xB0,0x64,0x12,0xFF,0xB0,0x64,0x12,0xFF,0xB0,0x64,0x12,0xFF,0xB0,0x64,0x12,0xFF,0xB0,0x64,0x12,0xFF,0xB0,0x64,0x12,0xFF,0xB0,0x64,0x12,0xFF,0xB0,0x64,0x12,0xFF,
    0xB0,0x64,0x12,0xFF,0xB0,0x64,0x12,0xFF,0xB0,0x64,0x12,0xFF,0xB0,0x64,0x12,0xFF,0xB0,0x64,0x12,0xFF,0xB0,0x64,0x12,0xFF,0xB0,0x64,0x12,0xFF,0xB0,0x64,0x12,0xFF,0xB0,0x64,0x12,0xFF,0xB0,0x64,0x12,0xFF,0xB0,0x64,0x12,0xFF,0xB0,0x64,0x12,0xFF,0xB0,0x64,0x12,0xFF,0xB0,0x64,0x12,0xFF,0xB0,0x64,0x12,0xFF,0xB0,0x64,0x12,0xFF,
    0xB0,0x64,0x12,0xFF,0xB0,0x64,0x12,0xFF,0xB0,0x64,0x12,0xFF,0xB0,0x64,0x12,0xFF,0xB0,0x64,0x12,0xFF,0xB0,0x64,0x12,0xFF,0xB0,0x64,0x12,0xFF,0xB0,0x64,0x12,0xFF,0xB0,0x64,0x12,0xFF,0xB0,0x64,0x12,0xFF,0xB0,0x64,0x12,0xFF,0xB0,0x64,0x12,0xFF,0xB0,0x64,0x12,0xFF,0xB0,0x64,0x12,0xFF,0xB0,0x64,0x12,0xFF,0xB0,0x64,0x12,0xFF,
    0xB0,0x64,0x12,0xFF,0xB0,0x64,0x12,0xFF,0xB0,0x64,0x12,0xFF,0xB0,0x64,0x12,0xFF,0xB0,0x64,0x12,0xFF,0xB0,0x64,0x12,0xFF,0xB0,0x64,0x12,0xFF,0xB0,0x64,0x12,0xFF,0xB0,0x64,0x12,0xFF,0xB0,0x64,0x12,0xFF,0xB0,0x64,0x12,0xFF,0xB0,0x64,0x12,0xFF,0xB0,0x64,0x12,0xFF,0xB0,0x64,0x12,0xFF,0xB0,0x64,0x12,0xFF,0xB0,0x64,0x12,0xFF,
    0xB0,0x64,0x12,0xFF,0xB0,0x64,0x12,0xFF,0xB0,0x64,0x12,0xFF,0xB0,0x64,0x12,0xFF,0xB0,0x64,0x12,0xFF,0xB0,0x64,0x12,0xFF,0xB0,0x64,0x12,0xFF,0xB0,0x64,0x12,0xFF,0xB0,0x64,0x12,0xFF,0xB0,0x64,0x12,0xFF,0xB0,0x64,0x12,0xFF,0xB0,0x64,0x12,0xFF,0xB0,0x64,0x12,0xFF,0xB0,0x64,0x12,0xFF,0xB0,0x64,0x12,0xFF,0xB0,0x64,0x12,0xFF,
    0xB0,0x64,0x12,0xFF,0xB0,0x64,0x12,0xFF,0xB0,0x64,0x12,0xFF,0xB0,0x64,0x12,0xFF,0xB0,0x64,0x12,0xFF,0xB0,0x64,0x12,0xFF,0xB0,0x64,0x12,0xFF,0xB0,0x64,0x12,0xFF,0xB0,0x64,0x12,0xFF,0xB0,0x64,0x12,0xFF,0xB0,0x64,0x12,0xFF,0xB0,0x64,0x12,0xFF,0xB0,0x64,0x12,0xFF,0xB0,0x64,0x12,0xFF,0xB0,0x64,0x12,0xFF,0xB0,0x64,0x12,0xFF,
    0xB0,0x64,0x12,0xFF,0xB0,0x64,0x12,0xFF,0xB0,0x64,0x12,0xFF,0xB0,0x64,0x12,0xFF,0xB0,0x64,0x12,0xFF,0xB0,0x64,0x12,0xFF,0xB0,0x64,0x12,0xFF,0xB0,0x64,0x12,0xFF,0xB0,0x64,0x12,0xFF,0xB0,0x64,0x12,0xFF,0xB0,0x64,0x12,0xFF,0xB0,0x64,0x12,0xFF,0xB0,0x64,0x12,0xFF,0xB0,0x64,0x12,0xFF,0xB0,0x64,0x12,0xFF,0xB0,0x64,0x12,0xFF,
    0xB0,0x64,0x12,0xFF,0xB0,0x64,0x12,0xFF,0xB0,0x64,0x12,0xFF,0xB0,0x64,0x12,0xFF,0xB0,0x64,0x12,0xFF,0xB0,0x64,0x12,0xFF,0xB0,0x64,0x12,0xFF,0xB0,0x64,0x12,0xFF,0xB0,0x64,0x12,0xFF,0xB0,0x64,0x12,0xFF,0xB0,0x64,0x12,0xFF,0xB0,0x64,0x12,0xFF,0xB0,0x64,0x12,0xFF,0xB0,0x64,0x12,0xFF,0xB0,0x64,0x12,0xFF,0xB0,0x64,0x12,0xFF,
    0xB0,0x64,0x12,0xFF,0xB0,0x64,0x12,0xFF,0xB0,0x64,0x12,0xFF,0xB0,0x64,0x12,0xFF,0xB0,0x64,0x12,0xFF,0xB0,0x64,0x12,0xFF,0xB0,0x64,0x12,0xFF,0xB0,0x64,0x12,0xFF,0xB0,0x64,0x12,0xFF,0xB0,0x64,0x12,0xFF,0xB0,0x64,0x12,0xFF,0xB0,0x64,0x12,0xFF,0xB0,0x64,0x12,0xFF,0xB0,0x64,0x12,0xFF,0xB0,0x64,0x12,0xFF,0xB0,0x64,0x12,0xFF,
    0xB0,0x64,0x12,0xFF,0xB0,0x64,0x12,0xFF,0xB0,0x64,0x12,0xFF,0xB0,0x64,0x12,0xFF,0xB0,0x64,0x12,0xFF,0xB0,0x64,0x12,0xFF,0xB0,0x64,0x12,0xFF,0xB0,0x64,0x12,0xFF,0xB0,0x64,0x12,0xFF,0xB0,0x64,0x12,0xFF,0xB0,0x64,0x12,0xFF,0xB0,0x64,0x12,0xFF,0xB0,0x64,0x12,0xFF,0xB0,0x64,0x12,0xFF,0xB0,0x64,0x12,0xFF,0xB0,0x64,0x12,0xFF,
    0xB0,0x64,0x12,0xFF,0xB0,0x64,0x12,0xFF,0xB0,0x64,0x12,0xFF,0xB0,0x64,0x12,0xFF,0xB0,0x64,0x12,0xFF,0xB0,0x64,0x12,0xFF,0xB0,0x64,0x12,0xFF,0xB0,0x64,0x12,0xFF,0xB0,0x64,0x12,0xFF,0xB0,0x64,0x12,0xFF,0xB0,0x64,0x12,0xFF,0xB0,0x64,0x12,0xFF,0xB0,0x64,0x12,0xFF,0xB0,0x64,0x12,0xFF,0xB0,0x64,0x12,0xFF,0xB0,0x64,0x12,0xFF,
    0xB0,0x64,0x12,0xFF,0xB0,0x64,0x12,0xFF,0xB0,0x64,0x12,0xFF,0xB0,0x64,0x12,0xFF,0xB0,0x64,0x12,0xFF,0xB0,0x64,0x12,0xFF,0xB0,0x64,0x12,0xFF,0xB0,0x64,0x12,0xFF,0xB0,0x64,0x12,0xFF,0xB0,0x64,0x12,0xFF,0xB0,0x64,0x12,0xFF,0xB0,0x64,0x12,0xFF,0xB0,0x64,0x12,0xFF,0xB0,0x64,0x12,0xFF,0xB0,0x64,0x12,0xFF,0xB0,0x64,0x12,0xFF,
    0xB0,0x64,0x12,0xFF,0xB0,0x64,0x12,0xFF,0xB0,0x64,0x12,0xFF,0xB0,0x64,0x12,0xFF,0xB0,0x64,0x12,0xFF,0xB0,0x64,0x12,0xFF,0xB0,0x64,0x12,0xFF,0xB0,0x64,0x12,0xFF,0xB0,0x64,0x12,0xFF,0xB0,0x64,0x12,0xFF,0xB0,0x64,0x12,0xFF,0xB0,0x64,0x12,0xFF,0xB0,0x64,0x12,0xFF,0xB0,0x64,0x12,0xFF,0xB0,0x64,0x12,0xFF,0xB0,0x64,0x12,0xFF,
    0xB0,0x64,0x12,0xFF,0xB0,0x64,0x12,0xFF,0xB0,0x64,0x12,0xFF,0xB0,0x64,0x12,0xFF,0xB0,0x64,0x12,0xFF,0xB0,0x64,0x12,0xFF,0xB0,0x64,0x12,0xFF,0xB0,0x64,0x12,0xFF,0xB0,0x64,0x12,0xFF,0xB0,0x64,0x12,0xFF,0xB0,0x64,0x12,0xFF,0xB0,0x64,0x12,0xFF,0xB0,0x64,0x12,0xFF,0xB0,0x64,0x12,0xFF,0xB0,0x64,0x12,0xFF,0xB0,0x64,0x12,0xFF,
    0xB0,0x64,0x12,0xFF,0xB0,0x64,0x12,0xFF,0xB0,0x64,0x12,0xFF,0xB0,0x64,0x12,0xFF,0xB0,0x64,0x12,0xFF,0xB0,0x64,0x12,0xFF,0xB0,0x64,0x12,0xFF,0xB0,0x64,0x12,0xFF,0xB0,0x64,0x12,0xFF,0xB0,0x64,0x12,0xFF,0xB0,0x64,0x12,0xFF,0xB0,0x64,0x12,0xFF,0xB0,0x64,0x12,0xFF,0xB0,0x64,0x12,0xFF,0xB0,0x64,0x12,0xFF,0xB0,0x64,0x12,0xFF,
    0xB0,0x64,0x12,0xFF,0xB0,0x64,0x12,0xFF,0xB0,0x64,0x12,0xFF,0xB0,0x64,0x12,0xFF,0xB0,0x64,0x12,0xFF,0xB0,0x64,0x12,0xFF,0xB0,0x64,0x12,0xFF,0xB0,0x64,0x12,0xFF,0xB0,0x64,0x12,0xFF,0xB0,0x64,0x12,0xFF,0xB0,0x64,0x12,0xFF,0xB0,0x64,0x12,0xFF,0xB0,0x64,0x12,0xFF,0xB0,0x64,0x12,0xFF,0xB0,0x64,0x12,0xFF,0xB0,0x64,0x12,0xFF,
    0xB0,0x64,0x12,0xFF,0xB0,0x64,0x12,0xFF,0xB0,0x64,0x12,0xFF,0xB0,0x64,0x12,0xFF,0xB0,0x64,0x12,0xFF,0xB0,0x64,0x12,0xFF,0xB0,0x64,0x12,0xFF,0xB0,0x64,0x12,0xFF,0xB0,0x64,0x12,0xFF,0xB0,0x64,0x12,0xFF,0xB0,0x64,0x12,0xFF,0xB0,0x64,0x12,0xFF,0xB0,0x64,0x12,0xFF,0xB0,0x64,0x12,0xFF,0xB0,0x64,0x12,0xFF,0xB0,0x64,0x12,0xFF,
    0xB0,0x64,0x12,0xFF,0xB0,0x64,0x12,0xFF,0xB0,0x64,0x12,0xFF,0xB0,0x64,0x12,0xFF,0xB0,0x64,0x12,0xFF,0xB0,0x64,0x12,0xFF,0xB0,0x64,0x12,0xFF,0xB0,0x64,0x12,0xFF,0xB0,0x64,0x12,0xFF,0xB0,0x64,0x12,0xFF,0xB0,0x64,0x12,0xFF,0xB0,0x64,0x12,0xFF,0xB0,0x64,0x12,0xFF,0xB0,0x64,0x12,0xFF,0xB0,0x64,0x12,0xFF,0xB0,0x64,0x12,0xFF,
    0xB0,0x64,0x12,0xFF,0xB0,0x64,0x12,0xFF,0xB0,0x64,0x12,0xFF,0xB0,0x64,0x12,0xFF,0xB0,0x64,0x12,0xFF,0xB0,0x64,0x12,0xFF,0xB0,0x64,0x12,0xFF,0xB0,0x64,0x12,0xFF,0xB0,0x64,0x12,0xFF,0xB0,0x64,0x12,0xFF,0xB0,0x64,0x12,0xFF,0xB0,0x64,0x12,0xFF,0xB0,0x64,0x12,0xFF,0xB0,0x64,0x12,0xFF,0xB0,0x64,0x12,0xFF,0xB0,0x64,0x12,0xFF,
    0xB0,0x64,0x12,0xFF,0xB0,0x64,0x12,0xFF,0xB0,0x64,0x12,0xFF,0xB0,0x64,0x12,0xFF,0xB0,0x64,0x12,0xFF,0xB0,0x64,0x12,0xFF,0xB0,0x64,0x12,0xFF,0xB0,0x64,0x12,0xFF,0xB0,0x64,0x12,0xFF,0xB0,0x64,0x12,0xFF,0xB0,0x64,0x12,0xFF,0xB0,0x64,0x12,0xFF,0xB0,0x64,0x12,0xFF,0xB0,0x64,0x12,0xFF,0xB0,0x64,0x12,0xFF,0xB0,0x64,0x12,0xFF,
    0xB0,0x64,0x12,0xFF,0xB0,0x64,0x12,0xFF,0xB0,0x64,0x12,0xFF,0xB0,0x64,0x12,0xFF,0xB0,0x64,0x12,0xFF,0xB0,0x64,0x12,0xFF,0xB0,0x64,0x12,0xFF,0xB0,0x64,0x12,0xFF,0xB0,0x64,0x12,0xFF,0xB0,0x64,0x12,0xFF,0xB0,0x64,0x12,0xFF,0xB0,0x64,0x12,0xFF,0xB0,0x64,0x12,0xFF,0xB0,0x64,0x12,0xFF,0xB0,0x64,0x12,0xFF,0xB0,0x64,0x12,0xFF,
    0xB0,0x64,0x12,0xFF,0xB0,0x64,0x12,0xFF,0xB0,0x64,0x12,0xFF,0xB0,0x64,0x12,0xFF,0xB0,0x64,0x12,0xFF,0xB0,0x64,0x12,0xFF,0xB0,0x64,0x12,0xFF,0xB0,0x64,0x12,0xFF,0xB0,0x64,0x12,0xFF,0xB0,0x64,0x12,0xFF,0xB0,0x64,0x12,0xFF,0xB0,0x64,0x12,0xFF,0xB0,0x64,0x12,0xFF,0xB0,0x64,0x12,0xFF,0xB0,0x64,0x12,0xFF,0xB0,0x64,0x12,0xFF,
    0xB0,0x64,0x12,0xFF,0xB0,0x64,0x12,0xFF,0xB0,0x64,0x12,0xFF,0xB0,0x64,0x12,0xFF,0xB0,0x64,0x12,0xFF,0xB0,0x64,0x12,0xFF,0xB0,0x64,0x12,0xFF,0xB0,0x64,0x12,0xFF,0xB0,0x64,0x12,0xFF,0xB0,0x64,0x12,0xFF,0xB0,0x64,0x12,0xFF,0xB0,0x64,0x12,0xFF,0xB0,0x64,0x12,0xFF,0xB0,0x64,0x12,0xFF,0xB0,0x64,0x12,0xFF,0xB0,0x64,0x12,0xFF,
    0xB0,0x64,0x12,0xFF,0xB0,0x64,0x12,0xFF,0xB0,0x64,0x12,0xFF,0xB0,0x64,0x12,0xFF,0xB0,0x64,0x12,0xFF,0xB0,0x64,0x12,0xFF,0xB0,0x64,0x12,0xFF,0xB0,0x64,0x12,0xFF,0xB0,0x64,0x12,0xFF,0xB0,0x64,0x12,0xFF,0xB0,0x64,0x12,0xFF,0xB0,0x64,0x12,0xFF,0xB0,0x64,0x12,0xFF,0xB0,0x64,0x12,0xFF,0xB0,0x64,0x12,0xFF,0xB0,0x64,0x12,0xFF,
    0xB0,0x64,0x12,0xFF,0xB0,0x64,0x12,0xFF,0xB0,0x64,0x12,0xFF,0xB0,0x64,0x12,0xFF,0xB0,0x64,0x12,0xFF,0xB0,0x64,0x12,0xFF,0xB0,0x64,0x12,0xFF,0xB0,0x64,0x12,0xFF,0xB0,0x64,0x12,0xFF,0xB0,0x64,0x12,0xFF,0xB0,0x64,0x12,0xFF,0xB0,0x64,0x12,0xFF,0xB0,0x64,0x12,0xFF,0xB0,0x64,0x12,0xFF,0xB0,0x64,0x12,0xFF,0xB0,0x64,0x12,0xFF,
    0xB0,0x64,0x12,0xFF,0xB0,0x64,0x12,0xFF,0xB0,0x64,0x12,0xFF,0xB0,0x64,0x12,0xFF,0xB0,0x64,0x12,0xFF,0xB0,0x64,0x12,0xFF,0xB0,0x64,0x12,0xFF,0xB0,0x64,0x12,0xFF,0xB0,0x64,0x12,0xFF,0xB0,0x64,0x12,0xFF,0xB0,0x64,0x12,0xFF,0xB0,0x64,0x12,0xFF,0xB0,0x64,0x12,0xFF,0xB0,0x64,0x12,0xFF,0xB0,0x64,0x12,0xFF,0xB0,0x64,0x12,0xFF,
    0xB0,0x64,0x12,0xFF,0xB0,0x64,0x12,0xFF,0xB0,0x64,0x12,0xFF,0xB0,0x64,0x12,0xFF,0xB0,0x64,0x12,0xFF,0xB0,0x64,0x12,0xFF,0xB0,0x64,0x12,0xFF,0xB0,0x64,0x12,0xFF,0xB0,0x64,0x12,0xFF,0xB0,0x64,0x12,0xFF,0xB0,0x64,0x12,0xFF,0xB0,0x64,0x12,0xFF,0xB0,0x64,0x12,0xFF,0xB0,0x64,0x12,0xFF,0xB0,0x64,0x12,0xFF,0xB0,0x64,0x12,0xFF,
    0xB0,0x64,0x12,0xFF,0xB0,0x64,0x12,0xFF,0xB0,0x64,0x12,0xFF,0xB0,0x64,0x12,0xFF,0xB0,0x64,0x12,0xFF,0xB0,0x64,0x12,0xFF,0xB0,0x64,0x12,0xFF,0xB0,0x64,0x12,0xFF,0xB0,0x64,0x12,0xFF,0xB0,0x64,0x12,0xFF,0xB0,0x64,0x12,0xFF,0xB0,0x64,0x12,0xFF,0xB0,0x64,0x12,0xFF,0xB0,0x64,0x12,0xFF,0xB0,0x64,0x12,0xFF,0xB0,0x64,0x12,0xFF,
    0xB0,0x64,0x12,0xFF,0xB0,0x64,0x12,0xFF,0xB0,0x64,0x12,0xFF,0xB0,0x64,0x12,0xFF,0xB0,0x64,0x12,0xFF,0xB0,0x64,0x12,0xFF,0xB0,0x64,0x12,0xFF,0xB0,0x64,0x12,0xFF,0xB0,0x64,0x12,0xFF,0xB0,0x64,0x12,0xFF,0xB0,0x64,0x12,0xFF,0xB0,0x64,0x12,0xFF,0xB0,0x64,0x12,0xFF,0xB0,0x64,0x12,0xFF,0xB0,0x64,0x12,0xFF,0xB0,0x64,0x12,0xFF,
    0xB0,0x64,0x12,0xFF,0xB0,0x64,0x12,0xFF,0xB0,0x64,0x12,0xFF,0xB0,0x64,0x12,0xFF,0xB0,0x64,0x12,0xFF,0xB0,0x64,0x12,0xFF,0xB0,0x64,0x12,0xFF,0xB0,0x64,0x12,0xFF,0xB0,0x64,0x12,0xFF,0xB0,0x64,0x12,0xFF,0xB0,0x64,0x12,0xFF,0xB0,0x64,0x12,0xFF,0xB0,0x64,0x12,0xFF,0xB0,0x64,0x12,0xFF,0xB0,0x64,0x12,0xFF,0xB0,0x64,0x12,0xFF,
    0xB0,0x64,0x12,0xFF,0xB0,0x64,0x12,0xFF,0xB0,0x64,0x12,0xFF,0xB0,0x64,0x12,0xFF,0xB0,0x64,0x12,0xFF,0xB0,0x64,0x12,0xFF,0xB0,0x64,0x12,0xFF,0xB0,0x64,0x12,0xFF,0xB0,0x64,0x12,0xFF,0xB0,0x64,0x12,0xFF,0xB0,0x64,0x12,0xFF,0xB0,0x64,0x12,0xFF,0xB0,0x64,0x12,0xFF,0xB0,0x64,0x12,0xFF,0xB0,0x64,0x12,0xFF,0xB0,0x64,0x12,0xFF,
    0xB0,0x64,0x12,0xFF,0xB0,0x64,0x12,0xFF,0xB0,0x64,0x12,0xFF,0xB0,0x64,0x12,0xFF,0xB0,0x64,0x12,0xFF,0xB0,0x64,0x12,0xFF,0xB0,0x64,0x12,0xFF,0xB0,0x64,0x12,0xFF,0xB0,0x64,0x12,0xFF,0xB0,0x64,0x12,0xFF,0xB0,0x64,0x12,0xFF,0xB0,0x64,0x12,0xFF,0xB0,0x64,0x12,0xFF,0xB0,0x64,0x12,0xFF,0xB0,0x64,0x12,0xFF,0xB0,0x64,0x12,0xFF,
    0xB0,0x64,0x12,0xFF,0xB0,0x64,0x12,0xFF,0xB0,0x64,0x12,0xFF,0xB0,0x64,0x12,0xFF,0xB0,0x64,0x12,0xFF,0xB0,0x64,0x12,0xFF,0xB0,0x64,0x12,0xFF,0xB0,0x64,0x12,0xFF,0xB0,0x64,0x12,0xFF,0xB0,0x64,0x12,0xFF,0xB0,0x64,0x12,0xFF,0xB0,0x64,0x12,0xFF,0xB0,0x64,0x12,0xFF,0xB0,0x64,0x12,0xFF,0xB0,0x64,0x12,0xFF,0xB0,0x64,0x12,0xFF,
    0xB0,0x64,0x12,0xFF,0xB0,0x64,0x12,0xFF,0xB0,0x64,0x12,0xFF,0xB0,0x64,0x12,0xFF,0xB0,0x64,0x12,0xFF,0xB0,0x64,0x12,0xFF,0xB0,0x64,0x12,0xFF,0xB0,0x64,0x12,0xFF,0xB0,0x64,0x12,0xFF,0xB0,0x64,0x12,0xFF,0xB0,0x64,0x12,0xFF,0xB0,0x64,0x12,0xFF,0xB0,0x64,0x12,0xFF,0xB0,0x64,0x12,0xFF,0xB0,0x64,0x12,0xFF,0xB0,0x64,0x12,0xFF,
    0xB0,0x64,0x12,0xFF,0xB0,0x64,0x12,0xFF,0xB0,0x64,0x12,0xFF,0xB0,0x64,0x12,0xFF,0xB0,0x64,0x12,0xFF,0xB0,0x64,0x12,0xFF,0xB0,0x64,0x12,0xFF,0xB0,0x64,0x12,0xFF,0xB0,0x64,0x12,0xFF,0xB0,0x64,0x12,0xFF,0xB0,0x64,0x12,0xFF,0xB0,0x64,0x12,0xFF,0xB0,0x64,0x12,0xFF,0xB0,0x64,0x12,0xFF,0xB0,0x64,0x12,0xFF,0xB0,0x64,0x12,0xFF,
    0xB0,0x64,0x12,0xFF,0xB0,0x64,0x12,0xFF,0xB0,0x64,0x12,0xFF,0xB0,0x64,0x12,0xFF,0xB0,0x64,0x12,0xFF,0xB0,0x64,0x12,0xFF,0xB0,0x64,0x12,0xFF,0xB0,0x64,0x12,0xFF,0xB0,0x64,0x12,0xFF,0xB0,0x64,0x12,0xFF,0xB0,0x64,0x12,0xFF,0xB0,0x64,0x12,0xFF,0xB0,0x64,0x12,0xFF,0xB0,0x64,0x12,0xFF,0xB0,0x64,0x12,0xFF,0xB0,0x64,0x12,0xFF,
    0xB0,0x64,0x12,0xFF,0xB0,0x64,0x12,0xFF,0xB0,0x64,0x12,0xFF,0xB0,0x64,0x12,0xFF,0xB0,0x64,0x12,0xFF,0xB0,0x64,0x12,0xFF,0xB0,0x64,0x12,0xFF,0xB0,0x64,0x12,0xFF,0xB0,0x64,0x12,0xFF,0xB0,0x64,0x12,0xFF,0xB0,0x64,0x12,0xFF,0xB0,0x64,0x12,0xFF,0xB0,0x64,0x12,0xFF,0xB0,0x64,0x12,0xFF,0xB0,0x64,0x12,0xFF,0xB0,0x64,0x12,0xFF,
    0xB0,0x64,0x12,0xFF,0xB0,0x64,0x12,0xFF,0xB0,0x64,0x12,0xFF,0xB0,0x64,0x12,0xFF,0xB0,0x64,0x12,0xFF,0xB0,0x64,0x12,0xFF,0xB0,0x64,0x12,0xFF,0xB0,0x64,0x12,0xFF,0xB0,0x64,0x12,0xFF,0xB0,0x64,0x12,0xFF,0xB0,0x64,0x12,0xFF,0xB0,0x64,0x12,0xFF,0xB0,0x64,0x12,0xFF,0xB0,0x64,0x12,0xFF,0xB0,0x64,0x12,0xFF,0xB0,0x64,0x12,0xFF,
    0xB0,0x64,0x12,0xFF,0xB0,0x64,0x12,0xFF,0xB0,0x64,0x12,0xFF,0xB0,0x64,0x12,0xFF,0xB0,0x64,0x12,0xFF,0xB0,0x64,0x12,0xFF,0xB0,0x64,0x12,0xFF,0xB0,0x64,0x12,0xFF,0xB0,0x64,0x12,0xFF,0xB0,0x64,0x12,0xFF,0xB0,0x64,0x12,0xFF,0xB0,0x64,0x12,0xFF,0xB0,0x64,0x12,0xFF,0xB0,0x64,0x12,0xFF,0xB0,0x64,0x12,0xFF,0xB0,0x64,0x12,0xFF,
    0xB0,0x64,0x12,0xFF,0xB0,0x64,0x12,0xFF,0xB0,0x64,0x12,0xFF,0xB0,0x64,0x12,0xFF,0xB0,0x64,0x12,0xFF,0xB0,0x64,0x12,0xFF,0xB0,0x64,0x12,0xFF,0xB0,0x64,0x12,0xFF,0xB0,0x64,0x12,0xFF,0xB0,0x64,0x12,0xFF,0xB0,0x64,0x12,0xFF,0xB0,0x64,0x12,0xFF,0xB0,0x64,0x12,0xFF,0xB0,0x64,0x12,0xFF,0xB0,0x64,0x12,0xFF,0xB0,0x64,0x12,0xFF,
    0xB0,0x64,0x12,0xFF,0xB0,0x64,0x12,0xFF,0xB0,0x64,0x12,0xFF,0xB0,0x64,0x12,0xFF,0xB0,0x64,0x12,0xFF,0xB0,0x64,0x12,0xFF,0xB0,0x64,0x12,0xFF,0xB0,0x64,0x12,0xFF,0xB0,0x64,0x12,0xFF,0xB0,0x64,0x12,0xFF,0xB0,0x64,0x12,0xFF,0xB0,0x64,0x12,0xFF,0xB0,0x64,0x12,0xFF,0xB0,0x64,0x12,0xFF,0xB0,0x64,0x12,0xFF,0xB0,0x64,0x12,0xFF,
    0xB0,0x64,0x12,0xFF,0xB0,0x64,0x12,0xFF,0xB0,0x64,0x12,0xFF,0xB0,0x64,0x12,0xFF,0xB0,0x64,0x12,0xFF,0xB0,0x64,0x12,0xFF,0xB0,0x64,0x12,0xFF,0xB0,0x64,0x12,0xFF,0xB0,0x64,0x12,0xFF,0xB0,0x64,0x12,0xFF,0xB0,0x64,0x12,0xFF,0xB0,0x64,0x12,0xFF,0xB0,0x64,0x12,0xFF,0xB0,0x64,0x12,0xFF,0xB0,0x64,0x12,0xFF,0xB0,0x64,0x12,0xFF,
    0xB0,0x64,0x12,0xFF,0xB0,0x64,0x12,0xFF,0xB0,0x64,0x12,0xFF,0xB0,0x64,0x12,0xFF,0xB0,0x64,0x12,0xFF,0xB0,0x64,0x12,0xFF,0xB0,0x64,0x12,0xFF,0xB0,0x64,0x12,0xFF,0xB0,0x64,0x12,0xFF,0xB0,0x64,0x12,0xFF,0xB0,0x64,0x12,0xFF,0xB0,0x64,0x12,0xFF,0xB0,0x64,0x12,0xFF,0xB0,0x64,0x12,0xFF,0xB0,0x64,0x12,0xFF,0xB0,0x64,0x12,0xFF,
    0xB0,0x64,0x12,0xFF,0xB0,0x64,0x12,0xFF,0xB0,0x64,0x12,0xFF,0xB0,0x64,0x12,0xFF,0xB0,0x64,0x12,0xFF,0xB0,0x64,0x12,0xFF,0xB0,0x64,0x12,0xFF,0xB0,0x64,0x12,0xFF,0xB0,0x64,0x12,0xFF,0xB0,0x64,0x12,0xFF,0xB0,0x64,0x12,0xFF,0xB0,0x64,0x12,0xFF,0xB0,0x64,0x12,0xFF,0xB0,0x64,0x12,0xFF,0xB0,0x64,0x12,0xFF,0xB0,0x64,0x12,0xFF,
    0xB0,0x64,0x12,0xFF,0xB0,0x64,0x12,0xFF,0xB0,0x64,0x12,0xFF,0xB0,0x64,0x12,0xFF,0xB0,0x64,0x12,0xFF,0xB0,0x64,0x12,0xFF,0xB0,0x64,0x12,0xFF,0xB0,0x64,0x12,0xFF,0xB0,0x64,0x12,0xFF,0xB0,0x64,0x12,0xFF,0xB0,0x64,0x12,0xFF,0xB0,0x64,0x12,0xFF,0xB0,0x64,0x12,0xFF,0xB0,0x64,0x12,0xFF,0xB0,0x64,0x12,0xFF,0xB0,0x64,0x12,0xFF,
    0xB0,0x64,0x12,0xFF,0xB0,0x64,0x12,0xFF,0xB0,0x64,0x12,0xFF,0xB0,0x64,0x12,0xFF,0xB0,0x64,0x12,0xFF,0xB0,0x64,0x12,0xFF,0xB0,0x64,0x12,0xFF,0xB0,0x64,0x12,0xFF,0xB0,0x64,0x12,0xFF,0xB0,0x64,0x12,0xFF,0xB0,0x64,0x12,0xFF,0xB0,0x64,0x12,0xFF,0xB0,0x64,0x12,0xFF,0xB0,0x64,0x12,0xFF,0xB0,0x64,0x12,0xFF,0xB0,0x64,0x12,0xFF,
    0xB0,0x64,0x12,0xFF,0xB0,0x64,0x12,0xFF,0xB0,0x64,0x12,0xFF,0xB0,0x64,0x12,0xFF,0xB0,0x64,0x12,0xFF,0xB0,0x64,0x12,0xFF,0xB0,0x64,0x12,0xFF,0xB0,0x64,0x12,0xFF,0xB0,0x64,0x12,0xFF,0xB0,0x64,0x12,0xFF,0xB0,0x64,0x12,0xFF,0xB0,0x64,0x12,0xFF,0xB0,0x64,0x12,0xFF,0xB0,0x64,0x12,0xFF,0xB0,0x64,0x12,0xFF,0xB0,0x64,0x12,0xFF,
    0xB0,0x64,0x12,0xFF,0xB0,0x64,0x12,0xFF,0xB0,0x64,0x12,0xFF,0xB0,0x64,0x12,0xFF,0xB0,0x64,0x12,0xFF,0xB0,0x64,0x12,0xFF,0xB0,0x64,0x12,0xFF,0xB0,0x64,0x12,0xFF,0xB0,0x64,0x12,0xFF,0xB0,0x64,0x12,0xFF,0xB0,0x64,0x12,0xFF,0xB0,0x64,0x12,0xFF,0xB0,0x64,0x12,0xFF,0xB0,0x64,0x12,0xFF,0xB0,0x64,0x12,0xFF,0xB0,0x64,0x12,0xFF,
    0xB0,0x64,0x12,0xFF,0xB0,0x64,0x12,0xFF,0xB0,0x64,0x12,0xFF,0xB0,0x64,0x12,0xFF,0xB0,0x64,0x12,0xFF,0xB0,0x64,0x12,0xFF,0xB0,0x64,0x12,0xFF,0xB0,0x64,0x12,0xFF,0xB0,0x64,0x12,0xFF,0xB0,0x64,0x12,0xFF,0xB0,0x64,0x12,0xFF,0xB0,0x64,0x12,0xFF,0xB0,0x64,0x12,0xFF,0xB0,0x64,0x12,0xFF,0xB0,0x64,0x12,0xFF,0xB0,0x64,0x12,0xFF,
    0xB0,0x64,0x12,0xFF,0xB0,0x64,0x12,0xFF,0xB0,0x64,0x12,0xFF,0xB0,0x64,0x12,0xFF,0xB0,0x64,0x12,0xFF,0xB0,0x64,0x12,0xFF,0xB0,0x64,0x12,0xFF,0xB0,0x64,0x12,0xFF,0xB0,0x64,0x12,0xFF,0xB0,0x64,0x12,0xFF,0xB0,0x64,0x12,0xFF,0xB0,0x64,0x12,0xFF,0xB0,0x64,0x12,0xFF,0xB0,0x64,0x12,0xFF,0xB0,0x64,0x12,0xFF,0xB0,0x64,0x12,0xFF,
    0xB0,0x64,0x12,0xFF,0xB0,0x64,0x12,0xFF,0xB0,0x64,0x12,0xFF,0xB0,0x64,0x12,0xFF,0xB0,0x64,0x12,0xFF,0xB0,0x64,0x12,0xFF,0xB0,0x64,0x12,0xFF,0xB0,0x64,0x12,0xFF,0xB0,0x64,0x12,0xFF,0xB0,0x64,0x12,0xFF,0xB0,0x64,0x12,0xFF,0xB0,0x64,0x12,0xFF,0xB0,0x64,0x12,0xFF,0xB0,0x64,0x12,0xFF,0xB0,0x64,0x12,0xFF,0xB0,0x64,0x12,0xFF,
    0xB0,0x64,0x12,0xFF,0xB0,0x64,0x12,0xFF,0xB0,0x64,0x12,0xFF,0xB0,0x64,0x12,0xFF,0xB0,0x64,0x12,0xFF,0xB0,0x64,0x12,0xFF,0xB0,0x64,0x12,0xFF,0xB0,0x64,0x12,0xFF,0xB0,0x64,0x12,0xFF,0xB0,0x64,0x12,0xFF,0xB0,0x64,0x12,0xFF,0xB0,0x64,0x12,0xFF,0xB0,0x64,0x12,0xFF,0xB0,0x64,0x12,0xFF,0xB0,0x64,0x12,0xFF,0xB0,0x64,0x12,0xFF,
    0xB0,0x64,0x12,0xFF,0xB0,0x64,0x12,0xFF,0xB0,0x64,0x12,0xFF,0xB0,0x64,0x12,0xFF,0xB0,0x64,0x12,0xFF,0xB0,0x64,0x12,0xFF,0xB0,0x64,0x12,0xFF,0xB0,0x64,0x12,0xFF,0xB0,0x64,0x12,0xFF,0xB0,0x64,0x12,0xFF,0xB0,0x64,0x12,0xFF,0xB0,0x64,0x12,0xFF,0xB0,0x64,0x12,0xFF,0xB0,0x64,0x12,0xFF,0xB0,0x64,0x12,0xFF,0xB0,0x64,0x12,0xFF,
    0xB0,0x64,0x12,0xFF,0xB0,0x64,0x12,0xFF,0xB0,0x64,0x12,0xFF,0xB0,0x64,0x12,0xFF,0xB0,0x64,0x12,0xFF,0xB0,0x64,0x12,0xFF,0xB0,0x64,0x12,0xFF,0xB0,0x64,0x12,0xFF,0xB0,0x64,0x12,0xFF,0xB0,0x64,0x12,0xFF,0xB0,0x64,0x12,0xFF,0xB0,0x64,0x12,0xFF,0xB0,0x64,0x12,0xFF,0xB0,0x64,0x12,0xFF,0xB0,0x64,0x12,0xFF,0xB0,0x64,0x12,0xFF,
    0xB0,0x64,0x12,0xFF,0xB0,0x64,0x12,0xFF,0xB0,0x64,0x12,0xFF,0xB0,0x64,0x12,0xFF,0xB0,0x64,0x12,0xFF,0xB0,0x64,0x12,0xFF,0xB0,0x64,0x12,0xFF,0xB0,0x64,0x12,0xFF,0xB0,0x64,0x12,0xFF,0xB0,0x64,0x12,0xFF,0xB0,0x64,0x12,0xFF,0xB0,0x64,0x12,0xFF,0xB0,0x64,0x12,0xFF,0xB0,0x64,0x12,0xFF,0xB0,0x64,0x12,0xFF,0xB0,0x64,0x12,0xFF,
    0xB0,0x64,0x12,0xFF,0xB0,0x64,0x12,0xFF,0xB0,0x64,0x12,0xFF,0xB0,0x64,0x12,0xFF,0xB0,0x64,0x12,0xFF,0xB0,0x64,0x12,0xFF,0xB0,0x64,0x12,0xFF,0xB0,0x64,0x12,0xFF,0xB0,0x64,0x12,0xFF,0xB0,0x64,0x12,0xFF,0xB0,0x64,0x12,0xFF,0xB0,0x64,0x12,0xFF,0xB0,0x64,0x12,0xFF,0xB0,0x64,0x12,0xFF,0xB0,0x64,0x12,0xFF,0xB0,0x64,0x12,0xFF,
    0xB0,0x64,0x12,0xFF,0xB0,0x64,0x12,0xFF,0xB0,0x64,0x12,0xFF,0xB0,0x64,0x12,0xFF,0xB0,0x64,0x12,0xFF,0xB0,0x64,0x12,0xFF,0xB0,0x64,0x12,0xFF,0xB0,0x64,0x12,0xFF,0xB0,0x64,0x12,0xFF,0xB0,0x64,0x12,0xFF,0xB0,0x64,0x12,0xFF,0xB0,0x64,0x12,0xFF,0xB0,0x64,0x12,0xFF,0xB0,0x64,0x12,0xFF,0xB0,0x64,0x12,0xFF,0xB0,0x64,0x12,0xFF,
    0xB0,0x64,0x12,0xFF,0xB0,0x64,0x12,0xFF,0xB0,0x64,0x12,0xFF,0xB0,0x64,0x12,0xFF,0xB0,0x64,0x12,0xFF,0xB0,0x64,0x12,0xFF,0xB0,0x64,0x12,0xFF,0xB0,0x64,0x12,0xFF,0xB0,0x64,0x12,0xFF,0xB0,0x64,0x12,0xFF,0xB0,0x64,0x12,0xFF,0xB0,0x64,0x12,0xFF,0xB0,0x64,0x12,0xFF,0xB0,0x64,0x12,0xFF,0xB0,0x64,0x12,0xFF,0xB0,0x64,0x12,0xFF,
    0xB0,0x64,0x12,0xFF,0xB0,0x64,0x12,0xFF,0xB0,0x64,0x12,0xFF,0xB0,0x64,0x12,0xFF,0xB0,0x64,0x12,0xFF,0xB0,0x64,0x12,0xFF,0xB0,0x64,0x12,0xFF,0xB0,0x64,0x12,0xFF,0xB0,0x64,0x12,0xFF,0xB0,0x64,0x12,0xFF,0xB0,0x64,0x12,0xFF,0xB0,0x64,0x12,0xFF,0xB0,0x64,0x12,0xFF,0xB0,0x64,0x12,0xFF,0xB0,0x64,0x12,0xFF,0xB0,0x64,0x12,0xFF,
    0xB0,0x64,0x12,0xFF,0xB0,0x64,0x12,0xFF,0xB0,0x64,0x12,0xFF,0xB0,0x64,0x12,0xFF,0xB0,0x64,0x12,0xFF,0xB0,0x64,0x12,0xFF,0xB0,0x64,0x12,0xFF,0xB0,0x64,0x12,0xFF,0xB0,0x64,0x12,0xFF,0xB0,0x64,0x12,0xFF,0xB0,0x64,0x12,0xFF,0xB0,0x64,0x12,0xFF,0xB0,0x64,0x12,0xFF,0xB0,0x64,0x12,0xFF,0xB0,0x64,0x12,0xFF,0xB0,0x64,0x12,0xFF,
    0xB0,0x64,0x12,0xFF,0xB0,0x64,0x12,0xFF,0xB0,0x64,0x12,0xFF,0xB0,0x64,0x12,0xFF,0xB0,0x64,0x12,0xFF,0xB0,0x64,0x12,0xFF,0xB0,0x64,0x12,0xFF,0xB0,0x64,0x12,0xFF,0xB0,0x64,0x12,0xFF,0xB0,0x64,0x12,0xFF,0xB0,0x64,0x12,0xFF,0xB0,0x64,0x12,0xFF,0xB0,0x64,0x12,0xFF,0xB0,0x64,0x12,0xFF,0xB0,0x64,0x12,0xFF,0xB0,0x64,0x12,0xFF,
    0xB0,0x64,0x12,0xFF,0xB0,0x64,0x12,0xFF,0xB0,0x64,0x12,0xFF,0xB0,0x64,0x12,0xFF,0xB0,0x64,0x12,0xFF,0xB0,0x64,0x12,0xFF,0xB0,0x64,0x12,0xFF,0xB0,0x64,0x12,0xFF,0xB0,0x64,0x12,0xFF,0xB0,0x64,0x12,0xFF,0xB0,0x64,0x12,0xFF,0xB0,0x64,0x12,0xFF,0xB0,0x64,0x12,0xFF,0xB0,0x64,0x12,0xFF,0xB0,0x64,0x12,0xFF,0xB0,0x64,0x12,0xFF,
    0xB0,0x64,0x12,0xFF,0xB0,0x64,0x12,0xFF,0xB0,0x64,0x12,0xFF,0xB0,0x64,0x12,0xFF,0xB0,0x64,0x12,0xFF,0xB0,0x64,0x12,0xFF,0xB0,0x64,0x12,0xFF,0xB0,0x64,0x12,0xFF,0xB0,0x64,0x12,0xFF,0xB0,0x64,0x12,0xFF,0xB0,0x64,0x12,0xFF,0xB0,0x64,0x12,0xFF,0xB0,0x64,0x12,0xFF,0xB0,0x64,0x12,0xFF,0xB0,0x64,0x12,0xFF,0xB0,0x64,0x12,0xFF,
    0xB0,0x64,0x12,0xFF,0xB0,0x64,0x12,0xFF,0xB0,0x64,0x12,0xFF,0xB0,0x64,0x12,0xFF,0xB0,0x64,0x12,0xFF,0xB0,0x64,0x12,0xFF,0xB0,0x64,0x12,0xFF,0xB0,0x64,0x12,0xFF,0xB0,0x64,0x12,0xFF,0xB0,0x64,0x12,0xFF,0xB0,0x64,0x12,0xFF,0xB0,0x64,0x12,0xFF,0xB0,0x64,0x12,0xFF,0xB0,0x64,0x12,0xFF,0xB0,0x64,0x12,0xFF,0xB0,0x64,0x12,0xFF,
    0xB0,0x64,0x12,0xFF,0xB0,0x64,0x12,0xFF,0xB0,0x64,0x12,0xFF,0xB0,0x64,0x12,0xFF,0xB0,0x64,0x12,0xFF,0xB0,0x64,0x12,0xFF,0xB0,0x64,0x12,0xFF,0xB0,0x64,0x12,0xFF,0xB0,0x64,0x12,0xFF,0xB0,0x64,0x12,0xFF,0xB0,0x64,0x12,0xFF,0xB0,0x64,0x12,0xFF,0xB0,0x64,0x12,0xFF,0xB0,0x64,0x12,0xFF,0xB0,0x64,0x12,0xFF,0xB0,0x64,0x12,0xFF,
    0xB0,0x64,0x12,0xFF,0xB0,0x64,0x12,0xFF,0xB0,0x64,0x12,0xFF,0xB0,0x64,0x12,0xFF,0xB0,0x64,0x12,0xFF,0xB0,0x64,0x12,0xFF,0xB0,0x64,0x12,0xFF,0xB0,0x64,0x12,0xFF,0xB0,0x64,0x12,0xFF,0xB0,0x64,0x12,0xFF,0xB0,0x64,0x12,0xFF,0xB0,0x64,0x12,0xFF,0xB0,0x64,0x12,0xFF,0xB0,0x64,0x12,0xFF,0xB0,0x64,0x12,0xFF,0xB0,0x64,0x12,0xFF,
    0xB0,0x64,0x12,0xFF,0xB0,0x64,0x12,0xFF,0xB0,0x64,0x12,0xFF,0xB0,0x64,0x12,0xFF,0xB0,0x64,0x12,0xFF,0xB0,0x64,0x12,0xFF,0xB0,0x64,0x12,0xFF,0xB0,0x64,0x12,0xFF,0xB0,0x64,0x12,0xFF,0xB0,0x64,0x12,0xFF,0xB0,0x64,0x12,0xFF,0xB0,0x64,0x12,0xFF,0xB0,0x64,0x12,0xFF,0xB0,0x64,0x12,0xFF,0xB0,0x64,0x12,0xFF,0xB0,0x64,0x12,0xFF,
    0xB0,0x64,0x12,0xFF,0xB0,0x64,0x12,0xFF,0xB0,0x64,0x12,0xFF,0xB0,0x64,0x12,0xFF,0xB0,0x64,0x12,0xFF,0xB0,0x64,0x12,0xFF,0xB0,0x64,0x12,0xFF,0xB0,0x64,0x12,0xFF,0xB0,0x64,0x12,0xFF,0xB0,0x64,0x12,0xFF,0xB0,0x64,0x12,0xFF,0xB0,0x64,0x12,0xFF,0xB0,0x64,0x12,0xFF,0xB0,0x64,0x12,0xFF,0xB0,0x64,0x12,0xFF,0xB0,0x64,0x12,0xFF,
    0xB0,0x64,0x12,0xFF,0xB0,0x64,0x12,0xFF,0xB0,0x64,0x12,0xFF,0xB0,0x64,0x12,0xFF,0xB0,0x64,0x12,0xFF,0xB0,0x64,0x12,0xFF,0xB0,0x64,0x12,0xFF,0xB0,0x64,0x12,0xFF,0xB0,0x64,0x12,0xFF,0xB0,0x64,0x12,0xFF,0xB0,0x64,0x12,0xFF,0xB0,0x64,0x12,0xFF,0xB0,0x64,0x12,0xFF,0xB0,0x64,0x12,0xFF,0xB0,0x64,0x12,0xFF,0xB0,0x64,0x12,0xFF,
    0xB0,0x64,0x12,0xFF,0xB0,0x64,0x12,0xFF,0xB0,0x64,0x12,0xFF,0xB0,0x64,0x12,0xFF,0xB0,0x64,0x12,0xFF,0xB0,0x64,0x12,0xFF,0xB0,0x64,0x12,0xFF,0xB0,0x64,0x12,0xFF,0xB0,0x64,0x12,0xFF,0xB0,0x64,0x12,0xFF,0xB0,0x64,0x12,0xFF,0xB0,0x64,0x12,0xFF,0xB0,0x64,0x12,0xFF,0xB0,0x64,0x12,0xFF,0xB0,0x64,0x12,0xFF,0xB0,0x64,0x12,0xFF,
    0xB0,0x64,0x12,0xFF,0xB0,0x64,0x12,0xFF,0xB0,0x64,0x12,0xFF,0xB0,0x64,0x12,0xFF,0xB0,0x64,0x12,0xFF,0xB0,0x64,0x12,0xFF,0xB0,0x64,0x12,0xFF,0xB0,0x64,0x12,0xFF,0xB0,0x64,0x12,0xFF,0xB0,0x64,0x12,0xFF,0xB0,0x64,0x12,0xFF,0xB0,0x64,0x12,0xFF,0xB0,0x64,0x12,0xFF,0xB0,0x64,0x12,0xFF,0xB0,0x64,0x12,0xFF,0xB0,0x64,0x12,0xFF,
    0xB0,0x64,0x12,0xFF,0xB0,0x64,0x12,0xFF,0xB0,0x64,0x12,0xFF,0xB0,0x64,0x12,0xFF,0xB0,0x64,0x12,0xFF,0xB0,0x64,0x12,0xFF,0xB0,0x64,0x12,0xFF,0xB0,0x64,0x12,0xFF,0xB0,0x64,0x12,0xFF,0xB0,0x64,0x12,0xFF,0xB0,0x64,0x12,0xFF,0xB0,0x64,0x12,0xFF,0xB0,0x64,0x12,0xFF,0xB0,0x64,0x12,0xFF,0xB0,0x64,0x12,0xFF,0xB0,0x64,0x12,0xFF,
    0xB0,0x64,0x12,0xFF,0xB0,0x64,0x12,0xFF,0xB0,0x64,0x12,0xFF,0xB0,0x64,0x12,0xFF,0xB0,0x64,0x12,0xFF,0xB0,0x64,0x12,0xFF,0xB0,0x64,0x12,0xFF,0xB0,0x64,0x12,0xFF,0xB0,0x64,0x12,0xFF,0xB0,0x64,0x12,0xFF,0xB0,0x64,0x12,0xFF,0xB0,0x64,0x12,0xFF,0xB0,0x64,0x12,0xFF,0xB0,0x64,0x12,0xFF,0xB0,0x64,0x12,0xFF,0xB0,0x64,0x12,0xFF,
    0xB0,0x64,0x12,0xFF,0xB0,0x64,0x12,0xFF,0xB0,0x64,0x12,0xFF,0xB0,0x64,0x12,0xFF,0xB0,0x64,0x12,0xFF,0xB0,0x64,0x12,0xFF,0xB0,0x64,0x12,0xFF,0xB0,0x64,0x12,0xFF,0xB0,0x64,0x12,0xFF,0xB0,0x64,0x12,0xFF,0xB0,0x64,0x12,0xFF,0xB0,0x64,0x12,0xFF,0xB0,0x64,0x12,0xFF,0xB0,0x64,0x12,0xFF,0xB0,0x64,0x12,0xFF,0xB0,0x64,0x12,0xFF,
    0xB0,0x64,0x12,0xFF,0xB0,0x64,0x12,0xFF,0xB0,0x64,0x12,0xFF,0xB0,0x64,0x12,0xFF,0xB0,0x64,0x12,0xFF,0xB0,0x64,0x12,0xFF,0xB0,0x64,0x12,0xFF,0xB0,0x64,0x12,0xFF,0xB0,0x64,0x12,0xFF,0xB0,0x64,0x12,0xFF,0xB0,0x64,0x12,0xFF,0xB0,0x64,0x12,0xFF,0xB0,0x64,0x12,0xFF,0xB0,0x64,0x12,0xFF,0xB0,0x64,0x12,0xFF,0xB0,0x64,0x12,0xFF,
    0xB0,0x64,0x12,0xFF,0xB0,0x64,0x12,0xFF,0xB0,0x64,0x12,0xFF,0xB0,0x64,0x12,0xFF,0xB0,0x64,0x12,0xFF,0xB0,0x64,0x12,0xFF,0xB0,0x64,0x12,0xFF,0xB0,0x64,0x12,0xFF,0xB0,0x64,0x12,0xFF,0xB0,0x64,0x12,0xFF,0xB0,0x64,0x12,0xFF,0xB0,0x64,0x12,0xFF,0xB0,0x64,0x12,0xFF,0xB0,0x64,0x12,0xFF,0xB0,0x64,0x12,0xFF,0xB0,0x64,0x12,0xFF,
    0xB0,0x64,0x12,0xFF,0xB0,0x64,0x12,0xFF,0xB0,0x64,0x12,0xFF,0xB0,0x64,0x12,0xFF,0xB0,0x64,0x12,0xFF,0xB0,0x64,0x12,0xFF,0xB0,0x64,0x12,0xFF,0xB0,0x64,0x12,0xFF,0xB0,0x64,0x12,0xFF,0xB0,0x64,0x12,0xFF,0xB0,0x64,0x12,0xFF,0xB0,0x64,0x12,0xFF,0xB0,0x64,0x12,0xFF,0xB0,0x64,0x12,0xFF,0xB0,0x64,0x12,0xFF,0xB0,0x64,0x12,0xFF,
    0xB0,0x64,0x12,0xFF,0xB0,0x64,0x12,0xFF,0xB0,0x64,0x12,0xFF,0xB0,0x64,0x12,0xFF,0xB0,0x64,0x12,0xFF,0xB0,0x64,0x12,0xFF,0xB0,0x64,0x12,0xFF,0xB0,0x64,0x12,0xFF,0xB0,0x64,0x12,0xFF,0xB0,0x64,0x12,0xFF,0xB0,0x64,0x12,0xFF,0xB0,0x64,0x12,0xFF,0xB0,0x64,0x12,0xFF,0xB0,0x64,0x12,0xFF,0xB0,0x64,0x12,0xFF,0xB0,0x64,0x12,0xFF,
    0xB0,0x64,0x12,0xFF,0xB0,0x64,0x12,0xFF,0xB0,0x64,0x12,0xFF,0xB0,0x64,0x12,0xFF,0xB0,0x64,0x12,0xFF,0xB0,0x64,0x12,0xFF,0xB0,0x64,0x12,0xFF,0xB0,0x64,0x12,0xFF,0xB0,0x64,0x12,0xFF,0xB0,0x64,0x12,0xFF,0xB0,0x64,0x12,0xFF,0xB0,0x64,0x12,0xFF,0xB0,0x64,0x12,0xFF,0xB0,0x64,0x12,0xFF,0xB0,0x64,0x12,0xFF,0xB0,0x64,0x12,0xFF,
    0xB0,0x64,0x12,0xFF,0xB0,0x64,0x12,0xFF,0xB0,0x64,0x12,0xFF,0xB0,0x64,0x12,0xFF,0xB0,0x64,0x12,0xFF,0xB0,0x64,0x12,0xFF,0xB0,0x64,0x12,0xFF,0xB0,0x64,0x12,0xFF,0xB0,0x64,0x12,0xFF,0xB0,0x64,0x12,0xFF,0xB0,0x64,0x12,0xFF,0xB0,0x64,0x12,0xFF,0xB0,0x64,0x12,0xFF,0xB0,0x64,0x12,0xFF,0xB0,0x64,0x12,0xFF,0xB0,0x64,0x12,0xFF,
    0xB0,0x64,0x12,0xFF,0xB0,0x64,0x12,0xFF,0xB0,0x64,0x12,0xFF,0xB0,0x64,0x12,0xFF,0xB0,0x64,0x12,0xFF,0xB0,0x64,0x12,0xFF,0xB0,0x64,0x12,0xFF,0xB0,0x64,0x12,0xFF,0xB0,0x64,0x12,0xFF,0xB0,0x64,0x12,0xFF,0xB0,0x64,0x12,0xFF,0xB0,0x64,0x12,0xFF,0xB0,0x64,0x12,0xFF,0xB0,0x64,0x12,0xFF,0xB0,0x64,0x12,0xFF,0xB0,0x64,0x12,0xFF,
    0xB0,0x64,0x12,0xFF,0xB0,0x64,0x12,0xFF,0xB0,0x64,0x12,0xFF,0xB0,0x64,0x12,0xFF,0xB0,0x64,0x12,0xFF,0xB0,0x64,0x12,0xFF,0xB0,0x64,0x12,0xFF,0xB0,0x64,0x12,0xFF,0xB0,0x64,0x12,0xFF,0xB0,0x64,0x12,0xFF,0xB0,0x64,0x12,0xFF,0xB0,0x64,0x12,0xFF,0xB0,0x64,0x12,0xFF,0xB0,0x64,0x12,0xFF,0xB0,0x64,0x12,0xFF,0xB0,0x64,0x12,0xFF,
    0xB0,0x64,0x12,0xFF,0xB0,0x64,0x12,0xFF,0xB0,0x64,0x12,0xFF,0xB0,0x64,0x12,0xFF,0xB0,0x64,0x12,0xFF,0xB0,0x64,0x12,0xFF,0xB0,0x64,0x12,0xFF,0xB0,0x64,0x12,0xFF,0xB0,0x64,0x12,0xFF,0xB0,0x64,0x12,0xFF,0xB0,0x64,0x12,0xFF,0xB0,0x64,0x12,0xFF,0xB0,0x64,0x12,0xFF,0xB0,0x64,0x12,0xFF,0xB0,0x64,0x12,0xFF,0xB0,0x64,0x12,0xFF,
    0xB0,0x64,0x12,0xFF,0xB0,0x64,0x12,0xFF,0xB0,0x64,0x12,0xFF,0xB0,0x64,0x12,0xFF,0xB0,0x64,0x12,0xFF,0xB0,0x64,0x12,0xFF,0xB0,0x64,0x12,0xFF,0xB0,0x64,0x12,0xFF,0xB0,0x64,0x12,0xFF,0xB0,0x64,0x12,0xFF,0xB0,0x64,0x12,0xFF,0xB0,0x64,0x12,0xFF,0xB0,0x64,0x12,0xFF,0xB0,0x64,0x12,0xFF,0xB0,0x64,0x12,0xFF,0xB0,0x64,0x12,0xFF,
    0xB0,0x64,0x12,0xFF,0xB0,0x64,0x12,0xFF,0xB0,0x64,0x12,0xFF,0xB0,0x64,0x12,0xFF,0xB0,0x64,0x12,0xFF,0xB0,0x64,0x12,0xFF,0xB0,0x64,0x12,0xFF,0xB0,0x64,0x12,0xFF,0xB0,0x64,0x12,0xFF,0xB0,0x64,0x12,0xFF,0xB0,0x64,0x12,0xFF,0xB0,0x64,0x12,0xFF,0xB0,0x64,0x12,0xFF,0xB0,0x64,0x12,0xFF,0xB0,0x64,0x12,0xFF,0xB0,0x64,0x12,0xFF,
    0xB0,0x64,0x12,0xFF,0xB0,0x64,0x12,0xFF,0xB0,0x64,0x12,0xFF,0xB0,0x64,0x12,0xFF,0xB0,0x64,0x12,0xFF,0xB0,0x64,0x12,0xFF,0xB0,0x64,0x12,0xFF,0xB0,0x64,0x12,0xFF,0xB0,0x64,0x12,0xFF,0xB0,0x64,0x12,0xFF,0xB0,0x64,0x12,0xFF,0xB0,0x64,0x12,0xFF,0xB0,0x64,0x12,0xFF,0xB0,0x64,0x12,0xFF,0xB0,0x64,0x12,0xFF,0xB0,0x64,0x12,0xFF,
    0xB0,0x64,0x12,0xFF,0xB0,0x64,0x12,0xFF,0xB0,0x64,0x12,0xFF,0xB0,0x64,0x12,0xFF,0xB0,0x64,0x12,0xFF,0xB0,0x64,0x12,0xFF,0xB0,0x64,0x12,0xFF,0xB0,0x64,0x12,0xFF,0xB0,0x64,0x12,0xFF,0xB0,0x64,0x12,0xFF,0xB0,0x64,0x12,0xFF,0xB0,0x64,0x12,0xFF,0xB0,0x64,0x12,0xFF,0xB0,0x64,0x12,0xFF,0xB0,0x64,0x12,0xFF,0xB0,0x64,0x12,0xFF,
    0xB0,0x64,0x12,0xFF,0xB0,0x64,0x12,0xFF,0xB0,0x64,0x12,0xFF,0xB0,0x64,0x12,0xFF,0xB0,0x64,0x12,0xFF,0xB0,0x64,0x12,0xFF,0xB0,0x64,0x12,0xFF,0xB0,0x64,0x12,0xFF,0xB0,0x64,0x12,0xFF,0xB0,0x64,0x12,0xFF,0xB0,0x64,0x12,0xFF,0xB0,0x64,0x12,0xFF,0xB0,0x64,0x12,0xFF,0xB0,0x64,0x12,0xFF,0xB0,0x64,0x12,0xFF,0xB0,0x64,0x12,0xFF,
    0xB0,0x64,0x12,0xFF,0xB0,0x64,0x12,0xFF,0xB0,0x64,0x12,0xFF,0xB0,0x64,0x12,0xFF,0xB0,0x64,0x12,0xFF,0xB0,0x64,0x12,0xFF,0xB0,0x64,0x12,0xFF,0xB0,0x64,0x12,0xFF,0xB0,0x64,0x12,0xFF,0xB0,0x64,0x12,0xFF,0xB0,0x64,0x12,0xFF,0xB0,0x64,0x12,0xFF,0xB0,0x64,0x12,0xFF,0xB0,0x64,0x12,0xFF,0xB0,0x64,0x12,0xFF,0xB0,0x64,0x12,0xFF,
    0xB0,0x64,0x12,0xFF,0xB0,0x64,0x12,0xFF,0xB0,0x64,0x12,0xFF,0xB0,0x64,0x12,0xFF,0xB0,0x64,0x12,0xFF,0xB0,0x64,0x12,0xFF,0xB0,0x64,0x12,0xFF,0xB0,0x64,0x12,0xFF,0xB0,0x64,0x12,0xFF,0xB0,0x64,0x12,0xFF,0xB0,0x64,0x12,0xFF,0xB0,0x64,0x12,0xFF,0xB0,0x64,0x12,0xFF,0xB0,0x64,0x12,0xFF,0xB0,0x64,0x12,0xFF,0xB0,0x64,0x12,0xFF,
    0xB0,0x64,0x12,0xFF,0xB0,0x64,0x12,0xFF,0xB0,0x64,0x12,0xFF,0xB0,0x64,0x12,0xFF,0xB0,0x64,0x12,0xFF,0xB0,0x64,0x12,0xFF,0xB0,0x64,0x12,0xFF,0xB0,0x64,0x12,0xFF,0xB0,0x64,0x12,0xFF,0xB0,0x64,0x12,0xFF,0xB0,0x64,0x12,0xFF,0xB0,0x64,0x12,0xFF,0xB0,0x64,0x12,0xFF,0xB0,0x64,0x12,0xFF,0xB0,0x64,0x12,0xFF,0xB0,0x64,0x12,0xFF,
    0xB0,0x64,0x12,0xFF,0xB0,0x64,0x12,0xFF,0xB0,0x64,0x12,0xFF,0xB0,0x64,0x12,0xFF,0xB0,0x64,0x12,0xFF,0xB0,0x64,0x12,0xFF,0xB0,0x64,0x12,0xFF,0xB0,0x64,0x12,0xFF,0xB0,0x64,0x12,0xFF,0xB0,0x64,0x12,0xFF,0xB0,0x64,0x12,0xFF,0xB0,0x64,0x12,0xFF,0xB0,0x64,0x12,0xFF,0xB0,0x64,0x12,0xFF,0xB0,0x64,0x12,0xFF,0xB0,0x64,0x12,0xFF,
    0xB0,0x64,0x12,0xFF,0xB0,0x64,0x12,0xFF,0xB0,0x64,0x12,0xFF,0xB0,0x64,0x12,0xFF,0xB0,0x64,0x12,0xFF,0xB0,0x64,0x12,0xFF,0xB0,0x64,0x12,0xFF,0xB0,0x64,0x12,0xFF,0xB0,0x64,0x12,0xFF,0xB0,0x64,0x12,0xFF,0xB0,0x64,0x12,0xFF,0xB0,0x64,0x12,0xFF,0xB0,0x64,0x12,0xFF,0xB0,0x64,0x12,0xFF,0xB0,0x64,0x12,0xFF,0xB0,0x64,0x12,0xFF,
    0xB0,0x64,0x12,0xFF,0xB0,0x64,0x12,0xFF,0xB0,0x64,0x12,0xFF,0xB0,0x64,0x12,0xFF,0xB0,0x64,0x12,0xFF,0xB0,0x64,0x12,0xFF,0xB0,0x64,0x12,0xFF,0xB0,0x64,0x12,0xFF,0xB0,0x64,0x12,0xFF,0xB0,0x64,0x12,0xFF,0xB0,0x64,0x12,0xFF,0xB0,0x64,0x12,0xFF,0xB0,0x64,0x12,0xFF,0xB0,0x64,0x12,0xFF,0xB0,0x64,0x12,0xFF,0xB0,0x64,0x12,0xFF,
    0xB0,0x64,0x12,0xFF,0xB0,0x64,0x12,0xFF,0xB0,0x64,0x12,0xFF,0xB0,0x64,0x12,0xFF,0xB0,0x64,0x12,0xFF,0xB0,0x64,0x12,0xFF,0xB0,0x64,0x12,0xFF,0xB0,0x64,0x12,0xFF,0xB0,0x64,0x12,0xFF,0xB0,0x64,0x12,0xFF,0xB0,0x64,0x12,0xFF,0xB0,0x64,0x12,0xFF,0xB0,0x64,0x12,0xFF,0xB0,0x64,0x12,0xFF,0xB0,0x64,0x12,0xFF,0xB0,0x64,0x12,0xFF,
    0xB0,0x64,0x12,0xFF,0xB0,0x64,0x12,0xFF,0xB0,0x64,0x12,0xFF,0xB0,0x64,0x12,0xFF,0xB0,0x64,0x12,0xFF,0xB0,0x64,0x12,0xFF,0xB0,0x64,0x12,0xFF,0xB0,0x64,0x12,0xFF,0xB0,0x64,0x12,0xFF,0xB0,0x64,0x12,0xFF,0xB0,0x64,0x12,0xFF,0xB0,0x64,0x12,0xFF,0xB0,0x64,0x12,0xFF,0xB0,0x64,0x12,0xFF,0xB0,0x64,0x12,0xFF,0xB0,0x64,0x12,0xFF,
    0xB0,0x64,0x12,0xFF,0xB0,0x64,0x12,0xFF,0xB0,0x64,0x12,0xFF,0xB0,0x64,0x12,0xFF,0xB0,0x64,0x12,0xFF,0xB0,0x64,0x12,0xFF,0xB0,0x64,0x12,0xFF,0xB0,0x64,0x12,0xFF,0xB0,0x64,0x12,0xFF,0xB0,0x64,0x12,0xFF,0xB0,0x64,0x12,0xFF,0xB0,0x64,0x12,0xFF,0xB0,0x64,0x12,0xFF,0xB0,0x64,0x12,0xFF,0xB0,0x64,0x12,0xFF,0xB0,0x64,0x12,0xFF,
    0xB0,0x64,0x12,0xFF,0xB0,0x64,0x12,0xFF,0xB0,0x64,0x12,0xFF,0xB0,0x64,0x12,0xFF,0xB0,0x64,0x12,0xFF,0xB0,0x64,0x12,0xFF,0xB0,0x64,0x12,0xFF,0xB0,0x64,0x12,0xFF,0xB0,0x64,0x12,0xFF,0xB0,0x64,0x12,0xFF,0xB0,0x64,0x12,0xFF,0xB0,0x64,0x12,0xFF,0xB0,0x64,0x12,0xFF,0xB0,0x64,0x12,0xFF,0xB0,0x64,0x12,0xFF,0xB0,0x64,0x12,0xFF,
    0xB0,0x64,0x12,0xFF,0xB0,0x64,0x12,0xFF,0xB0,0x64,0x12,0xFF,0xB0,0x64,0x12,0xFF,0xB0,0x64,0x12,0xFF,0xB0,0x64,0x12,0xFF,0xB0,0x64,0x12,0xFF,0xB0,0x64,0x12,0xFF,0xB0,0x64,0x12,0xFF,0xB0,0x64,0x12,0xFF,0xB0,0x64,0x12,0xFF,0xB0,0x64,0x12,0xFF,0xB0,0x64,0x12,0xFF,0xB0,0x64,0x12,0xFF,0xB0,0x64,0x12,0xFF,0xB0,0x64,0x12,0xFF,
    0xB0,0x64,0x12,0xFF,0xB0,0x64,0x12,0xFF,0xB0,0x64,0x12,0xFF,0xB0,0x64,0x12,0xFF,0xB0,0x64,0x12,0xFF,0xB0,0x64,0x12,0xFF,0xB0,0x64,0x12,0xFF,0xB0,0x64,0x12,0xFF,0xB0,0x64,0x12,0xFF,0xB0,0x64,0x12,0xFF,0xB0,0x64,0x12,0xFF,0xB0,0x64,0x12,0xFF,0xB0,0x64,0x12,0xFF,0xB0,0x64,0x12,0xFF,0xB0,0x64,0x12,0xFF,0xB0,0x64,0x12,0xFF,
    0xB0,0x64,0x12,0xFF,0xB0,0x64,0x12,0xFF,0xB0,0x64,0x12,0xFF,0xB0,0x64,0x12,0xFF,0xB0,0x64,0x12,0xFF,0xB0,0x64,0x12,0xFF,0xB0,0x64,0x12,0xFF,0xB0,0x64,0x12,0xFF,0xB0,0x64,0x12,0xFF,0xB0,0x64,0x12,0xFF,0xB0,0x64,0x12,0xFF,0xB0,0x64,0x12,0xFF,0xB0,0x64,0x12,0xFF,0xB0,0x64,0x12,0xFF,0xB0,0x64,0x12,0xFF,0xB0,0x64,0x12,0xFF,
    0xB0,0x64,0x12,0xFF,0xB0,0x64,0x12,0xFF,0xB0,0x64,0x12,0xFF,0xB0,0x64,0x12,0xFF,0xB0,0x64,0x12,0xFF,0xB0,0x64,0x12,0xFF,0xB0,0x64,0x12,0xFF,0xB0,0x64,0x12,0xFF,0xB0,0x64,0x12,0xFF,0xB0,0x64,0x12,0xFF,0xB0,0x64,0x12,0xFF,0xB0,0x64,0x12,0xFF,0xB0,0x64,0x12,0xFF,0xB0,0x64,0x12,0xFF,0xB0,0x64,0x12,0xFF,0xB0,0x64,0x12,0xFF,
    0xB0,0x64,0x12,0xFF,0xB0,0x64,0x12,0xFF,0xB0,0x64,0x12,0xFF,0xB0,0x64,0x12,0xFF,0xB0,0x64,0x12,0xFF,0xB0,0x64,0x12,0xFF,0xB0,0x64,0x12,0xFF,0xB0,0x64,0x12,0xFF,0xB0,0x64,0x12,0xFF,0xB0,0x64,0x12,0xFF,0xB0,0x64,0x12,0xFF,0xB0,0x64,0x12,0xFF,0xB0,0x64,0x12,0xFF,0xB0,0x64,0x12,0xFF,0xB0,0x64,0x12,0xFF,0xB0,0x64,0x12,0xFF,
    0xB0,0x64,0x12,0xFF,0xB0,0x64,0x12,0xFF,0xB0,0x64,0x12,0xFF,0xB0,0x64,0x12,0xFF,0xB0,0x64,0x12,0xFF,0xB0,0x64,0x12,0xFF,0xB0,0x64,0x12,0xFF,0xB0,0x64,0x12,0xFF,0xB0,0x64,0x12,0xFF,0xB0,0x64,0x12,0xFF,0xB0,0x64,0x12,0xFF,0xB0,0x64,0x12,0xFF,0xB0,0x64,0x12,0xFF,0xB0,0x64,0x12,0xFF,0xB0,0x64,0x12,0xFF,0xB0,0x64,0x12,0xFF,
    0xB0,0x64,0x12,0xFF,0xB0,0x64,0x12,0xFF,0xB0,0x64,0x12,0xFF,0xB0,0x64,0x12,0xFF,0xB0,0x64,0x12,0xFF,0xB0,0x64,0x12,0xFF,0xB0,0x64,0x12,0xFF,0xB0,0x64,0x12,0xFF,0xB0,0x64,0x12,0xFF,0xB0,0x64,0x12,0xFF,0xB0,0x64,0x12,0xFF,0xB0,0x64,0x12,0xFF,0xB0,0x64,0x12,0xFF,0xB0,0x64,0x12,0xFF,0xB0,0x64,0x12,0xFF,0xB0,0x64,0x12,0xFF,
    0xB0,0x64,0x12,0xFF,0xB0,0x64,0x12,0xFF,0xB0,0x64,0x12,0xFF,0xB0,0x64,0x12,0xFF,0xB0,0x64,0x12,0xFF,0xB0,0x64,0x12,0xFF,0xB0,0x64,0x12,0xFF,0xB0,0x64,0x12,0xFF,0xB0,0x64,0x12,0xFF,0xB0,0x64,0x12,0xFF,0xB0,0x64,0x12,0xFF,0xB0,0x64,0x12,0xFF,0xB0,0x64,0x12,0xFF,0xB0,0x64,0x12,0xFF,0xB0,0x64,0x12,0xFF,0xB0,0x64,0x12,0xFF,
    0xB0,0x64,0x12,0xFF,0xB0,0x64,0x12,0xFF,0xB0,0x64,0x12,0xFF,0xB0,0x64,0x12,0xFF,0xB0,0x64,0x12,0xFF,0xB0,0x64,0x12,0xFF,0xB0,0x64,0x12,0xFF,0xB0,0x64,0x12,0xFF,0xB0,0x64,0x12,0xFF,0xB0,0x64,0x12,0xFF,0xB0,0x64,0x12,0xFF,0xB0,0x64,0x12,0xFF,0xB0,0x64,0x12,0xFF,0xB0,0x64,0x12,0xFF,0xB0,0x64,0x12,0xFF,0xB0,0x64,0x12,0xFF,
    0xB0,0x64,0x12,0xFF,0xB0,0x64,0x12,0xFF,0xB0,0x64,0x12,0xFF,0xB0,0x64,0x12,0xFF,0xB0,0x64,0x12,0xFF,0xB0,0x64,0x12,0xFF,0xB0,0x64,0x12,0xFF,0xB0,0x64,0x12,0xFF,0xB0,0x64,0x12,0xFF,0xB0,0x64,0x12,0xFF,0xB0,0x64,0x12,0xFF,0xB0,0x64,0x12,0xFF,0xB0,0x64,0x12,0xFF,0xB0,0x64,0x12,0xFF,0xB0,0x64,0x12,0xFF,0xB0,0x64,0x12,0xFF,
    0xB0,0x64,0x12,0xFF,0xB0,0x64,0x12,0xFF,0xB0,0x64,0x12,0xFF,0xB0,0x64,0x12,0xFF,0xB0,0x64,0x12,0xFF,0xB0,0x64,0x12,0xFF,0xB0,0x64,0x12,0xFF,0xB0,0x64,0x12,0xFF,0xB0,0x64,0x12,0xFF,0xB0,0x64,0x12,0xFF,0xB0,0x64,0x12,0xFF,0xB0,0x64,0x12,0xFF,0xB0,0x64,0x12,0xFF,0xB0,0x64,0x12,0xFF,0xB0,0x64,0x12,0xFF,0xB0,0x64,0x12,0xFF,
    0xB0,0x64,0x12,0xFF,0xB0,0x64,0x12,0xFF,0xB0,0x64,0x12,0xFF,0xB0,0x64,0x12,0xFF,0xB0,0x64,0x12,0xFF,0xB0,0x64,0x12,0xFF,0xB0,0x64,0x12,0xFF,0xB0,0x64,0x12,0xFF,0xB0,0x64,0x12,0xFF,0xB0,0x64,0x12,0xFF,0xB0,0x64,0x12,0xFF,0xB0,0x64,0x12,0xFF,0xB0,0x64,0x12,0xFF,0xB0,0x64,0x12,0xFF,0xB0,0x64,0x12,0xFF,0xB0,0x64,0x12,0xFF,
    0xB0,0x64,0x12,0xFF,0xB0,0x64,0x12,0xFF,0xB0,0x64,0x12,0xFF,0xB0,0x64,0x12,0xFF,0xB0,0x64,0x12,0xFF,0xB0,0x64,0x12,0xFF,0xB0,0x64,0x12,0xFF,0xB0,0x64,0x12,0xFF,0xB0,0x64,0x12,0xFF,0xB0,0x64,0x12,0xFF,0xB0,0x64,0x12,0xFF,0xB0,0x64,0x12,0xFF,0xB0,0x64,0x12,0xFF,0xB0,0x64,0x12,0xFF,0xB0,0x64,0x12,0xFF,0xB0,0x64,0x12,0xFF,
    0xB0,0x64,0x12,0xFF,0xB0,0x64,0x12,0xFF,0xB0,0x64,0x12,0xFF,0xB0,0x64,0x12,0xFF,0xB0,0x64,0x12,0xFF,0xB0,0x64,0x12,0xFF,0xB0,0x64,0x12,0xFF,0xB0,0x64,0x12,0xFF,0xB0,0x64,0x12,0xFF,0xB0,0x64,0x12,0xFF,0xB0,0x64,0x12,0xFF,0xB0,0x64,0x12,0xFF,0xB0,0x64,0x12,0xFF,0xB0,0x64,0x12,0xFF,0xB0,0x64,0x12,0xFF,0xB0,0x64,0x12,0xFF,
    0xB0,0x64,0x12,0xFF,0xB0,0x64,0x12,0xFF,0xB0,0x64,0x12,0xFF,0xB0,0x64,0x12,0xFF,0xB0,0x64,0x12,0xFF,0xB0,0x64,0x12,0xFF,0xB0,0x64,0x12,0xFF,0xB0,0x64,0x12,0xFF,0xB0,0x64,0x12,0xFF,0xB0,0x64,0x12,0xFF,0xB0,0x64,0x12,0xFF,0xB0,0x64,0x12,0xFF,0xB0,0x64,0x12,0xFF,0xB0,0x64,0x12,0xFF,0xB0,0x64,0x12,0xFF,0xB0,0x64,0x12,0xFF,
    0xB0,0x64,0x12,0xFF,0xB0,0x64,0x12,0xFF,0xB0,0x64,0x12,0xFF,0xB0,0x64,0x12,0xFF,0xB0,0x64,0x12,0xFF,0xB0,0x64,0x12,0xFF,0xB0,0x64,0x12,0xFF,0xB0,0x64,0x12,0xFF,0xB0,0x64,0x12,0xFF,0xB0,0x64,0x12,0xFF,0xB0,0x64,0x12,0xFF,0xB0,0x64,0x12,0xFF,0xB0,0x64,0x12,0xFF,0xB0,0x64,0x12,0xFF,0xB0,0x64,0x12,0xFF,0xB0,0x64,0x12,0xFF,
    0xB0,0x64,0x12,0xFF,0xB0,0x64,0x12,0xFF,0xB0,0x64,0x12,0xFF,0xB0,0x64,0x12,0xFF,0xB0,0x64,0x12,0xFF,0xB0,0x64,0x12,0xFF,0xB0,0x64,0x12,0xFF,0xB0,0x64,0x12,0xFF,0xB0,0x64,0x12,0xFF,0xB0,0x64,0x12,0xFF,0xB0,0x64,0x12,0xFF,0xB0,0x64,0x12,0xFF,0xB0,0x64,0x12,0xFF,0xB0,0x64,0x12,0xFF,0xB0,0x64,0x12,0xFF,0xB0,0x64,0x12,0xFF,
    0xB0,0x64,0x12,0xFF,0xB0,0x64,0x12,0xFF,0xB0,0x64,0x12,0xFF,0xB0,0x64,0x12,0xFF,0xB0,0x64,0x12,0xFF,0xB0,0x64,0x12,0xFF,0xB0,0x64,0x12,0xFF,0xB0,0x64,0x12,0xFF,0xB0,0x64,0x12,0xFF,0xB0,0x64,0x12,0xFF,0xB0,0x64,0x12,0xFF,0xB0,0x64,0x12,0xFF,0xB0,0x64,0x12,0xFF,0xB0,0x64,0x12,0xFF,0xB0,0x64,0x12,0xFF,0xB0,0x64,0x12,0xFF,
    0xB0,0x64,0x12,0xFF,0xB0,0x64,0x12,0xFF,0xB0,0x64,0x12,0xFF,0xB0,0x64,0x12,0xFF,0xB0,0x64,0x12,0xFF,0xB0,0x64,0x12,0xFF,0xB0,0x64,0x12,0xFF,0xB0,0x64,0x12,0xFF,0xB0,0x64,0x12,0xFF,0xB0,0x64,0x12,0xFF,0xB0,0x64,0x12,0xFF,0xB0,0x64,0x12,0xFF,0xB0,0x64,0x12,0xFF,0xB0,0x64,0x12,0xFF,0xB0,0x64,0x12,0xFF,0xB0,0x64,0x12,0xFF,
    0xB0,0x64,0x12,0xFF,0xB0,0x64,0x12,0xFF,0xB0,0x64,0x12,0xFF,0xB0,0x64,0x12,0xFF,0xB0,0x64,0x12,0xFF,0xB0,0x64,0x12,0xFF,0xB0,0x64,0x12,0xFF,0xB0,0x64,0x12,0xFF,0xB0,0x64,0x12,0xFF,0xB0,0x64,0x12,0xFF,0xB0,0x64,0x12,0xFF,0xB0,0x64,0x12,0xFF,0xB0,0x64,0x12,0xFF,0xB0,0x64,0x12,0xFF,0xB0,0x64,0x12,0xFF,0xB0,0x64,0x12,0xFF,
    0xB0,0x64,0x12,0xFF,0xB0,0x64,0x12,0xFF,0xB0,0x64,0x12,0xFF,0xB0,0x64,0x12,0xFF,0xB0,0x64,0x12,0xFF,0xB0,0x64,0x12,0xFF,0xB0,0x64,0x12,0xFF,0xB0,0x64,0x12,0xFF,0xB0,0x64,0x12,0xFF,0xB0,0x64,0x12,0xFF,0xB0,0x64,0x12,0xFF,0xB0,0x64,0x12,0xFF,0xB0,0x64,0x12,0xFF,0xB0,0x64,0x12,0xFF,0xB0,0x64,0x12,0xFF,0xB0,0x64,0x12,0xFF,
    0xB0,0x64,0x12,0xFF,0xB0,0x64,0x12,0xFF,0xB0,0x64,0x12,0xFF,0xB0,0x64,0x12,0xFF,0xB0,0x64,0x12,0xFF,0xB0,0x64,0x12,0xFF,0xB0,0x64,0x12,0xFF,0xB0,0x64,0x12,0xFF,0xB0,0x64,0x12,0xFF,0xB0,0x64,0x12,0xFF,0xB0,0x64,0x12,0xFF,0xB0,0x64,0x12,0xFF,0xB0,0x64,0x12,0xFF,0xB0,0x64,0x12,0xFF,0xB0,0x64,0x12,0xFF,0xB0,0x64,0x12,0xFF,
    0xB0,0x64,0x12,0xFF,0xB0,0x64,0x12,0xFF,0xB0,0x64,0x12,0xFF,0xB0,0x64,0x12,0xFF,0xB0,0x64,0x12,0xFF,0xB0,0x64,0x12,0xFF,0xB0,0x64,0x12,0xFF,0xB0,0x64,0x12,0xFF,0xB0,0x64,0x12,0xFF,0xB0,0x64,0x12,0xFF,0xB0,0x64,0x12,0xFF,0xB0,0x64,0x12,0xFF,0xB0,0x64,0x12,0xFF,0xB0,0x64,0x12,0xFF,0xB0,0x64,0x12,0xFF,0xB0,0x64,0x12,0xFF,
    0xB0,0x64,0x12,0xFF,0xB0,0x64,0x12,0xFF,0xB0,0x64,0x12,0xFF,0xB0,0x64,0x12,0xFF,0xB0,0x64,0x12,0xFF,0xB0,0x64,0x12,0xFF,0xB0,0x64,0x12,0xFF,0xB0,0x64,0x12,0xFF,0xB0,0x64,0x12,0xFF,0xB0,0x64,0x12,0xFF,0xB0,0x64,0x12,0xFF,0xB0,0x64,0x12,0xFF,0xB0,0x64,0x12,0xFF,0xB0,0x64,0x12,0xFF,0xB0,0x64,0x12,0xFF,0xB0,0x64,0x12,0xFF,
    0xB0,0x64,0x12,0xFF,0xB0,0x64,0x12,0xFF,0xB0,0x64,0x12,0xFF,0xB0,0x64,0x12,0xFF,0xB0,0x64,0x12,0xFF,0xB0,0x64,0x12,0xFF,0xB0,0x64,0x12,0xFF,0xB0,0x64,0x12,0xFF,0xB0,0x64,0x12,0xFF,0xB0,0x64,0x12,0xFF,0xB0,0x64,0x12,0xFF,0xB0,0x64,0x12,0xFF,0xB0,0x64,0x12,0xFF,0xB0,0x64,0x12,0xFF,0xB0,0x64,0x12,0xFF,0xB0,0x64,0x12,0xFF,
    0xB0,0x64,0x12,0xFF,0xB0,0x64,0x12,0xFF,0xB0,0x64,0x12,0xFF,0xB0,0x64,0x12,0xFF,0xB0,0x64,0x12,0xFF,0xB0,0x64,0x12,0xFF,0xB0,0x64,0x12,0xFF,0xB0,0x64,0x12,0xFF,0xB0,0x64,0x12,0xFF,0xB0,0x64,0x12,0xFF,0xB0,0x64,0x12,0xFF,0xB0,0x64,0x12,0xFF,0xB0,0x64,0x12,0xFF,0xB0,0x64,0x12,0xFF,0xB0,0x64,0x12,0xFF,0xB0,0x64,0x12,0xFF,
    0xB0,0x64,0x12,0xFF,0xB0,0x64,0x12,0xFF,0xB0,0x64,0x12,0xFF,0xB0,0x64,0x12,0xFF,0xB0,0x64,0x12,0xFF,0xB0,0x64,0x12,0xFF,0xB0,0x64,0x12,0xFF,0xB0,0x64,0x12,0xFF,0xB0,0x64,0x12,0xFF,0xB0,0x64,0x12,0xFF,0xB0,0x64,0x12,0xFF,0xB0,0x64,0x12,0xFF,0xB0,0x64,0x12,0xFF,0xB0,0x64,0x12,0xFF,0xB0,0x64,0x12,0xFF,0xB0,0x64,0x12,0xFF,
    0xB0,0x64,0x12,0xFF,0xB0,0x64,0x12,0xFF,0xB0,0x64,0x12,0xFF,0xB0,0x64,0x12,0xFF,0xB0,0x64,0x12,0xFF,0xB0,0x64,0x12,0xFF,0xB0,0x64,0x12,0xFF,0xB0,0x64,0x12,0xFF,0xB0,0x64,0x12,0xFF,0xB0,0x64,0x12,0xFF,0xB0,0x64,0x12,0xFF,0xB0,0x64,0x12,0xFF,0xB0,0x64,0x12,0xFF,0xB0,0x64,0x12,0xFF,0xB0,0x64,0x12,0xFF,0xB0,0x64,0x12,0xFF,
    0xB0,0x64,0x12,0xFF,0xB0,0x64,0x12,0xFF,0xB0,0x64,0x12,0xFF,0xB0,0x64,0x12,0xFF,0xB0,0x64,0x12,0xFF,0xB0,0x64,0x12,0xFF,0xB0,0x64,0x12,0xFF,0xB0,0x64,0x12,0xFF,0xB0,0x64,0x12,0xFF,0xB0,0x64,0x12,0xFF,0xB0,0x64,0x12,0xFF,0xB0,0x64,0x12,0xFF,0xB0,0x64,0x12,0xFF,0xB0,0x64,0x12,0xFF,0xB0,0x64,0x12,0xFF,0xB0,0x64,0x12,0xFF,
    0xB0,0x64,0x12,0xFF,0xB0,0x64,0x12,0xFF,0xB0,0x64,0x12,0xFF,0xB0,0x64,0x12,0xFF,0xB0,0x64,0x12,0xFF,0xB0,0x64,0x12,0xFF,0xB0,0x64,0x12,0xFF,0xB0,0x64,0x12,0xFF,0xB0,0x64,0x12,0xFF,0xB0,0x64,0x12,0xFF,0xB0,0x64,0x12,0xFF,0xB0,0x64,0x12,0xFF,0xB0,0x64,0x12,0xFF,0xB0,0x64,0x12,0xFF,0xB0,0x64,0x12,0xFF,0xB0,0x64,0x12,0xFF,
    0xB0,0x64,0x12,0xFF,0xB0,0x64,0x12,0xFF,0xB0,0x64,0x12,0xFF,0xB0,0x64,0x12,0xFF,0xB0,0x64,0x12,0xFF,0xB0,0x64,0x12,0xFF,0xB0,0x64,0x12,0xFF,0xB0,0x64,0x12,0xFF,0xB0,0x64,0x12,0xFF,0xB0,0x64,0x12,0xFF,0xB0,0x64,0x12,0xFF,0xB0,0x64,0x12,0xFF,0xB0,0x64,0x12,0xFF,0xB0,0x64,0x12,0xFF,0xB0,0x64,0x12,0xFF,0xB0,0x64,0x12,0xFF,
    0xB0,0x64,0x12,0xFF,0xB0,0x64,0x12,0xFF,0xB0,0x64,0x12,0xFF,0xB0,0x64,0x12,0xFF,0xB0,0x64,0x12,0xFF,0xB0,0x64,0x12,0xFF,0xB0,0x64,0x12,0xFF,0xB0,0x64,0x12,0xFF,0xB0,0x64,0x12,0xFF,0xB0,0x64,0x12,0xFF,0xB0,0x64,0x12,0xFF,0xB0,0x64,0x12,0xFF,0xB0,0x64,0x12,0xFF,0xB0,0x64,0x12,0xFF,0xB0,0x64,0x12,0xFF,0xB0,0x64,0x12,0xFF,
    0xB0,0x64,0x12,0xFF,0xB0,0x64,0x12,0xFF,0xB0,0x64,0x12,0xFF,0xB0,0x64,0x12,0xFF,0xB0,0x64,0x12,0xFF,0xB0,0x64,0x12,0xFF,0xB0,0x64,0x12,0xFF,0xB0,0x64,0x12,0xFF,0xB0,0x64,0x12,0xFF,0xB0,0x64,0x12,0xFF,0xB0,0x64,0x12,0xFF,0xB0,0x64,0x12,0xFF,0xB0,0x64,0x12,0xFF,0xB0,0x64,0x12,0xFF,0xB0,0x64,0x12,0xFF,0xB0,0x64,0x12,0xFF,
    0xB0,0x64,0x12,0xFF,0xB0,0x64,0x12,0xFF,0xB0,0x64,0x12,0xFF,0xB0,0x64,0x12,0xFF,0xB0,0x64,0x12,0xFF,0xB0,0x64,0x12,0xFF,0xB0,0x64,0x12,0xFF,0xB0,0x64,0x12,0xFF,0xB0,0x64,0x12,0xFF,0xB0,0x64,0x12,0xFF,0xB0,0x64,0x12,0xFF,0xB0,0x64,0x12,0xFF,0xB0,0x64,0x12,0xFF,0xB0,0x64,0x12,0xFF,0xB0,0x64,0x12,0xFF,0xB0,0x64,0x12,0xFF,
    0xB0,0x64,0x12,0xFF,0xB0,0x64,0x12,0xFF,0xB0,0x64,0x12,0xFF,0xB0,0x64,0x12,0xFF,0xB0,0x64,0x12,0xFF,0xB0,0x64,0x12,0xFF,0xB0,0x64,0x12,0xFF,0xB0,0x64,0x12,0xFF,0xB0,0x64,0x12,0xFF,0xB0,0x64,0x12,0xFF,0xB0,0x64,0x12,0xFF,0xB0,0x64,0x12,0xFF,0xB0,0x64,0x12,0xFF,0xB0,0x64,0x12,0xFF,0xB0,0x64,0x12,0xFF,0xB0,0x64,0x12,0xFF,
    0xB0,0x64,0x12,0xFF,0xB0,0x64,0x12,0xFF,0xB0,0x64,0x12,0xFF,0xB0,0x64,0x12,0xFF,0xB0,0x64,0x12,0xFF,0xB0,0x64,0x12,0xFF,0xB0,0x64,0x12,0xFF,0xB0,0x64,0x12,0xFF,0xB0,0x64,0x12,0xFF,0xB0,0x64,0x12,0xFF,0xB0,0x64,0x12,0xFF,0xB0,0x64,0x12,0xFF,0xB0,0x64,0x12,0xFF,0xB0,0x64,0x12,0xFF,0xB0,0x64,0x12,0xFF,0xB0,0x64,0x12,0xFF,
    0xB0,0x64,0x12,0xFF,0xB0,0x64,0x12,0xFF,0xB0,0x64,0x12,0xFF,0xB0,0x64,0x12,0xFF,0xB0,0x64,0x12,0xFF,0xB0,0x64,0x12,0xFF,0xB0,0x64,0x12,0xFF,0xB0,0x64,0x12,0xFF,0xB0,0x64,0x12,0xFF,0xB0,0x64,0x12,0xFF,0xB0,0x64,0x12,0xFF,0xB0,0x64,0x12,0xFF,0xB0,0x64,0x12,0xFF,0xB0,0x64,0x12,0xFF,0xB0,0x64,0x12,0xFF,0xB0,0x64,0x12,0xFF,
    0xB0,0x64,0x12,0xFF,0xB0,0x64,0x12,0xFF,0xB0,0x64,0x12,0xFF,0xB0,0x64,0x12,0xFF,0xB0,0x64,0x12,0xFF,0xB0,0x64,0x12,0xFF,0xB0,0x64,0x12,0xFF,0xB0,0x64,0x12,0xFF,0xB0,0x64,0x12,0xFF,0xB0,0x64,0x12,0xFF,0xB0,0x64,0x12,0xFF,0xB0,0x64,0x12,0xFF,0xB0,0x64,0x12,0xFF,0xB0,0x64,0x12,0xFF,0xB0,0x64,0x12,0xFF,0xB0,0x64,0x12,0xFF,
    0xB0,0x64,0x12,0xFF,0xB0,0x64,0x12,0xFF,0xB0,0x64,0x12,0xFF,0xB0,0x64,0x12,0xFF,0xB0,0x64,0x12,0xFF,0xB0,0x64,0x12,0xFF,0xB0,0x64,0x12,0xFF,0xB0,0x64,0x12,0xFF,0xB0,0x64,0x12,0xFF,0xB0,0x64,0x12,0xFF,0xB0,0x64,0x12,0xFF,0xB0,0x64,0x12,0xFF,0xB0,0x64,0x12,0xFF,0xB0,0x64,0x12,0xFF,0xB0,0x64,0x12,0xFF,0xB0,0x64,0x12,0xFF,
    0xB0,0x64,0x12,0xFF,0xB0,0x64,0x12,0xFF,0xB0,0x64,0x12,0xFF,0xB0,0x64,0x12,0xFF,0xB0,0x64,0x12,0xFF,0xB0,0x64,0x12,0xFF,0xB0,0x64,0x12,0xFF,0xB0,0x64,0x12,0xFF,0xB0,0x64,0x12,0xFF,0xB0,0x64,0x12,0xFF,0xB0,0x64,0x12,0xFF,0xB0,0x64,0x12,0xFF,0xB0,0x64,0x12,0xFF,0xB0,0x64,0x12,0xFF,0xB0,0x64,0x12,0xFF,0xB0,0x64,0x12,0xFF,
    0xB0,0x64,0x12,0xFF,0xB0,0x64,0x12,0xFF,0xB0,0x64,0x12,0xFF,0xB0,0x64,0x12,0xFF,0xB0,0x64,0x12,0xFF,0xB0,0x64,0x12,0xFF,0xB0,0x64,0x12,0xFF,0xB0,0x64,0x12,0xFF,0xB0,0x64,0x12,0xFF,0xB0,0x64,0x12,0xFF,0xB0,0x64,0x12,0xFF,0xB0,0x64,0x12,0xFF,0xB0,0x64,0x12,0xFF,0xB0,0x64,0x12,0xFF,0xB0,0x64,0x12,0xFF,0xB0,0x64,0x12,0xFF,
    0xB0,0x64,0x12,0xFF,0xB0,0x64,0x12,0xFF,0xB0,0x64,0x12,0xFF,0xB0,0x64,0x12,0xFF,0xB0,0x64,0x12,0xFF,0xB0,0x64,0x12,0xFF,0xB0,0x64,0x12,0xFF,0xB0,0x64,0x12,0xFF,0xB0,0x64,0x12,0xFF,0xB0,0x64,0x12,0xFF,0xB0,0x64,0x12,0xFF,0xB0,0x64,0x12,0xFF,0xB0,0x64,0x12,0xFF,0xB0,0x64,0x12,0xFF,0xB0,0x64,0x12,0xFF,0xB0,0x64,0x12,0xFF,
    0xB0,0x64,0x12,0xFF,0xB0,0x64,0x12,0xFF,0xB0,0x64,0x12,0xFF,0xB0,0x64,0x12,0xFF,0xB0,0x64,0x12,0xFF,0xB0,0x64,0x12,0xFF,0xB0,0x64,0x12,0xFF,0xB0,0x64,0x12,0xFF,0xB0,0x64,0x12,0xFF,0xB0,0x64,0x12,0xFF,0xB0,0x64,0x12,0xFF,0xB0,0x64,0x12,0xFF,0xB0,0x64,0x12,0xFF,0xB0,0x64,0x12,0xFF,0xB0,0x64,0x12,0xFF,0xB0,0x64,0x12,0xFF,
    0xB0,0x64,0x12,0xFF,0xB0,0x64,0x12,0xFF,0xB0,0x64,0x12,0xFF,0xB0,0x64,0x12,0xFF,0xB0,0x64,0x12,0xFF,0xB0,0x64,0x12,0xFF,0xB0,0x64,0x12,0xFF,0xB0,0x64,0x12,0xFF,0xB0,0x64,0x12,0xFF,0xB0,0x64,0x12,0xFF,0xB0,0x64,0x12,0xFF,0xB0,0x64,0x12,0xFF,0xB0,0x64,0x12,0xFF,0xB0,0x64,0x12,0xFF,0xB0,0x64,0x12,0xFF,0xB0,0x64,0x12,0xFF,
    0xB0,0x64,0x12,0xFF,0xB0,0x64,0x12,0xFF,0xB0,0x64,0x12,0xFF,0xB0,0x64,0x12,0xFF,0xB0,0x64,0x12,0xFF,0xB0,0x64,0x12,0xFF,0xB0,0x64,0x12,0xFF,0xB0,0x64,0x12,0xFF,0xB0,0x64,0x12,0xFF,0xB0,0x64,0x12,0xFF,0xB0,0x64,0x12,0xFF,0xB0,0x64,0x12,0xFF,0xB0,0x64,0x12,0xFF,0xB0,0x64,0x12,0xFF,0xB0,0x64,0x12,0xFF,0xB0,0x64,0x12,0xFF,
    0xB0,0x64,0x12,0xFF,0xB0,0x64,0x12,0xFF,0xB0,0x64,0x12,0xFF,0xB0,0x64,0x12,0xFF,0xB0,0x64,0x12,0xFF,0xB0,0x64,0x12,0xFF,0xB0,0x64,0x12,0xFF,0xB0,0x64,0x12,0xFF,0xB0,0x64,0x12,0xFF,0xB0,0x64,0x12,0xFF,0xB0,0x64,0x12,0xFF,0xB0,0x64,0x12,0xFF,0xB0,0x64,0x12,0xFF,0xB0,0x64,0x12,0xFF,0xB0,0x64,0x12,0xFF,0xB0,0x64,0x12,0xFF,
    0xB0,0x64,0x12,0xFF,0xB0,0x64,0x12,0xFF,0xB0,0x64,0x12,0xFF,0xB0,0x64,0x12,0xFF,0xB0,0x64,0x12,0xFF,0xB0,0x64,0x12,0xFF,0xB0,0x64,0x12,0xFF,0xB0,0x64,0x12,0xFF,0xB0,0x64,0x12,0xFF,0xB0,0x64,0x12,0xFF,0xB0,0x64,0x12,0xFF,0xB0,0x64,0x12,0xFF,0xB0,0x64,0x12,0xFF,0xB0,0x64,0x12,0xFF,0xB0,0x64,0x12,0xFF,0xB0,0x64,0x12,0xFF,
    0xB0,0x64,0x12,0xFF,0xB0,0x64,0x12,0xFF,0xB0,0x64,0x12,0xFF,0xB0,0x64,0x12,0xFF,0xB0,0x64,0x12,0xFF,0xB0,0x64,0x12,0xFF,0xB0,0x64,0x12,0xFF,0xB0,0x64,0x12,0xFF,0xB0,0x64,0x12,0xFF,0xB0,0x64,0x12,0xFF,0xB0,0x64,0x12,0xFF,0xB0,0x64,0x12,0xFF,0xB0,0x64,0x12,0xFF,0xB0,0x64,0x12,0xFF,0xB0,0x64,0x12,0xFF,0xB0,0x64,0x12,0xFF,
    0xB0,0x64,0x12,0xFF,0xB0,0x64,0x12,0xFF,0xB0,0x64,0x12,0xFF,0xB0,0x64,0x12,0xFF,0xB0,0x64,0x12,0xFF,0xB0,0x64,0x12,0xFF,0xB0,0x64,0x12,0xFF,0xB0,0x64,0x12,0xFF,0xB0,0x64,0x12,0xFF,0xB0,0x64,0x12,0xFF,0xB0,0x64,0x12,0xFF,0xB0,0x64,0x12,0xFF,0xB0,0x64,0x12,0xFF,0xB0,0x64,0x12,0xFF,0xB0,0x64,0x12,0xFF,0xB0,0x64,0x12,0xFF,
    0xB0,0x64,0x12,0xFF,0xB0,0x64,0x12,0xFF,0xB0,0x64,0x12,0xFF,0xB0,0x64,0x12,0xFF,0xB0,0x64,0x12,0xFF,0xB0,0x64,0x12,0xFF,0xB0,0x64,0x12,0xFF,0xB0,0x64,0x12,0xFF,0xB0,0x64,0x12,0xFF,0xB0,0x64,0x12,0xFF,0xB0,0x64,0x12,0xFF,0xB0,0x64,0x12,0xFF,0xB0,0x64,0x12,0xFF,0xB0,0x64,0x12,0xFF,0xB0,0x64,0x12,0xFF,0xB0,0x64,0x12,0xFF,
    0xB0,0x64,0x12,0xFF,0xB0,0x64,0x12,0xFF,0xB0,0x64,0x12,0xFF,0xB0,0x64,0x12,0xFF,0xB0,0x64,0x12,0xFF,0xB0,0x64,0x12,0xFF,0xB0,0x64,0x12,0xFF,0xB0,0x64,0x12,0xFF,0xB0,0x64,0x12,0xFF,0xB0,0x64,0x12,0xFF,0xB0,0x64,0x12,0xFF,0xB0,0x64,0x12,0xFF,0xB0,0x64,0x12,0xFF,0xB0,0x64,0x12,0xFF,0xB0,0x64,0x12,0xFF,0xB0,0x64,0x12,0xFF,
    0xB0,0x64,0x12,0xFF,0xB0,0x64,0x12,0xFF,0xB0,0x64,0x12,0xFF,0xB0,0x64,0x12,0xFF,0xB0,0x64,0x12,0xFF,0xB0,0x64,0x12,0xFF,0xB0,0x64,0x12,0xFF,0xB0,0x64,0x12,0xFF,0xB0,0x64,0x12,0xFF,0xB0,0x64,0x12,0xFF,0xB0,0x64,0x12,0xFF,0xB0,0x64,0x12,0xFF,0xB0,0x64,0x12,0xFF,0xB0,0x64,0x12,0xFF,0xB0,0x64,0x12,0xFF,0xB0,0x64,0x12,0xFF,
    0xB0,0x64,0x12,0xFF,0xB0,0x64,0x12,0xFF,0xB0,0x64,0x12,0xFF,0xB0,0x64,0x12,0xFF,0xB0,0x64,0x12,0xFF,0xB0,0x64,0x12,0xFF,0xB0,0x64,0x12,0xFF,0xB0,0x64,0x12,0xFF,0xB0,0x64,0x12,0xFF,0xB0,0x64,0x12,0xFF,0xB0,0x64,0x12,0xFF,0xB0,0x64,0x12,0xFF,0xB0,0x64,0x12,0xFF,0xB0,0x64,0x12,0xFF,0xB0,0x64,0x12,0xFF,0xB0,0x64,0x12,0xFF,
    0xB0,0x64,0x12,0xFF,0xB0,0x64,0x12,0xFF,0xB0,0x64,0x12,0xFF,0xB0,0x64,0x12,0xFF,0xB0,0x64,0x12,0xFF,0xB0,0x64,0x12,0xFF,0xB0,0x64,0x12,0xFF,0xB0,0x64,0x12,0xFF,0xB0,0x64,0x12,0xFF,0xB0,0x64,0x12,0xFF,0xB0,0x64,0x12,0xFF,0xB0,0x64,0x12,0xFF,0xB0,0x64,0x12,0xFF,0xB0,0x64,0x12,0xFF,0xB0,0x64,0x12,0xFF,0xB0,0x64,0x12,0xFF,
    0xB0,0x64,0x12,0xFF,0xB0,0x64,0x12,0xFF,0xB0,0x64,0x12,0xFF,0xB0,0x64,0x12,0xFF,0xB0,0x64,0x12,0xFF,0xB0,0x64,0x12,0xFF,0xB0,0x64,0x12,0xFF,0xB0,0x64,0x12,0xFF,0xB0,0x64,0x12,0xFF,0xB0,0x64,0x12,0xFF,0xB0,0x64,0x12,0xFF,0xB0,0x64,0x12,0xFF,0xB0,0x64,0x12,0xFF,0xB0,0x64,0x12,0xFF,0xB0,0x64,0x12,0xFF,0xB0,0x64,0x12,0xFF,
    0xB0,0x64,0x12,0xFF,0xB0,0x64,0x12,0xFF,0xB0,0x64,0x12,0xFF,0xB0,0x64,0x12,0xFF,0xB0,0x64,0x12,0xFF,0xB0,0x64,0x12,0xFF,0xB0,0x64,0x12,0xFF,0xB0,0x64,0x12,0xFF,0xB0,0x64,0x12,0xFF,0xB0,0x64,0x12,0xFF,0xB0,0x64,0x12,0xFF,0xB0,0x64,0x12,0xFF,0xB0,0x64,0x12,0xFF,0xB0,0x64,0x12,0xFF,0xB0,0x64,0x12,0xFF,0xB0,0x64,0x12,0xFF,
    0xB0,0x64,0x12,0xFF,0xB0,0x64,0x12,0xFF,0xB0,0x64,0x12,0xFF,0xB0,0x64,0x12,0xFF,0xB0,0x64,0x12,0xFF,0xB0,0x64,0x12,0xFF,0xB0,0x64,0x12,0xFF,0xB0,0x64,0x12,0xFF,0xB0,0x64,0x12,0xFF,0xB0,0x64,0x12,0xFF,0xB0,0x64,0x12,0xFF,0xB0,0x64,0x12,0xFF,0xB0,0x64,0x12,0xFF,0xB0,0x64,0x12,0xFF,0xB0,0x64,0x12,0xFF,0xB0,0x64,0x12,0xFF,
    0xB0,0x64,0x12,0xFF,0xB0,0x64,0x12,0xFF,0xB0,0x64,0x12,0xFF,0xB0,0x64,0x12,0xFF,0xB0,0x64,0x12,0xFF,0xB0,0x64,0x12,0xFF,0xB0,0x64,0x12,0xFF,0xB0,0x64,0x12,0xFF,0xB0,0x64,0x12,0xFF,0xB0,0x64,0x12,0xFF,0xB0,0x64,0x12,0xFF,0xB0,0x64,0x12,0xFF,0xB0,0x64,0x12,0xFF,0xB0,0x64,0x12,0xFF,0xB0,0x64,0x12,0xFF,0xB0,0x64,0x12,0xFF,
    0xB0,0x64,0x12,0xFF,0xB0,0x64,0x12,0xFF,0xB0,0x64,0x12,0xFF,0xB0,0x64,0x12,0xFF,0xB0,0x64,0x12,0xFF,0xB0,0x64,0x12,0xFF,0xB0,0x64,0x12,0xFF,0xB0,0x64,0x12,0xFF,0xB0,0x64,0x12,0xFF,0xB0,0x64,0x12,0xFF,0xB0,0x64,0x12,0xFF,0xB0,0x64,0x12,0xFF,0xB0,0x64,0x12,0xFF,0xB0,0x64,0x12,0xFF,0xB0,0x64,0x12,0xFF,0xB0,0x64,0x12,0xFF,
    0xB0,0x64,0x12,0xFF,0xB0,0x64,0x12,0xFF,0xB0,0x64,0x12,0xFF,0xB0,0x64,0x12,0xFF,0xB0,0x64,0x12,0xFF,0xB0,0x64,0x12,0xFF,0xB0,0x64,0x12,0xFF,0xB0,0x64,0x12,0xFF,0xB0,0x64,0x12,0xFF,0xB0,0x64,0x12,0xFF,0xB0,0x64,0x12,0xFF,0xB0,0x64,0x12,0xFF,0xB0,0x64,0x12,0xFF,0xB0,0x64,0x12,0xFF,0xB0,0x64,0x12,0xFF,0xB0,0x64,0x12,0xFF,
    0xB0,0x64,0x12,0xFF,0xB0,0x64,0x12,0xFF,0xB0,0x64,0x12,0xFF,0xB0,0x64,0x12,0xFF,0xB0,0x64,0x12,0xFF,0xB0,0x64,0x12,0xFF,0xB0,0x64,0x12,0xFF,0xB0,0x64,0x12,0xFF,0xB0,0x64,0x12,0xFF,0xB0,0x64,0x12,0xFF,0xB0,0x64,0x12,0xFF,0xB0,0x64,0x12,0xFF,0xB0,0x64,0x12,0xFF,0xB0,0x64,0x12,0xFF,0xB0,0x64,0x12,0xFF,0xB0,0x64,0x12,0xFF,
    0xB0,0x64,0x12,0xFF,0xB0,0x64,0x12,0xFF,0xB0,0x64,0x12,0xFF,0xB0,0x64,0x12,0xFF,0xB0,0x64,0x12,0xFF,0xB0,0x64,0x12,0xFF,0xB0,0x64,0x12,0xFF,0xB0,0x64,0x12,0xFF,0xB0,0x64,0x12,0xFF,0xB0,0x64,0x12,0xFF,0xB0,0x64,0x12,0xFF,0xB0,0x64,0x12,0xFF,0xB0,0x64,0x12,0xFF,0xB0,0x64,0x12,0xFF,0xB0,0x64,0x12,0xFF,0xB0,0x64,0x12,0xFF,
    0xB0,0x64,0x12,0xFF,0xB0,0x64,0x12,0xFF,0xB0,0x64,0x12,0xFF,0xB0,0x64,0x12,0xFF,0xB0,0x64,0x12,0xFF,0xB0,0x64,0x12,0xFF,0xB0,0x64,0x12,0xFF,0xB0,0x64,0x12,0xFF,0xB0,0x64,0x12,0xFF,0xB0,0x64,0x12,0xFF,0xB0,0x64,0x12,0xFF,0xB0,0x64,0x12,0xFF,0xB0,0x64,0x12,0xFF,0xB0,0x64,0x12,0xFF,0xB0,0x64,0x12,0xFF,0xB0,0x64,0x12,0xFF,
    0xB0,0x64,0x12,0xFF,0xB0,0x64,0x12,0xFF,0xB0,0x64,0x12,0xFF,0xB0,0x64,0x12,0xFF,0xB0,0x64,0x12,0xFF,0xB0,0x64,0x12,0xFF,0xB0,0x64,0x12,0xFF,0xB0,0x64,0x12,0xFF,0xB0,0x64,0x12,0xFF,0xB0,0x64,0x12,0xFF,0xB0,0x64,0x12,0xFF,0xB0,0x64,0x12,0xFF,0xB0,0x64,0x12,0xFF,0xB0,0x64,0x12,0xFF,0xB0,0x64,0x12,0xFF,0xB0,0x64,0x12,0xFF,
    0xB0,0x64,0x12,0xFF,0xB0,0x64,0x12,0xFF,0xB0,0x64,0x12,0xFF,0xB0,0x64,0x12,0xFF,0xB0,0x64,0x12,0xFF,0xB0,0x64,0x12,0xFF,0xB0,0x64,0x12,0xFF,0xB0,0x64,0x12,0xFF,0xB0,0x64,0x12,0xFF,0xB0,0x64,0x12,0xFF,0xB0,0x64,0x12,0xFF,0xB0,0x64,0x12,0xFF,0xB0,0x64,0x12,0xFF,0xB0,0x64,0x12,0xFF,0xB0,0x64,0x12,0xFF,0xB0,0x64,0x12,0xFF,
    0xB0,0x64,0x12,0xFF,0xB0,0x64,0x12,0xFF,0xB0,0x64,0x12,0xFF,0xB0,0x64,0x12,0xFF,0xB0,0x64,0x12,0xFF,0xB0,0x64,0x12,0xFF,0xB0,0x64,0x12,0xFF,0xB0,0x64,0x12,0xFF,0xB0,0x64,0x12,0xFF,0xB0,0x64,0x12,0xFF,0xB0,0x64,0x12,0xFF,0xB0,0x64,0x12,0xFF,0xB0,0x64,0x12,0xFF,0xB0,0x64,0x12,0xFF,0xB0,0x64,0x12,0xFF,0xB0,0x64,0x12,0xFF,
    0xB0,0x64,0x12,0xFF,0xB0,0x64,0x12,0xFF,0xB0,0x64,0x12,0xFF,0xB0,0x64,0x12,0xFF,0xB0,0x64,0x12,0xFF,0xB0,0x64,0x12,0xFF,0xB0,0x64,0x12,0xFF,0xB0,0x64,0x12,0xFF,0xB0,0x64,0x12,0xFF,0xB0,0x64,0x12,0xFF,0xB0,0x64,0x12,0xFF,0xB0,0x64,0x12,0xFF,0xB0,0x64,0x12,0xFF,0xB0,0x64,0x12,0xFF,0xB0,0x64,0x12,0xFF,0xB0,0x64,0x12,0xFF,
    0xB0,0x64,0x12,0xFF,0xB0,0x64,0x12,0xFF,0xB0,0x64,0x12,0xFF,0xB0,0x64,0x12,0xFF,0xB0,0x64,0x12,0xFF,0xB0,0x64,0x12,0xFF,0xB0,0x64,0x12,0xFF,0xB0,0x64,0x12,0xFF,0xB0,0x64,0x12,0xFF,0xB0,0x64,0x12,0xFF,0xB0,0x64,0x12,0xFF,0xB0,0x64,0x12,0xFF,0xB0,0x64,0x12,0xFF,0xB0,0x64,0x12,0xFF,0xB0,0x64,0x12,0xFF,0xB0,0x64,0x12,0xFF,
    0xB0,0x64,0x12,0xFF,0xB0,0x64,0x12,0xFF,0xB0,0x64,0x12,0xFF,0xB0,0x64,0x12,0xFF,0xB0,0x64,0x12,0xFF,0xB0,0x64,0x12,0xFF,0xB0,0x64,0x12,0xFF,0xB0,0x64,0x12,0xFF,0xB0,0x64,0x12,0xFF,0xB0,0x64,0x12,0xFF,0xB0,0x64,0x12,0xFF,0xB0,0x64,0x12,0xFF,0xB0,0x64,0x12,0xFF,0xB0,0x64,0x12,0xFF,0xB0,0x64,0x12,0xFF,0xB0,0x64,0x12,0xFF,
    0xB0,0x64,0x12,0xFF,0xB0,0x64,0x12,0xFF,0xB0,0x64,0x12,0xFF,0xB0,0x64,0x12,0xFF,0xB0,0x64,0x12,0xFF,0xB0,0x64,0x12,0xFF,0xB0,0x64,0x12,0xFF,0xB0,0x64,0x12,0xFF,0xB0,0x64,0x12,0xFF,0xB0,0x64,0x12,0xFF,0xB0,0x64,0x12,0xFF,0xB0,0x64,0x12,0xFF,0xB0,0x64,0x12,0xFF,0xB0,0x64,0x12,0xFF,0xB0,0x64,0x12,0xFF,0xB0,0x64,0x12,0xFF,
    0xB0,0x64,0x12,0xFF,0xB0,0x64,0x12,0xFF,0xB0,0x64,0x12,0xFF,0xB0,0x64,0x12,0xFF,0xB0,0x64,0x12,0xFF,0xB0,0x64,0x12,0xFF,0xB0,0x64,0x12,0xFF,0xB0,0x64,0x12,0xFF,0xB0,0x64,0x12,0xFF,0xB0,0x64,0x12,0xFF,0xB0,0x64,0x12,0xFF,0xB0,0x64,0x12,0xFF,0xB0,0x64,0x12,0xFF,0xB0,0x64,0x12,0xFF,0xB0,0x64,0x12,0xFF,0xB0,0x64,0x12,0xFF,
    0xB0,0x64,0x12,0xFF,0xB0,0x64,0x12,0xFF,0xB0,0x64,0x12,0xFF,0xB0,0x64,0x12,0xFF,0xB0,0x64,0x12,0xFF,0xB0,0x64,0x12,0xFF,0xB0,0x64,0x12,0xFF,0xB0,0x64,0x12,0xFF,0xB0,0x64,0x12,0xFF,0xB0,0x64,0x12,0xFF,0xB0,0x64,0x12,0xFF,0xB0,0x64,0x12,0xFF,0xB0,0x64,0x12,0xFF,0xB0,0x64,0x12,0xFF,0xB0,0x64,0x12,0xFF,0xB0,0x64,0x12,0xFF,
    0xB0,0x64,0x12,0xFF,0xB0,0x64,0x12,0xFF,0xB0,0x64,0x12,0xFF,0xB0,0x64,0x12,0xFF,0xB0,0x64,0x12,0xFF,0xB0,0x64,0x12,0xFF,0xB0,0x64,0x12,0xFF,0xB0,0x64,0x12,0xFF,0xB0,0x64,0x12,0xFF,0xB0,0x64,0x12,0xFF,0xB0,0x64,0x12,0xFF,0xB0,0x64,0x12,0xFF,0xB0,0x64,0x12,0xFF,0xB0,0x64,0x12,0xFF,0xB0,0x64,0x12,0xFF,0xB0,0x64,0x12,0xFF,
    0xB0,0x64,0x12,0xFF,0xB0,0x64,0x12,0xFF,0xB0,0x64,0x12,0xFF,0xB0,0x64,0x12,0xFF,0xB0,0x64,0x12,0xFF,0xB0,0x64,0x12,0xFF,0xB0,0x64,0x12,0xFF,0xB0,0x64,0x12,0xFF,0xB0,0x64,0x12,0xFF,0xB0,0x64,0x12,0xFF,0xB0,0x64,0x12,0xFF,0xB0,0x64,0x12,0xFF,0xB0,0x64,0x12,0xFF,0xB0,0x64,0x12,0xFF,0xB0,0x64,0x12,0xFF,0xB0,0x64,0x12,0xFF,
    0xB0,0x64,0x12,0xFF,0xB0,0x64,0x12,0xFF,0xB0,0x64,0x12,0xFF,0xB0,0x64,0x12,0xFF,0xB0,0x64,0x12,0xFF,0xB0,0x64,0x12,0xFF,0xB0,0x64,0x12,0xFF,0xB0,0x64,0x12,0xFF,0xB0,0x64,0x12,0xFF,0xB0,0x64,0x12,0xFF,0xB0,0x64,0x12,0xFF,0xB0,0x64,0x12,0xFF,0xB0,0x64,0x12,0xFF,0xB0,0x64,0x12,0xFF,0xB0,0x64,0x12,0xFF,0xB0,0x64,0x12,0xFF,
    0xB0,0x64,0x12,0xFF,0xB0,0x64,0x12,0xFF,0xB0,0x64,0x12,0xFF,0xB0,0x64,0x12,0xFF,0xB0,0x64,0x12,0xFF,0xB0,0x64,0x12,0xFF,0xB0,0x64,0x12,0xFF,0xB0,0x64,0x12,0xFF,0xB0,0x64,0x12,0xFF,0xB0,0x64,0x12,0xFF,0xB0,0x64,0x12,0xFF,0xB0,0x64,0x12,0xFF,0xB0,0x64,0x12,0xFF,0xB0,0x64,0x12,0xFF,0xB0,0x64,0x12,0xFF,0xB0,0x64,0x12,0xFF,
    0xB0,0x64,0x12,0xFF,0xB0,0x64,0x12,0xFF,0xB0,0x64,0x12,0xFF,0xB0,0x64,0x12,0xFF,0xB0,0x64,0x12,0xFF,0xB0,0x64,0x12,0xFF,0xB0,0x64,0x12,0xFF,0xB0,0x64,0x12,0xFF,0xB0,0x64,0x12,0xFF,0xB0,0x64,0x12,0xFF,0xB0,0x64,0x12,0xFF,0xB0,0x64,0x12,0xFF,0xB0,0x64,0x12,0xFF,0xB0,0x64,0x12,0xFF,0xB0,0x64,0x12,0xFF,0xB0,0x64,0x12,0xFF,
    0xB0,0x64,0x12,0xFF,0xB0,0x64,0x12,0xFF,0xB0,0x64,0x12,0xFF,0xB0,0x64,0x12,0xFF,0xB0,0x64,0x12,0xFF,0xB0,0x64,0x12,0xFF,0xB0,0x64,0x12,0xFF,0xB0,0x64,0x12,0xFF,0xB0,0x64,0x12,0xFF,0xB0,0x64,0x12,0xFF,0xB0,0x64,0x12,0xFF,0xB0,0x64,0x12,0xFF,0xB0,0x64,0x12,0xFF,0xB0,0x64,0x12,0xFF,0xB0,0x64,0x12,0xFF,0xB0,0x64,0x12,0xFF,
    0xB0,0x64,0x12,0xFF,0xB0,0x64,0x12,0xFF,0xB0,0x64,0x12,0xFF,0xB0,0x64,0x12,0xFF,0xB0,0x64,0x12,0xFF,0xB0,0x64,0x12,0xFF,0xB0,0x64,0x12,0xFF,0xB0,0x64,0x12,0xFF,0xB0,0x64,0x12,0xFF,0xB0,0x64,0x12,0xFF,0xB0,0x64,0x12,0xFF,0xB0,0x64,0x12,0xFF,0xB0,0x64,0x12,0xFF,0xB0,0x64,0x12,0xFF,0xB0,0x64,0x12,0xFF,0xB0,0x64,0x12,0xFF,
    0xB0,0x64,0x12,0xFF,0xB0,0x64,0x12,0xFF,0xB0,0x64,0x12,0xFF,0xB0,0x64,0x12,0xFF,0xB0,0x64,0x12,0xFF,0xB0,0x64,0x12,0xFF,0xB0,0x64,0x12,0xFF,0xB0,0x64,0x12,0xFF,0xB0,0x64,0x12,0xFF,0xB0,0x64,0x12,0xFF,0xB0,0x64,0x12,0xFF,0xB0,0x64,0x12,0xFF,0xB0,0x64,0x12,0xFF,0xB0,0x64,0x12,0xFF,0xB0,0x64,0x12,0xFF,0xB0,0x64,0x12,0xFF,
    0xB0,0x64,0x12,0xFF,0xB0,0x64,0x12,0xFF,0xB0,0x64,0x12,0xFF,0xB0,0x64,0x12,0xFF,0xB0,0x64,0x12,0xFF,0xB0,0x64,0x12,0xFF,0xB0,0x64,0x12,0xFF,0xB0,0x64,0x12,0xFF,0xB0,0x64,0x12,0xFF,0xB0,0x64,0x12,0xFF,0xB0,0x64,0x12,0xFF,0xB0,0x64,0x12,0xFF,0xB0,0x64,0x12,0xFF,0xB0,0x64,0x12,0xFF,0xB0,0x64,0x12,0xFF,0xB0,0x64,0x12,0xFF,
    0xB0,0x64,0x12,0xFF,0xB0,0x64,0x12,0xFF,0xB0,0x64,0x12,0xFF,0xB0,0x64,0x12,0xFF,0xB0,0x64,0x12,0xFF,0xB0,0x64,0x12,0xFF,0xB0,0x64,0x12,0xFF,0xB0,0x64,0x12,0xFF,0xB0,0x64,0x12,0xFF,0xB0,0x64,0x12,0xFF,0xB0,0x64,0x12,0xFF,0xB0,0x64,0x12,0xFF,0xB0,0x64,0x12,0xFF,0xB0,0x64,0x12,0xFF,0xB0,0x64,0x12,0xFF,0xB0,0x64,0x12,0xFF,
    0xB0,0x64,0x12,0xFF,0xB0,0x64,0x12,0xFF,0xB0,0x64,0x12,0xFF,0xB0,0x64,0x12,0xFF,0xB0,0x64,0x12,0xFF,0xB0,0x64,0x12,0xFF,0xB0,0x64,0x12,0xFF,0xB0,0x64,0x12,0xFF,0xB0,0x64,0x12,0xFF,0xB0,0x64,0x12,0xFF,0xB0,0x64,0x12,0xFF,0xB0,0x64,0x12,0xFF,0xB0,0x64,0x12,0xFF,0xB0,0x64,0x12,0xFF,0xB0,0x64,0x12,0xFF,0xB0,0x64,0x12,0xFF,
    0xB0,0x64,0x12,0xFF,0xB0,0x64,0x12,0xFF,0xB0,0x64,0x12,0xFF,0xB0,0x64,0x12,0xFF,0xB0,0x64,0x12,0xFF,0xB0,0x64,0x12,0xFF,0xB0,0x64,0x12,0xFF,0xB0,0x64,0x12,0xFF,0xB0,0x64,0x12,0xFF,0xB0,0x64,0x12,0xFF,0xB0,0x64,0x12,0xFF,0xB0,0x64,0x12,0xFF,0xB0,0x64,0x12,0xFF,0xB0,0x64,0x12,0xFF,0xB0,0x64,0x12,0xFF,0xB0,0x64,0x12,0xFF,
    0xB0,0x64,0x12,0xFF,0xB0,0x64,0x12,0xFF,0xB0,0x64,0x12,0xFF,0xB0,0x64,0x12,0xFF,0xB0,0x64,0x12,0xFF,0xB0,0x64,0x12,0xFF,0xB0,0x64,0x12,0xFF,0xB0,0x64,0x12,0xFF,0xB0,0x64,0x12,0xFF,0xB0,0x64,0x12,0xFF,0xB0,0x64,0x12,0xFF,0xB0,0x64,0x12,0xFF,0xB0,0x64,0x12,0xFF,0xB0,0x64,0x12,0xFF,0xB0,0x64,0x12,0xFF,0xB0,0x64,0x12,0xFF,
    0xB0,0x64,0x12,0xFF,0xB0,0x64,0x12,0xFF,0xB0,0x64,0x12,0xFF,0xB0,0x64,0x12,0xFF,0xB0,0x64,0x12,0xFF,0xB0,0x64,0x12,0xFF,0xB0,0x64,0x12,0xFF,0xB0,0x64,0x12,0xFF,0xB0,0x64,0x12,0xFF,0xB0,0x64,0x12,0xFF,0xB0,0x64,0x12,0xFF,0xB0,0x64,0x12,0xFF,0xB0,0x64,0x12,0xFF,0xB0,0x64,0x12,0xFF,0xB0,0x64,0x12,0xFF,0xB0,0x64,0x12,0xFF,
    0xB0,0x64,0x12,0xFF,0xB0,0x64,0x12,0xFF,0xB0,0x64,0x12,0xFF,0xB0,0x64,0x12,0xFF,0xB0,0x64,0x12,0xFF,0xB0,0x64,0x12,0xFF,0xB0,0x64,0x12,0xFF,0xB0,0x64,0x12,0xFF,0xB0,0x64,0x12,0xFF,0xB0,0x64,0x12,0xFF,0xB0,0x64,0x12,0xFF,0xB0,0x64,0x12,0xFF,0xB0,0x64,0x12,0xFF,0xB0,0x64,0x12,0xFF,0xB0,0x64,0x12,0xFF,0xB0,0x64,0x12,0xFF,
    0xB0,0x64,0x12,0xFF,0xB0,0x64,0x12,0xFF,0xB0,0x64,0x12,0xFF,0xB0,0x64,0x12,0xFF,0xB0,0x64,0x12,0xFF,0xB0,0x64,0x12,0xFF,0xB0,0x64,0x12,0xFF,0xB0,0x64,0x12,0xFF,0xB0,0x64,0x12,0xFF,0xB0,0x64,0x12,0xFF,0xB0,0x64,0x12,0xFF,0xB0,0x64,0x12,0xFF,0xB0,0x64,0x12,0xFF,0xB0,0x64,0x12,0xFF,0xB0,0x64,0x12,0xFF,0xB0,0x64,0x12,0xFF,
    0xB0,0x64,0x12,0xFF,0xB0,0x64,0x12,0xFF,0xB0,0x64,0x12,0xFF,0xB0,0x64,0x12,0xFF,0xB0,0x64,0x12,0xFF,0xB0,0x64,0x12,0xFF,0xB0,0x64,0x12,0xFF,0xB0,0x64,0x12,0xFF,0xB0,0x64,0x12,0xFF,0xB0,0x64,0x12,0xFF,0xB0,0x64,0x12,0xFF,0xB0,0x64,0x12,0xFF,0xB0,0x64,0x12,0xFF,0xB0,0x64,0x12,0xFF,0xB0,0x64,0x12,0xFF,0xB0,0x64,0x12,0xFF,
    0xB0,0x64,0x12,0xFF,0xB0,0x64,0x12,0xFF,0xB0,0x64,0x12,0xFF,0xB0,0x64,0x12,0xFF,0xB0,0x64,0x12,0xFF,0xB0,0x64,0x12,0xFF,0xB0,0x64,0x12,0xFF,0xB0,0x64,0x12,0xFF,0xB0,0x64,0x12,0xFF,0xB0,0x64,0x12,0xFF,0xB0,0x64,0x12,0xFF,0xB0,0x64,0x12,0xFF,0xB0,0x64,0x12,0xFF,0xB0,0x64,0x12,0xFF,0xB0,0x64,0x12,0xFF,0xB0,0x64,0x12,0xFF,
    0xB0,0x64,0x12,0xFF,0xB0,0x64,0x12,0xFF,0xB0,0x64,0x12,0xFF,0xB0,0x64,0x12,0xFF,0xB0,0x64,0x12,0xFF,0xB0,0x64,0x12,0xFF,0xB0,0x64,0x12,0xFF,0xB0,0x64,0x12,0xFF,0xB0,0x64,0x12,0xFF,0xB0,0x64,0x12,0xFF,0xB0,0x64,0x12,0xFF,0xB0,0x64,0x12,0xFF,0xB0,0x64,0x12,0xFF,0xB0,0x64,0x12,0xFF,0xB0,0x64,0x12,0xFF,0xB0,0x64,0x12,0xFF,
    0xB0,0x64,0x12,0xFF,0xB0,0x64,0x12,0xFF,0xB0,0x64,0x12,0xFF,0xB0,0x64,0x12,0xFF,0xB0,0x64,0x12,0xFF,0xB0,0x64,0x12,0xFF,0xB0,0x64,0x12,0xFF,0xB0,0x64,0x12,0xFF,0xB0,0x64,0x12,0xFF,0xB0,0x64,0x12,0xFF,0xB0,0x64,0x12,0xFF,0xB0,0x64,0x12,0xFF,0xB0,0x64,0x12,0xFF,0xB0,0x64,0x12,0xFF,0xB0,0x64,0x12,0xFF,0xB0,0x64,0x12,0xFF,
    0xB0,0x64,0x12,0xFF,0xB0,0x64,0x12,0xFF,0xB0,0x64,0x12,0xFF,0xB0,0x64,0x12,0xFF,0xB0,0x64,0x12,0xFF,0xB0,0x64,0x12,0xFF,0xB0,0x64,0x12,0xFF,0xB0,0x64,0x12,0xFF,0xB0,0x64,0x12,0xFF,0xB0,0x64,0x12,0xFF,0xB0,0x64,0x12,0xFF,0xB0,0x64,0x12,0xFF,0xB0,0x64,0x12,0xFF,0xB0,0x64,0x12,0xFF,0xB0,0x64,0x12,0xFF,0xB0,0x64,0x12,0xFF,
    0xB0,0x64,0x12,0xFF,0xB0,0x64,0x12,0xFF,0xB0,0x64,0x12,0xFF,0xB0,0x64,0x12,0xFF,0xB0,0x64,0x12,0xFF,0xB0,0x64,0x12,0xFF,0xB0,0x64,0x12,0xFF,0xB0,0x64,0x12,0xFF,0xB0,0x64,0x12,0xFF,0xB0,0x64,0x12,0xFF,0xB0,0x64,0x12,0xFF,0xB0,0x64,0x12,0xFF,0xB0,0x64,0x12,0xFF,0xB0,0x64,0x12,0xFF,0xB0,0x64,0x12,0xFF,0xB0,0x64,0x12,0xFF,
    0xB0,0x64,0x12,0xFF,0xB0,0x64,0x12,0xFF,0xB0,0x64,0x12,0xFF,0xB0,0x64,0x12,0xFF,0xB0,0x64,0x12,0xFF,0xB0,0x64,0x12,0xFF,0xB0,0x64,0x12,0xFF,0xB0,0x64,0x12,0xFF,0xB0,0x64,0x12,0xFF,0xB0,0x64,0x12,0xFF,0xB0,0x64,0x12,0xFF,0xB0,0x64,0x12,0xFF,0xB0,0x64,0x12,0xFF,0xB0,0x64,0x12,0xFF,0xB0,0x64,0x12,0xFF,0xB0,0x64,0x12,0xFF,
    0xB0,0x64,0x12,0xFF,0xB0,0x64,0x12,0xFF,0xB0,0x64,0x12,0xFF,0xB0,0x64,0x12,0xFF,0xB0,0x64,0x12,0xFF,0xB0,0x64,0x12,0xFF,0xB0,0x64,0x12,0xFF,0xB0,0x64,0x12,0xFF,0xB0,0x64,0x12,0xFF,0xB0,0x64,0x12,0xFF,0xB0,0x64,0x12,0xFF,0xB0,0x64,0x12,0xFF,0xB0,0x64,0x12,0xFF,0xB0,0x64,0x12,0xFF,0xB0,0x64,0x12,0xFF,0xB0,0x64,0x12,0xFF,
    0xB0,0x64,0x12,0xFF,0xB0,0x64,0x12,0xFF,0xB0,0x64,0x12,0xFF,0xB0,0x64,0x12,0xFF,0xB0,0x64,0x12,0xFF,0xB0,0x64,0x12,0xFF,0xB0,0x64,0x12,0xFF,0xB0,0x64,0x12,0xFF,0xB0,0x64,0x12,0xFF,0xB0,0x64,0x12,0xFF,0xB0,0x64,0x12,0xFF,0xB0,0x64,0x12,0xFF,0xB0,0x64,0x12,0xFF,0xB0,0x64,0x12,0xFF,0xB0,0x64,0x12,0xFF,0xB0,0x64,0x12,0xFF,
    0xB0,0x64,0x12,0xFF,0xB0,0x64,0x12,0xFF,0xB0,0x64,0x12,0xFF,0xB0,0x64,0x12,0xFF,0xB0,0x64,0x12,0xFF,0xB0,0x64,0x12,0xFF,0xB0,0x64,0x12,0xFF,0xB0,0x64,0x12,0xFF,0xB0,0x64,0x12,0xFF,0xB0,0x64,0x12,0xFF,0xB0,0x64,0x12,0xFF,0xB0,0x64,0x12,0xFF,0xB0,0x64,0x12,0xFF,0xB0,0x64,0x12,0xFF,0xB0,0x64,0x12,0xFF,0xB0,0x64,0x12,0xFF,
    0xB0,0x64,0x12,0xFF,0xB0,0x64,0x12,0xFF,0xB0,0x64,0x12,0xFF,0xB0,0x64,0x12,0xFF,0xB0,0x64,0x12,0xFF,0xB0,0x64,0x12,0xFF,0xB0,0x64,0x12,0xFF,0xB0,0x64,0x12,0xFF,0xB0,0x64,0x12,0xFF,0xB0,0x64,0x12,0xFF,0xB0,0x64,0x12,0xFF,0xB0,0x64,0x12,0xFF,0xB0,0x64,0x12,0xFF,0xB0,0x64,0x12,0xFF,0xB0,0x64,0x12,0xFF,0xB0,0x64,0x12,0xFF,
    0xB0,0x64,0x12,0xFF,0xB0,0x64,0x12,0xFF,0xB0,0x64,0x12,0xFF,0xB0,0x64,0x12,0xFF,0xB0,0x64,0x12,0xFF,0xB0,0x64,0x12,0xFF,0xB0,0x64,0x12,0xFF,0xB0,0x64,0x12,0xFF,0xB0,0x64,0x12,0xFF,0xB0,0x64,0x12,0xFF,0xB0,0x64,0x12,0xFF,0xB0,0x64,0x12,0xFF,0xB0,0x64,0x12,0xFF,0xB0,0x64,0x12,0xFF,0xB0,0x64,0x12,0xFF,0xB0,0x64,0x12,0xFF,
    0xB0,0x64,0x12,0xFF,0xB0,0x64,0x12,0xFF,0xB0,0x64,0x12,0xFF,0xB0,0x64,0x12,0xFF,0xB0,0x64,0x12,0xFF,0xB0,0x64,0x12,0xFF,0xB0,0x64,0x12,0xFF,0xB0,0x64,0x12,0xFF,0xB0,0x64,0x12,0xFF,0xB0,0x64,0x12,0xFF,0xB0,0x64,0x12,0xFF,0xB0,0x64,0x12,0xFF,0xB0,0x64,0x12,0xFF,0xB0,0x64,0x12,0xFF,0xB0,0x64,0x12,0xFF,0xB0,0x64,0x12,0xFF,
    0xB0,0x64,0x12,0xFF,0xB0,0x64,0x12,0xFF,0xB0,0x64,0x12,0xFF,0xB0,0x64,0x12,0xFF,0xB0,0x64,0x12,0xFF,0xB0,0x64,0x12,0xFF,0xB0,0x64,0x12,0xFF,0xB0,0x64,0x12,0xFF,0xB0,0x64,0x12,0xFF,0xB0,0x64,0x12,0xFF,0xB0,0x64,0x12,0xFF,0xB0,0x64,0x12,0xFF,0xB0,0x64,0x12,0xFF,0xB0,0x64,0x12,0xFF,0xB0,0x64,0x12,0xFF,0xB0,0x64,0x12,0xFF,
    0xB0,0x64,0x12,0xFF,0xB0,0x64,0x12,0xFF,0xB0,0x64,0x12,0xFF,0xB0,0x64,0x12,0xFF,0xB0,0x64,0x12,0xFF,0xB0,0x64,0x12,0xFF,0xB0,0x64,0x12,0xFF,0xB0,0x64,0x12,0xFF,0xB0,0x64,0x12,0xFF,0xB0,0x64,0x12,0xFF,0xB0,0x64,0x12,0xFF,0xB0,0x64,0x12,0xFF,0xB0,0x64,0x12,0xFF,0xB0,0x64,0x12,0xFF,0xB0,0x64,0x12,0xFF,0xB0,0x64,0x12,0xFF,
    0xB0,0x64,0x12,0xFF,0xB0,0x64,0x12,0xFF,0xB0,0x64,0x12,0xFF,0xB0,0x64,0x12,0xFF,0xB0,0x64,0x12,0xFF,0xB0,0x64,0x12,0xFF,0xB0,0x64,0x12,0xFF,0xB0,0x64,0x12,0xFF,0xB0,0x64,0x12,0xFF,0xB0,0x64,0x12,0xFF,0xB0,0x64,0x12,0xFF,0xB0,0x64,0x12,0xFF,0xB0,0x64,0x12,0xFF,0xB0,0x64,0x12,0xFF,0xB0,0x64,0x12,0xFF,0xB0,0x64,0x12,0xFF,
    0xB0,0x64,0x12,0xFF,0xB0,0x64,0x12,0xFF,0xB0,0x64,0x12,0xFF,0xB0,0x64,0x12,0xFF,0xB0,0x64,0x12,0xFF,0xB0,0x64,0x12,0xFF,0xB0,0x64,0x12,0xFF,0xB0,0x64,0x12,0xFF,0xB0,0x64,0x12,0xFF,0xB0,0x64,0x12,0xFF,0xB0,0x64,0x12,0xFF,0xB0,0x64,0x12,0xFF,0xB0,0x64,0x12,0xFF,0xB0,0x64,0x12,0xFF,0xB0,0x64,0x12,0xFF,0xB0,0x64,0x12,0xFF,
    0xB0,0x64,0x12,0xFF,0xB0,0x64,0x12,0xFF,0xB0,0x64,0x12,0xFF,0xB0,0x64,0x12,0xFF,0xB0,0x64,0x12,0xFF,0xB0,0x64,0x12,0xFF,0xB0,0x64,0x12,0xFF,0xB0,0x64,0x12,0xFF,0xB0,0x64,0x12,0xFF,0xB0,0x64,0x12,0xFF,0xB0,0x64,0x12,0xFF,0xB0,0x64,0x12,0xFF,0xB0,0x64,0x12,0xFF,0xB0,0x64,0x12,0xFF,0xB0,0x64,0x12,0xFF,0xB0,0x64,0x12,0xFF,
    0xB0,0x64,0x12,0xFF,0xB0,0x64,0x12,0xFF,0xB0,0x64,0x12,0xFF,0xB0,0x64,0x12,0xFF,0xB0,0x64,0x12,0xFF,0xB0,0x64,0x12,0xFF,0xB0,0x64,0x12,0xFF,0xB0,0x64,0x12,0xFF,0xB0,0x64,0x12,0xFF,0xB0,0x64,0x12,0xFF,0xB0,0x64,0x12,0xFF,0xB0,0x64,0x12,0xFF,0xB0,0x64,0x12,0xFF,0xB0,0x64,0x12,0xFF,0xB0,0x64,0x12,0xFF,0xB0,0x64,0x12,0xFF,
    0xB0,0x64,0x12,0xFF,0xB0,0x64,0x12,0xFF,0xB0,0x64,0x12,0xFF,0xB0,0x64,0x12,0xFF,0xB0,0x64,0x12,0xFF,0xB0,0x64,0x12,0xFF,0xB0,0x64,0x12,0xFF,0xB0,0x64,0x12,0xFF,0xB0,0x64,0x12,0xFF,0xB0,0x64,0x12,0xFF,0xB0,0x64,0x12,0xFF,0xB0,0x64,0x12,0xFF,0xB0,0x64,0x12,0xFF,0xB0,0x64,0x12,0xFF,0xB0,0x64,0x12,0xFF,0xB0,0x64,0x12,0xFF,
    0xB0,0x64,0x12,0xFF,0xB0,0x64,0x12,0xFF,0xB0,0x64,0x12,0xFF,0xB0,0x64,0x12,0xFF,0xB0,0x64,0x12,0xFF,0xB0,0x64,0x12,0xFF,0xB0,0x64,0x12,0xFF,0xB0,0x64,0x12,0xFF,0xB0,0x64,0x12,0xFF,0xB0,0x64,0x12,0xFF,0xB0,0x64,0x12,0xFF,0xB0,0x64,0x12,0xFF,0xB0,0x64,0x12,0xFF,0xB0,0x64,0x12,0xFF,0xB0,0x64,0x12,0xFF,0xB0,0x64,0x12,0xFF,
    0xB0,0x64,0x12,0xFF,0xB0,0x64,0x12,0xFF,0xB0,0x64,0x12,0xFF,0xB0,0x64,0x12,0xFF,0xB0,0x64,0x12,0xFF,0xB0,0x64,0x12,0xFF,0xB0,0x64,0x12,0xFF,0xB0,0x64,0x12,0xFF,0xB0,0x64,0x12,0xFF,0xB0,0x64,0x12,0xFF,0xB0,0x64,0x12,0xFF,0xB0,0x64,0x12,0xFF,0xB0,0x64,0x12,0xFF,0xB0,0x64,0x12,0xFF,0xB0,0x64,0x12,0xFF,0xB0,0x64,0x12,0xFF,
    0xB0,0x64,0x12,0xFF,0xB0,0x64,0x12,0xFF,0xB0,0x64,0x12,0xFF,0xB0,0x64,0x12,0xFF,0xB0,0x64,0x12,0xFF,0xB0,0x64,0x12,0xFF,0xB0,0x64,0x12,0xFF,0xB0,0x64,0x12,0xFF,0xB0,0x64,0x12,0xFF,0xB0,0x64,0x12,0xFF,0xB0,0x64,0x12,0xFF,0xB0,0x64,0x12,0xFF,0xB0,0x64,0x12,0xFF,0xB0,0x64,0x12,0xFF,0xB0,0x64,0x12,0xFF,0xB0,0x64,0x12,0xFF,
    0xB0,0x64,0x12,0xFF,0xB0,0x64,0x12,0xFF,0xB0,0x64,0x12,0xFF,0xB0,0x64,0x12,0xFF,0xB0,0x64,0x12,0xFF,0xB0,0x64,0x12,0xFF,0xB0,0x64,0x12,0xFF,0xB0,0x64,0x12,0xFF,0xB0,0x64,0x12,0xFF,0xB0,0x64,0x12,0xFF,0xB0,0x64,0x12,0xFF,0xB0,0x64,0x12,0xFF,0xB0,0x64,0x12,0xFF,0xB0,0x64,0x12,0xFF,0xB0,0x64,0x12,0xFF,0xB0,0x64,0x12,0xFF,
    0xB0,0x64,0x12,0xFF,0xB0,0x64,0x12,0xFF,0xB0,0x64,0x12,0xFF,0xB0,0x64,0x12,0xFF,0xB0,0x64,0x12,0xFF,0xB0,0x64,0x12,0xFF,0xB0,0x64,0x12,0xFF,0xB0,0x64,0x12,0xFF,0xB0,0x64,0x12,0xFF,0xB0,0x64,0x12,0xFF,0xB0,0x64,0x12,0xFF,0xB0,0x64,0x12,0xFF,0xB0,0x64,0x12,0xFF,0xB0,0x64,0x12,0xFF,0xB0,0x64,0x12,0xFF,0xB0,0x64,0x12,0xFF,
    0xB0,0x64,0x12,0xFF,0xB0,0x64,0x12,0xFF,0xB0,0x64,0x12,0xFF,0xB0,0x64,0x12,0xFF,0xB0,0x64,0x12,0xFF,0xB0,0x64,0x12,0xFF,0xB0,0x64,0x12,0xFF,0xB0,0x64,0x12,0xFF,0xB0,0x64,0x12,0xFF,0xB0,0x64,0x12,0xFF,0xB0,0x64,0x12,0xFF,0xB0,0x64,0x12,0xFF,0xB0,0x64,0x12,0xFF,0xB0,0x64,0x12,0xFF,0xB0,0x64,0x12,0xFF,0xB0,0x64,0x12,0xFF,
    0xB0,0x64,0x12,0xFF,0xB0,0x64,0x12,0xFF,0xB0,0x64,0x12,0xFF,0xB0,0x64,0x12,0xFF,0xB0,0x64,0x12,0xFF,0xB0,0x64,0x12,0xFF,0xB0,0x64,0x12,0xFF,0xB0,0x64,0x12,0xFF,0xB0,0x64,0x12,0xFF,0xB0,0x64,0x12,0xFF,0xB0,0x64,0x12,0xFF,0xB0,0x64,0x12,0xFF,0xB0,0x64,0x12,0xFF,0xB0,0x64,0x12,0xFF,0xB0,0x64,0x12,0xFF,0xB0,0x64,0x12,0xFF,
    0xB0,0x64,0x12,0xFF,0xB0,0x64,0x12,0xFF,0xB0,0x64,0x12,0xFF,0xB0,0x64,0x12,0xFF,0xB0,0x64,0x12,0xFF,0xB0,0x64,0x12,0xFF,0xB0,0x64,0x12,0xFF,0xB0,0x64,0x12,0xFF,0xB0,0x64,0x12,0xFF,0xB0,0x64,0x12,0xFF,0xB0,0x64,0x12,0xFF,0xB0,0x64,0x12,0xFF,0xB0,0x64,0x12,0xFF,0xB0,0x64,0x12,0xFF,0xB0,0x64,0x12,0xFF,0xB0,0x64,0x12,0xFF,
    0xB0,0x64,0x12,0xFF,0xB0,0x64,0x12,0xFF,0xB0,0x64,0x12,0xFF,0xB0,0x64,0x12,0xFF,0xB0,0x64,0x12,0xFF,0xB0,0x64,0x12,0xFF,0xB0,0x64,0x12,0xFF,0xB0,0x64,0x12,0xFF,0xB0,0x64,0x12,0xFF,0xB0,0x64,0x12,0xFF,0xB0,0x64,0x12,0xFF,0xB0,0x64,0x12,0xFF,0xB0,0x64,0x12,0xFF,0xB0,0x64,0x12,0xFF,0xB0,0x64,0x12,0xFF,0xB0,0x64,0x12,0xFF,
    0xB0,0x64,0x12,0xFF,0xB0,0x64,0x12,0xFF,0xB0,0x64,0x12,0xFF,0xB0,0x64,0x12,0xFF,0xB0,0x64,0x12,0xFF,0xB0,0x64,0x12,0xFF,0xB0,0x64,0x12,0xFF,0xB0,0x64,0x12,0xFF,0xB0,0x64,0x12,0xFF,0xB0,0x64,0x12,0xFF,0xB0,0x64,0x12,0xFF,0xB0,0x64,0x12,0xFF,0xB0,0x64,0x12,0xFF,0xB0,0x64,0x12,0xFF,0xB0,0x64,0x12,0xFF,0xB0,0x64,0x12,0xFF,
    0xB0,0x64,0x12,0xFF,0xB0,0x64,0x12,0xFF,0xB0,0x64,0x12,0xFF,0xB0,0x64,0x12,0xFF,0xB0,0x64,0x12,0xFF,0xB0,0x64,0x12,0xFF,0xB0,0x64,0x12,0xFF,0xB0,0x64,0x12,0xFF,0xB0,0x64,0x12,0xFF,0xB0,0x64,0x12,0xFF,0xB0,0x64,0x12,0xFF,0xB0,0x64,0x12,0xFF,0xB0,0x64,0x12,0xFF,0xB0,0x64,0x12,0xFF,0xB0,0x64,0x12,0xFF,0xB0,0x64,0x12,0xFF,
    0xB0,0x64,0x12,0xFF,0xB0,0x64,0x12,0xFF,0xB0,0x64,0x12,0xFF,0xB0,0x64,0x12,0xFF,0xB0,0x64,0x12,0xFF,0xB0,0x64,0x12,0xFF,0xB0,0x64,0x12,0xFF,0xB0,0x64,0x12,0xFF,0xB0,0x64,0x12,0xFF,0xB0,0x64,0x12,0xFF,0xB0,0x64,0x12,0xFF,0xB0,0x64,0x12,0xFF,0xB0,0x64,0x12,0xFF,0xB0,0x64,0x12,0xFF,0xB0,0x64,0x12,0xFF,0xB0,0x64,0x12,0xFF,
    0xB0,0x64,0x12,0xFF,0xB0,0x64,0x12,0xFF,0xB0,0x64,0x12,0xFF,0xB0,0x64,0x12,0xFF,0xB0,0x64,0x12,0xFF,0xB0,0x64,0x12,0xFF,0xB0,0x64,0x12,0xFF,0xB0,0x64,0x12,0xFF,0xB0,0x64,0x12,0xFF,0xB0,0x64,0x12,0xFF,0xB0,0x64,0x12,0xFF,0xB0,0x64,0x12,0xFF,0xB0,0x64,0x12,0xFF,0xB0,0x64,0x12,0xFF,0xB0,0x64,0x12,0xFF,0xB0,0x64,0x12,0xFF,
    0xB0,0x64,0x12,0xFF,0xB0,0x64,0x12,0xFF,0xB0,0x64,0x12,0xFF,0xB0,0x64,0x12,0xFF,0xB0,0x64,0x12,0xFF,0xB0,0x64,0x12,0xFF,0xB0,0x64,0x12,0xFF,0xB0,0x64,0x12,0xFF,0xB0,0x64,0x12,0xFF,0xB0,0x64,0x12,0xFF,0xB0,0x64,0x12,0xFF,0xB0,0x64,0x12,0xFF,0xB0,0x64,0x12,0xFF,0xB0,0x64,0x12,0xFF,0xB0,0x64,0x12,0xFF,0xB0,0x64,0x12,0xFF,
    0xB0,0x64,0x12,0xFF,0xB0,0x64,0x12,0xFF,0xB0,0x64,0x12,0xFF,0xB0,0x64,0x12,0xFF,0xB0,0x64,0x12,0xFF,0xB0,0x64,0x12,0xFF,0xB0,0x64,0x12,0xFF,0xB0,0x64,0x12,0xFF,0xB0,0x64,0x12,0xFF,0xB0,0x64,0x12,0xFF,0xB0,0x64,0x12,0xFF,0xB0,0x64,0x12,0xFF,0xB0,0x64,0x12,0xFF,0xB0,0x64,0x12,0xFF,0xB0,0x64,0x12,0xFF,0xB0,0x64,0x12,0xFF,
    0xB0,0x64,0x12,0xFF,0xB0,0x64,0x12,0xFF,0xB0,0x64,0x12,0xFF,0xB0,0x64,0x12,0xFF,0xB0,0x64,0x12,0xFF,0xB0,0x64,0x12,0xFF,0xB0,0x64,0x12,0xFF,0xB0,0x64,0x12,0xFF,0xB0,0x64,0x12,0xFF,0xB0,0x64,0x12,0xFF,0xB0,0x64,0x12,0xFF,0xB0,0x64,0x12,0xFF,0xB0,0x64,0x12,0xFF,0xB0,0x64,0x12,0xFF,0xB0,0x64,0x12,0xFF,0xB0,0x64,0x12,0xFF,
    0xB0,0x64,0x12,0xFF,0xB0,0x64,0x12,0xFF,0xB0,0x64,0x12,0xFF,0xB0,0x64,0x12,0xFF,0xB0,0x64,0x12,0xFF,0xB0,0x64,0x12,0xFF,0xB0,0x64,0x12,0xFF,0xB0,0x64,0x12,0xFF,0xB0,0x64,0x12,0xFF,0xB0,0x64,0x12,0xFF,0xB0,0x64,0x12,0xFF,0xB0,0x64,0x12,0xFF,0xB0,0x64,0x12,0xFF,0xB0,0x64,0x12,0xFF,0xB0,0x64,0x12,0xFF,0xB0,0x64,0x12,0xFF,
    0xB0,0x64,0x12,0xFF,0xB0,0x64,0x12,0xFF,0xB0,0x64,0x12,0xFF,0xB0,0x64,0x12,0xFF,0xB0,0x64,0x12,0xFF,0xB0,0x64,0x12,0xFF,0xB0,0x64,0x12,0xFF,0xB0,0x64,0x12,0xFF,0xB0,0x64,0x12,0xFF,0xB0,0x64,0x12,0xFF,0xB0,0x64,0x12,0xFF,0xB0,0x64,0x12,0xFF,0xB0,0x64,0x12,0xFF,0xB0,0x64,0x12,0xFF,0xB0,0x64,0x12,0xFF,0xB0,0x64,0x12,0xFF,
    0xB0,0x64,0x12,0xFF,0xB0,0x64,0x12,0xFF,0xB0,0x64,0x12,0xFF,0xB0,0x64,0x12,0xFF,0xB0,0x64,0x12,0xFF,0xB0,0x64,0x12,0xFF,0xB0,0x64,0x12,0xFF,0xB0,0x64,0x12,0xFF,0xB0,0x64,0x12,0xFF,0xB0,0x64,0x12,0xFF,0xB0,0x64,0x12,0xFF,0xB0,0x64,0x12,0xFF,0xB0,0x64,0x12,0xFF,0xB0,0x64,0x12,0xFF,0xB0,0x64,0x12,0xFF,0xB0,0x64,0x12,0xFF,
    0xB0,0x64,0x12,0xFF,0xB0,0x64,0x12,0xFF,0xB0,0x64,0x12,0xFF,0xB0,0x64,0x12,0xFF,0xB0,0x64,0x12,0xFF,0xB0,0x64,0x12,0xFF,0xB0,0x64,0x12,0xFF,0xB0,0x64,0x12,0xFF,0xB0,0x64,0x12,0xFF,0xB0,0x64,0x12,0xFF,0xB0,0x64,0x12,0xFF,0xB0,0x64,0x12,0xFF,0xB0,0x64,0x12,0xFF,0xB0,0x64,0x12,0xFF,0xB0,0x64,0x12,0xFF,0xB0,0x64,0x12,0xFF,
    0xB0,0x64,0x12,0xFF,0xB0,0x64,0x12,0xFF,0xB0,0x64,0x12,0xFF,0xB0,0x64,0x12,0xFF,0xB0,0x64,0x12,0xFF,0xB0,0x64,0x12,0xFF,0xB0,0x64,0x12,0xFF,0xB0,0x64,0x12,0xFF,0xB0,0x64,0x12,0xFF,0xB0,0x64,0x12,0xFF,0xB0,0x64,0x12,0xFF,0xB0,0x64,0x12,0xFF,0xB0,0x64,0x12,0xFF,0xB0,0x64,0x12,0xFF,0xB0,0x64,0x12,0xFF,0xB0,0x64,0x12,0xFF,
    0xB0,0x64,0x12,0xFF,0xB0,0x64,0x12,0xFF,0xB0,0x64,0x12,0xFF,0xB0,0x64,0x12,0xFF,0xB0,0x64,0x12,0xFF,0xB0,0x64,0x12,0xFF,0xB0,0x64,0x12,0xFF,0xB0,0x64,0x12,0xFF,0xB0,0x64,0x12,0xFF,0xB0,0x64,0x12,0xFF,0xB0,0x64,0x12,0xFF,0xB0,0x64,0x12,0xFF,0xB0,0x64,0x12,0xFF,0xB0,0x64,0x12,0xFF,0xB0,0x64,0x12,0xFF,0xB0,0x64,0x12,0xFF,
    0xB0,0x64,0x12,0xFF,0xB0,0x64,0x12,0xFF,0xB0,0x64,0x12,0xFF,0xB0,0x64,0x12,0xFF,0xB0,0x64,0x12,0xFF,0xB0,0x64,0x12,0xFF,0xB0,0x64,0x12,0xFF,0xB0,0x64,0x12,0xFF,0xB0,0x64,0x12,0xFF,0xB0,0x64,0x12,0xFF,0xB0,0x64,0x12,0xFF,0xB0,0x64,0x12,0xFF,0xB0,0x64,0x12,0xFF,0xB0,0x64,0x12,0xFF,0xB0,0x64,0x12,0xFF,0xB0,0x64,0x12,0xFF,
    0xB0,0x64,0x12,0xFF,0xB0,0x64,0x12,0xFF,0xB0,0x64,0x12,0xFF,0xB0,0x64,0x12,0xFF,0xB0,0x64,0x12,0xFF,0xB0,0x64,0x12,0xFF,0xB0,0x64,0x12,0xFF,0xB0,0x64,0x12,0xFF,0xB0,0x64,0x12,0xFF,0xB0,0x64,0x12,0xFF,0xB0,0x64,0x12,0xFF,0xB0,0x64,0x12,0xFF,0xB0,0x64,0x12,0xFF,0xB0,0x64,0x12,0xFF,0xB0,0x64,0x12,0xFF,0xB0,0x64,0x12,0xFF,
    0xB0,0x64,0x12,0xFF,0xB0,0x64,0x12,0xFF,0xB0,0x64,0x12,0xFF,0xB0,0x64,0x12,0xFF,0xB0,0x64,0x12,0xFF,0xB0,0x64,0x12,0xFF,0xB0,0x64,0x12,0xFF,0xB0,0x64,0x12,0xFF,0xB0,0x64,0x12,0xFF,0xB0,0x64,0x12,0xFF,0xB0,0x64,0x12,0xFF,0xB0,0x64,0x12,0xFF,0xB0,0x64,0x12,0xFF,0xB0,0x64,0x12,0xFF,0xB0,0x64,0x12,0xFF,0xB0,0x64,0x12,0xFF,
    0xB0,0x64,0x12,0xFF,0xB0,0x64,0x12,0xFF,0xB0,0x64,0x12,0xFF,0xB0,0x64,0x12,0xFF,0xB0,0x64,0x12,0xFF,0xB0,0x64,0x12,0xFF,0xB0,0x64,0x12,0xFF,0xB0,0x64,0x12,0xFF,0xB0,0x64,0x12,0xFF,0xB0,0x64,0x12,0xFF,0xB0,0x64,0x12,0xFF,0xB0,0x64,0x12,0xFF,0xB0,0x64,0x12,0xFF,0xB0,0x64,0x12,0xFF,0xB0,0x64,0x12,0xFF,0xB0,0x64,0x12,0xFF,
    0xB0,0x64,0x12,0xFF,0xB0,0x64,0x12,0xFF,0xB0,0x64,0x12,0xFF,0xB0,0x64,0x12,0xFF,0xB0,0x64,0x12,0xFF,0xB0,0x64,0x12,0xFF,0xB0,0x64,0x12,0xFF,0xB0,0x64,0x12,0xFF,0xB0,0x64,0x12,0xFF,0xB0,0x64,0x12,0xFF,0xB0,0x64,0x12,0xFF,0xB0,0x64,0x12,0xFF,0xB0,0x64,0x12,0xFF,0xB0,0x64,0x12,0xFF,0xB0,0x64,0x12,0xFF,0xB0,0x64,0x12,0xFF,
    0xB0,0x64,0x12,0xFF,0xB0,0x64,0x12,0xFF,0xB0,0x64,0x12,0xFF,0xB0,0x64,0x12,0xFF,0xB0,0x64,0x12,0xFF,0xB0,0x64,0x12,0xFF,0xB0,0x64,0x12,0xFF,0xB0,0x64,0x12,0xFF,0xB0,0x64,0x12,0xFF,0xB0,0x64,0x12,0xFF,0xB0,0x64,0x12,0xFF,0xB0,0x64,0x12,0xFF,0xB0,0x64,0x12,0xFF,0xB0,0x64,0x12,0xFF,0xB0,0x64,0x12,0xFF,0xB0,0x64,0x12,0xFF,
    0xB0,0x64,0x12,0xFF,0xB0,0x64,0x12,0xFF,0xB0,0x64,0x12,0xFF,0xB0,0x64,0x12,0xFF,0xB0,0x64,0x12,0xFF,0xB0,0x64,0x12,0xFF,0xB0,0x64,0x12,0xFF,0xB0,0x64,0x12,0xFF,0xB0,0x64,0x12,0xFF,0xB0,0x64,0x12,0xFF,0xB0,0x64,0x12,0xFF,0xB0,0x64,0x12,0xFF,0xB0,0x64,0x12,0xFF,0xB0,0x64,0x12,0xFF,0xB0,0x64,0x12,0xFF,0xB0,0x64,0x12,0xFF,
    0xB0,0x64,0x12,0xFF,0xB0,0x64,0x12,0xFF,0xB0,0x64,0x12,0xFF,0xB0,0x64,0x12,0xFF,0xB0,0x64,0x12,0xFF,0xB0,0x64,0x12,0xFF,0xB0,0x64,0x12,0xFF,0xB0,0x64,0x12,0xFF,0xB0,0x64,0x12,0xFF,0xB0,0x64,0x12,0xFF,0xB0,0x64,0x12,0xFF,0xB0,0x64,0x12,0xFF,0xB0,0x64,0x12,0xFF,0xB0,0x64,0x12,0xFF,0xB0,0x64,0x12,0xFF,0xB0,0x64,0x12,0xFF,
    0xB0,0x64,0x12,0xFF,0xB0,0x64,0x12,0xFF,0xB0,0x64,0x12,0xFF,0xB0,0x64,0x12,0xFF,0xB0,0x64,0x12,0xFF,0xB0,0x64,0x12,0xFF,0xB0,0x64,0x12,0xFF,0xB0,0x64,0x12,0xFF,0xB0,0x64,0x12,0xFF,0xB0,0x64,0x12,0xFF,0xB0,0x64,0x12,0xFF,0xB0,0x64,0x12,0xFF,0xB0,0x64,0x12,0xFF,0xB0,0x64,0x12,0xFF,0xB0,0x64,0x12,0xFF,0xB0,0x64,0x12,0xFF,
    0xB0,0x64,0x12,0xFF,0xB0,0x64,0x12,0xFF,0xB0,0x64,0x12,0xFF,0xB0,0x64,0x12,0xFF,0xB0,0x64,0x12,0xFF,0xB0,0x64,0x12,0xFF,0xB0,0x64,0x12,0xFF,0xB0,0x64,0x12,0xFF,0xB0,0x64,0x12,0xFF,0xB0,0x64,0x12,0xFF,0xB0,0x64,0x12,0xFF,0xB0,0x64,0x12,0xFF,0xB0,0x64,0x12,0xFF,0xB0,0x64,0x12,0xFF,0xB0,0x64,0x12,0xFF,0xB0,0x64,0x12,0xFF,
    0xB0,0x64,0x12,0xFF,0xB0,0x64,0x12,0xFF,0xB0,0x64,0x12,0xFF,0xB0,0x64,0x12,0xFF,0xB0,0x64,0x12,0xFF,0xB0,0x64,0x12,0xFF,0xB0,0x64,0x12,0xFF,0xB0,0x64,0x12,0xFF,0xB0,0x64,0x12,0xFF,0xB0,0x64,0x12,0xFF,0xB0,0x64,0x12,0xFF,0xB0,0x64,0x12,0xFF,0xB0,0x64,0x12,0xFF,0xB0,0x64,0x12,0xFF,0xB0,0x64,0x12,0xFF,0xB0,0x64,0x12,0xFF,
    0xB0,0x64,0x12,0xFF,0xB0,0x64,0x12,0xFF,0xB0,0x64,0x12,0xFF,0xB0,0x64,0x12,0xFF,0xB0,0x64,0x12,0xFF,0xB0,0x64,0x12,0xFF,0xB0,0x64,0x12,0xFF,0xB0,0x64,0x12,0xFF,0xB0,0x64,0x12,0xFF,0xB0,0x64,0x12,0xFF,0xB0,0x64,0x12,0xFF,0xB0,0x64,0x12,0xFF,0xB0,0x64,0x12,0xFF,0xB0,0x64,0x12,0xFF,0xB0,0x64,0x12,0xFF,0xB0,0x64,0x12,0xFF,
    0xB0,0x64,0x12,0xFF,0xB0,0x64,0x12,0xFF,0xB0,0x64,0x12,0xFF,0xB0,0x64,0x12,0xFF,0xB0,0x64,0x12,0xFF,0xB0,0x64,0x12,0xFF,0xB0,0x64,0x12,0xFF,0xB0,0x64,0x12,0xFF,0xB0,0x64,0x12,0xFF,0xB0,0x64,0x12,0xFF,0xB0,0x64,0x12,0xFF,0xB0,0x64,0x12,0xFF,0xB0,0x64,0x12,0xFF,0xB0,0x64,0x12,0xFF,0xB0,0x64,0x12,0xFF,0xB0,0x64,0x12,0xFF,
    0xB0,0x64,0x12,0xFF,0xB0,0x64,0x12,0xFF,0xB0,0x64,0x12,0xFF,0xB0,0x64,0x12,0xFF,0xB0,0x64,0x12,0xFF,0xB0,0x64,0x12,0xFF,0xB0,0x64,0x12,0xFF,0xB0,0x64,0x12,0xFF,0xB0,0x64,0x12,0xFF,0xB0,0x64,0x12,0xFF,0xB0,0x64,0x12,0xFF,0xB0,0x64,0x12,0xFF,0xB0,0x64,0x12,0xFF,0xB0,0x64,0x12,0xFF,0xB0,0x64,0x12,0xFF,0xB0,0x64,0x12,0xFF,
    0xB0,0x64,0x12,0xFF,0xB0,0x64,0x12,0xFF,0xB0,0x64,0x12,0xFF,0xB0,0x64,0x12,0xFF,0xB0,0x64,0x12,0xFF,0xB0,0x64,0x12,0xFF,0xB0,0x64,0x12,0xFF,0xB0,0x64,0x12,0xFF,0xB0,0x64,0x12,0xFF,0xB0,0x64,0x12,0xFF,0xB0,0x64,0x12,0xFF,0xB0,0x64,0x12,0xFF,0xB0,0x64,0x12,0xFF,0xB0,0x64,0x12,0xFF,0xB0,0x64,0x12,0xFF,0xB0,0x64,0x12,0xFF,
    0xB0,0x64,0x12,0xFF,0xB0,0x64,0x12,0xFF,0xB0,0x64,0x12,0xFF,0xB0,0x64,0x12,0xFF,0xB0,0x64,0x12,0xFF,0xB0,0x64,0x12,0xFF,0xB0,0x64,0x12,0xFF,0xB0,0x64,0x12,0xFF,0xB0,0x64,0x12,0xFF,0xB0,0x64,0x12,0xFF,0xB0,0x64,0x12,0xFF,0xB0,0x64,0x12,0xFF,0xB0,0x64,0x12,0xFF,0xB0,0x64,0x12,0xFF,0xB0,0x64,0x12,0xFF,0xB0,0x64,0x12,0xFF,
    0xB0,0x64,0x12,0xFF,0xB0,0x64,0x12,0xFF,0xB0,0x64,0x12,0xFF,0xB0,0x64,0x12,0xFF,0xB0,0x64,0x12,0xFF,0xB0,0x64,0x12,0xFF,0xB0,0x64,0x12,0xFF,0xB0,0x64,0x12,0xFF,0xB0,0x64,0x12,0xFF,0xB0,0x64,0x12,0xFF,0xB0,0x64,0x12,0xFF,0xB0,0x64,0x12,0xFF,0xB0,0x64,0x12,0xFF,0xB0,0x64,0x12,0xFF,0xB0,0x64,0x12,0xFF,0xB0,0x64,0x12,0xFF,
    0xB0,0x64,0x12,0xFF,0xB0,0x64,0x12,0xFF,0xB0,0x64,0x12,0xFF,0xB0,0x64,0x12,0xFF,0xB0,0x64,0x12,0xFF,0xB0,0x64,0x12,0xFF,0xB0,0x64,0x12,0xFF,0xB0,0x64,0x12,0xFF,0xB0,0x64,0x12,0xFF,0xB0,0x64,0x12,0xFF,0xB0,0x64,0x12,0xFF,0xB0,0x64,0x12,0xFF,0xB0,0x64,0x12,0xFF,0xB0,0x64,0x12,0xFF,0xB0,0x64,0x12,0xFF,0xB0,0x64,0x12,0xFF,
    0xB0,0x64,0x12,0xFF,0xB0,0x64,0x12,0xFF,0xB0,0x64,0x12,0xFF,0xB0,0x64,0x12,0xFF,0xB0,0x64,0x12,0xFF,0xB0,0x64,0x12,0xFF,0xB0,0x64,0x12,0xFF,0xB0,0x64,0x12,0xFF,0xB0,0x64,0x12,0xFF,0xB0,0x64,0x12,0xFF,0xB0,0x64,0x12,0xFF,0xB0,0x64,0x12,0xFF,0xB0,0x64,0x12,0xFF,0xB0,0x64,0x12,0xFF,0xB0,0x64,0x12,0xFF,0xB0,0x64,0x12,0xFF,
    0xB0,0x64,0x12,0xFF,0xB0,0x64,0x12,0xFF,0xB0,0x64,0x12,0xFF,0xB0,0x64,0x12,0xFF,0xB0,0x64,0x12,0xFF,0xB0,0x64,0x12,0xFF,0xB0,0x64,0x12,0xFF,0xB0,0x64,0x12,0xFF,0xB0,0x64,0x12,0xFF,0xB0,0x64,0x12,0xFF,0xB0,0x64,0x12,0xFF,0xB0,0x64,0x12,0xFF,0xB0,0x64,0x12,0xFF,0xB0,0x64,0x12,0xFF,0xB0,0x64,0x12,0xFF,0xB0,0x64,0x12,0xFF,
    0xB0,0x64,0x12,0xFF,0xB0,0x64,0x12,0xFF,0xB0,0x64,0x12,0xFF,0xB0,0x64,0x12,0xFF,0xB0,0x64,0x12,0xFF,0xB0,0x64,0x12,0xFF,0xB0,0x64,0x12,0xFF,0xB0,0x64,0x12,0xFF,0xB0,0x64,0x12,0xFF,0xB0,0x64,0x12,0xFF,0xB0,0x64,0x12,0xFF,0xB0,0x64,0x12,0xFF,0xB0,0x64,0x12,0xFF,0xB0,0x64,0x12,0xFF,0xB0,0x64,0x12,0xFF,0xB0,0x64,0x12,0xFF,
    0xB0,0x64,0x12,0xFF,0xB0,0x64,0x12,0xFF,0xB0,0x64,0x12,0xFF,0xB0,0x64,0x12,0xFF,0xB0,0x64,0x12,0xFF,0xB0,0x64,0x12,0xFF,0xB0,0x64,0x12,0xFF,0xB0,0x64,0x12,0xFF,0xB0,0x64,0x12,0xFF,0xB0,0x64,0x12,0xFF,0xB0,0x64,0x12,0xFF,0xB0,0x64,0x12,0xFF,0xB0,0x64,0x12,0xFF,0xB0,0x64,0x12,0xFF,0xB0,0x64,0x12,0xFF,0xB0,0x64,0x12,0xFF,
    0xB0,0x64,0x12,0xFF,0xB0,0x64,0x12,0xFF,0xB0,0x64,0x12,0xFF,0xB0,0x64,0x12,0xFF,0xB0,0x64,0x12,0xFF,0xB0,0x64,0x12,0xFF,0xB0,0x64,0x12,0xFF,0xB0,0x64,0x12,0xFF,0xB0,0x64,0x12,0xFF,0xB0,0x64,0x12,0xFF,0xB0,0x64,0x12,0xFF,0xB0,0x64,0x12,0xFF,0xB0,0x64,0x12,0xFF,0xB0,0x64,0x12,0xFF,0xB0,0x64,0x12,0xFF,0xB0,0x64,0x12,0xFF,
    0xB0,0x64,0x12,0xFF,0xB0,0x64,0x12,0xFF,0xB0,0x64,0x12,0xFF,0xB0,0x64,0x12,0xFF,0xB0,0x64,0x12,0xFF,0xB0,0x64,0x12,0xFF,0xB0,0x64,0x12,0xFF,0xB0,0x64,0x12,0xFF,0xB0,0x64,0x12,0xFF,0xB0,0x64,0x12,0xFF,0xB0,0x64,0x12,0xFF,0xB0,0x64,0x12,0xFF,0xB0,0x64,0x12,0xFF,0xB0,0x64,0x12,0xFF,0xB0,0x64,0x12,0xFF,0xB0,0x64,0x12,0xFF,
    0xB0,0x64,0x12,0xFF,0xB0,0x64,0x12,0xFF,0xB0,0x64,0x12,0xFF,0xB0,0x64,0x12,0xFF,0xB0,0x64,0x12,0xFF,0xB0,0x64,0x12,0xFF,0xB0,0x64,0x12,0xFF,0xB0,0x64,0x12,0xFF,0xB0,0x64,0x12,0xFF,0xB0,0x64,0x12,0xFF,0xB0,0x64,0x12,0xFF,0xB0,0x64,0x12,0xFF,0xB0,0x64,0x12,0xFF,0xB0,0x64,0x12,0xFF,0xB0,0x64,0x12,0xFF,0xB0,0x64,0x12,0xFF,
    0xB0,0x64,0x12,0xFF,0xB0,0x64,0x12,0xFF,0xB0,0x64,0x12,0xFF,0xB0,0x64,0x12,0xFF,0xB0,0x64,0x12,0xFF,0xB0,0x64,0x12,0xFF,0xB0,0x64,0x12,0xFF,0xB0,0x64,0x12,0xFF,0xB0,0x64,0x12,0xFF,0xB0,0x64,0x12,0xFF,0xB0,0x64,0x12,0xFF,0xB0,0x64,0x12,0xFF,0xB0,0x64,0x12,0xFF,0xB0,0x64,0x12,0xFF,0xB0,0x64,0x12,0xFF,0xB0,0x64,0x12,0xFF,
    0xB0,0x64,0x12,0xFF,0xB0,0x64,0x12,0xFF,0xB0,0x64,0x12,0xFF,0xB0,0x64,0x12,0xFF,0xB0,0x64,0x12,0xFF,0xB0,0x64,0x12,0xFF,0xB0,0x64,0x12,0xFF,0xB0,0x64,0x12,0xFF,0xB0,0x64,0x12,0xFF,0xB0,0x64,0x12,0xFF,0xB0,0x64,0x12,0xFF,0xB0,0x64,0x12,0xFF,0xB0,0x64,0x12,0xFF,0xB0,0x64,0x12,0xFF,0xB0,0x64,0x12,0xFF,0xB0,0x64,0x12,0xFF,
    0xB0,0x64,0x12,0xFF,0xB0,0x64,0x12,0xFF,0xB0,0x64,0x12,0xFF,0xB0,0x64,0x12,0xFF,0xB0,0x64,0x12,0xFF,0xB0,0x64,0x12,0xFF,0xB0,0x64,0x12,0xFF,0xB0,0x64,0x12,0xFF,0xB0,0x64,0x12,0xFF,0xB0,0x64,0x12,0xFF,0xB0,0x64,0x12,0xFF,0xB0,0x64,0x12,0xFF,0xB0,0x64,0x12,0xFF,0xB0,0x64,0x12,0xFF,0xB0,0x64,0x12,0xFF,0xB0,0x64,0x12,0xFF,
    0xB0,0x64,0x12,0xFF,0xB0,0x64,0x12,0xFF,0xB0,0x64,0x12,0xFF,0xB0,0x64,0x12,0xFF,0xB0,0x64,0x12,0xFF,0xB0,0x64,0x12,0xFF,0xB0,0x64,0x12,0xFF,0xB0,0x64,0x12,0xFF,0xB0,0x64,0x12,0xFF,0xB0,0x64,0x12,0xFF,0xB0,0x64,0x12,0xFF,0xB0,0x64,0x12,0xFF,0xB0,0x64,0x12,0xFF,0xB0,0x64,0x12,0xFF,0xB0,0x64,0x12,0xFF,0xB0,0x64,0x12,0xFF,
    0xB0,0x64,0x12,0xFF,0xB0,0x64,0x12,0xFF,0xB0,0x64,0x12,0xFF,0xB0,0x64,0x12,0xFF,0xB0,0x64,0x12,0xFF,0xB0,0x64,0x12,0xFF,0xB0,0x64,0x12,0xFF,0xB0,0x64,0x12,0xFF,0xB0,0x64,0x12,0xFF,0xB0,0x64,0x12,0xFF,0xB0,0x64,0x12,0xFF,0xB0,0x64,0x12,0xFF,0xB0,0x64,0x12,0xFF,0xB0,0x64,0x12,0xFF,0xB0,0x64,0x12,0xFF,0xB0,0x64,0x12,0xFF,
    0xB0,0x64,0x12,0xFF,0xB0,0x64,0x12,0xFF,0xB0,0x64,0x12,0xFF,0xB0,0x64,0x12,0xFF,0xB0,0x64,0x12,0xFF,0xB0,0x64,0x12,0xFF,0xB0,0x64,0x12,0xFF,0xB0,0x64,0x12,0xFF,0xB0,0x64,0x12,0xFF,0xB0,0x64,0x12,0xFF,0xB0,0x64,0x12,0xFF,0xB0,0x64,0x12,0xFF,0xB0,0x64,0x12,0xFF,0xB0,0x64,0x12,0xFF,0xB0,0x64,0x12,0xFF,0xB0,0x64,0x12,0xFF,
    0xB0,0x64,0x12,0xFF,0xB0,0x64,0x12,0xFF,0xB0,0x64,0x12,0xFF,0xB0,0x64,0x12,0xFF,0xB0,0x64,0x12,0xFF,0xB0,0x64,0x12,0xFF,0xB0,0x64,0x12,0xFF,0xB0,0x64,0x12,0xFF,0xB0,0x64,0x12,0xFF,0xB0,0x64,0x12,0xFF,0xB0,0x64,0x12,0xFF,0xB0,0x64,0x12,0xFF,0xB0,0x64,0x12,0xFF,0xB0,0x64,0x12,0xFF,0xB0,0x64,0x12,0xFF,0xB0,0x64,0x12,0xFF,
    0xB0,0x64,0x12,0xFF,0xB0,0x64,0x12,0xFF,0xB0,0x64,0x12,0xFF,0xB0,0x64,0x12,0xFF,0xB0,0x64,0x12,0xFF,0xB0,0x64,0x12,0xFF,0xB0,0x64,0x12,0xFF,0xB0,0x64,0x12,0xFF,0xB0,0x64,0x12,0xFF,0xB0,0x64,0x12,0xFF,0xB0,0x64,0x12,0xFF,0xB0,0x64,0x12,0xFF,0xB0,0x64,0x12,0xFF,0xB0,0x64,0x12,0xFF,0xB0,0x64,0x12,0xFF,0xB0,0x64,0x12,0xFF,
    0xB0,0x64,0x12,0xFF,0xB0,0x64,0x12,0xFF,0xB0,0x64,0x12,0xFF,0xB0,0x64,0x12,0xFF,0xB0,0x64,0x12,0xFF,0xB0,0x64,0x12,0xFF,0xB0,0x64,0x12,0xFF,0xB0,0x64,0x12,0xFF,0xB0,0x64,0x12,0xFF,0xB0,0x64,0x12,0xFF,0xB0,0x64,0x12,0xFF,0xB0,0x64,0x12,0xFF,0xB0,0x64,0x12,0xFF,0xB0,0x64,0x12,0xFF,0xB0,0x64,0x12,0xFF,0xB0,0x64,0x12,0xFF,
    0xB0,0x64,0x12,0xFF,0xB0,0x64,0x12,0xFF,0xB0,0x64,0x12,0xFF,0xB0,0x64,0x12,0xFF,0xB0,0x64,0x12,0xFF,0xB0,0x64,0x12,0xFF,0xB0,0x64,0x12,0xFF,0xB0,0x64,0x12,0xFF,0xB0,0x64,0x12,0xFF,0xB0,0x64,0x12,0xFF,0xB0,0x64,0x12,0xFF,0xB0,0x64,0x12,0xFF,0xB0,0x64,0x12,0xFF,0xB0,0x64,0x12,0xFF,0xB0,0x64,0x12,0xFF,0xB0,0x64,0x12,0xFF,
    0xB0,0x64,0x12,0xFF,0xB0,0x64,0x12,0xFF,0xB0,0x64,0x12,0xFF,0xB0,0x64,0x12,0xFF,0xB0,0x64,0x12,0xFF,0xB0,0x64,0x12,0xFF,0xB0,0x64,0x12,0xFF,0xB0,0x64,0x12,0xFF,0xB0,0x64,0x12,0xFF,0xB0,0x64,0x12,0xFF,0xB0,0x64,0x12,0xFF,0xB0,0x64,0x12,0xFF,0xB0,0x64,0x12,0xFF,0xB0,0x64,0x12,0xFF,0xB0,0x64,0x12,0xFF,0xB0,0x64,0x12,0xFF,
    0xB0,0x64,0x12,0xFF,0xB0,0x64,0x12,0xFF,0xB0,0x64,0x12,0xFF,0xB0,0x64,0x12,0xFF,0xB0,0x64,0x12,0xFF,0xB0,0x64,0x12,0xFF,0xB0,0x64,0x12,0xFF,0xB0,0x64,0x12,0xFF,0xB0,0x64,0x12,0xFF,0xB0,0x64,0x12,0xFF,0xB0,0x64,0x12,0xFF,0xB0,0x64,0x12,0xFF,0xB0,0x64,0x12,0xFF,0xB0,0x64,0x12,0xFF,0xB0,0x64,0x12,0xFF,0xB0,0x64,0x12,0xFF,
    0xB0,0x64,0x12,0xFF,0xB0,0x64,0x12,0xFF,0xB0,0x64,0x12,0xFF,0xB0,0x64,0x12,0xFF,0xB0,0x64,0x12,0xFF,0xB0,0x64,0x12,0xFF,0xB0,0x64,0x12,0xFF,0xB0,0x64,0x12,0xFF,0xB0,0x64,0x12,0xFF,0xB0,0x64,0x12,0xFF,0xB0,0x64,0x12,0xFF,0xB0,0x64,0x12,0xFF,0xB0,0x64,0x12,0xFF,0xB0,0x64,0x12,0xFF,0xB0,0x64,0x12,0xFF,0xB0,0x64,0x12,0xFF,
    0xB0,0x64,0x12,0xFF,0xB0,0x64,0x12,0xFF,0xB0,0x64,0x12,0xFF,0xB0,0x64,0x12,0xFF,0xB0,0x64,0x12,0xFF,0xB0,0x64,0x12,0xFF,0xB0,0x64,0x12,0xFF,0xB0,0x64,0x12,0xFF,0xB0,0x64,0x12,0xFF,0xB0,0x64,0x12,0xFF,0xB0,0x64,0x12,0xFF,0xB0,0x64,0x12,0xFF,0xB0,0x64,0x12,0xFF,0xB0,0x64,0x12,0xFF,0xB0,0x64,0x12,0xFF,0xB0,0x64,0x12,0xFF,
    0xB0,0x64,0x12,0xFF,0xB0,0x64,0x12,0xFF,0xB0,0x64,0x12,0xFF,0xB0,0x64,0x12,0xFF,0xB0,0x64,0x12,0xFF,0xB0,0x64,0x12,0xFF,0xB0,0x64,0x12,0xFF,0xB0,0x64,0x12,0xFF,0xB0,0x64,0x12,0xFF,0xB0,0x64,0x12,0xFF,0xB0,0x64,0x12,0xFF,0xB0,0x64,0x12,0xFF,0xB0,0x64,0x12,0xFF,0xB0,0x64,0x12,0xFF,0xB0,0x64,0x12,0xFF,0xB0,0x64,0x12,0xFF,
    0xB0,0x64,0x12,0xFF,0xB0,0x64,0x12,0xFF,0xB0,0x64,0x12,0xFF,0xB0,0x64,0x12,0xFF,0xB0,0x64,0x12,0xFF,0xB0,0x64,0x12,0xFF,0xB0,0x64,0x12,0xFF,0xB0,0x64,0x12,0xFF,0xB0,0x64,0x12,0xFF,0xB0,0x64,0x12,0xFF,0xB0,0x64,0x12,0xFF,0xB0,0x64,0x12,0xFF,0xB0,0x64,0x12,0xFF,0xB0,0x64,0x12,0xFF,0xB0,0x64,0x12,0xFF,0xB0,0x64,0x12,0xFF,
    0xB0,0x64,0x12,0xFF,0xB0,0x64,0x12,0xFF,0xB0,0x64,0x12,0xFF,0xB0,0x64,0x12,0xFF,0xB0,0x64,0x12,0xFF,0xB0,0x64,0x12,0xFF,0xB0,0x64,0x12,0xFF,0xB0,0x64,0x12,0xFF,0xB0,0x64,0x12,0xFF,0xB0,0x64,0x12,0xFF,0xB0,0x64,0x12,0xFF,0xB0,0x64,0x12,0xFF,0xB0,0x64,0x12,0xFF,0xB0,0x64,0x12,0xFF,0xB0,0x64,0x12,0xFF,0xB0,0x64,0x12,0xFF,
    0xB0,0x64,0x12,0xFF,0xB0,0x64,0x12,0xFF,0xB0,0x64,0x12,0xFF,0xB0,0x64,0x12,0xFF,0xB0,0x64,0x12,0xFF,0xB0,0x64,0x12,0xFF,0xB0,0x64,0x12,0xFF,0xB0,0x64,0x12,0xFF,0xB0,0x64,0x12,0xFF,0xB0,0x64,0x12,0xFF,0xB0,0x64,0x12,0xFF,0xB0,0x64,0x12,0xFF,0xB0,0x64,0x12,0xFF,0xB0,0x64,0x12,0xFF,0xB0,0x64,0x12,0xFF,0xB0,0x64,0x12,0xFF,
    0xB0,0x64,0x12,0xFF,0xB0,0x64,0x12,0xFF,0xB0,0x64,0x12,0xFF,0xB0,0x64,0x12,0xFF,0xB0,0x64,0x12,0xFF,0xB0,0x64,0x12,0xFF,0xB0,0x64,0x12,0xFF,0xB0,0x64,0x12,0xFF,0xB0,0x64,0x12,0xFF,0xB0,0x64,0x12,0xFF,0xB0,0x64,0x12,0xFF,0xB0,0x64,0x12,0xFF,0xB0,0x64,0x12,0xFF,0xB0,0x64,0x12,0xFF,0xB0,0x64,0x12,0xFF,0xB0,0x64,0x12,0xFF,
    0xB0,0x64,0x12,0xFF,0xB0,0x64,0x12,0xFF,0xB0,0x64,0x12,0xFF,0xB0,0x64,0x12,0xFF,0xB0,0x64,0x12,0xFF,0xB0,0x64,0x12,0xFF,0xB0,0x64,0x12,0xFF,0xB0,0x64,0x12,0xFF,0xB0,0x64,0x12,0xFF,0xB0,0x64,0x12,0xFF,0xB0,0x64,0x12,0xFF,0xB0,0x64,0x12,0xFF,0xB0,0x64,0x12,0xFF,0xB0,0x64,0x12,0xFF,0xB0,0x64,0x12,0xFF,0xB0,0x64,0x12,0xFF,
    0xB0,0x64,0x12,0xFF,0xB0,0x64,0x12,0xFF,0xB0,0x64,0x12,0xFF,0xB0,0x64,0x12,0xFF,0xB0,0x64,0x12,0xFF,0xB0,0x64,0x12,0xFF,0xB0,0x64,0x12,0xFF,0xB0,0x64,0x12,0xFF,0xB0,0x64,0x12,0xFF,0xB0,0x64,0x12,0xFF,0xB0,0x64,0x12,0xFF,0xB0,0x64,0x12,0xFF,0xB0,0x64,0x12,0xFF,0xB0,0x64,0x12,0xFF,0xB0,0x64,0x12,0xFF,0xB0,0x64,0x12,0xFF,
    0xB0,0x64,0x12,0xFF,0xB0,0x64,0x12,0xFF,0xB0,0x64,0x12,0xFF,0xB0,0x64,0x12,0xFF,0xB0,0x64,0x12,0xFF,0xB0,0x64,0x12,0xFF,0xB0,0x64,0x12,0xFF,0xB0,0x64,0x12,0xFF,0xB0,0x64,0x12,0xFF,0xB0,0x64,0x12,0xFF,0xB0,0x64,0x12,0xFF,0xB0,0x64,0x12,0xFF,0xB0,0x64,0x12,0xFF,0xB0,0x64,0x12,0xFF,0xB0,0x64,0x12,0xFF,0xB0,0x64,0x12,0xFF,
    0xB0,0x64,0x12,0xFF,0xB0,0x64,0x12,0xFF,0xB0,0x64,0x12,0xFF,0xB0,0x64,0x12,0xFF,0xB0,0x64,0x12,0xFF,0xB0,0x64,0x12,0xFF,0xB0,0x64,0x12,0xFF,0xB0,0x64,0x12,0xFF,0xB0,0x64,0x12,0xFF,0xB0,0x64,0x12,0xFF,0xB0,0x64,0x12,0xFF,0xB0,0x64,0x12,0xFF,0xB0,0x64,0x12,0xFF,0xB0,0x64,0x12,0xFF,0xB0,0x64,0x12,0xFF,0xB0,0x64,0x12,0xFF,
    0xB0,0x64,0x12,0xFF,0xB0,0x64,0x12,0xFF,0xB0,0x64,0x12,0xFF,0xB0,0x64,0x12,0xFF,0xB0,0x64,0x12,0xFF,0xB0,0x64,0x12,0xFF,0xB0,0x64,0x12,0xFF,0xB0,0x64,0x12,0xFF,0xB0,0x64,0x12,0xFF,0xB0,0x64,0x12,0xFF,0xB0,0x64,0x12,0xFF,0xB0,0x64,0x12,0xFF,0xB0,0x64,0x12,0xFF,0xB0,0x64,0x12,0xFF,0xB0,0x64,0x12,0xFF,0xB0,0x64,0x12,0xFF,
    0xB0,0x64,0x12,0xFF,0xB0,0x64,0x12,0xFF,0xB0,0x64,0x12,0xFF,0xB0,0x64,0x12,0xFF,0xB0,0x64,0x12,0xFF,0xB0,0x64,0x12,0xFF,0xB0,0x64,0x12,0xFF,0xB0,0x64,0x12,0xFF,0xB0,0x64,0x12,0xFF,0xB0,0x64,0x12,0xFF,0xB0,0x64,0x12,0xFF,0xB0,0x64,0x12,0xFF,0xB0,0x64,0x12,0xFF,0xB0,0x64,0x12,0xFF,0xB0,0x64,0x12,0xFF,0xB0,0x64,0x12,0xFF,
    0xB0,0x64,0x12,0xFF,0xB0,0x64,0x12,0xFF,0xB0,0x64,0x12,0xFF,0xB0,0x64,0x12,0xFF,0xB0,0x64,0x12,0xFF,0xB0,0x64,0x12,0xFF,0xB0,0x64,0x12,0xFF,0xB0,0x64,0x12,0xFF,0xB0,0x64,0x12,0xFF,0xB0,0x64,0x12,0xFF,0xB0,0x64,0x12,0xFF,0xB0,0x64,0x12,0xFF,0xB0,0x64,0x12,0xFF,0xB0,0x64,0x12,0xFF,0xB0,0x64,0x12,0xFF,0xB0,0x64,0x12,0xFF,
    0xB0,0x64,0x12,0xFF,0xB0,0x64,0x12,0xFF,0xB0,0x64,0x12,0xFF,0xB0,0x64,0x12,0xFF,0xB0,0x64,0x12,0xFF,0xB0,0x64,0x12,0xFF,0xB0,0x64,0x12,0xFF,0xB0,0x64,0x12,0xFF,0xB0,0x64,0x12,0xFF,0xB0,0x64,0x12,0xFF,0xB0,0x64,0x12,0xFF,0xB0,0x64,0x12,0xFF,0xB0,0x64,0x12,0xFF,0xB0,0x64,0x12,0xFF,0xB0,0x64,0x12,0xFF,0xB0,0x64,0x12,0xFF,
    0xB0,0x64,0x12,0xFF,0xB0,0x64,0x12,0xFF,0xB0,0x64,0x12,0xFF,0xB0,0x64,0x12,0xFF,0xB0,0x64,0x12,0xFF,0xB0,0x64,0x12,0xFF,0xB0,0x64,0x12,0xFF,0xB0,0x64,0x12,0xFF,0xB0,0x64,0x12,0xFF,0xB0,0x64,0x12,0xFF,0xB0,0x64,0x12,0xFF,0xB0,0x64,0x12,0xFF,0xB0,0x64,0x12,0xFF,0xB0,0x64,0x12,0xFF,0xB0,0x64,0x12,0xFF,0xB0,0x64,0x12,0xFF,
    0xB0,0x64,0x12,0xFF,0xB0,0x64,0x12,0xFF,0xB0,0x64,0x12,0xFF,0xB0,0x64,0x12,0xFF,0xB0,0x64,0x12,0xFF,0xB0,0x64,0x12,0xFF,0xB0,0x64,0x12,0xFF,0xB0,0x64,0x12,0xFF,0xB0,0x64,0x12,0xFF,0xB0,0x64,0x12,0xFF,0xB0,0x64,0x12,0xFF,0xB0,0x64,0x12,0xFF,0xB0,0x64,0x12,0xFF,0xB0,0x64,0x12,0xFF,0xB0,0x64,0x12,0xFF,0xB0,0x64,0x12,0xFF,
    0xB0,0x64,0x12,0xFF,0xB0,0x64,0x12,0xFF,0xB0,0x64,0x12,0xFF,0xB0,0x64,0x12,0xFF,0xB0,0x64,0x12,0xFF,0xB0,0x64,0x12,0xFF,0xB0,0x64,0x12,0xFF,0xB0,0x64,0x12,0xFF,0xB0,0x64,0x12,0xFF,0xB0,0x64,0x12,0xFF,0xB0,0x64,0x12,0xFF,0xB0,0x64,0x12,0xFF,0xB0,0x64,0x12,0xFF,0xB0,0x64,0x12,0xFF,0xB0,0x64,0x12,0xFF,0xB0,0x64,0x12,0xFF,
    0xB0,0x64,0x12,0xFF,0xB0,0x64,0x12,0xFF,0xB0,0x64,0x12,0xFF,0xB0,0x64,0x12,0xFF,0xB0,0x64,0x12,0xFF,0xB0,0x64,0x12,0xFF,0xB0,0x64,0x12,0xFF,0xB0,0x64,0x12,0xFF,0xB0,0x64,0x12,0xFF,0xB0,0x64,0x12,0xFF,0xB0,0x64,0x12,0xFF,0xB0,0x64,0x12,0xFF,0xB0,0x64,0x12,0xFF,0xB0,0x64,0x12,0xFF,0xB0,0x64,0x12,0xFF,0xB0,0x64,0x12,0xFF,
    0xB0,0x64,0x12,0xFF,0xB0,0x64,0x12,0xFF,0xB0,0x64,0x12,0xFF,0xB0,0x64,0x12,0xFF,0xB0,0x64,0x12,0xFF,0xB0,0x64,0x12,0xFF,0xB0,0x64,0x12,0xFF,0xB0,0x64,0x12,0xFF,0xB0,0x64,0x12,0xFF,0xB0,0x64,0x12,0xFF,0xB0,0x64,0x12,0xFF,0xB0,0x64,0x12,0xFF,0xB0,0x64,0x12,0xFF,0xB0,0x64,0x12,0xFF,0xB0,0x64,0x12,0xFF,0xB0,0x64,0x12,0xFF,
    0xB0,0x64,0x12,0xFF,0xB0,0x64,0x12,0xFF,0xB0,0x64,0x12,0xFF,0xB0,0x64,0x12,0xFF,0xB0,0x64,0x12,0xFF,0xB0,0x64,0x12,0xFF,0xB0,0x64,0x12,0xFF,0xB0,0x64,0x12,0xFF,0xB0,0x64,0x12,0xFF,0xB0,0x64,0x12,0xFF,0xB0,0x64,0x12,0xFF,0xB0,0x64,0x12,0xFF,0xB0,0x64,0x12,0xFF,0xB0,0x64,0x12,0xFF,0xB0,0x64,0x12,0xFF,0xB0,0x64,0x12,0xFF,
    0xB0,0x64,0x12,0xFF,0xB0,0x64,0x12,0xFF,0xB0,0x64,0x12,0xFF,0xB0,0x64,0x12,0xFF,0xB0,0x64,0x12,0xFF,0xB0,0x64,0x12,0xFF,0xB0,0x64,0x12,0xFF,0xB0,0x64,0x12,0xFF,0xB0,0x64,0x12,0xFF,0xB0,0x64,0x12,0xFF,0xB0,0x64,0x12,0xFF,0xB0,0x64,0x12,0xFF,0xB0,0x64,0x12,0xFF,0xB0,0x64,0x12,0xFF,0xB0,0x64,0x12,0xFF,0xB0,0x64,0x12,0xFF,
    0xB0,0x64,0x12,0xFF,0xB0,0x64,0x12,0xFF,0xB0,0x64,0x12,0xFF,0xB0,0x64,0x12,0xFF,0xB0,0x64,0x12,0xFF,0xB0,0x64,0x12,0xFF,0xB0,0x64,0x12,0xFF,0xB0,0x64,0x12,0xFF,0xB0,0x64,0x12,0xFF,0xB0,0x64,0x12,0xFF,0xB0,0x64,0x12,0xFF,0xB0,0x64,0x12,0xFF,0xB0,0x64,0x12,0xFF,0xB0,0x64,0x12,0xFF,0xB0,0x64,0x12,0xFF,0xB0,0x64,0x12,0xFF,
    0xB0,0x64,0x12,0xFF,0xB0,0x64,0x12,0xFF,0xB0,0x64,0x12,0xFF,0xB0,0x64,0x12,0xFF,0xB0,0x64,0x12,0xFF,0xB0,0x64,0x12,0xFF,0xB0,0x64,0x12,0xFF,0xB0,0x64,0x12,0xFF,0xB0,0x64,0x12,0xFF,0xB0,0x64,0x12,0xFF,0xB0,0x64,0x12,0xFF,0xB0,0x64,0x12,0xFF,0xB0,0x64,0x12,0xFF,0xB0,0x64,0x12,0xFF,0xB0,0x64,0x12,0xFF,0xB0,0x64,0x12,0xFF,
    0xB0,0x64,0x12,0xFF,0xB0,0x64,0x12,0xFF,0xB0,0x64,0x12,0xFF,0xB0,0x64,0x12,0xFF,0xB0,0x64,0x12,0xFF,0xB0,0x64,0x12,0xFF,0xB0,0x64,0x12,0xFF,0xB0,0x64,0x12,0xFF,0xB0,0x64,0x12,0xFF,0xB0,0x64,0x12,0xFF,0xB0,0x64,0x12,0xFF,0xB0,0x64,0x12,0xFF,0xB0,0x64,0x12,0xFF,0xB0,0x64,0x12,0xFF,0xB0,0x64,0x12,0xFF,0xB0,0x64,0x12,0xFF,
    0xB0,0x64,0x12,0xFF,0xB0,0x64,0x12,0xFF,0xB0,0x64,0x12,0xFF,0xB0,0x64,0x12,0xFF,0xB0,0x64,0x12,0xFF,0xB0,0x64,0x12,0xFF,0xB0,0x64,0x12,0xFF,0xB0,0x64,0x12,0xFF,0xB0,0x64,0x12,0xFF,0xB0,0x64,0x12,0xFF,0xB0,0x64,0x12,0xFF,0xB0,0x64,0x12,0xFF,0xB0,0x64,0x12,0xFF,0xB0,0x64,0x12,0xFF,0xB0,0x64,0x12,0xFF,0xB0,0x64,0x12,0xFF,
    0xB0,0x64,0x12,0xFF,0xB0,0x64,0x12,0xFF,0xB0,0x64,0x12,0xFF,0xB0,0x64,0x12,0xFF,0xB0,0x64,0x12,0xFF,0xB0,0x64,0x12,0xFF,0xB0,0x64,0x12,0xFF,0xB0,0x64,0x12,0xFF,0xB0,0x64,0x12,0xFF,0xB0,0x64,0x12,0xFF,0xB0,0x64,0x12,0xFF,0xB0,0x64,0x12,0xFF,0xB0,0x64,0x12,0xFF,0xB0,0x64,0x12,0xFF,0xB0,0x64,0x12,0xFF,0xB0,0x64,0x12,0xFF,
    0xB0,0x64,0x12,0xFF,0xB0,0x64,0x12,0xFF,0xB0,0x64,0x12,0xFF,0xB0,0x64,0x12,0xFF,0xB0,0x64,0x12,0xFF,0xB0,0x64,0x12,0xFF,0xB0,0x64,0x12,0xFF,0xB0,0x64,0x12,0xFF,0xB0,0x64,0x12,0xFF,0xB0,0x64,0x12,0xFF,0xB0,0x64,0x12,0xFF,0xB0,0x64,0x12,0xFF,0xB0,0x64,0x12,0xFF,0xB0,0x64,0x12,0xFF,0xB0,0x64,0x12,0xFF,0xB0,0x64,0x12,0xFF,
    0xB0,0x64,0x12,0xFF,0xB0,0x64,0x12,0xFF,0xB0,0x64,0x12,0xFF,0xB0,0x64,0x12,0xFF,0xB0,0x64,0x12,0xFF,0xB0,0x64,0x12,0xFF,0xB0,0x64,0x12,0xFF,0xB0,0x64,0x12,0xFF,0xB0,0x64,0x12,0xFF,0xB0,0x64,0x12,0xFF,0xB0,0x64,0x12,0xFF,0xB0,0x64,0x12,0xFF,0xB0,0x64,0x12,0xFF,0xB0,0x64,0x12,0xFF,0xB0,0x64,0x12,0xFF,0xB0,0x64,0x12,0xFF,
    0xB0,0x64,0x12,0xFF,0xB0,0x64,0x12,0xFF,0xB0,0x64,0x12,0xFF,0xB0,0x64,0x12,0xFF,0xB0,0x64,0x12,0xFF,0xB0,0x64,0x12,0xFF,0xB0,0x64,0x12,0xFF,0xB0,0x64,0x12,0xFF,0xB0,0x64,0x12,0xFF,0xB0,0x64,0x12,0xFF,0xB0,0x64,0x12,0xFF,0xB0,0x64,0x12,0xFF,0xB0,0x64,0x12,0xFF,0xB0,0x64,0x12,0xFF,0xB0,0x64,0x12,0xFF,0xB0,0x64,0x12,0xFF,
    0xB0,0x64,0x12,0xFF,0xB0,0x64,0x12,0xFF,0xB0,0x64,0x12,0xFF,0xB0,0x64,0x12,0xFF,0xB0,0x64,0x12,0xFF,0xB0,0x64,0x12,0xFF,0xB0,0x64,0x12,0xFF,0xB0,0x64,0x12,0xFF,0xB0,0x64,0x12,0xFF,0xB0,0x64,0x12,0xFF,0xB0,0x64,0x12,0xFF,0xB0,0x64,0x12,0xFF,0xB0,0x64,0x12,0xFF,0xB0,0x64,0x12,0xFF,0xB0,0x64,0x12,0xFF,0xB0,0x64,0x12,0xFF,
    0xB0,0x64,0x12,0xFF,0xB0,0x64,0x12,0xFF,0xB0,0x64,0x12,0xFF,0xB0,0x64,0x12,0xFF,0xB0,0x64,0x12,0xFF,0xB0,0x64,0x12,0xFF,0xB0,0x64,0x12,0xFF,0xB0,0x64,0x12,0xFF,0xB0,0x64,0x12,0xFF,0xB0,0x64,0x12,0xFF,0xB0,0x64,0x12,0xFF,0xB0,0x64,0x12,0xFF,0xB0,0x64,0x12,0xFF,0xB0,0x64,0x12,0xFF,0xB0,0x64,0x12,0xFF,0xB0,0x64,0x12,0xFF,
    0xB0,0x64,0x12,0xFF,0xB0,0x64,0x12,0xFF,0xB0,0x64,0x12,0xFF,0xB0,0x64,0x12,0xFF,0xB0,0x64,0x12,0xFF,0xB0,0x64,0x12,0xFF,0xB0,0x64,0x12,0xFF,0xB0,0x64,0x12,0xFF,0xB0,0x64,0x12,0xFF,0xB0,0x64,0x12,0xFF,0xB0,0x64,0x12,0xFF,0xB0,0x64,0x12,0xFF,0xB0,0x64,0x12,0xFF,0xB0,0x64,0x12,0xFF,0xB0,0x64,0x12,0xFF,0xB0,0x64,0x12,0xFF,
    0xB0,0x64,0x12,0xFF,0xB0,0x64,0x12,0xFF,0xB0,0x64,0x12,0xFF,0xB0,0x64,0x12,0xFF,0xB0,0x64,0x12,0xFF,0xB0,0x64,0x12,0xFF,0xB0,0x64,0x12,0xFF,0xB0,0x64,0x12,0xFF,0xB0,0x64,0x12,0xFF,0xB0,0x64,0x12,0xFF,0xB0,0x64,0x12,0xFF,0xB0,0x64,0x12,0xFF,0xB0,0x64,0x12,0xFF,0xB0,0x64,0x12,0xFF,0xB0,0x64,0x12,0xFF,0xB0,0x64,0x12,0xFF,
    0xB0,0x64,0x12,0xFF,0xB0,0x64,0x12,0xFF,0xB0,0x64,0x12,0xFF,0xB0,0x64,0x12,0xFF,0xB0,0x64,0x12,0xFF,0xB0,0x64,0x12,0xFF,0xB0,0x64,0x12,0xFF,0xB0,0x64,0x12,0xFF,0xB0,0x64,0x12,0xFF,0xB0,0x64,0x12,0xFF,0xB0,0x64,0x12,0xFF,0xB0,0x64,0x12,0xFF,0xB0,0x64,0x12,0xFF,0xB0,0x64,0x12,0xFF,0xB0,0x64,0x12,0xFF,0xB0,0x64,0x12,0xFF,
    0xB0,0x64,0x12,0xFF,0xB0,0x64,0x12,0xFF,0xB0,0x64,0x12,0xFF,0xB0,0x64,0x12,0xFF,0xB0,0x64,0x12,0xFF,0xB0,0x64,0x12,0xFF,0xB0,0x64,0x12,0xFF,0xB0,0x64,0x12,0xFF,0xB0,0x64,0x12,0xFF,0xB0,0x64,0x12,0xFF,0xB0,0x64,0x12,0xFF,0xB0,0x64,0x12,0xFF,0xB0,0x64,0x12,0xFF,0xB0,0x64,0x12,0xFF,0xB0,0x64,0x12,0xFF,0xB0,0x64,0x12,0xFF,
    0xB0,0x64,0x12,0xFF,0xB0,0x64,0x12,0xFF,0xB0,0x64,0x12,0xFF,0xB0,0x64,0x12,0xFF,0xB0,0x64,0x12,0xFF,0xB0,0x64,0x12,0xFF,0xB0,0x64,0x12,0xFF,0xB0,0x64,0x12,0xFF,0xB0,0x64,0x12,0xFF,0xB0,0x64,0x12,0xFF,0xB0,0x64,0x12,0xFF,0xB0,0x64,0x12,0xFF,0xB0,0x64,0x12,0xFF,0xB0,0x64,0x12,0xFF,0xB0,0x64,0x12,0xFF,0xB0,0x64,0x12,0xFF,
    0xB0,0x64,0x12,0xFF,0xB0,0x64,0x12,0xFF,0xB0,0x64,0x12,0xFF,0xB0,0x64,0x12,0xFF,0xB0,0x64,0x12,0xFF,0xB0,0x64,0x12,0xFF,0xB0,0x64,0x12,0xFF,0xB0,0x64,0x12,0xFF,0xB0,0x64,0x12,0xFF,0xB0,0x64,0x12,0xFF,0xB0,0x64,0x12,0xFF,0xB0,0x64,0x12,0xFF,0xB0,0x64,0x12,0xFF,0xB0,0x64,0x12,0xFF,0xB0,0x64,0x12,0xFF,0xB0,0x64,0x12,0xFF,
    0xB0,0x64,0x12,0xFF,0xB0,0x64,0x12,0xFF,0xB0,0x64,0x12,0xFF,0xB0,0x64,0x12,0xFF,0xB0,0x64,0x12,0xFF,0xB0,0x64,0x12,0xFF,0xB0,0x64,0x12,0xFF,0xB0,0x64,0x12,0xFF,0xB0,0x64,0x12,0xFF,0xB0,0x64,0x12,0xFF,0xB0,0x64,0x12,0xFF,0xB0,0x64,0x12,0xFF,0xB0,0x64,0x12,0xFF,0xB0,0x64,0x12,0xFF,0xB0,0x64,0x12,0xFF,0xB0,0x64,0x12,0xFF,
    0xB0,0x64,0x12,0xFF,0xB0,0x64,0x12,0xFF,0xB0,0x64,0x12,0xFF,0xB0,0x64,0x12,0xFF,0xB0,0x64,0x12,0xFF,0xB0,0x64,0x12,0xFF,0xB0,0x64,0x12,0xFF,0xB0,0x64,0x12,0xFF,0xB0,0x64,0x12,0xFF,0xB0,0x64,0x12,0xFF,0xB0,0x64,0x12,0xFF,0xB0,0x64,0x12,0xFF,0xB0,0x64,0x12,0xFF,0xB0,0x64,0x12,0xFF,0xB0,0x64,0x12,0xFF,0xB0,0x64,0x12,0xFF,
    0xB0,0x64,0x12,0xFF,0xB0,0x64,0x12,0xFF,0xB0,0x64,0x12,0xFF,0xB0,0x64,0x12,0xFF,0xB0,0x64,0x12,0xFF,0xB0,0x64,0x12,0xFF,0xB0,0x64,0x12,0xFF,0xB0,0x64,0x12,0xFF,0xB0,0x64,0x12,0xFF,0xB0,0x64,0x12,0xFF,0xB0,0x64,0x12,0xFF,0xB0,0x64,0x12,0xFF,0xB0,0x64,0x12,0xFF,0xB0,0x64,0x12,0xFF,0xB0,0x64,0x12,0xFF,0xB0,0x64,0x12,0xFF,
    0xB0,0x64,0x12,0xFF,0xB0,0x64,0x12,0xFF,0xB0,0x64,0x12,0xFF,0xB0,0x64,0x12,0xFF,0xB0,0x64,0x12,0xFF,0xB0,0x64,0x12,0xFF,0xB0,0x64,0x12,0xFF,0xB0,0x64,0x12,0xFF,0xB0,0x64,0x12,0xFF,0xB0,0x64,0x12,0xFF,0xB0,0x64,0x12,0xFF,0xB0,0x64,0x12,0xFF,0xB0,0x64,0x12,0xFF,0xB0,0x64,0x12,0xFF,0xB0,0x64,0x12,0xFF,0xB0,0x64,0x12,0xFF,
    0xB0,0x64,0x12,0xFF,0xB0,0x64,0x12,0xFF,0xB0,0x64,0x12,0xFF,0xB0,0x64,0x12,0xFF,0xB0,0x64,0x12,0xFF,0xB0,0x64,0x12,0xFF,0xB0,0x64,0x12,0xFF,0xB0,0x64,0x12,0xFF,0xB0,0x64,0x12,0xFF,0xB0,0x64,0x12,0xFF,0xB0,0x64,0x12,0xFF,0xB0,0x64,0x12,0xFF,0xB0,0x64,0x12,0xFF,0xB0,0x64,0x12,0xFF,0xB0,0x64,0x12,0xFF,0xB0,0x64,0x12,0xFF,
    0xB0,0x64,0x12,0xFF,0xB0,0x64,0x12,0xFF,0xB0,0x64,0x12,0xFF,0xB0,0x64,0x12,0xFF,0xB0,0x64,0x12,0xFF,0xB0,0x64,0x12,0xFF,0xB0,0x64,0x12,0xFF,0xB0,0x64,0x12,0xFF,0xB0,0x64,0x12,0xFF,0xB0,0x64,0x12,0xFF,0xB0,0x64,0x12,0xFF,0xB0,0x64,0x12,0xFF,0xB0,0x64,0x12,0xFF,0xB0,0x64,0x12,0xFF,0xB0,0x64,0x12,0xFF,0xB0,0x64,0x12,0xFF,
    0xB0,0x64,0x12,0xFF,0xB0,0x64,0x12,0xFF,0xB0,0x64,0x12,0xFF,0xB0,0x64,0x12,0xFF,0xB0,0x64,0x12,0xFF,0xB0,0x64,0x12,0xFF,0xB0,0x64,0x12,0xFF,0xB0,0x64,0x12,0xFF,0xB0,0x64,0x12,0xFF,0xB0,0x64,0x12,0xFF,0xB0,0x64,0x12,0xFF,0xB0,0x64,0x12,0xFF,0xB0,0x64,0x12,0xFF,0xB0,0x64,0x12,0xFF,0xB0,0x64,0x12,0xFF,0xB0,0x64,0x12,0xFF,
    0xB0,0x64,0x12,0xFF,0xB0,0x64,0x12,0xFF,0xB0,0x64,0x12,0xFF,0xB0,0x64,0x12,0xFF,0xB0,0x64,0x12,0xFF,0xB0,0x64,0x12,0xFF,0xB0,0x64,0x12,0xFF,0xB0,0x64,0x12,0xFF,0xB0,0x64,0x12,0xFF,0xB0,0x64,0x12,0xFF,0xB0,0x64,0x12,0xFF,0xB0,0x64,0x12,0xFF,0xB0,0x64,0x12,0xFF,0xB0,0x64,0x12,0xFF,0xB0,0x64,0x12,0xFF,0xB0,0x64,0x12,0xFF,
    0xB0,0x64,0x12,0xFF,0xB0,0x64,0x12,0xFF,0xB0,0x64,0x12,0xFF,0xB0,0x64,0x12,0xFF,0xB0,0x64,0x12,0xFF,0xB0,0x64,0x12,0xFF,0xB0,0x64,0x12,0xFF,0xB0,0x64,0x12,0xFF,0xB0,0x64,0x12,0xFF,0xB0,0x64,0x12,0xFF,0xB0,0x64,0x12,0xFF,0xB0,0x64,0x12,0xFF,0xB0,0x64,0x12,0xFF,0xB0,0x64,0x12,0xFF,0xB0,0x64,0x12,0xFF,0xB0,0x64,0x12,0xFF,
    0xB0,0x64,0x12,0xFF,0xB0,0x64,0x12,0xFF,0xB0,0x64,0x12,0xFF,0xB0,0x64,0x12,0xFF,0xB0,0x64,0x12,0xFF,0xB0,0x64,0x12,0xFF,0xB0,0x64,0x12,0xFF,0xB0,0x64,0x12,0xFF,0xB0,0x64,0x12,0xFF,0xB0,0x64,0x12,0xFF,0xB0,0x64,0x12,0xFF,0xB0,0x64,0x12,0xFF,0xB0,0x64,0x12,0xFF,0xB0,0x64,0x12,0xFF,0xB0,0x64,0x12,0xFF,0xB0,0x64,0x12,0xFF,
    0xB0,0x64,0x12,0xFF,0xB0,0x64,0x12,0xFF,0xB0,0x64,0x12,0xFF,0xB0,0x64,0x12,0xFF,0xB0,0x64,0x12,0xFF,0xB0,0x64,0x12,0xFF,0xB0,0x64,0x12,0xFF,0xB0,0x64,0x12,0xFF,0xB0,0x64,0x12,0xFF,0xB0,0x64,0x12,0xFF,0xB0,0x64,0x12,0xFF,0xB0,0x64,0x12,0xFF,0xB0,0x64,0x12,0xFF,0xB0,0x64,0x12,0xFF,0xB0,0x64,0x12,0xFF,0xB0,0x64,0x12,0xFF,
    0xB0,0x64,0x12,0xFF,0xB0,0x64,0x12,0xFF,0xB0,0x64,0x12,0xFF,0xB0,0x64,0x12,0xFF,0xB0,0x64,0x12,0xFF,0xB0,0x64,0x12,0xFF,0xB0,0x64,0x12,0xFF,0xB0,0x64,0x12,0xFF,0xB0,0x64,0x12,0xFF,0xB0,0x64,0x12,0xFF,0xB0,0x64,0x12,0xFF,0xB0,0x64,0x12,0xFF,0xB0,0x64,0x12,0xFF,0xB0,0x64,0x12,0xFF,0xB0,0x64,0x12,0xFF,0xB0,0x64,0x12,0xFF,
    0xB0,0x64,0x12,0xFF,0xB0,0x64,0x12,0xFF,0xB0,0x64,0x12,0xFF,0xB0,0x64,0x12,0xFF,0xB0,0x64,0x12,0xFF,0xB0,0x64,0x12,0xFF,0xB0,0x64,0x12,0xFF,0xB0,0x64,0x12,0xFF,0xB0,0x64,0x12,0xFF,0xB0,0x64,0x12,0xFF,0xB0,0x64,0x12,0xFF,0xB0,0x64,0x12,0xFF,0xB0,0x64,0x12,0xFF,0xB0,0x64,0x12,0xFF,0xB0,0x64,0x12,0xFF,0xB0,0x64,0x12,0xFF,
    0xB0,0x64,0x12,0xFF,0xB0,0x64,0x12,0xFF,0xB0,0x64,0x12,0xFF,0xB0,0x64,0x12,0xFF,0xB0,0x64,0x12,0xFF,0xB0,0x64,0x12,0xFF,0xB0,0x64,0x12,0xFF,0xB0,0x64,0x12,0xFF,0xB0,0x64,0x12,0xFF,0xB0,0x64,0x12,0xFF,0xB0,0x64,0x12,0xFF,0xB0,0x64,0x12,0xFF,0xB0,0x64,0x12,0xFF,0xB0,0x64,0x12,0xFF,0xB0,0x64,0x12,0xFF,0xB0,0x64,0x12,0xFF,
    0xB0,0x64,0x12,0xFF,0xB0,0x64,0x12,0xFF,0xB0,0x64,0x12,0xFF,0xB0,0x64,0x12,0xFF,0xB0,0x64,0x12,0xFF,0xB0,0x64,0x12,0xFF,0xB0,0x64,0x12,0xFF,0xB0,0x64,0x12,0xFF,0xB0,0x64,0x12,0xFF,0xB0,0x64,0x12,0xFF,0xB0,0x64,0x12,0xFF,0xB0,0x64,0x12,0xFF,0xB0,0x64,0x12,0xFF,0xB0,0x64,0x12,0xFF,0xB0,0x64,0x12,0xFF,0xB0,0x64,0x12,0xFF,
    0xB0,0x64,0x12,0xFF,0xB0,0x64,0x12,0xFF,0xB0,0x64,0x12,0xFF,0xB0,0x64,0x12,0xFF,0xB0,0x64,0x12,0xFF,0xB0,0x64,0x12,0xFF,0xB0,0x64,0x12,0xFF,0xB0,0x64,0x12,0xFF,0xB0,0x64,0x12,0xFF,0xB0,0x64,0x12,0xFF,0xB0,0x64,0x12,0xFF,0xB0,0x64,0x12,0xFF,0xB0,0x64,0x12,0xFF,0xB0,0x64,0x12,0xFF,0xB0,0x64,0x12,0xFF,0xB0,0x64,0x12,0xFF,
    0xB0,0x64,0x12,0xFF,0xB0,0x64,0x12,0xFF,0xB0,0x64,0x12,0xFF,0xB0,0x64,0x12,0xFF,0xB0,0x64,0x12,0xFF,0xB0,0x64,0x12,0xFF,0xB0,0x64,0x12,0xFF,0xB0,0x64,0x12,0xFF,0xB0,0x64,0x12,0xFF,0xB0,0x64,0x12,0xFF,0xB0,0x64,0x12,0xFF,0xB0,0x64,0x12,0xFF,0xB0,0x64,0x12,0xFF,0xB0,0x64,0x12,0xFF,0xB0,0x64,0x12,0xFF,0xB0,0x64,0x12,0xFF,
    0xB0,0x64,0x12,0xFF,0xB0,0x64,0x12,0xFF,0xB0,0x64,0x12,0xFF,0xB0,0x64,0x12,0xFF,0xB0,0x64,0x12,0xFF,0xB0,0x64,0x12,0xFF,0xB0,0x64,0x12,0xFF,0xB0,0x64,0x12,0xFF,0xB0,0x64,0x12,0xFF,0xB0,0x64,0x12,0xFF,0xB0,0x64,0x12,0xFF,0xB0,0x64,0x12,0xFF,0xB0,0x64,0x12,0xFF,0xB0,0x64,0x12,0xFF,0xB0,0x64,0x12,0xFF,0xB0,0x64,0x12,0xFF,
    0xB0,0x64,0x12,0xFF,0xB0,0x64,0x12,0xFF,0xB0,0x64,0x12,0xFF,0xB0,0x64,0x12,0xFF,0xB0,0x64,0x12,0xFF,0xB0,0x64,0x12,0xFF,0xB0,0x64,0x12,0xFF,0xB0,0x64,0x12,0xFF,0xB0,0x64,0x12,0xFF,0xB0,0x64,0x12,0xFF,0xB0,0x64,0x12,0xFF,0xB0,0x64,0x12,0xFF,0xB0,0x64,0x12,0xFF,0xB0,0x64,0x12,0xFF,0xB0,0x64,0x12,0xFF,0xB0,0x64,0x12,0xFF,
    0xB0,0x64,0x12,0xFF,0xB0,0x64,0x12,0xFF,0xB0,0x64,0x12,0xFF,0xB0,0x64,0x12,0xFF,0xB0,0x64,0x12,0xFF,0xB0,0x64,0x12,0xFF,0xB0,0x64,0x12,0xFF,0xB0,0x64,0x12,0xFF,0xB0,0x64,0x12,0xFF,0xB0,0x64,0x12,0xFF,0xB0,0x64,0x12,0xFF,0xB0,0x64,0x12,0xFF,0xB0,0x64,0x12,0xFF,0xB0,0x64,0x12,0xFF,0xB0,0x64,0x12,0xFF,0xB0,0x64,0x12,0xFF,
    0xB0,0x64,0x12,0xFF,0xB0,0x64,0x12,0xFF,0xB0,0x64,0x12,0xFF,0xB0,0x64,0x12,0xFF,0xB0,0x64,0x12,0xFF,0xB0,0x64,0x12,0xFF,0xB0,0x64,0x12,0xFF,0xB0,0x64,0x12,0xFF,0xB0,0x64,0x12,0xFF,0xB0,0x64,0x12,0xFF,0xB0,0x64,0x12,0xFF,0xB0,0x64,0x12,0xFF,0xB0,0x64,0x12,0xFF,0xB0,0x64,0x12,0xFF,0xB0,0x64,0x12,0xFF,0xB0,0x64,0x12,0xFF,
    0xB0,0x64,0x12,0xFF,0xB0,0x64,0x12,0xFF,0xB0,0x64,0x12,0xFF,0xB0,0x64,0x12,0xFF,0xB0,0x64,0x12,0xFF,0xB0,0x64,0x12,0xFF,0xB0,0x64,0x12,0xFF,0xB0,0x64,0x12,0xFF,0xB0,0x64,0x12,0xFF,0xB0,0x64,0x12,0xFF,0xB0,0x64,0x12,0xFF,0xB0,0x64,0x12,0xFF,0xB0,0x64,0x12,0xFF,0xB0,0x64,0x12,0xFF,0xB0,0x64,0x12,0xFF,0xB0,0x64,0x12,0xFF,
    0xB0,0x64,0x12,0xFF,0xB0,0x64,0x12,0xFF,0xB0,0x64,0x12,0xFF,0xB0,0x64,0x12,0xFF,0xB0,0x64,0x12,0xFF,0xB0,0x64,0x12,0xFF,0xB0,0x64,0x12,0xFF,0xB0,0x64,0x12,0xFF,0xB0,0x64,0x12,0xFF,0xB0,0x64,0x12,0xFF,0xB0,0x64,0x12,0xFF,0xB0,0x64,0x12,0xFF,0xB0,0x64,0x12,0xFF,0xB0,0x64,0x12,0xFF,0xB0,0x64,0x12,0xFF,0xB0,0x64,0x12,0xFF,
    0xB0,0x64,0x12,0xFF,0xB0,0x64,0x12,0xFF,0xB0,0x64,0x12,0xFF,0xB0,0x64,0x12,0xFF,0xB0,0x64,0x12,0xFF,0xB0,0x64,0x12,0xFF,0xB0,0x64,0x12,0xFF,0xB0,0x64,0x12,0xFF,0xB0,0x64,0x12,0xFF,0xB0,0x64,0x12,0xFF,0xB0,0x64,0x12,0xFF,0xB0,0x64,0x12,0xFF,0xB0,0x64,0x12,0xFF,0xB0,0x64,0x12,0xFF,0xB0,0x64,0x12,0xFF,0xB0,0x64,0x12,0xFF,
    0xB0,0x64,0x12,0xFF,0xB0,0x64,0x12,0xFF,0xB0,0x64,0x12,0xFF,0xB0,0x64,0x12,0xFF,0xB0,0x64,0x12,0xFF,0xB0,0x64,0x12,0xFF,0xB0,0x64,0x12,0xFF,0xB0,0x64,0x12,0xFF,0xB0,0x64,0x12,0xFF,0xB0,0x64,0x12,0xFF,0xB0,0x64,0x12,0xFF,0xB0,0x64,0x12,0xFF,0xB0,0x64,0x12,0xFF,0xB0,0x64,0x12,0xFF,0xB0,0x64,0x12,0xFF,0xB0,0x64,0x12,0xFF,
    0xB0,0x64,0x12,0xFF,0xB0,0x64,0x12,0xFF,0xB0,0x64,0x12,0xFF,0xB0,0x64,0x12,0xFF,0xB0,0x64,0x12,0xFF,0xB0,0x64,0x12,0xFF,0xB0,0x64,0x12,0xFF,0xB0,0x64,0x12,0xFF,0xB0,0x64,0x12,0xFF,0xB0,0x64,0x12,0xFF,0xB0,0x64,0x12,0xFF,0xB0,0x64,0x12,0xFF,0xB0,0x64,0x12,0xFF,0xB0,0x64,0x12,0xFF,0xB0,0x64,0x12,0xFF,0xB0,0x64,0x12,0xFF,
    0xB0,0x64,0x12,0xFF,0xB0,0x64,0x12,0xFF,0xB0,0x64,0x12,0xFF,0xB0,0x64,0x12,0xFF,0xB0,0x64,0x12,0xFF,0xB0,0x64,0x12,0xFF,0xB0,0x64,0x12,0xFF,0xB0,0x64,0x12,0xFF,0xB0,0x64,0x12,0xFF,0xB0,0x64,0x12,0xFF,0xB0,0x64,0x12,0xFF,0xB0,0x64,0x12,0xFF,0xB0,0x64,0x12,0xFF,0xB0,0x64,0x12,0xFF,0xB0,0x64,0x12,0xFF,0xB0,0x64,0x12,0xFF,
    0xB0,0x64,0x12,0xFF,0xB0,0x64,0x12,0xFF,0xB0,0x64,0x12,0xFF,0xB0,0x64,0x12,0xFF,0xB0,0x64,0x12,0xFF,0xB0,0x64,0x12,0xFF,0xB0,0x64,0x12,0xFF,0xB0,0x64,0x12,0xFF,0xB0,0x64,0x12,0xFF,0xB0,0x64,0x12,0xFF,0xB0,0x64,0x12,0xFF,0xB0,0x64,0x12,0xFF,0xB0,0x64,0x12,0xFF,0xB0,0x64,0x12,0xFF,0xB0,0x64,0x12,0xFF,0xB0,0x64,0x12,0xFF,
    0xB0,0x64,0x12,0xFF,0xB0,0x64,0x12,0xFF,0xB0,0x64,0x12,0xFF,0xB0,0x64,0x12,0xFF,0xB0,0x64,0x12,0xFF,0xB0,0x64,0x12,0xFF,0xB0,0x64,0x12,0xFF,0xB0,0x64,0x12,0xFF,0xB0,0x64,0x12,0xFF,0xB0,0x64,0x12,0xFF,0xB0,0x64,0x12,0xFF,0xB0,0x64,0x12,0xFF,0xB0,0x64,0x12,0xFF,0xB0,0x64,0x12,0xFF,0xB0,0x64,0x12,0xFF,0xB0,0x64,0x12,0xFF,
    0xB0,0x64,0x12,0xFF,0xB0,0x64,0x12,0xFF,0xB0,0x64,0x12,0xFF,0xB0,0x64,0x12,0xFF,0xB0,0x64,0x12,0xFF,0xB0,0x64,0x12,0xFF,0xB0,0x64,0x12,0xFF,0xB0,0x64,0x12,0xFF,0xB0,0x64,0x12,0xFF,0xB0,0x64,0x12,0xFF,0xB0,0x64,0x12,0xFF,0xB0,0x64,0x12,0xFF,0xB0,0x64,0x12,0xFF,0xB0,0x64,0x12,0xFF,0xB0,0x64,0x12,0xFF,0xB0,0x64,0x12,0xFF,
    0xB0,0x64,0x12,0xFF,0xB0,0x64,0x12,0xFF,0xB0,0x64,0x12,0xFF,0xB0,0x64,0x12,0xFF,0xB0,0x64,0x12,0xFF,0xB0,0x64,0x12,0xFF,0xB0,0x64,0x12,0xFF,0xB0,0x64,0x12,0xFF,0xB0,0x64,0x12,0xFF,0xB0,0x64,0x12,0xFF,0xB0,0x64,0x12,0xFF,0xB0,0x64,0x12,0xFF,0xB0,0x64,0x12,0xFF,0xB0,0x64,0x12,0xFF,0xB0,0x64,0x12,0xFF,0xB0,0x64,0x12,0xFF,
    0xB0,0x64,0x12,0xFF,0xB0,0x64,0x12,0xFF,0xB0,0x64,0x12,0xFF,0xB0,0x64,0x12,0xFF,0xB0,0x64,0x12,0xFF,0xB0,0x64,0x12,0xFF,0xB0,0x64,0x12,0xFF,0xB0,0x64,0x12,0xFF,0xB0,0x64,0x12,0xFF,0xB0,0x64,0x12,0xFF,0xB0,0x64,0x12,0xFF,0xB0,0x64,0x12,0xFF,0xB0,0x64,0x12,0xFF,0xB0,0x64,0x12,0xFF,0xB0,0x64,0x12,0xFF,0xB0,0x64,0x12,0xFF,
    0xB0,0x64,0x12,0xFF,0xB0,0x64,0x12,0xFF,0xB0,0x64,0x12,0xFF,0xB0,0x64,0x12,0xFF,0xB0,0x64,0x12,0xFF,0xB0,0x64,0x12,0xFF,0xB0,0x64,0x12,0xFF,0xB0,0x64,0x12,0xFF,0xB0,0x64,0x12,0xFF,0xB0,0x64,0x12,0xFF,0xB0,0x64,0x12,0xFF,0xB0,0x64,0x12,0xFF,0xB0,0x64,0x12,0xFF,0xB0,0x64,0x12,0xFF,0xB0,0x64,0x12,0xFF,0xB0,0x64,0x12,0xFF,
    0xB0,0x64,0x12,0xFF,0xB0,0x64,0x12,0xFF,0xB0,0x64,0x12,0xFF,0xB0,0x64,0x12,0xFF,0xB0,0x64,0x12,0xFF,0xB0,0x64,0x12,0xFF,0xB0,0x64,0x12,0xFF,0xB0,0x64,0x12,0xFF,0xB0,0x64,0x12,0xFF,0xB0,0x64,0x12,0xFF,0xB0,0x64,0x12,0xFF,0xB0,0x64,0x12,0xFF,0xB0,0x64,0x12,0xFF,0xB0,0x64,0x12,0xFF,0xB0,0x64,0x12,0xFF,0xB0,0x64,0x12,0xFF,
    0xB0,0x64,0x12,0xFF,0xB0,0x64,0x12,0xFF,0xB0,0x64,0x12,0xFF,0xB0,0x64,0x12,0xFF,0xB0,0x64,0x12,0xFF,0xB0,0x64,0x12,0xFF,0xB0,0x64,0x12,0xFF,0xB0,0x64,0x12,0xFF,0xB0,0x64,0x12,0xFF,0xB0,0x64,0x12,0xFF,0xB0,0x64,0x12,0xFF,0xB0,0x64,0x12,0xFF,0xB0,0x64,0x12,0xFF,0xB0,0x64,0x12,0xFF,0xB0,0x64,0x12,0xFF,0xB0,0x64,0x12,0xFF,
    0xB0,0x64,0x12,0xFF,0xB0,0x64,0x12,0xFF,0xB0,0x64,0x12,0xFF,0xB0,0x64,0x12,0xFF,0xB0,0x64,0x12,0xFF,0xB0,0x64,0x12,0xFF,0xB0,0x64,0x12,0xFF,0xB0,0x64,0x12,0xFF,0xB0,0x64,0x12,0xFF,0xB0,0x64,0x12,0xFF,0xB0,0x64,0x12,0xFF,0xB0,0x64,0x12,0xFF,0xB0,0x64,0x12,0xFF,0xB0,0x64,0x12,0xFF,0xB0,0x64,0x12,0xFF,0xB0,0x64,0x12,0xFF,
    0xB0,0x64,0x12,0xFF,0xB0,0x64,0x12,0xFF,0xB0,0x64,0x12,0xFF,0xB0,0x64,0x12,0xFF,0xB0,0x64,0x12,0xFF,0xB0,0x64,0x12,0xFF,0xB0,0x64,0x12,0xFF,0xB0,0x64,0x12,0xFF,0xB0,0x64,0x12,0xFF,0xB0,0x64,0x12,0xFF,0xB0,0x64,0x12,0xFF,0xB0,0x64,0x12,0xFF,0xB0,0x64,0x12,0xFF,0xB0,0x64,0x12,0xFF,0xB0,0x64,0x12,0xFF,0xB0,0x64,0x12,0xFF,
    0xB0,0x64,0x12,0xFF,0xB0,0x64,0x12,0xFF,0xB0,0x64,0x12,0xFF,0xB0,0x64,0x12,0xFF,0xB0,0x64,0x12,0xFF,0xB0,0x64,0x12,0xFF,0xB0,0x64,0x12,0xFF,0xB0,0x64,0x12,0xFF,0xB0,0x64,0x12,0xFF,0xB0,0x64,0x12,0xFF,0xB0,0x64,0x12,0xFF,0xB0,0x64,0x12,0xFF,0xB0,0x64,0x12,0xFF,0xB0,0x64,0x12,0xFF,0xB0,0x64,0x12,0xFF,0xB0,0x64,0x12,0xFF,
    0xB0,0x64,0x12,0xFF,0xB0,0x64,0x12,0xFF,0xB0,0x64,0x12,0xFF,0xB0,0x64,0x12,0xFF,0xB0,0x64,0x12,0xFF,0xB0,0x64,0x12,0xFF,0xB0,0x64,0x12,0xFF,0xB0,0x64,0x12,0xFF,0xB0,0x64,0x12,0xFF,0xB0,0x64,0x12,0xFF,0xB0,0x64,0x12,0xFF,0xB0,0x64,0x12,0xFF,0xB0,0x64,0x12,0xFF,0xB0,0x64,0x12,0xFF,0xB0,0x64,0x12,0xFF,0xB0,0x64,0x12,0xFF,
    0xB0,0x64,0x12,0xFF,0xB0,0x64,0x12,0xFF,0xB0,0x64,0x12,0xFF,0xB0,0x64,0x12,0xFF,0xB0,0x64,0x12,0xFF,0xB0,0x64,0x12,0xFF,0xB0,0x64,0x12,0xFF,0xB0,0x64,0x12,0xFF,0xB0,0x64,0x12,0xFF,0xB0,0x64,0x12,0xFF,0xB0,0x64,0x12,0xFF,0xB0,0x64,0x12,0xFF,0xB0,0x64,0x12,0xFF,0xB0,0x64,0x12,0xFF,0xB0,0x64,0x12,0xFF,0xB0,0x64,0x12,0xFF,
    0xB0,0x64,0x12,0xFF,0xB0,0x64,0x12,0xFF,0xB0,0x64,0x12,0xFF,0xB0,0x64,0x12,0xFF,0xB0,0x64,0x12,0xFF,0xB0,0x64,0x12,0xFF,0xB0,0x64,0x12,0xFF,0xB0,0x64,0x12,0xFF,0xB0,0x64,0x12,0xFF,0xB0,0x64,0x12,0xFF,0xB0,0x64,0x12,0xFF,0xB0,0x64,0x12,0xFF,0xB0,0x64,0x12,0xFF,0xB0,0x64,0x12,0xFF,0xB0,0x64,0x12,0xFF,0xB0,0x64,0x12,0xFF,
    0xB0,0x64,0x12,0xFF,0xB0,0x64,0x12,0xFF,0xB0,0x64,0x12,0xFF,0xB0,0x64,0x12,0xFF,0xB0,0x64,0x12,0xFF,0xB0,0x64,0x12,0xFF,0xB0,0x64,0x12,0xFF,0xB0,0x64,0x12,0xFF,0xB0,0x64,0x12,0xFF,0xB0,0x64,0x12,0xFF,0xB0,0x64,0x12,0xFF,0xB0,0x64,0x12,0xFF,0xB0,0x64,0x12,0xFF,0xB0,0x64,0x12,0xFF,0xB0,0x64,0x12,0xFF,0xB0,0x64,0x12,0xFF,
    0xB0,0x64,0x12,0xFF,0xB0,0x64,0x12,0xFF,0xB0,0x64,0x12,0xFF,0xB0,0x64,0x12,0xFF,0xB0,0x64,0x12,0xFF,0xB0,0x64,0x12,0xFF,0xB0,0x64,0x12,0xFF,0xB0,0x64,0x12,0xFF,0xB0,0x64,0x12,0xFF,0xB0,0x64,0x12,0xFF,0xB0,0x64,0x12,0xFF,0xB0,0x64,0x12,0xFF,0xB0,0x64,0x12,0xFF,0xB0,0x64,0x12,0xFF,0xB0,0x64,0x12,0xFF,0xB0,0x64,0x12,0xFF,
    0xB0,0x64,0x12,0xFF,0xB0,0x64,0x12,0xFF,0xB0,0x64,0x12,0xFF,0xB0,0x64,0x12,0xFF,0xB0,0x64,0x12,0xFF,0xB0,0x64,0x12,0xFF,0xB0,0x64,0x12,0xFF,0xB0,0x64,0x12,0xFF,0xB0,0x64,0x12,0xFF,0xB0,0x64,0x12,0xFF,0xB0,0x64,0x12,0xFF,0xB0,0x64,0x12,0xFF,0xB0,0x64,0x12,0xFF,0xB0,0x64,0x12,0xFF,0xB0,0x64,0x12,0xFF,0xB0,0x64,0x12,0xFF,
    0xB0,0x64,0x12,0xFF,0xB0,0x64,0x12,0xFF,0xB0,0x64,0x12,0xFF,0xB0,0x64,0x12,0xFF,0xB0,0x64,0x12,0xFF,0xB0,0x64,0x12,0xFF,0xB0,0x64,0x12,0xFF,0xB0,0x64,0x12,0xFF,0xB0,0x64,0x12,0xFF,0xB0,0x64,0x12,0xFF,0xB0,0x64,0x12,0xFF,0xB0,0x64,0x12,0xFF,0xB0,0x64,0x12,0xFF,0xB0,0x64,0x12,0xFF,0xB0,0x64,0x12,0xFF,0xB0,0x64,0x12,0xFF,
    0xB0,0x64,0x12,0xFF,0xB0,0x64,0x12,0xFF,0xB0,0x64,0x12,0xFF,0xB0,0x64,0x12,0xFF,0xB0,0x64,0x12,0xFF,0xB0,0x64,0x12,0xFF,0xB0,0x64,0x12,0xFF,0xB0,0x64,0x12,0xFF,0xB0,0x64,0x12,0xFF,0xB0,0x64,0x12,0xFF,0xB0,0x64,0x12,0xFF,0xB0,0x64,0x12,0xFF,0xB0,0x64,0x12,0xFF,0xB0,0x64,0x12,0xFF,0xB0,0x64,0x12,0xFF,0xB0,0x64,0x12,0xFF,
    0xB0,0x64,0x12,0xFF,0xB0,0x64,0x12,0xFF,0xB0,0x64,0x12,0xFF,0xB0,0x64,0x12,0xFF,0xB0,0x64,0x12,0xFF,0xB0,0x64,0x12,0xFF,0xB0,0x64,0x12,0xFF,0xB0,0x64,0x12,0xFF,0xB0,0x64,0x12,0xFF,0xB0,0x64,0x12,0xFF,0xB0,0x64,0x12,0xFF,0xB0,0x64,0x12,0xFF,0xB0,0x64,0x12,0xFF,0xB0,0x64,0x12,0xFF,0xB0,0x64,0x12,0xFF,0xB0,0x64,0x12,0xFF,
    0xB0,0x64,0x12,0xFF,0xB0,0x64,0x12,0xFF,0xB0,0x64,0x12,0xFF,0xB0,0x64,0x12,0xFF,0xB0,0x64,0x12,0xFF,0xB0,0x64,0x12,0xFF,0xB0,0x64,0x12,0xFF,0xB0,0x64,0x12,0xFF,0xB0,0x64,0x12,0xFF,0xB0,0x64,0x12,0xFF,0xB0,0x64,0x12,0xFF,0xB0,0x64,0x12,0xFF,0xB0,0x64,0x12,0xFF,0xB0,0x64,0x12,0xFF,0xB0,0x64,0x12,0xFF,0xB0,0x64,0x12,0xFF,
    0xB0,0x64,0x12,0xFF,0xB0,0x64,0x12,0xFF,0xB0,0x64,0x12,0xFF,0xB0,0x64,0x12,0xFF,0xB0,0x64,0x12,0xFF,0xB0,0x64,0x12,0xFF,0xB0,0x64,0x12,0xFF,0xB0,0x64,0x12,0xFF,0xB0,0x64,0x12,0xFF,0xB0,0x64,0x12,0xFF,0xB0,0x64,0x12,0xFF,0xB0,0x64,0x12,0xFF,0xB0,0x64,0x12,0xFF,0xB0,0x64,0x12,0xFF,0xB0,0x64,0x12,0xFF,0xB0,0x64,0x12,0xFF,
    0xB0,0x64,0x12,0xFF,0xB0,0x64,0x12,0xFF,0xB0,0x64,0x12,0xFF,0xB0,0x64,0x12,0xFF,0xB0,0x64,0x12,0xFF,0xB0,0x64,0x12,0xFF,0xB0,0x64,0x12,0xFF,0xB0,0x64,0x12,0xFF,0xB0,0x64,0x12,0xFF,0xB0,0x64,0x12,0xFF,0xB0,0x64,0x12,0xFF,0xB0,0x64,0x12,0xFF,0xB0,0x64,0x12,0xFF,0xB0,0x64,0x12,0xFF,0xB0,0x64,0x12,0xFF,0xB0,0x64,0x12,0xFF,
    0xB0,0x64,0x12,0xFF,0xB0,0x64,0x12,0xFF,0xB0,0x64,0x12,0xFF,0xB0,0x64,0x12,0xFF,0xB0,0x64,0x12,0xFF,0xB0,0x64,0x12,0xFF,0xB0,0x64,0x12,0xFF,0xB0,0x64,0x12,0xFF,0xB0,0x64,0x12,0xFF,0xB0,0x64,0x12,0xFF,0xB0,0x64,0x12,0xFF,0xB0,0x64,0x12,0xFF,0xB0,0x64,0x12,0xFF,0xB0,0x64,0x12,0xFF,0xB0,0x64,0x12,0xFF,0xB0,0x64,0x12,0xFF,
    0xB0,0x64,0x12,0xFF,0xB0,0x64,0x12,0xFF,0xB0,0x64,0x12,0xFF,0xB0,0x64,0x12,0xFF,0xB0,0x64,0x12,0xFF,0xB0,0x64,0x12,0xFF,0xB0,0x64,0x12,0xFF,0xB0,0x64,0x12,0xFF,0xB0,0x64,0x12,0xFF,0xB0,0x64,0x12,0xFF,0xB0,0x64,0x12,0xFF,0xB0,0x64,0x12,0xFF,0xB0,0x64,0x12,0xFF,0xB0,0x64,0x12,0xFF,0xB0,0x64,0x12,0xFF,0xB0,0x64,0x12,0xFF,
    0xB0,0x64,0x12,0xFF,0xB0,0x64,0x12,0xFF,0xB0,0x64,0x12,0xFF,0xB0,0x64,0x12,0xFF,0xB0,0x64,0x12,0xFF,0xB0,0x64,0x12,0xFF,0xB0,0x64,0x12,0xFF,0xB0,0x64,0x12,0xFF,0xB0,0x64,0x12,0xFF,0xB0,0x64,0x12,0xFF,0xB0,0x64,0x12,0xFF,0xB0,0x64,0x12,0xFF,0xB0,0x64,0x12,0xFF,0xB0,0x64,0x12,0xFF,0xB0,0x64,0x12,0xFF,0xB0,0x64,0x12,0xFF,
    0xB0,0x64,0x12,0xFF,0xB0,0x64,0x12,0xFF,0xB0,0x64,0x12,0xFF,0xB0,0x64,0x12,0xFF,0xB0,0x64,0x12,0xFF,0xB0,0x64,0x12,0xFF,0xB0,0x64,0x12,0xFF,0xB0,0x64,0x12,0xFF,0xB0,0x64,0x12,0xFF,0xB0,0x64,0x12,0xFF,0xB0,0x64,0x12,0xFF,0xB0,0x64,0x12,0xFF,0xB0,0x64,0x12,0xFF,0xB0,0x64,0x12,0xFF,0xB0,0x64,0x12,0xFF,0xB0,0x64,0x12,0xFF,
    0xB0,0x64,0x12,0xFF,0xB0,0x64,0x12,0xFF,0xB0,0x64,0x12,0xFF,0xB0,0x64,0x12,0xFF,0xB0,0x64,0x12,0xFF,0xB0,0x64,0x12,0xFF,0xB0,0x64,0x12,0xFF,0xB0,0x64,0x12,0xFF,0xB0,0x64,0x12,0xFF,0xB0,0x64,0x12,0xFF,0xB0,0x64,0x12,0xFF,0xB0,0x64,0x12,0xFF,0xB0,0x64,0x12,0xFF,0xB0,0x64,0x12,0xFF,0xB0,0x64,0x12,0xFF,0xB0,0x64,0x12,0xFF,
    0xB0,0x64,0x12,0xFF,0xB0,0x64,0x12,0xFF,0xB0,0x64,0x12,0xFF,0xB0,0x64,0x12,0xFF,0xB0,0x64,0x12,0xFF,0xB0,0x64,0x12,0xFF,0xB0,0x64,0x12,0xFF,0xB0,0x64,0x12,0xFF,0xB0,0x64,0x12,0xFF,0xB0,0x64,0x12,0xFF,0xB0,0x64,0x12,0xFF,0xB0,0x64,0x12,0xFF,0xB0,0x64,0x12,0xFF,0xB0,0x64,0x12,0xFF,0xB0,0x64,0x12,0xFF,0xB0,0x64,0x12,0xFF,
    0xB0,0x64,0x12,0xFF,0xB0,0x64,0x12,0xFF,0xB0,0x64,0x12,0xFF,0xB0,0x64,0x12,0xFF,0xB0,0x64,0x12,0xFF,0xB0,0x64,0x12,0xFF,0xB0,0x64,0x12,0xFF,0xB0,0x64,0x12,0xFF,0xB0,0x64,0x12,0xFF,0xB0,0x64,0x12,0xFF,0xB0,0x64,0x12,0xFF,0xB0,0x64,0x12,0xFF,0xB0,0x64,0x12,0xFF,0xB0,0x64,0x12,0xFF,0xB0,0x64,0x12,0xFF,0xB0,0x64,0x12,0xFF,
    0xB0,0x64,0x12,0xFF,0xB0,0x64,0x12,0xFF,0xB0,0x64,0x12,0xFF,0xB0,0x64,0x12,0xFF,0xB0,0x64,0x12,0xFF,0xB0,0x64,0x12,0xFF,0xB0,0x64,0x12,0xFF,0xB0,0x64,0x12,0xFF,0xB0,0x64,0x12,0xFF,0xB0,0x64,0x12,0xFF,0xB0,0x64,0x12,0xFF,0xB0,0x64,0x12,0xFF,0xB0,0x64,0x12,0xFF,0xB0,0x64,0x12,0xFF,0xB0,0x64,0x12,0xFF,0xB0,0x64,0x12,0xFF,
    0xB0,0x64,0x12,0xFF,0xB0,0x64,0x12,0xFF,0xB0,0x64,0x12,0xFF,0xB0,0x64,0x12,0xFF,0xB0,0x64,0x12,0xFF,0xB0,0x64,0x12,0xFF,0xB0,0x64,0x12,0xFF,0xB0,0x64,0x12,0xFF,0xB0,0x64,0x12,0xFF,0xB0,0x64,0x12,0xFF,0xB0,0x64,0x12,0xFF,0xB0,0x64,0x12,0xFF,0xB0,0x64,0x12,0xFF,0xB0,0x64,0x12,0xFF,0xB0,0x64,0x12,0xFF,0xB0,0x64,0x12,0xFF,
    0xB0,0x64,0x12,0xFF,0xB0,0x64,0x12,0xFF,0xB0,0x64,0x12,0xFF,0xB0,0x64,0x12,0xFF,0xB0,0x64,0x12,0xFF,0xB0,0x64,0x12,0xFF,0xB0,0x64,0x12,0xFF,0xB0,0x64,0x12,0xFF,0xB0,0x64,0x12,0xFF,0xB0,0x64,0x12,0xFF,0xB0,0x64,0x12,0xFF,0xB0,0x64,0x12,0xFF,0xB0,0x64,0x12,0xFF,0xB0,0x64,0x12,0xFF,0xB0,0x64,0x12,0xFF,0xB0,0x64,0x12,0xFF,
    0xB0,0x64,0x12,0xFF,0xB0,0x64,0x12,0xFF,0xB0,0x64,0x12,0xFF,0xB0,0x64,0x12,0xFF,0xB0,0x64,0x12,0xFF,0xB0,0x64,0x12,0xFF,0xB0,0x64,0x12,0xFF,0xB0,0x64,0x12,0xFF,0xB0,0x64,0x12,0xFF,0xB0,0x64,0x12,0xFF,0xB0,0x64,0x12,0xFF,0xB0,0x64,0x12,0xFF,0xB0,0x64,0x12,0xFF,0xB0,0x64,0x12,0xFF,0xB0,0x64,0x12,0xFF,0xB0,0x64,0x12,0xFF,
    0xB0,0x64,0x12,0xFF,0xB0,0x64,0x12,0xFF,0xB0,0x64,0x12,0xFF,0xB0,0x64,0x12,0xFF,0xB0,0x64,0x12,0xFF,0xB0,0x64,0x12,0xFF,0xB0,0x64,0x12,0xFF,0xB0,0x64,0x12,0xFF,0xB0,0x64,0x12,0xFF,0xB0,0x64,0x12,0xFF,0xB0,0x64,0x12,0xFF,0xB0,0x64,0x12,0xFF,0xB0,0x64,0x12,0xFF,0xB0,0x64,0x12,0xFF,0xB0,0x64,0x12,0xFF,0xB0,0x64,0x12,0xFF,
    0xB0,0x64,0x12,0xFF,0xB0,0x64,0x12,0xFF,0xB0,0x64,0x12,0xFF,0xB0,0x64,0x12,0xFF,0xB0,0x64,0x12,0xFF,0xB0,0x64,0x12,0xFF,0xB0,0x64,0x12,0xFF,0xB0,0x64,0x12,0xFF,0xB0,0x64,0x12,0xFF,0xB0,0x64,0x12,0xFF,0xB0,0x64,0x12,0xFF,0xB0,0x64,0x12,0xFF,0xB0,0x64,0x12,0xFF,0xB0,0x64,0x12,0xFF,0xB0,0x64,0x12,0xFF,0xB0,0x64,0x12,0xFF,
    0xB0,0x64,0x12,0xFF,0xB0,0x64,0x12,0xFF,0xB0,0x64,0x12,0xFF,0xB0,0x64,0x12,0xFF,0xB0,0x64,0x12,0xFF,0xB0,0x64,0x12,0xFF,0xB0,0x64,0x12,0xFF,0xB0,0x64,0x12,0xFF,0xB0,0x64,0x12,0xFF,0xB0,0x64,0x12,0xFF,0xB0,0x64,0x12,0xFF,0xB0,0x64,0x12,0xFF,0xB0,0x64,0x12,0xFF,0xB0,0x64,0x12,0xFF,0xB0,0x64,0x12,0xFF,0xB0,0x64,0x12,0xFF,
    0xB0,0x64,0x12,0xFF,0xB0,0x64,0x12,0xFF,0xB0,0x64,0x12,0xFF,0xB0,0x64,0x12,0xFF,0xB0,0x64,0x12,0xFF,0xB0,0x64,0x12,0xFF,0xB0,0x64,0x12,0xFF,0xB0,0x64,0x12,0xFF,0xB0,0x64,0x12,0xFF,0xB0,0x64,0x12,0xFF,0xB0,0x64,0x12,0xFF,0xB0,0x64,0x12,0xFF,0xB0,0x64,0x12,0xFF,0xB0,0x64,0x12,0xFF,0xB0,0x64,0x12,0xFF,0xB0,0x64,0x12,0xFF,
    0xB0,0x64,0x12,0xFF,0xB0,0x64,0x12,0xFF,0xB0,0x64,0x12,0xFF,0xB0,0x64,0x12,0xFF,0xB0,0x64,0x12,0xFF,0xB0,0x64,0x12,0xFF,0xB0,0x64,0x12,0xFF,0xB0,0x64,0x12,0xFF,0xB0,0x64,0x12,0xFF,0xB0,0x64,0x12,0xFF,0xB0,0x64,0x12,0xFF,0xB0,0x64,0x12,0xFF,0xB0,0x64,0x12,0xFF,0xB0,0x64,0x12,0xFF,0xB0,0x64,0x12,0xFF,0xB0,0x64,0x12,0xFF,
    0xB0,0x64,0x12,0xFF,0xB0,0x64,0x12,0xFF,0xB0,0x64,0x12,0xFF,0xB0,0x64,0x12,0xFF,0xB0,0x64,0x12,0xFF,0xB0,0x64,0x12,0xFF,0xB0,0x64,0x12,0xFF,0xB0,0x64,0x12,0xFF,0xB0,0x64,0x12,0xFF,0xB0,0x64,0x12,0xFF,0xB0,0x64,0x12,0xFF,0xB0,0x64,0x12,0xFF,0xB0,0x64,0x12,0xFF,0xB0,0x64,0x12,0xFF,0xB0,0x64,0x12,0xFF,0xB0,0x64,0x12,0xFF,
    0xB0,0x64,0x12,0xFF,0xB0,0x64,0x12,0xFF,0xB0,0x64,0x12,0xFF,0xB0,0x64,0x12,0xFF,0xB0,0x64,0x12,0xFF,0xB0,0x64,0x12,0xFF,0xB0,0x64,0x12,0xFF,0xB0,0x64,0x12,0xFF,0xB0,0x64,0x12,0xFF,0xB0,0x64,0x12,0xFF,0xB0,0x64,0x12,0xFF,0xB0,0x64,0x12,0xFF,0xB0,0x64,0x12,0xFF,0xB0,0x64,0x12,0xFF,0xB0,0x64,0x12,0xFF,0xB0,0x64,0x12,0xFF,
    0xB0,0x64,0x12,0xFF,0xB0,0x64,0x12,0xFF,0xB0,0x64,0x12,0xFF,0xB0,0x64,0x12,0xFF,0xB0,0x64,0x12,0xFF,0xB0,0x64,0x12,0xFF,0xB0,0x64,0x12,0xFF,0xB0,0x64,0x12,0xFF,0xB0,0x64,0x12,0xFF,0xB0,0x64,0x12,0xFF,0xB0,0x64,0x12,0xFF,0xB0,0x64,0x12,0xFF,0xB0,0x64,0x12,0xFF,0xB0,0x64,0x12,0xFF,0xB0,0x64,0x12,0xFF,0xB0,0x64,0x12,0xFF,
    0xB0,0x64,0x12,0xFF,0xB0,0x64,0x12,0xFF,0xB0,0x64,0x12,0xFF,0xB0,0x64,0x12,0xFF,0xB0,0x64,0x12,0xFF,0xB0,0x64,0x12,0xFF,0xB0,0x64,0x12,0xFF,0xB0,0x64,0x12,0xFF,0xB0,0x64,0x12,0xFF,0xB0,0x64,0x12,0xFF,0xB0,0x64,0x12,0xFF,0xB0,0x64,0x12,0xFF,0xB0,0x64,0x12,0xFF,0xB0,0x64,0x12,0xFF,0xB0,0x64,0x12,0xFF,0xB0,0x64,0x12,0xFF,
    0xB0,0x64,0x12,0xFF,0xB0,0x64,0x12,0xFF,0xB0,0x64,0x12,0xFF,0xB0,0x64,0x12,0xFF,0xB0,0x64,0x12,0xFF,0xB0,0x64,0x12,0xFF,0xB0,0x64,0x12,0xFF,0xB0,0x64,0x12,0xFF,0xB0,0x64,0x12,0xFF,0xB0,0x64,0x12,0xFF,0xB0,0x64,0x12,0xFF,0xB0,0x64,0x12,0xFF,0xB0,0x64,0x12,0xFF,0xB0,0x64,0x12,0xFF,0xB0,0x64,0x12,0xFF,0xB0,0x64,0x12,0xFF,
    0xB0,0x64,0x12,0xFF,0xB0,0x64,0x12,0xFF,0xB0,0x64,0x12,0xFF,0xB0,0x64,0x12,0xFF,0xB0,0x64,0x12,0xFF,0xB0,0x64,0x12,0xFF,0xB0,0x64,0x12,0xFF,0xB0,0x64,0x12,0xFF,0xB0,0x64,0x12,0xFF,0xB0,0x64,0x12,0xFF,0xB0,0x64,0x12,0xFF,0xB0,0x64,0x12,0xFF,0xB0,0x64,0x12,0xFF,0xB0,0x64,0x12,0xFF,0xB0,0x64,0x12,0xFF,0xB0,0x64,0x12,0xFF,
    0xB0,0x64,0x12,0xFF,0xB0,0x64,0x12,0xFF,0xB0,0x64,0x12,0xFF,0xB0,0x64,0x12,0xFF,0xB0,0x64,0x12,0xFF,0xB0,0x64,0x12,0xFF,0xB0,0x64,0x12,0xFF,0xB0,0x64,0x12,0xFF,0xB0,0x64,0x12,0xFF,0xB0,0x64,0x12,0xFF,0xB0,0x64,0x12,0xFF,0xB0,0x64,0x12,0xFF,0xB0,0x64,0x12,0xFF,0xB0,0x64,0x12,0xFF,0xB0,0x64,0x12,0xFF,0xB0,0x64,0x12,0xFF,
    0xB0,0x64,0x12,0xFF,0xB0,0x64,0x12,0xFF,0xB0,0x64,0x12,0xFF,0xB0,0x64,0x12,0xFF,0xB0,0x64,0x12,0xFF,0xB0,0x64,0x12,0xFF,0xB0,0x64,0x12,0xFF,0xB0,0x64,0x12,0xFF,0xB0,0x64,0x12,0xFF,0xB0,0x64,0x12,0xFF,0xB0,0x64,0x12,0xFF,0xB0,0x64,0x12,0xFF,0xB0,0x64,0x12,0xFF,0xB0,0x64,0x12,0xFF,0xB0,0x64,0x12,0xFF,0xB0,0x64,0x12,0xFF,
    0xB0,0x64,0x12,0xFF,0xB0,0x64,0x12,0xFF,0xB0,0x64,0x12,0xFF,0xB0,0x64,0x12,0xFF,0xB0,0x64,0x12,0xFF,0xB0,0x64,0x12,0xFF,0xB0,0x64,0x12,0xFF,0xB0,0x64,0x12,0xFF,0xB0,0x64,0x12,0xFF,0xB0,0x64,0x12,0xFF,0xB0,0x64,0x12,0xFF,0xB0,0x64,0x12,0xFF,0xB0,0x64,0x12,0xFF,0xB0,0x64,0x12,0xFF,0xB0,0x64,0x12,0xFF,0xB0,0x64,0x12,0xFF,
    0xB0,0x64,0x12,0xFF,0xB0,0x64,0x12,0xFF,0xB0,0x64,0x12,0xFF,0xB0,0x64,0x12,0xFF,0xB0,0x64,0x12,0xFF,0xB0,0x64,0x12,0xFF,0xB0,0x64,0x12,0xFF,0xB0,0x64,0x12,0xFF,0xB0,0x64,0x12,0xFF,0xB0,0x64,0x12,0xFF,0xB0,0x64,0x12,0xFF,0xB0,0x64,0x12,0xFF,0xB0,0x64,0x12,0xFF,0xB0,0x64,0x12,0xFF,0xB0,0x64,0x12,0xFF,0xB0,0x64,0x12,0xFF,
    0xB0,0x64,0x12,0xFF,0xB0,0x64,0x12,0xFF,0xB0,0x64,0x12,0xFF,0xB0,0x64,0x12,0xFF,0xB0,0x64,0x12,0xFF,0xB0,0x64,0x12,0xFF,0xB0,0x64,0x12,0xFF,0xB0,0x64,0x12,0xFF,0xB0,0x64,0x12,0xFF,0xB0,0x64,0x12,0xFF,0xB0,0x64,0x12,0xFF,0xB0,0x64,0x12,0xFF,0xB0,0x64,0x12,0xFF,0xB0,0x64,0x12,0xFF,0xB0,0x64,0x12,0xFF,0xB0,0x64,0x12,0xFF,
    0xB0,0x64,0x12,0xFF,0xB0,0x64,0x12,0xFF,0xB0,0x64,0x12,0xFF,0xB0,0x64,0x12,0xFF,0xB0,0x64,0x12,0xFF,0xB0,0x64,0x12,0xFF,0xB0,0x64,0x12,0xFF,0xB0,0x64,0x12,0xFF,0xB0,0x64,0x12,0xFF,0xB0,0x64,0x12,0xFF,0xB0,0x64,0x12,0xFF,0xB0,0x64,0x12,0xFF,0xB0,0x64,0x12,0xFF,0xB0,0x64,0x12,0xFF,0xB0,0x64,0x12,0xFF,0xB0,0x64,0x12,0xFF,
    0xB0,0x64,0x12,0xFF,0xB0,0x64,0x12,0xFF,0xB0,0x64,0x12,0xFF,0xB0,0x64,0x12,0xFF,0xB0,0x64,0x12,0xFF,0xB0,0x64,0x12,0xFF,0xB0,0x64,0x12,0xFF,0xB0,0x64,0x12,0xFF,0xB0,0x64,0x12,0xFF,0xB0,0x64,0x12,0xFF,0xB0,0x64,0x12,0xFF,0xB0,0x64,0x12,0xFF,0xB0,0x64,0x12,0xFF,0xB0,0x64,0x12,0xFF,0xB0,0x64,0x12,0xFF,0xB0,0x64,0x12,0xFF,
    0xB0,0x64,0x12,0xFF,0xB0,0x64,0x12,0xFF,0xB0,0x64,0x12,0xFF,0xB0,0x64,0x12,0xFF,0xB0,0x64,0x12,0xFF,0xB0,0x64,0x12,0xFF,0xB0,0x64,0x12,0xFF,0xB0,0x64,0x12,0xFF,0xB0,0x64,0x12,0xFF,0xB0,0x64,0x12,0xFF,0xB0,0x64,0x12,0xFF,0xB0,0x64,0x12,0xFF,0xB0,0x64,0x12,0xFF,0xB0,0x64,0x12,0xFF,0xB0,0x64,0x12,0xFF,0xB0,0x64,0x12,0xFF,
    0xB0,0x64,0x12,0xFF,0xB0,0x64,0x12,0xFF,0xB0,0x64,0x12,0xFF,0xB0,0x64,0x12,0xFF,0xB0,0x64,0x12,0xFF,0xB0,0x64,0x12,0xFF,0xB0,0x64,0x12,0xFF,0xB0,0x64,0x12,0xFF,0xB0,0x64,0x12,0xFF,0xB0,0x64,0x12,0xFF,0xB0,0x64,0x12,0xFF,0xB0,0x64,0x12,0xFF,0xB0,0x64,0x12,0xFF,0xB0,0x64,0x12,0xFF,0xB0,0x64,0x12,0xFF,0xB0,0x64,0x12,0xFF,
    0xB0,0x64,0x12,0xFF,0xB0,0x64,0x12,0xFF,0xB0,0x64,0x12,0xFF,0xB0,0x64,0x12,0xFF,0xB0,0x64,0x12,0xFF,0xB0,0x64,0x12,0xFF,0xB0,0x64,0x12,0xFF,0xB0,0x64,0x12,0xFF,0xB0,0x64,0x12,0xFF,0xB0,0x64,0x12,0xFF,0xB0,0x64,0x12,0xFF,0xB0,0x64,0x12,0xFF,0xB0,0x64,0x12,0xFF,0xB0,0x64,0x12,0xFF,0xB0,0x64,0x12,0xFF,0xB0,0x64,0x12,0xFF,
    0xB0,0x64,0x12,0xFF,0xB0,0x64,0x12,0xFF,0xB0,0x64,0x12,0xFF,0xB0,0x64,0x12,0xFF,0xB0,0x64,0x12,0xFF,0xB0,0x64,0x12,0xFF,0xB0,0x64,0x12,0xFF,0xB0,0x64,0x12,0xFF,0xB0,0x64,0x12,0xFF,0xB0,0x64,0x12,0xFF,0xB0,0x64,0x12,0xFF,0xB0,0x64,0x12,0xFF,0xB0,0x64,0x12,0xFF,0xB0,0x64,0x12,0xFF,0xB0,0x64,0x12,0xFF,0xB0,0x64,0x12,0xFF,
    0xB0,0x64,0x12,0xFF,0xB0,0x64,0x12,0xFF,0xB0,0x64,0x12,0xFF,0xB0,0x64,0x12,0xFF,0xB0,0x64,0x12,0xFF,0xB0,0x64,0x12,0xFF,0xB0,0x64,0x12,0xFF,0xB0,0x64,0x12,0xFF,0xB0,0x64,0x12,0xFF,0xB0,0x64,0x12,0xFF,0xB0,0x64,0x12,0xFF,0xB0,0x64,0x12,0xFF,0xB0,0x64,0x12,0xFF,0xB0,0x64,0x12,0xFF,0xB0,0x64,0x12,0xFF,0xB0,0x64,0x12,0xFF,
    0xB0,0x64,0x12,0xFF,0xB0,0x64,0x12,0xFF,0xB0,0x64,0x12,0xFF,0xB0,0x64,0x12,0xFF,0xB0,0x64,0x12,0xFF,0xB0,0x64,0x12,0xFF,0xB0,0x64,0x12,0xFF,0xB0,0x64,0x12,0xFF,0xB0,0x64,0x12,0xFF,0xB0,0x64,0x12,0xFF,0xB0,0x64,0x12,0xFF,0xB0,0x64,0x12,0xFF,0xB0,0x64,0x12,0xFF,0xB0,0x64,0x12,0xFF,0xB0,0x64,0x12,0xFF,0xB0,0x64,0x12,0xFF,
    0xB0,0x64,0x12,0xFF,0xB0,0x64,0x12,0xFF,0xB0,0x64,0x12,0xFF,0xB0,0x64,0x12,0xFF,0xB0,0x64,0x12,0xFF,0xB0,0x64,0x12,0xFF,0xB0,0x64,0x12,0xFF,0xB0,0x64,0x12,0xFF,0xB0,0x64,0x12,0xFF,0xB0,0x64,0x12,0xFF,0xB0,0x64,0x12,0xFF,0xB0,0x64,0x12,0xFF,0xB0,0x64,0x12,0xFF,0xB0,0x64,0x12,0xFF,0xB0,0x64,0x12,0xFF,0xB0,0x64,0x12,0xFF,
    0xB0,0x64,0x12,0xFF,0xB0,0x64,0x12,0xFF,0xB0,0x64,0x12,0xFF,0xB0,0x64,0x12,0xFF,0xB0,0x64,0x12,0xFF,0xB0,0x64,0x12,0xFF,0xB0,0x64,0x12,0xFF,0xB0,0x64,0x12,0xFF,0xB0,0x64,0x12,0xFF,0xB0,0x64,0x12,0xFF,0xB0,0x64,0x12,0xFF,0xB0,0x64,0x12,0xFF,0xB0,0x64,0x12,0xFF,0xB0,0x64,0x12,0xFF,0xB0,0x64,0x12,0xFF,0xB0,0x64,0x12,0xFF,
    0xB0,0x64,0x12,0xFF,0xB0,0x64,0x12,0xFF,0xB0,0x64,0x12,0xFF,0xB0,0x64,0x12,0xFF,0xB0,0x64,0x12,0xFF,0xB0,0x64,0x12,0xFF,0xB0,0x64,0x12,0xFF,0xB0,0x64,0x12,0xFF,0xB0,0x64,0x12,0xFF,0xB0,0x64,0x12,0xFF,0xB0,0x64,0x12,0xFF,0xB0,0x64,0x12,0xFF,0xB0,0x64,0x12,0xFF,0xB0,0x64,0x12,0xFF,0xB0,0x64,0x12,0xFF,0xB0,0x64,0x12,0xFF,
    0xB0,0x64,0x12,0xFF,0xB0,0x64,0x12,0xFF,0xB0,0x64,0x12,0xFF,0xB0,0x64,0x12,0xFF,0xB0,0x64,0x12,0xFF,0xB0,0x64,0x12,0xFF,0xB0,0x64,0x12,0xFF,0xB0,0x64,0x12,0xFF,0xB0,0x64,0x12,0xFF,0xB0,0x64,0x12,0xFF,0xB0,0x64,0x12,0xFF,0xB0,0x64,0x12,0xFF,0xB0,0x64,0x12,0xFF,0xB0,0x64,0x12,0xFF,0xB0,0x64,0x12,0xFF,0xB0,0x64,0x12,0xFF,
    0xB0,0x64,0x12,0xFF,0xB0,0x64,0x12,0xFF,0xB0,0x64,0x12,0xFF,0xB0,0x64,0x12,0xFF,0xB0,0x64,0x12,0xFF,0xB0,0x64,0x12,0xFF,0xB0,0x64,0x12,0xFF,0xB0,0x64,0x12,0xFF,0xB0,0x64,0x12,0xFF,0xB0,0x64,0x12,0xFF,0xB0,0x64,0x12,0xFF,0xB0,0x64,0x12,0xFF,0xB0,0x64,0x12,0xFF,0xB0,0x64,0x12,0xFF,0xB0,0x64,0x12,0xFF,0xB0,0x64,0x12,0xFF,
    0xB0,0x64,0x12,0xFF,0xB0,0x64,0x12,0xFF,0xB0,0x64,0x12,0xFF,0xB0,0x64,0x12,0xFF,0xB0,0x64,0x12,0xFF,0xB0,0x64,0x12,0xFF,0xB0,0x64,0x12,0xFF,0xB0,0x64,0x12,0xFF,0xB0,0x64,0x12,0xFF,0xB0,0x64,0x12,0xFF,0xB0,0x64,0x12,0xFF,0xB0,0x64,0x12,0xFF,0xB0,0x64,0x12,0xFF,0xB0,0x64,0x12,0xFF,0xB0,0x64,0x12,0xFF,0xB0,0x64,0x12,0xFF,
    0xB0,0x64,0x12,0xFF,0xB0,0x64,0x12,0xFF,0xB0,0x64,0x12,0xFF,0xB0,0x64,0x12,0xFF,0xB0,0x64,0x12,0xFF,0xB0,0x64,0x12,0xFF,0xB0,0x64,0x12,0xFF,0xB0,0x64,0x12,0xFF,0xB0,0x64,0x12,0xFF,0xB0,0x64,0x12,0xFF,0xB0,0x64,0x12,0xFF,0xB0,0x64,0x12,0xFF,0xB0,0x64,0x12,0xFF,0xB0,0x64,0x12,0xFF,0xB0,0x64,0x12,0xFF,0xB0,0x64,0x12,0xFF,
    0xB0,0x64,0x12,0xFF,0xB0,0x64,0x12,0xFF,0xB0,0x64,0x12,0xFF,0xB0,0x64,0x12,0xFF,0xB0,0x64,0x12,0xFF,0xB0,0x64,0x12,0xFF,0xB0,0x64,0x12,0xFF,0xB0,0x64,0x12,0xFF,0xB0,0x64,0x12,0xFF,0xB0,0x64,0x12,0xFF,0xB0,0x64,0x12,0xFF,0xB0,0x64,0x12,0xFF,0xB0,0x64,0x12,0xFF,0xB0,0x64,0x12,0xFF,0xB0,0x64,0x12,0xFF,0xB0,0x64,0x12,0xFF,
    0xB0,0x64,0x12,0xFF,0xB0,0x64,0x12,0xFF,0xB0,0x64,0x12,0xFF,0xB0,0x64,0x12,0xFF,0xB0,0x64,0x12,0xFF,0xB0,0x64,0x12,0xFF,0xB0,0x64,0x12,0xFF,0xB0,0x64,0x12,0xFF,0xB0,0x64,0x12,0xFF,0xB0,0x64,0x12,0xFF,0xB0,0x64,0x12,0xFF,0xB0,0x64,0x12,0xFF,0xB0,0x64,0x12,0xFF,0xB0,0x64,0x12,0xFF,0xB0,0x64,0x12,0xFF,0xB0,0x64,0x12,0xFF,
    0xB0,0x64,0x12,0xFF,0xB0,0x64,0x12,0xFF,0xB0,0x64,0x12,0xFF,0xB0,0x64,0x12,0xFF,0xB0,0x64,0x12,0xFF,0xB0,0x64,0x12,0xFF,0xB0,0x64,0x12,0xFF,0xB0,0x64,0x12,0xFF,0xB0,0x64,0x12,0xFF,0xB0,0x64,0x12,0xFF,0xB0,0x64,0x12,0xFF,0xB0,0x64,0x12,0xFF,0xB0,0x64,0x12,0xFF,0xB0,0x64,0x12,0xFF,0xB0,0x64,0x12,0xFF,0xB0,0x64,0x12,0xFF,
    0xB0,0x64,0x12,0xFF,0xB0,0x64,0x12,0xFF,0xB0,0x64,0x12,0xFF,0xB0,0x64,0x12,0xFF,0xB0,0x64,0x12,0xFF,0xB0,0x64,0x12,0xFF,0xB0,0x64,0x12,0xFF,0xB0,0x64,0x12,0xFF,0xB0,0x64,0x12,0xFF,0xB0,0x64,0x12,0xFF,0xB0,0x64,0x12,0xFF,0xB0,0x64,0x12,0xFF,0xB0,0x64,0x12,0xFF,0xB0,0x64,0x12,0xFF,0xB0,0x64,0x12,0xFF,0xB0,0x64,0x12,0xFF,
    0xB0,0x64,0x12,0xFF,0xB0,0x64,0x12,0xFF,0xB0,0x64,0x12,0xFF,0xB0,0x64,0x12,0xFF,0xB0,0x64,0x12,0xFF,0xB0,0x64,0x12,0xFF,0xB0,0x64,0x12,0xFF,0xB0,0x64,0x12,0xFF,0xB0,0x64,0x12,0xFF,0xB0,0x64,0x12,0xFF,0xB0,0x64,0x12,0xFF,0xB0,0x64,0x12,0xFF,0xB0,0x64,0x12,0xFF,0xB0,0x64,0x12,0xFF,0xB0,0x64,0x12,0xFF,0xB0,0x64,0x12,0xFF,
    0xB0,0x64,0x12,0xFF,0xB0,0x64,0x12,0xFF,0xB0,0x64,0x12,0xFF,0xB0,0x64,0x12,0xFF,0xB0,0x64,0x12,0xFF,0xB0,0x64,0x12,0xFF,0xB0,0x64,0x12,0xFF,0xB0,0x64,0x12,0xFF,0xB0,0x64,0x12,0xFF,0xB0,0x64,0x12,0xFF,0xB0,0x64,0x12,0xFF,0xB0,0x64,0x12,0xFF,0xB0,0x64,0x12,0xFF,0xB0,0x64,0x12,0xFF,0xB0,0x64,0x12,0xFF,0xB0,0x64,0x12,0xFF,
    0xB0,0x64,0x12,0xFF,0xB0,0x64,0x12,0xFF,0xB0,0x64,0x12,0xFF,0xB0,0x64,0x12,0xFF,0xB0,0x64,0x12,0xFF,0xB0,0x64,0x12,0xFF,0xB0,0x64,0x12,0xFF,0xB0,0x64,0x12,0xFF,0xB0,0x64,0x12,0xFF,0xB0,0x64,0x12,0xFF,0xB0,0x64,0x12,0xFF,0xB0,0x64,0x12,0xFF,0xB0,0x64,0x12,0xFF,0xB0,0x64,0x12,0xFF,0xB0,0x64,0x12,0xFF,0xB0,0x64,0x12,0xFF,
    0xB0,0x64,0x12,0xFF,0xB0,0x64,0x12,0xFF,0xB0,0x64,0x12,0xFF,0xB0,0x64,0x12,0xFF,0xB0,0x64,0x12,0xFF,0xB0,0x64,0x12,0xFF,0xB0,0x64,0x12,0xFF,0xB0,0x64,0x12,0xFF,0xB0,0x64,0x12,0xFF,0xB0,0x64,0x12,0xFF,0xB0,0x64,0x12,0xFF,0xB0,0x64,0x12,0xFF,0xB0,0x64,0x12,0xFF,0xB0,0x64,0x12,0xFF,0xB0,0x64,0x12,0xFF,0xB0,0x64,0x12,0xFF,
    0xB0,0x64,0x12,0xFF,0xB0,0x64,0x12,0xFF,0xB0,0x64,0x12,0xFF,0xB0,0x64,0x12,0xFF,0xB0,0x64,0x12,0xFF,0xB0,0x64,0x12,0xFF,0xB0,0x64,0x12,0xFF,0xB0,0x64,0x12,0xFF,0xB0,0x64,0x12,0xFF,0xB0,0x64,0x12,0xFF,0xB0,0x64,0x12,0xFF,0xB0,0x64,0x12,0xFF,0xB0,0x64,0x12,0xFF,0xB0,0x64,0x12,0xFF,0xB0,0x64,0x12,0xFF,0xB0,0x64,0x12,0xFF,
    0xB0,0x64,0x12,0xFF,0xB0,0x64,0x12,0xFF,0xB0,0x64,0x12,0xFF,0xB0,0x64,0x12,0xFF,0xB0,0x64,0x12,0xFF,0xB0,0x64,0x12,0xFF,0xB0,0x64,0x12,0xFF,0xB0,0x64,0x12,0xFF,0xB0,0x64,0x12,0xFF,0xB0,0x64,0x12,0xFF,0xB0,0x64,0x12,0xFF,0xB0,0x64,0x12,0xFF,0xB0,0x64,0x12,0xFF,0xB0,0x64,0x12,0xFF,0xB0,0x64,0x12,0xFF,0xB0,0x64,0x12,0xFF,
    0xB0,0x64,0x12,0xFF,0xB0,0x64,0x12,0xFF,0xB0,0x64,0x12,0xFF,0xB0,0x64,0x12,0xFF,0xB0,0x64,0x12,0xFF,0xB0,0x64,0x12,0xFF,0xB0,0x64,0x12,0xFF,0xB0,0x64,0x12,0xFF,0xB0,0x64,0x12,0xFF,0xB0,0x64,0x12,0xFF,0xB0,0x64,0x12,0xFF,0xB0,0x64,0x12,0xFF,0xB0,0x64,0x12,0xFF,0xB0,0x64,0x12,0xFF,0xB0,0x64,0x12,0xFF,0xB0,0x64,0x12,0xFF,
    0xB0,0x64,0x12,0xFF,0xB0,0x64,0x12,0xFF,0xB0,0x64,0x12,0xFF,0xB0,0x64,0x12,0xFF,0xB0,0x64,0x12,0xFF,0xB0,0x64,0x12,0xFF,0xB0,0x64,0x12,0xFF,0xB0,0x64,0x12,0xFF,0xB0,0x64,0x12,0xFF,0xB0,0x64,0x12,0xFF,0xB0,0x64,0x12,0xFF,0xB0,0x64,0x12,0xFF,0xB0,0x64,0x12,0xFF,0xB0,0x64,0x12,0xFF,0xB0,0x64,0x12,0xFF,0xB0,0x64,0x12,0xFF,
    0xB0,0x64,0x12,0xFF,0xB0,0x64,0x12,0xFF,0xB0,0x64,0x12,0xFF,0xB0,0x64,0x12,0xFF,0xB0,0x64,0x12,0xFF,0xB0,0x64,0x12,0xFF,0xB0,0x64,0x12,0xFF,0xB0,0x64,0x12,0xFF,0xB0,0x64,0x12,0xFF,0xB0,0x64,0x12,0xFF,0xB0,0x64,0x12,0xFF,0xB0,0x64,0x12,0xFF,0xB0,0x64,0x12,0xFF,0xB0,0x64,0x12,0xFF,0xB0,0x64,0x12,0xFF,0xB0,0x64,0x12,0xFF,
    0xB0,0x64,0x12,0xFF,0xB0,0x64,0x12,0xFF,0xB0,0x64,0x12,0xFF,0xB0,0x64,0x12,0xFF,0xB0,0x64,0x12,0xFF,0xB0,0x64,0x12,0xFF,0xB0,0x64,0x12,0xFF,0xB0,0x64,0x12,0xFF,0xB0,0x64,0x12,0xFF,0xB0,0x64,0x12,0xFF,0xB0,0x64,0x12,0xFF,0xB0,0x64,0x12,0xFF,0xB0,0x64,0x12,0xFF,0xB0,0x64,0x12,0xFF,0xB0,0x64,0x12,0xFF,0xB0,0x64,0x12,0xFF,
    0xB0,0x64,0x12,0xFF,0xB0,0x64,0x12,0xFF,0xB0,0x64,0x12,0xFF,0xB0,0x64,0x12,0xFF,0xB0,0x64,0x12,0xFF,0xB0,0x64,0x12,0xFF,0xB0,0x64,0x12,0xFF,0xB0,0x64,0x12,0xFF,0xB0,0x64,0x12,0xFF,0xB0,0x64,0x12,0xFF,0xB0,0x64,0x12,0xFF,0xB0,0x64,0x12,0xFF,0xB0,0x64,0x12,0xFF,0xB0,0x64,0x12,0xFF,0xB0,0x64,0x12,0xFF,0xB0,0x64,0x12,0xFF,
    0xB0,0x64,0x12,0xFF,0xB0,0x64,0x12,0xFF,0xB0,0x64,0x12,0xFF,0xB0,0x64,0x12,0xFF,0xB0,0x64,0x12,0xFF,0xB0,0x64,0x12,0xFF,0xB0,0x64,0x12,0xFF,0xB0,0x64,0x12,0xFF,0xB0,0x64,0x12,0xFF,0xB0,0x64,0x12,0xFF,0xB0,0x64,0x12,0xFF,0xB0,0x64,0x12,0xFF,0xB0,0x64,0x12,0xFF,0xB0,0x64,0x12,0xFF,0xB0,0x64,0x12,0xFF,0xB0,0x64,0x12,0xFF,
    0xB0,0x64,0x12,0xFF,0xB0,0x64,0x12,0xFF,0xB0,0x64,0x12,0xFF,0xB0,0x64,0x12,0xFF,0xB0,0x64,0x12,0xFF,0xB0,0x64,0x12,0xFF,0xB0,0x64,0x12,0xFF,0xB0,0x64,0x12,0xFF,0xB0,0x64,0x12,0xFF,0xB0,0x64,0x12,0xFF,0xB0,0x64,0x12,0xFF,0xB0,0x64,0x12,0xFF,0xB0,0x64,0x12,0xFF,0xB0,0x64,0x12,0xFF,0xB0,0x64,0x12,0xFF,0xB0,0x64,0x12,0xFF,
    0xB0,0x64,0x12,0xFF,0xB0,0x64,0x12,0xFF,0xB0,0x64,0x12,0xFF,0xB0,0x64,0x12,0xFF,0xB0,0x64,0x12,0xFF,0xB0,0x64,0x12,0xFF,0xB0,0x64,0x12,0xFF,0xB0,0x64,0x12,0xFF,0xB0,0x64,0x12,0xFF,0xB0,0x64,0x12,0xFF,0xB0,0x64,0x12,0xFF,0xB0,0x64,0x12,0xFF,0xB0,0x64,0x12,0xFF,0xB0,0x64,0x12,0xFF,0xB0,0x64,0x12,0xFF,0xB0,0x64,0x12,0xFF,
    0xB0,0x64,0x12,0xFF,0xB0,0x64,0x12,0xFF,0xB0,0x64,0x12,0xFF,0xB0,0x64,0x12,0xFF,0xB0,0x64,0x12,0xFF,0xB0,0x64,0x12,0xFF,0xB0,0x64,0x12,0xFF,0xB0,0x64,0x12,0xFF,0xB0,0x64,0x12,0xFF,0xB0,0x64,0x12,0xFF,0xB0,0x64,0x12,0xFF,0xB0,0x64,0x12,0xFF,0xB0,0x64,0x12,0xFF,0xB0,0x64,0x12,0xFF,0xB0,0x64,0x12,0xFF,0xB0,0x64,0x12,0xFF,
    0xB0,0x64,0x12,0xFF,0xB0,0x64,0x12,0xFF,0xB0,0x64,0x12,0xFF,0xB0,0x64,0x12,0xFF,0xB0,0x64,0x12,0xFF,0xB0,0x64,0x12,0xFF,0xB0,0x64,0x12,0xFF,0xB0,0x64,0x12,0xFF,0xB0,0x64,0x12,0xFF,0xB0,0x64,0x12,0xFF,0xB0,0x64,0x12,0xFF,0xB0,0x64,0x12,0xFF,0xB0,0x64,0x12,0xFF,0xB0,0x64,0x12,0xFF,0xB0,0x64,0x12,0xFF,0xB0,0x64,0x12,0xFF,
    0xB0,0x64,0x12,0xFF,0xB0,0x64,0x12,0xFF,0xB0,0x64,0x12,0xFF,0xB0,0x64,0x12,0xFF,0xB0,0x64,0x12,0xFF,0xB0,0x64,0x12,0xFF,0xB0,0x64,0x12,0xFF,0xB0,0x64,0x12,0xFF,0xB0,0x64,0x12,0xFF,0xB0,0x64,0x12,0xFF,0xB0,0x64,0x12,0xFF,0xB0,0x64,0x12,0xFF,0xB0,0x64,0x12,0xFF,0xB0,0x64,0x12,0xFF,0xB0,0x64,0x12,0xFF,0xB0,0x64,0x12,0xFF,
    0xB0,0x64,0x12,0xFF,0xB0,0x64,0x12,0xFF,0xB0,0x64,0x12,0xFF,0xB0,0x64,0x12,0xFF,0xB0,0x64,0x12,0xFF,0xB0,0x64,0x12,0xFF,0xB0,0x64,0x12,0xFF,0xB0,0x64,0x12,0xFF,0xB0,0x64,0x12,0xFF,0xB0,0x64,0x12,0xFF,0xB0,0x64,0x12,0xFF,0xB0,0x64,0x12,0xFF,0xB0,0x64,0x12,0xFF,0xB0,0x64,0x12,0xFF,0xB0,0x64,0x12,0xFF,0xB0,0x64,0x12,0xFF,
    0xB0,0x64,0x12,0xFF,0xB0,0x64,0x12,0xFF,0xB0,0x64,0x12,0xFF,0xB0,0x64,0x12,0xFF,0xB0,0x64,0x12,0xFF,0xB0,0x64,0x12,0xFF,0xB0,0x64,0x12,0xFF,0xB0,0x64,0x12,0xFF,0xB0,0x64,0x12,0xFF,0xB0,0x64,0x12,0xFF,0xB0,0x64,0x12,0xFF,0xB0,0x64,0x12,0xFF,0xB0,0x64,0x12,0xFF,0xB0,0x64,0x12,0xFF,0xB0,0x64,0x12,0xFF,0xB0,0x64,0x12,0xFF,
    0xB0,0x64,0x12,0xFF,0xB0,0x64,0x12,0xFF,0xB0,0x64,0x12,0xFF,0xB0,0x64,0x12,0xFF,0xB0,0x64,0x12,0xFF,0xB0,0x64,0x12,0xFF,0xB0,0x64,0x12,0xFF,0xB0,0x64,0x12,0xFF,0xB0,0x64,0x12,0xFF,0xB0,0x64,0x12,0xFF,0xB0,0x64,0x12,0xFF,0xB0,0x64,0x12,0xFF,0xB0,0x64,0x12,0xFF,0xB0,0x64,0x12,0xFF,0xB0,0x64,0x12,0xFF,0xB0,0x64,0x12,0xFF,
    0xB0,0x64,0x12,0xFF,0xB0,0x64,0x12,0xFF,0xB0,0x64,0x12,0xFF,0xB0,0x64,0x12,0xFF,0xB0,0x64,0x12,0xFF,0xB0,0x64,0x12,0xFF,0xB0,0x64,0x12,0xFF,0xB0,0x64,0x12,0xFF,0xB0,0x64,0x12,0xFF,0xB0,0x64,0x12,0xFF,0xB0,0x64,0x12,0xFF,0xB0,0x64,0x12,0xFF,0xB0,0x64,0x12,0xFF,0xB0,0x64,0x12,0xFF,0xB0,0x64,0x12,0xFF,0xB0,0x64,0x12,0xFF,
    0xB0,0x64,0x12,0xFF,0xB0,0x64,0x12,0xFF,0xB0,0x64,0x12,0xFF,0xB0,0x64,0x12,0xFF,0xB0,0x64,0x12,0xFF,0xB0,0x64,0x12,0xFF,0xB0,0x64,0x12,0xFF,0xB0,0x64,0x12,0xFF,0xB0,0x64,0x12,0xFF,0xB0,0x64,0x12,0xFF,0xB0,0x64,0x12,0xFF,0xB0,0x64,0x12,0xFF,0xB0,0x64,0x12,0xFF,0xB0,0x64,0x12,0xFF,0xB0,0x64,0x12,0xFF,0xB0,0x64,0x12,0xFF,
    0xB0,0x64,0x12,0xFF,0xB0,0x64,0x12,0xFF,0xB0,0x64,0x12,0xFF,0xB0,0x64,0x12,0xFF,0xB0,0x64,0x12,0xFF,0xB0,0x64,0x12,0xFF,0xB0,0x64,0x12,0xFF,0xB0,0x64,0x12,0xFF,0xB0,0x64,0x12,0xFF,0xB0,0x64,0x12,0xFF,0xB0,0x64,0x12,0xFF,0xB0,0x64,0x12,0xFF,0xB0,0x64,0x12,0xFF,0xB0,0x64,0x12,0xFF,0xB0,0x64,0x12,0xFF,0xB0,0x64,0x12,0xFF,
    0xB0,0x64,0x12,0xFF,0xB0,0x64,0x12,0xFF,0xB0,0x64,0x12,0xFF,0xB0,0x64,0x12,0xFF,0xB0,0x64,0x12,0xFF,0xB0,0x64,0x12,0xFF,0xB0,0x64,0x12,0xFF,0xB0,0x64,0x12,0xFF,0xB0,0x64,0x12,0xFF,0xB0,0x64,0x12,0xFF,0xB0,0x64,0x12,0xFF,0xB0,0x64,0x12,0xFF,0xB0,0x64,0x12,0xFF,0xB0,0x64,0x12,0xFF,0xB0,0x64,0x12,0xFF,0xB0,0x64,0x12,0xFF,
    0xB0,0x64,0x12,0xFF,0xB0,0x64,0x12,0xFF,0xB0,0x64,0x12,0xFF,0xB0,0x64,0x12,0xFF,0xB0,0x64,0x12,0xFF,0xB0,0x64,0x12,0xFF,0xB0,0x64,0x12,0xFF,0xB0,0x64,0x12,0xFF,0xB0,0x64,0x12,0xFF,0xB0,0x64,0x12,0xFF,0xB0,0x64,0x12,0xFF,0xB0,0x64,0x12,0xFF,0xB0,0x64,0x12,0xFF,0xB0,0x64,0x12,0xFF,0xB0,0x64,0x12,0xFF,0xB0,0x64,0x12,0xFF,
    0xB0,0x64,0x12,0xFF,0xB0,0x64,0x12,0xFF,0xB0,0x64,0x12,0xFF,0xB0,0x64,0x12,0xFF,0xB0,0x64,0x12,0xFF,0xB0,0x64,0x12,0xFF,0xB0,0x64,0x12,0xFF,0xB0,0x64,0x12,0xFF,0xB0,0x64,0x12,0xFF,0xB0,0x64,0x12,0xFF,0xB0,0x64,0x12,0xFF,0xB0,0x64,0x12,0xFF,0xB0,0x64,0x12,0xFF,0xB0,0x64,0x12,0xFF,0xB0,0x64,0x12,0xFF,0xB0,0x64,0x12,0xFF,
    0xB0,0x64,0x12,0xFF,0xB0,0x64,0x12,0xFF,0xB0,0x64,0x12,0xFF,0xB0,0x64,0x12,0xFF,0xB0,0x64,0x12,0xFF,0xB0,0x64,0x12,0xFF,0xB0,0x64,0x12,0xFF,0xB0,0x64,0x12,0xFF,0xB0,0x64,0x12,0xFF,0xB0,0x64,0x12,0xFF,0xB0,0x64,0x12,0xFF,0xB0,0x64,0x12,0xFF,0xB0,0x64,0x12,0xFF,0xB0,0x64,0x12,0xFF,0xB0,0x64,0x12,0xFF,0xB0,0x64,0x12,0xFF,
    0xB0,0x64,0x12,0xFF,0xB0,0x64,0x12,0xFF,0xB0,0x64,0x12,0xFF,0xB0,0x64,0x12,0xFF,0xB0,0x64,0x12,0xFF,0xB0,0x64,0x12,0xFF,0xB0,0x64,0x12,0xFF,0xB0,0x64,0x12,0xFF,0xB0,0x64,0x12,0xFF,0xB0,0x64,0x12,0xFF,0xB0,0x64,0x12,0xFF,0xB0,0x64,0x12,0xFF,0xB0,0x64,0x12,0xFF,0xB0,0x64,0x12,0xFF,0xB0,0x64,0x12,0xFF,0xB0,0x64,0x12,0xFF,
    0xB0,0x64,0x12,0xFF,0xB0,0x64,0x12,0xFF,0xB0,0x64,0x12,0xFF,0xB0,0x64,0x12,0xFF,0xB0,0x64,0x12,0xFF,0xB0,0x64,0x12,0xFF,0xB0,0x64,0x12,0xFF,0xB0,0x64,0x12,0xFF,0xB0,0x64,0x12,0xFF,0xB0,0x64,0x12,0xFF,0xB0,0x64,0x12,0xFF,0xB0,0x64,0x12,0xFF,0xB0,0x64,0x12,0xFF,0xB0,0x64,0x12,0xFF,0xB0,0x64,0x12,0xFF,0xB0,0x64,0x12,0xFF,
    0xB0,0x64,0x12,0xFF,0xB0,0x64,0x12,0xFF,0xB0,0x64,0x12,0xFF,0xB0,0x64,0x12,0xFF,0xB0,0x64,0x12,0xFF,0xB0,0x64,0x12,0xFF,0xB0,0x64,0x12,0xFF,0xB0,0x64,0x12,0xFF,0xB0,0x64,0x12,0xFF,0xB0,0x64,0x12,0xFF,0xB0,0x64,0x12,0xFF,0xB0,0x64,0x12,0xFF,0xB0,0x64,0x12,0xFF,0xB0,0x64,0x12,0xFF,0xB0,0x64,0x12,0xFF,0xB0,0x64,0x12,0xFF,
    0xB0,0x64,0x12,0xFF,0xB0,0x64,0x12,0xFF,0xB0,0x64,0x12,0xFF,0xB0,0x64,0x12,0xFF,0xB0,0x64,0x12,0xFF,0xB0,0x64,0x12,0xFF,0xB0,0x64,0x12,0xFF,0xB0,0x64,0x12,0xFF,0xB0,0x64,0x12,0xFF,0xB0,0x64,0x12,0xFF,0xB0,0x64,0x12,0xFF,0xB0,0x64,0x12,0xFF,0xB0,0x64,0x12,0xFF,0xB0,0x64,0x12,0xFF,0xB0,0x64,0x12,0xFF,0xB0,0x64,0x12,0xFF,
    0xB0,0x64,0x12,0xFF,0xB0,0x64,0x12,0xFF,0xB0,0x64,0x12,0xFF,0xB0,0x64,0x12,0xFF,0xB0,0x64,0x12,0xFF,0xB0,0x64,0x12,0xFF,0xB0,0x64,0x12,0xFF,0xB0,0x64,0x12,0xFF,0xB0,0x64,0x12,0xFF,0xB0,0x64,0x12,0xFF,0xB0,0x64,0x12,0xFF,0xB0,0x64,0x12,0xFF,0xB0,0x64,0x12,0xFF,0xB0,0x64,0x12,0xFF,0xB0,0x64,0x12,0xFF,0xB0,0x64,0x12,0xFF,
    0xB0,0x64,0x12,0xFF,0xB0,0x64,0x12,0xFF,0xB0,0x64,0x12,0xFF,0xB0,0x64,0x12,0xFF,0xB0,0x64,0x12,0xFF,0xB0,0x64,0x12,0xFF,0xB0,0x64,0x12,0xFF,0xB0,0x64,0x12,0xFF,0xB0,0x64,0x12,0xFF,0xB0,0x64,0x12,0xFF,0xB0,0x64,0x12,0xFF,0xB0,0x64,0x12,0xFF,0xB0,0x64,0x12,0xFF,0xB0,0x64,0x12,0xFF,0xB0,0x64,0x12,0xFF,0xB0,0x64,0x12,0xFF,
    0xB0,0x64,0x12,0xFF,0xB0,0x64,0x12,0xFF,0xB0,0x64,0x12,0xFF,0xB0,0x64,0x12,0xFF,0xB0,0x64,0x12,0xFF,0xB0,0x64,0x12,0xFF,0xB0,0x64,0x12,0xFF,0xB0,0x64,0x12,0xFF,0xB0,0x64,0x12,0xFF,0xB0,0x64,0x12,0xFF,0xB0,0x64,0x12,0xFF,0xB0,0x64,0x12,0xFF,0xB0,0x64,0x12,0xFF,0xB0,0x64,0x12,0xFF,0xB0,0x64,0x12,0xFF,0xB0,0x64,0x12,0xFF,
    0xB0,0x64,0x12,0xFF,0xB0,0x64,0x12,0xFF,0xB0,0x64,0x12,0xFF,0xB0,0x64,0x12,0xFF,0xB0,0x64,0x12,0xFF,0xB0,0x64,0x12,0xFF,0xB0,0x64,0x12,0xFF,0xB0,0x64,0x12,0xFF,0xB0,0x64,0x12,0xFF,0xB0,0x64,0x12,0xFF,0xB0,0x64,0x12,0xFF,0xB0,0x64,0x12,0xFF,0xB0,0x64,0x12,0xFF,0xB0,0x64,0x12,0xFF,0xB0,0x64,0x12,0xFF,0xB0,0x64,0x12,0xFF,
    0xB0,0x64,0x12,0xFF,0xB0,0x64,0x12,0xFF,0xB0,0x64,0x12,0xFF,0xB0,0x64,0x12,0xFF,0xB0,0x64,0x12,0xFF,0xB0,0x64,0x12,0xFF,0xB0,0x64,0x12,0xFF,0xB0,0x64,0x12,0xFF,0xB0,0x64,0x12,0xFF,0xB0,0x64,0x12,0xFF,0xB0,0x64,0x12,0xFF,0xB0,0x64,0x12,0xFF,0xB0,0x64,0x12,0xFF,0xB0,0x64,0x12,0xFF,0xB0,0x64,0x12,0xFF,0xB0,0x64,0x12,0xFF,
    0xB0,0x64,0x12,0xFF,0xB0,0x64,0x12,0xFF,0xB0,0x64,0x12,0xFF,0xB0,0x64,0x12,0xFF,0xB0,0x64,0x12,0xFF,0xB0,0x64,0x12,0xFF,0xB0,0x64,0x12,0xFF,0xB0,0x64,0x12,0xFF,0xB0,0x64,0x12,0xFF,0xB0,0x64,0x12,0xFF,0xB0,0x64,0x12,0xFF,0xB0,0x64,0x12,0xFF,0xB0,0x64,0x12,0xFF,0xB0,0x64,0x12,0xFF,0xB0,0x64,0x12,0xFF,0xB0,0x64,0x12,0xFF,
    0xB0,0x64,0x12,0xFF,0xB0,0x64,0x12,0xFF,0xB0,0x64,0x12,0xFF,0xB0,0x64,0x12,0xFF,0xB0,0x64,0x12,0xFF,0xB0,0x64,0x12,0xFF,0xB0,0x64,0x12,0xFF,0xB0,0x64,0x12,0xFF,0xB0,0x64,0x12,0xFF,0xB0,0x64,0x12,0xFF,0xB0,0x64,0x12,0xFF,0xB0,0x64,0x12,0xFF,0xB0,0x64,0x12,0xFF,0xB0,0x64,0x12,0xFF,0xB0,0x64,0x12,0xFF,0xB0,0x64,0x12,0xFF,
    0xB0,0x64,0x12,0xFF,0xB0,0x64,0x12,0xFF,0xB0,0x64,0x12,0xFF,0xB0,0x64,0x12,0xFF,0xB0,0x64,0x12,0xFF,0xB0,0x64,0x12,0xFF,0xB0,0x64,0x12,0xFF,0xB0,0x64,0x12,0xFF,0xB0,0x64,0x12,0xFF,0xB0,0x64,0x12,0xFF,0xB0,0x64,0x12,0xFF,0xB0,0x64,0x12,0xFF,0xB0,0x64,0x12,0xFF,0xB0,0x64,0x12,0xFF,0xB0,0x64,0x12,0xFF,0xB0,0x64,0x12,0xFF,
    0xB0,0x64,0x12,0xFF,0xB0,0x64,0x12,0xFF,0xB0,0x64,0x12,0xFF,0xB0,0x64,0x12,0xFF,0xB0,0x64,0x12,0xFF,0xB0,0x64,0x12,0xFF,0xB0,0x64,0x12,0xFF,0xB0,0x64,0x12,0xFF,0xB0,0x64,0x12,0xFF,0xB0,0x64,0x12,0xFF,0xB0,0x64,0x12,0xFF,0xB0,0x64,0x12,0xFF,0xB0,0x64,0x12,0xFF,0xB0,0x64,0x12,0xFF,0xB0,0x64,0x12,0xFF,0xB0,0x64,0x12,0xFF,
    0xB0,0x64,0x12,0xFF,0xB0,0x64,0x12,0xFF,0xB0,0x64,0x12,0xFF,0xB0,0x64,0x12,0xFF,0xB0,0x64,0x12,0xFF,0xB0,0x64,0x12,0xFF,0xB0,0x64,0x12,0xFF,0xB0,0x64,0x12,0xFF,0xB0,0x64,0x12,0xFF,0xB0,0x64,0x12,0xFF,0xB0,0x64,0x12,0xFF,0xB0,0x64,0x12,0xFF,0xB0,0x64,0x12,0xFF,0xB0,0x64,0x12,0xFF,0xB0,0x64,0x12,0xFF,0xB0,0x64,0x12,0xFF,
    0xB0,0x64,0x12,0xFF,0xB0,0x64,0x12,0xFF,0xB0,0x64,0x12,0xFF,0xB0,0x64,0x12,0xFF,0xB0,0x64,0x12,0xFF,0xB0,0x64,0x12,0xFF,0xB0,0x64,0x12,0xFF,0xB0,0x64,0x12,0xFF,0xB0,0x64,0x12,0xFF,0xB0,0x64,0x12,0xFF,0xB0,0x64,0x12,0xFF,0xB0,0x64,0x12,0xFF,0xB0,0x64,0x12,0xFF,0xB0,0x64,0x12,0xFF,0xB0,0x64,0x12,0xFF,0xB0,0x64,0x12,0xFF,
    0xB0,0x64,0x12,0xFF,0xB0,0x64,0x12,0xFF,0xB0,0x64,0x12,0xFF,0xB0,0x64,0x12,0xFF,0xB0,0x64,0x12,0xFF,0xB0,0x64,0x12,0xFF,0xB0,0x64,0x12,0xFF,0xB0,0x64,0x12,0xFF,0xB0,0x64,0x12,0xFF,0xB0,0x64,0x12,0xFF,0xB0,0x64,0x12,0xFF,0xB0,0x64,0x12,0xFF,0xB0,0x64,0x12,0xFF,0xB0,0x64,0x12,0xFF,0xB0,0x64,0x12,0xFF,0xB0,0x64,0x12,0xFF,
    0xB0,0x64,0x12,0xFF,0xB0,0x64,0x12,0xFF,0xB0,0x64,0x12,0xFF,0xB0,0x64,0x12,0xFF,0xB0,0x64,0x12,0xFF,0xB0,0x64,0x12,0xFF,0xB0,0x64,0x12,0xFF,0xB0,0x64,0x12,0xFF,0xB0,0x64,0x12,0xFF,0xB0,0x64,0x12,0xFF,0xB0,0x64,0x12,0xFF,0xB0,0x64,0x12,0xFF,0xB0,0x64,0x12,0xFF,0xB0,0x64,0x12,0xFF,0xB0,0x64,0x12,0xFF,0xB0,0x64,0x12,0xFF,
    0xB0,0x64,0x12,0xFF,0xB0,0x64,0x12,0xFF,0xB0,0x64,0x12,0xFF,0xB0,0x64,0x12,0xFF,0xB0,0x64,0x12,0xFF,0xB0,0x64,0x12,0xFF,0xB0,0x64,0x12,0xFF,0xB0,0x64,0x12,0xFF,0xB0,0x64,0x12,0xFF,0xB0,0x64,0x12,0xFF,0xB0,0x64,0x12,0xFF,0xB0,0x64,0x12,0xFF,0xB0,0x64,0x12,0xFF,0xB0,0x64,0x12,0xFF,0xB0,0x64,0x12,0xFF,0xB0,0x64,0x12,0xFF,
    0xB0,0x64,0x12,0xFF,0xB0,0x64,0x12,0xFF,0xB0,0x64,0x12,0xFF,0xB0,0x64,0x12,0xFF,0xB0,0x64,0x12,0xFF,0xB0,0x64,0x12,0xFF,0xB0,0x64,0x12,0xFF,0xB0,0x64,0x12,0xFF,0xB0,0x64,0x12,0xFF,0xB0,0x64,0x12,0xFF,0xB0,0x64,0x12,0xFF,0xB0,0x64,0x12,0xFF,0xB0,0x64,0x12,0xFF,0xB0,0x64,0x12,0xFF,0xB0,0x64,0x12,0xFF,0xB0,0x64,0x12,0xFF,
    0xB0,0x64,0x12,0xFF,0xB0,0x64,0x12,0xFF,0xB0,0x64,0x12,0xFF,0xB0,0x64,0x12,0xFF,0xB0,0x64,0x12,0xFF,0xB0,0x64,0x12,0xFF,0xB0,0x64,0x12,0xFF,0xB0,0x64,0x12,0xFF,0xB0,0x64,0x12,0xFF,0xB0,0x64,0x12,0xFF,0xB0,0x64,0x12,0xFF,0xB0,0x64,0x12,0xFF,0xB0,0x64,0x12,0xFF,0xB0,0x64,0x12,0xFF,0xB0,0x64,0x12,0xFF,0xB0,0x64,0x12,0xFF,
    0xB0,0x64,0x12,0xFF,0xB0,0x64,0x12,0xFF,0xB0,0x64,0x12,0xFF,0xB0,0x64,0x12,0xFF,0xB0,0x64,0x12,0xFF,0xB0,0x64,0x12,0xFF,0xB0,0x64,0x12,0xFF,0xB0,0x64,0x12,0xFF,0xB0,0x64,0x12,0xFF,0xB0,0x64,0x12,0xFF,0xB0,0x64,0x12,0xFF,0xB0,0x64,0x12,0xFF,0xB0,0x64,0x12,0xFF,0xB0,0x64,0x12,0xFF,0xB0,0x64,0x12,0xFF,0xB0,0x64,0x12,0xFF,
    0xB0,0x64,0x12,0xFF,0xB0,0x64,0x12,0xFF,0xB0,0x64,0x12,0xFF,0xB0,0x64,0x12,0xFF,0xB0,0x64,0x12,0xFF,0xB0,0x64,0x12,0xFF,0xB0,0x64,0x12,0xFF,0xB0,0x64,0x12,0xFF,0xB0,0x64,0x12,0xFF,0xB0,0x64,0x12,0xFF,0xB0,0x64,0x12,0xFF,0xB0,0x64,0x12,0xFF,0xB0,0x64,0x12,0xFF,0xB0,0x64,0x12,0xFF,0xB0,0x64,0x12,0xFF,0xB0,0x64,0x12,0xFF,
    0xB0,0x64,0x12,0xFF,0xB0,0x64,0x12,0xFF,0xB0,0x64,0x12,0xFF,0xB0,0x64,0x12,0xFF,0xB0,0x64,0x12,0xFF,0xB0,0x64,0x12,0xFF,0xB0,0x64,0x12,0xFF,0xB0,0x64,0x12,0xFF,0xB0,0x64,0x12,0xFF,0xB0,0x64,0x12,0xFF,0xB0,0x64,0x12,0xFF,0xB0,0x64,0x12,0xFF,0xB0,0x64,0x12,0xFF,0xB0,0x64,0x12,0xFF,0xB0,0x64,0x12,0xFF,0xB0,0x64,0x12,0xFF,
    0xB0,0x64,0x12,0xFF,0xB0,0x64,0x12,0xFF,0xB0,0x64,0x12,0xFF,0xB0,0x64,0x12,0xFF,0xB0,0x64,0x12,0xFF,0xB0,0x64,0x12,0xFF,0xB0,0x64,0x12,0xFF,0xB0,0x64,0x12,0xFF,0xB0,0x64,0x12,0xFF,0xB0,0x64,0x12,0xFF,0xB0,0x64,0x12,0xFF,0xB0,0x64,0x12,0xFF,0xB0,0x64,0x12,0xFF,0xB0,0x64,0x12,0xFF,0xB0,0x64,0x12,0xFF,0xB0,0x64,0x12,0xFF,
    0xB0,0x64,0x12,0xFF,0xB0,0x64,0x12,0xFF,0xB0,0x64,0x12,0xFF,0xB0,0x64,0x12,0xFF,0xB0,0x64,0x12,0xFF,0xB0,0x64,0x12,0xFF,0xB0,0x64,0x12,0xFF,0xB0,0x64,0x12,0xFF,0xB0,0x64,0x12,0xFF,0xB0,0x64,0x12,0xFF,0xB0,0x64,0x12,0xFF,0xB0,0x64,0x12,0xFF,0xB0,0x64,0x12,0xFF,0xB0,0x64,0x12,0xFF,0xB0,0x64,0x12,0xFF,0xB0,0x64,0x12,0xFF,
    0xB0,0x64,0x12,0xFF,0xB0,0x64,0x12,0xFF,0xB0,0x64,0x12,0xFF,0xB0,0x64,0x12,0xFF,0xB0,0x64,0x12,0xFF,0xB0,0x64,0x12,0xFF,0xB0,0x64,0x12,0xFF,0xB0,0x64,0x12,0xFF,0xB0,0x64,0x12,0xFF,0xB0,0x64,0x12,0xFF,0xB0,0x64,0x12,0xFF,0xB0,0x64,0x12,0xFF,0xB0,0x64,0x12,0xFF,0xB0,0x64,0x12,0xFF,0xB0,0x64,0x12,0xFF,0xB0,0x64,0x12,0xFF,
    0xB0,0x64,0x12,0xFF,0xB0,0x64,0x12,0xFF,0xB0,0x64,0x12,0xFF,0xB0,0x64,0x12,0xFF,0xB0,0x64,0x12,0xFF,0xB0,0x64,0x12,0xFF,0xB0,0x64,0x12,0xFF,0xB0,0x64,0x12,0xFF,0xB0,0x64,0x12,0xFF,0xB0,0x64,0x12,0xFF,0xB0,0x64,0x12,0xFF,0xB0,0x64,0x12,0xFF,0xB0,0x64,0x12,0xFF,0xB0,0x64,0x12,0xFF,0xB0,0x64,0x12,0xFF,0xB0,0x64,0x12,0xFF,
    0xB0,0x64,0x12,0xFF,0xB0,0x64,0x12,0xFF,0xB0,0x64,0x12,0xFF,0xB0,0x64,0x12,0xFF,0xB0,0x64,0x12,0xFF,0xB0,0x64,0x12,0xFF,0xB0,0x64,0x12,0xFF,0xB0,0x64,0x12,0xFF,0xB0,0x64,0x12,0xFF,0xB0,0x64,0x12,0xFF,0xB0,0x64,0x12,0xFF,0xB0,0x64,0x12,0xFF,0xB0,0x64,0x12,0xFF,0xB0,0x64,0x12,0xFF,0xB0,0x64,0x12,0xFF,0xB0,0x64,0x12,0xFF,
    0xB0,0x64,0x12,0xFF,0xB0,0x64,0x12,0xFF,0xB0,0x64,0x12,0xFF,0xB0,0x64,0x12,0xFF,0xB0,0x64,0x12,0xFF,0xB0,0x64,0x12,0xFF,0xB0,0x64,0x12,0xFF,0xB0,0x64,0x12,0xFF,0xB0,0x64,0x12,0xFF,0xB0,0x64,0x12,0xFF,0xB0,0x64,0x12,0xFF,0xB0,0x64,0x12,0xFF,0xB0,0x64,0x12,0xFF,0xB0,0x64,0x12,0xFF,0xB0,0x64,0x12,0xFF,0xB0,0x64,0x12,0xFF,
    0xB0,0x64,0x12,0xFF,0xB0,0x64,0x12,0xFF,0xB0,0x64,0x12,0xFF,0xB0,0x64,0x12,0xFF,0xB0,0x64,0x12,0xFF,0xB0,0x64,0x12,0xFF,0xB0,0x64,0x12,0xFF,0xB0,0x64,0x12,0xFF,0xB0,0x64,0x12,0xFF,0xB0,0x64,0x12,0xFF,0xB0,0x64,0x12,0xFF,0xB0,0x64,0x12,0xFF,0xB0,0x64,0x12,0xFF,0xB0,0x64,0x12,0xFF,0xB0,0x64,0x12,0xFF,0xB0,0x64,0x12,0xFF,
    0xB0,0x64,0x12,0xFF,0xB0,0x64,0x12,0xFF,0xB0,0x64,0x12,0xFF,0xB0,0x64,0x12,0xFF,0xB0,0x64,0x12,0xFF,0xB0,0x64,0x12,0xFF,0xB0,0x64,0x12,0xFF,0xB0,0x64,0x12,0xFF,0xB0,0x64,0x12,0xFF,0xB0,0x64,0x12,0xFF,0xB0,0x64,0x12,0xFF,0xB0,0x64,0x12,0xFF,0xB0,0x64,0x12,0xFF,0xB0,0x64,0x12,0xFF,0xB0,0x64,0x12,0xFF,0xB0,0x64,0x12,0xFF,
    0xB0,0x64,0x12,0xFF,0xB0,0x64,0x12,0xFF,0xB0,0x64,0x12,0xFF,0xB0,0x64,0x12,0xFF,0xB0,0x64,0x12,0xFF,0xB0,0x64,0x12,0xFF,0xB0,0x64,0x12,0xFF,0xB0,0x64,0x12,0xFF,0xB0,0x64,0x12,0xFF,0xB0,0x64,0x12,0xFF,0xB0,0x64,0x12,0xFF,0xB0,0x64,0x12,0xFF,0xB0,0x64,0x12,0xFF,0xB0,0x64,0x12,0xFF,0xB0,0x64,0x12,0xFF,0xB0,0x64,0x12,0xFF,
    0xB0,0x64,0x12,0xFF,0xB0,0x64,0x12,0xFF,0xB0,0x64,0x12,0xFF,0xB0,0x64,0x12,0xFF,0xB0,0x64,0x12,0xFF,0xB0,0x64,0x12,0xFF,0xB0,0x64,0x12,0xFF,0xB0,0x64,0x12,0xFF,0xB0,0x64,0x12,0xFF,0xB0,0x64,0x12,0xFF,0xB0,0x64,0x12,0xFF,0xB0,0x64,0x12,0xFF,0xB0,0x64,0x12,0xFF,0xB0,0x64,0x12,0xFF,0xB0,0x64,0x12,0xFF,0xB0,0x64,0x12,0xFF,
    0xB0,0x64,0x12,0xFF,0xB0,0x64,0x12,0xFF,0xB0,0x64,0x12,0xFF,0xB0,0x64,0x12,0xFF,0xB0,0x64,0x12,0xFF,0xB0,0x64,0x12,0xFF,0xB0,0x64,0x12,0xFF,0xB0,0x64,0x12,0xFF,0xB0,0x64,0x12,0xFF,0xB0,0x64,0x12,0xFF,0xB0,0x64,0x12,0xFF,0xB0,0x64,0x12,0xFF,0xB0,0x64,0x12,0xFF,0xB0,0x64,0x12,0xFF,0xB0,0x64,0x12,0xFF,0xB0,0x64,0x12,0xFF,
    0xB0,0x64,0x12,0xFF,0xB0,0x64,0x12,0xFF,0xB0,0x64,0x12,0xFF,0xB0,0x64,0x12,0xFF,0xB0,0x64,0x12,0xFF,0xB0,0x64,0x12,0xFF,0xB0,0x64,0x12,0xFF,0xB0,0x64,0x12,0xFF,0xB0,0x64,0x12,0xFF,0xB0,0x64,0x12,0xFF,0xB0,0x64,0x12,0xFF,0xB0,0x64,0x12,0xFF,0xB0,0x64,0x12,0xFF,0xB0,0x64,0x12,0xFF,0xB0,0x64,0x12,0xFF,0xB0,0x64,0x12,0xFF,
    0xB0,0x64,0x12,0xFF,0xB0,0x64,0x12,0xFF,0xB0,0x64,0x12,0xFF,0xB0,0x64,0x12,0xFF,0xB0,0x64,0x12,0xFF,0xB0,0x64,0x12,0xFF,0xB0,0x64,0x12,0xFF,0xB0,0x64,0x12,0xFF,0xB0,0x64,0x12,0xFF,0xB0,0x64,0x12,0xFF,0xB0,0x64,0x12,0xFF,0xB0,0x64,0x12,0xFF,0xB0,0x64,0x12,0xFF,0xB0,0x64,0x12,0xFF,0xB0,0x64,0x12,0xFF,0xB0,0x64,0x12,0xFF,
    0xB0,0x64,0x12,0xFF,0xB0,0x64,0x12,0xFF,0xB0,0x64,0x12,0xFF,0xB0,0x64,0x12,0xFF,0xB0,0x64,0x12,0xFF,0xB0,0x64,0x12,0xFF,0xB0,0x64,0x12,0xFF,0xB0,0x64,0x12,0xFF,0xB0,0x64,0x12,0xFF,0xB0,0x64,0x12,0xFF,0xB0,0x64,0x12,0xFF,0xB0,0x64,0x12,0xFF,0xB0,0x64,0x12,0xFF,0xB0,0x64,0x12,0xFF,0xB0,0x64,0x12,0xFF,0xB0,0x64,0x12,0xFF,
    0xB0,0x64,0x12,0xFF,0xB0,0x64,0x12,0xFF,0xB0,0x64,0x12,0xFF,0xB0,0x64,0x12,0xFF,0xB0,0x64,0x12,0xFF,0xB0,0x64,0x12,0xFF,0xB0,0x64,0x12,0xFF,0xB0,0x64,0x12,0xFF,0xB0,0x64,0x12,0xFF,0xB0,0x64,0x12,0xFF,0xB0,0x64,0x12,0xFF,0xB0,0x64,0x12,0xFF,0xB0,0x64,0x12,0xFF,0xB0,0x64,0x12,0xFF,0xB0,0x64,0x12,0xFF,0xB0,0x64,0x12,0xFF,
    0xB0,0x64,0x12,0xFF,0xB0,0x64,0x12,0xFF,0xB0,0x64,0x12,0xFF,0xB0,0x64,0x12,0xFF,0xB0,0x64,0x12,0xFF,0xB0,0x64,0x12,0xFF,0xB0,0x64,0x12,0xFF,0xB0,0x64,0x12,0xFF,0xB0,0x64,0x12,0xFF,0xB0,0x64,0x12,0xFF,0xB0,0x64,0x12,0xFF,0xB0,0x64,0x12,0xFF,0xB0,0x64,0x12,0xFF,0xB0,0x64,0x12,0xFF,0xB0,0x64,0x12,0xFF,0xB0,0x64,0x12,0xFF,
    0xB0,0x64,0x12,0xFF,0xB0,0x64,0x12,0xFF,0xB0,0x64,0x12,0xFF,0xB0,0x64,0x12,0xFF,0xB0,0x64,0x12,0xFF,0xB0,0x64,0x12,0xFF,0xB0,0x64,0x12,0xFF,0xB0,0x64,0x12,0xFF,0xB0,0x64,0x12,0xFF,0xB0,0x64,0x12,0xFF,0xB0,0x64,0x12,0xFF,0xB0,0x64,0x12,0xFF,0xB0,0x64,0x12,0xFF,0xB0,0x64,0x12,0xFF,0xB0,0x64,0x12,0xFF,0xB0,0x64,0x12,0xFF,
    0xB0,0x64,0x12,0xFF,0xB0,0x64,0x12,0xFF,0xB0,0x64,0x12,0xFF,0xB0,0x64,0x12,0xFF,0xB0,0x64,0x12,0xFF,0xB0,0x64,0x12,0xFF,0xB0,0x64,0x12,0xFF,0xB0,0x64,0x12,0xFF,0xB0,0x64,0x12,0xFF,0xB0,0x64,0x12,0xFF,0xB0,0x64,0x12,0xFF,0xB0,0x64,0x12,0xFF,0xB0,0x64,0x12,0xFF,0xB0,0x64,0x12,0xFF,0xB0,0x64,0x12,0xFF,0xB0,0x64,0x12,0xFF,
    0xB0,0x64,0x12,0xFF,0xB0,0x64,0x12,0xFF,0xB0,0x64,0x12,0xFF,0xB0,0x64,0x12,0xFF,0xB0,0x64,0x12,0xFF,0xB0,0x64,0x12,0xFF,0xB0,0x64,0x12,0xFF,0xB0,0x64,0x12,0xFF,0xB0,0x64,0x12,0xFF,0xB0,0x64,0x12,0xFF,0xB0,0x64,0x12,0xFF,0xB0,0x64,0x12,0xFF,0xB0,0x64,0x12,0xFF,0xB0,0x64,0x12,0xFF,0xB0,0x64,0x12,0xFF,0xB0,0x64,0x12,0xFF,
    0xB0,0x64,0x12,0xFF,0xB0,0x64,0x12,0xFF,0xB0,0x64,0x12,0xFF,0xB0,0x64,0x12,0xFF,0xB0,0x64,0x12,0xFF,0xB0,0x64,0x12,0xFF,0xB0,0x64,0x12,0xFF,0xB0,0x64,0x12,0xFF,0xB0,0x64,0x12,0xFF,0xB0,0x64,0x12,0xFF,0xB0,0x64,0x12,0xFF,0xB0,0x64,0x12,0xFF,0xB0,0x64,0x12,0xFF,0xB0,0x64,0x12,0xFF,0xB0,0x64,0x12,0xFF,0xB0,0x64,0x12,0xFF,
    0xB0,0x64,0x12,0xFF,0xB0,0x64,0x12,0xFF,0xB0,0x64,0x12,0xFF,0xB0,0x64,0x12,0xFF,0xB0,0x64,0x12,0xFF,0xB0,0x64,0x12,0xFF,0xB0,0x64,0x12,0xFF,0xB0,0x64,0x12,0xFF,0xB0,0x64,0x12,0xFF,0xB0,0x64,0x12,0xFF,0xB0,0x64,0x12,0xFF,0xB0,0x64,0x12,0xFF,0xB0,0x64,0x12,0xFF,0xB0,0x64,0x12,0xFF,0xB0,0x64,0x12,0xFF,0xB0,0x64,0x12,0xFF,
    0xB0,0x64,0x12,0xFF,0xB0,0x64,0x12,0xFF,0xB0,0x64,0x12,0xFF,0xB0,0x64,0x12,0xFF,0xB0,0x64,0x12,0xFF,0xB0,0x64,0x12,0xFF,0xB0,0x64,0x12,0xFF,0xB0,0x64,0x12,0xFF,0xB0,0x64,0x12,0xFF,0xB0,0x64,0x12,0xFF,0xB0,0x64,0x12,0xFF,0xB0,0x64,0x12,0xFF,0xB0,0x64,0x12,0xFF,0xB0,0x64,0x12,0xFF,0xB0,0x64,0x12,0xFF,0xB0,0x64,0x12,0xFF,
    0xB0,0x64,0x12,0xFF,0xB0,0x64,0x12,0xFF,0xB0,0x64,0x12,0xFF,0xB0,0x64,0x12,0xFF,0xB0,0x64,0x12,0xFF,0xB0,0x64,0x12,0xFF,0xB0,0x64,0x12,0xFF,0xB0,0x64,0x12,0xFF,0xB0,0x64,0x12,0xFF,0xB0,0x64,0x12,0xFF,0xB0,0x64,0x12,0xFF,0xB0,0x64,0x12,0xFF,0xB0,0x64,0x12,0xFF,0xB0,0x64,0x12,0xFF,0xB0,0x64,0x12,0xFF,0xB0,0x64,0x12,0xFF,
    0xB0,0x64,0x12,0xFF,0xB0,0x64,0x12,0xFF,0xB0,0x64,0x12,0xFF,0xB0,0x64,0x12,0xFF,0xB0,0x64,0x12,0xFF,0xB0,0x64,0x12,0xFF,0xB0,0x64,0x12,0xFF,0xB0,0x64,0x12,0xFF,0xB0,0x64,0x12,0xFF,0xB0,0x64,0x12,0xFF,0xB0,0x64,0x12,0xFF,0xB0,0x64,0x12,0xFF,0xB0,0x64,0x12,0xFF,0xB0,0x64,0x12,0xFF,0xB0,0x64,0x12,0xFF,0xB0,0x64,0x12,0xFF,
    0xB0,0x64,0x12,0xFF,0xB0,0x64,0x12,0xFF,0xB0,0x64,0x12,0xFF,0xB0,0x64,0x12,0xFF,0xB0,0x64,0x12,0xFF,0xB0,0x64,0x12,0xFF,0xB0,0x64,0x12,0xFF,0xB0,0x64,0x12,0xFF,0xB0,0x64,0x12,0xFF,0xB0,0x64,0x12,0xFF,0xB0,0x64,0x12,0xFF,0xB0,0x64,0x12,0xFF,0xB0,0x64,0x12,0xFF,0xB0,0x64,0x12,0xFF,0xB0,0x64,0x12,0xFF,0xB0,0x64,0x12,0xFF,
    0xB0,0x64,0x12,0xFF,0xB0,0x64,0x12,0xFF,0xB0,0x64,0x12,0xFF,0xB0,0x64,0x12,0xFF,0xB0,0x64,0x12,0xFF,0xB0,0x64,0x12,0xFF,0xB0,0x64,0x12,0xFF,0xB0,0x64,0x12,0xFF,0xB0,0x64,0x12,0xFF,0xB0,0x64,0x12,0xFF,0xB0,0x64,0x12,0xFF,0xB0,0x64,0x12,0xFF,0xB0,0x64,0x12,0xFF,0xB0,0x64,0x12,0xFF,0xB0,0x64,0x12,0xFF,0xB0,0x64,0x12,0xFF,
    0xB0,0x64,0x12,0xFF,0xB0,0x64,0x12,0xFF,0xB0,0x64,0x12,0xFF,0xB0,0x64,0x12,0xFF,0xB0,0x64,0x12,0xFF,0xB0,0x64,0x12,0xFF,0xB0,0x64,0x12,0xFF,0xB0,0x64,0x12,0xFF,0xB0,0x64,0x12,0xFF,0xB0,0x64,0x12,0xFF,0xB0,0x64,0x12,0xFF,0xB0,0x64,0x12,0xFF,0xB0,0x64,0x12,0xFF,0xB0,0x64,0x12,0xFF,0xB0,0x64,0x12,0xFF,0xB0,0x64,0x12,0xFF,
    0xB0,0x64,0x12,0xFF,0xB0,0x64,0x12,0xFF,0xB0,0x64,0x12,0xFF,0xB0,0x64,0x12,0xFF,0xB0,0x64,0x12,0xFF,0xB0,0x64,0x12,0xFF,0xB0,0x64,0x12,0xFF,0xB0,0x64,0x12,0xFF,0xB0,0x64,0x12,0xFF,0xB0,0x64,0x12,0xFF,0xB0,0x64,0x12,0xFF,0xB0,0x64,0x12,0xFF,0xB0,0x64,0x12,0xFF,0xB0,0x64,0x12,0xFF,0xB0,0x64,0x12,0xFF,0xB0,0x64,0x12,0xFF,
    0xB0,0x64,0x12,0xFF,0xB0,0x64,0x12,0xFF,0xB0,0x64,0x12,0xFF,0xB0,0x64,0x12,0xFF,0xB0,0x64,0x12,0xFF,0xB0,0x64,0x12,0xFF,0xB0,0x64,0x12,0xFF,0xB0,0x64,0x12,0xFF,0xB0,0x64,0x12,0xFF,0xB0,0x64,0x12,0xFF,0xB0,0x64,0x12,0xFF,0xB0,0x64,0x12,0xFF,0xB0,0x64,0x12,0xFF,0xB0,0x64,0x12,0xFF,0xB0,0x64,0x12,0xFF,0xB0,0x64,0x12,0xFF,
    0xB0,0x64,0x12,0xFF,0xB0,0x64,0x12,0xFF,0xB0,0x64,0x12,0xFF,0xB0,0x64,0x12,0xFF,0xB0,0x64,0x12,0xFF,0xB0,0x64,0x12,0xFF,0xB0,0x64,0x12,0xFF,0xB0,0x64,0x12,0xFF,0xB0,0x64,0x12,0xFF,0xB0,0x64,0x12,0xFF,0xB0,0x64,0x12,0xFF,0xB0,0x64,0x12,0xFF,0xB0,0x64,0x12,0xFF,0xB0,0x64,0x12,0xFF,0xB0,0x64,0x12,0xFF,0xB0,0x64,0x12,0xFF,
    0xB0,0x64,0x12,0xFF,0xB0,0x64,0x12,0xFF,0xB0,0x64,0x12,0xFF,0xB0,0x64,0x12,0xFF,0xB0,0x64,0x12,0xFF,0xB0,0x64,0x12,0xFF,0xB0,0x64,0x12,0xFF,0xB0,0x64,0x12,0xFF,0xB0,0x64,0x12,0xFF,0xB0,0x64,0x12,0xFF,0xB0,0x64,0x12,0xFF,0xB0,0x64,0x12,0xFF,0xB0,0x64,0x12,0xFF,0xB0,0x64,0x12,0xFF,0xB0,0x64,0x12,0xFF,0xB0,0x64,0x12,0xFF,
    0xB0,0x64,0x12,0xFF,0xB0,0x64,0x12,0xFF,0xB0,0x64,0x12,0xFF,0xB0,0x64,0x12,0xFF,0xB0,0x64,0x12,0xFF,0xB0,0x64,0x12,0xFF,0xB0,0x64,0x12,0xFF,0xB0,0x64,0x12,0xFF,0xB0,0x64,0x12,0xFF,0xB0,0x64,0x12,0xFF,0xB0,0x64,0x12,0xFF,0xB0,0x64,0x12,0xFF,0xB0,0x64,0x12,0xFF,0xB0,0x64,0x12,0xFF,0xB0,0x64,0x12,0xFF,0xB0,0x64,0x12,0xFF,
    0xB0,0x64,0x12,0xFF,0xB0,0x64,0x12,0xFF,0xB0,0x64,0x12,0xFF,0xB0,0x64,0x12,0xFF,0xB0,0x64,0x12,0xFF,0xB0,0x64,0x12,0xFF,0xB0,0x64,0x12,0xFF,0xB0,0x64,0x12,0xFF,0xB0,0x64,0x12,0xFF,0xB0,0x64,0x12,0xFF,0xB0,0x64,0x12,0xFF,0xB0,0x64,0x12,0xFF,0xB0,0x64,0x12,0xFF,0xB0,0x64,0x12,0xFF,0xB0,0x64,0x12,0xFF,0xB0,0x64,0x12,0xFF,
    0xB0,0x64,0x12,0xFF,0xB0,0x64,0x12,0xFF,0xB0,0x64,0x12,0xFF,0xB0,0x64,0x12,0xFF,0xB0,0x64,0x12,0xFF,0xB0,0x64,0x12,0xFF,0xB0,0x64,0x12,0xFF,0xB0,0x64,0x12,0xFF,0xB0,0x64,0x12,0xFF,0xB0,0x64,0x12,0xFF,0xB0,0x64,0x12,0xFF,0xB0,0x64,0x12,0xFF,0xB0,0x64,0x12,0xFF,0xB0,0x64,0x12,0xFF,0xB0,0x64,0x12,0xFF,0xB0,0x64,0x12,0xFF,
    0xB0,0x64,0x12,0xFF,0xB0,0x64,0x12,0xFF,0xB0,0x64,0x12,0xFF,0xB0,0x64,0x12,0xFF,0xB0,0x64,0x12,0xFF,0xB0,0x64,0x12,0xFF,0xB0,0x64,0x12,0xFF,0xB0,0x64,0x12,0xFF,0xB0,0x64,0x12,0xFF,0xB0,0x64,0x12,0xFF,0xB0,0x64,0x12,0xFF,0xB0,0x64,0x12,0xFF,0xB0,0x64,0x12,0xFF,0xB0,0x64,0x12,0xFF,0xB0,0x64,0x12,0xFF,0xB0,0x64,0x12,0xFF,
    0xB0,0x64,0x12,0xFF,0xB0,0x64,0x12,0xFF,0xB0,0x64,0x12,0xFF,0xB0,0x64,0x12,0xFF,0xB0,0x64,0x12,0xFF,0xB0,0x64,0x12,0xFF,0xB0,0x64,0x12,0xFF,0xB0,0x64,0x12,0xFF,0xB0,0x64,0x12,0xFF,0xB0,0x64,0x12,0xFF,0xB0,0x64,0x12,0xFF,0xB0,0x64,0x12,0xFF,0xB0,0x64,0x12,0xFF,0xB0,0x64,0x12,0xFF,0xB0,0x64,0x12,0xFF,0xB0,0x64,0x12,0xFF,
    0xB0,0x64,0x12,0xFF,0xB0,0x64,0x12,0xFF,0xB0,0x64,0x12,0xFF,0xB0,0x64,0x12,0xFF,0xB0,0x64,0x12,0xFF,0xB0,0x64,0x12,0xFF,0xB0,0x64,0x12,0xFF,0xB0,0x64,0x12,0xFF,0xB0,0x64,0x12,0xFF,0xB0,0x64,0x12,0xFF,0xB0,0x64,0x12,0xFF,0xB0,0x64,0x12,0xFF,0xB0,0x64,0x12,0xFF,0xB0,0x64,0x12,0xFF,0xB0,0x64,0x12,0xFF,0xB0,0x64,0x12,0xFF,
    0xB0,0x64,0x12,0xFF,0xB0,0x64,0x12,0xFF,0xB0,0x64,0x12,0xFF,0xB0,0x64,0x12,0xFF,0xB0,0x64,0x12,0xFF,0xB0,0x64,0x12,0xFF,0xB0,0x64,0x12,0xFF,0xB0,0x64,0x12,0xFF,0xB0,0x64,0x12,0xFF,0xB0,0x64,0x12,0xFF,0xB0,0x64,0x12,0xFF,0xB0,0x64,0x12,0xFF,0xB0,0x64,0x12,0xFF,0xB0,0x64,0x12,0xFF,0xB0,0x64,0x12,0xFF,0xB0,0x64,0x12,0xFF,
    0xB0,0x64,0x12,0xFF,0xB0,0x64,0x12,0xFF,0xB0,0x64,0x12,0xFF,0xB0,0x64,0x12,0xFF,0xB0,0x64,0x12,0xFF,0xB0,0x64,0x12,0xFF,0xB0,0x64,0x12,0xFF,0xB0,0x64,0x12,0xFF,0xB0,0x64,0x12,0xFF,0xB0,0x64,0x12,0xFF,0xB0,0x64,0x12,0xFF,0xB0,0x64,0x12,0xFF,0xB0,0x64,0x12,0xFF,0xB0,0x64,0x12,0xFF,0xB0,0x64,0x12,0xFF,0xB0,0x64,0x12,0xFF,
    0xB0,0x64,0x12,0xFF,0xB0,0x64,0x12,0xFF,0xB0,0x64,0x12,0xFF,0xB0,0x64,0x12,0xFF,0xB0,0x64,0x12,0xFF,0xB0,0x64,0x12,0xFF,0xB0,0x64,0x12,0xFF,0xB0,0x64,0x12,0xFF,0xB0,0x64,0x12,0xFF,0xB0,0x64,0x12,0xFF,0xB0,0x64,0x12,0xFF,0xB0,0x64,0x12,0xFF,0xB0,0x64,0x12,0xFF,0xB0,0x64,0x12,0xFF,0xB0,0x64,0x12,0xFF,0xB0,0x64,0x12,0xFF,
    0xB0,0x64,0x12,0xFF,0xB0,0x64,0x12,0xFF,0xB0,0x64,0x12,0xFF,0xB0,0x64,0x12,0xFF,0xB0,0x64,0x12,0xFF,0xB0,0x64,0x12,0xFF,0xB0,0x64,0x12,0xFF,0xB0,0x64,0x12,0xFF,0xB0,0x64,0x12,0xFF,0xB0,0x64,0x12,0xFF,0xB0,0x64,0x12,0xFF,0xB0,0x64,0x12,0xFF,0xB0,0x64,0x12,0xFF,0xB0,0x64,0x12,0xFF,0xB0,0x64,0x12,0xFF,0xB0,0x64,0x12,0xFF,
    0xB0,0x64,0x12,0xFF,0xB0,0x64,0x12,0xFF,0xB0,0x64,0x12,0xFF,0xB0,0x64,0x12,0xFF,0xB0,0x64,0x12,0xFF,0xB0,0x64,0x12,0xFF,0xB0,0x64,0x12,0xFF,0xB0,0x64,0x12,0xFF,0xB0,0x64,0x12,0xFF,0xB0,0x64,0x12,0xFF,0xB0,0x64,0x12,0xFF,0xB0,0x64,0x12,0xFF,0xB0,0x64,0x12,0xFF,0xB0,0x64,0x12,0xFF,0xB0,0x64,0x12,0xFF,0xB0,0x64,0x12,0xFF,
    0xB0,0x64,0x12,0xFF,0xB0,0x64,0x12,0xFF,0xB0,0x64,0x12,0xFF,0xB0,0x64,0x12,0xFF,0xB0,0x64,0x12,0xFF,0xB0,0x64,0x12,0xFF,0xB0,0x64,0x12,0xFF,0xB0,0x64,0x12,0xFF,0xB0,0x64,0x12,0xFF,0xB0,0x64,0x12,0xFF,0xB0,0x64,0x12,0xFF,0xB0,0x64,0x12,0xFF,0xB0,0x64,0x12,0xFF,0xB0,0x64,0x12,0xFF,0xB0,0x64,0x12,0xFF,0xB0,0x64,0x12,0xFF,
    0xB0,0x64,0x12,0xFF,0xB0,0x64,0x12,0xFF,0xB0,0x64,0x12,0xFF,0xB0,0x64,0x12,0xFF,0xB0,0x64,0x12,0xFF,0xB0,0x64,0x12,0xFF,0xB0,0x64,0x12,0xFF,0xB0,0x64,0x12,0xFF,0xB0,0x64,0x12,0xFF,0xB0,0x64,0x12,0xFF,0xB0,0x64,0x12,0xFF,0xB0,0x64,0x12,0xFF,0xB0,0x64,0x12,0xFF,0xB0,0x64,0x12,0xFF,0xB0,0x64,0x12,0xFF,0xB0,0x64,0x12,0xFF,
    0xB0,0x64,0x12,0xFF,0xB0,0x64,0x12,0xFF,0xB0,0x64,0x12,0xFF,0xB0,0x64,0x12,0xFF,0xB0,0x64,0x12,0xFF,0xB0,0x64,0x12,0xFF,0xB0,0x64,0x12,0xFF,0xB0,0x64,0x12,0xFF,0xB0,0x64,0x12,0xFF,0xB0,0x64,0x12,0xFF,0xB0,0x64,0x12,0xFF,0xB0,0x64,0x12,0xFF,0xB0,0x64,0x12,0xFF,0xB0,0x64,0x12,0xFF,0xB0,0x64,0x12,0xFF,0xB0,0x64,0x12,0xFF,
    0xB0,0x64,0x12,0xFF,0xB0,0x64,0x12,0xFF,0xB0,0x64,0x12,0xFF,0xB0,0x64,0x12,0xFF,0xB0,0x64,0x12,0xFF,0xB0,0x64,0x12,0xFF,0xB0,0x64,0x12,0xFF,0xB0,0x64,0x12,0xFF,0xB0,0x64,0x12,0xFF,0xB0,0x64,0x12,0xFF,0xB0,0x64,0x12,0xFF,0xB0,0x64,0x12,0xFF,0xB0,0x64,0x12,0xFF,0xB0,0x64,0x12,0xFF,0xB0,0x64,0x12,0xFF,0xB0,0x64,0x12,0xFF,
    0xB0,0x64,0x12,0xFF,0xB0,0x64,0x12,0xFF,0xB0,0x64,0x12,0xFF,0xB0,0x64,0x12,0xFF,0xB0,0x64,0x12,0xFF,0xB0,0x64,0x12,0xFF,0xB0,0x64,0x12,0xFF,0xB0,0x64,0x12,0xFF,0xB0,0x64,0x12,0xFF,0xB0,0x64,0x12,0xFF,0xB0,0x64,0x12,0xFF,0xB0,0x64,0x12,0xFF,0xB0,0x64,0x12,0xFF,0xB0,0x64,0x12,0xFF,0xB0,0x64,0x12,0xFF,0xB0,0x64,0x12,0xFF,
    0xB0,0x64,0x12,0xFF,0xB0,0x64,0x12,0xFF,0xB0,0x64,0x12,0xFF,0xB0,0x64,0x12,0xFF,0xB0,0x64,0x12,0xFF,0xB0,0x64,0x12,0xFF,0xB0,0x64,0x12,0xFF,0xB0,0x64,0x12,0xFF,0xB0,0x64,0x12,0xFF,0xB0,0x64,0x12,0xFF,0xB0,0x64,0x12,0xFF,0xB0,0x64,0x12,0xFF,0xB0,0x64,0x12,0xFF,0xB0,0x64,0x12,0xFF,0xB0,0x64,0x12,0xFF,0xB0,0x64,0x12,0xFF,
    0xB0,0x64,0x12,0xFF,0xB0,0x64,0x12,0xFF,0xB0,0x64,0x12,0xFF,0xB0,0x64,0x12,0xFF,0xB0,0x64,0x12,0xFF,0xB0,0x64,0x12,0xFF,0xB0,0x64,0x12,0xFF,0xB0,0x64,0x12,0xFF,0xB0,0x64,0x12,0xFF,0xB0,0x64,0x12,0xFF,0xB0,0x64,0x12,0xFF,0xB0,0x64,0x12,0xFF,0xB0,0x64,0x12,0xFF,0xB0,0x64,0x12,0xFF,0xB0,0x64,0x12,0xFF,0xB0,0x64,0x12,0xFF,
    0xB0,0x64,0x12,0xFF,0xB0,0x64,0x12,0xFF,0xB0,0x64,0x12,0xFF,0xB0,0x64,0x12,0xFF,0xB0,0x64,0x12,0xFF,0xB0,0x64,0x12,0xFF,0xB0,0x64,0x12,0xFF,0xB0,0x64,0x12,0xFF,0xB0,0x64,0x12,0xFF,0xB0,0x64,0x12,0xFF,0xB0,0x64,0x12,0xFF,0xB0,0x64,0x12,0xFF,0xB0,0x64,0x12,0xFF,0xB0,0x64,0x12,0xFF,0xB0,0x64,0x12,0xFF,0xB0,0x64,0x12,0xFF,
    0xB0,0x64,0x12,0xFF,0xB0,0x64,0x12,0xFF,0xB0,0x64,0x12,0xFF,0xB0,0x64,0x12,0xFF,0xB0,0x64,0x12,0xFF,0xB0,0x64,0x12,0xFF,0xB0,0x64,0x12,0xFF,0xB0,0x64,0x12,0xFF,0xB0,0x64,0x12,0xFF,0xB0,0x64,0x12,0xFF,0xB0,0x64,0x12,0xFF,0xB0,0x64,0x12,0xFF,0xB0,0x64,0x12,0xFF,0xB0,0x64,0x12,0xFF,0xB0,0x64,0x12,0xFF,0xB0,0x64,0x12,0xFF,
    0xB0,0x64,0x12,0xFF,0xB0,0x64,0x12,0xFF,0xB0,0x64,0x12,0xFF,0xB0,0x64,0x12,0xFF,0xB0,0x64,0x12,0xFF,0xB0,0x64,0x12,0xFF,0xB0,0x64,0x12,0xFF,0xB0,0x64,0x12,0xFF,0xB0,0x64,0x12,0xFF,0xB0,0x64,0x12,0xFF,0xB0,0x64,0x12,0xFF,0xB0,0x64,0x12,0xFF,0xB0,0x64,0x12,0xFF,0xB0,0x64,0x12,0xFF,0xB0,0x64,0x12,0xFF,0xB0,0x64,0x12,0xFF,
    0xB0,0x64,0x12,0xFF,0xB0,0x64,0x12,0xFF,0xB0,0x64,0x12,0xFF,0xB0,0x64,0x12,0xFF,0xB0,0x64,0x12,0xFF,0xB0,0x64,0x12,0xFF,0xB0,0x64,0x12,0xFF,0xB0,0x64,0x12,0xFF,0xB0,0x64,0x12,0xFF,0xB0,0x64,0x12,0xFF,0xB0,0x64,0x12,0xFF,0xB0,0x64,0x12,0xFF,0xB0,0x64,0x12,0xFF,0xB0,0x64,0x12,0xFF,0xB0,0x64,0x12,0xFF,0xB0,0x64,0x12,0xFF,
    0xB0,0x64,0x12,0xFF,0xB0,0x64,0x12,0xFF,0xB0,0x64,0x12,0xFF,0xB0,0x64,0x12,0xFF,0xB0,0x64,0x12,0xFF,0xB0,0x64,0x12,0xFF,0xB0,0x64,0x12,0xFF,0xB0,0x64,0x12,0xFF,0xB0,0x64,0x12,0xFF,0xB0,0x64,0x12,0xFF,0xB0,0x64,0x12,0xFF,0xB0,0x64,0x12,0xFF,0xB0,0x64,0x12,0xFF,0xB0,0x64,0x12,0xFF,0xB0,0x64,0x12,0xFF,0xB0,0x64,0x12,0xFF,
    0xB0,0x64,0x12,0xFF,0xB0,0x64,0x12,0xFF,0xB0,0x64,0x12,0xFF,0xB0,0x64,0x12,0xFF,0xB0,0x64,0x12,0xFF,0xB0,0x64,0x12,0xFF,0xB0,0x64,0x12,0xFF,0xB0,0x64,0x12,0xFF,0xB0,0x64,0x12,0xFF,0xB0,0x64,0x12,0xFF,0xB0,0x64,0x12,0xFF,0xB0,0x64,0x12,0xFF,0xB0,0x64,0x12,0xFF,0xB0,0x64,0x12,0xFF,0xB0,0x64,0x12,0xFF,0xB0,0x64,0x12,0xFF,
    0xB0,0x64,0x12,0xFF,0xB0,0x64,0x12,0xFF,0xB0,0x64,0x12,0xFF,0xB0,0x64,0x12,0xFF,0xB0,0x64,0x12,0xFF,0xB0,0x64,0x12,0xFF,0xB0,0x64,0x12,0xFF,0xB0,0x64,0x12,0xFF,0xB0,0x64,0x12,0xFF,0xB0,0x64,0x12,0xFF,0xB0,0x64,0x12,0xFF,0xB0,0x64,0x12,0xFF,0xB0,0x64,0x12,0xFF,0xB0,0x64,0x12,0xFF,0xB0,0x64,0x12,0xFF,0xB0,0x64,0x12,0xFF,
    0xB0,0x64,0x12,0xFF,0xB0,0x64,0x12,0xFF,0xB0,0x64,0x12,0xFF,0xB0,0x64,0x12,0xFF,0xB0,0x64,0x12,0xFF,0xB0,0x64,0x12,0xFF,0xB0,0x64,0x12,0xFF,0xB0,0x64,0x12,0xFF,0xB0,0x64,0x12,0xFF,0xB0,0x64,0x12,0xFF,0xB0,0x64,0x12,0xFF,0xB0,0x64,0x12,0xFF,0xB0,0x64,0x12,0xFF,0xB0,0x64,0x12,0xFF,0xB0,0x64,0x12,0xFF,0xB0,0x64,0x12,0xFF,
    0xB0,0x64,0x12,0xFF,0xB0,0x64,0x12,0xFF,0xB0,0x64,0x12,0xFF,0xB0,0x64,0x12,0xFF,0xB0,0x64,0x12,0xFF,0xB0,0x64,0x12,0xFF,0xB0,0x64,0x12,0xFF,0xB0,0x64,0x12,0xFF,0xB0,0x64,0x12,0xFF,0xB0,0x64,0x12,0xFF,0xB0,0x64,0x12,0xFF,0xB0,0x64,0x12,0xFF,0xB0,0x64,0x12,0xFF,0xB0,0x64,0x12,0xFF,0xB0,0x64,0x12,0xFF,0xB0,0x64,0x12,0xFF,
    0xB0,0x64,0x12,0xFF,0xB0,0x64,0x12,0xFF,0xB0,0x64,0x12,0xFF,0xB0,0x64,0x12,0xFF,0xB0,0x64,0x12,0xFF,0xB0,0x64,0x12,0xFF,0xB0,0x64,0x12,0xFF,0xB0,0x64,0x12,0xFF,0xB0,0x64,0x12,0xFF,0xB0,0x64,0x12,0xFF,0xB0,0x64,0x12,0xFF,0xB0,0x64,0x12,0xFF,0xB0,0x64,0x12,0xFF,0xB0,0x64,0x12,0xFF,0xB0,0x64,0x12,0xFF,0xB0,0x64,0x12,0xFF,
    0xB0,0x64,0x12,0xFF,0xB0,0x64,0x12,0xFF,0xB0,0x64,0x12,0xFF,0xB0,0x64,0x12,0xFF,0xB0,0x64,0x12,0xFF,0xB0,0x64,0x12,0xFF,0xB0,0x64,0x12,0xFF,0xB0,0x64,0x12,0xFF,0xB0,0x64,0x12,0xFF,0xB0,0x64,0x12,0xFF,0xB0,0x64,0x12,0xFF,0xB0,0x64,0x12,0xFF,0xB0,0x64,0x12,0xFF,0xB0,0x64,0x12,0xFF,0xB0,0x64,0x12,0xFF,0xB0,0x64,0x12,0xFF,
    0xB0,0x64,0x12,0xFF,0xB0,0x64,0x12,0xFF,0xB0,0x64,0x12,0xFF,0xB0,0x64,0x12,0xFF,0xB0,0x64,0x12,0xFF,0xB0,0x64,0x12,0xFF,0xB0,0x64,0x12,0xFF,0xB0,0x64,0x12,0xFF,0xB0,0x64,0x12,0xFF,0xB0,0x64,0x12,0xFF,0xB0,0x64,0x12,0xFF,0xB0,0x64,0x12,0xFF,0xB0,0x64,0x12,0xFF,0xB0,0x64,0x12,0xFF,0xB0,0x64,0x12,0xFF,0xB0,0x64,0x12,0xFF,
    0xB0,0x64,0x12,0xFF,0xB0,0x64,0x12,0xFF,0xB0,0x64,0x12,0xFF,0xB0,0x64,0x12,0xFF,0xB0,0x64,0x12,0xFF,0xB0,0x64,0x12,0xFF,0xB0,0x64,0x12,0xFF,0xB0,0x64,0x12,0xFF,0xB0,0x64,0x12,0xFF,0xB0,0x64,0x12,0xFF,0xB0,0x64,0x12,0xFF,0xB0,0x64,0x12,0xFF,0xB0,0x64,0x12,0xFF,0xB0,0x64,0x12,0xFF,0xB0,0x64,0x12,0xFF,0xB0,0x64,0x12,0xFF,
    0xB0,0x64,0x12,0xFF,0xB0,0x64,0x12,0xFF,0xB0,0x64,0x12,0xFF,0xB0,0x64,0x12,0xFF,0xB0,0x64,0x12,0xFF,0xB0,0x64,0x12,0xFF,0xB0,0x64,0x12,0xFF,0xB0,0x64,0x12,0xFF,0xB0,0x64,0x12,0xFF,0xB0,0x64,0x12,0xFF,0xB0,0x64,0x12,0xFF,0xB0,0x64,0x12,0xFF,0xB0,0x64,0x12,0xFF,0xB0,0x64,0x12,0xFF,0xB0,0x64,0x12,0xFF,0xB0,0x64,0x12,0xFF,
    0xB0,0x64,0x12,0xFF,0xB0,0x64,0x12,0xFF,0xB0,0x64,0x12,0xFF,0xB0,0x64,0x12,0xFF,0xB0,0x64,0x12,0xFF,0xB0,0x64,0x12,0xFF,0xB0,0x64,0x12,0xFF,0xB0,0x64,0x12,0xFF,0xB0,0x64,0x12,0xFF,0xB0,0x64,0x12,0xFF,0xB0,0x64,0x12,0xFF,0xB0,0x64,0x12,0xFF,0xB0,0x64,0x12,0xFF,0xB0,0x64,0x12,0xFF,0xB0,0x64,0x12,0xFF,0xB0,0x64,0x12,0xFF,
    0xB0,0x64,0x12,0xFF,0xB0,0x64,0x12,0xFF,0xB0,0x64,0x12,0xFF,0xB0,0x64,0x12,0xFF,0xB0,0x64,0x12,0xFF,0xB0,0x64,0x12,0xFF,0xB0,0x64,0x12,0xFF,0xB0,0x64,0x12,0xFF,0xB0,0x64,0x12,0xFF,0xB0,0x64,0x12,0xFF,0xB0,0x64,0x12,0xFF,0xB0,0x64,0x12,0xFF,0xB0,0x64,0x12,0xFF,0xB0,0x64,0x12,0xFF,0xB0,0x64,0x12,0xFF,0xB0,0x64,0x12,0xFF,
    0xB0,0x64,0x12,0xFF,0xB0,0x64,0x12,0xFF,0xB0,0x64,0x12,0xFF,0xB0,0x64,0x12,0xFF,0xB0,0x64,0x12,0xFF,0xB0,0x64,0x12,0xFF,0xB0,0x64,0x12,0xFF,0xB0,0x64,0x12,0xFF,0xB0,0x64,0x12,0xFF,0xB0,0x64,0x12,0xFF,0xB0,0x64,0x12,0xFF,0xB0,0x64,0x12,0xFF,0xB0,0x64,0x12,0xFF,0xB0,0x64,0x12,0xFF,0xB0,0x64,0x12,0xFF,0xB0,0x64,0x12,0xFF,
    0xB0,0x64,0x12,0xFF,0xB0,0x64,0x12,0xFF,0xB0,0x64,0x12,0xFF,0xB0,0x64,0x12,0xFF,0xB0,0x64,0x12,0xFF,0xB0,0x64,0x12,0xFF,0xB0,0x64,0x12,0xFF,0xB0,0x64,0x12,0xFF,0xB0,0x64,0x12,0xFF,0xB0,0x64,0x12,0xFF,0xB0,0x64,0x12,0xFF,0xB0,0x64,0x12,0xFF,0xB0,0x64,0x12,0xFF,0xB0,0x64,0x12,0xFF,0xB0,0x64,0x12,0xFF,0xB0,0x64,0x12,0xFF,
    0xB0,0x64,0x12,0xFF,0xB0,0x64,0x12,0xFF,0xB0,0x64,0x12,0xFF,0xB0,0x64,0x12,0xFF,0xB0,0x64,0x12,0xFF,0xB0,0x64,0x12,0xFF,0xB0,0x64,0x12,0xFF,0xB0,0x64,0x12,0xFF,0xB0,0x64,0x12,0xFF,0xB0,0x64,0x12,0xFF,0xB0,0x64,0x12,0xFF,0xB0,0x64,0x12,0xFF,0xB0,0x64,0x12,0xFF,0xB0,0x64,0x12,0xFF,0xB0,0x64,0x12,0xFF,0xB0,0x64,0x12,0xFF,
    0xB0,0x64,0x12,0xFF,0xB0,0x64,0x12,0xFF,0xB0,0x64,0x12,0xFF,0xB0,0x64,0x12,0xFF,0xB0,0x64,0x12,0xFF,0xB0,0x64,0x12,0xFF,0xB0,0x64,0x12,0xFF,0xB0,0x64,0x12,0xFF,0xB0,0x64,0x12,0xFF,0xB0,0x64,0x12,0xFF,0xB0,0x64,0x12,0xFF,0xB0,0x64,0x12,0xFF,0xB0,0x64,0x12,0xFF,0xB0,0x64,0x12,0xFF,0xB0,0x64,0x12,0xFF,0xB0,0x64,0x12,0xFF,
    0xB0,0x64,0x12,0xFF,0xB0,0x64,0x12,0xFF,0xB0,0x64,0x12,0xFF,0xB0,0x64,0x12,0xFF,0xB0,0x64,0x12,0xFF,0xB0,0x64,0x12,0xFF,0xB0,0x64,0x12,0xFF,0xB0,0x64,0x12,0xFF,0xB0,0x64,0x12,0xFF,0xB0,0x64,0x12,0xFF,0xB0,0x64,0x12,0xFF,0xB0,0x64,0x12,0xFF,0xB0,0x64,0x12,0xFF,0xB0,0x64,0x12,0xFF,0xB0,0x64,0x12,0xFF,0xB0,0x64,0x12,0xFF,
    0xB0,0x64,0x12,0xFF,0xB0,0x64,0x12,0xFF,0xB0,0x64,0x12,0xFF,0xB0,0x64,0x12,0xFF,0xB0,0x64,0x12,0xFF,0xB0,0x64,0x12,0xFF,0xB0,0x64,0x12,0xFF,0xB0,0x64,0x12,0xFF,0xB0,0x64,0x12,0xFF,0xB0,0x64,0x12,0xFF,0xB0,0x64,0x12,0xFF,0xB0,0x64,0x12,0xFF,0xB0,0x64,0x12,0xFF,0xB0,0x64,0x12,0xFF,0xB0,0x64,0x12,0xFF,0xB0,0x64,0x12,0xFF,
    0xB0,0x64,0x12,0xFF,0xB0,0x64,0x12,0xFF,0xB0,0x64,0x12,0xFF,0xB0,0x64,0x12,0xFF,0xB0,0x64,0x12,0xFF,0xB0,0x64,0x12,0xFF,0xB0,0x64,0x12,0xFF,0xB0,0x64,0x12,0xFF,0xB0,0x64,0x12,0xFF,0xB0,0x64,0x12,0xFF,0xB0,0x64,0x12,0xFF,0xB0,0x64,0x12,0xFF,0xB0,0x64,0x12,0xFF,0xB0,0x64,0x12,0xFF,0xB0,0x64,0x12,0xFF,0xB0,0x64,0x12,0xFF,
    0xB0,0x64,0x12,0xFF,0xB0,0x64,0x12,0xFF,0xB0,0x64,0x12,0xFF,0xB0,0x64,0x12,0xFF,0xB0,0x64,0x12,0xFF,0xB0,0x64,0x12,0xFF,0xB0,0x64,0x12,0xFF,0xB0,0x64,0x12,0xFF,0xB0,0x64,0x12,0xFF,0xB0,0x64,0x12,0xFF,0xB0,0x64,0x12,0xFF,0xB0,0x64,0x12,0xFF,0xB0,0x64,0x12,0xFF,0xB0,0x64,0x12,0xFF,0xB0,0x64,0x12,0xFF,0xB0,0x64,0x12,0xFF,
    0xB0,0x64,0x12,0xFF,0xB0,0x64,0x12,0xFF,0xB0,0x64,0x12,0xFF,0xB0,0x64,0x12,0xFF,0xB0,0x64,0x12,0xFF,0xB0,0x64,0x12,0xFF,0xB0,0x64,0x12,0xFF,0xB0,0x64,0x12,0xFF,0xB0,0x64,0x12,0xFF,0xB0,0x64,0x12,0xFF,0xB0,0x64,0x12,0xFF,0xB0,0x64,0x12,0xFF,0xB0,0x64,0x12,0xFF,0xB0,0x64,0x12,0xFF,0xB0,0x64,0x12,0xFF,0xB0,0x64,0x12,0xFF,
    0xB0,0x64,0x12,0xFF,0xB0,0x64,0x12,0xFF,0xB0,0x64,0x12,0xFF,0xB0,0x64,0x12,0xFF,0xB0,0x64,0x12,0xFF,0xB0,0x64,0x12,0xFF,0xB0,0x64,0x12,0xFF,0xB0,0x64,0x12,0xFF,0xB0,0x64,0x12,0xFF,0xB0,0x64,0x12,0xFF,0xB0,0x64,0x12,0xFF,0xB0,0x64,0x12,0xFF,0xB0,0x64,0x12,0xFF,0xB0,0x64,0x12,0xFF,0xB0,0x64,0x12,0xFF,0xB0,0x64,0x12,0xFF,
    0xB0,0x64,0x12,0xFF,0xB0,0x64,0x12,0xFF,0xB0,0x64,0x12,0xFF,0xB0,0x64,0x12,0xFF,0xB0,0x64,0x12,0xFF,0xB0,0x64,0x12,0xFF,0xB0,0x64,0x12,0xFF,0xB0,0x64,0x12,0xFF,0xB0,0x64,0x12,0xFF,0xB0,0x64,0x12,0xFF,0xB0,0x64,0x12,0xFF,0xB0,0x64,0x12,0xFF,0xB0,0x64,0x12,0xFF,0xB0,0x64,0x12,0xFF,0xB0,0x64,0x12,0xFF,0xB0,0x64,0x12,0xFF,
    0xB0,0x64,0x12,0xFF,0xB0,0x64,0x12,0xFF,0xB0,0x64,0x12,0xFF,0xB0,0x64,0x12,0xFF,0xB0,0x64,0x12,0xFF,0xB0,0x64,0x12,0xFF,0xB0,0x64,0x12,0xFF,0xB0,0x64,0x12,0xFF,0xB0,0x64,0x12,0xFF,0xB0,0x64,0x12,0xFF,0xB0,0x64,0x12,0xFF,0xB0,0x64,0x12,0xFF,0xB0,0x64,0x12,0xFF,0xB0,0x64,0x12,0xFF,0xB0,0x64,0x12,0xFF,0xB0,0x64,0x12,0xFF,
    0xB0,0x64,0x12,0xFF,0xB0,0x64,0x12,0xFF,0xB0,0x64,0x12,0xFF,0xB0,0x64,0x12,0xFF,0xB0,0x64,0x12,0xFF,0xB0,0x64,0x12,0xFF,0xB0,0x64,0x12,0xFF,0xB0,0x64,0x12,0xFF,0xB0,0x64,0x12,0xFF,0xB0,0x64,0x12,0xFF,0xB0,0x64,0x12,0xFF,0xB0,0x64,0x12,0xFF,0xB0,0x64,0x12,0xFF,0xB0,0x64,0x12,0xFF,0xB0,0x64,0x12,0xFF,0xB0,0x64,0x12,0xFF,
    0xB0,0x64,0x12,0xFF,0xB0,0x64,0x12,0xFF,0xB0,0x64,0x12,0xFF,0xB0,0x64,0x12,0xFF,0xB0,0x64,0x12,0xFF,0xB0,0x64,0x12,0xFF,0xB0,0x64,0x12,0xFF,0xB0,0x64,0x12,0xFF,0xB0,0x64,0x12,0xFF,0xB0,0x64,0x12,0xFF,0xB0,0x64,0x12,0xFF,0xB0,0x64,0x12,0xFF,0xB0,0x64,0x12,0xFF,0xB0,0x64,0x12,0xFF,0xB0,0x64,0x12,0xFF,0xB0,0x64,0x12,0xFF,
    0xB0,0x64,0x12,0xFF,0xB0,0x64,0x12,0xFF,0xB0,0x64,0x12,0xFF,0xB0,0x64,0x12,0xFF,0xB0,0x64,0x12,0xFF,0xB0,0x64,0x12,0xFF,0xB0,0x64,0x12,0xFF,0xB0,0x64,0x12,0xFF,0xB0,0x64,0x12,0xFF,0xB0,0x64,0x12,0xFF,0xB0,0x64,0x12,0xFF,0xB0,0x64,0x12,0xFF,0xB0,0x64,0x12,0xFF,0xB0,0x64,0x12,0xFF,0xB0,0x64,0x12,0xFF,0xB0,0x64,0x12,0xFF,
    0xB0,0x64,0x12,0xFF,0xB0,0x64,0x12,0xFF,0xB0,0x64,0x12,0xFF,0xB0,0x64,0x12,0xFF,0xB0,0x64,0x12,0xFF,0xB0,0x64,0x12,0xFF,0xB0,0x64,0x12,0xFF,0xB0,0x64,0x12,0xFF,0xB0,0x64,0x12,0xFF,0xB0,0x64,0x12,0xFF,0xB0,0x64,0x12,0xFF,0xB0,0x64,0x12,0xFF,0xB0,0x64,0x12,0xFF,0xB0,0x64,0x12,0xFF,0xB0,0x64,0x12,0xFF,0xB0,0x64,0x12,0xFF,
    0xB0,0x64,0x12,0xFF,0xB0,0x64,0x12,0xFF,0xB0,0x64,0x12,0xFF,0xB0,0x64,0x12,0xFF,0xB0,0x64,0x12,0xFF,0xB0,0x64,0x12,0xFF,0xB0,0x64,0x12,0xFF,0xB0,0x64,0x12,0xFF,0xB0,0x64,0x12,0xFF,0xB0,0x64,0x12,0xFF,0xB0,0x64,0x12,0xFF,0xB0,0x64,0x12,0xFF,0xB0,0x64,0x12,0xFF,0xB0,0x64,0x12,0xFF,0xB0,0x64,0x12,0xFF,0xB0,0x64,0x12,0xFF,
    0xB0,0x64,0x12,0xFF,0xB0,0x64,0x12,0xFF,0xB0,0x64,0x12,0xFF,0xB0,0x64,0x12,0xFF,0xB0,0x64,0x12,0xFF,0xB0,0x64,0x12,0xFF,0xB0,0x64,0x12,0xFF,0xB0,0x64,0x12,0xFF,0xB0,0x64,0x12,0xFF,0xB0,0x64,0x12,0xFF,0xB0,0x64,0x12,0xFF,0xB0,0x64,0x12,0xFF,0xB0,0x64,0x12,0xFF,0xB0,0x64,0x12,0xFF,0xB0,0x64,0x12,0xFF,0xB0,0x64,0x12,0xFF,
    0xB0,0x64,0x12,0xFF,0xB0,0x64,0x12,0xFF,0xB0,0x64,0x12,0xFF,0xB0,0x64,0x12,0xFF,0xB0,0x64,0x12,0xFF,0xB0,0x64,0x12,0xFF,0xB0,0x64,0x12,0xFF,0xB0,0x64,0x12,0xFF,0xB0,0x64,0x12,0xFF,0xB0,0x64,0x12,0xFF,0xB0,0x64,0x12,0xFF,0xB0,0x64,0x12,0xFF,0xB0,0x64,0x12,0xFF,0xB0,0x64,0x12,0xFF,0xB0,0x64,0x12,0xFF,0xB0,0x64,0x12,0xFF,
    0xB0,0x64,0x12,0xFF,0xB0,0x64,0x12,0xFF,0xB0,0x64,0x12,0xFF,0xB0,0x64,0x12,0xFF,0xB0,0x64,0x12,0xFF,0xB0,0x64,0x12,0xFF,0xB0,0x64,0x12,0xFF,0xB0,0x64,0x12,0xFF,0xB0,0x64,0x12,0xFF,0xB0,0x64,0x12,0xFF,0xB0,0x64,0x12,0xFF,0xB0,0x64,0x12,0xFF,0xB0,0x64,0x12,0xFF,0xB0,0x64,0x12,0xFF,0xB0,0x64,0x12,0xFF,0xB0,0x64,0x12,0xFF,
    0xB0,0x64,0x12,0xFF,0xB0,0x64,0x12,0xFF,0xB0,0x64,0x12,0xFF,0xB0,0x64,0x12,0xFF,0xB0,0x64,0x12,0xFF,0xB0,0x64,0x12,0xFF,0xB0,0x64,0x12,0xFF,0xB0,0x64,0x12,0xFF,0xB0,0x64,0x12,0xFF,0xB0,0x64,0x12,0xFF,0xB0,0x64,0x12,0xFF,0xB0,0x64,0x12,0xFF,0xB0,0x64,0x12,0xFF,0xB0,0x64,0x12,0xFF,0xB0,0x64,0x12,0xFF,0xB0,0x64,0x12,0xFF,
    0xB0,0x64,0x12,0xFF,0xB0,0x64,0x12,0xFF,0xB0,0x64,0x12,0xFF,0xB0,0x64,0x12,0xFF,0xB0,0x64,0x12,0xFF,0xB0,0x64,0x12,0xFF,0xB0,0x64,0x12,0xFF,0xB0,0x64,0x12,0xFF,0xB0,0x64,0x12,0xFF,0xB0,0x64,0x12,0xFF,0xB0,0x64,0x12,0xFF,0xB0,0x64,0x12,0xFF,0xB0,0x64,0x12,0xFF,0xB0,0x64,0x12,0xFF,0xB0,0x64,0x12,0xFF,0xB0,0x64,0x12,0xFF,
    0xB0,0x64,0x12,0xFF,0xB0,0x64,0x12,0xFF,0xB0,0x64,0x12,0xFF,0xB0,0x64,0x12,0xFF,0xB0,0x64,0x12,0xFF,0xB0,0x64,0x12,0xFF,0xB0,0x64,0x12,0xFF,0xB0,0x64,0x12,0xFF,0xB0,0x64,0x12,0xFF,0xB0,0x64,0x12,0xFF,0xB0,0x64,0x12,0xFF,0xB0,0x64,0x12,0xFF,0xB0,0x64,0x12,0xFF,0xB0,0x64,0x12,0xFF,0xB0,0x64,0x12,0xFF,0xB0,0x64,0x12,0xFF,
    0xB0,0x64,0x12,0xFF,0xB0,0x64,0x12,0xFF,0xB0,0x64,0x12,0xFF,0xB0,0x64,0x12,0xFF,0xB0,0x64,0x12,0xFF,0xB0,0x64,0x12,0xFF,0xB0,0x64,0x12,0xFF,0xB0,0x64,0x12,0xFF,0xB0,0x64,0x12,0xFF,0xB0,0x64,0x12,0xFF,0xB0,0x64,0x12,0xFF,0xB0,0x64,0x12,0xFF,0xB0,0x64,0x12,0xFF,0xB0,0x64,0x12,0xFF,0xB0,0x64,0x12,0xFF,0xB0,0x64,0x12,0xFF,
    0xB0,0x64,0x12,0xFF,0xB0,0x64,0x12,0xFF,0xB0,0x64,0x12,0xFF,0xB0,0x64,0x12,0xFF,0xB0,0x64,0x12,0xFF,0xB0,0x64,0x12,0xFF,0xB0,0x64,0x12,0xFF,0xB0,0x64,0x12,0xFF,0xB0,0x64,0x12,0xFF,0xB0,0x64,0x12,0xFF,0xB0,0x64,0x12,0xFF,0xB0,0x64,0x12,0xFF,0xB0,0x64,0x12,0xFF,0xB0,0x64,0x12,0xFF,0xB0,0x64,0x12,0xFF,0xB0,0x64,0x12,0xFF,
    0xB0,0x64,0x12,0xFF,0xB0,0x64,0x12,0xFF,0xB0,0x64,0x12,0xFF,0xB0,0x64,0x12,0xFF,0xB0,0x64,0x12,0xFF,0xB0,0x64,0x12,0xFF,0xB0,0x64,0x12,0xFF,0xB0,0x64,0x12,0xFF,0xB0,0x64,0x12,0xFF,0xB0,0x64,0x12,0xFF,0xB0,0x64,0x12,0xFF,0xB0,0x64,0x12,0xFF,0xB0,0x64,0x12,0xFF,0xB0,0x64,0x12,0xFF,0xB0,0x64,0x12,0xFF,0xB0,0x64,0x12,0xFF,
    0xB0,0x64,0x12,0xFF,0xB0,0x64,0x12,0xFF,0xB0,0x64,0x12,0xFF,0xB0,0x64,0x12,0xFF,0xB0,0x64,0x12,0xFF,0xB0,0x64,0x12,0xFF,0xB0,0x64,0x12,0xFF,0xB0,0x64,0x12,0xFF,0xB0,0x64,0x12,0xFF,0xB0,0x64,0x12,0xFF,0xB0,0x64,0x12,0xFF,0xB0,0x64,0x12,0xFF,0xB0,0x64,0x12,0xFF,0xB0,0x64,0x12,0xFF,0xB0,0x64,0x12,0xFF,0xB0,0x64,0x12,0xFF,
    0xB0,0x64,0x12,0xFF,0xB0,0x64,0x12,0xFF,0xB0,0x64,0x12,0xFF,0xB0,0x64,0x12,0xFF,0xB0,0x64,0x12,0xFF,0xB0,0x64,0x12,0xFF,0xB0,0x64,0x12,0xFF,0xB0,0x64,0x12,0xFF,0xB0,0x64,0x12,0xFF,0xB0,0x64,0x12,0xFF,0xB0,0x64,0x12,0xFF,0xB0,0x64,0x12,0xFF,0xB0,0x64,0x12,0xFF,0xB0,0x64,0x12,0xFF,0xB0,0x64,0x12,0xFF,0xB0,0x64,0x12,0xFF,
    0xB0,0x64,0x12,0xFF,0xB0,0x64,0x12,0xFF,0xB0,0x64,0x12,0xFF,0xB0,0x64,0x12,0xFF,0xB0,0x64,0x12,0xFF,0xB0,0x64,0x12,0xFF,0xB0,0x64,0x12,0xFF,0xB0,0x64,0x12,0xFF,0xB0,0x64,0x12,0xFF,0xB0,0x64,0x12,0xFF,0xB0,0x64,0x12,0xFF,0xB0,0x64,0x12,0xFF,0xB0,0x64,0x12,0xFF,0xB0,0x64,0x12,0xFF,0xB0,0x64,0x12,0xFF,0xB0,0x64,0x12,0xFF,
    0xB0,0x64,0x12,0xFF,0xB0,0x64,0x12,0xFF,0xB0,0x64,0x12,0xFF,0xB0,0x64,0x12,0xFF,0xB0,0x64,0x12,0xFF,0xB0,0x64,0x12,0xFF,0xB0,0x64,0x12,0xFF,0xB0,0x64,0x12,0xFF,0xB0,0x64,0x12,0xFF,0xB0,0x64,0x12,0xFF,0xB0,0x64,0x12,0xFF,0xB0,0x64,0x12,0xFF,0xB0,0x64,0x12,0xFF,0xB0,0x64,0x12,0xFF,0xB0,0x64,0x12,0xFF,0xB0,0x64,0x12,0xFF,
    0xB0,0x64,0x12,0xFF,0xB0,0x64,0x12,0xFF,0xB0,0x64,0x12,0xFF,0xB0,0x64,0x12,0xFF,0xB0,0x64,0x12,0xFF,0xB0,0x64,0x12,0xFF,0xB0,0x64,0x12,0xFF,0xB0,0x64,0x12,0xFF,0xB0,0x64,0x12,0xFF,0xB0,0x64,0x12,0xFF,0xB0,0x64,0x12,0xFF,0xB0,0x64,0x12,0xFF,0xB0,0x64,0x12,0xFF,0xB0,0x64,0x12,0xFF,0xB0,0x64,0x12,0xFF,0xB0,0x64,0x12,0xFF,
    0xB0,0x64,0x12,0xFF,0xB0,0x64,0x12,0xFF,0xB0,0x64,0x12,0xFF,0xB0,0x64,0x12,0xFF,0xB0,0x64,0x12,0xFF,0xB0,0x64,0x12,0xFF,0xB0,0x64,0x12,0xFF,0xB0,0x64,0x12,0xFF,0xB0,0x64,0x12,0xFF,0xB0,0x64,0x12,0xFF,0xB0,0x64,0x12,0xFF,0xB0,0x64,0x12,0xFF,0xB0,0x64,0x12,0xFF,0xB0,0x64,0x12,0xFF,0xB0,0x64,0x12,0xFF,0xB0,0x64,0x12,0xFF,
    0xB0,0x64,0x12,0xFF,0xB0,0x64,0x12,0xFF,0xB0,0x64,0x12,0xFF,0xB0,0x64,0x12,0xFF,0xB0,0x64,0x12,0xFF,0xB0,0x64,0x12,0xFF,0xB0,0x64,0x12,0xFF,0xB0,0x64,0x12,0xFF,0xB0,0x64,0x12,0xFF,0xB0,0x64,0x12,0xFF,0xB0,0x64,0x12,0xFF,0xB0,0x64,0x12,0xFF,0xB0,0x64,0x12,0xFF,0xB0,0x64,0x12,0xFF,0xB0,0x64,0x12,0xFF,0xB0,0x64,0x12,0xFF,
    0xB0,0x64,0x12,0xFF,0xB0,0x64,0x12,0xFF,0xB0,0x64,0x12,0xFF,0xB0,0x64,0x12,0xFF,0xB0,0x64,0x12,0xFF,0xB0,0x64,0x12,0xFF,0xB0,0x64,0x12,0xFF,0xB0,0x64,0x12,0xFF,0xB0,0x64,0x12,0xFF,0xB0,0x64,0x12,0xFF,0xB0,0x64,0x12,0xFF,0xB0,0x64,0x12,0xFF,0xB0,0x64,0x12,0xFF,0xB0,0x64,0x12,0xFF,0xB0,0x64,0x12,0xFF,0xB0,0x64,0x12,0xFF,
    0xB0,0x64,0x12,0xFF,0xB0,0x64,0x12,0xFF,0xB0,0x64,0x12,0xFF,0xB0,0x64,0x12,0xFF,0xB0,0x64,0x12,0xFF,0xB0,0x64,0x12,0xFF,0xB0,0x64,0x12,0xFF,0xB0,0x64,0x12,0xFF,0xB0,0x64,0x12,0xFF,0xB0,0x64,0x12,0xFF,0xB0,0x64,0x12,0xFF,0xB0,0x64,0x12,0xFF,0xB0,0x64,0x12,0xFF,0xB0,0x64,0x12,0xFF,0xB0,0x64,0x12,0xFF,0xB0,0x64,0x12,0xFF,
    0xB0,0x64,0x12,0xFF,0xB0,0x64,0x12,0xFF,0xB0,0x64,0x12,0xFF,0xB0,0x64,0x12,0xFF,0xB0,0x64,0x12,0xFF,0xB0,0x64,0x12,0xFF,0xB0,0x64,0x12,0xFF,0xB0,0x64,0x12,0xFF,0xB0,0x64,0x12,0xFF,0xB0,0x64,0x12,0xFF,0xB0,0x64,0x12,0xFF,0xB0,0x64,0x12,0xFF,0xB0,0x64,0x12,0xFF,0xB0,0x64,0x12,0xFF,0xB0,0x64,0x12,0xFF,0xB0,0x64,0x12,0xFF,
    0xB0,0x64,0x12,0xFF,0xB0,0x64,0x12,0xFF,0xB0,0x64,0x12,0xFF,0xB0,0x64,0x12,0xFF,0xB0,0x64,0x12,0xFF,0xB0,0x64,0x12,0xFF,0xB0,0x64,0x12,0xFF,0xB0,0x64,0x12,0xFF,0xB0,0x64,0x12,0xFF,0xB0,0x64,0x12,0xFF,0xB0,0x64,0x12,0xFF,0xB0,0x64,0x12,0xFF,0xB0,0x64,0x12,0xFF,0xB0,0x64,0x12,0xFF,0xB0,0x64,0x12,0xFF,0xB0,0x64,0x12,0xFF,
    0xB0,0x64,0x12,0xFF,0xB0,0x64,0x12,0xFF,0xB0,0x64,0x12,0xFF,0xB0,0x64,0x12,0xFF,0xB0,0x64,0x12,0xFF,0xB0,0x64,0x12,0xFF,0xB0,0x64,0x12,0xFF,0xB0,0x64,0x12,0xFF,0xB0,0x64,0x12,0xFF,0xB0,0x64,0x12,0xFF,0xB0,0x64,0x12,0xFF,0xB0,0x64,0x12,0xFF,0xB0,0x64,0x12,0xFF,0xB0,0x64,0x12,0xFF,0xB0,0x64,0x12,0xFF,0xB0,0x64,0x12,0xFF,
    0xB0,0x64,0x12,0xFF,0xB0,0x64,0x12,0xFF,0xB0,0x64,0x12,0xFF,0xB0,0x64,0x12,0xFF,0xB0,0x64,0x12,0xFF,0xB0,0x64,0x12,0xFF,0xB0,0x64,0x12,0xFF,0xB0,0x64,0x12,0xFF,0xB0,0x64,0x12,0xFF,0xB0,0x64,0x12,0xFF,0xB0,0x64,0x12,0xFF,0xB0,0x64,0x12,0xFF,0xB0,0x64,0x12,0xFF,0xB0,0x64,0x12,0xFF,0xB0,0x64,0x12,0xFF,0xB0,0x64,0x12,0xFF,
    0xB0,0x64,0x12,0xFF,0xB0,0x64,0x12,0xFF,0xB0,0x64,0x12,0xFF,0xB0,0x64,0x12,0xFF,0xB0,0x64,0x12,0xFF,0xB0,0x64,0x12,0xFF,0xB0,0x64,0x12,0xFF,0xB0,0x64,0x12,0xFF,0xB0,0x64,0x12,0xFF,0xB0,0x64,0x12,0xFF,0xB0,0x64,0x12,0xFF,0xB0,0x64,0x12,0xFF,0xB0,0x64,0x12,0xFF,0xB0,0x64,0x12,0xFF,0xB0,0x64,0x12,0xFF,0xB0,0x64,0x12,0xFF,
    0xB0,0x64,0x12,0xFF,0xB0,0x64,0x12,0xFF,0xB0,0x64,0x12,0xFF,0xB0,0x64,0x12,0xFF,0xB0,0x64,0x12,0xFF,0xB0,0x64,0x12,0xFF,0xB0,0x64,0x12,0xFF,0xB0,0x64,0x12,0xFF,0xB0,0x64,0x12,0xFF,0xB0,0x64,0x12,0xFF,0xB0,0x64,0x12,0xFF,0xB0,0x64,0x12,0xFF,0xB0,0x64,0x12,0xFF,0xB0,0x64,0x12,0xFF,0xB0,0x64,0x12,0xFF,0xB0,0x64,0x12,0xFF,
    0xB0,0x64,0x12,0xFF,0xB0,0x64,0x12,0xFF,0xB0,0x64,0x12,0xFF,0xB0,0x64,0x12,0xFF,0xB0,0x64,0x12,0xFF,0xB0,0x64,0x12,0xFF,0xB0,0x64,0x12,0xFF,0xB0,0x64,0x12,0xFF,0xB0,0x64,0x12,0xFF,0xB0,0x64,0x12,0xFF,0xB0,0x64,0x12,0xFF,0xB0,0x64,0x12,0xFF,0xB0,0x64,0x12,0xFF,0xB0,0x64,0x12,0xFF,0xB0,0x64,0x12,0xFF,0xB0,0x64,0x12,0xFF,
    0xB0,0x64,0x12,0xFF,0xB0,0x64,0x12,0xFF,0xB0,0x64,0x12,0xFF,0xB0,0x64,0x12,0xFF,0xB0,0x64,0x12,0xFF,0xB0,0x64,0x12,0xFF,0xB0,0x64,0x12,0xFF,0xB0,0x64,0x12,0xFF,0xB0,0x64,0x12,0xFF,0xB0,0x64,0x12,0xFF,0xB0,0x64,0x12,0xFF,0xB0,0x64,0x12,0xFF,0xB0,0x64,0x12,0xFF,0xB0,0x64,0x12,0xFF,0xB0,0x64,0x12,0xFF,0xB0,0x64,0x12,0xFF,
    0xB0,0x64,0x12,0xFF,0xB0,0x64,0x12,0xFF,0xB0,0x64,0x12,0xFF,0xB0,0x64,0x12,0xFF,0xB0,0x64,0x12,0xFF,0xB0,0x64,0x12,0xFF,0xB0,0x64,0x12,0xFF,0xB0,0x64,0x12,0xFF,0xB0,0x64,0x12,0xFF,0xB0,0x64,0x12,0xFF,0xB0,0x64,0x12,0xFF,0xB0,0x64,0x12,0xFF,0xB0,0x64,0x12,0xFF,0xB0,0x64,0x12,0xFF,0xB0,0x64,0x12,0xFF,0xB0,0x64,0x12,0xFF,
    0xB0,0x64,0x12,0xFF,0xB0,0x64,0x12,0xFF,0xB0,0x64,0x12,0xFF,0xB0,0x64,0x12,0xFF,0xB0,0x64,0x12,0xFF,0xB0,0x64,0x12,0xFF,0xB0,0x64,0x12,0xFF,0xB0,0x64,0x12,0xFF,0xB0,0x64,0x12,0xFF,0xB0,0x64,0x12,0xFF,0xB0,0x64,0x12,0xFF,0xB0,0x64,0x12,0xFF,0xB0,0x64,0x12,0xFF,0xB0,0x64,0x12,0xFF,0xB0,0x64,0x12,0xFF,0xB0,0x64,0x12,0xFF,
    0xB0,0x64,0x12,0xFF,0xB0,0x64,0x12,0xFF,0xB0,0x64,0x12,0xFF,0xB0,0x64,0x12,0xFF,0xB0,0x64,0x12,0xFF,0xB0,0x64,0x12,0xFF,0xB0,0x64,0x12,0xFF,0xB0,0x64,0x12,0xFF,0xB0,0x64,0x12,0xFF,0xB0,0x64,0x12,0xFF,0xB0,0x64,0x12,0xFF,0xB0,0x64,0x12,0xFF,0xB0,0x64,0x12,0xFF,0xB0,0x64,0x12,0xFF,0xB0,0x64,0x12,0xFF,0xB0,0x64,0x12,0xFF,
    0xB0,0x64,0x12,0xFF,0xB0,0x64,0x12,0xFF,0xB0,0x64,0x12,0xFF,0xB0,0x64,0x12,0xFF,0xB0,0x64,0x12,0xFF,0xB0,0x64,0x12,0xFF,0xB0,0x64,0x12,0xFF,0xB0,0x64,0x12,0xFF,0xB0,0x64,0x12,0xFF,0xB0,0x64,0x12,0xFF,0xB0,0x64,0x12,0xFF,0xB0,0x64,0x12,0xFF,0xB0,0x64,0x12,0xFF,0xB0,0x64,0x12,0xFF,0xB0,0x64,0x12,0xFF,0xB0,0x64,0x12,0xFF,
    0xB0,0x64,0x12,0xFF,0xB0,0x64,0x12,0xFF,0xB0,0x64,0x12,0xFF,0xB0,0x64,0x12,0xFF,0xB0,0x64,0x12,0xFF,0xB0,0x64,0x12,0xFF,0xB0,0x64,0x12,0xFF,0xB0,0x64,0x12,0xFF,0xB0,0x64,0x12,0xFF,0xB0,0x64,0x12,0xFF,0xB0,0x64,0x12,0xFF,0xB0,0x64,0x12,0xFF,0xB0,0x64,0x12,0xFF,0xB0,0x64,0x12,0xFF,0xB0,0x64,0x12,0xFF,0xB0,0x64,0x12,0xFF,
    0xB0,0x64,0x12,0xFF,0xB0,0x64,0x12,0xFF,0xB0,0x64,0x12,0xFF,0xB0,0x64,0x12,0xFF,0xB0,0x64,0x12,0xFF,0xB0,0x64,0x12,0xFF,0xB0,0x64,0x12,0xFF,0xB0,0x64,0x12,0xFF,0xB0,0x64,0x12,0xFF,0xB0,0x64,0x12,0xFF,0xB0,0x64,0x12,0xFF,0xB0,0x64,0x12,0xFF,0xB0,0x64,0x12,0xFF,0xB0,0x64,0x12,0xFF,0xB0,0x64,0x12,0xFF,0xB0,0x64,0x12,0xFF,
    0xB0,0x64,0x12,0xFF,0xB0,0x64,0x12,0xFF,0xB0,0x64,0x12,0xFF,0xB0,0x64,0x12,0xFF,0xB0,0x64,0x12,0xFF,0xB0,0x64,0x12,0xFF,0xB0,0x64,0x12,0xFF,0xB0,0x64,0x12,0xFF,0xB0,0x64,0x12,0xFF,0xB0,0x64,0x12,0xFF,0xB0,0x64,0x12,0xFF,0xB0,0x64,0x12,0xFF,0xB0,0x64,0x12,0xFF,0xB0,0x64,0x12,0xFF,0xB0,0x64,0x12,0xFF,0xB0,0x64,0x12,0xFF,
    0xB0,0x64,0x12,0xFF,0xB0,0x64,0x12,0xFF,0xB0,0x64,0x12,0xFF,0xB0,0x64,0x12,0xFF,0xB0,0x64,0x12,0xFF,0xB0,0x64,0x12,0xFF,0xB0,0x64,0x12,0xFF,0xB0,0x64,0x12,0xFF,0xB0,0x64,0x12,0xFF,0xB0,0x64,0x12,0xFF,0xB0,0x64,0x12,0xFF,0xB0,0x64,0x12,0xFF,0xB0,0x64,0x12,0xFF,0xB0,0x64,0x12,0xFF,0xB0,0x64,0x12,0xFF,0xB0,0x64,0x12,0xFF,
    0xB0,0x64,0x12,0xFF,0xB0,0x64,0x12,0xFF,0xB0,0x64,0x12,0xFF,0xB0,0x64,0x12,0xFF,0xB0,0x64,0x12,0xFF,0xB0,0x64,0x12,0xFF,0xB0,0x64,0x12,0xFF,0xB0,0x64,0x12,0xFF,0xB0,0x64,0x12,0xFF,0xB0,0x64,0x12,0xFF,0xB0,0x64,0x12,0xFF,0xB0,0x64,0x12,0xFF,0xB0,0x64,0x12,0xFF,0xB0,0x64,0x12,0xFF,0xB0,0x64,0x12,0xFF,0xB0,0x64,0x12,0xFF,
    0xB0,0x64,0x12,0xFF,0xB0,0x64,0x12,0xFF,0xB0,0x64,0x12,0xFF,0xB0,0x64,0x12,0xFF,0xB0,0x64,0x12,0xFF,0xB0,0x64,0x12,0xFF,0xB0,0x64,0x12,0xFF,0xB0,0x64,0x12,0xFF,0xB0,0x64,0x12,0xFF,0xB0,0x64,0x12,0xFF,0xB0,0x64,0x12,0xFF,0xB0,0x64,0x12,0xFF,0xB0,0x64,0x12,0xFF,0xB0,0x64,0x12,0xFF,0xB0,0x64,0x12,0xFF,0xB0,0x64,0x12,0xFF,
    0xB0,0x64,0x12,0xFF,0xB0,0x64,0x12,0xFF,0xB0,0x64,0x12,0xFF,0xB0,0x64,0x12,0xFF,0xB0,0x64,0x12,0xFF,0xB0,0x64,0x12,0xFF,0xB0,0x64,0x12,0xFF,0xB0,0x64,0x12,0xFF,0xB0,0x64,0x12,0xFF,0xB0,0x64,0x12,0xFF,0xB0,0x64,0x12,0xFF,0xB0,0x64,0x12,0xFF,0xB0,0x64,0x12,0xFF,0xB0,0x64,0x12,0xFF,0xB0,0x64,0x12,0xFF,0xB0,0x64,0x12,0xFF,
    0xB0,0x64,0x12,0xFF,0xB0,0x64,0x12,0xFF,0xB0,0x64,0x12,0xFF,0xB0,0x64,0x12,0xFF,0xB0,0x64,0x12,0xFF,0xB0,0x64,0x12,0xFF,0xB0,0x64,0x12,0xFF,0xB0,0x64,0x12,0xFF,0xB0,0x64,0x12,0xFF,0xB0,0x64,0x12,0xFF,0xB0,0x64,0x12,0xFF,0xB0,0x64,0x12,0xFF,0xB0,0x64,0x12,0xFF,0xB0,0x64,0x12,0xFF,0xB0,0x64,0x12,0xFF,0xB0,0x64,0x12,0xFF,
    0xB0,0x64,0x12,0xFF,0xB0,0x64,0x12,0xFF,0xB0,0x64,0x12,0xFF,0xB0,0x64,0x12,0xFF,0xB0,0x64,0x12,0xFF,0xB0,0x64,0x12,0xFF,0xB0,0x64,0x12,0xFF,0xB0,0x64,0x12,0xFF,0xB0,0x64,0x12,0xFF,0xB0,0x64,0x12,0xFF,0xB0,0x64,0x12,0xFF,0xB0,0x64,0x12,0xFF,0xB0,0x64,0x12,0xFF,0xB0,0x64,0x12,0xFF,0xB0,0x64,0x12,0xFF,0xB0,0x64,0x12,0xFF,
    0xB0,0x64,0x12,0xFF,0xB0,0x64,0x12,0xFF,0xB0,0x64,0x12,0xFF,0xB0,0x64,0x12,0xFF,0xB0,0x64,0x12,0xFF,0xB0,0x64,0x12,0xFF,0xB0,0x64,0x12,0xFF,0xB0,0x64,0x12,0xFF,0xB0,0x64,0x12,0xFF,0xB0,0x64,0x12,0xFF,0xB0,0x64,0x12,0xFF,0xB0,0x64,0x12,0xFF,0xB0,0x64,0x12,0xFF,0xB0,0x64,0x12,0xFF,0xB0,0x64,0x12,0xFF,0xB0,0x64,0x12,0xFF,
    0xB0,0x64,0x12,0xFF,0xB0,0x64,0x12,0xFF,0xB0,0x64,0x12,0xFF,0xB0,0x64,0x12,0xFF,0xB0,0x64,0x12,0xFF,0xB0,0x64,0x12,0xFF,0xB0,0x64,0x12,0xFF,0xB0,0x64,0x12,0xFF,0xB0,0x64,0x12,0xFF,0xB0,0x64,0x12,0xFF,0xB0,0x64,0x12,0xFF,0xB0,0x64,0x12,0xFF,0xB0,0x64,0x12,0xFF,0xB0,0x64,0x12,0xFF,0xB0,0x64,0x12,0xFF,0xB0,0x64,0x12,0xFF,
    0xB0,0x64,0x12,0xFF,0xB0,0x64,0x12,0xFF,0xB0,0x64,0x12,0xFF,0xB0,0x64,0x12,0xFF,0xB0,0x64,0x12,0xFF,0xB0,0x64,0x12,0xFF,0xB0,0x64,0x12,0xFF,0xB0,0x64,0x12,0xFF,0xB0,0x64,0x12,0xFF,0xB0,0x64,0x12,0xFF,0xB0,0x64,0x12,0xFF,0xB0,0x64,0x12,0xFF,0xB0,0x64,0x12,0xFF,0xB0,0x64,0x12,0xFF,0xB0,0x64,0x12,0xFF,0xB0,0x64,0x12,0xFF,
    0xB0,0x64,0x12,0xFF,0xB0,0x64,0x12,0xFF,0xB0,0x64,0x12,0xFF,0xB0,0x64,0x12,0xFF,0xB0,0x64,0x12,0xFF,0xB0,0x64,0x12,0xFF,0xB0,0x64,0x12,0xFF,0xB0,0x64,0x12,0xFF,0xB0,0x64,0x12,0xFF,0xB0,0x64,0x12,0xFF,0xB0,0x64,0x12,0xFF,0xB0,0x64,0x12,0xFF,0xB0,0x64,0x12,0xFF,0xB0,0x64,0x12,0xFF,0xB0,0x64,0x12,0xFF,0xB0,0x64,0x12,0xFF,
    0xB0,0x64,0x12,0xFF,0xB0,0x64,0x12,0xFF,0xB0,0x64,0x12,0xFF,0xB0,0x64,0x12,0xFF,0xB0,0x64,0x12,0xFF,0xB0,0x64,0x12,0xFF,0xB0,0x64,0x12,0xFF,0xB0,0x64,0x12,0xFF,0xB0,0x64,0x12,0xFF,0xB0,0x64,0x12,0xFF,0xB0,0x64,0x12,0xFF,0xB0,0x64,0x12,0xFF,0xB0,0x64,0x12,0xFF,0xB0,0x64,0x12,0xFF,0xB0,0x64,0x12,0xFF,0xB0,0x64,0x12,0xFF,
    0xB0,0x64,0x12,0xFF,0xB0,0x64,0x12,0xFF,0xB0,0x64,0x12,0xFF,0xB0,0x64,0x12,0xFF,0xB0,0x64,0x12,0xFF,0xB0,0x64,0x12,0xFF,0xB0,0x64,0x12,0xFF,0xB0,0x64,0x12,0xFF,0xB0,0x64,0x12,0xFF,0xB0,0x64,0x12,0xFF,0xB0,0x64,0x12,0xFF,0xB0,0x64,0x12,0xFF,0xB0,0x64,0x12,0xFF,0xB0,0x64,0x12,0xFF,0xB0,0x64,0x12,0xFF,0xB0,0x64,0x12,0xFF,
    0xB0,0x64,0x12,0xFF,0xB0,0x64,0x12,0xFF,0xB0,0x64,0x12,0xFF,0xB0,0x64,0x12,0xFF,0xB0,0x64,0x12,0xFF,0xB0,0x64,0x12,0xFF,0xB0,0x64,0x12,0xFF,0xB0,0x64,0x12,0xFF,0xB0,0x64,0x12,0xFF,0xB0,0x64,0x12,0xFF,0xB0,0x64,0x12,0xFF,0xB0,0x64,0x12,0xFF,0xB0,0x64,0x12,0xFF,0xB0,0x64,0x12,0xFF,0xB0,0x64,0x12,0xFF,0xB0,0x64,0x12,0xFF,
    0xB0,0x64,0x12,0xFF,0xB0,0x64,0x12,0xFF,0xB0,0x64,0x12,0xFF,0xB0,0x64,0x12,0xFF,0xB0,0x64,0x12,0xFF,0xB0,0x64,0x12,0xFF,0xB0,0x64,0x12,0xFF,0xB0,0x64,0x12,0xFF,0xB0,0x64,0x12,0xFF,0xB0,0x64,0x12,0xFF,0xB0,0x64,0x12,0xFF,0xB0,0x64,0x12,0xFF,0xB0,0x64,0x12,0xFF,0xB0,0x64,0x12,0xFF,0xB0,0x64,0x12,0xFF,0xB0,0x64,0x12,0xFF,
    0xB0,0x64,0x12,0xFF,0xB0,0x64,0x12,0xFF,0xB0,0x64,0x12,0xFF,0xB0,0x64,0x12,0xFF,0xB0,0x64,0x12,0xFF,0xB0,0x64,0x12,0xFF,0xB0,0x64,0x12,0xFF,0xB0,0x64,0x12,0xFF,0xB0,0x64,0x12,0xFF,0xB0,0x64,0x12,0xFF,0xB0,0x64,0x12,0xFF,0xB0,0x64,0x12,0xFF,0xB0,0x64,0x12,0xFF,0xB0,0x64,0x12,0xFF,0xB0,0x64,0x12,0xFF,0xB0,0x64,0x12,0xFF,
    0xB0,0x64,0x12,0xFF,0xB0,0x64,0x12,0xFF,0xB0,0x64,0x12,0xFF,0xB0,0x64,0x12,0xFF,0xB0,0x64,0x12,0xFF,0xB0,0x64,0x12,0xFF,0xB0,0x64,0x12,0xFF,0xB0,0x64,0x12,0xFF,0xB0,0x64,0x12,0xFF,0xB0,0x64,0x12,0xFF,0xB0,0x64,0x12,0xFF,0xB0,0x64,0x12,0xFF,0xB0,0x64,0x12,0xFF,0xB0,0x64,0x12,0xFF,0xB0,0x64,0x12,0xFF,0xB0,0x64,0x12,0xFF,
    0xB0,0x64,0x12,0xFF,0xB0,0x64,0x12,0xFF,0xB0,0x64,0x12,0xFF,0xB0,0x64,0x12,0xFF,0xB0,0x64,0x12,0xFF,0xB0,0x64,0x12,0xFF,0xB0,0x64,0x12,0xFF,0xB0,0x64,0x12,0xFF,0xB0,0x64,0x12,0xFF,0xB0,0x64,0x12,0xFF,0xB0,0x64,0x12,0xFF,0xB0,0x64,0x12,0xFF,0xB0,0x64,0x12,0xFF,0xB0,0x64,0x12,0xFF,0xB0,0x64,0x12,0xFF,0xB0,0x64,0x12,0xFF,
    0xB0,0x64,0x12,0xFF,0xB0,0x64,0x12,0xFF,0xB0,0x64,0x12,0xFF,0xB0,0x64,0x12,0xFF,0xB0,0x64,0x12,0xFF,0xB0,0x64,0x12,0xFF,0xB0,0x64,0x12,0xFF,0xB0,0x64,0x12,0xFF,0xB0,0x64,0x12,0xFF,0xB0,0x64,0x12,0xFF,0xB0,0x64,0x12,0xFF,0xB0,0x64,0x12,0xFF,0xB0,0x64,0x12,0xFF,0xB0,0x64,0x12,0xFF,0xB0,0x64,0x12,0xFF,0xB0,0x64,0x12,0xFF,
    0xB0,0x64,0x12,0xFF,0xB0,0x64,0x12,0xFF,0xB0,0x64,0x12,0xFF,0xB0,0x64,0x12,0xFF,0xB0,0x64,0x12,0xFF,0xB0,0x64,0x12,0xFF,0xB0,0x64,0x12,0xFF,0xB0,0x64,0x12,0xFF,0xB0,0x64,0x12,0xFF,0xB0,0x64,0x12,0xFF,0xB0,0x64,0x12,0xFF,0xB0,0x64,0x12,0xFF,0xB0,0x64,0x12,0xFF,0xB0,0x64,0x12,0xFF,0xB0,0x64,0x12,0xFF,0xB0,0x64,0x12,0xFF,
    0xB0,0x64,0x12,0xFF,0xB0,0x64,0x12,0xFF,0xB0,0x64,0x12,0xFF,0xB0,0x64,0x12,0xFF,0xB0,0x64,0x12,0xFF,0xB0,0x64,0x12,0xFF,0xB0,0x64,0x12,0xFF,0xB0,0x64,0x12,0xFF,0xB0,0x64,0x12,0xFF,0xB0,0x64,0x12,0xFF,0xB0,0x64,0x12,0xFF,0xB0,0x64,0x12,0xFF,0xB0,0x64,0x12,0xFF,0xB0,0x64,0x12,0xFF,0xB0,0x64,0x12,0xFF,0xB0,0x64,0x12,0xFF,
    0xB0,0x64,0x12,0xFF,0xB0,0x64,0x12,0xFF,0xB0,0x64,0x12,0xFF,0xB0,0x64,0x12,0xFF,0xB0,0x64,0x12,0xFF,0xB0,0x64,0x12,0xFF,0xB0,0x64,0x12,0xFF,0xB0,0x64,0x12,0xFF,0xB0,0x64,0x12,0xFF,0xB0,0x64,0x12,0xFF,0xB0,0x64,0x12,0xFF,0xB0,0x64,0x12,0xFF,0xB0,0x64,0x12,0xFF,0xB0,0x64,0x12,0xFF,0xB0,0x64,0x12,0xFF,0xB0,0x64,0x12,0xFF,
    0xB0,0x64,0x12,0xFF,0xB0,0x64,0x12,0xFF,0xB0,0x64,0x12,0xFF,0xB0,0x64,0x12,0xFF,0xB0,0x64,0x12,0xFF,0xB0,0x64,0x12,0xFF,0xB0,0x64,0x12,0xFF,0xB0,0x64,0x12,0xFF,0xB0,0x64,0x12,0xFF,0xB0,0x64,0x12,0xFF,0xB0,0x64,0x12,0xFF,0xB0,0x64,0x12,0xFF,0xB0,0x64,0x12,0xFF,0xB0,0x64,0x12,0xFF,0xB0,0x64,0x12,0xFF,0xB0,0x64,0x12,0xFF,
    0xB0,0x64,0x12,0xFF,0xB0,0x64,0x12,0xFF,0xB0,0x64,0x12,0xFF,0xB0,0x64,0x12,0xFF,0xB0,0x64,0x12,0xFF,0xB0,0x64,0x12,0xFF,0xB0,0x64,0x12,0xFF,0xB0,0x64,0x12,0xFF,0xB0,0x64,0x12,0xFF,0xB0,0x64,0x12,0xFF,0xB0,0x64,0x12,0xFF,0xB0,0x64,0x12,0xFF,0xB0,0x64,0x12,0xFF,0xB0,0x64,0x12,0xFF,0xB0,0x64,0x12,0xFF,0xB0,0x64,0x12,0xFF,
    0xB0,0x64,0x12,0xFF,0xB0,0x64,0x12,0xFF,0xB0,0x64,0x12,0xFF,0xB0,0x64,0x12,0xFF,0xB0,0x64,0x12,0xFF,0xB0,0x64,0x12,0xFF,0xB0,0x64,0x12,0xFF,0xB0,0x64,0x12,0xFF,0xB0,0x64,0x12,0xFF,0xB0,0x64,0x12,0xFF,0xB0,0x64,0x12,0xFF,0xB0,0x64,0x12,0xFF,0xB0,0x64,0x12,0xFF,0xB0,0x64,0x12,0xFF,0xB0,0x64,0x12,0xFF,0xB0,0x64,0x12,0xFF,
    0xB0,0x64,0x12,0xFF,0xB0,0x64,0x12,0xFF,0xB0,0x64,0x12,0xFF,0xB0,0x64,0x12,0xFF,0xB0,0x64,0x12,0xFF,0xB0,0x64,0x12,0xFF,0xB0,0x64,0x12,0xFF,0xB0,0x64,0x12,0xFF,0xB0,0x64,0x12,0xFF,0xB0,0x64,0x12,0xFF,0xB0,0x64,0x12,0xFF,0xB0,0x64,0x12,0xFF,0xB0,0x64,0x12,0xFF,0xB0,0x64,0x12,0xFF,0xB0,0x64,0x12,0xFF,0xB0,0x64,0x12,0xFF,
    0xB0,0x64,0x12,0xFF,0xB0,0x64,0x12,0xFF,0xB0,0x64,0x12,0xFF,0xB0,0x64,0x12,0xFF,0xB0,0x64,0x12,0xFF,0xB0,0x64,0x12,0xFF,0xB0,0x64,0x12,0xFF,0xB0,0x64,0x12,0xFF,0xB0,0x64,0x12,0xFF,0xB0,0x64,0x12,0xFF,0xB0,0x64,0x12,0xFF,0xB0,0x64,0x12,0xFF,0xB0,0x64,0x12,0xFF,0xB0,0x64,0x12,0xFF,0xB0,0x64,0x12,0xFF,0xB0,0x64,0x12,0xFF,
    0xB0,0x64,0x12,0xFF,0xB0,0x64,0x12,0xFF,0xB0,0x64,0x12,0xFF,0xB0,0x64,0x12,0xFF,0xB0,0x64,0x12,0xFF,0xB0,0x64,0x12,0xFF,0xB0,0x64,0x12,0xFF,0xB0,0x64,0x12,0xFF,0xB0,0x64,0x12,0xFF,0xB0,0x64,0x12,0xFF,0xB0,0x64,0x12,0xFF,0xB0,0x64,0x12,0xFF,0xB0,0x64,0x12,0xFF,0xB0,0x64,0x12,0xFF,0xB0,0x64,0x12,0xFF,0xB0,0x64,0x12,0xFF,
    0xB0,0x64,0x12,0xFF,0xB0,0x64,0x12,0xFF,0xB0,0x64,0x12,0xFF,0xB0,0x64,0x12,0xFF,0xB0,0x64,0x12,0xFF,0xB0,0x64,0x12,0xFF,0xB0,0x64,0x12,0xFF,0xB0,0x64,0x12,0xFF,0xB0,0x64,0x12,0xFF,0xB0,0x64,0x12,0xFF,0xB0,0x64,0x12,0xFF,0xB0,0x64,0x12,0xFF,0xB0,0x64,0x12,0xFF,0xB0,0x64,0x12,0xFF,0xB0,0x64,0x12,0xFF,0xB0,0x64,0x12,0xFF,
    0xB0,0x64,0x12,0xFF,0xB0,0x64,0x12,0xFF,0xB0,0x64,0x12,0xFF,0xB0,0x64,0x12,0xFF,0xB0,0x64,0x12,0xFF,0xB0,0x64,0x12,0xFF,0xB0,0x64,0x12,0xFF,0xB0,0x64,0x12,0xFF,0xB0,0x64,0x12,0xFF,0xB0,0x64,0x12,0xFF,0xB0,0x64,0x12,0xFF,0xB0,0x64,0x12,0xFF,0xB0,0x64,0x12,0xFF,0xB0,0x64,0x12,0xFF,0xB0,0x64,0x12,0xFF,0xB0,0x64,0x12,0xFF,
    0xB0,0x64,0x12,0xFF,0xB0,0x64,0x12,0xFF,0xB0,0x64,0x12,0xFF,0xB0,0x64,0x12,0xFF,0xB0,0x64,0x12,0xFF,0xB0,0x64,0x12,0xFF,0xB0,0x64,0x12,0xFF,0xB0,0x64,0x12,0xFF,0xB0,0x64,0x12,0xFF,0xB0,0x64,0x12,0xFF,0xB0,0x64,0x12,0xFF,0xB0,0x64,0x12,0xFF,0xB0,0x64,0x12,0xFF,0xB0,0x64,0x12,0xFF,0xB0,0x64,0x12,0xFF,0xB0,0x64,0x12,0xFF,
    0xB0,0x64,0x12,0xFF,0xB0,0x64,0x12,0xFF,0xB0,0x64,0x12,0xFF,0xB0,0x64,0x12,0xFF,0xB0,0x64,0x12,0xFF,0xB0,0x64,0x12,0xFF,0xB0,0x64,0x12,0xFF,0xB0,0x64,0x12,0xFF,0xB0,0x64,0x12,0xFF,0xB0,0x64,0x12,0xFF,0xB0,0x64,0x12,0xFF,0xB0,0x64,0x12,0xFF,0xB0,0x64,0x12,0xFF,0xB0,0x64,0x12,0xFF,0xB0,0x64,0x12,0xFF,0xB0,0x64,0x12,0xFF,
    0xB0,0x64,0x12,0xFF,0xB0,0x64,0x12,0xFF,0xB0,0x64,0x12,0xFF,0xB0,0x64,0x12,0xFF,0xB0,0x64,0x12,0xFF,0xB0,0x64,0x12,0xFF,0xB0,0x64,0x12,0xFF,0xB0,0x64,0x12,0xFF,0xB0,0x64,0x12,0xFF,0xB0,0x64,0x12,0xFF,0xB0,0x64,0x12,0xFF,0xB0,0x64,0x12,0xFF,0xB0,0x64,0x12,0xFF,0xB0,0x64,0x12,0xFF,0xB0,0x64,0x12,0xFF,0xB0,0x64,0x12,0xFF,
    0xB0,0x64,0x12,0xFF,0xB0,0x64,0x12,0xFF,0xB0,0x64,0x12,0xFF,0xB0,0x64,0x12,0xFF,0xB0,0x64,0x12,0xFF,0xB0,0x64,0x12,0xFF,0xB0,0x64,0x12,0xFF,0xB0,0x64,0x12,0xFF,0xB0,0x64,0x12,0xFF,0xB0,0x64,0x12,0xFF,0xB0,0x64,0x12,0xFF,0xB0,0x64,0x12,0xFF,0xB0,0x64,0x12,0xFF,0xB0,0x64,0x12,0xFF,0xB0,0x64,0x12,0xFF,0xB0,0x64,0x12,0xFF,
    0xB0,0x64,0x12,0xFF,0xB0,0x64,0x12,0xFF,0xB0,0x64,0x12,0xFF,0xB0,0x64,0x12,0xFF,0xB0,0x64,0x12,0xFF,0xB0,0x64,0x12,0xFF,0xB0,0x64,0x12,0xFF,0xB0,0x64,0x12,0xFF,0xB0,0x64,0x12,0xFF,0xB0,0x64,0x12,0xFF,0xB0,0x64,0x12,0xFF,0xB0,0x64,0x12,0xFF,0xB0,0x64,0x12,0xFF,0xB0,0x64,0x12,0xFF,0xB0,0x64,0x12,0xFF,0xB0,0x64,0x12,0xFF,
    0xB0,0x64,0x12,0xFF,0xB0,0x64,0x12,0xFF,0xB0,0x64,0x12,0xFF,0xB0,0x64,0x12,0xFF,0xB0,0x64,0x12,0xFF,0xB0,0x64,0x12,0xFF,0xB0,0x64,0x12,0xFF,0xB0,0x64,0x12,0xFF,0xB0,0x64,0x12,0xFF,0xB0,0x64,0x12,0xFF,0xB0,0x64,0x12,0xFF,0xB0,0x64,0x12,0xFF,0xB0,0x64,0x12,0xFF,0xB0,0x64,0x12,0xFF,0xB0,0x64,0x12,0xFF,0xB0,0x64,0x12,0xFF,
    0xB0,0x64,0x12,0xFF,0xB0,0x64,0x12,0xFF,0xB0,0x64,0x12,0xFF,0xB0,0x64,0x12,0xFF,0xB0,0x64,0x12,0xFF,0xB0,0x64,0x12,0xFF,0xB0,0x64,0x12,0xFF,0xB0,0x64,0x12,0xFF,0xB0,0x64,0x12,0xFF,0xB0,0x64,0x12,0xFF,0xB0,0x64,0x12,0xFF,0xB0,0x64,0x12,0xFF,0xB0,0x64,0x12,0xFF,0xB0,0x64,0x12,0xFF,0xB0,0x64,0x12,0xFF,0xB0,0x64,0x12,0xFF,
    0xB0,0x64,0x12,0xFF,0xB0,0x64,0x12,0xFF,0xB0,0x64,0x12,0xFF,0xB0,0x64,0x12,0xFF,0xB0,0x64,0x12,0xFF,0xB0,0x64,0x12,0xFF,0xB0,0x64,0x12,0xFF,0xB0,0x64,0x12,0xFF,0xB0,0x64,0x12,0xFF,0xB0,0x64,0x12,0xFF,0xB0,0x64,0x12,0xFF,0xB0,0x64,0x12,0xFF,0xB0,0x64,0x12,0xFF,0xB0,0x64,0x12,0xFF,0xB0,0x64,0x12,0xFF,0xB0,0x64,0x12,0xFF,
    0xB0,0x64,0x12,0xFF,0xB0,0x64,0x12,0xFF,0xB0,0x64,0x12,0xFF,0xB0,0x64,0x12,0xFF,0xB0,0x64,0x12,0xFF,0xB0,0x64,0x12,0xFF,0xB0,0x64,0x12,0xFF,0xB0,0x64,0x12,0xFF,0xB0,0x64,0x12,0xFF,0xB0,0x64,0x12,0xFF,0xB0,0x64,0x12,0xFF,0xB0,0x64,0x12,0xFF,0xB0,0x64,0x12,0xFF,0xB0,0x64,0x12,0xFF,0xB0,0x64,0x12,0xFF,0xB0,0x64,0x12,0xFF,
    0xB0,0x64,0x12,0xFF,0xB0,0x64,0x12,0xFF,0xB0,0x64,0x12,0xFF,0xB0,0x64,0x12,0xFF,0xB0,0x64,0x12,0xFF,0xB0,0x64,0x12,0xFF,0xB0,0x64,0x12,0xFF,0xB0,0x64,0x12,0xFF,0xB0,0x64,0x12,0xFF,0xB0,0x64,0x12,0xFF,0xB0,0x64,0x12,0xFF,0xB0,0x64,0x12,0xFF,0xB0,0x64,0x12,0xFF,0xB0,0x64,0x12,0xFF,0xB0,0x64,0x12,0xFF,0xB0,0x64,0x12,0xFF,
    0xB0,0x64,0x12,0xFF,0xB0,0x64,0x12,0xFF,0xB0,0x64,0x12,0xFF,0xB0,0x64,0x12,0xFF,0xB0,0x64,0x12,0xFF,0xB0,0x64,0x12,0xFF,0xB0,0x64,0x12,0xFF,0xB0,0x64,0x12,0xFF,0xB0,0x64,0x12,0xFF,0xB0,0x64,0x12,0xFF,0xB0,0x64,0x12,0xFF,0xB0,0x64,0x12,0xFF,0xB0,0x64,0x12,0xFF,0xB0,0x64,0x12,0xFF,0xB0,0x64,0x12,0xFF,0xB0,0x64,0x12,0xFF,
    0xB0,0x64,0x12,0xFF,0xB0,0x64,0x12,0xFF,0xB0,0x64,0x12,0xFF,0xB0,0x64,0x12,0xFF,0xB0,0x64,0x12,0xFF,0xB0,0x64,0x12,0xFF,0xB0,0x64,0x12,0xFF,0xB0,0x64,0x12,0xFF,0xB0,0x64,0x12,0xFF,0xB0,0x64,0x12,0xFF,0xB0,0x64,0x12,0xFF,0xB0,0x64,0x12,0xFF,0xB0,0x64,0x12,0xFF,0xB0,0x64,0x12,0xFF,0xB0,0x64,0x12,0xFF,0xB0,0x64,0x12,0xFF,
    0xB0,0x64,0x12,0xFF,0xB0,0x64,0x12,0xFF,0xB0,0x64,0x12,0xFF,0xB0,0x64,0x12,0xFF,0xB0,0x64,0x12,0xFF,0xB0,0x64,0x12,0xFF,0xB0,0x64,0x12,0xFF,0xB0,0x64,0x12,0xFF,0xB0,0x64,0x12,0xFF,0xB0,0x64,0x12,0xFF,0xB0,0x64,0x12,0xFF,0xB0,0x64,0x12,0xFF,0xB0,0x64,0x12,0xFF,0xB0,0x64,0x12,0xFF,0xB0,0x64,0x12,0xFF,0xB0,0x64,0x12,0xFF,
    0xB0,0x64,0x12,0xFF,0xB0,0x64,0x12,0xFF,0xB0,0x64,0x12,0xFF,0xB0,0x64,0x12,0xFF,0xB0,0x64,0x12,0xFF,0xB0,0x64,0x12,0xFF,0xB0,0x64,0x12,0xFF,0xB0,0x64,0x12,0xFF,0xB0,0x64,0x12,0xFF,0xB0,0x64,0x12,0xFF,0xB0,0x64,0x12,0xFF,0xB0,0x64,0x12,0xFF,0xB0,0x64,0x12,0xFF,0xB0,0x64,0x12,0xFF,0xB0,0x64,0x12,0xFF,0xB0,0x64,0x12,0xFF,
    0xB0,0x64,0x12,0xFF,0xB0,0x64,0x12,0xFF,0xB0,0x64,0x12,0xFF,0xB0,0x64,0x12,0xFF,0xB0,0x64,0x12,0xFF,0xB0,0x64,0x12,0xFF,0xB0,0x64,0x12,0xFF,0xB0,0x64,0x12,0xFF,0xB0,0x64,0x12,0xFF,0xB0,0x64,0x12,0xFF,0xB0,0x64,0x12,0xFF,0xB0,0x64,0x12,0xFF,0xB0,0x64,0x12,0xFF,0xB0,0x64,0x12,0xFF,0xB0,0x64,0x12,0xFF,0xB0,0x64,0x12,0xFF,
    0xB0,0x64,0x12,0xFF,0xB0,0x64,0x12,0xFF,0xB0,0x64,0x12,0xFF,0xB0,0x64,0x12,0xFF,0xB0,0x64,0x12,0xFF,0xB0,0x64,0x12,0xFF,0xB0,0x64,0x12,0xFF,0xB0,0x64,0x12,0xFF,0xB0,0x64,0x12,0xFF,0xB0,0x64,0x12,0xFF,0xB0,0x64,0x12,0xFF,0xB0,0x64,0x12,0xFF,0xB0,0x64,0x12,0xFF,0xB0,0x64,0x12,0xFF,0xB0,0x64,0x12,0xFF,0xB0,0x64,0x12,0xFF,
    0xB0,0x64,0x12,0xFF,0xB0,0x64,0x12,0xFF,0xB0,0x64,0x12,0xFF,0xB0,0x64,0x12,0xFF,0xB0,0x64,0x12,0xFF,0xB0,0x64,0x12,0xFF,0xB0,0x64,0x12,0xFF,0xB0,0x64,0x12,0xFF,0xB0,0x64,0x12,0xFF,0xB0,0x64,0x12,0xFF,0xB0,0x64,0x12,0xFF,0xB0,0x64,0x12,0xFF,0xB0,0x64,0x12,0xFF,0xB0,0x64,0x12,0xFF,0xB0,0x64,0x12,0xFF,0xB0,0x64,0x12,0xFF,
    0xB0,0x64,0x12,0xFF,0xB0,0x64,0x12,0xFF,0xB0,0x64,0x12,0xFF,0xB0,0x64,0x12,0xFF,0xB0,0x64,0x12,0xFF,0xB0,0x64,0x12,0xFF,0xB0,0x64,0x12,0xFF,0xB0,0x64,0x12,0xFF,0xB0,0x64,0x12,0xFF,0xB0,0x64,0x12,0xFF,0xB0,0x64,0x12,0xFF,0xB0,0x64,0x12,0xFF,0xB0,0x64,0x12,0xFF,0xB0,0x64,0x12,0xFF,0xB0,0x64,0x12,0xFF,0xB0,0x64,0x12,0xFF,
    0xB0,0x64,0x12,0xFF,0xB0,0x64,0x12,0xFF,0xB0,0x64,0x12,0xFF,0xB0,0x64,0x12,0xFF,0xB0,0x64,0x12,0xFF,0xB0,0x64,0x12,0xFF,0xB0,0x64,0x12,0xFF,0xB0,0x64,0x12,0xFF,0xB0,0x64,0x12,0xFF,0xB0,0x64,0x12,0xFF,0xB0,0x64,0x12,0xFF,0xB0,0x64,0x12,0xFF,0xB0,0x64,0x12,0xFF,0xB0,0x64,0x12,0xFF,0xB0,0x64,0x12,0xFF,0xB0,0x64,0x12,0xFF,
    0xB0,0x64,0x12,0xFF,0xB0,0x64,0x12,0xFF,0xB0,0x64,0x12,0xFF,0xB0,0x64,0x12,0xFF,0xB0,0x64,0x12,0xFF,0xB0,0x64,0x12,0xFF,0xB0,0x64,0x12,0xFF,0xB0,0x64,0x12,0xFF,0xB0,0x64,0x12,0xFF,0xB0,0x64,0x12,0xFF,0xB0,0x64,0x12,0xFF,0xB0,0x64,0x12,0xFF,0xB0,0x64,0x12,0xFF,0xB0,0x64,0x12,0xFF,0xB0,0x64,0x12,0xFF,0xB0,0x64,0x12,0xFF,
    0xB0,0x64,0x12,0xFF,0xB0,0x64,0x12,0xFF,0xB0,0x64,0x12,0xFF,0xB0,0x64,0x12,0xFF,0xB0,0x64,0x12,0xFF,0xB0,0x64,0x12,0xFF,0xB0,0x64,0x12,0xFF,0xB0,0x64,0x12,0xFF,0xB0,0x64,0x12,0xFF,0xB0,0x64,0x12,0xFF,0xB0,0x64,0x12,0xFF,0xB0,0x64,0x12,0xFF,0xB0,0x64,0x12,0xFF,0xB0,0x64,0x12,0xFF,0xB0,0x64,0x12,0xFF,0xB0,0x64,0x12,0xFF,
    0xB0,0x64,0x12,0xFF,0xB0,0x64,0x12,0xFF,0xB0,0x64,0x12,0xFF,0xB0,0x64,0x12,0xFF,0xB0,0x64,0x12,0xFF,0xB0,0x64,0x12,0xFF,0xB0,0x64,0x12,0xFF,0xB0,0x64,0x12,0xFF,0xB0,0x64,0x12,0xFF,0xB0,0x64,0x12,0xFF,0xB0,0x64,0x12,0xFF,0xB0,0x64,0x12,0xFF,0xB0,0x64,0x12,0xFF,0xB0,0x64,0x12,0xFF,0xB0,0x64,0x12,0xFF,0xB0,0x64,0x12,0xFF,
    0xB0,0x64,0x12,0xFF,0xB0,0x64,0x12,0xFF,0xB0,0x64,0x12,0xFF,0xB0,0x64,0x12,0xFF,0xB0,0x64,0x12,0xFF,0xB0,0x64,0x12,0xFF,0xB0,0x64,0x12,0xFF,0xB0,0x64,0x12,0xFF,0xB0,0x64,0x12,0xFF,0xB0,0x64,0x12,0xFF,0xB0,0x64,0x12,0xFF,0xB0,0x64,0x12,0xFF,0xB0,0x64,0x12,0xFF,0xB0,0x64,0x12,0xFF,0xB0,0x64,0x12,0xFF,0xB0,0x64,0x12,0xFF,
    0xB0,0x64,0x12,0xFF,0xB0,0x64,0x12,0xFF,0xB0,0x64,0x12,0xFF,0xB0,0x64,0x12,0xFF,0xB0,0x64,0x12,0xFF,0xB0,0x64,0x12,0xFF,0xB0,0x64,0x12,0xFF,0xB0,0x64,0x12,0xFF,0xB0,0x64,0x12,0xFF,0xB0,0x64,0x12,0xFF,0xB0,0x64,0x12,0xFF,0xB0,0x64,0x12,0xFF,0xB0,0x64,0x12,0xFF,0xB0,0x64,0x12,0xFF,0xB0,0x64,0x12,0xFF,0xB0,0x64,0x12,0xFF,
    0xB0,0x64,0x12,0xFF,0xB0,0x64,0x12,0xFF,0xB0,0x64,0x12,0xFF,0xB0,0x64,0x12,0xFF,0xB0,0x64,0x12,0xFF,0xB0,0x64,0x12,0xFF,0xB0,0x64,0x12,0xFF,0xB0,0x64,0x12,0xFF,0xB0,0x64,0x12,0xFF,0xB0,0x64,0x12,0xFF,0xB0,0x64,0x12,0xFF,0xB0,0x64,0x12,0xFF,0xB0,0x64,0x12,0xFF,0xB0,0x64,0x12,0xFF,0xB0,0x64,0x12,0xFF,0xB0,0x64,0x12,0xFF,
    0xB0,0x64,0x12,0xFF,0xB0,0x64,0x12,0xFF,0xB0,0x64,0x12,0xFF,0xB0,0x64,0x12,0xFF,0xB0,0x64,0x12,0xFF,0xB0,0x64,0x12,0xFF,0xB0,0x64,0x12,0xFF,0xB0,0x64,0x12,0xFF,0xB0,0x64,0x12,0xFF,0xB0,0x64,0x12,0xFF,0xB0,0x64,0x12,0xFF,0xB0,0x64,0x12,0xFF,0xB0,0x64,0x12,0xFF,0xB0,0x64,0x12,0xFF,0xB0,0x64,0x12,0xFF,0xB0,0x64,0x12,0xFF,
    0xB0,0x64,0x12,0xFF,0xB0,0x64,0x12,0xFF,0xB0,0x64,0x12,0xFF,0xB0,0x64,0x12,0xFF,0xB0,0x64,0x12,0xFF,0xB0,0x64,0x12,0xFF,0xB0,0x64,0x12,0xFF,0xB0,0x64,0x12,0xFF,0xB0,0x64,0x12,0xFF,0xB0,0x64,0x12,0xFF,0xB0,0x64,0x12,0xFF,0xB0,0x64,0x12,0xFF,0xB0,0x64,0x12,0xFF,0xB0,0x64,0x12,0xFF,0xB0,0x64,0x12,0xFF,0xB0,0x64,0x12,0xFF,
    0xB0,0x64,0x12,0xFF,0xB0,0x64,0x12,0xFF,0xB0,0x64,0x12,0xFF,0xB0,0x64,0x12,0xFF,0xB0,0x64,0x12,0xFF,0xB0,0x64,0x12,0xFF,0xB0,0x64,0x12,0xFF,0xB0,0x64,0x12,0xFF,0xB0,0x64,0x12,0xFF,0xB0,0x64,0x12,0xFF,0xB0,0x64,0x12,0xFF,0xB0,0x64,0x12,0xFF,0xB0,0x64,0x12,0xFF,0xB0,0x64,0x12,0xFF,0xB0,0x64,0x12,0xFF,0xB0,0x64,0x12,0xFF,
    0xB0,0x64,0x12,0xFF,0xB0,0x64,0x12,0xFF,0xB0,0x64,0x12,0xFF,0xB0,0x64,0x12,0xFF,0xB0,0x64,0x12,0xFF,0xB0,0x64,0x12,0xFF,0xB0,0x64,0x12,0xFF,0xB0,0x64,0x12,0xFF,0xB0,0x64,0x12,0xFF,0xB0,0x64,0x12,0xFF,0xB0,0x64,0x12,0xFF,0xB0,0x64,0x12,0xFF,0xB0,0x64,0x12,0xFF,0xB0,0x64,0x12,0xFF,0xB0,0x64,0x12,0xFF,0xB0,0x64,0x12,0xFF,
    0xB0,0x64,0x12,0xFF,0xB0,0x64,0x12,0xFF,0xB0,0x64,0x12,0xFF,0xB0,0x64,0x12,0xFF,0xB0,0x64,0x12,0xFF,0xB0,0x64,0x12,0xFF,0xB0,0x64,0x12,0xFF,0xB0,0x64,0x12,0xFF,0xB0,0x64,0x12,0xFF,0xB0,0x64,0x12,0xFF,0xB0,0x64,0x12,0xFF,0xB0,0x64,0x12,0xFF,0xB0,0x64,0x12,0xFF,0xB0,0x64,0x12,0xFF,0xB0,0x64,0x12,0xFF,0xB0,0x64,0x12,0xFF,
    0xB0,0x64,0x12,0xFF,0xB0,0x64,0x12,0xFF,0xB0,0x64,0x12,0xFF,0xB0,0x64,0x12,0xFF,0xB0,0x64,0x12,0xFF,0xB0,0x64,0x12,0xFF,0xB0,0x64,0x12,0xFF,0xB0,0x64,0x12,0xFF,0xB0,0x64,0x12,0xFF,0xB0,0x64,0x12,0xFF,0xB0,0x64,0x12,0xFF,0xB0,0x64,0x12,0xFF,0xB0,0x64,0x12,0xFF,0xB0,0x64,0x12,0xFF,0xB0,0x64,0x12,0xFF,0xB0,0x64,0x12,0xFF,
    0xB0,0x64,0x12,0xFF,0xB0,0x64,0x12,0xFF,0xB0,0x64,0x12,0xFF,0xB0,0x64,0x12,0xFF,0xB0,0x64,0x12,0xFF,0xB0,0x64,0x12,0xFF,0xB0,0x64,0x12,0xFF,0xB0,0x64,0x12,0xFF,0xB0,0x64,0x12,0xFF,0xB0,0x64,0x12,0xFF,0xB0,0x64,0x12,0xFF,0xB0,0x64,0x12,0xFF,0xB0,0x64,0x12,0xFF,0xB0,0x64,0x12,0xFF,0xB0,0x64,0x12,0xFF,0xB0,0x64,0x12,0xFF,
    0xB0,0x64,0x12,0xFF,0xB0,0x64,0x12,0xFF,0xB0,0x64,0x12,0xFF,0xB0,0x64,0x12,0xFF,0xB0,0x64,0x12,0xFF,0xB0,0x64,0x12,0xFF,0xB0,0x64,0x12,0xFF,0xB0,0x64,0x12,0xFF,0xB0,0x64,0x12,0xFF,0xB0,0x64,0x12,0xFF,0xB0,0x64,0x12,0xFF,0xB0,0x64,0x12,0xFF,0xB0,0x64,0x12,0xFF,0xB0,0x64,0x12,0xFF,0xB0,0x64,0x12,0xFF,0xB0,0x64,0x12,0xFF,
    0xB0,0x64,0x12,0xFF,0xB0,0x64,0x12,0xFF,0xB0,0x64,0x12,0xFF,0xB0,0x64,0x12,0xFF,0xB0,0x64,0x12,0xFF,0xB0,0x64,0x12,0xFF,0xB0,0x64,0x12,0xFF,0xB0,0x64,0x12,0xFF,0xB0,0x64,0x12,0xFF,0xB0,0x64,0x12,0xFF,0xB0,0x64,0x12,0xFF,0xB0,0x64,0x12,0xFF,0xB0,0x64,0x12,0xFF,0xB0,0x64,0x12,0xFF,0xB0,0x64,0x12,0xFF,0xB0,0x64,0x12,0xFF,
    0xB0,0x64,0x12,0xFF,0xB0,0x64,0x12,0xFF,0xB0,0x64,0x12,0xFF,0xB0,0x64,0x12,0xFF,0xB0,0x64,0x12,0xFF,0xB0,0x64,0x12,0xFF,0xB0,0x64,0x12,0xFF,0xB0,0x64,0x12,0xFF,0xB0,0x64,0x12,0xFF,0xB0,0x64,0x12,0xFF,0xB0,0x64,0x12,0xFF,0xB0,0x64,0x12,0xFF,0xB0,0x64,0x12,0xFF,0xB0,0x64,0x12,0xFF,0xB0,0x64,0x12,0xFF,0xB0,0x64,0x12,0xFF,
    0xB0,0x64,0x12,0xFF,0xB0,0x64,0x12,0xFF,0xB0,0x64,0x12,0xFF,0xB0,0x64,0x12,0xFF,0xB0,0x64,0x12,0xFF,0xB0,0x64,0x12,0xFF,0xB0,0x64,0x12,0xFF,0xB0,0x64,0x12,0xFF,0xB0,0x64,0x12,0xFF,0xB0,0x64,0x12,0xFF,0xB0,0x64,0x12,0xFF,0xB0,0x64,0x12,0xFF,0xB0,0x64,0x12,0xFF,0xB0,0x64,0x12,0xFF,0xB0,0x64,0x12,0xFF,0xB0,0x64,0x12,0xFF,
    0xB0,0x64,0x12,0xFF,0xB0,0x64,0x12,0xFF,0xB0,0x64,0x12,0xFF,0xB0,0x64,0x12,0xFF,0xB0,0x64,0x12,0xFF,0xB0,0x64,0x12,0xFF,0xB0,0x64,0x12,0xFF,0xB0,0x64,0x12,0xFF,0xB0,0x64,0x12,0xFF,0xB0,0x64,0x12,0xFF,0xB0,0x64,0x12,0xFF,0xB0,0x64,0x12,0xFF,0xB0,0x64,0x12,0xFF,0xB0,0x64,0x12,0xFF,0xB0,0x64,0x12,0xFF,0xB0,0x64,0x12,0xFF,
    0xB0,0x64,0x12,0xFF,0xB0,0x64,0x12,0xFF,0xB0,0x64,0x12,0xFF,0xB0,0x64,0x12,0xFF,0xB0,0x64,0x12,0xFF,0xB0,0x64,0x12,0xFF,0xB0,0x64,0x12,0xFF,0xB0,0x64,0x12,0xFF,0xB0,0x64,0x12,0xFF,0xB0,0x64,0x12,0xFF,0xB0,0x64,0x12,0xFF,0xB0,0x64,0x12,0xFF,0xB0,0x64,0x12,0xFF,0xB0,0x64,0x12,0xFF,0xB0,0x64,0x12,0xFF,0xB0,0x64,0x12,0xFF,
    0xB0,0x64,0x12,0xFF,0xB0,0x64,0x12,0xFF,0xB0,0x64,0x12,0xFF,0xB0,0x64,0x12,0xFF,0xB0,0x64,0x12,0xFF,0xB0,0x64,0x12,0xFF,0xB0,0x64,0x12,0xFF,0xB0,0x64,0x12,0xFF,0xB0,0x64,0x12,0xFF,0xB0,0x64,0x12,0xFF,0xB0,0x64,0x12,0xFF,0xB0,0x64,0x12,0xFF,0xB0,0x64,0x12,0xFF,0xB0,0x64,0x12,0xFF,0xB0,0x64,0x12,0xFF,0xB0,0x64,0x12,0xFF,
    0xB0,0x64,0x12,0xFF,0xB0,0x64,0x12,0xFF,0xB0,0x64,0x12,0xFF,0xB0,0x64,0x12,0xFF,0xB0,0x64,0x12,0xFF,0xB0,0x64,0x12,0xFF,0xB0,0x64,0x12,0xFF,0xB0,0x64,0x12,0xFF,0xB0,0x64,0x12,0xFF,0xB0,0x64,0x12,0xFF,0xB0,0x64,0x12,0xFF,0xB0,0x64,0x12,0xFF,0xB0,0x64,0x12,0xFF,0xB0,0x64,0x12,0xFF,0xB0,0x64,0x12,0xFF,0xB0,0x64,0x12,0xFF,
    0xB0,0x64,0x12,0xFF,0xB0,0x64,0x12,0xFF,0xB0,0x64,0x12,0xFF,0xB0,0x64,0x12,0xFF,0xB0,0x64,0x12,0xFF,0xB0,0x64,0x12,0xFF,0xB0,0x64,0x12,0xFF,0xB0,0x64,0x12,0xFF,0xB0,0x64,0x12,0xFF,0xB0,0x64,0x12,0xFF,0xB0,0x64,0x12,0xFF,0xB0,0x64,0x12,0xFF,0xB0,0x64,0x12,0xFF,0xB0,0x64,0x12,0xFF,0xB0,0x64,0x12,0xFF,0xB0,0x64,0x12,0xFF,
    0xB0,0x64,0x12,0xFF,0xB0,0x64,0x12,0xFF,0xB0,0x64,0x12,0xFF,0xB0,0x64,0x12,0xFF,0xB0,0x64,0x12,0xFF,0xB0,0x64,0x12,0xFF,0xB0,0x64,0x12,0xFF,0xB0,0x64,0x12,0xFF,0xB0,0x64,0x12,0xFF,0xB0,0x64,0x12,0xFF,0xB0,0x64,0x12,0xFF,0xB0,0x64,0x12,0xFF,0xB0,0x64,0x12,0xFF,0xB0,0x64,0x12,0xFF,0xB0,0x64,0x12,0xFF,0xB0,0x64,0x12,0xFF,
    0xB0,0x64,0x12,0xFF,0xB0,0x64,0x12,0xFF,0xB0,0x64,0x12,0xFF,0xB0,0x64,0x12,0xFF,0xB0,0x64,0x12,0xFF,0xB0,0x64,0x12,0xFF,0xB0,0x64,0x12,0xFF,0xB0,0x64,0x12,0xFF,0xB0,0x64,0x12,0xFF,0xB0,0x64,0x12,0xFF,0xB0,0x64,0x12,0xFF,0xB0,0x64,0x12,0xFF,0xB0,0x64,0x12,0xFF,0xB0,0x64,0x12,0xFF,0xB0,0x64,0x12,0xFF,0xB0,0x64,0x12,0xFF,
    0xB0,0x64,0x12,0xFF,0xB0,0x64,0x12,0xFF,0xB0,0x64,0x12,0xFF,0xB0,0x64,0x12,0xFF,0xB0,0x64,0x12,0xFF,0xB0,0x64,0x12,0xFF,0xB0,0x64,0x12,0xFF,0xB0,0x64,0x12,0xFF,0xB0,0x64,0x12,0xFF,0xB0,0x64,0x12,0xFF,0xB0,0x64,0x12,0xFF,0xB0,0x64,0x12,0xFF,0xB0,0x64,0x12,0xFF,0xB0,0x64,0x12,0xFF,0xB0,0x64,0x12,0xFF,0xB0,0x64,0x12,0xFF,
    0xB0,0x64,0x12,0xFF,0xB0,0x64,0x12,0xFF,0xB0,0x64,0x12,0xFF,0xB0,0x64,0x12,0xFF,0xB0,0x64,0x12,0xFF,0xB0,0x64,0x12,0xFF,0xB0,0x64,0x12,0xFF,0xB0,0x64,0x12,0xFF,0xB0,0x64,0x12,0xFF,0xB0,0x64,0x12,0xFF,0xB0,0x64,0x12,0xFF,0xB0,0x64,0x12,0xFF,0xB0,0x64,0x12,0xFF,0xB0,0x64,0x12,0xFF,0xB0,0x64,0x12,0xFF,0xB0,0x64,0x12,0xFF,
    0xB0,0x64,0x12,0xFF,0xB0,0x64,0x12,0xFF,0xB0,0x64,0x12,0xFF,0xB0,0x64,0x12,0xFF,0xB0,0x64,0x12,0xFF,0xB0,0x64,0x12,0xFF,0xB0,0x64,0x12,0xFF,0xB0,0x64,0x12,0xFF,0xB0,0x64,0x12,0xFF,0xB0,0x64,0x12,0xFF,0xB0,0x64,0x12,0xFF,0xB0,0x64,0x12,0xFF,0xB0,0x64,0x12,0xFF,0xB0,0x64,0x12,0xFF,0xB0,0x64,0x12,0xFF,0xB0,0x64,0x12,0xFF,
    0xB0,0x64,0x12,0xFF,0xB0,0x64,0x12,0xFF,0xB0,0x64,0x12,0xFF,0xB0,0x64,0x12,0xFF,0xB0,0x64,0x12,0xFF,0xB0,0x64,0x12,0xFF,0xB0,0x64,0x12,0xFF,0xB0,0x64,0x12,0xFF,0xB0,0x64,0x12,0xFF,0xB0,0x64,0x12,0xFF,0xB0,0x64,0x12,0xFF,0xB0,0x64,0x12,0xFF,0xB0,0x64,0x12,0xFF,0xB0,0x64,0x12,0xFF,0xB0,0x64,0x12,0xFF,0xB0,0x64,0x12,0xFF,
    0xB0,0x64,0x12,0xFF,0xB0,0x64,0x12,0xFF,0xB0,0x64,0x12,0xFF,0xB0,0x64,0x12,0xFF,0xB0,0x64,0x12,0xFF,0xB0,0x64,0x12,0xFF,0xB0,0x64,0x12,0xFF,0xB0,0x64,0x12,0xFF,0xB0,0x64,0x12,0xFF,0xB0,0x64,0x12,0xFF,0xB0,0x64,0x12,0xFF,0xB0,0x64,0x12,0xFF,0xB0,0x64,0x12,0xFF,0xB0,0x64,0x12,0xFF,0xB0,0x64,0x12,0xFF,0xB0,0x64,0x12,0xFF,
    0xB0,0x64,0x12,0xFF,0xB0,0x64,0x12,0xFF,0xB0,0x64,0x12,0xFF,0xB0,0x64,0x12,0xFF,0xB0,0x64,0x12,0xFF,0xB0,0x64,0x12,0xFF,0xB0,0x64,0x12,0xFF,0xB0,0x64,0x12,0xFF,0xB0,0x64,0x12,0xFF,0xB0,0x64,0x12,0xFF,0xB0,0x64,0x12,0xFF,0xB0,0x64,0x12,0xFF,0xB0,0x64,0x12,0xFF,0xB0,0x64,0x12,0xFF,0xB0,0x64,0x12,0xFF,0xB0,0x64,0x12,0xFF,
    0xB0,0x64,0x12,0xFF,0xB0,0x64,0x12,0xFF,0xB0,0x64,0x12,0xFF,0xB0,0x64,0x12,0xFF,0xB0,0x64,0x12,0xFF,0xB0,0x64,0x12,0xFF,0xB0,0x64,0x12,0xFF,0xB0,0x64,0x12,0xFF,0xB0,0x64,0x12,0xFF,0xB0,0x64,0x12,0xFF,0xB0,0x64,0x12,0xFF,0xB0,0x64,0x12,0xFF,0xB0,0x64,0x12,0xFF,0xB0,0x64,0x12,0xFF,0xB0,0x64,0x12,0xFF,0xB0,0x64,0x12,0xFF,
    0xB0,0x64,0x12,0xFF,0xB0,0x64,0x12,0xFF,0xB0,0x64,0x12,0xFF,0xB0,0x64,0x12,0xFF,0xB0,0x64,0x12,0xFF,0xB0,0x64,0x12,0xFF,0xB0,0x64,0x12,0xFF,0xB0,0x64,0x12,0xFF,0xB0,0x64,0x12,0xFF,0xB0,0x64,0x12,0xFF,0xB0,0x64,0x12,0xFF,0xB0,0x64,0x12,0xFF,0xB0,0x64,0x12,0xFF,0xB0,0x64,0x12,0xFF,0xB0,0x64,0x12,0xFF,0xB0,0x64,0x12,0xFF,
    0xB0,0x64,0x12,0xFF,0xB0,0x64,0x12,0xFF,0xB0,0x64,0x12,0xFF,0xB0,0x64,0x12,0xFF,0xB0,0x64,0x12,0xFF,0xB0,0x64,0x12,0xFF,0xB0,0x64,0x12,0xFF,0xB0,0x64,0x12,0xFF,0xB0,0x64,0x12,0xFF,0xB0,0x64,0x12,0xFF,0xB0,0x64,0x12,0xFF,0xB0,0x64,0x12,0xFF,0xB0,0x64,0x12,0xFF,0xB0,0x64,0x12,0xFF,0xB0,0x64,0x12,0xFF,0xB0,0x64,0x12,0xFF,
    0xB0,0x64,0x12,0xFF,0xB0,0x64,0x12,0xFF,0xB0,0x64,0x12,0xFF,0xB0,0x64,0x12,0xFF,0xB0,0x64,0x12,0xFF,0xB0,0x64,0x12,0xFF,0xB0,0x64,0x12,0xFF,0xB0,0x64,0x12,0xFF,0xB0,0x64,0x12,0xFF,0xB0,0x64,0x12,0xFF,0xB0,0x64,0x12,0xFF,0xB0,0x64,0x12,0xFF,0xB0,0x64,0x12,0xFF,0xB0,0x64,0x12,0xFF,0xB0,0x64,0x12,0xFF,0xB0,0x64,0x12,0xFF,
    0xB0,0x64,0x12,0xFF,0xB0,0x64,0x12,0xFF,0xB0,0x64,0x12,0xFF,0xB0,0x64,0x12,0xFF,0xB0,0x64,0x12,0xFF,0xB0,0x64,0x12,0xFF,0xB0,0x64,0x12,0xFF,0xB0,0x64,0x12,0xFF,0xB0,0x64,0x12,0xFF,0xB0,0x64,0x12,0xFF,0xB0,0x64,0x12,0xFF,0xB0,0x64,0x12,0xFF,0xB0,0x64,0x12,0xFF,0xB0,0x64,0x12,0xFF,0xB0,0x64,0x12,0xFF,0xB0,0x64,0x12,0xFF,
    0xB0,0x64,0x12,0xFF,0xB0,0x64,0x12,0xFF,0xB0,0x64,0x12,0xFF,0xB0,0x64,0x12,0xFF,0xB0,0x64,0x12,0xFF,0xB0,0x64,0x12,0xFF,0xB0,0x64,0x12,0xFF,0xB0,0x64,0x12,0xFF,0xB0,0x64,0x12,0xFF,0xB0,0x64,0x12,0xFF,0xB0,0x64,0x12,0xFF,0xB0,0x64,0x12,0xFF,0xB0,0x64,0x12,0xFF,0xB0,0x64,0x12,0xFF,0xB0,0x64,0x12,0xFF,0xB0,0x64,0x12,0xFF,
    0xB0,0x64,0x12,0xFF,0xB0,0x64,0x12,0xFF,0xB0,0x64,0x12,0xFF,0xB0,0x64,0x12,0xFF,0xB0,0x64,0x12,0xFF,0xB0,0x64,0x12,0xFF,0xB0,0x64,0x12,0xFF,0xB0,0x64,0x12,0xFF,0xB0,0x64,0x12,0xFF,0xB0,0x64,0x12,0xFF,0xB0,0x64,0x12,0xFF,0xB0,0x64,0x12,0xFF,0xB0,0x64,0x12,0xFF,0xB0,0x64,0x12,0xFF,0xB0,0x64,0x12,0xFF,0xB0,0x64,0x12,0xFF,
    0xB0,0x64,0x12,0xFF,0xB0,0x64,0x12,0xFF,0xB0,0x64,0x12,0xFF,0xB0,0x64,0x12,0xFF,0xB0,0x64,0x12,0xFF,0xB0,0x64,0x12,0xFF,0xB0,0x64,0x12,0xFF,0xB0,0x64,0x12,0xFF,0xB0,0x64,0x12,0xFF,0xB0,0x64,0x12,0xFF,0xB0,0x64,0x12,0xFF,0xB0,0x64,0x12,0xFF,0xB0,0x64,0x12,0xFF,0xB0,0x64,0x12,0xFF,0xB0,0x64,0x12,0xFF,0xB0,0x64,0x12,0xFF,
    0xB0,0x64,0x12,0xFF,0xB0,0x64,0x12,0xFF,0xB0,0x64,0x12,0xFF,0xB0,0x64,0x12,0xFF,0xB0,0x64,0x12,0xFF,0xB0,0x64,0x12,0xFF,0xB0,0x64,0x12,0xFF,0xB0,0x64,0x12,0xFF,0xB0,0x64,0x12,0xFF,0xB0,0x64,0x12,0xFF,0xB0,0x64,0x12,0xFF,0xB0,0x64,0x12,0xFF,0xB0,0x64,0x12,0xFF,0xB0,0x64,0x12,0xFF,0xB0,0x64,0x12,0xFF,0xB0,0x64,0x12,0xFF,
    0xB0,0x64,0x12,0xFF,0xB0,0x64,0x12,0xFF,0xB0,0x64,0x12,0xFF,0xB0,0x64,0x12,0xFF,0xB0,0x64,0x12,0xFF,0xB0,0x64,0x12,0xFF,0xB0,0x64,0x12,0xFF,0xB0,0x64,0x12,0xFF,0xB0,0x64,0x12,0xFF,0xB0,0x64,0x12,0xFF,0xB0,0x64,0x12,0xFF,0xB0,0x64,0x12,0xFF,0xB0,0x64,0x12,0xFF,0xB0,0x64,0x12,0xFF,0xB0,0x64,0x12,0xFF,0xB0,0x64,0x12,0xFF,
    0xB0,0x64,0x12,0xFF,0xB0,0x64,0x12,0xFF,0xB0,0x64,0x12,0xFF,0xB0,0x64,0x12,0xFF,0xB0,0x64,0x12,0xFF,0xB0,0x64,0x12,0xFF,0xB0,0x64,0x12,0xFF,0xB0,0x64,0x12,0xFF,0xB0,0x64,0x12,0xFF,0xB0,0x64,0x12,0xFF,0xB0,0x64,0x12,0xFF,0xB0,0x64,0x12,0xFF,0xB0,0x64,0x12,0xFF,0xB0,0x64,0x12,0xFF,0xB0,0x64,0x12,0xFF,0xB0,0x64,0x12,0xFF,
    0xB0,0x64,0x12,0xFF,0xB0,0x64,0x12,0xFF,0xB0,0x64,0x12,0xFF,0xB0,0x64,0x12,0xFF,0xB0,0x64,0x12,0xFF,0xB0,0x64,0x12,0xFF,0xB0,0x64,0x12,0xFF,0xB0,0x64,0x12,0xFF,0xB0,0x64,0x12,0xFF,0xB0,0x64,0x12,0xFF,0xB0,0x64,0x12,0xFF,0xB0,0x64,0x12,0xFF,0xB0,0x64,0x12,0xFF,0xB0,0x64,0x12,0xFF,0xB0,0x64,0x12,0xFF,0xB0,0x64,0x12,0xFF,
    0xB0,0x64,0x12,0xFF,0xB0,0x64,0x12,0xFF,0xB0,0x64,0x12,0xFF,0xB0,0x64,0x12,0xFF,0xB0,0x64,0x12,0xFF,0xB0,0x64,0x12,0xFF,0xB0,0x64,0x12,0xFF,0xB0,0x64,0x12,0xFF,0xB0,0x64,0x12,0xFF,0xB0,0x64,0x12,0xFF,0xB0,0x64,0x12,0xFF,0xB0,0x64,0x12,0xFF,0xB0,0x64,0x12,0xFF,0xB0,0x64,0x12,0xFF,0xB0,0x64,0x12,0xFF,0xB0,0x64,0x12,0xFF,
    0xB0,0x64,0x12,0xFF,0xB0,0x64,0x12,0xFF,0xB0,0x64,0x12,0xFF,0xB0,0x64,0x12,0xFF,0xB0,0x64,0x12,0xFF,0xB0,0x64,0x12,0xFF,0xB0,0x64,0x12,0xFF,0xB0,0x64,0x12,0xFF,0xB0,0x64,0x12,0xFF,0xB0,0x64,0x12,0xFF,0xB0,0x64,0x12,0xFF,0xB0,0x64,0x12,0xFF,0xB0,0x64,0x12,0xFF,0xB0,0x64,0x12,0xFF,0xB0,0x64,0x12,0xFF,0xB0,0x64,0x12,0xFF,
    0xB0,0x64,0x12,0xFF,0xB0,0x64,0x12,0xFF,0xB0,0x64,0x12,0xFF,0xB0,0x64,0x12,0xFF,0xB0,0x64,0x12,0xFF,0xB0,0x64,0x12,0xFF,0xB0,0x64,0x12,0xFF,0xB0,0x64,0x12,0xFF,0xB0,0x64,0x12,0xFF,0xB0,0x64,0x12,0xFF,0xB0,0x64,0x12,0xFF,0xB0,0x64,0x12,0xFF,0xB0,0x64,0x12,0xFF,0xB0,0x64,0x12,0xFF,0xB0,0x64,0x12,0xFF,0xB0,0x64,0x12,0xFF,
    0xB0,0x64,0x12,0xFF,0xB0,0x64,0x12,0xFF,0xB0,0x64,0x12,0xFF,0xB0,0x64,0x12,0xFF,0xB0,0x64,0x12,0xFF,0xB0,0x64,0x12,0xFF,0xB0,0x64,0x12,0xFF,0xB0,0x64,0x12,0xFF,0xB0,0x64,0x12,0xFF,0xB0,0x64,0x12,0xFF,0xB0,0x64,0x12,0xFF,0xB0,0x64,0x12,0xFF,0xB0,0x64,0x12,0xFF,0xB0,0x64,0x12,0xFF,0xB0,0x64,0x12,0xFF,0xB0,0x64,0x12,0xFF,
    0xB0,0x64,0x12,0xFF,0xB0,0x64,0x12,0xFF,0xB0,0x64,0x12,0xFF,0xB0,0x64,0x12,0xFF,0xB0,0x64,0x12,0xFF,0xB0,0x64,0x12,0xFF,0xB0,0x64,0x12,0xFF,0xB0,0x64,0x12,0xFF,0xB0,0x64,0x12,0xFF,0xB0,0x64,0x12,0xFF,0xB0,0x64,0x12,0xFF,0xB0,0x64,0x12,0xFF,0xB0,0x64,0x12,0xFF,0xB0,0x64,0x12,0xFF,0xB0,0x64,0x12,0xFF,0xB0,0x64,0x12,0xFF,
    0xB0,0x64,0x12,0xFF,0xB0,0x64,0x12,0xFF,0xB0,0x64,0x12,0xFF,0xB0,0x64,0x12,0xFF,0xB0,0x64,0x12,0xFF,0xB0,0x64,0x12,0xFF,0xB0,0x64,0x12,0xFF,0xB0,0x64,0x12,0xFF,0xB0,0x64,0x12,0xFF,0xB0,0x64,0x12,0xFF,0xB0,0x64,0x12,0xFF,0xB0,0x64,0x12,0xFF,0xB0,0x64,0x12,0xFF,0xB0,0x64,0x12,0xFF,0xB0,0x64,0x12,0xFF,0xB0,0x64,0x12,0xFF,
    0xB0,0x64,0x12,0xFF,0xB0,0x64,0x12,0xFF,0xB0,0x64,0x12,0xFF,0xB0,0x64,0x12,0xFF,0xB0,0x64,0x12,0xFF,0xB0,0x64,0x12,0xFF,0xB0,0x64,0x12,0xFF,0xB0,0x64,0x12,0xFF,0xB0,0x64,0x12,0xFF,0xB0,0x64,0x12,0xFF,0xB0,0x64,0x12,0xFF,0xB0,0x64,0x12,0xFF,0xB0,0x64,0x12,0xFF,0xB0,0x64,0x12,0xFF,0xB0,0x64,0x12,0xFF,0xB0,0x64,0x12,0xFF,
    0xB0,0x64,0x12,0xFF,0xB0,0x64,0x12,0xFF,0xB0,0x64,0x12,0xFF,0xB0,0x64,0x12,0xFF,0xB0,0x64,0x12,0xFF,0xB0,0x64,0x12,0xFF,0xB0,0x64,0x12,0xFF,0xB0,0x64,0x12,0xFF,0xB0,0x64,0x12,0xFF,0xB0,0x64,0x12,0xFF,0xB0,0x64,0x12,0xFF,0xB0,0x64,0x12,0xFF,0xB0,0x64,0x12,0xFF,0xB0,0x64,0x12,0xFF,0xB0,0x64,0x12,0xFF,0xB0,0x64,0x12,0xFF,
    0xB0,0x64,0x12,0xFF,0xB0,0x64,0x12,0xFF,0xB0,0x64,0x12,0xFF,0xB0,0x64,0x12,0xFF,0xB0,0x64,0x12,0xFF,0xB0,0x64,0x12,0xFF,0xB0,0x64,0x12,0xFF,0xB0,0x64,0x12,0xFF,0xB0,0x64,0x12,0xFF,0xB0,0x64,0x12,0xFF,0xB0,0x64,0x12,0xFF,0xB0,0x64,0x12,0xFF,0xB0,0x64,0x12,0xFF,0xB0,0x64,0x12,0xFF,0xB0,0x64,0x12,0xFF,0xB0,0x64,0x12,0xFF,
    0xB0,0x64,0x12,0xFF,0xB0,0x64,0x12,0xFF,0xB0,0x64,0x12,0xFF,0xB0,0x64,0x12,0xFF,0xB0,0x64,0x12,0xFF,0xB0,0x64,0x12,0xFF,0xB0,0x64,0x12,0xFF,0xB0,0x64,0x12,0xFF,0xB0,0x64,0x12,0xFF,0xB0,0x64,0x12,0xFF,0xB0,0x64,0x12,0xFF,0xB0,0x64,0x12,0xFF,0xB0,0x64,0x12,0xFF,0xB0,0x64,0x12,0xFF,0xB0,0x64,0x12,0xFF,0xB0,0x64,0x12,0xFF,
    0xB0,0x64,0x12,0xFF,0xB0,0x64,0x12,0xFF,0xB0,0x64,0x12,0xFF,0xB0,0x64,0x12,0xFF,0xB0,0x64,0x12,0xFF,0xB0,0x64,0x12,0xFF,0xB0,0x64,0x12,0xFF,0xB0,0x64,0x12,0xFF,0xB0,0x64,0x12,0xFF,0xB0,0x64,0x12,0xFF,0xB0,0x64,0x12,0xFF,0xB0,0x64,0x12,0xFF,0xB0,0x64,0x12,0xFF,0xB0,0x64,0x12,0xFF,0xB0,0x64,0x12,0xFF,0xB0,0x64,0x12,0xFF,
    0xB0,0x64,0x12,0xFF,0xB0,0x64,0x12,0xFF,0xB0,0x64,0x12,0xFF,0xB0,0x64,0x12,0xFF,0xB0,0x64,0x12,0xFF,0xB0,0x64,0x12,0xFF,0xB0,0x64,0x12,0xFF,0xB0,0x64,0x12,0xFF,0xB0,0x64,0x12,0xFF,0xB0,0x64,0x12,0xFF,0xB0,0x64,0x12,0xFF,0xB0,0x64,0x12,0xFF,0xB0,0x64,0x12,0xFF,0xB0,0x64,0x12,0xFF,0xB0,0x64,0x12,0xFF,0xB0,0x64,0x12,0xFF,
    0xB0,0x64,0x12,0xFF,0xB0,0x64,0x12,0xFF,0xB0,0x64,0x12,0xFF,0xB0,0x64,0x12,0xFF,0xB0,0x64,0x12,0xFF,0xB0,0x64,0x12,0xFF,0xB0,0x64,0x12,0xFF,0xB0,0x64,0x12,0xFF,0xB0,0x64,0x12,0xFF,0xB0,0x64,0x12,0xFF,0xB0,0x64,0x12,0xFF,0xB0,0x64,0x12,0xFF,0xB0,0x64,0x12,0xFF,0xB0,0x64,0x12,0xFF,0xB0,0x64,0x12,0xFF,0xB0,0x64,0x12,0xFF,
    0xB0,0x64,0x12,0xFF,0xB0,0x64,0x12,0xFF,0xB0,0x64,0x12,0xFF,0xB0,0x64,0x12,0xFF,0xB0,0x64,0x12,0xFF,0xB0,0x64,0x12,0xFF,0xB0,0x64,0x12,0xFF,0xB0,0x64,0x12,0xFF,0xB0,0x64,0x12,0xFF,0xB0,0x64,0x12,0xFF,0xB0,0x64,0x12,0xFF,0xB0,0x64,0x12,0xFF,0xB0,0x64,0x12,0xFF,0xB0,0x64,0x12,0xFF,0xB0,0x64,0x12,0xFF,0xB0,0x64,0x12,0xFF,
    0xB0,0x64,0x12,0xFF,0xB0,0x64,0x12,0xFF,0xB0,0x64,0x12,0xFF,0xB0,0x64,0x12,0xFF,0xB0,0x64,0x12,0xFF,0xB0,0x64,0x12,0xFF,0xB0,0x64,0x12,0xFF,0xB0,0x64,0x12,0xFF,0xB0,0x64,0x12,0xFF,0xB0,0x64,0x12,0xFF,0xB0,0x64,0x12,0xFF,0xB0,0x64,0x12,0xFF,0xB0,0x64,0x12,0xFF,0xB0,0x64,0x12,0xFF,0xB0,0x64,0x12,0xFF,0xB0,0x64,0x12,0xFF,
    0xB0,0x64,0x12,0xFF,0xB0,0x64,0x12,0xFF,0xB0,0x64,0x12,0xFF,0xB0,0x64,0x12,0xFF,0xB0,0x64,0x12,0xFF,0xB0,0x64,0x12,0xFF,0xB0,0x64,0x12,0xFF,0xB0,0x64,0x12,0xFF,0xB0,0x64,0x12,0xFF,0xB0,0x64,0x12,0xFF,0xB0,0x64,0x12,0xFF,0xB0,0x64,0x12,0xFF,0xB0,0x64,0x12,0xFF,0xB0,0x64,0x12,0xFF,0xB0,0x64,0x12,0xFF,0xB0,0x64,0x12,0xFF,
    0xB0,0x64,0x12,0xFF,0xB0,0x64,0x12,0xFF,0xB0,0x64,0x12,0xFF,0xB0,0x64,0x12,0xFF,0xB0,0x64,0x12,0xFF,0xB0,0x64,0x12,0xFF,0xB0,0x64,0x12,0xFF,0xB0,0x64,0x12,0xFF,0xB0,0x64,0x12,0xFF,0xB0,0x64,0x12,0xFF,0xB0,0x64,0x12,0xFF,0xB0,0x64,0x12,0xFF,0xB0,0x64,0x12,0xFF,0xB0,0x64,0x12,0xFF,0xB0,0x64,0x12,0xFF,0xB0,0x64,0x12,0xFF,
    0xB0,0x64,0x12,0xFF,0xB0,0x64,0x12,0xFF,0xB0,0x64,0x12,0xFF,0xB0,0x64,0x12,0xFF,0xB0,0x64,0x12,0xFF,0xB0,0x64,0x12,0xFF,0xB0,0x64,0x12,0xFF,0xB0,0x64,0x12,0xFF,0xB0,0x64,0x12,0xFF,0xB0,0x64,0x12,0xFF,0xB0,0x64,0x12,0xFF,0xB0,0x64,0x12,0xFF,0xB0,0x64,0x12,0xFF,0xB0,0x64,0x12,0xFF,0xB0,0x64,0x12,0xFF,0xB0,0x64,0x12,0xFF,
    0xB0,0x64,0x12,0xFF,0xB0,0x64,0x12,0xFF,0xB0,0x64,0x12,0xFF,0xB0,0x64,0x12,0xFF,0xB0,0x64,0x12,0xFF,0xB0,0x64,0x12,0xFF,0xB0,0x64,0x12,0xFF,0xB0,0x64,0x12,0xFF,0xB0,0x64,0x12,0xFF,0xB0,0x64,0x12,0xFF,0xB0,0x64,0x12,0xFF,0xB0,0x64,0x12,0xFF,0xB0,0x64,0x12,0xFF,0xB0,0x64,0x12,0xFF,0xB0,0x64,0x12,0xFF,0xB0,0x64,0x12,0xFF,
    0xB0,0x64,0x12,0xFF,0xB0,0x64,0x12,0xFF,0xB0,0x64,0x12,0xFF,0xB0,0x64,0x12,0xFF,0xB0,0x64,0x12,0xFF,0xB0,0x64,0x12,0xFF,0xB0,0x64,0x12,0xFF,0xB0,0x64,0x12,0xFF,0xB0,0x64,0x12,0xFF,0xB0,0x64,0x12,0xFF,0xB0,0x64,0x12,0xFF,0xB0,0x64,0x12,0xFF,0xB0,0x64,0x12,0xFF,0xB0,0x64,0x12,0xFF,0xB0,0x64,0x12,0xFF,0xB0,0x64,0x12,0xFF,
    0xB0,0x64,0x12,0xFF,0xB0,0x64,0x12,0xFF,0xB0,0x64,0x12,0xFF,0xB0,0x64,0x12,0xFF,0xB0,0x64,0x12,0xFF,0xB0,0x64,0x12,0xFF,0xB0,0x64,0x12,0xFF,0xB0,0x64,0x12,0xFF,0xB0,0x64,0x12,0xFF,0xB0,0x64,0x12,0xFF,0xB0,0x64,0x12,0xFF,0xB0,0x64,0x12,0xFF,0xB0,0x64,0x12,0xFF,0xB0,0x64,0x12,0xFF,0xB0,0x64,0x12,0xFF,0xB0,0x64,0x12,0xFF,
    0xB0,0x64,0x12,0xFF,0xB0,0x64,0x12,0xFF,0xB0,0x64,0x12,0xFF,0xB0,0x64,0x12,0xFF,0xB0,0x64,0x12,0xFF,0xB0,0x64,0x12,0xFF,0xB0,0x64,0x12,0xFF,0xB0,0x64,0x12,0xFF,0xB0,0x64,0x12,0xFF,0xB0,0x64,0x12,0xFF,0xB0,0x64,0x12,0xFF,0xB0,0x64,0x12,0xFF,0xB0,0x64,0x12,0xFF,0xB0,0x64,0x12,0xFF,0xB0,0x64,0x12,0xFF,0xB0,0x64,0x12,0xFF,
    0xB0,0x64,0x12,0xFF,0xB0,0x64,0x12,0xFF,0xB0,0x64,0x12,0xFF,0xB0,0x64,0x12,0xFF,0xB0,0x64,0x12,0xFF,0xB0,0x64,0x12,0xFF,0xB0,0x64,0x12,0xFF,0xB0,0x64,0x12,0xFF,0xB0,0x64,0x12,0xFF,0xB0,0x64,0x12,0xFF,0xB0,0x64,0x12,0xFF,0xB0,0x64,0x12,0xFF,0xB0,0x64,0x12,0xFF,0xB0,0x64,0x12,0xFF,0xB0,0x64,0x12,0xFF,0xB0,0x64,0x12,0xFF,
    0xB0,0x64,0x12,0xFF,0xB0,0x64,0x12,0xFF,0xB0,0x64,0x12,0xFF,0xB0,0x64,0x12,0xFF,0xB0,0x64,0x12,0xFF,0xB0,0x64,0x12,0xFF,0xB0,0x64,0x12,0xFF,0xB0,0x64,0x12,0xFF,0xB0,0x64,0x12,0xFF,0xB0,0x64,0x12,0xFF,0xB0,0x64,0x12,0xFF,0xB0,0x64,0x12,0xFF,0xB0,0x64,0x12,0xFF,0xB0,0x64,0x12,0xFF,0xB0,0x64,0x12,0xFF,0xB0,0x64,0x12,0xFF,
    0xB0,0x64,0x12,0xFF,0xB0,0x64,0x12,0xFF,0xB0,0x64,0x12,0xFF,0xB0,0x64,0x12,0xFF,0xB0,0x64,0x12,0xFF,0xB0,0x64,0x12,0xFF,0xB0,0x64,0x12,0xFF,0xB0,0x64,0x12,0xFF,0xB0,0x64,0x12,0xFF,0xB0,0x64,0x12,0xFF,0xB0,0x64,0x12,0xFF,0xB0,0x64,0x12,0xFF,0xB0,0x64,0x12,0xFF,0xB0,0x64,0x12,0xFF,0xB0,0x64,0x12,0xFF,0xB0,0x64,0x12,0xFF,
    0xB0,0x64,0x12,0xFF,0xB0,0x64,0x12,0xFF,0xB0,0x64,0x12,0xFF,0xB0,0x64,0x12,0xFF,0xB0,0x64,0x12,0xFF,0xB0,0x64,0x12,0xFF,0xB0,0x64,0x12,0xFF,0xB0,0x64,0x12,0xFF,0xB0,0x64,0x12,0xFF,0xB0,0x64,0x12,0xFF,0xB0,0x64,0x12,0xFF,0xB0,0x64,0x12,0xFF,0xB0,0x64,0x12,0xFF,0xB0,0x64,0x12,0xFF,0xB0,0x64,0x12,0xFF,0xB0,0x64,0x12,0xFF,
    0xB0,0x64,0x12,0xFF,0xB0,0x64,0x12,0xFF,0xB0,0x64,0x12,0xFF,0xB0,0x64,0x12,0xFF,0xB0,0x64,0x12,0xFF,0xB0,0x64,0x12,0xFF,0xB0,0x64,0x12,0xFF,0xB0,0x64,0x12,0xFF,0xB0,0x64,0x12,0xFF,0xB0,0x64,0x12,0xFF,0xB0,0x64,0x12,0xFF,0xB0,0x64,0x12,0xFF,0xB0,0x64,0x12,0xFF,0xB0,0x64,0x12,0xFF,0xB0,0x64,0x12,0xFF,0xB0,0x64,0x12,0xFF,
    0xB0,0x64,0x12,0xFF,0xB0,0x64,0x12,0xFF,0xB0,0x64,0x12,0xFF,0xB0,0x64,0x12,0xFF,0xB0,0x64,0x12,0xFF,0xB0,0x64,0x12,0xFF,0xB0,0x64,0x12,0xFF,0xB0,0x64,0x12,0xFF,0xB0,0x64,0x12,0xFF,0xB0,0x64,0x12,0xFF,0xB0,0x64,0x12,0xFF,0xB0,0x64,0x12,0xFF,0xB0,0x64,0x12,0xFF,0xB0,0x64,0x12,0xFF,0xB0,0x64,0x12,0xFF,0xB0,0x64,0x12,0xFF,
    0xB0,0x64,0x12,0xFF,0xB0,0x64,0x12,0xFF,0xB0,0x64,0x12,0xFF,0xB0,0x64,0x12,0xFF,0xB0,0x64,0x12,0xFF,0xB0,0x64,0x12,0xFF,0xB0,0x64,0x12,0xFF,0xB0,0x64,0x12,0xFF,0xB0,0x64,0x12,0xFF,0xB0,0x64,0x12,0xFF,0xB0,0x64,0x12,0xFF,0xB0,0x64,0x12,0xFF,0xB0,0x64,0x12,0xFF,0xB0,0x64,0x12,0xFF,0xB0,0x64,0x12,0xFF,0xB0,0x64,0x12,0xFF,
    0xB0,0x64,0x12,0xFF,0xB0,0x64,0x12,0xFF,0xB0,0x64,0x12,0xFF,0xB0,0x64,0x12,0xFF,0xB0,0x64,0x12,0xFF,0xB0,0x64,0x12,0xFF,0xB0,0x64,0x12,0xFF,0xB0,0x64,0x12,0xFF,0xB0,0x64,0x12,0xFF,0xB0,0x64,0x12,0xFF,0xB0,0x64,0x12,0xFF,0xB0,0x64,0x12,0xFF,0xB0,0x64,0x12,0xFF,0xB0,0x64,0x12,0xFF,0xB0,0x64,0x12,0xFF,0xB0,0x64,0x12,0xFF,
    0xB0,0x64,0x12,0xFF,0xB0,0x64,0x12,0xFF,0xB0,0x64,0x12,0xFF,0xB0,0x64,0x12,0xFF,0xB0,0x64,0x12,0xFF,0xB0,0x64,0x12,0xFF,0xB0,0x64,0x12,0xFF,0xB0,0x64,0x12,0xFF,0xB0,0x64,0x12,0xFF,0xB0,0x64,0x12,0xFF,0xB0,0x64,0x12,0xFF,0xB0,0x64,0x12,0xFF,0xB0,0x64,0x12,0xFF,0xB0,0x64,0x12,0xFF,0xB0,0x64,0x12,0xFF,0xB0,0x64,0x12,0xFF,
    0xB0,0x64,0x12,0xFF,0xB0,0x64,0x12,0xFF,0xB0,0x64,0x12,0xFF,0xB0,0x64,0x12,0xFF,0xB0,0x64,0x12,0xFF,0xB0,0x64,0x12,0xFF,0xB0,0x64,0x12,0xFF,0xB0,0x64,0x12,0xFF,0xB0,0x64,0x12,0xFF,0xB0,0x64,0x12,0xFF,0xB0,0x64,0x12,0xFF,0xB0,0x64,0x12,0xFF,0xB0,0x64,0x12,0xFF,0xB0,0x64,0x12,0xFF,0xB0,0x64,0x12,0xFF,0xB0,0x64,0x12,0xFF,
    0xB0,0x64,0x12,0xFF,0xB0,0x64,0x12,0xFF,0xB0,0x64,0x12,0xFF,0xB0,0x64,0x12,0xFF,0xB0,0x64,0x12,0xFF,0xB0,0x64,0x12,0xFF,0xB0,0x64,0x12,0xFF,0xB0,0x64,0x12,0xFF,0xB0,0x64,0x12,0xFF,0xB0,0x64,0x12,0xFF,0xB0,0x64,0x12,0xFF,0xB0,0x64,0x12,0xFF,0xB0,0x64,0x12,0xFF,0xB0,0x64,0x12,0xFF,0xB0,0x64,0x12,0xFF,0xB0,0x64,0x12,0xFF,
    0xB0,0x64,0x12,0xFF,0xB0,0x64,0x12,0xFF,0xB0,0x64,0x12,0xFF,0xB0,0x64,0x12,0xFF,0xB0,0x64,0x12,0xFF,0xB0,0x64,0x12,0xFF,0xB0,0x64,0x12,0xFF,0xB0,0x64,0x12,0xFF,0xB0,0x64,0x12,0xFF,0xB0,0x64,0x12,0xFF,0xB0,0x64,0x12,0xFF,0xB0,0x64,0x12,0xFF,0xB0,0x64,0x12,0xFF,0xB0,0x64,0x12,0xFF,0xB0,0x64,0x12,0xFF,0xB0,0x64,0x12,0xFF,
    0xB0,0x64,0x12,0xFF,0xB0,0x64,0x12,0xFF,0xB0,0x64,0x12,0xFF,0xB0,0x64,0x12,0xFF,0xB0,0x64,0x12,0xFF,0xB0,0x64,0x12,0xFF,0xB0,0x64,0x12,0xFF,0xB0,0x64,0x12,0xFF,0xB0,0x64,0x12,0xFF,0xB0,0x64,0x12,0xFF,0xB0,0x64,0x12,0xFF,0xB0,0x64,0x12,0xFF,0xB0,0x64,0x12,0xFF,0xB0,0x64,0x12,0xFF,0xB0,0x64,0x12,0xFF,0xB0,0x64,0x12,0xFF,
    0xB0,0x64,0x12,0xFF,0xB0,0x64,0x12,0xFF,0xB0,0x64,0x12,0xFF,0xB0,0x64,0x12,0xFF,0xB0,0x64,0x12,0xFF,0xB0,0x64,0x12,0xFF,0xB0,0x64,0x12,0xFF,0xB0,0x64,0x12,0xFF,0xB0,0x64,0x12,0xFF,0xB0,0x64,0x12,0xFF,0xB0,0x64,0x12,0xFF,0xB0,0x64,0x12,0xFF,0xB0,0x64,0x12,0xFF,0xB0,0x64,0x12,0xFF,0xB0,0x64,0x12,0xFF,0xB0,0x64,0x12,0xFF,
    0xB0,0x64,0x12,0xFF,0xB0,0x64,0x12,0xFF,0xB0,0x64,0x12,0xFF,0xB0,0x64,0x12,0xFF,0xB0,0x64,0x12,0xFF,0xB0,0x64,0x12,0xFF,0xB0,0x64,0x12,0xFF,0xB0,0x64,0x12,0xFF,0xB0,0x64,0x12,0xFF,0xB0,0x64,0x12,0xFF,0xB0,0x64,0x12,0xFF,0xB0,0x64,0x12,0xFF,0xB0,0x64,0x12,0xFF,0xB0,0x64,0x12,0xFF,0xB0,0x64,0x12,0xFF,0xB0,0x64,0x12,0xFF,
    0xB0,0x64,0x12,0xFF,0xB0,0x64,0x12,0xFF,0xB0,0x64,0x12,0xFF,0xB0,0x64,0x12,0xFF,0xB0,0x64,0x12,0xFF,0xB0,0x64,0x12,0xFF,0xB0,0x64,0x12,0xFF,0xB0,0x64,0x12,0xFF,0xB0,0x64,0x12,0xFF,0xB0,0x64,0x12,0xFF,0xB0,0x64,0x12,0xFF,0xB0,0x64,0x12,0xFF,0xB0,0x64,0x12,0xFF,0xB0,0x64,0x12,0xFF,0xB0,0x64,0x12,0xFF,0xB0,0x64,0x12,0xFF,
    0xB0,0x64,0x12,0xFF,0xB0,0x64,0x12,0xFF,0xB0,0x64,0x12,0xFF,0xB0,0x64,0x12,0xFF,0xB0,0x64,0x12,0xFF,0xB0,0x64,0x12,0xFF,0xB0,0x64,0x12,0xFF,0xB0,0x64,0x12,0xFF,0xB0,0x64,0x12,0xFF,0xB0,0x64,0x12,0xFF,0xB0,0x64,0x12,0xFF,0xB0,0x64,0x12,0xFF,0xB0,0x64,0x12,0xFF,0xB0,0x64,0x12,0xFF,0xB0,0x64,0x12,0xFF,0xB0,0x64,0x12,0xFF,
    0xB0,0x64,0x12,0xFF,0xB0,0x64,0x12,0xFF,0xB0,0x64,0x12,0xFF,0xB0,0x64,0x12,0xFF,0xB0,0x64,0x12,0xFF,0xB0,0x64,0x12,0xFF,0xB0,0x64,0x12,0xFF,0xB0,0x64,0x12,0xFF,0xB0,0x64,0x12,0xFF,0xB0,0x64,0x12,0xFF,0xB0,0x64,0x12,0xFF,0xB0,0x64,0x12,0xFF,0xB0,0x64,0x12,0xFF,0xB0,0x64,0x12,0xFF,0xB0,0x64,0x12,0xFF,0xB0,0x64,0x12,0xFF,
    0xB0,0x64,0x12,0xFF,0xB0,0x64,0x12,0xFF,0xB0,0x64,0x12,0xFF,0xB0,0x64,0x12,0xFF,0xB0,0x64,0x12,0xFF,0xB0,0x64,0x12,0xFF,0xB0,0x64,0x12,0xFF,0xB0,0x64,0x12,0xFF,0xB0,0x64,0x12,0xFF,0xB0,0x64,0x12,0xFF,0xB0,0x64,0x12,0xFF,0xB0,0x64,0x12,0xFF,0xB0,0x64,0x12,0xFF,0xB0,0x64,0x12,0xFF,0xB0,0x64,0x12,0xFF,0xB0,0x64,0x12,0xFF,
    0xB0,0x64,0x12,0xFF,0xB0,0x64,0x12,0xFF,0xB0,0x64,0x12,0xFF,0xB0,0x64,0x12,0xFF,0xB0,0x64,0x12,0xFF,0xB0,0x64,0x12,0xFF,0xB0,0x64,0x12,0xFF,0xB0,0x64,0x12,0xFF,0xB0,0x64,0x12,0xFF,0xB0,0x64,0x12,0xFF,0xB0,0x64,0x12,0xFF,0xB0,0x64,0x12,0xFF,0xB0,0x64,0x12,0xFF,0xB0,0x64,0x12,0xFF,0xB0,0x64,0x12,0xFF,0xB0,0x64,0x12,0xFF,
    0xB0,0x64,0x12,0xFF,0xB0,0x64,0x12,0xFF,0xB0,0x64,0x12,0xFF,0xB0,0x64,0x12,0xFF,0xB0,0x64,0x12,0xFF,0xB0,0x64,0x12,0xFF,0xB0,0x64,0x12,0xFF,0xB0,0x64,0x12,0xFF,0xB0,0x64,0x12,0xFF,0xB0,0x64,0x12,0xFF,0xB0,0x64,0x12,0xFF,0xB0,0x64,0x12,0xFF,0xB0,0x64,0x12,0xFF,0xB0,0x64,0x12,0xFF,0xB0,0x64,0x12,0xFF,0xB0,0x64,0x12,0xFF,
    0xB0,0x64,0x12,0xFF,0xB0,0x64,0x12,0xFF,0xB0,0x64,0x12,0xFF,0xB0,0x64,0x12,0xFF,0xB0,0x64,0x12,0xFF,0xB0,0x64,0x12,0xFF,0xB0,0x64,0x12,0xFF,0xB0,0x64,0x12,0xFF,0xB0,0x64,0x12,0xFF,0xB0,0x64,0x12,0xFF,0xB0,0x64,0x12,0xFF,0xB0,0x64,0x12,0xFF,0xB0,0x64,0x12,0xFF,0xB0,0x64,0x12,0xFF,0xB0,0x64,0x12,0xFF,0xB0,0x64,0x12,0xFF,
    0xB0,0x64,0x12,0xFF,0xB0,0x64,0x12,0xFF,0xB0,0x64,0x12,0xFF,0xB0,0x64,0x12,0xFF,0xB0,0x64,0x12,0xFF,0xB0,0x64,0x12,0xFF,0xB0,0x64,0x12,0xFF,0xB0,0x64,0x12,0xFF,0xB0,0x64,0x12,0xFF,0xB0,0x64,0x12,0xFF,0xB0,0x64,0x12,0xFF,0xB0,0x64,0x12,0xFF,0xB0,0x64,0x12,0xFF,0xB0,0x64,0x12,0xFF,0xB0,0x64,0x12,0xFF,0xB0,0x64,0x12,0xFF,
    0xB0,0x64,0x12,0xFF,0xB0,0x64,0x12,0xFF,0xB0,0x64,0x12,0xFF,0xB0,0x64,0x12,0xFF,0xB0,0x64,0x12,0xFF,0xB0,0x64,0x12,0xFF,0xB0,0x64,0x12,0xFF,0xB0,0x64,0x12,0xFF,0xB0,0x64,0x12,0xFF,0xB0,0x64,0x12,0xFF,0xB0,0x64,0x12,0xFF,0xB0,0x64,0x12,0xFF,0xB0,0x64,0x12,0xFF,0xB0,0x64,0x12,0xFF,0xB0,0x64,0x12,0xFF,0xB0,0x64,0x12,0xFF,
    0xB0,0x64,0x12,0xFF,0xB0,0x64,0x12,0xFF,0xB0,0x64,0x12,0xFF,0xB0,0x64,0x12,0xFF,0xB0,0x64,0x12,0xFF,0xB0,0x64,0x12,0xFF,0xB0,0x64,0x12,0xFF,0xB0,0x64,0x12,0xFF,0xB0,0x64,0x12,0xFF,0xB0,0x64,0x12,0xFF,0xB0,0x64,0x12,0xFF,0xB0,0x64,0x12,0xFF,0xB0,0x64,0x12,0xFF,0xB0,0x64,0x12,0xFF,0xB0,0x64,0x12,0xFF,0xB0,0x64,0x12,0xFF,
    0xB0,0x64,0x12,0xFF,0xB0,0x64,0x12,0xFF,0xB0,0x64,0x12,0xFF,0xB0,0x64,0x12,0xFF,0xB0,0x64,0x12,0xFF,0xB0,0x64,0x12,0xFF,0xB0,0x64,0x12,0xFF,0xB0,0x64,0x12,0xFF,0xB0,0x64,0x12,0xFF,0xB0,0x64,0x12,0xFF,0xB0,0x64,0x12,0xFF,0xB0,0x64,0x12,0xFF,0xB0,0x64,0x12,0xFF,0xB0,0x64,0x12,0xFF,0xB0,0x64,0x12,0xFF,0xB0,0x64,0x12,0xFF,
    0xB0,0x64,0x12,0xFF,0xB0,0x64,0x12,0xFF,0xB0,0x64,0x12,0xFF,0xB0,0x64,0x12,0xFF,0xB0,0x64,0x12,0xFF,0xB0,0x64,0x12,0xFF,0xB0,0x64,0x12,0xFF,0xB0,0x64,0x12,0xFF,0xB0,0x64,0x12,0xFF,0xB0,0x64,0x12,0xFF,0xB0,0x64,0x12,0xFF,0xB0,0x64,0x12,0xFF,0xB0,0x64,0x12,0xFF,0xB0,0x64,0x12,0xFF,0xB0,0x64,0x12,0xFF,0xB0,0x64,0x12,0xFF,
    0xB0,0x64,0x12,0xFF,0xB0,0x64,0x12,0xFF,0xB0,0x64,0x12,0xFF,0xB0,0x64,0x12,0xFF,0xB0,0x64,0x12,0xFF,0xB0,0x64,0x12,0xFF,0xB0,0x64,0x12,0xFF,0xB0,0x64,0x12,0xFF,0xB0,0x64,0x12,0xFF,0xB0,0x64,0x12,0xFF,0xB0,0x64,0x12,0xFF,0xB0,0x64,0x12,0xFF,0xB0,0x64,0x12,0xFF,0xB0,0x64,0x12,0xFF,0xB0,0x64,0x12,0xFF,0xB0,0x64,0x12,0xFF,
    0xB0,0x64,0x12,0xFF,0xB0,0x64,0x12,0xFF,0xB0,0x64,0x12,0xFF,0xB0,0x64,0x12,0xFF,0xB0,0x64,0x12,0xFF,0xB0,0x64,0x12,0xFF,0xB0,0x64,0x12,0xFF,0xB0,0x64,0x12,0xFF,0xB0,0x64,0x12,0xFF,0xB0,0x64,0x12,0xFF,0xB0,0x64,0x12,0xFF,0xB0,0x64,0x12,0xFF,0xB0,0x64,0x12,0xFF,0xB0,0x64,0x12,0xFF,0xB0,0x64,0x12,0xFF,0xB0,0x64,0x12,0xFF,
    0xB0,0x64,0x12,0xFF,0xB0,0x64,0x12,0xFF,0xB0,0x64,0x12,0xFF,0xB0,0x64,0x12,0xFF,0xB0,0x64,0x12,0xFF,0xB0,0x64,0x12,0xFF,0xB0,0x64,0x12,0xFF,0xB0,0x64,0x12,0xFF,0xB0,0x64,0x12,0xFF,0xB0,0x64,0x12,0xFF,0xB0,0x64,0x12,0xFF,0xB0,0x64,0x12,0xFF,0xB0,0x64,0x12,0xFF,0xB0,0x64,0x12,0xFF,0xB0,0x64,0x12,0xFF,0xB0,0x64,0x12,0xFF,
    0xB0,0x64,0x12,0xFF,0xB0,0x64,0x12,0xFF,0xB0,0x64,0x12,0xFF,0xB0,0x64,0x12,0xFF,0xB0,0x64,0x12,0xFF,0xB0,0x64,0x12,0xFF,0xB0,0x64,0x12,0xFF,0xB0,0x64,0x12,0xFF,0xB0,0x64,0x12,0xFF,0xB0,0x64,0x12,0xFF,0xB0,0x64,0x12,0xFF,0xB0,0x64,0x12,0xFF,0xB0,0x64,0x12,0xFF,0xB0,0x64,0x12,0xFF,0xB0,0x64,0x12,0xFF,0xB0,0x64,0x12,0xFF,
    0xB0,0x64,0x12,0xFF,0xB0,0x64,0x12,0xFF,0xB0,0x64,0x12,0xFF,0xB0,0x64,0x12,0xFF,0xB0,0x64,0x12,0xFF,0xB0,0x64,0x12,0xFF,0xB0,0x64,0x12,0xFF,0xB0,0x64,0x12,0xFF,0xB0,0x64,0x12,0xFF,0xB0,0x64,0x12,0xFF,0xB0,0x64,0x12,0xFF,0xB0,0x64,0x12,0xFF,0xB0,0x64,0x12,0xFF,0xB0,0x64,0x12,0xFF,0xB0,0x64,0x12,0xFF,0xB0,0x64,0x12,0xFF,
    0xB0,0x64,0x12,0xFF,0xB0,0x64,0x12,0xFF,0xB0,0x64,0x12,0xFF,0xB0,0x64,0x12,0xFF,0xB0,0x64,0x12,0xFF,0xB0,0x64,0x12,0xFF,0xB0,0x64,0x12,0xFF,0xB0,0x64,0x12,0xFF,0xB0,0x64,0x12,0xFF,0xB0,0x64,0x12,0xFF,0xB0,0x64,0x12,0xFF,0xB0,0x64,0x12,0xFF,0xB0,0x64,0x12,0xFF,0xB0,0x64,0x12,0xFF,0xB0,0x64,0x12,0xFF,0xB0,0x64,0x12,0xFF,
    0xB0,0x64,0x12,0xFF,0xB0,0x64,0x12,0xFF,0xB0,0x64,0x12,0xFF,0xB0,0x64,0x12,0xFF,0xB0,0x64,0x12,0xFF,0xB0,0x64,0x12,0xFF,0xB0,0x64,0x12,0xFF,0xB0,0x64,0x12,0xFF,0xB0,0x64,0x12,0xFF,0xB0,0x64,0x12,0xFF,0xB0,0x64,0x12,0xFF,0xB0,0x64,0x12,0xFF,0xB0,0x64,0x12,0xFF,0xB0,0x64,0x12,0xFF,0xB0,0x64,0x12,0xFF,0xB0,0x64,0x12,0xFF,
    0xB0,0x64,0x12,0xFF,0xB0,0x64,0x12,0xFF,0xB0,0x64,0x12,0xFF,0xB0,0x64,0x12,0xFF,0xB0,0x64,0x12,0xFF,0xB0,0x64,0x12,0xFF,0xB0,0x64,0x12,0xFF,0xB0,0x64,0x12,0xFF,0xB0,0x64,0x12,0xFF,0xB0,0x64,0x12,0xFF,0xB0,0x64,0x12,0xFF,0xB0,0x64,0x12,0xFF,0xB0,0x64,0x12,0xFF,0xB0,0x64,0x12,0xFF,0xB0,0x64,0x12,0xFF,0xB0,0x64,0x12,0xFF,
    0xB0,0x64,0x12,0xFF,0xB0,0x64,0x12,0xFF,0xB0,0x64,0x12,0xFF,0xB0,0x64,0x12,0xFF,0xB0,0x64,0x12,0xFF,0xB0,0x64,0x12,0xFF,0xB0,0x64,0x12,0xFF,0xB0,0x64,0x12,0xFF,0xB0,0x64,0x12,0xFF,0xB0,0x64,0x12,0xFF,0xB0,0x64,0x12,0xFF,0xB0,0x64,0x12,0xFF,0xB0,0x64,0x12,0xFF,0xB0,0x64,0x12,0xFF,0xB0,0x64,0x12,0xFF,0xB0,0x64,0x12,0xFF,
    0xB0,0x64,0x12,0xFF,0xB0,0x64,0x12,0xFF,0xB0,0x64,0x12,0xFF,0xB0,0x64,0x12,0xFF,0xB0,0x64,0x12,0xFF,0xB0,0x64,0x12,0xFF,0xB0,0x64,0x12,0xFF,0xB0,0x64,0x12,0xFF,0xB0,0x64,0x12,0xFF,0xB0,0x64,0x12,0xFF,0xB0,0x64,0x12,0xFF,0xB0,0x64,0x12,0xFF,0xB0,0x64,0x12,0xFF,0xB0,0x64,0x12,0xFF,0xB0,0x64,0x12,0xFF,0xB0,0x64,0x12,0xFF,
    0xB0,0x64,0x12,0xFF,0xB0,0x64,0x12,0xFF,0xB0,0x64,0x12,0xFF,0xB0,0x64,0x12,0xFF,0xB0,0x64,0x12,0xFF,0xB0,0x64,0x12,0xFF,0xB0,0x64,0x12,0xFF,0xB0,0x64,0x12,0xFF,0xB0,0x64,0x12,0xFF,0xB0,0x64,0x12,0xFF,0xB0,0x64,0x12,0xFF,0xB0,0x64,0x12,0xFF,0xB0,0x64,0x12,0xFF,0xB0,0x64,0x12,0xFF,0xB0,0x64,0x12,0xFF,0xB0,0x64,0x12,0xFF,
    0xB0,0x64,0x12,0xFF,0xB0,0x64,0x12,0xFF,0xB0,0x64,0x12,0xFF,0xB0,0x64,0x12,0xFF,0xB0,0x64,0x12,0xFF,0xB0,0x64,0x12,0xFF,0xB0,0x64,0x12,0xFF,0xB0,0x64,0x12,0xFF,0xB0,0x64,0x12,0xFF,0xB0,0x64,0x12,0xFF,0xB0,0x64,0x12,0xFF,0xB0,0x64,0x12,0xFF,0xB0,0x64,0x12,0xFF,0xB0,0x64,0x12,0xFF,0xB0,0x64,0x12,0xFF,0xB0,0x64,0x12,0xFF,
    0xB0,0x64,0x12,0xFF,0xB0,0x64,0x12,0xFF,0xB0,0x64,0x12,0xFF,0xB0,0x64,0x12,0xFF,0xB0,0x64,0x12,0xFF,0xB0,0x64,0x12,0xFF,0xB0,0x64,0x12,0xFF,0xB0,0x64,0x12,0xFF,0xB0,0x64,0x12,0xFF,0xB0,0x64,0x12,0xFF,0xB0,0x64,0x12,0xFF,0xB0,0x64,0x12,0xFF,0xB0,0x64,0x12,0xFF,0xB0,0x64,0x12,0xFF,0xB0,0x64,0x12,0xFF,0xB0,0x64,0x12,0xFF,
    0xB0,0x64,0x12,0xFF,0xB0,0x64,0x12,0xFF,0xB0,0x64,0x12,0xFF,0xB0,0x64,0x12,0xFF,0xB0,0x64,0x12,0xFF,0xB0,0x64,0x12,0xFF,0xB0,0x64,0x12,0xFF,0xB0,0x64,0x12,0xFF,0xB0,0x64,0x12,0xFF,0xB0,0x64,0x12,0xFF,0xB0,0x64,0x12,0xFF,0xB0,0x64,0x12,0xFF,0xB0,0x64,0x12,0xFF,0xB0,0x64,0x12,0xFF,0xB0,0x64,0x12,0xFF,0xB0,0x64,0x12,0xFF,
    0xB0,0x64,0x12,0xFF,0xB0,0x64,0x12,0xFF,0xB0,0x64,0x12,0xFF,0xB0,0x64,0x12,0xFF,0xB0,0x64,0x12,0xFF,0xB0,0x64,0x12,0xFF,0xB0,0x64,0x12,0xFF,0xB0,0x64,0x12,0xFF,0xB0,0x64,0x12,0xFF,0xB0,0x64,0x12,0xFF,0xB0,0x64,0x12,0xFF,0xB0,0x64,0x12,0xFF,0xB0,0x64,0x12,0xFF,0xB0,0x64,0x12,0xFF,0xB0,0x64,0x12,0xFF,0xB0,0x64,0x12,0xFF,
    0xB0,0x64,0x12,0xFF,0xB0,0x64,0x12,0xFF,0xB0,0x64,0x12,0xFF,0xB0,0x64,0x12,0xFF,0xB0,0x64,0x12,0xFF,0xB0,0x64,0x12,0xFF,0xB0,0x64,0x12,0xFF,0xB0,0x64,0x12,0xFF,0xB0,0x64,0x12,0xFF,0xB0,0x64,0x12,0xFF,0xB0,0x64,0x12,0xFF,0xB0,0x64,0x12,0xFF,0xB0,0x64,0x12,0xFF,0xB0,0x64,0x12,0xFF,0xB0,0x64,0x12,0xFF,0xB0,0x64,0x12,0xFF,
    0xB0,0x64,0x12,0xFF,0xB0,0x64,0x12,0xFF,0xB0,0x64,0x12,0xFF,0xB0,0x64,0x12,0xFF,0xB0,0x64,0x12,0xFF,0xB0,0x64,0x12,0xFF,0xB0,0x64,0x12,0xFF,0xB0,0x64,0x12,0xFF,0xB0,0x64,0x12,0xFF,0xB0,0x64,0x12,0xFF,0xB0,0x64,0x12,0xFF,0xB0,0x64,0x12,0xFF,0xB0,0x64,0x12,0xFF,0xB0,0x64,0x12,0xFF,0xB0,0x64,0x12,0xFF,0xB0,0x64,0x12,0xFF,
    0xB0,0x64,0x12,0xFF,0xB0,0x64,0x12,0xFF,0xB0,0x64,0x12,0xFF,0xB0,0x64,0x12,0xFF,0xB0,0x64,0x12,0xFF,0xB0,0x64,0x12,0xFF,0xB0,0x64,0x12,0xFF,0xB0,0x64,0x12,0xFF,0xB0,0x64,0x12,0xFF,0xB0,0x64,0x12,0xFF,0xB0,0x64,0x12,0xFF,0xB0,0x64,0x12,0xFF,0xB0,0x64,0x12,0xFF,0xB0,0x64,0x12,0xFF,0xB0,0x64,0x12,0xFF,0xB0,0x64,0x12,0xFF,
    0xB0,0x64,0x12,0xFF,0xB0,0x64,0x12,0xFF,0xB0,0x64,0x12,0xFF,0xB0,0x64,0x12,0xFF,0xB0,0x64,0x12,0xFF,0xB0,0x64,0x12,0xFF,0xB0,0x64,0x12,0xFF,0xB0,0x64,0x12,0xFF,0xB0,0x64,0x12,0xFF,0xB0,0x64,0x12,0xFF,0xB0,0x64,0x12,0xFF,0xB0,0x64,0x12,0xFF,0xB0,0x64,0x12,0xFF,0xB0,0x64,0x12,0xFF,0xB0,0x64,0x12,0xFF,0xB0,0x64,0x12,0xFF,
    0xB0,0x64,0x12,0xFF,0xB0,0x64,0x12,0xFF,0xB0,0x64,0x12,0xFF,0xB0,0x64,0x12,0xFF,0xB0,0x64,0x12,0xFF,0xB0,0x64,0x12,0xFF,0xB0,0x64,0x12,0xFF,0xB0,0x64,0x12,0xFF,0xB0,0x64,0x12,0xFF,0xB0,0x64,0x12,0xFF,0xB0,0x64,0x12,0xFF,0xB0,0x64,0x12,0xFF,0xB0,0x64,0x12,0xFF,0xB0,0x64,0x12,0xFF,0xB0,0x64,0x12,0xFF,0xB0,0x64,0x12,0xFF,
    0xB0,0x64,0x12,0xFF,0xB0,0x64,0x12,0xFF,0xB0,0x64,0x12,0xFF,0xB0,0x64,0x12,0xFF,0xB0,0x64,0x12,0xFF,0xB0,0x64,0x12,0xFF,0xB0,0x64,0x12,0xFF,0xB0,0x64,0x12,0xFF,0xB0,0x64,0x12,0xFF,0xB0,0x64,0x12,0xFF,0xB0,0x64,0x12,0xFF,0xB0,0x64,0x12,0xFF,0xB0,0x64,0x12,0xFF,0xB0,0x64,0x12,0xFF,0xB0,0x64,0x12,0xFF,0xB0,0x64,0x12,0xFF,
    0xB0,0x64,0x12,0xFF,0xB0,0x64,0x12,0xFF,0xB0,0x64,0x12,0xFF,0xB0,0x64,0x12,0xFF,0xB0,0x64,0x12,0xFF,0xB0,0x64,0x12,0xFF,0xB0,0x64,0x12,0xFF,0xB0,0x64,0x12,0xFF,0xB0,0x64,0x12,0xFF,0xB0,0x64,0x12,0xFF,0xB0,0x64,0x12,0xFF,0xB0,0x64,0x12,0xFF,0xB0,0x64,0x12,0xFF,0xB0,0x64,0x12,0xFF,0xB0,0x64,0x12,0xFF,0xB0,0x64,0x12,0xFF,
    0xB0,0x64,0x12,0xFF,0xB0,0x64,0x12,0xFF,0xB0,0x64,0x12,0xFF,0xB0,0x64,0x12,0xFF,0xB0,0x64,0x12,0xFF,0xB0,0x64,0x12,0xFF,0xB0,0x64,0x12,0xFF,0xB0,0x64,0x12,0xFF,0xB0,0x64,0x12,0xFF,0xB0,0x64,0x12,0xFF,0xB0,0x64,0x12,0xFF,0xB0,0x64,0x12,0xFF,0xB0,0x64,0x12,0xFF,0xB0,0x64,0x12,0xFF,0xB0,0x64,0x12,0xFF,0xB0,0x64,0x12,0xFF,
    0xB0,0x64,0x12,0xFF,0xB0,0x64,0x12,0xFF,0xB0,0x64,0x12,0xFF,0xB0,0x64,0x12,0xFF,0xB0,0x64,0x12,0xFF,0xB0,0x64,0x12,0xFF,0xB0,0x64,0x12,0xFF,0xB0,0x64,0x12,0xFF,0xB0,0x64,0x12,0xFF,0xB0,0x64,0x12,0xFF,0xB0,0x64,0x12,0xFF,0xB0,0x64,0x12,0xFF,0xB0,0x64,0x12,0xFF,0xB0,0x64,0x12,0xFF,0xB0,0x64,0x12,0xFF,0xB0,0x64,0x12,0xFF,
    0xB0,0x64,0x12,0xFF,0xB0,0x64,0x12,0xFF,0xB0,0x64,0x12,0xFF,0xB0,0x64,0x12,0xFF,0xB0,0x64,0x12,0xFF,0xB0,0x64,0x12,0xFF,0xB0,0x64,0x12,0xFF,0xB0,0x64,0x12,0xFF,0xB0,0x64,0x12,0xFF,0xB0,0x64,0x12,0xFF,0xB0,0x64,0x12,0xFF,0xB0,0x64,0x12,0xFF,0xB0,0x64,0x12,0xFF,0xB0,0x64,0x12,0xFF,0xB0,0x64,0x12,0xFF,0xB0,0x64,0x12,0xFF,
    0xB0,0x64,0x12,0xFF,0xB0,0x64,0x12,0xFF,0xB0,0x64,0x12,0xFF,0xB0,0x64,0x12,0xFF,0xB0,0x64,0x12,0xFF,0xB0,0x64,0x12,0xFF,0xB0,0x64,0x12,0xFF,0xB0,0x64,0x12,0xFF,0xB0,0x64,0x12,0xFF,0xB0,0x64,0x12,0xFF,0xB0,0x64,0x12,0xFF,0xB0,0x64,0x12,0xFF,0xB0,0x64,0x12,0xFF,0xB0,0x64,0x12,0xFF,0xB0,0x64,0x12,0xFF,0xB0,0x64,0x12,0xFF,
    0xB0,0x64,0x12,0xFF,0xB0,0x64,0x12,0xFF,0xB0,0x64,0x12,0xFF,0xB0,0x64,0x12,0xFF,0xB0,0x64,0x12,0xFF,0xB0,0x64,0x12,0xFF,0xB0,0x64,0x12,0xFF,0xB0,0x64,0x12,0xFF,0xB0,0x64,0x12,0xFF,0xB0,0x64,0x12,0xFF,0xB0,0x64,0x12,0xFF,0xB0,0x64,0x12,0xFF,0xB0,0x64,0x12,0xFF,0xB0,0x64,0x12,0xFF,0xB0,0x64,0x12,0xFF,0xB0,0x64,0x12,0xFF,
    0xB0,0x64,0x12,0xFF,0xB0,0x64,0x12,0xFF,0xB0,0x64,0x12,0xFF,0xB0,0x64,0x12,0xFF,0xB0,0x64,0x12,0xFF,0xB0,0x64,0x12,0xFF,0xB0,0x64,0x12,0xFF,0xB0,0x64,0x12,0xFF,0xB0,0x64,0x12,0xFF,0xB0,0x64,0x12,0xFF,0xB0,0x64,0x12,0xFF,0xB0,0x64,0x12,0xFF,0xB0,0x64,0x12,0xFF,0xB0,0x64,0x12,0xFF,0xB0,0x64,0x12,0xFF,0xB0,0x64,0x12,0xFF,
    0xB0,0x64,0x12,0xFF,0xB0,0x64,0x12,0xFF,0xB0,0x64,0x12,0xFF,0xB0,0x64,0x12,0xFF,0xB0,0x64,0x12,0xFF,0xB0,0x64,0x12,0xFF,0xB0,0x64,0x12,0xFF,0xB0,0x64,0x12,0xFF,0xB0,0x64,0x12,0xFF,0xB0,0x64,0x12,0xFF,0xB0,0x64,0x12,0xFF,0xB0,0x64,0x12,0xFF,0xB0,0x64,0x12,0xFF,0xB0,0x64,0x12,0xFF,0xB0,0x64,0x12,0xFF,0xB0,0x64,0x12,0xFF,
    0xB0,0x64,0x12,0xFF,0xB0,0x64,0x12,0xFF,0xB0,0x64,0x12,0xFF,0xB0,0x64,0x12,0xFF,0xB0,0x64,0x12,0xFF,0xB0,0x64,0x12,0xFF,0xB0,0x64,0x12,0xFF,0xB0,0x64,0x12,0xFF,0xB0,0x64,0x12,0xFF,0xB0,0x64,0x12,0xFF,0xB0,0x64,0x12,0xFF,0xB0,0x64,0x12,0xFF,0xB0,0x64,0x12,0xFF,0xB0,0x64,0x12,0xFF,0xB0,0x64,0x12,0xFF,0xB0,0x64,0x12,0xFF,
    0xB0,0x64,0x12,0xFF,0xB0,0x64,0x12,0xFF,0xB0,0x64,0x12,0xFF,0xB0,0x64,0x12,0xFF,0xB0,0x64,0x12,0xFF,0xB0,0x64,0x12,0xFF,0xB0,0x64,0x12,0xFF,0xB0,0x64,0x12,0xFF,0xB0,0x64,0x12,0xFF,0xB0,0x64,0x12,0xFF,0xB0,0x64,0x12,0xFF,0xB0,0x64,0x12,0xFF,0xB0,0x64,0x12,0xFF,0xB0,0x64,0x12,0xFF,0xB0,0x64,0x12,0xFF,0xB0,0x64,0x12,0xFF,
    0xB0,0x64,0x12,0xFF,0xB0,0x64,0x12,0xFF,0xB0,0x64,0x12,0xFF,0xB0,0x64,0x12,0xFF,0xB0,0x64,0x12,0xFF,0xB0,0x64,0x12,0xFF,0xB0,0x64,0x12,0xFF,0xB0,0x64,0x12,0xFF,0xB0,0x64,0x12,0xFF,0xB0,0x64,0x12,0xFF,0xB0,0x64,0x12,0xFF,0xB0,0x64,0x12,0xFF,0xB0,0x64,0x12,0xFF,0xB0,0x64,0x12,0xFF,0xB0,0x64,0x12,0xFF,0xB0,0x64,0x12,0xFF,
    0xB0,0x64,0x12,0xFF,0xB0,0x64,0x12,0xFF,0xB0,0x64,0x12,0xFF,0xB0,0x64,0x12,0xFF,0xB0,0x64,0x12,0xFF,0xB0,0x64,0x12,0xFF,0xB0,0x64,0x12,0xFF,0xB0,0x64,0x12,0xFF,0xB0,0x64,0x12,0xFF,0xB0,0x64,0x12,0xFF,0xB0,0x64,0x12,0xFF,0xB0,0x64,0x12,0xFF,0xB0,0x64,0x12,0xFF,0xB0,0x64,0x12,0xFF,0xB0,0x64,0x12,0xFF,0xB0,0x64,0x12,0xFF,
    0xB0,0x64,0x12,0xFF,0xB0,0x64,0x12,0xFF,0xB0,0x64,0x12,0xFF,0xB0,0x64,0x12,0xFF,0xB0,0x64,0x12,0xFF,0xB0,0x64,0x12,0xFF,0xB0,0x64,0x12,0xFF,0xB0,0x64,0x12,0xFF,0xB0,0x64,0x12,0xFF,0xB0,0x64,0x12,0xFF,0xB0,0x64,0x12,0xFF,0xB0,0x64,0x12,0xFF,0xB0,0x64,0x12,0xFF,0xB0,0x64,0x12,0xFF,0xB0,0x64,0x12,0xFF,0xB0,0x64,0x12,0xFF,
    0xB0,0x64,0x12,0xFF,0xB0,0x64,0x12,0xFF,0xB0,0x64,0x12,0xFF,0xB0,0x64,0x12,0xFF,0xB0,0x64,0x12,0xFF,0xB0,0x64,0x12,0xFF,0xB0,0x64,0x12,0xFF,0xB0,0x64,0x12,0xFF,0xB0,0x64,0x12,0xFF,0xB0,0x64,0x12,0xFF,0xB0,0x64,0x12,0xFF,0xB0,0x64,0x12,0xFF,0xB0,0x64,0x12,0xFF,0xB0,0x64,0x12,0xFF,0xB0,0x64,0x12,0xFF,0xB0,0x64,0x12,0xFF,
    0xB0,0x64,0x12,0xFF,0xB0,0x64,0x12,0xFF,0xB0,0x64,0x12,0xFF,0xB0,0x64,0x12,0xFF,0xB0,0x64,0x12,0xFF,0xB0,0x64,0x12,0xFF,0xB0,0x64,0x12,0xFF,0xB0,0x64,0x12,0xFF,0xB0,0x64,0x12,0xFF,0xB0,0x64,0x12,0xFF,0xB0,0x64,0x12,0xFF,0xB0,0x64,0x12,0xFF,0xB0,0x64,0x12,0xFF,0xB0,0x64,0x12,0xFF,0xB0,0x64,0x12,0xFF,0xB0,0x64,0x12,0xFF,
    0xB0,0x64,0x12,0xFF,0xB0,0x64,0x12,0xFF,0xB0,0x64,0x12,0xFF,0xB0,0x64,0x12,0xFF,0xB0,0x64,0x12,0xFF,0xB0,0x64,0x12,0xFF,0xB0,0x64,0x12,0xFF,0xB0,0x64,0x12,0xFF,0xB0,0x64,0x12,0xFF,0xB0,0x64,0x12,0xFF,0xB0,0x64,0x12,0xFF,0xB0,0x64,0x12,0xFF,0xB0,0x64,0x12,0xFF,0xB0,0x64,0x12,0xFF,0xB0,0x64,0x12,0xFF,0xB0,0x64,0x12,0xFF,
    0xB0,0x64,0x12,0xFF,0xB0,0x64,0x12,0xFF,0xB0,0x64,0x12,0xFF,0xB0,0x64,0x12,0xFF,0xB0,0x64,0x12,0xFF,0xB0,0x64,0x12,0xFF,0xB0,0x64,0x12,0xFF,0xB0,0x64,0x12,0xFF,0xB0,0x64,0x12,0xFF,0xB0,0x64,0x12,0xFF,0xB0,0x64,0x12,0xFF,0xB0,0x64,0x12,0xFF,0xB0,0x64,0x12,0xFF,0xB0,0x64,0x12,0xFF,0xB0,0x64,0x12,0xFF,0xB0,0x64,0x12,0xFF,
    0xB0,0x64,0x12,0xFF,0xB0,0x64,0x12,0xFF,0xB0,0x64,0x12,0xFF,0xB0,0x64,0x12,0xFF,0xB0,0x64,0x12,0xFF,0xB0,0x64,0x12,0xFF,0xB0,0x64,0x12,0xFF,0xB0,0x64,0x12,0xFF,0xB0,0x64,0x12,0xFF,0xB0,0x64,0x12,0xFF,0xB0,0x64,0x12,0xFF,0xB0,0x64,0x12,0xFF,0xB0,0x64,0x12,0xFF,0xB0,0x64,0x12,0xFF,0xB0,0x64,0x12,0xFF,0xB0,0x64,0x12,0xFF,
    0xB0,0x64,0x12,0xFF,0xB0,0x64,0x12,0xFF,0xB0,0x64,0x12,0xFF,0xB0,0x64,0x12,0xFF,0xB0,0x64,0x12,0xFF,0xB0,0x64,0x12,0xFF,0xB0,0x64,0x12,0xFF,0xB0,0x64,0x12,0xFF,0xB0,0x64,0x12,0xFF,0xB0,0x64,0x12,0xFF,0xB0,0x64,0x12,0xFF,0xB0,0x64,0x12,0xFF,0xB0,0x64,0x12,0xFF,0xB0,0x64,0x12,0xFF,0xB0,0x64,0x12,0xFF,0xB0,0x64,0x12,0xFF,
    0xB0,0x64,0x12,0xFF,0xB0,0x64,0x12,0xFF,0xB0,0x64,0x12,0xFF,0xB0,0x64,0x12,0xFF,0xB0,0x64,0x12,0xFF,0xB0,0x64,0x12,0xFF,0xB0,0x64,0x12,0xFF,0xB0,0x64,0x12,0xFF,0xB0,0x64,0x12,0xFF,0xB0,0x64,0x12,0xFF,0xB0,0x64,0x12,0xFF,0xB0,0x64,0x12,0xFF,0xB0,0x64,0x12,0xFF,0xB0,0x64,0x12,0xFF,0xB0,0x64,0x12,0xFF,0xB0,0x64,0x12,0xFF,
    0xB0,0x64,0x12,0xFF,0xB0,0x64,0x12,0xFF,0xB0,0x64,0x12,0xFF,0xB0,0x64,0x12,0xFF,0xB0,0x64,0x12,0xFF,0xB0,0x64,0x12,0xFF,0xB0,0x64,0x12,0xFF,0xB0,0x64,0x12,0xFF,0xB0,0x64,0x12,0xFF,0xB0,0x64,0x12,0xFF,0xB0,0x64,0x12,0xFF,0xB0,0x64,0x12,0xFF,0xB0,0x64,0x12,0xFF,0xB0,0x64,0x12,0xFF,0xB0,0x64,0x12,0xFF,0xB0,0x64,0x12,0xFF,
    0xB0,0x64,0x12,0xFF,0xB0,0x64,0x12,0xFF,0xB0,0x64,0x12,0xFF,0xB0,0x64,0x12,0xFF,0xB0,0x64,0x12,0xFF,0xB0,0x64,0x12,0xFF,0xB0,0x64,0x12,0xFF,0xB0,0x64,0x12,0xFF,0xB0,0x64,0x12,0xFF,0xB0,0x64,0x12,0xFF,0xB0,0x64,0x12,0xFF,0xB0,0x64,0x12,0xFF,0xB0,0x64,0x12,0xFF,0xB0,0x64,0x12,0xFF,0xB0,0x64,0x12,0xFF,0xB0,0x64,0x12,0xFF,
    0xB0,0x64,0x12,0xFF,0xB0,0x64,0x12,0xFF,0xB0,0x64,0x12,0xFF,0xB0,0x64,0x12,0xFF,0xB0,0x64,0x12,0xFF,0xB0,0x64,0x12,0xFF,0xB0,0x64,0x12,0xFF,0xB0,0x64,0x12,0xFF,0xB0,0x64,0x12,0xFF,0xB0,0x64,0x12,0xFF,0xB0,0x64,0x12,0xFF,0xB0,0x64,0x12,0xFF,0xB0,0x64,0x12,0xFF,0xB0,0x64,0x12,0xFF,0xB0,0x64,0x12,0xFF,0xB0,0x64,0x12,0xFF,
    0xB0,0x64,0x12,0xFF,0xB0,0x64,0x12,0xFF,0xB0,0x64,0x12,0xFF,0xB0,0x64,0x12,0xFF,0xB0,0x64,0x12,0xFF,0xB0,0x64,0x12,0xFF,0xB0,0x64,0x12,0xFF,0xB0,0x64,0x12,0xFF,0xB0,0x64,0x12,0xFF,0xB0,0x64,0x12,0xFF,0xB0,0x64,0x12,0xFF,0xB0,0x64,0x12,0xFF,0xB0,0x64,0x12,0xFF,0xB0,0x64,0x12,0xFF,0xB0,0x64,0x12,0xFF,0xB0,0x64,0x12,0xFF,
    0xB0,0x64,0x12,0xFF,0xB0,0x64,0x12,0xFF,0xB0,0x64,0x12,0xFF,0xB0,0x64,0x12,0xFF,0xB0,0x64,0x12,0xFF,0xB0,0x64,0x12,0xFF,0xB0,0x64,0x12,0xFF,0xB0,0x64,0x12,0xFF,0xB0,0x64,0x12,0xFF,0xB0,0x64,0x12,0xFF,0xB0,0x64,0x12,0xFF,0xB0,0x64,0x12,0xFF,0xB0,0x64,0x12,0xFF,0xB0,0x64,0x12,0xFF,0xB0,0x64,0x12,0xFF,0xB0,0x64,0x12,0xFF,
    0xB0,0x64,0x12,0xFF,0xB0,0x64,0x12,0xFF,0xB0,0x64,0x12,0xFF,0xB0,0x64,0x12,0xFF,0xB0,0x64,0x12,0xFF,0xB0,0x64,0x12,0xFF,0xB0,0x64,0x12,0xFF,0xB0,0x64,0x12,0xFF,0xB0,0x64,0x12,0xFF,0xB0,0x64,0x12,0xFF,0xB0,0x64,0x12,0xFF,0xB0,0x64,0x12,0xFF,0xB0,0x64,0x12,0xFF,0xB0,0x64,0x12,0xFF,0xB0,0x64,0x12,0xFF,0xB0,0x64,0x12,0xFF,
    0xB0,0x64,0x12,0xFF,0xB0,0x64,0x12,0xFF,0xB0,0x64,0x12,0xFF,0xB0,0x64,0x12,0xFF,0xB0,0x64,0x12,0xFF,0xB0,0x64,0x12,0xFF,0xB0,0x64,0x12,0xFF,0xB0,0x64,0x12,0xFF,0xB0,0x64,0x12,0xFF,0xB0,0x64,0x12,0xFF,0xB0,0x64,0x12,0xFF,0xB0,0x64,0x12,0xFF,0xB0,0x64,0x12,0xFF,0xB0,0x64,0x12,0xFF,0xB0,0x64,0x12,0xFF,0xB0,0x64,0x12,0xFF,
    0xB0,0x64,0x12,0xFF,0xB0,0x64,0x12,0xFF,0xB0,0x64,0x12,0xFF,0xB0,0x64,0x12,0xFF,0xB0,0x64,0x12,0xFF,0xB0,0x64,0x12,0xFF,0xB0,0x64,0x12,0xFF,0xB0,0x64,0x12,0xFF,0xB0,0x64,0x12,0xFF,0xB0,0x64,0x12,0xFF,0xB0,0x64,0x12,0xFF,0xB0,0x64,0x12,0xFF,0xB0,0x64,0x12,0xFF,0xB0,0x64,0x12,0xFF,0xB0,0x64,0x12,0xFF,0xB0,0x64,0x12,0xFF,
    0xB0,0x64,0x12,0xFF,0xB0,0x64,0x12,0xFF,0xB0,0x64,0x12,0xFF,0xB0,0x64,0x12,0xFF,0xB0,0x64,0x12,0xFF,0xB0,0x64,0x12,0xFF,0xB0,0x64,0x12,0xFF,0xB0,0x64,0x12,0xFF,0xB0,0x64,0x12,0xFF,0xB0,0x64,0x12,0xFF,0xB0,0x64,0x12,0xFF,0xB0,0x64,0x12,0xFF,0xB0,0x64,0x12,0xFF,0xB0,0x64,0x12,0xFF,0xB0,0x64,0x12,0xFF,0xB0,0x64,0x12,0xFF,
    0xB0,0x64,0x12,0xFF,0xB0,0x64,0x12,0xFF,0xB0,0x64,0x12,0xFF,0xB0,0x64,0x12,0xFF,0xB0,0x64,0x12,0xFF,0xB0,0x64,0x12,0xFF,0xB0,0x64,0x12,0xFF,0xB0,0x64,0x12,0xFF,0xB0,0x64,0x12,0xFF,0xB0,0x64,0x12,0xFF,0xB0,0x64,0x12,0xFF,0xB0,0x64,0x12,0xFF,0xB0,0x64,0x12,0xFF,0xB0,0x64,0x12,0xFF,0xB0,0x64,0x12,0xFF,0xB0,0x64,0x12,0xFF,
    0xB0,0x64,0x12,0xFF,0xB0,0x64,0x12,0xFF,0xB0,0x64,0x12,0xFF,0xB0,0x64,0x12,0xFF,0xB0,0x64,0x12,0xFF,0xB0,0x64,0x12,0xFF,0xB0,0x64,0x12,0xFF,0xB0,0x64,0x12,0xFF,0xB0,0x64,0x12,0xFF,0xB0,0x64,0x12,0xFF,0xB0,0x64,0x12,0xFF,0xB0,0x64,0x12,0xFF,0xB0,0x64,0x12,0xFF,0xB0,0x64,0x12,0xFF,0xB0,0x64,0x12,0xFF,0xB0,0x64,0x12,0xFF,
    0xB0,0x64,0x12,0xFF,0xB0,0x64,0x12,0xFF,0xB0,0x64,0x12,0xFF,0xB0,0x64,0x12,0xFF,0xB0,0x64,0x12,0xFF,0xB0,0x64,0x12,0xFF,0xB0,0x64,0x12,0xFF,0xB0,0x64,0x12,0xFF,0xB0,0x64,0x12,0xFF,0xB0,0x64,0x12,0xFF,0xB0,0x64,0x12,0xFF,0xB0,0x64,0x12,0xFF,0xB0,0x64,0x12,0xFF,0xB0,0x64,0x12,0xFF,0xB0,0x64,0x12,0xFF,0xB0,0x64,0x12,0xFF,
    0xB0,0x64,0x12,0xFF,0xB0,0x64,0x12,0xFF,0xB0,0x64,0x12,0xFF,0xB0,0x64,0x12,0xFF,0xB0,0x64,0x12,0xFF,0xB0,0x64,0x12,0xFF,0xB0,0x64,0x12,0xFF,0xB0,0x64,0x12,0xFF,0xB0,0x64,0x12,0xFF,0xB0,0x64,0x12,0xFF,0xB0,0x64,0x12,0xFF,0xB0,0x64,0x12,0xFF,0xB0,0x64,0x12,0xFF,0xB0,0x64,0x12,0xFF,0xB0,0x64,0x12,0xFF,0xB0,0x64,0x12,0xFF,
    0xB0,0x64,0x12,0xFF,0xB0,0x64,0x12,0xFF,0xB0,0x64,0x12,0xFF,0xB0,0x64,0x12,0xFF,0xB0,0x64,0x12,0xFF,0xB0,0x64,0x12,0xFF,0xB0,0x64,0x12,0xFF,0xB0,0x64,0x12,0xFF,0xB0,0x64,0x12,0xFF,0xB0,0x64,0x12,0xFF,0xB0,0x64,0x12,0xFF,0xB0,0x64,0x12,0xFF,0xB0,0x64,0x12,0xFF,0xB0,0x64,0x12,0xFF,0xB0,0x64,0x12,0xFF,0xB0,0x64,0x12,0xFF,
    0xB0,0x64,0x12,0xFF,0xB0,0x64,0x12,0xFF,0xB0,0x64,0x12,0xFF,0xB0,0x64,0x12,0xFF,0xB0,0x64,0x12,0xFF,0xB0,0x64,0x12,0xFF,0xB0,0x64,0x12,0xFF,0xB0,0x64,0x12,0xFF,0xB0,0x64,0x12,0xFF,0xB0,0x64,0x12,0xFF,0xB0,0x64,0x12,0xFF,0xB0,0x64,0x12,0xFF,0xB0,0x64,0x12,0xFF,0xB0,0x64,0x12,0xFF,0xB0,0x64,0x12,0xFF,0xB0,0x64,0x12,0xFF,
    0xB0,0x64,0x12,0xFF,0xB0,0x64,0x12,0xFF,0xB0,0x64,0x12,0xFF,0xB0,0x64,0x12,0xFF,0xB0,0x64,0x12,0xFF,0xB0,0x64,0x12,0xFF,0xB0,0x64,0x12,0xFF,0xB0,0x64,0x12,0xFF,0xB0,0x64,0x12,0xFF,0xB0,0x64,0x12,0xFF,0xB0,0x64,0x12,0xFF,0xB0,0x64,0x12,0xFF,0xB0,0x64,0x12,0xFF,0xB0,0x64,0x12,0xFF,0xB0,0x64,0x12,0xFF,0xB0,0x64,0x12,0xFF,
    0xB0,0x64,0x12,0xFF,0xB0,0x64,0x12,0xFF,0xB0,0x64,0x12,0xFF,0xB0,0x64,0x12,0xFF,0xB0,0x64,0x12,0xFF,0xB0,0x64,0x12,0xFF,0xB0,0x64,0x12,0xFF,0xB0,0x64,0x12,0xFF,0xB0,0x64,0x12,0xFF,0xB0,0x64,0x12,0xFF,0xB0,0x64,0x12,0xFF,0xB0,0x64,0x12,0xFF,0xB0,0x64,0x12,0xFF,0xB0,0x64,0x12,0xFF,0xB0,0x64,0x12,0xFF,0xB0,0x64,0x12,0xFF,
    0xB0,0x64,0x12,0xFF,0xB0,0x64,0x12,0xFF,0xB0,0x64,0x12,0xFF,0xB0,0x64,0x12,0xFF,0xB0,0x64,0x12,0xFF,0xB0,0x64,0x12,0xFF,0xB0,0x64,0x12,0xFF,0xB0,0x64,0x12,0xFF,0xB0,0x64,0x12,0xFF,0xB0,0x64,0x12,0xFF,0xB0,0x64,0x12,0xFF,0xB0,0x64,0x12,0xFF,0xB0,0x64,0x12,0xFF,0xB0,0x64,0x12,0xFF,0xB0,0x64,0x12,0xFF,0xB0,0x64,0x12,0xFF,
    0xB0,0x64,0x12,0xFF,0xB0,0x64,0x12,0xFF,0xB0,0x64,0x12,0xFF,0xB0,0x64,0x12,0xFF,0xB0,0x64,0x12,0xFF,0xB0,0x64,0x12,0xFF,0xB0,0x64,0x12,0xFF,0xB0,0x64,0x12,0xFF,0xB0,0x64,0x12,0xFF,0xB0,0x64,0x12,0xFF,0xB0,0x64,0x12,0xFF,0xB0,0x64,0x12,0xFF,0xB0,0x64,0x12,0xFF,0xB0,0x64,0x12,0xFF,0xB0,0x64,0x12,0xFF,0xB0,0x64,0x12,0xFF,
    0xB0,0x64,0x12,0xFF,0xB0,0x64,0x12,0xFF,0xB0,0x64,0x12,0xFF,0xB0,0x64,0x12,0xFF,0xB0,0x64,0x12,0xFF,0xB0,0x64,0x12,0xFF,0xB0,0x64,0x12,0xFF,0xB0,0x64,0x12,0xFF,0xB0,0x64,0x12,0xFF,0xB0,0x64,0x12,0xFF,0xB0,0x64,0x12,0xFF,0xB0,0x64,0x12,0xFF,0xB0,0x64,0x12,0xFF,0xB0,0x64,0x12,0xFF,0xB0,0x64,0x12,0xFF,0xB0,0x64,0x12,0xFF,
    0xB0,0x64,0x12,0xFF,0xB0,0x64,0x12,0xFF,0xB0,0x64,0x12,0xFF,0xB0,0x64,0x12,0xFF,0xB0,0x64,0x12,0xFF,0xB0,0x64,0x12,0xFF,0xB0,0x64,0x12,0xFF,0xB0,0x64,0x12,0xFF,0xB0,0x64,0x12,0xFF,0xB0,0x64,0x12,0xFF,0xB0,0x64,0x12,0xFF,0xB0,0x64,0x12,0xFF,0xB0,0x64,0x12,0xFF,0xB0,0x64,0x12,0xFF,0xB0,0x64,0x12,0xFF,0xB0,0x64,0x12,0xFF,
    0xB0,0x64,0x12,0xFF,0xB0,0x64,0x12,0xFF,0xB0,0x64,0x12,0xFF,0xB0,0x64,0x12,0xFF,0xB0,0x64,0x12,0xFF,0xB0,0x64,0x12,0xFF,0xB0,0x64,0x12,0xFF,0xB0,0x64,0x12,0xFF,0xB0,0x64,0x12,0xFF,0xB0,0x64,0x12,0xFF,0xB0,0x64,0x12,0xFF,0xB0,0x64,0x12,0xFF,0xB0,0x64,0x12,0xFF,0xB0,0x64,0x12,0xFF,0xB0,0x64,0x12,0xFF,0xB0,0x64,0x12,0xFF,
    0xB0,0x64,0x12,0xFF,0xB0,0x64,0x12,0xFF,0xB0,0x64,0x12,0xFF,0xB0,0x64,0x12,0xFF,0xB0,0x64,0x12,0xFF,0xB0,0x64,0x12,0xFF,0xB0,0x64,0x12,0xFF,0xB0,0x64,0x12,0xFF,0xB0,0x64,0x12,0xFF,0xB0,0x64,0x12,0xFF,0xB0,0x64,0x12,0xFF,0xB0,0x64,0x12,0xFF,0xB0,0x64,0x12,0xFF,0xB0,0x64,0x12,0xFF,0xB0,0x64,0x12,0xFF,0xB0,0x64,0x12,0xFF,
    0xB0,0x64,0x12,0xFF,0xB0,0x64,0x12,0xFF,0xB0,0x64,0x12,0xFF,0xB0,0x64,0x12,0xFF,0xB0,0x64,0x12,0xFF,0xB0,0x64,0x12,0xFF,0xB0,0x64,0x12,0xFF,0xB0,0x64,0x12,0xFF,0xB0,0x64,0x12,0xFF,0xB0,0x64,0x12,0xFF,0xB0,0x64,0x12,0xFF,0xB0,0x64,0x12,0xFF,0xB0,0x64,0x12,0xFF,0xB0,0x64,0x12,0xFF,0xB0,0x64,0x12,0xFF,0xB0,0x64,0x12,0xFF,
    0xB0,0x64,0x12,0xFF,0xB0,0x64,0x12,0xFF,0xB0,0x64,0x12,0xFF,0xB0,0x64,0x12,0xFF,0xB0,0x64,0x12,0xFF,0xB0,0x64,0x12,0xFF,0xB0,0x64,0x12,0xFF,0xB0,0x64,0x12,0xFF,0xB0,0x64,0x12,0xFF,0xB0,0x64,0x12,0xFF,0xB0,0x64,0x12,0xFF,0xB0,0x64,0x12,0xFF,0xB0,0x64,0x12,0xFF,0xB0,0x64,0x12,0xFF,0xB0,0x64,0x12,0xFF,0xB0,0x64,0x12,0xFF,
    0xB0,0x64,0x12,0xFF,0xB0,0x64,0x12,0xFF,0xB0,0x64,0x12,0xFF,0xB0,0x64,0x12,0xFF,0xB0,0x64,0x12,0xFF,0xB0,0x64,0x12,0xFF,0xB0,0x64,0x12,0xFF,0xB0,0x64,0x12,0xFF,0xB0,0x64,0x12,0xFF,0xB0,0x64,0x12,0xFF,0xB0,0x64,0x12,0xFF,0xB0,0x64,0x12,0xFF,0xB0,0x64,0x12,0xFF,0xB0,0x64,0x12,0xFF,0xB0,0x64,0x12,0xFF,0xB0,0x64,0x12,0xFF,
    0xB0,0x64,0x12,0xFF,0xB0,0x64,0x12,0xFF,0xB0,0x64,0x12,0xFF,0xB0,0x64,0x12,0xFF,0xB0,0x64,0x12,0xFF,0xB0,0x64,0x12,0xFF,0xB0,0x64,0x12,0xFF,0xB0,0x64,0x12,0xFF,0xB0,0x64,0x12,0xFF,0xB0,0x64,0x12,0xFF,0xB0,0x64,0x12,0xFF,0xB0,0x64,0x12,0xFF,0xB0,0x64,0x12,0xFF,0xB0,0x64,0x12,0xFF,0xB0,0x64,0x12,0xFF,0xB0,0x64,0x12,0xFF,
    0xB0,0x64,0x12,0xFF,0xB0,0x64,0x12,0xFF,0xB0,0x64,0x12,0xFF,0xB0,0x64,0x12,0xFF,0xB0,0x64,0x12,0xFF,0xB0,0x64,0x12,0xFF,0xB0,0x64,0x12,0xFF,0xB0,0x64,0x12,0xFF,0xB0,0x64,0x12,0xFF,0xB0,0x64,0x12,0xFF,0xB0,0x64,0x12,0xFF,0xB0,0x64,0x12,0xFF,0xB0,0x64,0x12,0xFF,0xB0,0x64,0x12,0xFF,0xB0,0x64,0x12,0xFF,0xB0,0x64,0x12,0xFF,
    0xB0,0x64,0x12,0xFF,0xB0,0x64,0x12,0xFF,0xB0,0x64,0x12,0xFF,0xB0,0x64,0x12,0xFF,0xB0,0x64,0x12,0xFF,0xB0,0x64,0x12,0xFF,0xB0,0x64,0x12,0xFF,0xB0,0x64,0x12,0xFF,0xB0,0x64,0x12,0xFF,0xB0,0x64,0x12,0xFF,0xB0,0x64,0x12,0xFF,0xB0,0x64,0x12,0xFF,0xB0,0x64,0x12,0xFF,0xB0,0x64,0x12,0xFF,0xB0,0x64,0x12,0xFF,0xB0,0x64,0x12,0xFF,
    0xB0,0x64,0x12,0xFF,0xB0,0x64,0x12,0xFF,0xB0,0x64,0x12,0xFF,0xB0,0x64,0x12,0xFF,0xB0,0x64,0x12,0xFF,0xB0,0x64,0x12,0xFF,0xB0,0x64,0x12,0xFF,0xB0,0x64,0x12,0xFF,0xB0,0x64,0x12,0xFF,0xB0,0x64,0x12,0xFF,0xB0,0x64,0x12,0xFF,0xB0,0x64,0x12,0xFF,0xB0,0x64,0x12,0xFF,0xB0,0x64,0x12,0xFF,0xB0,0x64,0x12,0xFF,0xB0,0x64,0x12,0xFF,
    0xB0,0x64,0x12,0xFF,0xB0,0x64,0x12,0xFF,0xB0,0x64,0x12,0xFF,0xB0,0x64,0x12,0xFF,0xB0,0x64,0x12,0xFF,0xB0,0x64,0x12,0xFF,0xB0,0x64,0x12,0xFF,0xB0,0x64,0x12,0xFF,0xB0,0x64,0x12,0xFF,0xB0,0x64,0x12,0xFF,0xB0,0x64,0x12,0xFF,0xB0,0x64,0x12,0xFF,0xB0,0x64,0x12,0xFF,0xB0,0x64,0x12,0xFF,0xB0,0x64,0x12,0xFF,0xB0,0x64,0x12,0xFF,
    0xB0,0x64,0x12,0xFF,0xB0,0x64,0x12,0xFF,0xB0,0x64,0x12,0xFF,0xB0,0x64,0x12,0xFF,0xB0,0x64,0x12,0xFF,0xB0,0x64,0x12,0xFF,0xB0,0x64,0x12,0xFF,0xB0,0x64,0x12,0xFF,0xB0,0x64,0x12,0xFF,0xB0,0x64,0x12,0xFF,0xB0,0x64,0x12,0xFF,0xB0,0x64,0x12,0xFF,0xB0,0x64,0x12,0xFF,0xB0,0x64,0x12,0xFF,0xB0,0x64,0x12,0xFF,0xB0,0x64,0x12,0xFF,
    0xB0,0x64,0x12,0xFF,0xB0,0x64,0x12,0xFF,0xB0,0x64,0x12,0xFF,0xB0,0x64,0x12,0xFF,0xB0,0x64,0x12,0xFF,0xB0,0x64,0x12,0xFF,0xB0,0x64,0x12,0xFF,0xB0,0x64,0x12,0xFF,0xB0,0x64,0x12,0xFF,0xB0,0x64,0x12,0xFF,0xB0,0x64,0x12,0xFF,0xB0,0x64,0x12,0xFF,0xB0,0x64,0x12,0xFF,0xB0,0x64,0x12,0xFF,0xB0,0x64,0x12,0xFF,0xB0,0x64,0x12,0xFF,
    0xB0,0x64,0x12,0xFF,0xB0,0x64,0x12,0xFF,0xB0,0x64,0x12,0xFF,0xB0,0x64,0x12,0xFF,0xB0,0x64,0x12,0xFF,0xB0,0x64,0x12,0xFF,0xB0,0x64,0x12,0xFF,0xB0,0x64,0x12,0xFF,0xB0,0x64,0x12,0xFF,0xB0,0x64,0x12,0xFF,0xB0,0x64,0x12,0xFF,0xB0,0x64,0x12,0xFF,0xB0,0x64,0x12,0xFF,0xB0,0x64,0x12,0xFF,0xB0,0x64,0x12,0xFF,0xB0,0x64,0x12,0xFF,
    0xB0,0x64,0x12,0xFF,0xB0,0x64,0x12,0xFF,0xB0,0x64,0x12,0xFF,0xB0,0x64,0x12,0xFF,0xB0,0x64,0x12,0xFF,0xB0,0x64,0x12,0xFF,0xB0,0x64,0x12,0xFF,0xB0,0x64,0x12,0xFF,0xB0,0x64,0x12,0xFF,0xB0,0x64,0x12,0xFF,0xB0,0x64,0x12,0xFF,0xB0,0x64,0x12,0xFF,0xB0,0x64,0x12,0xFF,0xB0,0x64,0x12,0xFF,0xB0,0x64,0x12,0xFF,0xB0,0x64,0x12,0xFF,
    0xB0,0x64,0x12,0xFF,0xB0,0x64,0x12,0xFF,0xB0,0x64,0x12,0xFF,0xB0,0x64,0x12,0xFF,0xB0,0x64,0x12,0xFF,0xB0,0x64,0x12,0xFF,0xB0,0x64,0x12,0xFF,0xB0,0x64,0x12,0xFF,0xB0,0x64,0x12,0xFF,0xB0,0x64,0x12,0xFF,0xB0,0x64,0x12,0xFF,0xB0,0x64,0x12,0xFF,0xB0,0x64,0x12,0xFF,0xB0,0x64,0x12,0xFF,0xB0,0x64,0x12,0xFF,0xB0,0x64,0x12,0xFF,
    0xB0,0x64,0x12,0xFF,0xB0,0x64,0x12,0xFF,0xB0,0x64,0x12,0xFF,0xB0,0x64,0x12,0xFF,0xB0,0x64,0x12,0xFF,0xB0,0x64,0x12,0xFF,0xB0,0x64,0x12,0xFF,0xB0,0x64,0x12,0xFF,0xB0,0x64,0x12,0xFF,0xB0,0x64,0x12,0xFF,0xB0,0x64,0x12,0xFF,0xB0,0x64,0x12,0xFF,0xB0,0x64,0x12,0xFF,0xB0,0x64,0x12,0xFF,0xB0,0x64,0x12,0xFF,0xB0,0x64,0x12,0xFF,
    0xB0,0x64,0x12,0xFF,0xB0,0x64,0x12,0xFF,0xB0,0x64,0x12,0xFF,0xB0,0x64,0x12,0xFF,0xB0,0x64,0x12,0xFF,0xB0,0x64,0x12,0xFF,0xB0,0x64,0x12,0xFF,0xB0,0x64,0x12,0xFF,0xB0,0x64,0x12,0xFF,0xB0,0x64,0x12,0xFF,0xB0,0x64,0x12,0xFF,0xB0,0x64,0x12,0xFF,0xB0,0x64,0x12,0xFF,0xB0,0x64,0x12,0xFF,0xB0,0x64,0x12,0xFF,0xB0,0x64,0x12,0xFF,
    0xB0,0x64,0x12,0xFF,0xB0,0x64,0x12,0xFF,0xB0,0x64,0x12,0xFF,0xB0,0x64,0x12,0xFF,0xB0,0x64,0x12,0xFF,0xB0,0x64,0x12,0xFF,0xB0,0x64,0x12,0xFF,0xB0,0x64,0x12,0xFF,0xB0,0x64,0x12,0xFF,0xB0,0x64,0x12,0xFF,0xB0,0x64,0x12,0xFF,0xB0,0x64,0x12,0xFF,0xB0,0x64,0x12,0xFF,0xB0,0x64,0x12,0xFF,0xB0,0x64,0x12,0xFF,0xB0,0x64,0x12,0xFF,
    0xB0,0x64,0x12,0xFF,0xB0,0x64,0x12,0xFF,0xB0,0x64,0x12,0xFF,0xB0,0x64,0x12,0xFF,0xB0,0x64,0x12,0xFF,0xB0,0x64,0x12,0xFF,0xB0,0x64,0x12,0xFF,0xB0,0x64,0x12,0xFF,0xB0,0x64,0x12,0xFF,0xB0,0x64,0x12,0xFF,0xB0,0x64,0x12,0xFF,0xB0,0x64,0x12,0xFF,0xB0,0x64,0x12,0xFF,0xB0,0x64,0x12,0xFF,0xB0,0x64,0x12,0xFF,0xB0,0x64,0x12,0xFF,
    0xB0,0x64,0x12,0xFF,0xB0,0x64,0x12,0xFF,0xB0,0x64,0x12,0xFF,0xB0,0x64,0x12,0xFF,0xB0,0x64,0x12,0xFF,0xB0,0x64,0x12,0xFF,0xB0,0x64,0x12,0xFF,0xB0,0x64,0x12,0xFF,0xB0,0x64,0x12,0xFF,0xB0,0x64,0x12,0xFF,0xB0,0x64,0x12,0xFF,0xB0,0x64,0x12,0xFF,0xB0,0x64,0x12,0xFF,0xB0,0x64,0x12,0xFF,0xB0,0x64,0x12,0xFF,0xB0,0x64,0x12,0xFF,
    0xB0,0x64,0x12,0xFF,0xB0,0x64,0x12,0xFF,0xB0,0x64,0x12,0xFF,0xB0,0x64,0x12,0xFF,0xB0,0x64,0x12,0xFF,0xB0,0x64,0x12,0xFF,0xB0,0x64,0x12,0xFF,0xB0,0x64,0x12,0xFF,0xB0,0x64,0x12,0xFF,0xB0,0x64,0x12,0xFF,0xB0,0x64,0x12,0xFF,0xB0,0x64,0x12,0xFF,0xB0,0x64,0x12,0xFF,0xB0,0x64,0x12,0xFF,0xB0,0x64,0x12,0xFF,0xB0,0x64,0x12,0xFF,
    0xB0,0x64,0x12,0xFF,0xB0,0x64,0x12,0xFF,0xB0,0x64,0x12,0xFF,0xB0,0x64,0x12,0xFF,0xB0,0x64,0x12,0xFF,0xB0,0x64,0x12,0xFF,0xB0,0x64,0x12,0xFF,0xB0,0x64,0x12,0xFF,0xB0,0x64,0x12,0xFF,0xB0,0x64,0x12,0xFF,0xB0,0x64,0x12,0xFF,0xB0,0x64,0x12,0xFF,0xB0,0x64,0x12,0xFF,0xB0,0x64,0x12,0xFF,0xB0,0x64,0x12,0xFF,0xB0,0x64,0x12,0xFF,
    0xB0,0x64,0x12,0xFF,0xB0,0x64,0x12,0xFF,0xB0,0x64,0x12,0xFF,0xB0,0x64,0x12,0xFF,0xB0,0x64,0x12,0xFF,0xB0,0x64,0x12,0xFF,0xB0,0x64,0x12,0xFF,0xB0,0x64,0x12,0xFF,0xB0,0x64,0x12,0xFF,0xB0,0x64,0x12,0xFF,0xB0,0x64,0x12,0xFF,0xB0,0x64,0x12,0xFF,0xB0,0x64,0x12,0xFF,0xB0,0x64,0x12,0xFF,0xB0,0x64,0x12,0xFF,0xB0,0x64,0x12,0xFF,
    0xB0,0x64,0x12,0xFF,0xB0,0x64,0x12,0xFF,0xB0,0x64,0x12,0xFF,0xB0,0x64,0x12,0xFF,0xB0,0x64,0x12,0xFF,0xB0,0x64,0x12,0xFF,0xB0,0x64,0x12,0xFF,0xB0,0x64,0x12,0xFF,0xB0,0x64,0x12,0xFF,0xB0,0x64,0x12,0xFF,0xB0,0x64,0x12,0xFF,0xB0,0x64,0x12,0xFF,0xB0,0x64,0x12,0xFF,0xB0,0x64,0x12,0xFF,0xB0,0x64,0x12,0xFF,0xB0,0x64,0x12,0xFF,
    0xB0,0x64,0x12,0xFF,0xB0,0x64,0x12,0xFF,0xB0,0x64,0x12,0xFF,0xB0,0x64,0x12,0xFF,0xB0,0x64,0x12,0xFF,0xB0,0x64,0x12,0xFF,0xB0,0x64,0x12,0xFF,0xB0,0x64,0x12,0xFF,0xB0,0x64,0x12,0xFF,0xB0,0x64,0x12,0xFF,0xB0,0x64,0x12,0xFF,0xB0,0x64,0x12,0xFF,0xB0,0x64,0x12,0xFF,0xB0,0x64,0x12,0xFF,0xB0,0x64,0x12,0xFF,0xB0,0x64,0x12,0xFF,
    0xB0,0x64,0x12,0xFF,0xB0,0x64,0x12,0xFF,0xB0,0x64,0x12,0xFF,0xB0,0x64,0x12,0xFF,0xB0,0x64,0x12,0xFF,0xB0,0x64,0x12,0xFF,0xB0,0x64,0x12,0xFF,0xB0,0x64,0x12,0xFF,0xB0,0x64,0x12,0xFF,0xB0,0x64,0x12,0xFF,0xB0,0x64,0x12,0xFF,0xB0,0x64,0x12,0xFF,0xB0,0x64,0x12,0xFF,0xB0,0x64,0x12,0xFF,0xB0,0x64,0x12,0xFF,0xB0,0x64,0x12,0xFF,
    0xB0,0x64,0x12,0xFF,0xB0,0x64,0x12,0xFF,0xB0,0x64,0x12,0xFF,0xB0,0x64,0x12,0xFF,0xB0,0x64,0x12,0xFF,0xB0,0x64,0x12,0xFF,0xB0,0x64,0x12,0xFF,0xB0,0x64,0x12,0xFF,0xB0,0x64,0x12,0xFF,0xB0,0x64,0x12,0xFF,0xB0,0x64,0x12,0xFF,0xB0,0x64,0x12,0xFF,0xB0,0x64,0x12,0xFF,0xB0,0x64,0x12,0xFF,0xB0,0x64,0x12,0xFF,0xB0,0x64,0x12,0xFF,
    0xB0,0x64,0x12,0xFF,0xB0,0x64,0x12,0xFF,0xB0,0x64,0x12,0xFF,0xB0,0x64,0x12,0xFF,0xB0,0x64,0x12,0xFF,0xB0,0x64,0x12,0xFF,0xB0,0x64,0x12,0xFF,0xB0,0x64,0x12,0xFF,0xB0,0x64,0x12,0xFF,0xB0,0x64,0x12,0xFF,0xB0,0x64,0x12,0xFF,0xB0,0x64,0x12,0xFF,0xB0,0x64,0x12,0xFF,0xB0,0x64,0x12,0xFF,0xB0,0x64,0x12,0xFF,0xB0,0x64,0x12,0xFF,
    0xB0,0x64,0x12,0xFF,0xB0,0x64,0x12,0xFF,0xB0,0x64,0x12,0xFF,0xB0,0x64,0x12,0xFF,0xB0,0x64,0x12,0xFF,0xB0,0x64,0x12,0xFF,0xB0,0x64,0x12,0xFF,0xB0,0x64,0x12,0xFF,0xB0,0x64,0x12,0xFF,0xB0,0x64,0x12,0xFF,0xB0,0x64,0x12,0xFF,0xB0,0x64,0x12,0xFF,0xB0,0x64,0x12,0xFF,0xB0,0x64,0x12,0xFF,0xB0,0x64,0x12,0xFF,0xB0,0x64,0x12,0xFF,
    0xB0,0x64,0x12,0xFF,0xB0,0x64,0x12,0xFF,0xB0,0x64,0x12,0xFF,0xB0,0x64,0x12,0xFF,0xB0,0x64,0x12,0xFF,0xB0,0x64,0x12,0xFF,0xB0,0x64,0x12,0xFF,0xB0,0x64,0x12,0xFF,0xB0,0x64,0x12,0xFF,0xB0,0x64,0x12,0xFF,0xB0,0x64,0x12,0xFF,0xB0,0x64,0x12,0xFF,0xB0,0x64,0x12,0xFF,0xB0,0x64,0x12,0xFF,0xB0,0x64,0x12,0xFF,0xB0,0x64,0x12,0xFF,
    0xB0,0x64,0x12,0xFF,0xB0,0x64,0x12,0xFF,0xB0,0x64,0x12,0xFF,0xB0,0x64,0x12,0xFF,0xB0,0x64,0x12,0xFF,0xB0,0x64,0x12,0xFF,0xB0,0x64,0x12,0xFF,0xB0,0x64,0x12,0xFF,0xB0,0x64,0x12,0xFF,0xB0,0x64,0x12,0xFF,0xB0,0x64,0x12,0xFF,0xB0,0x64,0x12,0xFF,0xB0,0x64,0x12,0xFF,0xB0,0x64,0x12,0xFF,0xB0,0x64,0x12,0xFF,0xB0,0x64,0x12,0xFF,
    0xB0,0x64,0x12,0xFF,0xB0,0x64,0x12,0xFF,0xB0,0x64,0x12,0xFF,0xB0,0x64,0x12,0xFF,0xB0,0x64,0x12,0xFF,0xB0,0x64,0x12,0xFF,0xB0,0x64,0x12,0xFF,0xB0,0x64,0x12,0xFF,0xB0,0x64,0x12,0xFF,0xB0,0x64,0x12,0xFF,0xB0,0x64,0x12,0xFF,0xB0,0x64,0x12,0xFF,0xB0,0x64,0x12,0xFF,0xB0,0x64,0x12,0xFF,0xB0,0x64,0x12,0xFF,0xB0,0x64,0x12,0xFF,
    0xB0,0x64,0x12,0xFF,0xB0,0x64,0x12,0xFF,0xB0,0x64,0x12,0xFF,0xB0,0x64,0x12,0xFF,0xB0,0x64,0x12,0xFF,0xB0,0x64,0x12,0xFF,0xB0,0x64,0x12,0xFF,0xB0,0x64,0x12,0xFF,0xB0,0x64,0x12,0xFF,0xB0,0x64,0x12,0xFF,0xB0,0x64,0x12,0xFF,0xB0,0x64,0x12,0xFF,0xB0,0x64,0x12,0xFF,0xB0,0x64,0x12,0xFF,0xB0,0x64,0x12,0xFF,0xB0,0x64,0x12,0xFF,
    0xB0,0x64,0x12,0xFF,0xB0,0x64,0x12,0xFF,0xB0,0x64,0x12,0xFF,0xB0,0x64,0x12,0xFF,0xB0,0x64,0x12,0xFF,0xB0,0x64,0x12,0xFF,0xB0,0x64,0x12,0xFF,0xB0,0x64,0x12,0xFF,0xB0,0x64,0x12,0xFF,0xB0,0x64,0x12,0xFF,0xB0,0x64,0x12,0xFF,0xB0,0x64,0x12,0xFF,0xB0,0x64,0x12,0xFF,0xB0,0x64,0x12,0xFF,0xB0,0x64,0x12,0xFF,0xB0,0x64,0x12,0xFF,
    0xB0,0x64,0x12,0xFF,0xB0,0x64,0x12,0xFF,0xB0,0x64,0x12,0xFF,0xB0,0x64,0x12,0xFF,0xB0,0x64,0x12,0xFF,0xB0,0x64,0x12,0xFF,0xB0,0x64,0x12,0xFF,0xB0,0x64,0x12,0xFF,0xB0,0x64,0x12,0xFF,0xB0,0x64,0x12,0xFF,0xB0,0x64,0x12,0xFF,0xB0,0x64,0x12,0xFF,0xB0,0x64,0x12,0xFF,0xB0,0x64,0x12,0xFF,0xB0,0x64,0x12,0xFF,0xB0,0x64,0x12,0xFF,
    0xB0,0x64,0x12,0xFF,0xB0,0x64,0x12,0xFF,0xB0,0x64,0x12,0xFF,0xB0,0x64,0x12,0xFF,0xB0,0x64,0x12,0xFF,0xB0,0x64,0x12,0xFF,0xB0,0x64,0x12,0xFF,0xB0,0x64,0x12,0xFF,0xB0,0x64,0x12,0xFF,0xB0,0x64,0x12,0xFF,0xB0,0x64,0x12,0xFF,0xB0,0x64,0x12,0xFF,0xB0,0x64,0x12,0xFF,0xB0,0x64,0x12,0xFF,0xB0,0x64,0x12,0xFF,0xB0,0x64,0x12,0xFF,
    0xB0,0x64,0x12,0xFF,0xB0,0x64,0x12,0xFF,0xB0,0x64,0x12,0xFF,0xB0,0x64,0x12,0xFF,0xB0,0x64,0x12,0xFF,0xB0,0x64,0x12,0xFF,0xB0,0x64,0x12,0xFF,0xB0,0x64,0x12,0xFF,0xB0,0x64,0x12,0xFF,0xB0,0x64,0x12,0xFF,0xB0,0x64,0x12,0xFF,0xB0,0x64,0x12,0xFF,0xB0,0x64,0x12,0xFF,0xB0,0x64,0x12,0xFF,0xB0,0x64,0x12,0xFF,0xB0,0x64,0x12,0xFF,
    0xB0,0x64,0x12,0xFF,0xB0,0x64,0x12,0xFF,0xB0,0x64,0x12,0xFF,0xB0,0x64,0x12,0xFF,0xB0,0x64,0x12,0xFF,0xB0,0x64,0x12,0xFF,0xB0,0x64,0x12,0xFF,0xB0,0x64,0x12,0xFF,0xB0,0x64,0x12,0xFF,0xB0,0x64,0x12,0xFF,0xB0,0x64,0x12,0xFF,0xB0,0x64,0x12,0xFF,0xB0,0x64,0x12,0xFF,0xB0,0x64,0x12,0xFF,0xB0,0x64,0x12,0xFF,0xB0,0x64,0x12,0xFF,
    0xB0,0x64,0x12,0xFF,0xB0,0x64,0x12,0xFF,0xB0,0x64,0x12,0xFF,0xB0,0x64,0x12,0xFF,0xB0,0x64,0x12,0xFF,0xB0,0x64,0x12,0xFF,0xB0,0x64,0x12,0xFF,0xB0,0x64,0x12,0xFF,0xB0,0x64,0x12,0xFF,0xB0,0x64,0x12,0xFF,0xB0,0x64,0x12,0xFF,0xB0,0x64,0x12,0xFF,0xB0,0x64,0x12,0xFF,0xB0,0x64,0x12,0xFF,0xB0,0x64,0x12,0xFF,0xB0,0x64,0x12,0xFF,
    0xB0,0x64,0x12,0xFF,0xB0,0x64,0x12,0xFF,0xB0,0x64,0x12,0xFF,0xB0,0x64,0x12,0xFF,0xB0,0x64,0x12,0xFF,0xB0,0x64,0x12,0xFF,0xB0,0x64,0x12,0xFF,0xB0,0x64,0x12,0xFF,0xB0,0x64,0x12,0xFF,0xB0,0x64,0x12,0xFF,0xB0,0x64,0x12,0xFF,0xB0,0x64,0x12,0xFF,0xB0,0x64,0x12,0xFF,0xB0,0x64,0x12,0xFF,0xB0,0x64,0x12,0xFF,0xB0,0x64,0x12,0xFF,
    0xB0,0x64,0x12,0xFF,0xB0,0x64,0x12,0xFF,0xB0,0x64,0x12,0xFF,0xB0,0x64,0x12,0xFF,0xB0,0x64,0x12,0xFF,0xB0,0x64,0x12,0xFF,0xB0,0x64,0x12,0xFF,0xB0,0x64,0x12,0xFF,0xB0,0x64,0x12,0xFF,0xB0,0x64,0x12,0xFF,0xB0,0x64,0x12,0xFF,0xB0,0x64,0x12,0xFF,0xB0,0x64,0x12,0xFF,0xB0,0x64,0x12,0xFF,0xB0,0x64,0x12,0xFF,0xB0,0x64,0x12,0xFF,
    0xB0,0x64,0x12,0xFF,0xB0,0x64,0x12,0xFF,0xB0,0x64,0x12,0xFF,0xB0,0x64,0x12,0xFF,0xB0,0x64,0x12,0xFF,0xB0,0x64,0x12,0xFF,0xB0,0x64,0x12,0xFF,0xB0,0x64,0x12,0xFF,0xB0,0x64,0x12,0xFF,0xB0,0x64,0x12,0xFF,0xB0,0x64,0x12,0xFF,0xB0,0x64,0x12,0xFF,0xB0,0x64,0x12,0xFF,0xB0,0x64,0x12,0xFF,0xB0,0x64,0x12,0xFF,0xB0,0x64,0x12,0xFF,
    0xB0,0x64,0x12,0xFF,0xB0,0x64,0x12,0xFF,0xB0,0x64,0x12,0xFF,0xB0,0x64,0x12,0xFF,0xB0,0x64,0x12,0xFF,0xB0,0x64,0x12,0xFF,0xB0,0x64,0x12,0xFF,0xB0,0x64,0x12,0xFF,0xB0,0x64,0x12,0xFF,0xB0,0x64,0x12,0xFF,0xB0,0x64,0x12,0xFF,0xB0,0x64,0x12,0xFF,0xB0,0x64,0x12,0xFF,0xB0,0x64,0x12,0xFF,0xB0,0x64,0x12,0xFF,0xB0,0x64,0x12,0xFF,
    0xB0,0x64,0x12,0xFF,0xB0,0x64,0x12,0xFF,0xB0,0x64,0x12,0xFF,0xB0,0x64,0x12,0xFF,0xB0,0x64,0x12,0xFF,0xB0,0x64,0x12,0xFF,0xB0,0x64,0x12,0xFF,0xB0,0x64,0x12,0xFF,0xB0,0x64,0x12,0xFF,0xB0,0x64,0x12,0xFF,0xB0,0x64,0x12,0xFF,0xB0,0x64,0x12,0xFF,0xB0,0x64,0x12,0xFF,0xB0,0x64,0x12,0xFF,0xB0,0x64,0x12,0xFF,0xB0,0x64,0x12,0xFF,
    0xB0,0x64,0x12,0xFF,0xB0,0x64,0x12,0xFF,0xB0,0x64,0x12,0xFF,0xB0,0x64,0x12,0xFF,0xB0,0x64,0x12,0xFF,0xB0,0x64,0x12,0xFF,0xB0,0x64,0x12,0xFF,0xB0,0x64,0x12,0xFF,0xB0,0x64,0x12,0xFF,0xB0,0x64,0x12,0xFF,0xB0,0x64,0x12,0xFF,0xB0,0x64,0x12,0xFF,0xB0,0x64,0x12,0xFF,0xB0,0x64,0x12,0xFF,0xB0,0x64,0x12,0xFF,0xB0,0x64,0x12,0xFF,
    0xB0,0x64,0x12,0xFF,0xB0,0x64,0x12,0xFF,0xB0,0x64,0x12,0xFF,0xB0,0x64,0x12,0xFF,0xB0,0x64,0x12,0xFF,0xB0,0x64,0x12,0xFF,0xB0,0x64,0x12,0xFF,0xB0,0x64,0x12,0xFF,0xB0,0x64,0x12,0xFF,0xB0,0x64,0x12,0xFF,0xB0,0x64,0x12,0xFF,0xB0,0x64,0x12,0xFF,0xB0,0x64,0x12,0xFF,0xB0,0x64,0x12,0xFF,0xB0,0x64,0x12,0xFF,0xB0,0x64,0x12,0xFF,
    0xB0,0x64,0x12,0xFF,0xB0,0x64,0x12,0xFF,0xB0,0x64,0x12,0xFF,0xB0,0x64,0x12,0xFF,0xB0,0x64,0x12,0xFF,0xB0,0x64,0x12,0xFF,0xB0,0x64,0x12,0xFF,0xB0,0x64,0x12,0xFF,0xB0,0x64,0x12,0xFF,0xB0,0x64,0x12,0xFF,0xB0,0x64,0x12,0xFF,0xB0,0x64,0x12,0xFF,0xB0,0x64,0x12,0xFF,0xB0,0x64,0x12,0xFF,0xB0,0x64,0x12,0xFF,0xB0,0x64,0x12,0xFF,
    0xB0,0x64,0x12,0xFF,0xB0,0x64,0x12,0xFF,0xB0,0x64,0x12,0xFF,0xB0,0x64,0x12,0xFF,0xB0,0x64,0x12,0xFF,0xB0,0x64,0x12,0xFF,0xB0,0x64,0x12,0xFF,0xB0,0x64,0x12,0xFF,0xB0,0x64,0x12,0xFF,0xB0,0x64,0x12,0xFF,0xB0,0x64,0x12,0xFF,0xB0,0x64,0x12,0xFF,0xB0,0x64,0x12,0xFF,0xB0,0x64,0x12,0xFF,0xB0,0x64,0x12,0xFF,0xB0,0x64,0x12,0xFF,
    0xB0,0x64,0x12,0xFF,0xB0,0x64,0x12,0xFF,0xB0,0x64,0x12,0xFF,0xB0,0x64,0x12,0xFF,0xB0,0x64,0x12,0xFF,0xB0,0x64,0x12,0xFF,0xB0,0x64,0x12,0xFF,0xB0,0x64,0x12,0xFF,0xB0,0x64,0x12,0xFF,0xB0,0x64,0x12,0xFF,0xB0,0x64,0x12,0xFF,0xB0,0x64,0x12,0xFF,0xB0,0x64,0x12,0xFF,0xB0,0x64,0x12,0xFF,0xB0,0x64,0x12,0xFF,0xB0,0x64,0x12,0xFF,
    0xB0,0x64,0x12,0xFF,0xB0,0x64,0x12,0xFF,0xB0,0x64,0x12,0xFF,0xB0,0x64,0x12,0xFF,0xB0,0x64,0x12,0xFF,0xB0,0x64,0x12,0xFF,0xB0,0x64,0x12,0xFF,0xB0,0x64,0x12,0xFF,0xB0,0x64,0x12,0xFF,0xB0,0x64,0x12,0xFF,0xB0,0x64,0x12,0xFF,0xB0,0x64,0x12,0xFF,0xB0,0x64,0x12,0xFF,0xB0,0x64,0x12,0xFF,0xB0,0x64,0x12,0xFF,0xB0,0x64,0x12,0xFF,
    0xB0,0x64,0x12,0xFF,0xB0,0x64,0x12,0xFF,0xB0,0x64,0x12,0xFF,0xB0,0x64,0x12,0xFF,0xB0,0x64,0x12,0xFF,0xB0,0x64,0x12,0xFF,0xB0,0x64,0x12,0xFF,0xB0,0x64,0x12,0xFF,0xB0,0x64,0x12,0xFF,0xB0,0x64,0x12,0xFF,0xB0,0x64,0x12,0xFF,0xB0,0x64,0x12,0xFF,0xB0,0x64,0x12,0xFF,0xB0,0x64,0x12,0xFF,0xB0,0x64,0x12,0xFF,0xB0,0x64,0x12,0xFF,
    0xB0,0x64,0x12,0xFF,0xB0,0x64,0x12,0xFF,0xB0,0x64,0x12,0xFF,0xB0,0x64,0x12,0xFF,0xB0,0x64,0x12,0xFF,0xB0,0x64,0x12,0xFF,0xB0,0x64,0x12,0xFF,0xB0,0x64,0x12,0xFF,0xB0,0x64,0x12,0xFF,0xB0,0x64,0x12,0xFF,0xB0,0x64,0x12,0xFF,0xB0,0x64,0x12,0xFF,0xB0,0x64,0x12,0xFF,0xB0,0x64,0x12,0xFF,0xB0,0x64,0x12,0xFF,0xB0,0x64,0x12,0xFF,
    0xB0,0x64,0x12,0xFF,0xB0,0x64,0x12,0xFF,0xB0,0x64,0x12,0xFF,0xB0,0x64,0x12,0xFF,0xB0,0x64,0x12,0xFF,0xB0,0x64,0x12,0xFF,0xB0,0x64,0x12,0xFF,0xB0,0x64,0x12,0xFF,0xB0,0x64,0x12,0xFF,0xB0,0x64,0x12,0xFF,0xB0,0x64,0x12,0xFF,0xB0,0x64,0x12,0xFF,0xB0,0x64,0x12,0xFF,0xB0,0x64,0x12,0xFF,0xB0,0x64,0x12,0xFF,0xB0,0x64,0x12,0xFF,
    0xB0,0x64,0x12,0xFF,0xB0,0x64,0x12,0xFF,0xB0,0x64,0x12,0xFF,0xB0,0x64,0x12,0xFF,0xB0,0x64,0x12,0xFF,0xB0,0x64,0x12,0xFF,0xB0,0x64,0x12,0xFF,0xB0,0x64,0x12,0xFF,0xB0,0x64,0x12,0xFF,0xB0,0x64,0x12,0xFF,0xB0,0x64,0x12,0xFF,0xB0,0x64,0x12,0xFF,0xB0,0x64,0x12,0xFF,0xB0,0x64,0x12,0xFF,0xB0,0x64,0x12,0xFF,0xB0,0x64,0x12,0xFF,
    0xB0,0x64,0x12,0xFF,0xB0,0x64,0x12,0xFF,0xB0,0x64,0x12,0xFF,0xB0,0x64,0x12,0xFF,0xB0,0x64,0x12,0xFF,0xB0,0x64,0x12,0xFF,0xB0,0x64,0x12,0xFF,0xB0,0x64,0x12,0xFF,0xB0,0x64,0x12,0xFF,0xB0,0x64,0x12,0xFF,0xB0,0x64,0x12,0xFF,0xB0,0x64,0x12,0xFF,0xB0,0x64,0x12,0xFF,0xB0,0x64,0x12,0xFF,0xB0,0x64,0x12,0xFF,0xB0,0x64,0x12,0xFF,
    0xB0,0x64,0x12,0xFF,0xB0,0x64,0x12,0xFF,0xB0,0x64,0x12,0xFF,0xB0,0x64,0x12,0xFF,0xB0,0x64,0x12,0xFF,0xB0,0x64,0x12,0xFF,0xB0,0x64,0x12,0xFF,0xB0,0x64,0x12,0xFF,0xB0,0x64,0x12,0xFF,0xB0,0x64,0x12,0xFF,0xB0,0x64,0x12,0xFF,0xB0,0x64,0x12,0xFF,0xB0,0x64,0x12,0xFF,0xB0,0x64,0x12,0xFF,0xB0,0x64,0x12,0xFF,0xB0,0x64,0x12,0xFF,
    0xB0,0x64,0x12,0xFF,0xB0,0x64,0x12,0xFF,0xB0,0x64,0x12,0xFF,0xB0,0x64,0x12,0xFF,0xB0,0x64,0x12,0xFF,0xB0,0x64,0x12,0xFF,0xB0,0x64,0x12,0xFF,0xB0,0x64,0x12,0xFF,0xB0,0x64,0x12,0xFF,0xB0,0x64,0x12,0xFF,0xB0,0x64,0x12,0xFF,0xB0,0x64,0x12,0xFF,0xB0,0x64,0x12,0xFF,0xB0,0x64,0x12,0xFF,0xB0,0x64,0x12,0xFF,0xB0,0x64,0x12,0xFF,
    0xB0,0x64,0x12,0xFF,0xB0,0x64,0x12,0xFF,0xB0,0x64,0x12,0xFF,0xB0,0x64,0x12,0xFF,0xB0,0x64,0x12,0xFF,0xB0,0x64,0x12,0xFF,0xB0,0x64,0x12,0xFF,0xB0,0x64,0x12,0xFF,0xB0,0x64,0x12,0xFF,0xB0,0x64,0x12,0xFF,0xB0,0x64,0x12,0xFF,0xB0,0x64,0x12,0xFF,0xB0,0x64,0x12,0xFF,0xB0,0x64,0x12,0xFF,0xB0,0x64,0x12,0xFF,0xB0,0x64,0x12,0xFF,
    0xB0,0x64,0x12,0xFF,0xB0,0x64,0x12,0xFF,0xB0,0x64,0x12,0xFF,0xB0,0x64,0x12,0xFF,0xB0,0x64,0x12,0xFF,0xB0,0x64,0x12,0xFF,0xB0,0x64,0x12,0xFF,0xB0,0x64,0x12,0xFF,0xB0,0x64,0x12,0xFF,0xB0,0x64,0x12,0xFF,0xB0,0x64,0x12,0xFF,0xB0,0x64,0x12,0xFF,0xB0,0x64,0x12,0xFF,0xB0,0x64,0x12,0xFF,0xB0,0x64,0x12,0xFF,0xB0,0x64,0x12,0xFF,
    0xB0,0x64,0x12,0xFF,0xB0,0x64,0x12,0xFF,0xB0,0x64,0x12,0xFF,0xB0,0x64,0x12,0xFF,0xB0,0x64,0x12,0xFF,0xB0,0x64,0x12,0xFF,0xB0,0x64,0x12,0xFF,0xB0,0x64,0x12,0xFF,0xB0,0x64,0x12,0xFF,0xB0,0x64,0x12,0xFF,0xB0,0x64,0x12,0xFF,0xB0,0x64,0x12,0xFF,0xB0,0x64,0x12,0xFF,0xB0,0x64,0x12,0xFF,0xB0,0x64,0x12,0xFF,0xB0,0x64,0x12,0xFF,
    0xB0,0x64,0x12,0xFF,0xB0,0x64,0x12,0xFF,0xB0,0x64,0x12,0xFF,0xB0,0x64,0x12,0xFF,0xB0,0x64,0x12,0xFF,0xB0,0x64,0x12,0xFF,0xB0,0x64,0x12,0xFF,0xB0,0x64,0x12,0xFF,0xB0,0x64,0x12,0xFF,0xB0,0x64,0x12,0xFF,0xB0,0x64,0x12,0xFF,0xB0,0x64,0x12,0xFF,0xB0,0x64,0x12,0xFF,0xB0,0x64,0x12,0xFF,0xB0,0x64,0x12,0xFF,0xB0,0x64,0x12,0xFF,
    0xB0,0x64,0x12,0xFF,0xB0,0x64,0x12,0xFF,0xB0,0x64,0x12,0xFF,0xB0,0x64,0x12,0xFF,0xB0,0x64,0x12,0xFF,0xB0,0x64,0x12,0xFF,0xB0,0x64,0x12,0xFF,0xB0,0x64,0x12,0xFF,0xB0,0x64,0x12,0xFF,0xB0,0x64,0x12,0xFF,0xB0,0x64,0x12,0xFF,0xB0,0x64,0x12,0xFF,0xB0,0x64,0x12,0xFF,0xB0,0x64,0x12,0xFF,0xB0,0x64,0x12,0xFF,0xB0,0x64,0x12,0xFF,
    0xB0,0x64,0x12,0xFF,0xB0,0x64,0x12,0xFF,0xB0,0x64,0x12,0xFF,0xB0,0x64,0x12,0xFF,0xB0,0x64,0x12,0xFF,0xB0,0x64,0x12,0xFF,0xB0,0x64,0x12,0xFF,0xB0,0x64,0x12,0xFF,0xB0,0x64,0x12,0xFF,0xB0,0x64,0x12,0xFF,0xB0,0x64,0x12,0xFF,0xB0,0x64,0x12,0xFF,0xB0,0x64,0x12,0xFF,0xB0,0x64,0x12,0xFF,0xB0,0x64,0x12,0xFF,0xB0,0x64,0x12,0xFF,
    0xB0,0x64,0x12,0xFF,0xB0,0x64,0x12,0xFF,0xB0,0x64,0x12,0xFF,0xB0,0x64,0x12,0xFF,0xB0,0x64,0x12,0xFF,0xB0,0x64,0x12,0xFF,0xB0,0x64,0x12,0xFF,0xB0,0x64,0x12,0xFF,0xB0,0x64,0x12,0xFF,0xB0,0x64,0x12,0xFF,0xB0,0x64,0x12,0xFF,0xB0,0x64,0x12,0xFF,0xB0,0x64,0x12,0xFF,0xB0,0x64,0x12,0xFF,0xB0,0x64,0x12,0xFF,0xB0,0x64,0x12,0xFF,
    0xB0,0x64,0x12,0xFF,0xB0,0x64,0x12,0xFF,0xB0,0x64,0x12,0xFF,0xB0,0x64,0x12,0xFF,0xB0,0x64,0x12,0xFF,0xB0,0x64,0x12,0xFF,0xB0,0x64,0x12,0xFF,0xB0,0x64,0x12,0xFF,0xB0,0x64,0x12,0xFF,0xB0,0x64,0x12,0xFF,0xB0,0x64,0x12,0xFF,0xB0,0x64,0x12,0xFF,0xB0,0x64,0x12,0xFF,0xB0,0x64,0x12,0xFF,0xB0,0x64,0x12,0xFF,0xB0,0x64,0x12,0xFF,
    0xB0,0x64,0x12,0xFF,0xB0,0x64,0x12,0xFF,0xB0,0x64,0x12,0xFF,0xB0,0x64,0x12,0xFF,0xB0,0x64,0x12,0xFF,0xB0,0x64,0x12,0xFF,0xB0,0x64,0x12,0xFF,0xB0,0x64,0x12,0xFF,0xB0,0x64,0x12,0xFF,0xB0,0x64,0x12,0xFF,0xB0,0x64,0x12,0xFF,0xB0,0x64,0x12,0xFF,0xB0,0x64,0x12,0xFF,0xB0,0x64,0x12,0xFF,0xB0,0x64,0x12,0xFF,0xB0,0x64,0x12,0xFF,
    0xB0,0x64,0x12,0xFF,0xB0,0x64,0x12,0xFF,0xB0,0x64,0x12,0xFF,0xB0,0x64,0x12,0xFF,0xB0,0x64,0x12,0xFF,0xB0,0x64,0x12,0xFF,0xB0,0x64,0x12,0xFF,0xB0,0x64,0x12,0xFF,0xB0,0x64,0x12,0xFF,0xB0,0x64,0x12,0xFF,0xB0,0x64,0x12,0xFF,0xB0,0x64,0x12,0xFF,0xB0,0x64,0x12,0xFF,0xB0,0x64,0x12,0xFF,0xB0,0x64,0x12,0xFF,0xB0,0x64,0x12,0xFF,
    0xB0,0x64,0x12,0xFF,0xB0,0x64,0x12,0xFF,0xB0,0x64,0x12,0xFF,0xB0,0x64,0x12,0xFF,0xB0,0x64,0x12,0xFF,0xB0,0x64,0x12,0xFF,0xB0,0x64,0x12,0xFF,0xB0,0x64,0x12,0xFF,0xB0,0x64,0x12,0xFF,0xB0,0x64,0x12,0xFF,0xB0,0x64,0x12,0xFF,0xB0,0x64,0x12,0xFF,0xB0,0x64,0x12,0xFF,0xB0,0x64,0x12,0xFF,0xB0,0x64,0x12,0xFF,0xB0,0x64,0x12,0xFF,
    0xB0,0x64,0x12,0xFF,0xB0,0x64,0x12,0xFF,0xB0,0x64,0x12,0xFF,0xB0,0x64,0x12,0xFF,0xB0,0x64,0x12,0xFF,0xB0,0x64,0x12,0xFF,0xB0,0x64,0x12,0xFF,0xB0,0x64,0x12,0xFF,0xB0,0x64,0x12,0xFF,0xB0,0x64,0x12,0xFF,0xB0,0x64,0x12,0xFF,0xB0,0x64,0x12,0xFF,0xB0,0x64,0x12,0xFF,0xB0,0x64,0x12,0xFF,0xB0,0x64,0x12,0xFF,0xB0,0x64,0x12,0xFF,
    0xB0,0x64,0x12,0xFF,0xB0,0x64,0x12,0xFF,0xB0,0x64,0x12,0xFF,0xB0,0x64,0x12,0xFF,0xB0,0x64,0x12,0xFF,0xB0,0x64,0x12,0xFF,0xB0,0x64,0x12,0xFF,0xB0,0x64,0x12,0xFF,0xB0,0x64,0x12,0xFF,0xB0,0x64,0x12,0xFF,0xB0,0x64,0x12,0xFF,0xB0,0x64,0x12,0xFF,0xB0,0x64,0x12,0xFF,0xB0,0x64,0x12,0xFF,0xB0,0x64,0x12,0xFF,0xB0,0x64,0x12,0xFF,
    0xB0,0x64,0x12,0xFF,0xB0,0x64,0x12,0xFF,0xB0,0x64,0x12,0xFF,0xB0,0x64,0x12,0xFF,0xB0,0x64,0x12,0xFF,0xB0,0x64,0x12,0xFF,0xB0,0x64,0x12,0xFF,0xB0,0x64,0x12,0xFF,0xB0,0x64,0x12,0xFF,0xB0,0x64,0x12,0xFF,0xB0,0x64,0x12,0xFF,0xB0,0x64,0x12,0xFF,0xB0,0x64,0x12,0xFF,0xB0,0x64,0x12,0xFF,0xB0,0x64,0x12,0xFF,0xB0,0x64,0x12,0xFF,
    0xB0,0x64,0x12,0xFF,0xB0,0x64,0x12,0xFF,0xB0,0x64,0x12,0xFF,0xB0,0x64,0x12,0xFF,0xB0,0x64,0x12,0xFF,0xB0,0x64,0x12,0xFF,0xB0,0x64,0x12,0xFF,0xB0,0x64,0x12,0xFF,0xB0,0x64,0x12,0xFF,0xB0,0x64,0x12,0xFF,0xB0,0x64,0x12,0xFF,0xB0,0x64,0x12,0xFF,0xB0,0x64,0x12,0xFF,0xB0,0x64,0x12,0xFF,0xB0,0x64,0x12,0xFF,0xB0,0x64,0x12,0xFF,
    0xB0,0x64,0x12,0xFF,0xB0,0x64,0x12,0xFF,0xB0,0x64,0x12,0xFF,0xB0,0x64,0x12,0xFF,0xB0,0x64,0x12,0xFF,0xB0,0x64,0x12,0xFF,0xB0,0x64,0x12,0xFF,0xB0,0x64,0x12,0xFF,0xB0,0x64,0x12,0xFF,0xB0,0x64,0x12,0xFF,0xB0,0x64,0x12,0xFF,0xB0,0x64,0x12,0xFF,0xB0,0x64,0x12,0xFF,0xB0,0x64,0x12,0xFF,0xB0,0x64,0x12,0xFF,0xB0,0x64,0x12,0xFF,
    0xB0,0x64,0x12,0xFF,0xB0,0x64,0x12,0xFF,0xB0,0x64,0x12,0xFF,0xB0,0x64,0x12,0xFF,0xB0,0x64,0x12,0xFF,0xB0,0x64,0x12,0xFF,0xB0,0x64,0x12,0xFF,0xB0,0x64,0x12,0xFF,0xB0,0x64,0x12,0xFF,0xB0,0x64,0x12,0xFF,0xB0,0x64,0x12,0xFF,0xB0,0x64,0x12,0xFF,0xB0,0x64,0x12,0xFF,0xB0,0x64,0x12,0xFF,0xB0,0x64,0x12,0xFF,0xB0,0x64,0x12,0xFF,
    0xB0,0x64,0x12,0xFF,0xB0,0x64,0x12,0xFF,0xB0,0x64,0x12,0xFF,0xB0,0x64,0x12,0xFF,0xB0,0x64,0x12,0xFF,0xB0,0x64,0x12,0xFF,0xB0,0x64,0x12,0xFF,0xB0,0x64,0x12,0xFF,0xB0,0x64,0x12,0xFF,0xB0,0x64,0x12,0xFF,0xB0,0x64,0x12,0xFF,0xB0,0x64,0x12,0xFF,0xB0,0x64,0x12,0xFF,0xB0,0x64,0x12,0xFF,0xB0,0x64,0x12,0xFF,0xB0,0x64,0x12,0xFF,
    0xB0,0x64,0x12,0xFF,0xB0,0x64,0x12,0xFF,0xB0,0x64,0x12,0xFF,0xB0,0x64,0x12,0xFF,0xB0,0x64,0x12,0xFF,0xB0,0x64,0x12,0xFF,0xB0,0x64,0x12,0xFF,0xB0,0x64,0x12,0xFF,0xB0,0x64,0x12,0xFF,0xB0,0x64,0x12,0xFF,0xB0,0x64,0x12,0xFF,0xB0,0x64,0x12,0xFF,0xB0,0x64,0x12,0xFF,0xB0,0x64,0x12,0xFF,0xB0,0x64,0x12,0xFF,0xB0,0x64,0x12,0xFF,
    0xB0,0x64,0x12,0xFF,0xB0,0x64,0x12,0xFF,0xB0,0x64,0x12,0xFF,0xB0,0x64,0x12,0xFF,0xB0,0x64,0x12,0xFF,0xB0,0x64,0x12,0xFF,0xB0,0x64,0x12,0xFF,0xB0,0x64,0x12,0xFF,0xB0,0x64,0x12,0xFF,0xB0,0x64,0x12,0xFF,0xB0,0x64,0x12,0xFF,0xB0,0x64,0x12,0xFF,0xB0,0x64,0x12,0xFF,0xB0,0x64,0x12,0xFF,0xB0,0x64,0x12,0xFF,0xB0,0x64,0x12,0xFF,
    0xB0,0x64,0x12,0xFF,0xB0,0x64,0x12,0xFF,0xB0,0x64,0x12,0xFF,0xB0,0x64,0x12,0xFF,0xB0,0x64,0x12,0xFF,0xB0,0x64,0x12,0xFF,0xB0,0x64,0x12,0xFF,0xB0,0x64,0x12,0xFF,0xB0,0x64,0x12,0xFF,0xB0,0x64,0x12,0xFF,0xB0,0x64,0x12,0xFF,0xB0,0x64,0x12,0xFF,0xB0,0x64,0x12,0xFF,0xB0,0x64,0x12,0xFF,0xB0,0x64,0x12,0xFF,0xB0,0x64,0x12,0xFF,
    0xB0,0x64,0x12,0xFF,0xB0,0x64,0x12,0xFF,0xB0,0x64,0x12,0xFF,0xB0,0x64,0x12,0xFF,0xB0,0x64,0x12,0xFF,0xB0,0x64,0x12,0xFF,0xB0,0x64,0x12,0xFF,0xB0,0x64,0x12,0xFF,0xB0,0x64,0x12,0xFF,0xB0,0x64,0x12,0xFF,0xB0,0x64,0x12,0xFF,0xB0,0x64,0x12,0xFF,0xB0,0x64,0x12,0xFF,0xB0,0x64,0x12,0xFF,0xB0,0x64,0x12,0xFF,0xB0,0x64,0x12,0xFF,
    0xB0,0x64,0x12,0xFF,0xB0,0x64,0x12,0xFF,0xB0,0x64,0x12,0xFF,0xB0,0x64,0x12,0xFF,0xB0,0x64,0x12,0xFF,0xB0,0x64,0x12,0xFF,0xB0,0x64,0x12,0xFF,0xB0,0x64,0x12,0xFF,0xB0,0x64,0x12,0xFF,0xB0,0x64,0x12,0xFF,0xB0,0x64,0x12,0xFF,0xB0,0x64,0x12,0xFF,0xB0,0x64,0x12,0xFF,0xB0,0x64,0x12,0xFF,0xB0,0x64,0x12,0xFF,0xB0,0x64,0x12,0xFF,
    0xB0,0x64,0x12,0xFF,0xB0,0x64,0x12,0xFF,0xB0,0x64,0x12,0xFF,0xB0,0x64,0x12,0xFF,0xB0,0x64,0x12,0xFF,0xB0,0x64,0x12,0xFF,0xB0,0x64,0x12,0xFF,0xB0,0x64,0x12,0xFF,0xB0,0x64,0x12,0xFF,0xB0,0x64,0x12,0xFF,0xB0,0x64,0x12,0xFF,0xB0,0x64,0x12,0xFF,0xB0,0x64,0x12,0xFF,0xB0,0x64,0x12,0xFF,0xB0,0x64,0x12,0xFF,0xB0,0x64,0x12,0xFF,
    0xB0,0x64,0x12,0xFF,0xB0,0x64,0x12,0xFF,0xB0,0x64,0x12,0xFF,0xB0,0x64,0x12,0xFF,0xB0,0x64,0x12,0xFF,0xB0,0x64,0x12,0xFF,0xB0,0x64,0x12,0xFF,0xB0,0x64,0x12,0xFF,0xB0,0x64,0x12,0xFF,0xB0,0x64,0x12,0xFF,0xB0,0x64,0x12,0xFF,0xB0,0x64,0x12,0xFF,0xB0,0x64,0x12,0xFF,0xB0,0x64,0x12,0xFF,0xB0,0x64,0x12,0xFF,0xB0,0x64,0x12,0xFF,
    0xB0,0x64,0x12,0xFF,0xB0,0x64,0x12,0xFF,0xB0,0x64,0x12,0xFF,0xB0,0x64,0x12,0xFF,0xB0,0x64,0x12,0xFF,0xB0,0x64,0x12,0xFF,0xB0,0x64,0x12,0xFF,0xB0,0x64,0x12,0xFF,0xB0,0x64,0x12,0xFF,0xB0,0x64,0x12,0xFF,0xB0,0x64,0x12,0xFF,0xB0,0x64,0x12,0xFF,0xB0,0x64,0x12,0xFF,0xB0,0x64,0x12,0xFF,0xB0,0x64,0x12,0xFF,0xB0,0x64,0x12,0xFF,
    0xB0,0x64,0x12,0xFF,0xB0,0x64,0x12,0xFF,0xB0,0x64,0x12,0xFF,0xB0,0x64,0x12,0xFF,0xB0,0x64,0x12,0xFF,0xB0,0x64,0x12,0xFF,0xB0,0x64,0x12,0xFF,0xB0,0x64,0x12,0xFF,0xB0,0x64,0x12,0xFF,0xB0,0x64,0x12,0xFF,0xB0,0x64,0x12,0xFF,0xB0,0x64,0x12,0xFF,0xB0,0x64,0x12,0xFF,0xB0,0x64,0x12,0xFF,0xB0,0x64,0x12,0xFF,0xB0,0x64,0x12,0xFF,
    0xB0,0x64,0x12,0xFF,0xB0,0x64,0x12,0xFF,0xB0,0x64,0x12,0xFF,0xB0,0x64,0x12,0xFF,0xB0,0x64,0x12,0xFF,0xB0,0x64,0x12,0xFF,0xB0,0x64,0x12,0xFF,0xB0,0x64,0x12,0xFF,0xB0,0x64,0x12,0xFF,0xB0,0x64,0x12,0xFF,0xB0,0x64,0x12,0xFF,0xB0,0x64,0x12,0xFF,0xB0,0x64,0x12,0xFF,0xB0,0x64,0x12,0xFF,0xB0,0x64,0x12,0xFF,0xB0,0x64,0x12,0xFF,
    0xB0,0x64,0x12,0xFF,0xB0,0x64,0x12,0xFF,0xB0,0x64,0x12,0xFF,0xB0,0x64,0x12,0xFF,0xB0,0x64,0x12,0xFF,0xB0,0x64,0x12,0xFF,0xB0,0x64,0x12,0xFF,0xB0,0x64,0x12,0xFF,0xB0,0x64,0x12,0xFF,0xB0,0x64,0x12,0xFF,0xB0,0x64,0x12,0xFF,0xB0,0x64,0x12,0xFF,0xB0,0x64,0x12,0xFF,0xB0,0x64,0x12,0xFF,0xB0,0x64,0x12,0xFF,0xB0,0x64,0x12,0xFF,
    0xB0,0x64,0x12,0xFF,0xB0,0x64,0x12,0xFF,0xB0,0x64,0x12,0xFF,0xB0,0x64,0x12,0xFF,0xB0,0x64,0x12,0xFF,0xB0,0x64,0x12,0xFF,0xB0,0x64,0x12,0xFF,0xB0,0x64,0x12,0xFF,0xB0,0x64,0x12,0xFF,0xB0,0x64,0x12,0xFF,0xB0,0x64,0x12,0xFF,0xB0,0x64,0x12,0xFF,0xB0,0x64,0x12,0xFF,0xB0,0x64,0x12,0xFF,0xB0,0x64,0x12,0xFF,0xB0,0x64,0x12,0xFF,
    0xB0,0x64,0x12,0xFF,0xB0,0x64,0x12,0xFF,0xB0,0x64,0x12,0xFF,0xB0,0x64,0x12,0xFF,0xB0,0x64,0x12,0xFF,0xB0,0x64,0x12,0xFF,0xB0,0x64,0x12,0xFF,0xB0,0x64,0x12,0xFF,0xB0,0x64,0x12,0xFF,0xB0,0x64,0x12,0xFF,0xB0,0x64,0x12,0xFF,0xB0,0x64,0x12,0xFF,0xB0,0x64,0x12,0xFF,0xB0,0x64,0x12,0xFF,0xB0,0x64,0x12,0xFF,0xB0,0x64,0x12,0xFF,
    0xB0,0x64,0x12,0xFF,0xB0,0x64,0x12,0xFF,0xB0,0x64,0x12,0xFF,0xB0,0x64,0x12,0xFF,0xB0,0x64,0x12,0xFF,0xB0,0x64,0x12,0xFF,0xB0,0x64,0x12,0xFF,0xB0,0x64,0x12,0xFF,0xB0,0x64,0x12,0xFF,0xB0,0x64,0x12,0xFF,0xB0,0x64,0x12,0xFF,0xB0,0x64,0x12,0xFF,0xB0,0x64,0x12,0xFF,0xB0,0x64,0x12,0xFF,0xB0,0x64,0x12,0xFF,0xB0,0x64,0x12,0xFF,
    0xB0,0x64,0x12,0xFF,0xB0,0x64,0x12,0xFF,0xB0,0x64,0x12,0xFF,0xB0,0x64,0x12,0xFF,0xB0,0x64,0x12,0xFF,0xB0,0x64,0x12,0xFF,0xB0,0x64,0x12,0xFF,0xB0,0x64,0x12,0xFF,0xB0,0x64,0x12,0xFF,0xB0,0x64,0x12,0xFF,0xB0,0x64,0x12,0xFF,0xB0,0x64,0x12,0xFF,0xB0,0x64,0x12,0xFF,0xB0,0x64,0x12,0xFF,0xB0,0x64,0x12,0xFF,0xB0,0x64,0x12,0xFF,
    0xB0,0x64,0x12,0xFF,0xB0,0x64,0x12,0xFF,0xB0,0x64,0x12,0xFF,0xB0,0x64,0x12,0xFF,0xB0,0x64,0x12,0xFF,0xB0,0x64,0x12,0xFF,0xB0,0x64,0x12,0xFF,0xB0,0x64,0x12,0xFF,0xB0,0x64,0x12,0xFF,0xB0,0x64,0x12,0xFF,0xB0,0x64,0x12,0xFF,0xB0,0x64,0x12,0xFF,0xB0,0x64,0x12,0xFF,0xB0,0x64,0x12,0xFF,0xB0,0x64,0x12,0xFF,0xB0,0x64,0x12,0xFF,
    0xB0,0x64,0x12,0xFF,0xB0,0x64,0x12,0xFF,0xB0,0x64,0x12,0xFF,0xB0,0x64,0x12,0xFF,0xB0,0x64,0x12,0xFF,0xB0,0x64,0x12,0xFF,0xB0,0x64,0x12,0xFF,0xB0,0x64,0x12,0xFF,0xB0,0x64,0x12,0xFF,0xB0,0x64,0x12,0xFF,0xB0,0x64,0x12,0xFF,0xB0,0x64,0x12,0xFF,0xB0,0x64,0x12,0xFF,0xB0,0x64,0x12,0xFF,0xB0,0x64,0x12,0xFF,0xB0,0x64,0x12,0xFF,
    0xB0,0x64,0x12,0xFF,0xB0,0x64,0x12,0xFF,0xB0,0x64,0x12,0xFF,0xB0,0x64,0x12,0xFF,0xB0,0x64,0x12,0xFF,0xB0,0x64,0x12,0xFF,0xB0,0x64,0x12,0xFF,0xB0,0x64,0x12,0xFF,0xB0,0x64,0x12,0xFF,0xB0,0x64,0x12,0xFF,0xB0,0x64,0x12,0xFF,0xB0,0x64,0x12,0xFF,0xB0,0x64,0x12,0xFF,0xB0,0x64,0x12,0xFF,0xB0,0x64,0x12,0xFF,0xB0,0x64,0x12,0xFF,
    0xB0,0x64,0x12,0xFF,0xB0,0x64,0x12,0xFF,0xB0,0x64,0x12,0xFF,0xB0,0x64,0x12,0xFF,0xB0,0x64,0x12,0xFF,0xB0,0x64,0x12,0xFF,0xB0,0x64,0x12,0xFF,0xB0,0x64,0x12,0xFF,0xB0,0x64,0x12,0xFF,0xB0,0x64,0x12,0xFF,0xB0,0x64,0x12,0xFF,0xB0,0x64,0x12,0xFF,0xB0,0x64,0x12,0xFF,0xB0,0x64,0x12,0xFF,0xB0,0x64,0x12,0xFF,0xB0,0x64,0x12,0xFF,
    0xB0,0x64,0x12,0xFF,0xB0,0x64,0x12,0xFF,0xB0,0x64,0x12,0xFF,0xB0,0x64,0x12,0xFF,0xB0,0x64,0x12,0xFF,0xB0,0x64,0x12,0xFF,0xB0,0x64,0x12,0xFF,0xB0,0x64,0x12,0xFF,0xB0,0x64,0x12,0xFF,0xB0,0x64,0x12,0xFF,0xB0,0x64,0x12,0xFF,0xB0,0x64,0x12,0xFF,0xB0,0x64,0x12,0xFF,0xB0,0x64,0x12,0xFF,0xB0,0x64,0x12,0xFF,0xB0,0x64,0x12,0xFF,
    0xB0,0x64,0x12,0xFF,0xB0,0x64,0x12,0xFF,0xB0,0x64,0x12,0xFF,0xB0,0x64,0x12,0xFF,0xB0,0x64,0x12,0xFF,0xB0,0x64,0x12,0xFF,0xB0,0x64,0x12,0xFF,0xB0,0x64,0x12,0xFF,0xB0,0x64,0x12,0xFF,0xB0,0x64,0x12,0xFF,0xB0,0x64,0x12,0xFF,0xB0,0x64,0x12,0xFF,0xB0,0x64,0x12,0xFF,0xB0,0x64,0x12,0xFF,0xB0,0x64,0x12,0xFF,0xB0,0x64,0x12,0xFF,
    0xB0,0x64,0x12,0xFF,0xB0,0x64,0x12,0xFF,0xB0,0x64,0x12,0xFF,0xB0,0x64,0x12,0xFF,0xB0,0x64,0x12,0xFF,0xB0,0x64,0x12,0xFF,0xB0,0x64,0x12,0xFF,0xB0,0x64,0x12,0xFF,0xB0,0x64,0x12,0xFF,0xB0,0x64,0x12,0xFF,0xB0,0x64,0x12,0xFF,0xB0,0x64,0x12,0xFF,0xB0,0x64,0x12,0xFF,0xB0,0x64,0x12,0xFF,0xB0,0x64,0x12,0xFF,0xB0,0x64,0x12,0xFF,
    0xB0,0x64,0x12,0xFF,0xB0,0x64,0x12,0xFF,0xB0,0x64,0x12,0xFF,0xB0,0x64,0x12,0xFF,0xB0,0x64,0x12,0xFF,0xB0,0x64,0x12,0xFF,0xB0,0x64,0x12,0xFF,0xB0,0x64,0x12,0xFF,0xB0,0x64,0x12,0xFF,0xB0,0x64,0x12,0xFF,0xB0,0x64,0x12,0xFF,0xB0,0x64,0x12,0xFF,0xB0,0x64,0x12,0xFF,0xB0,0x64,0x12,0xFF,0xB0,0x64,0x12,0xFF,0xB0,0x64,0x12,0xFF,
    0xB0,0x64,0x12,0xFF,0xB0,0x64,0x12,0xFF,0xB0,0x64,0x12,0xFF,0xB0,0x64,0x12,0xFF,0xB0,0x64,0x12,0xFF,0xB0,0x64,0x12,0xFF,0xB0,0x64,0x12,0xFF,0xB0,0x64,0x12,0xFF,0xB0,0x64,0x12,0xFF,0xB0,0x64,0x12,0xFF,0xB0,0x64,0x12,0xFF,0xB0,0x64,0x12,0xFF,0xB0,0x64,0x12,0xFF,0xB0,0x64,0x12,0xFF,0xB0,0x64,0x12,0xFF,0xB0,0x64,0x12,0xFF,
    0xB0,0x64,0x12,0xFF,0xB0,0x64,0x12,0xFF,0xB0,0x64,0x12,0xFF,0xB0,0x64,0x12,0xFF,0xB0,0x64,0x12,0xFF,0xB0,0x64,0x12,0xFF,0xB0,0x64,0x12,0xFF,0xB0,0x64,0x12,0xFF,0xB0,0x64,0x12,0xFF,0xB0,0x64,0x12,0xFF,0xB0,0x64,0x12,0xFF,0xB0,0x64,0x12,0xFF,0xB0,0x64,0x12,0xFF,0xB0,0x64,0x12,0xFF,0xB0,0x64,0x12,0xFF,0xB0,0x64,0x12,0xFF,
    0xB0,0x64,0x12,0xFF,0xB0,0x64,0x12,0xFF,0xB0,0x64,0x12,0xFF,0xB0,0x64,0x12,0xFF,0xB0,0x64,0x12,0xFF,0xB0,0x64,0x12,0xFF,0xB0,0x64,0x12,0xFF,0xB0,0x64,0x12,0xFF,0xB0,0x64,0x12,0xFF,0xB0,0x64,0x12,0xFF,0xB0,0x64,0x12,0xFF,0xB0,0x64,0x12,0xFF,0xB0,0x64,0x12,0xFF,0xB0,0x64,0x12,0xFF,0xB0,0x64,0x12,0xFF,0xB0,0x64,0x12,0xFF,
    0xB0,0x64,0x12,0xFF,0xB0,0x64,0x12,0xFF,0xB0,0x64,0x12,0xFF,0xB0,0x64,0x12,0xFF,0xB0,0x64,0x12,0xFF,0xB0,0x64,0x12,0xFF,0xB0,0x64,0x12,0xFF,0xB0,0x64,0x12,0xFF,0xB0,0x64,0x12,0xFF,0xB0,0x64,0x12,0xFF,0xB0,0x64,0x12,0xFF,0xB0,0x64,0x12,0xFF,0xB0,0x64,0x12,0xFF,0xB0,0x64,0x12,0xFF,0xB0,0x64,0x12,0xFF,0xB0,0x64,0x12,0xFF,
    0xB0,0x64,0x12,0xFF,0xB0,0x64,0x12,0xFF,0xB0,0x64,0x12,0xFF,0xB0,0x64,0x12,0xFF,0xB0,0x64,0x12,0xFF,0xB0,0x64,0x12,0xFF,0xB0,0x64,0x12,0xFF,0xB0,0x64,0x12,0xFF,0xB0,0x64,0x12,0xFF,0xB0,0x64,0x12,0xFF,0xB0,0x64,0x12,0xFF,0xB0,0x64,0x12,0xFF,0xB0,0x64,0x12,0xFF,0xB0,0x64,0x12,0xFF,0xB0,0x64,0x12,0xFF,0xB0,0x64,0x12,0xFF,
    0xB0,0x64,0x12,0xFF,0xB0,0x64,0x12,0xFF,0xB0,0x64,0x12,0xFF,0xB0,0x64,0x12,0xFF,0xB0,0x64,0x12,0xFF,0xB0,0x64,0x12,0xFF,0xB0,0x64,0x12,0xFF,0xB0,0x64,0x12,0xFF,0xB0,0x64,0x12,0xFF,0xB0,0x64,0x12,0xFF,0xB0,0x64,0x12,0xFF,0xB0,0x64,0x12,0xFF,0xB0,0x64,0x12,0xFF,0xB0,0x64,0x12,0xFF,0xB0,0x64,0x12,0xFF,0xB0,0x64,0x12,0xFF,
    0xB0,0x64,0x12,0xFF,0xB0,0x64,0x12,0xFF,0xB0,0x64,0x12,0xFF,0xB0,0x64,0x12,0xFF,0xB0,0x64,0x12,0xFF,0xB0,0x64,0x12,0xFF,0xB0,0x64,0x12,0xFF,0xB0,0x64,0x12,0xFF,0xB0,0x64,0x12,0xFF,0xB0,0x64,0x12,0xFF,0xB0,0x64,0x12,0xFF,0xB0,0x64,0x12,0xFF,0xB0,0x64,0x12,0xFF,0xB0,0x64,0x12,0xFF,0xB0,0x64,0x12,0xFF,0xB0,0x64,0x12,0xFF,
    0xB0,0x64,0x12,0xFF,0xB0,0x64,0x12,0xFF,0xB0,0x64,0x12,0xFF,0xB0,0x64,0x12,0xFF,0xB0,0x64,0x12,0xFF,0xB0,0x64,0x12,0xFF,0xB0,0x64,0x12,0xFF,0xB0,0x64,0x12,0xFF,0xB0,0x64,0x12,0xFF,0xB0,0x64,0x12,0xFF,0xB0,0x64,0x12,0xFF,0xB0,0x64,0x12,0xFF,0xB0,0x64,0x12,0xFF,0xB0,0x64,0x12,0xFF,0xB0,0x64,0x12,0xFF,0xB0,0x64,0x12,0xFF,
    0xB0,0x64,0x12,0xFF,0xB0,0x64,0x12,0xFF,0xB0,0x64,0x12,0xFF,0xB0,0x64,0x12,0xFF,0xB0,0x64,0x12,0xFF,0xB0,0x64,0x12,0xFF,0xB0,0x64,0x12,0xFF,0xB0,0x64,0x12,0xFF,0xB0,0x64,0x12,0xFF,0xB0,0x64,0x12,0xFF,0xB0,0x64,0x12,0xFF,0xB0,0x64,0x12,0xFF,0xB0,0x64,0x12,0xFF,0xB0,0x64,0x12,0xFF,0xB0,0x64,0x12,0xFF,0xB0,0x64,0x12,0xFF,
    0xB0,0x64,0x12,0xFF,0xB0,0x64,0x12,0xFF,0xB0,0x64,0x12,0xFF,0xB0,0x64,0x12,0xFF,0xB0,0x64,0x12,0xFF,0xB0,0x64,0x12,0xFF,0xB0,0x64,0x12,0xFF,0xB0,0x64,0x12,0xFF,0xB0,0x64,0x12,0xFF,0xB0,0x64,0x12,0xFF,0xB0,0x64,0x12,0xFF,0xB0,0x64,0x12,0xFF,0xB0,0x64,0x12,0xFF,0xB0,0x64,0x12,0xFF,0xB0,0x64,0x12,0xFF,0xB0,0x64,0x12,0xFF,
    0xB0,0x64,0x12,0xFF,0xB0,0x64,0x12,0xFF,0xB0,0x64,0x12,0xFF,0xB0,0x64,0x12,0xFF,0xB0,0x64,0x12,0xFF,0xB0,0x64,0x12,0xFF,0xB0,0x64,0x12,0xFF,0xB0,0x64,0x12,0xFF,0xB0,0x64,0x12,0xFF,0xB0,0x64,0x12,0xFF,0xB0,0x64,0x12,0xFF,0xB0,0x64,0x12,0xFF,0xB0,0x64,0x12,0xFF,0xB0,0x64,0x12,0xFF,0xB0,0x64,0x12,0xFF,0xB0,0x64,0x12,0xFF,
    0xB0,0x64,0x12,0xFF,0xB0,0x64,0x12,0xFF,0xB0,0x64,0x12,0xFF,0xB0,0x64,0x12,0xFF,0xB0,0x64,0x12,0xFF,0xB0,0x64,0x12,0xFF,0xB0,0x64,0x12,0xFF,0xB0,0x64,0x12,0xFF,0xB0,0x64,0x12,0xFF,0xB0,0x64,0x12,0xFF,0xB0,0x64,0x12,0xFF,0xB0,0x64,0x12,0xFF,0xB0,0x64,0x12,0xFF,0xB0,0x64,0x12,0xFF,0xB0,0x64,0x12,0xFF,0xB0,0x64,0x12,0xFF,
    0xB0,0x64,0x12,0xFF,0xB0,0x64,0x12,0xFF,0xB0,0x64,0x12,0xFF,0xB0,0x64,0x12,0xFF,0xB0,0x64,0x12,0xFF,0xB0,0x64,0x12,0xFF,0xB0,0x64,0x12,0xFF,0xB0,0x64,0x12,0xFF,0xB0,0x64,0x12,0xFF,0xB0,0x64,0x12,0xFF,0xB0,0x64,0x12,0xFF,0xB0,0x64,0x12,0xFF,0xB0,0x64,0x12,0xFF,0xB0,0x64,0x12,0xFF,0xB0,0x64,0x12,0xFF,0xB0,0x64,0x12,0xFF,
    0xB0,0x64,0x12,0xFF,0xB0,0x64,0x12,0xFF,0xB0,0x64,0x12,0xFF,0xB0,0x64,0x12,0xFF,0xB0,0x64,0x12,0xFF,0xB0,0x64,0x12,0xFF,0xB0,0x64,0x12,0xFF,0xB0,0x64,0x12,0xFF,0xB0,0x64,0x12,0xFF,0xB0,0x64,0x12,0xFF,0xB0,0x64,0x12,0xFF,0xB0,0x64,0x12,0xFF,0xB0,0x64,0x12,0xFF,0xB0,0x64,0x12,0xFF,0xB0,0x64,0x12,0xFF,0xB0,0x64,0x12,0xFF,
    0xB0,0x64,0x12,0xFF,0xB0,0x64,0x12,0xFF,0xB0,0x64,0x12,0xFF,0xB0,0x64,0x12,0xFF,0xB0,0x64,0x12,0xFF,0xB0,0x64,0x12,0xFF,0xB0,0x64,0x12,0xFF,0xB0,0x64,0x12,0xFF,0xB0,0x64,0x12,0xFF,0xB0,0x64,0x12,0xFF,0xB0,0x64,0x12,0xFF,0xB0,0x64,0x12,0xFF,0xB0,0x64,0x12,0xFF,0xB0,0x64,0x12,0xFF,0xB0,0x64,0x12,0xFF,0xB0,0x64,0x12,0xFF,
    0xB0,0x64,0x12,0xFF,0xB0,0x64,0x12,0xFF,0xB0,0x64,0x12,0xFF,0xB0,0x64,0x12,0xFF,0xB0,0x64,0x12,0xFF,0xB0,0x64,0x12,0xFF,0xB0,0x64,0x12,0xFF,0xB0,0x64,0x12,0xFF,0xB0,0x64,0x12,0xFF,0xB0,0x64,0x12,0xFF,0xB0,0x64,0x12,0xFF,0xB0,0x64,0x12,0xFF,0xB0,0x64,0x12,0xFF,0xB0,0x64,0x12,0xFF,0xB0,0x64,0x12,0xFF,0xB0,0x64,0x12,0xFF,
    0xB0,0x64,0x12,0xFF,0xB0,0x64,0x12,0xFF,0xB0,0x64,0x12,0xFF,0xB0,0x64,0x12,0xFF,0xB0,0x64,0x12,0xFF,0xB0,0x64,0x12,0xFF,0xB0,0x64,0x12,0xFF,0xB0,0x64,0x12,0xFF,0xB0,0x64,0x12,0xFF,0xB0,0x64,0x12,0xFF,0xB0,0x64,0x12,0xFF,0xB0,0x64,0x12,0xFF,0xB0,0x64,0x12,0xFF,0xB0,0x64,0x12,0xFF,0xB0,0x64,0x12,0xFF,0xB0,0x64,0x12,0xFF,
    0xB0,0x64,0x12,0xFF,0xB0,0x64,0x12,0xFF,0xB0,0x64,0x12,0xFF,0xB0,0x64,0x12,0xFF,0xB0,0x64,0x12,0xFF,0xB0,0x64,0x12,0xFF,0xB0,0x64,0x12,0xFF,0xB0,0x64,0x12,0xFF,0xB0,0x64,0x12,0xFF,0xB0,0x64,0x12,0xFF,0xB0,0x64,0x12,0xFF,0xB0,0x64,0x12,0xFF,0xB0,0x64,0x12,0xFF,0xB0,0x64,0x12,0xFF,0xB0,0x64,0x12,0xFF,0xB0,0x64,0x12,0xFF,
    0xB0,0x64,0x12,0xFF,0xB0,0x64,0x12,0xFF,0xB0,0x64,0x12,0xFF,0xB0,0x64,0x12,0xFF,0xB0,0x64,0x12,0xFF,0xB0,0x64,0x12,0xFF,0xB0,0x64,0x12,0xFF,0xB0,0x64,0x12,0xFF,0xB0,0x64,0x12,0xFF,0xB0,0x64,0x12,0xFF,0xB0,0x64,0x12,0xFF,0xB0,0x64,0x12,0xFF,0xB0,0x64,0x12,0xFF,0xB0,0x64,0x12,0xFF,0xB0,0x64,0x12,0xFF,0xB0,0x64,0x12,0xFF,
    0xB0,0x64,0x12,0xFF,0xB0,0x64,0x12,0xFF,0xB0,0x64,0x12,0xFF,0xB0,0x64,0x12,0xFF,0xB0,0x64,0x12,0xFF,0xB0,0x64,0x12,0xFF,0xB0,0x64,0x12,0xFF,0xB0,0x64,0x12,0xFF,0xB0,0x64,0x12,0xFF,0xB0,0x64,0x12,0xFF,0xB0,0x64,0x12,0xFF,0xB0,0x64,0x12,0xFF,0xB0,0x64,0x12,0xFF,0xB0,0x64,0x12,0xFF,0xB0,0x64,0x12,0xFF,0xB0,0x64,0x12,0xFF,
    0xB0,0x64,0x12,0xFF,0xB0,0x64,0x12,0xFF,0xB0,0x64,0x12,0xFF,0xB0,0x64,0x12,0xFF,0xB0,0x64,0x12,0xFF,0xB0,0x64,0x12,0xFF,0xB0,0x64,0x12,0xFF,0xB0,0x64,0x12,0xFF,0xB0,0x64,0x12,0xFF,0xB0,0x64,0x12,0xFF,0xB0,0x64,0x12,0xFF,0xB0,0x64,0x12,0xFF,0xB0,0x64,0x12,0xFF,0xB0,0x64,0x12,0xFF,0xB0,0x64,0x12,0xFF,0xB0,0x64,0x12,0xFF,
    0xB0,0x64,0x12,0xFF,0xB0,0x64,0x12,0xFF,0xB0,0x64,0x12,0xFF,0xB0,0x64,0x12,0xFF,0xB0,0x64,0x12,0xFF,0xB0,0x64,0x12,0xFF,0xB0,0x64,0x12,0xFF,0xB0,0x64,0x12,0xFF,0xB0,0x64,0x12,0xFF,0xB0,0x64,0x12,0xFF,0xB0,0x64,0x12,0xFF,0xB0,0x64,0x12,0xFF,0xB0,0x64,0x12,0xFF,0xB0,0x64,0x12,0xFF,0xB0,0x64,0x12,0xFF,0xB0,0x64,0x12,0xFF,
    0xB0,0x64,0x12,0xFF,0xB0,0x64,0x12,0xFF,0xB0,0x64,0x12,0xFF,0xB0,0x64,0x12,0xFF,0xB0,0x64,0x12,0xFF,0xB0,0x64,0x12,0xFF,0xB0,0x64,0x12,0xFF,0xB0,0x64,0x12,0xFF,0xB0,0x64,0x12,0xFF,0xB0,0x64,0x12,0xFF,0xB0,0x64,0x12,0xFF,0xB0,0x64,0x12,0xFF,0xB0,0x64,0x12,0xFF,0xB0,0x64,0x12,0xFF,0xB0,0x64,0x12,0xFF,0xB0,0x64,0x12,0xFF,
    0xB0,0x64,0x12,0xFF,0xB0,0x64,0x12,0xFF,0xB0,0x64,0x12,0xFF,0xB0,0x64,0x12,0xFF,0xB0,0x64,0x12,0xFF,0xB0,0x64,0x12,0xFF,0xB0,0x64,0x12,0xFF,0xB0,0x64,0x12,0xFF,0xB0,0x64,0x12,0xFF,0xB0,0x64,0x12,0xFF,0xB0,0x64,0x12,0xFF,0xB0,0x64,0x12,0xFF,0xB0,0x64,0x12,0xFF,0xB0,0x64,0x12,0xFF,0xB0,0x64,0x12,0xFF,0xB0,0x64,0x12,0xFF,
    0xB0,0x64,0x12,0xFF,0xB0,0x64,0x12,0xFF,0xB0,0x64,0x12,0xFF,0xB0,0x64,0x12,0xFF,0xB0,0x64,0x12,0xFF,0xB0,0x64,0x12,0xFF,0xB0,0x64,0x12,0xFF,0xB0,0x64,0x12,0xFF,0xB0,0x64,0x12,0xFF,0xB0,0x64,0x12,0xFF,0xB0,0x64,0x12,0xFF,0xB0,0x64,0x12,0xFF,0xB0,0x64,0x12,0xFF,0xB0,0x64,0x12,0xFF,0xB0,0x64,0x12,0xFF,0xB0,0x64,0x12,0xFF,
    0xB0,0x64,0x12,0xFF,0xB0,0x64,0x12,0xFF,0xB0,0x64,0x12,0xFF,0xB0,0x64,0x12,0xFF,0xB0,0x64,0x12,0xFF,0xB0,0x64,0x12,0xFF,0xB0,0x64,0x12,0xFF,0xB0,0x64,0x12,0xFF,0xB0,0x64,0x12,0xFF,0xB0,0x64,0x12,0xFF,0xB0,0x64,0x12,0xFF,0xB0,0x64,0x12,0xFF,0xB0,0x64,0x12,0xFF,0xB0,0x64,0x12,0xFF,0xB0,0x64,0x12,0xFF,0xB0,0x64,0x12,0xFF,
    0xB0,0x64,0x12,0xFF,0xB0,0x64,0x12,0xFF,0xB0,0x64,0x12,0xFF,0xB0,0x64,0x12,0xFF,0xB0,0x64,0x12,0xFF,0xB0,0x64,0x12,0xFF,0xB0,0x64,0x12,0xFF,0xB0,0x64,0x12,0xFF,0xB0,0x64,0x12,0xFF,0xB0,0x64,0x12,0xFF,0xB0,0x64,0x12,0xFF,0xB0,0x64,0x12,0xFF,0xB0,0x64,0x12,0xFF,0xB0,0x64,0x12,0xFF,0xB0,0x64,0x12,0xFF,0xB0,0x64,0x12,0xFF,
    0xB0,0x64,0x12,0xFF,0xB0,0x64,0x12,0xFF,0xB0,0x64,0x12,0xFF,0xB0,0x64,0x12,0xFF,0xB0,0x64,0x12,0xFF,0xB0,0x64,0x12,0xFF,0xB0,0x64,0x12,0xFF,0xB0,0x64,0x12,0xFF,0xB0,0x64,0x12,0xFF,0xB0,0x64,0x12,0xFF,0xB0,0x64,0x12,0xFF,0xB0,0x64,0x12,0xFF,0xB0,0x64,0x12,0xFF,0xB0,0x64,0x12,0xFF,0xB0,0x64,0x12,0xFF,0xB0,0x64,0x12,0xFF,
    0xB0,0x64,0x12,0xFF,0xB0,0x64,0x12,0xFF,0xB0,0x64,0x12,0xFF,0xB0,0x64,0x12,0xFF,0xB0,0x64,0x12,0xFF,0xB0,0x64,0x12,0xFF,0xB0,0x64,0x12,0xFF,0xB0,0x64,0x12,0xFF,0xB0,0x64,0x12,0xFF,0xB0,0x64,0x12,0xFF,0xB0,0x64,0x12,0xFF,0xB0,0x64,0x12,0xFF,0xB0,0x64,0x12,0xFF,0xB0,0x64,0x12,0xFF,0xB0,0x64,0x12,0xFF,0xB0,0x64,0x12,0xFF,
    0xB0,0x64,0x12,0xFF,0xB0,0x64,0x12,0xFF,0xB0,0x64,0x12,0xFF,0xB0,0x64,0x12,0xFF,0xB0,0x64,0x12,0xFF,0xB0,0x64,0x12,0xFF,0xB0,0x64,0x12,0xFF,0xB0,0x64,0x12,0xFF,0xB0,0x64,0x12,0xFF,0xB0,0x64,0x12,0xFF,0xB0,0x64,0x12,0xFF,0xB0,0x64,0x12,0xFF,0xB0,0x64,0x12,0xFF,0xB0,0x64,0x12,0xFF,0xB0,0x64,0x12,0xFF,0xB0,0x64,0x12,0xFF,
    0xB0,0x64,0x12,0xFF,0xB0,0x64,0x12,0xFF,0xB0,0x64,0x12,0xFF,0xB0,0x64,0x12,0xFF,0xB0,0x64,0x12,0xFF,0xB0,0x64,0x12,0xFF,0xB0,0x64,0x12,0xFF,0xB0,0x64,0x12,0xFF,0xB0,0x64,0x12,0xFF,0xB0,0x64,0x12,0xFF,0xB0,0x64,0x12,0xFF,0xB0,0x64,0x12,0xFF,0xB0,0x64,0x12,0xFF,0xB0,0x64,0x12,0xFF,0xB0,0x64,0x12,0xFF,0xB0,0x64,0x12,0xFF,
    0xB0,0x64,0x12,0xFF,0xB0,0x64,0x12,0xFF,0xB0,0x64,0x12,0xFF,0xB0,0x64,0x12,0xFF,0xB0,0x64,0x12,0xFF,0xB0,0x64,0x12,0xFF,0xB0,0x64,0x12,0xFF,0xB0,0x64,0x12,0xFF,0xB0,0x64,0x12,0xFF,0xB0,0x64,0x12,0xFF,0xB0,0x64,0x12,0xFF,0xB0,0x64,0x12,0xFF,0xB0,0x64,0x12,0xFF,0xB0,0x64,0x12,0xFF,0xB0,0x64,0x12,0xFF,0xB0,0x64,0x12,0xFF,
    0xB0,0x64,0x12,0xFF,0xB0,0x64,0x12,0xFF,0xB0,0x64,0x12,0xFF,0xB0,0x64,0x12,0xFF,0xB0,0x64,0x12,0xFF,0xB0,0x64,0x12,0xFF,0xB0,0x64,0x12,0xFF,0xB0,0x64,0x12,0xFF,0xB0,0x64,0x12,0xFF,0xB0,0x64,0x12,0xFF,0xB0,0x64,0x12,0xFF,0xB0,0x64,0x12,0xFF,0xB0,0x64,0x12,0xFF,0xB0,0x64,0x12,0xFF,0xB0,0x64,0x12,0xFF,0xB0,0x64,0x12,0xFF,
    0xB0,0x64,0x12,0xFF,0xB0,0x64,0x12,0xFF,0xB0,0x64,0x12,0xFF,0xB0,0x64,0x12,0xFF,0xB0,0x64,0x12,0xFF,0xB0,0x64,0x12,0xFF,0xB0,0x64,0x12,0xFF,0xB0,0x64,0x12,0xFF,0xB0,0x64,0x12,0xFF,0xB0,0x64,0x12,0xFF,0xB0,0x64,0x12,0xFF,0xB0,0x64,0x12,0xFF,0xB0,0x64,0x12,0xFF,0xB0,0x64,0x12,0xFF,0xB0,0x64,0x12,0xFF,0xB0,0x64,0x12,0xFF,
    0xB0,0x64,0x12,0xFF,0xB0,0x64,0x12,0xFF,0xB0,0x64,0x12,0xFF,0xB0,0x64,0x12,0xFF,0xB0,0x64,0x12,0xFF,0xB0,0x64,0x12,0xFF,0xB0,0x64,0x12,0xFF,0xB0,0x64,0x12,0xFF,0xB0,0x64,0x12,0xFF,0xB0,0x64,0x12,0xFF,0xB0,0x64,0x12,0xFF,0xB0,0x64,0x12,0xFF,0xB0,0x64,0x12,0xFF,0xB0,0x64,0x12,0xFF,0xB0,0x64,0x12,0xFF,0xB0,0x64,0x12,0xFF,
    0xB0,0x64,0x12,0xFF,0xB0,0x64,0x12,0xFF,0xB0,0x64,0x12,0xFF,0xB0,0x64,0x12,0xFF,0xB0,0x64,0x12,0xFF,0xB0,0x64,0x12,0xFF,0xB0,0x64,0x12,0xFF,0xB0,0x64,0x12,0xFF,0xB0,0x64,0x12,0xFF,0xB0,0x64,0x12,0xFF,0xB0,0x64,0x12,0xFF,0xB0,0x64,0x12,0xFF,0xB0,0x64,0x12,0xFF,0xB0,0x64,0x12,0xFF,0xB0,0x64,0x12,0xFF,0xB0,0x64,0x12,0xFF,
    0xB0,0x64,0x12,0xFF,0xB0,0x64,0x12,0xFF,0xB0,0x64,0x12,0xFF,0xB0,0x64,0x12,0xFF,0xB0,0x64,0x12,0xFF,0xB0,0x64,0x12,0xFF,0xB0,0x64,0x12,0xFF,0xB0,0x64,0x12,0xFF,0xB0,0x64,0x12,0xFF,0xB0,0x64,0x12,0xFF,0xB0,0x64,0x12,0xFF,0xB0,0x64,0x12,0xFF,0xB0,0x64,0x12,0xFF,0xB0,0x64,0x12,0xFF,0xB0,0x64,0x12,0xFF,0xB0,0x64,0x12,0xFF,
    0xB0,0x64,0x12,0xFF,0xB0,0x64,0x12,0xFF,0xB0,0x64,0x12,0xFF,0xB0,0x64,0x12,0xFF,0xB0,0x64,0x12,0xFF,0xB0,0x64,0x12,0xFF,0xB0,0x64,0x12,0xFF,0xB0,0x64,0x12,0xFF,0xB0,0x64,0x12,0xFF,0xB0,0x64,0x12,0xFF,0xB0,0x64,0x12,0xFF,0xB0,0x64,0x12,0xFF,0xB0,0x64,0x12,0xFF,0xB0,0x64,0x12,0xFF,0xB0,0x64,0x12,0xFF,0xB0,0x64,0x12,0xFF,
    0xB0,0x64,0x12,0xFF,0xB0,0x64,0x12,0xFF,0xB0,0x64,0x12,0xFF,0xB0,0x64,0x12,0xFF,0xB0,0x64,0x12,0xFF,0xB0,0x64,0x12,0xFF,0xB0,0x64,0x12,0xFF,0xB0,0x64,0x12,0xFF,0xB0,0x64,0x12,0xFF,0xB0,0x64,0x12,0xFF,0xB0,0x64,0x12,0xFF,0xB0,0x64,0x12,0xFF,0xB0,0x64,0x12,0xFF,0xB0,0x64,0x12,0xFF,0xB0,0x64,0x12,0xFF,0xB0,0x64,0x12,0xFF,
    0xB0,0x64,0x12,0xFF,0xB0,0x64,0x12,0xFF,0xB0,0x64,0x12,0xFF,0xB0,0x64,0x12,0xFF,0xB0,0x64,0x12,0xFF,0xB0,0x64,0x12,0xFF,0xB0,0x64,0x12,0xFF,0xB0,0x64,0x12,0xFF,0xB0,0x64,0x12,0xFF,0xB0,0x64,0x12,0xFF,0xB0,0x64,0x12,0xFF,0xB0,0x64,0x12,0xFF,0xB0,0x64,0x12,0xFF,0xB0,0x64,0x12,0xFF,0xB0,0x64,0x12,0xFF,0xB0,0x64,0x12,0xFF,
    0xB0,0x64,0x12,0xFF,0xB0,0x64,0x12,0xFF,0xB0,0x64,0x12,0xFF,0xB0,0x64,0x12,0xFF,0xB0,0x64,0x12,0xFF,0xB0,0x64,0x12,0xFF,0xB0,0x64,0x12,0xFF,0xB0,0x64,0x12,0xFF,0xB0,0x64,0x12,0xFF,0xB0,0x64,0x12,0xFF,0xB0,0x64,0x12,0xFF,0xB0,0x64,0x12,0xFF,0xB0,0x64,0x12,0xFF,0xB0,0x64,0x12,0xFF,0xB0,0x64,0x12,0xFF,0xB0,0x64,0x12,0xFF,
    0xB0,0x64,0x12,0xFF,0xB0,0x64,0x12,0xFF,0xB0,0x64,0x12,0xFF,0xB0,0x64,0x12,0xFF,0xB0,0x64,0x12,0xFF,0xB0,0x64,0x12,0xFF,0xB0,0x64,0x12,0xFF,0xB0,0x64,0x12,0xFF,0xB0,0x64,0x12,0xFF,0xB0,0x64,0x12,0xFF,0xB0,0x64,0x12,0xFF,0xB0,0x64,0x12,0xFF,0xB0,0x64,0x12,0xFF,0xB0,0x64,0x12,0xFF,0xB0,0x64,0x12,0xFF,0xB0,0x64,0x12,0xFF,
    0xB0,0x64,0x12,0xFF,0xB0,0x64,0x12,0xFF,0xB0,0x64,0x12,0xFF,0xB0,0x64,0x12,0xFF,0xB0,0x64,0x12,0xFF,0xB0,0x64,0x12,0xFF,0xB0,0x64,0x12,0xFF,0xB0,0x64,0x12,0xFF,0xB0,0x64,0x12,0xFF,0xB0,0x64,0x12,0xFF,0xB0,0x64,0x12,0xFF,0xB0,0x64,0x12,0xFF,0xB0,0x64,0x12,0xFF,0xB0,0x64,0x12,0xFF,0xB0,0x64,0x12,0xFF,0xB0,0x64,0x12,0xFF,
    0xB0,0x64,0x12,0xFF,0xB0,0x64,0x12,0xFF,0xB0,0x64,0x12,0xFF,0xB0,0x64,0x12,0xFF,0xB0,0x64,0x12,0xFF,0xB0,0x64,0x12,0xFF,0xB0,0x64,0x12,0xFF,0xB0,0x64,0x12,0xFF,0xB0,0x64,0x12,0xFF,0xB0,0x64,0x12,0xFF,0xB0,0x64,0x12,0xFF,0xB0,0x64,0x12,0xFF,0xB0,0x64,0x12,0xFF,0xB0,0x64,0x12,0xFF,0xB0,0x64,0x12,0xFF,0xB0,0x64,0x12,0xFF,
    0xB0,0x64,0x12,0xFF,0xB0,0x64,0x12,0xFF,0xB0,0x64,0x12,0xFF,0xB0,0x64,0x12,0xFF,0xB0,0x64,0x12,0xFF,0xB0,0x64,0x12,0xFF,0xB0,0x64,0x12,0xFF,0xB0,0x64,0x12,0xFF,0xB0,0x64,0x12,0xFF,0xB0,0x64,0x12,0xFF,0xB0,0x64,0x12,0xFF,0xB0,0x64,0x12,0xFF,0xB0,0x64,0x12,0xFF,0xB0,0x64,0x12,0xFF,0xB0,0x64,0x12,0xFF,0xB0,0x64,0x12,0xFF,
    0xB0,0x64,0x12,0xFF,0xB0,0x64,0x12,0xFF,0xB0,0x64,0x12,0xFF,0xB0,0x64,0x12,0xFF,0xB0,0x64,0x12,0xFF,0xB0,0x64,0x12,0xFF,0xB0,0x64,0x12,0xFF,0xB0,0x64,0x12,0xFF,0xB0,0x64,0x12,0xFF,0xB0,0x64,0x12,0xFF,0xB0,0x64,0x12,0xFF,0xB0,0x64,0x12,0xFF,0xB0,0x64,0x12,0xFF,0xB0,0x64,0x12,0xFF,0xB0,0x64,0x12,0xFF,0xB0,0x64,0x12,0xFF,
    0xB0,0x64,0x12,0xFF,0xB0,0x64,0x12,0xFF,0xB0,0x64,0x12,0xFF,0xB0,0x64,0x12,0xFF,0xB0,0x64,0x12,0xFF,0xB0,0x64,0x12,0xFF,0xB0,0x64,0x12,0xFF,0xB0,0x64,0x12,0xFF,0xB0,0x64,0x12,0xFF,0xB0,0x64,0x12,0xFF,0xB0,0x64,0x12,0xFF,0xB0,0x64,0x12,0xFF,0xB0,0x64,0x12,0xFF,0xB0,0x64,0x12,0xFF,0xB0,0x64,0x12,0xFF,0xB0,0x64,0x12,0xFF,
    0xB0,0x64,0x12,0xFF,0xB0,0x64,0x12,0xFF,0xB0,0x64,0x12,0xFF,0xB0,0x64,0x12,0xFF,0xB0,0x64,0x12,0xFF,0xB0,0x64,0x12,0xFF,0xB0,0x64,0x12,0xFF,0xB0,0x64,0x12,0xFF,0xB0,0x64,0x12,0xFF,0xB0,0x64,0x12,0xFF,0xB0,0x64,0x12,0xFF,0xB0,0x64,0x12,0xFF,0xB0,0x64,0x12,0xFF,0xB0,0x64,0x12,0xFF,0xB0,0x64,0x12,0xFF,0xB0,0x64,0x12,0xFF,
    0xB0,0x64,0x12,0xFF,0xB0,0x64,0x12,0xFF,0xB0,0x64,0x12,0xFF,0xB0,0x64,0x12,0xFF,0xB0,0x64,0x12,0xFF,0xB0,0x64,0x12,0xFF,0xB0,0x64,0x12,0xFF,0xB0,0x64,0x12,0xFF,0xB0,0x64,0x12,0xFF,0xB0,0x64,0x12,0xFF,0xB0,0x64,0x12,0xFF,0xB0,0x64,0x12,0xFF,0xB0,0x64,0x12,0xFF,0xB0,0x64,0x12,0xFF,0xB0,0x64,0x12,0xFF,0xB0,0x64,0x12,0xFF,
    0xB0,0x64,0x12,0xFF,0xB0,0x64,0x12,0xFF,0xB0,0x64,0x12,0xFF,0xB0,0x64,0x12,0xFF,0xB0,0x64,0x12,0xFF,0xB0,0x64,0x12,0xFF,0xB0,0x64,0x12,0xFF,0xB0,0x64,0x12,0xFF,0xB0,0x64,0x12,0xFF,0xB0,0x64,0x12,0xFF,0xB0,0x64,0x12,0xFF,0xB0,0x64,0x12,0xFF,0xB0,0x64,0x12,0xFF,0xB0,0x64,0x12,0xFF,0xB0,0x64,0x12,0xFF,0xB0,0x64,0x12,0xFF,
    0xB0,0x64,0x12,0xFF,0xB0,0x64,0x12,0xFF,0xB0,0x64,0x12,0xFF,0xB0,0x64,0x12,0xFF,0xB0,0x64,0x12,0xFF,0xB0,0x64,0x12,0xFF,0xB0,0x64,0x12,0xFF,0xB0,0x64,0x12,0xFF,0xB0,0x64,0x12,0xFF,0xB0,0x64,0x12,0xFF,0xB0,0x64,0x12,0xFF,0xB0,0x64,0x12,0xFF,0xB0,0x64,0x12,0xFF,0xB0,0x64,0x12,0xFF,0xB0,0x64,0x12,0xFF,0xB0,0x64,0x12,0xFF,
    0xB0,0x64,0x12,0xFF,0xB0,0x64,0x12,0xFF,0xB0,0x64,0x12,0xFF,0xB0,0x64,0x12,0xFF,0xB0,0x64,0x12,0xFF,0xB0,0x64,0x12,0xFF,0xB0,0x64,0x12,0xFF,0xB0,0x64,0x12,0xFF,0xB0,0x64,0x12,0xFF,0xB0,0x64,0x12,0xFF,0xB0,0x64,0x12,0xFF,0xB0,0x64,0x12,0xFF,0xB0,0x64,0x12,0xFF,0xB0,0x64,0x12,0xFF,0xB0,0x64,0x12,0xFF,0xB0,0x64,0x12,0xFF,
    0xB0,0x64,0x12,0xFF,0xB0,0x64,0x12,0xFF,0xB0,0x64,0x12,0xFF,0xB0,0x64,0x12,0xFF,0xB0,0x64,0x12,0xFF,0xB0,0x64,0x12,0xFF,0xB0,0x64,0x12,0xFF,0xB0,0x64,0x12,0xFF,0xB0,0x64,0x12,0xFF,0xB0,0x64,0x12,0xFF,0xB0,0x64,0x12,0xFF,0xB0,0x64,0x12,0xFF,0xB0,0x64,0x12,0xFF,0xB0,0x64,0x12,0xFF,0xB0,0x64,0x12,0xFF,0xB0,0x64,0x12,0xFF,
    0xB0,0x64,0x12,0xFF,0xB0,0x64,0x12,0xFF,0xB0,0x64,0x12,0xFF,0xB0,0x64,0x12,0xFF,0xB0,0x64,0x12,0xFF,0xB0,0x64,0x12,0xFF,0xB0,0x64,0x12,0xFF,0xB0,0x64,0x12,0xFF,0xB0,0x64,0x12,0xFF,0xB0,0x64,0x12,0xFF,0xB0,0x64,0x12,0xFF,0xB0,0x64,0x12,0xFF,0xB0,0x64,0x12,0xFF,0xB0,0x64,0x12,0xFF,0xB0,0x64,0x12,0xFF,0xB0,0x64,0x12,0xFF,
    0xB0,0x64,0x12,0xFF,0xB0,0x64,0x12,0xFF,0xB0,0x64,0x12,0xFF,0xB0,0x64,0x12,0xFF,0xB0,0x64,0x12,0xFF,0xB0,0x64,0x12,0xFF,0xB0,0x64,0x12,0xFF,0xB0,0x64,0x12,0xFF,0xB0,0x64,0x12,0xFF,0xB0,0x64,0x12,0xFF,0xB0,0x64,0x12,0xFF,0xB0,0x64,0x12,0xFF,0xB0,0x64,0x12,0xFF,0xB0,0x64,0x12,0xFF,0xB0,0x64,0x12,0xFF,0xB0,0x64,0x12,0xFF,
    0xB0,0x64,0x12,0xFF,0xB0,0x64,0x12,0xFF,0xB0,0x64,0x12,0xFF,0xB0,0x64,0x12,0xFF,0xB0,0x64,0x12,0xFF,0xB0,0x64,0x12,0xFF,0xB0,0x64,0x12,0xFF,0xB0,0x64,0x12,0xFF,0xB0,0x64,0x12,0xFF,0xB0,0x64,0x12,0xFF,0xB0,0x64,0x12,0xFF,0xB0,0x64,0x12,0xFF,0xB0,0x64,0x12,0xFF,0xB0,0x64,0x12,0xFF,0xB0,0x64,0x12,0xFF,0xB0,0x64,0x12,0xFF,
    0xB0,0x64,0x12,0xFF,0xB0,0x64,0x12,0xFF,0xB0,0x64,0x12,0xFF,0xB0,0x64,0x12,0xFF,0xB0,0x64,0x12,0xFF,0xB0,0x64,0x12,0xFF,0xB0,0x64,0x12,0xFF,0xB0,0x64,0x12,0xFF,0xB0,0x64,0x12,0xFF,0xB0,0x64,0x12,0xFF,0xB0,0x64,0x12,0xFF,0xB0,0x64,0x12,0xFF,0xB0,0x64,0x12,0xFF,0xB0,0x64,0x12,0xFF,0xB0,0x64,0x12,0xFF,0xB0,0x64,0x12,0xFF,
    0xB0,0x64,0x12,0xFF,0xB0,0x64,0x12,0xFF,0xB0,0x64,0x12,0xFF,0xB0,0x64,0x12,0xFF,0xB0,0x64,0x12,0xFF,0xB0,0x64,0x12,0xFF,0xB0,0x64,0x12,0xFF,0xB0,0x64,0x12,0xFF,0xB0,0x64,0x12,0xFF,0xB0,0x64,0x12,0xFF,0xB0,0x64,0x12,0xFF,0xB0,0x64,0x12,0xFF,0xB0,0x64,0x12,0xFF,0xB0,0x64,0x12,0xFF,0xB0,0x64,0x12,0xFF,0xB0,0x64,0x12,0xFF,
    0xB0,0x64,0x12,0xFF,0xB0,0x64,0x12,0xFF,0xB0,0x64,0x12,0xFF,0xB0,0x64,0x12,0xFF,0xB0,0x64,0x12,0xFF,0xB0,0x64,0x12,0xFF,0xB0,0x64,0x12,0xFF,0xB0,0x64,0x12,0xFF,0xB0,0x64,0x12,0xFF,0xB0,0x64,0x12,0xFF,0xB0,0x64,0x12,0xFF,0xB0,0x64,0x12,0xFF,0xB0,0x64,0x12,0xFF,0xB0,0x64,0x12,0xFF,0xB0,0x64,0x12,0xFF,0xB0,0x64,0x12,0xFF,
    0xB0,0x64,0x12,0xFF,0xB0,0x64,0x12,0xFF,0xB0,0x64,0x12,0xFF,0xB0,0x64,0x12,0xFF,0xB0,0x64,0x12,0xFF,0xB0,0x64,0x12,0xFF,0xB0,0x64,0x12,0xFF,0xB0,0x64,0x12,0xFF,0xB0,0x64,0x12,0xFF,0xB0,0x64,0x12,0xFF,0xB0,0x64,0x12,0xFF,0xB0,0x64,0x12,0xFF,0xB0,0x64,0x12,0xFF,0xB0,0x64,0x12,0xFF,0xB0,0x64,0x12,0xFF,0xB0,0x64,0x12,0xFF,
    0xB0,0x64,0x12,0xFF,0xB0,0x64,0x12,0xFF,0xB0,0x64,0x12,0xFF,0xB0,0x64,0x12,0xFF,0xB0,0x64,0x12,0xFF,0xB0,0x64,0x12,0xFF,0xB0,0x64,0x12,0xFF,0xB0,0x64,0x12,0xFF,0xB0,0x64,0x12,0xFF,0xB0,0x64,0x12,0xFF,0xB0,0x64,0x12,0xFF,0xB0,0x64,0x12,0xFF,0xB0,0x64,0x12,0xFF,0xB0,0x64,0x12,0xFF,0xB0,0x64,0x12,0xFF,0xB0,0x64,0x12,0xFF,
    0xB0,0x64,0x12,0xFF,0xB0,0x64,0x12,0xFF,0xB0,0x64,0x12,0xFF,0xB0,0x64,0x12,0xFF,0xB0,0x64,0x12,0xFF,0xB0,0x64,0x12,0xFF,0xB0,0x64,0x12,0xFF,0xB0,0x64,0x12,0xFF,0xB0,0x64,0x12,0xFF,0xB0,0x64,0x12,0xFF,0xB0,0x64,0x12,0xFF,0xB0,0x64,0x12,0xFF,0xB0,0x64,0x12,0xFF,0xB0,0x64,0x12,0xFF,0xB0,0x64,0x12,0xFF,0xB0,0x64,0x12,0xFF,
    0xB0,0x64,0x12,0xFF,0xB0,0x64,0x12,0xFF,0xB0,0x64,0x12,0xFF,0xB0,0x64,0x12,0xFF,0xB0,0x64,0x12,0xFF,0xB0,0x64,0x12,0xFF,0xB0,0x64,0x12,0xFF,0xB0,0x64,0x12,0xFF,0xB0,0x64,0x12,0xFF,0xB0,0x64,0x12,0xFF,0xB0,0x64,0x12,0xFF,0xB0,0x64,0x12,0xFF,0xB0,0x64,0x12,0xFF,0xB0,0x64,0x12,0xFF,0xB0,0x64,0x12,0xFF,0xB0,0x64,0x12,0xFF,
    0xB0,0x64,0x12,0xFF,0xB0,0x64,0x12,0xFF,0xB0,0x64,0x12,0xFF,0xB0,0x64,0x12,0xFF,0xB0,0x64,0x12,0xFF,0xB0,0x64,0x12,0xFF,0xB0,0x64,0x12,0xFF,0xB0,0x64,0x12,0xFF,0xB0,0x64,0x12,0xFF,0xB0,0x64,0x12,0xFF,0xB0,0x64,0x12,0xFF,0xB0,0x64,0x12,0xFF,0xB0,0x64,0x12,0xFF,0xB0,0x64,0x12,0xFF,0xB0,0x64,0x12,0xFF,0xB0,0x64,0x12,0xFF,
    0xB0,0x64,0x12,0xFF,0xB0,0x64,0x12,0xFF,0xB0,0x64,0x12,0xFF,0xB0,0x64,0x12,0xFF,0xB0,0x64,0x12,0xFF,0xB0,0x64,0x12,0xFF,0xB0,0x64,0x12,0xFF,0xB0,0x64,0x12,0xFF,0xB0,0x64,0x12,0xFF,0xB0,0x64,0x12,0xFF,0xB0,0x64,0x12,0xFF,0xB0,0x64,0x12,0xFF,0xB0,0x64,0x12,0xFF,0xB0,0x64,0x12,0xFF,0xB0,0x64,0x12,0xFF,0xB0,0x64,0x12,0xFF,
    0xB0,0x64,0x12,0xFF,0xB0,0x64,0x12,0xFF,0xB0,0x64,0x12,0xFF,0xB0,0x64,0x12,0xFF,0xB0,0x64,0x12,0xFF,0xB0,0x64,0x12,0xFF,0xB0,0x64,0x12,0xFF,0xB0,0x64,0x12,0xFF,0xB0,0x64,0x12,0xFF,0xB0,0x64,0x12,0xFF,0xB0,0x64,0x12,0xFF,0xB0,0x64,0x12,0xFF,0xB0,0x64,0x12,0xFF,0xB0,0x64,0x12,0xFF,0xB0,0x64,0x12,0xFF,0xB0,0x64,0x12,0xFF,
    0xB0,0x64,0x12,0xFF,0xB0,0x64,0x12,0xFF,0xB0,0x64,0x12,0xFF,0xB0,0x64,0x12,0xFF,0xB0,0x64,0x12,0xFF,0xB0,0x64,0x12,0xFF,0xB0,0x64,0x12,0xFF,0xB0,0x64,0x12,0xFF,0xB0,0x64,0x12,0xFF,0xB0,0x64,0x12,0xFF,0xB0,0x64,0x12,0xFF,0xB0,0x64,0x12,0xFF,0xB0,0x64,0x12,0xFF,0xB0,0x64,0x12,0xFF,0xB0,0x64,0x12,0xFF,0xB0,0x64,0x12,0xFF,
    0xB0,0x64,0x12,0xFF,0xB0,0x64,0x12,0xFF,0xB0,0x64,0x12,0xFF,0xB0,0x64,0x12,0xFF,0xB0,0x64,0x12,0xFF,0xB0,0x64,0x12,0xFF,0xB0,0x64,0x12,0xFF,0xB0,0x64,0x12,0xFF,0xB0,0x64,0x12,0xFF,0xB0,0x64,0x12,0xFF,0xB0,0x64,0x12,0xFF,0xB0,0x64,0x12,0xFF,0xB0,0x64,0x12,0xFF,0xB0,0x64,0x12,0xFF,0xB0,0x64,0x12,0xFF,0xB0,0x64,0x12,0xFF,
    0xB0,0x64,0x12,0xFF,0xB0,0x64,0x12,0xFF,0xB0,0x64,0x12,0xFF,0xB0,0x64,0x12,0xFF,0xB0,0x64,0x12,0xFF,0xB0,0x64,0x12,0xFF,0xB0,0x64,0x12,0xFF,0xB0,0x64,0x12,0xFF,0xB0,0x64,0x12,0xFF,0xB0,0x64,0x12,0xFF,0xB0,0x64,0x12,0xFF,0xB0,0x64,0x12,0xFF,0xB0,0x64,0x12,0xFF,0xB0,0x64,0x12,0xFF,0xB0,0x64,0x12,0xFF,0xB0,0x64,0x12,0xFF,
    0xB0,0x64,0x12,0xFF,0xB0,0x64,0x12,0xFF,0xB0,0x64,0x12,0xFF,0xB0,0x64,0x12,0xFF,0xB0,0x64,0x12,0xFF,0xB0,0x64,0x12,0xFF,0xB0,0x64,0x12,0xFF,0xB0,0x64,0x12,0xFF,0xB0,0x64,0x12,0xFF,0xB0,0x64,0x12,0xFF,0xB0,0x64,0x12,0xFF,0xB0,0x64,0x12,0xFF,0xB0,0x64,0x12,0xFF,0xB0,0x64,0x12,0xFF,0xB0,0x64,0x12,0xFF,0xB0,0x64,0x12,0xFF,
    0xB0,0x64,0x12,0xFF,0xB0,0x64,0x12,0xFF,0xB0,0x64,0x12,0xFF,0xB0,0x64,0x12,0xFF,0xB0,0x64,0x12,0xFF,0xB0,0x64,0x12,0xFF,0xB0,0x64,0x12,0xFF,0xB0,0x64,0x12,0xFF,0xB0,0x64,0x12,0xFF,0xB0,0x64,0x12,0xFF,0xB0,0x64,0x12,0xFF,0xB0,0x64,0x12,0xFF,0xB0,0x64,0x12,0xFF,0xB0,0x64,0x12,0xFF,0xB0,0x64,0x12,0xFF,0xB0,0x64,0x12,0xFF,
    0xB0,0x64,0x12,0xFF,0xB0,0x64,0x12,0xFF,0xB0,0x64,0x12,0xFF,0xB0,0x64,0x12,0xFF,0xB0,0x64,0x12,0xFF,0xB0,0x64,0x12,0xFF,0xB0,0x64,0x12,0xFF,0xB0,0x64,0x12,0xFF,0xB0,0x64,0x12,0xFF,0xB0,0x64,0x12,0xFF,0xB0,0x64,0x12,0xFF,0xB0,0x64,0x12,0xFF,0xB0,0x64,0x12,0xFF,0xB0,0x64,0x12,0xFF,0xB0,0x64,0x12,0xFF,0xB0,0x64,0x12,0xFF,
    0xB0,0x64,0x12,0xFF,0xB0,0x64,0x12,0xFF,0xB0,0x64,0x12,0xFF,0xB0,0x64,0x12,0xFF,0xB0,0x64,0x12,0xFF,0xB0,0x64,0x12,0xFF,0xB0,0x64,0x12,0xFF,0xB0,0x64,0x12,0xFF,0xB0,0x64,0x12,0xFF,0xB0,0x64,0x12,0xFF,0xB0,0x64,0x12,0xFF,0xB0,0x64,0x12,0xFF,0xB0,0x64,0x12,0xFF,0xB0,0x64,0x12,0xFF,0xB0,0x64,0x12,0xFF,0xB0,0x64,0x12,0xFF,
    0xB0,0x64,0x12,0xFF,0xB0,0x64,0x12,0xFF,0xB0,0x64,0x12,0xFF,0xB0,0x64,0x12,0xFF,0xB0,0x64,0x12,0xFF,0xB0,0x64,0x12,0xFF,0xB0,0x64,0x12,0xFF,0xB0,0x64,0x12,0xFF,0xB0,0x64,0x12,0xFF,0xB0,0x64,0x12,0xFF,0xB0,0x64,0x12,0xFF,0xB0,0x64,0x12,0xFF,0xB0,0x64,0x12,0xFF,0xB0,0x64,0x12,0xFF,0xB0,0x64,0x12,0xFF,0xB0,0x64,0x12,0xFF,
    0xB0,0x64,0x12,0xFF,0xB0,0x64,0x12,0xFF,0xB0,0x64,0x12,0xFF,0xB0,0x64,0x12,0xFF,0xB0,0x64,0x12,0xFF,0xB0,0x64,0x12,0xFF,0xB0,0x64,0x12,0xFF,0xB0,0x64,0x12,0xFF,0xB0,0x64,0x12,0xFF,0xB0,0x64,0x12,0xFF,0xB0,0x64,0x12,0xFF,0xB0,0x64,0x12,0xFF,0xB0,0x64,0x12,0xFF,0xB0,0x64,0x12,0xFF,0xB0,0x64,0x12,0xFF,0xB0,0x64,0x12,0xFF,
    0xB0,0x64,0x12,0xFF,0xB0,0x64,0x12,0xFF,0xB0,0x64,0x12,0xFF,0xB0,0x64,0x12,0xFF,0xB0,0x64,0x12,0xFF,0xB0,0x64,0x12,0xFF,0xB0,0x64,0x12,0xFF,0xB0,0x64,0x12,0xFF,0xB0,0x64,0x12,0xFF,0xB0,0x64,0x12,0xFF,0xB0,0x64,0x12,0xFF,0xB0,0x64,0x12,0xFF,0xB0,0x64,0x12,0xFF,0xB0,0x64,0x12,0xFF,0xB0,0x64,0x12,0xFF,0xB0,0x64,0x12,0xFF,
    0xB0,0x64,0x12,0xFF,0xB0,0x64,0x12,0xFF,0xB0,0x64,0x12,0xFF,0xB0,0x64,0x12,0xFF,0xB0,0x64,0x12,0xFF,0xB0,0x64,0x12,0xFF,0xB0,0x64,0x12,0xFF,0xB0,0x64,0x12,0xFF,0xB0,0x64,0x12,0xFF,0xB0,0x64,0x12,0xFF,0xB0,0x64,0x12,0xFF,0xB0,0x64,0x12,0xFF,0xB0,0x64,0x12,0xFF,0xB0,0x64,0x12,0xFF,0xB0,0x64,0x12,0xFF,0xB0,0x64,0x12,0xFF,
    0xB0,0x64,0x12,0xFF,0xB0,0x64,0x12,0xFF,0xB0,0x64,0x12,0xFF,0xB0,0x64,0x12,0xFF,0xB0,0x64,0x12,0xFF,0xB0,0x64,0x12,0xFF,0xB0,0x64,0x12,0xFF,0xB0,0x64,0x12,0xFF,0xB0,0x64,0x12,0xFF,0xB0,0x64,0x12,0xFF,0xB0,0x64,0x12,0xFF,0xB0,0x64,0x12,0xFF,0xB0,0x64,0x12,0xFF,0xB0,0x64,0x12,0xFF,0xB0,0x64,0x12,0xFF,0xB0,0x64,0x12,0xFF,
    0xB0,0x64,0x12,0xFF,0xB0,0x64,0x12,0xFF,0xB0,0x64,0x12,0xFF,0xB0,0x64,0x12,0xFF,0xB0,0x64,0x12,0xFF,0xB0,0x64,0x12,0xFF,0xB0,0x64,0x12,0xFF,0xB0,0x64,0x12,0xFF,0xB0,0x64,0x12,0xFF,0xB0,0x64,0x12,0xFF,0xB0,0x64,0x12,0xFF,0xB0,0x64,0x12,0xFF,0xB0,0x64,0x12,0xFF,0xB0,0x64,0x12,0xFF,0xB0,0x64,0x12,0xFF,0xB0,0x64,0x12,0xFF,
    0xB0,0x64,0x12,0xFF,0xB0,0x64,0x12,0xFF,0xB0,0x64,0x12,0xFF,0xB0,0x64,0x12,0xFF,0xB0,0x64,0x12,0xFF,0xB0,0x64,0x12,0xFF,0xB0,0x64,0x12,0xFF,0xB0,0x64,0x12,0xFF,0xB0,0x64,0x12,0xFF,0xB0,0x64,0x12,0xFF,0xB0,0x64,0x12,0xFF,0xB0,0x64,0x12,0xFF,0xB0,0x64,0x12,0xFF,0xB0,0x64,0x12,0xFF,0xB0,0x64,0x12,0xFF,0xB0,0x64,0x12,0xFF,
    0xB0,0x64,0x12,0xFF,0xB0,0x64,0x12,0xFF,0xB0,0x64,0x12,0xFF,0xB0,0x64,0x12,0xFF,0xB0,0x64,0x12,0xFF,0xB0,0x64,0x12,0xFF,0xB0,0x64,0x12,0xFF,0xB0,0x64,0x12,0xFF,0xB0,0x64,0x12,0xFF,0xB0,0x64,0x12,0xFF,0xB0,0x64,0x12,0xFF,0xB0,0x64,0x12,0xFF,0xB0,0x64,0x12,0xFF,0xB0,0x64,0x12,0xFF,0xB0,0x64,0x12,0xFF,0xB0,0x64,0x12,0xFF,
    0xB0,0x64,0x12,0xFF,0xB0,0x64,0x12,0xFF,0xB0,0x64,0x12,0xFF,0xB0,0x64,0x12,0xFF,0xB0,0x64,0x12,0xFF,0xB0,0x64,0x12,0xFF,0xB0,0x64,0x12,0xFF,0xB0,0x64,0x12,0xFF,0xB0,0x64,0x12,0xFF,0xB0,0x64,0x12,0xFF,0xB0,0x64,0x12,0xFF,0xB0,0x64,0x12,0xFF,0xB0,0x64,0x12,0xFF,0xB0,0x64,0x12,0xFF,0xB0,0x64,0x12,0xFF,0xB0,0x64,0x12,0xFF,
    0xB0,0x64,0x12,0xFF,0xB0,0x64,0x12,0xFF,0xB0,0x64,0x12,0xFF,0xB0,0x64,0x12,0xFF,0xB0,0x64,0x12,0xFF,0xB0,0x64,0x12,0xFF,0xB0,0x64,0x12,0xFF,0xB0,0x64,0x12,0xFF,0xB0,0x64,0x12,0xFF,0xB0,0x64,0x12,0xFF,0xB0,0x64,0x12,0xFF,0xB0,0x64,0x12,0xFF,0xB0,0x64,0x12,0xFF,0xB0,0x64,0x12,0xFF,0xB0,0x64,0x12,0xFF,0xB0,0x64,0x12,0xFF,
    0xB0,0x64,0x12,0xFF,0xB0,0x64,0x12,0xFF,0xB0,0x64,0x12,0xFF,0xB0,0x64,0x12,0xFF,0xB0,0x64,0x12,0xFF,0xB0,0x64,0x12,0xFF,0xB0,0x64,0x12,0xFF,0xB0,0x64,0x12,0xFF,0xB0,0x64,0x12,0xFF,0xB0,0x64,0x12,0xFF,0xB0,0x64,0x12,0xFF,0xB0,0x64,0x12,0xFF,0xB0,0x64,0x12,0xFF,0xB0,0x64,0x12,0xFF,0xB0,0x64,0x12,0xFF,0xB0,0x64,0x12,0xFF,
    0xB0,0x64,0x12,0xFF,0xB0,0x64,0x12,0xFF,0xB0,0x64,0x12,0xFF,0xB0,0x64,0x12,0xFF,0xB0,0x64,0x12,0xFF,0xB0,0x64,0x12,0xFF,0xB0,0x64,0x12,0xFF,0xB0,0x64,0x12,0xFF,0xB0,0x64,0x12,0xFF,0xB0,0x64,0x12,0xFF,0xB0,0x64,0x12,0xFF,0xB0,0x64,0x12,0xFF,0xB0,0x64,0x12,0xFF,0xB0,0x64,0x12,0xFF,0xB0,0x64,0x12,0xFF,0xB0,0x64,0x12,0xFF,
    0xB0,0x64,0x12,0xFF,0xB0,0x64,0x12,0xFF,0xB0,0x64,0x12,0xFF,0xB0,0x64,0x12,0xFF,0xB0,0x64,0x12,0xFF,0xB0,0x64,0x12,0xFF,0xB0,0x64,0x12,0xFF,0xB0,0x64,0x12,0xFF,0xB0,0x64,0x12,0xFF,0xB0,0x64,0x12,0xFF,0xB0,0x64,0x12,0xFF,0xB0,0x64,0x12,0xFF,0xB0,0x64,0x12,0xFF,0xB0,0x64,0x12,0xFF,0xB0,0x64,0x12,0xFF,0xB0,0x64,0x12,0xFF,
    0xB0,0x64,0x12,0xFF,0xB0,0x64,0x12,0xFF,0xB0,0x64,0x12,0xFF,0xB0,0x64,0x12,0xFF,0xB0,0x64,0x12,0xFF,0xB0,0x64,0x12,0xFF,0xB0,0x64,0x12,0xFF,0xB0,0x64,0x12,0xFF,0xB0,0x64,0x12,0xFF,0xB0,0x64,0x12,0xFF,0xB0,0x64,0x12,0xFF,0xB0,0x64,0x12,0xFF,0xB0,0x64,0x12,0xFF,0xB0,0x64,0x12,0xFF,0xB0,0x64,0x12,0xFF,0xB0,0x64,0x12,0xFF,
    0xB0,0x64,0x12,0xFF,0xB0,0x64,0x12,0xFF,0xB0,0x64,0x12,0xFF,0xB0,0x64,0x12,0xFF,0xB0,0x64,0x12,0xFF,0xB0,0x64,0x12,0xFF,0xB0,0x64,0x12,0xFF,0xB0,0x64,0x12,0xFF,0xB0,0x64,0x12,0xFF,0xB0,0x64,0x12,0xFF,0xB0,0x64,0x12,0xFF,0xB0,0x64,0x12,0xFF,0xB0,0x64,0x12,0xFF,0xB0,0x64,0x12,0xFF,0xB0,0x64,0x12,0xFF,0xB0,0x64,0x12,0xFF,
    0xB0,0x64,0x12,0xFF,0xB0,0x64,0x12,0xFF,0xB0,0x64,0x12,0xFF,0xB0,0x64,0x12,0xFF,0xB0,0x64,0x12,0xFF,0xB0,0x64,0x12,0xFF,0xB0,0x64,0x12,0xFF,0xB0,0x64,0x12,0xFF,0xB0,0x64,0x12,0xFF,0xB0,0x64,0x12,0xFF,0xB0,0x64,0x12,0xFF,0xB0,0x64,0x12,0xFF,0xB0,0x64,0x12,0xFF,0xB0,0x64,0x12,0xFF,0xB0,0x64,0x12,0xFF,0xB0,0x64,0x12,0xFF,
    0xB0,0x64,0x12,0xFF,0xB0,0x64,0x12,0xFF,0xB0,0x64,0x12,0xFF,0xB0,0x64,0x12,0xFF,0xB0,0x64,0x12,0xFF,0xB0,0x64,0x12,0xFF,0xB0,0x64,0x12,0xFF,0xB0,0x64,0x12,0xFF,0xB0,0x64,0x12,0xFF,0xB0,0x64,0x12,0xFF,0xB0,0x64,0x12,0xFF,0xB0,0x64,0x12,0xFF,0xB0,0x64,0x12,0xFF,0xB0,0x64,0x12,0xFF,0xB0,0x64,0x12,0xFF,0xB0,0x64,0x12,0xFF,
    0xB0,0x64,0x12,0xFF,0xB0,0x64,0x12,0xFF,0xB0,0x64,0x12,0xFF,0xB0,0x64,0x12,0xFF,0xB0,0x64,0x12,0xFF,0xB0,0x64,0x12,0xFF,0xB0,0x64,0x12,0xFF,0xB0,0x64,0x12,0xFF,0xB0,0x64,0x12,0xFF,0xB0,0x64,0x12,0xFF,0xB0,0x64,0x12,0xFF,0xB0,0x64,0x12,0xFF,0xB0,0x64,0x12,0xFF,0xB0,0x64,0x12,0xFF,0xB0,0x64,0x12,0xFF,0xB0,0x64,0x12,0xFF,
    0xB0,0x64,0x12,0xFF,0xB0,0x64,0x12,0xFF,0xB0,0x64,0x12,0xFF,0xB0,0x64,0x12,0xFF,0xB0,0x64,0x12,0xFF,0xB0,0x64,0x12,0xFF,0xB0,0x64,0x12,0xFF,0xB0,0x64,0x12,0xFF,0xB0,0x64,0x12,0xFF,0xB0,0x64,0x12,0xFF,0xB0,0x64,0x12,0xFF,0xB0,0x64,0x12,0xFF,0xB0,0x64,0x12,0xFF,0xB0,0x64,0x12,0xFF,0xB0,0x64,0x12,0xFF,0xB0,0x64,0x12,0xFF,
    0xB0,0x64,0x12,0xFF,0xB0,0x64,0x12,0xFF,0xB0,0x64,0x12,0xFF,0xB0,0x64,0x12,0xFF,0xB0,0x64,0x12,0xFF,0xB0,0x64,0x12,0xFF,0xB0,0x64,0x12,0xFF,0xB0,0x64,0x12,0xFF,0xB0,0x64,0x12,0xFF,0xB0,0x64,0x12,0xFF,0xB0,0x64,0x12,0xFF,0xB0,0x64,0x12,0xFF,0xB0,0x64,0x12,0xFF,0xB0,0x64,0x12,0xFF,0xB0,0x64,0x12,0xFF,0xB0,0x64,0x12,0xFF,
    0xB0,0x64,0x12,0xFF,0xB0,0x64,0x12,0xFF,0xB0,0x64,0x12,0xFF,0xB0,0x64,0x12,0xFF,0xB0,0x64,0x12,0xFF,0xB0,0x64,0x12,0xFF,0xB0,0x64,0x12,0xFF,0xB0,0x64,0x12,0xFF,0xB0,0x64,0x12,0xFF,0xB0,0x64,0x12,0xFF,0xB0,0x64,0x12,0xFF,0xB0,0x64,0x12,0xFF,0xB0,0x64,0x12,0xFF,0xB0,0x64,0x12,0xFF,0xB0,0x64,0x12,0xFF,0xB0,0x64,0x12,0xFF,
    0xB0,0x64,0x12,0xFF,0xB0,0x64,0x12,0xFF,0xB0,0x64,0x12,0xFF,0xB0,0x64,0x12,0xFF,0xB0,0x64,0x12,0xFF,0xB0,0x64,0x12,0xFF,0xB0,0x64,0x12,0xFF,0xB0,0x64,0x12,0xFF,0xB0,0x64,0x12,0xFF,0xB0,0x64,0x12,0xFF,0xB0,0x64,0x12,0xFF,0xB0,0x64,0x12,0xFF,0xB0,0x64,0x12,0xFF,0xB0,0x64,0x12,0xFF,0xB0,0x64,0x12,0xFF,0xB0,0x64,0x12,0xFF,
    0xB0,0x64,0x12,0xFF,0xB0,0x64,0x12,0xFF,0xB0,0x64,0x12,0xFF,0xB0,0x64,0x12,0xFF,0xB0,0x64,0x12,0xFF,0xB0,0x64,0x12,0xFF,0xB0,0x64,0x12,0xFF,0xB0,0x64,0x12,0xFF,0xB0,0x64,0x12,0xFF,0xB0,0x64,0x12,0xFF,0xB0,0x64,0x12,0xFF,0xB0,0x64,0x12,0xFF,0xB0,0x64,0x12,0xFF,0xB0,0x64,0x12,0xFF,0xB0,0x64,0x12,0xFF,0xB0,0x64,0x12,0xFF,
    0xB0,0x64,0x12,0xFF,0xB0,0x64,0x12,0xFF,0xB0,0x64,0x12,0xFF,0xB0,0x64,0x12,0xFF,0xB0,0x64,0x12,0xFF,0xB0,0x64,0x12,0xFF,0xB0,0x64,0x12,0xFF,0xB0,0x64,0x12,0xFF,0xB0,0x64,0x12,0xFF,0xB0,0x64,0x12,0xFF,0xB0,0x64,0x12,0xFF,0xB0,0x64,0x12,0xFF,0xB0,0x64,0x12,0xFF,0xB0,0x64,0x12,0xFF,0xB0,0x64,0x12,0xFF,0xB0,0x64,0x12,0xFF,
    0xB0,0x64,0x12,0xFF,0xB0,0x64,0x12,0xFF,0xB0,0x64,0x12,0xFF,0xB0,0x64,0x12,0xFF,0xB0,0x64,0x12,0xFF,0xB0,0x64,0x12,0xFF,0xB0,0x64,0x12,0xFF,0xB0,0x64,0x12,0xFF,0xB0,0x64,0x12,0xFF,0xB0,0x64,0x12,0xFF,0xB0,0x64,0x12,0xFF,0xB0,0x64,0x12,0xFF,0xB0,0x64,0x12,0xFF,0xB0,0x64,0x12,0xFF,0xB0,0x64,0x12,0xFF,0xB0,0x64,0x12,0xFF,
    0xB0,0x64,0x12,0xFF,0xB0,0x64,0x12,0xFF,0xB0,0x64,0x12,0xFF,0xB0,0x64,0x12,0xFF,0xB0,0x64,0x12,0xFF,0xB0,0x64,0x12,0xFF,0xB0,0x64,0x12,0xFF,0xB0,0x64,0x12,0xFF,0xB0,0x64,0x12,0xFF,0xB0,0x64,0x12,0xFF,0xB0,0x64,0x12,0xFF,0xB0,0x64,0x12,0xFF,0xB0,0x64,0x12,0xFF,0xB0,0x64,0x12,0xFF,0xB0,0x64,0x12,0xFF,0xB0,0x64,0x12,0xFF,
    0xB0,0x64,0x12,0xFF,0xB0,0x64,0x12,0xFF,0xB0,0x64,0x12,0xFF,0xB0,0x64,0x12,0xFF,0xB0,0x64,0x12,0xFF,0xB0,0x64,0x12,0xFF,0xB0,0x64,0x12,0xFF,0xB0,0x64,0x12,0xFF,0xB0,0x64,0x12,0xFF,0xB0,0x64,0x12,0xFF,0xB0,0x64,0x12,0xFF,0xB0,0x64,0x12,0xFF,0xB0,0x64,0x12,0xFF,0xB0,0x64,0x12,0xFF,0xB0,0x64,0x12,0xFF,0xB0,0x64,0x12,0xFF,
    0xB0,0x64,0x12,0xFF,0xB0,0x64,0x12,0xFF,0xB0,0x64,0x12,0xFF,0xB0,0x64,0x12,0xFF,0xB0,0x64,0x12,0xFF,0xB0,0x64,0x12,0xFF,0xB0,0x64,0x12,0xFF,0xB0,0x64,0x12,0xFF,0xB0,0x64,0x12,0xFF,0xB0,0x64,0x12,0xFF,0xB0,0x64,0x12,0xFF,0xB0,0x64,0x12,0xFF,0xB0,0x64,0x12,0xFF,0xB0,0x64,0x12,0xFF,0xB0,0x64,0x12,0xFF,0xB0,0x64,0x12,0xFF,
    0xB0,0x64,0x12,0xFF,0xB0,0x64,0x12,0xFF,0xB0,0x64,0x12,0xFF,0xB0,0x64,0x12,0xFF,0xB0,0x64,0x12,0xFF,0xB0,0x64,0x12,0xFF,0xB0,0x64,0x12,0xFF,0xB0,0x64,0x12,0xFF,0xB0,0x64,0x12,0xFF,0xB0,0x64,0x12,0xFF,0xB0,0x64,0x12,0xFF,0xB0,0x64,0x12,0xFF,0xB0,0x64,0x12,0xFF,0xB0,0x64,0x12,0xFF,0xB0,0x64,0x12,0xFF,0xB0,0x64,0x12,0xFF,
    0xB0,0x64,0x12,0xFF,0xB0,0x64,0x12,0xFF,0xB0,0x64,0x12,0xFF,0xB0,0x64,0x12,0xFF,0xB0,0x64,0x12,0xFF,0xB0,0x64,0x12,0xFF,0xB0,0x64,0x12,0xFF,0xB0,0x64,0x12,0xFF,0xB0,0x64,0x12,0xFF,0xB0,0x64,0x12,0xFF,0xB0,0x64,0x12,0xFF,0xB0,0x64,0x12,0xFF,0xB0,0x64,0x12,0xFF,0xB0,0x64,0x12,0xFF,0xB0,0x64,0x12,0xFF,0xB0,0x64,0x12,0xFF,
    0xB0,0x64,0x12,0xFF,0xB0,0x64,0x12,0xFF,0xB0,0x64,0x12,0xFF,0xB0,0x64,0x12,0xFF,0xB0,0x64,0x12,0xFF,0xB0,0x64,0x12,0xFF,0xB0,0x64,0x12,0xFF,0xB0,0x64,0x12,0xFF,0xB0,0x64,0x12,0xFF,0xB0,0x64,0x12,0xFF,0xB0,0x64,0x12,0xFF,0xB0,0x64,0x12,0xFF,0xB0,0x64,0x12,0xFF,0xB0,0x64,0x12,0xFF,0xB0,0x64,0x12,0xFF,0xB0,0x64,0x12,0xFF,
    0xB0,0x64,0x12,0xFF,0xB0,0x64,0x12,0xFF,0xB0,0x64,0x12,0xFF,0xB0,0x64,0x12,0xFF,0xB0,0x64,0x12,0xFF,0xB0,0x64,0x12,0xFF,0xB0,0x64,0x12,0xFF,0xB0,0x64,0x12,0xFF,0xB0,0x64,0x12,0xFF,0xB0,0x64,0x12,0xFF,0xB0,0x64,0x12,0xFF,0xB0,0x64,0x12,0xFF,0xB0,0x64,0x12,0xFF,0xB0,0x64,0x12,0xFF,0xB0,0x64,0x12,0xFF,0xB0,0x64,0x12,0xFF,
    0xB0,0x64,0x12,0xFF,0xB0,0x64,0x12,0xFF,0xB0,0x64,0x12,0xFF,0xB0,0x64,0x12,0xFF,0xB0,0x64,0x12,0xFF,0xB0,0x64,0x12,0xFF,0xB0,0x64,0x12,0xFF,0xB0,0x64,0x12,0xFF,0xB0,0x64,0x12,0xFF,0xB0,0x64,0x12,0xFF,0xB0,0x64,0x12,0xFF,0xB0,0x64,0x12,0xFF,0xB0,0x64,0x12,0xFF,0xB0,0x64,0x12,0xFF,0xB0,0x64,0x12,0xFF,0xB0,0x64,0x12,0xFF,
    0xB0,0x64,0x12,0xFF,0xB0,0x64,0x12,0xFF,0xB0,0x64,0x12,0xFF,0xB0,0x64,0x12,0xFF,0xB0,0x64,0x12,0xFF,0xB0,0x64,0x12,0xFF,0xB0,0x64,0x12,0xFF,0xB0,0x64,0x12,0xFF,0xB0,0x64,0x12,0xFF,0xB0,0x64,0x12,0xFF,0xB0,0x64,0x12,0xFF,0xB0,0x64,0x12,0xFF,0xB0,0x64,0x12,0xFF,0xB0,0x64,0x12,0xFF,0xB0,0x64,0x12,0xFF,0xB0,0x64,0x12,0xFF,
    0xB0,0x64,0x12,0xFF,0xB0,0x64,0x12,0xFF,0xB0,0x64,0x12,0xFF,0xB0,0x64,0x12,0xFF,0xB0,0x64,0x12,0xFF,0xB0,0x64,0x12,0xFF,0xB0,0x64,0x12,0xFF,0xB0,0x64,0x12,0xFF,0xB0,0x64,0x12,0xFF,0xB0,0x64,0x12,0xFF,0xB0,0x64,0x12,0xFF,0xB0,0x64,0x12,0xFF,0xB0,0x64,0x12,0xFF,0xB0,0x64,0x12,0xFF,0xB0,0x64,0x12,0xFF,0xB0,0x64,0x12,0xFF,
    0xB0,0x64,0x12,0xFF,0xB0,0x64,0x12,0xFF,0xB0,0x64,0x12,0xFF,0xB0,0x64,0x12,0xFF,0xB0,0x64,0x12,0xFF,0xB0,0x64,0x12,0xFF,0xB0,0x64,0x12,0xFF,0xB0,0x64,0x12,0xFF,0xB0,0x64,0x12,0xFF,0xB0,0x64,0x12,0xFF,0xB0,0x64,0x12,0xFF,0xB0,0x64,0x12,0xFF,0xB0,0x64,0x12,0xFF,0xB0,0x64,0x12,0xFF,0xB0,0x64,0x12,0xFF,0xB0,0x64,0x12,0xFF,
    0xB0,0x64,0x12,0xFF,0xB0,0x64,0x12,0xFF,0xB0,0x64,0x12,0xFF,0xB0,0x64,0x12,0xFF,0xB0,0x64,0x12,0xFF,0xB0,0x64,0x12,0xFF,0xB0,0x64,0x12,0xFF,0xB0,0x64,0x12,0xFF,0xB0,0x64,0x12,0xFF,0xB0,0x64,0x12,0xFF,0xB0,0x64,0x12,0xFF,0xB0,0x64,0x12,0xFF,0xB0,0x64,0x12,0xFF,0xB0,0x64,0x12,0xFF,0xB0,0x64,0x12,0xFF,0xB0,0x64,0x12,0xFF,
    0xB0,0x64,0x12,0xFF,0xB0,0x64,0x12,0xFF,0xB0,0x64,0x12,0xFF,0xB0,0x64,0x12,0xFF,0xB0,0x64,0x12,0xFF,0xB0,0x64,0x12,0xFF,0xB0,0x64,0x12,0xFF,0xB0,0x64,0x12,0xFF,0xB0,0x64,0x12,0xFF,0xB0,0x64,0x12,0xFF,0xB0,0x64,0x12,0xFF,0xB0,0x64,0x12,0xFF,0xB0,0x64,0x12,0xFF,0xB0,0x64,0x12,0xFF,0xB0,0x64,0x12,0xFF,0xB0,0x64,0x12,0xFF,
    0xB0,0x64,0x12,0xFF,0xB0,0x64,0x12,0xFF,0xB0,0x64,0x12,0xFF,0xB0,0x64,0x12,0xFF,0xB0,0x64,0x12,0xFF,0xB0,0x64,0x12,0xFF,0xB0,0x64,0x12,0xFF,0xB0,0x64,0x12,0xFF,0xB0,0x64,0x12,0xFF,0xB0,0x64,0x12,0xFF,0xB0,0x64,0x12,0xFF,0xB0,0x64,0x12,0xFF,0xB0,0x64,0x12,0xFF,0xB0,0x64,0x12,0xFF,0xB0,0x64,0x12,0xFF,0xB0,0x64,0x12,0xFF,
    0xB0,0x64,0x12,0xFF,0xB0,0x64,0x12,0xFF,0xB0,0x64,0x12,0xFF,0xB0,0x64,0x12,0xFF,0xB0,0x64,0x12,0xFF,0xB0,0x64,0x12,0xFF,0xB0,0x64,0x12,0xFF,0xB0,0x64,0x12,0xFF,0xB0,0x64,0x12,0xFF,0xB0,0x64,0x12,0xFF,0xB0,0x64,0x12,0xFF,0xB0,0x64,0x12,0xFF,0xB0,0x64,0x12,0xFF,0xB0,0x64,0x12,0xFF,0xB0,0x64,0x12,0xFF,0xB0,0x64,0x12,0xFF,
    0xB0,0x64,0x12,0xFF,0xB0,0x64,0x12,0xFF,0xB0,0x64,0x12,0xFF,0xB0,0x64,0x12,0xFF,0xB0,0x64,0x12,0xFF,0xB0,0x64,0x12,0xFF,0xB0,0x64,0x12,0xFF,0xB0,0x64,0x12,0xFF,0xB0,0x64,0x12,0xFF,0xB0,0x64,0x12,0xFF,0xB0,0x64,0x12,0xFF,0xB0,0x64,0x12,0xFF,0xB0,0x64,0x12,0xFF,0xB0,0x64,0x12,0xFF,0xB0,0x64,0x12,0xFF,0xB0,0x64,0x12,0xFF,
    0xB0,0x64,0x12,0xFF,0xB0,0x64,0x12,0xFF,0xB0,0x64,0x12,0xFF,0xB0,0x64,0x12,0xFF,0xB0,0x64,0x12,0xFF,0xB0,0x64,0x12,0xFF,0xB0,0x64,0x12,0xFF,0xB0,0x64,0x12,0xFF,0xB0,0x64,0x12,0xFF,0xB0,0x64,0x12,0xFF,0xB0,0x64,0x12,0xFF,0xB0,0x64,0x12,0xFF,0xB0,0x64,0x12,0xFF,0xB0,0x64,0x12,0xFF,0xB0,0x64,0x12,0xFF,0xB0,0x64,0x12,0xFF,
    0xB0,0x64,0x12,0xFF,0xB0,0x64,0x12,0xFF,0xB0,0x64,0x12,0xFF,0xB0,0x64,0x12,0xFF,0xB0,0x64,0x12,0xFF,0xB0,0x64,0x12,0xFF,0xB0,0x64,0x12,0xFF,0xB0,0x64,0x12,0xFF,0xB0,0x64,0x12,0xFF,0xB0,0x64,0x12,0xFF,0xB0,0x64,0x12,0xFF,0xB0,0x64,0x12,0xFF,0xB0,0x64,0x12,0xFF,0xB0,0x64,0x12,0xFF,0xB0,0x64,0x12,0xFF,0xB0,0x64,0x12,0xFF,
    0xB0,0x64,0x12,0xFF,0xB0,0x64,0x12,0xFF,0xB0,0x64,0x12,0xFF,0xB0,0x64,0x12,0xFF,0xB0,0x64,0x12,0xFF,0xB0,0x64,0x12,0xFF,0xB0,0x64,0x12,0xFF,0xB0,0x64,0x12,0xFF,0xB0,0x64,0x12,0xFF,0xB0,0x64,0x12,0xFF,0xB0,0x64,0x12,0xFF,0xB0,0x64,0x12,0xFF,0xB0,0x64,0x12,0xFF,0xB0,0x64,0x12,0xFF,0xB0,0x64,0x12,0xFF,0xB0,0x64,0x12,0xFF,
    0xB0,0x64,0x12,0xFF,0xB0,0x64,0x12,0xFF,0xB0,0x64,0x12,0xFF,0xB0,0x64,0x12,0xFF,0xB0,0x64,0x12,0xFF,0xB0,0x64,0x12,0xFF,0xB0,0x64,0x12,0xFF,0xB0,0x64,0x12,0xFF,0xB0,0x64,0x12,0xFF,0xB0,0x64,0x12,0xFF,0xB0,0x64,0x12,0xFF,0xB0,0x64,0x12,0xFF,0xB0,0x64,0x12,0xFF,0xB0,0x64,0x12,0xFF,0xB0,0x64,0x12,0xFF,0xB0,0x64,0x12,0xFF,
    0xB0,0x64,0x12,0xFF,0xB0,0x64,0x12,0xFF,0xB0,0x64,0x12,0xFF,0xB0,0x64,0x12,0xFF,0xB0,0x64,0x12,0xFF,0xB0,0x64,0x12,0xFF,0xB0,0x64,0x12,0xFF,0xB0,0x64,0x12,0xFF,0xB0,0x64,0x12,0xFF,0xB0,0x64,0x12,0xFF,0xB0,0x64,0x12,0xFF,0xB0,0x64,0x12,0xFF,0xB0,0x64,0x12,0xFF,0xB0,0x64,0x12,0xFF,0xB0,0x64,0x12,0xFF,0xB0,0x64,0x12,0xFF,
    0xB0,0x64,0x12,0xFF,0xB0,0x64,0x12,0xFF,0xB0,0x64,0x12,0xFF,0xB0,0x64,0x12,0xFF,0xB0,0x64,0x12,0xFF,0xB0,0x64,0x12,0xFF,0xB0,0x64,0x12,0xFF,0xB0,0x64,0x12,0xFF,0xB0,0x64,0x12,0xFF,0xB0,0x64,0x12,0xFF,0xB0,0x64,0x12,0xFF,0xB0,0x64,0x12,0xFF,0xB0,0x64,0x12,0xFF,0xB0,0x64,0x12,0xFF,0xB0,0x64,0x12,0xFF,0xB0,0x64,0x12,0xFF,
    0xB0,0x64,0x12,0xFF,0xB0,0x64,0x12,0xFF,0xB0,0x64,0x12,0xFF,0xB0,0x64,0x12,0xFF,0xB0,0x64,0x12,0xFF,0xB0,0x64,0x12,0xFF,0xB0,0x64,0x12,0xFF,0xB0,0x64,0x12,0xFF,0xB0,0x64,0x12,0xFF,0xB0,0x64,0x12,0xFF,0xB0,0x64,0x12,0xFF,0xB0,0x64,0x12,0xFF,0xB0,0x64,0x12,0xFF,0xB0,0x64,0x12,0xFF,0xB0,0x64,0x12,0xFF,0xB0,0x64,0x12,0xFF,
    0xB0,0x64,0x12,0xFF,0xB0,0x64,0x12,0xFF,0xB0,0x64,0x12,0xFF,0xB0,0x64,0x12,0xFF,0xB0,0x64,0x12,0xFF,0xB0,0x64,0x12,0xFF,0xB0,0x64,0x12,0xFF,0xB0,0x64,0x12,0xFF,0xB0,0x64,0x12,0xFF,0xB0,0x64,0x12,0xFF,0xB0,0x64,0x12,0xFF,0xB0,0x64,0x12,0xFF,0xB0,0x64,0x12,0xFF,0xB0,0x64,0x12,0xFF,0xB0,0x64,0x12,0xFF,0xB0,0x64,0x12,0xFF,
    0xB0,0x64,0x12,0xFF,0xB0,0x64,0x12,0xFF,0xB0,0x64,0x12,0xFF,0xB0,0x64,0x12,0xFF,0xB0,0x64,0x12,0xFF,0xB0,0x64,0x12,0xFF,0xB0,0x64,0x12,0xFF,0xB0,0x64,0x12,0xFF,0xB0,0x64,0x12,0xFF,0xB0,0x64,0x12,0xFF,0xB0,0x64,0x12,0xFF,0xB0,0x64,0x12,0xFF,0xB0,0x64,0x12,0xFF,0xB0,0x64,0x12,0xFF,0xB0,0x64,0x12,0xFF,0xB0,0x64,0x12,0xFF,
    0xB0,0x64,0x12,0xFF,0xB0,0x64,0x12,0xFF,0xB0,0x64,0x12,0xFF,0xB0,0x64,0x12,0xFF,0xB0,0x64,0x12,0xFF,0xB0,0x64,0x12,0xFF,0xB0,0x64,0x12,0xFF,0xB0,0x64,0x12,0xFF,0xB0,0x64,0x12,0xFF,0xB0,0x64,0x12,0xFF,0xB0,0x64,0x12,0xFF,0xB0,0x64,0x12,0xFF,0xB0,0x64,0x12,0xFF,0xB0,0x64,0x12,0xFF,0xB0,0x64,0x12,0xFF,0xB0,0x64,0x12,0xFF,
    0xB0,0x64,0x12,0xFF,0xB0,0x64,0x12,0xFF,0xB0,0x64,0x12,0xFF,0xB0,0x64,0x12,0xFF,0xB0,0x64,0x12,0xFF,0xB0,0x64,0x12,0xFF,0xB0,0x64,0x12,0xFF,0xB0,0x64,0x12,0xFF,0xB0,0x64,0x12,0xFF,0xB0,0x64,0x12,0xFF,0xB0,0x64,0x12,0xFF,0xB0,0x64,0x12,0xFF,0xB0,0x64,0x12,0xFF,0xB0,0x64,0x12,0xFF,0xB0,0x64,0x12,0xFF,0xB0,0x64,0x12,0xFF,
    0xB0,0x64,0x12,0xFF,0xB0,0x64,0x12,0xFF,0xB0,0x64,0x12,0xFF,0xB0,0x64,0x12,0xFF,0xB0,0x64,0x12,0xFF,0xB0,0x64,0x12,0xFF,0xB0,0x64,0x12,0xFF,0xB0,0x64,0x12,0xFF,0xB0,0x64,0x12,0xFF,0xB0,0x64,0x12,0xFF,0xB0,0x64,0x12,0xFF,0xB0,0x64,0x12,0xFF,0xB0,0x64,0x12,0xFF,0xB0,0x64,0x12,0xFF,0xB0,0x64,0x12,0xFF,0xB0,0x64,0x12,0xFF,
    0xB0,0x64,0x12,0xFF,0xB0,0x64,0x12,0xFF,0xB0,0x64,0x12,0xFF,0xB0,0x64,0x12,0xFF,0xB0,0x64,0x12,0xFF,0xB0,0x64,0x12,0xFF,0xB0,0x64,0x12,0xFF,0xB0,0x64,0x12,0xFF,0xB0,0x64,0x12,0xFF,0xB0,0x64,0x12,0xFF,0xB0,0x64,0x12,0xFF,0xB0,0x64,0x12,0xFF,0xB0,0x64,0x12,0xFF,0xB0,0x64,0x12,0xFF,0xB0,0x64,0x12,0xFF,0xB0,0x64,0x12,0xFF,
    0xB0,0x64,0x12,0xFF,0xB0,0x64,0x12,0xFF,0xB0,0x64,0x12,0xFF,0xB0,0x64,0x12,0xFF,0xB0,0x64,0x12,0xFF,0xB0,0x64,0x12,0xFF,0xB0,0x64,0x12,0xFF,0xB0,0x64,0x12,0xFF,0xB0,0x64,0x12,0xFF,0xB0,0x64,0x12,0xFF,0xB0,0x64,0x12,0xFF,0xB0,0x64,0x12,0xFF,0xB0,0x64,0x12,0xFF,0xB0,0x64,0x12,0xFF,0xB0,0x64,0x12,0xFF,0xB0,0x64,0x12,0xFF,
    0xB0,0x64,0x12,0xFF,0xB0,0x64,0x12,0xFF,0xB0,0x64,0x12,0xFF,0xB0,0x64,0x12,0xFF,0xB0,0x64,0x12,0xFF,0xB0,0x64,0x12,0xFF,0xB0,0x64,0x12,0xFF,0xB0,0x64,0x12,0xFF,0xB0,0x64,0x12,0xFF,0xB0,0x64,0x12,0xFF,0xB0,0x64,0x12,0xFF,0xB0,0x64,0x12,0xFF,0xB0,0x64,0x12,0xFF,0xB0,0x64,0x12,0xFF,0xB0,0x64,0x12,0xFF,0xB0,0x64,0x12,0xFF,
    0xB0,0x64,0x12,0xFF,0xB0,0x64,0x12,0xFF,0xB0,0x64,0x12,0xFF,0xB0,0x64,0x12,0xFF,0xB0,0x64,0x12,0xFF,0xB0,0x64,0x12,0xFF,0xB0,0x64,0x12,0xFF,0xB0,0x64,0x12,0xFF,0xB0,0x64,0x12,0xFF,0xB0,0x64,0x12,0xFF,0xB0,0x64,0x12,0xFF,0xB0,0x64,0x12,0xFF,0xB0,0x64,0x12,0xFF,0xB0,0x64,0x12,0xFF,0xB0,0x64,0x12,0xFF,0xB0,0x64,0x12,0xFF,
    0xB0,0x64,0x12,0xFF,0xB0,0x64,0x12,0xFF,0xB0,0x64,0x12,0xFF,0xB0,0x64,0x12,0xFF,0xB0,0x64,0x12,0xFF,0xB0,0x64,0x12,0xFF,0xB0,0x64,0x12,0xFF,0xB0,0x64,0x12,0xFF,0xB0,0x64,0x12,0xFF,0xB0,0x64,0x12,0xFF,0xB0,0x64,0x12,0xFF,0xB0,0x64,0x12,0xFF,0xB0,0x64,0x12,0xFF,0xB0,0x64,0x12,0xFF,0xB0,0x64,0x12,0xFF,0xB0,0x64,0x12,0xFF,
    0xB0,0x64,0x12,0xFF,0xB0,0x64,0x12,0xFF,0xB0,0x64,0x12,0xFF,0xB0,0x64,0x12,0xFF,0xB0,0x64,0x12,0xFF,0xB0,0x64,0x12,0xFF,0xB0,0x64,0x12,0xFF,0xB0,0x64,0x12,0xFF,0xB0,0x64,0x12,0xFF,0xB0,0x64,0x12,0xFF,0xB0,0x64,0x12,0xFF,0xB0,0x64,0x12,0xFF,0xB0,0x64,0x12,0xFF,0xB0,0x64,0x12,0xFF,0xB0,0x64,0x12,0xFF,0xB0,0x64,0x12,0xFF,
    0xB0,0x64,0x12,0xFF,0xB0,0x64,0x12,0xFF,0xB0,0x64,0x12,0xFF,0xB0,0x64,0x12,0xFF,0xB0,0x64,0x12,0xFF,0xB0,0x64,0x12,0xFF,0xB0,0x64,0x12,0xFF,0xB0,0x64,0x12,0xFF,0xB0,0x64,0x12,0xFF,0xB0,0x64,0x12,0xFF,0xB0,0x64,0x12,0xFF,0xB0,0x64,0x12,0xFF,0xB0,0x64,0x12,0xFF,0xB0,0x64,0x12,0xFF,0xB0,0x64,0x12,0xFF,0xB0,0x64,0x12,0xFF,
    0xB0,0x64,0x12,0xFF,0xB0,0x64,0x12,0xFF,0xB0,0x64,0x12,0xFF,0xB0,0x64,0x12,0xFF,0xB0,0x64,0x12,0xFF,0xB0,0x64,0x12,0xFF,0xB0,0x64,0x12,0xFF,0xB0,0x64,0x12,0xFF,0xB0,0x64,0x12,0xFF,0xB0,0x64,0x12,0xFF,0xB0,0x64,0x12,0xFF,0xB0,0x64,0x12,0xFF,0xB0,0x64,0x12,0xFF,0xB0,0x64,0x12,0xFF,0xB0,0x64,0x12,0xFF,0xB0,0x64,0x12,0xFF,
    0xB0,0x64,0x12,0xFF,0xB0,0x64,0x12,0xFF,0xB0,0x64,0x12,0xFF,0xB0,0x64,0x12,0xFF,0xB0,0x64,0x12,0xFF,0xB0,0x64,0x12,0xFF,0xB0,0x64,0x12,0xFF,0xB0,0x64,0x12,0xFF,0xB0,0x64,0x12,0xFF,0xB0,0x64,0x12,0xFF,0xB0,0x64,0x12,0xFF,0xB0,0x64,0x12,0xFF,0xB0,0x64,0x12,0xFF,0xB0,0x64,0x12,0xFF,0xB0,0x64,0x12,0xFF,0xB0,0x64,0x12,0xFF,
    0xB0,0x64,0x12,0xFF,0xB0,0x64,0x12,0xFF,0xB0,0x64,0x12,0xFF,0xB0,0x64,0x12,0xFF,0xB0,0x64,0x12,0xFF,0xB0,0x64,0x12,0xFF,0xB0,0x64,0x12,0xFF,0xB0,0x64,0x12,0xFF,0xB0,0x64,0x12,0xFF,0xB0,0x64,0x12,0xFF,0xB0,0x64,0x12,0xFF,0xB0,0x64,0x12,0xFF,0xB0,0x64,0x12,0xFF,0xB0,0x64,0x12,0xFF,0xB0,0x64,0x12,0xFF,0xB0,0x64,0x12,0xFF,
    0xB0,0x64,0x12,0xFF,0xB0,0x64,0x12,0xFF,0xB0,0x64,0x12,0xFF,0xB0,0x64,0x12,0xFF,0xB0,0x64,0x12,0xFF,0xB0,0x64,0x12,0xFF,0xB0,0x64,0x12,0xFF,0xB0,0x64,0x12,0xFF,0xB0,0x64,0x12,0xFF,0xB0,0x64,0x12,0xFF,0xB0,0x64,0x12,0xFF,0xB0,0x64,0x12,0xFF,0xB0,0x64,0x12,0xFF,0xB0,0x64,0x12,0xFF,0xB0,0x64,0x12,0xFF,0xB0,0x64,0x12,0xFF,
    0xB0,0x64,0x12,0xFF,0xB0,0x64,0x12,0xFF,0xB0,0x64,0x12,0xFF,0xB0,0x64,0x12,0xFF,0xB0,0x64,0x12,0xFF,0xB0,0x64,0x12,0xFF,0xB0,0x64,0x12,0xFF,0xB0,0x64,0x12,0xFF,0xB0,0x64,0x12,0xFF,0xB0,0x64,0x12,0xFF,0xB0,0x64,0x12,0xFF,0xB0,0x64,0x12,0xFF,0xB0,0x64,0x12,0xFF,0xB0,0x64,0x12,0xFF,0xB0,0x64,0x12,0xFF,0xB0,0x64,0x12,0xFF,
    0xB0,0x64,0x12,0xFF,0xB0,0x64,0x12,0xFF,0xB0,0x64,0x12,0xFF,0xB0,0x64,0x12,0xFF,0xB0,0x64,0x12,0xFF,0xB0,0x64,0x12,0xFF,0xB0,0x64,0x12,0xFF,0xB0,0x64,0x12,0xFF,0xB0,0x64,0x12,0xFF,0xB0,0x64,0x12,0xFF,0xB0,0x64,0x12,0xFF,0xB0,0x64,0x12,0xFF,0xB0,0x64,0x12,0xFF,0xB0,0x64,0x12,0xFF,0xB0,0x64,0x12,0xFF,0xB0,0x64,0x12,0xFF,
    0xB0,0x64,0x12,0xFF,0xB0,0x64,0x12,0xFF,0xB0,0x64,0x12,0xFF,0xB0,0x64,0x12,0xFF,0xB0,0x64,0x12,0xFF,0xB0,0x64,0x12,0xFF,0xB0,0x64,0x12,0xFF,0xB0,0x64,0x12,0xFF,0xB0,0x64,0x12,0xFF,0xB0,0x64,0x12,0xFF,0xB0,0x64,0x12,0xFF,0xB0,0x64,0x12,0xFF,0xB0,0x64,0x12,0xFF,0xB0,0x64,0x12,0xFF,0xB0,0x64,0x12,0xFF,0xB0,0x64,0x12,0xFF,
    0xB0,0x64,0x12,0xFF,0xB0,0x64,0x12,0xFF,0xB0,0x64,0x12,0xFF,0xB0,0x64,0x12,0xFF,0xB0,0x64,0x12,0xFF,0xB0,0x64,0x12,0xFF,0xB0,0x64,0x12,0xFF,0xB0,0x64,0x12,0xFF,0xB0,0x64,0x12,0xFF,0xB0,0x64,0x12,0xFF,0xB0,0x64,0x12,0xFF,0xB0,0x64,0x12,0xFF,0xB0,0x64,0x12,0xFF,0xB0,0x64,0x12,0xFF,0xB0,0x64,0x12,0xFF,0xB0,0x64,0x12,0xFF,
    0xB0,0x64,0x12,0xFF,0xB0,0x64,0x12,0xFF,0xB0,0x64,0x12,0xFF,0xB0,0x64,0x12,0xFF,0xB0,0x64,0x12,0xFF,0xB0,0x64,0x12,0xFF,0xB0,0x64,0x12,0xFF,0xB0,0x64,0x12,0xFF,0xB0,0x64,0x12,0xFF,0xB0,0x64,0x12,0xFF,0xB0,0x64,0x12,0xFF,0xB0,0x64,0x12,0xFF,0xB0,0x64,0x12,0xFF,0xB0,0x64,0x12,0xFF,0xB0,0x64,0x12,0xFF,0xB0,0x64,0x12,0xFF,
    0xB0,0x64,0x12,0xFF,0xB0,0x64,0x12,0xFF,0xB0,0x64,0x12,0xFF,0xB0,0x64,0x12,0xFF,0xB0,0x64,0x12,0xFF,0xB0,0x64,0x12,0xFF,0xB0,0x64,0x12,0xFF,0xB0,0x64,0x12,0xFF,0xB0,0x64,0x12,0xFF,0xB0,0x64,0x12,0xFF,0xB0,0x64,0x12,0xFF,0xB0,0x64,0x12,0xFF,0xB0,0x64,0x12,0xFF,0xB0,0x64,0x12,0xFF,0xB0,0x64,0x12,0xFF,0xB0,0x64,0x12,0xFF,
    0xB0,0x64,0x12,0xFF,0xB0,0x64,0x12,0xFF,0xB0,0x64,0x12,0xFF,0xB0,0x64,0x12,0xFF,0xB0,0x64,0x12,0xFF,0xB0,0x64,0x12,0xFF,0xB0,0x64,0x12,0xFF,0xB0,0x64,0x12,0xFF,0xB0,0x64,0x12,0xFF,0xB0,0x64,0x12,0xFF,0xB0,0x64,0x12,0xFF,0xB0,0x64,0x12,0xFF,0xB0,0x64,0x12,0xFF,0xB0,0x64,0x12,0xFF,0xB0,0x64,0x12,0xFF,0xB0,0x64,0x12,0xFF,
    0xB0,0x64,0x12,0xFF,0xB0,0x64,0x12,0xFF,0xB0,0x64,0x12,0xFF,0xB0,0x64,0x12,0xFF,0xB0,0x64,0x12,0xFF,0xB0,0x64,0x12,0xFF,0xB0,0x64,0x12,0xFF,0xB0,0x64,0x12,0xFF,0xB0,0x64,0x12,0xFF,0xB0,0x64,0x12,0xFF,0xB0,0x64,0x12,0xFF,0xB0,0x64,0x12,0xFF,0xB0,0x64,0x12,0xFF,0xB0,0x64,0x12,0xFF,0xB0,0x64,0x12,0xFF,0xB0,0x64,0x12,0xFF,
    0xB0,0x64,0x12,0xFF,0xB0,0x64,0x12,0xFF,0xB0,0x64,0x12,0xFF,0xB0,0x64,0x12,0xFF,0xB0,0x64,0x12,0xFF,0xB0,0x64,0x12,0xFF,0xB0,0x64,0x12,0xFF,0xB0,0x64,0x12,0xFF,0xB0,0x64,0x12,0xFF,0xB0,0x64,0x12,0xFF,0xB0,0x64,0x12,0xFF,0xB0,0x64,0x12,0xFF,0xB0,0x64,0x12,0xFF,0xB0,0x64,0x12,0xFF,0xB0,0x64,0x12,0xFF,0xB0,0x64,0x12,0xFF,
    0xB0,0x64,0x12,0xFF,0xB0,0x64,0x12,0xFF,0xB0,0x64,0x12,0xFF,0xB0,0x64,0x12,0xFF,0xB0,0x64,0x12,0xFF,0xB0,0x64,0x12,0xFF,0xB0,0x64,0x12,0xFF,0xB0,0x64,0x12,0xFF,0xB0,0x64,0x12,0xFF,0xB0,0x64,0x12,0xFF,0xB0,0x64,0x12,0xFF,0xB0,0x64,0x12,0xFF,0xB0,0x64,0x12,0xFF,0xB0,0x64,0x12,0xFF,0xB0,0x64,0x12,0xFF,0xB0,0x64,0x12,0xFF,
    0xB0,0x64,0x12,0xFF,0xB0,0x64,0x12,0xFF,0xB0,0x64,0x12,0xFF,0xB0,0x64,0x12,0xFF,0xB0,0x64,0x12,0xFF,0xB0,0x64,0x12,0xFF,0xB0,0x64,0x12,0xFF,0xB0,0x64,0x12,0xFF,0xB0,0x64,0x12,0xFF,0xB0,0x64,0x12,0xFF,0xB0,0x64,0x12,0xFF,0xB0,0x64,0x12,0xFF,0xB0,0x64,0x12,0xFF,0xB0,0x64,0x12,0xFF,0xB0,0x64,0x12,0xFF,0xB0,0x64,0x12,0xFF,
    0xB0,0x64,0x12,0xFF,0xB0,0x64,0x12,0xFF,0xB0,0x64,0x12,0xFF,0xB0,0x64,0x12,0xFF,0xB0,0x64,0x12,0xFF,0xB0,0x64,0x12,0xFF,0xB0,0x64,0x12,0xFF,0xB0,0x64,0x12,0xFF,0xB0,0x64,0x12,0xFF,0xB0,0x64,0x12,0xFF,0xB0,0x64,0x12,0xFF,0xB0,0x64,0x12,0xFF,0xB0,0x64,0x12,0xFF,0xB0,0x64,0x12,0xFF,0xB0,0x64,0x12,0xFF,0xB0,0x64,0x12,0xFF,
    0xB0,0x64,0x12,0xFF,0xB0,0x64,0x12,0xFF,0xB0,0x64,0x12,0xFF,0xB0,0x64,0x12,0xFF,0xB0,0x64,0x12,0xFF,0xB0,0x64,0x12,0xFF,0xB0,0x64,0x12,0xFF,0xB0,0x64,0x12,0xFF,0xB0,0x64,0x12,0xFF,0xB0,0x64,0x12,0xFF,0xB0,0x64,0x12,0xFF,0xB0,0x64,0x12,0xFF,0xB0,0x64,0x12,0xFF,0xB0,0x64,0x12,0xFF,0xB0,0x64,0x12,0xFF,0xB0,0x64,0x12,0xFF,
    0xB0,0x64,0x12,0xFF,0xB0,0x64,0x12,0xFF,0xB0,0x64,0x12,0xFF,0xB0,0x64,0x12,0xFF,0xB0,0x64,0x12,0xFF,0xB0,0x64,0x12,0xFF,0xB0,0x64,0x12,0xFF,0xB0,0x64,0x12,0xFF,0xB0,0x64,0x12,0xFF,0xB0,0x64,0x12,0xFF,0xB0,0x64,0x12,0xFF,0xB0,0x64,0x12,0xFF,0xB0,0x64,0x12,0xFF,0xB0,0x64,0x12,0xFF,0xB0,0x64,0x12,0xFF,0xB0,0x64,0x12,0xFF,
    0xB0,0x64,0x12,0xFF,0xB0,0x64,0x12,0xFF,0xB0,0x64,0x12,0xFF,0xB0,0x64,0x12,0xFF,0xB0,0x64,0x12,0xFF,0xB0,0x64,0x12,0xFF,0xB0,0x64,0x12,0xFF,0xB0,0x64,0x12,0xFF,0xB0,0x64,0x12,0xFF,0xB0,0x64,0x12,0xFF,0xB0,0x64,0x12,0xFF,0xB0,0x64,0x12,0xFF,0xB0,0x64,0x12,0xFF,0xB0,0x64,0x12,0xFF,0xB0,0x64,0x12,0xFF,0xB0,0x64,0x12,0xFF,
    0xB0,0x64,0x12,0xFF,0xB0,0x64,0x12,0xFF,0xB0,0x64,0x12,0xFF,0xB0,0x64,0x12,0xFF,0xB0,0x64,0x12,0xFF,0xB0,0x64,0x12,0xFF,0xB0,0x64,0x12,0xFF,0xB0,0x64,0x12,0xFF,0xB0,0x64,0x12,0xFF,0xB0,0x64,0x12,0xFF,0xB0,0x64,0x12,0xFF,0xB0,0x64,0x12,0xFF,0xB0,0x64,0x12,0xFF,0xB0,0x64,0x12,0xFF,0xB0,0x64,0x12,0xFF,0xB0,0x64,0x12,0xFF,
    0xB0,0x64,0x12,0xFF,0xB0,0x64,0x12,0xFF,0xB0,0x64,0x12,0xFF,0xB0,0x64,0x12,0xFF,0xB0,0x64,0x12,0xFF,0xB0,0x64,0x12,0xFF,0xB0,0x64,0x12,0xFF,0xB0,0x64,0x12,0xFF,0xB0,0x64,0x12,0xFF,0xB0,0x64,0x12,0xFF,0xB0,0x64,0x12,0xFF,0xB0,0x64,0x12,0xFF,0xB0,0x64,0x12,0xFF,0xB0,0x64,0x12,0xFF,0xB0,0x64,0x12,0xFF,0xB0,0x64,0x12,0xFF,
    0xB0,0x64,0x12,0xFF,0xB0,0x64,0x12,0xFF,0xB0,0x64,0x12,0xFF,0xB0,0x64,0x12,0xFF,0xB0,0x64,0x12,0xFF,0xB0,0x64,0x12,0xFF,0xB0,0x64,0x12,0xFF,0xB0,0x64,0x12,0xFF,0xB0,0x64,0x12,0xFF,0xB0,0x64,0x12,0xFF,0xB0,0x64,0x12,0xFF,0xB0,0x64,0x12,0xFF,0xB0,0x64,0x12,0xFF,0xB0,0x64,0x12,0xFF,0xB0,0x64,0x12,0xFF,0xB0,0x64,0x12,0xFF,
    0xB0,0x64,0x12,0xFF,0xB0,0x64,0x12,0xFF,0xB0,0x64,0x12,0xFF,0xB0,0x64,0x12,0xFF,0xB0,0x64,0x12,0xFF,0xB0,0x64,0x12,0xFF,0xB0,0x64,0x12,0xFF,0xB0,0x64,0x12,0xFF,0xB0,0x64,0x12,0xFF,0xB0,0x64,0x12,0xFF,0xB0,0x64,0x12,0xFF,0xB0,0x64,0x12,0xFF,0xB0,0x64,0x12,0xFF,0xB0,0x64,0x12,0xFF,0xB0,0x64,0x12,0xFF,0xB0,0x64,0x12,0xFF,
    0xB0,0x64,0x12,0xFF,0xB0,0x64,0x12,0xFF,0xB0,0x64,0x12,0xFF,0xB0,0x64,0x12,0xFF,0xB0,0x64,0x12,0xFF,0xB0,0x64,0x12,0xFF,0xB0,0x64,0x12,0xFF,0xB0,0x64,0x12,0xFF,0xB0,0x64,0x12,0xFF,0xB0,0x64,0x12,0xFF,0xB0,0x64,0x12,0xFF,0xB0,0x64,0x12,0xFF,0xB0,0x64,0x12,0xFF,0xB0,0x64,0x12,0xFF,0xB0,0x64,0x12,0xFF,0xB0,0x64,0x12,0xFF,
    0xB0,0x64,0x12,0xFF,0xB0,0x64,0x12,0xFF,0xB0,0x64,0x12,0xFF,0xB0,0x64,0x12,0xFF,0xB0,0x64,0x12,0xFF,0xB0,0x64,0x12,0xFF,0xB0,0x64,0x12,0xFF,0xB0,0x64,0x12,0xFF,0xB0,0x64,0x12,0xFF,0xB0,0x64,0x12,0xFF,0xB0,0x64,0x12,0xFF,0xB0,0x64,0x12,0xFF,0xB0,0x64,0x12,0xFF,0xB0,0x64,0x12,0xFF,0xB0,0x64,0x12,0xFF,0xB0,0x64,0x12,0xFF,
    0xB0,0x64,0x12,0xFF,0xB0,0x64,0x12,0xFF,0xB0,0x64,0x12,0xFF,0xB0,0x64,0x12,0xFF,0xB0,0x64,0x12,0xFF,0xB0,0x64,0x12,0xFF,0xB0,0x64,0x12,0xFF,0xB0,0x64,0x12,0xFF,0xB0,0x64,0x12,0xFF,0xB0,0x64,0x12,0xFF,0xB0,0x64,0x12,0xFF,0xB0,0x64,0x12,0xFF,0xB0,0x64,0x12,0xFF,0xB0,0x64,0x12,0xFF,0xB0,0x64,0x12,0xFF,0xB0,0x64,0x12,0xFF,
    0xB0,0x64,0x12,0xFF,0xB0,0x64,0x12,0xFF,0xB0,0x64,0x12,0xFF,0xB0,0x64,0x12,0xFF,0xB0,0x64,0x12,0xFF,0xB0,0x64,0x12,0xFF,0xB0,0x64,0x12,0xFF,0xB0,0x64,0x12,0xFF,0xB0,0x64,0x12,0xFF,0xB0,0x64,0x12,0xFF,0xB0,0x64,0x12,0xFF,0xB0,0x64,0x12,0xFF,0xB0,0x64,0x12,0xFF,0xB0,0x64,0x12,0xFF,0xB0,0x64,0x12,0xFF,0xB0,0x64,0x12,0xFF,
    0xB0,0x64,0x12,0xFF,0xB0,0x64,0x12,0xFF,0xB0,0x64,0x12,0xFF,0xB0,0x64,0x12,0xFF,0xB0,0x64,0x12,0xFF,0xB0,0x64,0x12,0xFF,0xB0,0x64,0x12,0xFF,0xB0,0x64,0x12,0xFF,0xB0,0x64,0x12,0xFF,0xB0,0x64,0x12,0xFF,0xB0,0x64,0x12,0xFF,0xB0,0x64,0x12,0xFF,0xB0,0x64,0x12,0xFF,0xB0,0x64,0x12,0xFF,0xB0,0x64,0x12,0xFF,0xB0,0x64,0x12,0xFF,
    0xB0,0x64,0x12,0xFF,0xB0,0x64,0x12,0xFF,0xB0,0x64,0x12,0xFF,0xB0,0x64,0x12,0xFF,0xB0,0x64,0x12,0xFF,0xB0,0x64,0x12,0xFF,0xB0,0x64,0x12,0xFF,0xB0,0x64,0x12,0xFF,0xB0,0x64,0x12,0xFF,0xB0,0x64,0x12,0xFF,0xB0,0x64,0x12,0xFF,0xB0,0x64,0x12,0xFF,0xB0,0x64,0x12,0xFF,0xB0,0x64,0x12,0xFF,0xB0,0x64,0x12,0xFF,0xB0,0x64,0x12,0xFF,
    0xB0,0x64,0x12,0xFF,0xB0,0x64,0x12,0xFF,0xB0,0x64,0x12,0xFF,0xB0,0x64,0x12,0xFF,0xB0,0x64,0x12,0xFF,0xB0,0x64,0x12,0xFF,0xB0,0x64,0x12,0xFF,0xB0,0x64,0x12,0xFF,0xB0,0x64,0x12,0xFF,0xB0,0x64,0x12,0xFF,0xB0,0x64,0x12,0xFF,0xB0,0x64,0x12,0xFF,0xB0,0x64,0x12,0xFF,0xB0,0x64,0x12,0xFF,0xB0,0x64,0x12,0xFF,0xB0,0x64,0x12,0xFF,
    0xB0,0x64,0x12,0xFF,0xB0,0x64,0x12,0xFF,0xB0,0x64,0x12,0xFF,0xB0,0x64,0x12,0xFF,0xB0,0x64,0x12,0xFF,0xB0,0x64,0x12,0xFF,0xB0,0x64,0x12,0xFF,0xB0,0x64,0x12,0xFF,0xB0,0x64,0x12,0xFF,0xB0,0x64,0x12,0xFF,0xB0,0x64,0x12,0xFF,0xB0,0x64,0x12,0xFF,0xB0,0x64,0x12,0xFF,0xB0,0x64,0x12,0xFF,0xB0,0x64,0x12,0xFF,0xB0,0x64,0x12,0xFF,
    0xB0,0x64,0x12,0xFF,0xB0,0x64,0x12,0xFF,0xB0,0x64,0x12,0xFF,0xB0,0x64,0x12,0xFF,0xB0,0x64,0x12,0xFF,0xB0,0x64,0x12,0xFF,0xB0,0x64,0x12,0xFF,0xB0,0x64,0x12,0xFF,0xB0,0x64,0x12,0xFF,0xB0,0x64,0x12,0xFF,0xB0,0x64,0x12,0xFF,0xB0,0x64,0x12,0xFF,0xB0,0x64,0x12,0xFF,0xB0,0x64,0x12,0xFF,0xB0,0x64,0x12,0xFF,0xB0,0x64,0x12,0xFF,
    0xB0,0x64,0x12,0xFF,0xB0,0x64,0x12,0xFF,0xB0,0x64,0x12,0xFF,0xB0,0x64,0x12,0xFF,0xB0,0x64,0x12,0xFF,0xB0,0x64,0x12,0xFF,0xB0,0x64,0x12,0xFF,0xB0,0x64,0x12,0xFF,0xB0,0x64,0x12,0xFF,0xB0,0x64,0x12,0xFF,0xB0,0x64,0x12,0xFF,0xB0,0x64,0x12,0xFF,0xB0,0x64,0x12,0xFF,0xB0,0x64,0x12,0xFF,0xB0,0x64,0x12,0xFF,0xB0,0x64,0x12,0xFF,
    0xB0,0x64,0x12,0xFF,0xB0,0x64,0x12,0xFF,0xB0,0x64,0x12,0xFF,0xB0,0x64,0x12,0xFF,0xB0,0x64,0x12,0xFF,0xB0,0x64,0x12,0xFF,0xB0,0x64,0x12,0xFF,0xB0,0x64,0x12,0xFF,0xB0,0x64,0x12,0xFF,0xB0,0x64,0x12,0xFF,0xB0,0x64,0x12,0xFF,0xB0,0x64,0x12,0xFF,0xB0,0x64,0x12,0xFF,0xB0,0x64,0x12,0xFF,0xB0,0x64,0x12,0xFF,0xB0,0x64,0x12,0xFF,
    0xB0,0x64,0x12,0xFF,0xB0,0x64,0x12,0xFF,0xB0,0x64,0x12,0xFF,0xB0,0x64,0x12,0xFF,0xB0,0x64,0x12,0xFF,0xB0,0x64,0x12,0xFF,0xB0,0x64,0x12,0xFF,0xB0,0x64,0x12,0xFF,0xB0,0x64,0x12,0xFF,0xB0,0x64,0x12,0xFF,0xB0,0x64,0x12,0xFF,0xB0,0x64,0x12,0xFF,0xB0,0x64,0x12,0xFF,0xB0,0x64,0x12,0xFF,0xB0,0x64,0x12,0xFF,0xB0,0x64,0x12,0xFF,
    0xB0,0x64,0x12,0xFF,0xB0,0x64,0x12,0xFF,0xB0,0x64,0x12,0xFF,0xB0,0x64,0x12,0xFF,0xB0,0x64,0x12,0xFF,0xB0,0x64,0x12,0xFF,0xB0,0x64,0x12,0xFF,0xB0,0x64,0x12,0xFF,0xB0,0x64,0x12,0xFF,0xB0,0x64,0x12,0xFF,0xB0,0x64,0x12,0xFF,0xB0,0x64,0x12,0xFF,0xB0,0x64,0x12,0xFF,0xB0,0x64,0x12,0xFF,0xB0,0x64,0x12,0xFF,0xB0,0x64,0x12,0xFF,
    0xB0,0x64,0x12,0xFF,0xB0,0x64,0x12,0xFF,0xB0,0x64,0x12,0xFF,0xB0,0x64,0x12,0xFF,0xB0,0x64,0x12,0xFF,0xB0,0x64,0x12,0xFF,0xB0,0x64,0x12,0xFF,0xB0,0x64,0x12,0xFF,0xB0,0x64,0x12,0xFF,0xB0,0x64,0x12,0xFF,0xB0,0x64,0x12,0xFF,0xB0,0x64,0x12,0xFF,0xB0,0x64,0x12,0xFF,0xB0,0x64,0x12,0xFF,0xB0,0x64,0x12,0xFF,0xB0,0x64,0x12,0xFF,
    0xB0,0x64,0x12,0xFF,0xB0,0x64,0x12,0xFF,0xB0,0x64,0x12,0xFF,0xB0,0x64,0x12,0xFF,0xB0,0x64,0x12,0xFF,0xB0,0x64,0x12,0xFF,0xB0,0x64,0x12,0xFF,0xB0,0x64,0x12,0xFF,0xB0,0x64,0x12,0xFF,0xB0,0x64,0x12,0xFF,0xB0,0x64,0x12,0xFF,0xB0,0x64,0x12,0xFF,0xB0,0x64,0x12,0xFF,0xB0,0x64,0x12,0xFF,0xB0,0x64,0x12,0xFF,0xB0,0x64,0x12,0xFF,
    0xB0,0x64,0x12,0xFF,0xB0,0x64,0x12,0xFF,0xB0,0x64,0x12,0xFF,0xB0,0x64,0x12,0xFF,0xB0,0x64,0x12,0xFF,0xB0,0x64,0x12,0xFF,0xB0,0x64,0x12,0xFF,0xB0,0x64,0x12,0xFF,0xB0,0x64,0x12,0xFF,0xB0,0x64,0x12,0xFF,0xB0,0x64,0x12,0xFF,0xB0,0x64,0x12,0xFF,0xB0,0x64,0x12,0xFF,0xB0,0x64,0x12,0xFF,0xB0,0x64,0x12,0xFF,0xB0,0x64,0x12,0xFF,
    0xB0,0x64,0x12,0xFF,0xB0,0x64,0x12,0xFF,0xB0,0x64,0x12,0xFF,0xB0,0x64,0x12,0xFF,0xB0,0x64,0x12,0xFF,0xB0,0x64,0x12,0xFF,0xB0,0x64,0x12,0xFF,0xB0,0x64,0x12,0xFF,0xB0,0x64,0x12,0xFF,0xB0,0x64,0x12,0xFF,0xB0,0x64,0x12,0xFF,0xB0,0x64,0x12,0xFF,0xB0,0x64,0x12,0xFF,0xB0,0x64,0x12,0xFF,0xB0,0x64,0x12,0xFF,0xB0,0x64,0x12,0xFF,
    0xB0,0x64,0x12,0xFF,0xB0,0x64,0x12,0xFF,0xB0,0x64,0x12,0xFF,0xB0,0x64,0x12,0xFF,0xB0,0x64,0x12,0xFF,0xB0,0x64,0x12,0xFF,0xB0,0x64,0x12,0xFF,0xB0,0x64,0x12,0xFF,0xB0,0x64,0x12,0xFF,0xB0,0x64,0x12,0xFF,0xB0,0x64,0x12,0xFF,0xB0,0x64,0x12,0xFF,0xB0,0x64,0x12,0xFF,0xB0,0x64,0x12,0xFF,0xB0,0x64,0x12,0xFF,0xB0,0x64,0x12,0xFF,
    0xB0,0x64,0x12,0xFF,0xB0,0x64,0x12,0xFF,0xB0,0x64,0x12,0xFF,0xB0,0x64,0x12,0xFF,0xB0,0x64,0x12,0xFF,0xB0,0x64,0x12,0xFF,0xB0,0x64,0x12,0xFF,0xB0,0x64,0x12,0xFF,0xB0,0x64,0x12,0xFF,0xB0,0x64,0x12,0xFF,0xB0,0x64,0x12,0xFF,0xB0,0x64,0x12,0xFF,0xB0,0x64,0x12,0xFF,0xB0,0x64,0x12,0xFF,0xB0,0x64,0x12,0xFF,0xB0,0x64,0x12,0xFF,
    0xB0,0x64,0x12,0xFF,0xB0,0x64,0x12,0xFF,0xB0,0x64,0x12,0xFF,0xB0,0x64,0x12,0xFF,0xB0,0x64,0x12,0xFF,0xB0,0x64,0x12,0xFF,0xB0,0x64,0x12,0xFF,0xB0,0x64,0x12,0xFF,0xB0,0x64,0x12,0xFF,0xB0,0x64,0x12,0xFF,0xB0,0x64,0x12,0xFF,0xB0,0x64,0x12,0xFF,0xB0,0x64,0x12,0xFF,0xB0,0x64,0x12,0xFF,0xB0,0x64,0x12,0xFF,0xB0,0x64,0x12,0xFF,
    0xB0,0x64,0x12,0xFF,0xB0,0x64,0x12,0xFF,0xB0,0x64,0x12,0xFF,0xB0,0x64,0x12,0xFF,0xB0,0x64,0x12,0xFF,0xB0,0x64,0x12,0xFF,0xB0,0x64,0x12,0xFF,0xB0,0x64,0x12,0xFF,0xB0,0x64,0x12,0xFF,0xB0,0x64,0x12,0xFF,0xB0,0x64,0x12,0xFF,0xB0,0x64,0x12,0xFF,0xB0,0x64,0x12,0xFF,0xB0,0x64,0x12,0xFF,0xB0,0x64,0x12,0xFF,0xB0,0x64,0x12,0xFF,
    0xB0,0x64,0x12,0xFF,0xB0,0x64,0x12,0xFF,0xB0,0x64,0x12,0xFF,0xB0,0x64,0x12,0xFF,0xB0,0x64,0x12,0xFF,0xB0,0x64,0x12,0xFF,0xB0,0x64,0x12,0xFF,0xB0,0x64,0x12,0xFF,0xB0,0x64,0x12,0xFF,0xB0,0x64,0x12,0xFF,0xB0,0x64,0x12,0xFF,0xB0,0x64,0x12,0xFF,0xB0,0x64,0x12,0xFF,0xB0,0x64,0x12,0xFF,0xB0,0x64,0x12,0xFF,0xB0,0x64,0x12,0xFF,
    0xB0,0x64,0x12,0xFF,0xB0,0x64,0x12,0xFF,0xB0,0x64,0x12,0xFF,0xB0,0x64,0x12,0xFF,0xB0,0x64,0x12,0xFF,0xB0,0x64,0x12,0xFF,0xB0,0x64,0x12,0xFF,0xB0,0x64,0x12,0xFF,0xB0,0x64,0x12,0xFF,0xB0,0x64,0x12,0xFF,0xB0,0x64,0x12,0xFF,0xB0,0x64,0x12,0xFF,0xB0,0x64,0x12,0xFF,0xB0,0x64,0x12,0xFF,0xB0,0x64,0x12,0xFF,0xB0,0x64,0x12,0xFF,
    0xB0,0x64,0x12,0xFF,0xB0,0x64,0x12,0xFF,0xB0,0x64,0x12,0xFF,0xB0,0x64,0x12,0xFF,0xB0,0x64,0x12,0xFF,0xB0,0x64,0x12,0xFF,0xB0,0x64,0x12,0xFF,0xB0,0x64,0x12,0xFF,0xB0,0x64,0x12,0xFF,0xB0,0x64,0x12,0xFF,0xB0,0x64,0x12,0xFF,0xB0,0x64,0x12,0xFF,0xB0,0x64,0x12,0xFF,0xB0,0x64,0x12,0xFF,0xB0,0x64,0x12,0xFF,0xB0,0x64,0x12,0xFF,
    0xB0,0x64,0x12,0xFF,0xB0,0x64,0x12,0xFF,0xB0,0x64,0x12,0xFF,0xB0,0x64,0x12,0xFF,0xB0,0x64,0x12,0xFF,0xB0,0x64,0x12,0xFF,0xB0,0x64,0x12,0xFF,0xB0,0x64,0x12,0xFF,0xB0,0x64,0x12,0xFF,0xB0,0x64,0x12,0xFF,0xB0,0x64,0x12,0xFF,0xB0,0x64,0x12,0xFF,0xB0,0x64,0x12,0xFF,0xB0,0x64,0x12,0xFF,0xB0,0x64,0x12,0xFF,0xB0,0x64,0x12,0xFF,
    0xB0,0x64,0x12,0xFF,0xB0,0x64,0x12,0xFF,0xB0,0x64,0x12,0xFF,0xB0,0x64,0x12,0xFF,0xB0,0x64,0x12,0xFF,0xB0,0x64,0x12,0xFF,0xB0,0x64,0x12,0xFF,0xB0,0x64,0x12,0xFF,0xB0,0x64,0x12,0xFF,0xB0,0x64,0x12,0xFF,0xB0,0x64,0x12,0xFF,0xB0,0x64,0x12,0xFF,0xB0,0x64,0x12,0xFF,0xB0,0x64,0x12,0xFF,0xB0,0x64,0x12,0xFF,0xB0,0x64,0x12,0xFF,
    0xB0,0x64,0x12,0xFF,0xB0,0x64,0x12,0xFF,0xB0,0x64,0x12,0xFF,0xB0,0x64,0x12,0xFF,0xB0,0x64,0x12,0xFF,0xB0,0x64,0x12,0xFF,0xB0,0x64,0x12,0xFF,0xB0,0x64,0x12,0xFF,0xB0,0x64,0x12,0xFF,0xB0,0x64,0x12,0xFF,0xB0,0x64,0x12,0xFF,0xB0,0x64,0x12,0xFF,0xB0,0x64,0x12,0xFF,0xB0,0x64,0x12,0xFF,0xB0,0x64,0x12,0xFF,0xB0,0x64,0x12,0xFF,
    0xB0,0x64,0x12,0xFF,0xB0,0x64,0x12,0xFF,0xB0,0x64,0x12,0xFF,0xB0,0x64,0x12,0xFF,0xB0,0x64,0x12,0xFF,0xB0,0x64,0x12,0xFF,0xB0,0x64,0x12,0xFF,0xB0,0x64,0x12,0xFF,0xB0,0x64,0x12,0xFF,0xB0,0x64,0x12,0xFF,0xB0,0x64,0x12,0xFF,0xB0,0x64,0x12,0xFF,0xB0,0x64,0x12,0xFF,0xB0,0x64,0x12,0xFF,0xB0,0x64,0x12,0xFF,0xB0,0x64,0x12,0xFF,
    0xB0,0x64,0x12,0xFF,0xB0,0x64,0x12,0xFF,0xB0,0x64,0x12,0xFF,0xB0,0x64,0x12,0xFF,0xB0,0x64,0x12,0xFF,0xB0,0x64,0x12,0xFF,0xB0,0x64,0x12,0xFF,0xB0,0x64,0x12,0xFF,0xB0,0x64,0x12,0xFF,0xB0,0x64,0x12,0xFF,0xB0,0x64,0x12,0xFF,0xB0,0x64,0x12,0xFF,0xB0,0x64,0x12,0xFF,0xB0,0x64,0x12,0xFF,0xB0,0x64,0x12,0xFF,0xB0,0x64,0x12,0xFF,
    0xB0,0x64,0x12,0xFF,0xB0,0x64,0x12,0xFF,0xB0,0x64,0x12,0xFF,0xB0,0x64,0x12,0xFF,0xB0,0x64,0x12,0xFF,0xB0,0x64,0x12,0xFF,0xB0,0x64,0x12,0xFF,0xB0,0x64,0x12,0xFF,0xB0,0x64,0x12,0xFF,0xB0,0x64,0x12,0xFF,0xB0,0x64,0x12,0xFF,0xB0,0x64,0x12,0xFF,0xB0,0x64,0x12,0xFF,0xB0,0x64,0x12,0xFF,0xB0,0x64,0x12,0xFF,0xB0,0x64,0x12,0xFF,
    0xB0,0x64,0x12,0xFF,0xB0,0x64,0x12,0xFF,0xB0,0x64,0x12,0xFF,0xB0,0x64,0x12,0xFF,0xB0,0x64,0x12,0xFF,0xB0,0x64,0x12,0xFF,0xB0,0x64,0x12,0xFF,0xB0,0x64,0x12,0xFF,0xB0,0x64,0x12,0xFF,0xB0,0x64,0x12,0xFF,0xB0,0x64,0x12,0xFF,0xB0,0x64,0x12,0xFF,0xB0,0x64,0x12,0xFF,0xB0,0x64,0x12,0xFF,0xB0,0x64,0x12,0xFF,0xB0,0x64,0x12,0xFF,
    0xB0,0x64,0x12,0xFF,0xB0,0x64,0x12,0xFF,0xB0,0x64,0x12,0xFF,0xB0,0x64,0x12,0xFF,0xB0,0x64,0x12,0xFF,0xB0,0x64,0x12,0xFF,0xB0,0x64,0x12,0xFF,0xB0,0x64,0x12,0xFF,0xB0,0x64,0x12,0xFF,0xB0,0x64,0x12,0xFF,0xB0,0x64,0x12,0xFF,0xB0,0x64,0x12,0xFF,0xB0,0x64,0x12,0xFF,0xB0,0x64,0x12,0xFF,0xB0,0x64,0x12,0xFF,0xB0,0x64,0x12,0xFF,
    0xB0,0x64,0x12,0xFF,0xB0,0x64,0x12,0xFF,0xB0,0x64,0x12,0xFF,0xB0,0x64,0x12,0xFF,0xB0,0x64,0x12,0xFF,0xB0,0x64,0x12,0xFF,0xB0,0x64,0x12,0xFF,0xB0,0x64,0x12,0xFF,0xB0,0x64,0x12,0xFF,0xB0,0x64,0x12,0xFF,0xB0,0x64,0x12,0xFF,0xB0,0x64,0x12,0xFF,0xB0,0x64,0x12,0xFF,0xB0,0x64,0x12,0xFF,0xB0,0x64,0x12,0xFF,0xB0,0x64,0x12,0xFF,
    0xB0,0x64,0x12,0xFF,0xB0,0x64,0x12,0xFF,0xB0,0x64,0x12,0xFF,0xB0,0x64,0x12,0xFF,0xB0,0x64,0x12,0xFF,0xB0,0x64,0x12,0xFF,0xB0,0x64,0x12,0xFF,0xB0,0x64,0x12,0xFF,0xB0,0x64,0x12,0xFF,0xB0,0x64,0x12,0xFF,0xB0,0x64,0x12,0xFF,0xB0,0x64,0x12,0xFF,0xB0,0x64,0x12,0xFF,0xB0,0x64,0x12,0xFF,0xB0,0x64,0x12,0xFF,0xB0,0x64,0x12,0xFF,
    0xB0,0x64,0x12,0xFF,0xB0,0x64,0x12,0xFF,0xB0,0x64,0x12,0xFF,0xB0,0x64,0x12,0xFF,0xB0,0x64,0x12,0xFF,0xB0,0x64,0x12,0xFF,0xB0,0x64,0x12,0xFF,0xB0,0x64,0x12,0xFF,0xB0,0x64,0x12,0xFF,0xB0,0x64,0x12,0xFF,0xB0,0x64,0x12,0xFF,0xB0,0x64,0x12,0xFF,0xB0,0x64,0x12,0xFF,0xB0,0x64,0x12,0xFF,0xB0,0x64,0x12,0xFF,0xB0,0x64,0x12,0xFF,
    0xB0,0x64,0x12,0xFF,0xB0,0x64,0x12,0xFF,0xB0,0x64,0x12,0xFF,0xB0,0x64,0x12,0xFF,0xB0,0x64,0x12,0xFF,0xB0,0x64,0x12,0xFF,0xB0,0x64,0x12,0xFF,0xB0,0x64,0x12,0xFF,0xB0,0x64,0x12,0xFF,0xB0,0x64,0x12,0xFF,0xB0,0x64,0x12,0xFF,0xB0,0x64,0x12,0xFF,0xB0,0x64,0x12,0xFF,0xB0,0x64,0x12,0xFF,0xB0,0x64,0x12,0xFF,0xB0,0x64,0x12,0xFF,
    0xB0,0x64,0x12,0xFF,0xB0,0x64,0x12,0xFF,0xB0,0x64,0x12,0xFF,0xB0,0x64,0x12,0xFF,0xB0,0x64,0x12,0xFF,0xB0,0x64,0x12,0xFF,0xB0,0x64,0x12,0xFF,0xB0,0x64,0x12,0xFF,0xB0,0x64,0x12,0xFF,0xB0,0x64,0x12,0xFF,0xB0,0x64,0x12,0xFF,0xB0,0x64,0x12,0xFF,0xB0,0x64,0x12,0xFF,0xB0,0x64,0x12,0xFF,0xB0,0x64,0x12,0xFF,0xB0,0x64,0x12,0xFF,
    0xB0,0x64,0x12,0xFF,0xB0,0x64,0x12,0xFF,0xB0,0x64,0x12,0xFF,0xB0,0x64,0x12,0xFF,0xB0,0x64,0x12,0xFF,0xB0,0x64,0x12,0xFF,0xB0,0x64,0x12,0xFF,0xB0,0x64,0x12,0xFF,0xB0,0x64,0x12,0xFF,0xB0,0x64,0x12,0xFF,0xB0,0x64,0x12,0xFF,0xB0,0x64,0x12,0xFF,0xB0,0x64,0x12,0xFF,0xB0,0x64,0x12,0xFF,0xB0,0x64,0x12,0xFF,0xB0,0x64,0x12,0xFF,
    0xB0,0x64,0x12,0xFF,0xB0,0x64,0x12,0xFF,0xB0,0x64,0x12,0xFF,0xB0,0x64,0x12,0xFF,0xB0,0x64,0x12,0xFF,0xB0,0x64,0x12,0xFF,0xB0,0x64,0x12,0xFF,0xB0,0x64,0x12,0xFF,0xB0,0x64,0x12,0xFF,0xB0,0x64,0x12,0xFF,0xB0,0x64,0x12,0xFF,0xB0,0x64,0x12,0xFF,0xB0,0x64,0x12,0xFF,0xB0,0x64,0x12,0xFF,0xB0,0x64,0x12,0xFF,0xB0,0x64,0x12,0xFF,
    0xB0,0x64,0x12,0xFF,0xB0,0x64,0x12,0xFF,0xB0,0x64,0x12,0xFF,0xB0,0x64,0x12,0xFF,0xB0,0x64,0x12,0xFF,0xB0,0x64,0x12,0xFF,0xB0,0x64,0x12,0xFF,0xB0,0x64,0x12,0xFF,0xB0,0x64,0x12,0xFF,0xB0,0x64,0x12,0xFF,0xB0,0x64,0x12,0xFF,0xB0,0x64,0x12,0xFF,0xB0,0x64,0x12,0xFF,0xB0,0x64,0x12,0xFF,0xB0,0x64,0x12,0xFF,0xB0,0x64,0x12,0xFF,
    0xB0,0x64,0x12,0xFF,0xB0,0x64,0x12,0xFF,0xB0,0x64,0x12,0xFF,0xB0,0x64,0x12,0xFF,0xB0,0x64,0x12,0xFF,0xB0,0x64,0x12,0xFF,0xB0,0x64,0x12,0xFF,0xB0,0x64,0x12,0xFF,0xB0,0x64,0x12,0xFF,0xB0,0x64,0x12,0xFF,0xB0,0x64,0x12,0xFF,0xB0,0x64,0x12,0xFF,0xB0,0x64,0x12,0xFF,0xB0,0x64,0x12,0xFF,0xB0,0x64,0x12,0xFF,0xB0,0x64,0x12,0xFF,
    0xB0,0x64,0x12,0xFF,0xB0,0x64,0x12,0xFF,0xB0,0x64,0x12,0xFF,0xB0,0x64,0x12,0xFF,0xB0,0x64,0x12,0xFF,0xB0,0x64,0x12,0xFF,0xB0,0x64,0x12,0xFF,0xB0,0x64,0x12,0xFF,0xB0,0x64,0x12,0xFF,0xB0,0x64,0x12,0xFF,0xB0,0x64,0x12,0xFF,0xB0,0x64,0x12,0xFF,0xB0,0x64,0x12,0xFF,0xB0,0x64,0x12,0xFF,0xB0,0x64,0x12,0xFF,0xB0,0x64,0x12,0xFF,
    0xB0,0x64,0x12,0xFF,0xB0,0x64,0x12,0xFF,0xB0,0x64,0x12,0xFF,0xB0,0x64,0x12,0xFF,0xB0,0x64,0x12,0xFF,0xB0,0x64,0x12,0xFF,0xB0,0x64,0x12,0xFF,0xB0,0x64,0x12,0xFF,0xB0,0x64,0x12,0xFF,0xB0,0x64,0x12,0xFF,0xB0,0x64,0x12,0xFF,0xB0,0x64,0x12,0xFF,0xB0,0x64,0x12,0xFF,0xB0,0x64,0x12,0xFF,0xB0,0x64,0x12,0xFF,0xB0,0x64,0x12,0xFF,
    0xB0,0x64,0x12,0xFF,0xB0,0x64,0x12,0xFF,0xB0,0x64,0x12,0xFF,0xB0,0x64,0x12,0xFF,0xB0,0x64,0x12,0xFF,0xB0,0x64,0x12,0xFF,0xB0,0x64,0x12,0xFF,0xB0,0x64,0x12,0xFF,0xB0,0x64,0x12,0xFF,0xB0,0x64,0x12,0xFF,0xB0,0x64,0x12,0xFF,0xB0,0x64,0x12,0xFF,0xB0,0x64,0x12,0xFF,0xB0,0x64,0x12,0xFF,0xB0,0x64,0x12,0xFF,0xB0,0x64,0x12,0xFF,
    0xB0,0x64,0x12,0xFF,0xB0,0x64,0x12,0xFF,0xB0,0x64,0x12,0xFF,0xB0,0x64,0x12,0xFF,0xB0,0x64,0x12,0xFF,0xB0,0x64,0x12,0xFF,0xB0,0x64,0x12,0xFF,0xB0,0x64,0x12,0xFF,0xB0,0x64,0x12,0xFF,0xB0,0x64,0x12,0xFF,0xB0,0x64,0x12,0xFF,0xB0,0x64,0x12,0xFF,0xB0,0x64,0x12,0xFF,0xB0,0x64,0x12,0xFF,0xB0,0x64,0x12,0xFF,0xB0,0x64,0x12,0xFF,
    0xB0,0x64,0x12,0xFF,0xB0,0x64,0x12,0xFF,0xB0,0x64,0x12,0xFF,0xB0,0x64,0x12,0xFF,0xB0,0x64,0x12,0xFF,0xB0,0x64,0x12,0xFF,0xB0,0x64,0x12,0xFF,0xB0,0x64,0x12,0xFF,0xB0,0x64,0x12,0xFF,0xB0,0x64,0x12,0xFF,0xB0,0x64,0x12,0xFF,0xB0,0x64,0x12,0xFF,0xB0,0x64,0x12,0xFF,0xB0,0x64,0x12,0xFF,0xB0,0x64,0x12,0xFF,0xB0,0x64,0x12,0xFF,
    0xB0,0x64,0x12,0xFF,0xB0,0x64,0x12,0xFF,0xB0,0x64,0x12,0xFF,0xB0,0x64,0x12,0xFF,0xB0,0x64,0x12,0xFF,0xB0,0x64,0x12,0xFF,0xB0,0x64,0x12,0xFF,0xB0,0x64,0x12,0xFF,0xB0,0x64,0x12,0xFF,0xB0,0x64,0x12,0xFF,0xB0,0x64,0x12,0xFF,0xB0,0x64,0x12,0xFF,0xB0,0x64,0x12,0xFF,0xB0,0x64,0x12,0xFF,0xB0,0x64,0x12,0xFF,0xB0,0x64,0x12,0xFF,
    0xB0,0x64,0x12,0xFF,0xB0,0x64,0x12,0xFF,0xB0,0x64,0x12,0xFF,0xB0,0x64,0x12,0xFF,0xB0,0x64,0x12,0xFF,0xB0,0x64,0x12,0xFF,0xB0,0x64,0x12,0xFF,0xB0,0x64,0x12,0xFF,0xB0,0x64,0x12,0xFF,0xB0,0x64,0x12,0xFF,0xB0,0x64,0x12,0xFF,0xB0,0x64,0x12,0xFF,0xB0,0x64,0x12,0xFF,0xB0,0x64,0x12,0xFF,0xB0,0x64,0x12,0xFF,0xB0,0x64,0x12,0xFF,
    0xB0,0x64,0x12,0xFF,0xB0,0x64,0x12,0xFF,0xB0,0x64,0x12,0xFF,0xB0,0x64,0x12,0xFF,0xB0,0x64,0x12,0xFF,0xB0,0x64,0x12,0xFF,0xB0,0x64,0x12,0xFF,0xB0,0x64,0x12,0xFF,0xB0,0x64,0x12,0xFF,0xB0,0x64,0x12,0xFF,0xB0,0x64,0x12,0xFF,0xB0,0x64,0x12,0xFF,0xB0,0x64,0x12,0xFF,0xB0,0x64,0x12,0xFF,0xB0,0x64,0x12,0xFF,0xB0,0x64,0x12,0xFF,
    0xB0,0x64,0x12,0xFF,0xB0,0x64,0x12,0xFF,0xB0,0x64,0x12,0xFF,0xB0,0x64,0x12,0xFF,0xB0,0x64,0x12,0xFF,0xB0,0x64,0x12,0xFF,0xB0,0x64,0x12,0xFF,0xB0,0x64,0x12,0xFF,0xB0,0x64,0x12,0xFF,0xB0,0x64,0x12,0xFF,0xB0,0x64,0x12,0xFF,0xB0,0x64,0x12,0xFF,0xB0,0x64,0x12,0xFF,0xB0,0x64,0x12,0xFF,0xB0,0x64,0x12,0xFF,0xB0,0x64,0x12,0xFF,
    0xB0,0x64,0x12,0xFF,0xB0,0x64,0x12,0xFF,0xB0,0x64,0x12,0xFF,0xB0,0x64,0x12,0xFF,0xB0,0x64,0x12,0xFF,0xB0,0x64,0x12,0xFF,0xB0,0x64,0x12,0xFF,0xB0,0x64,0x12,0xFF,0xB0,0x64,0x12,0xFF,0xB0,0x64,0x12,0xFF,0xB0,0x64,0x12,0xFF,0xB0,0x64,0x12,0xFF,0xB0,0x64,0x12,0xFF,0xB0,0x64,0x12,0xFF,0xB0,0x64,0x12,0xFF,0xB0,0x64,0x12,0xFF,
    0xB0,0x64,0x12,0xFF,0xB0,0x64,0x12,0xFF,0xB0,0x64,0x12,0xFF,0xB0,0x64,0x12,0xFF,0xB0,0x64,0x12,0xFF,0xB0,0x64,0x12,0xFF,0xB0,0x64,0x12,0xFF,0xB0,0x64,0x12,0xFF,0xB0,0x64,0x12,0xFF,0xB0,0x64,0x12,0xFF,0xB0,0x64,0x12,0xFF,0xB0,0x64,0x12,0xFF,0xB0,0x64,0x12,0xFF,0xB0,0x64,0x12,0xFF,0xB0,0x64,0x12,0xFF,0xB0,0x64,0x12,0xFF,
    0xB0,0x64,0x12,0xFF,0xB0,0x64,0x12,0xFF,0xB0,0x64,0x12,0xFF,0xB0,0x64,0x12,0xFF,0xB0,0x64,0x12,0xFF,0xB0,0x64,0x12,0xFF,0xB0,0x64,0x12,0xFF,0xB0,0x64,0x12,0xFF,0xB0,0x64,0x12,0xFF,0xB0,0x64,0x12,0xFF,0xB0,0x64,0x12,0xFF,0xB0,0x64,0x12,0xFF,0xB0,0x64,0x12,0xFF,0xB0,0x64,0x12,0xFF,0xB0,0x64,0x12,0xFF,0xB0,0x64,0x12,0xFF,
    0xB0,0x64,0x12,0xFF,0xB0,0x64,0x12,0xFF,0xB0,0x64,0x12,0xFF,0xB0,0x64,0x12,0xFF,0xB0,0x64,0x12,0xFF,0xB0,0x64,0x12,0xFF,0xB0,0x64,0x12,0xFF,0xB0,0x64,0x12,0xFF,0xB0,0x64,0x12,0xFF,0xB0,0x64,0x12,0xFF,0xB0,0x64,0x12,0xFF,0xB0,0x64,0x12,0xFF,0xB0,0x64,0x12,0xFF,0xB0,0x64,0x12,0xFF,0xB0,0x64,0x12,0xFF,0xB0,0x64,0x12,0xFF,
    0xB0,0x64,0x12,0xFF,0xB0,0x64,0x12,0xFF,0xB0,0x64,0x12,0xFF,0xB0,0x64,0x12,0xFF,0xB0,0x64,0x12,0xFF,0xB0,0x64,0x12,0xFF,0xB0,0x64,0x12,0xFF,0xB0,0x64,0x12,0xFF,0xB0,0x64,0x12,0xFF,0xB0,0x64,0x12,0xFF,0xB0,0x64,0x12,0xFF,0xB0,0x64,0x12,0xFF,0xB0,0x64,0x12,0xFF,0xB0,0x64,0x12,0xFF,0xB0,0x64,0x12,0xFF,0xB0,0x64,0x12,0xFF,
    0xB0,0x64,0x12,0xFF,0xB0,0x64,0x12,0xFF,0xB0,0x64,0x12,0xFF,0xB0,0x64,0x12,0xFF,0xB0,0x64,0x12,0xFF,0xB0,0x64,0x12,0xFF,0xB0,0x64,0x12,0xFF,0xB0,0x64,0x12,0xFF,0xB0,0x64,0x12,0xFF,0xB0,0x64,0x12,0xFF,0xB0,0x64,0x12,0xFF,0xB0,0x64,0x12,0xFF,0xB0,0x64,0x12,0xFF,0xB0,0x64,0x12,0xFF,0xB0,0x64,0x12,0xFF,0xB0,0x64,0x12,0xFF,
    0xB0,0x64,0x12,0xFF,0xB0,0x64,0x12,0xFF,0xB0,0x64,0x12,0xFF,0xB0,0x64,0x12,0xFF,0xB0,0x64,0x12,0xFF,0xB0,0x64,0x12,0xFF,0xB0,0x64,0x12,0xFF,0xB0,0x64,0x12,0xFF,0xB0,0x64,0x12,0xFF,0xB0,0x64,0x12,0xFF,0xB0,0x64,0x12,0xFF,0xB0,0x64,0x12,0xFF,0xB0,0x64,0x12,0xFF,0xB0,0x64,0x12,0xFF,0xB0,0x64,0x12,0xFF,0xB0,0x64,0x12,0xFF,
    0xB0,0x64,0x12,0xFF,0xB0,0x64,0x12,0xFF,0xB0,0x64,0x12,0xFF,0xB0,0x64,0x12,0xFF,0xB0,0x64,0x12,0xFF,0xB0,0x64,0x12,0xFF,0xB0,0x64,0x12,0xFF,0xB0,0x64,0x12,0xFF,0xB0,0x64,0x12,0xFF,0xB0,0x64,0x12,0xFF,0xB0,0x64,0x12,0xFF,0xB0,0x64,0x12,0xFF,0xB0,0x64,0x12,0xFF,0xB0,0x64,0x12,0xFF,0xB0,0x64,0x12,0xFF,0xB0,0x64,0x12,0xFF,
    0xB0,0x64,0x12,0xFF,0xB0,0x64,0x12,0xFF,0xB0,0x64,0x12,0xFF,0xB0,0x64,0x12,0xFF,0xB0,0x64,0x12,0xFF,0xB0,0x64,0x12,0xFF,0xB0,0x64,0x12,0xFF,0xB0,0x64,0x12,0xFF,0xB0,0x64,0x12,0xFF,0xB0,0x64,0x12,0xFF,0xB0,0x64,0x12,0xFF,0xB0,0x64,0x12,0xFF,0xB0,0x64,0x12,0xFF,0xB0,0x64,0x12,0xFF,0xB0,0x64,0x12,0xFF,0xB0,0x64,0x12,0xFF,
    0xB0,0x64,0x12,0xFF,0xB0,0x64,0x12,0xFF,0xB0,0x64,0x12,0xFF,0xB0,0x64,0x12,0xFF,0xB0,0x64,0x12,0xFF,0xB0,0x64,0x12,0xFF,0xB0,0x64,0x12,0xFF,0xB0,0x64,0x12,0xFF,0xB0,0x64,0x12,0xFF,0xB0,0x64,0x12,0xFF,0xB0,0x64,0x12,0xFF,0xB0,0x64,0x12,0xFF,0xB0,0x64,0x12,0xFF,0xB0,0x64,0x12,0xFF,0xB0,0x64,0x12,0xFF,0xB0,0x64,0x12,0xFF,
    0xB0,0x64,0x12,0xFF,0xB0,0x64,0x12,0xFF,0xB0,0x64,0x12,0xFF,0xB0,0x64,0x12,0xFF,0xB0,0x64,0x12,0xFF,0xB0,0x64,0x12,0xFF,0xB0,0x64,0x12,0xFF,0xB0,0x64,0x12,0xFF,0xB0,0x64,0x12,0xFF,0xB0,0x64,0x12,0xFF,0xB0,0x64,0x12,0xFF,0xB0,0x64,0x12,0xFF,0xB0,0x64,0x12,0xFF,0xB0,0x64,0x12,0xFF,0xB0,0x64,0x12,0xFF,0xB0,0x64,0x12,0xFF,
    0xB0,0x64,0x12,0xFF,0xB0,0x64,0x12,0xFF,0xB0,0x64,0x12,0xFF,0xB0,0x64,0x12,0xFF,0xB0,0x64,0x12,0xFF,0xB0,0x64,0x12,0xFF,0xB0,0x64,0x12,0xFF,0xB0,0x64,0x12,0xFF,0xB0,0x64,0x12,0xFF,0xB0,0x64,0x12,0xFF,0xB0,0x64,0x12,0xFF,0xB0,0x64,0x12,0xFF,0xB0,0x64,0x12,0xFF,0xB0,0x64,0x12,0xFF,0xB0,0x64,0x12,0xFF,0xB0,0x64,0x12,0xFF,
    0xB0,0x64,0x12,0xFF,0xB0,0x64,0x12,0xFF,0xB0,0x64,0x12,0xFF,0xB0,0x64,0x12,0xFF,0xB0,0x64,0x12,0xFF,0xB0,0x64,0x12,0xFF,0xB0,0x64,0x12,0xFF,0xB0,0x64,0x12,0xFF,0xB0,0x64,0x12,0xFF,0xB0,0x64,0x12,0xFF,0xB0,0x64,0x12,0xFF,0xB0,0x64,0x12,0xFF,0xB0,0x64,0x12,0xFF,0xB0,0x64,0x12,0xFF,0xB0,0x64,0x12,0xFF,0xB0,0x64,0x12,0xFF,
    0xB0,0x64,0x12,0xFF,0xB0,0x64,0x12,0xFF,0xB0,0x64,0x12,0xFF,0xB0,0x64,0x12,0xFF,0xB0,0x64,0x12,0xFF,0xB0,0x64,0x12,0xFF,0xB0,0x64,0x12,0xFF,0xB0,0x64,0x12,0xFF,0xB0,0x64,0x12,0xFF,0xB0,0x64,0x12,0xFF,0xB0,0x64,0x12,0xFF,0xB0,0x64,0x12,0xFF,0xB0,0x64,0x12,0xFF,0xB0,0x64,0x12,0xFF,0xB0,0x64,0x12,0xFF,0xB0,0x64,0x12,0xFF,
    0xB0,0x64,0x12,0xFF,0xB0,0x64,0x12,0xFF,0xB0,0x64,0x12,0xFF,0xB0,0x64,0x12,0xFF,0xB0,0x64,0x12,0xFF,0xB0,0x64,0x12,0xFF,0xB0,0x64,0x12,0xFF,0xB0,0x64,0x12,0xFF,0xB0,0x64,0x12,0xFF,0xB0,0x64,0x12,0xFF,0xB0,0x64,0x12,0xFF,0xB0,0x64,0x12,0xFF,0xB0,0x64,0x12,0xFF,0xB0,0x64,0x12,0xFF,0xB0,0x64,0x12,0xFF,0xB0,0x64,0x12,0xFF,
    0xB0,0x64,0x12,0xFF,0xB0,0x64,0x12,0xFF,0xB0,0x64,0x12,0xFF,0xB0,0x64,0x12,0xFF,0xB0,0x64,0x12,0xFF,0xB0,0x64,0x12,0xFF,0xB0,0x64,0x12,0xFF,0xB0,0x64,0x12,0xFF,0xB0,0x64,0x12,0xFF,0xB0,0x64,0x12,0xFF,0xB0,0x64,0x12,0xFF,0xB0,0x64,0x12,0xFF,0xB0,0x64,0x12,0xFF,0xB0,0x64,0x12,0xFF,0xB0,0x64,0x12,0xFF,0xB0,0x64,0x12,0xFF,
    0xB0,0x64,0x12,0xFF,0xB0,0x64,0x12,0xFF,0xB0,0x64,0x12,0xFF,0xB0,0x64,0x12,0xFF,0xB0,0x64,0x12,0xFF,0xB0,0x64,0x12,0xFF,0xB0,0x64,0x12,0xFF,0xB0,0x64,0x12,0xFF,0xB0,0x64,0x12,0xFF,0xB0,0x64,0x12,0xFF,0xB0,0x64,0x12,0xFF,0xB0,0x64,0x12,0xFF,0xB0,0x64,0x12,0xFF,0xB0,0x64,0x12,0xFF,0xB0,0x64,0x12,0xFF,0xB0,0x64,0x12,0xFF,
    0xB0,0x64,0x12,0xFF,0xB0,0x64,0x12,0xFF,0xB0,0x64,0x12,0xFF,0xB0,0x64,0x12,0xFF,0xB0,0x64,0x12,0xFF,0xB0,0x64,0x12,0xFF,0xB0,0x64,0x12,0xFF,0xB0,0x64,0x12,0xFF,0xB0,0x64,0x12,0xFF,0xB0,0x64,0x12,0xFF,0xB0,0x64,0x12,0xFF,0xB0,0x64,0x12,0xFF,0xB0,0x64,0x12,0xFF,0xB0,0x64,0x12,0xFF,0xB0,0x64,0x12,0xFF,0xB0,0x64,0x12,0xFF,
    0xB0,0x64,0x12,0xFF,0xB0,0x64,0x12,0xFF,0xB0,0x64,0x12,0xFF,0xB0,0x64,0x12,0xFF,0xB0,0x64,0x12,0xFF,0xB0,0x64,0x12,0xFF,0xB0,0x64,0x12,0xFF,0xB0,0x64,0x12,0xFF,0xB0,0x64,0x12,0xFF,0xB0,0x64,0x12,0xFF,0xB0,0x64,0x12,0xFF,0xB0,0x64,0x12,0xFF,0xB0,0x64,0x12,0xFF,0xB0,0x64,0x12,0xFF,0xB0,0x64,0x12,0xFF,0xB0,0x64,0x12,0xFF,
    0xB0,0x64,0x12,0xFF,0xB0,0x64,0x12,0xFF,0xB0,0x64,0x12,0xFF,0xB0,0x64,0x12,0xFF,0xB0,0x64,0x12,0xFF,0xB0,0x64,0x12,0xFF,0xB0,0x64,0x12,0xFF,0xB0,0x64,0x12,0xFF,0xB0,0x64,0x12,0xFF,0xB0,0x64,0x12,0xFF,0xB0,0x64,0x12,0xFF,0xB0,0x64,0x12,0xFF,0xB0,0x64,0x12,0xFF,0xB0,0x64,0x12,0xFF,0xB0,0x64,0x12,0xFF,0xB0,0x64,0x12,0xFF,
    0xB0,0x64,0x12,0xFF,0xB0,0x64,0x12,0xFF,0xB0,0x64,0x12,0xFF,0xB0,0x64,0x12,0xFF,0xB0,0x64,0x12,0xFF,0xB0,0x64,0x12,0xFF,0xB0,0x64,0x12,0xFF,0xB0,0x64,0x12,0xFF,0xB0,0x64,0x12,0xFF,0xB0,0x64,0x12,0xFF,0xB0,0x64,0x12,0xFF,0xB0,0x64,0x12,0xFF,0xB0,0x64,0x12,0xFF,0xB0,0x64,0x12,0xFF,0xB0,0x64,0x12,0xFF,0xB0,0x64,0x12,0xFF,
    0xB0,0x64,0x12,0xFF,0xB0,0x64,0x12,0xFF,0xB0,0x64,0x12,0xFF,0xB0,0x64,0x12,0xFF,0xB0,0x64,0x12,0xFF,0xB0,0x64,0x12,0xFF,0xB0,0x64,0x12,0xFF,0xB0,0x64,0x12,0xFF,0xB0,0x64,0x12,0xFF,0xB0,0x64,0x12,0xFF,0xB0,0x64,0x12,0xFF,0xB0,0x64,0x12,0xFF,0xB0,0x64,0x12,0xFF,0xB0,0x64,0x12,0xFF,0xB0,0x64,0x12,0xFF,0xB0,0x64,0x12,0xFF,
    0xB0,0x64,0x12,0xFF,0xB0,0x64,0x12,0xFF,0xB0,0x64,0x12,0xFF,0xB0,0x64,0x12,0xFF,0xB0,0x64,0x12,0xFF,0xB0,0x64,0x12,0xFF,0xB0,0x64,0x12,0xFF,0xB0,0x64,0x12,0xFF,0xB0,0x64,0x12,0xFF,0xB0,0x64,0x12,0xFF,0xB0,0x64,0x12,0xFF,0xB0,0x64,0x12,0xFF,0xB0,0x64,0x12,0xFF,0xB0,0x64,0x12,0xFF,0xB0,0x64,0x12,0xFF,0xB0,0x64,0x12,0xFF,
    0xB0,0x64,0x12,0xFF,0xB0,0x64,0x12,0xFF,0xB0,0x64,0x12,0xFF,0xB0,0x64,0x12,0xFF,0xB0,0x64,0x12,0xFF,0xB0,0x64,0x12,0xFF,0xB0,0x64,0x12,0xFF,0xB0,0x64,0x12,0xFF,0xB0,0x64,0x12,0xFF,0xB0,0x64,0x12,0xFF,0xB0,0x64,0x12,0xFF,0xB0,0x64,0x12,0xFF,0xB0,0x64,0x12,0xFF,0xB0,0x64,0x12,0xFF,0xB0,0x64,0x12,0xFF,0xB0,0x64,0x12,0xFF,
    0xB0,0x64,0x12,0xFF,0xB0,0x64,0x12,0xFF,0xB0,0x64,0x12,0xFF,0xB0,0x64,0x12,0xFF,0xB0,0x64,0x12,0xFF,0xB0,0x64,0x12,0xFF,0xB0,0x64,0x12,0xFF,0xB0,0x64,0x12,0xFF,0xB0,0x64,0x12,0xFF,0xB0,0x64,0x12,0xFF,0xB0,0x64,0x12,0xFF,0xB0,0x64,0x12,0xFF,0xB0,0x64,0x12,0xFF,0xB0,0x64,0x12,0xFF,0xB0,0x64,0x12,0xFF,0xB0,0x64,0x12,0xFF,
    0xB0,0x64,0x12,0xFF,0xB0,0x64,0x12,0xFF,0xB0,0x64,0x12,0xFF,0xB0,0x64,0x12,0xFF,0xB0,0x64,0x12,0xFF,0xB0,0x64,0x12,0xFF,0xB0,0x64,0x12,0xFF,0xB0,0x64,0x12,0xFF,0xB0,0x64,0x12,0xFF,0xB0,0x64,0x12,0xFF,0xB0,0x64,0x12,0xFF,0xB0,0x64,0x12,0xFF,0xB0,0x64,0x12,0xFF,0xB0,0x64,0x12,0xFF,0xB0,0x64,0x12,0xFF,0xB0,0x64,0x12,0xFF,
    0xB0,0x64,0x12,0xFF,0xB0,0x64,0x12,0xFF,0xB0,0x64,0x12,0xFF,0xB0,0x64,0x12,0xFF,0xB0,0x64,0x12,0xFF,0xB0,0x64,0x12,0xFF,0xB0,0x64,0x12,0xFF,0xB0,0x64,0x12,0xFF,0xB0,0x64,0x12,0xFF,0xB0,0x64,0x12,0xFF,0xB0,0x64,0x12,0xFF,0xB0,0x64,0x12,0xFF,0xB0,0x64,0x12,0xFF,0xB0,0x64,0x12,0xFF,0xB0,0x64,0x12,0xFF,0xB0,0x64,0x12,0xFF,
    0xB0,0x64,0x12,0xFF,0xB0,0x64,0x12,0xFF,0xB0,0x64,0x12,0xFF,0xB0,0x64,0x12,0xFF,0xB0,0x64,0x12,0xFF,0xB0,0x64,0x12,0xFF,0xB0,0x64,0x12,0xFF,0xB0,0x64,0x12,0xFF,0xB0,0x64,0x12,0xFF,0xB0,0x64,0x12,0xFF,0xB0,0x64,0x12,0xFF,0xB0,0x64,0x12,0xFF,0xB0,0x64,0x12,0xFF,0xB0,0x64,0x12,0xFF,0xB0,0x64,0x12,0xFF,0xB0,0x64,0x12,0xFF,
    0xB0,0x64,0x12,0xFF,0xB0,0x64,0x12,0xFF,0xB0,0x64,0x12,0xFF,0xB0,0x64,0x12,0xFF,0xB0,0x64,0x12,0xFF,0xB0,0x64,0x12,0xFF,0xB0,0x64,0x12,0xFF,0xB0,0x64,0x12,0xFF,0xB0,0x64,0x12,0xFF,0xB0,0x64,0x12,0xFF,0xB0,0x64,0x12,0xFF,0xB0,0x64,0x12,0xFF,0xB0,0x64,0x12,0xFF,0xB0,0x64,0x12,0xFF,0xB0,0x64,0x12,0xFF,0xB0,0x64,0x12,0xFF,
    0xB0,0x64,0x12,0xFF,0xB0,0x64,0x12,0xFF,0xB0,0x64,0x12,0xFF,0xB0,0x64,0x12,0xFF,0xB0,0x64,0x12,0xFF,0xB0,0x64,0x12,0xFF,0xB0,0x64,0x12,0xFF,0xB0,0x64,0x12,0xFF,0xB0,0x64,0x12,0xFF,0xB0,0x64,0x12,0xFF,0xB0,0x64,0x12,0xFF,0xB0,0x64,0x12,0xFF,0xB0,0x64,0x12,0xFF,0xB0,0x64,0x12,0xFF,0xB0,0x64,0x12,0xFF,0xB0,0x64,0x12,0xFF,
    0xB0,0x64,0x12,0xFF,0xB0,0x64,0x12,0xFF,0xB0,0x64,0x12,0xFF,0xB0,0x64,0x12,0xFF,0xB0,0x64,0x12,0xFF,0xB0,0x64,0x12,0xFF,0xB0,0x64,0x12,0xFF,0xB0,0x64,0x12,0xFF,0xB0,0x64,0x12,0xFF,0xB0,0x64,0x12,0xFF,0xB0,0x64,0x12,0xFF,0xB0,0x64,0x12,0xFF,0xB0,0x64,0x12,0xFF,0xB0,0x64,0x12,0xFF,0xB0,0x64,0x12,0xFF,0xB0,0x64,0x12,0xFF,
    0xB0,0x64,0x12,0xFF,0xB0,0x64,0x12,0xFF,0xB0,0x64,0x12,0xFF,0xB0,0x64,0x12,0xFF,0xB0,0x64,0x12,0xFF,0xB0,0x64,0x12,0xFF,0xB0,0x64,0x12,0xFF,0xB0,0x64,0x12,0xFF,0xB0,0x64,0x12,0xFF,0xB0,0x64,0x12,0xFF,0xB0,0x64,0x12,0xFF,0xB0,0x64,0x12,0xFF,0xB0,0x64,0x12,0xFF,0xB0,0x64,0x12,0xFF,0xB0,0x64,0x12,0xFF,0xB0,0x64,0x12,0xFF,
    0xB0,0x64,0x12,0xFF,0xB0,0x64,0x12,0xFF,0xB0,0x64,0x12,0xFF,0xB0,0x64,0x12,0xFF,0xB0,0x64,0x12,0xFF,0xB0,0x64,0x12,0xFF,0xB0,0x64,0x12,0xFF,0xB0,0x64,0x12,0xFF,0xB0,0x64,0x12,0xFF,0xB0,0x64,0x12,0xFF,0xB0,0x64,0x12,0xFF,0xB0,0x64,0x12,0xFF,0xB0,0x64,0x12,0xFF,0xB0,0x64,0x12,0xFF,0xB0,0x64,0x12,0xFF,0xB0,0x64,0x12,0xFF,
    0xB0,0x64,0x12,0xFF,0xB0,0x64,0x12,0xFF,0xB0,0x64,0x12,0xFF,0xB0,0x64,0x12,0xFF,0xB0,0x64,0x12,0xFF,0xB0,0x64,0x12,0xFF,0xB0,0x64,0x12,0xFF,0xB0,0x64,0x12,0xFF,0xB0,0x64,0x12,0xFF,0xB0,0x64,0x12,0xFF,0xB0,0x64,0x12,0xFF,0xB0,0x64,0x12,0xFF,0xB0,0x64,0x12,0xFF,0xB0,0x64,0x12,0xFF,0xB0,0x64,0x12,0xFF,0xB0,0x64,0x12,0xFF,
    0xB0,0x64,0x12,0xFF,0xB0,0x64,0x12,0xFF,0xB0,0x64,0x12,0xFF,0xB0,0x64,0x12,0xFF,0xB0,0x64,0x12,0xFF,0xB0,0x64,0x12,0xFF,0xB0,0x64,0x12,0xFF,0xB0,0x64,0x12,0xFF,0xB0,0x64,0x12,0xFF,0xB0,0x64,0x12,0xFF,0xB0,0x64,0x12,0xFF,0xB0,0x64,0x12,0xFF,0xB0,0x64,0x12,0xFF,0xB0,0x64,0x12,0xFF,0xB0,0x64,0x12,0xFF,0xB0,0x64,0x12,0xFF,
    0xB0,0x64,0x12,0xFF,0xB0,0x64,0x12,0xFF,0xB0,0x64,0x12,0xFF,0xB0,0x64,0x12,0xFF,0xB0,0x64,0x12,0xFF,0xB0,0x64,0x12,0xFF,0xB0,0x64,0x12,0xFF,0xB0,0x64,0x12,0xFF,0xB0,0x64,0x12,0xFF,0xB0,0x64,0x12,0xFF,0xB0,0x64,0x12,0xFF,0xB0,0x64,0x12,0xFF,0xB0,0x64,0x12,0xFF,0xB0,0x64,0x12,0xFF,0xB0,0x64,0x12,0xFF,0xB0,0x64,0x12,0xFF,
    0xB0,0x64,0x12,0xFF,0xB0,0x64,0x12,0xFF,0xB0,0x64,0x12,0xFF,0xB0,0x64,0x12,0xFF,0xB0,0x64,0x12,0xFF,0xB0,0x64,0x12,0xFF,0xB0,0x64,0x12,0xFF,0xB0,0x64,0x12,0xFF,0xB0,0x64,0x12,0xFF,0xB0,0x64,0x12,0xFF,0xB0,0x64,0x12,0xFF,0xB0,0x64,0x12,0xFF,0xB0,0x64,0x12,0xFF,0xB0,0x64,0x12,0xFF,0xB0,0x64,0x12,0xFF,0xB0,0x64,0x12,0xFF,
    0xB0,0x64,0x12,0xFF,0xB0,0x64,0x12,0xFF,0xB0,0x64,0x12,0xFF,0xB0,0x64,0x12,0xFF,0xB0,0x64,0x12,0xFF,0xB0,0x64,0x12,0xFF,0xB0,0x64,0x12,0xFF,0xB0,0x64,0x12,0xFF,0xB0,0x64,0x12,0xFF,0xB0,0x64,0x12,0xFF,0xB0,0x64,0x12,0xFF,0xB0,0x64,0x12,0xFF,0xB0,0x64,0x12,0xFF,0xB0,0x64,0x12,0xFF,0xB0,0x64,0x12,0xFF,0xB0,0x64,0x12,0xFF,
    0xB0,0x64,0x12,0xFF,0xB0,0x64,0x12,0xFF,0xB0,0x64,0x12,0xFF,0xB0,0x64,0x12,0xFF,0xB0,0x64,0x12,0xFF,0xB0,0x64,0x12,0xFF,0xB0,0x64,0x12,0xFF,0xB0,0x64,0x12,0xFF,0xB0,0x64,0x12,0xFF,0xB0,0x64,0x12,0xFF,0xB0,0x64,0x12,0xFF,0xB0,0x64,0x12,0xFF,0xB0,0x64,0x12,0xFF,0xB0,0x64,0x12,0xFF,0xB0,0x64,0x12,0xFF,0xB0,0x64,0x12,0xFF,
    0xB0,0x64,0x12,0xFF,0xB0,0x64,0x12,0xFF,0xB0,0x64,0x12,0xFF,0xB0,0x64,0x12,0xFF,0xB0,0x64,0x12,0xFF,0xB0,0x64,0x12,0xFF,0xB0,0x64,0x12,0xFF,0xB0,0x64,0x12,0xFF,0xB0,0x64,0x12,0xFF,0xB0,0x64,0x12,0xFF,0xB0,0x64,0x12,0xFF,0xB0,0x64,0x12,0xFF,0xB0,0x64,0x12,0xFF,0xB0,0x64,0x12,0xFF,0xB0,0x64,0x12,0xFF,0xB0,0x64,0x12,0xFF,
    0xB0,0x64,0x12,0xFF,0xB0,0x64,0x12,0xFF,0xB0,0x64,0x12,0xFF,0xB0,0x64,0x12,0xFF,0xB0,0x64,0x12,0xFF,0xB0,0x64,0x12,0xFF,0xB0,0x64,0x12,0xFF,0xB0,0x64,0x12,0xFF,0xB0,0x64,0x12,0xFF,0xB0,0x64,0x12,0xFF,0xB0,0x64,0x12,0xFF,0xB0,0x64,0x12,0xFF,0xB0,0x64,0x12,0xFF,0xB0,0x64,0x12,0xFF,0xB0,0x64,0x12,0xFF,0xB0,0x64,0x12,0xFF,
    0xB0,0x64,0x12,0xFF,0xB0,0x64,0x12,0xFF,0xB0,0x64,0x12,0xFF,0xB0,0x64,0x12,0xFF,0xB0,0x64,0x12,0xFF,0xB0,0x64,0x12,0xFF,0xB0,0x64,0x12,0xFF,0xB0,0x64,0x12,0xFF,0xB0,0x64,0x12,0xFF,0xB0,0x64,0x12,0xFF,0xB0,0x64,0x12,0xFF,0xB0,0x64,0x12,0xFF,0xB0,0x64,0x12,0xFF,0xB0,0x64,0x12,0xFF,0xB0,0x64,0x12,0xFF,0xB0,0x64,0x12,0xFF,
    0xB0,0x64,0x12,0xFF,0xB0,0x64,0x12,0xFF,0xB0,0x64,0x12,0xFF,0xB0,0x64,0x12,0xFF,0xB0,0x64,0x12,0xFF,0xB0,0x64,0x12,0xFF,0xB0,0x64,0x12,0xFF,0xB0,0x64,0x12,0xFF,0xB0,0x64,0x12,0xFF,0xB0,0x64,0x12,0xFF,0xB0,0x64,0x12,0xFF,0xB0,0x64,0x12,0xFF,0xB0,0x64,0x12,0xFF,0xB0,0x64,0x12,0xFF,0xB0,0x64,0x12,0xFF,0xB0,0x64,0x12,0xFF,
    0xB0,0x64,0x12,0xFF,0xB0,0x64,0x12,0xFF,0xB0,0x64,0x12,0xFF,0xB0,0x64,0x12,0xFF,0xB0,0x64,0x12,0xFF,0xB0,0x64,0x12,0xFF,0xB0,0x64,0x12,0xFF,0xB0,0x64,0x12,0xFF,0xB0,0x64,0x12,0xFF,0xB0,0x64,0x12,0xFF,0xB0,0x64,0x12,0xFF,0xB0,0x64,0x12,0xFF,0xB0,0x64,0x12,0xFF,0xB0,0x64,0x12,0xFF,0xB0,0x64,0x12,0xFF,0xB0,0x64,0x12,0xFF,
    0xB0,0x64,0x12,0xFF,0xB0,0x64,0x12,0xFF,0xB0,0x64,0x12,0xFF,0xB0,0x64,0x12,0xFF,0xB0,0x64,0x12,0xFF,0xB0,0x64,0x12,0xFF,0xB0,0x64,0x12,0xFF,0xB0,0x64,0x12,0xFF,0xB0,0x64,0x12,0xFF,0xB0,0x64,0x12,0xFF,0xB0,0x64,0x12,0xFF,0xB0,0x64,0x12,0xFF,0xB0,0x64,0x12,0xFF,0xB0,0x64,0x12,0xFF,0xB0,0x64,0x12,0xFF,0xB0,0x64,0x12,0xFF,
    0xB0,0x64,0x12,0xFF,0xB0,0x64,0x12,0xFF,0xB0,0x64,0x12,0xFF,0xB0,0x64,0x12,0xFF,0xB0,0x64,0x12,0xFF,0xB0,0x64,0x12,0xFF,0xB0,0x64,0x12,0xFF,0xB0,0x64,0x12,0xFF,0xB0,0x64,0x12,0xFF,0xB0,0x64,0x12,0xFF,0xB0,0x64,0x12,0xFF,0xB0,0x64,0x12,0xFF,0xB0,0x64,0x12,0xFF,0xB0,0x64,0x12,0xFF,0xB0,0x64,0x12,0xFF,0xB0,0x64,0x12,0xFF,
    0xB0,0x64,0x12,0xFF,0xB0,0x64,0x12,0xFF,0xB0,0x64,0x12,0xFF,0xB0,0x64,0x12,0xFF,0xB0,0x64,0x12,0xFF,0xB0,0x64,0x12,0xFF,0xB0,0x64,0x12,0xFF,0xB0,0x64,0x12,0xFF,0xB0,0x64,0x12,0xFF,0xB0,0x64,0x12,0xFF,0xB0,0x64,0x12,0xFF,0xB0,0x64,0x12,0xFF,0xB0,0x64,0x12,0xFF,0xB0,0x64,0x12,0xFF,0xB0,0x64,0x12,0xFF,0xB0,0x64,0x12,0xFF,
    0xB0,0x64,0x12,0xFF,0xB0,0x64,0x12,0xFF,0xB0,0x64,0x12,0xFF,0xB0,0x64,0x12,0xFF,0xB0,0x64,0x12,0xFF,0xB0,0x64,0x12,0xFF,0xB0,0x64,0x12,0xFF,0xB0,0x64,0x12,0xFF,0xB0,0x64,0x12,0xFF,0xB0,0x64,0x12,0xFF,0xB0,0x64,0x12,0xFF,0xB0,0x64,0x12,0xFF,0xB0,0x64,0x12,0xFF,0xB0,0x64,0x12,0xFF,0xB0,0x64,0x12,0xFF,0xB0,0x64,0x12,0xFF,
    0xB0,0x64,0x12,0xFF,0xB0,0x64,0x12,0xFF,0xB0,0x64,0x12,0xFF,0xB0,0x64,0x12,0xFF,0xB0,0x64,0x12,0xFF,0xB0,0x64,0x12,0xFF,0xB0,0x64,0x12,0xFF,0xB0,0x64,0x12,0xFF,0xB0,0x64,0x12,0xFF,0xB0,0x64,0x12,0xFF,0xB0,0x64,0x12,0xFF,0xB0,0x64,0x12,0xFF,0xB0,0x64,0x12,0xFF,0xB0,0x64,0x12,0xFF,0xB0,0x64,0x12,0xFF,0xB0,0x64,0x12,0xFF,
    0xB0,0x64,0x12,0xFF,0xB0,0x64,0x12,0xFF,0xB0,0x64,0x12,0xFF,0xB0,0x64,0x12,0xFF,0xB0,0x64,0x12,0xFF,0xB0,0x64,0x12,0xFF,0xB0,0x64,0x12,0xFF,0xB0,0x64,0x12,0xFF,0xB0,0x64,0x12,0xFF,0xB0,0x64,0x12,0xFF,0xB0,0x64,0x12,0xFF,0xB0,0x64,0x12,0xFF,0xB0,0x64,0x12,0xFF,0xB0,0x64,0x12,0xFF,0xB0,0x64,0x12,0xFF,0xB0,0x64,0x12,0xFF,
    0xB0,0x64,0x12,0xFF,0xB0,0x64,0x12,0xFF,0xB0,0x64,0x12,0xFF,0xB0,0x64,0x12,0xFF,0xB0,0x64,0x12,0xFF,0xB0,0x64,0x12,0xFF,0xB0,0x64,0x12,0xFF,0xB0,0x64,0x12,0xFF,0xB0,0x64,0x12,0xFF,0xB0,0x64,0x12,0xFF,0xB0,0x64,0x12,0xFF,0xB0,0x64,0x12,0xFF,0xB0,0x64,0x12,0xFF,0xB0,0x64,0x12,0xFF,0xB0,0x64,0x12,0xFF,0xB0,0x64,0x12,0xFF,
    0xB0,0x64,0x12,0xFF,0xB0,0x64,0x12,0xFF,0xB0,0x64,0x12,0xFF,0xB0,0x64,0x12,0xFF,0xB0,0x64,0x12,0xFF,0xB0,0x64,0x12,0xFF,0xB0,0x64,0x12,0xFF,0xB0,0x64,0x12,0xFF,0xB0,0x64,0x12,0xFF,0xB0,0x64,0x12,0xFF,0xB0,0x64,0x12,0xFF,0xB0,0x64,0x12,0xFF,0xB0,0x64,0x12,0xFF,0xB0,0x64,0x12,0xFF,0xB0,0x64,0x12,0xFF,0xB0,0x64,0x12,0xFF,
    0xB0,0x64,0x12,0xFF,0xB0,0x64,0x12,0xFF,0xB0,0x64,0x12,0xFF,0xB0,0x64,0x12,0xFF,0xB0,0x64,0x12,0xFF,0xB0,0x64,0x12,0xFF,0xB0,0x64,0x12,0xFF,0xB0,0x64,0x12,0xFF,0xB0,0x64,0x12,0xFF,0xB0,0x64,0x12,0xFF,0xB0,0x64,0x12,0xFF,0xB0,0x64,0x12,0xFF,0xB0,0x64,0x12,0xFF,0xB0,0x64,0x12,0xFF,0xB0,0x64,0x12,0xFF,0xB0,0x64,0x12,0xFF,
    0xB0,0x64,0x12,0xFF,0xB0,0x64,0x12,0xFF,0xB0,0x64,0x12,0xFF,0xB0,0x64,0x12,0xFF,0xB0,0x64,0x12,0xFF,0xB0,0x64,0x12,0xFF,0xB0,0x64,0x12,0xFF,0xB0,0x64,0x12,0xFF,0xB0,0x64,0x12,0xFF,0xB0,0x64,0x12,0xFF,0xB0,0x64,0x12,0xFF,0xB0,0x64,0x12,0xFF,0xB0,0x64,0x12,0xFF,0xB0,0x64,0x12,0xFF,0xB0,0x64,0x12,0xFF,0xB0,0x64,0x12,0xFF,
    0xB0,0x64,0x12,0xFF,0xB0,0x64,0x12,0xFF,0xB0,0x64,0x12,0xFF,0xB0,0x64,0x12,0xFF,0xB0,0x64,0x12,0xFF,0xB0,0x64,0x12,0xFF,0xB0,0x64,0x12,0xFF,0xB0,0x64,0x12,0xFF,0xB0,0x64,0x12,0xFF,0xB0,0x64,0x12,0xFF,0xB0,0x64,0x12,0xFF,0xB0,0x64,0x12,0xFF,0xB0,0x64,0x12,0xFF,0xB0,0x64,0x12,0xFF,0xB0,0x64,0x12,0xFF,0xB0,0x64,0x12,0xFF,
    0xB0,0x64,0x12,0xFF,0xB0,0x64,0x12,0xFF,0xB0,0x64,0x12,0xFF,0xB0,0x64,0x12,0xFF,0xB0,0x64,0x12,0xFF,0xB0,0x64,0x12,0xFF,0xB0,0x64,0x12,0xFF,0xB0,0x64,0x12,0xFF,0xB0,0x64,0x12,0xFF,0xB0,0x64,0x12,0xFF,0xB0,0x64,0x12,0xFF,0xB0,0x64,0x12,0xFF,0xB0,0x64,0x12,0xFF,0xB0,0x64,0x12,0xFF,0xB0,0x64,0x12,0xFF,0xB0,0x64,0x12,0xFF,
    0xB0,0x64,0x12,0xFF,0xB0,0x64,0x12,0xFF,0xB0,0x64,0x12,0xFF,0xB0,0x64,0x12,0xFF,0xB0,0x64,0x12,0xFF,0xB0,0x64,0x12,0xFF,0xB0,0x64,0x12,0xFF,0xB0,0x64,0x12,0xFF,0xB0,0x64,0x12,0xFF,0xB0,0x64,0x12,0xFF,0xB0,0x64,0x12,0xFF,0xB0,0x64,0x12,0xFF,0xB0,0x64,0x12,0xFF,0xB0,0x64,0x12,0xFF,0xB0,0x64,0x12,0xFF,0xB0,0x64,0x12,0xFF,
    0xB0,0x64,0x12,0xFF,0xB0,0x64,0x12,0xFF,0xB0,0x64,0x12,0xFF,0xB0,0x64,0x12,0xFF,0xB0,0x64,0x12,0xFF,0xB0,0x64,0x12,0xFF,0xB0,0x64,0x12,0xFF,0xB0,0x64,0x12,0xFF,0xB0,0x64,0x12,0xFF,0xB0,0x64,0x12,0xFF,0xB0,0x64,0x12,0xFF,0xB0,0x64,0x12,0xFF,0xB0,0x64,0x12,0xFF,0xB0,0x64,0x12,0xFF,0xB0,0x64,0x12,0xFF,0xB0,0x64,0x12,0xFF,
    0xB0,0x64,0x12,0xFF,0xB0,0x64,0x12,0xFF,0xB0,0x64,0x12,0xFF,0xB0,0x64,0x12,0xFF,0xB0,0x64,0x12,0xFF,0xB0,0x64,0x12,0xFF,0xB0,0x64,0x12,0xFF,0xB0,0x64,0x12,0xFF,0xB0,0x64,0x12,0xFF,0xB0,0x64,0x12,0xFF,0xB0,0x64,0x12,0xFF,0xB0,0x64,0x12,0xFF,0xB0,0x64,0x12,0xFF,0xB0,0x64,0x12,0xFF,0xB0,0x64,0x12,0xFF,0xB0,0x64,0x12,0xFF,
    0xB0,0x64,0x12,0xFF,0xB0,0x64,0x12,0xFF,0xB0,0x64,0x12,0xFF,0xB0,0x64,0x12,0xFF,0xB0,0x64,0x12,0xFF,0xB0,0x64,0x12,0xFF,0xB0,0x64,0x12,0xFF,0xB0,0x64,0x12,0xFF,0xB0,0x64,0x12,0xFF,0xB0,0x64,0x12,0xFF,0xB0,0x64,0x12,0xFF,0xB0,0x64,0x12,0xFF,0xB0,0x64,0x12,0xFF,0xB0,0x64,0x12,0xFF,0xB0,0x64,0x12,0xFF,0xB0,0x64,0x12,0xFF,
    0xB0,0x64,0x12,0xFF,0xB0,0x64,0x12,0xFF,0xB0,0x64,0x12,0xFF,0xB0,0x64,0x12,0xFF,0xB0,0x64,0x12,0xFF,0xB0,0x64,0x12,0xFF,0xB0,0x64,0x12,0xFF,0xB0,0x64,0x12,0xFF,0xB0,0x64,0x12,0xFF,0xB0,0x64,0x12,0xFF,0xB0,0x64,0x12,0xFF,0xB0,0x64,0x12,0xFF,0xB0,0x64,0x12,0xFF,0xB0,0x64,0x12,0xFF,0xB0,0x64,0x12,0xFF,0xB0,0x64,0x12,0xFF,
    0xB0,0x64,0x12,0xFF,0xB0,0x64,0x12,0xFF,0xB0,0x64,0x12,0xFF,0xB0,0x64,0x12,0xFF,0xB0,0x64,0x12,0xFF,0xB0,0x64,0x12,0xFF,0xB0,0x64,0x12,0xFF,0xB0,0x64,0x12,0xFF,0xB0,0x64,0x12,0xFF,0xB0,0x64,0x12,0xFF,0xB0,0x64,0x12,0xFF,0xB0,0x64,0x12,0xFF,0xB0,0x64,0x12,0xFF,0xB0,0x64,0x12,0xFF,0xB0,0x64,0x12,0xFF,0xB0,0x64,0x12,0xFF,
    0xB0,0x64,0x12,0xFF,0xB0,0x64,0x12,0xFF,0xB0,0x64,0x12,0xFF,0xB0,0x64,0x12,0xFF,0xB0,0x64,0x12,0xFF,0xB0,0x64,0x12,0xFF,0xB0,0x64,0x12,0xFF,0xB0,0x64,0x12,0xFF,0xB0,0x64,0x12,0xFF,0xB0,0x64,0x12,0xFF,0xB0,0x64,0x12,0xFF,0xB0,0x64,0x12,0xFF,0xB0,0x64,0x12,0xFF,0xB0,0x64,0x12,0xFF,0xB0,0x64,0x12,0xFF,0xB0,0x64,0x12,0xFF,
    0xB0,0x64,0x12,0xFF,0xB0,0x64,0x12,0xFF,0xB0,0x64,0x12,0xFF,0xB0,0x64,0x12,0xFF,0xB0,0x64,0x12,0xFF,0xB0,0x64,0x12,0xFF,0xB0,0x64,0x12,0xFF,0xB0,0x64,0x12,0xFF,0xB0,0x64,0x12,0xFF,0xB0,0x64,0x12,0xFF,0xB0,0x64,0x12,0xFF,0xB0,0x64,0x12,0xFF,0xB0,0x64,0x12,0xFF,0xB0,0x64,0x12,0xFF,0xB0,0x64,0x12,0xFF,0xB0,0x64,0x12,0xFF,
    0xB0,0x64,0x12,0xFF,0xB0,0x64,0x12,0xFF,0xB0,0x64,0x12,0xFF,0xB0,0x64,0x12,0xFF,0xB0,0x64,0x12,0xFF,0xB0,0x64,0x12,0xFF,0xB0,0x64,0x12,0xFF,0xB0,0x64,0x12,0xFF,0xB0,0x64,0x12,0xFF,0xB0,0x64,0x12,0xFF,0xB0,0x64,0x12,0xFF,0xB0,0x64,0x12,0xFF,0xB0,0x64,0x12,0xFF,0xB0,0x64,0x12,0xFF,0xB0,0x64,0x12,0xFF,0xB0,0x64,0x12,0xFF,
    0xB0,0x64,0x12,0xFF,0xB0,0x64,0x12,0xFF,0xB0,0x64,0x12,0xFF,0xB0,0x64,0x12,0xFF,0xB0,0x64,0x12,0xFF,0xB0,0x64,0x12,0xFF,0xB0,0x64,0x12,0xFF,0xB0,0x64,0x12,0xFF,0xB0,0x64,0x12,0xFF,0xB0,0x64,0x12,0xFF,0xB0,0x64,0x12,0xFF,0xB0,0x64,0x12,0xFF,0xB0,0x64,0x12,0xFF,0xB0,0x64,0x12,0xFF,0xB0,0x64,0x12,0xFF,0xB0,0x64,0x12,0xFF,
    0xB0,0x64,0x12,0xFF,0xB0,0x64,0x12,0xFF,0xB0,0x64,0x12,0xFF,0xB0,0x64,0x12,0xFF,0xB0,0x64,0x12,0xFF,0xB0,0x64,0x12,0xFF,0xB0,0x64,0x12,0xFF,0xB0,0x64,0x12,0xFF,0xB0,0x64,0x12,0xFF,0xB0,0x64,0x12,0xFF,0xB0,0x64,0x12,0xFF,0xB0,0x64,0x12,0xFF,0xB0,0x64,0x12,0xFF,0xB0,0x64,0x12,0xFF,0xB0,0x64,0x12,0xFF,0xB0,0x64,0x12,0xFF,
    0xB0,0x64,0x12,0xFF,0xB0,0x64,0x12,0xFF,0xB0,0x64,0x12,0xFF,0xB0,0x64,0x12,0xFF,0xB0,0x64,0x12,0xFF,0xB0,0x64,0x12,0xFF,0xB0,0x64,0x12,0xFF,0xB0,0x64,0x12,0xFF,0xB0,0x64,0x12,0xFF,0xB0,0x64,0x12,0xFF,0xB0,0x64,0x12,0xFF,0xB0,0x64,0x12,0xFF,0xB0,0x64,0x12,0xFF,0xB0,0x64,0x12,0xFF,0xB0,0x64,0x12,0xFF,0xB0,0x64,0x12,0xFF,
    0xB0,0x64,0x12,0xFF,0xB0,0x64,0x12,0xFF,0xB0,0x64,0x12,0xFF,0xB0,0x64,0x12,0xFF,0xB0,0x64,0x12,0xFF,0xB0,0x64,0x12,0xFF,0xB0,0x64,0x12,0xFF,0xB0,0x64,0x12,0xFF,0xB0,0x64,0x12,0xFF,0xB0,0x64,0x12,0xFF,0xB0,0x64,0x12,0xFF,0xB0,0x64,0x12,0xFF,0xB0,0x64,0x12,0xFF,0xB0,0x64,0x12,0xFF,0xB0,0x64,0x12,0xFF,0xB0,0x64,0x12,0xFF,
    0xB0,0x64,0x12,0xFF,0xB0,0x64,0x12,0xFF,0xB0,0x64,0x12,0xFF,0xB0,0x64,0x12,0xFF,0xB0,0x64,0x12,0xFF,0xB0,0x64,0x12,0xFF,0xB0,0x64,0x12,0xFF,0xB0,0x64,0x12,0xFF,0xB0,0x64,0x12,0xFF,0xB0,0x64,0x12,0xFF,0xB0,0x64,0x12,0xFF,0xB0,0x64,0x12,0xFF,0xB0,0x64,0x12,0xFF,0xB0,0x64,0x12,0xFF,0xB0,0x64,0x12,0xFF,0xB0,0x64,0x12,0xFF,
    0xB0,0x64,0x12,0xFF,0xB0,0x64,0x12,0xFF,0xB0,0x64,0x12,0xFF,0xB0,0x64,0x12,0xFF,0xB0,0x64,0x12,0xFF,0xB0,0x64,0x12,0xFF,0xB0,0x64,0x12,0xFF,0xB0,0x64,0x12,0xFF,0xB0,0x64,0x12,0xFF,0xB0,0x64,0x12,0xFF,0xB0,0x64,0x12,0xFF,0xB0,0x64,0x12,0xFF,0xB0,0x64,0x12,0xFF,0xB0,0x64,0x12,0xFF,0xB0,0x64,0x12,0xFF,0xB0,0x64,0x12,0xFF,
    0xB0,0x64,0x12,0xFF,0xB0,0x64,0x12,0xFF,0xB0,0x64,0x12,0xFF,0xB0,0x64,0x12,0xFF,0xB0,0x64,0x12,0xFF,0xB0,0x64,0x12,0xFF,0xB0,0x64,0x12,0xFF,0xB0,0x64,0x12,0xFF,0xB0,0x64,0x12,0xFF,0xB0,0x64,0x12,0xFF,0xB0,0x64,0x12,0xFF,0xB0,0x64,0x12,0xFF,0xB0,0x64,0x12,0xFF,0xB0,0x64,0x12,0xFF,0xB0,0x64,0x12,0xFF,0xB0,0x64,0x12,0xFF,
    0xB0,0x64,0x12,0xFF,0xB0,0x64,0x12,0xFF,0xB0,0x64,0x12,0xFF,0xB0,0x64,0x12,0xFF,0xB0,0x64,0x12,0xFF,0xB0,0x64,0x12,0xFF,0xB0,0x64,0x12,0xFF,0xB0,0x64,0x12,0xFF,0xB0,0x64,0x12,0xFF,0xB0,0x64,0x12,0xFF,0xB0,0x64,0x12,0xFF,0xB0,0x64,0x12,0xFF,0xB0,0x64,0x12,0xFF,0xB0,0x64,0x12,0xFF,0xB0,0x64,0x12,0xFF,0xB0,0x64,0x12,0xFF,
    0xB0,0x64,0x12,0xFF,0xB0,0x64,0x12,0xFF,0xB0,0x64,0x12,0xFF,0xB0,0x64,0x12,0xFF,0xB0,0x64,0x12,0xFF,0xB0,0x64,0x12,0xFF,0xB0,0x64,0x12,0xFF,0xB0,0x64,0x12,0xFF,0xB0,0x64,0x12,0xFF,0xB0,0x64,0x12,0xFF,0xB0,0x64,0x12,0xFF,0xB0,0x64,0x12,0xFF,0xB0,0x64,0x12,0xFF,0xB0,0x64,0x12,0xFF,0xB0,0x64,0x12,0xFF,0xB0,0x64,0x12,0xFF,
    0xB0,0x64,0x12,0xFF,0xB0,0x64,0x12,0xFF,0xB0,0x64,0x12,0xFF,0xB0,0x64,0x12,0xFF,0xB0,0x64,0x12,0xFF,0xB0,0x64,0x12,0xFF,0xB0,0x64,0x12,0xFF,0xB0,0x64,0x12,0xFF,0xB0,0x64,0x12,0xFF,0xB0,0x64,0x12,0xFF,0xB0,0x64,0x12,0xFF,0xB0,0x64,0x12,0xFF,0xB0,0x64,0x12,0xFF,0xB0,0x64,0x12,0xFF,0xB0,0x64,0x12,0xFF,0xB0,0x64,0x12,0xFF,
    0xB0,0x64,0x12,0xFF,0xB0,0x64,0x12,0xFF,0xB0,0x64,0x12,0xFF,0xB0,0x64,0x12,0xFF,0xB0,0x64,0x12,0xFF,0xB0,0x64,0x12,0xFF,0xB0,0x64,0x12,0xFF,0xB0,0x64,0x12,0xFF,0xB0,0x64,0x12,0xFF,0xB0,0x64,0x12,0xFF,0xB0,0x64,0x12,0xFF,0xB0,0x64,0x12,0xFF,0xB0,0x64,0x12,0xFF,0xB0,0x64,0x12,0xFF,0xB0,0x64,0x12,0xFF,0xB0,0x64,0x12,0xFF,
    0xB0,0x64,0x12,0xFF,0xB0,0x64,0x12,0xFF,0xB0,0x64,0x12,0xFF,0xB0,0x64,0x12,0xFF,0xB0,0x64,0x12,0xFF,0xB0,0x64,0x12,0xFF,0xB0,0x64,0x12,0xFF,0xB0,0x64,0x12,0xFF,0xB0,0x64,0x12,0xFF,0xB0,0x64,0x12,0xFF,0xB0,0x64,0x12,0xFF,0xB0,0x64,0x12,0xFF,0xB0,0x64,0x12,0xFF,0xB0,0x64,0x12,0xFF,0xB0,0x64,0x12,0xFF,0xB0,0x64,0x12,0xFF,
    0xB0,0x64,0x12,0xFF,0xB0,0x64,0x12,0xFF,0xB0,0x64,0x12,0xFF,0xB0,0x64,0x12,0xFF,0xB0,0x64,0x12,0xFF,0xB0,0x64,0x12,0xFF,0xB0,0x64,0x12,0xFF,0xB0,0x64,0x12,0xFF,0xB0,0x64,0x12,0xFF,0xB0,0x64,0x12,0xFF,0xB0,0x64,0x12,0xFF,0xB0,0x64,0x12,0xFF,0xB0,0x64,0x12,0xFF,0xB0,0x64,0x12,0xFF,0xB0,0x64,0x12,0xFF,0xB0,0x64,0x12,0xFF,
    0xB0,0x64,0x12,0xFF,0xB0,0x64,0x12,0xFF,0xB0,0x64,0x12,0xFF,0xB0,0x64,0x12,0xFF,0xB0,0x64,0x12,0xFF,0xB0,0x64,0x12,0xFF,0xB0,0x64,0x12,0xFF,0xB0,0x64,0x12,0xFF,0xB0,0x64,0x12,0xFF,0xB0,0x64,0x12,0xFF,0xB0,0x64,0x12,0xFF,0xB0,0x64,0x12,0xFF,0xB0,0x64,0x12,0xFF,0xB0,0x64,0x12,0xFF,0xB0,0x64,0x12,0xFF,0xB0,0x64,0x12,0xFF,
    0xB0,0x64,0x12,0xFF,0xB0,0x64,0x12,0xFF,0xB0,0x64,0x12,0xFF,0xB0,0x64,0x12,0xFF,0xB0,0x64,0x12,0xFF,0xB0,0x64,0x12,0xFF,0xB0,0x64,0x12,0xFF,0xB0,0x64,0x12,0xFF,0xB0,0x64,0x12,0xFF,0xB0,0x64,0x12,0xFF,0xB0,0x64,0x12,0xFF,0xB0,0x64,0x12,0xFF,0xB0,0x64,0x12,0xFF,0xB0,0x64,0x12,0xFF,0xB0,0x64,0x12,0xFF,0xB0,0x64,0x12,0xFF,
    0xB0,0x64,0x12,0xFF,0xB0,0x64,0x12,0xFF,0xB0,0x64,0x12,0xFF,0xB0,0x64,0x12,0xFF,0xB0,0x64,0x12,0xFF,0xB0,0x64,0x12,0xFF,0xB0,0x64,0x12,0xFF,0xB0,0x64,0x12,0xFF,0xB0,0x64,0x12,0xFF,0xB0,0x64,0x12,0xFF,0xB0,0x64,0x12,0xFF,0xB0,0x64,0x12,0xFF,0xB0,0x64,0x12,0xFF,0xB0,0x64,0x12,0xFF,0xB0,0x64,0x12,0xFF,0xB0,0x64,0x12,0xFF,
    0xB0,0x64,0x12,0xFF,0xB0,0x64,0x12,0xFF,0xB0,0x64,0x12,0xFF,0xB0,0x64,0x12,0xFF,0xB0,0x64,0x12,0xFF,0xB0,0x64,0x12,0xFF,0xB0,0x64,0x12,0xFF,0xB0,0x64,0x12,0xFF,0xB0,0x64,0x12,0xFF,0xB0,0x64,0x12,0xFF,0xB0,0x64,0x12,0xFF,0xB0,0x64,0x12,0xFF,0xB0,0x64,0x12,0xFF,0xB0,0x64,0x12,0xFF,0xB0,0x64,0x12,0xFF,0xB0,0x64,0x12,0xFF,
    0xB0,0x64,0x12,0xFF,0xB0,0x64,0x12,0xFF,0xB0,0x64,0x12,0xFF,0xB0,0x64,0x12,0xFF,0xB0,0x64,0x12,0xFF,0xB0,0x64,0x12,0xFF,0xB0,0x64,0x12,0xFF,0xB0,0x64,0x12,0xFF,0xB0,0x64,0x12,0xFF,0xB0,0x64,0x12,0xFF,0xB0,0x64,0x12,0xFF,0xB0,0x64,0x12,0xFF,0xB0,0x64,0x12,0xFF,0xB0,0x64,0x12,0xFF,0xB0,0x64,0x12,0xFF,0xB0,0x64,0x12,0xFF,
    0xB0,0x64,0x12,0xFF,0xB0,0x64,0x12,0xFF,0xB0,0x64,0x12,0xFF,0xB0,0x64,0x12,0xFF,0xB0,0x64,0x12,0xFF,0xB0,0x64,0x12,0xFF,0xB0,0x64,0x12,0xFF,0xB0,0x64,0x12,0xFF,0xB0,0x64,0x12,0xFF,0xB0,0x64,0x12,0xFF,0xB0,0x64,0x12,0xFF,0xB0,0x64,0x12,0xFF,0xB0,0x64,0x12,0xFF,0xB0,0x64,0x12,0xFF,0xB0,0x64,0x12,0xFF,0xB0,0x64,0x12,0xFF,
    0xB0,0x64,0x12,0xFF,0xB0,0x64,0x12,0xFF,0xB0,0x64,0x12,0xFF,0xB0,0x64,0x12,0xFF,0xB0,0x64,0x12,0xFF,0xB0,0x64,0x12,0xFF,0xB0,0x64,0x12,0xFF,0xB0,0x64,0x12,0xFF,0xB0,0x64,0x12,0xFF,0xB0,0x64,0x12,0xFF,0xB0,0x64,0x12,0xFF,0xB0,0x64,0x12,0xFF,0xB0,0x64,0x12,0xFF,0xB0,0x64,0x12,0xFF,0xB0,0x64,0x12,0xFF,0xB0,0x64,0x12,0xFF,
    0xB0,0x64,0x12,0xFF,0xB0,0x64,0x12,0xFF,0xB0,0x64,0x12,0xFF,0xB0,0x64,0x12,0xFF,0xB0,0x64,0x12,0xFF,0xB0,0x64,0x12,0xFF,0xB0,0x64,0x12,0xFF,0xB0,0x64,0x12,0xFF,0xB0,0x64,0x12,0xFF,0xB0,0x64,0x12,0xFF,0xB0,0x64,0x12,0xFF,0xB0,0x64,0x12,0xFF,0xB0,0x64,0x12,0xFF,0xB0,0x64,0x12,0xFF,0xB0,0x64,0x12,0xFF,0xB0,0x64,0x12,0xFF,
    0xB0,0x64,0x12,0xFF,0xB0,0x64,0x12,0xFF,0xB0,0x64,0x12,0xFF,0xB0,0x64,0x12,0xFF,0xB0,0x64,0x12,0xFF,0xB0,0x64,0x12,0xFF,0xB0,0x64,0x12,0xFF,0xB0,0x64,0x12,0xFF,0xB0,0x64,0x12,0xFF,0xB0,0x64,0x12,0xFF,0xB0,0x64,0x12,0xFF,0xB0,0x64,0x12,0xFF,0xB0,0x64,0x12,0xFF,0xB0,0x64,0x12,0xFF,0xB0,0x64,0x12,0xFF,0xB0,0x64,0x12,0xFF,
    0xB0,0x64,0x12,0xFF,0xB0,0x64,0x12,0xFF,0xB0,0x64,0x12,0xFF,0xB0,0x64,0x12,0xFF,0xB0,0x64,0x12,0xFF,0xB0,0x64,0x12,0xFF,0xB0,0x64,0x12,0xFF,0xB0,0x64,0x12,0xFF,0xB0,0x64,0x12,0xFF,0xB0,0x64,0x12,0xFF,0xB0,0x64,0x12,0xFF,0xB0,0x64,0x12,0xFF,0xB0,0x64,0x12,0xFF,0xB0,0x64,0x12,0xFF,0xB0,0x64,0x12,0xFF,0xB0,0x64,0x12,0xFF,
    0xB0,0x64,0x12,0xFF,0xB0,0x64,0x12,0xFF,0xB0,0x64,0x12,0xFF,0xB0,0x64,0x12,0xFF,0xB0,0x64,0x12,0xFF,0xB0,0x64,0x12,0xFF,0xB0,0x64,0x12,0xFF,0xB0,0x64,0x12,0xFF,0xB0,0x64,0x12,0xFF,0xB0,0x64,0x12,0xFF,0xB0,0x64,0x12,0xFF,0xB0,0x64,0x12,0xFF,0xB0,0x64,0x12,0xFF,0xB0,0x64,0x12,0xFF,0xB0,0x64,0x12,0xFF,0xB0,0x64,0x12,0xFF,
    0xB0,0x64,0x12,0xFF,0xB0,0x64,0x12,0xFF,0xB0,0x64,0x12,0xFF,0xB0,0x64,0x12,0xFF,0xB0,0x64,0x12,0xFF,0xB0,0x64,0x12,0xFF,0xB0,0x64,0x12,0xFF,0xB0,0x64,0x12,0xFF,0xB0,0x64,0x12,0xFF,0xB0,0x64,0x12,0xFF,0xB0,0x64,0x12,0xFF,0xB0,0x64,0x12,0xFF,0xB0,0x64,0x12,0xFF,0xB0,0x64,0x12,0xFF,0xB0,0x64,0x12,0xFF,0xB0,0x64,0x12,0xFF,
    0xB0,0x64,0x12,0xFF,0xB0,0x64,0x12,0xFF,0xB0,0x64,0x12,0xFF,0xB0,0x64,0x12,0xFF,0xB0,0x64,0x12,0xFF,0xB0,0x64,0x12,0xFF,0xB0,0x64,0x12,0xFF,0xB0,0x64,0x12,0xFF,0xB0,0x64,0x12,0xFF,0xB0,0x64,0x12,0xFF,0xB0,0x64,0x12,0xFF,0xB0,0x64,0x12,0xFF,0xB0,0x64,0x12,0xFF,0xB0,0x64,0x12,0xFF,0xB0,0x64,0x12,0xFF,0xB0,0x64,0x12,0xFF,
    0xB0,0x64,0x12,0xFF,0xB0,0x64,0x12,0xFF,0xB0,0x64,0x12,0xFF,0xB0,0x64,0x12,0xFF,0xB0,0x64,0x12,0xFF,0xB0,0x64,0x12,0xFF,0xB0,0x64,0x12,0xFF,0xB0,0x64,0x12,0xFF,0xB0,0x64,0x12,0xFF,0xB0,0x64,0x12,0xFF,0xB0,0x64,0x12,0xFF,0xB0,0x64,0x12,0xFF,0xB0,0x64,0x12,0xFF,0xB0,0x64,0x12,0xFF,0xB0,0x64,0x12,0xFF,0xB0,0x64,0x12,0xFF,
    0xB0,0x64,0x12,0xFF,0xB0,0x64,0x12,0xFF,0xB0,0x64,0x12,0xFF,0xB0,0x64,0x12,0xFF,0xB0,0x64,0x12,0xFF,0xB0,0x64,0x12,0xFF,0xB0,0x64,0x12,0xFF,0xB0,0x64,0x12,0xFF,0xB0,0x64,0x12,0xFF,0xB0,0x64,0x12,0xFF,0xB0,0x64,0x12,0xFF,0xB0,0x64,0x12,0xFF,0xB0,0x64,0x12,0xFF,0xB0,0x64,0x12,0xFF,0xB0,0x64,0x12,0xFF,0xB0,0x64,0x12,0xFF,
    0xB0,0x64,0x12,0xFF,0xB0,0x64,0x12,0xFF,0xB0,0x64,0x12,0xFF,0xB0,0x64,0x12,0xFF,0xB0,0x64,0x12,0xFF,0xB0,0x64,0x12,0xFF,0xB0,0x64,0x12,0xFF,0xB0,0x64,0x12,0xFF,0xB0,0x64,0x12,0xFF,0xB0,0x64,0x12,0xFF,0xB0,0x64,0x12,0xFF,0xB0,0x64,0x12,0xFF,0xB0,0x64,0x12,0xFF,0xB0,0x64,0x12,0xFF,0xB0,0x64,0x12,0xFF,0xB0,0x64,0x12,0xFF,
    0xB0,0x64,0x12,0xFF,0xB0,0x64,0x12,0xFF,0xB0,0x64,0x12,0xFF,0xB0,0x64,0x12,0xFF,0xB0,0x64,0x12,0xFF,0xB0,0x64,0x12,0xFF,0xB0,0x64,0x12,0xFF,0xB0,0x64,0x12,0xFF,0xB0,0x64,0x12,0xFF,0xB0,0x64,0x12,0xFF,0xB0,0x64,0x12,0xFF,0xB0,0x64,0x12,0xFF,0xB0,0x64,0x12,0xFF,0xB0,0x64,0x12,0xFF,0xB0,0x64,0x12,0xFF,0xB0,0x64,0x12,0xFF,
    0xB0,0x64,0x12,0xFF,0xB0,0x64,0x12,0xFF,0xB0,0x64,0x12,0xFF,0xB0,0x64,0x12,0xFF,0xB0,0x64,0x12,0xFF,0xB0,0x64,0x12,0xFF,0xB0,0x64,0x12,0xFF,0xB0,0x64,0x12,0xFF,0xB0,0x64,0x12,0xFF,0xB0,0x64,0x12,0xFF,0xB0,0x64,0x12,0xFF,0xB0,0x64,0x12,0xFF,0xB0,0x64,0x12,0xFF,0xB0,0x64,0x12,0xFF,0xB0,0x64,0x12,0xFF,0xB0,0x64,0x12,0xFF,
    0xB0,0x64,0x12,0xFF,0xB0,0x64,0x12,0xFF,0xB0,0x64,0x12,0xFF,0xB0,0x64,0x12,0xFF,0xB0,0x64,0x12,0xFF,0xB0,0x64,0x12,0xFF,0xB0,0x64,0x12,0xFF,0xB0,0x64,0x12,0xFF,0xB0,0x64,0x12,0xFF,0xB0,0x64,0x12,0xFF,0xB0,0x64,0x12,0xFF,0xB0,0x64,0x12,0xFF,0xB0,0x64,0x12,0xFF,0xB0,0x64,0x12,0xFF,0xB0,0x64,0x12,0xFF,0xB0,0x64,0x12,0xFF,
    0xB0,0x64,0x12,0xFF,0xB0,0x64,0x12,0xFF,0xB0,0x64,0x12,0xFF,0xB0,0x64,0x12,0xFF,0xB0,0x64,0x12,0xFF,0xB0,0x64,0x12,0xFF,0xB0,0x64,0x12,0xFF,0xB0,0x64,0x12,0xFF,0xB0,0x64,0x12,0xFF,0xB0,0x64,0x12,0xFF,0xB0,0x64,0x12,0xFF,0xB0,0x64,0x12,0xFF,0xB0,0x64,0x12,0xFF,0xB0,0x64,0x12,0xFF,0xB0,0x64,0x12,0xFF,0xB0,0x64,0x12,0xFF,
    0xB0,0x64,0x12,0xFF,0xB0,0x64,0x12,0xFF,0xB0,0x64,0x12,0xFF,0xB0,0x64,0x12,0xFF,0xB0,0x64,0x12,0xFF,0xB0,0x64,0x12,0xFF,0xB0,0x64,0x12,0xFF,0xB0,0x64,0x12,0xFF,0xB0,0x64,0x12,0xFF,0xB0,0x64,0x12,0xFF,0xB0,0x64,0x12,0xFF,0xB0,0x64,0x12,0xFF,0xB0,0x64,0x12,0xFF,0xB0,0x64,0x12,0xFF,0xB0,0x64,0x12,0xFF,0xB0,0x64,0x12,0xFF,
    0xB0,0x64,0x12,0xFF,0xB0,0x64,0x12,0xFF,0xB0,0x64,0x12,0xFF,0xB0,0x64,0x12,0xFF,0xB0,0x64,0x12,0xFF,0xB0,0x64,0x12,0xFF,0xB0,0x64,0x12,0xFF,0xB0,0x64,0x12,0xFF,0xB0,0x64,0x12,0xFF,0xB0,0x64,0x12,0xFF,0xB0,0x64,0x12,0xFF,0xB0,0x64,0x12,0xFF,0xB0,0x64,0x12,0xFF,0xB0,0x64,0x12,0xFF,0xB0,0x64,0x12,0xFF,0xB0,0x64,0x12,0xFF,
    0xB0,0x64,0x12,0xFF,0xB0,0x64,0x12,0xFF,0xB0,0x64,0x12,0xFF,0xB0,0x64,0x12,0xFF,0xB0,0x64,0x12,0xFF,0xB0,0x64,0x12,0xFF,0xB0,0x64,0x12,0xFF,0xB0,0x64,0x12,0xFF,0xB0,0x64,0x12,0xFF,0xB0,0x64,0x12,0xFF,0xB0,0x64,0x12,0xFF,0xB0,0x64,0x12,0xFF,0xB0,0x64,0x12,0xFF,0xB0,0x64,0x12,0xFF,0xB0,0x64,0x12,0xFF,0xB0,0x64,0x12,0xFF,
    0xB0,0x64,0x12,0xFF,0xB0,0x64,0x12,0xFF,0xB0,0x64,0x12,0xFF,0xB0,0x64,0x12,0xFF,0xB0,0x64,0x12,0xFF,0xB0,0x64,0x12,0xFF,0xB0,0x64,0x12,0xFF,0xB0,0x64,0x12,0xFF,0xB0,0x64,0x12,0xFF,0xB0,0x64,0x12,0xFF,0xB0,0x64,0x12,0xFF,0xB0,0x64,0x12,0xFF,0xB0,0x64,0x12,0xFF,0xB0,0x64,0x12,0xFF,0xB0,0x64,0x12,0xFF,0xB0,0x64,0x12,0xFF,
    0xB0,0x64,0x12,0xFF,0xB0,0x64,0x12,0xFF,0xB0,0x64,0x12,0xFF,0xB0,0x64,0x12,0xFF,0xB0,0x64,0x12,0xFF,0xB0,0x64,0x12,0xFF,0xB0,0x64,0x12,0xFF,0xB0,0x64,0x12,0xFF,0xB0,0x64,0x12,0xFF,0xB0,0x64,0x12,0xFF,0xB0,0x64,0x12,0xFF,0xB0,0x64,0x12,0xFF,0xB0,0x64,0x12,0xFF,0xB0,0x64,0x12,0xFF,0xB0,0x64,0x12,0xFF,0xB0,0x64,0x12,0xFF,
    0xB0,0x64,0x12,0xFF,0xB0,0x64,0x12,0xFF,0xB0,0x64,0x12,0xFF,0xB0,0x64,0x12,0xFF,0xB0,0x64,0x12,0xFF,0xB0,0x64,0x12,0xFF,0xB0,0x64,0x12,0xFF,0xB0,0x64,0x12,0xFF,0xB0,0x64,0x12,0xFF,0xB0,0x64,0x12,0xFF,0xB0,0x64,0x12,0xFF,0xB0,0x64,0x12,0xFF,0xB0,0x64,0x12,0xFF,0xB0,0x64,0x12,0xFF,0xB0,0x64,0x12,0xFF,0xB0,0x64,0x12,0xFF,
    0xB0,0x64,0x12,0xFF,0xB0,0x64,0x12,0xFF,0xB0,0x64,0x12,0xFF,0xB0,0x64,0x12,0xFF,0xB0,0x64,0x12,0xFF,0xB0,0x64,0x12,0xFF,0xB0,0x64,0x12,0xFF,0xB0,0x64,0x12,0xFF,0xB0,0x64,0x12,0xFF,0xB0,0x64,0x12,0xFF,0xB0,0x64,0x12,0xFF,0xB0,0x64,0x12,0xFF,0xB0,0x64,0x12,0xFF,0xB0,0x64,0x12,0xFF,0xB0,0x64,0x12,0xFF,0xB0,0x64,0x12,0xFF,
    0xB0,0x64,0x12,0xFF,0xB0,0x64,0x12,0xFF,0xB0,0x64,0x12,0xFF,0xB0,0x64,0x12,0xFF,0xB0,0x64,0x12,0xFF,0xB0,0x64,0x12,0xFF,0xB0,0x64,0x12,0xFF,0xB0,0x64,0x12,0xFF,0xB0,0x64,0x12,0xFF,0xB0,0x64,0x12,0xFF,0xB0,0x64,0x12,0xFF,0xB0,0x64,0x12,0xFF,0xB0,0x64,0x12,0xFF,0xB0,0x64,0x12,0xFF,0xB0,0x64,0x12,0xFF,0xB0,0x64,0x12,0xFF,
    0xB0,0x64,0x12,0xFF,0xB0,0x64,0x12,0xFF,0xB0,0x64,0x12,0xFF,0xB0,0x64,0x12,0xFF,0xB0,0x64,0x12,0xFF,0xB0,0x64,0x12,0xFF,0xB0,0x64,0x12,0xFF,0xB0,0x64,0x12,0xFF,0xB0,0x64,0x12,0xFF,0xB0,0x64,0x12,0xFF,0xB0,0x64,0x12,0xFF,0xB0,0x64,0x12,0xFF,0xB0,0x64,0x12,0xFF,0xB0,0x64,0x12,0xFF,0xB0,0x64,0x12,0xFF,0xB0,0x64,0x12,0xFF,
    0xB0,0x64,0x12,0xFF,0xB0,0x64,0x12,0xFF,0xB0,0x64,0x12,0xFF,0xB0,0x64,0x12,0xFF,0xB0,0x64,0x12,0xFF,0xB0,0x64,0x12,0xFF,0xB0,0x64,0x12,0xFF,0xB0,0x64,0x12,0xFF,0xB0,0x64,0x12,0xFF,0xB0,0x64,0x12,0xFF,0xB0,0x64,0x12,0xFF,0xB0,0x64,0x12,0xFF,0xB0,0x64,0x12,0xFF,0xB0,0x64,0x12,0xFF,0xB0,0x64,0x12,0xFF,0xB0,0x64,0x12,0xFF,
    0xB0,0x64,0x12,0xFF,0xB0,0x64,0x12,0xFF,0xB0,0x64,0x12,0xFF,0xB0,0x64,0x12,0xFF,0xB0,0x64,0x12,0xFF,0xB0,0x64,0x12,0xFF,0xB0,0x64,0x12,0xFF,0xB0,0x64,0x12,0xFF,0xB0,0x64,0x12,0xFF,0xB0,0x64,0x12,0xFF,0xB0,0x64,0x12,0xFF,0xB0,0x64,0x12,0xFF,0xB0,0x64,0x12,0xFF,0xB0,0x64,0x12,0xFF,0xB0,0x64,0x12,0xFF,0xB0,0x64,0x12,0xFF,
    0xB0,0x64,0x12,0xFF,0xB0,0x64,0x12,0xFF,0xB0,0x64,0x12,0xFF,0xB0,0x64,0x12,0xFF,0xB0,0x64,0x12,0xFF,0xB0,0x64,0x12,0xFF,0xB0,0x64,0x12,0xFF,0xB0,0x64,0x12,0xFF,0xB0,0x64,0x12,0xFF,0xB0,0x64,0x12,0xFF,0xB0,0x64,0x12,0xFF,0xB0,0x64,0x12,0xFF,0xB0,0x64,0x12,0xFF,0xB0,0x64,0x12,0xFF,0xB0,0x64,0x12,0xFF,0xB0,0x64,0x12,0xFF,
    0xB0,0x64,0x12,0xFF,0xB0,0x64,0x12,0xFF,0xB0,0x64,0x12,0xFF,0xB0,0x64,0x12,0xFF,0xB0,0x64,0x12,0xFF,0xB0,0x64,0x12,0xFF,0xB0,0x64,0x12,0xFF,0xB0,0x64,0x12,0xFF,0xB0,0x64,0x12,0xFF,0xB0,0x64,0x12,0xFF,0xB0,0x64,0x12,0xFF,0xB0,0x64,0x12,0xFF,0xB0,0x64,0x12,0xFF,0xB0,0x64,0x12,0xFF,0xB0,0x64,0x12,0xFF,0xB0,0x64,0x12,0xFF,
    0xB0,0x64,0x12,0xFF,0xB0,0x64,0x12,0xFF,0xB0,0x64,0x12,0xFF,0xB0,0x64,0x12,0xFF,0xB0,0x64,0x12,0xFF,0xB0,0x64,0x12,0xFF,0xB0,0x64,0x12,0xFF,0xB0,0x64,0x12,0xFF,0xB0,0x64,0x12,0xFF,0xB0,0x64,0x12,0xFF,0xB0,0x64,0x12,0xFF,0xB0,0x64,0x12,0xFF,0xB0,0x64,0x12,0xFF,0xB0,0x64,0x12,0xFF,0xB0,0x64,0x12,0xFF,0xB0,0x64,0x12,0xFF,
    0xB0,0x64,0x12,0xFF,0xB0,0x64,0x12,0xFF,0xB0,0x64,0x12,0xFF,0xB0,0x64,0x12,0xFF,0xB0,0x64,0x12,0xFF,0xB0,0x64,0x12,0xFF,0xB0,0x64,0x12,0xFF,0xB0,0x64,0x12,0xFF,0xB0,0x64,0x12,0xFF,0xB0,0x64,0x12,0xFF,0xB0,0x64,0x12,0xFF,0xB0,0x64,0x12,0xFF,0xB0,0x64,0x12,0xFF,0xB0,0x64,0x12,0xFF,0xB0,0x64,0x12,0xFF,0xB0,0x64,0x12,0xFF,
    0xB0,0x64,0x12,0xFF,0xB0,0x64,0x12,0xFF,0xB0,0x64,0x12,0xFF,0xB0,0x64,0x12,0xFF,0xB0,0x64,0x12,0xFF,0xB0,0x64,0x12,0xFF,0xB0,0x64,0x12,0xFF,0xB0,0x64,0x12,0xFF,0xB0,0x64,0x12,0xFF,0xB0,0x64,0x12,0xFF,0xB0,0x64,0x12,0xFF,0xB0,0x64,0x12,0xFF,0xB0,0x64,0x12,0xFF,0xB0,0x64,0x12,0xFF,0xB0,0x64,0x12,0xFF,0xB0,0x64,0x12,0xFF,
    0xB0,0x64,0x12,0xFF,0xB0,0x64,0x12,0xFF,0xB0,0x64,0x12,0xFF,0xB0,0x64,0x12,0xFF,0xB0,0x64,0x12,0xFF,0xB0,0x64,0x12,0xFF,0xB0,0x64,0x12,0xFF,0xB0,0x64,0x12,0xFF,0xB0,0x64,0x12,0xFF,0xB0,0x64,0x12,0xFF,0xB0,0x64,0x12,0xFF,0xB0,0x64,0x12,0xFF,0xB0,0x64,0x12,0xFF,0xB0,0x64,0x12,0xFF,0xB0,0x64,0x12,0xFF,0xB0,0x64,0x12,0xFF,
    0xB0,0x64,0x12,0xFF,0xB0,0x64,0x12,0xFF,0xB0,0x64,0x12,0xFF,0xB0,0x64,0x12,0xFF,0xB0,0x64,0x12,0xFF,0xB0,0x64,0x12,0xFF,0xB0,0x64,0x12,0xFF,0xB0,0x64,0x12,0xFF,0xB0,0x64,0x12,0xFF,0xB0,0x64,0x12,0xFF,0xB0,0x64,0x12,0xFF,0xB0,0x64,0x12,0xFF,0xB0,0x64,0x12,0xFF,0xB0,0x64,0x12,0xFF,0xB0,0x64,0x12,0xFF,0xB0,0x64,0x12,0xFF,
    0xB0,0x64,0x12,0xFF,0xB0,0x64,0x12,0xFF,0xB0,0x64,0x12,0xFF,0xB0,0x64,0x12,0xFF,0xB0,0x64,0x12,0xFF,0xB0,0x64,0x12,0xFF,0xB0,0x64,0x12,0xFF,0xB0,0x64,0x12,0xFF,0xB0,0x64,0x12,0xFF,0xB0,0x64,0x12,0xFF,0xB0,0x64,0x12,0xFF,0xB0,0x64,0x12,0xFF,0xB0,0x64,0x12,0xFF,0xB0,0x64,0x12,0xFF,0xB0,0x64,0x12,0xFF,0xB0,0x64,0x12,0xFF,
    0xB0,0x64,0x12,0xFF,0xB0,0x64,0x12,0xFF,0xB0,0x64,0x12,0xFF,0xB0,0x64,0x12,0xFF,0xB0,0x64,0x12,0xFF,0xB0,0x64,0x12,0xFF,0xB0,0x64,0x12,0xFF,0xB0,0x64,0x12,0xFF,0xB0,0x64,0x12,0xFF,0xB0,0x64,0x12,0xFF,0xB0,0x64,0x12,0xFF,0xB0,0x64,0x12,0xFF,0xB0,0x64,0x12,0xFF,0xB0,0x64,0x12,0xFF,0xB0,0x64,0x12,0xFF,0xB0,0x64,0x12,0xFF,
    0xB0,0x64,0x12,0xFF,0xB0,0x64,0x12,0xFF,0xB0,0x64,0x12,0xFF,0xB0,0x64,0x12,0xFF,0xB0,0x64,0x12,0xFF,0xB0,0x64,0x12,0xFF,0xB0,0x64,0x12,0xFF,0xB0,0x64,0x12,0xFF,0xB0,0x64,0x12,0xFF,0xB0,0x64,0x12,0xFF,0xB0,0x64,0x12,0xFF,0xB0,0x64,0x12,0xFF,0xB0,0x64,0x12,0xFF,0xB0,0x64,0x12,0xFF,0xB0,0x64,0x12,0xFF,0xB0,0x64,0x12,0xFF,
    0xB0,0x64,0x12,0xFF,0xB0,0x64,0x12,0xFF,0xB0,0x64,0x12,0xFF,0xB0,0x64,0x12,0xFF,0xB0,0x64,0x12,0xFF,0xB0,0x64,0x12,0xFF,0xB0,0x64,0x12,0xFF,0xB0,0x64,0x12,0xFF,0xB0,0x64,0x12,0xFF,0xB0,0x64,0x12,0xFF,0xB0,0x64,0x12,0xFF,0xB0,0x64,0x12,0xFF,0xB0,0x64,0x12,0xFF,0xB0,0x64,0x12,0xFF,0xB0,0x64,0x12,0xFF,0xB0,0x64,0x12,0xFF,
    0xB0,0x64,0x12,0xFF,0xB0,0x64,0x12,0xFF,0xB0,0x64,0x12,0xFF,0xB0,0x64,0x12,0xFF,0xB0,0x64,0x12,0xFF,0xB0,0x64,0x12,0xFF,0xB0,0x64,0x12,0xFF,0xB0,0x64,0x12,0xFF,0xB0,0x64,0x12,0xFF,0xB0,0x64,0x12,0xFF,0xB0,0x64,0x12,0xFF,0xB0,0x64,0x12,0xFF,0xB0,0x64,0x12,0xFF,0xB0,0x64,0x12,0xFF,0xB0,0x64,0x12,0xFF,0xB0,0x64,0x12,0xFF,
    0xB0,0x64,0x12,0xFF,0xB0,0x64,0x12,0xFF,0xB0,0x64,0x12,0xFF,0xB0,0x64,0x12,0xFF,0xB0,0x64,0x12,0xFF,0xB0,0x64,0x12,0xFF,0xB0,0x64,0x12,0xFF,0xB0,0x64,0x12,0xFF,0xB0,0x64,0x12,0xFF,0xB0,0x64,0x12,0xFF,0xB0,0x64,0x12,0xFF,0xB0,0x64,0x12,0xFF,0xB0,0x64,0x12,0xFF,0xB0,0x64,0x12,0xFF,0xB0,0x64,0x12,0xFF,0xB0,0x64,0x12,0xFF,
    0xB0,0x64,0x12,0xFF,0xB0,0x64,0x12,0xFF,0xB0,0x64,0x12,0xFF,0xB0,0x64,0x12,0xFF,0xB0,0x64,0x12,0xFF,0xB0,0x64,0x12,0xFF,0xB0,0x64,0x12,0xFF,0xB0,0x64,0x12,0xFF,0xB0,0x64,0x12,0xFF,0xB0,0x64,0x12,0xFF,0xB0,0x64,0x12,0xFF,0xB0,0x64,0x12,0xFF,0xB0,0x64,0x12,0xFF,0xB0,0x64,0x12,0xFF,0xB0,0x64,0x12,0xFF,0xB0,0x64,0x12,0xFF,
    0xB0,0x64,0x12,0xFF,0xB0,0x64,0x12,0xFF,0xB0,0x64,0x12,0xFF,0xB0,0x64,0x12,0xFF,0xB0,0x64,0x12,0xFF,0xB0,0x64,0x12,0xFF,0xB0,0x64,0x12,0xFF,0xB0,0x64,0x12,0xFF,0xB0,0x64,0x12,0xFF,0xB0,0x64,0x12,0xFF,0xB0,0x64,0x12,0xFF,0xB0,0x64,0x12,0xFF,0xB0,0x64,0x12,0xFF,0xB0,0x64,0x12,0xFF,0xB0,0x64,0x12,0xFF,0xB0,0x64,0x12,0xFF,
    0xB0,0x64,0x12,0xFF,0xB0,0x64,0x12,0xFF,0xB0,0x64,0x12,0xFF,0xB0,0x64,0x12,0xFF,0xB0,0x64,0x12,0xFF,0xB0,0x64,0x12,0xFF,0xB0,0x64,0x12,0xFF,0xB0,0x64,0x12,0xFF,0xB0,0x64,0x12,0xFF,0xB0,0x64,0x12,0xFF,0xB0,0x64,0x12,0xFF,0xB0,0x64,0x12,0xFF,0xB0,0x64,0x12,0xFF,0xB0,0x64,0x12,0xFF,0xB0,0x64,0x12,0xFF,0xB0,0x64,0x12,0xFF,
    0xB0,0x64,0x12,0xFF,0xB0,0x64,0x12,0xFF,0xB0,0x64,0x12,0xFF,0xB0,0x64,0x12,0xFF,0xB0,0x64,0x12,0xFF,0xB0,0x64,0x12,0xFF,0xB0,0x64,0x12,0xFF,0xB0,0x64,0x12,0xFF,0xB0,0x64,0x12,0xFF,0xB0,0x64,0x12,0xFF,0xB0,0x64,0x12,0xFF,0xB0,0x64,0x12,0xFF,0xB0,0x64,0x12,0xFF,0xB0,0x64,0x12,0xFF,0xB0,0x64,0x12,0xFF,0xB0,0x64,0x12,0xFF,
    0xB0,0x64,0x12,0xFF,0xB0,0x64,0x12,0xFF,0xB0,0x64,0x12,0xFF,0xB0,0x64,0x12,0xFF,0xB0,0x64,0x12,0xFF,0xB0,0x64,0x12,0xFF,0xB0,0x64,0x12,0xFF,0xB0,0x64,0x12,0xFF,0xB0,0x64,0x12,0xFF,0xB0,0x64,0x12,0xFF,0xB0,0x64,0x12,0xFF,0xB0,0x64,0x12,0xFF,0xB0,0x64,0x12,0xFF,0xB0,0x64,0x12,0xFF,0xB0,0x64,0x12,0xFF,0xB0,0x64,0x12,0xFF,
    0xB0,0x64,0x12,0xFF,0xB0,0x64,0x12,0xFF,0xB0,0x64,0x12,0xFF,0xB0,0x64,0x12,0xFF,0xB0,0x64,0x12,0xFF,0xB0,0x64,0x12,0xFF,0xB0,0x64,0x12,0xFF,0xB0,0x64,0x12,0xFF,0xB0,0x64,0x12,0xFF,0xB0,0x64,0x12,0xFF,0xB0,0x64,0x12,0xFF,0xB0,0x64,0x12,0xFF,0xB0,0x64,0x12,0xFF,0xB0,0x64,0x12,0xFF,0xB0,0x64,0x12,0xFF,0xB0,0x64,0x12,0xFF,
    0xB0,0x64,0x12,0xFF,0xB0,0x64,0x12,0xFF,0xB0,0x64,0x12,0xFF,0xB0,0x64,0x12,0xFF,0xB0,0x64,0x12,0xFF,0xB0,0x64,0x12,0xFF,0xB0,0x64,0x12,0xFF,0xB0,0x64,0x12,0xFF,0xB0,0x64,0x12,0xFF,0xB0,0x64,0x12,0xFF,0xB0,0x64,0x12,0xFF,0xB0,0x64,0x12,0xFF,0xB0,0x64,0x12,0xFF,0xB0,0x64,0x12,0xFF,0xB0,0x64,0x12,0xFF,0xB0,0x64,0x12,0xFF,
    0xB0,0x64,0x12,0xFF,0xB0,0x64,0x12,0xFF,0xB0,0x64,0x12,0xFF,0xB0,0x64,0x12,0xFF,0xB0,0x64,0x12,0xFF,0xB0,0x64,0x12,0xFF,0xB0,0x64,0x12,0xFF,0xB0,0x64,0x12,0xFF,0xB0,0x64,0x12,0xFF,0xB0,0x64,0x12,0xFF,0xB0,0x64,0x12,0xFF,0xB0,0x64,0x12,0xFF,0xB0,0x64,0x12,0xFF,0xB0,0x64,0x12,0xFF,0xB0,0x64,0x12,0xFF,0xB0,0x64,0x12,0xFF,
    0xB0,0x64,0x12,0xFF,0xB0,0x64,0x12,0xFF,0xB0,0x64,0x12,0xFF,0xB0,0x64,0x12,0xFF,0xB0,0x64,0x12,0xFF,0xB0,0x64,0x12,0xFF,0xB0,0x64,0x12,0xFF,0xB0,0x64,0x12,0xFF,0xB0,0x64,0x12,0xFF,0xB0,0x64,0x12,0xFF,0xB0,0x64,0x12,0xFF,0xB0,0x64,0x12,0xFF,0xB0,0x64,0x12,0xFF,0xB0,0x64,0x12,0xFF,0xB0,0x64,0x12,0xFF,0xB0,0x64,0x12,0xFF,
    0xB0,0x64,0x12,0xFF,0xB0,0x64,0x12,0xFF,0xB0,0x64,0x12,0xFF,0xB0,0x64,0x12,0xFF,0xB0,0x64,0x12,0xFF,0xB0,0x64,0x12,0xFF,0xB0,0x64,0x12,0xFF,0xB0,0x64,0x12,0xFF,0xB0,0x64,0x12,0xFF,0xB0,0x64,0x12,0xFF,0xB0,0x64,0x12,0xFF,0xB0,0x64,0x12,0xFF,0xB0,0x64,0x12,0xFF,0xB0,0x64,0x12,0xFF,0xB0,0x64,0x12,0xFF,0xB0,0x64,0x12,0xFF,
    0xB0,0x64,0x12,0xFF,0xB0,0x64,0x12,0xFF,0xB0,0x64,0x12,0xFF,0xB0,0x64,0x12,0xFF,0xB0,0x64,0x12,0xFF,0xB0,0x64,0x12,0xFF,0xB0,0x64,0x12,0xFF,0xB0,0x64,0x12,0xFF,0xB0,0x64,0x12,0xFF,0xB0,0x64,0x12,0xFF,0xB0,0x64,0x12,0xFF,0xB0,0x64,0x12,0xFF,0xB0,0x64,0x12,0xFF,0xB0,0x64,0x12,0xFF,0xB0,0x64,0x12,0xFF,0xB0,0x64,0x12,0xFF,
    0xB0,0x64,0x12,0xFF,0xB0,0x64,0x12,0xFF,0xB0,0x64,0x12,0xFF,0xB0,0x64,0x12,0xFF,0xB0,0x64,0x12,0xFF,0xB0,0x64,0x12,0xFF,0xB0,0x64,0x12,0xFF,0xB0,0x64,0x12,0xFF,0xB0,0x64,0x12,0xFF,0xB0,0x64,0x12,0xFF,0xB0,0x64,0x12,0xFF,0xB0,0x64,0x12,0xFF,0xB0,0x64,0x12,0xFF,0xB0,0x64,0x12,0xFF,0xB0,0x64,0x12,0xFF,0xB0,0x64,0x12,0xFF,
    0xB0,0x64,0x12,0xFF,0xB0,0x64,0x12,0xFF,0xB0,0x64,0x12,0xFF,0xB0,0x64,0x12,0xFF,0xB0,0x64,0x12,0xFF,0xB0,0x64,0x12,0xFF,0xB0,0x64,0x12,0xFF,0xB0,0x64,0x12,0xFF,0xB0,0x64,0x12,0xFF,0xB0,0x64,0x12,0xFF,0xB0,0x64,0x12,0xFF,0xB0,0x64,0x12,0xFF,0xB0,0x64,0x12,0xFF,0xB0,0x64,0x12,0xFF,0xB0,0x64,0x12,0xFF,0xB0,0x64,0x12,0xFF,
    0xB0,0x64,0x12,0xFF,0xB0,0x64,0x12,0xFF,0xB0,0x64,0x12,0xFF,0xB0,0x64,0x12,0xFF,0xB0,0x64,0x12,0xFF,0xB0,0x64,0x12,0xFF,0xB0,0x64,0x12,0xFF,0xB0,0x64,0x12,0xFF,0xB0,0x64,0x12,0xFF,0xB0,0x64,0x12,0xFF,0xB0,0x64,0x12,0xFF,0xB0,0x64,0x12,0xFF,0xB0,0x64,0x12,0xFF,0xB0,0x64,0x12,0xFF,0xB0,0x64,0x12,0xFF,0xB0,0x64,0x12,0xFF,
    0xB0,0x64,0x12,0xFF,0xB0,0x64,0x12,0xFF,0xB0,0x64,0x12,0xFF,0xB0,0x64,0x12,0xFF,0xB0,0x64,0x12,0xFF,0xB0,0x64,0x12,0xFF,0xB0,0x64,0x12,0xFF,0xB0,0x64,0x12,0xFF,0xB0,0x64,0x12,0xFF,0xB0,0x64,0x12,0xFF,0xB0,0x64,0x12,0xFF,0xB0,0x64,0x12,0xFF,0xB0,0x64,0x12,0xFF,0xB0,0x64,0x12,0xFF,0xB0,0x64,0x12,0xFF,0xB0,0x64,0x12,0xFF,
    0xB0,0x64,0x12,0xFF,0xB0,0x64,0x12,0xFF,0xB0,0x64,0x12,0xFF,0xB0,0x64,0x12,0xFF,0xB0,0x64,0x12,0xFF,0xB0,0x64,0x12,0xFF,0xB0,0x64,0x12,0xFF,0xB0,0x64,0x12,0xFF,0xB0,0x64,0x12,0xFF,0xB0,0x64,0x12,0xFF,0xB0,0x64,0x12,0xFF,0xB0,0x64,0x12,0xFF,0xB0,0x64,0x12,0xFF,0xB0,0x64,0x12,0xFF,0xB0,0x64,0x12,0xFF,0xB0,0x64,0x12,0xFF,
    0xB0,0x64,0x12,0xFF,0xB0,0x64,0x12,0xFF,0xB0,0x64,0x12,0xFF,0xB0,0x64,0x12,0xFF,0xB0,0x64,0x12,0xFF,0xB0,0x64,0x12,0xFF,0xB0,0x64,0x12,0xFF,0xB0,0x64,0x12,0xFF,0xB0,0x64,0x12,0xFF,0xB0,0x64,0x12,0xFF,0xB0,0x64,0x12,0xFF,0xB0,0x64,0x12,0xFF,0xB0,0x64,0x12,0xFF,0xB0,0x64,0x12,0xFF,0xB0,0x64,0x12,0xFF,0xB0,0x64,0x12,0xFF,
    0xB0,0x64,0x12,0xFF,0xB0,0x64,0x12,0xFF,0xB0,0x64,0x12,0xFF,0xB0,0x64,0x12,0xFF,0xB0,0x64,0x12,0xFF,0xB0,0x64,0x12,0xFF,0xB0,0x64,0x12,0xFF,0xB0,0x64,0x12,0xFF,0xB0,0x64,0x12,0xFF,0xB0,0x64,0x12,0xFF,0xB0,0x64,0x12,0xFF,0xB0,0x64,0x12,0xFF,0xB0,0x64,0x12,0xFF,0xB0,0x64,0x12,0xFF,0xB0,0x64,0x12,0xFF,0xB0,0x64,0x12,0xFF,
    0xB0,0x64,0x12,0xFF,0xB0,0x64,0x12,0xFF,0xB0,0x64,0x12,0xFF,0xB0,0x64,0x12,0xFF,0xB0,0x64,0x12,0xFF,0xB0,0x64,0x12,0xFF,0xB0,0x64,0x12,0xFF,0xB0,0x64,0x12,0xFF,0xB0,0x64,0x12,0xFF,0xB0,0x64,0x12,0xFF,0xB0,0x64,0x12,0xFF,0xB0,0x64,0x12,0xFF,0xB0,0x64,0x12,0xFF,0xB0,0x64,0x12,0xFF,0xB0,0x64,0x12,0xFF,0xB0,0x64,0x12,0xFF,
    0xB0,0x64,0x12,0xFF,0xB0,0x64,0x12,0xFF,0xB0,0x64,0x12,0xFF,0xB0,0x64,0x12,0xFF,0xB0,0x64,0x12,0xFF,0xB0,0x64,0x12,0xFF,0xB0,0x64,0x12,0xFF,0xB0,0x64,0x12,0xFF,0xB0,0x64,0x12,0xFF,0xB0,0x64,0x12,0xFF,0xB0,0x64,0x12,0xFF,0xB0,0x64,0x12,0xFF,0xB0,0x64,0x12,0xFF,0xB0,0x64,0x12,0xFF,0xB0,0x64,0x12,0xFF,0xB0,0x64,0x12,0xFF,
    0xB0,0x64,0x12,0xFF,0xB0,0x64,0x12,0xFF,0xB0,0x64,0x12,0xFF,0xB0,0x64,0x12,0xFF,0xB0,0x64,0x12,0xFF,0xB0,0x64,0x12,0xFF,0xB0,0x64,0x12,0xFF,0xB0,0x64,0x12,0xFF,0xB0,0x64,0x12,0xFF,0xB0,0x64,0x12,0xFF,0xB0,0x64,0x12,0xFF,0xB0,0x64,0x12,0xFF,0xB0,0x64,0x12,0xFF,0xB0,0x64,0x12,0xFF,0xB0,0x64,0x12,0xFF,0xB0,0x64,0x12,0xFF,
    0xB0,0x64,0x12,0xFF,0xB0,0x64,0x12,0xFF,0xB0,0x64,0x12,0xFF,0xB0,0x64,0x12,0xFF,0xB0,0x64,0x12,0xFF,0xB0,0x64,0x12,0xFF,0xB0,0x64,0x12,0xFF,0xB0,0x64,0x12,0xFF,0xB0,0x64,0x12,0xFF,0xB0,0x64,0x12,0xFF,0xB0,0x64,0x12,0xFF,0xB0,0x64,0x12,0xFF,0xB0,0x64,0x12,0xFF,0xB0,0x64,0x12,0xFF,0xB0,0x64,0x12,0xFF,0xB0,0x64,0x12,0xFF,
    0xB0,0x64,0x12,0xFF,0xB0,0x64,0x12,0xFF,0xB0,0x64,0x12,0xFF,0xB0,0x64,0x12,0xFF,0xB0,0x64,0x12,0xFF,0xB0,0x64,0x12,0xFF,0xB0,0x64,0x12,0xFF,0xB0,0x64,0x12,0xFF,0xB0,0x64,0x12,0xFF,0xB0,0x64,0x12,0xFF,0xB0,0x64,0x12,0xFF,0xB0,0x64,0x12,0xFF,0xB0,0x64,0x12,0xFF,0xB0,0x64,0x12,0xFF,0xB0,0x64,0x12,0xFF,0xB0,0x64,0x12,0xFF,
    0xB0,0x64,0x12,0xFF,0xB0,0x64,0x12,0xFF,0xB0,0x64,0x12,0xFF,0xB0,0x64,0x12,0xFF,0xB0,0x64,0x12,0xFF,0xB0,0x64,0x12,0xFF,0xB0,0x64,0x12,0xFF,0xB0,0x64,0x12,0xFF,0xB0,0x64,0x12,0xFF,0xB0,0x64,0x12,0xFF,0xB0,0x64,0x12,0xFF,0xB0,0x64,0x12,0xFF,0xB0,0x64,0x12,0xFF,0xB0,0x64,0x12,0xFF,0xB0,0x64,0x12,0xFF,0xB0,0x64,0x12,0xFF,
    0xB0,0x64,0x12,0xFF,0xB0,0x64,0x12,0xFF,0xB0,0x64,0x12,0xFF,0xB0,0x64,0x12,0xFF,0xB0,0x64,0x12,0xFF,0xB0,0x64,0x12,0xFF,0xB0,0x64,0x12,0xFF,0xB0,0x64,0x12,0xFF,0xB0,0x64,0x12,0xFF,0xB0,0x64,0x12,0xFF,0xB0,0x64,0x12,0xFF,0xB0,0x64,0x12,0xFF,0xB0,0x64,0x12,0xFF,0xB0,0x64,0x12,0xFF,0xB0,0x64,0x12,0xFF,0xB0,0x64,0x12,0xFF,
    0xB0,0x64,0x12,0xFF,0xB0,0x64,0x12,0xFF,0xB0,0x64,0x12,0xFF,0xB0,0x64,0x12,0xFF,0xB0,0x64,0x12,0xFF,0xB0,0x64,0x12,0xFF,0xB0,0x64,0x12,0xFF,0xB0,0x64,0x12,0xFF,0xB0,0x64,0x12,0xFF,0xB0,0x64,0x12,0xFF,0xB0,0x64,0x12,0xFF,0xB0,0x64,0x12,0xFF,0xB0,0x64,0x12,0xFF,0xB0,0x64,0x12,0xFF,0xB0,0x64,0x12,0xFF,0xB0,0x64,0x12,0xFF,
    0xB0,0x64,0x12,0xFF,0xB0,0x64,0x12,0xFF,0xB0,0x64,0x12,0xFF,0xB0,0x64,0x12,0xFF,0xB0,0x64,0x12,0xFF,0xB0,0x64,0x12,0xFF,0xB0,0x64,0x12,0xFF,0xB0,0x64,0x12,0xFF,0xB0,0x64,0x12,0xFF,0xB0,0x64,0x12,0xFF,0xB0,0x64,0x12,0xFF,0xB0,0x64,0x12,0xFF,0xB0,0x64,0x12,0xFF,0xB0,0x64,0x12,0xFF,0xB0,0x64,0x12,0xFF,0xB0,0x64,0x12,0xFF,
    0xB0,0x64,0x12,0xFF,0xB0,0x64,0x12,0xFF,0xB0,0x64,0x12,0xFF,0xB0,0x64,0x12,0xFF,0xB0,0x64,0x12,0xFF,0xB0,0x64,0x12,0xFF,0xB0,0x64,0x12,0xFF,0xB0,0x64,0x12,0xFF,0xB0,0x64,0x12,0xFF,0xB0,0x64,0x12,0xFF,0xB0,0x64,0x12,0xFF,0xB0,0x64,0x12,0xFF,0xB0,0x64,0x12,0xFF,0xB0,0x64,0x12,0xFF,0xB0,0x64,0x12,0xFF,0xB0,0x64,0x12,0xFF,
    0xB0,0x64,0x12,0xFF,0xB0,0x64,0x12,0xFF,0xB0,0x64,0x12,0xFF,0xB0,0x64,0x12,0xFF,0xB0,0x64,0x12,0xFF,0xB0,0x64,0x12,0xFF,0xB0,0x64,0x12,0xFF,0xB0,0x64,0x12,0xFF,0xB0,0x64,0x12,0xFF,0xB0,0x64,0x12,0xFF,0xB0,0x64,0x12,0xFF,0xB0,0x64,0x12,0xFF,0xB0,0x64,0x12,0xFF,0xB0,0x64,0x12,0xFF,0xB0,0x64,0x12,0xFF,0xB0,0x64,0x12,0xFF,
    0xB0,0x64,0x12,0xFF,0xB0,0x64,0x12,0xFF,0xB0,0x64,0x12,0xFF,0xB0,0x64,0x12,0xFF,0xB0,0x64,0x12,0xFF,0xB0,0x64,0x12,0xFF,0xB0,0x64,0x12,0xFF,0xB0,0x64,0x12,0xFF,0xB0,0x64,0x12,0xFF,0xB0,0x64,0x12,0xFF,0xB0,0x64,0x12,0xFF,0xB0,0x64,0x12,0xFF,0xB0,0x64,0x12,0xFF,0xB0,0x64,0x12,0xFF,0xB0,0x64,0x12,0xFF,0xB0,0x64,0x12,0xFF,
    0xB0,0x64,0x12,0xFF,0xB0,0x64,0x12,0xFF,0xB0,0x64,0x12,0xFF,0xB0,0x64,0x12,0xFF,0xB0,0x64,0x12,0xFF,0xB0,0x64,0x12,0xFF,0xB0,0x64,0x12,0xFF,0xB0,0x64,0x12,0xFF,0xB0,0x64,0x12,0xFF,0xB0,0x64,0x12,0xFF,0xB0,0x64,0x12,0xFF,0xB0,0x64,0x12,0xFF,0xB0,0x64,0x12,0xFF,0xB0,0x64,0x12,0xFF,0xB0,0x64,0x12,0xFF,0xB0,0x64,0x12,0xFF,
    0xB0,0x64,0x12,0xFF,0xB0,0x64,0x12,0xFF,0xB0,0x64,0x12,0xFF,0xB0,0x64,0x12,0xFF,0xB0,0x64,0x12,0xFF,0xB0,0x64,0x12,0xFF,0xB0,0x64,0x12,0xFF,0xB0,0x64,0x12,0xFF,0xB0,0x64,0x12,0xFF,0xB0,0x64,0x12,0xFF,0xB0,0x64,0x12,0xFF,0xB0,0x64,0x12,0xFF,0xB0,0x64,0x12,0xFF,0xB0,0x64,0x12,0xFF,0xB0,0x64,0x12,0xFF,0xB0,0x64,0x12,0xFF,
    0xB0,0x64,0x12,0xFF,0xB0,0x64,0x12,0xFF,0xB0,0x64,0x12,0xFF,0xB0,0x64,0x12,0xFF,0xB0,0x64,0x12,0xFF,0xB0,0x64,0x12,0xFF,0xB0,0x64,0x12,0xFF,0xB0,0x64,0x12,0xFF,0xB0,0x64,0x12,0xFF,0xB0,0x64,0x12,0xFF,0xB0,0x64,0x12,0xFF,0xB0,0x64,0x12,0xFF,0xB0,0x64,0x12,0xFF,0xB0,0x64,0x12,0xFF,0xB0,0x64,0x12,0xFF,0xB0,0x64,0x12,0xFF,
    0xB0,0x64,0x12,0xFF,0xB0,0x64,0x12,0xFF,0xB0,0x64,0x12,0xFF,0xB0,0x64,0x12,0xFF,0xB0,0x64,0x12,0xFF,0xB0,0x64,0x12,0xFF,0xB0,0x64,0x12,0xFF,0xB0,0x64,0x12,0xFF,0xB0,0x64,0x12,0xFF,0xB0,0x64,0x12,0xFF,0xB0,0x64,0x12,0xFF,0xB0,0x64,0x12,0xFF,0xB0,0x64,0x12,0xFF,0xB0,0x64,0x12,0xFF,0xB0,0x64,0x12,0xFF,0xB0,0x64,0x12,0xFF,
    0xB0,0x64,0x12,0xFF,0xB0,0x64,0x12,0xFF,0xB0,0x64,0x12,0xFF,0xB0,0x64,0x12,0xFF,0xB0,0x64,0x12,0xFF,0xB0,0x64,0x12,0xFF,0xB0,0x64,0x12,0xFF,0xB0,0x64,0x12,0xFF,0xB0,0x64,0x12,0xFF,0xB0,0x64,0x12,0xFF,0xB0,0x64,0x12,0xFF,0xB0,0x64,0x12,0xFF,0xB0,0x64,0x12,0xFF,0xB0,0x64,0x12,0xFF,0xB0,0x64,0x12,0xFF,0xB0,0x64,0x12,0xFF,
    0xB0,0x64,0x12,0xFF,0xB0,0x64,0x12,0xFF,0xB0,0x64,0x12,0xFF,0xB0,0x64,0x12,0xFF,0xB0,0x64,0x12,0xFF,0xB0,0x64,0x12,0xFF,0xB0,0x64,0x12,0xFF,0xB0,0x64,0x12,0xFF,0xB0,0x64,0x12,0xFF,0xB0,0x64,0x12,0xFF,0xB0,0x64,0x12,0xFF,0xB0,0x64,0x12,0xFF,0xB0,0x64,0x12,0xFF,0xB0,0x64,0x12,0xFF,0xB0,0x64,0x12,0xFF,0xB0,0x64,0x12,0xFF,
    0xB0,0x64,0x12,0xFF,0xB0,0x64,0x12,0xFF,0xB0,0x64,0x12,0xFF,0xB0,0x64,0x12,0xFF,0xB0,0x64,0x12,0xFF,0xB0,0x64,0x12,0xFF,0xB0,0x64,0x12,0xFF,0xB0,0x64,0x12,0xFF,0xB0,0x64,0x12,0xFF,0xB0,0x64,0x12,0xFF,0xB0,0x64,0x12,0xFF,0xB0,0x64,0x12,0xFF,0xB0,0x64,0x12,0xFF,0xB0,0x64,0x12,0xFF,0xB0,0x64,0x12,0xFF,0xB0,0x64,0x12,0xFF,
    0xB0,0x64,0x12,0xFF,0xB0,0x64,0x12,0xFF,0xB0,0x64,0x12,0xFF,0xB0,0x64,0x12,0xFF,0xB0,0x64,0x12,0xFF,0xB0,0x64,0x12,0xFF,0xB0,0x64,0x12,0xFF,0xB0,0x64,0x12,0xFF,0xB0,0x64,0x12,0xFF,0xB0,0x64,0x12,0xFF,0xB0,0x64,0x12,0xFF,0xB0,0x64,0x12,0xFF,0xB0,0x64,0x12,0xFF,0xB0,0x64,0x12,0xFF,0xB0,0x64,0x12,0xFF,0xB0,0x64,0x12,0xFF,
    0xB0,0x64,0x12,0xFF,0xB0,0x64,0x12,0xFF,0xB0,0x64,0x12,0xFF,0xB0,0x64,0x12,0xFF,0xB0,0x64,0x12,0xFF,0xB0,0x64,0x12,0xFF,0xB0,0x64,0x12,0xFF,0xB0,0x64,0x12,0xFF,0xB0,0x64,0x12,0xFF,0xB0,0x64,0x12,0xFF,0xB0,0x64,0x12,0xFF,0xB0,0x64,0x12,0xFF,0xB0,0x64,0x12,0xFF,0xB0,0x64,0x12,0xFF,0xB0,0x64,0x12,0xFF,0xB0,0x64,0x12,0xFF,
    0xB0,0x64,0x12,0xFF,0xB0,0x64,0x12,0xFF,0xB0,0x64,0x12,0xFF,0xB0,0x64,0x12,0xFF,0xB0,0x64,0x12,0xFF,0xB0,0x64,0x12,0xFF,0xB0,0x64,0x12,0xFF,0xB0,0x64,0x12,0xFF,0xB0,0x64,0x12,0xFF,0xB0,0x64,0x12,0xFF,0xB0,0x64,0x12,0xFF,0xB0,0x64,0x12,0xFF,0xB0,0x64,0x12,0xFF,0xB0,0x64,0x12,0xFF,0xB0,0x64,0x12,0xFF,0xB0,0x64,0x12,0xFF,
    0xB0,0x64,0x12,0xFF,0xB0,0x64,0x12,0xFF,0xB0,0x64,0x12,0xFF,0xB0,0x64,0x12,0xFF,0xB0,0x64,0x12,0xFF,0xB0,0x64,0x12,0xFF,0xB0,0x64,0x12,0xFF,0xB0,0x64,0x12,0xFF,0xB0,0x64,0x12,0xFF,0xB0,0x64,0x12,0xFF,0xB0,0x64,0x12,0xFF,0xB0,0x64,0x12,0xFF,0xB0,0x64,0x12,0xFF,0xB0,0x64,0x12,0xFF,0xB0,0x64,0x12,0xFF,0xB0,0x64,0x12,0xFF,
    0xB0,0x64,0x12,0xFF,0xB0,0x64,0x12,0xFF,0xB0,0x64,0x12,0xFF,0xB0,0x64,0x12,0xFF,0xB0,0x64,0x12,0xFF,0xB0,0x64,0x12,0xFF,0xB0,0x64,0x12,0xFF,0xB0,0x64,0x12,0xFF,0xB0,0x64,0x12,0xFF,0xB0,0x64,0x12,0xFF,0xB0,0x64,0x12,0xFF,0xB0,0x64,0x12,0xFF,0xB0,0x64,0x12,0xFF,0xB0,0x64,0x12,0xFF,0xB0,0x64,0x12,0xFF,0xB0,0x64,0x12,0xFF,
    0xB0,0x64,0x12,0xFF,0xB0,0x64,0x12,0xFF,0xB0,0x64,0x12,0xFF,0xB0,0x64,0x12,0xFF,0xB0,0x64,0x12,0xFF,0xB0,0x64,0x12,0xFF,0xB0,0x64,0x12,0xFF,0xB0,0x64,0x12,0xFF,0xB0,0x64,0x12,0xFF,0xB0,0x64,0x12,0xFF,0xB0,0x64,0x12,0xFF,0xB0,0x64,0x12,0xFF,0xB0,0x64,0x12,0xFF,0xB0,0x64,0x12,0xFF,0xB0,0x64,0x12,0xFF,0xB0,0x64,0x12,0xFF,
    0xB0,0x64,0x12,0xFF,0xB0,0x64,0x12,0xFF,0xB0,0x64,0x12,0xFF,0xB0,0x64,0x12,0xFF,0xB0,0x64,0x12,0xFF,0xB0,0x64,0x12,0xFF,0xB0,0x64,0x12,0xFF,0xB0,0x64,0x12,0xFF,0xB0,0x64,0x12,0xFF,0xB0,0x64,0x12,0xFF,0xB0,0x64,0x12,0xFF,0xB0,0x64,0x12,0xFF,0xB0,0x64,0x12,0xFF,0xB0,0x64,0x12,0xFF,0xB0,0x64,0x12,0xFF,0xB0,0x64,0x12,0xFF,
    0xB0,0x64,0x12,0xFF,0xB0,0x64,0x12,0xFF,0xB0,0x64,0x12,0xFF,0xB0,0x64,0x12,0xFF,0xB0,0x64,0x12,0xFF,0xB0,0x64,0x12,0xFF,0xB0,0x64,0x12,0xFF,0xB0,0x64,0x12,0xFF,0xB0,0x64,0x12,0xFF,0xB0,0x64,0x12,0xFF,0xB0,0x64,0x12,0xFF,0xB0,0x64,0x12,0xFF,0xB0,0x64,0x12,0xFF,0xB0,0x64,0x12,0xFF,0xB0,0x64,0x12,0xFF,0xB0,0x64,0x12,0xFF,
    0xB0,0x64,0x12,0xFF,0xB0,0x64,0x12,0xFF,0xB0,0x64,0x12,0xFF,0xB0,0x64,0x12,0xFF,0xB0,0x64,0x12,0xFF,0xB0,0x64,0x12,0xFF,0xB0,0x64,0x12,0xFF,0xB0,0x64,0x12,0xFF,0xB0,0x64,0x12,0xFF,0xB0,0x64,0x12,0xFF,0xB0,0x64,0x12,0xFF,0xB0,0x64,0x12,0xFF,0xB0,0x64,0x12,0xFF,0xB0,0x64,0x12,0xFF,0xB0,0x64,0x12,0xFF,0xB0,0x64,0x12,0xFF,
    0xB0,0x64,0x12,0xFF,0xB0,0x64,0x12,0xFF,0xB0,0x64,0x12,0xFF,0xB0,0x64,0x12,0xFF,0xB0,0x64,0x12,0xFF,0xB0,0x64,0x12,0xFF,0xB0,0x64,0x12,0xFF,0xB0,0x64,0x12,0xFF,0xB0,0x64,0x12,0xFF,0xB0,0x64,0x12,0xFF,0xB0,0x64,0x12,0xFF,0xB0,0x64,0x12,0xFF,0xB0,0x64,0x12,0xFF,0xB0,0x64,0x12,0xFF,0xB0,0x64,0x12,0xFF,0xB0,0x64,0x12,0xFF,
    0xB0,0x64,0x12,0xFF,0xB0,0x64,0x12,0xFF,0xB0,0x64,0x12,0xFF,0xB0,0x64,0x12,0xFF,0xB0,0x64,0x12,0xFF,0xB0,0x64,0x12,0xFF,0xB0,0x64,0x12,0xFF,0xB0,0x64,0x12,0xFF,0xB0,0x64,0x12,0xFF,0xB0,0x64,0x12,0xFF,0xB0,0x64,0x12,0xFF,0xB0,0x64,0x12,0xFF,0xB0,0x64,0x12,0xFF,0xB0,0x64,0x12,0xFF,0xB0,0x64,0x12,0xFF,0xB0,0x64,0x12,0xFF,
    0xB0,0x64,0x12,0xFF,0xB0,0x64,0x12,0xFF,0xB0,0x64,0x12,0xFF,0xB0,0x64,0x12,0xFF,0xB0,0x64,0x12,0xFF,0xB0,0x64,0x12,0xFF,0xB0,0x64,0x12,0xFF,0xB0,0x64,0x12,0xFF,0xB0,0x64,0x12,0xFF,0xB0,0x64,0x12,0xFF,0xB0,0x64,0x12,0xFF,0xB0,0x64,0x12,0xFF,0xB0,0x64,0x12,0xFF,0xB0,0x64,0x12,0xFF,0xB0,0x64,0x12,0xFF,0xB0,0x64,0x12,0xFF,
    0xB0,0x64,0x12,0xFF,0xB0,0x64,0x12,0xFF,0xB0,0x64,0x12,0xFF,0xB0,0x64,0x12,0xFF,0xB0,0x64,0x12,0xFF,0xB0,0x64,0x12,0xFF,0xB0,0x64,0x12,0xFF,0xB0,0x64,0x12,0xFF,0xB0,0x64,0x12,0xFF,0xB0,0x64,0x12,0xFF,0xB0,0x64,0x12,0xFF,0xB0,0x64,0x12,0xFF,0xB0,0x64,0x12,0xFF,0xB0,0x64,0x12,0xFF,0xB0,0x64,0x12,0xFF,0xB0,0x64,0x12,0xFF,
    0xB0,0x64,0x12,0xFF,0xB0,0x64,0x12,0xFF,0xB0,0x64,0x12,0xFF,0xB0,0x64,0x12,0xFF,0xB0,0x64,0x12,0xFF,0xB0,0x64,0x12,0xFF,0xB0,0x64,0x12,0xFF,0xB0,0x64,0x12,0xFF,0xB0,0x64,0x12,0xFF,0xB0,0x64,0x12,0xFF,0xB0,0x64,0x12,0xFF,0xB0,0x64,0x12,0xFF,0xB0,0x64,0x12,0xFF,0xB0,0x64,0x12,0xFF,0xB0,0x64,0x12,0xFF,0xB0,0x64,0x12,0xFF,
    0xB0,0x64,0x12,0xFF,0xB0,0x64,0x12,0xFF,0xB0,0x64,0x12,0xFF,0xB0,0x64,0x12,0xFF,0xB0,0x64,0x12,0xFF,0xB0,0x64,0x12,0xFF,0xB0,0x64,0x12,0xFF,0xB0,0x64,0x12,0xFF,0xB0,0x64,0x12,0xFF,0xB0,0x64,0x12,0xFF,0xB0,0x64,0x12,0xFF,0xB0,0x64,0x12,0xFF,0xB0,0x64,0x12,0xFF,0xB0,0x64,0x12,0xFF,0xB0,0x64,0x12,0xFF,0xB0,0x64,0x12,0xFF,
    0xB0,0x64,0x12,0xFF,0xB0,0x64,0x12,0xFF,0xB0,0x64,0x12,0xFF,0xB0,0x64,0x12,0xFF,0xB0,0x64,0x12,0xFF,0xB0,0x64,0x12,0xFF,0xB0,0x64,0x12,0xFF,0xB0,0x64,0x12,0xFF,0xB0,0x64,0x12,0xFF,0xB0,0x64,0x12,0xFF,0xB0,0x64,0x12,0xFF,0xB0,0x64,0x12,0xFF,0xB0,0x64,0x12,0xFF,0xB0,0x64,0x12,0xFF,0xB0,0x64,0x12,0xFF,0xB0,0x64,0x12,0xFF,
    0xB0,0x64,0x12,0xFF,0xB0,0x64,0x12,0xFF,0xB0,0x64,0x12,0xFF,0xB0,0x64,0x12,0xFF,0xB0,0x64,0x12,0xFF,0xB0,0x64,0x12,0xFF,0xB0,0x64,0x12,0xFF,0xB0,0x64,0x12,0xFF,0xB0,0x64,0x12,0xFF,0xB0,0x64,0x12,0xFF,0xB0,0x64,0x12,0xFF,0xB0,0x64,0x12,0xFF,0xB0,0x64,0x12,0xFF,0xB0,0x64,0x12,0xFF,0xB0,0x64,0x12,0xFF,0xB0,0x64,0x12,0xFF,
    0xB0,0x64,0x12,0xFF,0xB0,0x64,0x12,0xFF,0xB0,0x64,0x12,0xFF,0xB0,0x64,0x12,0xFF,0xB0,0x64,0x12,0xFF,0xB0,0x64,0x12,0xFF,0xB0,0x64,0x12,0xFF,0xB0,0x64,0x12,0xFF,0xB0,0x64,0x12,0xFF,0xB0,0x64,0x12,0xFF,0xB0,0x64,0x12,0xFF,0xB0,0x64,0x12,0xFF,0xB0,0x64,0x12,0xFF,0xB0,0x64,0x12,0xFF,0xB0,0x64,0x12,0xFF,0xB0,0x64,0x12,0xFF,
    0xB0,0x64,0x12,0xFF,0xB0,0x64,0x12,0xFF,0xB0,0x64,0x12,0xFF,0xB0,0x64,0x12,0xFF,0xB0,0x64,0x12,0xFF,0xB0,0x64,0x12,0xFF,0xB0,0x64,0x12,0xFF,0xB0,0x64,0x12,0xFF,0xB0,0x64,0x12,0xFF,0xB0,0x64,0x12,0xFF,0xB0,0x64,0x12,0xFF,0xB0,0x64,0x12,0xFF,0xB0,0x64,0x12,0xFF,0xB0,0x64,0x12,0xFF,0xB0,0x64,0x12,0xFF,0xB0,0x64,0x12,0xFF,
    0xB0,0x64,0x12,0xFF,0xB0,0x64,0x12,0xFF,0xB0,0x64,0x12,0xFF,0xB0,0x64,0x12,0xFF,0xB0,0x64,0x12,0xFF,0xB0,0x64,0x12,0xFF,0xB0,0x64,0x12,0xFF,0xB0,0x64,0x12,0xFF,0xB0,0x64,0x12,0xFF,0xB0,0x64,0x12,0xFF,0xB0,0x64,0x12,0xFF,0xB0,0x64,0x12,0xFF,0xB0,0x64,0x12,0xFF,0xB0,0x64,0x12,0xFF,0xB0,0x64,0x12,0xFF,0xB0,0x64,0x12,0xFF,
    0xB0,0x64,0x12,0xFF,0xB0,0x64,0x12,0xFF,0xB0,0x64,0x12,0xFF,0xB0,0x64,0x12,0xFF,0xB0,0x64,0x12,0xFF,0xB0,0x64,0x12,0xFF,0xB0,0x64,0x12,0xFF,0xB0,0x64,0x12,0xFF,0xB0,0x64,0x12,0xFF,0xB0,0x64,0x12,0xFF,0xB0,0x64,0x12,0xFF,0xB0,0x64,0x12,0xFF,0xB0,0x64,0x12,0xFF,0xB0,0x64,0x12,0xFF,0xB0,0x64,0x12,0xFF,0xB0,0x64,0x12,0xFF,
    0xB0,0x64,0x12,0xFF,0xB0,0x64,0x12,0xFF,0xB0,0x64,0x12,0xFF,0xB0,0x64,0x12,0xFF,0xB0,0x64,0x12,0xFF,0xB0,0x64,0x12,0xFF,0xB0,0x64,0x12,0xFF,0xB0,0x64,0x12,0xFF,0xB0,0x64,0x12,0xFF,0xB0,0x64,0x12,0xFF,0xB0,0x64,0x12,0xFF,0xB0,0x64,0x12,0xFF,0xB0,0x64,0x12,0xFF,0xB0,0x64,0x12,0xFF,0xB0,0x64,0x12,0xFF,0xB0,0x64,0x12,0xFF,
    0xB0,0x64,0x12,0xFF,0xB0,0x64,0x12,0xFF,0xB0,0x64,0x12,0xFF,0xB0,0x64,0x12,0xFF,0xB0,0x64,0x12,0xFF,0xB0,0x64,0x12,0xFF,0xB0,0x64,0x12,0xFF,0xB0,0x64,0x12,0xFF,0xB0,0x64,0x12,0xFF,0xB0,0x64,0x12,0xFF,0xB0,0x64,0x12,0xFF,0xB0,0x64,0x12,0xFF,0xB0,0x64,0x12,0xFF,0xB0,0x64,0x12,0xFF,0xB0,0x64,0x12,0xFF,0xB0,0x64,0x12,0xFF,
    0xB0,0x64,0x12,0xFF,0xB0,0x64,0x12,0xFF,0xB0,0x64,0x12,0xFF,0xB0,0x64,0x12,0xFF,0xB0,0x64,0x12,0xFF,0xB0,0x64,0x12,0xFF,0xB0,0x64,0x12,0xFF,0xB0,0x64,0x12,0xFF,0xB0,0x64,0x12,0xFF,0xB0,0x64,0x12,0xFF,0xB0,0x64,0x12,0xFF,0xB0,0x64,0x12,0xFF,0xB0,0x64,0x12,0xFF,0xB0,0x64,0x12,0xFF,0xB0,0x64,0x12,0xFF,0xB0,0x64,0x12,0xFF,
    0xB0,0x64,0x12,0xFF,0xB0,0x64,0x12,0xFF,0xB0,0x64,0x12,0xFF,0xB0,0x64,0x12,0xFF,0xB0,0x64,0x12,0xFF,0xB0,0x64,0x12,0xFF,0xB0,0x64,0x12,0xFF,0xB0,0x64,0x12,0xFF,0xB0,0x64,0x12,0xFF,0xB0,0x64,0x12,0xFF,0xB0,0x64,0x12,0xFF,0xB0,0x64,0x12,0xFF,0xB0,0x64,0x12,0xFF,0xB0,0x64,0x12,0xFF,0xB0,0x64,0x12,0xFF,0xB0,0x64,0x12,0xFF,
    0xB0,0x64,0x12,0xFF,0xB0,0x64,0x12,0xFF,0xB0,0x64,0x12,0xFF,0xB0,0x64,0x12,0xFF,0xB0,0x64,0x12,0xFF,0xB0,0x64,0x12,0xFF,0xB0,0x64,0x12,0xFF,0xB0,0x64,0x12,0xFF,0xB0,0x64,0x12,0xFF,0xB0,0x64,0x12,0xFF,0xB0,0x64,0x12,0xFF,0xB0,0x64,0x12,0xFF,0xB0,0x64,0x12,0xFF,0xB0,0x64,0x12,0xFF,0xB0,0x64,0x12,0xFF,0xB0,0x64,0x12,0xFF,
    0xB0,0x64,0x12,0xFF,0xB0,0x64,0x12,0xFF,0xB0,0x64,0x12,0xFF,0xB0,0x64,0x12,0xFF,0xB0,0x64,0x12,0xFF,0xB0,0x64,0x12,0xFF,0xB0,0x64,0x12,0xFF,0xB0,0x64,0x12,0xFF,0xB0,0x64,0x12,0xFF,0xB0,0x64,0x12,0xFF,0xB0,0x64,0x12,0xFF,0xB0,0x64,0x12,0xFF,0xB0,0x64,0x12,0xFF,0xB0,0x64,0x12,0xFF,0xB0,0x64,0x12,0xFF,0xB0,0x64,0x12,0xFF,
    0xB0,0x64,0x12,0xFF,0xB0,0x64,0x12,0xFF,0xB0,0x64,0x12,0xFF,0xB0,0x64,0x12,0xFF,0xB0,0x64,0x12,0xFF,0xB0,0x64,0x12,0xFF,0xB0,0x64,0x12,0xFF,0xB0,0x64,0x12,0xFF,0xB0,0x64,0x12,0xFF,0xB0,0x64,0x12,0xFF,0xB0,0x64,0x12,0xFF,0xB0,0x64,0x12,0xFF,0xB0,0x64,0x12,0xFF,0xB0,0x64,0x12,0xFF,0xB0,0x64,0x12,0xFF,0xB0,0x64,0x12,0xFF,
    0xB0,0x64,0x12,0xFF,0xB0,0x64,0x12,0xFF,0xB0,0x64,0x12,0xFF,0xB0,0x64,0x12,0xFF,0xB0,0x64,0x12,0xFF,0xB0,0x64,0x12,0xFF,0xB0,0x64,0x12,0xFF,0xB0,0x64,0x12,0xFF,0xB0,0x64,0x12,0xFF,0xB0,0x64,0x12,0xFF,0xB0,0x64,0x12,0xFF,0xB0,0x64,0x12,0xFF,0xB0,0x64,0x12,0xFF,0xB0,0x64,0x12,0xFF,0xB0,0x64,0x12,0xFF,0xB0,0x64,0x12,0xFF,
    0xB0,0x64,0x12,0xFF,0xB0,0x64,0x12,0xFF,0xB0,0x64,0x12,0xFF,0xB0,0x64,0x12,0xFF,0xB0,0x64,0x12,0xFF,0xB0,0x64,0x12,0xFF,0xB0,0x64,0x12,0xFF,0xB0,0x64,0x12,0xFF,0xB0,0x64,0x12,0xFF,0xB0,0x64,0x12,0xFF,0xB0,0x64,0x12,0xFF,0xB0,0x64,0x12,0xFF,0xB0,0x64,0x12,0xFF,0xB0,0x64,0x12,0xFF,0xB0,0x64,0x12,0xFF,0xB0,0x64,0x12,0xFF,
    0xB0,0x64,0x12,0xFF,0xB0,0x64,0x12,0xFF,0xB0,0x64,0x12,0xFF,0xB0,0x64,0x12,0xFF,0xB0,0x64,0x12,0xFF,0xB0,0x64,0x12,0xFF,0xB0,0x64,0x12,0xFF,0xB0,0x64,0x12,0xFF,0xB0,0x64,0x12,0xFF,0xB0,0x64,0x12,0xFF,0xB0,0x64,0x12,0xFF,0xB0,0x64,0x12,0xFF,0xB0,0x64,0x12,0xFF,0xB0,0x64,0x12,0xFF,0xB0,0x64,0x12,0xFF,0xB0,0x64,0x12,0xFF,
    0xB0,0x64,0x12,0xFF,0xB0,0x64,0x12,0xFF,0xB0,0x64,0x12,0xFF,0xB0,0x64,0x12,0xFF,0xB0,0x64,0x12,0xFF,0xB0,0x64,0x12,0xFF,0xB0,0x64,0x12,0xFF,0xB0,0x64,0x12,0xFF,0xB0,0x64,0x12,0xFF,0xB0,0x64,0x12,0xFF,0xB0,0x64,0x12,0xFF,0xB0,0x64,0x12,0xFF,0xB0,0x64,0x12,0xFF,0xB0,0x64,0x12,0xFF,0xB0,0x64,0x12,0xFF,0xB0,0x64,0x12,0xFF,
    0xB0,0x64,0x12,0xFF,0xB0,0x64,0x12,0xFF,0xB0,0x64,0x12,0xFF,0xB0,0x64,0x12,0xFF,0xB0,0x64,0x12,0xFF,0xB0,0x64,0x12,0xFF,0xB0,0x64,0x12,0xFF,0xB0,0x64,0x12,0xFF,0xB0,0x64,0x12,0xFF,0xB0,0x64,0x12,0xFF,0xB0,0x64,0x12,0xFF,0xB0,0x64,0x12,0xFF,0xB0,0x64,0x12,0xFF,0xB0,0x64,0x12,0xFF,0xB0,0x64,0x12,0xFF,0xB0,0x64,0x12,0xFF,
    0xB0,0x64,0x12,0xFF,0xB0,0x64,0x12,0xFF,0xB0,0x64,0x12,0xFF,0xB0,0x64,0x12,0xFF,0xB0,0x64,0x12,0xFF,0xB0,0x64,0x12,0xFF,0xB0,0x64,0x12,0xFF,0xB0,0x64,0x12,0xFF,0xB0,0x64,0x12,0xFF,0xB0,0x64,0x12,0xFF,0xB0,0x64,0x12,0xFF,0xB0,0x64,0x12,0xFF,0xB0,0x64,0x12,0xFF,0xB0,0x64,0x12,0xFF,0xB0,0x64,0x12,0xFF,0xB0,0x64,0x12,0xFF,
    0xB0,0x64,0x12,0xFF,0xB0,0x64,0x12,0xFF,0xB0,0x64,0x12,0xFF,0xB0,0x64,0x12,0xFF,0xB0,0x64,0x12,0xFF,0xB0,0x64,0x12,0xFF,0xB0,0x64,0x12,0xFF,0xB0,0x64,0x12,0xFF,0xB0,0x64,0x12,0xFF,0xB0,0x64,0x12,0xFF,0xB0,0x64,0x12,0xFF,0xB0,0x64,0x12,0xFF,0xB0,0x64,0x12,0xFF,0xB0,0x64,0x12,0xFF,0xB0,0x64,0x12,0xFF,0xB0,0x64,0x12,0xFF,
    0xB0,0x64,0x12,0xFF,0xB0,0x64,0x12,0xFF,0xB0,0x64,0x12,0xFF,0xB0,0x64,0x12,0xFF,0xB0,0x64,0x12,0xFF,0xB0,0x64,0x12,0xFF,0xB0,0x64,0x12,0xFF,0xB0,0x64,0x12,0xFF,0xB0,0x64,0x12,0xFF,0xB0,0x64,0x12,0xFF,0xB0,0x64,0x12,0xFF,0xB0,0x64,0x12,0xFF,0xB0,0x64,0x12,0xFF,0xB0,0x64,0x12,0xFF,0xB0,0x64,0x12,0xFF,0xB0,0x64,0x12,0xFF,
    0xB0,0x64,0x12,0xFF,0xB0,0x64,0x12,0xFF,0xB0,0x64,0x12,0xFF,0xB0,0x64,0x12,0xFF,0xB0,0x64,0x12,0xFF,0xB0,0x64,0x12,0xFF,0xB0,0x64,0x12,0xFF,0xB0,0x64,0x12,0xFF,0xB0,0x64,0x12,0xFF,0xB0,0x64,0x12,0xFF,0xB0,0x64,0x12,0xFF,0xB0,0x64,0x12,0xFF,0xB0,0x64,0x12,0xFF,0xB0,0x64,0x12,0xFF,0xB0,0x64,0x12,0xFF,0xB0,0x64,0x12,0xFF,
    0xB0,0x64,0x12,0xFF,0xB0,0x64,0x12,0xFF,0xB0,0x64,0x12,0xFF,0xB0,0x64,0x12,0xFF,0xB0,0x64,0x12,0xFF,0xB0,0x64,0x12,0xFF,0xB0,0x64,0x12,0xFF,0xB0,0x64,0x12,0xFF,0xB0,0x64,0x12,0xFF,0xB0,0x64,0x12,0xFF,0xB0,0x64,0x12,0xFF,0xB0,0x64,0x12,0xFF,0xB0,0x64,0x12,0xFF,0xB0,0x64,0x12,0xFF,0xB0,0x64,0x12,0xFF,0xB0,0x64,0x12,0xFF,
    0xB0,0x64,0x12,0xFF,0xB0,0x64,0x12,0xFF,0xB0,0x64,0x12,0xFF,0xB0,0x64,0x12,0xFF,0xB0,0x64,0x12,0xFF,0xB0,0x64,0x12,0xFF,0xB0,0x64,0x12,0xFF,0xB0,0x64,0x12,0xFF,0xB0,0x64,0x12,0xFF,0xB0,0x64,0x12,0xFF,0xB0,0x64,0x12,0xFF,0xB0,0x64,0x12,0xFF,0xB0,0x64,0x12,0xFF,0xB0,0x64,0x12,0xFF,0xB0,0x64,0x12,0xFF,0xB0,0x64,0x12,0xFF,
    0xB0,0x64,0x12,0xFF,0xB0,0x64,0x12,0xFF,0xB0,0x64,0x12,0xFF,0xB0,0x64,0x12,0xFF,0xB0,0x64,0x12,0xFF,0xB0,0x64,0x12,0xFF,0xB0,0x64,0x12,0xFF,0xB0,0x64,0x12,0xFF,0xB0,0x64,0x12,0xFF,0xB0,0x64,0x12,0xFF,0xB0,0x64,0x12,0xFF,0xB0,0x64,0x12,0xFF,0xB0,0x64,0x12,0xFF,0xB0,0x64,0x12,0xFF,0xB0,0x64,0x12,0xFF,0xB0,0x64,0x12,0xFF,
    0xB0,0x64,0x12,0xFF,0xB0,0x64,0x12,0xFF,0xB0,0x64,0x12,0xFF,0xB0,0x64,0x12,0xFF,0xB0,0x64,0x12,0xFF,0xB0,0x64,0x12,0xFF,0xB0,0x64,0x12,0xFF,0xB0,0x64,0x12,0xFF,0xB0,0x64,0x12,0xFF,0xB0,0x64,0x12,0xFF,0xB0,0x64,0x12,0xFF,0xB0,0x64,0x12,0xFF,0xB0,0x64,0x12,0xFF,0xB0,0x64,0x12,0xFF,0xB0,0x64,0x12,0xFF,0xB0,0x64,0x12,0xFF,
    0xB0,0x64,0x12,0xFF,0xB0,0x64,0x12,0xFF,0xB0,0x64,0x12,0xFF,0xB0,0x64,0x12,0xFF,0xB0,0x64,0x12,0xFF,0xB0,0x64,0x12,0xFF,0xB0,0x64,0x12,0xFF,0xB0,0x64,0x12,0xFF,0xB0,0x64,0x12,0xFF,0xB0,0x64,0x12,0xFF,0xB0,0x64,0x12,0xFF,0xB0,0x64,0x12,0xFF,0xB0,0x64,0x12,0xFF,0xB0,0x64,0x12,0xFF,0xB0,0x64,0x12,0xFF,0xB0,0x64,0x12,0xFF,
    0xB0,0x64,0x12,0xFF,0xB0,0x64,0x12,0xFF,0xB0,0x64,0x12,0xFF,0xB0,0x64,0x12,0xFF,0xB0,0x64,0x12,0xFF,0xB0,0x64,0x12,0xFF,0xB0,0x64,0x12,0xFF,0xB0,0x64,0x12,0xFF,0xB0,0x64,0x12,0xFF,0xB0,0x64,0x12,0xFF,0xB0,0x64,0x12,0xFF,0xB0,0x64,0x12,0xFF,0xB0,0x64,0x12,0xFF,0xB0,0x64,0x12,0xFF,0xB0,0x64,0x12,0xFF,0xB0,0x64,0x12,0xFF,
    0xB0,0x64,0x12,0xFF,0xB0,0x64,0x12,0xFF,0xB0,0x64,0x12,0xFF,0xB0,0x64,0x12,0xFF,0xB0,0x64,0x12,0xFF,0xB0,0x64,0x12,0xFF,0xB0,0x64,0x12,0xFF,0xB0,0x64,0x12,0xFF,0xB0,0x64,0x12,0xFF,0xB0,0x64,0x12,0xFF,0xB0,0x64,0x12,0xFF,0xB0,0x64,0x12,0xFF,0xB0,0x64,0x12,0xFF,0xB0,0x64,0x12,0xFF,0xB0,0x64,0x12,0xFF,0xB0,0x64,0x12,0xFF,
    0xB0,0x64,0x12,0xFF,0xB0,0x64,0x12,0xFF,0xB0,0x64,0x12,0xFF,0xB0,0x64,0x12,0xFF,0xB0,0x64,0x12,0xFF,0xB0,0x64,0x12,0xFF,0xB0,0x64,0x12,0xFF,0xB0,0x64,0x12,0xFF,0xB0,0x64,0x12,0xFF,0xB0,0x64,0x12,0xFF,0xB0,0x64,0x12,0xFF,0xB0,0x64,0x12,0xFF,0xB0,0x64,0x12,0xFF,0xB0,0x64,0x12,0xFF,0xB0,0x64,0x12,0xFF,0xB0,0x64,0x12,0xFF,
    0xB0,0x64,0x12,0xFF,0xB0,0x64,0x12,0xFF,0xB0,0x64,0x12,0xFF,0xB0,0x64,0x12,0xFF,0xB0,0x64,0x12,0xFF,0xB0,0x64,0x12,0xFF,0xB0,0x64,0x12,0xFF,0xB0,0x64,0x12,0xFF,0xB0,0x64,0x12,0xFF,0xB0,0x64,0x12,0xFF,0xB0,0x64,0x12,0xFF,0xB0,0x64,0x12,0xFF,0xB0,0x64,0x12,0xFF,0xB0,0x64,0x12,0xFF,0xB0,0x64,0x12,0xFF,0xB0,0x64,0x12,0xFF,
    0xB0,0x64,0x12,0xFF,0xB0,0x64,0x12,0xFF,0xB0,0x64,0x12,0xFF,0xB0,0x64,0x12,0xFF,0xB0,0x64,0x12,0xFF,0xB0,0x64,0x12,0xFF,0xB0,0x64,0x12,0xFF,0xB0,0x64,0x12,0xFF,0xB0,0x64,0x12,0xFF,0xB0,0x64,0x12,0xFF,0xB0,0x64,0x12,0xFF,0xB0,0x64,0x12,0xFF,0xB0,0x64,0x12,0xFF,0xB0,0x64,0x12,0xFF,0xB0,0x64,0x12,0xFF,0xB0,0x64,0x12,0xFF,
    0xB0,0x64,0x12,0xFF,0xB0,0x64,0x12,0xFF,0xB0,0x64,0x12,0xFF,0xB0,0x64,0x12,0xFF,0xB0,0x64,0x12,0xFF,0xB0,0x64,0x12,0xFF,0xB0,0x64,0x12,0xFF,0xB0,0x64,0x12,0xFF,0xB0,0x64,0x12,0xFF,0xB0,0x64,0x12,0xFF,0xB0,0x64,0x12,0xFF,0xB0,0x64,0x12,0xFF,0xB0,0x64,0x12,0xFF,0xB0,0x64,0x12,0xFF,0xB0,0x64,0x12,0xFF,0xB0,0x64,0x12,0xFF,
    0xB0,0x64,0x12,0xFF,0xB0,0x64,0x12,0xFF,0xB0,0x64,0x12,0xFF,0xB0,0x64,0x12,0xFF,0xB0,0x64,0x12,0xFF,0xB0,0x64,0x12,0xFF,0xB0,0x64,0x12,0xFF,0xB0,0x64,0x12,0xFF,0xB0,0x64,0x12,0xFF,0xB0,0x64,0x12,0xFF,0xB0,0x64,0x12,0xFF,0xB0,0x64,0x12,0xFF,0xB0,0x64,0x12,0xFF,0xB0,0x64,0x12,0xFF,0xB0,0x64,0x12,0xFF,0xB0,0x64,0x12,0xFF,
    0xB0,0x64,0x12,0xFF,0xB0,0x64,0x12,0xFF,0xB0,0x64,0x12,0xFF,0xB0,0x64,0x12,0xFF,0xB0,0x64,0x12,0xFF,0xB0,0x64,0x12,0xFF,0xB0,0x64,0x12,0xFF,0xB0,0x64,0x12,0xFF,0xB0,0x64,0x12,0xFF,0xB0,0x64,0x12,0xFF,0xB0,0x64,0x12,0xFF,0xB0,0x64,0x12,0xFF,0xB0,0x64,0x12,0xFF,0xB0,0x64,0x12,0xFF,0xB0,0x64,0x12,0xFF,0xB0,0x64,0x12,0xFF,
    0xB0,0x64,0x12,0xFF,0xB0,0x64,0x12,0xFF,0xB0,0x64,0x12,0xFF,0xB0,0x64,0x12,0xFF,0xB0,0x64,0x12,0xFF,0xB0,0x64,0x12,0xFF,0xB0,0x64,0x12,0xFF,0xB0,0x64,0x12,0xFF,0xB0,0x64,0x12,0xFF,0xB0,0x64,0x12,0xFF,0xB0,0x64,0x12,0xFF,0xB0,0x64,0x12,0xFF,0xB0,0x64,0x12,0xFF,0xB0,0x64,0x12,0xFF,0xB0,0x64,0x12,0xFF,0xB0,0x64,0x12,0xFF,
    0xB0,0x64,0x12,0xFF,0xB0,0x64,0x12,0xFF,0xB0,0x64,0x12,0xFF,0xB0,0x64,0x12,0xFF,0xB0,0x64,0x12,0xFF,0xB0,0x64,0x12,0xFF,0xB0,0x64,0x12,0xFF,0xB0,0x64,0x12,0xFF,0xB0,0x64,0x12,0xFF,0xB0,0x64,0x12,0xFF,0xB0,0x64,0x12,0xFF,0xB0,0x64,0x12,0xFF,0xB0,0x64,0x12,0xFF,0xB0,0x64,0x12,0xFF,0xB0,0x64,0x12,0xFF,0xB0,0x64,0x12,0xFF,
    0xB0,0x64,0x12,0xFF,0xB0,0x64,0x12,0xFF,0xB0,0x64,0x12,0xFF,0xB0,0x64,0x12,0xFF,0xB0,0x64,0x12,0xFF,0xB0,0x64,0x12,0xFF,0xB0,0x64,0x12,0xFF,0xB0,0x64,0x12,0xFF,0xB0,0x64,0x12,0xFF,0xB0,0x64,0x12,0xFF,0xB0,0x64,0x12,0xFF,0xB0,0x64,0x12,0xFF,0xB0,0x64,0x12,0xFF,0xB0,0x64,0x12,0xFF,0xB0,0x64,0x12,0xFF,0xB0,0x64,0x12,0xFF,
    0xB0,0x64,0x12,0xFF,0xB0,0x64,0x12,0xFF,0xB0,0x64,0x12,0xFF,0xB0,0x64,0x12,0xFF,0xB0,0x64,0x12,0xFF,0xB0,0x64,0x12,0xFF,0xB0,0x64,0x12,0xFF,0xB0,0x64,0x12,0xFF,0xB0,0x64,0x12,0xFF,0xB0,0x64,0x12,0xFF,0xB0,0x64,0x12,0xFF,0xB0,0x64,0x12,0xFF,0xB0,0x64,0x12,0xFF,0xB0,0x64,0x12,0xFF,0xB0,0x64,0x12,0xFF,0xB0,0x64,0x12,0xFF,
    0xB0,0x64,0x12,0xFF,0xB0,0x64,0x12,0xFF,0xB0,0x64,0x12,0xFF,0xB0,0x64,0x12,0xFF,0xB0,0x64,0x12,0xFF,0xB0,0x64,0x12,0xFF,0xB0,0x64,0x12,0xFF,0xB0,0x64,0x12,0xFF,0xB0,0x64,0x12,0xFF,0xB0,0x64,0x12,0xFF,0xB0,0x64,0x12,0xFF,0xB0,0x64,0x12,0xFF,0xB0,0x64,0x12,0xFF,0xB0,0x64,0x12,0xFF,0xB0,0x64,0x12,0xFF,0xB0,0x64,0x12,0xFF,
    0xB0,0x64,0x12,0xFF,0xB0,0x64,0x12,0xFF,0xB0,0x64,0x12,0xFF,0xB0,0x64,0x12,0xFF,0xB0,0x64,0x12,0xFF,0xB0,0x64,0x12,0xFF,0xB0,0x64,0x12,0xFF,0xB0,0x64,0x12,0xFF,0xB0,0x64,0x12,0xFF,0xB0,0x64,0x12,0xFF,0xB0,0x64,0x12,0xFF,0xB0,0x64,0x12,0xFF,0xB0,0x64,0x12,0xFF,0xB0,0x64,0x12,0xFF,0xB0,0x64,0x12,0xFF,0xB0,0x64,0x12,0xFF,
    0xB0,0x64,0x12,0xFF,0xB0,0x64,0x12,0xFF,0xB0,0x64,0x12,0xFF,0xB0,0x64,0x12,0xFF,0xB0,0x64,0x12,0xFF,0xB0,0x64,0x12,0xFF,0xB0,0x64,0x12,0xFF,0xB0,0x64,0x12,0xFF,0xB0,0x64,0x12,0xFF,0xB0,0x64,0x12,0xFF,0xB0,0x64,0x12,0xFF,0xB0,0x64,0x12,0xFF,0xB0,0x64,0x12,0xFF,0xB0,0x64,0x12,0xFF,0xB0,0x64,0x12,0xFF,0xB0,0x64,0x12,0xFF,
    0xB0,0x64,0x12,0xFF,0xB0,0x64,0x12,0xFF,0xB0,0x64,0x12,0xFF,0xB0,0x64,0x12,0xFF,0xB0,0x64,0x12,0xFF,0xB0,0x64,0x12,0xFF,0xB0,0x64,0x12,0xFF,0xB0,0x64,0x12,0xFF,0xB0,0x64,0x12,0xFF,0xB0,0x64,0x12,0xFF,0xB0,0x64,0x12,0xFF,0xB0,0x64,0x12,0xFF,0xB0,0x64,0x12,0xFF,0xB0,0x64,0x12,0xFF,0xB0,0x64,0x12,0xFF,0xB0,0x64,0x12,0xFF,
    0xB0,0x64,0x12,0xFF,0xB0,0x64,0x12,0xFF,0xB0,0x64,0x12,0xFF,0xB0,0x64,0x12,0xFF,0xB0,0x64,0x12,0xFF,0xB0,0x64,0x12,0xFF,0xB0,0x64,0x12,0xFF,0xB0,0x64,0x12,0xFF,0xB0,0x64,0x12,0xFF,0xB0,0x64,0x12,0xFF,0xB0,0x64,0x12,0xFF,0xB0,0x64,0x12,0xFF,0xB0,0x64,0x12,0xFF,0xB0,0x64,0x12,0xFF,0xB0,0x64,0x12,0xFF,0xB0,0x64,0x12,0xFF,
    0xB0,0x64,0x12,0xFF,0xB0,0x64,0x12,0xFF,0xB0,0x64,0x12,0xFF,0xB0,0x64,0x12,0xFF,0xB0,0x64,0x12,0xFF,0xB0,0x64,0x12,0xFF,0xB0,0x64,0x12,0xFF,0xB0,0x64,0x12,0xFF,0xB0,0x64,0x12,0xFF,0xB0,0x64,0x12,0xFF,0xB0,0x64,0x12,0xFF,0xB0,0x64,0x12,0xFF,0xB0,0x64,0x12,0xFF,0xB0,0x64,0x12,0xFF,0xB0,0x64,0x12,0xFF,0xB0,0x64,0x12,0xFF,
    0xB0,0x64,0x12,0xFF,0xB0,0x64,0x12,0xFF,0xB0,0x64,0x12,0xFF,0xB0,0x64,0x12,0xFF,0xB0,0x64,0x12,0xFF,0xB0,0x64,0x12,0xFF,0xB0,0x64,0x12,0xFF,0xB0,0x64,0x12,0xFF,0xB0,0x64,0x12,0xFF,0xB0,0x64,0x12,0xFF,0xB0,0x64,0x12,0xFF,0xB0,0x64,0x12,0xFF,0xB0,0x64,0x12,0xFF,0xB0,0x64,0x12,0xFF,0xB0,0x64,0x12,0xFF,0xB0,0x64,0x12,0xFF,
    0xB0,0x64,0x12,0xFF,0xB0,0x64,0x12,0xFF,0xB0,0x64,0x12,0xFF,0xB0,0x64,0x12,0xFF,0xB0,0x64,0x12,0xFF,0xB0,0x64,0x12,0xFF,0xB0,0x64,0x12,0xFF,0xB0,0x64,0x12,0xFF,0xB0,0x64,0x12,0xFF,0xB0,0x64,0x12,0xFF,0xB0,0x64,0x12,0xFF,0xB0,0x64,0x12,0xFF,0xB0,0x64,0x12,0xFF,0xB0,0x64,0x12,0xFF,0xB0,0x64,0x12,0xFF,0xB0,0x64,0x12,0xFF,
    0xB0,0x64,0x12,0xFF,0xB0,0x64,0x12,0xFF,0xB0,0x64,0x12,0xFF,0xB0,0x64,0x12,0xFF,0xB0,0x64,0x12,0xFF,0xB0,0x64,0x12,0xFF,0xB0,0x64,0x12,0xFF,0xB0,0x64,0x12,0xFF,0xB0,0x64,0x12,0xFF,0xB0,0x64,0x12,0xFF,0xB0,0x64,0x12,0xFF,0xB0,0x64,0x12,0xFF,0xB0,0x64,0x12,0xFF,0xB0,0x64,0x12,0xFF,0xB0,0x64,0x12,0xFF,0xB0,0x64,0x12,0xFF,
    0xB0,0x64,0x12,0xFF,0xB0,0x64,0x12,0xFF,0xB0,0x64,0x12,0xFF,0xB0,0x64,0x12,0xFF,0xB0,0x64,0x12,0xFF,0xB0,0x64,0x12,0xFF,0xB0,0x64,0x12,0xFF,0xB0,0x64,0x12,0xFF,0xB0,0x64,0x12,0xFF,0xB0,0x64,0x12,0xFF,0xB0,0x64,0x12,0xFF,0xB0,0x64,0x12,0xFF,0xB0,0x64,0x12,0xFF,0xB0,0x64,0x12,0xFF,0xB0,0x64,0x12,0xFF,0xB0,0x64,0x12,0xFF,
    0xB0,0x64,0x12,0xFF,0xB0,0x64,0x12,0xFF,0xB0,0x64,0x12,0xFF,0xB0,0x64,0x12,0xFF,0xB0,0x64,0x12,0xFF,0xB0,0x64,0x12,0xFF,0xB0,0x64,0x12,0xFF,0xB0,0x64,0x12,0xFF,0xB0,0x64,0x12,0xFF,0xB0,0x64,0x12,0xFF,0xB0,0x64,0x12,0xFF,0xB0,0x64,0x12,0xFF,0xB0,0x64,0x12,0xFF,0xB0,0x64,0x12,0xFF,0xB0,0x64,0x12,0xFF,0xB0,0x64,0x12,0xFF,
    0xB0,0x64,0x12,0xFF,0xB0,0x64,0x12,0xFF,0xB0,0x64,0x12,0xFF,0xB0,0x64,0x12,0xFF,0xB0,0x64,0x12,0xFF,0xB0,0x64,0x12,0xFF,0xB0,0x64,0x12,0xFF,0xB0,0x64,0x12,0xFF,0xB0,0x64,0x12,0xFF,0xB0,0x64,0x12,0xFF,0xB0,0x64,0x12,0xFF,0xB0,0x64,0x12,0xFF,0xB0,0x64,0x12,0xFF,0xB0,0x64,0x12,0xFF,0xB0,0x64,0x12,0xFF,0xB0,0x64,0x12,0xFF,
    0xB0,0x64,0x12,0xFF,0xB0,0x64,0x12,0xFF,0xB0,0x64,0x12,0xFF,0xB0,0x64,0x12,0xFF,0xB0,0x64,0x12,0xFF,0xB0,0x64,0x12,0xFF,0xB0,0x64,0x12,0xFF,0xB0,0x64,0x12,0xFF,0xB0,0x64,0x12,0xFF,0xB0,0x64,0x12,0xFF,0xB0,0x64,0x12,0xFF,0xB0,0x64,0x12,0xFF,0xB0,0x64,0x12,0xFF,0xB0,0x64,0x12,0xFF,0xB0,0x64,0x12,0xFF,0xB0,0x64,0x12,0xFF,
    0xB0,0x64,0x12,0xFF,0xB0,0x64,0x12,0xFF,0xB0,0x64,0x12,0xFF,0xB0,0x64,0x12,0xFF,0xB0,0x64,0x12,0xFF,0xB0,0x64,0x12,0xFF,0xB0,0x64,0x12,0xFF,0xB0,0x64,0x12,0xFF,0xB0,0x64,0x12,0xFF,0xB0,0x64,0x12,0xFF,0xB0,0x64,0x12,0xFF,0xB0,0x64,0x12,0xFF,0xB0,0x64,0x12,0xFF,0xB0,0x64,0x12,0xFF,0xB0,0x64,0x12,0xFF,0xB0,0x64,0x12,0xFF,
    0xB0,0x64,0x12,0xFF,0xB0,0x64,0x12,0xFF,0xB0,0x64,0x12,0xFF,0xB0,0x64,0x12,0xFF,0xB0,0x64,0x12,0xFF,0xB0,0x64,0x12,0xFF,0xB0,0x64,0x12,0xFF,0xB0,0x64,0x12,0xFF,0xB0,0x64,0x12,0xFF,0xB0,0x64,0x12,0xFF,0xB0,0x64,0x12,0xFF,0xB0,0x64,0x12,0xFF,0xB0,0x64,0x12,0xFF,0xB0,0x64,0x12,0xFF,0xB0,0x64,0x12,0xFF,0xB0,0x64,0x12,0xFF,
    0xB0,0x64,0x12,0xFF,0xB0,0x64,0x12,0xFF,0xB0,0x64,0x12,0xFF,0xB0,0x64,0x12,0xFF,0xB0,0x64,0x12,0xFF,0xB0,0x64,0x12,0xFF,0xB0,0x64,0x12,0xFF,0xB0,0x64,0x12,0xFF,0xB0,0x64,0x12,0xFF,0xB0,0x64,0x12,0xFF,0xB0,0x64,0x12,0xFF,0xB0,0x64,0x12,0xFF,0xB0,0x64,0x12,0xFF,0xB0,0x64,0x12,0xFF,0xB0,0x64,0x12,0xFF,0xB0,0x64,0x12,0xFF,
    0xB0,0x64,0x12,0xFF,0xB0,0x64,0x12,0xFF,0xB0,0x64,0x12,0xFF,0xB0,0x64,0x12,0xFF,0xB0,0x64,0x12,0xFF,0xB0,0x64,0x12,0xFF,0xB0,0x64,0x12,0xFF,0xB0,0x64,0x12,0xFF,0xB0,0x64,0x12,0xFF,0xB0,0x64,0x12,0xFF,0xB0,0x64,0x12,0xFF,0xB0,0x64,0x12,0xFF,0xB0,0x64,0x12,0xFF,0xB0,0x64,0x12,0xFF,0xB0,0x64,0x12,0xFF,0xB0,0x64,0x12,0xFF,
    0xB0,0x64,0x12,0xFF,0xB0,0x64,0x12,0xFF,0xB0,0x64,0x12,0xFF,0xB0,0x64,0x12,0xFF,0xB0,0x64,0x12,0xFF,0xB0,0x64,0x12,0xFF,0xB0,0x64,0x12,0xFF,0xB0,0x64,0x12,0xFF,0xB0,0x64,0x12,0xFF,0xB0,0x64,0x12,0xFF,0xB0,0x64,0x12,0xFF,0xB0,0x64,0x12,0xFF,0xB0,0x64,0x12,0xFF,0xB0,0x64,0x12,0xFF,0xB0,0x64,0x12,0xFF,0xB0,0x64,0x12,0xFF,
    0xB0,0x64,0x12,0xFF,0xB0,0x64,0x12,0xFF,0xB0,0x64,0x12,0xFF,0xB0,0x64,0x12,0xFF,0xB0,0x64,0x12,0xFF,0xB0,0x64,0x12,0xFF,0xB0,0x64,0x12,0xFF,0xB0,0x64,0x12,0xFF,0xB0,0x64,0x12,0xFF,0xB0,0x64,0x12,0xFF,0xB0,0x64,0x12,0xFF,0xB0,0x64,0x12,0xFF,0xB0,0x64,0x12,0xFF,0xB0,0x64,0x12,0xFF,0xB0,0x64,0x12,0xFF,0xB0,0x64,0x12,0xFF,
    0xB0,0x64,0x12,0xFF,0xB0,0x64,0x12,0xFF,0xB0,0x64,0x12,0xFF,0xB0,0x64,0x12,0xFF,0xB0,0x64,0x12,0xFF,0xB0,0x64,0x12,0xFF,0xB0,0x64,0x12,0xFF,0xB0,0x64,0x12,0xFF,0xB0,0x64,0x12,0xFF,0xB0,0x64,0x12,0xFF,0xB0,0x64,0x12,0xFF,0xB0,0x64,0x12,0xFF,0xB0,0x64,0x12,0xFF,0xB0,0x64,0x12,0xFF,0xB0,0x64,0x12,0xFF,0xB0,0x64,0x12,0xFF,
    0xB0,0x64,0x12,0xFF,0xB0,0x64,0x12,0xFF,0xB0,0x64,0x12,0xFF,0xB0,0x64,0x12,0xFF,0xB0,0x64,0x12,0xFF,0xB0,0x64,0x12,0xFF,0xB0,0x64,0x12,0xFF,0xB0,0x64,0x12,0xFF,0xB0,0x64,0x12,0xFF,0xB0,0x64,0x12,0xFF,0xB0,0x64,0x12,0xFF,0xB0,0x64,0x12,0xFF,0xB0,0x64,0x12,0xFF,0xB0,0x64,0x12,0xFF,0xB0,0x64,0x12,0xFF,0xB0,0x64,0x12,0xFF,
    0xB0,0x64,0x12,0xFF,0xB0,0x64,0x12,0xFF,0xB0,0x64,0x12,0xFF,0xB0,0x64,0x12,0xFF,0xB0,0x64,0x12,0xFF,0xB0,0x64,0x12,0xFF,0xB0,0x64,0x12,0xFF,0xB0,0x64,0x12,0xFF,0xB0,0x64,0x12,0xFF,0xB0,0x64,0x12,0xFF,0xB0,0x64,0x12,0xFF,0xB0,0x64,0x12,0xFF,0xB0,0x64,0x12,0xFF,0xB0,0x64,0x12,0xFF,0xB0,0x64,0x12,0xFF,0xB0,0x64,0x12,0xFF,
    0xB0,0x64,0x12,0xFF,0xB0,0x64,0x12,0xFF,0xB0,0x64,0x12,0xFF,0xB0,0x64,0x12,0xFF,0xB0,0x64,0x12,0xFF,0xB0,0x64,0x12,0xFF,0xB0,0x64,0x12,0xFF,0xB0,0x64,0x12,0xFF,0xB0,0x64,0x12,0xFF,0xB0,0x64,0x12,0xFF,0xB0,0x64,0x12,0xFF,0xB0,0x64,0x12,0xFF,0xB0,0x64,0x12,0xFF,0xB0,0x64,0x12,0xFF,0xB0,0x64,0x12,0xFF,0xB0,0x64,0x12,0xFF,
    0xB0,0x64,0x12,0xFF,0xB0,0x64,0x12,0xFF,0xB0,0x64,0x12,0xFF,0xB0,0x64,0x12,0xFF,0xB0,0x64,0x12,0xFF,0xB0,0x64,0x12,0xFF,0xB0,0x64,0x12,0xFF,0xB0,0x64,0x12,0xFF,0xB0,0x64,0x12,0xFF,0xB0,0x64,0x12,0xFF,0xB0,0x64,0x12,0xFF,0xB0,0x64,0x12,0xFF,0xB0,0x64,0x12,0xFF,0xB0,0x64,0x12,0xFF,0xB0,0x64,0x12,0xFF,0xB0,0x64,0x12,0xFF,
    0xB0,0x64,0x12,0xFF,0xB0,0x64,0x12,0xFF,0xB0,0x64,0x12,0xFF,0xB0,0x64,0x12,0xFF,0xB0,0x64,0x12,0xFF,0xB0,0x64,0x12,0xFF,0xB0,0x64,0x12,0xFF,0xB0,0x64,0x12,0xFF,0xB0,0x64,0x12,0xFF,0xB0,0x64,0x12,0xFF,0xB0,0x64,0x12,0xFF,0xB0,0x64,0x12,0xFF,0xB0,0x64,0x12,0xFF,0xB0,0x64,0x12,0xFF,0xB0,0x64,0x12,0xFF,0xB0,0x64,0x12,0xFF,
    0xB0,0x64,0x12,0xFF,0xB0,0x64,0x12,0xFF,0xB0,0x64,0x12,0xFF,0xB0,0x64,0x12,0xFF,0xB0,0x64,0x12,0xFF,0xB0,0x64,0x12,0xFF,0xB0,0x64,0x12,0xFF,0xB0,0x64,0x12,0xFF,0xB0,0x64,0x12,0xFF,0xB0,0x64,0x12,0xFF,0xB0,0x64,0x12,0xFF,0xB0,0x64,0x12,0xFF,0xB0,0x64,0x12,0xFF,0xB0,0x64,0x12,0xFF,0xB0,0x64,0x12,0xFF,0xB0,0x64,0x12,0xFF,
    0xB0,0x64,0x12,0xFF,0xB0,0x64,0x12,0xFF,0xB0,0x64,0x12,0xFF,0xB0,0x64,0x12,0xFF,0xB0,0x64,0x12,0xFF,0xB0,0x64,0x12,0xFF,0xB0,0x64,0x12,0xFF,0xB0,0x64,0x12,0xFF,0xB0,0x64,0x12,0xFF,0xB0,0x64,0x12,0xFF,0xB0,0x64,0x12,0xFF,0xB0,0x64,0x12,0xFF,0xB0,0x64,0x12,0xFF,0xB0,0x64,0x12,0xFF,0xB0,0x64,0x12,0xFF,0xB0,0x64,0x12,0xFF,
    0xB0,0x64,0x12,0xFF,0xB0,0x64,0x12,0xFF,0xB0,0x64,0x12,0xFF,0xB0,0x64,0x12,0xFF,0xB0,0x64,0x12,0xFF,0xB0,0x64,0x12,0xFF,0xB0,0x64,0x12,0xFF,0xB0,0x64,0x12,0xFF,0xB0,0x64,0x12,0xFF,0xB0,0x64,0x12,0xFF,0xB0,0x64,0x12,0xFF,0xB0,0x64,0x12,0xFF,0xB0,0x64,0x12,0xFF,0xB0,0x64,0x12,0xFF,0xB0,0x64,0x12,0xFF,0xB0,0x64,0x12,0xFF,
    0xB0,0x64,0x12,0xFF,0xB0,0x64,0x12,0xFF,0xB0,0x64,0x12,0xFF,0xB0,0x64,0x12,0xFF,0xB0,0x64,0x12,0xFF,0xB0,0x64,0x12,0xFF,0xB0,0x64,0x12,0xFF,0xB0,0x64,0x12,0xFF,0xB0,0x64,0x12,0xFF,0xB0,0x64,0x12,0xFF,0xB0,0x64,0x12,0xFF,0xB0,0x64,0x12,0xFF,0xB0,0x64,0x12,0xFF,0xB0,0x64,0x12,0xFF,0xB0,0x64,0x12,0xFF,0xB0,0x64,0x12,0xFF,
    0xB0,0x64,0x12,0xFF,0xB0,0x64,0x12,0xFF,0xB0,0x64,0x12,0xFF,0xB0,0x64,0x12,0xFF,0xB0,0x64,0x12,0xFF,0xB0,0x64,0x12,0xFF,0xB0,0x64,0x12,0xFF,0xB0,0x64,0x12,0xFF,0xB0,0x64,0x12,0xFF,0xB0,0x64,0x12,0xFF,0xB0,0x64,0x12,0xFF,0xB0,0x64,0x12,0xFF,0xB0,0x64,0x12,0xFF,0xB0,0x64,0x12,0xFF,0xB0,0x64,0x12,0xFF,0xB0,0x64,0x12,0xFF,
    0xB0,0x64,0x12,0xFF,0xB0,0x64,0x12,0xFF,0xB0,0x64,0x12,0xFF,0xB0,0x64,0x12,0xFF,0xB0,0x64,0x12,0xFF,0xB0,0x64,0x12,0xFF,0xB0,0x64,0x12,0xFF,0xB0,0x64,0x12,0xFF,0xB0,0x64,0x12,0xFF,0xB0,0x64,0x12,0xFF,0xB0,0x64,0x12,0xFF,0xB0,0x64,0x12,0xFF,0xB0,0x64,0x12,0xFF,0xB0,0x64,0x12,0xFF,0xB0,0x64,0x12,0xFF,0xB0,0x64,0x12,0xFF,
    0xB0,0x64,0x12,0xFF,0xB0,0x64,0x12,0xFF,0xB0,0x64,0x12,0xFF,0xB0,0x64,0x12,0xFF,0xB0,0x64,0x12,0xFF,0xB0,0x64,0x12,0xFF,0xB0,0x64,0x12,0xFF,0xB0,0x64,0x12,0xFF,0xB0,0x64,0x12,0xFF,0xB0,0x64,0x12,0xFF,0xB0,0x64,0x12,0xFF,0xB0,0x64,0x12,0xFF,0xB0,0x64,0x12,0xFF,0xB0,0x64,0x12,0xFF,0xB0,0x64,0x12,0xFF,0xB0,0x64,0x12,0xFF,
    0xB0,0x64,0x12,0xFF,0xB0,0x64,0x12,0xFF,0xB0,0x64,0x12,0xFF,0xB0,0x64,0x12,0xFF,0xB0,0x64,0x12,0xFF,0xB0,0x64,0x12,0xFF,0xB0,0x64,0x12,0xFF,0xB0,0x64,0x12,0xFF,0xB0,0x64,0x12,0xFF,0xB0,0x64,0x12,0xFF,0xB0,0x64,0x12,0xFF,0xB0,0x64,0x12,0xFF,0xB0,0x64,0x12,0xFF,0xB0,0x64,0x12,0xFF,0xB0,0x64,0x12,0xFF,0xB0,0x64,0x12,0xFF,
    0xB0,0x64,0x12,0xFF,0xB0,0x64,0x12,0xFF,0xB0,0x64,0x12,0xFF,0xB0,0x64,0x12,0xFF,0xB0,0x64,0x12,0xFF,0xB0,0x64,0x12,0xFF,0xB0,0x64,0x12,0xFF,0xB0,0x64,0x12,0xFF,0xB0,0x64,0x12,0xFF,0xB0,0x64,0x12,0xFF,0xB0,0x64,0x12,0xFF,0xB0,0x64,0x12,0xFF,0xB0,0x64,0x12,0xFF,0xB0,0x64,0x12,0xFF,0xB0,0x64,0x12,0xFF,0xB0,0x64,0x12,0xFF,
    0xB0,0x64,0x12,0xFF,0xB0,0x64,0x12,0xFF,0xB0,0x64,0x12,0xFF,0xB0,0x64,0x12,0xFF,0xB0,0x64,0x12,0xFF,0xB0,0x64,0x12,0xFF,0xB0,0x64,0x12,0xFF,0xB0,0x64,0x12,0xFF,0xB0,0x64,0x12,0xFF,0xB0,0x64,0x12,0xFF,0xB0,0x64,0x12,0xFF,0xB0,0x64,0x12,0xFF,0xB0,0x64,0x12,0xFF,0xB0,0x64,0x12,0xFF,0xB0,0x64,0x12,0xFF,0xB0,0x64,0x12,0xFF,
    0xB0,0x64,0x12,0xFF,0xB0,0x64,0x12,0xFF,0xB0,0x64,0x12,0xFF,0xB0,0x64,0x12,0xFF,0xB0,0x64,0x12,0xFF,0xB0,0x64,0x12,0xFF,0xB0,0x64,0x12,0xFF,0xB0,0x64,0x12,0xFF,0xB0,0x64,0x12,0xFF,0xB0,0x64,0x12,0xFF,0xB0,0x64,0x12,0xFF,0xB0,0x64,0x12,0xFF,0xB0,0x64,0x12,0xFF,0xB0,0x64,0x12,0xFF,0xB0,0x64,0x12,0xFF,0xB0,0x64,0x12,0xFF,
    0xB0,0x64,0x12,0xFF,0xB0,0x64,0x12,0xFF,0xB0,0x64,0x12,0xFF,0xB0,0x64,0x12,0xFF,0xB0,0x64,0x12,0xFF,0xB0,0x64,0x12,0xFF,0xB0,0x64,0x12,0xFF,0xB0,0x64,0x12,0xFF,0xB0,0x64,0x12,0xFF,0xB0,0x64,0x12,0xFF,0xB0,0x64,0x12,0xFF,0xB0,0x64,0x12,0xFF,0xB0,0x64,0x12,0xFF,0xB0,0x64,0x12,0xFF,0xB0,0x64,0x12,0xFF,0xB0,0x64,0x12,0xFF,
    0xB0,0x64,0x12,0xFF,0xB0,0x64,0x12,0xFF,0xB0,0x64,0x12,0xFF,0xB0,0x64,0x12,0xFF,0xB0,0x64,0x12,0xFF,0xB0,0x64,0x12,0xFF,0xB0,0x64,0x12,0xFF,0xB0,0x64,0x12,0xFF,0xB0,0x64,0x12,0xFF,0xB0,0x64,0x12,0xFF,0xB0,0x64,0x12,0xFF,0xB0,0x64,0x12,0xFF,0xB0,0x64,0x12,0xFF,0xB0,0x64,0x12,0xFF,0xB0,0x64,0x12,0xFF,0xB0,0x64,0x12,0xFF,
    0xB0,0x64,0x12,0xFF,0xB0,0x64,0x12,0xFF,0xB0,0x64,0x12,0xFF,0xB0,0x64,0x12,0xFF,0xB0,0x64,0x12,0xFF,0xB0,0x64,0x12,0xFF,0xB0,0x64,0x12,0xFF,0xB0,0x64,0x12,0xFF,0xB0,0x64,0x12,0xFF,0xB0,0x64,0x12,0xFF,0xB0,0x64,0x12,0xFF,0xB0,0x64,0x12,0xFF,0xB0,0x64,0x12,0xFF,0xB0,0x64,0x12,0xFF,0xB0,0x64,0x12,0xFF,0xB0,0x64,0x12,0xFF,
    0xB0,0x64,0x12,0xFF,0xB0,0x64,0x12,0xFF,0xB0,0x64,0x12,0xFF,0xB0,0x64,0x12,0xFF,0xB0,0x64,0x12,0xFF,0xB0,0x64,0x12,0xFF,0xB0,0x64,0x12,0xFF,0xB0,0x64,0x12,0xFF,0xB0,0x64,0x12,0xFF,0xB0,0x64,0x12,0xFF,0xB0,0x64,0x12,0xFF,0xB0,0x64,0x12,0xFF,0xB0,0x64,0x12,0xFF,0xB0,0x64,0x12,0xFF,0xB0,0x64,0x12,0xFF,0xB0,0x64,0x12,0xFF,
    0xB0,0x64,0x12,0xFF,0xB0,0x64,0x12,0xFF,0xB0,0x64,0x12,0xFF,0xB0,0x64,0x12,0xFF,0xB0,0x64,0x12,0xFF,0xB0,0x64,0x12,0xFF,0xB0,0x64,0x12,0xFF,0xB0,0x64,0x12,0xFF,0xB0,0x64,0x12,0xFF,0xB0,0x64,0x12,0xFF,0xB0,0x64,0x12,0xFF,0xB0,0x64,0x12,0xFF,0xB0,0x64,0x12,0xFF,0xB0,0x64,0x12,0xFF,0xB0,0x64,0x12,0xFF,0xB0,0x64,0x12,0xFF,
    0xB0,0x64,0x12,0xFF,0xB0,0x64,0x12,0xFF,0xB0,0x64,0x12,0xFF,0xB0,0x64,0x12,0xFF,0xB0,0x64,0x12,0xFF,0xB0,0x64,0x12,0xFF,0xB0,0x64,0x12,0xFF,0xB0,0x64,0x12,0xFF,0xB0,0x64,0x12,0xFF,0xB0,0x64,0x12,0xFF,0xB0,0x64,0x12,0xFF,0xB0,0x64,0x12,0xFF,0xB0,0x64,0x12,0xFF,0xB0,0x64,0x12,0xFF,0xB0,0x64,0x12,0xFF,0xB0,0x64,0x12,0xFF,
    0xB0,0x64,0x12,0xFF,0xB0,0x64,0x12,0xFF,0xB0,0x64,0x12,0xFF,0xB0,0x64,0x12,0xFF,0xB0,0x64,0x12,0xFF,0xB0,0x64,0x12,0xFF,0xB0,0x64,0x12,0xFF,0xB0,0x64,0x12,0xFF,0xB0,0x64,0x12,0xFF,0xB0,0x64,0x12,0xFF,0xB0,0x64,0x12,0xFF,0xB0,0x64,0x12,0xFF,0xB0,0x64,0x12,0xFF,0xB0,0x64,0x12,0xFF,0xB0,0x64,0x12,0xFF,0xB0,0x64,0x12,0xFF,
    0xB0,0x64,0x12,0xFF,0xB0,0x64,0x12,0xFF,0xB0,0x64,0x12,0xFF,0xB0,0x64,0x12,0xFF,0xB0,0x64,0x12,0xFF,0xB0,0x64,0x12,0xFF,0xB0,0x64,0x12,0xFF,0xB0,0x64,0x12,0xFF,0xB0,0x64,0x12,0xFF,0xB0,0x64,0x12,0xFF,0xB0,0x64,0x12,0xFF,0xB0,0x64,0x12,0xFF,0xB0,0x64,0x12,0xFF,0xB0,0x64,0x12,0xFF,0xB0,0x64,0x12,0xFF,0xB0,0x64,0x12,0xFF,
    0xB0,0x64,0x12,0xFF,0xB0,0x64,0x12,0xFF,0xB0,0x64,0x12,0xFF,0xB0,0x64,0x12,0xFF,0xB0,0x64,0x12,0xFF,0xB0,0x64,0x12,0xFF,0xB0,0x64,0x12,0xFF,0xB0,0x64,0x12,0xFF,0xB0,0x64,0x12,0xFF,0xB0,0x64,0x12,0xFF,0xB0,0x64,0x12,0xFF,0xB0,0x64,0x12,0xFF,0xB0,0x64,0x12,0xFF,0xB0,0x64,0x12,0xFF,0xB0,0x64,0x12,0xFF,0xB0,0x64,0x12,0xFF,
    0xB0,0x64,0x12,0xFF,0xB0,0x64,0x12,0xFF,0xB0,0x64,0x12,0xFF,0xB0,0x64,0x12,0xFF,0xB0,0x64,0x12,0xFF,0xB0,0x64,0x12,0xFF,0xB0,0x64,0x12,0xFF,0xB0,0x64,0x12,0xFF,0xB0,0x64,0x12,0xFF,0xB0,0x64,0x12,0xFF,0xB0,0x64,0x12,0xFF,0xB0,0x64,0x12,0xFF,0xB0,0x64,0x12,0xFF,0xB0,0x64,0x12,0xFF,0xB0,0x64,0x12,0xFF,0xB0,0x64,0x12,0xFF,
    0xB0,0x64,0x12,0xFF,0xB0,0x64,0x12,0xFF,0xB0,0x64,0x12,0xFF,0xB0,0x64,0x12,0xFF,0xB0,0x64,0x12,0xFF,0xB0,0x64,0x12,0xFF,0xB0,0x64,0x12,0xFF,0xB0,0x64,0x12,0xFF,0xB0,0x64,0x12,0xFF,0xB0,0x64,0x12,0xFF,0xB0,0x64,0x12,0xFF,0xB0,0x64,0x12,0xFF,0xB0,0x64,0x12,0xFF,0xB0,0x64,0x12,0xFF,0xB0,0x64,0x12,0xFF,0xB0,0x64,0x12,0xFF,
    0xB0,0x64,0x12,0xFF,0xB0,0x64,0x12,0xFF,0xB0,0x64,0x12,0xFF,0xB0,0x64,0x12,0xFF,0xB0,0x64,0x12,0xFF,0xB0,0x64,0x12,0xFF,0xB0,0x64,0x12,0xFF,0xB0,0x64,0x12,0xFF,0xB0,0x64,0x12,0xFF,0xB0,0x64,0x12,0xFF,0xB0,0x64,0x12,0xFF,0xB0,0x64,0x12,0xFF,0xB0,0x64,0x12,0xFF,0xB0,0x64,0x12,0xFF,0xB0,0x64,0x12,0xFF,0xB0,0x64,0x12,0xFF,
    0xB0,0x64,0x12,0xFF,0xB0,0x64,0x12,0xFF,0xB0,0x64,0x12,0xFF,0xB0,0x64,0x12,0xFF,0xB0,0x64,0x12,0xFF,0xB0,0x64,0x12,0xFF,0xB0,0x64,0x12,0xFF,0xB0,0x64,0x12,0xFF,0xB0,0x64,0x12,0xFF,0xB0,0x64,0x12,0xFF,0xB0,0x64,0x12,0xFF,0xB0,0x64,0x12,0xFF,0xB0,0x64,0x12,0xFF,0xB0,0x64,0x12,0xFF,0xB0,0x64,0x12,0xFF,0xB0,0x64,0x12,0xFF,
    0xB0,0x64,0x12,0xFF,0xB0,0x64,0x12,0xFF,0xB0,0x64,0x12,0xFF,0xB0,0x64,0x12,0xFF,0xB0,0x64,0x12,0xFF,0xB0,0x64,0x12,0xFF,0xB0,0x64,0x12,0xFF,0xB0,0x64,0x12,0xFF,0xB0,0x64,0x12,0xFF,0xB0,0x64,0x12,0xFF,0xB0,0x64,0x12,0xFF,0xB0,0x64,0x12,0xFF,0xB0,0x64,0x12,0xFF,0xB0,0x64,0x12,0xFF,0xB0,0x64,0x12,0xFF,0xB0,0x64,0x12,0xFF,
    0xB0,0x64,0x12,0xFF,0xB0,0x64,0x12,0xFF,0xB0,0x64,0x12,0xFF,0xB0,0x64,0x12,0xFF,0xB0,0x64,0x12,0xFF,0xB0,0x64,0x12,0xFF,0xB0,0x64,0x12,0xFF,0xB0,0x64,0x12,0xFF,0xB0,0x64,0x12,0xFF,0xB0,0x64,0x12,0xFF,0xB0,0x64,0x12,0xFF,0xB0,0x64,0x12,0xFF,0xB0,0x64,0x12,0xFF,0xB0,0x64,0x12,0xFF,0xB0,0x64,0x12,0xFF,0xB0,0x64,0x12,0xFF,
    0xB0,0x64,0x12,0xFF,0xB0,0x64,0x12,0xFF,0xB0,0x64,0x12,0xFF,0xB0,0x64,0x12,0xFF,0xB0,0x64,0x12,0xFF,0xB0,0x64,0x12,0xFF,0xB0,0x64,0x12,0xFF,0xB0,0x64,0x12,0xFF,0xB0,0x64,0x12,0xFF,0xB0,0x64,0x12,0xFF,0xB0,0x64,0x12,0xFF,0xB0,0x64,0x12,0xFF,0xB0,0x64,0x12,0xFF,0xB0,0x64,0x12,0xFF,0xB0,0x64,0x12,0xFF,0xB0,0x64,0x12,0xFF,
    0xB0,0x64,0x12,0xFF,0xB0,0x64,0x12,0xFF,0xB0,0x64,0x12,0xFF,0xB0,0x64,0x12,0xFF,0xB0,0x64,0x12,0xFF,0xB0,0x64,0x12,0xFF,0xB0,0x64,0x12,0xFF,0xB0,0x64,0x12,0xFF,0xB0,0x64,0x12,0xFF,0xB0,0x64,0x12,0xFF,0xB0,0x64,0x12,0xFF,0xB0,0x64,0x12,0xFF,0xB0,0x64,0x12,0xFF,0xB0,0x64,0x12,0xFF,0xB0,0x64,0x12,0xFF,0xB0,0x64,0x12,0xFF,
    0xB0,0x64,0x12,0xFF,0xB0,0x64,0x12,0xFF,0xB0,0x64,0x12,0xFF,0xB0,0x64,0x12,0xFF,0xB0,0x64,0x12,0xFF,0xB0,0x64,0x12,0xFF,0xB0,0x64,0x12,0xFF,0xB0,0x64,0x12,0xFF,0xB0,0x64,0x12,0xFF,0xB0,0x64,0x12,0xFF,0xB0,0x64,0x12,0xFF,0xB0,0x64,0x12,0xFF,0xB0,0x64,0x12,0xFF,0xB0,0x64,0x12,0xFF,0xB0,0x64,0x12,0xFF,0xB0,0x64,0x12,0xFF,
    0xB0,0x64,0x12,0xFF,0xB0,0x64,0x12,0xFF,0xB0,0x64,0x12,0xFF,0xB0,0x64,0x12,0xFF,0xB0,0x64,0x12,0xFF,0xB0,0x64,0x12,0xFF,0xB0,0x64,0x12,0xFF,0xB0,0x64,0x12,0xFF,0xB0,0x64,0x12,0xFF,0xB0,0x64,0x12,0xFF,0xB0,0x64,0x12,0xFF,0xB0,0x64,0x12,0xFF,0xB0,0x64,0x12,0xFF,0xB0,0x64,0x12,0xFF,0xB0,0x64,0x12,0xFF,0xB0,0x64,0x12,0xFF,
    0xB0,0x64,0x12,0xFF,0xB0,0x64,0x12,0xFF,0xB0,0x64,0x12,0xFF,0xB0,0x64,0x12,0xFF,0xB0,0x64,0x12,0xFF,0xB0,0x64,0x12,0xFF,0xB0,0x64,0x12,0xFF,0xB0,0x64,0x12,0xFF,0xB0,0x64,0x12,0xFF,0xB0,0x64,0x12,0xFF,0xB0,0x64,0x12,0xFF,0xB0,0x64,0x12,0xFF,0xB0,0x64,0x12,0xFF,0xB0,0x64,0x12,0xFF,0xB0,0x64,0x12,0xFF,0xB0,0x64,0x12,0xFF,
    0xB0,0x64,0x12,0xFF,0xB0,0x64,0x12,0xFF,0xB0,0x64,0x12,0xFF,0xB0,0x64,0x12,0xFF,0xB0,0x64,0x12,0xFF,0xB0,0x64,0x12,0xFF,0xB0,0x64,0x12,0xFF,0xB0,0x64,0x12,0xFF,0xB0,0x64,0x12,0xFF,0xB0,0x64,0x12,0xFF,0xB0,0x64,0x12,0xFF,0xB0,0x64,0x12,0xFF,0xB0,0x64,0x12,0xFF,0xB0,0x64,0x12,0xFF,0xB0,0x64,0x12,0xFF,0xB0,0x64,0x12,0xFF,
    0xB0,0x64,0x12,0xFF,0xB0,0x64,0x12,0xFF,0xB0,0x64,0x12,0xFF,0xB0,0x64,0x12,0xFF,0xB0,0x64,0x12,0xFF,0xB0,0x64,0x12,0xFF,0xB0,0x64,0x12,0xFF,0xB0,0x64,0x12,0xFF,0xB0,0x64,0x12,0xFF,0xB0,0x64,0x12,0xFF,0xB0,0x64,0x12,0xFF,0xB0,0x64,0x12,0xFF,0xB0,0x64,0x12,0xFF,0xB0,0x64,0x12,0xFF,0xB0,0x64,0x12,0xFF,0xB0,0x64,0x12,0xFF,
    0xB0,0x64,0x12,0xFF,0xB0,0x64,0x12,0xFF,0xB0,0x64,0x12,0xFF,0xB0,0x64,0x12,0xFF,0xB0,0x64,0x12,0xFF,0xB0,0x64,0x12,0xFF,0xB0,0x64,0x12,0xFF,0xB0,0x64,0x12,0xFF,0xB0,0x64,0x12,0xFF,0xB0,0x64,0x12,0xFF,0xB0,0x64,0x12,0xFF,0xB0,0x64,0x12,0xFF,0xB0,0x64,0x12,0xFF,0xB0,0x64,0x12,0xFF,0xB0,0x64,0x12,0xFF,0xB0,0x64,0x12,0xFF,
    0xB0,0x64,0x12,0xFF,0xB0,0x64,0x12,0xFF,0xB0,0x64,0x12,0xFF,0xB0,0x64,0x12,0xFF,0xB0,0x64,0x12,0xFF,0xB0,0x64,0x12,0xFF,0xB0,0x64,0x12,0xFF,0xB0,0x64,0x12,0xFF,0xB0,0x64,0x12,0xFF,0xB0,0x64,0x12,0xFF,0xB0,0x64,0x12,0xFF,0xB0,0x64,0x12,0xFF,0xB0,0x64,0x12,0xFF,0xB0,0x64,0x12,0xFF,0xB0,0x64,0x12,0xFF,0xB0,0x64,0x12,0xFF,
    0xB0,0x64,0x12,0xFF,0xB0,0x64,0x12,0xFF,0xB0,0x64,0x12,0xFF,0xB0,0x64,0x12,0xFF,0xB0,0x64,0x12,0xFF,0xB0,0x64,0x12,0xFF,0xB0,0x64,0x12,0xFF,0xB0,0x64,0x12,0xFF,0xB0,0x64,0x12,0xFF,0xB0,0x64,0x12,0xFF,0xB0,0x64,0x12,0xFF,0xB0,0x64,0x12,0xFF,0xB0,0x64,0x12,0xFF,0xB0,0x64,0x12,0xFF,0xB0,0x64,0x12,0xFF,0xB0,0x64,0x12,0xFF,
    0xB0,0x64,0x12,0xFF,0xB0,0x64,0x12,0xFF,0xB0,0x64,0x12,0xFF,0xB0,0x64,0x12,0xFF,0xB0,0x64,0x12,0xFF,0xB0,0x64,0x12,0xFF,0xB0,0x64,0x12,0xFF,0xB0,0x64,0x12,0xFF,0xB0,0x64,0x12,0xFF,0xB0,0x64,0x12,0xFF,0xB0,0x64,0x12,0xFF,0xB0,0x64,0x12,0xFF,0xB0,0x64,0x12,0xFF,0xB0,0x64,0x12,0xFF,0xB0,0x64,0x12,0xFF,0xB0,0x64,0x12,0xFF,
    0xB0,0x64,0x12,0xFF,0xB0,0x64,0x12,0xFF,0xB0,0x64,0x12,0xFF,0xB0,0x64,0x12,0xFF,0xB0,0x64,0x12,0xFF,0xB0,0x64,0x12,0xFF,0xB0,0x64,0x12,0xFF,0xB0,0x64,0x12,0xFF,0xB0,0x64,0x12,0xFF,0xB0,0x64,0x12,0xFF,0xB0,0x64,0x12,0xFF,0xB0,0x64,0x12,0xFF,0xB0,0x64,0x12,0xFF,0xB0,0x64,0x12,0xFF,0xB0,0x64,0x12,0xFF,0xB0,0x64,0x12,0xFF,
    0xB0,0x64,0x12,0xFF,0xB0,0x64,0x12,0xFF,0xB0,0x64,0x12,0xFF,0xB0,0x64,0x12,0xFF,0xB0,0x64,0x12,0xFF,0xB0,0x64,0x12,0xFF,0xB0,0x64,0x12,0xFF,0xB0,0x64,0x12,0xFF,0xB0,0x64,0x12,0xFF,0xB0,0x64,0x12,0xFF,0xB0,0x64,0x12,0xFF,0xB0,0x64,0x12,0xFF,0xB0,0x64,0x12,0xFF,0xB0,0x64,0x12,0xFF,0xB0,0x64,0x12,0xFF,0xB0,0x64,0x12,0xFF,
    0xB0,0x64,0x12,0xFF,0xB0,0x64,0x12,0xFF,0xB0,0x64,0x12,0xFF,0xB0,0x64,0x12,0xFF,0xB0,0x64,0x12,0xFF,0xB0,0x64,0x12,0xFF,0xB0,0x64,0x12,0xFF,0xB0,0x64,0x12,0xFF,0xB0,0x64,0x12,0xFF,0xB0,0x64,0x12,0xFF,0xB0,0x64,0x12,0xFF,0xB0,0x64,0x12,0xFF,0xB0,0x64,0x12,0xFF,0xB0,0x64,0x12,0xFF,0xB0,0x64,0x12,0xFF,0xB0,0x64,0x12,0xFF,
    0xB0,0x64,0x12,0xFF,0xB0,0x64,0x12,0xFF,0xB0,0x64,0x12,0xFF,0xB0,0x64,0x12,0xFF,0xB0,0x64,0x12,0xFF,0xB0,0x64,0x12,0xFF,0xB0,0x64,0x12,0xFF,0xB0,0x64,0x12,0xFF,0xB0,0x64,0x12,0xFF,0xB0,0x64,0x12,0xFF,0xB0,0x64,0x12,0xFF,0xB0,0x64,0x12,0xFF,0xB0,0x64,0x12,0xFF,0xB0,0x64,0x12,0xFF,0xB0,0x64,0x12,0xFF,0xB0,0x64,0x12,0xFF,
    0xB0,0x64,0x12,0xFF,0xB0,0x64,0x12,0xFF,0xB0,0x64,0x12,0xFF,0xB0,0x64,0x12,0xFF,0xB0,0x64,0x12,0xFF,0xB0,0x64,0x12,0xFF,0xB0,0x64,0x12,0xFF,0xB0,0x64,0x12,0xFF,0xB0,0x64,0x12,0xFF,0xB0,0x64,0x12,0xFF,0xB0,0x64,0x12,0xFF,0xB0,0x64,0x12,0xFF,0xB0,0x64,0x12,0xFF,0xB0,0x64,0x12,0xFF,0xB0,0x64,0x12,0xFF,0xB0,0x64,0x12,0xFF,
    0xB0,0x64,0x12,0xFF,0xB0,0x64,0x12,0xFF,0xB0,0x64,0x12,0xFF,0xB0,0x64,0x12,0xFF,0xB0,0x64,0x12,0xFF,0xB0,0x64,0x12,0xFF,0xB0,0x64,0x12,0xFF,0xB0,0x64,0x12,0xFF,0xB0,0x64,0x12,0xFF,0xB0,0x64,0x12,0xFF,0xB0,0x64,0x12,0xFF,0xB0,0x64,0x12,0xFF,0xB0,0x64,0x12,0xFF,0xB0,0x64,0x12,0xFF,0xB0,0x64,0x12,0xFF,0xB0,0x64,0x12,0xFF,
    0xB0,0x64,0x12,0xFF,0xB0,0x64,0x12,0xFF,0xB0,0x64,0x12,0xFF,0xB0,0x64,0x12,0xFF,0xB0,0x64,0x12,0xFF,0xB0,0x64,0x12,0xFF,0xB0,0x64,0x12,0xFF,0xB0,0x64,0x12,0xFF,0xB0,0x64,0x12,0xFF,0xB0,0x64,0x12,0xFF,0xB0,0x64,0x12,0xFF,0xB0,0x64,0x12,0xFF,0xB0,0x64,0x12,0xFF,0xB0,0x64,0x12,0xFF,0xB0,0x64,0x12,0xFF,0xB0,0x64,0x12,0xFF,
    0xB0,0x64,0x12,0xFF,0xB0,0x64,0x12,0xFF,0xB0,0x64,0x12,0xFF,0xB0,0x64,0x12,0xFF,0xB0,0x64,0x12,0xFF,0xB0,0x64,0x12,0xFF,0xB0,0x64,0x12,0xFF,0xB0,0x64,0x12,0xFF,0xB0,0x64,0x12,0xFF,0xB0,0x64,0x12,0xFF,0xB0,0x64,0x12,0xFF,0xB0,0x64,0x12,0xFF,0xB0,0x64,0x12,0xFF,0xB0,0x64,0x12,0xFF,0xB0,0x64,0x12,0xFF,0xB0,0x64,0x12,0xFF,
    0xB0,0x64,0x12,0xFF,0xB0,0x64,0x12,0xFF,0xB0,0x64,0x12,0xFF,0xB0,0x64,0x12,0xFF,0xB0,0x64,0x12,0xFF,0xB0,0x64,0x12,0xFF,0xB0,0x64,0x12,0xFF,0xB0,0x64,0x12,0xFF,0xB0,0x64,0x12,0xFF,0xB0,0x64,0x12,0xFF,0xB0,0x64,0x12,0xFF,0xB0,0x64,0x12,0xFF,0xB0,0x64,0x12,0xFF,0xB0,0x64,0x12,0xFF,0xB0,0x64,0x12,0xFF,0xB0,0x64,0x12,0xFF,
    0xB0,0x64,0x12,0xFF,0xB0,0x64,0x12,0xFF,0xB0,0x64,0x12,0xFF,0xB0,0x64,0x12,0xFF,0xB0,0x64,0x12,0xFF,0xB0,0x64,0x12,0xFF,0xB0,0x64,0x12,0xFF,0xB0,0x64,0x12,0xFF,0xB0,0x64,0x12,0xFF,0xB0,0x64,0x12,0xFF,0xB0,0x64,0x12,0xFF,0xB0,0x64,0x12,0xFF,0xB0,0x64,0x12,0xFF,0xB0,0x64,0x12,0xFF,0xB0,0x64,0x12,0xFF,0xB0,0x64,0x12,0xFF,
    0xB0,0x64,0x12,0xFF,0xB0,0x64,0x12,0xFF,0xB0,0x64,0x12,0xFF,0xB0,0x64,0x12,0xFF,0xB0,0x64,0x12,0xFF,0xB0,0x64,0x12,0xFF,0xB0,0x64,0x12,0xFF,0xB0,0x64,0x12,0xFF,0xB0,0x64,0x12,0xFF,0xB0,0x64,0x12,0xFF,0xB0,0x64,0x12,0xFF,0xB0,0x64,0x12,0xFF,0xB0,0x64,0x12,0xFF,0xB0,0x64,0x12,0xFF,0xB0,0x64,0x12,0xFF,0xB0,0x64,0x12,0xFF,
    0xB0,0x64,0x12,0xFF,0xB0,0x64,0x12,0xFF,0xB0,0x64,0x12,0xFF,0xB0,0x64,0x12,0xFF,0xB0,0x64,0x12,0xFF,0xB0,0x64,0x12,0xFF,0xB0,0x64,0x12,0xFF,0xB0,0x64,0x12,0xFF,0xB0,0x64,0x12,0xFF,0xB0,0x64,0x12,0xFF,0xB0,0x64,0x12,0xFF,0xB0,0x64,0x12,0xFF,0xB0,0x64,0x12,0xFF,0xB0,0x64,0x12,0xFF,0xB0,0x64,0x12,0xFF,0xB0,0x64,0x12,0xFF,
    0xB0,0x64,0x12,0xFF,0xB0,0x64,0x12,0xFF,0xB0,0x64,0x12,0xFF,0xB0,0x64,0x12,0xFF,0xB0,0x64,0x12,0xFF,0xB0,0x64,0x12,0xFF,0xB0,0x64,0x12,0xFF,0xB0,0x64,0x12,0xFF,0xB0,0x64,0x12,0xFF,0xB0,0x64,0x12,0xFF,0xB0,0x64,0x12,0xFF,0xB0,0x64,0x12,0xFF,0xB0,0x64,0x12,0xFF,0xB0,0x64,0x12,0xFF,0xB0,0x64,0x12,0xFF,0xB0,0x64,0x12,0xFF,
    0xB0,0x64,0x12,0xFF,0xB0,0x64,0x12,0xFF,0xB0,0x64,0x12,0xFF,0xB0,0x64,0x12,0xFF,0xB0,0x64,0x12,0xFF,0xB0,0x64,0x12,0xFF,0xB0,0x64,0x12,0xFF,0xB0,0x64,0x12,0xFF,0xB0,0x64,0x12,0xFF,0xB0,0x64,0x12,0xFF,0xB0,0x64,0x12,0xFF,0xB0,0x64,0x12,0xFF,0xB0,0x64,0x12,0xFF,0xB0,0x64,0x12,0xFF,0xB0,0x64,0x12,0xFF,0xB0,0x64,0x12,0xFF,
    0xB0,0x64,0x12,0xFF,0xB0,0x64,0x12,0xFF,0xB0,0x64,0x12,0xFF,0xB0,0x64,0x12,0xFF,0xB0,0x64,0x12,0xFF,0xB0,0x64,0x12,0xFF,0xB0,0x64,0x12,0xFF,0xB0,0x64,0x12,0xFF,0xB0,0x64,0x12,0xFF,0xB0,0x64,0x12,0xFF,0xB0,0x64,0x12,0xFF,0xB0,0x64,0x12,0xFF,0xB0,0x64,0x12,0xFF,0xB0,0x64,0x12,0xFF,0xB0,0x64,0x12,0xFF,0xB0,0x64,0x12,0xFF,
    0xB0,0x64,0x12,0xFF,0xB0,0x64,0x12,0xFF,0xB0,0x64,0x12,0xFF,0xB0,0x64,0x12,0xFF,0xB0,0x64,0x12,0xFF,0xB0,0x64,0x12,0xFF,0xB0,0x64,0x12,0xFF,0xB0,0x64,0x12,0xFF,0xB0,0x64,0x12,0xFF,0xB0,0x64,0x12,0xFF,0xB0,0x64,0x12,0xFF,0xB0,0x64,0x12,0xFF,0xB0,0x64,0x12,0xFF,0xB0,0x64,0x12,0xFF,0xB0,0x64,0x12,0xFF,0xB0,0x64,0x12,0xFF,
    0xB0,0x64,0x12,0xFF,0xB0,0x64,0x12,0xFF,0xB0,0x64,0x12,0xFF,0xB0,0x64,0x12,0xFF,0xB0,0x64,0x12,0xFF,0xB0,0x64,0x12,0xFF,0xB0,0x64,0x12,0xFF,0xB0,0x64,0x12,0xFF,0xB0,0x64,0x12,0xFF,0xB0,0x64,0x12,0xFF,0xB0,0x64,0x12,0xFF,0xB0,0x64,0x12,0xFF,0xB0,0x64,0x12,0xFF,0xB0,0x64,0x12,0xFF,0xB0,0x64,0x12,0xFF,0xB0,0x64,0x12,0xFF,
    0xB0,0x64,0x12,0xFF,0xB0,0x64,0x12,0xFF,0xB0,0x64,0x12,0xFF,0xB0,0x64,0x12,0xFF,0xB0,0x64,0x12,0xFF,0xB0,0x64,0x12,0xFF,0xB0,0x64,0x12,0xFF,0xB0,0x64,0x12,0xFF,0xB0,0x64,0x12,0xFF,0xB0,0x64,0x12,0xFF,0xB0,0x64,0x12,0xFF,0xB0,0x64,0x12,0xFF,0xB0,0x64,0x12,0xFF,0xB0,0x64,0x12,0xFF,0xB0,0x64,0x12,0xFF,0xB0,0x64,0x12,0xFF,
    0xB0,0x64,0x12,0xFF,0xB0,0x64,0x12,0xFF,0xB0,0x64,0x12,0xFF,0xB0,0x64,0x12,0xFF,0xB0,0x64,0x12,0xFF,0xB0,0x64,0x12,0xFF,0xB0,0x64,0x12,0xFF,0xB0,0x64,0x12,0xFF,0xB0,0x64,0x12,0xFF,0xB0,0x64,0x12,0xFF,0xB0,0x64,0x12,0xFF,0xB0,0x64,0x12,0xFF,0xB0,0x64,0x12,0xFF,0xB0,0x64,0x12,0xFF,0xB0,0x64,0x12,0xFF,0xB0,0x64,0x12,0xFF,
    0xB0,0x64,0x12,0xFF,0xB0,0x64,0x12,0xFF,0xB0,0x64,0x12,0xFF,0xB0,0x64,0x12,0xFF,0xB0,0x64,0x12,0xFF,0xB0,0x64,0x12,0xFF,0xB0,0x64,0x12,0xFF,0xB0,0x64,0x12,0xFF,0xB0,0x64,0x12,0xFF,0xB0,0x64,0x12,0xFF,0xB0,0x64,0x12,0xFF,0xB0,0x64,0x12,0xFF,0xB0,0x64,0x12,0xFF,0xB0,0x64,0x12,0xFF,0xB0,0x64,0x12,0xFF,0xB0,0x64,0x12,0xFF,
    0xB0,0x64,0x12,0xFF,0xB0,0x64,0x12,0xFF,0xB0,0x64,0x12,0xFF,0xB0,0x64,0x12,0xFF,0xB0,0x64,0x12,0xFF,0xB0,0x64,0x12,0xFF,0xB0,0x64,0x12,0xFF,0xB0,0x64,0x12,0xFF,0xB0,0x64,0x12,0xFF,0xB0,0x64,0x12,0xFF,0xB0,0x64,0x12,0xFF,0xB0,0x64,0x12,0xFF,0xB0,0x64,0x12,0xFF,0xB0,0x64,0x12,0xFF,0xB0,0x64,0x12,0xFF,0xB0,0x64,0x12,0xFF,
    0xB0,0x64,0x12,0xFF,0xB0,0x64,0x12,0xFF,0xB0,0x64,0x12,0xFF,0xB0,0x64,0x12,0xFF,0xB0,0x64,0x12,0xFF,0xB0,0x64,0x12,0xFF,0xB0,0x64,0x12,0xFF,0xB0,0x64,0x12,0xFF,0xB0,0x64,0x12,0xFF,0xB0,0x64,0x12,0xFF,0xB0,0x64,0x12,0xFF,0xB0,0x64,0x12,0xFF,0xB0,0x64,0x12,0xFF,0xB0,0x64,0x12,0xFF,0xB0,0x64,0x12,0xFF,0xB0,0x64,0x12,0xFF,
    0xB0,0x64,0x12,0xFF,0xB0,0x64,0x12,0xFF,0xB0,0x64,0x12,0xFF,0xB0,0x64,0x12,0xFF,0xB0,0x64,0x12,0xFF,0xB0,0x64,0x12,0xFF,0xB0,0x64,0x12,0xFF,0xB0,0x64,0x12,0xFF,0xB0,0x64,0x12,0xFF,0xB0,0x64,0x12,0xFF,0xB0,0x64,0x12,0xFF,0xB0,0x64,0x12,0xFF,0xB0,0x64,0x12,0xFF,0xB0,0x64,0x12,0xFF,0xB0,0x64,0x12,0xFF,0xB0,0x64,0x12,0xFF,
    0xB0,0x64,0x12,0xFF,0xB0,0x64,0x12,0xFF,0xB0,0x64,0x12,0xFF,0xB0,0x64,0x12,0xFF,0xB0,0x64,0x12,0xFF,0xB0,0x64,0x12,0xFF,0xB0,0x64,0x12,0xFF,0xB0,0x64,0x12,0xFF,0xB0,0x64,0x12,0xFF,0xB0,0x64,0x12,0xFF,0xB0,0x64,0x12,0xFF,0xB0,0x64,0x12,0xFF,0xB0,0x64,0x12,0xFF,0xB0,0x64,0x12,0xFF,0xB0,0x64,0x12,0xFF,0xB0,0x64,0x12,0xFF,
    0xB0,0x64,0x12,0xFF,0xB0,0x64,0x12,0xFF,0xB0,0x64,0x12,0xFF,0xB0,0x64,0x12,0xFF,0xB0,0x64,0x12,0xFF,0xB0,0x64,0x12,0xFF,0xB0,0x64,0x12,0xFF,0xB0,0x64,0x12,0xFF,0xB0,0x64,0x12,0xFF,0xB0,0x64,0x12,0xFF,0xB0,0x64,0x12,0xFF,0xB0,0x64,0x12,0xFF,0xB0,0x64,0x12,0xFF,0xB0,0x64,0x12,0xFF,0xB0,0x64,0x12,0xFF,0xB0,0x64,0x12,0xFF,
    0xB0,0x64,0x12,0xFF,0xB0,0x64,0x12,0xFF,0xB0,0x64,0x12,0xFF,0xB0,0x64,0x12,0xFF,0xB0,0x64,0x12,0xFF,0xB0,0x64,0x12,0xFF,0xB0,0x64,0x12,0xFF,0xB0,0x64,0x12,0xFF,0xB0,0x64,0x12,0xFF,0xB0,0x64,0x12,0xFF,0xB0,0x64,0x12,0xFF,0xB0,0x64,0x12,0xFF,0xB0,0x64,0x12,0xFF,0xB0,0x64,0x12,0xFF,0xB0,0x64,0x12,0xFF,0xB0,0x64,0x12,0xFF,
    0xB0,0x64,0x12,0xFF,0xB0,0x64,0x12,0xFF,0xB0,0x64,0x12,0xFF,0xB0,0x64,0x12,0xFF,0xB0,0x64,0x12,0xFF,0xB0,0x64,0x12,0xFF,0xB0,0x64,0x12,0xFF,0xB0,0x64,0x12,0xFF,0xB0,0x64,0x12,0xFF,0xB0,0x64,0x12,0xFF,0xB0,0x64,0x12,0xFF,0xB0,0x64,0x12,0xFF,0xB0,0x64,0x12,0xFF,0xB0,0x64,0x12,0xFF,0xB0,0x64,0x12,0xFF,0xB0,0x64,0x12,0xFF,
    0xB0,0x64,0x12,0xFF,0xB0,0x64,0x12,0xFF,0xB0,0x64,0x12,0xFF,0xB0,0x64,0x12,0xFF,0xB0,0x64,0x12,0xFF,0xB0,0x64,0x12,0xFF,0xB0,0x64,0x12,0xFF,0xB0,0x64,0x12,0xFF,0xB0,0x64,0x12,0xFF,0xB0,0x64,0x12,0xFF,0xB0,0x64,0x12,0xFF,0xB0,0x64,0x12,0xFF,0xB0,0x64,0x12,0xFF,0xB0,0x64,0x12,0xFF,0xB0,0x64,0x12,0xFF,0xB0,0x64,0x12,0xFF,
    0xB0,0x64,0x12,0xFF,0xB0,0x64,0x12,0xFF,0xB0,0x64,0x12,0xFF,0xB0,0x64,0x12,0xFF,0xB0,0x64,0x12,0xFF,0xB0,0x64,0x12,0xFF,0xB0,0x64,0x12,0xFF,0xB0,0x64,0x12,0xFF,0xB0,0x64,0x12,0xFF,0xB0,0x64,0x12,0xFF,0xB0,0x64,0x12,0xFF,0xB0,0x64,0x12,0xFF,0xB0,0x64,0x12,0xFF,0xB0,0x64,0x12,0xFF,0xB0,0x64,0x12,0xFF,0xB0,0x64,0x12,0xFF,
    0xB0,0x64,0x12,0xFF,0xB0,0x64,0x12,0xFF,0xB0,0x64,0x12,0xFF,0xB0,0x64,0x12,0xFF,0xB0,0x64,0x12,0xFF,0xB0,0x64,0x12,0xFF,0xB0,0x64,0x12,0xFF,0xB0,0x64,0x12,0xFF,0xB0,0x64,0x12,0xFF,0xB0,0x64,0x12,0xFF,0xB0,0x64,0x12,0xFF,0xB0,0x64,0x12,0xFF,0xB0,0x64,0x12,0xFF,0xB0,0x64,0x12,0xFF,0xB0,0x64,0x12,0xFF,0xB0,0x64,0x12,0xFF,
    0xB0,0x64,0x12,0xFF,0xB0,0x64,0x12,0xFF,0xB0,0x64,0x12,0xFF,0xB0,0x64,0x12,0xFF,0xB0,0x64,0x12,0xFF,0xB0,0x64,0x12,0xFF,0xB0,0x64,0x12,0xFF,0xB0,0x64,0x12,0xFF,0xB0,0x64,0x12,0xFF,0xB0,0x64,0x12,0xFF,0xB0,0x64,0x12,0xFF,0xB0,0x64,0x12,0xFF,0xB0,0x64,0x12,0xFF,0xB0,0x64,0x12,0xFF,0xB0,0x64,0x12,0xFF,0xB0,0x64,0x12,0xFF,
    0xB0,0x64,0x12,0xFF,0xB0,0x64,0x12,0xFF,0xB0,0x64,0x12,0xFF,0xB0,0x64,0x12,0xFF,0xB0,0x64,0x12,0xFF,0xB0,0x64,0x12,0xFF,0xB0,0x64,0x12,0xFF,0xB0,0x64,0x12,0xFF,0xB0,0x64,0x12,0xFF,0xB0,0x64,0x12,0xFF,0xB0,0x64,0x12,0xFF,0xB0,0x64,0x12,0xFF,0xB0,0x64,0x12,0xFF,0xB0,0x64,0x12,0xFF,0xB0,0x64,0x12,0xFF,0xB0,0x64,0x12,0xFF,
    0xB0,0x64,0x12,0xFF,0xB0,0x64,0x12,0xFF,0xB0,0x64,0x12,0xFF,0xB0,0x64,0x12,0xFF,0xB0,0x64,0x12,0xFF,0xB0,0x64,0x12,0xFF,0xB0,0x64,0x12,0xFF,0xB0,0x64,0x12,0xFF,0xB0,0x64,0x12,0xFF,0xB0,0x64,0x12,0xFF,0xB0,0x64,0x12,0xFF,0xB0,0x64,0x12,0xFF,0xB0,0x64,0x12,0xFF,0xB0,0x64,0x12,0xFF,0xB0,0x64,0x12,0xFF,0xB0,0x64,0x12,0xFF,
    0xB0,0x64,0x12,0xFF,0xB0,0x64,0x12,0xFF,0xB0,0x64,0x12,0xFF,0xB0,0x64,0x12,0xFF,0xB0,0x64,0x12,0xFF,0xB0,0x64,0x12,0xFF,0xB0,0x64,0x12,0xFF,0xB0,0x64,0x12,0xFF,0xB0,0x64,0x12,0xFF,0xB0,0x64,0x12,0xFF,0xB0,0x64,0x12,0xFF,0xB0,0x64,0x12,0xFF,0xB0,0x64,0x12,0xFF,0xB0,0x64,0x12,0xFF,0xB0,0x64,0x12,0xFF,0xB0,0x64,0x12,0xFF,
    0xB0,0x64,0x12,0xFF,0xB0,0x64,0x12,0xFF,0xB0,0x64,0x12,0xFF,0xB0,0x64,0x12,0xFF,0xB0,0x64,0x12,0xFF,0xB0,0x64,0x12,0xFF,0xB0,0x64,0x12,0xFF,0xB0,0x64,0x12,0xFF,0xB0,0x64,0x12,0xFF,0xB0,0x64,0x12,0xFF,0xB0,0x64,0x12,0xFF,0xB0,0x64,0x12,0xFF,0xB0,0x64,0x12,0xFF,0xB0,0x64,0x12,0xFF,0xB0,0x64,0x12,0xFF,0xB0,0x64,0x12,0xFF,
    0xB0,0x64,0x12,0xFF,0xB0,0x64,0x12,0xFF,0xB0,0x64,0x12,0xFF,0xB0,0x64,0x12,0xFF,0xB0,0x64,0x12,0xFF,0xB0,0x64,0x12,0xFF,0xB0,0x64,0x12,0xFF,0xB0,0x64,0x12,0xFF,0xB0,0x64,0x12,0xFF,0xB0,0x64,0x12,0xFF,0xB0,0x64,0x12,0xFF,0xB0,0x64,0x12,0xFF,0xB0,0x64,0x12,0xFF,0xB0,0x64,0x12,0xFF,0xB0,0x64,0x12,0xFF,0xB0,0x64,0x12,0xFF,
    0xB0,0x64,0x12,0xFF,0xB0,0x64,0x12,0xFF,0xB0,0x64,0x12,0xFF,0xB0,0x64,0x12,0xFF,0xB0,0x64,0x12,0xFF,0xB0,0x64,0x12,0xFF,0xB0,0x64,0x12,0xFF,0xB0,0x64,0x12,0xFF,0xB0,0x64,0x12,0xFF,0xB0,0x64,0x12,0xFF,0xB0,0x64,0x12,0xFF,0xB0,0x64,0x12,0xFF,0xB0,0x64,0x12,0xFF,0xB0,0x64,0x12,0xFF,0xB0,0x64,0x12,0xFF,0xB0,0x64,0x12,0xFF,
    0xB0,0x64,0x12,0xFF,0xB0,0x64,0x12,0xFF,0xB0,0x64,0x12,0xFF,0xB0,0x64,0x12,0xFF,0xB0,0x64,0x12,0xFF,0xB0,0x64,0x12,0xFF,0xB0,0x64,0x12,0xFF,0xB0,0x64,0x12,0xFF,0xB0,0x64,0x12,0xFF,0xB0,0x64,0x12,0xFF,0xB0,0x64,0x12,0xFF,0xB0,0x64,0x12,0xFF,0xB0,0x64,0x12,0xFF,0xB0,0x64,0x12,0xFF,0xB0,0x64,0x12,0xFF,0xB0,0x64,0x12,0xFF,
    0xB0,0x64,0x12,0xFF,0xB0,0x64,0x12,0xFF,0xB0,0x64,0x12,0xFF,0xB0,0x64,0x12,0xFF,0xB0,0x64,0x12,0xFF,0xB0,0x64,0x12,0xFF,0xB0,0x64,0x12,0xFF,0xB0,0x64,0x12,0xFF,0xB0,0x64,0x12,0xFF,0xB0,0x64,0x12,0xFF,0xB0,0x64,0x12,0xFF,0xB0,0x64,0x12,0xFF,0xB0,0x64,0x12,0xFF,0xB0,0x64,0x12,0xFF,0xB0,0x64,0x12,0xFF,0xB0,0x64,0x12,0xFF,
    0xB0,0x64,0x12,0xFF,0xB0,0x64,0x12,0xFF,0xB0,0x64,0x12,0xFF,0xB0,0x64,0x12,0xFF,0xB0,0x64,0x12,0xFF,0xB0,0x64,0x12,0xFF,0xB0,0x64,0x12,0xFF,0xB0,0x64,0x12,0xFF,0xB0,0x64,0x12,0xFF,0xB0,0x64,0x12,0xFF,0xB0,0x64,0x12,0xFF,0xB0,0x64,0x12,0xFF,0xB0,0x64,0x12,0xFF,0xB0,0x64,0x12,0xFF,0xB0,0x64,0x12,0xFF,0xB0,0x64,0x12,0xFF,
    0xB0,0x64,0x12,0xFF,0xB0,0x64,0x12,0xFF,0xB0,0x64,0x12,0xFF,0xB0,0x64,0x12,0xFF,0xB0,0x64,0x12,0xFF,0xB0,0x64,0x12,0xFF,0xB0,0x64,0x12,0xFF,0xB0,0x64,0x12,0xFF,0xB0,0x64,0x12,0xFF,0xB0,0x64,0x12,0xFF,0xB0,0x64,0x12,0xFF,0xB0,0x64,0x12,0xFF,0xB0,0x64,0x12,0xFF,0xB0,0x64,0x12,0xFF,0xB0,0x64,0x12,0xFF,0xB0,0x64,0x12,0xFF,
    0xB0,0x64,0x12,0xFF,0xB0,0x64,0x12,0xFF,0xB0,0x64,0x12,0xFF,0xB0,0x64,0x12,0xFF,0xB0,0x64,0x12,0xFF,0xB0,0x64,0x12,0xFF,0xB0,0x64,0x12,0xFF,0xB0,0x64,0x12,0xFF,0xB0,0x64,0x12,0xFF,0xB0,0x64,0x12,0xFF,0xB0,0x64,0x12,0xFF,0xB0,0x64,0x12,0xFF,0xB0,0x64,0x12,0xFF,0xB0,0x64,0x12,0xFF,0xB0,0x64,0x12,0xFF,0xB0,0x64,0x12,0xFF,
    0xB0,0x64,0x12,0xFF,0xB0,0x64,0x12,0xFF,0xB0,0x64,0x12,0xFF,0xB0,0x64,0x12,0xFF,0xB0,0x64,0x12,0xFF,0xB0,0x64,0x12,0xFF,0xB0,0x64,0x12,0xFF,0xB0,0x64,0x12,0xFF,0xB0,0x64,0x12,0xFF,0xB0,0x64,0x12,0xFF,0xB0,0x64,0x12,0xFF,0xB0,0x64,0x12,0xFF,0xB0,0x64,0x12,0xFF,0xB0,0x64,0x12,0xFF,0xB0,0x64,0x12,0xFF,0xB0,0x64,0x12,0xFF,
    0xB0,0x64,0x12,0xFF,0xB0,0x64,0x12,0xFF,0xB0,0x64,0x12,0xFF,0xB0,0x64,0x12,0xFF,0xB0,0x64,0x12,0xFF,0xB0,0x64,0x12,0xFF,0xB0,0x64,0x12,0xFF,0xB0,0x64,0x12,0xFF,0xB0,0x64,0x12,0xFF,0xB0,0x64,0x12,0xFF,0xB0,0x64,0x12,0xFF,0xB0,0x64,0x12,0xFF,0xB0,0x64,0x12,0xFF,0xB0,0x64,0x12,0xFF,0xB0,0x64,0x12,0xFF,0xB0,0x64,0x12,0xFF,
    0xB0,0x64,0x12,0xFF,0xB0,0x64,0x12,0xFF,0xB0,0x64,0x12,0xFF,0xB0,0x64,0x12,0xFF,0xB0,0x64,0x12,0xFF,0xB0,0x64,0x12,0xFF,0xB0,0x64,0x12,0xFF,0xB0,0x64,0x12,0xFF,0xB0,0x64,0x12,0xFF,0xB0,0x64,0x12,0xFF,0xB0,0x64,0x12,0xFF,0xB0,0x64,0x12,0xFF,0xB0,0x64,0x12,0xFF,0xB0,0x64,0x12,0xFF,0xB0,0x64,0x12,0xFF,0xB0,0x64,0x12,0xFF,
    0xB0,0x64,0x12,0xFF,0xB0,0x64,0x12,0xFF,0xB0,0x64,0x12,0xFF,0xB0,0x64,0x12,0xFF,0xB0,0x64,0x12,0xFF,0xB0,0x64,0x12,0xFF,0xB0,0x64,0x12,0xFF,0xB0,0x64,0x12,0xFF,0xB0,0x64,0x12,0xFF,0xB0,0x64,0x12,0xFF,0xB0,0x64,0x12,0xFF,0xB0,0x64,0x12,0xFF,0xB0,0x64,0x12,0xFF,0xB0,0x64,0x12,0xFF,0xB0,0x64,0x12,0xFF,0xB0,0x64,0x12,0xFF,
    0xB0,0x64,0x12,0xFF,0xB0,0x64,0x12,0xFF,0xB0,0x64,0x12,0xFF,0xB0,0x64,0x12,0xFF,0xB0,0x64,0x12,0xFF,0xB0,0x64,0x12,0xFF,0xB0,0x64,0x12,0xFF,0xB0,0x64,0x12,0xFF,0xB0,0x64,0x12,0xFF,0xB0,0x64,0x12,0xFF,0xB0,0x64,0x12,0xFF,0xB0,0x64,0x12,0xFF,0xB0,0x64,0x12,0xFF,0xB0,0x64,0x12,0xFF,0xB0,0x64,0x12,0xFF,0xB0,0x64,0x12,0xFF,
    0xB0,0x64,0x12,0xFF,0xB0,0x64,0x12,0xFF,0xB0,0x64,0x12,0xFF,0xB0,0x64,0x12,0xFF,0xB0,0x64,0x12,0xFF,0xB0,0x64,0x12,0xFF,0xB0,0x64,0x12,0xFF,0xB0,0x64,0x12,0xFF,0xB0,0x64,0x12,0xFF,0xB0,0x64,0x12,0xFF,0xB0,0x64,0x12,0xFF,0xB0,0x64,0x12,0xFF,0xB0,0x64,0x12,0xFF,0xB0,0x64,0x12,0xFF,0xB0,0x64,0x12,0xFF,0xB0,0x64,0x12,0xFF,
    0xB0,0x64,0x12,0xFF,0xB0,0x64,0x12,0xFF,0xB0,0x64,0x12,0xFF,0xB0,0x64,0x12,0xFF,0xB0,0x64,0x12,0xFF,0xB0,0x64,0x12,0xFF,0xB0,0x64,0x12,0xFF,0xB0,0x64,0x12,0xFF,0xB0,0x64,0x12,0xFF,0xB0,0x64,0x12,0xFF,0xB0,0x64,0x12,0xFF,0xB0,0x64,0x12,0xFF,0xB0,0x64,0x12,0xFF,0xB0,0x64,0x12,0xFF,0xB0,0x64,0x12,0xFF,0xB0,0x64,0x12,0xFF,
    0xB0,0x64,0x12,0xFF,0xB0,0x64,0x12,0xFF,0xB0,0x64,0x12,0xFF,0xB0,0x64,0x12,0xFF,0xB0,0x64,0x12,0xFF,0xB0,0x64,0x12,0xFF,0xB0,0x64,0x12,0xFF,0xB0,0x64,0x12,0xFF,0xB0,0x64,0x12,0xFF,0xB0,0x64,0x12,0xFF,0xB0,0x64,0x12,0xFF,0xB0,0x64,0x12,0xFF,0xB0,0x64,0x12,0xFF,0xB0,0x64,0x12,0xFF,0xB0,0x64,0x12,0xFF,0xB0,0x64,0x12,0xFF,
    0xB0,0x64,0x12,0xFF,0xB0,0x64,0x12,0xFF,0xB0,0x64,0x12,0xFF,0xB0,0x64,0x12,0xFF,0xB0,0x64,0x12,0xFF,0xB0,0x64,0x12,0xFF,0xB0,0x64,0x12,0xFF,0xB0,0x64,0x12,0xFF,0xB0,0x64,0x12,0xFF,0xB0,0x64,0x12,0xFF,0xB0,0x64,0x12,0xFF,0xB0,0x64,0x12,0xFF,0xB0,0x64,0x12,0xFF,0xB0,0x64,0x12,0xFF,0xB0,0x64,0x12,0xFF,0xB0,0x64,0x12,0xFF,
    0xB0,0x64,0x12,0xFF,0xB0,0x64,0x12,0xFF,0xB0,0x64,0x12,0xFF,0xB0,0x64,0x12,0xFF,0xB0,0x64,0x12,0xFF,0xB0,0x64,0x12,0xFF,0xB0,0x64,0x12,0xFF,0xB0,0x64,0x12,0xFF,0xB0,0x64,0x12,0xFF,0xB0,0x64,0x12,0xFF,0xB0,0x64,0x12,0xFF,0xB0,0x64,0x12,0xFF,0xB0,0x64,0x12,0xFF,0xB0,0x64,0x12,0xFF,0xB0,0x64,0x12,0xFF,0xB0,0x64,0x12,0xFF,
    0xB0,0x64,0x12,0xFF,0xB0,0x64,0x12,0xFF,0xB0,0x64,0x12,0xFF,0xB0,0x64,0x12,0xFF,0xB0,0x64,0x12,0xFF,0xB0,0x64,0x12,0xFF,0xB0,0x64,0x12,0xFF,0xB0,0x64,0x12,0xFF,0xB0,0x64,0x12,0xFF,0xB0,0x64,0x12,0xFF,0xB0,0x64,0x12,0xFF,0xB0,0x64,0x12,0xFF,0xB0,0x64,0x12,0xFF,0xB0,0x64,0x12,0xFF,0xB0,0x64,0x12,0xFF,0xB0,0x64,0x12,0xFF,
    0xB0,0x64,0x12,0xFF,0xB0,0x64,0x12,0xFF,0xB0,0x64,0x12,0xFF,0xB0,0x64,0x12,0xFF,0xB0,0x64,0x12,0xFF,0xB0,0x64,0x12,0xFF,0xB0,0x64,0x12,0xFF,0xB0,0x64,0x12,0xFF,0xB0,0x64,0x12,0xFF,0xB0,0x64,0x12,0xFF,0xB0,0x64,0x12,0xFF,0xB0,0x64,0x12,0xFF,0xB0,0x64,0x12,0xFF,0xB0,0x64,0x12,0xFF,0xB0,0x64,0x12,0xFF,0xB0,0x64,0x12,0xFF,
    0xB0,0x64,0x12,0xFF,0xB0,0x64,0x12,0xFF,0xB0,0x64,0x12,0xFF,0xB0,0x64,0x12,0xFF,0xB0,0x64,0x12,0xFF,0xB0,0x64,0x12,0xFF,0xB0,0x64,0x12,0xFF,0xB0,0x64,0x12,0xFF,0xB0,0x64,0x12,0xFF,0xB0,0x64,0x12,0xFF,0xB0,0x64,0x12,0xFF,0xB0,0x64,0x12,0xFF,0xB0,0x64,0x12,0xFF,0xB0,0x64,0x12,0xFF,0xB0,0x64,0x12,0xFF,0xB0,0x64,0x12,0xFF,
    0xB0,0x64,0x12,0xFF,0xB0,0x64,0x12,0xFF,0xB0,0x64,0x12,0xFF,0xB0,0x64,0x12,0xFF,0xB0,0x64,0x12,0xFF,0xB0,0x64,0x12,0xFF,0xB0,0x64,0x12,0xFF,0xB0,0x64,0x12,0xFF,0xB0,0x64,0x12,0xFF,0xB0,0x64,0x12,0xFF,0xB0,0x64,0x12,0xFF,0xB0,0x64,0x12,0xFF,0xB0,0x64,0x12,0xFF,0xB0,0x64,0x12,0xFF,0xB0,0x64,0x12,0xFF,0xB0,0x64,0x12,0xFF,
    0xB0,0x64,0x12,0xFF,0xB0,0x64,0x12,0xFF,0xB0,0x64,0x12,0xFF,0xB0,0x64,0x12,0xFF,0xB0,0x64,0x12,0xFF,0xB0,0x64,0x12,0xFF,0xB0,0x64,0x12,0xFF,0xB0,0x64,0x12,0xFF,0xB0,0x64,0x12,0xFF,0xB0,0x64,0x12,0xFF,0xB0,0x64,0x12,0xFF,0xB0,0x64,0x12,0xFF,0xB0,0x64,0x12,0xFF,0xB0,0x64,0x12,0xFF,0xB0,0x64,0x12,0xFF,0xB0,0x64,0x12,0xFF,
    0xB0,0x64,0x12,0xFF,0xB0,0x64,0x12,0xFF,0xB0,0x64,0x12,0xFF,0xB0,0x64,0x12,0xFF,0xB0,0x64,0x12,0xFF,0xB0,0x64,0x12,0xFF,0xB0,0x64,0x12,0xFF,0xB0,0x64,0x12,0xFF,0xB0,0x64,0x12,0xFF,0xB0,0x64,0x12,0xFF,0xB0,0x64,0x12,0xFF,0xB0,0x64,0x12,0xFF,0xB0,0x64,0x12,0xFF,0xB0,0x64,0x12,0xFF,0xB0,0x64,0x12,0xFF,0xB0,0x64,0x12,0xFF,
    0xB0,0x64,0x12,0xFF,0xB0,0x64,0x12,0xFF,0xB0,0x64,0x12,0xFF,0xB0,0x64,0x12,0xFF,0xB0,0x64,0x12,0xFF,0xB0,0x64,0x12,0xFF,0xB0,0x64,0x12,0xFF,0xB0,0x64,0x12,0xFF,0xB0,0x64,0x12,0xFF,0xB0,0x64,0x12,0xFF,0xB0,0x64,0x12,0xFF,0xB0,0x64,0x12,0xFF,0xB0,0x64,0x12,0xFF,0xB0,0x64,0x12,0xFF,0xB0,0x64,0x12,0xFF,0xB0,0x64,0x12,0xFF,
    0xB0,0x64,0x12,0xFF,0xB0,0x64,0x12,0xFF,0xB0,0x64,0x12,0xFF,0xB0,0x64,0x12,0xFF,0xB0,0x64,0x12,0xFF,0xB0,0x64,0x12,0xFF,0xB0,0x64,0x12,0xFF,0xB0,0x64,0x12,0xFF,0xB0,0x64,0x12,0xFF,0xB0,0x64,0x12,0xFF,0xB0,0x64,0x12,0xFF,0xB0,0x64,0x12,0xFF,0xB0,0x64,0x12,0xFF,0xB0,0x64,0x12,0xFF,0xB0,0x64,0x12,0xFF,0xB0,0x64,0x12,0xFF,
    0xB0,0x64,0x12,0xFF,0xB0,0x64,0x12,0xFF,0xB0,0x64,0x12,0xFF,0xB0,0x64,0x12,0xFF,0xB0,0x64,0x12,0xFF,0xB0,0x64,0x12,0xFF,0xB0,0x64,0x12,0xFF,0xB0,0x64,0x12,0xFF,0xB0,0x64,0x12,0xFF,0xB0,0x64,0x12,0xFF,0xB0,0x64,0x12,0xFF,0xB0,0x64,0x12,0xFF,0xB0,0x64,0x12,0xFF,0xB0,0x64,0x12,0xFF,0xB0,0x64,0x12,0xFF,0xB0,0x64,0x12,0xFF,
    0xB0,0x64,0x12,0xFA,0xB0,0x64,0x12,0xFF,0xB0,0x64,0x12,0xFF,0xB0,0x64,0x12,0xFF,0xB0,0x64,0x12,0xFF,0xB0,0x64,0x12,0xFF,0xB0,0x64,0x12,0xFF,0xB0,0x64,0x12,0xFF,0xB0,0x64,0x12,0xFF,0xB0,0x64,0x12,0xFF,0xB0,0x64,0x12,0xFF,0xB0,0x64,0x12,0xFF,0xB0,0x64,0x12,0xFF,0xB0,0x64,0x12,0xFF,0xB0,0x64,0x12,0xFF,0xB0,0x64,0x12,0xFF,
    0xB0,0x64,0x12,0xFF,0xB0,0x64,0x12,0xFF,0xB0,0x64,0x12,0xFF,0xB0,0x64,0x12,0xFF,0xB0,0x64,0x12,0xFF,0xB0,0x64,0x12,0xFF,0xB0,0x64,0x12,0xFF,0xB0,0x64,0x12,0xFF,0xB0,0x64,0x12,0xFF,0xB0,0x64,0x12,0xFF,0xB0,0x64,0x12,0xFF,0xB0,0x64,0x12,0xFF,0xB0,0x64,0x12,0xFF,0xB0,0x64,0x12,0xFF,0xB0,0x64,0x12,0xFF,0xB0,0x64,0x12,0xFF,
    0xB0,0x64,0x12,0xFF,0xB0,0x64,0x12,0xFF,0xB0,0x64,0x12,0xFF,0xB0,0x64,0x12,0xFF,0xB0,0x64,0x12,0xFF,0xB0,0x64,0x12,0xFF,0xB0,0x64,0x12,0xFF,0xB0,0x64,0x12,0xFF,0xB0,0x64,0x12,0xFF,0xB0,0x64,0x12,0xFF,0xB0,0x64,0x12,0xFF,0xB0,0x64,0x12,0xFF,0xB0,0x64,0x12,0xFF,0xB0,0x64,0x12,0xFF,0xB0,0x64,0x12,0xFF,0xB0,0x64,0x12,0xFF,
    0xB0,0x64,0x12,0xFF,0xB0,0x64,0x12,0xFF,0xB0,0x64,0x12,0xFF,0xB0,0x64,0x12,0xFF,0xB0,0x64,0x12,0xFF,0xB0,0x64,0x12,0xFF,0xB0,0x64,0x12,0xFF,0xB0,0x64,0x12,0xFF,0xB0,0x64,0x12,0xFF,0xB0,0x64,0x12,0xFF,0xB0,0x64,0x12,0xFF,0xB0,0x64,0x12,0xFF,0xB0,0x64,0x12,0xFF,0xB0,0x64,0x12,0xFF,0xB0,0x64,0x12,0xFF,0xB0,0x64,0x12,0xFF,
    0xB0,0x64,0x12,0xFF,0xB0,0x64,0x12,0xFF,0xB0,0x64,0x12,0xFF,0xB0,0x64,0x12,0xFF,0xB0,0x64,0x12,0xFF,0xB0,0x64,0x12,0xFF,0xB0,0x64,0x12,0xFF,0xB0,0x64,0x12,0xFF,0xB0,0x64,0x12,0xFF,0xB0,0x64,0x12,0xFF,0xB0,0x64,0x12,0xFF,0xB0,0x64,0x12,0xFF,0xB0,0x64,0x12,0xFF,0xB0,0x64,0x12,0xFF,0xB0,0x64,0x12,0xFF,0xB0,0x64,0x12,0xFF,
    0xB0,0x64,0x12,0xFF,0xB0,0x64,0x12,0xFF,0xB0,0x64,0x12,0xFF,0xB0,0x64,0x12,0xFF,0xB0,0x64,0x12,0xFF,0xB0,0x64,0x12,0xFF,0xB0,0x64,0x12,0xFF,0xB0,0x64,0x12,0xFF,0xB0,0x64,0x12,0xFF,0xB0,0x64,0x12,0xFF,0xB0,0x64,0x12,0xFF,0xB0,0x64,0x12,0xFF,0xB0,0x64,0x12,0xFF,0xB0,0x64,0x12,0xFF,0xB0,0x64,0x12,0xFF,0xB0,0x64,0x12,0xFF,
    0xB0,0x64,0x12,0xFF,0xB0,0x64,0x12,0xFF,0xB0,0x64,0x12,0xFF,0xB0,0x64,0x12,0xFF,0xB0,0x64,0x12,0xFF,0xB0,0x64,0x12,0xFF,0xB0,0x64,0x12,0xFF,0xB0,0x64,0x12,0xFF,0xB0,0x64,0x12,0xFF,0xB0,0x64,0x12,0xFF,0xB0,0x64,0x12,0xFF,0xB0,0x64,0x12,0xFF,0xB0,0x64,0x12,0xFF,0xB0,0x64,0x12,0xFF,0xB0,0x64,0x12,0xFF,0xB0,0x64,0x12,0xFF,
    0xB0,0x64,0x12,0xFF,0xB0,0x64,0x12,0xFF,0xB0,0x64,0x12,0xFF,0xB0,0x64,0x12,0xFF,0xB0,0x64,0x12,0xFF,0xB0,0x64,0x12,0xFF,0xB0,0x64,0x12,0xFF,0xB0,0x64,0x12,0xFF,0xB0,0x64,0x12,0xFF,0xB0,0x64,0x12,0xFF,0xB0,0x64,0x12,0xFF,0xB0,0x64,0x12,0xFF,0xB0,0x64,0x12,0xFF,0xB0,0x64,0x12,0xFF,0xB0,0x64,0x12,0xFF,0xB0,0x64,0x12,0xFF,
    0xB0,0x64,0x12,0xFF,0xB0,0x64,0x12,0xFF,0xB0,0x64,0x12,0xFF,0xB0,0x64,0x12,0xFF,0xB0,0x64,0x12,0xFF,0xB0,0x64,0x12,0xFF,0xB0,0x64,0x12,0xFF,0xB0,0x64,0x12,0xFF,0xB0,0x64,0x12,0xFF,0xB0,0x64,0x12,0xFF,0xB0,0x64,0x12,0xFF,0xB0,0x64,0x12,0xFF,0xB0,0x64,0x12,0xFF,0xB0,0x64,0x12,0xFF,0xB0,0x64,0x12,0xFF,0xB0,0x64,0x12,0xFF,
    0xB0,0x64,0x12,0xFF,0xB0,0x64,0x12,0xFF,0xB0,0x64,0x12,0xFF,0xB0,0x64,0x12,0xFF,0xB0,0x64,0x12,0xFF,0xB0,0x64,0x12,0xFF,0xB0,0x64,0x12,0xFF,0xB0,0x64,0x12,0xFF,0xB0,0x64,0x12,0xFF,0xB0,0x64,0x12,0xFF,0xB0,0x64,0x12,0xFF,0xB0,0x64,0x12,0xFF,0xB0,0x64,0x12,0xFF,0xB0,0x64,0x12,0xFF,0xB0,0x64,0x12,0xFF,0xB0,0x64,0x12,0xFF,
    0xB0,0x64,0x12,0xFF,0xB0,0x64,0x12,0xFF,0xB0,0x64,0x12,0xFF,0xB0,0x64,0x12,0xFF,0xB0,0x64,0x12,0xFF,0xB0,0x64,0x12,0xFF,0xB0,0x64,0x12,0xFF,0xB0,0x64,0x12,0xFF,0xB0,0x64,0x12,0xFF,0xB0,0x64,0x12,0xFF,0xB0,0x64,0x12,0xFF,0xB0,0x64,0x12,0xFF,0xB0,0x64,0x12,0xFF,0xB0,0x64,0x12,0xFF,0xB0,0x64,0x12,0xFF,0xB0,0x64,0x12,0xFF,
    0xB0,0x64,0x12,0xFF,0xB0,0x64,0x12,0xFF,0xB0,0x64,0x12,0xFF,0xB0,0x64,0x12,0xFF,0xB0,0x64,0x12,0xFF,0xB0,0x64,0x12,0xFF,0xB0,0x64,0x12,0xFF,0xB0,0x64,0x12,0xFF,0xB0,0x64,0x12,0xFF,0xB0,0x64,0x12,0xFF,0xB0,0x64,0x12,0xFF,0xB0,0x64,0x12,0xFF,0xB0,0x64,0x12,0xFF,0xB0,0x64,0x12,0xFF,0xB0,0x64,0x12,0xFF,0xB0,0x64,0x12,0xFF,
    0xB0,0x64,0x12,0xFF,0xB0,0x64,0x12,0xFF,0xB0,0x64,0x12,0xFF,0xB0,0x64,0x12,0xFF,0xB0,0x64,0x12,0xFF,0xB0,0x64,0x12,0xFF,0xB0,0x64,0x12,0xFF,0xB0,0x64,0x12,0xFF,0xB0,0x64,0x12,0xFF,0xB0,0x64,0x12,0xFF,0xB0,0x64,0x12,0xFF,0xB0,0x64,0x12,0xFF,0xB0,0x64,0x12,0xFF,0xB0,0x64,0x12,0xFF,0xB0,0x64,0x12,0xFF,0xB0,0x64,0x12,0xFF,
    0xB0,0x64,0x12,0xFF,0xB0,0x64,0x12,0xFF,0xB0,0x64,0x12,0xFF,0xB0,0x64,0x12,0xFF,0xB0,0x64,0x12,0xFF,0xB0,0x64,0x12,0xFF,0xB0,0x64,0x12,0xFF,0xB0,0x64,0x12,0xFF,0xB0,0x64,0x12,0xFF,0xB0,0x64,0x12,0xFF,0xB0,0x64,0x12,0xFF,0xB0,0x64,0x12,0xFF,0xB0,0x64,0x12,0xFF,0xB0,0x64,0x12,0xFF,0xB0,0x64,0x12,0xFF,0xB0,0x64,0x12,0xFF,
    0xB0,0x64,0x12,0xFF,0xB0,0x64,0x12,0xFF,0xB0,0x64,0x12,0xFF,0xB0,0x64,0x12,0xFF,0xB0,0x64,0x12,0xFF,0xB0,0x64,0x12,0xFF,0xB0,0x64,0x12,0xFF,0xB0,0x64,0x12,0xFF,0xB0,0x64,0x12,0xFF,0xB0,0x64,0x12,0xFF,0xB0,0x64,0x12,0xFF,0xB0,0x64,0x12,0xFF,0xB0,0x64,0x12,0xFF,0xB0,0x64,0x12,0xFF,0xB0,0x64,0x12,0xFF,0xB0,0x64,0x12,0xFF,
    0xB0,0x64,0x12,0xFF,0xB0,0x64,0x12,0xFF,0xB0,0x64,0x12,0xFF,0xB0,0x64,0x12,0xFF,0xB0,0x64,0x12,0xFF,0xB0,0x64,0x12,0xFF,0xB0,0x64,0x12,0xFF,0xB0,0x64,0x12,0xFF,0xB0,0x64,0x12,0xFF,0xB0,0x64,0x12,0xFF,0xB0,0x64,0x12,0xFF,0xB0,0x64,0x12,0xFF,0xB0,0x64,0x12,0xFF,0xB0,0x64,0x12,0xFF,0xB0,0x64,0x12,0xFF,0xB0,0x64,0x12,0xFF,
    0xB0,0x64,0x12,0xFF,0xB0,0x64,0x12,0xFF,0xB0,0x64,0x12,0xFF,0xB0,0x64,0x12,0xFF,0xB0,0x64,0x12,0xFF,0xB0,0x64,0x12,0xFF,0xB0,0x64,0x12,0xFF,0xB0,0x64,0x12,0xFF,0xB0,0x64,0x12,0xFF,0xB0,0x64,0x12,0xFF,0xB0,0x64,0x12,0xFF,0xB0,0x64,0x12,0xFF,0xB0,0x64,0x12,0xFF,0xB0,0x64,0x12,0xFF,0xB0,0x64,0x12,0xFF,0xB0,0x64,0x12,0xFF,
    0xB0,0x64,0x12,0xFF,0xB0,0x64,0x12,0xFF,0xB0,0x64,0x12,0xFF,0xB0,0x64,0x12,0xFF,0xB0,0x64,0x12,0xFF,0xB0,0x64,0x12,0xFF,0xB0,0x64,0x12,0xFF,0xB0,0x64,0x12,0xFF,0xB0,0x64,0x12,0xFF,0xB0,0x64,0x12,0xFF,0xB0,0x64,0x12,0xFF,0xB0,0x64,0x12,0xFF,0xB0,0x64,0x12,0xFF,0xB0,0x64,0x12,0xFF,0xB0,0x64,0x12,0xFF,0xB0,0x64,0x12,0xFF,
    0xB0,0x64,0x12,0xFF,0xB0,0x64,0x12,0xFF,0xB0,0x64,0x12,0xFF,0xB0,0x64,0x12,0xFF,0xB0,0x64,0x12,0xFF,0xB0,0x64,0x12,0xFF,0xB0,0x64,0x12,0xFF,0xB0,0x64,0x12,0xFF,0xB0,0x64,0x12,0xFF,0xB0,0x64,0x12,0xFF,0xB0,0x64,0x12,0xFF,0xB0,0x64,0x12,0xFF,0xB0,0x64,0x12,0xFF,0xB0,0x64,0x12,0xFF,0xB0,0x64,0x12,0xFF,0xB0,0x64,0x12,0xFF,
    0xB0,0x64,0x12,0xFF,0xB0,0x64,0x12,0xFF,0xB0,0x64,0x12,0xFF,0xB0,0x64,0x12,0xFF,0xB0,0x64,0x12,0xFF,0xB0,0x64,0x12,0xFF,0xB0,0x64,0x12,0xFF,0xB0,0x64,0x12,0xFF,0xB0,0x64,0x12,0xFF,0xB0,0x64,0x12,0xFF,0xB0,0x64,0x12,0xFF,0xB0,0x64,0x12,0xFF,0xB0,0x64,0x12,0xFF,0xB0,0x64,0x12,0xFF,0xB0,0x64,0x12,0xFF,0xB0,0x64,0x12,0xFF,
    0xB0,0x64,0x12,0xFF,0xB0,0x64,0x12,0xFF,0xB0,0x64,0x12,0xFF,0xB0,0x64,0x12,0xFF,0xB0,0x64,0x12,0xFF,0xB0,0x64,0x12,0xFF,0xB0,0x64,0x12,0xFF,0xB0,0x64,0x12,0xFF,0xB0,0x64,0x12,0xFF,0xB0,0x64,0x12,0xFF,0xB0,0x64,0x12,0xFF,0xB0,0x64,0x12,0xFF,0xB0,0x64,0x12,0xFF,0xB0,0x64,0x12,0xFF,0xB0,0x64,0x12,0xFF,0xB0,0x64,0x12,0xFF,
    0xB0,0x64,0x12,0xFF,0xB0,0x64,0x12,0xFF,0xB0,0x64,0x12,0xFF,0xB0,0x64,0x12,0xFF,0xB0,0x64,0x12,0xFF,0xB0,0x64,0x12,0xFF,0xB0,0x64,0x12,0xFF,0xB0,0x64,0x12,0xFF,0xB0,0x64,0x12,0xFF,0xB0,0x64,0x12,0xFF,0xB0,0x64,0x12,0xFF,0xB0,0x64,0x12,0xFF,0xB0,0x64,0x12,0xFF,0xB0,0x64,0x12,0xFF,0xB0,0x64,0x12,0xFF,0xB0,0x64,0x12,0xFF,
    0xB0,0x64,0x12,0xFF,0xB0,0x64,0x12,0xFF,0xB0,0x64,0x12,0xFF,0xB0,0x64,0x12,0xFF,0xB0,0x64,0x12,0xFF,0xB0,0x64,0x12,0xFF,0xB0,0x64,0x12,0xFF,0xB0,0x64,0x12,0xFF,0xB0,0x64,0x12,0xFF,0xB0,0x64,0x12,0xFF,0xB0,0x64,0x12,0xFF,0xB0,0x64,0x12,0xFF,0xB0,0x64,0x12,0xFF,0xB0,0x64,0x12,0xFF,0xB0,0x64,0x12,0xFF,0xB0,0x64,0x12,0xFF,
    0xB0,0x64,0x12,0xFF,0xB0,0x64,0x12,0xFF,0xB0,0x64,0x12,0xFF,0xB0,0x64,0x12,0xFF,0xB0,0x64,0x12,0xFF,0xB0,0x64,0x12,0xFF,0xB0,0x64,0x12,0xFF,0xB0,0x64,0x12,0xFF,0xB0,0x64,0x12,0xFF,0xB0,0x64,0x12,0xFF,0xB0,0x64,0x12,0xFF,0xB0,0x64,0x12,0xFF,0xB0,0x64,0x12,0xFF,0xB0,0x64,0x12,0xFF,0xB0,0x64,0x12,0xFF,0xB0,0x64,0x12,0xFF,
    0xB0,0x64,0x12,0xFF,0xB0,0x64,0x12,0xFF,0xB0,0x64,0x12,0xFF,0xB0,0x64,0x12,0xFF,0xB0,0x64,0x12,0xFF,0xB0,0x64,0x12,0xFF,0xB0,0x64,0x12,0xFF,0xB0,0x64,0x12,0xFF,0xB0,0x64,0x12,0xFF,0xB0,0x64,0x12,0xFF,0xB0,0x64,0x12,0xFF,0xB0,0x64,0x12,0xFF,0xB0,0x64,0x12,0xFF,0xB0,0x64,0x12,0xFF,0xB0,0x64,0x12,0xFF,0xB0,0x64,0x12,0xFF,
    0xB0,0x64,0x12,0xFF,0xB0,0x64,0x12,0xFF,0xB0,0x64,0x12,0xFF,0xB0,0x64,0x12,0xFF,0xB0,0x64,0x12,0xFF,0xB0,0x64,0x12,0xFF,0xB0,0x64,0x12,0xFF,0xB0,0x64,0x12,0xFF,0xB0,0x64,0x12,0xFF,0xB0,0x64,0x12,0xFF,0xB0,0x64,0x12,0xFF,0xB0,0x64,0x12,0xFF,0xB0,0x64,0x12,0xFF,0xB0,0x64,0x12,0xFF,0xB0,0x64,0x12,0xFF,0xB0,0x64,0x12,0xFF,
    0xB0,0x64,0x12,0xFF,0xB0,0x64,0x12,0xFF,0xB0,0x64,0x12,0xFF,0xB0,0x64,0x12,0xFF,0xB0,0x64,0x12,0xFF,0xB0,0x64,0x12,0xFF,0xB0,0x64,0x12,0xFF,0xB0,0x64,0x12,0xFF,0xB0,0x64,0x12,0xFF,0xB0,0x64,0x12,0xFF,0xB0,0x64,0x12,0xFF,0xB0,0x64,0x12,0xFF,0xB0,0x64,0x12,0xFF,0xB0,0x64,0x12,0xFF,0xB0,0x64,0x12,0xFF,0xB0,0x64,0x12,0xFF,
    0xB0,0x64,0x12,0xFF,0xB0,0x64,0x12,0xFF,0xB0,0x64,0x12,0xFF,0xB0,0x64,0x12,0xFF,0xB0,0x64,0x12,0xFF,0xB0,0x64,0x12,0xFF,0xB0,0x64,0x12,0xFF,0xB0,0x64,0x12,0xFF,0xB0,0x64,0x12,0xFF,0xB0,0x64,0x12,0xFF,0xB0,0x64,0x12,0xFF,0xB0,0x64,0x12,0xFF,0xB0,0x64,0x12,0xFF,0xB0,0x64,0x12,0xFF,0xB0,0x64,0x12,0xFF,0xB0,0x64,0x12,0xFF,
    0xB0,0x64,0x12,0xFF,0xB0,0x64,0x12,0xFF,0xB0,0x64,0x12,0xFF,0xB0,0x64,0x12,0xFF,0xB0,0x64,0x12,0xFF,0xB0,0x64,0x12,0xFF,0xB0,0x64,0x12,0xFF,0xB0,0x64,0x12,0xFF,0xB0,0x64,0x12,0xFF,0xB0,0x64,0x12,0xFF,0xB0,0x64,0x12,0xFF,0xB0,0x64,0x12,0xFF,0xB0,0x64,0x12,0xFF,0xB0,0x64,0x12,0xFF,0xB0,0x64,0x12,0xFF,0xB0,0x64,0x12,0xFF,
    0xB0,0x64,0x12,0xFF,0xB0,0x64,0x12,0xFF,0xB0,0x64,0x12,0xFF,0xB0,0x64,0x12,0xFF,0xB0,0x64,0x12,0xFF,0xB0,0x64,0x12,0xFF,0xB0,0x64,0x12,0xFF,0xB0,0x64,0x12,0xFF,0xB0,0x64,0x12,0xFF,0xB0,0x64,0x12,0xFF,0xB0,0x64,0x12,0xFF,0xB0,0x64,0x12,0xFF,0xB0,0x64,0x12,0xFF,0xB0,0x64,0x12,0xFF,0xB0,0x64,0x12,0xFF,0xB0,0x64,0x12,0xFF,
    0xB0,0x64,0x12,0xFF,0xB0,0x64,0x12,0xFF,0xB0,0x64,0x12,0xFF,0xB0,0x64,0x12,0xFF,0xB0,0x64,0x12,0xFF,0xB0,0x64,0x12,0xFF,0xB0,0x64,0x12,0xFF,0xB0,0x64,0x12,0xFF,0xB0,0x64,0x12,0xFF,0xB0,0x64,0x12,0xFF,0xB0,0x64,0x12,0xFF,0xB0,0x64,0x12,0xFF,0xB0,0x64,0x12,0xFF,0xB0,0x64,0x12,0xFF,0xB0,0x64,0x12,0xFF,0xB0,0x64,0x12,0xFF,
    0xB0,0x64,0x12,0xFF,0xB0,0x64,0x12,0xFF,0xB0,0x64,0x12,0xFF,0xB0,0x64,0x12,0xFF,0xB0,0x64,0x12,0xFF,0xB0,0x64,0x12,0xFF,0xB0,0x64,0x12,0xFF,0xB0,0x64,0x12,0xFF,0xB0,0x64,0x12,0xFF,0xB0,0x64,0x12,0xFF,0xB0,0x64,0x12,0xFF,0xB0,0x64,0x12,0xFF,0xB0,0x64,0x12,0xFF,0xB0,0x64,0x12,0xFF,0xB0,0x64,0x12,0xFF,0xB0,0x64,0x12,0xFF,
    0xB0,0x64,0x12,0xFF,0xB0,0x64,0x12,0xFF,0xB0,0x64,0x12,0xFF,0xB0,0x64,0x12,0xFF,0xB0,0x64,0x12,0xFF,0xB0,0x64,0x12,0xFF,0xB0,0x64,0x12,0xFF,0xB0,0x64,0x12,0xFF,0xB0,0x64,0x12,0xFF,0xB0,0x64,0x12,0xFF,0xB0,0x64,0x12,0xFF,0xB0,0x64,0x12,0xFF,0xB0,0x64,0x12,0xFF,0xB0,0x64,0x12,0xFF,0xB0,0x64,0x12,0xFF,0xB0,0x64,0x12,0xFF,
    0xB0,0x64,0x12,0xFF,0xB0,0x64,0x12,0xFF,0xB0,0x64,0x12,0xFF,0xB0,0x64,0x12,0xFF,0xB0,0x64,0x12,0xFF,0xB0,0x64,0x12,0xFF,0xB0,0x64,0x12,0xFF,0xB0,0x64,0x12,0xFF,0xB0,0x64,0x12,0xFF,0xB0,0x64,0x12,0xFF,0xB0,0x64,0x12,0xFF,0xB0,0x64,0x12,0xFF,0xB0,0x64,0x12,0xFF,0xB0,0x64,0x12,0xFF,0xB0,0x64,0x12,0xFF,0xB0,0x64,0x12,0xFF,
    0xB0,0x64,0x12,0xFF,0xB0,0x64,0x12,0xFF,0xB0,0x64,0x12,0xFF,0xB0,0x64,0x12,0xFF,0xB0,0x64,0x12,0xFF,0xB0,0x64,0x12,0xFF,0xB0,0x64,0x12,0xFF,0xB0,0x64,0x12,0xFF,0xB0,0x64,0x12,0xFF,0xB0,0x64,0x12,0xFF,0xB0,0x64,0x12,0xFF,0xB0,0x64,0x12,0xFF,0xB0,0x64,0x12,0xFF,0xB0,0x64,0x12,0xFF,0xB0,0x64,0x12,0xFF,0xB0,0x64,0x12,0xFF,
    0xB0,0x64,0x12,0xFF,0xB0,0x64,0x12,0xFF,0xB0,0x64,0x12,0xFF,0xB0,0x64,0x12,0xFF,0xB0,0x64,0x12,0xFF,0xB0,0x64,0x12,0xFF,0xB0,0x64,0x12,0xFF,0xB0,0x64,0x12,0xFF,0xB0,0x64,0x12,0xFF,0xB0,0x64,0x12,0xFF,0xB0,0x64,0x12,0xFF,0xB0,0x64,0x12,0xFF,0xB0,0x64,0x12,0xFF,0xB0,0x64,0x12,0xFF,0xB0,0x64,0x12,0xFF,0xB0,0x64,0x12,0xFF,
    0xB0,0x64,0x12,0xFF,0xB0,0x64,0x12,0xFF,0xB0,0x64,0x12,0xFF,0xB0,0x64,0x12,0xFF,0xB0,0x64,0x12,0xFF,0xB0,0x64,0x12,0xFF,0xB0,0x64,0x12,0xFF,0xB0,0x64,0x12,0xFF,0xB0,0x64,0x12,0xFF,0xB0,0x64,0x12,0xFF,0xB0,0x64,0x12,0xFF,0xB0,0x64,0x12,0xFF,0xB0,0x64,0x12,0xFF,0xB0,0x64,0x12,0xFF,0xB0,0x64,0x12,0xFF,0xB0,0x64,0x12,0xFF,
    0xB0,0x64,0x12,0xFF,0xB0,0x64,0x12,0xFF,0xB0,0x64,0x12,0xFF,0xB0,0x64,0x12,0xFF,0xB0,0x64,0x12,0xFF,0xB0,0x64,0x12,0xFF,0xB0,0x64,0x12,0xFF,0xB0,0x64,0x12,0xFA,0xB0,0x64,0x12,0xDE,0xB0,0x64,0x12,0xFF,0xB0,0x64,0x12,0xFF,0xB0,0x64,0x12,0xFF,0xB0,0x64,0x12,0xFF,0xB0,0x64,0x12,0xFF,0xB0,0x64,0x12,0xFF,0xB0,0x64,0x12,0xFF,
    0xB0,0x64,0x12,0xFF,0xB0,0x64,0x12,0xFF,0xB0,0x64,0x12,0xFF,0xB0,0x64,0x12,0xFF,0xB0,0x64,0x12,0xFF,0xB0,0x64,0x12,0xFF,0xB0,0x64,0x12,0xFF,0xB0,0x64,0x12,0xFF,0xB0,0x64,0x12,0xFF,0xB0,0x64,0x12,0xFF,0xB0,0x64,0x12,0xFF,0xB0,0x64,0x12,0xFF,0xB0,0x64,0x12,0xFF,0xB0,0x64,0x12,0xFF,0xB0,0x64,0x12,0xFF,0xB0,0x64,0x12,0xFF,
    0xB0,0x64,0x12,0xFF,0xB0,0x64,0x12,0xFF,0xB0,0x64,0x12,0xFF,0xB0,0x64,0x12,0xFF,0xB0,0x64,0x12,0xFF,0xB0,0x64,0x12,0xFF,0xB0,0x64,0x12,0xFF,0xB0,0x64,0x12,0xFF,0xB0,0x64,0x12,0xFF,0xB0,0x64,0x12,0xFF,0xB0,0x64,0x12,0xFF,0xB0,0x64,0x12,0xFF,0xB0,0x64,0x12,0xFF,0xB0,0x64,0x12,0xFF,0xB0,0x64,0x12,0xFF,0xB0,0x64,0x12,0xFF,
    0xB0,0x64,0x12,0xFF,0xB0,0x64,0x12,0xFF,0xB0,0x64,0x12,0xFF,0xB0,0x64,0x12,0xFF,0xB0,0x64,0x12,0xFF,0xB0,0x64,0x12,0xFF,0xB0,0x64,0x12,0xFF,0xB0,0x64,0x12,0xFF,0xB0,0x64,0x12,0xFF,0xB0,0x64,0x12,0xFF,0xB0,0x64,0x12,0xFF,0xB0,0x64,0x12,0xFF,0xB0,0x64,0x12,0xFF,0xB0,0x64,0x12,0xFF,0xB0,0x64,0x12,0xFF,0xB0,0x64,0x12,0xFF,
    0xB0,0x64,0x12,0xFF,0xB0,0x64,0x12,0xFF,0xB0,0x64,0x12,0xFF,0xB0,0x64,0x12,0xFF,0xB0,0x64,0x12,0xFF,0xB0,0x64,0x12,0xFF,0xB0,0x64,0x12,0xFF,0xB0,0x64,0x12,0xFF,0xB0,0x64,0x12,0xFF,0xB0,0x64,0x12,0xFF,0xB0,0x64,0x12,0xFF,0xB0,0x64,0x12,0xFF,0xB0,0x64,0x12,0xFF,0xB0,0x64,0x12,0xFF,0xB0,0x64,0x12,0xFF,0xB0,0x64,0x12,0xFF,
    0xB0,0x64,0x12,0xFF,0xB0,0x64,0x12,0xFF,0xB0,0x64,0x12,0xFF,0xB0,0x64,0x12,0xFF,0xB0,0x64,0x12,0xFF,0xB0,0x64,0x12,0xFF,0xB0,0x64,0x12,0xFF,0xB0,0x64,0x12,0xFF,0xB0,0x64,0x12,0xFF,0xB0,0x64,0x12,0xFF,0xB0,0x64,0x12,0xFF,0xB0,0x64,0x12,0xFF,0xB0,0x64,0x12,0xFF,0xB0,0x64,0x12,0xFF,0xB0,0x64,0x12,0xFF,0xB0,0x64,0x12,0xFF,
    0xB0,0x64,0x12,0xFF,0xB0,0x64,0x12,0xFF,0xB0,0x64,0x12,0xFF,0xB0,0x64,0x12,0xFF,0xB0,0x64,0x12,0xFF,0xB0,0x64,0x12,0xFF,0xB0,0x64,0x12,0xFF,0xB0,0x64,0x12,0xFF,0xB0,0x64,0x12,0xFF,0xB0,0x64,0x12,0xFF,0xB0,0x64,0x12,0xFF,0xB0,0x64,0x12,0xFF,0xB0,0x64,0x12,0xFF,0xB0,0x64,0x12,0xFF,0xB0,0x64,0x12,0xFF,0xB0,0x64,0x12,0xFF,
    0xB0,0x64,0x12,0xFF,0xB0,0x64,0x12,0xFF,0xB0,0x64,0x12,0xFF,0xB0,0x64,0x12,0xFF,0xB0,0x64,0x12,0xFF,0xB0,0x64,0x12,0xFF,0xB0,0x64,0x12,0xFF,0xB0,0x64,0x12,0xFF,0xB0,0x64,0x12,0xFF,0xB0,0x64,0x12,0xFF,0xB0,0x64,0x12,0xFF,0xB0,0x64,0x12,0xFF,0xB0,0x64,0x12,0xFF,0xB0,0x64,0x12,0xFF,0xB0,0x64,0x12,0xFF,0xB0,0x64,0x12,0xFF,
    0xB0,0x64,0x12,0xFF,0xB0,0x64,0x12,0xFF,0xB0,0x64,0x12,0xFF,0xB0,0x64,0x12,0xFF,0xB0,0x64,0x12,0xFF,0xB0,0x64,0x12,0xFF,0xB0,0x64,0x12,0xFF,0xB0,0x64,0x12,0xFF,0xB0,0x64,0x12,0xFF,0xB0,0x64,0x12,0xFF,0xB0,0x64,0x12,0xFF,0xB0,0x64,0x12,0xFF,0xB0,0x64,0x12,0xFF,0xB0,0x64,0x12,0xFF,0xB0,0x64,0x12,0xFF,0xB0,0x64,0x12,0xFF,
    0xB0,0x64,0x12,0xFF,0xB0,0x64,0x12,0xFF,0xB0,0x64,0x12,0xFF,0xB0,0x64,0x12,0xFF,0xB0,0x64,0x12,0xFF,0xB0,0x64,0x12,0xFF,0xB0,0x64,0x12,0xFF,0xB0,0x64,0x12,0xFF,0xB0,0x64,0x12,0xFF,0xB0,0x64,0x12,0xFF,0xB0,0x64,0x12,0xFF,0xB0,0x64,0x12,0xFF,0xB0,0x64,0x12,0xFF,0xB0,0x64,0x12,0xFF,0xB0,0x64,0x12,0xFF,0xB0,0x64,0x12,0xFF,
    0xB0,0x64,0x12,0xFF,0xB0,0x64,0x12,0xFF,0xB0,0x64,0x12,0xFF,0xB0,0x64,0x12,0xFF,0xB0,0x64,0x12,0xFF,0xB0,0x64,0x12,0xFF,0xB0,0x64,0x12,0xFF,0xB0,0x64,0x12,0xFF,0xB0,0x64,0x12,0xFF,0xB0,0x64,0x12,0xFF,0xB0,0x64,0x12,0xFF,0xB0,0x64,0x12,0xFF,0xB0,0x64,0x12,0xFF,0xB0,0x64,0x12,0xFF,0xB0,0x64,0x12,0xFF,0xB0,0x64,0x12,0xFF,
    0xB0,0x64,0x12,0xFF,0xB0,0x64,0x12,0xFF,0xB0,0x64,0x12,0xFF,0xB0,0x64,0x12,0xFF,0xB0,0x64,0x12,0xFF,0xB0,0x64,0x12,0xFF,0xB0,0x64,0x12,0xFF,0xB0,0x64,0x12,0xFF,0xB0,0x64,0x12,0xFF,0xB0,0x64,0x12,0xFF,0xB0,0x64,0x12,0xFF,0xB0,0x64,0x12,0xFF,0xB0,0x64,0x12,0xFF,0xB0,0x64,0x12,0xFF,0xB0,0x64,0x12,0xFF,0xB0,0x64,0x12,0xFF,
    0xB0,0x64,0x12,0xFF,0xB0,0x64,0x12,0xFF,0xB0,0x64,0x12,0xFF,0xB0,0x64,0x12,0xFF,0xB0,0x64,0x12,0xFF,0xB0,0x64,0x12,0xFF,0xB0,0x64,0x12,0xFF,0xB0,0x64,0x12,0xFF,0xB0,0x64,0x12,0xFF,0xB0,0x64,0x12,0xFF,0xB0,0x64,0x12,0xFF,0xB0,0x64,0x12,0xFF,0xB0,0x64,0x12,0xFF,0xB0,0x64,0x12,0xFF,0xB0,0x64,0x12,0xFF,0xB0,0x64,0x12,0xFF,
    0xB0,0x64,0x12,0xFF,0xB0,0x64,0x12,0xFF,0xB0,0x64,0x12,0xFF,0xB0,0x64,0x12,0xFF,0xB0,0x64,0x12,0xFF,0xB0,0x64,0x12,0xFF,0xB0,0x64,0x12,0xFF,0xB0,0x64,0x12,0xFF,0xB0,0x64,0x12,0xFF,0xB0,0x64,0x12,0xFF,0xB0,0x64,0x12,0xFF,0xB0,0x64,0x12,0xFF,0xB0,0x64,0x12,0xFF,0xB0,0x64,0x12,0xFF,0xB0,0x64,0x12,0xFF,0xB0,0x64,0x12,0xFF,
    0xB0,0x64,0x12,0xFF,0xB0,0x64,0x12,0xFF,0xB0,0x64,0x12,0xFF,0xB0,0x64,0x12,0xFF,0xB0,0x64,0x12,0xFF,0xB0,0x64,0x12,0xFF,0xB0,0x64,0x12,0xFF,0xB0,0x64,0x12,0xFF,0xB0,0x64,0x12,0xFF,0xB0,0x64,0x12,0xFF,0xB0,0x64,0x12,0xFF,0xB0,0x64,0x12,0xFF,0xB0,0x64,0x12,0xFF,0xB0,0x64,0x12,0xFF,0xB0,0x64,0x12,0xFF,0xB0,0x64,0x12,0xFF,
    0xB0,0x64,0x12,0xFF,0xB0,0x64,0x12,0xFF,0xB0,0x64,0x12,0xFF,0xB0,0x64,0x12,0xFF,0xB0,0x64,0x12,0xFF,0xB0,0x64,0x12,0xFF,0xB0,0x64,0x12,0xFF,0xB0,0x64,0x12,0xFF,0xB0,0x64,0x12,0xFF,0xB0,0x64,0x12,0xFF,0xB0,0x64,0x12,0xFF,0xB0,0x64,0x12,0xFF,0xB0,0x64,0x12,0xFF,0xB0,0x64,0x12,0xFF,0xB0,0x64,0x12,0xFF,0xB0,0x64,0x12,0xFF,
    0xB0,0x64,0x12,0xFF,0xB0,0x64,0x12,0xFF,0xB0,0x64,0x12,0xFF,0xB0,0x64,0x12,0xFF,0xB0,0x64,0x12,0xFF,0xB0,0x64,0x12,0xFF,0xB0,0x64,0x12,0xFF,0xB0,0x64,0x12,0xFF,0xB0,0x64,0x12,0xFF,0xB0,0x64,0x12,0xFF,0xB0,0x64,0x12,0xFF,0xB0,0x64,0x12,0xFF,0xB0,0x64,0x12,0xFF,0xB0,0x64,0x12,0xFF,0xB0,0x64,0x12,0xFF,0xB0,0x64,0x12,0xFF,
    0xB0,0x64,0x12,0xFF,0xB0,0x64,0x12,0xFF,0xB0,0x64,0x12,0xFF,0xB0,0x64,0x12,0xFF,0xB0,0x64,0x12,0xFF,0xB0,0x64,0x12,0xFF,0xB0,0x64,0x12,0xFF,0xB0,0x64,0x12,0xFF,0xB0,0x64,0x12,0xFF,0xB0,0x64,0x12,0xFF,0xB0,0x64,0x12,0xFF,0xB0,0x64,0x12,0xFF,0xB0,0x64,0x12,0xFF,0xB0,0x64,0x12,0xFF,0xB0,0x64,0x12,0xFF,0xB0,0x64,0x12,0xFF,
    0xB0,0x64,0x12,0xFF,0xB0,0x64,0x12,0xFF,0xB0,0x64,0x12,0xFF,0xB0,0x64,0x12,0xFF,0xB0,0x64,0x12,0xFF,0xB0,0x64,0x12,0xFF,0xB0,0x64,0x12,0xFF,0xB0,0x64,0x12,0xFF,0xB0,0x64,0x12,0xFF,0xB0,0x64,0x12,0xFF,0xB0,0x64,0x12,0xFF,0xB0,0x64,0x12,0xFF,0xB0,0x64,0x12,0xFF,0xB0,0x64,0x12,0xFF,0xB0,0x64,0x12,0xFF,0xB0,0x64,0x12,0xFF,
    0xB0,0x64,0x12,0xFF,0xB0,0x64,0x12,0xFF,0xB0,0x64,0x12,0xFF,0xB0,0x64,0x12,0xFF,0xB0,0x64,0x12,0xFF,0xB0,0x64,0x12,0xFF,0xB0,0x64,0x12,0xFF,0xB0,0x64,0x12,0xFF,0xB0,0x64,0x12,0xFF,0xB0,0x64,0x12,0xFF,0xB0,0x64,0x12,0xFF,0xB0,0x64,0x12,0xFF,0xB0,0x64,0x12,0xFF,0xB0,0x64,0x12,0xFF,0xB0,0x64,0x12,0xFF,0xB0,0x64,0x12,0xFF,
    0xB0,0x64,0x12,0xFF,0xB0,0x64,0x12,0xFF,0xB0,0x64,0x12,0xFF,0xB0,0x64,0x12,0xFF,0xB0,0x64,0x12,0xFF,0xB0,0x64,0x12,0xFF,0xB0,0x64,0x12,0xFF,0xB0,0x64,0x12,0xFF,0xB0,0x64,0x12,0xFF,0xB0,0x64,0x12,0xFF,0xB0,0x64,0x12,0xFF,0xB0,0x64,0x12,0xFF,0xB0,0x64,0x12,0xFF,0xB0,0x64,0x12,0xFF,0xB0,0x64,0x12,0xFF,0xB0,0x64,0x12,0xFF,
    0xB0,0x64,0x12,0xFF,0xB0,0x64,0x12,0xFF,0xB0,0x64,0x12,0xFF,0xB0,0x64,0x12,0xFF,0xB0,0x64,0x12,0xFF,0xB0,0x64,0x12,0xFF,0xB0,0x64,0x12,0xFF,0xB0,0x64,0x12,0xFF,0xB0,0x64,0x12,0xFF,0xB0,0x64,0x12,0xFF,0xB0,0x64,0x12,0xFF,0xB0,0x64,0x12,0xFF,0xB0,0x64,0x12,0xFF,0xB0,0x64,0x12,0xFF,0xB0,0x64,0x12,0xFF,0xB0,0x64,0x12,0xFF,
    0xB0,0x64,0x12,0xFF,0xB0,0x64,0x12,0xFF,0xB0,0x64,0x12,0xFF,0xB0,0x64,0x12,0xFF,0xB0,0x64,0x12,0xFF,0xB0,0x64,0x12,0xFF,0xB0,0x64,0x12,0xFF,0xB0,0x64,0x12,0xFF,0xB0,0x64,0x12,0xFF,0xB0,0x64,0x12,0xFF,0xB0,0x64,0x12,0xFF,0xB0,0x64,0x12,0xFF,0xB0,0x64,0x12,0xFF,0xB0,0x64,0x12,0xFF,0xB0,0x64,0x12,0xFF,0xB0,0x64,0x12,0xFF,
    0xB0,0x64,0x12,0xFF,0xB0,0x64,0x12,0xFF,0xB0,0x64,0x12,0xFF,0xB0,0x64,0x12,0xFF,0xB0,0x64,0x12,0xFF,0xB0,0x64,0x12,0xFF,0xB0,0x64,0x12,0xFF,0xB0,0x64,0x12,0xFF,0xB0,0x64,0x12,0xFF,0xB0,0x64,0x12,0xFF,0xB0,0x64,0x12,0xFF,0xB0,0x64,0x12,0xFF,0xB0,0x64,0x12,0xFF,0xB0,0x64,0x12,0xFF,0xB0,0x64,0x12,0xFF,0xB0,0x64,0x12,0xFF,
    0xB0,0x64,0x12,0xFF,0xB0,0x64,0x12,0xFF,0xB0,0x64,0x12,0xFF,0xB0,0x64,0x12,0xFF,0xB0,0x64,0x12,0xFF,0xB0,0x64,0x12,0xFF,0xB0,0x64,0x12,0xFF,0xB0,0x64,0x12,0xFF,0xB0,0x64,0x12,0xFF,0xB0,0x64,0x12,0xFF,0xB0,0x64,0x12,0xFF,0xB0,0x64,0x12,0xFF,0xB0,0x64,0x12,0xFF,0xB0,0x64,0x12,0xFF,0xB0,0x64,0x12,0xFF,0xB0,0x64,0x12,0xFF,
    0xB0,0x64,0x12,0xFF,0xB0,0x64,0x12,0xFF,0xB0,0x64,0x12,0xFF,0xB0,0x64,0x12,0xFF,0xB0,0x64,0x12,0xFF,0xB0,0x64,0x12,0xFF,0xB0,0x64,0x12,0xFF,0xB0,0x64,0x12,0xFF,0xB0,0x64,0x12,0xFF,0xB0,0x64,0x12,0xFF,0xB0,0x64,0x12,0xFF,0xB0,0x64,0x12,0xFF,0xB0,0x64,0x12,0xFF,0xB0,0x64,0x12,0xFF,0xB0,0x64,0x12,0xFF,0xB0,0x64,0x12,0xFF,
    0xB0,0x64,0x12,0xFF,0xB0,0x64,0x12,0xFF,0xB0,0x64,0x12,0xFF,0xB0,0x64,0x12,0xFF,0xB0,0x64,0x12,0xFF,0xB0,0x64,0x12,0xFF,0xB0,0x64,0x12,0xFF,0xB0,0x64,0x12,0xFF,0xB0,0x64,0x12,0xFF,0xB0,0x64,0x12,0xFF,0xB0,0x64,0x12,0xFF,0xB0,0x64,0x12,0xFF,0xB0,0x64,0x12,0xFF,0xB0,0x64,0x12,0xFF,0xB0,0x64,0x12,0xFF,0xB0,0x64,0x12,0xFF,
    0xB0,0x64,0x12,0xFF,0xB0,0x64,0x12,0xFF,0xB0,0x64,0x12,0xFF,0xB0,0x64,0x12,0xFF,0xB0,0x64,0x12,0xFF,0xB0,0x64,0x12,0xFF,0xB0,0x64,0x12,0xFF,0xB0,0x64,0x12,0xFF,0xB0,0x64,0x12,0xFF,0xB0,0x64,0x12,0xFF,0xB0,0x64,0x12,0xFF,0xB0,0x64,0x12,0xFF,0xB0,0x64,0x12,0xFF,0xB0,0x64,0x12,0xFF,0xB0,0x64,0x12,0xFF,0xB0,0x64,0x12,0xFF,
    0xB0,0x64,0x12,0xFF,0xB0,0x64,0x12,0xFF,0xB0,0x64,0x12,0xFF,0xB0,0x64,0x12,0xFF,0xB0,0x64,0x12,0xFF,0xB0,0x64,0x12,0xFF,0xB0,0x64,0x12,0xFF,0xB0,0x64,0x12,0xFF,0xB0,0x64,0x12,0xFF,0xB0,0x64,0x12,0xFF,0xB0,0x64,0x12,0xFF,0xB0,0x64,0x12,0xFF,0xB0,0x64,0x12,0xFF,0xB0,0x64,0x12,0xFF,0xB0,0x64,0x12,0xFF,0xB0,0x64,0x12,0xFF,
    0xB0,0x64,0x12,0xFF,0xB0,0x64,0x12,0xFF,0xB0,0x64,0x12,0xFF,0xB0,0x64,0x12,0xFF,0xB0,0x64,0x12,0xFF,0xB0,0x64,0x12,0xFF,0xB0,0x64,0x12,0xFF,0xB0,0x64,0x12,0xFF,0xB0,0x64,0x12,0xFF,0xB0,0x64,0x12,0xFF,0xB0,0x64,0x12,0xFF,0xB0,0x64,0x12,0xFF,0xB0,0x64,0x12,0xFF,0xB0,0x64,0x12,0xFF,0xB0,0x64,0x12,0xFF,0xB0,0x64,0x12,0xFF,
    0xB0,0x64,0x12,0xFF,0xB0,0x64,0x12,0xFF,0xB0,0x64,0x12,0xFF,0xB0,0x64,0x12,0xFF,0xB0,0x64,0x12,0xFF,0xB0,0x64,0x12,0xFF,0xB0,0x64,0x12,0xFF,0xB0,0x64,0x12,0xFF,0xB0,0x64,0x12,0xFF,0xB0,0x64,0x12,0xFF,0xB0,0x64,0x12,0xFF,0xB0,0x64,0x12,0xFF,0xB0,0x64,0x12,0xFF,0xB0,0x64,0x12,0xFF,0xB0,0x64,0x12,0xFF,0xB0,0x64,0x12,0xFF,
    0xB0,0x64,0x12,0xFF,0xB0,0x64,0x12,0xFF,0xB0,0x64,0x12,0xFF,0xB0,0x64,0x12,0xFF,0xB0,0x64,0x12,0xFF,0xB0,0x64,0x12,0xFF,0xB0,0x64,0x12,0xFF,0xB0,0x64,0x12,0xFF,0xB0,0x64,0x12,0xFF,0xB0,0x64,0x12,0xFF,0xB0,0x64,0x12,0xFF,0xB0,0x64,0x12,0xFF,0xB0,0x64,0x12,0xFF,0xB0,0x64,0x12,0xFF,0xB0,0x64,0x12,0xFF,0xB0,0x64,0x12,0xFF,
    0xB0,0x64,0x12,0xFF,0xB0,0x64,0x12,0xFF,0xB0,0x64,0x12,0xFF,0xB0,0x64,0x12,0xFF,0xB0,0x64,0x12,0xFF,0xB0,0x64,0x12,0xFF,0xB0,0x64,0x12,0xFF,0xB0,0x64,0x12,0xFF,0xB0,0x64,0x12,0xFF,0xB0,0x64,0x12,0xFF,0xB0,0x64,0x12,0xFF,0xB0,0x64,0x12,0xFF,0xB0,0x64,0x12,0xFF,0xB0,0x64,0x12,0xFF,0xB0,0x64,0x12,0xFF,0xB0,0x64,0x12,0xFF,
    0xB0,0x64,0x12,0xFF,0xB0,0x64,0x12,0xFF,0xB0,0x64,0x12,0xFF,0xB0,0x64,0x12,0xFF,0xB0,0x64,0x12,0xFF,0xB0,0x64,0x12,0xFF,0xB0,0x64,0x12,0xFF,0xB0,0x64,0x12,0xFF,0xB0,0x64,0x12,0xFF,0xB0,0x64,0x12,0xFF,0xB0,0x64,0x12,0xFF,0xB0,0x64,0x12,0xFF,0xB0,0x64,0x12,0xFF,0xB0,0x64,0x12,0xFF,0xB0,0x64,0x12,0xFF,0xB0,0x64,0x12,0xFF,
    0xB0,0x64,0x12,0xFF,0xB0,0x64,0x12,0xFF,0xB0,0x64,0x12,0xFF,0xB0,0x64,0x12,0xFF,0xB0,0x64,0x12,0xFF,0xB0,0x64,0x12,0xFF,0xB0,0x64,0x12,0xFF,0xB0,0x64,0x12,0xFF,0xB0,0x64,0x12,0xFF,0xB0,0x64,0x12,0xFF,0xB0,0x64,0x12,0xFF,0xB0,0x64,0x12,0xFF,0xB0,0x64,0x12,0xFF,0xB0,0x64,0x12,0xFF,0xB0,0x64,0x12,0xFF,0xB0,0x64,0x12,0xFF,
    0xB0,0x64,0x12,0xFF,0xB0,0x64,0x12,0xFF,0xB0,0x64,0x12,0xFF,0xB0,0x64,0x12,0xFF,0xB0,0x64,0x12,0xFF,0xB0,0x64,0x12,0xFF,0xB0,0x64,0x12,0xFF,0xB0,0x64,0x12,0xFF,0xB0,0x64,0x12,0xFF,0xB0,0x64,0x12,0xFF,0xB0,0x64,0x12,0xFF,0xB0,0x64,0x12,0xFF,0xB0,0x64,0x12,0xFF,0xB0,0x64,0x12,0xFF,0xB0,0x64,0x12,0xFF,0xB0,0x64,0x12,0xFF,
    0xB0,0x64,0x12,0xFF,0xB0,0x64,0x12,0xFF,0xB0,0x64,0x12,0xFF,0xB0,0x64,0x12,0xFF,0xB0,0x64,0x12,0xFF,0xB0,0x64,0x12,0xFF,0xB0,0x64,0x12,0xFF,0xB0,0x64,0x12,0xFF,0xB0,0x64,0x12,0xFF,0xB0,0x64,0x12,0xFF,0xB0,0x64,0x12,0xFF,0xB0,0x64,0x12,0xFF,0xB0,0x64,0x12,0xFF,0xB0,0x64,0x12,0xFF,0xB0,0x64,0x12,0xFF,0xB0,0x64,0x12,0xFF,
    0xB0,0x64,0x12,0xFF,0xB0,0x64,0x12,0xFF,0xB0,0x64,0x12,0xFF,0xB0,0x64,0x12,0xFF,0xB0,0x64,0x12,0xFF,0xB0,0x64,0x12,0xFF,0xB0,0x64,0x12,0xFF,0xB0,0x64,0x12,0xFF,0xB0,0x64,0x12,0xFF,0xB0,0x64,0x12,0xFF,0xB0,0x64,0x12,0xFF,0xB0,0x64,0x12,0xFF,0xB0,0x64,0x12,0xFF,0xB0,0x64,0x12,0xFF,0xB0,0x64,0x12,0xFF,0xB0,0x64,0x12,0xDE,
    0xB0,0x63,0x11,0xB1,0xB0,0x64,0x12,0xFF,0xB0,0x64,0x12,0xFF,0xB0,0x64,0x12,0xFF,0xB0,0x64,0x12,0xFF,0xB0,0x64,0x12,0xFF,0xB0,0x64,0x12,0xFF,0xB0,0x64,0x12,0xFF,0xB0,0x64,0x12,0xFF,0xB0,0x64,0x12,0xFF,0xB0,0x64,0x12,0xFF,0xB0,0x64,0x12,0xFF,0xB0,0x64,0x12,0xFF,0xB0,0x64,0x12,0xFF,0xB0,0x64,0x12,0xFF,0xB0,0x64,0x12,0xFF,
    0xB0,0x64,0x12,0xFF,0xB0,0x64,0x12,0xFF,0xB0,0x64,0x12,0xFF,0xB0,0x64,0x12,0xFF,0xB0,0x64,0x12,0xFF,0xB0,0x64,0x12,0xFF,0xB0,0x64,0x12,0xFF,0xB0,0x64,0x12,0xFF,0xB0,0x64,0x12,0xFF,0xB0,0x64,0x12,0xFF,0xB0,0x64,0x12,0xFF,0xB0,0x64,0x12,0xFF,0xB0,0x64,0x12,0xFF,0xB0,0x64,0x12,0xFF,0xB0,0x64,0x12,0xFF,0xB0,0x64,0x12,0xFF,
    0xB0,0x64,0x12,0xFF,0xB0,0x64,0x12,0xFF,0xB0,0x64,0x12,0xFF,0xB0,0x64,0x12,0xFF,0xB0,0x64,0x12,0xFF,0xB0,0x64,0x12,0xFF,0xB0,0x64,0x12,0xFF,0xB0,0x64,0x12,0xFF,0xB0,0x64,0x12,0xFF,0xB0,0x64,0x12,0xFF,0xB0,0x64,0x12,0xFF,0xB0,0x64,0x12,0xFF,0xB0,0x64,0x12,0xFF,0xB0,0x64,0x12,0xFF,0xB0,0x64,0x12,0xFF,0xB0,0x64,0x12,0xFF,
    0xB0,0x64,0x12,0xFF,0xB0,0x64,0x12,0xFF,0xB0,0x64,0x12,0xFF,0xB0,0x64,0x12,0xFF,0xB0,0x64,0x12,0xFF,0xB0,0x64,0x12,0xFF,0xB0,0x64,0x12,0xFF,0xB0,0x64,0x12,0xFF,0xB0,0x64,0x12,0xFF,0xB0,0x64,0x12,0xFF,0xB0,0x64,0x12,0xFF,0xB0,0x64,0x12,0xFF,0xB0,0x64,0x12,0xFF,0xB0,0x64,0x12,0xFF,0xB0,0x64,0x12,0xFF,0xB0,0x64,0x12,0xFF,
    0xB0,0x64,0x12,0xFF,0xB0,0x64,0x12,0xFF,0xB0,0x64,0x12,0xFF,0xB0,0x64,0x12,0xFF,0xB0,0x64,0x12,0xFF,0xB0,0x64,0x12,0xFF,0xB0,0x64,0x12,0xFF,0xB0,0x64,0x12,0xFF,0xB0,0x64,0x12,0xFF,0xB0,0x64,0x12,0xFF,0xB0,0x64,0x12,0xFF,0xB0,0x64,0x12,0xFF,0xB0,0x64,0x12,0xFF,0xB0,0x64,0x12,0xFF,0xB0,0x64,0x12,0xFF,0xB0,0x64,0x12,0xFF,
    0xB0,0x64,0x12,0xFF,0xB0,0x64,0x12,0xFF,0xB0,0x64,0x12,0xFF,0xB0,0x64,0x12,0xFF,0xB0,0x64,0x12,0xFF,0xB0,0x64,0x12,0xFF,0xB0,0x64,0x12,0xFF,0xB0,0x64,0x12,0xFF,0xB0,0x64,0x12,0xFF,0xB0,0x64,0x12,0xFF,0xB0,0x64,0x12,0xFF,0xB0,0x64,0x12,0xFF,0xB0,0x64,0x12,0xFF,0xB0,0x64,0x12,0xFF,0xB0,0x64,0x12,0xFF,0xB0,0x64,0x12,0xFF,
    0xB0,0x64,0x12,0xFF,0xB0,0x64,0x12,0xFF,0xB0,0x64,0x12,0xFF,0xB0,0x64,0x12,0xFF,0xB0,0x64,0x12,0xFF,0xB0,0x64,0x12,0xFF,0xB0,0x64,0x12,0xFF,0xB0,0x64,0x12,0xFF,0xB0,0x64,0x12,0xFF,0xB0,0x64,0x12,0xFF,0xB0,0x64,0x12,0xFF,0xB0,0x64,0x12,0xFF,0xB0,0x64,0x12,0xFF,0xB0,0x64,0x12,0xFF,0xB0,0x64,0x12,0xFF,0xB0,0x64,0x12,0xFF,
    0xB0,0x64,0x12,0xFF,0xB0,0x64,0x12,0xFF,0xB0,0x64,0x12,0xFF,0xB0,0x64,0x12,0xFF,0xB0,0x64,0x12,0xFF,0xB0,0x64,0x12,0xFF,0xB0,0x64,0x12,0xFF,0xB0,0x64,0x12,0xFF,0xB0,0x64,0x12,0xFF,0xB0,0x64,0x12,0xFF,0xB0,0x64,0x12,0xFF,0xB0,0x64,0x12,0xFF,0xB0,0x64,0x12,0xFF,0xB0,0x64,0x12,0xFF,0xB0,0x64,0x12,0xFF,0xB0,0x64,0x12,0xFF,
    0xB0,0x64,0x12,0xFF,0xB0,0x64,0x12,0xFF,0xB0,0x64,0x12,0xFF,0xB0,0x64,0x12,0xFF,0xB0,0x64,0x12,0xFF,0xB0,0x64,0x12,0xFF,0xB0,0x64,0x12,0xFF,0xB0,0x64,0x12,0xFF,0xB0,0x64,0x12,0xFF,0xB0,0x64,0x12,0xFF,0xB0,0x64,0x12,0xFF,0xB0,0x64,0x12,0xFF,0xB0,0x64,0x12,0xFF,0xB0,0x64,0x12,0xFF,0xB0,0x64,0x12,0xFF,0xB0,0x64,0x12,0xFF,
    0xB0,0x64,0x12,0xFF,0xB0,0x64,0x12,0xFF,0xB0,0x64,0x12,0xFF,0xB0,0x64,0x12,0xFF,0xB0,0x64,0x12,0xFF,0xB0,0x64,0x12,0xFF,0xB0,0x64,0x12,0xFF,0xB0,0x64,0x12,0xFF,0xB0,0x64,0x12,0xFF,0xB0,0x64,0x12,0xFF,0xB0,0x64,0x12,0xFF,0xB0,0x64,0x12,0xFF,0xB0,0x64,0x12,0xFF,0xB0,0x64,0x12,0xFF,0xB0,0x64,0x12,0xFF,0xB0,0x64,0x12,0xFF,
    0xB0,0x64,0x12,0xFF,0xB0,0x64,0x12,0xFF,0xB0,0x64,0x12,0xFF,0xB0,0x64,0x12,0xFF,0xB0,0x64,0x12,0xFF,0xB0,0x64,0x12,0xFF,0xB0,0x64,0x12,0xFF,0xB0,0x64,0x12,0xFF,0xB0,0x64,0x12,0xFF,0xB0,0x64,0x12,0xFF,0xB0,0x64,0x12,0xFF,0xB0,0x64,0x12,0xFF,0xB0,0x64,0x12,0xFF,0xB0,0x64,0x12,0xFF,0xB0,0x64,0x12,0xFF,0xB0,0x64,0x12,0xFF,
    0xB0,0x64,0x12,0xFF,0xB0,0x64,0x12,0xFF,0xB0,0x64,0x12,0xFF,0xB0,0x64,0x12,0xFF,0xB0,0x64,0x12,0xFF,0xB0,0x64,0x12,0xFF,0xB0,0x64,0x12,0xFF,0xB0,0x64,0x12,0xFF,0xB0,0x64,0x12,0xFF,0xB0,0x64,0x12,0xFF,0xB0,0x64,0x12,0xFF,0xB0,0x64,0x12,0xFF,0xB0,0x64,0x12,0xFF,0xB0,0x64,0x12,0xFF,0xB0,0x64,0x12,0xFF,0xB0,0x64,0x12,0xFF,
    0xB0,0x64,0x12,0xFF,0xB0,0x64,0x12,0xFF,0xB0,0x64,0x12,0xFF,0xB0,0x64,0x12,0xFF,0xB0,0x64,0x12,0xFF,0xB0,0x64,0x12,0xFF,0xB0,0x64,0x12,0xFF,0xB0,0x64,0x12,0xFF,0xB0,0x64,0x12,0xFF,0xB0,0x64,0x12,0xFF,0xB0,0x64,0x12,0xFF,0xB0,0x64,0x12,0xFF,0xB0,0x64,0x12,0xFF,0xB0,0x64,0x12,0xFF,0xB0,0x64,0x12,0xFF,0xB0,0x64,0x12,0xFF,
    0xB0,0x64,0x12,0xFF,0xB0,0x64,0x12,0xFF,0xB0,0x64,0x12,0xFF,0xB0,0x64,0x12,0xFF,0xB0,0x64,0x12,0xFF,0xB0,0x64,0x12,0xFF,0xB0,0x64,0x12,0xFF,0xB0,0x64,0x12,0xFF,0xB0,0x64,0x12,0xFF,0xB0,0x64,0x12,0xFF,0xB0,0x64,0x12,0xFF,0xB0,0x64,0x12,0xFF,0xB0,0x64,0x12,0xFF,0xB0,0x64,0x12,0xFF,0xB0,0x64,0x12,0xFF,0xB0,0x64,0x12,0xFF,
    0xB0,0x64,0x12,0xFF,0xB0,0x64,0x12,0xFF,0xB0,0x64,0x12,0xFF,0xB0,0x64,0x12,0xFF,0xB0,0x64,0x12,0xFF,0xB0,0x64,0x12,0xFF,0xB0,0x64,0x12,0xFF,0xB0,0x64,0x12,0xFF,0xB0,0x64,0x12,0xFF,0xB0,0x64,0x12,0xFF,0xB0,0x64,0x12,0xFF,0xB0,0x64,0x12,0xFF,0xB0,0x64,0x12,0xFF,0xB0,0x64,0x12,0xFF,0xB0,0x64,0x12,0xFF,0xB0,0x64,0x12,0xFF,
    0xB0,0x64,0x12,0xFF,0xB0,0x64,0x12,0xFF,0xB0,0x64,0x12,0xFF,0xB0,0x64,0x12,0xFF,0xB0,0x64,0x12,0xFF,0xB0,0x64,0x12,0xFF,0xB0,0x64,0x12,0xFF,0xB0,0x64,0x12,0xFF,0xB0,0x64,0x12,0xFF,0xB0,0x64,0x12,0xFF,0xB0,0x64,0x12,0xFF,0xB0,0x64,0x12,0xFF,0xB0,0x64,0x12,0xFF,0xB0,0x64,0x12,0xFF,0xB0,0x64,0x12,0xFF,0xB0,0x64,0x12,0xFF,
    0xB0,0x64,0x12,0xFF,0xB0,0x64,0x12,0xFF,0xB0,0x64,0x12,0xFF,0xB0,0x64,0x12,0xFF,0xB0,0x64,0x12,0xFF,0xB0,0x64,0x12,0xFF,0xB0,0x64,0x12,0xFF,0xB0,0x64,0x12,0xFF,0xB0,0x64,0x12,0xFF,0xB0,0x64,0x12,0xFF,0xB0,0x64,0x12,0xFF,0xB0,0x64,0x12,0xFF,0xB0,0x64,0x12,0xFF,0xB0,0x64,0x12,0xFF,0xB0,0x64,0x12,0xFF,0xB0,0x64,0x12,0xFF,
    0xB0,0x64,0x12,0xFF,0xB0,0x64,0x12,0xFF,0xB0,0x64,0x12,0xFF,0xB0,0x64,0x12,0xFF,0xB0,0x64,0x12,0xFF,0xB0,0x64,0x12,0xFF,0xB0,0x64,0x12,0xFF,0xB0,0x64,0x12,0xFF,0xB0,0x64,0x12,0xFF,0xB0,0x64,0x12,0xFF,0xB0,0x64,0x12,0xFF,0xB0,0x64,0x12,0xFF,0xB0,0x64,0x12,0xFF,0xB0,0x64,0x12,0xFF,0xB0,0x64,0x12,0xFF,0xB0,0x64,0x12,0xFF,
    0xB0,0x64,0x12,0xFF,0xB0,0x64,0x12,0xFF,0xB0,0x64,0x12,0xFF,0xB0,0x64,0x12,0xFF,0xB0,0x64,0x12,0xFF,0xB0,0x64,0x12,0xFF,0xB0,0x64,0x12,0xFF,0xB0,0x64,0x12,0xFF,0xB0,0x64,0x12,0xFF,0xB0,0x64,0x12,0xFF,0xB0,0x64,0x12,0xFF,0xB0,0x64,0x12,0xFF,0xB0,0x64,0x12,0xFF,0xB0,0x64,0x12,0xFF,0xB0,0x64,0x12,0xFF,0xB0,0x64,0x12,0xFF,
    0xB0,0x64,0x12,0xFF,0xB0,0x64,0x12,0xFF,0xB0,0x64,0x12,0xFF,0xB0,0x64,0x12,0xFF,0xB0,0x64,0x12,0xFF,0xB0,0x64,0x12,0xFF,0xB0,0x64,0x12,0xFF,0xB0,0x64,0x12,0xFF,0xB0,0x64,0x12,0xFF,0xB0,0x64,0x12,0xFF,0xB0,0x64,0x12,0xFF,0xB0,0x64,0x12,0xFF,0xB0,0x64,0x12,0xFF,0xB0,0x64,0x12,0xFF,0xB0,0x64,0x12,0xFF,0xB0,0x64,0x12,0xFF,
    0xB0,0x64,0x12,0xFF,0xB0,0x64,0x12,0xFF,0xB0,0x64,0x12,0xFF,0xB0,0x64,0x12,0xFF,0xB0,0x64,0x12,0xFF,0xB0,0x64,0x12,0xFF,0xB0,0x64,0x12,0xFF,0xB0,0x64,0x12,0xFF,0xB0,0x64,0x12,0xFF,0xB0,0x64,0x12,0xFF,0xB0,0x64,0x12,0xFF,0xB0,0x64,0x12,0xFF,0xB0,0x64,0x12,0xFF,0xB0,0x64,0x12,0xFF,0xB0,0x64,0x12,0xFF,0xB0,0x64,0x12,0xFF,
    0xB0,0x64,0x12,0xFF,0xB0,0x64,0x12,0xFF,0xB0,0x64,0x12,0xFF,0xB0,0x64,0x12,0xFF,0xB0,0x64,0x12,0xFF,0xB0,0x64,0x12,0xFF,0xB0,0x64,0x12,0xFF,0xB0,0x64,0x12,0xFF,0xB0,0x64,0x12,0xFF,0xB0,0x64,0x12,0xFF,0xB0,0x64,0x12,0xFF,0xB0,0x64,0x12,0xFF,0xB0,0x64,0x12,0xFF,0xB0,0x64,0x12,0xFF,0xB0,0x64,0x12,0xFF,0xB0,0x64,0x12,0xFF,
    0xB0,0x64,0x12,0xFF,0xB0,0x64,0x12,0xFF,0xB0,0x64,0x12,0xFF,0xB0,0x64,0x12,0xFF,0xB0,0x64,0x12,0xFF,0xB0,0x64,0x12,0xFF,0xB0,0x64,0x12,0xFF,0xB0,0x64,0x12,0xFF,0xB0,0x64,0x12,0xFF,0xB0,0x64,0x12,0xFF,0xB0,0x64,0x12,0xFF,0xB0,0x64,0x12,0xFF,0xB0,0x64,0x12,0xFF,0xB0,0x64,0x12,0xFF,0xB0,0x64,0x12,0xFF,0xB0,0x64,0x12,0xFF,
    0xB0,0x64,0x12,0xFF,0xB0,0x64,0x12,0xFF,0xB0,0x64,0x12,0xFF,0xB0,0x64,0x12,0xFF,0xB0,0x64,0x12,0xFF,0xB0,0x64,0x12,0xFF,0xB0,0x64,0x12,0xFF,0xB0,0x64,0x12,0xFF,0xB0,0x64,0x12,0xFF,0xB0,0x64,0x12,0xFF,0xB0,0x64,0x12,0xFF,0xB0,0x64,0x12,0xFF,0xB0,0x64,0x12,0xFF,0xB0,0x64,0x12,0xFF,0xB0,0x64,0x12,0xFF,0xB0,0x64,0x12,0xFF,
    0xB0,0x64,0x12,0xFF,0xB0,0x64,0x12,0xFF,0xB0,0x64,0x12,0xFF,0xB0,0x64,0x12,0xFF,0xB0,0x64,0x12,0xFF,0xB0,0x64,0x12,0xFF,0xB0,0x64,0x12,0xFF,0xB0,0x64,0x12,0xFF,0xB0,0x64,0x12,0xFF,0xB0,0x64,0x12,0xFF,0xB0,0x64,0x12,0xFF,0xB0,0x64,0x12,0xFF,0xB0,0x64,0x12,0xFF,0xB0,0x64,0x12,0xFF,0xB0,0x64,0x12,0xFF,0xB0,0x64,0x12,0xFF,
    0xB0,0x64,0x12,0xFF,0xB0,0x64,0x12,0xFF,0xB0,0x64,0x12,0xFF,0xB0,0x64,0x12,0xFF,0xB0,0x64,0x12,0xFF,0xB0,0x64,0x12,0xFF,0xB0,0x64,0x12,0xFF,0xB0,0x64,0x12,0xFF,0xB0,0x64,0x12,0xFF,0xB0,0x64,0x12,0xFF,0xB0,0x64,0x12,0xFF,0xB0,0x64,0x12,0xFF,0xB0,0x64,0x12,0xFF,0xB0,0x64,0x12,0xFF,0xB0,0x64,0x12,0xFF,0xB0,0x64,0x12,0xFF,
    0xB0,0x64,0x12,0xFF,0xB0,0x64,0x12,0xFF,0xB0,0x64,0x12,0xFF,0xB0,0x64,0x12,0xFF,0xB0,0x64,0x12,0xFF,0xB0,0x64,0x12,0xFF,0xB0,0x64,0x12,0xFF,0xB0,0x64,0x12,0xFF,0xB0,0x64,0x12,0xFF,0xB0,0x64,0x12,0xFF,0xB0,0x64,0x12,0xFF,0xB0,0x64,0x12,0xFF,0xB0,0x64,0x12,0xFF,0xB0,0x64,0x12,0xFF,0xB0,0x64,0x12,0xFF,0xB0,0x64,0x12,0xFF,
    0xB0,0x64,0x12,0xFF,0xB0,0x64,0x12,0xFF,0xB0,0x64,0x12,0xFF,0xB0,0x64,0x12,0xFF,0xB0,0x64,0x12,0xFF,0xB0,0x64,0x12,0xFF,0xB0,0x64,0x12,0xFF,0xB0,0x64,0x12,0xFF,0xB0,0x64,0x12,0xFF,0xB0,0x64,0x12,0xFF,0xB0,0x64,0x12,0xFF,0xB0,0x64,0x12,0xFF,0xB0,0x64,0x12,0xFF,0xB0,0x64,0x12,0xFF,0xB0,0x64,0x12,0xFF,0xB0,0x64,0x12,0xFF,
    0xB0,0x64,0x12,0xFF,0xB0,0x64,0x12,0xFF,0xB0,0x64,0x12,0xFF,0xB0,0x64,0x12,0xFF,0xB0,0x64,0x12,0xFF,0xB0,0x64,0x12,0xFF,0xB0,0x64,0x12,0xFF,0xB0,0x64,0x12,0xFF,0xB0,0x64,0x12,0xFF,0xB0,0x64,0x12,0xFF,0xB0,0x64,0x12,0xFF,0xB0,0x64,0x12,0xFF,0xB0,0x64,0x12,0xFF,0xB0,0x64,0x12,0xFF,0xB0,0x64,0x12,0xFF,0xB0,0x64,0x12,0xFF,
    0xB0,0x64,0x12,0xFF,0xB0,0x64,0x12,0xFF,0xB0,0x64,0x12,0xFF,0xB0,0x64,0x12,0xFF,0xB0,0x64,0x12,0xFF,0xB0,0x64,0x12,0xFF,0xB0,0x64,0x12,0xFF,0xB0,0x64,0x12,0xFF,0xB0,0x64,0x12,0xFF,0xB0,0x64,0x12,0xFF,0xB0,0x64,0x12,0xFF,0xB0,0x64,0x12,0xFF,0xB0,0x64,0x12,0xFF,0xB0,0x64,0x12,0xFF,0xB0,0x64,0x12,0xFF,0xB0,0x64,0x12,0xFF,
    0xB0,0x64,0x12,0xFF,0xB0,0x64,0x12,0xFF,0xB0,0x64,0x12,0xFF,0xB0,0x64,0x12,0xFF,0xB0,0x64,0x12,0xFF,0xB0,0x64,0x12,0xFF,0xB0,0x64,0x12,0xFF,0xB0,0x64,0x12,0xFF,0xB0,0x64,0x12,0xFF,0xB0,0x64,0x12,0xFF,0xB0,0x64,0x12,0xFF,0xB0,0x64,0x12,0xFF,0xB0,0x64,0x12,0xFF,0xB0,0x64,0x12,0xFF,0xB0,0x64,0x12,0xFF,0xB0,0x64,0x12,0xFF,
    0xB0,0x64,0x12,0xFF,0xB0,0x64,0x12,0xFF,0xB0,0x64,0x12,0xFF,0xB0,0x64,0x12,0xFF,0xB0,0x64,0x12,0xFF,0xB0,0x64,0x12,0xFF,0xB0,0x64,0x12,0xFF,0xB0,0x64,0x12,0xFF,0xB0,0x64,0x12,0xFF,0xB0,0x64,0x12,0xFF,0xB0,0x64,0x12,0xFF,0xB0,0x64,0x12,0xFF,0xB0,0x64,0x12,0xFF,0xB0,0x64,0x12,0xFF,0xB0,0x64,0x12,0xFF,0xB0,0x64,0x12,0xFF,
    0xB0,0x64,0x12,0xFF,0xB0,0x64,0x12,0xFF,0xB0,0x64,0x12,0xFF,0xB0,0x64,0x12,0xFF,0xB0,0x64,0x12,0xFF,0xB0,0x64,0x12,0xFF,0xB0,0x64,0x12,0xFF,0xB0,0x64,0x12,0xFF,0xB0,0x64,0x12,0xFF,0xB0,0x64,0x12,0xFF,0xB0,0x64,0x12,0xFF,0xB0,0x64,0x12,0xFF,0xB0,0x64,0x12,0xFF,0xB0,0x64,0x12,0xFF,0xB0,0x64,0x12,0xFF,0xB0,0x64,0x12,0xFF,
    0xB0,0x64,0x12,0xFF,0xB0,0x64,0x12,0xFF,0xB0,0x64,0x12,0xFF,0xB0,0x64,0x12,0xFF,0xB0,0x64,0x12,0xFF,0xB0,0x64,0x12,0xFF,0xB0,0x64,0x12,0xFF,0xB0,0x64,0x12,0xFF,0xB0,0x64,0x12,0xFF,0xB0,0x64,0x12,0xFF,0xB0,0x64,0x12,0xFF,0xB0,0x64,0x12,0xFF,0xB0,0x64,0x12,0xFF,0xB0,0x64,0x12,0xFF,0xB0,0x64,0x12,0xFF,0xB0,0x64,0x12,0xFF,
    0xB0,0x64,0x12,0xFF,0xB0,0x64,0x12,0xFF,0xB0,0x64,0x12,0xFF,0xB0,0x64,0x12,0xFF,0xB0,0x64,0x12,0xFF,0xB0,0x64,0x12,0xFF,0xB0,0x64,0x12,0xFF,0xB0,0x64,0x12,0xFF,0xB0,0x64,0x12,0xFF,0xB0,0x64,0x12,0xFF,0xB0,0x64,0x12,0xFF,0xB0,0x64,0x12,0xFF,0xB0,0x64,0x12,0xFF,0xB0,0x64,0x12,0xFF,0xB0,0x64,0x12,0xFF,0xB0,0x64,0x12,0xFF,
    0xB0,0x64,0x12,0xFF,0xB0,0x64,0x12,0xFF,0xB0,0x64,0x12,0xFF,0xB0,0x64,0x12,0xFF,0xB0,0x64,0x12,0xFF,0xB0,0x64,0x12,0xFF,0xB0,0x64,0x12,0xFF,0xB0,0x64,0x12,0xFF,0xB0,0x64,0x12,0xFF,0xB0,0x64,0x12,0xFF,0xB0,0x64,0x12,0xFF,0xB0,0x64,0x12,0xFF,0xB0,0x64,0x12,0xFF,0xB0,0x64,0x12,0xFF,0xB0,0x64,0x12,0xFF,0xB0,0x64,0x12,0xFF,
    0xB0,0x64,0x12,0xFF,0xB0,0x64,0x12,0xFF,0xB0,0x64,0x12,0xFF,0xB0,0x64,0x12,0xFF,0xB0,0x64,0x12,0xFF,0xB0,0x64,0x12,0xFF,0xB0,0x64,0x12,0xFF,0xB0,0x64,0x12,0xFF,0xB0,0x64,0x12,0xFF,0xB0,0x64,0x12,0xFF,0xB0,0x64,0x12,0xFF,0xB0,0x64,0x12,0xFF,0xB0,0x64,0x12,0xFF,0xB0,0x64,0x12,0xFF,0xB0,0x64,0x12,0xFF,0xB0,0x64,0x12,0xFF,
    0xB0,0x64,0x12,0xFF,0xB0,0x64,0x12,0xFF,0xB0,0x64,0x12,0xFF,0xB0,0x64,0x12,0xFF,0xB0,0x64,0x12,0xFF,0xB0,0x64,0x12,0xFF,0xB0,0x64,0x12,0xFF,0xB0,0x63,0x11,0xB1,0xAF,0x64,0x11,0x59,0xB0,0x64,0x12,0xFF,0xB0,0x64,0x12,0xFF,0xB0,0x64,0x12,0xFF,0xB0,0x64,0x12,0xFF,0xB0,0x64,0x12,0xFF,0xB0,0x64,0x12,0xFF,0xB0,0x64,0x12,0xFF,
    0xB0,0x64,0x12,0xFF,0xB0,0x64,0x12,0xFF,0xB0,0x64,0x12,0xFF,0xB0,0x64,0x12,0xFF,0xB0,0x64,0x12,0xFF,0xB0,0x64,0x12,0xFF,0xB0,0x64,0x12,0xFF,0xB0,0x64,0x12,0xFF,0xB0,0x64,0x12,0xFF,0xB0,0x64,0x12,0xFF,0xB0,0x64,0x12,0xFF,0xB0,0x64,0x12,0xFF,0xB0,0x64,0x12,0xFF,0xB0,0x64,0x12,0xFF,0xB0,0x64,0x12,0xFF,0xB0,0x64,0x12,0xFF,
    0xB0,0x64,0x12,0xFF,0xB0,0x64,0x12,0xFF,0xB0,0x64,0x12,0xFF,0xB0,0x64,0x12,0xFF,0xB0,0x64,0x12,0xFF,0xB0,0x64,0x12,0xFF,0xB0,0x64,0x12,0xFF,0xB0,0x64,0x12,0xFF,0xB0,0x64,0x12,0xFF,0xB0,0x64,0x12,0xFF,0xB0,0x64,0x12,0xFF,0xB0,0x64,0x12,0xFF,0xB0,0x64,0x12,0xFF,0xB0,0x64,0x12,0xFF,0xB0,0x64,0x12,0xFF,0xB0,0x64,0x12,0xFF,
    0xB0,0x64,0x12,0xFF,0xB0,0x64,0x12,0xFF,0xB0,0x64,0x12,0xFF,0xB0,0x64,0x12,0xFF,0xB0,0x64,0x12,0xFF,0xB0,0x64,0x12,0xFF,0xB0,0x64,0x12,0xFF,0xB0,0x64,0x12,0xFF,0xB0,0x64,0x12,0xFF,0xB0,0x64,0x12,0xFF,0xB0,0x64,0x12,0xFF,0xB0,0x64,0x12,0xFF,0xB0,0x64,0x12,0xFF,0xB0,0x64,0x12,0xFF,0xB0,0x64,0x12,0xFF,0xB0,0x64,0x12,0xFF,
    0xB0,0x64,0x12,0xFF,0xB0,0x64,0x12,0xFF,0xB0,0x64,0x12,0xFF,0xB0,0x64,0x12,0xFF,0xB0,0x64,0x12,0xFF,0xB0,0x64,0x12,0xFF,0xB0,0x64,0x12,0xFF,0xB0,0x64,0x12,0xFF,0xB0,0x64,0x12,0xFF,0xB0,0x64,0x12,0xFF,0xB0,0x64,0x12,0xFF,0xB0,0x64,0x12,0xFF,0xB0,0x64,0x12,0xFF,0xB0,0x64,0x12,0xFF,0xB0,0x64,0x12,0xFF,0xB0,0x64,0x12,0xFF,
    0xB0,0x64,0x12,0xFF,0xB0,0x64,0x12,0xFF,0xB0,0x64,0x12,0xFF,0xB0,0x64,0x12,0xFF,0xB0,0x64,0x12,0xFF,0xB0,0x64,0x12,0xFF,0xB0,0x64,0x12,0xFF,0xB0,0x64,0x12,0xFF,0xB0,0x64,0x12,0xFF,0xB0,0x64,0x12,0xFF,0xB0,0x64,0x12,0xFF,0xB0,0x64,0x12,0xFF,0xB0,0x64,0x12,0xFF,0xB0,0x64,0x12,0xFF,0xB0,0x64,0x12,0xFF,0xB0,0x64,0x12,0xFF,
    0xB0,0x64,0x12,0xFF,0xB0,0x64,0x12,0xFF,0xB0,0x64,0x12,0xFF,0xB0,0x64,0x12,0xFF,0xB0,0x64,0x12,0xFF,0xB0,0x64,0x12,0xFF,0xB0,0x64,0x12,0xFF,0xB0,0x64,0x12,0xFF,0xB0,0x64,0x12,0xFF,0xB0,0x64,0x12,0xFF,0xB0,0x64,0x12,0xFF,0xB0,0x64,0x12,0xFF,0xB0,0x64,0x12,0xFF,0xB0,0x64,0x12,0xFF,0xB0,0x64,0x12,0xFF,0xB0,0x64,0x12,0xFF,
    0xB0,0x64,0x12,0xFF,0xB0,0x64,0x12,0xFF,0xB0,0x64,0x12,0xFF,0xB0,0x64,0x12,0xFF,0xB0,0x64,0x12,0xFF,0xB0,0x64,0x12,0xFF,0xB0,0x64,0x12,0xFF,0xB0,0x64,0x12,0xFF,0xB0,0x64,0x12,0xFF,0xB0,0x64,0x12,0xFF,0xB0,0x64,0x12,0xFF,0xB0,0x64,0x12,0xFF,0xB0,0x64,0x12,0xFF,0xB0,0x64,0x12,0xFF,0xB0,0x64,0x12,0xFF,0xB0,0x64,0x12,0xFF,
    0xB0,0x64,0x12,0xFF,0xB0,0x64,0x12,0xFF,0xB0,0x64,0x12,0xFF,0xB0,0x64,0x12,0xFF,0xB0,0x64,0x12,0xFF,0xB0,0x64,0x12,0xFF,0xB0,0x64,0x12,0xFF,0xB0,0x64,0x12,0xFF,0xB0,0x64,0x12,0xFF,0xB0,0x64,0x12,0xFF,0xB0,0x64,0x12,0xFF,0xB0,0x64,0x12,0xFF,0xB0,0x64,0x12,0xFF,0xB0,0x64,0x12,0xFF,0xB0,0x64,0x12,0xFF,0xB0,0x64,0x12,0xFF,
    0xB0,0x64,0x12,0xFF,0xB0,0x64,0x12,0xFF,0xB0,0x64,0x12,0xFF,0xB0,0x64,0x12,0xFF,0xB0,0x64,0x12,0xFF,0xB0,0x64,0x12,0xFF,0xB0,0x64,0x12,0xFF,0xB0,0x64,0x12,0xFF,0xB0,0x64,0x12,0xFF,0xB0,0x64,0x12,0xFF,0xB0,0x64,0x12,0xFF,0xB0,0x64,0x12,0xFF,0xB0,0x64,0x12,0xFF,0xB0,0x64,0x12,0xFF,0xB0,0x64,0x12,0xFF,0xB0,0x64,0x12,0xFF,
    0xB0,0x64,0x12,0xFF,0xB0,0x64,0x12,0xFF,0xB0,0x64,0x12,0xFF,0xB0,0x64,0x12,0xFF,0xB0,0x64,0x12,0xFF,0xB0,0x64,0x12,0xFF,0xB0,0x64,0x12,0xFF,0xB0,0x64,0x12,0xFF,0xB0,0x64,0x12,0xFF,0xB0,0x64,0x12,0xFF,0xB0,0x64,0x12,0xFF,0xB0,0x64,0x12,0xFF,0xB0,0x64,0x12,0xFF,0xB0,0x64,0x12,0xFF,0xB0,0x64,0x12,0xFF,0xB0,0x64,0x12,0xFF,
    0xB0,0x64,0x12,0xFF,0xB0,0x64,0x12,0xFF,0xB0,0x64,0x12,0xFF,0xB0,0x64,0x12,0xFF,0xB0,0x64,0x12,0xFF,0xB0,0x64,0x12,0xFF,0xB0,0x64,0x12,0xFF,0xB0,0x64,0x12,0xFF,0xB0,0x64,0x12,0xFF,0xB0,0x64,0x12,0xFF,0xB0,0x64,0x12,0xFF,0xB0,0x64,0x12,0xFF,0xB0,0x64,0x12,0xFF,0xB0,0x64,0x12,0xFF,0xB0,0x64,0x12,0xFF,0xB0,0x64,0x12,0xFF,
    0xB0,0x64,0x12,0xFF,0xB0,0x64,0x12,0xFF,0xB0,0x64,0x12,0xFF,0xB0,0x64,0x12,0xFF,0xB0,0x64,0x12,0xFF,0xB0,0x64,0x12,0xFF,0xB0,0x64,0x12,0xFF,0xB0,0x64,0x12,0xFF,0xB0,0x64,0x12,0xFF,0xB0,0x64,0x12,0xFF,0xB0,0x64,0x12,0xFF,0xB0,0x64,0x12,0xFF,0xB0,0x64,0x12,0xFF,0xB0,0x64,0x12,0xFF,0xB0,0x64,0x12,0xFF,0xB0,0x64,0x12,0xFF,
    0xB0,0x64,0x12,0xFF,0xB0,0x64,0x12,0xFF,0xB0,0x64,0x12,0xFF,0xB0,0x64,0x12,0xFF,0xB0,0x64,0x12,0xFF,0xB0,0x64,0x12,0xFF,0xB0,0x64,0x12,0xFF,0xB0,0x64,0x12,0xFF,0xB0,0x64,0x12,0xFF,0xB0,0x64,0x12,0xFF,0xB0,0x64,0x12,0xFF,0xB0,0x64,0x12,0xFF,0xB0,0x64,0x12,0xFF,0xB0,0x64,0x12,0xFF,0xB0,0x64,0x12,0xFF,0xB0,0x64,0x12,0xFF,
    0xB0,0x64,0x12,0xFF,0xB0,0x64,0x12,0xFF,0xB0,0x64,0x12,0xFF,0xB0,0x64,0x12,0xFF,0xB0,0x64,0x12,0xFF,0xB0,0x64,0x12,0xFF,0xB0,0x64,0x12,0xFF,0xB0,0x64,0x12,0xFF,0xB0,0x64,0x12,0xFF,0xB0,0x64,0x12,0xFF,0xB0,0x64,0x12,0xFF,0xB0,0x64,0x12,0xFF,0xB0,0x64,0x12,0xFF,0xB0,0x64,0x12,0xFF,0xB0,0x64,0x12,0xFF,0xB0,0x64,0x12,0xFF,
    0xB0,0x64,0x12,0xFF,0xB0,0x64,0x12,0xFF,0xB0,0x64,0x12,0xFF,0xB0,0x64,0x12,0xFF,0xB0,0x64,0x12,0xFF,0xB0,0x64,0x12,0xFF,0xB0,0x64,0x12,0xFF,0xB0,0x64,0x12,0xFF,0xB0,0x64,0x12,0xFF,0xB0,0x64,0x12,0xFF,0xB0,0x64,0x12,0xFF,0xB0,0x64,0x12,0xFF,0xB0,0x64,0x12,0xFF,0xB0,0x64,0x12,0xFF,0xB0,0x64,0x12,0xFF,0xB0,0x64,0x12,0xFF,
    0xB0,0x64,0x12,0xFF,0xB0,0x64,0x12,0xFF,0xB0,0x64,0x12,0xFF,0xB0,0x64,0x12,0xFF,0xB0,0x64,0x12,0xFF,0xB0,0x64,0x12,0xFF,0xB0,0x64,0x12,0xFF,0xB0,0x64,0x12,0xFF,0xB0,0x64,0x12,0xFF,0xB0,0x64,0x12,0xFF,0xB0,0x64,0x12,0xFF,0xB0,0x64,0x12,0xFF,0xB0,0x64,0x12,0xFF,0xB0,0x64,0x12,0xFF,0xB0,0x64,0x12,0xFF,0xB0,0x64,0x12,0xFF,
    0xB0,0x64,0x12,0xFF,0xB0,0x64,0x12,0xFF,0xB0,0x64,0x12,0xFF,0xB0,0x64,0x12,0xFF,0xB0,0x64,0x12,0xFF,0xB0,0x64,0x12,0xFF,0xB0,0x64,0x12,0xFF,0xB0,0x64,0x12,0xFF,0xB0,0x64,0x12,0xFF,0xB0,0x64,0x12,0xFF,0xB0,0x64,0x12,0xFF,0xB0,0x64,0x12,0xFF,0xB0,0x64,0x12,0xFF,0xB0,0x64,0x12,0xFF,0xB0,0x64,0x12,0xFF,0xB0,0x64,0x12,0xFF,
    0xB0,0x64,0x12,0xFF,0xB0,0x64,0x12,0xFF,0xB0,0x64,0x12,0xFF,0xB0,0x64,0x12,0xFF,0xB0,0x64,0x12,0xFF,0xB0,0x64,0x12,0xFF,0xB0,0x64,0x12,0xFF,0xB0,0x64,0x12,0xFF,0xB0,0x64,0x12,0xFF,0xB0,0x64,0x12,0xFF,0xB0,0x64,0x12,0xFF,0xB0,0x64,0x12,0xFF,0xB0,0x64,0x12,0xFF,0xB0,0x64,0x12,0xFF,0xB0,0x64,0x12,0xFF,0xB0,0x64,0x12,0xFF,
    0xB0,0x64,0x12,0xFF,0xB0,0x64,0x12,0xFF,0xB0,0x64,0x12,0xFF,0xB0,0x64,0x12,0xFF,0xB0,0x64,0x12,0xFF,0xB0,0x64,0x12,0xFF,0xB0,0x64,0x12,0xFF,0xB0,0x64,0x12,0xFF,0xB0,0x64,0x12,0xFF,0xB0,0x64,0x12,0xFF,0xB0,0x64,0x12,0xFF,0xB0,0x64,0x12,0xFF,0xB0,0x64,0x12,0xFF,0xB0,0x64,0x12,0xFF,0xB0,0x64,0x12,0xFF,0xB0,0x64,0x12,0xFF,
    0xB0,0x64,0x12,0xFF,0xB0,0x64,0x12,0xFF,0xB0,0x64,0x12,0xFF,0xB0,0x64,0x12,0xFF,0xB0,0x64,0x12,0xFF,0xB0,0x64,0x12,0xFF,0xB0,0x64,0x12,0xFF,0xB0,0x64,0x12,0xFF,0xB0,0x64,0x12,0xFF,0xB0,0x64,0x12,0xFF,0xB0,0x64,0x12,0xFF,0xB0,0x64,0x12,0xFF,0xB0,0x64,0x12,0xFF,0xB0,0x64,0x12,0xFF,0xB0,0x64,0x12,0xFF,0xB0,0x64,0x12,0xFF,
    0xB0,0x64,0x12,0xFF,0xB0,0x64,0x12,0xFF,0xB0,0x64,0x12,0xFF,0xB0,0x64,0x12,0xFF,0xB0,0x64,0x12,0xFF,0xB0,0x64,0x12,0xFF,0xB0,0x64,0x12,0xFF,0xB0,0x64,0x12,0xFF,0xB0,0x64,0x12,0xFF,0xB0,0x64,0x12,0xFF,0xB0,0x64,0x12,0xFF,0xB0,0x64,0x12,0xFF,0xB0,0x64,0x12,0xFF,0xB0,0x64,0x12,0xFF,0xB0,0x64,0x12,0xFF,0xB0,0x64,0x12,0xFF,
    0xB0,0x64,0x12,0xFF,0xB0,0x64,0x12,0xFF,0xB0,0x64,0x12,0xFF,0xB0,0x64,0x12,0xFF,0xB0,0x64,0x12,0xFF,0xB0,0x64,0x12,0xFF,0xB0,0x64,0x12,0xFF,0xB0,0x64,0x12,0xFF,0xB0,0x64,0x12,0xFF,0xB0,0x64,0x12,0xFF,0xB0,0x64,0x12,0xFF,0xB0,0x64,0x12,0xFF,0xB0,0x64,0x12,0xFF,0xB0,0x64,0x12,0xFF,0xB0,0x64,0x12,0xFF,0xB0,0x64,0x12,0xFF,
    0xB0,0x64,0x12,0xFF,0xB0,0x64,0x12,0xFF,0xB0,0x64,0x12,0xFF,0xB0,0x64,0x12,0xFF,0xB0,0x64,0x12,0xFF,0xB0,0x64,0x12,0xFF,0xB0,0x64,0x12,0xFF,0xB0,0x64,0x12,0xFF,0xB0,0x64,0x12,0xFF,0xB0,0x64,0x12,0xFF,0xB0,0x64,0x12,0xFF,0xB0,0x64,0x12,0xFF,0xB0,0x64,0x12,0xFF,0xB0,0x64,0x12,0xFF,0xB0,0x64,0x12,0xFF,0xB0,0x64,0x12,0xFF,
    0xB0,0x64,0x12,0xFF,0xB0,0x64,0x12,0xFF,0xB0,0x64,0x12,0xFF,0xB0,0x64,0x12,0xFF,0xB0,0x64,0x12,0xFF,0xB0,0x64,0x12,0xFF,0xB0,0x64,0x12,0xFF,0xB0,0x64,0x12,0xFF,0xB0,0x64,0x12,0xFF,0xB0,0x64,0x12,0xFF,0xB0,0x64,0x12,0xFF,0xB0,0x64,0x12,0xFF,0xB0,0x64,0x12,0xFF,0xB0,0x64,0x12,0xFF,0xB0,0x64,0x12,0xFF,0xB0,0x64,0x12,0xFF,
    0xB0,0x64,0x12,0xFF,0xB0,0x64,0x12,0xFF,0xB0,0x64,0x12,0xFF,0xB0,0x64,0x12,0xFF,0xB0,0x64,0x12,0xFF,0xB0,0x64,0x12,0xFF,0xB0,0x64,0x12,0xFF,0xB0,0x64,0x12,0xFF,0xB0,0x64,0x12,0xFF,0xB0,0x64,0x12,0xFF,0xB0,0x64,0x12,0xFF,0xB0,0x64,0x12,0xFF,0xB0,0x64,0x12,0xFF,0xB0,0x64,0x12,0xFF,0xB0,0x64,0x12,0xFF,0xB0,0x64,0x12,0xFF,
    0xB0,0x64,0x12,0xFF,0xB0,0x64,0x12,0xFF,0xB0,0x64,0x12,0xFF,0xB0,0x64,0x12,0xFF,0xB0,0x64,0x12,0xFF,0xB0,0x64,0x12,0xFF,0xB0,0x64,0x12,0xFF,0xB0,0x64,0x12,0xFF,0xB0,0x64,0x12,0xFF,0xB0,0x64,0x12,0xFF,0xB0,0x64,0x12,0xFF,0xB0,0x64,0x12,0xFF,0xB0,0x64,0x12,0xFF,0xB0,0x64,0x12,0xFF,0xB0,0x64,0x12,0xFF,0xB0,0x64,0x12,0xFF,
    0xB0,0x64,0x12,0xFF,0xB0,0x64,0x12,0xFF,0xB0,0x64,0x12,0xFF,0xB0,0x64,0x12,0xFF,0xB0,0x64,0x12,0xFF,0xB0,0x64,0x12,0xFF,0xB0,0x64,0x12,0xFF,0xB0,0x64,0x12,0xFF,0xB0,0x64,0x12,0xFF,0xB0,0x64,0x12,0xFF,0xB0,0x64,0x12,0xFF,0xB0,0x64,0x12,0xFF,0xB0,0x64,0x12,0xFF,0xB0,0x64,0x12,0xFF,0xB0,0x64,0x12,0xFF,0xB0,0x64,0x12,0xFF,
    0xB0,0x64,0x12,0xFF,0xB0,0x64,0x12,0xFF,0xB0,0x64,0x12,0xFF,0xB0,0x64,0x12,0xFF,0xB0,0x64,0x12,0xFF,0xB0,0x64,0x12,0xFF,0xB0,0x64,0x12,0xFF,0xB0,0x64,0x12,0xFF,0xB0,0x64,0x12,0xFF,0xB0,0x64,0x12,0xFF,0xB0,0x64,0x12,0xFF,0xB0,0x64,0x12,0xFF,0xB0,0x64,0x12,0xFF,0xB0,0x64,0x12,0xFF,0xB0,0x64,0x12,0xFF,0xB0,0x64,0x12,0xFF,
    0xB0,0x64,0x12,0xFF,0xB0,0x64,0x12,0xFF,0xB0,0x64,0x12,0xFF,0xB0,0x64,0x12,0xFF,0xB0,0x64,0x12,0xFF,0xB0,0x64,0x12,0xFF,0xB0,0x64,0x12,0xFF,0xB0,0x64,0x12,0xFF,0xB0,0x64,0x12,0xFF,0xB0,0x64,0x12,0xFF,0xB0,0x64,0x12,0xFF,0xB0,0x64,0x12,0xFF,0xB0,0x64,0x12,0xFF,0xB0,0x64,0x12,0xFF,0xB0,0x64,0x12,0xFF,0xB0,0x64,0x12,0xFF,
    0xB0,0x64,0x12,0xFF,0xB0,0x64,0x12,0xFF,0xB0,0x64,0x12,0xFF,0xB0,0x64,0x12,0xFF,0xB0,0x64,0x12,0xFF,0xB0,0x64,0x12,0xFF,0xB0,0x64,0x12,0xFF,0xB0,0x64,0x12,0xFF,0xB0,0x64,0x12,0xFF,0xB0,0x64,0x12,0xFF,0xB0,0x64,0x12,0xFF,0xB0,0x64,0x12,0xFF,0xB0,0x64,0x12,0xFF,0xB0,0x64,0x12,0xFF,0xB0,0x64,0x12,0xFF,0xB0,0x64,0x12,0xFF,
    0xB0,0x64,0x12,0xFF,0xB0,0x64,0x12,0xFF,0xB0,0x64,0x12,0xFF,0xB0,0x64,0x12,0xFF,0xB0,0x64,0x12,0xFF,0xB0,0x64,0x12,0xFF,0xB0,0x64,0x12,0xFF,0xB0,0x64,0x12,0xFF,0xB0,0x64,0x12,0xFF,0xB0,0x64,0x12,0xFF,0xB0,0x64,0x12,0xFF,0xB0,0x64,0x12,0xFF,0xB0,0x64,0x12,0xFF,0xB0,0x64,0x12,0xFF,0xB0,0x64,0x12,0xFF,0xB0,0x64,0x12,0xFF,
    0xB0,0x64,0x12,0xFF,0xB0,0x64,0x12,0xFF,0xB0,0x64,0x12,0xFF,0xB0,0x64,0x12,0xFF,0xB0,0x64,0x12,0xFF,0xB0,0x64,0x12,0xFF,0xB0,0x64,0x12,0xFF,0xB0,0x64,0x12,0xFF,0xB0,0x64,0x12,0xFF,0xB0,0x64,0x12,0xFF,0xB0,0x64,0x12,0xFF,0xB0,0x64,0x12,0xFF,0xB0,0x64,0x12,0xFF,0xB0,0x64,0x12,0xFF,0xB0,0x64,0x12,0xFF,0xB0,0x64,0x12,0xFF,
    0xB0,0x64,0x12,0xFF,0xB0,0x64,0x12,0xFF,0xB0,0x64,0x12,0xFF,0xB0,0x64,0x12,0xFF,0xB0,0x64,0x12,0xFF,0xB0,0x64,0x12,0xFF,0xB0,0x64,0x12,0xFF,0xB0,0x64,0x12,0xFF,0xB0,0x64,0x12,0xFF,0xB0,0x64,0x12,0xFF,0xB0,0x64,0x12,0xFF,0xB0,0x64,0x12,0xFF,0xB0,0x64,0x12,0xFF,0xB0,0x64,0x12,0xFF,0xB0,0x64,0x12,0xFF,0xB0,0x64,0x12,0xFF,
    0xB0,0x64,0x12,0xFF,0xB0,0x64,0x12,0xFF,0xB0,0x64,0x12,0xFF,0xB0,0x64,0x12,0xFF,0xB0,0x64,0x12,0xFF,0xB0,0x64,0x12,0xFF,0xB0,0x64,0x12,0xFF,0xB0,0x64,0x12,0xFF,0xB0,0x64,0x12,0xFF,0xB0,0x64,0x12,0xFF,0xB0,0x64,0x12,0xFF,0xB0,0x64,0x12,0xFF,0xB0,0x64,0x12,0xFF,0xB0,0x64,0x12,0xFF,0xB0,0x64,0x12,0xFF,0xB0,0x64,0x12,0xFF,
    0xB0,0x64,0x12,0xFF,0xB0,0x64,0x12,0xFF,0xB0,0x64,0x12,0xFF,0xB0,0x64,0x12,0xFF,0xB0,0x64,0x12,0xFF,0xB0,0x64,0x12,0xFF,0xB0,0x64,0x12,0xFF,0xB0,0x64,0x12,0xFF,0xB0,0x64,0x12,0xFF,0xB0,0x64,0x12,0xFF,0xB0,0x64,0x12,0xFF,0xB0,0x64,0x12,0xFF,0xB0,0x64,0x12,0xFF,0xB0,0x64,0x12,0xFF,0xB0,0x64,0x12,0xFF,0xB0,0x64,0x12,0xFF,
    0xB0,0x64,0x12,0xFF,0xB0,0x64,0x12,0xFF,0xB0,0x64,0x12,0xFF,0xB0,0x64,0x12,0xFF,0xB0,0x64,0x12,0xFF,0xB0,0x64,0x12,0xFF,0xB0,0x64,0x12,0xFF,0xB0,0x64,0x12,0xFF,0xB0,0x64,0x12,0xFF,0xB0,0x64,0x12,0xFF,0xB0,0x64,0x12,0xFF,0xB0,0x64,0x12,0xFF,0xB0,0x64,0x12,0xFF,0xB0,0x64,0x12,0xFF,0xB0,0x64,0x12,0xFF,0xB0,0x64,0x12,0xFF,
    0xB0,0x64,0x12,0xFF,0xB0,0x64,0x12,0xFF,0xB0,0x64,0x12,0xFF,0xB0,0x64,0x12,0xFF,0xB0,0x64,0x12,0xFF,0xB0,0x64,0x12,0xFF,0xB0,0x64,0x12,0xFF,0xB0,0x64,0x12,0xFF,0xB0,0x64,0x12,0xFF,0xB0,0x64,0x12,0xFF,0xB0,0x64,0x12,0xFF,0xB0,0x64,0x12,0xFF,0xB0,0x64,0x12,0xFF,0xB0,0x64,0x12,0xFF,0xB0,0x64,0x12,0xFF,0xAF,0x64,0x11,0x59,
    0xAA,0x66,0x11,0x0F,0xB0,0x64,0x11,0xDE,0xB0,0x64,0x12,0xFF,0xB0,0x64,0x12,0xFF,0xB0,0x64,0x12,0xFF,0xB0,0x64,0x12,0xFF,0xB0,0x64,0x12,0xFF,0xB0,0x64,0x12,0xFF,0xB0,0x64,0x12,0xFF,0xB0,0x64,0x12,0xFF,0xB0,0x64,0x12,0xFF,0xB0,0x64,0x12,0xFF,0xB0,0x64,0x12,0xFF,0xB0,0x64,0x12,0xFF,0xB0,0x64,0x12,0xFF,0xB0,0x64,0x12,0xFF,
    0xB0,0x64,0x12,0xFF,0xB0,0x64,0x12,0xFF,0xB0,0x64,0x12,0xFF,0xB0,0x64,0x12,0xFF,0xB0,0x64,0x12,0xFF,0xB0,0x64,0x12,0xFF,0xB0,0x64,0x12,0xFF,0xB0,0x64,0x12,0xFF,0xB0,0x64,0x12,0xFF,0xB0,0x64,0x12,0xFF,0xB0,0x64,0x12,0xFF,0xB0,0x64,0x12,0xFF,0xB0,0x64,0x12,0xFF,0xB0,0x64,0x12,0xFF,0xB0,0x64,0x12,0xFF,0xB0,0x64,0x12,0xFF,
    0xB0,0x64,0x12,0xFF,0xB0,0x64,0x12,0xFF,0xB0,0x64,0x12,0xFF,0xB0,0x64,0x12,0xFF,0xB0,0x64,0x12,0xFF,0xB0,0x64,0x12,0xFF,0xB0,0x64,0x12,0xFF,0xB0,0x64,0x12,0xFF,0xB0,0x64,0x12,0xFF,0xB0,0x64,0x12,0xFF,0xB0,0x64,0x12,0xFF,0xB0,0x64,0x12,0xFF,0xB0,0x64,0x12,0xFF,0xB0,0x64,0x12,0xFF,0xB0,0x64,0x12,0xFF,0xB0,0x64,0x12,0xFF,
    0xB0,0x64,0x12,0xFF,0xB0,0x64,0x12,0xFF,0xB0,0x64,0x12,0xFF,0xB0,0x64,0x12,0xFF,0xB0,0x64,0x12,0xFF,0xB0,0x64,0x12,0xFF,0xB0,0x64,0x12,0xFF,0xB0,0x64,0x12,0xFF,0xB0,0x64,0x12,0xFF,0xB0,0x64,0x12,0xFF,0xB0,0x64,0x12,0xFF,0xB0,0x64,0x12,0xFF,0xB0,0x64,0x12,0xFF,0xB0,0x64,0x12,0xFF,0xB0,0x64,0x12,0xFF,0xB0,0x64,0x12,0xFF,
    0xB0,0x64,0x12,0xFF,0xB0,0x64,0x12,0xFF,0xB0,0x64,0x12,0xFF,0xB0,0x64,0x12,0xFF,0xB0,0x64,0x12,0xFF,0xB0,0x64,0x12,0xFF,0xB0,0x64,0x12,0xFF,0xB0,0x64,0x12,0xFF,0xB0,0x64,0x12,0xFF,0xB0,0x64,0x12,0xFF,0xB0,0x64,0x12,0xFF,0xB0,0x64,0x12,0xFF,0xB0,0x64,0x12,0xFF,0xB0,0x64,0x12,0xFF,0xB0,0x64,0x12,0xFF,0xB0,0x64,0x12,0xFF,
    0xB0,0x64,0x12,0xFF,0xB0,0x64,0x12,0xFF,0xB0,0x64,0x12,0xFF,0xB0,0x64,0x12,0xFF,0xB0,0x64,0x12,0xFF,0xB0,0x64,0x12,0xFF,0xB0,0x64,0x12,0xFF,0xB0,0x64,0x12,0xFF,0xB0,0x64,0x12,0xFF,0xB0,0x64,0x12,0xFF,0xB0,0x64,0x12,0xFF,0xB0,0x64,0x12,0xFF,0xB0,0x64,0x12,0xFF,0xB0,0x64,0x12,0xFF,0xB0,0x64,0x12,0xFF,0xB0,0x64,0x12,0xFF,
    0xB0,0x64,0x12,0xFF,0xB0,0x64,0x12,0xFF,0xB0,0x64,0x12,0xFF,0xB0,0x64,0x12,0xFF,0xB0,0x64,0x12,0xFF,0xB0,0x64,0x12,0xFF,0xB0,0x64,0x12,0xFF,0xB0,0x64,0x12,0xFF,0xB0,0x64,0x12,0xFF,0xB0,0x64,0x12,0xFF,0xB0,0x64,0x12,0xFF,0xB0,0x64,0x12,0xFF,0xB0,0x64,0x12,0xFF,0xB0,0x64,0x12,0xFF,0xB0,0x64,0x12,0xFF,0xB0,0x64,0x12,0xFF,
    0xB0,0x64,0x12,0xFF,0xB0,0x64,0x12,0xFF,0xB0,0x64,0x12,0xFF,0xB0,0x64,0x12,0xFF,0xB0,0x64,0x12,0xFF,0xB0,0x64,0x12,0xFF,0xB0,0x64,0x12,0xFF,0xB0,0x64,0x12,0xFF,0xB0,0x64,0x12,0xFF,0xB0,0x64,0x12,0xFF,0xB0,0x64,0x12,0xFF,0xB0,0x64,0x12,0xFF,0xB0,0x64,0x12,0xFF,0xB0,0x64,0x12,0xFF,0xB0,0x64,0x12,0xFF,0xB0,0x64,0x12,0xFF,
    0xB0,0x64,0x12,0xFF,0xB0,0x64,0x12,0xFF,0xB0,0x64,0x12,0xFF,0xB0,0x64,0x12,0xFF,0xB0,0x64,0x12,0xFF,0xB0,0x64,0x12,0xFF,0xB0,0x64,0x12,0xFF,0xB0,0x64,0x12,0xFF,0xB0,0x64,0x12,0xFF,0xB0,0x64,0x12,0xFF,0xB0,0x64,0x12,0xFF,0xB0,0x64,0x12,0xFF,0xB0,0x64,0x12,0xFF,0xB0,0x64,0x12,0xFF,0xB0,0x64,0x12,0xFF,0xB0,0x64,0x12,0xFF,
    0xB0,0x64,0x12,0xFF,0xB0,0x64,0x12,0xFF,0xB0,0x64,0x12,0xFF,0xB0,0x64,0x12,0xFF,0xB0,0x64,0x12,0xFF,0xB0,0x64,0x12,0xFF,0xB0,0x64,0x12,0xFF,0xB0,0x64,0x12,0xFF,0xB0,0x64,0x12,0xFF,0xB0,0x64,0x12,0xFF,0xB0,0x64,0x12,0xFF,0xB0,0x64,0x12,0xFF,0xB0,0x64,0x12,0xFF,0xB0,0x64,0x12,0xFF,0xB0,0x64,0x12,0xFF,0xB0,0x64,0x12,0xFF,
    0xB0,0x64,0x12,0xFF,0xB0,0x64,0x12,0xFF,0xB0,0x64,0x12,0xFF,0xB0,0x64,0x12,0xFF,0xB0,0x64,0x12,0xFF,0xB0,0x64,0x12,0xFF,0xB0,0x64,0x12,0xFF,0xB0,0x64,0x12,0xFF,0xB0,0x64,0x12,0xFF,0xB0,0x64,0x12,0xFF,0xB0,0x64,0x12,0xFF,0xB0,0x64,0x12,0xFF,0xB0,0x64,0x12,0xFF,0xB0,0x64,0x12,0xFF,0xB0,0x64,0x12,0xFF,0xB0,0x64,0x12,0xFF,
    0xB0,0x64,0x12,0xFF,0xB0,0x64,0x12,0xFF,0xB0,0x64,0x12,0xFF,0xB0,0x64,0x12,0xFF,0xB0,0x64,0x12,0xFF,0xB0,0x64,0x12,0xFF,0xB0,0x64,0x12,0xFF,0xB0,0x64,0x12,0xFF,0xB0,0x64,0x12,0xFF,0xB0,0x64,0x12,0xFF,0xB0,0x64,0x12,0xFF,0xB0,0x64,0x12,0xFF,0xB0,0x64,0x12,0xFF,0xB0,0x64,0x12,0xFF,0xB0,0x64,0x12,0xFF,0xB0,0x64,0x12,0xFF,
    0xB0,0x64,0x12,0xFF,0xB0,0x64,0x12,0xFF,0xB0,0x64,0x12,0xFF,0xB0,0x64,0x12,0xFF,0xB0,0x64,0x12,0xFF,0xB0,0x64,0x12,0xFF,0xB0,0x64,0x12,0xFF,0xB0,0x64,0x12,0xFF,0xB0,0x64,0x12,0xFF,0xB0,0x64,0x12,0xFF,0xB0,0x64,0x12,0xFF,0xB0,0x64,0x12,0xFF,0xB0,0x64,0x12,0xFF,0xB0,0x64,0x12,0xFF,0xB0,0x64,0x12,0xFF,0xB0,0x64,0x12,0xFF,
    0xB0,0x64,0x12,0xFF,0xB0,0x64,0x12,0xFF,0xB0,0x64,0x12,0xFF,0xB0,0x64,0x12,0xFF,0xB0,0x64,0x12,0xFF,0xB0,0x64,0x12,0xFF,0xB0,0x64,0x12,0xFF,0xB0,0x64,0x12,0xFF,0xB0,0x64,0x12,0xFF,0xB0,0x64,0x12,0xFF,0xB0,0x64,0x12,0xFF,0xB0,0x64,0x12,0xFF,0xB0,0x64,0x12,0xFF,0xB0,0x64,0x12,0xFF,0xB0,0x64,0x12,0xFF,0xB0,0x64,0x12,0xFF,
    0xB0,0x64,0x12,0xFF,0xB0,0x64,0x12,0xFF,0xB0,0x64,0x12,0xFF,0xB0,0x64,0x12,0xFF,0xB0,0x64,0x12,0xFF,0xB0,0x64,0x12,0xFF,0xB0,0x64,0x12,0xFF,0xB0,0x64,0x12,0xFF,0xB0,0x64,0x12,0xFF,0xB0,0x64,0x12,0xFF,0xB0,0x64,0x12,0xFF,0xB0,0x64,0x12,0xFF,0xB0,0x64,0x12,0xFF,0xB0,0x64,0x12,0xFF,0xB0,0x64,0x12,0xFF,0xB0,0x64,0x12,0xFF,
    0xB0,0x64,0x12,0xFF,0xB0,0x64,0x12,0xFF,0xB0,0x64,0x12,0xFF,0xB0,0x64,0x12,0xFF,0xB0,0x64,0x12,0xFF,0xB0,0x64,0x12,0xFF,0xB0,0x64,0x12,0xFF,0xB0,0x64,0x12,0xFF,0xB0,0x64,0x12,0xFF,0xB0,0x64,0x12,0xFF,0xB0,0x64,0x12,0xFF,0xB0,0x64,0x12,0xFF,0xB0,0x64,0x12,0xFF,0xB0,0x64,0x12,0xFF,0xB0,0x64,0x12,0xFF,0xB0,0x64,0x12,0xFF,
    0xB0,0x64,0x12,0xFF,0xB0,0x64,0x12,0xFF,0xB0,0x64,0x12,0xFF,0xB0,0x64,0x12,0xFF,0xB0,0x64,0x12,0xFF,0xB0,0x64,0x12,0xFF,0xB0,0x64,0x12,0xFF,0xB0,0x64,0x12,0xFF,0xB0,0x64,0x12,0xFF,0xB0,0x64,0x12,0xFF,0xB0,0x64,0x12,0xFF,0xB0,0x64,0x12,0xFF,0xB0,0x64,0x12,0xFF,0xB0,0x64,0x12,0xFF,0xB0,0x64,0x12,0xFF,0xB0,0x64,0x12,0xFF,
    0xB0,0x64,0x12,0xFF,0xB0,0x64,0x12,0xFF,0xB0,0x64,0x12,0xFF,0xB0,0x64,0x12,0xFF,0xB0,0x64,0x12,0xFF,0xB0,0x64,0x12,0xFF,0xB0,0x64,0x12,0xFF,0xB0,0x64,0x12,0xFF,0xB0,0x64,0x12,0xFF,0xB0,0x64,0x12,0xFF,0xB0,0x64,0x12,0xFF,0xB0,0x64,0x12,0xFF,0xB0,0x64,0x12,0xFF,0xB0,0x64,0x12,0xFF,0xB0,0x64,0x12,0xFF,0xB0,0x64,0x12,0xFF,
    0xB0,0x64,0x12,0xFF,0xB0,0x64,0x12,0xFF,0xB0,0x64,0x12,0xFF,0xB0,0x64,0x12,0xFF,0xB0,0x64,0x12,0xFF,0xB0,0x64,0x12,0xFF,0xB0,0x64,0x12,0xFF,0xB0,0x64,0x12,0xFF,0xB0,0x64,0x12,0xFF,0xB0,0x64,0x12,0xFF,0xB0,0x64,0x12,0xFF,0xB0,0x64,0x12,0xFF,0xB0,0x64,0x12,0xFF,0xB0,0x64,0x12,0xFF,0xB0,0x64,0x12,0xFF,0xB0,0x64,0x12,0xFF,
    0xB0,0x64,0x12,0xFF,0xB0,0x64,0x12,0xFF,0xB0,0x64,0x12,0xFF,0xB0,0x64,0x12,0xFF,0xB0,0x64,0x12,0xFF,0xB0,0x64,0x12,0xFF,0xB0,0x64,0x12,0xFF,0xB0,0x64,0x12,0xFF,0xB0,0x64,0x12,0xFF,0xB0,0x64,0x12,0xFF,0xB0,0x64,0x12,0xFF,0xB0,0x64,0x12,0xFF,0xB0,0x64,0x12,0xFF,0xB0,0x64,0x12,0xFF,0xB0,0x64,0x12,0xFF,0xB0,0x64,0x12,0xFF,
    0xB0,0x64,0x12,0xFF,0xB0,0x64,0x12,0xFF,0xB0,0x64,0x12,0xFF,0xB0,0x64,0x12,0xFF,0xB0,0x64,0x12,0xFF,0xB0,0x64,0x12,0xFF,0xB0,0x64,0x12,0xFF,0xB0,0x64,0x12,0xFF,0xB0,0x64,0x12,0xFF,0xB0,0x64,0x12,0xFF,0xB0,0x64,0x12,0xFF,0xB0,0x64,0x12,0xFF,0xB0,0x64,0x12,0xFF,0xB0,0x64,0x12,0xFF,0xB0,0x64,0x12,0xFF,0xB0,0x64,0x12,0xFF,
    0xB0,0x64,0x12,0xFF,0xB0,0x64,0x12,0xFF,0xB0,0x64,0x12,0xFF,0xB0,0x64,0x12,0xFF,0xB0,0x64,0x12,0xFF,0xB0,0x64,0x12,0xFF,0xB0,0x64,0x12,0xFF,0xB0,0x64,0x12,0xFF,0xB0,0x64,0x12,0xFF,0xB0,0x64,0x12,0xFF,0xB0,0x64,0x12,0xFF,0xB0,0x64,0x12,0xFF,0xB0,0x64,0x12,0xFF,0xB0,0x64,0x12,0xFF,0xB0,0x64,0x12,0xFF,0xB0,0x64,0x12,0xFF,
    0xB0,0x64,0x12,0xFF,0xB0,0x64,0x12,0xFF,0xB0,0x64,0x12,0xFF,0xB0,0x64,0x12,0xFF,0xB0,0x64,0x12,0xFF,0xB0,0x64,0x12,0xFF,0xB0,0x64,0x12,0xFF,0xB0,0x64,0x12,0xFF,0xB0,0x64,0x12,0xFF,0xB0,0x64,0x12,0xFF,0xB0,0x64,0x12,0xFF,0xB0,0x64,0x12,0xFF,0xB0,0x64,0x12,0xFF,0xB0,0x64,0x12,0xFF,0xB0,0x64,0x12,0xFF,0xB0,0x64,0x12,0xFF,
    0xB0,0x64,0x12,0xFF,0xB0,0x64,0x12,0xFF,0xB0,0x64,0x12,0xFF,0xB0,0x64,0x12,0xFF,0xB0,0x64,0x12,0xFF,0xB0,0x64,0x12,0xFF,0xB0,0x64,0x12,0xFF,0xB0,0x64,0x12,0xFF,0xB0,0x64,0x12,0xFF,0xB0,0x64,0x12,0xFF,0xB0,0x64,0x12,0xFF,0xB0,0x64,0x12,0xFF,0xB0,0x64,0x12,0xFF,0xB0,0x64,0x12,0xFF,0xB0,0x64,0x12,0xFF,0xB0,0x64,0x12,0xFF,
    0xB0,0x64,0x12,0xFF,0xB0,0x64,0x12,0xFF,0xB0,0x64,0x12,0xFF,0xB0,0x64,0x12,0xFF,0xB0,0x64,0x12,0xFF,0xB0,0x64,0x12,0xFF,0xB0,0x64,0x12,0xFF,0xB0,0x64,0x12,0xFF,0xB0,0x64,0x12,0xFF,0xB0,0x64,0x12,0xFF,0xB0,0x64,0x12,0xFF,0xB0,0x64,0x12,0xFF,0xB0,0x64,0x12,0xFF,0xB0,0x64,0x12,0xFF,0xB0,0x64,0x12,0xFF,0xB0,0x64,0x12,0xFF,
    0xB0,0x64,0x12,0xFF,0xB0,0x64,0x12,0xFF,0xB0,0x64,0x12,0xFF,0xB0,0x64,0x12,0xFF,0xB0,0x64,0x12,0xFF,0xB0,0x64,0x12,0xFF,0xB0,0x64,0x12,0xFF,0xB0,0x64,0x12,0xFF,0xB0,0x64,0x12,0xFF,0xB0,0x64,0x12,0xFF,0xB0,0x64,0x12,0xFF,0xB0,0x64,0x12,0xFF,0xB0,0x64,0x12,0xFF,0xB0,0x64,0x12,0xFF,0xB0,0x64,0x12,0xFF,0xB0,0x64,0x12,0xFF,
    0xB0,0x64,0x12,0xFF,0xB0,0x64,0x12,0xFF,0xB0,0x64,0x12,0xFF,0xB0,0x64,0x12,0xFF,0xB0,0x64,0x12,0xFF,0xB0,0x64,0x12,0xFF,0xB0,0x64,0x12,0xFF,0xB0,0x64,0x12,0xFF,0xB0,0x64,0x12,0xFF,0xB0,0x64,0x12,0xFF,0xB0,0x64,0x12,0xFF,0xB0,0x64,0x12,0xFF,0xB0,0x64,0x12,0xFF,0xB0,0x64,0x12,0xFF,0xB0,0x64,0x12,0xFF,0xB0,0x64,0x12,0xFF,
    0xB0,0x64,0x12,0xFF,0xB0,0x64,0x12,0xFF,0xB0,0x64,0x12,0xFF,0xB0,0x64,0x12,0xFF,0xB0,0x64,0x12,0xFF,0xB0,0x64,0x12,0xFF,0xB0,0x64,0x12,0xFF,0xB0,0x64,0x12,0xFF,0xB0,0x64,0x12,0xFF,0xB0,0x64,0x12,0xFF,0xB0,0x64,0x12,0xFF,0xB0,0x64,0x12,0xFF,0xB0,0x64,0x12,0xFF,0xB0,0x64,0x12,0xFF,0xB0,0x64,0x12,0xFF,0xB0,0x64,0x12,0xFF,
    0xB0,0x64,0x12,0xFF,0xB0,0x64,0x12,0xFF,0xB0,0x64,0x12,0xFF,0xB0,0x64,0x12,0xFF,0xB0,0x64,0x12,0xFF,0xB0,0x64,0x12,0xFF,0xB0,0x64,0x12,0xFF,0xB0,0x64,0x12,0xFF,0xB0,0x64,0x12,0xFF,0xB0,0x64,0x12,0xFF,0xB0,0x64,0x12,0xFF,0xB0,0x64,0x12,0xFF,0xB0,0x64,0x12,0xFF,0xB0,0x64,0x12,0xFF,0xB0,0x64,0x12,0xFF,0xB0,0x64,0x12,0xFF,
    0xB0,0x64,0x12,0xFF,0xB0,0x64,0x12,0xFF,0xB0,0x64,0x12,0xFF,0xB0,0x64,0x12,0xFF,0xB0,0x64,0x12,0xFF,0xB0,0x64,0x12,0xFF,0xB0,0x64,0x12,0xFF,0xB0,0x64,0x12,0xFF,0xB0,0x64,0x12,0xFF,0xB0,0x64,0x12,0xFF,0xB0,0x64,0x12,0xFF,0xB0,0x64,0x12,0xFF,0xB0,0x64,0x12,0xFF,0xB0,0x64,0x12,0xFF,0xB0,0x64,0x12,0xFF,0xB0,0x64,0x12,0xFF,
    0xB0,0x64,0x12,0xFF,0xB0,0x64,0x12,0xFF,0xB0,0x64,0x12,0xFF,0xB0,0x64,0x12,0xFF,0xB0,0x64,0x12,0xFF,0xB0,0x64,0x12,0xFF,0xB0,0x64,0x12,0xFF,0xB0,0x64,0x12,0xFF,0xB0,0x64,0x12,0xFF,0xB0,0x64,0x12,0xFF,0xB0,0x64,0x12,0xFF,0xB0,0x64,0x12,0xFF,0xB0,0x64,0x12,0xFF,0xB0,0x64,0x12,0xFF,0xB0,0x64,0x12,0xFF,0xB0,0x64,0x12,0xFF,
    0xB0,0x64,0x12,0xFF,0xB0,0x64,0x12,0xFF,0xB0,0x64,0x12,0xFF,0xB0,0x64,0x12,0xFF,0xB0,0x64,0x12,0xFF,0xB0,0x64,0x12,0xFF,0xB0,0x64,0x12,0xFF,0xB0,0x64,0x12,0xFF,0xB0,0x64,0x12,0xFF,0xB0,0x64,0x12,0xFF,0xB0,0x64,0x12,0xFF,0xB0,0x64,0x12,0xFF,0xB0,0x64,0x12,0xFF,0xB0,0x64,0x12,0xFF,0xB0,0x64,0x12,0xFF,0xB0,0x64,0x12,0xFF,
    0xB0,0x64,0x12,0xFF,0xB0,0x64,0x12,0xFF,0xB0,0x64,0x12,0xFF,0xB0,0x64,0x12,0xFF,0xB0,0x64,0x12,0xFF,0xB0,0x64,0x12,0xFF,0xB0,0x64,0x12,0xFF,0xB0,0x64,0x12,0xFF,0xB0,0x64,0x12,0xFF,0xB0,0x64,0x12,0xFF,0xB0,0x64,0x12,0xFF,0xB0,0x64,0x12,0xFF,0xB0,0x64,0x12,0xFF,0xB0,0x64,0x12,0xFF,0xB0,0x64,0x12,0xFF,0xB0,0x64,0x12,0xFF,
    0xB0,0x64,0x12,0xFF,0xB0,0x64,0x12,0xFF,0xB0,0x64,0x12,0xFF,0xB0,0x64,0x12,0xFF,0xB0,0x64,0x12,0xFF,0xB0,0x64,0x12,0xFF,0xB0,0x64,0x12,0xFF,0xB0,0x64,0x12,0xFF,0xB0,0x64,0x12,0xFF,0xB0,0x64,0x12,0xFF,0xB0,0x64,0x12,0xFF,0xB0,0x64,0x12,0xFF,0xB0,0x64,0x12,0xFF,0xB0,0x64,0x12,0xFF,0xB0,0x64,0x12,0xFF,0xB0,0x64,0x12,0xFF,
    0xB0,0x64,0x12,0xFF,0xB0,0x64,0x12,0xFF,0xB0,0x64,0x12,0xFF,0xB0,0x64,0x12,0xFF,0xB0,0x64,0x12,0xFF,0xB0,0x64,0x12,0xFF,0xB0,0x64,0x12,0xFF,0xB0,0x64,0x12,0xFF,0xB0,0x64,0x12,0xFF,0xB0,0x64,0x12,0xFF,0xB0,0x64,0x12,0xFF,0xB0,0x64,0x12,0xFF,0xB0,0x64,0x12,0xFF,0xB0,0x64,0x12,0xFF,0xB0,0x64,0x12,0xFF,0xB0,0x64,0x12,0xFF,
    0xB0,0x64,0x12,0xFF,0xB0,0x64,0x12,0xFF,0xB0,0x64,0x12,0xFF,0xB0,0x64,0x12,0xFF,0xB0,0x64,0x12,0xFF,0xB0,0x64,0x12,0xFF,0xB0,0x64,0x12,0xFF,0xB0,0x64,0x12,0xFF,0xB0,0x64,0x12,0xFF,0xB0,0x64,0x12,0xFF,0xB0,0x64,0x12,0xFF,0xB0,0x64,0x12,0xFF,0xB0,0x64,0x12,0xFF,0xB0,0x64,0x12,0xFF,0xB0,0x64,0x12,0xFF,0xB0,0x64,0x12,0xFF,
    0xB0,0x64,0x12,0xFF,0xB0,0x64,0x12,0xFF,0xB0,0x64,0x12,0xFF,0xB0,0x64,0x12,0xFF,0xB0,0x64,0x12,0xFF,0xB0,0x64,0x12,0xFF,0xB0,0x64,0x12,0xFF,0xB0,0x64,0x12,0xFF,0xB0,0x64,0x12,0xFF,0xB0,0x64,0x12,0xFF,0xB0,0x64,0x12,0xFF,0xB0,0x64,0x12,0xFF,0xB0,0x64,0x12,0xFF,0xB0,0x64,0x12,0xFF,0xB0,0x64,0x12,0xFF,0xB0,0x64,0x12,0xFF,
    0xB0,0x64,0x12,0xFF,0xB0,0x64,0x12,0xFF,0xB0,0x64,0x12,0xFF,0xB0,0x64,0x12,0xFF,0xB0,0x64,0x12,0xFF,0xB0,0x64,0x12,0xFF,0xB0,0x64,0x11,0xDE,0xAA,0x66,0x11,0x0F,0x00,0x00,0x00,0x00,0xB1,0x65,0x14,0x5B,0xB0,0x64,0x12,0xFF,0xB0,0x64,0x12,0xFF,0xB0,0x64,0x12,0xFF,0xB0,0x64,0x12,0xFF,0xB0,0x64,0x12,0xFF,0xB0,0x64,0x12,0xFF,
    0xB0,0x64,0x12,0xFF,0xB0,0x64,0x12,0xFF,0xB0,0x64,0x12,0xFF,0xB0,0x64,0x12,0xFF,0xB0,0x64,0x12,0xFF,0xB0,0x64,0x12,0xFF,0xB0,0x64,0x12,0xFF,0xB0,0x64,0x12,0xFF,0xB0,0x64,0x12,0xFF,0xB0,0x64,0x12,0xFF,0xB0,0x64,0x12,0xFF,0xB0,0x64,0x12,0xFF,0xB0,0x64,0x12,0xFF,0xB0,0x64,0x12,0xFF,0xB0,0x64,0x12,0xFF,0xB0,0x64,0x12,0xFF,
    0xB0,0x64,0x12,0xFF,0xB0,0x64,0x12,0xFF,0xB0,0x64,0x12,0xFF,0xB0,0x64,0x12,0xFF,0xB0,0x64,0x12,0xFF,0xB0,0x64,0x12,0xFF,0xB0,0x64,0x12,0xFF,0xB0,0x64,0x12,0xFF,0xB0,0x64,0x12,0xFF,0xB0,0x64,0x12,0xFF,0xB0,0x64,0x12,0xFF,0xB0,0x64,0x12,0xFF,0xB0,0x64,0x12,0xFF,0xB0,0x64,0x12,0xFF,0xB0,0x64,0x12,0xFF,0xB0,0x64,0x12,0xFF,
    0xB0,0x64,0x12,0xFF,0xB0,0x64,0x12,0xFF,0xB0,0x64,0x12,0xFF,0xB0,0x64,0x12,0xFF,0xB0,0x64,0x12,0xFF,0xB0,0x64,0x12,0xFF,0xB0,0x64,0x12,0xFF,0xB0,0x64,0x12,0xFF,0xB0,0x64,0x12,0xFF,0xB0,0x64,0x12,0xFF,0xB0,0x64,0x12,0xFF,0xB0,0x64,0x12,0xFF,0xB0,0x64,0x12,0xFF,0xB0,0x64,0x12,0xFF,0xB0,0x64,0x12,0xFF,0xB0,0x64,0x12,0xFF,
    0xB0,0x64,0x12,0xFF,0xB0,0x64,0x12,0xFF,0xB0,0x64,0x12,0xFF,0xB0,0x64,0x12,0xFF,0xB0,0x64,0x12,0xFF,0xB0,0x64,0x12,0xFF,0xB0,0x64,0x12,0xFF,0xB0,0x64,0x12,0xFF,0xB0,0x64,0x12,0xFF,0xB0,0x64,0x12,0xFF,0xB0,0x64,0x12,0xFF,0xB0,0x64,0x12,0xFF,0xB0,0x64,0x12,0xFF,0xB0,0x64,0x12,0xFF,0xB0,0x64,0x12,0xFF,0xB0,0x64,0x12,0xFF,
    0xB0,0x64,0x12,0xFF,0xB0,0x64,0x12,0xFF,0xB0,0x64,0x12,0xFF,0xB0,0x64,0x12,0xFF,0xB0,0x64,0x12,0xFF,0xB0,0x64,0x12,0xFF,0xB0,0x64,0x12,0xFF,0xB0,0x64,0x12,0xFF,0xB0,0x64,0x12,0xFF,0xB0,0x64,0x12,0xFF,0xB0,0x64,0x12,0xFF,0xB0,0x64,0x12,0xFF,0xB0,0x64,0x12,0xFF,0xB0,0x64,0x12,0xFF,0xB0,0x64,0x12,0xFF,0xB0,0x64,0x12,0xFF,
    0xB0,0x64,0x12,0xFF,0xB0,0x64,0x12,0xFF,0xB0,0x64,0x12,0xFF,0xB0,0x64,0x12,0xFF,0xB0,0x64,0x12,0xFF,0xB0,0x64,0x12,0xFF,0xB0,0x64,0x12,0xFF,0xB0,0x64,0x12,0xFF,0xB0,0x64,0x12,0xFF,0xB0,0x64,0x12,0xFF,0xB0,0x64,0x12,0xFF,0xB0,0x64,0x12,0xFF,0xB0,0x64,0x12,0xFF,0xB0,0x64,0x12,0xFF,0xB0,0x64,0x12,0xFF,0xB0,0x64,0x12,0xFF,
    0xB0,0x64,0x12,0xFF,0xB0,0x64,0x12,0xFF,0xB0,0x64,0x12,0xFF,0xB0,0x64,0x12,0xFF,0xB0,0x64,0x12,0xFF,0xB0,0x64,0x12,0xFF,0xB0,0x64,0x12,0xFF,0xB0,0x64,0x12,0xFF,0xB0,0x64,0x12,0xFF,0xB0,0x64,0x12,0xFF,0xB0,0x64,0x12,0xFF,0xB0,0x64,0x12,0xFF,0xB0,0x64,0x12,0xFF,0xB0,0x64,0x12,0xFF,0xB0,0x64,0x12,0xFF,0xB0,0x64,0x12,0xFF,
    0xB0,0x64,0x12,0xFF,0xB0,0x64,0x12,0xFF,0xB0,0x64,0x12,0xFF,0xB0,0x64,0x12,0xFF,0xB0,0x64,0x12,0xFF,0xB0,0x64,0x12,0xFF,0xB0,0x64,0x12,0xFF,0xB0,0x64,0x12,0xFF,0xB0,0x64,0x12,0xFF,0xB0,0x64,0x12,0xFF,0xB0,0x64,0x12,0xFF,0xB0,0x64,0x12,0xFF,0xB0,0x64,0x12,0xFF,0xB0,0x64,0x12,0xFF,0xB0,0x64,0x12,0xFF,0xB0,0x64,0x12,0xFF,
    0xB0,0x64,0x12,0xFF,0xB0,0x64,0x12,0xFF,0xB0,0x64,0x12,0xFF,0xB0,0x64,0x12,0xFF,0xB0,0x64,0x12,0xFF,0xB0,0x64,0x12,0xFF,0xB0,0x64,0x12,0xFF,0xB0,0x64,0x12,0xFF,0xB0,0x64,0x12,0xFF,0xB0,0x64,0x12,0xFF,0xB0,0x64,0x12,0xFF,0xB0,0x64,0x12,0xFF,0xB0,0x64,0x12,0xFF,0xB0,0x64,0x12,0xFF,0xB0,0x64,0x12,0xFF,0xB0,0x64,0x12,0xFF,
    0xB0,0x64,0x12,0xFF,0xB0,0x64,0x12,0xFF,0xB0,0x64,0x12,0xFF,0xB0,0x64,0x12,0xFF,0xB0,0x64,0x12,0xFF,0xB0,0x64,0x12,0xFF,0xB0,0x64,0x12,0xFF,0xB0,0x64,0x12,0xFF,0xB0,0x64,0x12,0xFF,0xB0,0x64,0x12,0xFF,0xB0,0x64,0x12,0xFF,0xB0,0x64,0x12,0xFF,0xB0,0x64,0x12,0xFF,0xB0,0x64,0x12,0xFF,0xB0,0x64,0x12,0xFF,0xB0,0x64,0x12,0xFF,
    0xB0,0x64,0x12,0xFF,0xB0,0x64,0x12,0xFF,0xB0,0x64,0x12,0xFF,0xB0,0x64,0x12,0xFF,0xB0,0x64,0x12,0xFF,0xB0,0x64,0x12,0xFF,0xB0,0x64,0x12,0xFF,0xB0,0x64,0x12,0xFF,0xB0,0x64,0x12,0xFF,0xB0,0x64,0x12,0xFF,0xB0,0x64,0x12,0xFF,0xB0,0x64,0x12,0xFF,0xB0,0x64,0x12,0xFF,0xB0,0x64,0x12,0xFF,0xB0,0x64,0x12,0xFF,0xB0,0x64,0x12,0xFF,
    0xB0,0x64,0x12,0xFF,0xB0,0x64,0x12,0xFF,0xB0,0x64,0x12,0xFF,0xB0,0x64,0x12,0xFF,0xB0,0x64,0x12,0xFF,0xB0,0x64,0x12,0xFF,0xB0,0x64,0x12,0xFF,0xB0,0x64,0x12,0xFF,0xB0,0x64,0x12,0xFF,0xB0,0x64,0x12,0xFF,0xB0,0x64,0x12,0xFF,0xB0,0x64,0x12,0xFF,0xB0,0x64,0x12,0xFF,0xB0,0x64,0x12,0xFF,0xB0,0x64,0x12,0xFF,0xB0,0x64,0x12,0xFF,
    0xB0,0x64,0x12,0xFF,0xB0,0x64,0x12,0xFF,0xB0,0x64,0x12,0xFF,0xB0,0x64,0x12,0xFF,0xB0,0x64,0x12,0xFF,0xB0,0x64,0x12,0xFF,0xB0,0x64,0x12,0xFF,0xB0,0x64,0x12,0xFF,0xB0,0x64,0x12,0xFF,0xB0,0x64,0x12,0xFF,0xB0,0x64,0x12,0xFF,0xB0,0x64,0x12,0xFF,0xB0,0x64,0x12,0xFF,0xB0,0x64,0x12,0xFF,0xB0,0x64,0x12,0xFF,0xB0,0x64,0x12,0xFF,
    0xB0,0x64,0x12,0xFF,0xB0,0x64,0x12,0xFF,0xB0,0x64,0x12,0xFF,0xB0,0x64,0x12,0xFF,0xB0,0x64,0x12,0xFF,0xB0,0x64,0x12,0xFF,0xB0,0x64,0x12,0xFF,0xB0,0x64,0x12,0xFF,0xB0,0x64,0x12,0xFF,0xB0,0x64,0x12,0xFF,0xB0,0x64,0x12,0xFF,0xB0,0x64,0x12,0xFF,0xB0,0x64,0x12,0xFF,0xB0,0x64,0x12,0xFF,0xB0,0x64,0x12,0xFF,0xB0,0x64,0x12,0xFF,
    0xB0,0x64,0x12,0xFF,0xB0,0x64,0x12,0xFF,0xB0,0x64,0x12,0xFF,0xB0,0x64,0x12,0xFF,0xB0,0x64,0x12,0xFF,0xB0,0x64,0x12,0xFF,0xB0,0x64,0x12,0xFF,0xB0,0x64,0x12,0xFF,0xB0,0x64,0x12,0xFF,0xB0,0x64,0x12,0xFF,0xB0,0x64,0x12,0xFF,0xB0,0x64,0x12,0xFF,0xB0,0x64,0x12,0xFF,0xB0,0x64,0x12,0xFF,0xB0,0x64,0x12,0xFF,0xB0,0x64,0x12,0xFF,
    0xB0,0x64,0x12,0xFF,0xB0,0x64,0x12,0xFF,0xB0,0x64,0x12,0xFF,0xB0,0x64,0x12,0xFF,0xB0,0x64,0x12,0xFF,0xB0,0x64,0x12,0xFF,0xB0,0x64,0x12,0xFF,0xB0,0x64,0x12,0xFF,0xB0,0x64,0x12,0xFF,0xB0,0x64,0x12,0xFF,0xB0,0x64,0x12,0xFF,0xB0,0x64,0x12,0xFF,0xB0,0x64,0x12,0xFF,0xB0,0x64,0x12,0xFF,0xB0,0x64,0x12,0xFF,0xB0,0x64,0x12,0xFF,
    0xB0,0x64,0x12,0xFF,0xB0,0x64,0x12,0xFF,0xB0,0x64,0x12,0xFF,0xB0,0x64,0x12,0xFF,0xB0,0x64,0x12,0xFF,0xB0,0x64,0x12,0xFF,0xB0,0x64,0x12,0xFF,0xB0,0x64,0x12,0xFF,0xB0,0x64,0x12,0xFF,0xB0,0x64,0x12,0xFF,0xB0,0x64,0x12,0xFF,0xB0,0x64,0x12,0xFF,0xB0,0x64,0x12,0xFF,0xB0,0x64,0x12,0xFF,0xB0,0x64,0x12,0xFF,0xB0,0x64,0x12,0xFF,
    0xB0,0x64,0x12,0xFF,0xB0,0x64,0x12,0xFF,0xB0,0x64,0x12,0xFF,0xB0,0x64,0x12,0xFF,0xB0,0x64,0x12,0xFF,0xB0,0x64,0x12,0xFF,0xB0,0x64,0x12,0xFF,0xB0,0x64,0x12,0xFF,0xB0,0x64,0x12,0xFF,0xB0,0x64,0x12,0xFF,0xB0,0x64,0x12,0xFF,0xB0,0x64,0x12,0xFF,0xB0,0x64,0x12,0xFF,0xB0,0x64,0x12,0xFF,0xB0,0x64,0x12,0xFF,0xB0,0x64,0x12,0xFF,
    0xB0,0x64,0x12,0xFF,0xB0,0x64,0x12,0xFF,0xB0,0x64,0x12,0xFF,0xB0,0x64,0x12,0xFF,0xB0,0x64,0x12,0xFF,0xB0,0x64,0x12,0xFF,0xB0,0x64,0x12,0xFF,0xB0,0x64,0x12,0xFF,0xB0,0x64,0x12,0xFF,0xB0,0x64,0x12,0xFF,0xB0,0x64,0x12,0xFF,0xB0,0x64,0x12,0xFF,0xB0,0x64,0x12,0xFF,0xB0,0x64,0x12,0xFF,0xB0,0x64,0x12,0xFF,0xB0,0x64,0x12,0xFF,
    0xB0,0x64,0x12,0xFF,0xB0,0x64,0x12,0xFF,0xB0,0x64,0x12,0xFF,0xB0,0x64,0x12,0xFF,0xB0,0x64,0x12,0xFF,0xB0,0x64,0x12,0xFF,0xB0,0x64,0x12,0xFF,0xB0,0x64,0x12,0xFF,0xB0,0x64,0x12,0xFF,0xB0,0x64,0x12,0xFF,0xB0,0x64,0x12,0xFF,0xB0,0x64,0x12,0xFF,0xB0,0x64,0x12,0xFF,0xB0,0x64,0x12,0xFF,0xB0,0x64,0x12,0xFF,0xB0,0x64,0x12,0xFF,
    0xB0,0x64,0x12,0xFF,0xB0,0x64,0x12,0xFF,0xB0,0x64,0x12,0xFF,0xB0,0x64,0x12,0xFF,0xB0,0x64,0x12,0xFF,0xB0,0x64,0x12,0xFF,0xB0,0x64,0x12,0xFF,0xB0,0x64,0x12,0xFF,0xB0,0x64,0x12,0xFF,0xB0,0x64,0x12,0xFF,0xB0,0x64,0x12,0xFF,0xB0,0x64,0x12,0xFF,0xB0,0x64,0x12,0xFF,0xB0,0x64,0x12,0xFF,0xB0,0x64,0x12,0xFF,0xB0,0x64,0x12,0xFF,
    0xB0,0x64,0x12,0xFF,0xB0,0x64,0x12,0xFF,0xB0,0x64,0x12,0xFF,0xB0,0x64,0x12,0xFF,0xB0,0x64,0x12,0xFF,0xB0,0x64,0x12,0xFF,0xB0,0x64,0x12,0xFF,0xB0,0x64,0x12,0xFF,0xB0,0x64,0x12,0xFF,0xB0,0x64,0x12,0xFF,0xB0,0x64,0x12,0xFF,0xB0,0x64,0x12,0xFF,0xB0,0x64,0x12,0xFF,0xB0,0x64,0x12,0xFF,0xB0,0x64,0x12,0xFF,0xB0,0x64,0x12,0xFF,
    0xB0,0x64,0x12,0xFF,0xB0,0x64,0x12,0xFF,0xB0,0x64,0x12,0xFF,0xB0,0x64,0x12,0xFF,0xB0,0x64,0x12,0xFF,0xB0,0x64,0x12,0xFF,0xB0,0x64,0x12,0xFF,0xB0,0x64,0x12,0xFF,0xB0,0x64,0x12,0xFF,0xB0,0x64,0x12,0xFF,0xB0,0x64,0x12,0xFF,0xB0,0x64,0x12,0xFF,0xB0,0x64,0x12,0xFF,0xB0,0x64,0x12,0xFF,0xB0,0x64,0x12,0xFF,0xB0,0x64,0x12,0xFF,
    0xB0,0x64,0x12,0xFF,0xB0,0x64,0x12,0xFF,0xB0,0x64,0x12,0xFF,0xB0,0x64,0x12,0xFF,0xB0,0x64,0x12,0xFF,0xB0,0x64,0x12,0xFF,0xB0,0x64,0x12,0xFF,0xB0,0x64,0x12,0xFF,0xB0,0x64,0x12,0xFF,0xB0,0x64,0x12,0xFF,0xB0,0x64,0x12,0xFF,0xB0,0x64,0x12,0xFF,0xB0,0x64,0x12,0xFF,0xB0,0x64,0x12,0xFF,0xB0,0x64,0x12,0xFF,0xB0,0x64,0x12,0xFF,
    0xB0,0x64,0x12,0xFF,0xB0,0x64,0x12,0xFF,0xB0,0x64,0x12,0xFF,0xB0,0x64,0x12,0xFF,0xB0,0x64,0x12,0xFF,0xB0,0x64,0x12,0xFF,0xB0,0x64,0x12,0xFF,0xB0,0x64,0x12,0xFF,0xB0,0x64,0x12,0xFF,0xB0,0x64,0x12,0xFF,0xB0,0x64,0x12,0xFF,0xB0,0x64,0x12,0xFF,0xB0,0x64,0x12,0xFF,0xB0,0x64,0x12,0xFF,0xB0,0x64,0x12,0xFF,0xB0,0x64,0x12,0xFF,
    0xB0,0x64,0x12,0xFF,0xB0,0x64,0x12,0xFF,0xB0,0x64,0x12,0xFF,0xB0,0x64,0x12,0xFF,0xB0,0x64,0x12,0xFF,0xB0,0x64,0x12,0xFF,0xB0,0x64,0x12,0xFF,0xB0,0x64,0x12,0xFF,0xB0,0x64,0x12,0xFF,0xB0,0x64,0x12,0xFF,0xB0,0x64,0x12,0xFF,0xB0,0x64,0x12,0xFF,0xB0,0x64,0x12,0xFF,0xB0,0x64,0x12,0xFF,0xB0,0x64,0x12,0xFF,0xB0,0x64,0x12,0xFF,
    0xB0,0x64,0x12,0xFF,0xB0,0x64,0x12,0xFF,0xB0,0x64,0x12,0xFF,0xB0,0x64,0x12,0xFF,0xB0,0x64,0x12,0xFF,0xB0,0x64,0x12,0xFF,0xB0,0x64,0x12,0xFF,0xB0,0x64,0x12,0xFF,0xB0,0x64,0x12,0xFF,0xB0,0x64,0x12,0xFF,0xB0,0x64,0x12,0xFF,0xB0,0x64,0x12,0xFF,0xB0,0x64,0x12,0xFF,0xB0,0x64,0x12,0xFF,0xB0,0x64,0x12,0xFF,0xB0,0x64,0x12,0xFF,
    0xB0,0x64,0x12,0xFF,0xB0,0x64,0x12,0xFF,0xB0,0x64,0x12,0xFF,0xB0,0x64,0x12,0xFF,0xB0,0x64,0x12,0xFF,0xB0,0x64,0x12,0xFF,0xB0,0x64,0x12,0xFF,0xB0,0x64,0x12,0xFF,0xB0,0x64,0x12,0xFF,0xB0,0x64,0x12,0xFF,0xB0,0x64,0x12,0xFF,0xB0,0x64,0x12,0xFF,0xB0,0x64,0x12,0xFF,0xB0,0x64,0x12,0xFF,0xB0,0x64,0x12,0xFF,0xB0,0x64,0x12,0xFF,
    0xB0,0x64,0x12,0xFF,0xB0,0x64,0x12,0xFF,0xB0,0x64,0x12,0xFF,0xB0,0x64,0x12,0xFF,0xB0,0x64,0x12,0xFF,0xB0,0x64,0x12,0xFF,0xB0,0x64,0x12,0xFF,0xB0,0x64,0x12,0xFF,0xB0,0x64,0x12,0xFF,0xB0,0x64,0x12,0xFF,0xB0,0x64,0x12,0xFF,0xB0,0x64,0x12,0xFF,0xB0,0x64,0x12,0xFF,0xB0,0x64,0x12,0xFF,0xB0,0x64,0x12,0xFF,0xB0,0x64,0x12,0xFF,
    0xB0,0x64,0x12,0xFF,0xB0,0x64,0x12,0xFF,0xB0,0x64,0x12,0xFF,0xB0,0x64,0x12,0xFF,0xB0,0x64,0x12,0xFF,0xB0,0x64,0x12,0xFF,0xB0,0x64,0x12,0xFF,0xB0,0x64,0x12,0xFF,0xB0,0x64,0x12,0xFF,0xB0,0x64,0x12,0xFF,0xB0,0x64,0x12,0xFF,0xB0,0x64,0x12,0xFF,0xB0,0x64,0x12,0xFF,0xB0,0x64,0x12,0xFF,0xB0,0x64,0x12,0xFF,0xB0,0x64,0x12,0xFF,
    0xB0,0x64,0x12,0xFF,0xB0,0x64,0x12,0xFF,0xB0,0x64,0x12,0xFF,0xB0,0x64,0x12,0xFF,0xB0,0x64,0x12,0xFF,0xB0,0x64,0x12,0xFF,0xB0,0x64,0x12,0xFF,0xB0,0x64,0x12,0xFF,0xB0,0x64,0x12,0xFF,0xB0,0x64,0x12,0xFF,0xB0,0x64,0x12,0xFF,0xB0,0x64,0x12,0xFF,0xB0,0x64,0x12,0xFF,0xB0,0x64,0x12,0xFF,0xB0,0x64,0x12,0xFF,0xB0,0x64,0x12,0xFF,
    0xB0,0x64,0x12,0xFF,0xB0,0x64,0x12,0xFF,0xB0,0x64,0x12,0xFF,0xB0,0x64,0x12,0xFF,0xB0,0x64,0x12,0xFF,0xB0,0x64,0x12,0xFF,0xB0,0x64,0x12,0xFF,0xB0,0x64,0x12,0xFF,0xB0,0x64,0x12,0xFF,0xB0,0x64,0x12,0xFF,0xB0,0x64,0x12,0xFF,0xB0,0x64,0x12,0xFF,0xB0,0x64,0x12,0xFF,0xB0,0x64,0x12,0xFF,0xB0,0x64,0x12,0xFF,0xB0,0x64,0x12,0xFF,
    0xB0,0x64,0x12,0xFF,0xB0,0x64,0x12,0xFF,0xB0,0x64,0x12,0xFF,0xB0,0x64,0x12,0xFF,0xB0,0x64,0x12,0xFF,0xB0,0x64,0x12,0xFF,0xB0,0x64,0x12,0xFF,0xB0,0x64,0x12,0xFF,0xB0,0x64,0x12,0xFF,0xB0,0x64,0x12,0xFF,0xB0,0x64,0x12,0xFF,0xB0,0x64,0x12,0xFF,0xB0,0x64,0x12,0xFF,0xB0,0x64,0x12,0xFF,0xB0,0x64,0x12,0xFF,0xB0,0x64,0x12,0xFF,
    0xB0,0x64,0x12,0xFF,0xB0,0x64,0x12,0xFF,0xB0,0x64,0x12,0xFF,0xB0,0x64,0x12,0xFF,0xB0,0x64,0x12,0xFF,0xB0,0x64,0x12,0xFF,0xB0,0x64,0x12,0xFF,0xB0,0x64,0x12,0xFF,0xB0,0x64,0x12,0xFF,0xB0,0x64,0x12,0xFF,0xB0,0x64,0x12,0xFF,0xB0,0x64,0x12,0xFF,0xB0,0x64,0x12,0xFF,0xB0,0x64,0x12,0xFF,0xB0,0x64,0x12,0xFF,0xB0,0x64,0x12,0xFF,
    0xB0,0x64,0x12,0xFF,0xB0,0x64,0x12,0xFF,0xB0,0x64,0x12,0xFF,0xB0,0x64,0x12,0xFF,0xB0,0x64,0x12,0xFF,0xB0,0x64,0x12,0xFF,0xB0,0x64,0x12,0xFF,0xB0,0x64,0x12,0xFF,0xB0,0x64,0x12,0xFF,0xB0,0x64,0x12,0xFF,0xB0,0x64,0x12,0xFF,0xB0,0x64,0x12,0xFF,0xB0,0x64,0x12,0xFF,0xB0,0x64,0x12,0xFF,0xB0,0x64,0x12,0xFF,0xB0,0x64,0x12,0xFF,
    0xB0,0x64,0x12,0xFF,0xB0,0x64,0x12,0xFF,0xB0,0x64,0x12,0xFF,0xB0,0x64,0x12,0xFF,0xB0,0x64,0x12,0xFF,0xB0,0x64,0x12,0xFF,0xB0,0x64,0x12,0xFF,0xB0,0x64,0x12,0xFF,0xB0,0x64,0x12,0xFF,0xB0,0x64,0x12,0xFF,0xB0,0x64,0x12,0xFF,0xB0,0x64,0x12,0xFF,0xB0,0x64,0x12,0xFF,0xB0,0x64,0x12,0xFF,0xB0,0x64,0x12,0xFF,0xB0,0x64,0x12,0xFF,
    0xB0,0x64,0x12,0xFF,0xB0,0x64,0x12,0xFF,0xB0,0x64,0x12,0xFF,0xB0,0x64,0x12,0xFF,0xB0,0x64,0x12,0xFF,0xB0,0x64,0x12,0xFF,0xB0,0x64,0x12,0xFF,0xB0,0x64,0x12,0xFF,0xB0,0x64,0x12,0xFF,0xB0,0x64,0x12,0xFF,0xB0,0x64,0x12,0xFF,0xB0,0x64,0x12,0xFF,0xB0,0x64,0x12,0xFF,0xB0,0x64,0x12,0xFF,0xB1,0x65,0x14,0x5B,0x00,0x00,0x00,0x00,
    0x00,0x00,0x00,0x00,0xFF,0xFF,0x00,0x01,0xB0,0x64,0x11,0x92,0xB0,0x64,0x12,0xFF,0xB0,0x64,0x12,0xFF,0xB0,0x64,0x12,0xFF,0xB0,0x64,0x12,0xFF,0xB0,0x64,0x12,0xFF,0xB0,0x64,0x12,0xFF,0xB0,0x64,0x12,0xFF,0xB0,0x64,0x12,0xFF,0xB0,0x64,0x12,0xFF,0xB0,0x64,0x12,0xFF,0xB0,0x64,0x12,0xFF,0xB0,0x64,0x12,0xFF,0xB0,0x64,0x12,0xFF,
    0xB0,0x64,0x12,0xFF,0xB0,0x64,0x12,0xFF,0xB0,0x64,0x12,0xFF,0xB0,0x64,0x12,0xFF,0xB0,0x64,0x12,0xFF,0xB0,0x64,0x12,0xFF,0xB0,0x64,0x12,0xFF,0xB0,0x64,0x12,0xFF,0xB0,0x64,0x12,0xFF,0xB0,0x64,0x12,0xFF,0xB0,0x64,0x12,0xFF,0xB0,0x64,0x12,0xFF,0xB0,0x64,0x12,0xFF,0xB0,0x64,0x12,0xFF,0xB0,0x64,0x12,0xFF,0xB0,0x64,0x12,0xFF,
    0xB0,0x64,0x12,0xFF,0xB0,0x64,0x12,0xFF,0xB0,0x64,0x12,0xFF,0xB0,0x64,0x12,0xFF,0xB0,0x64,0x12,0xFF,0xB0,0x64,0x12,0xFF,0xB0,0x64,0x12,0xFF,0xB0,0x64,0x12,0xFF,0xB0,0x64,0x12,0xFF,0xB0,0x64,0x12,0xFF,0xB0,0x64,0x12,0xFF,0xB0,0x64,0x12,0xFF,0xB0,0x64,0x12,0xFF,0xB0,0x64,0x12,0xFF,0xB0,0x64,0x12,0xFF,0xB0,0x64,0x12,0xFF,
    0xB0,0x64,0x12,0xFF,0xB0,0x64,0x12,0xFF,0xB0,0x64,0x12,0xFF,0xB0,0x64,0x12,0xFF,0xB0,0x64,0x12,0xFF,0xB0,0x64,0x12,0xFF,0xB0,0x64,0x12,0xFF,0xB0,0x64,0x12,0xFF,0xB0,0x64,0x12,0xFF,0xB0,0x64,0x12,0xFF,0xB0,0x64,0x12,0xFF,0xB0,0x64,0x12,0xFF,0xB0,0x64,0x12,0xFF,0xB0,0x64,0x12,0xFF,0xB0,0x64,0x12,0xFF,0xB0,0x64,0x12,0xFF,
    0xB0,0x64,0x12,0xFF,0xB0,0x64,0x12,0xFF,0xB0,0x64,0x12,0xFF,0xB0,0x64,0x12,0xFF,0xB0,0x64,0x12,0xFF,0xB0,0x64,0x12,0xFF,0xB0,0x64,0x12,0xFF,0xB0,0x64,0x12,0xFF,0xB0,0x64,0x12,0xFF,0xB0,0x64,0x12,0xFF,0xB0,0x64,0x12,0xFF,0xB0,0x64,0x12,0xFF,0xB0,0x64,0x12,0xFF,0xB0,0x64,0x12,0xFF,0xB0,0x64,0x12,0xFF,0xB0,0x64,0x12,0xFF,
    0xB0,0x64,0x12,0xFF,0xB0,0x64,0x12,0xFF,0xB0,0x64,0x12,0xFF,0xB0,0x64,0x12,0xFF,0xB0,0x64,0x12,0xFF,0xB0,0x64,0x12,0xFF,0xB0,0x64,0x12,0xFF,0xB0,0x64,0x12,0xFF,0xB0,0x64,0x12,0xFF,0xB0,0x64,0x12,0xFF,0xB0,0x64,0x12,0xFF,0xB0,0x64,0x12,0xFF,0xB0,0x64,0x12,0xFF,0xB0,0x64,0x12,0xFF,0xB0,0x64,0x12,0xFF,0xB0,0x64,0x12,0xFF,
    0xB0,0x64,0x12,0xFF,0xB0,0x64,0x12,0xFF,0xB0,0x64,0x12,0xFF,0xB0,0x64,0x12,0xFF,0xB0,0x64,0x12,0xFF,0xB0,0x64,0x12,0xFF,0xB0,0x64,0x12,0xFF,0xB0,0x64,0x12,0xFF,0xB0,0x64,0x12,0xFF,0xB0,0x64,0x12,0xFF,0xB0,0x64,0x12,0xFF,0xB0,0x64,0x12,0xFF,0xB0,0x64,0x12,0xFF,0xB0,0x64,0x12,0xFF,0xB0,0x64,0x12,0xFF,0xB0,0x64,0x12,0xFF,
    0xB0,0x64,0x12,0xFF,0xB0,0x64,0x12,0xFF,0xB0,0x64,0x12,0xFF,0xB0,0x64,0x12,0xFF,0xB0,0x64,0x12,0xFF,0xB0,0x64,0x12,0xFF,0xB0,0x64,0x12,0xFF,0xB0,0x64,0x12,0xFF,0xB0,0x64,0x12,0xFF,0xB0,0x64,0x12,0xFF,0xB0,0x64,0x12,0xFF,0xB0,0x64,0x12,0xFF,0xB0,0x64,0x12,0xFF,0xB0,0x64,0x12,0xFF,0xB0,0x64,0x12,0xFF,0xB0,0x64,0x12,0xFF,
    0xB0,0x64,0x12,0xFF,0xB0,0x64,0x12,0xFF,0xB0,0x64,0x12,0xFF,0xB0,0x64,0x12,0xFF,0xB0,0x64,0x12,0xFF,0xB0,0x64,0x12,0xFF,0xB0,0x64,0x12,0xFF,0xB0,0x64,0x12,0xFF,0xB0,0x64,0x12,0xFF,0xB0,0x64,0x12,0xFF,0xB0,0x64,0x12,0xFF,0xB0,0x64,0x12,0xFF,0xB0,0x64,0x12,0xFF,0xB0,0x64,0x12,0xFF,0xB0,0x64,0x12,0xFF,0xB0,0x64,0x12,0xFF,
    0xB0,0x64,0x12,0xFF,0xB0,0x64,0x12,0xFF,0xB0,0x64,0x12,0xFF,0xB0,0x64,0x12,0xFF,0xB0,0x64,0x12,0xFF,0xB0,0x64,0x12,0xFF,0xB0,0x64,0x12,0xFF,0xB0,0x64,0x12,0xFF,0xB0,0x64,0x12,0xFF,0xB0,0x64,0x12,0xFF,0xB0,0x64,0x12,0xFF,0xB0,0x64,0x12,0xFF,0xB0,0x64,0x12,0xFF,0xB0,0x64,0x12,0xFF,0xB0,0x64,0x12,0xFF,0xB0,0x64,0x12,0xFF,
    0xB0,0x64,0x12,0xFF,0xB0,0x64,0x12,0xFF,0xB0,0x64,0x12,0xFF,0xB0,0x64,0x12,0xFF,0xB0,0x64,0x12,0xFF,0xB0,0x64,0x12,0xFF,0xB0,0x64,0x12,0xFF,0xB0,0x64,0x12,0xFF,0xB0,0x64,0x12,0xFF,0xB0,0x64,0x12,0xFF,0xB0,0x64,0x12,0xFF,0xB0,0x64,0x12,0xFF,0xB0,0x64,0x12,0xFF,0xB0,0x64,0x12,0xFF,0xB0,0x64,0x12,0xFF,0xB0,0x64,0x12,0xFF,
    0xB0,0x64,0x12,0xFF,0xB0,0x64,0x12,0xFF,0xB0,0x64,0x12,0xFF,0xB0,0x64,0x12,0xFF,0xB0,0x64,0x12,0xFF,0xB0,0x64,0x12,0xFF,0xB0,0x64,0x12,0xFF,0xB0,0x64,0x12,0xFF,0xB0,0x64,0x12,0xFF,0xB0,0x64,0x12,0xFF,0xB0,0x64,0x12,0xFF,0xB0,0x64,0x12,0xFF,0xB0,0x64,0x12,0xFF,0xB0,0x64,0x12,0xFF,0xB0,0x64,0x12,0xFF,0xB0,0x64,0x12,0xFF,
    0xB0,0x64,0x12,0xFF,0xB0,0x64,0x12,0xFF,0xB0,0x64,0x12,0xFF,0xB0,0x64,0x12,0xFF,0xB0,0x64,0x12,0xFF,0xB0,0x64,0x12,0xFF,0xB0,0x64,0x12,0xFF,0xB0,0x64,0x12,0xFF,0xB0,0x64,0x12,0xFF,0xB0,0x64,0x12,0xFF,0xB0,0x64,0x12,0xFF,0xB0,0x64,0x12,0xFF,0xB0,0x64,0x12,0xFF,0xB0,0x64,0x12,0xFF,0xB0,0x64,0x12,0xFF,0xB0,0x64,0x12,0xFF,
    0xB0,0x64,0x12,0xFF,0xB0,0x64,0x12,0xFF,0xB0,0x64,0x12,0xFF,0xB0,0x64,0x12,0xFF,0xB0,0x64,0x12,0xFF,0xB0,0x64,0x12,0xFF,0xB0,0x64,0x12,0xFF,0xB0,0x64,0x12,0xFF,0xB0,0x64,0x12,0xFF,0xB0,0x64,0x12,0xFF,0xB0,0x64,0x12,0xFF,0xB0,0x64,0x12,0xFF,0xB0,0x64,0x12,0xFF,0xB0,0x64,0x12,0xFF,0xB0,0x64,0x12,0xFF,0xB0,0x64,0x12,0xFF,
    0xB0,0x64,0x12,0xFF,0xB0,0x64,0x12,0xFF,0xB0,0x64,0x12,0xFF,0xB0,0x64,0x12,0xFF,0xB0,0x64,0x12,0xFF,0xB0,0x64,0x12,0xFF,0xB0,0x64,0x12,0xFF,0xB0,0x64,0x12,0xFF,0xB0,0x64,0x12,0xFF,0xB0,0x64,0x12,0xFF,0xB0,0x64,0x12,0xFF,0xB0,0x64,0x12,0xFF,0xB0,0x64,0x12,0xFF,0xB0,0x64,0x12,0xFF,0xB0,0x64,0x12,0xFF,0xB0,0x64,0x12,0xFF,
    0xB0,0x64,0x12,0xFF,0xB0,0x64,0x12,0xFF,0xB0,0x64,0x12,0xFF,0xB0,0x64,0x12,0xFF,0xB0,0x64,0x12,0xFF,0xB0,0x64,0x12,0xFF,0xB0,0x64,0x12,0xFF,0xB0,0x64,0x12,0xFF,0xB0,0x64,0x12,0xFF,0xB0,0x64,0x12,0xFF,0xB0,0x64,0x12,0xFF,0xB0,0x64,0x12,0xFF,0xB0,0x64,0x12,0xFF,0xB0,0x64,0x12,0xFF,0xB0,0x64,0x12,0xFF,0xB0,0x64,0x12,0xFF,
    0xB0,0x64,0x12,0xFF,0xB0,0x64,0x12,0xFF,0xB0,0x64,0x12,0xFF,0xB0,0x64,0x12,0xFF,0xB0,0x64,0x12,0xFF,0xB0,0x64,0x12,0xFF,0xB0,0x64,0x12,0xFF,0xB0,0x64,0x12,0xFF,0xB0,0x64,0x12,0xFF,0xB0,0x64,0x12,0xFF,0xB0,0x64,0x12,0xFF,0xB0,0x64,0x12,0xFF,0xB0,0x64,0x12,0xFF,0xB0,0x64,0x12,0xFF,0xB0,0x64,0x12,0xFF,0xB0,0x64,0x12,0xFF,
    0xB0,0x64,0x12,0xFF,0xB0,0x64,0x12,0xFF,0xB0,0x64,0x12,0xFF,0xB0,0x64,0x12,0xFF,0xB0,0x64,0x12,0xFF,0xB0,0x64,0x12,0xFF,0xB0,0x64,0x12,0xFF,0xB0,0x64,0x12,0xFF,0xB0,0x64,0x12,0xFF,0xB0,0x64,0x12,0xFF,0xB0,0x64,0x12,0xFF,0xB0,0x64,0x12,0xFF,0xB0,0x64,0x12,0xFF,0xB0,0x64,0x12,0xFF,0xB0,0x64,0x12,0xFF,0xB0,0x64,0x12,0xFF,
    0xB0,0x64,0x12,0xFF,0xB0,0x64,0x12,0xFF,0xB0,0x64,0x12,0xFF,0xB0,0x64,0x12,0xFF,0xB0,0x64,0x12,0xFF,0xB0,0x64,0x12,0xFF,0xB0,0x64,0x12,0xFF,0xB0,0x64,0x12,0xFF,0xB0,0x64,0x12,0xFF,0xB0,0x64,0x12,0xFF,0xB0,0x64,0x12,0xFF,0xB0,0x64,0x12,0xFF,0xB0,0x64,0x12,0xFF,0xB0,0x64,0x12,0xFF,0xB0,0x64,0x12,0xFF,0xB0,0x64,0x12,0xFF,
    0xB0,0x64,0x12,0xFF,0xB0,0x64,0x12,0xFF,0xB0,0x64,0x12,0xFF,0xB0,0x64,0x12,0xFF,0xB0,0x64,0x12,0xFF,0xB0,0x64,0x12,0xFF,0xB0,0x64,0x12,0xFF,0xB0,0x64,0x12,0xFF,0xB0,0x64,0x12,0xFF,0xB0,0x64,0x12,0xFF,0xB0,0x64,0x12,0xFF,0xB0,0x64,0x12,0xFF,0xB0,0x64,0x12,0xFF,0xB0,0x64,0x12,0xFF,0xB0,0x64,0x12,0xFF,0xB0,0x64,0x12,0xFF,
    0xB0,0x64,0x12,0xFF,0xB0,0x64,0x12,0xFF,0xB0,0x64,0x12,0xFF,0xB0,0x64,0x12,0xFF,0xB0,0x64,0x12,0xFF,0xB0,0x64,0x12,0xFF,0xB0,0x64,0x12,0xFF,0xB0,0x64,0x12,0xFF,0xB0,0x64,0x12,0xFF,0xB0,0x64,0x12,0xFF,0xB0,0x64,0x12,0xFF,0xB0,0x64,0x12,0xFF,0xB0,0x64,0x12,0xFF,0xB0,0x64,0x12,0xFF,0xB0,0x64,0x12,0xFF,0xB0,0x64,0x12,0xFF,
    0xB0,0x64,0x12,0xFF,0xB0,0x64,0x12,0xFF,0xB0,0x64,0x12,0xFF,0xB0,0x64,0x12,0xFF,0xB0,0x64,0x12,0xFF,0xB0,0x64,0x12,0xFF,0xB0,0x64,0x12,0xFF,0xB0,0x64,0x12,0xFF,0xB0,0x64,0x12,0xFF,0xB0,0x64,0x12,0xFF,0xB0,0x64,0x12,0xFF,0xB0,0x64,0x12,0xFF,0xB0,0x64,0x12,0xFF,0xB0,0x64,0x12,0xFF,0xB0,0x64,0x12,0xFF,0xB0,0x64,0x12,0xFF,
    0xB0,0x64,0x12,0xFF,0xB0,0x64,0x12,0xFF,0xB0,0x64,0x12,0xFF,0xB0,0x64,0x12,0xFF,0xB0,0x64,0x12,0xFF,0xB0,0x64,0x12,0xFF,0xB0,0x64,0x12,0xFF,0xB0,0x64,0x12,0xFF,0xB0,0x64,0x12,0xFF,0xB0,0x64,0x12,0xFF,0xB0,0x64,0x12,0xFF,0xB0,0x64,0x12,0xFF,0xB0,0x64,0x12,0xFF,0xB0,0x64,0x12,0xFF,0xB0,0x64,0x12,0xFF,0xB0,0x64,0x12,0xFF,
    0xB0,0x64,0x12,0xFF,0xB0,0x64,0x12,0xFF,0xB0,0x64,0x12,0xFF,0xB0,0x64,0x12,0xFF,0xB0,0x64,0x12,0xFF,0xB0,0x64,0x12,0xFF,0xB0,0x64,0x12,0xFF,0xB0,0x64,0x12,0xFF,0xB0,0x64,0x12,0xFF,0xB0,0x64,0x12,0xFF,0xB0,0x64,0x12,0xFF,0xB0,0x64,0x12,0xFF,0xB0,0x64,0x12,0xFF,0xB0,0x64,0x12,0xFF,0xB0,0x64,0x12,0xFF,0xB0,0x64,0x12,0xFF,
    0xB0,0x64,0x12,0xFF,0xB0,0x64,0x12,0xFF,0xB0,0x64,0x12,0xFF,0xB0,0x64,0x12,0xFF,0xB0,0x64,0x12,0xFF,0xB0,0x64,0x12,0xFF,0xB0,0x64,0x12,0xFF,0xB0,0x64,0x12,0xFF,0xB0,0x64,0x12,0xFF,0xB0,0x64,0x12,0xFF,0xB0,0x64,0x12,0xFF,0xB0,0x64,0x12,0xFF,0xB0,0x64,0x12,0xFF,0xB0,0x64,0x12,0xFF,0xB0,0x64,0x12,0xFF,0xB0,0x64,0x12,0xFF,
    0xB0,0x64,0x12,0xFF,0xB0,0x64,0x12,0xFF,0xB0,0x64,0x12,0xFF,0xB0,0x64,0x12,0xFF,0xB0,0x64,0x12,0xFF,0xB0,0x64,0x12,0xFF,0xB0,0x64,0x12,0xFF,0xB0,0x64,0x12,0xFF,0xB0,0x64,0x12,0xFF,0xB0,0x64,0x12,0xFF,0xB0,0x64,0x12,0xFF,0xB0,0x64,0x12,0xFF,0xB0,0x64,0x12,0xFF,0xB0,0x64,0x12,0xFF,0xB0,0x64,0x12,0xFF,0xB0,0x64,0x12,0xFF,
    0xB0,0x64,0x12,0xFF,0xB0,0x64,0x12,0xFF,0xB0,0x64,0x12,0xFF,0xB0,0x64,0x12,0xFF,0xB0,0x64,0x12,0xFF,0xB0,0x64,0x12,0xFF,0xB0,0x64,0x12,0xFF,0xB0,0x64,0x12,0xFF,0xB0,0x64,0x12,0xFF,0xB0,0x64,0x12,0xFF,0xB0,0x64,0x12,0xFF,0xB0,0x64,0x12,0xFF,0xB0,0x64,0x12,0xFF,0xB0,0x64,0x12,0xFF,0xB0,0x64,0x12,0xFF,0xB0,0x64,0x12,0xFF,
    0xB0,0x64,0x12,0xFF,0xB0,0x64,0x12,0xFF,0xB0,0x64,0x12,0xFF,0xB0,0x64,0x12,0xFF,0xB0,0x64,0x12,0xFF,0xB0,0x64,0x12,0xFF,0xB0,0x64,0x12,0xFF,0xB0,0x64,0x12,0xFF,0xB0,0x64,0x12,0xFF,0xB0,0x64,0x12,0xFF,0xB0,0x64,0x12,0xFF,0xB0,0x64,0x12,0xFF,0xB0,0x64,0x12,0xFF,0xB0,0x64,0x12,0xFF,0xB0,0x64,0x12,0xFF,0xB0,0x64,0x12,0xFF,
    0xB0,0x64,0x12,0xFF,0xB0,0x64,0x12,0xFF,0xB0,0x64,0x12,0xFF,0xB0,0x64,0x12,0xFF,0xB0,0x64,0x12,0xFF,0xB0,0x64,0x12,0xFF,0xB0,0x64,0x12,0xFF,0xB0,0x64,0x12,0xFF,0xB0,0x64,0x12,0xFF,0xB0,0x64,0x12,0xFF,0xB0,0x64,0x12,0xFF,0xB0,0x64,0x12,0xFF,0xB0,0x64,0x12,0xFF,0xB0,0x64,0x12,0xFF,0xB0,0x64,0x12,0xFF,0xB0,0x64,0x12,0xFF,
    0xB0,0x64,0x12,0xFF,0xB0,0x64,0x12,0xFF,0xB0,0x64,0x12,0xFF,0xB0,0x64,0x12,0xFF,0xB0,0x64,0x12,0xFF,0xB0,0x64,0x12,0xFF,0xB0,0x64,0x12,0xFF,0xB0,0x64,0x12,0xFF,0xB0,0x64,0x12,0xFF,0xB0,0x64,0x12,0xFF,0xB0,0x64,0x12,0xFF,0xB0,0x64,0x12,0xFF,0xB0,0x64,0x12,0xFF,0xB0,0x64,0x12,0xFF,0xB0,0x64,0x12,0xFF,0xB0,0x64,0x12,0xFF,
    0xB0,0x64,0x12,0xFF,0xB0,0x64,0x12,0xFF,0xB0,0x64,0x12,0xFF,0xB0,0x64,0x12,0xFF,0xB0,0x64,0x12,0xFF,0xB0,0x64,0x12,0xFF,0xB0,0x64,0x12,0xFF,0xB0,0x64,0x12,0xFF,0xB0,0x64,0x12,0xFF,0xB0,0x64,0x12,0xFF,0xB0,0x64,0x12,0xFF,0xB0,0x64,0x12,0xFF,0xB0,0x64,0x12,0xFF,0xB0,0x64,0x12,0xFF,0xB0,0x64,0x12,0xFF,0xB0,0x64,0x12,0xFF,
    0xB0,0x64,0x12,0xFF,0xB0,0x64,0x12,0xFF,0xB0,0x64,0x12,0xFF,0xB0,0x64,0x12,0xFF,0xB0,0x64,0x12,0xFF,0xB0,0x64,0x12,0xFF,0xB0,0x64,0x12,0xFF,0xB0,0x64,0x12,0xFF,0xB0,0x64,0x12,0xFF,0xB0,0x64,0x12,0xFF,0xB0,0x64,0x12,0xFF,0xB0,0x64,0x12,0xFF,0xB0,0x64,0x12,0xFF,0xB0,0x64,0x12,0xFF,0xB0,0x64,0x12,0xFF,0xB0,0x64,0x12,0xFF,
    0xB0,0x64,0x12,0xFF,0xB0,0x64,0x12,0xFF,0xB0,0x64,0x12,0xFF,0xB0,0x64,0x12,0xFF,0xB0,0x64,0x12,0xFF,0xB0,0x64,0x12,0xFF,0xB0,0x64,0x12,0xFF,0xB0,0x64,0x12,0xFF,0xB0,0x64,0x12,0xFF,0xB0,0x64,0x12,0xFF,0xB0,0x64,0x12,0xFF,0xB0,0x64,0x12,0xFF,0xB0,0x64,0x12,0xFF,0xB0,0x64,0x12,0xFF,0xB0,0x64,0x12,0xFF,0xB0,0x64,0x12,0xFF,
    0xB0,0x64,0x12,0xFF,0xB0,0x64,0x12,0xFF,0xB0,0x64,0x12,0xFF,0xB0,0x64,0x12,0xFF,0xB0,0x64,0x12,0xFF,0xB0,0x64,0x12,0xFF,0xB0,0x64,0x12,0xFF,0xB0,0x64,0x12,0xFF,0xB0,0x64,0x12,0xFF,0xB0,0x64,0x12,0xFF,0xB0,0x64,0x12,0xFF,0xB0,0x64,0x12,0xFF,0xB0,0x64,0x12,0xFF,0xB0,0x64,0x12,0xFF,0xB0,0x64,0x12,0xFF,0xB0,0x64,0x12,0xFF,
    0xB0,0x64,0x12,0xFF,0xB0,0x64,0x12,0xFF,0xB0,0x64,0x12,0xFF,0xB0,0x64,0x12,0xFF,0xB0,0x64,0x12,0xFF,0xB0,0x64,0x12,0xFF,0xB0,0x64,0x12,0xFF,0xB0,0x64,0x12,0xFF,0xB0,0x64,0x12,0xFF,0xB0,0x64,0x12,0xFF,0xB0,0x64,0x12,0xFF,0xB0,0x64,0x12,0xFF,0xB0,0x64,0x12,0xFF,0xB0,0x64,0x12,0xFF,0xB0,0x64,0x12,0xFF,0xB0,0x64,0x12,0xFF,
    0xB0,0x64,0x12,0xFF,0xB0,0x64,0x12,0xFF,0xB0,0x64,0x12,0xFF,0xB0,0x64,0x12,0xFF,0xB0,0x64,0x12,0xFF,0xB0,0x64,0x12,0xFF,0xB0,0x64,0x12,0xFF,0xB0,0x64,0x12,0xFF,0xB0,0x64,0x12,0xFF,0xB0,0x64,0x12,0xFF,0xB0,0x64,0x12,0xFF,0xB0,0x64,0x12,0xFF,0xB0,0x64,0x12,0xFF,0xB0,0x64,0x12,0xFF,0xB0,0x64,0x12,0xFF,0xB0,0x64,0x12,0xFF,
    0xB0,0x64,0x12,0xFF,0xB0,0x64,0x12,0xFF,0xB0,0x64,0x12,0xFF,0xB0,0x64,0x12,0xFF,0xB0,0x64,0x12,0xFF,0xB0,0x64,0x12,0xFF,0xB0,0x64,0x12,0xFF,0xB0,0x64,0x12,0xFF,0xB0,0x64,0x12,0xFF,0xB0,0x64,0x12,0xFF,0xB0,0x64,0x12,0xFF,0xB0,0x64,0x12,0xFF,0xB0,0x64,0x12,0xFF,0xB0,0x64,0x12,0xFF,0xB0,0x64,0x12,0xFF,0xB0,0x64,0x12,0xFF,
    0xB0,0x64,0x12,0xFF,0xB0,0x64,0x12,0xFF,0xB0,0x64,0x12,0xFF,0xB0,0x64,0x12,0xFF,0xB0,0x64,0x12,0xFF,0xB0,0x64,0x11,0x92,0xFF,0xFF,0x00,0x01,0x00,0x00,0x00,0x00,0x00,0x00,0x00,0x00,0x00,0x00,0x00,0x00,0xB3,0x66,0x1A,0x0A,0xB0,0x64,0x11,0x92,0xB0,0x64,0x12,0xFF,0xB0,0x64,0x12,0xFF,0xB0,0x64,0x12,0xFF,0xB0,0x64,0x12,0xFF,
    0xB0,0x64,0x12,0xFF,0xB0,0x64,0x12,0xFF,0xB0,0x64,0x12,0xFF,0xB0,0x64,0x12,0xFF,0xB0,0x64,0x12,0xFF,0xB0,0x64,0x12,0xFF,0xB0,0x64,0x12,0xFF,0xB0,0x64,0x12,0xFF,0xB0,0x64,0x12,0xFF,0xB0,0x64,0x12,0xFF,0xB0,0x64,0x12,0xFF,0xB0,0x64,0x12,0xFF,0xB0,0x64,0x12,0xFF,0xB0,0x64,0x12,0xFF,0xB0,0x64,0x12,0xFF,0xB0,0x64,0x12,0xFF,
    0xB0,0x64,0x12,0xFF,0xB0,0x64,0x12,0xFF,0xB0,0x64,0x12,0xFF,0xB0,0x64,0x12,0xFF,0xB0,0x64,0x12,0xFF,0xB0,0x64,0x12,0xFF,0xB0,0x64,0x12,0xFF,0xB0,0x64,0x12,0xFF,0xB0,0x64,0x12,0xFF,0xB0,0x64,0x12,0xFF,0xB0,0x64,0x12,0xFF,0xB0,0x64,0x12,0xFF,0xB0,0x64,0x12,0xFF,0xB0,0x64,0x12,0xFF,0xB0,0x64,0x12,0xFF,0xB0,0x64,0x12,0xFF,
    0xB0,0x64,0x12,0xFF,0xB0,0x64,0x12,0xFF,0xB0,0x64,0x12,0xFF,0xB0,0x64,0x12,0xFF,0xB0,0x64,0x12,0xFF,0xB0,0x64,0x12,0xFF,0xB0,0x64,0x12,0xFF,0xB0,0x64,0x12,0xFF,0xB0,0x64,0x12,0xFF,0xB0,0x64,0x12,0xFF,0xB0,0x64,0x12,0xFF,0xB0,0x64,0x12,0xFF,0xB0,0x64,0x12,0xFF,0xB0,0x64,0x12,0xFF,0xB0,0x64,0x12,0xFF,0xB0,0x64,0x12,0xFF,
    0xB0,0x64,0x12,0xFF,0xB0,0x64,0x12,0xFF,0xB0,0x64,0x12,0xFF,0xB0,0x64,0x12,0xFF,0xB0,0x64,0x12,0xFF,0xB0,0x64,0x12,0xFF,0xB0,0x64,0x12,0xFF,0xB0,0x64,0x12,0xFF,0xB0,0x64,0x12,0xFF,0xB0,0x64,0x12,0xFF,0xB0,0x64,0x12,0xFF,0xB0,0x64,0x12,0xFF,0xB0,0x64,0x12,0xFF,0xB0,0x64,0x12,0xFF,0xB0,0x64,0x12,0xFF,0xB0,0x64,0x12,0xFF,
    0xB0,0x64,0x12,0xFF,0xB0,0x64,0x12,0xFF,0xB0,0x64,0x12,0xFF,0xB0,0x64,0x12,0xFF,0xB0,0x64,0x12,0xFF,0xB0,0x64,0x12,0xFF,0xB0,0x64,0x12,0xFF,0xB0,0x64,0x12,0xFF,0xB0,0x64,0x12,0xFF,0xB0,0x64,0x12,0xFF,0xB0,0x64,0x12,0xFF,0xB0,0x64,0x12,0xFF,0xB0,0x64,0x12,0xFF,0xB0,0x64,0x12,0xFF,0xB0,0x64,0x12,0xFF,0xB0,0x64,0x12,0xFF,
    0xB0,0x64,0x12,0xFF,0xB0,0x64,0x12,0xFF,0xB0,0x64,0x12,0xFF,0xB0,0x64,0x12,0xFF,0xB0,0x64,0x12,0xFF,0xB0,0x64,0x12,0xFF,0xB0,0x64,0x12,0xFF,0xB0,0x64,0x12,0xFF,0xB0,0x64,0x12,0xFF,0xB0,0x64,0x12,0xFF,0xB0,0x64,0x12,0xFF,0xB0,0x64,0x12,0xFF,0xB0,0x64,0x12,0xFF,0xB0,0x64,0x12,0xFF,0xB0,0x64,0x12,0xFF,0xB0,0x64,0x12,0xFF,
    0xB0,0x64,0x12,0xFF,0xB0,0x64,0x12,0xFF,0xB0,0x64,0x12,0xFF,0xB0,0x64,0x12,0xFF,0xB0,0x64,0x12,0xFF,0xB0,0x64,0x12,0xFF,0xB0,0x64,0x12,0xFF,0xB0,0x64,0x12,0xFF,0xB0,0x64,0x12,0xFF,0xB0,0x64,0x12,0xFF,0xB0,0x64,0x12,0xFF,0xB0,0x64,0x12,0xFF,0xB0,0x64,0x12,0xFF,0xB0,0x64,0x12,0xFF,0xB0,0x64,0x12,0xFF,0xB0,0x64,0x12,0xFF,
    0xB0,0x64,0x12,0xFF,0xB0,0x64,0x12,0xFF,0xB0,0x64,0x12,0xFF,0xB0,0x64,0x12,0xFF,0xB0,0x64,0x12,0xFF,0xB0,0x64,0x12,0xFF,0xB0,0x64,0x12,0xFF,0xB0,0x64,0x12,0xFF,0xB0,0x64,0x12,0xFF,0xB0,0x64,0x12,0xFF,0xB0,0x64,0x12,0xFF,0xB0,0x64,0x12,0xFF,0xB0,0x64,0x12,0xFF,0xB0,0x64,0x12,0xFF,0xB0,0x64,0x12,0xFF,0xB0,0x64,0x12,0xFF,
    0xB0,0x64,0x12,0xFF,0xB0,0x64,0x12,0xFF,0xB0,0x64,0x12,0xFF,0xB0,0x64,0x12,0xFF,0xB0,0x64,0x12,0xFF,0xB0,0x64,0x12,0xFF,0xB0,0x64,0x12,0xFF,0xB0,0x64,0x12,0xFF,0xB0,0x64,0x12,0xFF,0xB0,0x64,0x12,0xFF,0xB0,0x64,0x12,0xFF,0xB0,0x64,0x12,0xFF,0xB0,0x64,0x12,0xFF,0xB0,0x64,0x12,0xFF,0xB0,0x64,0x12,0xFF,0xB0,0x64,0x12,0xFF,
    0xB0,0x64,0x12,0xFF,0xB0,0x64,0x12,0xFF,0xB0,0x64,0x12,0xFF,0xB0,0x64,0x12,0xFF,0xB0,0x64,0x12,0xFF,0xB0,0x64,0x12,0xFF,0xB0,0x64,0x12,0xFF,0xB0,0x64,0x12,0xFF,0xB0,0x64,0x12,0xFF,0xB0,0x64,0x12,0xFF,0xB0,0x64,0x12,0xFF,0xB0,0x64,0x12,0xFF,0xB0,0x64,0x12,0xFF,0xB0,0x64,0x12,0xFF,0xB0,0x64,0x12,0xFF,0xB0,0x64,0x12,0xFF,
    0xB0,0x64,0x12,0xFF,0xB0,0x64,0x12,0xFF,0xB0,0x64,0x12,0xFF,0xB0,0x64,0x12,0xFF,0xB0,0x64,0x12,0xFF,0xB0,0x64,0x12,0xFF,0xB0,0x64,0x12,0xFF,0xB0,0x64,0x12,0xFF,0xB0,0x64,0x12,0xFF,0xB0,0x64,0x12,0xFF,0xB0,0x64,0x12,0xFF,0xB0,0x64,0x12,0xFF,0xB0,0x64,0x12,0xFF,0xB0,0x64,0x12,0xFF,0xB0,0x64,0x12,0xFF,0xB0,0x64,0x12,0xFF,
    0xB0,0x64,0x12,0xFF,0xB0,0x64,0x12,0xFF,0xB0,0x64,0x12,0xFF,0xB0,0x64,0x12,0xFF,0xB0,0x64,0x12,0xFF,0xB0,0x64,0x12,0xFF,0xB0,0x64,0x12,0xFF,0xB0,0x64,0x12,0xFF,0xB0,0x64,0x12,0xFF,0xB0,0x64,0x12,0xFF,0xB0,0x64,0x12,0xFF,0xB0,0x64,0x12,0xFF,0xB0,0x64,0x12,0xFF,0xB0,0x64,0x12,0xFF,0xB0,0x64,0x12,0xFF,0xB0,0x64,0x12,0xFF,
    0xB0,0x64,0x12,0xFF,0xB0,0x64,0x12,0xFF,0xB0,0x64,0x12,0xFF,0xB0,0x64,0x12,0xFF,0xB0,0x64,0x12,0xFF,0xB0,0x64,0x12,0xFF,0xB0,0x64,0x12,0xFF,0xB0,0x64,0x12,0xFF,0xB0,0x64,0x12,0xFF,0xB0,0x64,0x12,0xFF,0xB0,0x64,0x12,0xFF,0xB0,0x64,0x12,0xFF,0xB0,0x64,0x12,0xFF,0xB0,0x64,0x12,0xFF,0xB0,0x64,0x12,0xFF,0xB0,0x64,0x12,0xFF,
    0xB0,0x64,0x12,0xFF,0xB0,0x64,0x12,0xFF,0xB0,0x64,0x12,0xFF,0xB0,0x64,0x12,0xFF,0xB0,0x64,0x12,0xFF,0xB0,0x64,0x12,0xFF,0xB0,0x64,0x12,0xFF,0xB0,0x64,0x12,0xFF,0xB0,0x64,0x12,0xFF,0xB0,0x64,0x12,0xFF,0xB0,0x64,0x12,0xFF,0xB0,0x64,0x12,0xFF,0xB0,0x64,0x12,0xFF,0xB0,0x64,0x12,0xFF,0xB0,0x64,0x12,0xFF,0xB0,0x64,0x12,0xFF,
    0xB0,0x64,0x12,0xFF,0xB0,0x64,0x12,0xFF,0xB0,0x64,0x12,0xFF,0xB0,0x64,0x12,0xFF,0xB0,0x64,0x12,0xFF,0xB0,0x64,0x12,0xFF,0xB0,0x64,0x12,0xFF,0xB0,0x64,0x12,0xFF,0xB0,0x64,0x12,0xFF,0xB0,0x64,0x12,0xFF,0xB0,0x64,0x12,0xFF,0xB0,0x64,0x12,0xFF,0xB0,0x64,0x12,0xFF,0xB0,0x64,0x12,0xFF,0xB0,0x64,0x12,0xFF,0xB0,0x64,0x12,0xFF,
    0xB0,0x64,0x12,0xFF,0xB0,0x64,0x12,0xFF,0xB0,0x64,0x12,0xFF,0xB0,0x64,0x12,0xFF,0xB0,0x64,0x12,0xFF,0xB0,0x64,0x12,0xFF,0xB0,0x64,0x12,0xFF,0xB0,0x64,0x12,0xFF,0xB0,0x64,0x12,0xFF,0xB0,0x64,0x12,0xFF,0xB0,0x64,0x12,0xFF,0xB0,0x64,0x12,0xFF,0xB0,0x64,0x12,0xFF,0xB0,0x64,0x12,0xFF,0xB0,0x64,0x12,0xFF,0xB0,0x64,0x12,0xFF,
    0xB0,0x64,0x12,0xFF,0xB0,0x64,0x12,0xFF,0xB0,0x64,0x12,0xFF,0xB0,0x64,0x12,0xFF,0xB0,0x64,0x12,0xFF,0xB0,0x64,0x12,0xFF,0xB0,0x64,0x12,0xFF,0xB0,0x64,0x12,0xFF,0xB0,0x64,0x12,0xFF,0xB0,0x64,0x12,0xFF,0xB0,0x64,0x12,0xFF,0xB0,0x64,0x12,0xFF,0xB0,0x64,0x12,0xFF,0xB0,0x64,0x12,0xFF,0xB0,0x64,0x12,0xFF,0xB0,0x64,0x12,0xFF,
    0xB0,0x64,0x12,0xFF,0xB0,0x64,0x12,0xFF,0xB0,0x64,0x12,0xFF,0xB0,0x64,0x12,0xFF,0xB0,0x64,0x12,0xFF,0xB0,0x64,0x12,0xFF,0xB0,0x64,0x12,0xFF,0xB0,0x64,0x12,0xFF,0xB0,0x64,0x12,0xFF,0xB0,0x64,0x12,0xFF,0xB0,0x64,0x12,0xFF,0xB0,0x64,0x12,0xFF,0xB0,0x64,0x12,0xFF,0xB0,0x64,0x12,0xFF,0xB0,0x64,0x12,0xFF,0xB0,0x64,0x12,0xFF,
    0xB0,0x64,0x12,0xFF,0xB0,0x64,0x12,0xFF,0xB0,0x64,0x12,0xFF,0xB0,0x64,0x12,0xFF,0xB0,0x64,0x12,0xFF,0xB0,0x64,0x12,0xFF,0xB0,0x64,0x12,0xFF,0xB0,0x64,0x12,0xFF,0xB0,0x64,0x12,0xFF,0xB0,0x64,0x12,0xFF,0xB0,0x64,0x12,0xFF,0xB0,0x64,0x12,0xFF,0xB0,0x64,0x12,0xFF,0xB0,0x64,0x12,0xFF,0xB0,0x64,0x12,0xFF,0xB0,0x64,0x12,0xFF,
    0xB0,0x64,0x12,0xFF,0xB0,0x64,0x12,0xFF,0xB0,0x64,0x12,0xFF,0xB0,0x64,0x12,0xFF,0xB0,0x64,0x12,0xFF,0xB0,0x64,0x12,0xFF,0xB0,0x64,0x12,0xFF,0xB0,0x64,0x12,0xFF,0xB0,0x64,0x12,0xFF,0xB0,0x64,0x12,0xFF,0xB0,0x64,0x12,0xFF,0xB0,0x64,0x12,0xFF,0xB0,0x64,0x12,0xFF,0xB0,0x64,0x12,0xFF,0xB0,0x64,0x12,0xFF,0xB0,0x64,0x12,0xFF,
    0xB0,0x64,0x12,0xFF,0xB0,0x64,0x12,0xFF,0xB0,0x64,0x12,0xFF,0xB0,0x64,0x12,0xFF,0xB0,0x64,0x12,0xFF,0xB0,0x64,0x12,0xFF,0xB0,0x64,0x12,0xFF,0xB0,0x64,0x12,0xFF,0xB0,0x64,0x12,0xFF,0xB0,0x64,0x12,0xFF,0xB0,0x64,0x12,0xFF,0xB0,0x64,0x12,0xFF,0xB0,0x64,0x12,0xFF,0xB0,0x64,0x12,0xFF,0xB0,0x64,0x12,0xFF,0xB0,0x64,0x12,0xFF,
    0xB0,0x64,0x12,0xFF,0xB0,0x64,0x12,0xFF,0xB0,0x64,0x12,0xFF,0xB0,0x64,0x12,0xFF,0xB0,0x64,0x12,0xFF,0xB0,0x64,0x12,0xFF,0xB0,0x64,0x12,0xFF,0xB0,0x64,0x12,0xFF,0xB0,0x64,0x12,0xFF,0xB0,0x64,0x12,0xFF,0xB0,0x64,0x12,0xFF,0xB0,0x64,0x12,0xFF,0xB0,0x64,0x12,0xFF,0xB0,0x64,0x12,0xFF,0xB0,0x64,0x12,0xFF,0xB0,0x64,0x12,0xFF,
    0xB0,0x64,0x12,0xFF,0xB0,0x64,0x12,0xFF,0xB0,0x64,0x12,0xFF,0xB0,0x64,0x12,0xFF,0xB0,0x64,0x12,0xFF,0xB0,0x64,0x12,0xFF,0xB0,0x64,0x12,0xFF,0xB0,0x64,0x12,0xFF,0xB0,0x64,0x12,0xFF,0xB0,0x64,0x12,0xFF,0xB0,0x64,0x12,0xFF,0xB0,0x64,0x12,0xFF,0xB0,0x64,0x12,0xFF,0xB0,0x64,0x12,0xFF,0xB0,0x64,0x12,0xFF,0xB0,0x64,0x12,0xFF,
    0xB0,0x64,0x12,0xFF,0xB0,0x64,0x12,0xFF,0xB0,0x64,0x12,0xFF,0xB0,0x64,0x12,0xFF,0xB0,0x64,0x12,0xFF,0xB0,0x64,0x12,0xFF,0xB0,0x64,0x12,0xFF,0xB0,0x64,0x12,0xFF,0xB0,0x64,0x12,0xFF,0xB0,0x64,0x12,0xFF,0xB0,0x64,0x12,0xFF,0xB0,0x64,0x12,0xFF,0xB0,0x64,0x12,0xFF,0xB0,0x64,0x12,0xFF,0xB0,0x64,0x12,0xFF,0xB0,0x64,0x12,0xFF,
    0xB0,0x64,0x12,0xFF,0xB0,0x64,0x12,0xFF,0xB0,0x64,0x12,0xFF,0xB0,0x64,0x12,0xFF,0xB0,0x64,0x12,0xFF,0xB0,0x64,0x12,0xFF,0xB0,0x64,0x12,0xFF,0xB0,0x64,0x12,0xFF,0xB0,0x64,0x12,0xFF,0xB0,0x64,0x12,0xFF,0xB0,0x64,0x12,0xFF,0xB0,0x64,0x12,0xFF,0xB0,0x64,0x12,0xFF,0xB0,0x64,0x12,0xFF,0xB0,0x64,0x12,0xFF,0xB0,0x64,0x12,0xFF,
    0xB0,0x64,0x12,0xFF,0xB0,0x64,0x12,0xFF,0xB0,0x64,0x12,0xFF,0xB0,0x64,0x12,0xFF,0xB0,0x64,0x12,0xFF,0xB0,0x64,0x12,0xFF,0xB0,0x64,0x12,0xFF,0xB0,0x64,0x12,0xFF,0xB0,0x64,0x12,0xFF,0xB0,0x64,0x12,0xFF,0xB0,0x64,0x12,0xFF,0xB0,0x64,0x12,0xFF,0xB0,0x64,0x12,0xFF,0xB0,0x64,0x12,0xFF,0xB0,0x64,0x12,0xFF,0xB0,0x64,0x12,0xFF,
    0xB0,0x64,0x12,0xFF,0xB0,0x64,0x12,0xFF,0xB0,0x64,0x12,0xFF,0xB0,0x64,0x12,0xFF,0xB0,0x64,0x12,0xFF,0xB0,0x64,0x12,0xFF,0xB0,0x64,0x12,0xFF,0xB0,0x64,0x12,0xFF,0xB0,0x64,0x12,0xFF,0xB0,0x64,0x12,0xFF,0xB0,0x64,0x12,0xFF,0xB0,0x64,0x12,0xFF,0xB0,0x64,0x12,0xFF,0xB0,0x64,0x12,0xFF,0xB0,0x64,0x12,0xFF,0xB0,0x64,0x12,0xFF,
    0xB0,0x64,0x12,0xFF,0xB0,0x64,0x12,0xFF,0xB0,0x64,0x12,0xFF,0xB0,0x64,0x12,0xFF,0xB0,0x64,0x12,0xFF,0xB0,0x64,0x12,0xFF,0xB0,0x64,0x12,0xFF,0xB0,0x64,0x12,0xFF,0xB0,0x64,0x12,0xFF,0xB0,0x64,0x12,0xFF,0xB0,0x64,0x12,0xFF,0xB0,0x64,0x12,0xFF,0xB0,0x64,0x12,0xFF,0xB0,0x64,0x12,0xFF,0xB0,0x64,0x12,0xFF,0xB0,0x64,0x12,0xFF,
    0xB0,0x64,0x12,0xFF,0xB0,0x64,0x12,0xFF,0xB0,0x64,0x12,0xFF,0xB0,0x64,0x12,0xFF,0xB0,0x64,0x12,0xFF,0xB0,0x64,0x12,0xFF,0xB0,0x64,0x12,0xFF,0xB0,0x64,0x12,0xFF,0xB0,0x64,0x12,0xFF,0xB0,0x64,0x12,0xFF,0xB0,0x64,0x12,0xFF,0xB0,0x64,0x12,0xFF,0xB0,0x64,0x12,0xFF,0xB0,0x64,0x12,0xFF,0xB0,0x64,0x12,0xFF,0xB0,0x64,0x12,0xFF,
    0xB0,0x64,0x12,0xFF,0xB0,0x64,0x12,0xFF,0xB0,0x64,0x12,0xFF,0xB0,0x64,0x12,0xFF,0xB0,0x64,0x12,0xFF,0xB0,0x64,0x12,0xFF,0xB0,0x64,0x12,0xFF,0xB0,0x64,0x12,0xFF,0xB0,0x64,0x12,0xFF,0xB0,0x64,0x12,0xFF,0xB0,0x64,0x12,0xFF,0xB0,0x64,0x12,0xFF,0xB0,0x64,0x12,0xFF,0xB0,0x64,0x12,0xFF,0xB0,0x64,0x12,0xFF,0xB0,0x64,0x12,0xFF,
    0xB0,0x64,0x12,0xFF,0xB0,0x64,0x12,0xFF,0xB0,0x64,0x12,0xFF,0xB0,0x64,0x12,0xFF,0xB0,0x64,0x12,0xFF,0xB0,0x64,0x12,0xFF,0xB0,0x64,0x12,0xFF,0xB0,0x64,0x12,0xFF,0xB0,0x64,0x12,0xFF,0xB0,0x64,0x12,0xFF,0xB0,0x64,0x12,0xFF,0xB0,0x64,0x12,0xFF,0xB0,0x64,0x12,0xFF,0xB0,0x64,0x12,0xFF,0xB0,0x64,0x12,0xFF,0xB0,0x64,0x12,0xFF,
    0xB0,0x64,0x12,0xFF,0xB0,0x64,0x12,0xFF,0xB0,0x64,0x12,0xFF,0xB0,0x64,0x12,0xFF,0xB0,0x64,0x12,0xFF,0xB0,0x64,0x12,0xFF,0xB0,0x64,0x12,0xFF,0xB0,0x64,0x12,0xFF,0xB0,0x64,0x12,0xFF,0xB0,0x64,0x12,0xFF,0xB0,0x64,0x12,0xFF,0xB0,0x64,0x12,0xFF,0xB0,0x64,0x12,0xFF,0xB0,0x64,0x12,0xFF,0xB0,0x64,0x12,0xFF,0xB0,0x64,0x12,0xFF,
    0xB0,0x64,0x12,0xFF,0xB0,0x64,0x12,0xFF,0xB0,0x64,0x12,0xFF,0xB0,0x64,0x12,0xFF,0xB0,0x64,0x12,0xFF,0xB0,0x64,0x12,0xFF,0xB0,0x64,0x12,0xFF,0xB0,0x64,0x12,0xFF,0xB0,0x64,0x12,0xFF,0xB0,0x64,0x12,0xFF,0xB0,0x64,0x12,0xFF,0xB0,0x64,0x12,0xFF,0xB0,0x64,0x12,0xFF,0xB0,0x64,0x12,0xFF,0xB0,0x64,0x12,0xFF,0xB0,0x64,0x12,0xFF,
    0xB0,0x64,0x12,0xFF,0xB0,0x64,0x12,0xFF,0xB0,0x64,0x12,0xFF,0xB0,0x64,0x12,0xFF,0xB0,0x64,0x12,0xFF,0xB0,0x64,0x12,0xFF,0xB0,0x64,0x12,0xFF,0xB0,0x64,0x12,0xFF,0xB0,0x64,0x12,0xFF,0xB0,0x64,0x12,0xFF,0xB0,0x64,0x12,0xFF,0xB0,0x64,0x12,0xFF,0xB0,0x64,0x12,0xFF,0xB0,0x64,0x12,0xFF,0xB0,0x64,0x12,0xFF,0xB0,0x64,0x12,0xFF,
    0xB0,0x64,0x12,0xFF,0xB0,0x64,0x12,0xFF,0xB0,0x64,0x12,0xFF,0xB0,0x64,0x12,0xFF,0xB0,0x64,0x12,0xFF,0xB0,0x64,0x12,0xFF,0xB0,0x64,0x12,0xFF,0xB0,0x64,0x12,0xFF,0xB0,0x64,0x12,0xFF,0xB0,0x64,0x12,0xFF,0xB0,0x64,0x12,0xFF,0xB0,0x64,0x12,0xFF,0xB0,0x64,0x12,0xFF,0xB0,0x64,0x12,0xFF,0xB0,0x64,0x12,0xFF,0xB0,0x64,0x12,0xFF,
    0xB0,0x64,0x12,0xFF,0xB0,0x64,0x12,0xFF,0xB0,0x64,0x12,0xFF,0xB0,0x64,0x12,0xFF,0xB0,0x64,0x12,0xFF,0xB0,0x64,0x12,0xFF,0xB0,0x64,0x12,0xFF,0xB0,0x64,0x12,0xFF,0xB0,0x64,0x12,0xFF,0xB0,0x64,0x12,0xFF,0xB0,0x64,0x12,0xFF,0xB0,0x64,0x12,0xFF,0xB0,0x64,0x12,0xFF,0xB0,0x64,0x12,0xFF,0xB0,0x64,0x12,0xFF,0xB0,0x64,0x12,0xFF,
    0xB0,0x64,0x12,0xFF,0xB0,0x64,0x12,0xFF,0xB0,0x64,0x12,0xFF,0xB0,0x64,0x12,0xFF,0xB0,0x64,0x12,0xFF,0xB0,0x64,0x12,0xFF,0xB0,0x64,0x12,0xFF,0xB0,0x64,0x12,0xFF,0xB0,0x64,0x12,0xFF,0xB0,0x64,0x12,0xFF,0xB0,0x64,0x12,0xFF,0xB0,0x64,0x12,0xFF,0xB0,0x64,0x11,0x92,0xB3,0x66,0x1A,0x0A,0x00,0x00,0x00,0x00,0x00,0x00,0x00,0x00,
    0x00,0x00,0x00,0x00,0x00,0x00,0x00,0x00,0x00,0x00,0x00,0x00,0xFF,0xFF,0x00,0x01,0xB1,0x65,0x14,0x5B,0xB0,0x64,0x11,0xDE,0xB0,0x64,0x12,0xFF,0xB0,0x64,0x12,0xFF,0xB0,0x64,0x12,0xFF,0xB0,0x64,0x12,0xFF,0xB0,0x64,0x12,0xFF,0xB0,0x64,0x12,0xFF,0xB0,0x64,0x12,0xFF,0xB0,0x64,0x12,0xFF,0xB0,0x64,0x12,0xFF,0xB0,0x64,0x12,0xFF,
    0xB0,0x64,0x12,0xFF,0xB0,0x64,0x12,0xFF,0xB0,0x64,0x12,0xFF,0xB0,0x64,0x12,0xFF,0xB0,0x64,0x12,0xFF,0xB0,0x64,0x12,0xFF,0xB0,0x64,0x12,0xFF,0xB0,0x64,0x12,0xFF,0xB0,0x64,0x12,0xFF,0xB0,0x64,0x12,0xFF,0xB0,0x64,0x12,0xFF,0xB0,0x64,0x12,0xFF,0xB0,0x64,0x12,0xFF,0xB0,0x64,0x12,0xFF,0xB0,0x64,0x12,0xFF,0xB0,0x64,0x12,0xFF,
    0xB0,0x64,0x12,0xFF,0xB0,0x64,0x12,0xFF,0xB0,0x64,0x12,0xFF,0xB0,0x64,0x12,0xFF,0xB0,0x64,0x12,0xFF,0xB0,0x64,0x12,0xFF,0xB0,0x64,0x12,0xFF,0xB0,0x64,0x12,0xFF,0xB0,0x64,0x12,0xFF,0xB0,0x64,0x12,0xFF,0xB0,0x64,0x12,0xFF,0xB0,0x64,0x12,0xFF,0xB0,0x64,0x12,0xFF,0xB0,0x64,0x12,0xFF,0xB0,0x64,0x12,0xFF,0xB0,0x64,0x12,0xFF,
    0xB0,0x64,0x12,0xFF,0xB0,0x64,0x12,0xFF,0xB0,0x64,0x12,0xFF,0xB0,0x64,0x12,0xFF,0xB0,0x64,0x12,0xFF,0xB0,0x64,0x12,0xFF,0xB0,0x64,0x12,0xFF,0xB0,0x64,0x12,0xFF,0xB0,0x64,0x12,0xFF,0xB0,0x64,0x12,0xFF,0xB0,0x64,0x12,0xFF,0xB0,0x64,0x12,0xFF,0xB0,0x64,0x12,0xFF,0xB0,0x64,0x12,0xFF,0xB0,0x64,0x12,0xFF,0xB0,0x64,0x12,0xFF,
    0xB0,0x64,0x12,0xFF,0xB0,0x64,0x12,0xFF,0xB0,0x64,0x12,0xFF,0xB0,0x64,0x12,0xFF,0xB0,0x64,0x12,0xFF,0xB0,0x64,0x12,0xFF,0xB0,0x64,0x12,0xFF,0xB0,0x64,0x12,0xFF,0xB0,0x64,0x12,0xFF,0xB0,0x64,0x12,0xFF,0xB0,0x64,0x12,0xFF,0xB0,0x64,0x12,0xFF,0xB0,0x64,0x12,0xFF,0xB0,0x64,0x12,0xFF,0xB0,0x64,0x12,0xFF,0xB0,0x64,0x12,0xFF,
    0xB0,0x64,0x12,0xFF,0xB0,0x64,0x12,0xFF,0xB0,0x64,0x12,0xFF,0xB0,0x64,0x12,0xFF,0xB0,0x64,0x12,0xFF,0xB0,0x64,0x12,0xFF,0xB0,0x64,0x12,0xFF,0xB0,0x64,0x12,0xFF,0xB0,0x64,0x12,0xFF,0xB0,0x64,0x12,0xFF,0xB0,0x64,0x12,0xFF,0xB0,0x64,0x12,0xFF,0xB0,0x64,0x12,0xFF,0xB0,0x64,0x12,0xFF,0xB0,0x64,0x12,0xFF,0xB0,0x64,0x12,0xFF,
    0xB0,0x64,0x12,0xFF,0xB0,0x64,0x12,0xFF,0xB0,0x64,0x12,0xFF,0xB0,0x64,0x12,0xFF,0xB0,0x64,0x12,0xFF,0xB0,0x64,0x12,0xFF,0xB0,0x64,0x12,0xFF,0xB0,0x64,0x12,0xFF,0xB0,0x64,0x12,0xFF,0xB0,0x64,0x12,0xFF,0xB0,0x64,0x12,0xFF,0xB0,0x64,0x12,0xFF,0xB0,0x64,0x12,0xFF,0xB0,0x64,0x12,0xFF,0xB0,0x64,0x12,0xFF,0xB0,0x64,0x12,0xFF,
    0xB0,0x64,0x12,0xFF,0xB0,0x64,0x12,0xFF,0xB0,0x64,0x12,0xFF,0xB0,0x64,0x12,0xFF,0xB0,0x64,0x12,0xFF,0xB0,0x64,0x12,0xFF,0xB0,0x64,0x12,0xFF,0xB0,0x64,0x12,0xFF,0xB0,0x64,0x12,0xFF,0xB0,0x64,0x12,0xFF,0xB0,0x64,0x12,0xFF,0xB0,0x64,0x12,0xFF,0xB0,0x64,0x12,0xFF,0xB0,0x64,0x12,0xFF,0xB0,0x64,0x12,0xFF,0xB0,0x64,0x12,0xFF,
    0xB0,0x64,0x12,0xFF,0xB0,0x64,0x12,0xFF,0xB0,0x64,0x12,0xFF,0xB0,0x64,0x12,0xFF,0xB0,0x64,0x12,0xFF,0xB0,0x64,0x12,0xFF,0xB0,0x64,0x12,0xFF,0xB0,0x64,0x12,0xFF,0xB0,0x64,0x12,0xFF,0xB0,0x64,0x12,0xFF,0xB0,0x64,0x12,0xFF,0xB0,0x64,0x12,0xFF,0xB0,0x64,0x12,0xFF,0xB0,0x64,0x12,0xFF,0xB0,0x64,0x12,0xFF,0xB0,0x64,0x12,0xFF,
    0xB0,0x64,0x12,0xFF,0xB0,0x64,0x12,0xFF,0xB0,0x64,0x12,0xFF,0xB0,0x64,0x12,0xFF,0xB0,0x64,0x12,0xFF,0xB0,0x64,0x12,0xFF,0xB0,0x64,0x12,0xFF,0xB0,0x64,0x12,0xFF,0xB0,0x64,0x12,0xFF,0xB0,0x64,0x12,0xFF,0xB0,0x64,0x12,0xFF,0xB0,0x64,0x12,0xFF,0xB0,0x64,0x12,0xFF,0xB0,0x64,0x12,0xFF,0xB0,0x64,0x12,0xFF,0xB0,0x64,0x12,0xFF,
    0xB0,0x64,0x12,0xFF,0xB0,0x64,0x12,0xFF,0xB0,0x64,0x12,0xFF,0xB0,0x64,0x12,0xFF,0xB0,0x64,0x12,0xFF,0xB0,0x64,0x12,0xFF,0xB0,0x64,0x12,0xFF,0xB0,0x64,0x12,0xFF,0xB0,0x64,0x12,0xFF,0xB0,0x64,0x12,0xFF,0xB0,0x64,0x12,0xFF,0xB0,0x64,0x12,0xFF,0xB0,0x64,0x12,0xFF,0xB0,0x64,0x12,0xFF,0xB0,0x64,0x12,0xFF,0xB0,0x64,0x12,0xFF,
    0xB0,0x64,0x12,0xFF,0xB0,0x64,0x12,0xFF,0xB0,0x64,0x12,0xFF,0xB0,0x64,0x12,0xFF,0xB0,0x64,0x12,0xFF,0xB0,0x64,0x12,0xFF,0xB0,0x64,0x12,0xFF,0xB0,0x64,0x12,0xFF,0xB0,0x64,0x12,0xFF,0xB0,0x64,0x12,0xFF,0xB0,0x64,0x12,0xFF,0xB0,0x64,0x12,0xFF,0xB0,0x64,0x12,0xFF,0xB0,0x64,0x12,0xFF,0xB0,0x64,0x12,0xFF,0xB0,0x64,0x12,0xFF,
    0xB0,0x64,0x12,0xFF,0xB0,0x64,0x12,0xFF,0xB0,0x64,0x12,0xFF,0xB0,0x64,0x12,0xFF,0xB0,0x64,0x12,0xFF,0xB0,0x64,0x12,0xFF,0xB0,0x64,0x12,0xFF,0xB0,0x64,0x12,0xFF,0xB0,0x64,0x12,0xFF,0xB0,0x64,0x12,0xFF,0xB0,0x64,0x12,0xFF,0xB0,0x64,0x12,0xFF,0xB0,0x64,0x12,0xFF,0xB0,0x64,0x12,0xFF,0xB0,0x64,0x12,0xFF,0xB0,0x64,0x12,0xFF,
    0xB0,0x64,0x12,0xFF,0xB0,0x64,0x12,0xFF,0xB0,0x64,0x12,0xFF,0xB0,0x64,0x12,0xFF,0xB0,0x64,0x12,0xFF,0xB0,0x64,0x12,0xFF,0xB0,0x64,0x12,0xFF,0xB0,0x64,0x12,0xFF,0xB0,0x64,0x12,0xFF,0xB0,0x64,0x12,0xFF,0xB0,0x64,0x12,0xFF,0xB0,0x64,0x12,0xFF,0xB0,0x64,0x12,0xFF,0xB0,0x64,0x12,0xFF,0xB0,0x64,0x12,0xFF,0xB0,0x64,0x12,0xFF,
    0xB0,0x64,0x12,0xFF,0xB0,0x64,0x12,0xFF,0xB0,0x64,0x12,0xFF,0xB0,0x64,0x12,0xFF,0xB0,0x64,0x12,0xFF,0xB0,0x64,0x12,0xFF,0xB0,0x64,0x12,0xFF,0xB0,0x64,0x12,0xFF,0xB0,0x64,0x12,0xFF,0xB0,0x64,0x12,0xFF,0xB0,0x64,0x12,0xFF,0xB0,0x64,0x12,0xFF,0xB0,0x64,0x12,0xFF,0xB0,0x64,0x12,0xFF,0xB0,0x64,0x12,0xFF,0xB0,0x64,0x12,0xFF,
    0xB0,0x64,0x12,0xFF,0xB0,0x64,0x12,0xFF,0xB0,0x64,0x12,0xFF,0xB0,0x64,0x12,0xFF,0xB0,0x64,0x12,0xFF,0xB0,0x64,0x12,0xFF,0xB0,0x64,0x12,0xFF,0xB0,0x64,0x12,0xFF,0xB0,0x64,0x12,0xFF,0xB0,0x64,0x12,0xFF,0xB0,0x64,0x12,0xFF,0xB0,0x64,0x12,0xFF,0xB0,0x64,0x12,0xFF,0xB0,0x64,0x12,0xFF,0xB0,0x64,0x12,0xFF,0xB0,0x64,0x12,0xFF,
    0xB0,0x64,0x12,0xFF,0xB0,0x64,0x12,0xFF,0xB0,0x64,0x12,0xFF,0xB0,0x64,0x12,0xFF,0xB0,0x64,0x12,0xFF,0xB0,0x64,0x12,0xFF,0xB0,0x64,0x12,0xFF,0xB0,0x64,0x12,0xFF,0xB0,0x64,0x12,0xFF,0xB0,0x64,0x12,0xFF,0xB0,0x64,0x12,0xFF,0xB0,0x64,0x12,0xFF,0xB0,0x64,0x12,0xFF,0xB0,0x64,0x12,0xFF,0xB0,0x64,0x12,0xFF,0xB0,0x64,0x12,0xFF,
    0xB0,0x64,0x12,0xFF,0xB0,0x64,0x12,0xFF,0xB0,0x64,0x12,0xFF,0xB0,0x64,0x12,0xFF,0xB0,0x64,0x12,0xFF,0xB0,0x64,0x12,0xFF,0xB0,0x64,0x12,0xFF,0xB0,0x64,0x12,0xFF,0xB0,0x64,0x12,0xFF,0xB0,0x64,0x12,0xFF,0xB0,0x64,0x12,0xFF,0xB0,0x64,0x12,0xFF,0xB0,0x64,0x12,0xFF,0xB0,0x64,0x12,0xFF,0xB0,0x64,0x12,0xFF,0xB0,0x64,0x12,0xFF,
    0xB0,0x64,0x12,0xFF,0xB0,0x64,0x12,0xFF,0xB0,0x64,0x12,0xFF,0xB0,0x64,0x12,0xFF,0xB0,0x64,0x12,0xFF,0xB0,0x64,0x12,0xFF,0xB0,0x64,0x12,0xFF,0xB0,0x64,0x12,0xFF,0xB0,0x64,0x12,0xFF,0xB0,0x64,0x12,0xFF,0xB0,0x64,0x12,0xFF,0xB0,0x64,0x12,0xFF,0xB0,0x64,0x12,0xFF,0xB0,0x64,0x12,0xFF,0xB0,0x64,0x12,0xFF,0xB0,0x64,0x12,0xFF,
    0xB0,0x64,0x12,0xFF,0xB0,0x64,0x12,0xFF,0xB0,0x64,0x12,0xFF,0xB0,0x64,0x12,0xFF,0xB0,0x64,0x12,0xFF,0xB0,0x64,0x12,0xFF,0xB0,0x64,0x12,0xFF,0xB0,0x64,0x12,0xFF,0xB0,0x64,0x12,0xFF,0xB0,0x64,0x12,0xFF,0xB0,0x64,0x12,0xFF,0xB0,0x64,0x12,0xFF,0xB0,0x64,0x12,0xFF,0xB0,0x64,0x12,0xFF,0xB0,0x64,0x12,0xFF,0xB0,0x64,0x12,0xFF,
    0xB0,0x64,0x12,0xFF,0xB0,0x64,0x12,0xFF,0xB0,0x64,0x12,0xFF,0xB0,0x64,0x12,0xFF,0xB0,0x64,0x12,0xFF,0xB0,0x64,0x12,0xFF,0xB0,0x64,0x12,0xFF,0xB0,0x64,0x12,0xFF,0xB0,0x64,0x12,0xFF,0xB0,0x64,0x12,0xFF,0xB0,0x64,0x12,0xFF,0xB0,0x64,0x12,0xFF,0xB0,0x64,0x12,0xFF,0xB0,0x64,0x12,0xFF,0xB0,0x64,0x12,0xFF,0xB0,0x64,0x12,0xFF,
    0xB0,0x64,0x12,0xFF,0xB0,0x64,0x12,0xFF,0xB0,0x64,0x12,0xFF,0xB0,0x64,0x12,0xFF,0xB0,0x64,0x12,0xFF,0xB0,0x64,0x12,0xFF,0xB0,0x64,0x12,0xFF,0xB0,0x64,0x12,0xFF,0xB0,0x64,0x12,0xFF,0xB0,0x64,0x12,0xFF,0xB0,0x64,0x12,0xFF,0xB0,0x64,0x12,0xFF,0xB0,0x64,0x12,0xFF,0xB0,0x64,0x12,0xFF,0xB0,0x64,0x12,0xFF,0xB0,0x64,0x12,0xFF,
    0xB0,0x64,0x12,0xFF,0xB0,0x64,0x12,0xFF,0xB0,0x64,0x12,0xFF,0xB0,0x64,0x12,0xFF,0xB0,0x64,0x12,0xFF,0xB0,0x64,0x12,0xFF,0xB0,0x64,0x12,0xFF,0xB0,0x64,0x12,0xFF,0xB0,0x64,0x12,0xFF,0xB0,0x64,0x12,0xFF,0xB0,0x64,0x12,0xFF,0xB0,0x64,0x12,0xFF,0xB0,0x64,0x12,0xFF,0xB0,0x64,0x12,0xFF,0xB0,0x64,0x12,0xFF,0xB0,0x64,0x12,0xFF,
    0xB0,0x64,0x12,0xFF,0xB0,0x64,0x12,0xFF,0xB0,0x64,0x12,0xFF,0xB0,0x64,0x12,0xFF,0xB0,0x64,0x12,0xFF,0xB0,0x64,0x12,0xFF,0xB0,0x64,0x12,0xFF,0xB0,0x64,0x12,0xFF,0xB0,0x64,0x12,0xFF,0xB0,0x64,0x12,0xFF,0xB0,0x64,0x12,0xFF,0xB0,0x64,0x12,0xFF,0xB0,0x64,0x12,0xFF,0xB0,0x64,0x12,0xFF,0xB0,0x64,0x12,0xFF,0xB0,0x64,0x12,0xFF,
    0xB0,0x64,0x12,0xFF,0xB0,0x64,0x12,0xFF,0xB0,0x64,0x12,0xFF,0xB0,0x64,0x12,0xFF,0xB0,0x64,0x12,0xFF,0xB0,0x64,0x12,0xFF,0xB0,0x64,0x12,0xFF,0xB0,0x64,0x12,0xFF,0xB0,0x64,0x12,0xFF,0xB0,0x64,0x12,0xFF,0xB0,0x64,0x12,0xFF,0xB0,0x64,0x12,0xFF,0xB0,0x64,0x12,0xFF,0xB0,0x64,0x12,0xFF,0xB0,0x64,0x12,0xFF,0xB0,0x64,0x12,0xFF,
    0xB0,0x64,0x12,0xFF,0xB0,0x64,0x12,0xFF,0xB0,0x64,0x12,0xFF,0xB0,0x64,0x12,0xFF,0xB0,0x64,0x12,0xFF,0xB0,0x64,0x12,0xFF,0xB0,0x64,0x12,0xFF,0xB0,0x64,0x12,0xFF,0xB0,0x64,0x12,0xFF,0xB0,0x64,0x12,0xFF,0xB0,0x64,0x12,0xFF,0xB0,0x64,0x12,0xFF,0xB0,0x64,0x12,0xFF,0xB0,0x64,0x12,0xFF,0xB0,0x64,0x12,0xFF,0xB0,0x64,0x12,0xFF,
    0xB0,0x64,0x12,0xFF,0xB0,0x64,0x12,0xFF,0xB0,0x64,0x12,0xFF,0xB0,0x64,0x12,0xFF,0xB0,0x64,0x12,0xFF,0xB0,0x64,0x12,0xFF,0xB0,0x64,0x12,0xFF,0xB0,0x64,0x12,0xFF,0xB0,0x64,0x12,0xFF,0xB0,0x64,0x12,0xFF,0xB0,0x64,0x12,0xFF,0xB0,0x64,0x12,0xFF,0xB0,0x64,0x12,0xFF,0xB0,0x64,0x12,0xFF,0xB0,0x64,0x12,0xFF,0xB0,0x64,0x12,0xFF,
    0xB0,0x64,0x12,0xFF,0xB0,0x64,0x12,0xFF,0xB0,0x64,0x12,0xFF,0xB0,0x64,0x12,0xFF,0xB0,0x64,0x12,0xFF,0xB0,0x64,0x12,0xFF,0xB0,0x64,0x12,0xFF,0xB0,0x64,0x12,0xFF,0xB0,0x64,0x12,0xFF,0xB0,0x64,0x12,0xFF,0xB0,0x64,0x12,0xFF,0xB0,0x64,0x12,0xFF,0xB0,0x64,0x12,0xFF,0xB0,0x64,0x12,0xFF,0xB0,0x64,0x12,0xFF,0xB0,0x64,0x12,0xFF,
    0xB0,0x64,0x12,0xFF,0xB0,0x64,0x12,0xFF,0xB0,0x64,0x12,0xFF,0xB0,0x64,0x12,0xFF,0xB0,0x64,0x12,0xFF,0xB0,0x64,0x12,0xFF,0xB0,0x64,0x12,0xFF,0xB0,0x64,0x12,0xFF,0xB0,0x64,0x12,0xFF,0xB0,0x64,0x12,0xFF,0xB0,0x64,0x12,0xFF,0xB0,0x64,0x12,0xFF,0xB0,0x64,0x12,0xFF,0xB0,0x64,0x12,0xFF,0xB0,0x64,0x12,0xFF,0xB0,0x64,0x12,0xFF,
    0xB0,0x64,0x12,0xFF,0xB0,0x64,0x12,0xFF,0xB0,0x64,0x12,0xFF,0xB0,0x64,0x12,0xFF,0xB0,0x64,0x12,0xFF,0xB0,0x64,0x12,0xFF,0xB0,0x64,0x12,0xFF,0xB0,0x64,0x12,0xFF,0xB0,0x64,0x12,0xFF,0xB0,0x64,0x12,0xFF,0xB0,0x64,0x12,0xFF,0xB0,0x64,0x12,0xFF,0xB0,0x64,0x12,0xFF,0xB0,0x64,0x12,0xFF,0xB0,0x64,0x12,0xFF,0xB0,0x64,0x12,0xFF,
    0xB0,0x64,0x12,0xFF,0xB0,0x64,0x12,0xFF,0xB0,0x64,0x12,0xFF,0xB0,0x64,0x12,0xFF,0xB0,0x64,0x12,0xFF,0xB0,0x64,0x12,0xFF,0xB0,0x64,0x12,0xFF,0xB0,0x64,0x12,0xFF,0xB0,0x64,0x12,0xFF,0xB0,0x64,0x12,0xFF,0xB0,0x64,0x12,0xFF,0xB0,0x64,0x12,0xFF,0xB0,0x64,0x12,0xFF,0xB0,0x64,0x12,0xFF,0xB0,0x64,0x12,0xFF,0xB0,0x64,0x12,0xFF,
    0xB0,0x64,0x12,0xFF,0xB0,0x64,0x12,0xFF,0xB0,0x64,0x12,0xFF,0xB0,0x64,0x12,0xFF,0xB0,0x64,0x12,0xFF,0xB0,0x64,0x12,0xFF,0xB0,0x64,0x12,0xFF,0xB0,0x64,0x12,0xFF,0xB0,0x64,0x12,0xFF,0xB0,0x64,0x12,0xFF,0xB0,0x64,0x12,0xFF,0xB0,0x64,0x12,0xFF,0xB0,0x64,0x12,0xFF,0xB0,0x64,0x12,0xFF,0xB0,0x64,0x12,0xFF,0xB0,0x64,0x12,0xFF,
    0xB0,0x64,0x12,0xFF,0xB0,0x64,0x12,0xFF,0xB0,0x64,0x12,0xFF,0xB0,0x64,0x12,0xFF,0xB0,0x64,0x12,0xFF,0xB0,0x64,0x12,0xFF,0xB0,0x64,0x12,0xFF,0xB0,0x64,0x12,0xFF,0xB0,0x64,0x12,0xFF,0xB0,0x64,0x12,0xFF,0xB0,0x64,0x12,0xFF,0xB0,0x64,0x12,0xFF,0xB0,0x64,0x12,0xFF,0xB0,0x64,0x12,0xFF,0xB0,0x64,0x12,0xFF,0xB0,0x64,0x12,0xFF,
    0xB0,0x64,0x12,0xFF,0xB0,0x64,0x12,0xFF,0xB0,0x64,0x12,0xFF,0xB0,0x64,0x12,0xFF,0xB0,0x64,0x12,0xFF,0xB0,0x64,0x12,0xFF,0xB0,0x64,0x12,0xFF,0xB0,0x64,0x12,0xFF,0xB0,0x64,0x12,0xFF,0xB0,0x64,0x12,0xFF,0xB0,0x64,0x12,0xFF,0xB0,0x64,0x12,0xFF,0xB0,0x64,0x12,0xFF,0xB0,0x64,0x12,0xFF,0xB0,0x64,0x12,0xFF,0xB0,0x64,0x12,0xFF,
    0xB0,0x64,0x12,0xFF,0xB0,0x64,0x12,0xFF,0xB0,0x64,0x12,0xFF,0xB0,0x64,0x12,0xFF,0xB0,0x64,0x12,0xFF,0xB0,0x64,0x12,0xFF,0xB0,0x64,0x12,0xFF,0xB0,0x64,0x12,0xFF,0xB0,0x64,0x12,0xFF,0xB0,0x64,0x12,0xFF,0xB0,0x64,0x12,0xFF,0xB0,0x64,0x12,0xFF,0xB0,0x64,0x12,0xFF,0xB0,0x64,0x12,0xFF,0xB0,0x64,0x12,0xFF,0xB0,0x64,0x12,0xFF,
    0xB0,0x64,0x12,0xFF,0xB0,0x64,0x12,0xFF,0xB0,0x64,0x12,0xFF,0xB0,0x64,0x12,0xFF,0xB0,0x64,0x12,0xFF,0xB0,0x64,0x12,0xFF,0xB0,0x64,0x12,0xFF,0xB0,0x64,0x12,0xFF,0xB0,0x64,0x12,0xFF,0xB0,0x64,0x12,0xFF,0xB0,0x64,0x12,0xFF,0xB0,0x64,0x12,0xFF,0xB0,0x64,0x12,0xFF,0xB0,0x64,0x12,0xFF,0xB0,0x64,0x12,0xFF,0xB0,0x64,0x12,0xFF,
    0xB0,0x64,0x12,0xFF,0xB0,0x64,0x12,0xFF,0xB0,0x64,0x12,0xFF,0xB0,0x64,0x12,0xFF,0xB0,0x64,0x12,0xFF,0xB0,0x64,0x12,0xFF,0xB0,0x64,0x12,0xFF,0xB0,0x64,0x12,0xFF,0xB0,0x64,0x12,0xFF,0xB0,0x64,0x12,0xFF,0xB0,0x64,0x12,0xFF,0xB0,0x64,0x12,0xFF,0xB0,0x64,0x12,0xFF,0xB0,0x64,0x12,0xFF,0xB0,0x64,0x12,0xFF,0xB0,0x64,0x12,0xFF,
    0xB0,0x64,0x12,0xFF,0xB0,0x64,0x12,0xFF,0xB0,0x64,0x11,0xDE,0xB1,0x65,0x14,0x5B,0xFF,0xFF,0x00,0x01,0x00,0x00,0x00,0x00,0x00,0x00,0x00,0x00,0x00,0x00,0x00,0x00,0x00,0x00,0x00,0x00,0x00,0x00,0x00,0x00,0x00,0x00,0x00,0x00,0x00,0x00,0x00,0x00,0x00,0x00,0x00,0x00,0xAA,0x66,0x11,0x0F,0xAF,0x64,0x11,0x59,0xB0,0x63,0x11,0xB1,
    0xB0,0x64,0x12,0xDE,0xB0,0x64,0x12,0xFA,0xB0,0x64,0x12,0xFF,0xB0,0x64,0x12,0xFF,0xB0,0x64,0x12,0xFF,0xB0,0x64,0x12,0xFF,0xB0,0x64,0x12,0xFF,0xB0,0x64,0x12,0xFF,0xB0,0x64,0x12,0xFF,0xB0,0x64,0x12,0xFF,0xB0,0x64,0x12,0xFF,0xB0,0x64,0x12,0xFF,0xB0,0x64,0x12,0xFF,0xB0,0x64,0x12,0xFF,0xB0,0x64,0x12,0xFF,0xB0,0x64,0x12,0xFF,
    0xB0,0x64,0x12,0xFF,0xB0,0x64,0x12,0xFF,0xB0,0x64,0x12,0xFF,0xB0,0x64,0x12,0xFF,0xB0,0x64,0x12,0xFF,0xB0,0x64,0x12,0xFF,0xB0,0x64,0x12,0xFF,0xB0,0x64,0x12,0xFF,0xB0,0x64,0x12,0xFF,0xB0,0x64,0x12,0xFF,0xB0,0x64,0x12,0xFF,0xB0,0x64,0x12,0xFF,0xB0,0x64,0x12,0xFF,0xB0,0x64,0x12,0xFF,0xB0,0x64,0x12,0xFF,0xB0,0x64,0x12,0xFF,
    0xB0,0x64,0x12,0xFF,0xB0,0x64,0x12,0xFF,0xB0,0x64,0x12,0xFF,0xB0,0x64,0x12,0xFF,0xB0,0x64,0x12,0xFF,0xB0,0x64,0x12,0xFF,0xB0,0x64,0x12,0xFF,0xB0,0x64,0x12,0xFF,0xB0,0x64,0x12,0xFF,0xB0,0x64,0x12,0xFF,0xB0,0x64,0x12,0xFF,0xB0,0x64,0x12,0xFF,0xB0,0x64,0x12,0xFF,0xB0,0x64,0x12,0xFF,0xB0,0x64,0x12,0xFF,0xB0,0x64,0x12,0xFF,
    0xB0,0x64,0x12,0xFF,0xB0,0x64,0x12,0xFF,0xB0,0x64,0x12,0xFF,0xB0,0x64,0x12,0xFF,0xB0,0x64,0x12,0xFF,0xB0,0x64,0x12,0xFF,0xB0,0x64,0x12,0xFF,0xB0,0x64,0x12,0xFF,0xB0,0x64,0x12,0xFF,0xB0,0x64,0x12,0xFF,0xB0,0x64,0x12,0xFF,0xB0,0x64,0x12,0xFF,0xB0,0x64,0x12,0xFF,0xB0,0x64,0x12,0xFF,0xB0,0x64,0x12,0xFF,0xB0,0x64,0x12,0xFF,
    0xB0,0x64,0x12,0xFF,0xB0,0x64,0x12,0xFF,0xB0,0x64,0x12,0xFF,0xB0,0x64,0x12,0xFF,0xB0,0x64,0x12,0xFF,0xB0,0x64,0x12,0xFF,0xB0,0x64,0x12,0xFF,0xB0,0x64,0x12,0xFF,0xB0,0x64,0x12,0xFF,0xB0,0x64,0x12,0xFF,0xB0,0x64,0x12,0xFF,0xB0,0x64,0x12,0xFF,0xB0,0x64,0x12,0xFF,0xB0,0x64,0x12,0xFF,0xB0,0x64,0x12,0xFF,0xB0,0x64,0x12,0xFF,
    0xB0,0x64,0x12,0xFF,0xB0,0x64,0x12,0xFF,0xB0,0x64,0x12,0xFF,0xB0,0x64,0x12,0xFF,0xB0,0x64,0x12,0xFF,0xB0,0x64,0x12,0xFF,0xB0,0x64,0x12,0xFF,0xB0,0x64,0x12,0xFF,0xB0,0x64,0x12,0xFF,0xB0,0x64,0x12,0xFF,0xB0,0x64,0x12,0xFF,0xB0,0x64,0x12,0xFF,0xB0,0x64,0x12,0xFF,0xB0,0x64,0x12,0xFF,0xB0,0x64,0x12,0xFF,0xB0,0x64,0x12,0xFF,
    0xB0,0x64,0x12,0xFF,0xB0,0x64,0x12,0xFF,0xB0,0x64,0x12,0xFF,0xB0,0x64,0x12,0xFF,0xB0,0x64,0x12,0xFF,0xB0,0x64,0x12,0xFF,0xB0,0x64,0x12,0xFF,0xB0,0x64,0x12,0xFF,0xB0,0x64,0x12,0xFF,0xB0,0x64,0x12,0xFF,0xB0,0x64,0x12,0xFF,0xB0,0x64,0x12,0xFF,0xB0,0x64,0x12,0xFF,0xB0,0x64,0x12,0xFF,0xB0,0x64,0x12,0xFF,0xB0,0x64,0x12,0xFF,
    0xB0,0x64,0x12,0xFF,0xB0,0x64,0x12,0xFF,0xB0,0x64,0x12,0xFF,0xB0,0x64,0x12,0xFF,0xB0,0x64,0x12,0xFF,0xB0,0x64,0x12,0xFF,0xB0,0x64,0x12,0xFF,0xB0,0x64,0x12,0xFF,0xB0,0x64,0x12,0xFF,0xB0,0x64,0x12,0xFF,0xB0,0x64,0x12,0xFF,0xB0,0x64,0x12,0xFF,0xB0,0x64,0x12,0xFF,0xB0,0x64,0x12,0xFF,0xB0,0x64,0x12,0xFF,0xB0,0x64,0x12,0xFF,
    0xB0,0x64,0x12,0xFF,0xB0,0x64,0x12,0xFF,0xB0,0x64,0x12,0xFF,0xB0,0x64,0x12,0xFF,0xB0,0x64,0x12,0xFF,0xB0,0x64,0x12,0xFF,0xB0,0x64,0x12,0xFF,0xB0,0x64,0x12,0xFF,0xB0,0x64,0x12,0xFF,0xB0,0x64,0x12,0xFF,0xB0,0x64,0x12,0xFF,0xB0,0x64,0x12,0xFF,0xB0,0x64,0x12,0xFF,0xB0,0x64,0x12,0xFF,0xB0,0x64,0x12,0xFF,0xB0,0x64,0x12,0xFF,
    0xB0,0x64,0x12,0xFF,0xB0,0x64,0x12,0xFF,0xB0,0x64,0x12,0xFF,0xB0,0x64,0x12,0xFF,0xB0,0x64,0x12,0xFF,0xB0,0x64,0x12,0xFF,0xB0,0x64,0x12,0xFF,0xB0,0x64,0x12,0xFF,0xB0,0x64,0x12,0xFF,0xB0,0x64,0x12,0xFF,0xB0,0x64,0x12,0xFF,0xB0,0x64,0x12,0xFF,0xB0,0x64,0x12,0xFF,0xB0,0x64,0x12,0xFF,0xB0,0x64,0x12,0xFF,0xB0,0x64,0x12,0xFF,
    0xB0,0x64,0x12,0xFF,0xB0,0x64,0x12,0xFF,0xB0,0x64,0x12,0xFF,0xB0,0x64,0x12,0xFF,0xB0,0x64,0x12,0xFF,0xB0,0x64,0x12,0xFF,0xB0,0x64,0x12,0xFF,0xB0,0x64,0x12,0xFF,0xB0,0x64,0x12,0xFF,0xB0,0x64,0x12,0xFF,0xB0,0x64,0x12,0xFF,0xB0,0x64,0x12,0xFF,0xB0,0x64,0x12,0xFF,0xB0,0x64,0x12,0xFF,0xB0,0x64,0x12,0xFF,0xB0,0x64,0x12,0xFF,
    0xB0,0x64,0x12,0xFF,0xB0,0x64,0x12,0xFF,0xB0,0x64,0x12,0xFF,0xB0,0x64,0x12,0xFF,0xB0,0x64,0x12,0xFF,0xB0,0x64,0x12,0xFF,0xB0,0x64,0x12,0xFF,0xB0,0x64,0x12,0xFF,0xB0,0x64,0x12,0xFF,0xB0,0x64,0x12,0xFF,0xB0,0x64,0x12,0xFF,0xB0,0x64,0x12,0xFF,0xB0,0x64,0x12,0xFF,0xB0,0x64,0x12,0xFF,0xB0,0x64,0x12,0xFF,0xB0,0x64,0x12,0xFF,
    0xB0,0x64,0x12,0xFF,0xB0,0x64,0x12,0xFF,0xB0,0x64,0x12,0xFF,0xB0,0x64,0x12,0xFF,0xB0,0x64,0x12,0xFF,0xB0,0x64,0x12,0xFF,0xB0,0x64,0x12,0xFF,0xB0,0x64,0x12,0xFF,0xB0,0x64,0x12,0xFF,0xB0,0x64,0x12,0xFF,0xB0,0x64,0x12,0xFF,0xB0,0x64,0x12,0xFF,0xB0,0x64,0x12,0xFF,0xB0,0x64,0x12,0xFF,0xB0,0x64,0x12,0xFF,0xB0,0x64,0x12,0xFF,
    0xB0,0x64,0x12,0xFF,0xB0,0x64,0x12,0xFF,0xB0,0x64,0x12,0xFF,0xB0,0x64,0x12,0xFF,0xB0,0x64,0x12,0xFF,0xB0,0x64,0x12,0xFF,0xB0,0x64,0x12,0xFF,0xB0,0x64,0x12,0xFF,0xB0,0x64,0x12,0xFF,0xB0,0x64,0x12,0xFF,0xB0,0x64,0x12,0xFF,0xB0,0x64,0x12,0xFF,0xB0,0x64,0x12,0xFF,0xB0,0x64,0x12,0xFF,0xB0,0x64,0x12,0xFF,0xB0,0x64,0x12,0xFF,
    0xB0,0x64,0x12,0xFF,0xB0,0x64,0x12,0xFF,0xB0,0x64,0x12,0xFF,0xB0,0x64,0x12,0xFF,0xB0,0x64,0x12,0xFF,0xB0,0x64,0x12,0xFF,0xB0,0x64,0x12,0xFF,0xB0,0x64,0x12,0xFF,0xB0,0x64,0x12,0xFF,0xB0,0x64,0x12,0xFF,0xB0,0x64,0x12,0xFF,0xB0,0x64,0x12,0xFF,0xB0,0x64,0x12,0xFF,0xB0,0x64,0x12,0xFF,0xB0,0x64,0x12,0xFF,0xB0,0x64,0x12,0xFF,
    0xB0,0x64,0x12,0xFF,0xB0,0x64,0x12,0xFF,0xB0,0x64,0x12,0xFF,0xB0,0x64,0x12,0xFF,0xB0,0x64,0x12,0xFF,0xB0,0x64,0x12,0xFF,0xB0,0x64,0x12,0xFF,0xB0,0x64,0x12,0xFF,0xB0,0x64,0x12,0xFF,0xB0,0x64,0x12,0xFF,0xB0,0x64,0x12,0xFF,0xB0,0x64,0x12,0xFF,0xB0,0x64,0x12,0xFF,0xB0,0x64,0x12,0xFF,0xB0,0x64,0x12,0xFF,0xB0,0x64,0x12,0xFF,
    0xB0,0x64,0x12,0xFF,0xB0,0x64,0x12,0xFF,0xB0,0x64,0x12,0xFF,0xB0,0x64,0x12,0xFF,0xB0,0x64,0x12,0xFF,0xB0,0x64,0x12,0xFF,0xB0,0x64,0x12,0xFF,0xB0,0x64,0x12,0xFF,0xB0,0x64,0x12,0xFF,0xB0,0x64,0x12,0xFF,0xB0,0x64,0x12,0xFF,0xB0,0x64,0x12,0xFF,0xB0,0x64,0x12,0xFF,0xB0,0x64,0x12,0xFF,0xB0,0x64,0x12,0xFF,0xB0,0x64,0x12,0xFF,
    0xB0,0x64,0x12,0xFF,0xB0,0x64,0x12,0xFF,0xB0,0x64,0x12,0xFF,0xB0,0x64,0x12,0xFF,0xB0,0x64,0x12,0xFF,0xB0,0x64,0x12,0xFF,0xB0,0x64,0x12,0xFF,0xB0,0x64,0x12,0xFF,0xB0,0x64,0x12,0xFF,0xB0,0x64,0x12,0xFF,0xB0,0x64,0x12,0xFF,0xB0,0x64,0x12,0xFF,0xB0,0x64,0x12,0xFF,0xB0,0x64,0x12,0xFF,0xB0,0x64,0x12,0xFF,0xB0,0x64,0x12,0xFF,
    0xB0,0x64,0x12,0xFF,0xB0,0x64,0x12,0xFF,0xB0,0x64,0x12,0xFF,0xB0,0x64,0x12,0xFF,0xB0,0x64,0x12,0xFF,0xB0,0x64,0x12,0xFF,0xB0,0x64,0x12,0xFF,0xB0,0x64,0x12,0xFF,0xB0,0x64,0x12,0xFF,0xB0,0x64,0x12,0xFF,0xB0,0x64,0x12,0xFF,0xB0,0x64,0x12,0xFF,0xB0,0x64,0x12,0xFF,0xB0,0x64,0x12,0xFF,0xB0,0x64,0x12,0xFF,0xB0,0x64,0x12,0xFF,
    0xB0,0x64,0x12,0xFF,0xB0,0x64,0x12,0xFF,0xB0,0x64,0x12,0xFF,0xB0,0x64,0x12,0xFF,0xB0,0x64,0x12,0xFF,0xB0,0x64,0x12,0xFF,0xB0,0x64,0x12,0xFF,0xB0,0x64,0x12,0xFF,0xB0,0x64,0x12,0xFF,0xB0,0x64,0x12,0xFF,0xB0,0x64,0x12,0xFF,0xB0,0x64,0x12,0xFF,0xB0,0x64,0x12,0xFF,0xB0,0x64,0x12,0xFF,0xB0,0x64,0x12,0xFF,0xB0,0x64,0x12,0xFF,
    0xB0,0x64,0x12,0xFF,0xB0,0x64,0x12,0xFF,0xB0,0x64,0x12,0xFF,0xB0,0x64,0x12,0xFF,0xB0,0x64,0x12,0xFF,0xB0,0x64,0x12,0xFF,0xB0,0x64,0x12,0xFF,0xB0,0x64,0x12,0xFF,0xB0,0x64,0x12,0xFF,0xB0,0x64,0x12,0xFF,0xB0,0x64,0x12,0xFF,0xB0,0x64,0x12,0xFF,0xB0,0x64,0x12,0xFF,0xB0,0x64,0x12,0xFF,0xB0,0x64,0x12,0xFF,0xB0,0x64,0x12,0xFF,
    0xB0,0x64,0x12,0xFF,0xB0,0x64,0x12,0xFF,0xB0,0x64,0x12,0xFF,0xB0,0x64,0x12,0xFF,0xB0,0x64,0x12,0xFF,0xB0,0x64,0x12,0xFF,0xB0,0x64,0x12,0xFF,0xB0,0x64,0x12,0xFF,0xB0,0x64,0x12,0xFF,0xB0,0x64,0x12,0xFF,0xB0,0x64,0x12,0xFF,0xB0,0x64,0x12,0xFF,0xB0,0x64,0x12,0xFF,0xB0,0x64,0x12,0xFF,0xB0,0x64,0x12,0xFF,0xB0,0x64,0x12,0xFF,
    0xB0,0x64,0x12,0xFF,0xB0,0x64,0x12,0xFF,0xB0,0x64,0x12,0xFF,0xB0,0x64,0x12,0xFF,0xB0,0x64,0x12,0xFF,0xB0,0x64,0x12,0xFF,0xB0,0x64,0x12,0xFF,0xB0,0x64,0x12,0xFF,0xB0,0x64,0x12,0xFF,0xB0,0x64,0x12,0xFF,0xB0,0x64,0x12,0xFF,0xB0,0x64,0x12,0xFF,0xB0,0x64,0x12,0xFF,0xB0,0x64,0x12,0xFF,0xB0,0x64,0x12,0xFF,0xB0,0x64,0x12,0xFF,
    0xB0,0x64,0x12,0xFF,0xB0,0x64,0x12,0xFF,0xB0,0x64,0x12,0xFF,0xB0,0x64,0x12,0xFF,0xB0,0x64,0x12,0xFF,0xB0,0x64,0x12,0xFF,0xB0,0x64,0x12,0xFF,0xB0,0x64,0x12,0xFF,0xB0,0x64,0x12,0xFF,0xB0,0x64,0x12,0xFF,0xB0,0x64,0x12,0xFF,0xB0,0x64,0x12,0xFF,0xB0,0x64,0x12,0xFF,0xB0,0x64,0x12,0xFF,0xB0,0x64,0x12,0xFF,0xB0,0x64,0x12,0xFF,
    0xB0,0x64,0x12,0xFF,0xB0,0x64,0x12,0xFF,0xB0,0x64,0x12,0xFF,0xB0,0x64,0x12,0xFF,0xB0,0x64,0x12,0xFF,0xB0,0x64,0x12,0xFF,0xB0,0x64,0x12,0xFF,0xB0,0x64,0x12,0xFF,0xB0,0x64,0x12,0xFF,0xB0,0x64,0x12,0xFF,0xB0,0x64,0x12,0xFF,0xB0,0x64,0x12,0xFF,0xB0,0x64,0x12,0xFF,0xB0,0x64,0x12,0xFF,0xB0,0x64,0x12,0xFF,0xB0,0x64,0x12,0xFF,
    0xB0,0x64,0x12,0xFF,0xB0,0x64,0x12,0xFF,0xB0,0x64,0x12,0xFF,0xB0,0x64,0x12,0xFF,0xB0,0x64,0x12,0xFF,0xB0,0x64,0x12,0xFF,0xB0,0x64,0x12,0xFF,0xB0,0x64,0x12,0xFF,0xB0,0x64,0x12,0xFF,0xB0,0x64,0x12,0xFF,0xB0,0x64,0x12,0xFF,0xB0,0x64,0x12,0xFF,0xB0,0x64,0x12,0xFF,0xB0,0x64,0x12,0xFF,0xB0,0x64,0x12,0xFF,0xB0,0x64,0x12,0xFF,
    0xB0,0x64,0x12,0xFF,0xB0,0x64,0x12,0xFF,0xB0,0x64,0x12,0xFF,0xB0,0x64,0x12,0xFF,0xB0,0x64,0x12,0xFF,0xB0,0x64,0x12,0xFF,0xB0,0x64,0x12,0xFF,0xB0,0x64,0x12,0xFF,0xB0,0x64,0x12,0xFF,0xB0,0x64,0x12,0xFF,0xB0,0x64,0x12,0xFF,0xB0,0x64,0x12,0xFF,0xB0,0x64,0x12,0xFF,0xB0,0x64,0x12,0xFF,0xB0,0x64,0x12,0xFF,0xB0,0x64,0x12,0xFF,
    0xB0,0x64,0x12,0xFF,0xB0,0x64,0x12,0xFF,0xB0,0x64,0x12,0xFF,0xB0,0x64,0x12,0xFF,0xB0,0x64,0x12,0xFF,0xB0,0x64,0x12,0xFF,0xB0,0x64,0x12,0xFF,0xB0,0x64,0x12,0xFF,0xB0,0x64,0x12,0xFF,0xB0,0x64,0x12,0xFF,0xB0,0x64,0x12,0xFF,0xB0,0x64,0x12,0xFF,0xB0,0x64,0x12,0xFF,0xB0,0x64,0x12,0xFF,0xB0,0x64,0x12,0xFF,0xB0,0x64,0x12,0xFF,
    0xB0,0x64,0x12,0xFF,0xB0,0x64,0x12,0xFF,0xB0,0x64,0x12,0xFF,0xB0,0x64,0x12,0xFF,0xB0,0x64,0x12,0xFF,0xB0,0x64,0x12,0xFF,0xB0,0x64,0x12,0xFF,0xB0,0x64,0x12,0xFF,0xB0,0x64,0x12,0xFF,0xB0,0x64,0x12,0xFF,0xB0,0x64,0x12,0xFF,0xB0,0x64,0x12,0xFF,0xB0,0x64,0x12,0xFF,0xB0,0x64,0x12,0xFF,0xB0,0x64,0x12,0xFF,0xB0,0x64,0x12,0xFF,
    0xB0,0x64,0x12,0xFF,0xB0,0x64,0x12,0xFF,0xB0,0x64,0x12,0xFF,0xB0,0x64,0x12,0xFF,0xB0,0x64,0x12,0xFF,0xB0,0x64,0x12,0xFF,0xB0,0x64,0x12,0xFF,0xB0,0x64,0x12,0xFF,0xB0,0x64,0x12,0xFF,0xB0,0x64,0x12,0xFF,0xB0,0x64,0x12,0xFF,0xB0,0x64,0x12,0xFF,0xB0,0x64,0x12,0xFF,0xB0,0x64,0x12,0xFF,0xB0,0x64,0x12,0xFF,0xB0,0x64,0x12,0xFF,
    0xB0,0x64,0x12,0xFF,0xB0,0x64,0x12,0xFF,0xB0,0x64,0x12,0xFF,0xB0,0x64,0x12,0xFF,0xB0,0x64,0x12,0xFF,0xB0,0x64,0x12,0xFF,0xB0,0x64,0x12,0xFF,0xB0,0x64,0x12,0xFF,0xB0,0x64,0x12,0xFF,0xB0,0x64,0x12,0xFF,0xB0,0x64,0x12,0xFF,0xB0,0x64,0x12,0xFF,0xB0,0x64,0x12,0xFF,0xB0,0x64,0x12,0xFF,0xB0,0x64,0x12,0xFF,0xB0,0x64,0x12,0xFF,
    0xB0,0x64,0x12,0xFF,0xB0,0x64,0x12,0xFF,0xB0,0x64,0x12,0xFF,0xB0,0x64,0x12,0xFF,0xB0,0x64,0x12,0xFF,0xB0,0x64,0x12,0xFF,0xB0,0x64,0x12,0xFF,0xB0,0x64,0x12,0xFF,0xB0,0x64,0x12,0xFF,0xB0,0x64,0x12,0xFF,0xB0,0x64,0x12,0xFF,0xB0,0x64,0x12,0xFF,0xB0,0x64,0x12,0xFF,0xB0,0x64,0x12,0xFF,0xB0,0x64,0x12,0xFF,0xB0,0x64,0x12,0xFF,
    0xB0,0x64,0x12,0xFF,0xB0,0x64,0x12,0xFF,0xB0,0x64,0x12,0xFF,0xB0,0x64,0x12,0xFF,0xB0,0x64,0x12,0xFF,0xB0,0x64,0x12,0xFF,0xB0,0x64,0x12,0xFF,0xB0,0x64,0x12,0xFF,0xB0,0x64,0x12,0xFF,0xB0,0x64,0x12,0xFF,0xB0,0x64,0x12,0xFF,0xB0,0x64,0x12,0xFF,0xB0,0x64,0x12,0xFF,0xB0,0x64,0x12,0xFF,0xB0,0x64,0x12,0xFF,0xB0,0x64,0x12,0xFF,
    0xB0,0x64,0x12,0xFF,0xB0,0x64,0x12,0xFF,0xB0,0x64,0x12,0xFF,0xB0,0x64,0x12,0xFF,0xB0,0x64,0x12,0xFF,0xB0,0x64,0x12,0xFF,0xB0,0x64,0x12,0xFF,0xB0,0x64,0x12,0xFF,0xB0,0x64,0x12,0xFF,0xB0,0x64,0x12,0xFF,0xB0,0x64,0x12,0xFF,0xB0,0x64,0x12,0xFF,0xB0,0x64,0x12,0xFF,0xB0,0x64,0x12,0xFF,0xB0,0x64,0x12,0xFF,0xB0,0x64,0x12,0xFF,
    0xB0,0x64,0x12,0xFF,0xB0,0x64,0x12,0xFF,0xB0,0x64,0x12,0xFF,0xB0,0x64,0x12,0xFF,0xB0,0x64,0x12,0xFF,0xB0,0x64,0x12,0xFF,0xB0,0x64,0x12,0xFF,0xB0,0x64,0x12,0xFF,0xB0,0x64,0x12,0xFF,0xB0,0x64,0x12,0xFF,0xB0,0x64,0x12,0xFF,0xB0,0x64,0x12,0xFF,0xB0,0x64,0x12,0xFF,0xB0,0x64,0x12,0xFF,0xB0,0x64,0x12,0xFF,0xB0,0x64,0x12,0xFF,
    0xB0,0x64,0x12,0xFF,0xB0,0x64,0x12,0xFF,0xB0,0x64,0x12,0xFF,0xB0,0x64,0x12,0xFF,0xB0,0x64,0x12,0xFF,0xB0,0x64,0x12,0xFF,0xB0,0x64,0x12,0xFF,0xB0,0x64,0x12,0xFF,0xB0,0x64,0x12,0xFF,0xB0,0x64,0x12,0xFF,0xB0,0x64,0x12,0xFF,0xB0,0x64,0x12,0xFF,0xB0,0x64,0x12,0xFF,0xB0,0x64,0x12,0xFF,0xB0,0x64,0x12,0xFF,0xB0,0x64,0x12,0xFF,
    0xB0,0x64,0x12,0xFF,0xB0,0x64,0x12,0xFF,0xB0,0x64,0x12,0xFF,0xB0,0x64,0x12,0xFF,0xB0,0x64,0x12,0xFF,0xB0,0x64,0x12,0xFF,0xB0,0x64,0x12,0xFA,0xB0,0x64,0x12,0xDE,0xB0,0x63,0x11,0xB1,0xAF,0x64,0x11,0x59,0xAA,0x66,0x11,0x0F,0x00,0x00,0x00,0x00,0x00,0x00,0x00,0x00,0x00,0x00,0x00,0x00,0x00,0x00,0x00,0x00,0x00,0x00,0x00,0x00
};

const lv_image_dsc_t ui_img_list_bg_p_png = {
    .header.w = 600,
    .header.h = 60,
    .data_size = sizeof(ui_img_list_bg_p_png_data),
    .header.cf = LV_COLOR_FORMAT_NATIVE_WITH_ALPHA,
    .header.magic = LV_IMAGE_HEADER_MAGIC,
    .data = ui_img_list_bg_p_png_data
};
