// Auto-generated from icon_view_n.png by convert_dvr_images.py
// LVGL version: 9.2.2   Image: 100x60 ARGB8888

#include "../ui.h"

#ifndef LV_ATTRIBUTE_MEM_ALIGN
    #define LV_ATTRIBUTE_MEM_ALIGN
#endif

// IMAGE DATA: icon_view_n.png
const LV_ATTRIBUTE_MEM_ALIGN uint8_t ui_img_icon_view_n_png_data[] = {
    0x00,0x00,0x00,0x00,0x00,0x00,0x00,0x00,0x00,0x00,0x00,0x00,0x00,0x00,0x00,0x00,0x00,0x00,0x00,0x00,0xAA,0xCC,0xEE,0x0F,0xAC,0xC9,0xEE,0x59,0xAB,0xCA,0xEE,0xB1,0xAB,0xC9,0xEE,0xDE,0xAC,0xCA,0xEE,0xFA,0xAC,0xCA,0xEE,0xFF,0xAC,0xCA,0xEE,0xFF,0xAC,0xCA,0xEE,0xFF,0xAC,0xCA,0xEE,0xFF,0xAC,0xCA,0xEE,0xFF,0xAC,0xCA,0xEE,0xFF,
    0xAC,0xCA,0xEE,0xFF,0xAC,0xCA,0xEE,0xFF,0xAC,0xCA,0xEE,0xFF,0xAC,0xCA,0xEE,0xFF,0xAC,0xCA,0xEE,0xFF,0xAC,0xCA,0xEE,0xFF,0xAC,0xCA,0xEE,0xFF,0xAC,0xCA,0xEE,0xFF,0xAC,0xCA,0xEE,0xFF,0xAC,0xCA,0xEE,0xFF,0xAC,0xCA,0xEE,0xFF,0xAC,0xCA,0xEE,0xFF,0xAC,0xCA,0xEE,0xFF,0xAC,0xCA,0xEE,0xFF,0xAC,0xCA,0xEE,0xFF,0xAC,0xCA,0xEE,0xFF,
    0xAC,0xCA,0xEE,0xFF,0xAC,0xCA,0xEE,0xFF,0xAC,0xCA,0xEE,0xFF,0xAC,0xCA,0xEE,0xFF,0xAC,0xCA,0xEE,0xFF,0xAC,0xCA,0xEE,0xFF,0xAC,0xCA,0xEE,0xFF,0xAC,0xCA,0xEE,0xFF,0xAC,0xCA,0xEE,0xFF,0xAC,0xCA,0xEE,0xFF,0xAC,0xCA,0xEE,0xFF,0xAC,0xCA,0xEE,0xFF,0xAC,0xCA,0xEE,0xFF,0xAC,0xCA,0xEE,0xFF,0xAC,0xCA,0xEE,0xFF,0xAC,0xCA,0xEE,0xFF,
    0xAC,0xCA,0xEE,0xFF,0xAC,0xCA,0xEE,0xFF,0xAC,0xCA,0xEE,0xFF,0xAC,0xCA,0xEE,0xFF,0xAC,0xCA,0xEE,0xFF,0xAC,0xCA,0xEE,0xFF,0xAC,0xCA,0xEE,0xFF,0xAC,0xCA,0xEE,0xFF,0xAC,0xCA,0xEE,0xFF,0xAC,0xCA,0xEE,0xFF,0xAC,0xCA,0xEE,0xFF,0xAC,0xCA,0xEE,0xFF,0xAC,0xCA,0xEE,0xFF,0xAC,0xCA,0xEE,0xFF,0xAC,0xCA,0xEE,0xFF,0xAC,0xCA,0xEE,0xFF,
    0xAC,0xCA,0xEE,0xFF,0xAC,0xCA,0xEE,0xFF,0xAC,0xCA,0xEE,0xFF,0xAC,0xCA,0xEE,0xFF,0xAC,0xCA,0xEE,0xFF,0xAC,0xCA,0xEE,0xFF,0xAC,0xCA,0xEE,0xFF,0xAC,0xCA,0xEE,0xFF,0xAC,0xCA,0xEE,0xFF,0xAC,0xCA,0xEE,0xFF,0xAC,0xCA,0xEE,0xFF,0xAC,0xCA,0xEE,0xFF,0xAC,0xCA,0xEE,0xFF,0xAC,0xCA,0xEE,0xFF,0xAC,0xCA,0xEE,0xFF,0xAC,0xCA,0xEE,0xFF,
    0xAC,0xCA,0xEE,0xFF,0xAC,0xCA,0xEE,0xFF,0xAC,0xCA,0xEE,0xFF,0xAC,0xCA,0xEE,0xFF,0xAC,0xCA,0xEE,0xFF,0xAC,0xCA,0xEE,0xFF,0xAC,0xCA,0xEE,0xFF,0xAC,0xCA,0xEE,0xFF,0xAC,0xCA,0xEE,0xFF,0xAC,0xCA,0xEE,0xFF,0xAC,0xCA,0xEE,0xFA,0xAB,0xC9,0xEE,0xDE,0xAB,0xCA,0xEE,0xB1,0xAC,0xC9,0xEE,0x59,0xAA,0xCC,0xEE,0x0F,0x00,0x00,0x00,0x00,
    0x00,0x00,0x00,0x00,0x00,0x00,0x00,0x00,0x00,0x00,0x00,0x00,0x00,0x00,0x00,0x00,0x00,0x00,0x00,0x00,0x00,0x00,0x00,0x00,0x00,0x00,0x00,0x00,0xFF,0xFF,0xFF,0x01,0xAE,0xCD,0xEE,0x5B,0xAC,0xCA,0xEE,0xDE,0xAC,0xCA,0xEE,0xFF,0xAC,0xCA,0xEE,0xFF,0xAC,0xCA,0xEE,0xFF,0xAC,0xCA,0xEE,0xFF,0xAC,0xCA,0xEE,0xFF,0xAC,0xCA,0xEE,0xFF,
    0xAC,0xCA,0xEE,0xFF,0xAC,0xCA,0xEE,0xFF,0xAC,0xCA,0xEE,0xFF,0xAC,0xCA,0xEE,0xFF,0xAC,0xCA,0xEE,0xFF,0xAC,0xCA,0xEE,0xFF,0xAC,0xCA,0xEE,0xFF,0xAC,0xCA,0xEE,0xFF,0xAC,0xCA,0xEE,0xFF,0xAC,0xCA,0xEE,0xFF,0xAC,0xCA,0xEE,0xFF,0xAC,0xCA,0xEE,0xFF,0xAC,0xCA,0xEE,0xFF,0xAC,0xCA,0xEE,0xFF,0xAC,0xCA,0xEE,0xFF,0xAC,0xCA,0xEE,0xFF,
    0xAC,0xCA,0xEE,0xFF,0xAC,0xCA,0xEE,0xFF,0xAC,0xCA,0xEE,0xFF,0xAC,0xCA,0xEE,0xFF,0xAC,0xCA,0xEE,0xFF,0xAC,0xCA,0xEE,0xFF,0xAC,0xCA,0xEE,0xFF,0xAC,0xCA,0xEE,0xFF,0xAC,0xCA,0xEE,0xFF,0xAC,0xCA,0xEE,0xFF,0xAC,0xCA,0xEE,0xFF,0xAC,0xCA,0xEE,0xFF,0xAC,0xCA,0xEE,0xFF,0xAC,0xCA,0xEE,0xFF,0xAC,0xCA,0xEE,0xFF,0xAC,0xCA,0xEE,0xFF,
    0xAC,0xCA,0xEE,0xFF,0xAC,0xCA,0xEE,0xFF,0xAC,0xCA,0xEE,0xFF,0xAC,0xCA,0xEE,0xFF,0xAC,0xCA,0xEE,0xFF,0xAC,0xCA,0xEE,0xFF,0xAC,0xCA,0xEE,0xFF,0xAC,0xCA,0xEE,0xFF,0xAC,0xCA,0xEE,0xFF,0xAC,0xCA,0xEE,0xFF,0xAC,0xCA,0xEE,0xFF,0xAC,0xCA,0xEE,0xFF,0xAC,0xCA,0xEE,0xFF,0xAC,0xCA,0xEE,0xFF,0xAC,0xCA,0xEE,0xFF,0xAC,0xCA,0xEE,0xFF,
    0xAC,0xCA,0xEE,0xFF,0xAC,0xCA,0xEE,0xFF,0xAC,0xCA,0xEE,0xFF,0xAC,0xCA,0xEE,0xFF,0xAC,0xCA,0xEE,0xFF,0xAC,0xCA,0xEE,0xFF,0xAC,0xCA,0xEE,0xFF,0xAC,0xCA,0xEE,0xFF,0xAC,0xCA,0xEE,0xFF,0xAC,0xCA,0xEE,0xFF,0xAC,0xCA,0xEE,0xFF,0xAC,0xCA,0xEE,0xFF,0xAC,0xCA,0xEE,0xFF,0xAC,0xCA,0xEE,0xFF,0xAC,0xCA,0xEE,0xFF,0xAC,0xCA,0xEE,0xFF,
    0xAC,0xCA,0xEE,0xFF,0xAC,0xCA,0xEE,0xFF,0xAC,0xCA,0xEE,0xFF,0xAC,0xCA,0xEE,0xFF,0xAC,0xCA,0xEE,0xFF,0xAC,0xCA,0xEE,0xFF,0xAC,0xCA,0xEE,0xFF,0xAC,0xCA,0xEE,0xFF,0xAC,0xCA,0xEE,0xFF,0xAC,0xCA,0xEE,0xFF,0xAC,0xCA,0xEE,0xFF,0xAC,0xCA,0xEE,0xFF,0xAC,0xCA,0xEE,0xFF,0xAC,0xCA,0xEE,0xFF,0xAC,0xCA,0xEE,0xFF,0xAC,0xCA,0xEE,0xFF,
    0xAC,0xCA,0xEE,0xFF,0xAC,0xCA,0xEE,0xFF,0xAC,0xCA,0xEE,0xDE,0xAE,0xCD,0xEE,0x5B,0xFF,0xFF,0xFF,0x01,0x00,0x00,0x00,0x00,0x00,0x00,0x00,0x00,0x00,0x00,0x00,0x00,0x00,0x00,0x00,0x00,0x00,0x00,0x00,0x00,0xB3,0xCC,0xE6,0x0A,0xAD,0xCB,0xEE,0x92,0xAC,0xCA,0xEE,0xFF,0xAC,0xCA,0xEE,0xFF,0xAC,0xCA,0xEE,0xFF,0xAC,0xCA,0xEE,0xFF,
    0xAC,0xCA,0xEE,0xFF,0xAC,0xCA,0xEE,0xFF,0xAC,0xCA,0xEE,0xFF,0xAC,0xCA,0xEE,0xFF,0xAC,0xCA,0xEE,0xFF,0xAC,0xCA,0xEE,0xFF,0xAC,0xCA,0xEE,0xFF,0xAC,0xCA,0xEE,0xFF,0xAC,0xCA,0xEE,0xFF,0xAC,0xCA,0xEE,0xFF,0xAC,0xCA,0xEE,0xFF,0xAC,0xCA,0xEE,0xFF,0xAC,0xCA,0xEE,0xFF,0xAC,0xCA,0xEE,0xFF,0xAC,0xCA,0xEE,0xFF,0xAC,0xCA,0xEE,0xFF,
    0xAC,0xCA,0xEE,0xFF,0xAC,0xCA,0xEE,0xFF,0xAC,0xCA,0xEE,0xFF,0xAC,0xCA,0xEE,0xFF,0xAC,0xCA,0xEE,0xFF,0xAC,0xCA,0xEE,0xFF,0xAC,0xCA,0xEE,0xFF,0xAC,0xCA,0xEE,0xFF,0xAC,0xCA,0xEE,0xFF,0xAC,0xCA,0xEE,0xFF,0xAC,0xCA,0xEE,0xFF,0xAC,0xCA,0xEE,0xFF,0xAC,0xCA,0xEE,0xFF,0xAC,0xCA,0xEE,0xFF,0xAC,0xCA,0xEE,0xFF,0xAC,0xCA,0xEE,0xFF,
    0xAC,0xCA,0xEE,0xFF,0xAC,0xCA,0xEE,0xFF,0xAC,0xCA,0xEE,0xFF,0xAC,0xCA,0xEE,0xFF,0xAC,0xCA,0xEE,0xFF,0xAC,0xCA,0xEE,0xFF,0xAC,0xCA,0xEE,0xFF,0xAC,0xCA,0xEE,0xFF,0xAC,0xCA,0xEE,0xFF,0xAC,0xCA,0xEE,0xFF,0xAC,0xCA,0xEE,0xFF,0xAC,0xCA,0xEE,0xFF,0xAC,0xCA,0xEE,0xFF,0xAC,0xCA,0xEE,0xFF,0xAC,0xCA,0xEE,0xFF,0xAC,0xCA,0xEE,0xFF,
    0xAC,0xCA,0xEE,0xFF,0xAC,0xCA,0xEE,0xFF,0xAC,0xCA,0xEE,0xFF,0xAC,0xCA,0xEE,0xFF,0xAC,0xCA,0xEE,0xFF,0xAC,0xCA,0xEE,0xFF,0xAC,0xCA,0xEE,0xFF,0xAC,0xCA,0xEE,0xFF,0xAC,0xCA,0xEE,0xFF,0xAC,0xCA,0xEE,0xFF,0xAC,0xCA,0xEE,0xFF,0xAC,0xCA,0xEE,0xFF,0xAC,0xCA,0xEE,0xFF,0xAC,0xCA,0xEE,0xFF,0xAC,0xCA,0xEE,0xFF,0xAC,0xCA,0xEE,0xFF,
    0xAC,0xCA,0xEE,0xFF,0xAC,0xCA,0xEE,0xFF,0xAC,0xCA,0xEE,0xFF,0xAC,0xCA,0xEE,0xFF,0xAC,0xCA,0xEE,0xFF,0xAC,0xCA,0xEE,0xFF,0xAC,0xCA,0xEE,0xFF,0xAC,0xCA,0xEE,0xFF,0xAC,0xCA,0xEE,0xFF,0xAC,0xCA,0xEE,0xFF,0xAC,0xCA,0xEE,0xFF,0xAC,0xCA,0xEE,0xFF,0xAC,0xCA,0xEE,0xFF,0xAC,0xCA,0xEE,0xFF,0xAC,0xCA,0xEE,0xFF,0xAC,0xCA,0xEE,0xFF,
    0xAC,0xCA,0xEE,0xFF,0xAC,0xCA,0xEE,0xFF,0xAC,0xCA,0xEE,0xFF,0xAC,0xCA,0xEE,0xFF,0xAC,0xCA,0xEE,0xFF,0xAC,0xCA,0xEE,0xFF,0xAC,0xCA,0xEE,0xFF,0xAC,0xCA,0xEE,0xFF,0xAD,0xCB,0xEE,0x92,0xB3,0xCC,0xE6,0x0A,0x00,0x00,0x00,0x00,0x00,0x00,0x00,0x00,0x00,0x00,0x00,0x00,0xFF,0xFF,0xFF,0x01,0xAD,0xCB,0xEE,0x92,0xAC,0xCA,0xEE,0xFF,
    0xAC,0xCA,0xEE,0xFF,0xAC,0xCA,0xEE,0xFF,0xAC,0xCA,0xEE,0xFF,0xAC,0xCA,0xEE,0xFF,0xAC,0xCA,0xEE,0xFF,0xAC,0xCA,0xEE,0xFF,0xAC,0xCA,0xEE,0xFF,0xAC,0xCA,0xEE,0xFF,0xAC,0xCA,0xEE,0xFF,0xAC,0xCA,0xEE,0xFF,0xAC,0xCA,0xEE,0xFF,0xAC,0xCA,0xEE,0xFF,0xAC,0xCA,0xEE,0xFF,0xAC,0xCA,0xEE,0xFF,0xAC,0xCA,0xEE,0xFF,0xAC,0xCA,0xEE,0xFF,
    0xAC,0xCA,0xEE,0xFF,0xAC,0xCA,0xEE,0xFF,0xAC,0xCA,0xEE,0xFF,0xAC,0xCA,0xEE,0xFF,0xAC,0xCA,0xEE,0xFF,0xAC,0xCA,0xEE,0xFF,0xAC,0xCA,0xEE,0xFF,0xAC,0xCA,0xEE,0xFF,0xAC,0xCA,0xEE,0xFF,0xAC,0xCA,0xEE,0xFF,0xAC,0xCA,0xEE,0xFF,0xAC,0xCA,0xEE,0xFF,0xAC,0xCA,0xEE,0xFF,0xAC,0xCA,0xEE,0xFF,0xAC,0xCA,0xEE,0xFF,0xAC,0xCA,0xEE,0xFF,
    0xAC,0xCA,0xEE,0xFF,0xAC,0xCA,0xEE,0xFF,0xAC,0xCA,0xEE,0xFF,0xAC,0xCA,0xEE,0xFF,0xAC,0xCA,0xEE,0xFF,0xAC,0xCA,0xEE,0xFF,0xAC,0xCA,0xEE,0xFF,0xAC,0xCA,0xEE,0xFF,0xAC,0xCA,0xEE,0xFF,0xAC,0xCA,0xEE,0xFF,0xAC,0xCA,0xEE,0xFF,0xAC,0xCA,0xEE,0xFF,0xAC,0xCA,0xEE,0xFF,0xAC,0xCA,0xEE,0xFF,0xAC,0xCA,0xEE,0xFF,0xAC,0xCA,0xEE,0xFF,
    0xAC,0xCA,0xEE,0xFF,0xAC,0xCA,0xEE,0xFF,0xAC,0xCA,0xEE,0xFF,0xAC,0xCA,0xEE,0xFF,0xAC,0xCA,0xEE,0xFF,0xAC,0xCA,0xEE,0xFF,0xAC,0xCA,0xEE,0xFF,0xAC,0xCA,0xEE,0xFF,0xAC,0xCA,0xEE,0xFF,0xAC,0xCA,0xEE,0xFF,0xAC,0xCA,0xEE,0xFF,0xAC,0xCA,0xEE,0xFF,0xAC,0xCA,0xEE,0xFF,0xAC,0xCA,0xEE,0xFF,0xAC,0xCA,0xEE,0xFF,0xAC,0xCA,0xEE,0xFF,
    0xAC,0xCA,0xEE,0xFF,0xAC,0xCA,0xEE,0xFF,0xAC,0xCA,0xEE,0xFF,0xAC,0xCA,0xEE,0xFF,0xAC,0xCA,0xEE,0xFF,0xAC,0xCA,0xEE,0xFF,0xAC,0xCA,0xEE,0xFF,0xAC,0xCA,0xEE,0xFF,0xAC,0xCA,0xEE,0xFF,0xAC,0xCA,0xEE,0xFF,0xAC,0xCA,0xEE,0xFF,0xAC,0xCA,0xEE,0xFF,0xAC,0xCA,0xEE,0xFF,0xAC,0xCA,0xEE,0xFF,0xAC,0xCA,0xEE,0xFF,0xAC,0xCA,0xEE,0xFF,
    0xAC,0xCA,0xEE,0xFF,0xAC,0xCA,0xEE,0xFF,0xAC,0xCA,0xEE,0xFF,0xAC,0xCA,0xEE,0xFF,0xAC,0xCA,0xEE,0xFF,0xAC,0xCA,0xEE,0xFF,0xAC,0xCA,0xEE,0xFF,0xAC,0xCA,0xEE,0xFF,0xAC,0xCA,0xEE,0xFF,0xAC,0xCA,0xEE,0xFF,0xAC,0xCA,0xEE,0xFF,0xAC,0xCA,0xEE,0xFF,0xAC,0xCA,0xEE,0xFF,0xAD,0xCB,0xEE,0x92,0xFF,0xFF,0xFF,0x01,0x00,0x00,0x00,0x00,
    0x00,0x00,0x00,0x00,0xAE,0xCD,0xEE,0x5B,0xAC,0xCA,0xEE,0xFF,0xAC,0xCA,0xEE,0xFF,0xAC,0xCA,0xEE,0xFF,0xAC,0xCA,0xEE,0xFF,0xAC,0xCA,0xEE,0xFF,0xAC,0xCA,0xEE,0xFF,0xAC,0xCA,0xEE,0xFF,0xAC,0xCA,0xEE,0xFF,0xAC,0xCA,0xEE,0xFF,0xAC,0xCA,0xEE,0xFF,0xAC,0xCA,0xEE,0xFF,0xAC,0xCA,0xEE,0xFF,0xAC,0xCA,0xEE,0xFF,0xAC,0xCA,0xEE,0xFF,
    0xAC,0xCA,0xEE,0xFF,0xAC,0xCA,0xEE,0xFF,0xAC,0xCA,0xEE,0xFF,0xAC,0xCA,0xEE,0xFF,0xAC,0xCA,0xEE,0xFF,0xAC,0xCA,0xEE,0xFF,0xAC,0xCA,0xEE,0xFF,0xAC,0xCA,0xEE,0xFF,0xAC,0xCA,0xEE,0xFF,0xAC,0xCA,0xEE,0xFF,0xAC,0xCA,0xEE,0xFF,0xAC,0xCA,0xEE,0xFF,0xAC,0xCA,0xEE,0xFF,0xAC,0xCA,0xEE,0xFF,0xAC,0xCA,0xEE,0xFF,0xAC,0xCA,0xEE,0xFF,
    0xAC,0xCA,0xEE,0xFF,0xAC,0xCA,0xEE,0xFF,0xAC,0xCA,0xEE,0xFF,0xAC,0xCA,0xEE,0xFF,0xAC,0xCA,0xEE,0xFF,0xAC,0xCA,0xEE,0xFF,0xAC,0xCA,0xEE,0xFF,0xAC,0xCA,0xEE,0xFF,0xAC,0xCA,0xEE,0xFF,0xAC,0xCA,0xEE,0xFF,0xAC,0xCA,0xEE,0xFF,0xAC,0xCA,0xEE,0xFF,0xAC,0xCA,0xEE,0xFF,0xAC,0xCA,0xEE,0xFF,0xAC,0xCA,0xEE,0xFF,0xAC,0xCA,0xEE,0xFF,
    0xAC,0xCA,0xEE,0xFF,0xAC,0xCA,0xEE,0xFF,0xAC,0xCA,0xEE,0xFF,0xAC,0xCA,0xEE,0xFF,0xAC,0xCA,0xEE,0xFF,0xAC,0xCA,0xEE,0xFF,0xAC,0xCA,0xEE,0xFF,0xAC,0xCA,0xEE,0xFF,0xAC,0xCA,0xEE,0xFF,0xAC,0xCA,0xEE,0xFF,0xAC,0xCA,0xEE,0xFF,0xAC,0xCA,0xEE,0xFF,0xAC,0xCA,0xEE,0xFF,0xAC,0xCA,0xEE,0xFF,0xAC,0xCA,0xEE,0xFF,0xAC,0xCA,0xEE,0xFF,
    0xAC,0xCA,0xEE,0xFF,0xAC,0xCA,0xEE,0xFF,0xAC,0xCA,0xEE,0xFF,0xAC,0xCA,0xEE,0xFF,0xAC,0xCA,0xEE,0xFF,0xAC,0xCA,0xEE,0xFF,0xAC,0xCA,0xEE,0xFF,0xAC,0xCA,0xEE,0xFF,0xAC,0xCA,0xEE,0xFF,0xAC,0xCA,0xEE,0xFF,0xAC,0xCA,0xEE,0xFF,0xAC,0xCA,0xEE,0xFF,0xAC,0xCA,0xEE,0xFF,0xAC,0xCA,0xEE,0xFF,0xAC,0xCA,0xEE,0xFF,0xAC,0xCA,0xEE,0xFF,
    0xAC,0xCA,0xEE,0xFF,0xAC,0xCA,0xEE,0xFF,0xAC,0xCA,0xEE,0xFF,0xAC,0xCA,0xEE,0xFF,0xAC,0xCA,0xEE,0xFF,0xAC,0xCA,0xEE,0xFF,0xAC,0xCA,0xEE,0xFF,0xAC,0xCA,0xEE,0xFF,0xAC,0xCA,0xEE,0xFF,0xAC,0xCA,0xEE,0xFF,0xAC,0xCA,0xEE,0xFF,0xAC,0xCA,0xEE,0xFF,0xAC,0xCA,0xEE,0xFF,0xAC,0xCA,0xEE,0xFF,0xAC,0xCA,0xEE,0xFF,0xAC,0xCA,0xEE,0xFF,
    0xAC,0xCA,0xEE,0xFF,0xAC,0xCA,0xEE,0xFF,0xAE,0xCD,0xEE,0x5B,0x00,0x00,0x00,0x00,0xAA,0xCC,0xEE,0x0F,0xAC,0xCA,0xEE,0xDE,0xAC,0xCA,0xEE,0xFF,0xAC,0xCA,0xEE,0xFF,0xAC,0xCA,0xEE,0xFF,0xAC,0xCA,0xEE,0xFF,0xAC,0xCA,0xEE,0xFF,0xAC,0xCA,0xEE,0xFF,0xAC,0xCA,0xEE,0xFF,0xAC,0xCA,0xEE,0xFF,0xAC,0xCA,0xEE,0xFF,0xAC,0xCA,0xEE,0xFF,
    0xAC,0xCA,0xEE,0xFF,0xAC,0xCA,0xEE,0xFF,0xAC,0xCA,0xEE,0xFF,0xAC,0xCA,0xEE,0xFF,0xAC,0xCA,0xEE,0xFF,0xAC,0xCA,0xEE,0xFF,0xAC,0xCA,0xEE,0xFF,0xAC,0xCA,0xEE,0xFF,0xAC,0xCA,0xEE,0xFF,0xAC,0xCA,0xEE,0xFF,0xAC,0xCA,0xEE,0xFF,0xAC,0xCA,0xEE,0xFF,0xAC,0xCA,0xEE,0xFF,0xAC,0xCA,0xEE,0xFF,0xAC,0xCA,0xEE,0xFF,0xAC,0xCA,0xEE,0xFF,
    0xAC,0xCA,0xEE,0xFF,0xAC,0xCA,0xEE,0xFF,0xAC,0xCA,0xEE,0xFF,0xAC,0xCA,0xEE,0xFF,0xAC,0xCA,0xEE,0xFF,0xAC,0xCA,0xEE,0xFF,0xAC,0xCA,0xEE,0xFF,0xAC,0xCA,0xEE,0xFF,0xAC,0xCA,0xEE,0xFF,0xAC,0xCA,0xEE,0xFF,0xAC,0xCA,0xEE,0xFF,0xAC,0xCA,0xEE,0xFF,0xAC,0xCA,0xEE,0xFF,0xAC,0xCA,0xEE,0xFF,0xAC,0xCA,0xEE,0xFF,0xAC,0xCA,0xEE,0xFF,
    0xAC,0xCA,0xEE,0xFF,0xAC,0xCA,0xEE,0xFF,0xAC,0xCA,0xEE,0xFF,0xAC,0xCA,0xEE,0xFF,0xAC,0xCA,0xEE,0xFF,0xAC,0xCA,0xEE,0xFF,0xAC,0xCA,0xEE,0xFF,0xAC,0xCA,0xEE,0xFF,0xAC,0xCA,0xEE,0xFF,0xAC,0xCA,0xEE,0xFF,0xAC,0xCA,0xEE,0xFF,0xAC,0xCA,0xEE,0xFF,0xAC,0xCA,0xEE,0xFF,0xAC,0xCA,0xEE,0xFF,0xAC,0xCA,0xEE,0xFF,0xAC,0xCA,0xEE,0xFF,
    0xAC,0xCA,0xEE,0xFF,0xAC,0xCA,0xEE,0xFF,0xAC,0xCA,0xEE,0xFF,0xAC,0xCA,0xEE,0xFF,0xAC,0xCA,0xEE,0xFF,0xAC,0xCA,0xEE,0xFF,0xAC,0xCA,0xEE,0xFF,0xAC,0xCA,0xEE,0xFF,0xAC,0xCA,0xEE,0xFF,0xAC,0xCA,0xEE,0xFF,0xAC,0xCA,0xEE,0xFF,0xAC,0xCA,0xEE,0xFF,0xAC,0xCA,0xEE,0xFF,0xAC,0xCA,0xEE,0xFF,0xAC,0xCA,0xEE,0xFF,0xAC,0xCA,0xEE,0xFF,
    0xAC,0xCA,0xEE,0xFF,0xAC,0xCA,0xEE,0xFF,0xAC,0xCA,0xEE,0xFF,0xAC,0xCA,0xEE,0xFF,0xAC,0xCA,0xEE,0xFF,0xAC,0xCA,0xEE,0xFF,0xAC,0xCA,0xEE,0xFF,0xAC,0xCA,0xEE,0xFF,0xAC,0xCA,0xEE,0xFF,0xAC,0xCA,0xEE,0xFF,0xAC,0xCA,0xEE,0xFF,0xAC,0xCA,0xEE,0xFF,0xAC,0xCA,0xEE,0xFF,0xAC,0xCA,0xEE,0xFF,0xAC,0xCA,0xEE,0xFF,0xAC,0xCA,0xEE,0xFF,
    0xAC,0xCA,0xEE,0xFF,0xAC,0xCA,0xEE,0xFF,0xAC,0xCA,0xEE,0xFF,0xAC,0xCA,0xEE,0xFF,0xAC,0xCA,0xEE,0xFF,0xAC,0xCA,0xEE,0xFF,0xAC,0xCA,0xEE,0xDE,0xAA,0xCC,0xEE,0x0F,0xAC,0xC9,0xEE,0x59,0xAC,0xCA,0xEE,0xFF,0xAC,0xCA,0xEE,0xFF,0xAC,0xCA,0xEE,0xFF,0xAC,0xCA,0xEE,0xFF,0xAC,0xCA,0xEE,0xFF,0xAC,0xCA,0xEE,0xFF,0xAC,0xCA,0xEE,0xFF,
    0xAC,0xCA,0xEE,0xFF,0xAC,0xCA,0xEE,0xFF,0xAC,0xCA,0xEE,0xFF,0xAC,0xCA,0xEE,0xFF,0xAC,0xCA,0xEE,0xFF,0xAC,0xCA,0xEE,0xFF,0xAC,0xCA,0xEE,0xFF,0xAC,0xCA,0xEE,0xFF,0xAC,0xCA,0xEE,0xFF,0xAC,0xCA,0xEE,0xFF,0xAC,0xCA,0xEE,0xFF,0xAC,0xCA,0xEE,0xFF,0xAC,0xCA,0xEE,0xFF,0xAC,0xCA,0xEE,0xFF,0xAC,0xCA,0xEE,0xFF,0xAC,0xCA,0xEE,0xFF,
    0xAC,0xCA,0xEE,0xFF,0xAC,0xCA,0xEE,0xFF,0xAC,0xCA,0xEE,0xFF,0xAC,0xCA,0xEE,0xFF,0xAC,0xCA,0xEE,0xFF,0xAC,0xCA,0xEE,0xFF,0xAC,0xCA,0xEE,0xFF,0xAC,0xCA,0xEE,0xFF,0xAC,0xCA,0xEE,0xFF,0xAC,0xCA,0xEE,0xFF,0xAC,0xCA,0xEE,0xFF,0xAC,0xCA,0xEE,0xFF,0xAC,0xCA,0xEE,0xFF,0xAC,0xCA,0xEE,0xFF,0xAC,0xCA,0xEE,0xFF,0xAC,0xCA,0xEE,0xFF,
    0xAC,0xCA,0xEE,0xFF,0xAC,0xCA,0xEE,0xFF,0xAC,0xCA,0xEE,0xFF,0xAC,0xCA,0xEE,0xFF,0xAC,0xCA,0xEE,0xFF,0xAC,0xCA,0xEE,0xFF,0xAC,0xCA,0xEE,0xFF,0xAC,0xCA,0xEE,0xFF,0xAC,0xCA,0xEE,0xFF,0xAC,0xCA,0xEE,0xFF,0xAC,0xCA,0xEE,0xFF,0xAC,0xCA,0xEE,0xFF,0xAC,0xCA,0xEE,0xFF,0xAC,0xCA,0xEE,0xFF,0xAC,0xCA,0xEE,0xFF,0xAC,0xCA,0xEE,0xFF,
    0xAC,0xCA,0xEE,0xFF,0xAC,0xCA,0xEE,0xFF,0xAC,0xCA,0xEE,0xFF,0xAC,0xCA,0xEE,0xFF,0xAC,0xCA,0xEE,0xFF,0xAC,0xCA,0xEE,0xFF,0xAC,0xCA,0xEE,0xFF,0xAC,0xCA,0xEE,0xFF,0xAC,0xCA,0xEE,0xFF,0xAC,0xCA,0xEE,0xFF,0xAC,0xCA,0xEE,0xFF,0xAC,0xCA,0xEE,0xFF,0xAC,0xCA,0xEE,0xFF,0xAC,0xCA,0xEE,0xFF,0xAC,0xCA,0xEE,0xFF,0xAC,0xCA,0xEE,0xFF,
    0xAC,0xCA,0xEE,0xFF,0xAC,0xCA,0xEE,0xFF,0xAC,0xCA,0xEE,0xFF,0xAC,0xCA,0xEE,0xFF,0xAC,0xCA,0xEE,0xFF,0xAC,0xCA,0xEE,0xFF,0xAC,0xCA,0xEE,0xFF,0xAC,0xCA,0xEE,0xFF,0xAC,0xCA,0xEE,0xFF,0xAC,0xCA,0xEE,0xFF,0xAC,0xCA,0xEE,0xFF,0xAC,0xCA,0xEE,0xFF,0xAC,0xCA,0xEE,0xFF,0xAC,0xCA,0xEE,0xFF,0xAC,0xCA,0xEE,0xFF,0xAC,0xCA,0xEE,0xFF,
    0xAC,0xCA,0xEE,0xFF,0xAC,0xCA,0xEE,0xFF,0xAC,0xCA,0xEE,0xFF,0xAC,0xCA,0xEE,0xFF,0xAC,0xCA,0xEE,0xFF,0xAC,0xCA,0xEE,0xFF,0xAC,0xCA,0xEE,0xFF,0xAC,0xCA,0xEE,0xFF,0xAC,0xCA,0xEE,0xFF,0xAC,0xCA,0xEE,0xFF,0xAC,0xCA,0xEE,0xFF,0xAC,0xC9,0xEE,0x59,0xAB,0xCA,0xEE,0xB1,0xAC,0xCA,0xEE,0xFF,0xAC,0xCA,0xEE,0xFF,0xAC,0xCA,0xEE,0xFF,
    0xAC,0xCA,0xEE,0xFF,0xAC,0xCA,0xEE,0xFF,0xAC,0xCA,0xEE,0xFF,0xAC,0xCA,0xEE,0xFF,0xAC,0xCA,0xEE,0xFF,0xAC,0xCA,0xEE,0xFF,0xAC,0xCA,0xEE,0xFF,0xAC,0xCA,0xEE,0xFF,0xAC,0xCA,0xEE,0xFF,0xAC,0xCA,0xEE,0xFF,0xAC,0xCA,0xEE,0xFF,0xAC,0xCA,0xEE,0xFF,0xAC,0xCA,0xEE,0xFF,0xAC,0xCA,0xEE,0xFF,0xAC,0xCA,0xEE,0xFF,0xAC,0xCA,0xEE,0xFF,
    0xAC,0xCA,0xEE,0xFF,0xAC,0xCA,0xEE,0xFF,0xAC,0xCA,0xEE,0xFF,0xAC,0xCA,0xEE,0xFF,0xAC,0xCA,0xEE,0xFF,0xAC,0xCA,0xEE,0xFF,0xAC,0xCA,0xEE,0xFF,0xAC,0xCA,0xEE,0xFF,0xAC,0xCA,0xEE,0xFF,0xAC,0xCA,0xEE,0xFF,0xAC,0xCA,0xEE,0xFF,0xAC,0xCA,0xEE,0xFF,0xAC,0xCA,0xEE,0xFF,0xAC,0xCA,0xEE,0xFF,0xAC,0xCA,0xEE,0xFF,0xAC,0xCA,0xEE,0xFF,
    0xAC,0xCA,0xEE,0xFF,0xAC,0xCA,0xEE,0xFF,0xAC,0xCA,0xEE,0xFF,0xAC,0xCA,0xEE,0xFF,0xAC,0xCA,0xEE,0xFF,0xAC,0xCA,0xEE,0xFF,0xAC,0xCA,0xEE,0xFF,0xAC,0xCA,0xEE,0xFF,0xAC,0xCA,0xEE,0xFF,0xAC,0xCA,0xEE,0xFF,0xAC,0xCA,0xEE,0xFF,0xAC,0xCA,0xEE,0xFF,0xAC,0xCA,0xEE,0xFF,0xAC,0xCA,0xEE,0xFF,0xAC,0xCA,0xEE,0xFF,0xAC,0xCA,0xEE,0xFF,
    0xAC,0xCA,0xEE,0xFF,0xAC,0xCA,0xEE,0xFF,0xAC,0xCA,0xEE,0xFF,0xAC,0xCA,0xEE,0xFF,0xAC,0xCA,0xEE,0xFF,0xAC,0xCA,0xEE,0xFF,0xAC,0xCA,0xEE,0xFF,0xAC,0xCA,0xEE,0xFF,0xAC,0xCA,0xEE,0xFF,0xAC,0xCA,0xEE,0xFF,0xAC,0xCA,0xEE,0xFF,0xAC,0xCA,0xEE,0xFF,0xAC,0xCA,0xEE,0xFF,0xAC,0xCA,0xEE,0xFF,0xAC,0xCA,0xEE,0xFF,0xAC,0xCA,0xEE,0xFF,
    0xAC,0xCA,0xEE,0xFF,0xAC,0xCA,0xEE,0xFF,0xAC,0xCA,0xEE,0xFF,0xAC,0xCA,0xEE,0xFF,0xAC,0xCA,0xEE,0xFF,0xAC,0xCA,0xEE,0xFF,0xAC,0xCA,0xEE,0xFF,0xAC,0xCA,0xEE,0xFF,0xAC,0xCA,0xEE,0xFF,0xAC,0xCA,0xEE,0xFF,0xAC,0xCA,0xEE,0xFF,0xAC,0xCA,0xEE,0xFF,0xAC,0xCA,0xEE,0xFF,0xAC,0xCA,0xEE,0xFF,0xAC,0xCA,0xEE,0xFF,0xAC,0xCA,0xEE,0xFF,
    0xAC,0xCA,0xEE,0xFF,0xAC,0xCA,0xEE,0xFF,0xAC,0xCA,0xEE,0xFF,0xAC,0xCA,0xEE,0xFF,0xAC,0xCA,0xEE,0xFF,0xAC,0xCA,0xEE,0xFF,0xAC,0xCA,0xEE,0xFF,0xAC,0xCA,0xEE,0xFF,0xAC,0xCA,0xEE,0xFF,0xAC,0xCA,0xEE,0xFF,0xAC,0xCA,0xEE,0xFF,0xAC,0xCA,0xEE,0xFF,0xAC,0xCA,0xEE,0xFF,0xAC,0xCA,0xEE,0xFF,0xAC,0xCA,0xEE,0xFF,0xAB,0xCA,0xEE,0xB1,
    0xAB,0xC9,0xEE,0xDE,0xAC,0xCA,0xEE,0xFF,0xAC,0xCA,0xEE,0xFF,0xAC,0xCA,0xEE,0xFF,0xAC,0xCA,0xEE,0xFF,0xAC,0xCA,0xEE,0xFF,0xAC,0xCA,0xEE,0xFF,0xAC,0xCA,0xEE,0xFF,0xAC,0xCA,0xEE,0xFF,0xAC,0xCA,0xEE,0xFF,0xAC,0xCA,0xEE,0xFF,0xAC,0xCA,0xEE,0xFF,0xAC,0xCA,0xEE,0xFF,0xAC,0xCA,0xEE,0xFF,0xAC,0xCA,0xEE,0xFF,0xAC,0xCA,0xEE,0xFF,
    0xAC,0xCA,0xEE,0xFF,0xAC,0xCA,0xEE,0xFF,0xAC,0xCA,0xEE,0xFF,0xAC,0xCA,0xEE,0xFF,0xAC,0xCA,0xEE,0xFF,0xAC,0xCA,0xEE,0xFF,0xAC,0xCA,0xEE,0xFF,0xAC,0xCA,0xEE,0xFF,0xAC,0xCA,0xEE,0xFF,0xAC,0xCA,0xEE,0xFF,0xAC,0xCA,0xEE,0xFF,0xAC,0xCA,0xEE,0xFF,0xAC,0xCA,0xEE,0xFF,0xAC,0xCA,0xEE,0xFF,0xAC,0xCA,0xEE,0xFF,0xAC,0xCA,0xEE,0xFF,
    0xAC,0xCA,0xEE,0xFF,0xAC,0xCA,0xEE,0xFF,0xAC,0xCA,0xEE,0xFF,0xAC,0xCA,0xEE,0xFF,0xAC,0xCA,0xEE,0xFF,0xAC,0xCA,0xEE,0xFF,0xAC,0xCA,0xEE,0xFF,0xAC,0xCA,0xEE,0xFF,0xAC,0xCA,0xEE,0xFF,0xAC,0xCA,0xEE,0xFF,0xAC,0xCA,0xEE,0xFF,0xA7,0xCA,0xE4,0xFF,0x99,0xCE,0xBF,0xFF,0x97,0xD2,0xAE,0xFF,0x8B,0xD5,0x90,0xFF,0x87,0xD7,0x84,0xFF,
    0x88,0xDA,0x80,0xFF,0x8A,0xDB,0x80,0xFF,0x8A,0xDB,0x80,0xFF,0x88,0xD9,0x80,0xFF,0x87,0xD7,0x84,0xFF,0x8B,0xD5,0x90,0xFF,0x97,0xD2,0xAE,0xFF,0x99,0xCE,0xBF,0xFF,0xA7,0xCB,0xE4,0xFF,0xAC,0xCA,0xEE,0xFF,0xAC,0xCA,0xEE,0xFF,0xAC,0xCA,0xEE,0xFF,0xAC,0xCA,0xEE,0xFF,0xAC,0xCA,0xEE,0xFF,0xAC,0xCA,0xEE,0xFF,0xAC,0xCA,0xEE,0xFF,
    0xAC,0xCA,0xEE,0xFF,0xAC,0xCA,0xEE,0xFF,0xAC,0xCA,0xEE,0xFF,0xAC,0xCA,0xEE,0xFF,0xAC,0xCA,0xEE,0xFF,0xAC,0xCA,0xEE,0xFF,0xAC,0xCA,0xEE,0xFF,0xAC,0xCA,0xEE,0xFF,0xAC,0xCA,0xEE,0xFF,0xAC,0xCA,0xEE,0xFF,0xAC,0xCA,0xEE,0xFF,0xAC,0xCA,0xEE,0xFF,0xAC,0xCA,0xEE,0xFF,0xAC,0xCA,0xEE,0xFF,0xAC,0xCA,0xEE,0xFF,0xAC,0xCA,0xEE,0xFF,
    0xAC,0xCA,0xEE,0xFF,0xAC,0xCA,0xEE,0xFF,0xAC,0xCA,0xEE,0xFF,0xAC,0xCA,0xEE,0xFF,0xAC,0xCA,0xEE,0xFF,0xAC,0xCA,0xEE,0xFF,0xAC,0xCA,0xEE,0xFF,0xAC,0xCA,0xEE,0xFF,0xAC,0xCA,0xEE,0xFF,0xAC,0xCA,0xEE,0xFF,0xAC,0xCA,0xEE,0xFF,0xAC,0xCA,0xEE,0xFF,0xAC,0xCA,0xEE,0xFF,0xAC,0xCA,0xEE,0xFF,0xAC,0xCA,0xEE,0xFF,0xAC,0xCA,0xEE,0xFF,
    0xAC,0xCA,0xEE,0xFF,0xAC,0xCA,0xEE,0xFF,0xAC,0xCA,0xEE,0xFF,0xAB,0xC9,0xEE,0xDE,0xAC,0xCA,0xEE,0xFA,0xAC,0xCA,0xEE,0xFF,0xAC,0xCA,0xEE,0xFF,0xAC,0xCA,0xEE,0xFF,0xAC,0xCA,0xEE,0xFF,0xAC,0xCA,0xEE,0xFF,0xAC,0xCA,0xEE,0xFF,0xAC,0xCA,0xEE,0xFF,0xAC,0xCA,0xEE,0xFF,0xAC,0xCA,0xEE,0xFF,0xAC,0xCA,0xEE,0xFF,0xAC,0xCA,0xEE,0xFF,
    0xAC,0xCA,0xEE,0xFF,0xAC,0xCA,0xEE,0xFF,0xAC,0xCA,0xEE,0xFF,0xAC,0xCA,0xEE,0xFF,0xAC,0xCA,0xEE,0xFF,0xAC,0xCA,0xEE,0xFF,0xAC,0xCA,0xEE,0xFF,0xAC,0xCA,0xEE,0xFF,0xAC,0xCA,0xEE,0xFF,0xAC,0xCA,0xEE,0xFF,0xAC,0xCA,0xEE,0xFF,0xAC,0xCA,0xEE,0xFF,0xAC,0xCA,0xEE,0xFF,0xAC,0xCA,0xEE,0xFF,0xAC,0xCA,0xEE,0xFF,0xAC,0xCA,0xEE,0xFF,
    0xAC,0xCA,0xEE,0xFF,0xAC,0xCA,0xEE,0xFF,0xAC,0xCA,0xEE,0xFF,0xAC,0xCA,0xEE,0xFF,0xAC,0xCA,0xEE,0xFF,0xAC,0xCA,0xEE,0xFF,0xAC,0xCA,0xEE,0xFF,0xAC,0xCA,0xEE,0xFF,0xAC,0xCA,0xEE,0xFF,0xAC,0xCA,0xEE,0xFF,0xAC,0xCA,0xEE,0xFF,0xAC,0xCA,0xEE,0xFF,0xAC,0xCA,0xEE,0xFF,0x9A,0xCE,0xC2,0xFF,0x8D,0xD4,0x96,0xFF,0x89,0xDA,0x80,0xFF,
    0x8A,0xDB,0x80,0xFF,0x8A,0xDB,0x80,0xFF,0x8A,0xDB,0x80,0xFF,0x8A,0xDB,0x80,0xFF,0x8A,0xDB,0x80,0xFF,0x8A,0xDB,0x80,0xFF,0x8A,0xDB,0x80,0xFF,0x8A,0xDB,0x80,0xFF,0x8A,0xDB,0x80,0xFF,0x8A,0xDB,0x80,0xFF,0x8A,0xDB,0x80,0xFF,0x8A,0xDB,0x80,0xFF,0x89,0xDA,0x80,0xFF,0x8D,0xD5,0x96,0xFF,0x9A,0xCE,0xC2,0xFF,0xAC,0xCA,0xEE,0xFF,
    0xAC,0xCA,0xEE,0xFF,0xAC,0xCA,0xEE,0xFF,0xAC,0xCA,0xEE,0xFF,0xAC,0xCA,0xEE,0xFF,0xAC,0xCA,0xEE,0xFF,0xAC,0xCA,0xEE,0xFF,0xAC,0xCA,0xEE,0xFF,0xAC,0xCA,0xEE,0xFF,0xAC,0xCA,0xEE,0xFF,0xAC,0xCA,0xEE,0xFF,0xAC,0xCA,0xEE,0xFF,0xAC,0xCA,0xEE,0xFF,0xAC,0xCA,0xEE,0xFF,0xAC,0xCA,0xEE,0xFF,0xAC,0xCA,0xEE,0xFF,0xAC,0xCA,0xEE,0xFF,
    0xAC,0xCA,0xEE,0xFF,0xAC,0xCA,0xEE,0xFF,0xAC,0xCA,0xEE,0xFF,0xAC,0xCA,0xEE,0xFF,0xAC,0xCA,0xEE,0xFF,0xAC,0xCA,0xEE,0xFF,0xAC,0xCA,0xEE,0xFF,0xAC,0xCA,0xEE,0xFF,0xAC,0xCA,0xEE,0xFF,0xAC,0xCA,0xEE,0xFF,0xAC,0xCA,0xEE,0xFF,0xAC,0xCA,0xEE,0xFF,0xAC,0xCA,0xEE,0xFF,0xAC,0xCA,0xEE,0xFF,0xAC,0xCA,0xEE,0xFF,0xAC,0xCA,0xEE,0xFF,
    0xAC,0xCA,0xEE,0xFF,0xAC,0xCA,0xEE,0xFF,0xAC,0xCA,0xEE,0xFF,0xAC,0xCA,0xEE,0xFF,0xAC,0xCA,0xEE,0xFF,0xAC,0xCA,0xEE,0xFF,0xAC,0xCA,0xEE,0xFF,0xAC,0xCA,0xEE,0xFA,0xAC,0xCA,0xEE,0xFF,0xAC,0xCA,0xEE,0xFF,0xAC,0xCA,0xEE,0xFF,0xAC,0xCA,0xEE,0xFF,0xAC,0xCA,0xEE,0xFF,0xAC,0xCA,0xEE,0xFF,0xAC,0xCA,0xEE,0xFF,0xAC,0xCA,0xEE,0xFF,
    0xAC,0xCA,0xEE,0xFF,0xAC,0xCA,0xEE,0xFF,0xAC,0xCA,0xEE,0xFF,0xAC,0xCA,0xEE,0xFF,0xAC,0xCA,0xEE,0xFF,0xAC,0xCA,0xEE,0xFF,0xAC,0xCA,0xEE,0xFF,0xAC,0xCA,0xEE,0xFF,0xAC,0xCA,0xEE,0xFF,0xAC,0xCA,0xEE,0xFF,0xAC,0xCA,0xEE,0xFF,0xAC,0xCA,0xEE,0xFF,0xAC,0xCA,0xEE,0xFF,0xAC,0xCA,0xEE,0xFF,0xAC,0xCA,0xEE,0xFF,0xAC,0xCA,0xEE,0xFF,
    0xAC,0xCA,0xEE,0xFF,0xAC,0xCA,0xEE,0xFF,0xAC,0xCA,0xEE,0xFF,0xAC,0xCA,0xEE,0xFF,0xAC,0xCA,0xEE,0xFF,0xAC,0xCA,0xEE,0xFF,0xAC,0xCA,0xEE,0xFF,0xAC,0xCA,0xEE,0xFF,0xAC,0xCA,0xEE,0xFF,0xAC,0xCA,0xEE,0xFF,0xAC,0xCA,0xEE,0xFF,0xAC,0xCA,0xEE,0xFF,0xAC,0xCA,0xEE,0xFF,0xAC,0xCA,0xEE,0xFF,0xAC,0xCA,0xEE,0xFF,0x9B,0xCE,0xC0,0xFF,
    0x89,0xD7,0x88,0xFF,0x8A,0xDB,0x80,0xFF,0x8A,0xDB,0x80,0xFF,0x89,0xDB,0x7F,0xFF,0x6F,0xD2,0x63,0xFF,0x51,0xC9,0x42,0xFF,0x39,0xC1,0x27,0xFF,0x28,0xBC,0x14,0xFF,0x1C,0xB8,0x07,0xFF,0x16,0xB6,0x01,0xFF,0x16,0xB6,0x01,0xFF,0x1C,0xB8,0x07,0xFF,0x28,0xBC,0x14,0xFF,0x39,0xC1,0x27,0xFF,0x51,0xC9,0x42,0xFF,0x6F,0xD2,0x63,0xFF,
    0x89,0xDB,0x7F,0xFF,0x8A,0xDB,0x80,0xFF,0x8A,0xDB,0x80,0xFF,0x89,0xD7,0x88,0xFF,0x9B,0xCE,0xC0,0xFF,0xAC,0xCA,0xEE,0xFF,0xAC,0xCA,0xEE,0xFF,0xAC,0xCA,0xEE,0xFF,0xAC,0xCA,0xEE,0xFF,0xAC,0xCA,0xEE,0xFF,0xAC,0xCA,0xEE,0xFF,0xAC,0xCA,0xEE,0xFF,0xAC,0xCA,0xEE,0xFF,0xAC,0xCA,0xEE,0xFF,0xAC,0xCA,0xEE,0xFF,0xAC,0xCA,0xEE,0xFF,
    0xAC,0xCA,0xEE,0xFF,0xAC,0xCA,0xEE,0xFF,0xAC,0xCA,0xEE,0xFF,0xAC,0xCA,0xEE,0xFF,0xAC,0xCA,0xEE,0xFF,0xAC,0xCA,0xEE,0xFF,0xAC,0xCA,0xEE,0xFF,0xAC,0xCA,0xEE,0xFF,0xAC,0xCA,0xEE,0xFF,0xAC,0xCA,0xEE,0xFF,0xAC,0xCA,0xEE,0xFF,0xAC,0xCA,0xEE,0xFF,0xAC,0xCA,0xEE,0xFF,0xAC,0xCA,0xEE,0xFF,0xAC,0xCA,0xEE,0xFF,0xAC,0xCA,0xEE,0xFF,
    0xAC,0xCA,0xEE,0xFF,0xAC,0xCA,0xEE,0xFF,0xAC,0xCA,0xEE,0xFF,0xAC,0xCA,0xEE,0xFF,0xAC,0xCA,0xEE,0xFF,0xAC,0xCA,0xEE,0xFF,0xAC,0xCA,0xEE,0xFF,0xAC,0xCA,0xEE,0xFF,0xAC,0xCA,0xEE,0xFF,0xAC,0xCA,0xEE,0xFF,0xAC,0xCA,0xEE,0xFF,0xAC,0xCA,0xEE,0xFF,0xAC,0xCA,0xEE,0xFF,0xAC,0xCA,0xEE,0xFF,0xAC,0xCA,0xEE,0xFF,0xAC,0xCA,0xEE,0xFF,
    0xAC,0xCA,0xEE,0xFF,0xAC,0xCA,0xEE,0xFF,0xAC,0xCA,0xEE,0xFF,0xAC,0xCA,0xEE,0xFF,0xAC,0xCA,0xEE,0xFF,0xAC,0xCA,0xEE,0xFF,0xAC,0xCA,0xEE,0xFF,0xAC,0xCA,0xEE,0xFF,0xAC,0xCA,0xEE,0xFF,0xAC,0xCA,0xEE,0xFF,0xAC,0xCA,0xEE,0xFF,0xAC,0xCA,0xEE,0xFF,0xAC,0xCA,0xEE,0xFF,0xAC,0xCA,0xEE,0xFF,0xAC,0xCA,0xEE,0xFF,0xAC,0xCA,0xEE,0xFF,
    0xAC,0xCA,0xEE,0xFF,0xAC,0xCA,0xEE,0xFF,0xAC,0xCA,0xEE,0xFF,0xAC,0xCA,0xEE,0xFF,0xAC,0xCA,0xEE,0xFF,0xAC,0xCA,0xEE,0xFF,0xAC,0xCA,0xEE,0xFF,0xAC,0xCA,0xEE,0xFF,0xAC,0xCA,0xEE,0xFF,0xAC,0xCA,0xEE,0xFF,0xAC,0xCA,0xEE,0xFF,0xAC,0xCA,0xEE,0xFF,0xAC,0xCA,0xEE,0xFF,0xAC,0xCA,0xEE,0xFF,0xAC,0xCA,0xEE,0xFF,0xAC,0xCA,0xEE,0xFF,
    0xAC,0xCA,0xEE,0xFF,0xA3,0xCB,0xD8,0xFF,0x8B,0xD6,0x90,0xFF,0x8A,0xDB,0x80,0xFF,0x8A,0xDB,0x80,0xFF,0x7C,0xD6,0x71,0xFF,0x4B,0xC7,0x3B,0xFF,0x20,0xB9,0x0C,0xFF,0x15,0xB6,0x00,0xFF,0x15,0xB6,0x00,0xFF,0x15,0xB6,0x00,0xFF,0x15,0xB6,0x00,0xFF,0x15,0xB6,0x00,0xFF,0x15,0xB6,0x00,0xFF,0x15,0xB6,0x00,0xFF,0x15,0xB6,0x00,0xFF,
    0x15,0xB6,0x00,0xFF,0x15,0xB6,0x00,0xFF,0x15,0xB6,0x00,0xFF,0x15,0xB6,0x00,0xFF,0x20,0xB9,0x0C,0xFF,0x4B,0xC7,0x3B,0xFF,0x7C,0xD6,0x71,0xFF,0x8A,0xDB,0x80,0xFF,0x8A,0xDB,0x80,0xFF,0x8B,0xD6,0x90,0xFF,0xA3,0xCB,0xD8,0xFF,0xAC,0xCA,0xEE,0xFF,0xAC,0xCA,0xEE,0xFF,0xAC,0xCA,0xEE,0xFF,0xAC,0xCA,0xEE,0xFF,0xAC,0xCA,0xEE,0xFF,
    0xAC,0xCA,0xEE,0xFF,0xAC,0xCA,0xEE,0xFF,0xAC,0xCA,0xEE,0xFF,0xAC,0xCA,0xEE,0xFF,0xAC,0xCA,0xEE,0xFF,0xAC,0xCA,0xEE,0xFF,0xAC,0xCA,0xEE,0xFF,0xAC,0xCA,0xEE,0xFF,0xAC,0xCA,0xEE,0xFF,0xAC,0xCA,0xEE,0xFF,0xAC,0xCA,0xEE,0xFF,0xAC,0xCA,0xEE,0xFF,0xAC,0xCA,0xEE,0xFF,0xAC,0xCA,0xEE,0xFF,0xAC,0xCA,0xEE,0xFF,0xAC,0xCA,0xEE,0xFF,
    0xAC,0xCA,0xEE,0xFF,0xAC,0xCA,0xEE,0xFF,0xAC,0xCA,0xEE,0xFF,0xAC,0xCA,0xEE,0xFF,0xAC,0xCA,0xEE,0xFF,0xAC,0xCA,0xEE,0xFF,0xAC,0xCA,0xEE,0xFF,0xAC,0xCA,0xEE,0xFF,0xAC,0xCA,0xEE,0xFF,0xAC,0xCA,0xEE,0xFF,0xAC,0xCA,0xEE,0xFF,0xAC,0xCA,0xEE,0xFF,0xAC,0xCA,0xEE,0xFF,0xAC,0xCA,0xEE,0xFF,0xAC,0xCA,0xEE,0xFF,0xAC,0xCA,0xEE,0xFF,
    0xAC,0xCA,0xEE,0xFF,0xAC,0xCA,0xEE,0xFF,0xAC,0xCA,0xEE,0xFF,0xAC,0xCA,0xEE,0xFF,0xAC,0xCA,0xEE,0xFF,0xAC,0xCA,0xEE,0xFF,0xAC,0xCA,0xEE,0xFF,0xAC,0xCA,0xEE,0xFF,0xAC,0xCA,0xEE,0xFF,0xAC,0xCA,0xEE,0xFF,0xAC,0xCA,0xEE,0xFF,0xAC,0xCA,0xEE,0xFF,0xAC,0xCA,0xEE,0xFF,0xAC,0xCA,0xEE,0xFF,0xAC,0xCA,0xEE,0xFF,0xAC,0xCA,0xEE,0xFF,
    0xAC,0xCA,0xEE,0xFF,0xAC,0xCA,0xEE,0xFF,0xAC,0xCA,0xEE,0xFF,0xAC,0xCA,0xEE,0xFF,0xAC,0xCA,0xEE,0xFF,0xAC,0xCA,0xEE,0xFF,0xAC,0xCA,0xEE,0xFF,0xAC,0xCA,0xEE,0xFF,0xAC,0xCA,0xEE,0xFF,0xAC,0xCA,0xEE,0xFF,0xAC,0xCA,0xEE,0xFF,0xAC,0xCA,0xEE,0xFF,0xAC,0xCA,0xEE,0xFF,0xAC,0xCA,0xEE,0xFF,0xAC,0xCA,0xEE,0xFF,0xAC,0xCA,0xEE,0xFF,
    0xAC,0xCA,0xEE,0xFF,0xAC,0xCA,0xEE,0xFF,0xAC,0xCA,0xEE,0xFF,0xAC,0xCA,0xEE,0xFF,0x98,0xD0,0xB7,0xFF,0x89,0xD9,0x81,0xFF,0x8A,0xDB,0x80,0xFF,0x7F,0xD7,0x74,0xFF,0x45,0xC5,0x35,0xFF,0x17,0xB7,0x02,0xFF,0x15,0xB6,0x00,0xFF,0x15,0xB6,0x00,0xFF,0x15,0xB6,0x00,0xFF,0x15,0xB6,0x00,0xFF,0x15,0xB6,0x00,0xFF,0x15,0xB6,0x00,0xFF,
    0x15,0xB6,0x00,0xFF,0x15,0xB6,0x00,0xFF,0x15,0xB6,0x00,0xFF,0x15,0xB6,0x00,0xFF,0x15,0xB6,0x00,0xFF,0x15,0xB6,0x00,0xFF,0x15,0xB6,0x00,0xFF,0x15,0xB6,0x00,0xFF,0x15,0xB6,0x00,0xFF,0x15,0xB6,0x00,0xFF,0x17,0xB7,0x02,0xFF,0x45,0xC5,0x35,0xFF,0x7F,0xD7,0x74,0xFF,0x8A,0xDB,0x80,0xFF,0x89,0xDA,0x81,0xFF,0x97,0xD0,0xB7,0xFF,
    0xAC,0xCA,0xEE,0xFF,0xAC,0xCA,0xEE,0xFF,0xAC,0xCA,0xEE,0xFF,0xAC,0xCA,0xEE,0xFF,0xAC,0xCA,0xEE,0xFF,0xAC,0xCA,0xEE,0xFF,0xAC,0xCA,0xEE,0xFF,0xAC,0xCA,0xEE,0xFF,0xAC,0xCA,0xEE,0xFF,0xAC,0xCA,0xEE,0xFF,0xAC,0xCA,0xEE,0xFF,0xAC,0xCA,0xEE,0xFF,0xAC,0xCA,0xEE,0xFF,0xAC,0xCA,0xEE,0xFF,0xAC,0xCA,0xEE,0xFF,0xAC,0xCA,0xEE,0xFF,
    0xAC,0xCA,0xEE,0xFF,0xAC,0xCA,0xEE,0xFF,0xAC,0xCA,0xEE,0xFF,0xAC,0xCA,0xEE,0xFF,0xAC,0xCA,0xEE,0xFF,0xAC,0xCA,0xEE,0xFF,0xAC,0xCA,0xEE,0xFF,0xAC,0xCA,0xEE,0xFF,0xAC,0xCA,0xEE,0xFF,0xAC,0xCA,0xEE,0xFF,0xAC,0xCA,0xEE,0xFF,0xAC,0xCA,0xEE,0xFF,0xAC,0xCA,0xEE,0xFF,0xAC,0xCA,0xEE,0xFF,0xAC,0xCA,0xEE,0xFF,0xAC,0xCA,0xEE,0xFF,
    0xAC,0xCA,0xEE,0xFF,0xAC,0xCA,0xEE,0xFF,0xAC,0xCA,0xEE,0xFF,0xAC,0xCA,0xEE,0xFF,0xAC,0xCA,0xEE,0xFF,0xAC,0xCA,0xEE,0xFF,0xAC,0xCA,0xEE,0xFF,0xAC,0xCA,0xEE,0xFF,0xAC,0xCA,0xEE,0xFF,0xAC,0xCA,0xEE,0xFF,0xAC,0xCA,0xEE,0xFF,0xAC,0xCA,0xEE,0xFF,0xAC,0xCA,0xEE,0xFF,0xAC,0xCA,0xEE,0xFF,0xAC,0xCA,0xEE,0xFF,0xAC,0xCA,0xEE,0xFF,
    0xAC,0xCA,0xEE,0xFF,0xAC,0xCA,0xEE,0xFF,0xAC,0xCA,0xEE,0xFF,0xAC,0xCA,0xEE,0xFF,0xAC,0xCA,0xEE,0xFF,0xAC,0xCA,0xEE,0xFF,0xAC,0xCA,0xEE,0xFF,0xAC,0xCA,0xEE,0xFF,0xAC,0xCA,0xEE,0xFF,0xAC,0xCA,0xEE,0xFF,0xAC,0xCA,0xEE,0xFF,0xAC,0xCA,0xEE,0xFF,0xAC,0xCA,0xEE,0xFF,0xAC,0xCA,0xEE,0xFF,0xAC,0xCA,0xEE,0xFF,0xAC,0xCA,0xEE,0xFF,
    0xAC,0xCA,0xEE,0xFF,0xAC,0xCA,0xEE,0xFF,0xAC,0xCA,0xEE,0xFF,0xAC,0xCA,0xEE,0xFF,0xAC,0xCA,0xEE,0xFF,0xAC,0xCA,0xEE,0xFF,0xAC,0xCA,0xEE,0xFF,0x91,0xD2,0xA5,0xFF,0x8A,0xDB,0x80,0xFF,0x8A,0xDB,0x80,0xFF,0x5E,0xCD,0x4F,0xFF,0x1E,0xB9,0x0A,0xFF,0x15,0xB6,0x00,0xFF,0x15,0xB6,0x00,0xFF,0x15,0xB6,0x00,0xFF,0x15,0xB6,0x00,0xFF,
    0x15,0xB6,0x00,0xFF,0x15,0xB6,0x00,0xFF,0x15,0xB6,0x00,0xFF,0x15,0xB6,0x00,0xFF,0x15,0xB6,0x00,0xFF,0x15,0xB6,0x00,0xFF,0x15,0xB6,0x00,0xFF,0x15,0xB6,0x00,0xFF,0x15,0xB6,0x00,0xFF,0x15,0xB6,0x00,0xFF,0x15,0xB6,0x00,0xFF,0x15,0xB6,0x00,0xFF,0x15,0xB6,0x00,0xFF,0x15,0xB6,0x00,0xFF,0x15,0xB6,0x00,0xFF,0x15,0xB6,0x00,0xFF,
    0x1E,0xB9,0x0A,0xFF,0x5E,0xCD,0x4F,0xFF,0x8A,0xDB,0x80,0xFF,0x8A,0xDB,0x80,0xFF,0x91,0xD2,0xA5,0xFF,0xAC,0xCA,0xEE,0xFF,0xAC,0xCA,0xEE,0xFF,0xAC,0xCA,0xEE,0xFF,0xAC,0xCA,0xEE,0xFF,0xAC,0xCA,0xEE,0xFF,0xAC,0xCA,0xEE,0xFF,0xAC,0xCA,0xEE,0xFF,0xAC,0xCA,0xEE,0xFF,0xAC,0xCA,0xEE,0xFF,0xAC,0xCA,0xEE,0xFF,0xAC,0xCA,0xEE,0xFF,
    0xAC,0xCA,0xEE,0xFF,0xAC,0xCA,0xEE,0xFF,0xAC,0xCA,0xEE,0xFF,0xAC,0xCA,0xEE,0xFF,0xAC,0xCA,0xEE,0xFF,0xAC,0xCA,0xEE,0xFF,0xAC,0xCA,0xEE,0xFF,0xAC,0xCA,0xEE,0xFF,0xAC,0xCA,0xEE,0xFF,0xAC,0xCA,0xEE,0xFF,0xAC,0xCA,0xEE,0xFF,0xAC,0xCA,0xEE,0xFF,0xAC,0xCA,0xEE,0xFF,0xAC,0xCA,0xEE,0xFF,0xAC,0xCA,0xEE,0xFF,0xAC,0xCA,0xEE,0xFF,
    0xAC,0xCA,0xEE,0xFF,0xAC,0xCA,0xEE,0xFF,0xAC,0xCA,0xEE,0xFF,0xAC,0xCA,0xEE,0xFF,0xAC,0xCA,0xEE,0xFF,0xAC,0xCA,0xEE,0xFF,0xAC,0xCA,0xEE,0xFF,0xAC,0xCA,0xEE,0xFF,0xAC,0xCA,0xEE,0xFF,0xAC,0xCA,0xEE,0xFF,0xAC,0xCA,0xEE,0xFF,0xAC,0xCA,0xEE,0xFF,0xAC,0xCA,0xEE,0xFF,0xAC,0xCA,0xEE,0xFF,0xAC,0xCA,0xEE,0xFF,0xAC,0xCA,0xEE,0xFF,
    0xAC,0xCA,0xEE,0xFF,0xAC,0xCA,0xEE,0xFF,0xAC,0xCA,0xEE,0xFF,0xAC,0xCA,0xEE,0xFF,0xAC,0xCA,0xEE,0xFF,0xAC,0xCA,0xEE,0xFF,0xAC,0xCA,0xEE,0xFF,0xAC,0xCA,0xEE,0xFF,0xAC,0xCA,0xEE,0xFF,0xAC,0xCA,0xEE,0xFF,0xAC,0xCA,0xEE,0xFF,0xAC,0xCA,0xEE,0xFF,0xAC,0xCA,0xEE,0xFF,0xAC,0xCA,0xEE,0xFF,0xAC,0xCA,0xEE,0xFF,0xAC,0xCA,0xEE,0xFF,
    0xAC,0xCA,0xEE,0xFF,0xAC,0xCA,0xEE,0xFF,0xAC,0xCA,0xEE,0xFF,0xAC,0xCA,0xEE,0xFF,0xAC,0xCA,0xEE,0xFF,0xAC,0xCA,0xEE,0xFF,0xAC,0xCA,0xEE,0xFF,0xAC,0xCA,0xEE,0xFF,0xAC,0xCA,0xEE,0xFF,0xAC,0xCA,0xEE,0xFF,0x90,0xD3,0xA1,0xFF,0x8A,0xDB,0x80,0xFF,0x87,0xDA,0x7D,0xFF,0x46,0xC5,0x35,0xFF,0x15,0xB6,0x00,0xFF,0x15,0xB6,0x00,0xFF,
    0x15,0xB6,0x00,0xFF,0x15,0xB6,0x00,0xFF,0x15,0xB6,0x00,0xFF,0x15,0xB6,0x00,0xFF,0x15,0xB6,0x00,0xFF,0x15,0xB6,0x00,0xFF,0x15,0xB6,0x00,0xFF,0x15,0xB6,0x00,0xFF,0x15,0xB6,0x00,0xFF,0x15,0xB6,0x00,0xFF,0x15,0xB6,0x00,0xFF,0x15,0xB6,0x00,0xFF,0x15,0xB6,0x00,0xFF,0x15,0xB6,0x00,0xFF,0x15,0xB6,0x00,0xFF,0x15,0xB6,0x00,0xFF,
    0x15,0xB6,0x00,0xFF,0x15,0xB6,0x00,0xFF,0x15,0xB6,0x00,0xFF,0x15,0xB6,0x00,0xFF,0x15,0xB6,0x00,0xFF,0x15,0xB6,0x00,0xFF,0x46,0xC5,0x35,0xFF,0x87,0xDA,0x7D,0xFF,0x8A,0xDB,0x80,0xFF,0x90,0xD3,0xA1,0xFF,0xAC,0xCA,0xEE,0xFF,0xAC,0xCA,0xEE,0xFF,0xAC,0xCA,0xEE,0xFF,0xAC,0xCA,0xEE,0xFF,0xAC,0xCA,0xEE,0xFF,0xAC,0xCA,0xEE,0xFF,
    0xAC,0xCA,0xEE,0xFF,0xAC,0xCA,0xEE,0xFF,0xAC,0xCA,0xEE,0xFF,0xAC,0xCA,0xEE,0xFF,0xAC,0xCA,0xEE,0xFF,0xAC,0xCA,0xEE,0xFF,0xAC,0xCA,0xEE,0xFF,0xAC,0xCA,0xEE,0xFF,0xAC,0xCA,0xEE,0xFF,0xAC,0xCA,0xEE,0xFF,0xAC,0xCA,0xEE,0xFF,0xAC,0xCA,0xEE,0xFF,0xAC,0xCA,0xEE,0xFF,0xAC,0xCA,0xEE,0xFF,0xAC,0xCA,0xEE,0xFF,0xAC,0xCA,0xEE,0xFF,
    0xAC,0xCA,0xEE,0xFF,0xAC,0xCA,0xEE,0xFF,0xAC,0xCA,0xEE,0xFF,0xAC,0xCA,0xEE,0xFF,0xAC,0xCA,0xEE,0xFF,0xAC,0xCA,0xEE,0xFF,0xAC,0xCA,0xEE,0xFF,0xAC,0xCA,0xEE,0xFF,0xAC,0xCA,0xEE,0xFF,0xAC,0xCA,0xEE,0xFF,0xAC,0xCA,0xEE,0xFF,0xAC,0xCA,0xEE,0xFF,0xAC,0xCA,0xEE,0xFF,0xAC,0xCA,0xEE,0xFF,0xAC,0xCA,0xEE,0xFF,0xAC,0xCA,0xEE,0xFF,
    0xAC,0xCA,0xEE,0xFF,0xAC,0xCA,0xEE,0xFF,0xAC,0xCA,0xEE,0xFF,0xAC,0xCA,0xEE,0xFF,0xAC,0xCA,0xEE,0xFF,0xAC,0xCA,0xEE,0xFF,0xAC,0xCA,0xEE,0xFF,0xAC,0xCA,0xEE,0xFF,0xAC,0xCA,0xEE,0xFF,0xAC,0xCA,0xEE,0xFF,0xAC,0xCA,0xEE,0xFF,0xAC,0xCA,0xEE,0xFF,0xAC,0xCA,0xEE,0xFF,0xAC,0xCA,0xEE,0xFF,0xAC,0xCA,0xEE,0xFF,0xAC,0xCA,0xEE,0xFF,
    0xAC,0xCA,0xEE,0xFF,0xAC,0xCA,0xEE,0xFF,0xAC,0xCA,0xEE,0xFF,0xAC,0xCA,0xEE,0xFF,0xAC,0xCA,0xEE,0xFF,0xAC,0xCA,0xEE,0xFF,0xAC,0xCA,0xEE,0xFF,0xAC,0xCA,0xEE,0xFF,0xAC,0xCA,0xEE,0xFF,0xAC,0xCA,0xEE,0xFF,0xAC,0xCA,0xEE,0xFF,0xAC,0xCA,0xEE,0xFF,0xAC,0xCA,0xEE,0xFF,0x91,0xD2,0xA5,0xFF,0x8A,0xDB,0x80,0xFF,0x84,0xD9,0x7A,0xFF,
    0x35,0xC0,0x23,0xFF,0x15,0xB6,0x00,0xFF,0x15,0xB6,0x00,0xFF,0x15,0xB6,0x00,0xFF,0x15,0xB6,0x00,0xFF,0x15,0xB6,0x00,0xFF,0x15,0xB6,0x00,0xFF,0x15,0xB6,0x00,0xFF,0x15,0xB6,0x00,0xFF,0x15,0xB6,0x00,0xFF,0x15,0xB6,0x00,0xFF,0x15,0xB6,0x00,0xFF,0x15,0xB6,0x00,0xFF,0x15,0xB6,0x00,0xFF,0x15,0xB6,0x00,0xFF,0x15,0xB6,0x00,0xFF,
    0x15,0xB6,0x00,0xFF,0x15,0xB6,0x00,0xFF,0x15,0xB6,0x00,0xFF,0x15,0xB6,0x00,0xFF,0x15,0xB6,0x00,0xFF,0x15,0xB6,0x00,0xFF,0x15,0xB6,0x00,0xFF,0x15,0xB6,0x00,0xFF,0x15,0xB6,0x00,0xFF,0x15,0xB6,0x00,0xFF,0x15,0xB6,0x00,0xFF,0x35,0xC0,0x23,0xFF,0x84,0xD9,0x7A,0xFF,0x8A,0xDB,0x80,0xFF,0x91,0xD2,0xA5,0xFF,0xAC,0xCA,0xEE,0xFF,
    0xAC,0xCA,0xEE,0xFF,0xAC,0xCA,0xEE,0xFF,0xAC,0xCA,0xEE,0xFF,0xAC,0xCA,0xEE,0xFF,0xAC,0xCA,0xEE,0xFF,0xAC,0xCA,0xEE,0xFF,0xAC,0xCA,0xEE,0xFF,0xAC,0xCA,0xEE,0xFF,0xAC,0xCA,0xEE,0xFF,0xAC,0xCA,0xEE,0xFF,0xAC,0xCA,0xEE,0xFF,0xAC,0xCA,0xEE,0xFF,0xAC,0xCA,0xEE,0xFF,0xAC,0xCA,0xEE,0xFF,0xAC,0xCA,0xEE,0xFF,0xAC,0xCA,0xEE,0xFF,
    0xAC,0xCA,0xEE,0xFF,0xAC,0xCA,0xEE,0xFF,0xAC,0xCA,0xEE,0xFF,0xAC,0xCA,0xEE,0xFF,0xAC,0xCA,0xEE,0xFF,0xAC,0xCA,0xEE,0xFF,0xAC,0xCA,0xEE,0xFF,0xAC,0xCA,0xEE,0xFF,0xAC,0xCA,0xEE,0xFF,0xAC,0xCA,0xEE,0xFF,0xAC,0xCA,0xEE,0xFF,0xAC,0xCA,0xEE,0xFF,0xAC,0xCA,0xEE,0xFF,0xAC,0xCA,0xEE,0xFF,0xAC,0xCA,0xEE,0xFF,0xAC,0xCA,0xEE,0xFF,
    0xAC,0xCA,0xEE,0xFF,0xAC,0xCA,0xEE,0xFF,0xAC,0xCA,0xEE,0xFF,0xAC,0xCA,0xEE,0xFF,0xAC,0xCA,0xEE,0xFF,0xAC,0xCA,0xEE,0xFF,0xAC,0xCA,0xEE,0xFF,0xAC,0xCA,0xEE,0xFF,0xAC,0xCA,0xEE,0xFF,0xAC,0xCA,0xEE,0xFF,0xAC,0xCA,0xEE,0xFF,0xAC,0xCA,0xEE,0xFF,0xAC,0xCA,0xEE,0xFF,0xAC,0xCA,0xEE,0xFF,0xAC,0xCA,0xEE,0xFF,0xAC,0xCA,0xEE,0xFF,
    0xAC,0xCA,0xEE,0xFF,0xAC,0xCA,0xEE,0xFF,0xAC,0xCA,0xEE,0xFF,0xAC,0xCA,0xEE,0xFF,0xAC,0xCA,0xEE,0xFF,0xAC,0xCA,0xEE,0xFF,0xAC,0xCA,0xEE,0xFF,0xAC,0xCA,0xEE,0xFF,0xAC,0xCA,0xEE,0xFF,0xAC,0xCA,0xEE,0xFF,0xAC,0xCA,0xEE,0xFF,0xAC,0xCA,0xEE,0xFF,0xAC,0xCA,0xEE,0xFF,0xAC,0xCA,0xEE,0xFF,0xAC,0xCA,0xEE,0xFF,0xAC,0xCA,0xEE,0xFF,
    0x98,0xD0,0xB7,0xFF,0x8A,0xDB,0x80,0xFF,0x87,0xDA,0x7D,0xFF,0x35,0xC0,0x23,0xFF,0x15,0xB6,0x00,0xFF,0x15,0xB6,0x00,0xFF,0x15,0xB6,0x00,0xFF,0x15,0xB6,0x00,0xFF,0x15,0xB6,0x00,0xFF,0x15,0xB6,0x00,0xFF,0x15,0xB6,0x00,0xFF,0x15,0xB6,0x00,0xFF,0x15,0xB6,0x00,0xFF,0x15,0xB6,0x00,0xFF,0x15,0xB6,0x00,0xFF,0x15,0xB6,0x00,0xFF,
    0x15,0xB6,0x00,0xFF,0x15,0xB6,0x00,0xFF,0x15,0xB6,0x00,0xFF,0x15,0xB6,0x00,0xFF,0x15,0xB6,0x00,0xFF,0x15,0xB6,0x00,0xFF,0x15,0xB6,0x00,0xFF,0x15,0xB6,0x00,0xFF,0x15,0xB6,0x00,0xFF,0x15,0xB6,0x00,0xFF,0x15,0xB6,0x00,0xFF,0x15,0xB6,0x00,0xFF,0x15,0xB6,0x00,0xFF,0x15,0xB6,0x00,0xFF,0x15,0xB6,0x00,0xFF,0x15,0xB6,0x00,0xFF,
    0x35,0xC0,0x23,0xFF,0x87,0xDA,0x7D,0xFF,0x8A,0xDB,0x80,0xFF,0x97,0xD0,0xB7,0xFF,0xAC,0xCA,0xEE,0xFF,0xAC,0xCA,0xEE,0xFF,0xAC,0xCA,0xEE,0xFF,0xAC,0xCA,0xEE,0xFF,0xAC,0xCA,0xEE,0xFF,0xAC,0xCA,0xEE,0xFF,0xAC,0xCA,0xEE,0xFF,0xAC,0xCA,0xEE,0xFF,0xAC,0xCA,0xEE,0xFF,0xAC,0xCA,0xEE,0xFF,0xAC,0xCA,0xEE,0xFF,0xAC,0xCA,0xEE,0xFF,
    0xAC,0xCA,0xEE,0xFF,0xAC,0xCA,0xEE,0xFF,0xAC,0xCA,0xEE,0xFF,0xAC,0xCA,0xEE,0xFF,0xAC,0xCA,0xEE,0xFF,0xAC,0xCA,0xEE,0xFF,0xAC,0xCA,0xEE,0xFF,0xAC,0xCA,0xEE,0xFF,0xAC,0xCA,0xEE,0xFF,0xAC,0xCA,0xEE,0xFF,0xAC,0xCA,0xEE,0xFF,0xAC,0xCA,0xEE,0xFF,0xAC,0xCA,0xEE,0xFF,0xAC,0xCA,0xEE,0xFF,0xAC,0xCA,0xEE,0xFF,0xAC,0xCA,0xEE,0xFF,
    0xAC,0xCA,0xEE,0xFF,0xAC,0xCA,0xEE,0xFF,0xAC,0xCA,0xEE,0xFF,0xAC,0xCA,0xEE,0xFF,0xAC,0xCA,0xEE,0xFF,0xAC,0xCA,0xEE,0xFF,0xAC,0xCA,0xEE,0xFF,0xAC,0xCA,0xEE,0xFF,0xAC,0xCA,0xEE,0xFF,0xAC,0xCA,0xEE,0xFF,0xAC,0xCA,0xEE,0xFF,0xAC,0xCA,0xEE,0xFF,0xAC,0xCA,0xEE,0xFF,0xAC,0xCA,0xEE,0xFF,0xAC,0xCA,0xEE,0xFF,0xAC,0xCA,0xEE,0xFF,
    0xAC,0xCA,0xEE,0xFF,0xAC,0xCA,0xEE,0xFF,0xAC,0xCA,0xEE,0xFF,0xAC,0xCA,0xEE,0xFF,0xAC,0xCA,0xEE,0xFF,0xAC,0xCA,0xEE,0xFF,0xAC,0xCA,0xEE,0xFF,0xAC,0xCA,0xEE,0xFF,0xAC,0xCA,0xEE,0xFF,0xAC,0xCA,0xEE,0xFF,0xAC,0xCA,0xEE,0xFF,0xAC,0xCA,0xEE,0xFF,0xAC,0xCA,0xEE,0xFF,0xAC,0xCA,0xEE,0xFF,0xAC,0xCA,0xEE,0xFF,0xAC,0xCA,0xEE,0xFF,
    0xAC,0xCA,0xEE,0xFF,0xAC,0xCA,0xEE,0xFF,0xAC,0xCA,0xEE,0xFF,0xA3,0xCB,0xD8,0xFF,0x89,0xD9,0x81,0xFF,0x8A,0xDB,0x80,0xFF,0x46,0xC5,0x35,0xFF,0x15,0xB6,0x00,0xFF,0x15,0xB6,0x00,0xFF,0x15,0xB6,0x00,0xFF,0x15,0xB6,0x00,0xFF,0x15,0xB6,0x00,0xFF,0x15,0xB6,0x00,0xFF,0x15,0xB6,0x00,0xFF,0x15,0xB6,0x00,0xFF,0x15,0xB6,0x00,0xFF,
    0x15,0xB6,0x00,0xFF,0x15,0xB6,0x00,0xFF,0x15,0xB6,0x00,0xFF,0x15,0xB6,0x00,0xFF,0x15,0xB6,0x00,0xFF,0x15,0xB6,0x00,0xFF,0x15,0xB6,0x00,0xFF,0x15,0xB6,0x00,0xFF,0x15,0xB6,0x00,0xFF,0x15,0xB6,0x00,0xFF,0x15,0xB6,0x00,0xFF,0x15,0xB6,0x00,0xFF,0x15,0xB6,0x00,0xFF,0x15,0xB6,0x00,0xFF,0x15,0xB6,0x00,0xFF,0x15,0xB6,0x00,0xFF,
    0x15,0xB6,0x00,0xFF,0x15,0xB6,0x00,0xFF,0x15,0xB6,0x00,0xFF,0x15,0xB6,0x00,0xFF,0x15,0xB6,0x00,0xFF,0x46,0xC5,0x35,0xFF,0x8A,0xDB,0x80,0xFF,0x89,0xDA,0x81,0xFF,0xA3,0xCB,0xD8,0xFF,0xAC,0xCA,0xEE,0xFF,0xAC,0xCA,0xEE,0xFF,0xAC,0xCA,0xEE,0xFF,0xAC,0xCA,0xEE,0xFF,0xAC,0xCA,0xEE,0xFF,0xAC,0xCA,0xEE,0xFF,0xAC,0xCA,0xEE,0xFF,
    0xAC,0xCA,0xEE,0xFF,0xAC,0xCA,0xEE,0xFF,0xAC,0xCA,0xEE,0xFF,0xAC,0xCA,0xEE,0xFF,0xAC,0xCA,0xEE,0xFF,0xAC,0xCA,0xEE,0xFF,0xAC,0xCA,0xEE,0xFF,0xAC,0xCA,0xEE,0xFF,0xAC,0xCA,0xEE,0xFF,0xAC,0xCA,0xEE,0xFF,0xAC,0xCA,0xEE,0xFF,0xAC,0xCA,0xEE,0xFF,0xAC,0xCA,0xEE,0xFF,0xAC,0xCA,0xEE,0xFF,0xAC,0xCA,0xEE,0xFF,0xAC,0xCA,0xEE,0xFF,
    0xAC,0xCA,0xEE,0xFF,0xAC,0xCA,0xEE,0xFF,0xAC,0xCA,0xEE,0xFF,0xAC,0xCA,0xEE,0xFF,0xAC,0xCA,0xEE,0xFF,0xAC,0xCA,0xEE,0xFF,0xAC,0xCA,0xEE,0xFF,0xAC,0xCA,0xEE,0xFF,0xAC,0xCA,0xEE,0xFF,0xAC,0xCA,0xEE,0xFF,0xAC,0xCA,0xEE,0xFF,0xAC,0xCA,0xEE,0xFF,0xAC,0xCA,0xEE,0xFF,0xAC,0xCA,0xEE,0xFF,0xAC,0xCA,0xEE,0xFF,0xAC,0xCA,0xEE,0xFF,
    0xAC,0xCA,0xEE,0xFF,0xAC,0xCA,0xEE,0xFF,0xAC,0xCA,0xEE,0xFF,0xAC,0xCA,0xEE,0xFF,0xAC,0xCA,0xEE,0xFF,0xAC,0xCA,0xEE,0xFF,0xAC,0xCA,0xEE,0xFF,0xAC,0xCA,0xEE,0xFF,0xAC,0xCA,0xEE,0xFF,0xAC,0xCA,0xEE,0xFF,0xAC,0xCA,0xEE,0xFF,0xAC,0xCA,0xEE,0xFF,0xAC,0xCA,0xEE,0xFF,0xAC,0xCA,0xEE,0xFF,0xAC,0xCA,0xEE,0xFF,0xAC,0xCA,0xEE,0xFF,
    0xAC,0xCA,0xEE,0xFF,0xAC,0xCA,0xEE,0xFF,0xAC,0xCA,0xEE,0xFF,0xAC,0xCA,0xEE,0xFF,0xAC,0xCA,0xEE,0xFF,0xAC,0xCA,0xEE,0xFF,0xAC,0xCA,0xEE,0xFF,0x8B,0xD6,0x90,0xFF,0x8A,0xDB,0x80,0xFF,0x5E,0xCD,0x4F,0xFF,0x15,0xB6,0x00,0xFF,0x15,0xB6,0x00,0xFF,0x15,0xB6,0x00,0xFF,0x15,0xB6,0x00,0xFF,0x15,0xB6,0x00,0xFF,0x15,0xB6,0x00,0xFF,
    0x15,0xB6,0x00,0xFF,0x15,0xB6,0x00,0xFF,0x15,0xB6,0x00,0xFF,0x15,0xB6,0x00,0xFF,0x15,0xB6,0x00,0xFF,0x15,0xB6,0x00,0xFF,0x15,0xB6,0x00,0xFF,0x15,0xB6,0x00,0xFF,0x15,0xB6,0x00,0xFF,0x15,0xB6,0x00,0xFF,0x15,0xB6,0x00,0xFF,0x15,0xB6,0x00,0xFF,0x15,0xB6,0x00,0xFF,0x15,0xB6,0x00,0xFF,0x15,0xB6,0x00,0xFF,0x15,0xB6,0x00,0xFF,
    0x15,0xB6,0x00,0xFF,0x15,0xB6,0x00,0xFF,0x15,0xB6,0x00,0xFF,0x15,0xB6,0x00,0xFF,0x15,0xB6,0x00,0xFF,0x15,0xB6,0x00,0xFF,0x15,0xB6,0x00,0xFF,0x15,0xB6,0x00,0xFF,0x15,0xB6,0x00,0xFF,0x15,0xB6,0x00,0xFF,0x5E,0xCD,0x4F,0xFF,0x8A,0xDB,0x80,0xFF,0x8B,0xD6,0x90,0xFF,0xAC,0xCA,0xEE,0xFF,0xAC,0xCA,0xEE,0xFF,0xAC,0xCA,0xEE,0xFF,
    0xAC,0xCA,0xEE,0xFF,0xAC,0xCA,0xEE,0xFF,0xAC,0xCA,0xEE,0xFF,0xAC,0xCA,0xEE,0xFF,0xAC,0xCA,0xEE,0xFF,0xAC,0xCA,0xEE,0xFF,0xAC,0xCA,0xEE,0xFF,0xAC,0xCA,0xEE,0xFF,0xAC,0xCA,0xEE,0xFF,0xAC,0xCA,0xEE,0xFF,0xAC,0xCA,0xEE,0xFF,0xAC,0xCA,0xEE,0xFF,0xAC,0xCA,0xEE,0xFF,0xAC,0xCA,0xEE,0xFF,0xAC,0xCA,0xEE,0xFF,0xAC,0xCA,0xEE,0xFF,
    0xAC,0xCA,0xEE,0xFF,0xAC,0xCA,0xEE,0xFF,0xAC,0xCA,0xEE,0xFF,0xAC,0xCA,0xEE,0xFF,0xAC,0xCA,0xEE,0xFF,0xAC,0xCA,0xEE,0xFF,0xAC,0xCA,0xEE,0xFF,0xAC,0xCA,0xEE,0xFF,0xAC,0xCA,0xEE,0xFF,0xAC,0xCA,0xEE,0xFF,0xAC,0xCA,0xEE,0xFF,0xAC,0xCA,0xEE,0xFF,0xAC,0xCA,0xEE,0xFF,0xAC,0xCA,0xEE,0xFF,0xAC,0xCA,0xEE,0xFF,0xAC,0xCA,0xEE,0xFF,
    0xAC,0xCA,0xEE,0xFF,0xAC,0xCA,0xEE,0xFF,0xAC,0xCA,0xEE,0xFF,0xAC,0xCA,0xEE,0xFF,0xAC,0xCA,0xEE,0xFF,0xAC,0xCA,0xEE,0xFF,0xAC,0xCA,0xEE,0xFF,0xAC,0xCA,0xEE,0xFF,0xAC,0xCA,0xEE,0xFF,0xAC,0xCA,0xEE,0xFF,0xAC,0xCA,0xEE,0xFF,0xAC,0xCA,0xEE,0xFF,0xAC,0xCA,0xEE,0xFF,0xAC,0xCA,0xEE,0xFF,0xAC,0xCA,0xEE,0xFF,0xAC,0xCA,0xEE,0xFF,
    0xAC,0xCA,0xEE,0xFF,0xAC,0xCA,0xEE,0xFF,0xAC,0xCA,0xEE,0xFF,0xAC,0xCA,0xEE,0xFF,0xAC,0xCA,0xEE,0xFF,0xAC,0xCA,0xEE,0xFF,0xAC,0xCA,0xEE,0xFF,0xAC,0xCA,0xEE,0xFF,0xAC,0xCA,0xEE,0xFF,0xAC,0xCA,0xEE,0xFF,0x9B,0xCE,0xC0,0xFF,0x8A,0xDB,0x80,0xFF,0x7F,0xD7,0x74,0xFF,0x1E,0xB9,0x0A,0xFF,0x15,0xB6,0x00,0xFF,0x15,0xB6,0x00,0xFF,
    0x15,0xB6,0x00,0xFF,0x15,0xB6,0x00,0xFF,0x15,0xB6,0x00,0xFF,0x15,0xB6,0x00,0xFF,0x15,0xB6,0x00,0xFF,0x15,0xB6,0x00,0xFF,0x15,0xB6,0x00,0xFF,0x15,0xB6,0x00,0xFF,0x15,0xB6,0x00,0xFF,0x1A,0xB8,0x06,0xFF,0x6F,0xD2,0x62,0xFF,0x6F,0xD2,0x62,0xFF,0x1A,0xB7,0x05,0xFF,0x15,0xB6,0x00,0xFF,0x15,0xB6,0x00,0xFF,0x15,0xB6,0x00,0xFF,
    0x15,0xB6,0x00,0xFF,0x15,0xB6,0x00,0xFF,0x15,0xB6,0x00,0xFF,0x15,0xB6,0x00,0xFF,0x15,0xB6,0x00,0xFF,0x15,0xB6,0x00,0xFF,0x15,0xB6,0x00,0xFF,0x15,0xB6,0x00,0xFF,0x15,0xB6,0x00,0xFF,0x15,0xB6,0x00,0xFF,0x15,0xB6,0x00,0xFF,0x15,0xB6,0x00,0xFF,0x15,0xB6,0x00,0xFF,0x15,0xB6,0x00,0xFF,0x1E,0xB9,0x0A,0xFF,0x7F,0xD7,0x74,0xFF,
    0x8A,0xDB,0x80,0xFF,0x9B,0xCE,0xC0,0xFF,0xAC,0xCA,0xEE,0xFF,0xAC,0xCA,0xEE,0xFF,0xAC,0xCA,0xEE,0xFF,0xAC,0xCA,0xEE,0xFF,0xAC,0xCA,0xEE,0xFF,0xAC,0xCA,0xEE,0xFF,0xAC,0xCA,0xEE,0xFF,0xAC,0xCA,0xEE,0xFF,0xAC,0xCA,0xEE,0xFF,0xAC,0xCA,0xEE,0xFF,0xAC,0xCA,0xEE,0xFF,0xAC,0xCA,0xEE,0xFF,0xAC,0xCA,0xEE,0xFF,0xAC,0xCA,0xEE,0xFF,
    0xAC,0xCA,0xEE,0xFF,0xAC,0xCA,0xEE,0xFF,0xAC,0xCA,0xEE,0xFF,0xAC,0xCA,0xEE,0xFF,0xAC,0xCA,0xEE,0xFF,0xAC,0xCA,0xEE,0xFF,0xAC,0xCA,0xEE,0xFF,0xAC,0xCA,0xEE,0xFF,0xAC,0xCA,0xEE,0xFF,0xAC,0xCA,0xEE,0xFF,0xAC,0xCA,0xEE,0xFF,0xAC,0xCA,0xEE,0xFF,0xAC,0xCA,0xEE,0xFF,0xAC,0xCA,0xEE,0xFF,0xAC,0xCA,0xEE,0xFF,0xAC,0xCA,0xEE,0xFF,
    0xAC,0xCA,0xEE,0xFF,0xAC,0xCA,0xEE,0xFF,0xAC,0xCA,0xEE,0xFF,0xAC,0xCA,0xEE,0xFF,0xAC,0xCA,0xEE,0xFF,0xAC,0xCA,0xEE,0xFF,0xAC,0xCA,0xEE,0xFF,0xAC,0xCA,0xEE,0xFF,0xAC,0xCA,0xEE,0xFF,0xAC,0xCA,0xEE,0xFF,0xAC,0xCA,0xEE,0xFF,0xAC,0xCA,0xEE,0xFF,0xAC,0xCA,0xEE,0xFF,0xAC,0xCA,0xEE,0xFF,0xAC,0xCA,0xEE,0xFF,0xAC,0xCA,0xEE,0xFF,
    0xAC,0xCA,0xEE,0xFF,0xAC,0xCA,0xEE,0xFF,0xAC,0xCA,0xEE,0xFF,0xAC,0xCA,0xEE,0xFF,0xAC,0xCA,0xEE,0xFF,0xAC,0xCA,0xEE,0xFF,0xAC,0xCA,0xEE,0xFF,0xAC,0xCA,0xEE,0xFF,0xAC,0xCA,0xEE,0xFF,0xAC,0xCA,0xEE,0xFF,0xAC,0xCA,0xEE,0xFF,0xAC,0xCA,0xEE,0xFF,0xAC,0xCA,0xEE,0xFF,0xAC,0xCA,0xEE,0xFF,0x89,0xD7,0x88,0xFF,0x8A,0xDB,0x80,0xFF,
    0x45,0xC5,0x35,0xFF,0x15,0xB6,0x00,0xFF,0x15,0xB6,0x00,0xFF,0x15,0xB6,0x00,0xFF,0x15,0xB6,0x00,0xFF,0x15,0xB6,0x00,0xFF,0x15,0xB6,0x00,0xFF,0x15,0xB6,0x00,0xFF,0x15,0xB6,0x00,0xFF,0x15,0xB6,0x00,0xFF,0x15,0xB6,0x00,0xFF,0x15,0xB6,0x00,0xFF,0x15,0xB6,0x00,0xFF,0x71,0xD3,0x65,0xFF,0xFF,0xFF,0xFF,0xFF,0xFF,0xFF,0xFF,0xFF,
    0xB1,0xE7,0xAA,0xFF,0x19,0xB7,0x04,0xFF,0x15,0xB6,0x00,0xFF,0x15,0xB6,0x00,0xFF,0x15,0xB6,0x00,0xFF,0x15,0xB6,0x00,0xFF,0x15,0xB6,0x00,0xFF,0x15,0xB6,0x00,0xFF,0x15,0xB6,0x00,0xFF,0x15,0xB6,0x00,0xFF,0x15,0xB6,0x00,0xFF,0x15,0xB6,0x00,0xFF,0x15,0xB6,0x00,0xFF,0x15,0xB6,0x00,0xFF,0x15,0xB6,0x00,0xFF,0x15,0xB6,0x00,0xFF,
    0x15,0xB6,0x00,0xFF,0x15,0xB6,0x00,0xFF,0x15,0xB6,0x00,0xFF,0x45,0xC5,0x35,0xFF,0x8A,0xDB,0x80,0xFF,0x89,0xD7,0x88,0xFF,0xAC,0xCA,0xEE,0xFF,0xAC,0xCA,0xEE,0xFF,0xAC,0xCA,0xEE,0xFF,0xAC,0xCA,0xEE,0xFF,0xAC,0xCA,0xEE,0xFF,0xAC,0xCA,0xEE,0xFF,0xAC,0xCA,0xEE,0xFF,0xAC,0xCA,0xEE,0xFF,0xAC,0xCA,0xEE,0xFF,0xAC,0xCA,0xEE,0xFF,
    0xAC,0xCA,0xEE,0xFF,0xAC,0xCA,0xEE,0xFF,0xAC,0xCA,0xEE,0xFF,0xAC,0xCA,0xEE,0xFF,0xAC,0xCA,0xEE,0xFF,0xAC,0xCA,0xEE,0xFF,0xAC,0xCA,0xEE,0xFF,0xAC,0xCA,0xEE,0xFF,0xAC,0xCA,0xEE,0xFF,0xAC,0xCA,0xEE,0xFF,0xAC,0xCA,0xEE,0xFF,0xAC,0xCA,0xEE,0xFF,0xAC,0xCA,0xEE,0xFF,0xAC,0xCA,0xEE,0xFF,0xAC,0xCA,0xEE,0xFF,0xAC,0xCA,0xEE,0xFF,
    0xAC,0xCA,0xEE,0xFF,0xAC,0xCA,0xEE,0xFF,0xAC,0xCA,0xEE,0xFF,0xAC,0xCA,0xEE,0xFF,0xAC,0xCA,0xEE,0xFF,0xAC,0xCA,0xEE,0xFF,0xAC,0xCA,0xEE,0xFF,0xAC,0xCA,0xEE,0xFF,0xAC,0xCA,0xEE,0xFF,0xAC,0xCA,0xEE,0xFF,0xAC,0xCA,0xEE,0xFF,0xAC,0xCA,0xEE,0xFF,0xAC,0xCA,0xEE,0xFF,0xAC,0xCA,0xEE,0xFF,0xAC,0xCA,0xEE,0xFF,0xAC,0xCA,0xEE,0xFF,
    0xAC,0xCA,0xEE,0xFF,0xAC,0xCA,0xEE,0xFF,0xAC,0xCA,0xEE,0xFF,0xAC,0xCA,0xEE,0xFF,0xAC,0xCA,0xEE,0xFF,0xAC,0xCA,0xEE,0xFF,0xAC,0xCA,0xEE,0xFF,0xAC,0xCA,0xEE,0xFF,0xAC,0xCA,0xEE,0xFF,0xAC,0xCA,0xEE,0xFF,0xAC,0xCA,0xEE,0xFF,0xAC,0xCA,0xEE,0xFF,0xAC,0xCA,0xEE,0xFF,0xAC,0xCA,0xEE,0xFF,0xAC,0xCA,0xEE,0xFF,0xAC,0xCA,0xEE,0xFF,
    0xAC,0xCA,0xEE,0xFF,0x9A,0xCE,0xC2,0xFF,0x8A,0xDB,0x80,0xFF,0x7C,0xD6,0x71,0xFF,0x17,0xB7,0x02,0xFF,0x15,0xB6,0x00,0xFF,0x15,0xB6,0x00,0xFF,0x15,0xB6,0x00,0xFF,0x15,0xB6,0x00,0xFF,0x15,0xB6,0x00,0xFF,0x15,0xB6,0x00,0xFF,0x15,0xB6,0x00,0xFF,0x15,0xB6,0x00,0xFF,0x15,0xB6,0x00,0xFF,0x15,0xB6,0x00,0xFF,0x15,0xB6,0x00,0xFF,
    0x15,0xB6,0x00,0xFF,0x71,0xD3,0x65,0xFF,0xFF,0xFF,0xFF,0xFF,0xFF,0xFF,0xFF,0xFF,0xFF,0xFF,0xFF,0xFF,0xB7,0xE8,0xB1,0xFF,0x1B,0xB8,0x07,0xFF,0x15,0xB6,0x00,0xFF,0x15,0xB6,0x00,0xFF,0x15,0xB6,0x00,0xFF,0x15,0xB6,0x00,0xFF,0x15,0xB6,0x00,0xFF,0x15,0xB6,0x00,0xFF,0x15,0xB6,0x00,0xFF,0x15,0xB6,0x00,0xFF,0x15,0xB6,0x00,0xFF,
    0x15,0xB6,0x00,0xFF,0x15,0xB6,0x00,0xFF,0x15,0xB6,0x00,0xFF,0x15,0xB6,0x00,0xFF,0x15,0xB6,0x00,0xFF,0x15,0xB6,0x00,0xFF,0x15,0xB6,0x00,0xFF,0x17,0xB7,0x02,0xFF,0x7C,0xD6,0x71,0xFF,0x8A,0xDB,0x80,0xFF,0x9A,0xCE,0xC2,0xFF,0xAC,0xCA,0xEE,0xFF,0xAC,0xCA,0xEE,0xFF,0xAC,0xCA,0xEE,0xFF,0xAC,0xCA,0xEE,0xFF,0xAC,0xCA,0xEE,0xFF,
    0xAC,0xCA,0xEE,0xFF,0xAC,0xCA,0xEE,0xFF,0xAC,0xCA,0xEE,0xFF,0xAC,0xCA,0xEE,0xFF,0xAC,0xCA,0xEE,0xFF,0xAC,0xCA,0xEE,0xFF,0xAC,0xCA,0xEE,0xFF,0xAC,0xCA,0xEE,0xFF,0xAC,0xCA,0xEE,0xFF,0xAC,0xCA,0xEE,0xFF,0xAC,0xCA,0xEE,0xFF,0xAC,0xCA,0xEE,0xFF,0xAC,0xCA,0xEE,0xFF,0xAC,0xCA,0xEE,0xFF,0xAC,0xCA,0xEE,0xFF,0xAC,0xCA,0xEE,0xFF,
    0xAC,0xCA,0xEE,0xFF,0xAC,0xCA,0xEE,0xFF,0xAC,0xCA,0xEE,0xFF,0xAC,0xCA,0xEE,0xFF,0xAC,0xCA,0xEE,0xFF,0xAC,0xCA,0xEE,0xFF,0xAC,0xCA,0xEE,0xFF,0xAC,0xCA,0xEE,0xFF,0xAC,0xCA,0xEE,0xFF,0xAC,0xCA,0xEE,0xFF,0xAC,0xCA,0xEE,0xFF,0xAC,0xCA,0xEE,0xFF,0xAC,0xCA,0xEE,0xFF,0xAC,0xCA,0xEE,0xFF,0xAC,0xCA,0xEE,0xFF,0xAC,0xCA,0xEE,0xFF,
    0xAC,0xCA,0xEE,0xFF,0xAC,0xCA,0xEE,0xFF,0xAC,0xCA,0xEE,0xFF,0xAC,0xCA,0xEE,0xFF,0xAC,0xCA,0xEE,0xFF,0xAC,0xCA,0xEE,0xFF,0xAC,0xCA,0xEE,0xFF,0xAC,0xCA,0xEE,0xFF,0xAC,0xCA,0xEE,0xFF,0xAC,0xCA,0xEE,0xFF,0xAC,0xCA,0xEE,0xFF,0xAC,0xCA,0xEE,0xFF,0xAC,0xCA,0xEE,0xFF,0xAC,0xCA,0xEE,0xFF,0xAC,0xCA,0xEE,0xFF,0xAC,0xCA,0xEE,0xFF,
    0xAC,0xCA,0xEE,0xFF,0xAC,0xCA,0xEE,0xFF,0xAC,0xCA,0xEE,0xFF,0xAC,0xCA,0xEE,0xFF,0xAC,0xCA,0xEE,0xFF,0x8D,0xD5,0x96,0xFF,0x8A,0xDB,0x80,0xFF,0x4B,0xC7,0x3B,0xFF,0x15,0xB6,0x00,0xFF,0x15,0xB6,0x00,0xFF,0x15,0xB6,0x00,0xFF,0x15,0xB6,0x00,0xFF,0x15,0xB6,0x00,0xFF,0x15,0xB6,0x00,0xFF,0x15,0xB6,0x00,0xFF,0x15,0xB6,0x00,0xFF,
    0x15,0xB6,0x00,0xFF,0x15,0xB6,0x00,0xFF,0x15,0xB6,0x00,0xFF,0x15,0xB6,0x00,0xFF,0x15,0xB6,0x00,0xFF,0x1A,0xB8,0x06,0xFF,0xA9,0xE4,0xA1,0xFF,0xFF,0xFF,0xFF,0xFF,0xFF,0xFF,0xFF,0xFF,0xFF,0xFF,0xFF,0xFF,0xBF,0xEB,0xB9,0xFF,0x1D,0xB9,0x09,0xFF,0x15,0xB6,0x00,0xFF,0x15,0xB6,0x00,0xFF,0x15,0xB6,0x00,0xFF,0x15,0xB6,0x00,0xFF,
    0x15,0xB6,0x00,0xFF,0x15,0xB6,0x00,0xFF,0x15,0xB6,0x00,0xFF,0x15,0xB6,0x00,0xFF,0x15,0xB6,0x00,0xFF,0x15,0xB6,0x00,0xFF,0x15,0xB6,0x00,0xFF,0x15,0xB6,0x00,0xFF,0x15,0xB6,0x00,0xFF,0x15,0xB6,0x00,0xFF,0x15,0xB6,0x00,0xFF,0x15,0xB6,0x00,0xFF,0x4B,0xC7,0x3B,0xFF,0x8A,0xDB,0x80,0xFF,0x8D,0xD5,0x96,0xFF,0xAC,0xCA,0xEE,0xFF,
    0xAC,0xCA,0xEE,0xFF,0xAC,0xCA,0xEE,0xFF,0xAC,0xCA,0xEE,0xFF,0xAC,0xCA,0xEE,0xFF,0xAC,0xCA,0xEE,0xFF,0xAC,0xCA,0xEE,0xFF,0xAC,0xCA,0xEE,0xFF,0xAC,0xCA,0xEE,0xFF,0xAC,0xCA,0xEE,0xFF,0xAC,0xCA,0xEE,0xFF,0xAC,0xCA,0xEE,0xFF,0xAC,0xCA,0xEE,0xFF,0xAC,0xCA,0xEE,0xFF,0xAC,0xCA,0xEE,0xFF,0xAC,0xCA,0xEE,0xFF,0xAC,0xCA,0xEE,0xFF,
    0xAC,0xCA,0xEE,0xFF,0xAC,0xCA,0xEE,0xFF,0xAC,0xCA,0xEE,0xFF,0xAC,0xCA,0xEE,0xFF,0xAC,0xCA,0xEE,0xFF,0xAC,0xCA,0xEE,0xFF,0xAC,0xCA,0xEE,0xFF,0xAC,0xCA,0xEE,0xFF,0xAC,0xCA,0xEE,0xFF,0xAC,0xCA,0xEE,0xFF,0xAC,0xCA,0xEE,0xFF,0xAC,0xCA,0xEE,0xFF,0xAC,0xCA,0xEE,0xFF,0xAC,0xCA,0xEE,0xFF,0xAC,0xCA,0xEE,0xFF,0xAC,0xCA,0xEE,0xFF,
    0xAC,0xCA,0xEE,0xFF,0xAC,0xCA,0xEE,0xFF,0xAC,0xCA,0xEE,0xFF,0xAC,0xCA,0xEE,0xFF,0xAC,0xCA,0xEE,0xFF,0xAC,0xCA,0xEE,0xFF,0xAC,0xCA,0xEE,0xFF,0xAC,0xCA,0xEE,0xFF,0xAC,0xCA,0xEE,0xFF,0xAC,0xCA,0xEE,0xFF,0xAC,0xCA,0xEE,0xFF,0xAC,0xCA,0xEE,0xFF,0xAC,0xCA,0xEE,0xFF,0xAC,0xCA,0xEE,0xFF,0xAC,0xCA,0xEE,0xFF,0xAC,0xCA,0xEE,0xFF,
    0xAC,0xCA,0xEE,0xFF,0xAC,0xCA,0xEE,0xFF,0xAC,0xCA,0xEE,0xFF,0xAC,0xCA,0xEE,0xFF,0xAC,0xCA,0xEE,0xFF,0xAC,0xCA,0xEE,0xFF,0xAC,0xCA,0xEE,0xFF,0xAC,0xCA,0xEE,0xFF,0xA7,0xCB,0xE4,0xFF,0x89,0xDA,0x80,0xFF,0x89,0xDB,0x7F,0xFF,0x20,0xB9,0x0C,0xFF,0x15,0xB6,0x00,0xFF,0x15,0xB6,0x00,0xFF,0x15,0xB6,0x00,0xFF,0x15,0xB6,0x00,0xFF,
    0x15,0xB6,0x00,0xFF,0x15,0xB6,0x00,0xFF,0x15,0xB6,0x00,0xFF,0x15,0xB6,0x00,0xFF,0x15,0xB6,0x00,0xFF,0x15,0xB6,0x00,0xFF,0x15,0xB6,0x00,0xFF,0x15,0xB6,0x00,0xFF,0x15,0xB6,0x00,0xFF,0x15,0xB6,0x00,0xFF,0x16,0xB6,0x01,0xFF,0x9E,0xE1,0x95,0xFF,0xFF,0xFF,0xFF,0xFF,0xFF,0xFF,0xFF,0xFF,0xFF,0xFF,0xFF,0xFF,0xC6,0xED,0xC1,0xFF,
    0x1F,0xB9,0x0B,0xFF,0x15,0xB6,0x00,0xFF,0x15,0xB6,0x00,0xFF,0x15,0xB6,0x00,0xFF,0x15,0xB6,0x00,0xFF,0x15,0xB6,0x00,0xFF,0x15,0xB6,0x00,0xFF,0x15,0xB6,0x00,0xFF,0x15,0xB6,0x00,0xFF,0x15,0xB6,0x00,0xFF,0x15,0xB6,0x00,0xFF,0x15,0xB6,0x00,0xFF,0x15,0xB6,0x00,0xFF,0x15,0xB6,0x00,0xFF,0x15,0xB6,0x00,0xFF,0x15,0xB6,0x00,0xFF,
    0x20,0xB9,0x0C,0xFF,0x89,0xDB,0x7F,0xFF,0x89,0xDA,0x80,0xFF,0xA7,0xCB,0xE4,0xFF,0xAC,0xCA,0xEE,0xFF,0xAC,0xCA,0xEE,0xFF,0xAC,0xCA,0xEE,0xFF,0xAC,0xCA,0xEE,0xFF,0xAC,0xCA,0xEE,0xFF,0xAC,0xCA,0xEE,0xFF,0xAC,0xCA,0xEE,0xFF,0xAC,0xCA,0xEE,0xFF,0xAC,0xCA,0xEE,0xFF,0xAC,0xCA,0xEE,0xFF,0xAC,0xCA,0xEE,0xFF,0xAC,0xCA,0xEE,0xFF,
    0xAC,0xCA,0xEE,0xFF,0xAC,0xCA,0xEE,0xFF,0xAC,0xCA,0xEE,0xFF,0xAC,0xCA,0xEE,0xFF,0xAC,0xCA,0xEE,0xFF,0xAC,0xCA,0xEE,0xFF,0xAC,0xCA,0xEE,0xFF,0xAC,0xCA,0xEE,0xFF,0xAC,0xCA,0xEE,0xFF,0xAC,0xCA,0xEE,0xFF,0xAC,0xCA,0xEE,0xFF,0xAC,0xCA,0xEE,0xFF,0xAC,0xCA,0xEE,0xFF,0xAC,0xCA,0xEE,0xFF,0xAC,0xCA,0xEE,0xFF,0xAC,0xCA,0xEE,0xFF,
    0xAC,0xCA,0xEE,0xFF,0xAC,0xCA,0xEE,0xFF,0xAC,0xCA,0xEE,0xFF,0xAC,0xCA,0xEE,0xFF,0xAC,0xCA,0xEE,0xFF,0xAC,0xCA,0xEE,0xFF,0xAC,0xCA,0xEE,0xFF,0xAC,0xCA,0xEE,0xFF,0xAC,0xCA,0xEE,0xFF,0xAC,0xCA,0xEE,0xFF,0xAC,0xCA,0xEE,0xFF,0xAC,0xCA,0xEE,0xFF,0xAC,0xCA,0xEE,0xFF,0xAC,0xCA,0xEE,0xFF,0xAC,0xCA,0xEE,0xFF,0xAC,0xCA,0xEE,0xFF,
    0xAC,0xCA,0xEE,0xFF,0xAC,0xCA,0xEE,0xFF,0xAC,0xCA,0xEE,0xFF,0xAC,0xCA,0xEE,0xFF,0xAC,0xCA,0xEE,0xFF,0xAC,0xCA,0xEE,0xFF,0xAC,0xCA,0xEE,0xFF,0xAC,0xCA,0xEE,0xFF,0xAC,0xCA,0xEE,0xFF,0xAC,0xCA,0xEE,0xFF,0xAC,0xCA,0xEE,0xFF,0xAC,0xCA,0xEE,0xFF,0x99,0xCE,0xBF,0xFF,0x8A,0xDB,0x80,0xFF,0x6F,0xD2,0x63,0xFF,0x15,0xB6,0x00,0xFF,
    0x15,0xB6,0x00,0xFF,0x15,0xB6,0x00,0xFF,0x15,0xB6,0x00,0xFF,0x15,0xB6,0x00,0xFF,0x15,0xB6,0x00,0xFF,0x15,0xB6,0x00,0xFF,0x15,0xB6,0x00,0xFF,0x15,0xB6,0x00,0xFF,0x15,0xB6,0x00,0xFF,0x15,0xB6,0x00,0xFF,0x15,0xB6,0x00,0xFF,0x15,0xB6,0x00,0xFF,0x15,0xB6,0x00,0xFF,0x15,0xB6,0x00,0xFF,0x15,0xB6,0x00,0xFF,0x15,0xB6,0x00,0xFF,
    0x91,0xDC,0x87,0xFF,0xFF,0xFF,0xFF,0xFF,0xFF,0xFF,0xFF,0xFF,0xFF,0xFF,0xFF,0xFF,0xCA,0xEF,0xC6,0xFF,0x23,0xBA,0x0F,0xFF,0x15,0xB6,0x00,0xFF,0x15,0xB6,0x00,0xFF,0x15,0xB6,0x00,0xFF,0x15,0xB6,0x00,0xFF,0x15,0xB6,0x00,0xFF,0x15,0xB6,0x00,0xFF,0x15,0xB6,0x00,0xFF,0x15,0xB6,0x00,0xFF,0x15,0xB6,0x00,0xFF,0x15,0xB6,0x00,0xFF,
    0x15,0xB6,0x00,0xFF,0x15,0xB6,0x00,0xFF,0x15,0xB6,0x00,0xFF,0x15,0xB6,0x00,0xFF,0x15,0xB6,0x00,0xFF,0x6F,0xD2,0x63,0xFF,0x8A,0xDB,0x80,0xFF,0x99,0xCE,0xBF,0xFF,0xAC,0xCA,0xEE,0xFF,0xAC,0xCA,0xEE,0xFF,0xAC,0xCA,0xEE,0xFF,0xAC,0xCA,0xEE,0xFF,0xAC,0xCA,0xEE,0xFF,0xAC,0xCA,0xEE,0xFF,0xAC,0xCA,0xEE,0xFF,0xAC,0xCA,0xEE,0xFF,
    0xAC,0xCA,0xEE,0xFF,0xAC,0xCA,0xEE,0xFF,0xAC,0xCA,0xEE,0xFF,0xAC,0xCA,0xEE,0xFF,0xAC,0xCA,0xEE,0xFF,0xAC,0xCA,0xEE,0xFF,0xAC,0xCA,0xEE,0xFF,0xAC,0xCA,0xEE,0xFF,0xAC,0xCA,0xEE,0xFF,0xAC,0xCA,0xEE,0xFF,0xAC,0xCA,0xEE,0xFF,0xAC,0xCA,0xEE,0xFF,0xAC,0xCA,0xEE,0xFF,0xAC,0xCA,0xEE,0xFF,0xAC,0xCA,0xEE,0xFF,0xAC,0xCA,0xEE,0xFF,
    0xAC,0xCA,0xEE,0xFF,0xAC,0xCA,0xEE,0xFF,0xAC,0xCA,0xEE,0xFF,0xAC,0xCA,0xEE,0xFF,0xAC,0xCA,0xEE,0xFF,0xAC,0xCA,0xEE,0xFF,0xAC,0xCA,0xEE,0xFF,0xAC,0xCA,0xEE,0xFF,0xAC,0xCA,0xEE,0xFF,0xAC,0xCA,0xEE,0xFF,0xAC,0xCA,0xEE,0xFF,0xAC,0xCA,0xEE,0xFF,0xAC,0xCA,0xEE,0xFF,0xAC,0xCA,0xEE,0xFF,0xAC,0xCA,0xEE,0xFF,0xAC,0xCA,0xEE,0xFF,
    0xAC,0xCA,0xEE,0xFF,0xAC,0xCA,0xEE,0xFF,0xAC,0xCA,0xEE,0xFF,0xAC,0xCA,0xEE,0xFF,0xAC,0xCA,0xEE,0xFF,0xAC,0xCA,0xEE,0xFF,0xAC,0xCA,0xEE,0xFF,0xAC,0xCA,0xEE,0xFF,0xAC,0xCA,0xEE,0xFF,0xAC,0xCA,0xEE,0xFF,0xAC,0xCA,0xEE,0xFF,0xAC,0xCA,0xEE,0xFF,0xAC,0xCA,0xEE,0xFF,0xAC,0xCA,0xEE,0xFF,0xAC,0xCA,0xEE,0xFF,0xAC,0xCA,0xEE,0xFF,
    0x97,0xD2,0xAE,0xFF,0x8A,0xDB,0x80,0xFF,0x51,0xC9,0x42,0xFF,0x15,0xB6,0x00,0xFF,0x15,0xB6,0x00,0xFF,0x15,0xB6,0x00,0xFF,0x15,0xB6,0x00,0xFF,0x15,0xB6,0x00,0xFF,0x15,0xB6,0x00,0xFF,0x15,0xB6,0x00,0xFF,0x15,0xB6,0x00,0xFF,0x15,0xB6,0x00,0xFF,0x15,0xB6,0x00,0xFF,0x15,0xB6,0x00,0xFF,0x15,0xB6,0x00,0xFF,0x15,0xB6,0x00,0xFF,
    0x15,0xB6,0x00,0xFF,0x15,0xB6,0x00,0xFF,0x15,0xB6,0x00,0xFF,0x15,0xB6,0x00,0xFF,0x15,0xB6,0x00,0xFF,0x81,0xD8,0x76,0xFF,0xFF,0xFF,0xFF,0xFF,0xFF,0xFF,0xFF,0xFF,0xFF,0xFF,0xFF,0xFF,0xD1,0xF1,0xCD,0xFF,0x26,0xBB,0x12,0xFF,0x15,0xB6,0x00,0xFF,0x15,0xB6,0x00,0xFF,0x15,0xB6,0x00,0xFF,0x15,0xB6,0x00,0xFF,0x15,0xB6,0x00,0xFF,
    0x15,0xB6,0x00,0xFF,0x15,0xB6,0x00,0xFF,0x15,0xB6,0x00,0xFF,0x15,0xB6,0x00,0xFF,0x15,0xB6,0x00,0xFF,0x15,0xB6,0x00,0xFF,0x15,0xB6,0x00,0xFF,0x15,0xB6,0x00,0xFF,0x15,0xB6,0x00,0xFF,0x51,0xC9,0x42,0xFF,0x8A,0xDB,0x80,0xFF,0x97,0xD2,0xAE,0xFF,0xAC,0xCA,0xEE,0xFF,0xAC,0xCA,0xEE,0xFF,0xAC,0xCA,0xEE,0xFF,0xAC,0xCA,0xEE,0xFF,
    0xAC,0xCA,0xEE,0xFF,0xAC,0xCA,0xEE,0xFF,0xAC,0xCA,0xEE,0xFF,0xAC,0xCA,0xEE,0xFF,0xAC,0xCA,0xEE,0xFF,0xAC,0xCA,0xEE,0xFF,0xAC,0xCA,0xEE,0xFF,0xAC,0xCA,0xEE,0xFF,0xAC,0xCA,0xEE,0xFF,0xAC,0xCA,0xEE,0xFF,0xAC,0xCA,0xEE,0xFF,0xAC,0xCA,0xEE,0xFF,0xAC,0xCA,0xEE,0xFF,0xAC,0xCA,0xEE,0xFF,0xAC,0xCA,0xEE,0xFF,0xAC,0xCA,0xEE,0xFF,
    0xAC,0xCA,0xEE,0xFF,0xAC,0xCA,0xEE,0xFF,0xAC,0xCA,0xEE,0xFF,0xAC,0xCA,0xEE,0xFF,0xAC,0xCA,0xEE,0xFF,0xAC,0xCA,0xEE,0xFF,0xAC,0xCA,0xEE,0xFF,0xAC,0xCA,0xEE,0xFF,0xAC,0xCA,0xEE,0xFF,0xAC,0xCA,0xEE,0xFF,0xAC,0xCA,0xEE,0xFF,0xAC,0xCA,0xEE,0xFF,0xAC,0xCA,0xEE,0xFF,0xAC,0xCA,0xEE,0xFF,0xAC,0xCA,0xEE,0xFF,0xAC,0xCA,0xEE,0xFF,
    0xAC,0xCA,0xEE,0xFF,0xAC,0xCA,0xEE,0xFF,0xAC,0xCA,0xEE,0xFF,0xAC,0xCA,0xEE,0xFF,0xAC,0xCA,0xEE,0xFF,0xAC,0xCA,0xEE,0xFF,0xAC,0xCA,0xEE,0xFF,0xAC,0xCA,0xEE,0xFF,0xAC,0xCA,0xEE,0xFF,0xAC,0xCA,0xEE,0xFF,0xAC,0xCA,0xEE,0xFF,0xAC,0xCA,0xEE,0xFF,0xAC,0xCA,0xEE,0xFF,0xAC,0xCA,0xEE,0xFF,0xAC,0xCA,0xEE,0xFF,0xAC,0xCA,0xEE,0xFF,
    0xAC,0xCA,0xEE,0xFF,0xAC,0xCA,0xEE,0xFF,0xAC,0xCA,0xEE,0xFF,0xAC,0xCA,0xEE,0xFF,0x8B,0xD5,0x90,0xFF,0x8A,0xDB,0x80,0xFF,0x39,0xC1,0x27,0xFF,0x15,0xB6,0x00,0xFF,0x15,0xB6,0x00,0xFF,0x15,0xB6,0x00,0xFF,0x15,0xB6,0x00,0xFF,0x15,0xB6,0x00,0xFF,0x15,0xB6,0x00,0xFF,0x15,0xB6,0x00,0xFF,0x15,0xB6,0x00,0xFF,0x15,0xB6,0x00,0xFF,
    0x15,0xB6,0x00,0xFF,0x15,0xB6,0x00,0xFF,0x15,0xB6,0x00,0xFF,0x15,0xB6,0x00,0xFF,0x15,0xB6,0x00,0xFF,0x15,0xB6,0x00,0xFF,0x15,0xB6,0x00,0xFF,0x15,0xB6,0x00,0xFF,0x15,0xB6,0x00,0xFF,0x15,0xB6,0x00,0xFF,0x76,0xD4,0x6A,0xFF,0xFE,0xFF,0xFE,0xFF,0xFF,0xFF,0xFF,0xFF,0xFF,0xFF,0xFF,0xFF,0xD7,0xF2,0xD3,0xFF,0x2A,0xBC,0x17,0xFF,
    0x15,0xB6,0x00,0xFF,0x15,0xB6,0x00,0xFF,0x15,0xB6,0x00,0xFF,0x15,0xB6,0x00,0xFF,0x15,0xB6,0x00,0xFF,0x15,0xB6,0x00,0xFF,0x15,0xB6,0x00,0xFF,0x15,0xB6,0x00,0xFF,0x15,0xB6,0x00,0xFF,0x15,0xB6,0x00,0xFF,0x15,0xB6,0x00,0xFF,0x15,0xB6,0x00,0xFF,0x15,0xB6,0x00,0xFF,0x39,0xC1,0x27,0xFF,0x8A,0xDB,0x80,0xFF,0x8B,0xD5,0x90,0xFF,
    0xAC,0xCA,0xEE,0xFF,0xAC,0xCA,0xEE,0xFF,0xAC,0xCA,0xEE,0xFF,0xAC,0xCA,0xEE,0xFF,0xAC,0xCA,0xEE,0xFF,0xAC,0xCA,0xEE,0xFF,0xAC,0xCA,0xEE,0xFF,0xAC,0xCA,0xEE,0xFF,0xAC,0xCA,0xEE,0xFF,0xAC,0xCA,0xEE,0xFF,0xAC,0xCA,0xEE,0xFF,0xAC,0xCA,0xEE,0xFF,0xAC,0xCA,0xEE,0xFF,0xAC,0xCA,0xEE,0xFF,0xAC,0xCA,0xEE,0xFF,0xAC,0xCA,0xEE,0xFF,
    0xAC,0xCA,0xEE,0xFF,0xAC,0xCA,0xEE,0xFF,0xAC,0xCA,0xEE,0xFF,0xAC,0xCA,0xEE,0xFF,0xAC,0xCA,0xEE,0xFF,0xAC,0xCA,0xEE,0xFF,0xAC,0xCA,0xEE,0xFF,0xAC,0xCA,0xEE,0xFF,0xAC,0xCA,0xEE,0xFF,0xAC,0xCA,0xEE,0xFF,0xAC,0xCA,0xEE,0xFF,0xAC,0xCA,0xEE,0xFF,0xAC,0xCA,0xEE,0xFF,0xAC,0xCA,0xEE,0xFF,0xAC,0xCA,0xEE,0xFF,0xAC,0xCA,0xEE,0xFF,
    0xAC,0xCA,0xEE,0xFF,0xAC,0xCA,0xEE,0xFF,0xAC,0xCA,0xEE,0xFF,0xAC,0xCA,0xEE,0xFF,0xAC,0xCA,0xEE,0xFF,0xAC,0xCA,0xEE,0xFF,0xAC,0xCA,0xEE,0xFF,0xAC,0xCA,0xEE,0xFF,0xAC,0xCA,0xEE,0xFF,0xAC,0xCA,0xEE,0xFF,0xAC,0xCA,0xEE,0xFF,0xAC,0xCA,0xEE,0xFF,0xAC,0xCA,0xEE,0xFF,0xAC,0xCA,0xEE,0xFF,0xAC,0xCA,0xEE,0xFF,0xAC,0xCA,0xEE,0xFF,
    0xAC,0xCA,0xEE,0xFF,0xAC,0xCA,0xEE,0xFF,0xAC,0xCA,0xEE,0xFF,0xAC,0xCA,0xEE,0xFF,0xAC,0xCA,0xEE,0xFF,0xAC,0xCA,0xEE,0xFF,0xAC,0xCA,0xEE,0xFF,0xAC,0xCA,0xEE,0xFF,0x87,0xD7,0x84,0xFF,0x8A,0xDB,0x80,0xFF,0x28,0xBC,0x14,0xFF,0x15,0xB6,0x00,0xFF,0x15,0xB6,0x00,0xFF,0x15,0xB6,0x00,0xFF,0x15,0xB6,0x00,0xFF,0x15,0xB6,0x00,0xFF,
    0x15,0xB6,0x00,0xFF,0x15,0xB6,0x00,0xFF,0x15,0xB6,0x00,0xFF,0x15,0xB6,0x00,0xFF,0x15,0xB6,0x00,0xFF,0x15,0xB6,0x00,0xFF,0x15,0xB6,0x00,0xFF,0x15,0xB6,0x00,0xFF,0x15,0xB6,0x00,0xFF,0x15,0xB6,0x00,0xFF,0x15,0xB6,0x00,0xFF,0x15,0xB6,0x00,0xFF,0x15,0xB6,0x00,0xFF,0x15,0xB6,0x00,0xFF,0x15,0xB6,0x00,0xFF,0x6B,0xD1,0x5E,0xFF,
    0xFC,0xFE,0xFC,0xFF,0xFF,0xFF,0xFF,0xFF,0xFF,0xFF,0xFF,0xFF,0xDB,0xF4,0xD7,0xFF,0x2F,0xBE,0x1C,0xFF,0x15,0xB6,0x00,0xFF,0x15,0xB6,0x00,0xFF,0x15,0xB6,0x00,0xFF,0x15,0xB6,0x00,0xFF,0x15,0xB6,0x00,0xFF,0x15,0xB6,0x00,0xFF,0x15,0xB6,0x00,0xFF,0x15,0xB6,0x00,0xFF,0x15,0xB6,0x00,0xFF,0x15,0xB6,0x00,0xFF,0x15,0xB6,0x00,0xFF,
    0x15,0xB6,0x00,0xFF,0x28,0xBC,0x14,0xFF,0x8A,0xDB,0x80,0xFF,0x87,0xD7,0x84,0xFF,0xAC,0xCA,0xEE,0xFF,0xAC,0xCA,0xEE,0xFF,0xAC,0xCA,0xEE,0xFF,0xAC,0xCA,0xEE,0xFF,0xAC,0xCA,0xEE,0xFF,0xAC,0xCA,0xEE,0xFF,0xAC,0xCA,0xEE,0xFF,0xAC,0xCA,0xEE,0xFF,0xAC,0xCA,0xEE,0xFF,0xAC,0xCA,0xEE,0xFF,0xAC,0xCA,0xEE,0xFF,0xAC,0xCA,0xEE,0xFF,
    0xAC,0xCA,0xEE,0xFF,0xAC,0xCA,0xEE,0xFF,0xAC,0xCA,0xEE,0xFF,0xAC,0xCA,0xEE,0xFF,0xAC,0xCA,0xEE,0xFF,0xAC,0xCA,0xEE,0xFF,0xAC,0xCA,0xEE,0xFF,0xAC,0xCA,0xEE,0xFF,0xAC,0xCA,0xEE,0xFF,0xAC,0xCA,0xEE,0xFF,0xAC,0xCA,0xEE,0xFF,0xAC,0xCA,0xEE,0xFF,0xAC,0xCA,0xEE,0xFF,0xAC,0xCA,0xEE,0xFF,0xAC,0xCA,0xEE,0xFF,0xAC,0xCA,0xEE,0xFF,
    0xAC,0xCA,0xEE,0xFF,0xAC,0xCA,0xEE,0xFF,0xAC,0xCA,0xEE,0xFF,0xAC,0xCA,0xEE,0xFF,0xAC,0xCA,0xEE,0xFF,0xAC,0xCA,0xEE,0xFF,0xAC,0xCA,0xEE,0xFF,0xAC,0xCA,0xEE,0xFF,0xAC,0xCA,0xEE,0xFF,0xAC,0xCA,0xEE,0xFF,0xAC,0xCA,0xEE,0xFF,0xAC,0xCA,0xEE,0xFF,0xAC,0xCA,0xEE,0xFF,0xAC,0xCA,0xEE,0xFF,0xAC,0xCA,0xEE,0xFF,0xAC,0xCA,0xEE,0xFF,
    0xAC,0xCA,0xEE,0xFF,0xAC,0xCA,0xEE,0xFF,0xAC,0xCA,0xEE,0xFF,0xAC,0xCA,0xEE,0xFF,0xAC,0xCA,0xEE,0xFF,0xAC,0xCA,0xEE,0xFF,0xAC,0xCA,0xEE,0xFF,0xAC,0xCA,0xEE,0xFF,0xAC,0xCA,0xEE,0xFF,0xAC,0xCA,0xEE,0xFF,0xAC,0xCA,0xEE,0xFF,0xAC,0xCA,0xEE,0xFF,0x88,0xD9,0x80,0xFF,0x8A,0xDB,0x80,0xFF,0x1C,0xB8,0x07,0xFF,0x15,0xB6,0x00,0xFF,
    0x15,0xB6,0x00,0xFF,0x15,0xB6,0x00,0xFF,0x15,0xB6,0x00,0xFF,0x15,0xB6,0x00,0xFF,0x15,0xB6,0x00,0xFF,0x15,0xB6,0x00,0xFF,0x15,0xB6,0x00,0xFF,0x15,0xB6,0x00,0xFF,0x15,0xB6,0x00,0xFF,0x15,0xB6,0x00,0xFF,0x15,0xB6,0x00,0xFF,0x15,0xB6,0x00,0xFF,0x15,0xB6,0x00,0xFF,0x15,0xB6,0x00,0xFF,0x15,0xB6,0x00,0xFF,0x15,0xB6,0x00,0xFF,
    0x15,0xB6,0x00,0xFF,0x15,0xB6,0x00,0xFF,0x15,0xB6,0x00,0xFF,0x15,0xB6,0x00,0xFF,0x61,0xCE,0x53,0xFF,0xFA,0xFD,0xFA,0xFF,0xFF,0xFF,0xFF,0xFF,0xFF,0xFF,0xFF,0xFF,0xE1,0xF6,0xDE,0xFF,0x31,0xBF,0x1F,0xFF,0x15,0xB6,0x00,0xFF,0x15,0xB6,0x00,0xFF,0x15,0xB6,0x00,0xFF,0x15,0xB6,0x00,0xFF,0x15,0xB6,0x00,0xFF,0x15,0xB6,0x00,0xFF,
    0x15,0xB6,0x00,0xFF,0x15,0xB6,0x00,0xFF,0x15,0xB6,0x00,0xFF,0x15,0xB6,0x00,0xFF,0x15,0xB6,0x00,0xFF,0x1C,0xB8,0x07,0xFF,0x8A,0xDB,0x80,0xFF,0x88,0xD9,0x80,0xFF,0xAC,0xCA,0xEE,0xFF,0xAC,0xCA,0xEE,0xFF,0xAC,0xCA,0xEE,0xFF,0xAC,0xCA,0xEE,0xFF,0xAC,0xCA,0xEE,0xFF,0xAC,0xCA,0xEE,0xFF,0xAC,0xCA,0xEE,0xFF,0xAC,0xCA,0xEE,0xFF,
    0xAC,0xCA,0xEE,0xFF,0xAC,0xCA,0xEE,0xFF,0xAC,0xCA,0xEE,0xFF,0xAC,0xCA,0xEE,0xFF,0xAC,0xCA,0xEE,0xFF,0xAC,0xCA,0xEE,0xFF,0xAC,0xCA,0xEE,0xFF,0xAC,0xCA,0xEE,0xFF,0xAC,0xCA,0xEE,0xFF,0xAC,0xCA,0xEE,0xFF,0xAC,0xCA,0xEE,0xFF,0xAC,0xCA,0xEE,0xFF,0xAC,0xCA,0xEE,0xFF,0xAC,0xCA,0xEE,0xFF,0xAC,0xCA,0xEE,0xFF,0xAC,0xCA,0xEE,0xFF,
    0xAC,0xCA,0xEE,0xFF,0xAC,0xCA,0xEE,0xFF,0xAC,0xCA,0xEE,0xFF,0xAC,0xCA,0xEE,0xFF,0xAC,0xCA,0xEE,0xFF,0xAC,0xCA,0xEE,0xFF,0xAC,0xCA,0xEE,0xFF,0xAC,0xCA,0xEE,0xFF,0xAC,0xCA,0xEE,0xFF,0xAC,0xCA,0xEE,0xFF,0xAC,0xCA,0xEE,0xFF,0xAC,0xCA,0xEE,0xFF,0xAC,0xCA,0xEE,0xFF,0xAC,0xCA,0xEE,0xFF,0xAC,0xCA,0xEE,0xFF,0xAC,0xCA,0xEE,0xFF,
    0xAC,0xCA,0xEE,0xFF,0xAC,0xCA,0xEE,0xFF,0xAC,0xCA,0xEE,0xFF,0xAC,0xCA,0xEE,0xFF,0xAC,0xCA,0xEE,0xFF,0xAC,0xCA,0xEE,0xFF,0xAC,0xCA,0xEE,0xFF,0xAC,0xCA,0xEE,0xFF,0xAC,0xCA,0xEE,0xFF,0xAC,0xCA,0xEE,0xFF,0xAC,0xCA,0xEE,0xFF,0xAC,0xCA,0xEE,0xFF,0xAC,0xCA,0xEE,0xFF,0xAC,0xCA,0xEE,0xFF,0xAC,0xCA,0xEE,0xFF,0xAC,0xCA,0xEE,0xFF,
    0x8A,0xDB,0x80,0xFF,0x8A,0xDB,0x80,0xFF,0x16,0xB6,0x01,0xFF,0x15,0xB6,0x00,0xFF,0x15,0xB6,0x00,0xFF,0x15,0xB6,0x00,0xFF,0x15,0xB6,0x00,0xFF,0x15,0xB6,0x00,0xFF,0x15,0xB6,0x00,0xFF,0x15,0xB6,0x00,0xFF,0x15,0xB6,0x00,0xFF,0x15,0xB6,0x00,0xFF,0x15,0xB6,0x00,0xFF,0x15,0xB6,0x00,0xFF,0x15,0xB6,0x00,0xFF,0x15,0xB6,0x00,0xFF,
    0x15,0xB6,0x00,0xFF,0x15,0xB6,0x00,0xFF,0x15,0xB6,0x00,0xFF,0x15,0xB6,0x00,0xFF,0x15,0xB6,0x00,0xFF,0x15,0xB6,0x00,0xFF,0x15,0xB6,0x00,0xFF,0x15,0xB6,0x00,0xFF,0x15,0xB6,0x00,0xFF,0x57,0xCB,0x48,0xFF,0xF6,0xFC,0xF6,0xFF,0xFF,0xFF,0xFF,0xFF,0xFF,0xFF,0xFF,0xFF,0xBF,0xEB,0xBA,0xFF,0x15,0xB6,0x00,0xFF,0x15,0xB6,0x00,0xFF,
    0x15,0xB6,0x00,0xFF,0x15,0xB6,0x00,0xFF,0x15,0xB6,0x00,0xFF,0x15,0xB6,0x00,0xFF,0x15,0xB6,0x00,0xFF,0x15,0xB6,0x00,0xFF,0x15,0xB6,0x00,0xFF,0x15,0xB6,0x00,0xFF,0x15,0xB6,0x00,0xFF,0x16,0xB6,0x01,0xFF,0x8A,0xDB,0x80,0xFF,0x8A,0xDB,0x80,0xFF,0xAC,0xCA,0xEE,0xFF,0xAC,0xCA,0xEE,0xFF,0xAC,0xCA,0xEE,0xFF,0xAC,0xCA,0xEE,0xFF,
    0xAC,0xCA,0xEE,0xFF,0xAC,0xCA,0xEE,0xFF,0xAC,0xCA,0xEE,0xFF,0xAC,0xCA,0xEE,0xFF,0xAC,0xCA,0xEE,0xFF,0xAC,0xCA,0xEE,0xFF,0xAC,0xCA,0xEE,0xFF,0xAC,0xCA,0xEE,0xFF,0xAC,0xCA,0xEE,0xFF,0xAC,0xCA,0xEE,0xFF,0xAC,0xCA,0xEE,0xFF,0xAC,0xCA,0xEE,0xFF,0xAC,0xCA,0xEE,0xFF,0xAC,0xCA,0xEE,0xFF,0xAC,0xCA,0xEE,0xFF,0xAC,0xCA,0xEE,0xFF,
    0xAC,0xCA,0xEE,0xFF,0xAC,0xCA,0xEE,0xFF,0xAC,0xCA,0xEE,0xFF,0xAC,0xCA,0xEE,0xFF,0xAC,0xCA,0xEE,0xFF,0xAC,0xCA,0xEE,0xFF,0xAC,0xCA,0xEE,0xFF,0xAC,0xCA,0xEE,0xFF,0xAC,0xCA,0xEE,0xFF,0xAC,0xCA,0xEE,0xFF,0xAC,0xCA,0xEE,0xFF,0xAC,0xCA,0xEE,0xFF,0xAC,0xCA,0xEE,0xFF,0xAC,0xCA,0xEE,0xFF,0xAC,0xCA,0xEE,0xFF,0xAC,0xCA,0xEE,0xFF,
    0xAC,0xCA,0xEE,0xFF,0xAC,0xCA,0xEE,0xFF,0xAC,0xCA,0xEE,0xFF,0xAC,0xCA,0xEE,0xFF,0xAC,0xCA,0xEE,0xFF,0xAC,0xCA,0xEE,0xFF,0xAC,0xCA,0xEE,0xFF,0xAC,0xCA,0xEE,0xFF,0xAC,0xCA,0xEE,0xFF,0xAC,0xCA,0xEE,0xFF,0xAC,0xCA,0xEE,0xFF,0xAC,0xCA,0xEE,0xFF,0xAC,0xCA,0xEE,0xFF,0xAC,0xCA,0xEE,0xFF,0xAC,0xCA,0xEE,0xFF,0xAC,0xCA,0xEE,0xFF,
    0xAC,0xCA,0xEE,0xFF,0xAC,0xCA,0xEE,0xFF,0xAC,0xCA,0xEE,0xFF,0xAC,0xCA,0xEE,0xFF,0x8A,0xDB,0x80,0xFF,0x8A,0xDB,0x80,0xFF,0x16,0xB6,0x01,0xFF,0x15,0xB6,0x00,0xFF,0x15,0xB6,0x00,0xFF,0x15,0xB6,0x00,0xFF,0x15,0xB6,0x00,0xFF,0x15,0xB6,0x00,0xFF,0x15,0xB6,0x00,0xFF,0x15,0xB6,0x00,0xFF,0x15,0xB6,0x00,0xFF,0x15,0xB6,0x00,0xFF,
    0x15,0xB6,0x00,0xFF,0x15,0xB6,0x00,0xFF,0x15,0xB6,0x00,0xFF,0x15,0xB6,0x00,0xFF,0x15,0xB6,0x00,0xFF,0x15,0xB6,0x00,0xFF,0x15,0xB6,0x00,0xFF,0x15,0xB6,0x00,0xFF,0x15,0xB6,0x00,0xFF,0x15,0xB6,0x00,0xFF,0x15,0xB6,0x00,0xFF,0x15,0xB6,0x00,0xFF,0x15,0xB6,0x00,0xFF,0x15,0xB6,0x00,0xFF,0x7C,0xD6,0x70,0xFF,0xFF,0xFF,0xFF,0xFF,
    0xFF,0xFF,0xFF,0xFF,0xFC,0xFE,0xFC,0xFF,0x15,0xB6,0x00,0xFF,0x15,0xB6,0x00,0xFF,0x15,0xB6,0x00,0xFF,0x15,0xB6,0x00,0xFF,0x15,0xB6,0x00,0xFF,0x15,0xB6,0x00,0xFF,0x15,0xB6,0x00,0xFF,0x15,0xB6,0x00,0xFF,0x15,0xB6,0x00,0xFF,0x15,0xB6,0x00,0xFF,0x15,0xB6,0x00,0xFF,0x16,0xB6,0x01,0xFF,0x8A,0xDB,0x80,0xFF,0x8A,0xDB,0x80,0xFF,
    0xAC,0xCA,0xEE,0xFF,0xAC,0xCA,0xEE,0xFF,0xAC,0xCA,0xEE,0xFF,0xAC,0xCA,0xEE,0xFF,0xAC,0xCA,0xEE,0xFF,0xAC,0xCA,0xEE,0xFF,0xAC,0xCA,0xEE,0xFF,0xAC,0xCA,0xEE,0xFF,0xAC,0xCA,0xEE,0xFF,0xAC,0xCA,0xEE,0xFF,0xAC,0xCA,0xEE,0xFF,0xAC,0xCA,0xEE,0xFF,0xAC,0xCA,0xEE,0xFF,0xAC,0xCA,0xEE,0xFF,0xAC,0xCA,0xEE,0xFF,0xAC,0xCA,0xEE,0xFF,
    0xAC,0xCA,0xEE,0xFF,0xAC,0xCA,0xEE,0xFF,0xAC,0xCA,0xEE,0xFF,0xAC,0xCA,0xEE,0xFF,0xAC,0xCA,0xEE,0xFF,0xAC,0xCA,0xEE,0xFF,0xAC,0xCA,0xEE,0xFF,0xAC,0xCA,0xEE,0xFF,0xAC,0xCA,0xEE,0xFF,0xAC,0xCA,0xEE,0xFF,0xAC,0xCA,0xEE,0xFF,0xAC,0xCA,0xEE,0xFF,0xAC,0xCA,0xEE,0xFF,0xAC,0xCA,0xEE,0xFF,0xAC,0xCA,0xEE,0xFF,0xAC,0xCA,0xEE,0xFF,
    0xAC,0xCA,0xEE,0xFF,0xAC,0xCA,0xEE,0xFF,0xAC,0xCA,0xEE,0xFF,0xAC,0xCA,0xEE,0xFF,0xAC,0xCA,0xEE,0xFF,0xAC,0xCA,0xEE,0xFF,0xAC,0xCA,0xEE,0xFF,0xAC,0xCA,0xEE,0xFF,0xAC,0xCA,0xEE,0xFF,0xAC,0xCA,0xEE,0xFF,0xAC,0xCA,0xEE,0xFF,0xAC,0xCA,0xEE,0xFF,0xAC,0xCA,0xEE,0xFF,0xAC,0xCA,0xEE,0xFF,0xAC,0xCA,0xEE,0xFF,0xAC,0xCA,0xEE,0xFF,
    0xAC,0xCA,0xEE,0xFF,0xAC,0xCA,0xEE,0xFF,0xAC,0xCA,0xEE,0xFF,0xAC,0xCA,0xEE,0xFF,0xAC,0xCA,0xEE,0xFF,0xAC,0xCA,0xEE,0xFF,0xAC,0xCA,0xEE,0xFF,0xAC,0xCA,0xEE,0xFF,0x88,0xDA,0x80,0xFF,0x8A,0xDB,0x80,0xFF,0x1C,0xB8,0x07,0xFF,0x15,0xB6,0x00,0xFF,0x15,0xB6,0x00,0xFF,0x15,0xB6,0x00,0xFF,0x15,0xB6,0x00,0xFF,0x15,0xB6,0x00,0xFF,
    0x15,0xB6,0x00,0xFF,0x15,0xB6,0x00,0xFF,0x15,0xB6,0x00,0xFF,0x15,0xB6,0x00,0xFF,0x15,0xB6,0x00,0xFF,0x15,0xB6,0x00,0xFF,0x15,0xB6,0x00,0xFF,0x15,0xB6,0x00,0xFF,0x15,0xB6,0x00,0xFF,0x15,0xB6,0x00,0xFF,0x15,0xB6,0x00,0xFF,0x15,0xB6,0x00,0xFF,0x15,0xB6,0x00,0xFF,0x15,0xB6,0x00,0xFF,0x15,0xB6,0x00,0xFF,0x15,0xB6,0x00,0xFF,
    0x15,0xB6,0x00,0xFF,0x56,0xCA,0x47,0xFF,0xF7,0xFD,0xF7,0xFF,0xFF,0xFF,0xFF,0xFF,0xFF,0xFF,0xFF,0xFF,0xCA,0xEE,0xC5,0xFF,0x15,0xB6,0x00,0xFF,0x15,0xB6,0x00,0xFF,0x15,0xB6,0x00,0xFF,0x15,0xB6,0x00,0xFF,0x15,0xB6,0x00,0xFF,0x15,0xB6,0x00,0xFF,0x15,0xB6,0x00,0xFF,0x15,0xB6,0x00,0xFF,0x15,0xB6,0x00,0xFF,0x15,0xB6,0x00,0xFF,
    0x15,0xB6,0x00,0xFF,0x1C,0xB8,0x07,0xFF,0x8A,0xDB,0x80,0xFF,0x88,0xDA,0x80,0xFF,0xAC,0xCA,0xEE,0xFF,0xAC,0xCA,0xEE,0xFF,0xAC,0xCA,0xEE,0xFF,0xAC,0xCA,0xEE,0xFF,0xAC,0xCA,0xEE,0xFF,0xAC,0xCA,0xEE,0xFF,0xAC,0xCA,0xEE,0xFF,0xAC,0xCA,0xEE,0xFF,0xAC,0xCA,0xEE,0xFF,0xAC,0xCA,0xEE,0xFF,0xAC,0xCA,0xEE,0xFF,0xAC,0xCA,0xEE,0xFF,
    0xAC,0xCA,0xEE,0xFF,0xAC,0xCA,0xEE,0xFF,0xAC,0xCA,0xEE,0xFF,0xAC,0xCA,0xEE,0xFF,0xAC,0xCA,0xEE,0xFF,0xAC,0xCA,0xEE,0xFF,0xAC,0xCA,0xEE,0xFF,0xAC,0xCA,0xEE,0xFF,0xAC,0xCA,0xEE,0xFF,0xAC,0xCA,0xEE,0xFF,0xAC,0xCA,0xEE,0xFF,0xAC,0xCA,0xEE,0xFF,0xAC,0xCA,0xEE,0xFF,0xAC,0xCA,0xEE,0xFF,0xAC,0xCA,0xEE,0xFF,0xAC,0xCA,0xEE,0xFF,
    0xAC,0xCA,0xEE,0xFF,0xAC,0xCA,0xEE,0xFF,0xAC,0xCA,0xEE,0xFF,0xAC,0xCA,0xEE,0xFF,0xAC,0xCA,0xEE,0xFF,0xAC,0xCA,0xEE,0xFF,0xAC,0xCA,0xEE,0xFF,0xAC,0xCA,0xEE,0xFF,0xAC,0xCA,0xEE,0xFF,0xAC,0xCA,0xEE,0xFF,0xAC,0xCA,0xEE,0xFF,0xAC,0xCA,0xEE,0xFF,0xAC,0xCA,0xEE,0xFF,0xAC,0xCA,0xEE,0xFF,0xAC,0xCA,0xEE,0xFF,0xAC,0xCA,0xEE,0xFF,
    0xAC,0xCA,0xEE,0xFF,0xAC,0xCA,0xEE,0xFF,0xAC,0xCA,0xEE,0xFF,0xAC,0xCA,0xEE,0xFF,0xAC,0xCA,0xEE,0xFF,0xAC,0xCA,0xEE,0xFF,0xAC,0xCA,0xEE,0xFF,0xAC,0xCA,0xEE,0xFF,0xAC,0xCA,0xEE,0xFF,0xAC,0xCA,0xEE,0xFF,0xAC,0xCA,0xEE,0xFF,0xAC,0xCA,0xEE,0xFF,0x87,0xD7,0x84,0xFF,0x8A,0xDB,0x80,0xFF,0x28,0xBC,0x14,0xFF,0x15,0xB6,0x00,0xFF,
    0x15,0xB6,0x00,0xFF,0x15,0xB6,0x00,0xFF,0x15,0xB6,0x00,0xFF,0x15,0xB6,0x00,0xFF,0x15,0xB6,0x00,0xFF,0x15,0xB6,0x00,0xFF,0x15,0xB6,0x00,0xFF,0x15,0xB6,0x00,0xFF,0x15,0xB6,0x00,0xFF,0x15,0xB6,0x00,0xFF,0x15,0xB6,0x00,0xFF,0x15,0xB6,0x00,0xFF,0x15,0xB6,0x00,0xFF,0x15,0xB6,0x00,0xFF,0x15,0xB6,0x00,0xFF,0x15,0xB6,0x00,0xFF,
    0x15,0xB6,0x00,0xFF,0x15,0xB6,0x00,0xFF,0x15,0xB6,0x00,0xFF,0x15,0xB6,0x00,0xFF,0x61,0xCE,0x53,0xFF,0xFA,0xFD,0xFA,0xFF,0xFF,0xFF,0xFF,0xFF,0xFF,0xFF,0xFF,0xFF,0xE2,0xF6,0xDF,0xFF,0x32,0xBF,0x20,0xFF,0x15,0xB6,0x00,0xFF,0x15,0xB6,0x00,0xFF,0x15,0xB6,0x00,0xFF,0x15,0xB6,0x00,0xFF,0x15,0xB6,0x00,0xFF,0x15,0xB6,0x00,0xFF,
    0x15,0xB6,0x00,0xFF,0x15,0xB6,0x00,0xFF,0x15,0xB6,0x00,0xFF,0x15,0xB6,0x00,0xFF,0x15,0xB6,0x00,0xFF,0x28,0xBC,0x14,0xFF,0x8A,0xDB,0x80,0xFF,0x87,0xD7,0x84,0xFF,0xAC,0xCA,0xEE,0xFF,0xAC,0xCA,0xEE,0xFF,0xAC,0xCA,0xEE,0xFF,0xAC,0xCA,0xEE,0xFF,0xAC,0xCA,0xEE,0xFF,0xAC,0xCA,0xEE,0xFF,0xAC,0xCA,0xEE,0xFF,0xAC,0xCA,0xEE,0xFF,
    0xAC,0xCA,0xEE,0xFF,0xAC,0xCA,0xEE,0xFF,0xAC,0xCA,0xEE,0xFF,0xAC,0xCA,0xEE,0xFF,0xAC,0xCA,0xEE,0xFF,0xAC,0xCA,0xEE,0xFF,0xAC,0xCA,0xEE,0xFF,0xAC,0xCA,0xEE,0xFF,0xAC,0xCA,0xEE,0xFF,0xAC,0xCA,0xEE,0xFF,0xAC,0xCA,0xEE,0xFF,0xAC,0xCA,0xEE,0xFF,0xAC,0xCA,0xEE,0xFF,0xAC,0xCA,0xEE,0xFF,0xAC,0xCA,0xEE,0xFF,0xAC,0xCA,0xEE,0xFF,
    0xAC,0xCA,0xEE,0xFF,0xAC,0xCA,0xEE,0xFF,0xAC,0xCA,0xEE,0xFF,0xAC,0xCA,0xEE,0xFF,0xAC,0xCA,0xEE,0xFF,0xAC,0xCA,0xEE,0xFF,0xAC,0xCA,0xEE,0xFF,0xAC,0xCA,0xEE,0xFF,0xAC,0xCA,0xEE,0xFF,0xAC,0xCA,0xEE,0xFF,0xAC,0xCA,0xEE,0xFF,0xAC,0xCA,0xEE,0xFF,0xAC,0xCA,0xEE,0xFF,0xAC,0xCA,0xEE,0xFF,0xAC,0xCA,0xEE,0xFF,0xAC,0xCA,0xEE,0xFF,
    0xAC,0xCA,0xEE,0xFF,0xAC,0xCA,0xEE,0xFF,0xAC,0xCA,0xEE,0xFF,0xAC,0xCA,0xEE,0xFF,0xAC,0xCA,0xEE,0xFF,0xAC,0xCA,0xEE,0xFF,0xAC,0xCA,0xEE,0xFF,0xAC,0xCA,0xEE,0xFF,0xAC,0xCA,0xEE,0xFF,0xAC,0xCA,0xEE,0xFF,0xAC,0xCA,0xEE,0xFF,0xAC,0xCA,0xEE,0xFF,0xAC,0xCA,0xEE,0xFF,0xAC,0xCA,0xEE,0xFF,0xAC,0xCA,0xEE,0xFF,0xAC,0xCA,0xEE,0xFF,
    0x8B,0xD5,0x90,0xFF,0x8A,0xDB,0x80,0xFF,0x39,0xC1,0x27,0xFF,0x15,0xB6,0x00,0xFF,0x15,0xB6,0x00,0xFF,0x15,0xB6,0x00,0xFF,0x15,0xB6,0x00,0xFF,0x15,0xB6,0x00,0xFF,0x15,0xB6,0x00,0xFF,0x15,0xB6,0x00,0xFF,0x15,0xB6,0x00,0xFF,0x15,0xB6,0x00,0xFF,0x15,0xB6,0x00,0xFF,0x15,0xB6,0x00,0xFF,0x15,0xB6,0x00,0xFF,0x15,0xB6,0x00,0xFF,
    0x15,0xB6,0x00,0xFF,0x15,0xB6,0x00,0xFF,0x15,0xB6,0x00,0xFF,0x15,0xB6,0x00,0xFF,0x15,0xB6,0x00,0xFF,0x15,0xB6,0x00,0xFF,0x15,0xB6,0x00,0xFF,0x6B,0xD1,0x5E,0xFF,0xFC,0xFE,0xFC,0xFF,0xFF,0xFF,0xFF,0xFF,0xFF,0xFF,0xFF,0xFF,0xDB,0xF4,0xD7,0xFF,0x2F,0xBE,0x1C,0xFF,0x15,0xB6,0x00,0xFF,0x15,0xB6,0x00,0xFF,0x15,0xB6,0x00,0xFF,
    0x15,0xB6,0x00,0xFF,0x15,0xB6,0x00,0xFF,0x15,0xB6,0x00,0xFF,0x15,0xB6,0x00,0xFF,0x15,0xB6,0x00,0xFF,0x15,0xB6,0x00,0xFF,0x15,0xB6,0x00,0xFF,0x15,0xB6,0x00,0xFF,0x15,0xB6,0x00,0xFF,0x39,0xC1,0x27,0xFF,0x8A,0xDB,0x80,0xFF,0x8B,0xD5,0x90,0xFF,0xAC,0xCA,0xEE,0xFF,0xAC,0xCA,0xEE,0xFF,0xAC,0xCA,0xEE,0xFF,0xAC,0xCA,0xEE,0xFF,
    0xAC,0xCA,0xEE,0xFF,0xAC,0xCA,0xEE,0xFF,0xAC,0xCA,0xEE,0xFF,0xAC,0xCA,0xEE,0xFF,0xAC,0xCA,0xEE,0xFF,0xAC,0xCA,0xEE,0xFF,0xAC,0xCA,0xEE,0xFF,0xAC,0xCA,0xEE,0xFF,0xAC,0xCA,0xEE,0xFF,0xAC,0xCA,0xEE,0xFF,0xAC,0xCA,0xEE,0xFF,0xAC,0xCA,0xEE,0xFF,0xAC,0xCA,0xEE,0xFF,0xAC,0xCA,0xEE,0xFF,0xAC,0xCA,0xEE,0xFF,0xAC,0xCA,0xEE,0xFF,
    0xAC,0xCA,0xEE,0xFF,0xAC,0xCA,0xEE,0xFF,0xAC,0xCA,0xEE,0xFF,0xAC,0xCA,0xEE,0xFF,0xAC,0xCA,0xEE,0xFF,0xAC,0xCA,0xEE,0xFF,0xAC,0xCA,0xEE,0xFF,0xAC,0xCA,0xEE,0xFF,0xAC,0xCA,0xEE,0xFF,0xAC,0xCA,0xEE,0xFF,0xAC,0xCA,0xEE,0xFF,0xAC,0xCA,0xEE,0xFF,0xAC,0xCA,0xEE,0xFF,0xAC,0xCA,0xEE,0xFF,0xAC,0xCA,0xEE,0xFF,0xAC,0xCA,0xEE,0xFF,
    0xAC,0xCA,0xEE,0xFF,0xAC,0xCA,0xEE,0xFF,0xAC,0xCA,0xEE,0xFF,0xAC,0xCA,0xEE,0xFF,0xAC,0xCA,0xEE,0xFF,0xAC,0xCA,0xEE,0xFF,0xAC,0xCA,0xEE,0xFF,0xAC,0xCA,0xEE,0xFF,0xAC,0xCA,0xEE,0xFF,0xAC,0xCA,0xEE,0xFF,0xAC,0xCA,0xEE,0xFF,0xAC,0xCA,0xEE,0xFF,0xAC,0xCA,0xEE,0xFF,0xAC,0xCA,0xEE,0xFF,0xAC,0xCA,0xEE,0xFF,0xAC,0xCA,0xEE,0xFF,
    0xAC,0xCA,0xEE,0xFF,0xAC,0xCA,0xEE,0xFF,0xAC,0xCA,0xEE,0xFF,0xAC,0xCA,0xEE,0xFF,0x97,0xD2,0xAE,0xFF,0x8A,0xDB,0x80,0xFF,0x51,0xC9,0x42,0xFF,0x15,0xB6,0x00,0xFF,0x15,0xB6,0x00,0xFF,0x15,0xB6,0x00,0xFF,0x15,0xB6,0x00,0xFF,0x15,0xB6,0x00,0xFF,0x15,0xB6,0x00,0xFF,0x15,0xB6,0x00,0xFF,0x15,0xB6,0x00,0xFF,0x15,0xB6,0x00,0xFF,
    0x15,0xB6,0x00,0xFF,0x15,0xB6,0x00,0xFF,0x15,0xB6,0x00,0xFF,0x15,0xB6,0x00,0xFF,0x15,0xB6,0x00,0xFF,0x15,0xB6,0x00,0xFF,0x15,0xB6,0x00,0xFF,0x15,0xB6,0x00,0xFF,0x15,0xB6,0x00,0xFF,0x15,0xB6,0x00,0xFF,0x76,0xD4,0x6A,0xFF,0xFE,0xFF,0xFE,0xFF,0xFF,0xFF,0xFF,0xFF,0xFF,0xFF,0xFF,0xFF,0xD7,0xF2,0xD3,0xFF,0x2A,0xBC,0x17,0xFF,
    0x15,0xB6,0x00,0xFF,0x15,0xB6,0x00,0xFF,0x15,0xB6,0x00,0xFF,0x15,0xB6,0x00,0xFF,0x15,0xB6,0x00,0xFF,0x15,0xB6,0x00,0xFF,0x15,0xB6,0x00,0xFF,0x15,0xB6,0x00,0xFF,0x15,0xB6,0x00,0xFF,0x15,0xB6,0x00,0xFF,0x15,0xB6,0x00,0xFF,0x15,0xB6,0x00,0xFF,0x15,0xB6,0x00,0xFF,0x51,0xC9,0x42,0xFF,0x8A,0xDB,0x80,0xFF,0x97,0xD2,0xAE,0xFF,
    0xAC,0xCA,0xEE,0xFF,0xAC,0xCA,0xEE,0xFF,0xAC,0xCA,0xEE,0xFF,0xAC,0xCA,0xEE,0xFF,0xAC,0xCA,0xEE,0xFF,0xAC,0xCA,0xEE,0xFF,0xAC,0xCA,0xEE,0xFF,0xAC,0xCA,0xEE,0xFF,0xAC,0xCA,0xEE,0xFF,0xAC,0xCA,0xEE,0xFF,0xAC,0xCA,0xEE,0xFF,0xAC,0xCA,0xEE,0xFF,0xAC,0xCA,0xEE,0xFF,0xAC,0xCA,0xEE,0xFF,0xAC,0xCA,0xEE,0xFF,0xAC,0xCA,0xEE,0xFF,
    0xAC,0xCA,0xEE,0xFF,0xAC,0xCA,0xEE,0xFF,0xAC,0xCA,0xEE,0xFF,0xAC,0xCA,0xEE,0xFF,0xAC,0xCA,0xEE,0xFF,0xAC,0xCA,0xEE,0xFF,0xAC,0xCA,0xEE,0xFF,0xAC,0xCA,0xEE,0xFF,0xAC,0xCA,0xEE,0xFF,0xAC,0xCA,0xEE,0xFF,0xAC,0xCA,0xEE,0xFF,0xAC,0xCA,0xEE,0xFF,0xAC,0xCA,0xEE,0xFF,0xAC,0xCA,0xEE,0xFF,0xAC,0xCA,0xEE,0xFF,0xAC,0xCA,0xEE,0xFF,
    0xAC,0xCA,0xEE,0xFF,0xAC,0xCA,0xEE,0xFF,0xAC,0xCA,0xEE,0xFF,0xAC,0xCA,0xEE,0xFF,0xAC,0xCA,0xEE,0xFF,0xAC,0xCA,0xEE,0xFF,0xAC,0xCA,0xEE,0xFF,0xAC,0xCA,0xEE,0xFF,0xAC,0xCA,0xEE,0xFF,0xAC,0xCA,0xEE,0xFF,0xAC,0xCA,0xEE,0xFF,0xAC,0xCA,0xEE,0xFF,0xAC,0xCA,0xEE,0xFF,0xAC,0xCA,0xEE,0xFF,0xAC,0xCA,0xEE,0xFF,0xAC,0xCA,0xEE,0xFF,
    0xAC,0xCA,0xEE,0xFF,0xAC,0xCA,0xEE,0xFF,0xAC,0xCA,0xEE,0xFF,0xAC,0xCA,0xEE,0xFF,0xAC,0xCA,0xEE,0xFF,0xAC,0xCA,0xEE,0xFF,0xAC,0xCA,0xEE,0xFF,0xAC,0xCA,0xEE,0xFF,0x99,0xCE,0xBF,0xFF,0x8A,0xDB,0x80,0xFF,0x6F,0xD2,0x63,0xFF,0x15,0xB6,0x00,0xFF,0x15,0xB6,0x00,0xFF,0x15,0xB6,0x00,0xFF,0x15,0xB6,0x00,0xFF,0x15,0xB6,0x00,0xFF,
    0x15,0xB6,0x00,0xFF,0x15,0xB6,0x00,0xFF,0x15,0xB6,0x00,0xFF,0x15,0xB6,0x00,0xFF,0x15,0xB6,0x00,0xFF,0x15,0xB6,0x00,0xFF,0x15,0xB6,0x00,0xFF,0x15,0xB6,0x00,0xFF,0x15,0xB6,0x00,0xFF,0x15,0xB6,0x00,0xFF,0x15,0xB6,0x00,0xFF,0x15,0xB6,0x00,0xFF,0x15,0xB6,0x00,0xFF,0x83,0xD8,0x78,0xFF,0xFF,0xFF,0xFF,0xFF,0xFF,0xFF,0xFF,0xFF,
    0xFF,0xFF,0xFF,0xFF,0xD1,0xF1,0xCD,0xFF,0x26,0xBB,0x12,0xFF,0x15,0xB6,0x00,0xFF,0x15,0xB6,0x00,0xFF,0x15,0xB6,0x00,0xFF,0x15,0xB6,0x00,0xFF,0x15,0xB6,0x00,0xFF,0x15,0xB6,0x00,0xFF,0x15,0xB6,0x00,0xFF,0x15,0xB6,0x00,0xFF,0x15,0xB6,0x00,0xFF,0x15,0xB6,0x00,0xFF,0x15,0xB6,0x00,0xFF,0x15,0xB6,0x00,0xFF,0x15,0xB6,0x00,0xFF,
    0x15,0xB6,0x00,0xFF,0x6F,0xD2,0x63,0xFF,0x8A,0xDB,0x80,0xFF,0x99,0xCE,0xBF,0xFF,0xAC,0xCA,0xEE,0xFF,0xAC,0xCA,0xEE,0xFF,0xAC,0xCA,0xEE,0xFF,0xAC,0xCA,0xEE,0xFF,0xAC,0xCA,0xEE,0xFF,0xAC,0xCA,0xEE,0xFF,0xAC,0xCA,0xEE,0xFF,0xAC,0xCA,0xEE,0xFF,0xAC,0xCA,0xEE,0xFF,0xAC,0xCA,0xEE,0xFF,0xAC,0xCA,0xEE,0xFF,0xAC,0xCA,0xEE,0xFF,
    0xAC,0xCA,0xEE,0xFF,0xAC,0xCA,0xEE,0xFF,0xAC,0xCA,0xEE,0xFF,0xAC,0xCA,0xEE,0xFF,0xAC,0xCA,0xEE,0xFF,0xAC,0xCA,0xEE,0xFF,0xAC,0xCA,0xEE,0xFF,0xAC,0xCA,0xEE,0xFF,0xAC,0xCA,0xEE,0xFF,0xAC,0xCA,0xEE,0xFF,0xAC,0xCA,0xEE,0xFF,0xAC,0xCA,0xEE,0xFF,0xAC,0xCA,0xEE,0xFF,0xAC,0xCA,0xEE,0xFF,0xAC,0xCA,0xEE,0xFF,0xAC,0xCA,0xEE,0xFF,
    0xAC,0xCA,0xEE,0xFF,0xAC,0xCA,0xEE,0xFF,0xAC,0xCA,0xEE,0xFF,0xAC,0xCA,0xEE,0xFF,0xAC,0xCA,0xEE,0xFF,0xAC,0xCA,0xEE,0xFF,0xAC,0xCA,0xEE,0xFF,0xAC,0xCA,0xEE,0xFF,0xAC,0xCA,0xEE,0xFF,0xAC,0xCA,0xEE,0xFF,0xAC,0xCA,0xEE,0xFF,0xAC,0xCA,0xEE,0xFF,0xAC,0xCA,0xEE,0xFF,0xAC,0xCA,0xEE,0xFF,0xAC,0xCA,0xEE,0xFF,0xAC,0xCA,0xEE,0xFF,
    0xAC,0xCA,0xEE,0xFF,0xAC,0xCA,0xEE,0xFF,0xAC,0xCA,0xEE,0xFF,0xAC,0xCA,0xEE,0xFF,0xAC,0xCA,0xEE,0xFF,0xAC,0xCA,0xEE,0xFF,0xAC,0xCA,0xEE,0xFF,0xAC,0xCA,0xEE,0xFF,0xAC,0xCA,0xEE,0xFF,0xAC,0xCA,0xEE,0xFF,0xAC,0xCA,0xEE,0xFF,0xAC,0xCA,0xEE,0xFF,0xA7,0xCA,0xE4,0xFF,0x89,0xDA,0x80,0xFF,0x89,0xDB,0x7F,0xFF,0x20,0xB9,0x0C,0xFF,
    0x15,0xB6,0x00,0xFF,0x15,0xB6,0x00,0xFF,0x15,0xB6,0x00,0xFF,0x15,0xB6,0x00,0xFF,0x15,0xB6,0x00,0xFF,0x15,0xB6,0x00,0xFF,0x15,0xB6,0x00,0xFF,0x15,0xB6,0x00,0xFF,0x15,0xB6,0x00,0xFF,0x15,0xB6,0x00,0xFF,0x15,0xB6,0x00,0xFF,0x15,0xB6,0x00,0xFF,0x15,0xB6,0x00,0xFF,0x15,0xB6,0x00,0xFF,0x15,0xB6,0x00,0xFF,0x15,0xB6,0x00,0xFF,
    0x93,0xDD,0x89,0xFF,0xFF,0xFF,0xFF,0xFF,0xFF,0xFF,0xFF,0xFF,0xFF,0xFF,0xFF,0xFF,0xCA,0xEF,0xC6,0xFF,0x23,0xBA,0x0F,0xFF,0x15,0xB6,0x00,0xFF,0x15,0xB6,0x00,0xFF,0x15,0xB6,0x00,0xFF,0x15,0xB6,0x00,0xFF,0x15,0xB6,0x00,0xFF,0x15,0xB6,0x00,0xFF,0x15,0xB6,0x00,0xFF,0x15,0xB6,0x00,0xFF,0x15,0xB6,0x00,0xFF,0x15,0xB6,0x00,0xFF,
    0x15,0xB6,0x00,0xFF,0x15,0xB6,0x00,0xFF,0x15,0xB6,0x00,0xFF,0x15,0xB6,0x00,0xFF,0x20,0xB9,0x0C,0xFF,0x89,0xDB,0x7F,0xFF,0x89,0xDA,0x80,0xFF,0xA7,0xCA,0xE4,0xFF,0xAC,0xCA,0xEE,0xFF,0xAC,0xCA,0xEE,0xFF,0xAC,0xCA,0xEE,0xFF,0xAC,0xCA,0xEE,0xFF,0xAC,0xCA,0xEE,0xFF,0xAC,0xCA,0xEE,0xFF,0xAC,0xCA,0xEE,0xFF,0xAC,0xCA,0xEE,0xFF,
    0xAC,0xCA,0xEE,0xFF,0xAC,0xCA,0xEE,0xFF,0xAC,0xCA,0xEE,0xFF,0xAC,0xCA,0xEE,0xFF,0xAC,0xCA,0xEE,0xFF,0xAC,0xCA,0xEE,0xFF,0xAC,0xCA,0xEE,0xFF,0xAC,0xCA,0xEE,0xFF,0xAC,0xCA,0xEE,0xFF,0xAC,0xCA,0xEE,0xFF,0xAC,0xCA,0xEE,0xFF,0xAC,0xCA,0xEE,0xFF,0xAC,0xCA,0xEE,0xFF,0xAC,0xCA,0xEE,0xFF,0xAC,0xCA,0xEE,0xFF,0xAC,0xCA,0xEE,0xFF,
    0xAC,0xCA,0xEE,0xFF,0xAC,0xCA,0xEE,0xFF,0xAC,0xCA,0xEE,0xFF,0xAC,0xCA,0xEE,0xFF,0xAC,0xCA,0xEE,0xFF,0xAC,0xCA,0xEE,0xFF,0xAC,0xCA,0xEE,0xFF,0xAC,0xCA,0xEE,0xFF,0xAC,0xCA,0xEE,0xFF,0xAC,0xCA,0xEE,0xFF,0xAC,0xCA,0xEE,0xFF,0xAC,0xCA,0xEE,0xFF,0xAC,0xCA,0xEE,0xFF,0xAC,0xCA,0xEE,0xFF,0xAC,0xCA,0xEE,0xFF,0xAC,0xCA,0xEE,0xFF,
    0xAC,0xCA,0xEE,0xFF,0xAC,0xCA,0xEE,0xFF,0xAC,0xCA,0xEE,0xFF,0xAC,0xCA,0xEE,0xFF,0xAC,0xCA,0xEE,0xFF,0xAC,0xCA,0xEE,0xFF,0xAC,0xCA,0xEE,0xFF,0xAC,0xCA,0xEE,0xFF,0xAC,0xCA,0xEE,0xFF,0xAC,0xCA,0xEE,0xFF,0xAC,0xCA,0xEE,0xFF,0xAC,0xCA,0xEE,0xFF,0xAC,0xCA,0xEE,0xFF,0xAC,0xCA,0xEE,0xFF,0xAC,0xCA,0xEE,0xFF,0xAC,0xCA,0xEE,0xFF,
    0xAC,0xCA,0xEE,0xFF,0x8D,0xD4,0x96,0xFF,0x8A,0xDB,0x80,0xFF,0x4B,0xC7,0x3B,0xFF,0x15,0xB6,0x00,0xFF,0x15,0xB6,0x00,0xFF,0x15,0xB6,0x00,0xFF,0x15,0xB6,0x00,0xFF,0x15,0xB6,0x00,0xFF,0x15,0xB6,0x00,0xFF,0x15,0xB6,0x00,0xFF,0x15,0xB6,0x00,0xFF,0x15,0xB6,0x00,0xFF,0x15,0xB6,0x00,0xFF,0x15,0xB6,0x00,0xFF,0x15,0xB6,0x00,0xFF,
    0x15,0xB6,0x00,0xFF,0x15,0xB6,0x00,0xFF,0x16,0xB6,0x01,0xFF,0x9E,0xE1,0x95,0xFF,0xFF,0xFF,0xFF,0xFF,0xFF,0xFF,0xFF,0xFF,0xFF,0xFF,0xFF,0xFF,0xC6,0xED,0xC1,0xFF,0x1F,0xB9,0x0B,0xFF,0x15,0xB6,0x00,0xFF,0x15,0xB6,0x00,0xFF,0x15,0xB6,0x00,0xFF,0x15,0xB6,0x00,0xFF,0x15,0xB6,0x00,0xFF,0x15,0xB6,0x00,0xFF,0x15,0xB6,0x00,0xFF,
    0x15,0xB6,0x00,0xFF,0x15,0xB6,0x00,0xFF,0x15,0xB6,0x00,0xFF,0x15,0xB6,0x00,0xFF,0x15,0xB6,0x00,0xFF,0x15,0xB6,0x00,0xFF,0x15,0xB6,0x00,0xFF,0x15,0xB6,0x00,0xFF,0x4B,0xC7,0x3B,0xFF,0x8A,0xDB,0x80,0xFF,0x8D,0xD4,0x96,0xFF,0xAC,0xCA,0xEE,0xFF,0xAC,0xCA,0xEE,0xFF,0xAC,0xCA,0xEE,0xFF,0xAC,0xCA,0xEE,0xFF,0xAC,0xCA,0xEE,0xFF,
    0xAC,0xCA,0xEE,0xFF,0xAC,0xCA,0xEE,0xFF,0xAC,0xCA,0xEE,0xFF,0xAC,0xCA,0xEE,0xFF,0xAC,0xCA,0xEE,0xFF,0xAC,0xCA,0xEE,0xFF,0xAC,0xCA,0xEE,0xFF,0xAC,0xCA,0xEE,0xFF,0xAC,0xCA,0xEE,0xFF,0xAC,0xCA,0xEE,0xFF,0xAC,0xCA,0xEE,0xFF,0xAC,0xCA,0xEE,0xFF,0xAC,0xCA,0xEE,0xFF,0xAC,0xCA,0xEE,0xFF,0xAC,0xCA,0xEE,0xFF,0xAC,0xCA,0xEE,0xFF,
    0xAC,0xCA,0xEE,0xFF,0xAC,0xCA,0xEE,0xFF,0xAC,0xCA,0xEE,0xFF,0xAC,0xCA,0xEE,0xFF,0xAC,0xCA,0xEE,0xFF,0xAC,0xCA,0xEE,0xFF,0xAC,0xCA,0xEE,0xFF,0xAC,0xCA,0xEE,0xFF,0xAC,0xCA,0xEE,0xFF,0xAC,0xCA,0xEE,0xFF,0xAC,0xCA,0xEE,0xFF,0xAC,0xCA,0xEE,0xFF,0xAC,0xCA,0xEE,0xFF,0xAC,0xCA,0xEE,0xFF,0xAC,0xCA,0xEE,0xFF,0xAC,0xCA,0xEE,0xFF,
    0xAC,0xCA,0xEE,0xFF,0xAC,0xCA,0xEE,0xFF,0xAC,0xCA,0xEE,0xFF,0xAC,0xCA,0xEE,0xFF,0xAC,0xCA,0xEE,0xFF,0xAC,0xCA,0xEE,0xFF,0xAC,0xCA,0xEE,0xFF,0xAC,0xCA,0xEE,0xFF,0xAC,0xCA,0xEE,0xFF,0xAC,0xCA,0xEE,0xFF,0xAC,0xCA,0xEE,0xFF,0xAC,0xCA,0xEE,0xFF,0xAC,0xCA,0xEE,0xFF,0xAC,0xCA,0xEE,0xFF,0xAC,0xCA,0xEE,0xFF,0xAC,0xCA,0xEE,0xFF,
    0xAC,0xCA,0xEE,0xFF,0xAC,0xCA,0xEE,0xFF,0xAC,0xCA,0xEE,0xFF,0xAC,0xCA,0xEE,0xFF,0xAC,0xCA,0xEE,0xFF,0x9A,0xCE,0xC2,0xFF,0x8A,0xDB,0x80,0xFF,0x7C,0xD6,0x71,0xFF,0x17,0xB7,0x02,0xFF,0x15,0xB6,0x00,0xFF,0x15,0xB6,0x00,0xFF,0x15,0xB6,0x00,0xFF,0x15,0xB6,0x00,0xFF,0x15,0xB6,0x00,0xFF,0x15,0xB6,0x00,0xFF,0x15,0xB6,0x00,0xFF,
    0x15,0xB6,0x00,0xFF,0x15,0xB6,0x00,0xFF,0x15,0xB6,0x00,0xFF,0x15,0xB6,0x00,0xFF,0x15,0xB6,0x00,0xFF,0x19,0xB7,0x05,0xFF,0xA9,0xE4,0xA2,0xFF,0xFF,0xFF,0xFF,0xFF,0xFF,0xFF,0xFF,0xFF,0xFF,0xFF,0xFF,0xFF,0xBF,0xEB,0xB9,0xFF,0x1D,0xB9,0x09,0xFF,0x15,0xB6,0x00,0xFF,0x15,0xB6,0x00,0xFF,0x15,0xB6,0x00,0xFF,0x15,0xB6,0x00,0xFF,
    0x15,0xB6,0x00,0xFF,0x15,0xB6,0x00,0xFF,0x15,0xB6,0x00,0xFF,0x15,0xB6,0x00,0xFF,0x15,0xB6,0x00,0xFF,0x15,0xB6,0x00,0xFF,0x15,0xB6,0x00,0xFF,0x15,0xB6,0x00,0xFF,0x15,0xB6,0x00,0xFF,0x15,0xB6,0x00,0xFF,0x15,0xB6,0x00,0xFF,0x17,0xB7,0x02,0xFF,0x7C,0xD6,0x71,0xFF,0x8A,0xDB,0x80,0xFF,0x9A,0xCE,0xC2,0xFF,0xAC,0xCA,0xEE,0xFF,
    0xAC,0xCA,0xEE,0xFF,0xAC,0xCA,0xEE,0xFF,0xAC,0xCA,0xEE,0xFF,0xAC,0xCA,0xEE,0xFF,0xAC,0xCA,0xEE,0xFF,0xAC,0xCA,0xEE,0xFF,0xAC,0xCA,0xEE,0xFF,0xAC,0xCA,0xEE,0xFF,0xAC,0xCA,0xEE,0xFF,0xAC,0xCA,0xEE,0xFF,0xAC,0xCA,0xEE,0xFF,0xAC,0xCA,0xEE,0xFF,0xAC,0xCA,0xEE,0xFF,0xAC,0xCA,0xEE,0xFF,0xAC,0xCA,0xEE,0xFF,0xAC,0xCA,0xEE,0xFF,
    0xAC,0xCA,0xEE,0xFF,0xAC,0xCA,0xEE,0xFF,0xAC,0xCA,0xEE,0xFF,0xAC,0xCA,0xEE,0xFF,0xAC,0xCA,0xEE,0xFF,0xAC,0xCA,0xEE,0xFF,0xAC,0xCA,0xEE,0xFF,0xAC,0xCA,0xEE,0xFF,0xAC,0xCA,0xEE,0xFF,0xAC,0xCA,0xEE,0xFF,0xAC,0xCA,0xEE,0xFF,0xAC,0xCA,0xEE,0xFF,0xAC,0xCA,0xEE,0xFF,0xAC,0xCA,0xEE,0xFF,0xAC,0xCA,0xEE,0xFF,0xAC,0xCA,0xEE,0xFF,
    0xAC,0xCA,0xEE,0xFF,0xAC,0xCA,0xEE,0xFF,0xAC,0xCA,0xEE,0xFF,0xAC,0xCA,0xEE,0xFF,0xAC,0xCA,0xEE,0xFF,0xAC,0xCA,0xEE,0xFF,0xAC,0xCA,0xEE,0xFF,0xAC,0xCA,0xEE,0xFF,0xAC,0xCA,0xEE,0xFF,0xAC,0xCA,0xEE,0xFF,0xAC,0xCA,0xEE,0xFF,0xAC,0xCA,0xEE,0xFF,0xAC,0xCA,0xEE,0xFF,0xAC,0xCA,0xEE,0xFF,0xAC,0xCA,0xEE,0xFF,0xAC,0xCA,0xEE,0xFF,
    0xAC,0xCA,0xEE,0xFF,0xAC,0xCA,0xEE,0xFF,0xAC,0xCA,0xEE,0xFF,0xAC,0xCA,0xEE,0xFF,0xAC,0xCA,0xEE,0xFF,0xAC,0xCA,0xEE,0xFF,0xAC,0xCA,0xEE,0xFF,0xAC,0xCA,0xEE,0xFF,0xAC,0xCA,0xEE,0xFF,0xAC,0xCA,0xEE,0xFF,0x89,0xD7,0x88,0xFF,0x8A,0xDB,0x80,0xFF,0x45,0xC5,0x35,0xFF,0x15,0xB6,0x00,0xFF,0x15,0xB6,0x00,0xFF,0x15,0xB6,0x00,0xFF,
    0x15,0xB6,0x00,0xFF,0x15,0xB6,0x00,0xFF,0x15,0xB6,0x00,0xFF,0x15,0xB6,0x00,0xFF,0x15,0xB6,0x00,0xFF,0x15,0xB6,0x00,0xFF,0x15,0xB6,0x00,0xFF,0x15,0xB6,0x00,0xFF,0x15,0xB6,0x00,0xFF,0x71,0xD3,0x65,0xFF,0xFF,0xFF,0xFF,0xFF,0xFF,0xFF,0xFF,0xFF,0xFF,0xFF,0xFF,0xFF,0xB7,0xE9,0xB1,0xFF,0x1B,0xB8,0x07,0xFF,0x15,0xB6,0x00,0xFF,
    0x15,0xB6,0x00,0xFF,0x15,0xB6,0x00,0xFF,0x15,0xB6,0x00,0xFF,0x15,0xB6,0x00,0xFF,0x15,0xB6,0x00,0xFF,0x15,0xB6,0x00,0xFF,0x15,0xB6,0x00,0xFF,0x15,0xB6,0x00,0xFF,0x15,0xB6,0x00,0xFF,0x15,0xB6,0x00,0xFF,0x15,0xB6,0x00,0xFF,0x15,0xB6,0x00,0xFF,0x15,0xB6,0x00,0xFF,0x15,0xB6,0x00,0xFF,0x15,0xB6,0x00,0xFF,0x45,0xC5,0x35,0xFF,
    0x8A,0xDB,0x80,0xFF,0x89,0xD7,0x88,0xFF,0xAC,0xCA,0xEE,0xFF,0xAC,0xCA,0xEE,0xFF,0xAC,0xCA,0xEE,0xFF,0xAC,0xCA,0xEE,0xFF,0xAC,0xCA,0xEE,0xFF,0xAC,0xCA,0xEE,0xFF,0xAC,0xCA,0xEE,0xFF,0xAC,0xCA,0xEE,0xFF,0xAC,0xCA,0xEE,0xFF,0xAC,0xCA,0xEE,0xFF,0xAC,0xCA,0xEE,0xFF,0xAC,0xCA,0xEE,0xFF,0xAC,0xCA,0xEE,0xFF,0xAC,0xCA,0xEE,0xFF,
    0xAC,0xCA,0xEE,0xFF,0xAC,0xCA,0xEE,0xFF,0xAC,0xCA,0xEE,0xFF,0xAC,0xCA,0xEE,0xFF,0xAC,0xCA,0xEE,0xFF,0xAC,0xCA,0xEE,0xFF,0xAC,0xCA,0xEE,0xFF,0xAC,0xCA,0xEE,0xFF,0xAC,0xCA,0xEE,0xFF,0xAC,0xCA,0xEE,0xFF,0xAC,0xCA,0xEE,0xFF,0xAC,0xCA,0xEE,0xFF,0xAC,0xCA,0xEE,0xFF,0xAC,0xCA,0xEE,0xFF,0xAC,0xCA,0xEE,0xFF,0xAC,0xCA,0xEE,0xFF,
    0xAC,0xCA,0xEE,0xFF,0xAC,0xCA,0xEE,0xFF,0xAC,0xCA,0xEE,0xFF,0xAC,0xCA,0xEE,0xFF,0xAC,0xCA,0xEE,0xFF,0xAC,0xCA,0xEE,0xFF,0xAC,0xCA,0xEE,0xFF,0xAC,0xCA,0xEE,0xFF,0xAC,0xCA,0xEE,0xFF,0xAC,0xCA,0xEE,0xFF,0xAC,0xCA,0xEE,0xFF,0xAC,0xCA,0xEE,0xFF,0xAC,0xCA,0xEE,0xFF,0xAC,0xCA,0xEE,0xFF,0xAC,0xCA,0xEE,0xFF,0xAC,0xCA,0xEE,0xFF,
    0xAC,0xCA,0xEE,0xFF,0xAC,0xCA,0xEE,0xFF,0xAC,0xCA,0xEE,0xFF,0xAC,0xCA,0xEE,0xFF,0xAC,0xCA,0xEE,0xFF,0xAC,0xCA,0xEE,0xFF,0xAC,0xCA,0xEE,0xFF,0xAC,0xCA,0xEE,0xFF,0xAC,0xCA,0xEE,0xFF,0xAC,0xCA,0xEE,0xFF,0xAC,0xCA,0xEE,0xFF,0xAC,0xCA,0xEE,0xFF,0xAC,0xCA,0xEE,0xFF,0xAC,0xCA,0xEE,0xFF,0x9B,0xCE,0xC0,0xFF,0x8A,0xDB,0x80,0xFF,
    0x7F,0xD7,0x74,0xFF,0x1E,0xB9,0x0A,0xFF,0x15,0xB6,0x00,0xFF,0x15,0xB6,0x00,0xFF,0x15,0xB6,0x00,0xFF,0x15,0xB6,0x00,0xFF,0x15,0xB6,0x00,0xFF,0x15,0xB6,0x00,0xFF,0x15,0xB6,0x00,0xFF,0x15,0xB6,0x00,0xFF,0x15,0xB6,0x00,0xFF,0x15,0xB6,0x00,0xFF,0x15,0xB6,0x00,0xFF,0x71,0xD3,0x65,0xFF,0xFF,0xFF,0xFF,0xFF,0xFF,0xFF,0xFF,0xFF,
    0xB1,0xE6,0xA9,0xFF,0x19,0xB7,0x04,0xFF,0x15,0xB6,0x00,0xFF,0x15,0xB6,0x00,0xFF,0x15,0xB6,0x00,0xFF,0x15,0xB6,0x00,0xFF,0x15,0xB6,0x00,0xFF,0x15,0xB6,0x00,0xFF,0x15,0xB6,0x00,0xFF,0x15,0xB6,0x00,0xFF,0x15,0xB6,0x00,0xFF,0x15,0xB6,0x00,0xFF,0x15,0xB6,0x00,0xFF,0x15,0xB6,0x00,0xFF,0x15,0xB6,0x00,0xFF,0x15,0xB6,0x00,0xFF,
    0x15,0xB6,0x00,0xFF,0x15,0xB6,0x00,0xFF,0x1E,0xB9,0x0A,0xFF,0x7F,0xD7,0x74,0xFF,0x8A,0xDB,0x80,0xFF,0x9B,0xCE,0xC0,0xFF,0xAC,0xCA,0xEE,0xFF,0xAC,0xCA,0xEE,0xFF,0xAC,0xCA,0xEE,0xFF,0xAC,0xCA,0xEE,0xFF,0xAC,0xCA,0xEE,0xFF,0xAC,0xCA,0xEE,0xFF,0xAC,0xCA,0xEE,0xFF,0xAC,0xCA,0xEE,0xFF,0xAC,0xCA,0xEE,0xFF,0xAC,0xCA,0xEE,0xFF,
    0xAC,0xCA,0xEE,0xFF,0xAC,0xCA,0xEE,0xFF,0xAC,0xCA,0xEE,0xFF,0xAC,0xCA,0xEE,0xFF,0xAC,0xCA,0xEE,0xFF,0xAC,0xCA,0xEE,0xFF,0xAC,0xCA,0xEE,0xFF,0xAC,0xCA,0xEE,0xFF,0xAC,0xCA,0xEE,0xFF,0xAC,0xCA,0xEE,0xFF,0xAC,0xCA,0xEE,0xFF,0xAC,0xCA,0xEE,0xFF,0xAC,0xCA,0xEE,0xFF,0xAC,0xCA,0xEE,0xFF,0xAC,0xCA,0xEE,0xFF,0xAC,0xCA,0xEE,0xFF,
    0xAC,0xCA,0xEE,0xFF,0xAC,0xCA,0xEE,0xFF,0xAC,0xCA,0xEE,0xFF,0xAC,0xCA,0xEE,0xFF,0xAC,0xCA,0xEE,0xFF,0xAC,0xCA,0xEE,0xFF,0xAC,0xCA,0xEE,0xFF,0xAC,0xCA,0xEE,0xFF,0xAC,0xCA,0xEE,0xFF,0xAC,0xCA,0xEE,0xFF,0xAC,0xCA,0xEE,0xFF,0xAC,0xCA,0xEE,0xFF,0xAC,0xCA,0xEE,0xFF,0xAC,0xCA,0xEE,0xFF,0xAC,0xCA,0xEE,0xFF,0xAC,0xCA,0xEE,0xFF,
    0xAC,0xCA,0xEE,0xFF,0xAC,0xCA,0xEE,0xFF,0xAC,0xCA,0xEE,0xFF,0xAC,0xCA,0xEE,0xFF,0xAC,0xCA,0xEE,0xFF,0xAC,0xCA,0xEE,0xFF,0xAC,0xCA,0xEE,0xFF,0xAC,0xCA,0xEE,0xFF,0xAC,0xCA,0xEE,0xFF,0xAC,0xCA,0xEE,0xFF,0xAC,0xCA,0xEE,0xFF,0xAC,0xCA,0xEE,0xFF,0xAC,0xCA,0xEE,0xFF,0xAC,0xCA,0xEE,0xFF,0xAC,0xCA,0xEE,0xFF,0xAC,0xCA,0xEE,0xFF,
    0xAC,0xCA,0xEE,0xFF,0xAC,0xCA,0xEE,0xFF,0xAC,0xCA,0xEE,0xFF,0x8B,0xD6,0x90,0xFF,0x8A,0xDB,0x80,0xFF,0x5E,0xCD,0x4F,0xFF,0x15,0xB6,0x00,0xFF,0x15,0xB6,0x00,0xFF,0x15,0xB6,0x00,0xFF,0x15,0xB6,0x00,0xFF,0x15,0xB6,0x00,0xFF,0x15,0xB6,0x00,0xFF,0x15,0xB6,0x00,0xFF,0x15,0xB6,0x00,0xFF,0x15,0xB6,0x00,0xFF,0x15,0xB6,0x00,0xFF,
    0x15,0xB6,0x00,0xFF,0x1A,0xB8,0x06,0xFF,0x70,0xD2,0x64,0xFF,0x6F,0xD2,0x62,0xFF,0x1A,0xB8,0x06,0xFF,0x15,0xB6,0x00,0xFF,0x15,0xB6,0x00,0xFF,0x15,0xB6,0x00,0xFF,0x15,0xB6,0x00,0xFF,0x15,0xB6,0x00,0xFF,0x15,0xB6,0x00,0xFF,0x15,0xB6,0x00,0xFF,0x15,0xB6,0x00,0xFF,0x15,0xB6,0x00,0xFF,0x15,0xB6,0x00,0xFF,0x15,0xB6,0x00,0xFF,
    0x15,0xB6,0x00,0xFF,0x15,0xB6,0x00,0xFF,0x15,0xB6,0x00,0xFF,0x15,0xB6,0x00,0xFF,0x15,0xB6,0x00,0xFF,0x15,0xB6,0x00,0xFF,0x5E,0xCD,0x4F,0xFF,0x8A,0xDB,0x80,0xFF,0x8B,0xD6,0x90,0xFF,0xAC,0xCA,0xEE,0xFF,0xAC,0xCA,0xEE,0xFF,0xAC,0xCA,0xEE,0xFF,0xAC,0xCA,0xEE,0xFF,0xAC,0xCA,0xEE,0xFF,0xAC,0xCA,0xEE,0xFF,0xAC,0xCA,0xEE,0xFF,
    0xAC,0xCA,0xEE,0xFF,0xAC,0xCA,0xEE,0xFF,0xAC,0xCA,0xEE,0xFF,0xAC,0xCA,0xEE,0xFF,0xAC,0xCA,0xEE,0xFF,0xAC,0xCA,0xEE,0xFF,0xAC,0xCA,0xEE,0xFF,0xAC,0xCA,0xEE,0xFF,0xAC,0xCA,0xEE,0xFF,0xAC,0xCA,0xEE,0xFF,0xAC,0xCA,0xEE,0xFF,0xAC,0xCA,0xEE,0xFF,0xAC,0xCA,0xEE,0xFF,0xAC,0xCA,0xEE,0xFF,0xAC,0xCA,0xEE,0xFF,0xAC,0xCA,0xEE,0xFF,
    0xAC,0xCA,0xEE,0xFF,0xAC,0xCA,0xEE,0xFF,0xAC,0xCA,0xEE,0xFF,0xAC,0xCA,0xEE,0xFF,0xAC,0xCA,0xEE,0xFF,0xAC,0xCA,0xEE,0xFF,0xAC,0xCA,0xEE,0xFF,0xAC,0xCA,0xEE,0xFF,0xAC,0xCA,0xEE,0xFF,0xAC,0xCA,0xEE,0xFF,0xAC,0xCA,0xEE,0xFF,0xAC,0xCA,0xEE,0xFF,0xAC,0xCA,0xEE,0xFF,0xAC,0xCA,0xEE,0xFF,0xAC,0xCA,0xEE,0xFF,0xAC,0xCA,0xEE,0xFF,
    0xAC,0xCA,0xEE,0xFF,0xAC,0xCA,0xEE,0xFF,0xAC,0xCA,0xEE,0xFF,0xAC,0xCA,0xEE,0xFF,0xAC,0xCA,0xEE,0xFF,0xAC,0xCA,0xEE,0xFF,0xAC,0xCA,0xEE,0xFF,0xAC,0xCA,0xEE,0xFF,0xAC,0xCA,0xEE,0xFF,0xAC,0xCA,0xEE,0xFF,0xAC,0xCA,0xEE,0xFF,0xAC,0xCA,0xEE,0xFF,0xAC,0xCA,0xEE,0xFF,0xAC,0xCA,0xEE,0xFF,0xAC,0xCA,0xEE,0xFF,0xAC,0xCA,0xEE,0xFF,
    0xAC,0xCA,0xEE,0xFF,0xAC,0xCA,0xEE,0xFF,0xAC,0xCA,0xEE,0xFF,0xAC,0xCA,0xEE,0xFF,0xAC,0xCA,0xEE,0xFF,0xAC,0xCA,0xEE,0xFF,0xAC,0xCA,0xEE,0xFF,0xA3,0xCB,0xD8,0xFF,0x89,0xD9,0x81,0xFF,0x8A,0xDB,0x80,0xFF,0x46,0xC5,0x35,0xFF,0x15,0xB6,0x00,0xFF,0x15,0xB6,0x00,0xFF,0x15,0xB6,0x00,0xFF,0x15,0xB6,0x00,0xFF,0x15,0xB6,0x00,0xFF,
    0x15,0xB6,0x00,0xFF,0x15,0xB6,0x00,0xFF,0x15,0xB6,0x00,0xFF,0x15,0xB6,0x00,0xFF,0x15,0xB6,0x00,0xFF,0x15,0xB6,0x00,0xFF,0x15,0xB6,0x00,0xFF,0x15,0xB6,0x00,0xFF,0x15,0xB6,0x00,0xFF,0x15,0xB6,0x00,0xFF,0x15,0xB6,0x00,0xFF,0x15,0xB6,0x00,0xFF,0x15,0xB6,0x00,0xFF,0x15,0xB6,0x00,0xFF,0x15,0xB6,0x00,0xFF,0x15,0xB6,0x00,0xFF,
    0x15,0xB6,0x00,0xFF,0x15,0xB6,0x00,0xFF,0x15,0xB6,0x00,0xFF,0x15,0xB6,0x00,0xFF,0x15,0xB6,0x00,0xFF,0x15,0xB6,0x00,0xFF,0x15,0xB6,0x00,0xFF,0x15,0xB6,0x00,0xFF,0x15,0xB6,0x00,0xFF,0x46,0xC5,0x35,0xFF,0x8A,0xDB,0x80,0xFF,0x89,0xD9,0x81,0xFF,0xA3,0xCB,0xD8,0xFF,0xAC,0xCA,0xEE,0xFF,0xAC,0xCA,0xEE,0xFF,0xAC,0xCA,0xEE,0xFF,
    0xAC,0xCA,0xEE,0xFF,0xAC,0xCA,0xEE,0xFF,0xAC,0xCA,0xEE,0xFF,0xAC,0xCA,0xEE,0xFF,0xAC,0xCA,0xEE,0xFF,0xAC,0xCA,0xEE,0xFF,0xAC,0xCA,0xEE,0xFF,0xAC,0xCA,0xEE,0xFF,0xAC,0xCA,0xEE,0xFF,0xAC,0xCA,0xEE,0xFF,0xAC,0xCA,0xEE,0xFF,0xAC,0xCA,0xEE,0xFF,0xAC,0xCA,0xEE,0xFF,0xAC,0xCA,0xEE,0xFF,0xAC,0xCA,0xEE,0xFF,0xAC,0xCA,0xEE,0xFF,
    0xAC,0xCA,0xEE,0xFF,0xAC,0xCA,0xEE,0xFF,0xAC,0xCA,0xEE,0xFF,0xAC,0xCA,0xEE,0xFF,0xAC,0xCA,0xEE,0xFF,0xAC,0xCA,0xEE,0xFF,0xAC,0xCA,0xEE,0xFF,0xAC,0xCA,0xEE,0xFF,0xAC,0xCA,0xEE,0xFF,0xAC,0xCA,0xEE,0xFF,0xAC,0xCA,0xEE,0xFF,0xAC,0xCA,0xEE,0xFF,0xAC,0xCA,0xEE,0xFF,0xAC,0xCA,0xEE,0xFF,0xAC,0xCA,0xEE,0xFF,0xAC,0xCA,0xEE,0xFF,
    0xAC,0xCA,0xEE,0xFF,0xAC,0xCA,0xEE,0xFF,0xAC,0xCA,0xEE,0xFF,0xAC,0xCA,0xEE,0xFF,0xAC,0xCA,0xEE,0xFF,0xAC,0xCA,0xEE,0xFF,0xAC,0xCA,0xEE,0xFF,0xAC,0xCA,0xEE,0xFF,0xAC,0xCA,0xEE,0xFF,0xAC,0xCA,0xEE,0xFF,0xAC,0xCA,0xEE,0xFF,0xAC,0xCA,0xEE,0xFF,0xAC,0xCA,0xEE,0xFF,0xAC,0xCA,0xEE,0xFF,0xAC,0xCA,0xEE,0xFF,0xAC,0xCA,0xEE,0xFF,
    0xAC,0xCA,0xEE,0xFF,0xAC,0xCA,0xEE,0xFF,0xAC,0xCA,0xEE,0xFF,0xAC,0xCA,0xEE,0xFF,0xAC,0xCA,0xEE,0xFF,0xAC,0xCA,0xEE,0xFF,0xAC,0xCA,0xEE,0xFF,0xAC,0xCA,0xEE,0xFF,0xAC,0xCA,0xEE,0xFF,0xAC,0xCA,0xEE,0xFF,0xAC,0xCA,0xEE,0xFF,0xAC,0xCA,0xEE,0xFF,0x97,0xD0,0xB7,0xFF,0x8A,0xDB,0x80,0xFF,0x87,0xDA,0x7D,0xFF,0x35,0xC0,0x23,0xFF,
    0x15,0xB6,0x00,0xFF,0x15,0xB6,0x00,0xFF,0x15,0xB6,0x00,0xFF,0x15,0xB6,0x00,0xFF,0x15,0xB6,0x00,0xFF,0x15,0xB6,0x00,0xFF,0x15,0xB6,0x00,0xFF,0x15,0xB6,0x00,0xFF,0x15,0xB6,0x00,0xFF,0x15,0xB6,0x00,0xFF,0x15,0xB6,0x00,0xFF,0x15,0xB6,0x00,0xFF,0x15,0xB6,0x00,0xFF,0x15,0xB6,0x00,0xFF,0x15,0xB6,0x00,0xFF,0x15,0xB6,0x00,0xFF,
    0x15,0xB6,0x00,0xFF,0x15,0xB6,0x00,0xFF,0x15,0xB6,0x00,0xFF,0x15,0xB6,0x00,0xFF,0x15,0xB6,0x00,0xFF,0x15,0xB6,0x00,0xFF,0x15,0xB6,0x00,0xFF,0x15,0xB6,0x00,0xFF,0x15,0xB6,0x00,0xFF,0x15,0xB6,0x00,0xFF,0x15,0xB6,0x00,0xFF,0x15,0xB6,0x00,0xFF,0x35,0xC0,0x23,0xFF,0x87,0xDA,0x7D,0xFF,0x8A,0xDB,0x80,0xFF,0x98,0xD0,0xB7,0xFF,
    0xAC,0xCA,0xEE,0xFF,0xAC,0xCA,0xEE,0xFF,0xAC,0xCA,0xEE,0xFF,0xAC,0xCA,0xEE,0xFF,0xAC,0xCA,0xEE,0xFF,0xAC,0xCA,0xEE,0xFF,0xAC,0xCA,0xEE,0xFF,0xAC,0xCA,0xEE,0xFF,0xAC,0xCA,0xEE,0xFF,0xAC,0xCA,0xEE,0xFF,0xAC,0xCA,0xEE,0xFF,0xAC,0xCA,0xEE,0xFF,0xAC,0xCA,0xEE,0xFF,0xAC,0xCA,0xEE,0xFF,0xAC,0xCA,0xEE,0xFF,0xAC,0xCA,0xEE,0xFF,
    0xAC,0xCA,0xEE,0xFF,0xAC,0xCA,0xEE,0xFF,0xAC,0xCA,0xEE,0xFF,0xAC,0xCA,0xEE,0xFF,0xAC,0xCA,0xEE,0xFF,0xAC,0xCA,0xEE,0xFF,0xAC,0xCA,0xEE,0xFF,0xAC,0xCA,0xEE,0xFF,0xAC,0xCA,0xEE,0xFF,0xAC,0xCA,0xEE,0xFF,0xAC,0xCA,0xEE,0xFF,0xAC,0xCA,0xEE,0xFF,0xAC,0xCA,0xEE,0xFF,0xAC,0xCA,0xEE,0xFF,0xAC,0xCA,0xEE,0xFF,0xAC,0xCA,0xEE,0xFF,
    0xAC,0xCA,0xEE,0xFF,0xAC,0xCA,0xEE,0xFF,0xAC,0xCA,0xEE,0xFF,0xAC,0xCA,0xEE,0xFF,0xAC,0xCA,0xEE,0xFF,0xAC,0xCA,0xEE,0xFF,0xAC,0xCA,0xEE,0xFF,0xAC,0xCA,0xEE,0xFF,0xAC,0xCA,0xEE,0xFF,0xAC,0xCA,0xEE,0xFF,0xAC,0xCA,0xEE,0xFF,0xAC,0xCA,0xEE,0xFF,0xAC,0xCA,0xEE,0xFF,0xAC,0xCA,0xEE,0xFF,0xAC,0xCA,0xEE,0xFF,0xAC,0xCA,0xEE,0xFF,
    0xAC,0xCA,0xEE,0xFF,0xAC,0xCA,0xEE,0xFF,0xAC,0xCA,0xEE,0xFF,0xAC,0xCA,0xEE,0xFF,0xAC,0xCA,0xEE,0xFF,0xAC,0xCA,0xEE,0xFF,0xAC,0xCA,0xEE,0xFF,0xAC,0xCA,0xEE,0xFF,0xAC,0xCA,0xEE,0xFF,0xAC,0xCA,0xEE,0xFF,0xAC,0xCA,0xEE,0xFF,0xAC,0xCA,0xEE,0xFF,0xAC,0xCA,0xEE,0xFF,0xAC,0xCA,0xEE,0xFF,0xAC,0xCA,0xEE,0xFF,0xAC,0xCA,0xEE,0xFF,
    0xAC,0xCA,0xEE,0xFF,0x91,0xD2,0xA5,0xFF,0x8A,0xDB,0x80,0xFF,0x84,0xD9,0x7A,0xFF,0x35,0xC0,0x23,0xFF,0x15,0xB6,0x00,0xFF,0x15,0xB6,0x00,0xFF,0x15,0xB6,0x00,0xFF,0x15,0xB6,0x00,0xFF,0x15,0xB6,0x00,0xFF,0x15,0xB6,0x00,0xFF,0x15,0xB6,0x00,0xFF,0x15,0xB6,0x00,0xFF,0x15,0xB6,0x00,0xFF,0x15,0xB6,0x00,0xFF,0x15,0xB6,0x00,0xFF,
    0x15,0xB6,0x00,0xFF,0x15,0xB6,0x00,0xFF,0x15,0xB6,0x00,0xFF,0x15,0xB6,0x00,0xFF,0x15,0xB6,0x00,0xFF,0x15,0xB6,0x00,0xFF,0x15,0xB6,0x00,0xFF,0x15,0xB6,0x00,0xFF,0x15,0xB6,0x00,0xFF,0x15,0xB6,0x00,0xFF,0x15,0xB6,0x00,0xFF,0x15,0xB6,0x00,0xFF,0x15,0xB6,0x00,0xFF,0x15,0xB6,0x00,0xFF,0x15,0xB6,0x00,0xFF,0x35,0xC0,0x23,0xFF,
    0x84,0xD9,0x7A,0xFF,0x8A,0xDB,0x80,0xFF,0x91,0xD2,0xA5,0xFF,0xAC,0xCA,0xEE,0xFF,0xAC,0xCA,0xEE,0xFF,0xAC,0xCA,0xEE,0xFF,0xAC,0xCA,0xEE,0xFF,0xAC,0xCA,0xEE,0xFF,0xAC,0xCA,0xEE,0xFF,0xAC,0xCA,0xEE,0xFF,0xAC,0xCA,0xEE,0xFF,0xAC,0xCA,0xEE,0xFF,0xAC,0xCA,0xEE,0xFF,0xAC,0xCA,0xEE,0xFF,0xAC,0xCA,0xEE,0xFF,0xAC,0xCA,0xEE,0xFF,
    0xAC,0xCA,0xEE,0xFF,0xAC,0xCA,0xEE,0xFF,0xAC,0xCA,0xEE,0xFF,0xAC,0xCA,0xEE,0xFF,0xAC,0xCA,0xEE,0xFF,0xAC,0xCA,0xEE,0xFF,0xAC,0xCA,0xEE,0xFF,0xAC,0xCA,0xEE,0xFF,0xAC,0xCA,0xEE,0xFF,0xAC,0xCA,0xEE,0xFF,0xAC,0xCA,0xEE,0xFF,0xAC,0xCA,0xEE,0xFF,0xAC,0xCA,0xEE,0xFF,0xAC,0xCA,0xEE,0xFF,0xAC,0xCA,0xEE,0xFF,0xAC,0xCA,0xEE,0xFF,
    0xAC,0xCA,0xEE,0xFF,0xAC,0xCA,0xEE,0xFF,0xAC,0xCA,0xEE,0xFF,0xAC,0xCA,0xEE,0xFF,0xAC,0xCA,0xEE,0xFF,0xAC,0xCA,0xEE,0xFF,0xAC,0xCA,0xEE,0xFF,0xAC,0xCA,0xEE,0xFF,0xAC,0xCA,0xEE,0xFF,0xAC,0xCA,0xEE,0xFF,0xAC,0xCA,0xEE,0xFF,0xAC,0xCA,0xEE,0xFF,0xAC,0xCA,0xEE,0xFF,0xAC,0xCA,0xEE,0xFF,0xAC,0xCA,0xEE,0xFF,0xAC,0xCA,0xEE,0xFF,
    0xAC,0xCA,0xEE,0xFF,0xAC,0xCA,0xEE,0xFF,0xAC,0xCA,0xEE,0xFF,0xAC,0xCA,0xEE,0xFF,0xAC,0xCA,0xEE,0xFF,0xAC,0xCA,0xEE,0xFF,0xAC,0xCA,0xEE,0xFF,0xAC,0xCA,0xEE,0xFF,0xAC,0xCA,0xEE,0xFF,0xAC,0xCA,0xEE,0xFF,0xAC,0xCA,0xEE,0xFF,0xAC,0xCA,0xEE,0xFF,0xAC,0xCA,0xEE,0xFF,0xAC,0xCA,0xEE,0xFF,0xAC,0xCA,0xEE,0xFF,0xAC,0xCA,0xEE,0xFF,
    0xAC,0xCA,0xEE,0xFF,0xAC,0xCA,0xEE,0xFF,0xAC,0xCA,0xEE,0xFF,0xAC,0xCA,0xEE,0xFF,0xAC,0xCA,0xEE,0xFF,0xAC,0xCA,0xEE,0xFF,0x90,0xD3,0xA1,0xFF,0x8A,0xDB,0x80,0xFF,0x87,0xDA,0x7D,0xFF,0x46,0xC5,0x35,0xFF,0x15,0xB6,0x00,0xFF,0x15,0xB6,0x00,0xFF,0x15,0xB6,0x00,0xFF,0x15,0xB6,0x00,0xFF,0x15,0xB6,0x00,0xFF,0x15,0xB6,0x00,0xFF,
    0x15,0xB6,0x00,0xFF,0x15,0xB6,0x00,0xFF,0x15,0xB6,0x00,0xFF,0x15,0xB6,0x00,0xFF,0x15,0xB6,0x00,0xFF,0x15,0xB6,0x00,0xFF,0x15,0xB6,0x00,0xFF,0x15,0xB6,0x00,0xFF,0x15,0xB6,0x00,0xFF,0x15,0xB6,0x00,0xFF,0x15,0xB6,0x00,0xFF,0x15,0xB6,0x00,0xFF,0x15,0xB6,0x00,0xFF,0x15,0xB6,0x00,0xFF,0x15,0xB6,0x00,0xFF,0x15,0xB6,0x00,0xFF,
    0x15,0xB6,0x00,0xFF,0x15,0xB6,0x00,0xFF,0x46,0xC5,0x35,0xFF,0x87,0xDA,0x7D,0xFF,0x8A,0xDB,0x80,0xFF,0x90,0xD3,0xA1,0xFF,0xAC,0xCA,0xEE,0xFF,0xAC,0xCA,0xEE,0xFF,0xAC,0xCA,0xEE,0xFF,0xAC,0xCA,0xEE,0xFF,0xAC,0xCA,0xEE,0xFF,0xAC,0xCA,0xEE,0xFF,0xAC,0xCA,0xEE,0xFF,0xAC,0xCA,0xEE,0xFF,0xAC,0xCA,0xEE,0xFF,0xAC,0xCA,0xEE,0xFF,
    0xAC,0xCA,0xEE,0xFF,0xAC,0xCA,0xEE,0xFF,0xAC,0xCA,0xEE,0xFF,0xAC,0xCA,0xEE,0xFF,0xAC,0xCA,0xEE,0xFF,0xAC,0xCA,0xEE,0xFF,0xAC,0xCA,0xEE,0xFF,0xAC,0xCA,0xEE,0xFF,0xAC,0xCA,0xEE,0xFF,0xAC,0xCA,0xEE,0xFF,0xAC,0xCA,0xEE,0xFF,0xAC,0xCA,0xEE,0xFF,0xAC,0xCA,0xEE,0xFF,0xAC,0xCA,0xEE,0xFF,0xAC,0xCA,0xEE,0xFF,0xAC,0xCA,0xEE,0xFF,
    0xAC,0xCA,0xEE,0xFF,0xAC,0xCA,0xEE,0xFF,0xAC,0xCA,0xEE,0xFF,0xAC,0xCA,0xEE,0xFF,0xAC,0xCA,0xEE,0xFF,0xAC,0xCA,0xEE,0xFF,0xAC,0xCA,0xEE,0xFF,0xAC,0xCA,0xEE,0xFF,0xAC,0xCA,0xEE,0xFF,0xAC,0xCA,0xEE,0xFF,0xAC,0xCA,0xEE,0xFF,0xAC,0xCA,0xEE,0xFF,0xAC,0xCA,0xEE,0xFF,0xAC,0xCA,0xEE,0xFF,0xAC,0xCA,0xEE,0xFF,0xAC,0xCA,0xEE,0xFF,
    0xAC,0xCA,0xEE,0xFF,0xAC,0xCA,0xEE,0xFF,0xAC,0xCA,0xEE,0xFF,0xAC,0xCA,0xEE,0xFF,0xAC,0xCA,0xEE,0xFF,0xAC,0xCA,0xEE,0xFF,0xAC,0xCA,0xEE,0xFF,0xAC,0xCA,0xEE,0xFF,0xAC,0xCA,0xEE,0xFF,0xAC,0xCA,0xEE,0xFF,0xAC,0xCA,0xEE,0xFF,0xAC,0xCA,0xEE,0xFF,0xAC,0xCA,0xEE,0xFF,0xAC,0xCA,0xEE,0xFF,0xAC,0xCA,0xEE,0xFF,0xAC,0xCA,0xEE,0xFF,
    0xAC,0xCA,0xEE,0xFF,0xAC,0xCA,0xEE,0xFF,0xAC,0xCA,0xEE,0xFF,0xAC,0xCA,0xEE,0xFF,0xAC,0xCA,0xEE,0xFF,0xAC,0xCA,0xEE,0xFF,0xAC,0xCA,0xEE,0xFF,0xAC,0xCA,0xEE,0xFF,0xAC,0xCA,0xEE,0xFF,0xAC,0xCA,0xEE,0xFF,0xAC,0xCA,0xEE,0xFF,0x91,0xD2,0xA5,0xFF,0x8A,0xDB,0x80,0xFF,0x8A,0xDB,0x80,0xFF,0x5E,0xCD,0x4F,0xFF,0x1E,0xB9,0x0A,0xFF,
    0x15,0xB6,0x00,0xFF,0x15,0xB6,0x00,0xFF,0x15,0xB6,0x00,0xFF,0x15,0xB6,0x00,0xFF,0x15,0xB6,0x00,0xFF,0x15,0xB6,0x00,0xFF,0x15,0xB6,0x00,0xFF,0x15,0xB6,0x00,0xFF,0x15,0xB6,0x00,0xFF,0x15,0xB6,0x00,0xFF,0x15,0xB6,0x00,0xFF,0x15,0xB6,0x00,0xFF,0x15,0xB6,0x00,0xFF,0x15,0xB6,0x00,0xFF,0x15,0xB6,0x00,0xFF,0x15,0xB6,0x00,0xFF,
    0x15,0xB6,0x00,0xFF,0x15,0xB6,0x00,0xFF,0x15,0xB6,0x00,0xFF,0x15,0xB6,0x00,0xFF,0x1E,0xB9,0x0A,0xFF,0x5E,0xCD,0x4F,0xFF,0x8A,0xDB,0x80,0xFF,0x8A,0xDB,0x80,0xFF,0x91,0xD2,0xA5,0xFF,0xAC,0xCA,0xEE,0xFF,0xAC,0xCA,0xEE,0xFF,0xAC,0xCA,0xEE,0xFF,0xAC,0xCA,0xEE,0xFF,0xAC,0xCA,0xEE,0xFF,0xAC,0xCA,0xEE,0xFF,0xAC,0xCA,0xEE,0xFF,
    0xAC,0xCA,0xEE,0xFF,0xAC,0xCA,0xEE,0xFF,0xAC,0xCA,0xEE,0xFF,0xAC,0xCA,0xEE,0xFF,0xAC,0xCA,0xEE,0xFF,0xAC,0xCA,0xEE,0xFF,0xAC,0xCA,0xEE,0xFF,0xAC,0xCA,0xEE,0xFF,0xAC,0xCA,0xEE,0xFF,0xAC,0xCA,0xEE,0xFF,0xAC,0xCA,0xEE,0xFF,0xAC,0xCA,0xEE,0xFF,0xAC,0xCA,0xEE,0xFF,0xAC,0xCA,0xEE,0xFF,0xAC,0xCA,0xEE,0xFF,0xAC,0xCA,0xEE,0xFF,
    0xAC,0xCA,0xEE,0xFF,0xAC,0xCA,0xEE,0xFF,0xAC,0xCA,0xEE,0xFF,0xAC,0xCA,0xEE,0xFF,0xAC,0xCA,0xEE,0xFF,0xAC,0xCA,0xEE,0xFF,0xAC,0xCA,0xEE,0xFF,0xAC,0xCA,0xEE,0xFF,0xAC,0xCA,0xEE,0xFF,0xAC,0xCA,0xEE,0xFF,0xAC,0xCA,0xEE,0xFF,0xAC,0xCA,0xEE,0xFF,0xAC,0xCA,0xEE,0xFF,0xAC,0xCA,0xEE,0xFF,0xAC,0xCA,0xEE,0xFF,0xAC,0xCA,0xEE,0xFF,
    0xAC,0xCA,0xEE,0xFF,0xAC,0xCA,0xEE,0xFF,0xAC,0xCA,0xEE,0xFF,0xAC,0xCA,0xEE,0xFF,0xAC,0xCA,0xEE,0xFF,0xAC,0xCA,0xEE,0xFF,0xAC,0xCA,0xEE,0xFF,0xAC,0xCA,0xEE,0xFF,0xAC,0xCA,0xEE,0xFF,0xAC,0xCA,0xEE,0xFF,0xAC,0xCA,0xEE,0xFF,0xAC,0xCA,0xEE,0xFF,0xAC,0xCA,0xEE,0xFF,0xAC,0xCA,0xEE,0xFF,0xAC,0xCA,0xEE,0xFF,0xAC,0xCA,0xEE,0xFF,
    0xAC,0xCA,0xEE,0xFF,0xAC,0xCA,0xEE,0xFF,0xAC,0xCA,0xEE,0xFF,0xAC,0xCA,0xEE,0xFF,0xAC,0xCA,0xEE,0xFF,0xAC,0xCA,0xEE,0xFF,0xAC,0xCA,0xEE,0xFF,0xAC,0xCA,0xEE,0xFF,0xAC,0xCA,0xEE,0xFF,0xAC,0xCA,0xEE,0xFF,0xAC,0xCA,0xEE,0xFF,0xAC,0xCA,0xEE,0xFF,0xAC,0xCA,0xEE,0xFF,0xAC,0xCA,0xEE,0xFF,0xAC,0xCA,0xEE,0xFF,0xAC,0xCA,0xEE,0xFF,
    0x97,0xD0,0xB7,0xFF,0x89,0xD9,0x81,0xFF,0x8A,0xDB,0x80,0xFF,0x7F,0xD7,0x74,0xFF,0x45,0xC5,0x35,0xFF,0x17,0xB7,0x02,0xFF,0x15,0xB6,0x00,0xFF,0x15,0xB6,0x00,0xFF,0x15,0xB6,0x00,0xFF,0x15,0xB6,0x00,0xFF,0x15,0xB6,0x00,0xFF,0x15,0xB6,0x00,0xFF,0x15,0xB6,0x00,0xFF,0x15,0xB6,0x00,0xFF,0x15,0xB6,0x00,0xFF,0x15,0xB6,0x00,0xFF,
    0x15,0xB6,0x00,0xFF,0x15,0xB6,0x00,0xFF,0x15,0xB6,0x00,0xFF,0x15,0xB6,0x00,0xFF,0x15,0xB6,0x00,0xFF,0x15,0xB6,0x00,0xFF,0x17,0xB7,0x02,0xFF,0x45,0xC5,0x35,0xFF,0x7F,0xD7,0x74,0xFF,0x8A,0xDB,0x80,0xFF,0x89,0xD9,0x81,0xFF,0x98,0xD0,0xB7,0xFF,0xAC,0xCA,0xEE,0xFF,0xAC,0xCA,0xEE,0xFF,0xAC,0xCA,0xEE,0xFF,0xAC,0xCA,0xEE,0xFF,
    0xAC,0xCA,0xEE,0xFF,0xAC,0xCA,0xEE,0xFF,0xAC,0xCA,0xEE,0xFF,0xAC,0xCA,0xEE,0xFF,0xAC,0xCA,0xEE,0xFF,0xAC,0xCA,0xEE,0xFF,0xAC,0xCA,0xEE,0xFF,0xAC,0xCA,0xEE,0xFF,0xAC,0xCA,0xEE,0xFF,0xAC,0xCA,0xEE,0xFF,0xAC,0xCA,0xEE,0xFF,0xAC,0xCA,0xEE,0xFF,0xAC,0xCA,0xEE,0xFF,0xAC,0xCA,0xEE,0xFF,0xAC,0xCA,0xEE,0xFF,0xAC,0xCA,0xEE,0xFF,
    0xAC,0xCA,0xEE,0xFF,0xAC,0xCA,0xEE,0xFF,0xAC,0xCA,0xEE,0xFF,0xAC,0xCA,0xEE,0xFF,0xAC,0xCA,0xEE,0xFF,0xAC,0xCA,0xEE,0xFF,0xAC,0xCA,0xEE,0xFF,0xAC,0xCA,0xEE,0xFF,0xAC,0xCA,0xEE,0xFF,0xAC,0xCA,0xEE,0xFF,0xAC,0xCA,0xEE,0xFF,0xAC,0xCA,0xEE,0xFF,0xAC,0xCA,0xEE,0xFF,0xAC,0xCA,0xEE,0xFF,0xAC,0xCA,0xEE,0xFF,0xAC,0xCA,0xEE,0xFF,
    0xAC,0xCA,0xEE,0xFF,0xAC,0xCA,0xEE,0xFF,0xAC,0xCA,0xEE,0xFF,0xAC,0xCA,0xEE,0xFF,0xAC,0xCA,0xEE,0xFF,0xAC,0xCA,0xEE,0xFF,0xAC,0xCA,0xEE,0xFF,0xAC,0xCA,0xEE,0xFF,0xAC,0xCA,0xEE,0xFF,0xAC,0xCA,0xEE,0xFF,0xAC,0xCA,0xEE,0xFF,0xAC,0xCA,0xEE,0xFF,0xAC,0xCA,0xEE,0xFF,0xAC,0xCA,0xEE,0xFF,0xAC,0xCA,0xEE,0xFF,0xAC,0xCA,0xEE,0xFF,
    0xAC,0xCA,0xEE,0xFF,0xAC,0xCA,0xEE,0xFF,0xAC,0xCA,0xEE,0xFF,0xAC,0xCA,0xEE,0xFF,0xAC,0xCA,0xEE,0xFF,0xAC,0xCA,0xEE,0xFF,0xAC,0xCA,0xEE,0xFF,0xAC,0xCA,0xEE,0xFF,0xAC,0xCA,0xEE,0xFF,0xAC,0xCA,0xEE,0xFF,0xAC,0xCA,0xEE,0xFF,0xAC,0xCA,0xEE,0xFF,0xAC,0xCA,0xEE,0xFF,0xAC,0xCA,0xEE,0xFF,0xAC,0xCA,0xEE,0xFF,0xAC,0xCA,0xEE,0xFF,
    0xAC,0xCA,0xEE,0xFF,0xAC,0xCA,0xEE,0xFF,0xAC,0xCA,0xEE,0xFF,0xAC,0xCA,0xEE,0xFF,0xAC,0xCA,0xEE,0xFF,0xA3,0xCB,0xD8,0xFF,0x8B,0xD6,0x90,0xFF,0x8A,0xDB,0x80,0xFF,0x8A,0xDB,0x80,0xFF,0x7C,0xD6,0x71,0xFF,0x4B,0xC7,0x3B,0xFF,0x20,0xB9,0x0C,0xFF,0x15,0xB6,0x00,0xFF,0x15,0xB6,0x00,0xFF,0x15,0xB6,0x00,0xFF,0x15,0xB6,0x00,0xFF,
    0x15,0xB6,0x00,0xFF,0x15,0xB6,0x00,0xFF,0x15,0xB6,0x00,0xFF,0x15,0xB6,0x00,0xFF,0x15,0xB6,0x00,0xFF,0x15,0xB6,0x00,0xFF,0x15,0xB6,0x00,0xFF,0x15,0xB6,0x00,0xFF,0x20,0xB9,0x0C,0xFF,0x4B,0xC7,0x3B,0xFF,0x7C,0xD6,0x71,0xFF,0x8A,0xDB,0x80,0xFF,0x8A,0xDB,0x80,0xFF,0x8B,0xD6,0x90,0xFF,0xA3,0xCB,0xD8,0xFF,0xAC,0xCA,0xEE,0xFF,
    0xAC,0xCA,0xEE,0xFF,0xAC,0xCA,0xEE,0xFF,0xAC,0xCA,0xEE,0xFF,0xAC,0xCA,0xEE,0xFF,0xAC,0xCA,0xEE,0xFF,0xAC,0xCA,0xEE,0xFF,0xAC,0xCA,0xEE,0xFF,0xAC,0xCA,0xEE,0xFF,0xAC,0xCA,0xEE,0xFF,0xAC,0xCA,0xEE,0xFF,0xAC,0xCA,0xEE,0xFF,0xAC,0xCA,0xEE,0xFF,0xAC,0xCA,0xEE,0xFF,0xAC,0xCA,0xEE,0xFF,0xAC,0xCA,0xEE,0xFF,0xAC,0xCA,0xEE,0xFF,
    0xAC,0xCA,0xEE,0xFF,0xAC,0xCA,0xEE,0xFF,0xAC,0xCA,0xEE,0xFF,0xAC,0xCA,0xEE,0xFF,0xAC,0xCA,0xEE,0xFF,0xAC,0xCA,0xEE,0xFF,0xAC,0xCA,0xEE,0xFF,0xAC,0xCA,0xEE,0xFF,0xAC,0xCA,0xEE,0xFF,0xAC,0xCA,0xEE,0xFF,0xAC,0xCA,0xEE,0xFF,0xAC,0xCA,0xEE,0xFF,0xAC,0xCA,0xEE,0xFF,0xAC,0xCA,0xEE,0xFF,0xAC,0xCA,0xEE,0xFF,0xAC,0xCA,0xEE,0xFF,
    0xAC,0xCA,0xEE,0xFF,0xAC,0xCA,0xEE,0xFF,0xAC,0xCA,0xEE,0xFF,0xAC,0xCA,0xEE,0xFF,0xAC,0xCA,0xEE,0xFF,0xAC,0xCA,0xEE,0xFF,0xAC,0xCA,0xEE,0xFF,0xAC,0xCA,0xEE,0xFF,0xAC,0xCA,0xEE,0xFF,0xAC,0xCA,0xEE,0xFF,0xAC,0xCA,0xEE,0xFF,0xAC,0xCA,0xEE,0xFF,0xAC,0xCA,0xEE,0xFF,0xAC,0xCA,0xEE,0xFF,0xAC,0xCA,0xEE,0xFF,0xAC,0xCA,0xEE,0xFF,
    0xAC,0xCA,0xEE,0xFF,0xAC,0xCA,0xEE,0xFF,0xAC,0xCA,0xEE,0xFF,0xAC,0xCA,0xEE,0xFF,0xAC,0xCA,0xEE,0xFF,0xAC,0xCA,0xEE,0xFF,0xAC,0xCA,0xEE,0xFF,0xAC,0xCA,0xEE,0xFF,0xAC,0xCA,0xEE,0xFF,0xAC,0xCA,0xEE,0xFF,0xAC,0xCA,0xEE,0xFF,0xAC,0xCA,0xEE,0xFF,0xAC,0xCA,0xEE,0xFF,0xAC,0xCA,0xEE,0xFF,0xAC,0xCA,0xEE,0xFF,0xAC,0xCA,0xEE,0xFF,
    0xAC,0xCA,0xEE,0xFF,0xAC,0xCA,0xEE,0xFF,0xAC,0xCA,0xEE,0xFF,0xAC,0xCA,0xEE,0xFF,0xAC,0xCA,0xEE,0xFF,0xAC,0xCA,0xEE,0xFF,0xAC,0xCA,0xEE,0xFF,0xAC,0xCA,0xEE,0xFF,0xAC,0xCA,0xEE,0xFF,0xAC,0xCA,0xEE,0xFF,0xAC,0xCA,0xEE,0xFF,0x9B,0xCE,0xC0,0xFF,0x89,0xD7,0x88,0xFF,0x8A,0xDB,0x80,0xFF,0x8A,0xDB,0x80,0xFF,0x89,0xDB,0x7F,0xFF,
    0x6F,0xD2,0x63,0xFF,0x51,0xC9,0x42,0xFF,0x39,0xC1,0x27,0xFF,0x28,0xBC,0x14,0xFF,0x1C,0xB8,0x07,0xFF,0x16,0xB6,0x01,0xFF,0x16,0xB6,0x01,0xFF,0x1C,0xB8,0x07,0xFF,0x28,0xBC,0x14,0xFF,0x39,0xC1,0x27,0xFF,0x51,0xC9,0x42,0xFF,0x6F,0xD2,0x63,0xFF,0x89,0xDB,0x7F,0xFF,0x8A,0xDB,0x80,0xFF,0x8A,0xDB,0x80,0xFF,0x89,0xD7,0x88,0xFF,
    0x9B,0xCE,0xC0,0xFF,0xAC,0xCA,0xEE,0xFF,0xAC,0xCA,0xEE,0xFF,0xAC,0xCA,0xEE,0xFF,0xAC,0xCA,0xEE,0xFF,0xAC,0xCA,0xEE,0xFF,0xAC,0xCA,0xEE,0xFF,0xAC,0xCA,0xEE,0xFF,0xAC,0xCA,0xEE,0xFF,0xAC,0xCA,0xEE,0xFF,0xAC,0xCA,0xEE,0xFF,0xAC,0xCA,0xEE,0xFF,0xAC,0xCA,0xEE,0xFF,0xAC,0xCA,0xEE,0xFF,0xAC,0xCA,0xEE,0xFF,0xAC,0xCA,0xEE,0xFF,
    0xAC,0xCA,0xEE,0xFF,0xAC,0xCA,0xEE,0xFF,0xAC,0xCA,0xEE,0xFF,0xAC,0xCA,0xEE,0xFF,0xAC,0xCA,0xEE,0xFF,0xAC,0xCA,0xEE,0xFF,0xAC,0xCA,0xEE,0xFF,0xAC,0xCA,0xEE,0xFF,0xAC,0xCA,0xEE,0xFF,0xAC,0xCA,0xEE,0xFF,0xAC,0xCA,0xEE,0xFF,0xAC,0xCA,0xEE,0xFF,0xAC,0xCA,0xEE,0xFF,0xAC,0xCA,0xEE,0xFF,0xAC,0xCA,0xEE,0xFF,0xAC,0xCA,0xEE,0xFF,
    0xAC,0xCA,0xEE,0xFF,0xAC,0xCA,0xEE,0xFF,0xAC,0xCA,0xEE,0xFF,0xAC,0xCA,0xEE,0xFF,0xAC,0xCA,0xEE,0xFF,0xAC,0xCA,0xEE,0xFF,0xAC,0xCA,0xEE,0xFF,0xAC,0xCA,0xEE,0xFF,0xAC,0xCA,0xEE,0xFA,0xAC,0xCA,0xEE,0xFF,0xAC,0xCA,0xEE,0xFF,0xAC,0xCA,0xEE,0xFF,0xAC,0xCA,0xEE,0xFF,0xAC,0xCA,0xEE,0xFF,0xAC,0xCA,0xEE,0xFF,0xAC,0xCA,0xEE,0xFF,
    0xAC,0xCA,0xEE,0xFF,0xAC,0xCA,0xEE,0xFF,0xAC,0xCA,0xEE,0xFF,0xAC,0xCA,0xEE,0xFF,0xAC,0xCA,0xEE,0xFF,0xAC,0xCA,0xEE,0xFF,0xAC,0xCA,0xEE,0xFF,0xAC,0xCA,0xEE,0xFF,0xAC,0xCA,0xEE,0xFF,0xAC,0xCA,0xEE,0xFF,0xAC,0xCA,0xEE,0xFF,0xAC,0xCA,0xEE,0xFF,0xAC,0xCA,0xEE,0xFF,0xAC,0xCA,0xEE,0xFF,0xAC,0xCA,0xEE,0xFF,0xAC,0xCA,0xEE,0xFF,
    0xAC,0xCA,0xEE,0xFF,0xAC,0xCA,0xEE,0xFF,0xAC,0xCA,0xEE,0xFF,0xAC,0xCA,0xEE,0xFF,0xAC,0xCA,0xEE,0xFF,0xAC,0xCA,0xEE,0xFF,0xAC,0xCA,0xEE,0xFF,0xAC,0xCA,0xEE,0xFF,0xAC,0xCA,0xEE,0xFF,0xAC,0xCA,0xEE,0xFF,0xAC,0xCA,0xEE,0xFF,0xAC,0xCA,0xEE,0xFF,0xAC,0xCA,0xEE,0xFF,0xAC,0xCA,0xEE,0xFF,0xAC,0xCA,0xEE,0xFF,0xAC,0xCA,0xEE,0xFF,
    0xAC,0xCA,0xEE,0xFF,0x9A,0xCE,0xC2,0xFF,0x8D,0xD4,0x96,0xFF,0x89,0xDA,0x80,0xFF,0x8A,0xDB,0x80,0xFF,0x8A,0xDB,0x80,0xFF,0x8A,0xDB,0x80,0xFF,0x8A,0xDB,0x80,0xFF,0x8A,0xDB,0x80,0xFF,0x8A,0xDB,0x80,0xFF,0x8A,0xDB,0x80,0xFF,0x8A,0xDB,0x80,0xFF,0x8A,0xDB,0x80,0xFF,0x8A,0xDB,0x80,0xFF,0x8A,0xDB,0x80,0xFF,0x8A,0xDB,0x80,0xFF,
    0x89,0xDA,0x80,0xFF,0x8D,0xD5,0x96,0xFF,0x9A,0xCE,0xC2,0xFF,0xAC,0xCA,0xEE,0xFF,0xAC,0xCA,0xEE,0xFF,0xAC,0xCA,0xEE,0xFF,0xAC,0xCA,0xEE,0xFF,0xAC,0xCA,0xEE,0xFF,0xAC,0xCA,0xEE,0xFF,0xAC,0xCA,0xEE,0xFF,0xAC,0xCA,0xEE,0xFF,0xAC,0xCA,0xEE,0xFF,0xAC,0xCA,0xEE,0xFF,0xAC,0xCA,0xEE,0xFF,0xAC,0xCA,0xEE,0xFF,0xAC,0xCA,0xEE,0xFF,
    0xAC,0xCA,0xEE,0xFF,0xAC,0xCA,0xEE,0xFF,0xAC,0xCA,0xEE,0xFF,0xAC,0xCA,0xEE,0xFF,0xAC,0xCA,0xEE,0xFF,0xAC,0xCA,0xEE,0xFF,0xAC,0xCA,0xEE,0xFF,0xAC,0xCA,0xEE,0xFF,0xAC,0xCA,0xEE,0xFF,0xAC,0xCA,0xEE,0xFF,0xAC,0xCA,0xEE,0xFF,0xAC,0xCA,0xEE,0xFF,0xAC,0xCA,0xEE,0xFF,0xAC,0xCA,0xEE,0xFF,0xAC,0xCA,0xEE,0xFF,0xAC,0xCA,0xEE,0xFF,
    0xAC,0xCA,0xEE,0xFF,0xAC,0xCA,0xEE,0xFF,0xAC,0xCA,0xEE,0xFF,0xAC,0xCA,0xEE,0xFF,0xAC,0xCA,0xEE,0xFF,0xAC,0xCA,0xEE,0xFF,0xAC,0xCA,0xEE,0xFF,0xAC,0xCA,0xEE,0xFF,0xAC,0xCA,0xEE,0xFF,0xAC,0xCA,0xEE,0xFF,0xAC,0xCA,0xEE,0xFF,0xAC,0xCA,0xEE,0xFA,0xAB,0xC9,0xEE,0xDE,0xAC,0xCA,0xEE,0xFF,0xAC,0xCA,0xEE,0xFF,0xAC,0xCA,0xEE,0xFF,
    0xAC,0xCA,0xEE,0xFF,0xAC,0xCA,0xEE,0xFF,0xAC,0xCA,0xEE,0xFF,0xAC,0xCA,0xEE,0xFF,0xAC,0xCA,0xEE,0xFF,0xAC,0xCA,0xEE,0xFF,0xAC,0xCA,0xEE,0xFF,0xAC,0xCA,0xEE,0xFF,0xAC,0xCA,0xEE,0xFF,0xAC,0xCA,0xEE,0xFF,0xAC,0xCA,0xEE,0xFF,0xAC,0xCA,0xEE,0xFF,0xAC,0xCA,0xEE,0xFF,0xAC,0xCA,0xEE,0xFF,0xAC,0xCA,0xEE,0xFF,0xAC,0xCA,0xEE,0xFF,
    0xAC,0xCA,0xEE,0xFF,0xAC,0xCA,0xEE,0xFF,0xAC,0xCA,0xEE,0xFF,0xAC,0xCA,0xEE,0xFF,0xAC,0xCA,0xEE,0xFF,0xAC,0xCA,0xEE,0xFF,0xAC,0xCA,0xEE,0xFF,0xAC,0xCA,0xEE,0xFF,0xAC,0xCA,0xEE,0xFF,0xAC,0xCA,0xEE,0xFF,0xAC,0xCA,0xEE,0xFF,0xAC,0xCA,0xEE,0xFF,0xAC,0xCA,0xEE,0xFF,0xAC,0xCA,0xEE,0xFF,0xAC,0xCA,0xEE,0xFF,0xAC,0xCA,0xEE,0xFF,
    0xAC,0xCA,0xEE,0xFF,0xAC,0xCA,0xEE,0xFF,0xAC,0xCA,0xEE,0xFF,0xAC,0xCA,0xEE,0xFF,0xAC,0xCA,0xEE,0xFF,0xAC,0xCA,0xEE,0xFF,0xAC,0xCA,0xEE,0xFF,0xA7,0xCA,0xE4,0xFF,0x99,0xCE,0xBF,0xFF,0x97,0xD2,0xAE,0xFF,0x8B,0xD5,0x90,0xFF,0x87,0xD7,0x84,0xFF,0x88,0xDA,0x80,0xFF,0x8A,0xDB,0x80,0xFF,0x8A,0xDB,0x80,0xFF,0x88,0xD9,0x80,0xFF,
    0x87,0xD7,0x84,0xFF,0x8B,0xD5,0x90,0xFF,0x97,0xD2,0xAE,0xFF,0x99,0xCE,0xBF,0xFF,0xA7,0xCB,0xE4,0xFF,0xAC,0xCA,0xEE,0xFF,0xAC,0xCA,0xEE,0xFF,0xAC,0xCA,0xEE,0xFF,0xAC,0xCA,0xEE,0xFF,0xAC,0xCA,0xEE,0xFF,0xAC,0xCA,0xEE,0xFF,0xAC,0xCA,0xEE,0xFF,0xAC,0xCA,0xEE,0xFF,0xAC,0xCA,0xEE,0xFF,0xAC,0xCA,0xEE,0xFF,0xAC,0xCA,0xEE,0xFF,
    0xAC,0xCA,0xEE,0xFF,0xAC,0xCA,0xEE,0xFF,0xAC,0xCA,0xEE,0xFF,0xAC,0xCA,0xEE,0xFF,0xAC,0xCA,0xEE,0xFF,0xAC,0xCA,0xEE,0xFF,0xAC,0xCA,0xEE,0xFF,0xAC,0xCA,0xEE,0xFF,0xAC,0xCA,0xEE,0xFF,0xAC,0xCA,0xEE,0xFF,0xAC,0xCA,0xEE,0xFF,0xAC,0xCA,0xEE,0xFF,0xAC,0xCA,0xEE,0xFF,0xAC,0xCA,0xEE,0xFF,0xAC,0xCA,0xEE,0xFF,0xAC,0xCA,0xEE,0xFF,
    0xAC,0xCA,0xEE,0xFF,0xAC,0xCA,0xEE,0xFF,0xAC,0xCA,0xEE,0xFF,0xAC,0xCA,0xEE,0xFF,0xAC,0xCA,0xEE,0xFF,0xAC,0xCA,0xEE,0xFF,0xAC,0xCA,0xEE,0xFF,0xAC,0xCA,0xEE,0xFF,0xAC,0xCA,0xEE,0xFF,0xAC,0xCA,0xEE,0xFF,0xAC,0xCA,0xEE,0xFF,0xAC,0xCA,0xEE,0xFF,0xAC,0xCA,0xEE,0xFF,0xAC,0xCA,0xEE,0xFF,0xAC,0xCA,0xEE,0xFF,0xAB,0xC9,0xEE,0xDE,
    0xAB,0xCA,0xEE,0xB1,0xAC,0xCA,0xEE,0xFF,0xAC,0xCA,0xEE,0xFF,0xAC,0xCA,0xEE,0xFF,0xAC,0xCA,0xEE,0xFF,0xAC,0xCA,0xEE,0xFF,0xAC,0xCA,0xEE,0xFF,0xAC,0xCA,0xEE,0xFF,0xAC,0xCA,0xEE,0xFF,0xAC,0xCA,0xEE,0xFF,0xAC,0xCA,0xEE,0xFF,0xAC,0xCA,0xEE,0xFF,0xAC,0xCA,0xEE,0xFF,0xAC,0xCA,0xEE,0xFF,0xAC,0xCA,0xEE,0xFF,0xAC,0xCA,0xEE,0xFF,
    0xAC,0xCA,0xEE,0xFF,0xAC,0xCA,0xEE,0xFF,0xAC,0xCA,0xEE,0xFF,0xAC,0xCA,0xEE,0xFF,0xAC,0xCA,0xEE,0xFF,0xAC,0xCA,0xEE,0xFF,0xAC,0xCA,0xEE,0xFF,0xAC,0xCA,0xEE,0xFF,0xAC,0xCA,0xEE,0xFF,0xAC,0xCA,0xEE,0xFF,0xAC,0xCA,0xEE,0xFF,0xAC,0xCA,0xEE,0xFF,0xAC,0xCA,0xEE,0xFF,0xAC,0xCA,0xEE,0xFF,0xAC,0xCA,0xEE,0xFF,0xAC,0xCA,0xEE,0xFF,
    0xAC,0xCA,0xEE,0xFF,0xAC,0xCA,0xEE,0xFF,0xAC,0xCA,0xEE,0xFF,0xAC,0xCA,0xEE,0xFF,0xAC,0xCA,0xEE,0xFF,0xAC,0xCA,0xEE,0xFF,0xAC,0xCA,0xEE,0xFF,0xAC,0xCA,0xEE,0xFF,0xAC,0xCA,0xEE,0xFF,0xAC,0xCA,0xEE,0xFF,0xAC,0xCA,0xEE,0xFF,0xAC,0xCA,0xEE,0xFF,0xAC,0xCA,0xEE,0xFF,0xAC,0xCA,0xEE,0xFF,0xAC,0xCA,0xEE,0xFF,0xAC,0xCA,0xEE,0xFF,
    0xAC,0xCA,0xEE,0xFF,0xAC,0xCA,0xEE,0xFF,0xAC,0xCA,0xEE,0xFF,0xAC,0xCA,0xEE,0xFF,0xAC,0xCA,0xEE,0xFF,0xAC,0xCA,0xEE,0xFF,0xAC,0xCA,0xEE,0xFF,0xAC,0xCA,0xEE,0xFF,0xAC,0xCA,0xEE,0xFF,0xAC,0xCA,0xEE,0xFF,0xAC,0xCA,0xEE,0xFF,0xAC,0xCA,0xEE,0xFF,0xAC,0xCA,0xEE,0xFF,0xAC,0xCA,0xEE,0xFF,0xAC,0xCA,0xEE,0xFF,0xAC,0xCA,0xEE,0xFF,
    0xAC,0xCA,0xEE,0xFF,0xAC,0xCA,0xEE,0xFF,0xAC,0xCA,0xEE,0xFF,0xAC,0xCA,0xEE,0xFF,0xAC,0xCA,0xEE,0xFF,0xAC,0xCA,0xEE,0xFF,0xAC,0xCA,0xEE,0xFF,0xAC,0xCA,0xEE,0xFF,0xAC,0xCA,0xEE,0xFF,0xAC,0xCA,0xEE,0xFF,0xAC,0xCA,0xEE,0xFF,0xAC,0xCA,0xEE,0xFF,0xAC,0xCA,0xEE,0xFF,0xAC,0xCA,0xEE,0xFF,0xAC,0xCA,0xEE,0xFF,0xAC,0xCA,0xEE,0xFF,
    0xAC,0xCA,0xEE,0xFF,0xAC,0xCA,0xEE,0xFF,0xAC,0xCA,0xEE,0xFF,0xAC,0xCA,0xEE,0xFF,0xAC,0xCA,0xEE,0xFF,0xAC,0xCA,0xEE,0xFF,0xAC,0xCA,0xEE,0xFF,0xAC,0xCA,0xEE,0xFF,0xAC,0xCA,0xEE,0xFF,0xAC,0xCA,0xEE,0xFF,0xAC,0xCA,0xEE,0xFF,0xAC,0xCA,0xEE,0xFF,0xAC,0xCA,0xEE,0xFF,0xAC,0xCA,0xEE,0xFF,0xAC,0xCA,0xEE,0xFF,0xAC,0xCA,0xEE,0xFF,
    0xAC,0xCA,0xEE,0xFF,0xAC,0xCA,0xEE,0xFF,0xAC,0xCA,0xEE,0xFF,0xAB,0xCA,0xEE,0xB1,0xAC,0xC9,0xEE,0x59,0xAC,0xCA,0xEE,0xFF,0xAC,0xCA,0xEE,0xFF,0xAC,0xCA,0xEE,0xFF,0xAC,0xCA,0xEE,0xFF,0xAC,0xCA,0xEE,0xFF,0xAC,0xCA,0xEE,0xFF,0xAC,0xCA,0xEE,0xFF,0xAC,0xCA,0xEE,0xFF,0xAC,0xCA,0xEE,0xFF,0xAC,0xCA,0xEE,0xFF,0xAC,0xCA,0xEE,0xFF,
    0xAC,0xCA,0xEE,0xFF,0xAC,0xCA,0xEE,0xFF,0xAC,0xCA,0xEE,0xFF,0xAC,0xCA,0xEE,0xFF,0xAC,0xCA,0xEE,0xFF,0xAC,0xCA,0xEE,0xFF,0xAC,0xCA,0xEE,0xFF,0xAC,0xCA,0xEE,0xFF,0xAC,0xCA,0xEE,0xFF,0xAC,0xCA,0xEE,0xFF,0xAC,0xCA,0xEE,0xFF,0xAC,0xCA,0xEE,0xFF,0xAC,0xCA,0xEE,0xFF,0xAC,0xCA,0xEE,0xFF,0xAC,0xCA,0xEE,0xFF,0xAC,0xCA,0xEE,0xFF,
    0xAC,0xCA,0xEE,0xFF,0xAC,0xCA,0xEE,0xFF,0xAC,0xCA,0xEE,0xFF,0xAC,0xCA,0xEE,0xFF,0xAC,0xCA,0xEE,0xFF,0xAC,0xCA,0xEE,0xFF,0xAC,0xCA,0xEE,0xFF,0xAC,0xCA,0xEE,0xFF,0xAC,0xCA,0xEE,0xFF,0xAC,0xCA,0xEE,0xFF,0xAC,0xCA,0xEE,0xFF,0xAC,0xCA,0xEE,0xFF,0xAC,0xCA,0xEE,0xFF,0xAC,0xCA,0xEE,0xFF,0xAC,0xCA,0xEE,0xFF,0xAC,0xCA,0xEE,0xFF,
    0xAC,0xCA,0xEE,0xFF,0xAC,0xCA,0xEE,0xFF,0xAC,0xCA,0xEE,0xFF,0xAC,0xCA,0xEE,0xFF,0xAC,0xCA,0xEE,0xFF,0xAC,0xCA,0xEE,0xFF,0xAC,0xCA,0xEE,0xFF,0xAC,0xCA,0xEE,0xFF,0xAC,0xCA,0xEE,0xFF,0xAC,0xCA,0xEE,0xFF,0xAC,0xCA,0xEE,0xFF,0xAC,0xCA,0xEE,0xFF,0xAC,0xCA,0xEE,0xFF,0xAC,0xCA,0xEE,0xFF,0xAC,0xCA,0xEE,0xFF,0xAC,0xCA,0xEE,0xFF,
    0xAC,0xCA,0xEE,0xFF,0xAC,0xCA,0xEE,0xFF,0xAC,0xCA,0xEE,0xFF,0xAC,0xCA,0xEE,0xFF,0xAC,0xCA,0xEE,0xFF,0xAC,0xCA,0xEE,0xFF,0xAC,0xCA,0xEE,0xFF,0xAC,0xCA,0xEE,0xFF,0xAC,0xCA,0xEE,0xFF,0xAC,0xCA,0xEE,0xFF,0xAC,0xCA,0xEE,0xFF,0xAC,0xCA,0xEE,0xFF,0xAC,0xCA,0xEE,0xFF,0xAC,0xCA,0xEE,0xFF,0xAC,0xCA,0xEE,0xFF,0xAC,0xCA,0xEE,0xFF,
    0xAC,0xCA,0xEE,0xFF,0xAC,0xCA,0xEE,0xFF,0xAC,0xCA,0xEE,0xFF,0xAC,0xCA,0xEE,0xFF,0xAC,0xCA,0xEE,0xFF,0xAC,0xCA,0xEE,0xFF,0xAC,0xCA,0xEE,0xFF,0xAC,0xCA,0xEE,0xFF,0xAC,0xCA,0xEE,0xFF,0xAC,0xCA,0xEE,0xFF,0xAC,0xCA,0xEE,0xFF,0xAC,0xCA,0xEE,0xFF,0xAC,0xCA,0xEE,0xFF,0xAC,0xCA,0xEE,0xFF,0xAC,0xCA,0xEE,0xFF,0xAC,0xCA,0xEE,0xFF,
    0xAC,0xCA,0xEE,0xFF,0xAC,0xCA,0xEE,0xFF,0xAC,0xCA,0xEE,0xFF,0xAC,0xCA,0xEE,0xFF,0xAC,0xCA,0xEE,0xFF,0xAC,0xCA,0xEE,0xFF,0xAC,0xCA,0xEE,0xFF,0xAC,0xC9,0xEE,0x59,0xAA,0xCC,0xEE,0x0F,0xAC,0xCA,0xEE,0xDE,0xAC,0xCA,0xEE,0xFF,0xAC,0xCA,0xEE,0xFF,0xAC,0xCA,0xEE,0xFF,0xAC,0xCA,0xEE,0xFF,0xAC,0xCA,0xEE,0xFF,0xAC,0xCA,0xEE,0xFF,
    0xAC,0xCA,0xEE,0xFF,0xAC,0xCA,0xEE,0xFF,0xAC,0xCA,0xEE,0xFF,0xAC,0xCA,0xEE,0xFF,0xAC,0xCA,0xEE,0xFF,0xAC,0xCA,0xEE,0xFF,0xAC,0xCA,0xEE,0xFF,0xAC,0xCA,0xEE,0xFF,0xAC,0xCA,0xEE,0xFF,0xAC,0xCA,0xEE,0xFF,0xAC,0xCA,0xEE,0xFF,0xAC,0xCA,0xEE,0xFF,0xAC,0xCA,0xEE,0xFF,0xAC,0xCA,0xEE,0xFF,0xAC,0xCA,0xEE,0xFF,0xAC,0xCA,0xEE,0xFF,
    0xAC,0xCA,0xEE,0xFF,0xAC,0xCA,0xEE,0xFF,0xAC,0xCA,0xEE,0xFF,0xAC,0xCA,0xEE,0xFF,0xAC,0xCA,0xEE,0xFF,0xAC,0xCA,0xEE,0xFF,0xAC,0xCA,0xEE,0xFF,0xAC,0xCA,0xEE,0xFF,0xAC,0xCA,0xEE,0xFF,0xAC,0xCA,0xEE,0xFF,0xAC,0xCA,0xEE,0xFF,0xAC,0xCA,0xEE,0xFF,0xAC,0xCA,0xEE,0xFF,0xAC,0xCA,0xEE,0xFF,0xAC,0xCA,0xEE,0xFF,0xAC,0xCA,0xEE,0xFF,
    0xAC,0xCA,0xEE,0xFF,0xAC,0xCA,0xEE,0xFF,0xAC,0xCA,0xEE,0xFF,0xAC,0xCA,0xEE,0xFF,0xAC,0xCA,0xEE,0xFF,0xAC,0xCA,0xEE,0xFF,0xAC,0xCA,0xEE,0xFF,0xAC,0xCA,0xEE,0xFF,0xAC,0xCA,0xEE,0xFF,0xAC,0xCA,0xEE,0xFF,0xAC,0xCA,0xEE,0xFF,0xAC,0xCA,0xEE,0xFF,0xAC,0xCA,0xEE,0xFF,0xAC,0xCA,0xEE,0xFF,0xAC,0xCA,0xEE,0xFF,0xAC,0xCA,0xEE,0xFF,
    0xAC,0xCA,0xEE,0xFF,0xAC,0xCA,0xEE,0xFF,0xAC,0xCA,0xEE,0xFF,0xAC,0xCA,0xEE,0xFF,0xAC,0xCA,0xEE,0xFF,0xAC,0xCA,0xEE,0xFF,0xAC,0xCA,0xEE,0xFF,0xAC,0xCA,0xEE,0xFF,0xAC,0xCA,0xEE,0xFF,0xAC,0xCA,0xEE,0xFF,0xAC,0xCA,0xEE,0xFF,0xAC,0xCA,0xEE,0xFF,0xAC,0xCA,0xEE,0xFF,0xAC,0xCA,0xEE,0xFF,0xAC,0xCA,0xEE,0xFF,0xAC,0xCA,0xEE,0xFF,
    0xAC,0xCA,0xEE,0xFF,0xAC,0xCA,0xEE,0xFF,0xAC,0xCA,0xEE,0xFF,0xAC,0xCA,0xEE,0xFF,0xAC,0xCA,0xEE,0xFF,0xAC,0xCA,0xEE,0xFF,0xAC,0xCA,0xEE,0xFF,0xAC,0xCA,0xEE,0xFF,0xAC,0xCA,0xEE,0xFF,0xAC,0xCA,0xEE,0xFF,0xAC,0xCA,0xEE,0xFF,0xAC,0xCA,0xEE,0xFF,0xAC,0xCA,0xEE,0xFF,0xAC,0xCA,0xEE,0xFF,0xAC,0xCA,0xEE,0xFF,0xAC,0xCA,0xEE,0xFF,
    0xAC,0xCA,0xEE,0xFF,0xAC,0xCA,0xEE,0xFF,0xAC,0xCA,0xEE,0xFF,0xAC,0xCA,0xEE,0xFF,0xAC,0xCA,0xEE,0xFF,0xAC,0xCA,0xEE,0xFF,0xAC,0xCA,0xEE,0xFF,0xAC,0xCA,0xEE,0xFF,0xAC,0xCA,0xEE,0xFF,0xAC,0xCA,0xEE,0xFF,0xAC,0xCA,0xEE,0xDE,0xAA,0xCC,0xEE,0x0F,0x00,0x00,0x00,0x00,0xAE,0xCD,0xEE,0x5B,0xAC,0xCA,0xEE,0xFF,0xAC,0xCA,0xEE,0xFF,
    0xAC,0xCA,0xEE,0xFF,0xAC,0xCA,0xEE,0xFF,0xAC,0xCA,0xEE,0xFF,0xAC,0xCA,0xEE,0xFF,0xAC,0xCA,0xEE,0xFF,0xAC,0xCA,0xEE,0xFF,0xAC,0xCA,0xEE,0xFF,0xAC,0xCA,0xEE,0xFF,0xAC,0xCA,0xEE,0xFF,0xAC,0xCA,0xEE,0xFF,0xAC,0xCA,0xEE,0xFF,0xAC,0xCA,0xEE,0xFF,0xAC,0xCA,0xEE,0xFF,0xAC,0xCA,0xEE,0xFF,0xAC,0xCA,0xEE,0xFF,0xAC,0xCA,0xEE,0xFF,
    0xAC,0xCA,0xEE,0xFF,0xAC,0xCA,0xEE,0xFF,0xAC,0xCA,0xEE,0xFF,0xAC,0xCA,0xEE,0xFF,0xAC,0xCA,0xEE,0xFF,0xAC,0xCA,0xEE,0xFF,0xAC,0xCA,0xEE,0xFF,0xAC,0xCA,0xEE,0xFF,0xAC,0xCA,0xEE,0xFF,0xAC,0xCA,0xEE,0xFF,0xAC,0xCA,0xEE,0xFF,0xAC,0xCA,0xEE,0xFF,0xAC,0xCA,0xEE,0xFF,0xAC,0xCA,0xEE,0xFF,0xAC,0xCA,0xEE,0xFF,0xAC,0xCA,0xEE,0xFF,
    0xAC,0xCA,0xEE,0xFF,0xAC,0xCA,0xEE,0xFF,0xAC,0xCA,0xEE,0xFF,0xAC,0xCA,0xEE,0xFF,0xAC,0xCA,0xEE,0xFF,0xAC,0xCA,0xEE,0xFF,0xAC,0xCA,0xEE,0xFF,0xAC,0xCA,0xEE,0xFF,0xAC,0xCA,0xEE,0xFF,0xAC,0xCA,0xEE,0xFF,0xAC,0xCA,0xEE,0xFF,0xAC,0xCA,0xEE,0xFF,0xAC,0xCA,0xEE,0xFF,0xAC,0xCA,0xEE,0xFF,0xAC,0xCA,0xEE,0xFF,0xAC,0xCA,0xEE,0xFF,
    0xAC,0xCA,0xEE,0xFF,0xAC,0xCA,0xEE,0xFF,0xAC,0xCA,0xEE,0xFF,0xAC,0xCA,0xEE,0xFF,0xAC,0xCA,0xEE,0xFF,0xAC,0xCA,0xEE,0xFF,0xAC,0xCA,0xEE,0xFF,0xAC,0xCA,0xEE,0xFF,0xAC,0xCA,0xEE,0xFF,0xAC,0xCA,0xEE,0xFF,0xAC,0xCA,0xEE,0xFF,0xAC,0xCA,0xEE,0xFF,0xAC,0xCA,0xEE,0xFF,0xAC,0xCA,0xEE,0xFF,0xAC,0xCA,0xEE,0xFF,0xAC,0xCA,0xEE,0xFF,
    0xAC,0xCA,0xEE,0xFF,0xAC,0xCA,0xEE,0xFF,0xAC,0xCA,0xEE,0xFF,0xAC,0xCA,0xEE,0xFF,0xAC,0xCA,0xEE,0xFF,0xAC,0xCA,0xEE,0xFF,0xAC,0xCA,0xEE,0xFF,0xAC,0xCA,0xEE,0xFF,0xAC,0xCA,0xEE,0xFF,0xAC,0xCA,0xEE,0xFF,0xAC,0xCA,0xEE,0xFF,0xAC,0xCA,0xEE,0xFF,0xAC,0xCA,0xEE,0xFF,0xAC,0xCA,0xEE,0xFF,0xAC,0xCA,0xEE,0xFF,0xAC,0xCA,0xEE,0xFF,
    0xAC,0xCA,0xEE,0xFF,0xAC,0xCA,0xEE,0xFF,0xAC,0xCA,0xEE,0xFF,0xAC,0xCA,0xEE,0xFF,0xAC,0xCA,0xEE,0xFF,0xAC,0xCA,0xEE,0xFF,0xAC,0xCA,0xEE,0xFF,0xAC,0xCA,0xEE,0xFF,0xAC,0xCA,0xEE,0xFF,0xAC,0xCA,0xEE,0xFF,0xAC,0xCA,0xEE,0xFF,0xAC,0xCA,0xEE,0xFF,0xAC,0xCA,0xEE,0xFF,0xAC,0xCA,0xEE,0xFF,0xAE,0xCD,0xEE,0x5B,0x00,0x00,0x00,0x00,
    0x00,0x00,0x00,0x00,0xFF,0xFF,0xFF,0x01,0xAD,0xCB,0xEE,0x92,0xAC,0xCA,0xEE,0xFF,0xAC,0xCA,0xEE,0xFF,0xAC,0xCA,0xEE,0xFF,0xAC,0xCA,0xEE,0xFF,0xAC,0xCA,0xEE,0xFF,0xAC,0xCA,0xEE,0xFF,0xAC,0xCA,0xEE,0xFF,0xAC,0xCA,0xEE,0xFF,0xAC,0xCA,0xEE,0xFF,0xAC,0xCA,0xEE,0xFF,0xAC,0xCA,0xEE,0xFF,0xAC,0xCA,0xEE,0xFF,0xAC,0xCA,0xEE,0xFF,
    0xAC,0xCA,0xEE,0xFF,0xAC,0xCA,0xEE,0xFF,0xAC,0xCA,0xEE,0xFF,0xAC,0xCA,0xEE,0xFF,0xAC,0xCA,0xEE,0xFF,0xAC,0xCA,0xEE,0xFF,0xAC,0xCA,0xEE,0xFF,0xAC,0xCA,0xEE,0xFF,0xAC,0xCA,0xEE,0xFF,0xAC,0xCA,0xEE,0xFF,0xAC,0xCA,0xEE,0xFF,0xAC,0xCA,0xEE,0xFF,0xAC,0xCA,0xEE,0xFF,0xAC,0xCA,0xEE,0xFF,0xAC,0xCA,0xEE,0xFF,0xAC,0xCA,0xEE,0xFF,
    0xAC,0xCA,0xEE,0xFF,0xAC,0xCA,0xEE,0xFF,0xAC,0xCA,0xEE,0xFF,0xAC,0xCA,0xEE,0xFF,0xAC,0xCA,0xEE,0xFF,0xAC,0xCA,0xEE,0xFF,0xAC,0xCA,0xEE,0xFF,0xAC,0xCA,0xEE,0xFF,0xAC,0xCA,0xEE,0xFF,0xAC,0xCA,0xEE,0xFF,0xAC,0xCA,0xEE,0xFF,0xAC,0xCA,0xEE,0xFF,0xAC,0xCA,0xEE,0xFF,0xAC,0xCA,0xEE,0xFF,0xAC,0xCA,0xEE,0xFF,0xAC,0xCA,0xEE,0xFF,
    0xAC,0xCA,0xEE,0xFF,0xAC,0xCA,0xEE,0xFF,0xAC,0xCA,0xEE,0xFF,0xAC,0xCA,0xEE,0xFF,0xAC,0xCA,0xEE,0xFF,0xAC,0xCA,0xEE,0xFF,0xAC,0xCA,0xEE,0xFF,0xAC,0xCA,0xEE,0xFF,0xAC,0xCA,0xEE,0xFF,0xAC,0xCA,0xEE,0xFF,0xAC,0xCA,0xEE,0xFF,0xAC,0xCA,0xEE,0xFF,0xAC,0xCA,0xEE,0xFF,0xAC,0xCA,0xEE,0xFF,0xAC,0xCA,0xEE,0xFF,0xAC,0xCA,0xEE,0xFF,
    0xAC,0xCA,0xEE,0xFF,0xAC,0xCA,0xEE,0xFF,0xAC,0xCA,0xEE,0xFF,0xAC,0xCA,0xEE,0xFF,0xAC,0xCA,0xEE,0xFF,0xAC,0xCA,0xEE,0xFF,0xAC,0xCA,0xEE,0xFF,0xAC,0xCA,0xEE,0xFF,0xAC,0xCA,0xEE,0xFF,0xAC,0xCA,0xEE,0xFF,0xAC,0xCA,0xEE,0xFF,0xAC,0xCA,0xEE,0xFF,0xAC,0xCA,0xEE,0xFF,0xAC,0xCA,0xEE,0xFF,0xAC,0xCA,0xEE,0xFF,0xAC,0xCA,0xEE,0xFF,
    0xAC,0xCA,0xEE,0xFF,0xAC,0xCA,0xEE,0xFF,0xAC,0xCA,0xEE,0xFF,0xAC,0xCA,0xEE,0xFF,0xAC,0xCA,0xEE,0xFF,0xAC,0xCA,0xEE,0xFF,0xAC,0xCA,0xEE,0xFF,0xAC,0xCA,0xEE,0xFF,0xAC,0xCA,0xEE,0xFF,0xAC,0xCA,0xEE,0xFF,0xAC,0xCA,0xEE,0xFF,0xAC,0xCA,0xEE,0xFF,0xAC,0xCA,0xEE,0xFF,0xAC,0xCA,0xEE,0xFF,0xAC,0xCA,0xEE,0xFF,0xAC,0xCA,0xEE,0xFF,
    0xAC,0xCA,0xEE,0xFF,0xAD,0xCB,0xEE,0x92,0xFF,0xFF,0xFF,0x01,0x00,0x00,0x00,0x00,0x00,0x00,0x00,0x00,0x00,0x00,0x00,0x00,0xB3,0xCC,0xE6,0x0A,0xAD,0xCB,0xEE,0x92,0xAC,0xCA,0xEE,0xFF,0xAC,0xCA,0xEE,0xFF,0xAC,0xCA,0xEE,0xFF,0xAC,0xCA,0xEE,0xFF,0xAC,0xCA,0xEE,0xFF,0xAC,0xCA,0xEE,0xFF,0xAC,0xCA,0xEE,0xFF,0xAC,0xCA,0xEE,0xFF,
    0xAC,0xCA,0xEE,0xFF,0xAC,0xCA,0xEE,0xFF,0xAC,0xCA,0xEE,0xFF,0xAC,0xCA,0xEE,0xFF,0xAC,0xCA,0xEE,0xFF,0xAC,0xCA,0xEE,0xFF,0xAC,0xCA,0xEE,0xFF,0xAC,0xCA,0xEE,0xFF,0xAC,0xCA,0xEE,0xFF,0xAC,0xCA,0xEE,0xFF,0xAC,0xCA,0xEE,0xFF,0xAC,0xCA,0xEE,0xFF,0xAC,0xCA,0xEE,0xFF,0xAC,0xCA,0xEE,0xFF,0xAC,0xCA,0xEE,0xFF,0xAC,0xCA,0xEE,0xFF,
    0xAC,0xCA,0xEE,0xFF,0xAC,0xCA,0xEE,0xFF,0xAC,0xCA,0xEE,0xFF,0xAC,0xCA,0xEE,0xFF,0xAC,0xCA,0xEE,0xFF,0xAC,0xCA,0xEE,0xFF,0xAC,0xCA,0xEE,0xFF,0xAC,0xCA,0xEE,0xFF,0xAC,0xCA,0xEE,0xFF,0xAC,0xCA,0xEE,0xFF,0xAC,0xCA,0xEE,0xFF,0xAC,0xCA,0xEE,0xFF,0xAC,0xCA,0xEE,0xFF,0xAC,0xCA,0xEE,0xFF,0xAC,0xCA,0xEE,0xFF,0xAC,0xCA,0xEE,0xFF,
    0xAC,0xCA,0xEE,0xFF,0xAC,0xCA,0xEE,0xFF,0xAC,0xCA,0xEE,0xFF,0xAC,0xCA,0xEE,0xFF,0xAC,0xCA,0xEE,0xFF,0xAC,0xCA,0xEE,0xFF,0xAC,0xCA,0xEE,0xFF,0xAC,0xCA,0xEE,0xFF,0xAC,0xCA,0xEE,0xFF,0xAC,0xCA,0xEE,0xFF,0xAC,0xCA,0xEE,0xFF,0xAC,0xCA,0xEE,0xFF,0xAC,0xCA,0xEE,0xFF,0xAC,0xCA,0xEE,0xFF,0xAC,0xCA,0xEE,0xFF,0xAC,0xCA,0xEE,0xFF,
    0xAC,0xCA,0xEE,0xFF,0xAC,0xCA,0xEE,0xFF,0xAC,0xCA,0xEE,0xFF,0xAC,0xCA,0xEE,0xFF,0xAC,0xCA,0xEE,0xFF,0xAC,0xCA,0xEE,0xFF,0xAC,0xCA,0xEE,0xFF,0xAC,0xCA,0xEE,0xFF,0xAC,0xCA,0xEE,0xFF,0xAC,0xCA,0xEE,0xFF,0xAC,0xCA,0xEE,0xFF,0xAC,0xCA,0xEE,0xFF,0xAC,0xCA,0xEE,0xFF,0xAC,0xCA,0xEE,0xFF,0xAC,0xCA,0xEE,0xFF,0xAC,0xCA,0xEE,0xFF,
    0xAC,0xCA,0xEE,0xFF,0xAC,0xCA,0xEE,0xFF,0xAC,0xCA,0xEE,0xFF,0xAC,0xCA,0xEE,0xFF,0xAC,0xCA,0xEE,0xFF,0xAC,0xCA,0xEE,0xFF,0xAC,0xCA,0xEE,0xFF,0xAC,0xCA,0xEE,0xFF,0xAC,0xCA,0xEE,0xFF,0xAC,0xCA,0xEE,0xFF,0xAC,0xCA,0xEE,0xFF,0xAC,0xCA,0xEE,0xFF,0xAC,0xCA,0xEE,0xFF,0xAC,0xCA,0xEE,0xFF,0xAC,0xCA,0xEE,0xFF,0xAC,0xCA,0xEE,0xFF,
    0xAC,0xCA,0xEE,0xFF,0xAC,0xCA,0xEE,0xFF,0xAC,0xCA,0xEE,0xFF,0xAC,0xCA,0xEE,0xFF,0xAD,0xCB,0xEE,0x92,0xB3,0xCC,0xE6,0x0A,0x00,0x00,0x00,0x00,0x00,0x00,0x00,0x00,0x00,0x00,0x00,0x00,0x00,0x00,0x00,0x00,0x00,0x00,0x00,0x00,0xFF,0xFF,0xFF,0x01,0xAE,0xCD,0xEE,0x5B,0xAC,0xCA,0xEE,0xDE,0xAC,0xCA,0xEE,0xFF,0xAC,0xCA,0xEE,0xFF,
    0xAC,0xCA,0xEE,0xFF,0xAC,0xCA,0xEE,0xFF,0xAC,0xCA,0xEE,0xFF,0xAC,0xCA,0xEE,0xFF,0xAC,0xCA,0xEE,0xFF,0xAC,0xCA,0xEE,0xFF,0xAC,0xCA,0xEE,0xFF,0xAC,0xCA,0xEE,0xFF,0xAC,0xCA,0xEE,0xFF,0xAC,0xCA,0xEE,0xFF,0xAC,0xCA,0xEE,0xFF,0xAC,0xCA,0xEE,0xFF,0xAC,0xCA,0xEE,0xFF,0xAC,0xCA,0xEE,0xFF,0xAC,0xCA,0xEE,0xFF,0xAC,0xCA,0xEE,0xFF,
    0xAC,0xCA,0xEE,0xFF,0xAC,0xCA,0xEE,0xFF,0xAC,0xCA,0xEE,0xFF,0xAC,0xCA,0xEE,0xFF,0xAC,0xCA,0xEE,0xFF,0xAC,0xCA,0xEE,0xFF,0xAC,0xCA,0xEE,0xFF,0xAC,0xCA,0xEE,0xFF,0xAC,0xCA,0xEE,0xFF,0xAC,0xCA,0xEE,0xFF,0xAC,0xCA,0xEE,0xFF,0xAC,0xCA,0xEE,0xFF,0xAC,0xCA,0xEE,0xFF,0xAC,0xCA,0xEE,0xFF,0xAC,0xCA,0xEE,0xFF,0xAC,0xCA,0xEE,0xFF,
    0xAC,0xCA,0xEE,0xFF,0xAC,0xCA,0xEE,0xFF,0xAC,0xCA,0xEE,0xFF,0xAC,0xCA,0xEE,0xFF,0xAC,0xCA,0xEE,0xFF,0xAC,0xCA,0xEE,0xFF,0xAC,0xCA,0xEE,0xFF,0xAC,0xCA,0xEE,0xFF,0xAC,0xCA,0xEE,0xFF,0xAC,0xCA,0xEE,0xFF,0xAC,0xCA,0xEE,0xFF,0xAC,0xCA,0xEE,0xFF,0xAC,0xCA,0xEE,0xFF,0xAC,0xCA,0xEE,0xFF,0xAC,0xCA,0xEE,0xFF,0xAC,0xCA,0xEE,0xFF,
    0xAC,0xCA,0xEE,0xFF,0xAC,0xCA,0xEE,0xFF,0xAC,0xCA,0xEE,0xFF,0xAC,0xCA,0xEE,0xFF,0xAC,0xCA,0xEE,0xFF,0xAC,0xCA,0xEE,0xFF,0xAC,0xCA,0xEE,0xFF,0xAC,0xCA,0xEE,0xFF,0xAC,0xCA,0xEE,0xFF,0xAC,0xCA,0xEE,0xFF,0xAC,0xCA,0xEE,0xFF,0xAC,0xCA,0xEE,0xFF,0xAC,0xCA,0xEE,0xFF,0xAC,0xCA,0xEE,0xFF,0xAC,0xCA,0xEE,0xFF,0xAC,0xCA,0xEE,0xFF,
    0xAC,0xCA,0xEE,0xFF,0xAC,0xCA,0xEE,0xFF,0xAC,0xCA,0xEE,0xFF,0xAC,0xCA,0xEE,0xFF,0xAC,0xCA,0xEE,0xFF,0xAC,0xCA,0xEE,0xFF,0xAC,0xCA,0xEE,0xFF,0xAC,0xCA,0xEE,0xFF,0xAC,0xCA,0xEE,0xFF,0xAC,0xCA,0xEE,0xFF,0xAC,0xCA,0xEE,0xFF,0xAC,0xCA,0xEE,0xFF,0xAC,0xCA,0xEE,0xFF,0xAC,0xCA,0xEE,0xFF,0xAC,0xCA,0xEE,0xFF,0xAC,0xCA,0xEE,0xFF,
    0xAC,0xCA,0xEE,0xFF,0xAC,0xCA,0xEE,0xFF,0xAC,0xCA,0xEE,0xFF,0xAC,0xCA,0xEE,0xFF,0xAC,0xCA,0xEE,0xFF,0xAC,0xCA,0xEE,0xFF,0xAC,0xCA,0xEE,0xDE,0xAE,0xCD,0xEE,0x5B,0xFF,0xFF,0xFF,0x01,0x00,0x00,0x00,0x00,0x00,0x00,0x00,0x00,0x00,0x00,0x00,0x00,0x00,0x00,0x00,0x00,0x00,0x00,0x00,0x00,0x00,0x00,0x00,0x00,0x00,0x00,0x00,0x00,
    0x00,0x00,0x00,0x00,0xAA,0xCC,0xEE,0x0F,0xAC,0xC9,0xEE,0x59,0xAB,0xCA,0xEE,0xB1,0xAB,0xC9,0xEE,0xDE,0xAC,0xCA,0xEE,0xFA,0xAC,0xCA,0xEE,0xFF,0xAC,0xCA,0xEE,0xFF,0xAC,0xCA,0xEE,0xFF,0xAC,0xCA,0xEE,0xFF,0xAC,0xCA,0xEE,0xFF,0xAC,0xCA,0xEE,0xFF,0xAC,0xCA,0xEE,0xFF,0xAC,0xCA,0xEE,0xFF,0xAC,0xCA,0xEE,0xFF,0xAC,0xCA,0xEE,0xFF,
    0xAC,0xCA,0xEE,0xFF,0xAC,0xCA,0xEE,0xFF,0xAC,0xCA,0xEE,0xFF,0xAC,0xCA,0xEE,0xFF,0xAC,0xCA,0xEE,0xFF,0xAC,0xCA,0xEE,0xFF,0xAC,0xCA,0xEE,0xFF,0xAC,0xCA,0xEE,0xFF,0xAC,0xCA,0xEE,0xFF,0xAC,0xCA,0xEE,0xFF,0xAC,0xCA,0xEE,0xFF,0xAC,0xCA,0xEE,0xFF,0xAC,0xCA,0xEE,0xFF,0xAC,0xCA,0xEE,0xFF,0xAC,0xCA,0xEE,0xFF,0xAC,0xCA,0xEE,0xFF,
    0xAC,0xCA,0xEE,0xFF,0xAC,0xCA,0xEE,0xFF,0xAC,0xCA,0xEE,0xFF,0xAC,0xCA,0xEE,0xFF,0xAC,0xCA,0xEE,0xFF,0xAC,0xCA,0xEE,0xFF,0xAC,0xCA,0xEE,0xFF,0xAC,0xCA,0xEE,0xFF,0xAC,0xCA,0xEE,0xFF,0xAC,0xCA,0xEE,0xFF,0xAC,0xCA,0xEE,0xFF,0xAC,0xCA,0xEE,0xFF,0xAC,0xCA,0xEE,0xFF,0xAC,0xCA,0xEE,0xFF,0xAC,0xCA,0xEE,0xFF,0xAC,0xCA,0xEE,0xFF,
    0xAC,0xCA,0xEE,0xFF,0xAC,0xCA,0xEE,0xFF,0xAC,0xCA,0xEE,0xFF,0xAC,0xCA,0xEE,0xFF,0xAC,0xCA,0xEE,0xFF,0xAC,0xCA,0xEE,0xFF,0xAC,0xCA,0xEE,0xFF,0xAC,0xCA,0xEE,0xFF,0xAC,0xCA,0xEE,0xFF,0xAC,0xCA,0xEE,0xFF,0xAC,0xCA,0xEE,0xFF,0xAC,0xCA,0xEE,0xFF,0xAC,0xCA,0xEE,0xFF,0xAC,0xCA,0xEE,0xFF,0xAC,0xCA,0xEE,0xFF,0xAC,0xCA,0xEE,0xFF,
    0xAC,0xCA,0xEE,0xFF,0xAC,0xCA,0xEE,0xFF,0xAC,0xCA,0xEE,0xFF,0xAC,0xCA,0xEE,0xFF,0xAC,0xCA,0xEE,0xFF,0xAC,0xCA,0xEE,0xFF,0xAC,0xCA,0xEE,0xFF,0xAC,0xCA,0xEE,0xFF,0xAC,0xCA,0xEE,0xFF,0xAC,0xCA,0xEE,0xFF,0xAC,0xCA,0xEE,0xFF,0xAC,0xCA,0xEE,0xFF,0xAC,0xCA,0xEE,0xFF,0xAC,0xCA,0xEE,0xFF,0xAC,0xCA,0xEE,0xFF,0xAC,0xCA,0xEE,0xFF,
    0xAC,0xCA,0xEE,0xFF,0xAC,0xCA,0xEE,0xFF,0xAC,0xCA,0xEE,0xFF,0xAC,0xCA,0xEE,0xFF,0xAC,0xCA,0xEE,0xFF,0xAC,0xCA,0xEE,0xFF,0xAC,0xCA,0xEE,0xFA,0xAB,0xC9,0xEE,0xDE,0xAB,0xCA,0xEE,0xB1,0xAC,0xC9,0xEE,0x59,0xAA,0xCC,0xEE,0x0F,0x00,0x00,0x00,0x00,0x00,0x00,0x00,0x00,0x00,0x00,0x00,0x00,0x00,0x00,0x00,0x00,0x00,0x00,0x00,0x00
};

const lv_image_dsc_t ui_img_icon_view_n_png = {
    .header.w = 100,
    .header.h = 60,
    .data_size = sizeof(ui_img_icon_view_n_png_data),
    .header.cf = LV_COLOR_FORMAT_NATIVE_WITH_ALPHA,
    .header.magic = LV_IMAGE_HEADER_MAGIC,
    .data = ui_img_icon_view_n_png_data
};
